350	908.74713
350.05179	910.59851
350.10355	911.4632
350.15533	910.9519
350.20709	909.95386
350.25888	908.00201
350.31064	904.10406
350.36243	914.89899
350.41418	912.72369
350.46597	909.34778
350.51773	911.60809
350.56952	916.65057
350.62131	915.84106
350.67307	911.09723
350.72485	907.66479
350.77661	911.46826
350.8284	909.36566
350.88016	909.37378
350.93195	909.64001
350.9837	911.74237
351.03549	912.97302
351.08725	910.57959
351.13904	910.1156
351.19083	913.70801
351.24258	913.08966
351.29437	911.21173
351.34613	909.83405
351.39792	910.59808
351.44968	914.24811
351.50146	913.16156
351.55322	911.39636
351.60501	911.32507
351.65677	912.62939
351.70856	911.35345
351.76035	910.22333
351.8121	911.44556
351.86389	912.49817
351.91565	910.64594
351.96744	909.26886
352.0192	909.70837
352.07098	916.44086
352.12274	913.03729
352.17453	913.63733
352.22629	910.20764
352.27808	915.34601
352.32986	911.92889
352.38162	905.58954
352.43341	908.75385
352.48517	915.40363
352.53696	914.12341
352.58871	907.79077
352.6405	906.9209
352.69226	909.3974
352.74405	913.52441
352.79581	911.30902
352.8476	911.16577
352.89938	913.95746
352.95114	913.85718
353.00293	911.03821
353.05469	911.53931
353.10648	913.34772
353.15823	916.61761
353.21002	911.75085
353.26178	903.57867
353.31357	904.59967
353.36533	911.92914
353.41711	915.17664
353.4689	911.66632
353.52066	908.82208
353.57245	911.61902
353.62421	913.74713
353.67599	910.10822
353.72775	909.53491
353.77954	915.19006
353.8313	912.78223
353.88309	906.2937
353.93484	911.42468
353.98663	915.18842
354.03842	915.00232
354.09018	908.47833
354.14197	906.97357
354.19373	911.35974
354.24551	914.94696
354.29727	910.27795
354.34906	908.90015
354.40082	909.88464
354.45261	911.83301
354.50436	910.89905
354.55615	918.81622
354.60794	912.06274
354.6597	912.68597
354.71149	909.40375
354.76324	910.94659
354.81503	912.57037
354.86679	919.15759
354.91858	912.44135
354.97034	911.32446
355.02213	913.63153
355.07388	914.68683
355.12567	910.5116
355.17746	909.62128
355.22922	915.88696
355.28101	916.67065
355.33276	911.42725
355.38455	909.10315
355.43631	909.07037
355.4881	912.53424
355.53986	914.68347
355.59164	911.26721
355.6434	907.22003
355.69519	907.09479
355.74698	909.27496
355.79874	908.07465
355.85052	910.86566
355.90228	910.34741
355.95407	914.12457
356.00583	909.18335
356.05762	912.14673
356.10938	913.6084
356.16116	913.92676
356.21292	910.0318
356.26471	911.36646
356.3165	911.54456
356.36826	909.49512
356.42004	911.7171
356.4718	910.35498
356.52359	912.29199
356.57535	911.80249
356.62714	912.26917
356.67889	909.02826
356.73068	909.24139
356.78244	909.72754
356.83423	914.50629
356.88602	914.03149
356.93777	910.94708
356.98956	911.84985
357.04132	912.27765
357.09311	911.90771
357.14487	916.40253
357.19666	915.52203
357.24841	914.93445
357.3002	910.79358
357.35196	908.88251
357.40375	911.33276
357.45554	912.48108
357.50729	909.28296
357.55908	907.79596
357.61084	913.94061
357.66263	915.974
357.71439	910.92181
357.76617	908.41315
357.81793	910.42352
357.86972	914.32068
357.92148	910.48975
357.97327	908.51074
358.02505	913.99384
358.07681	914.23187
358.1286	910.86896
358.18036	913.08051
358.23215	914.74451
358.28391	915.58063
358.33569	910.31238
358.38745	910.79871
358.43924	911.44257
358.491	913.14917
358.54279	912.08643
358.59457	909.88965
358.64633	914.7298
358.69812	915.21582
358.74988	908.97961
358.80167	909.18835
358.85342	914.68817
358.90521	910.77856
358.95697	907.1936
359.00876	906.29388
359.06052	913.14014
359.1123	910.75464
359.16409	907.40814
359.21585	911.53534
359.26764	915.00171
359.3194	910.14703
359.37119	911.05548
359.42294	911.73041
359.47473	912.44336
359.52649	912.29944
359.57828	908.53729
359.63004	909.21826
359.68182	913.26935
359.73361	914.94104
359.78537	911.84308
359.83716	909.32098
359.88892	910.68494
359.9407	912.91522
359.99246	913.70111
360.04425	908.24896
360.09601	907.17993
360.1478	910.95013
360.19955	913.10333
360.25134	911.03363
360.30313	905.96918
360.35489	916.88873
360.40668	912.07324
360.45844	911.00372
360.51022	909.14905
360.56198	917.69312
360.61377	913.78674
360.66553	910.22949
360.71732	911.20398
360.76907	912.16711
360.82086	912.6535
360.87262	909.73145
360.92441	912.02618
360.9762	914.00183
361.02795	916.85468
361.07974	909.24054
361.1315	910.27966
361.18329	912.71826
361.23505	913.94745
361.28683	903.5766
361.33859	906.32721
361.39038	914.38141
361.44214	910.94739
361.49393	908.63275
361.54572	907.30469
361.59747	911.74396
361.64926	913.08899
361.70102	910.35114
361.75281	909.4082
361.80457	909.35065
361.85635	909.38098
361.90811	909.37122
361.9599	911.00702
362.01166	911.3219
362.06345	912.51147
362.11523	913.30493
362.16699	907.42224
362.21878	907.10913
362.27054	909.41626
362.32233	912.57593
362.37408	908.68091
362.42587	909.41028
362.47763	915.18677
362.52942	915.62427
362.58118	910.00372
362.63297	910.41284
362.68475	914.03564
362.73651	911.05524
362.7883	913.67133
362.84006	905.00055
362.89185	911.23608
362.9436	924.8139
362.99539	912.12225
363.04715	912.56909
363.09894	914.48029
363.1507	916.43091
363.20248	914.77167
363.25427	911.05969
363.30603	914.84924
363.35782	912.24524
363.40958	910.76239
363.46136	907.82434
363.51312	914.67395
363.56491	911.90656
363.61667	913.27271
363.66846	915.25165
363.72021	911.56433
363.772	913.4137
363.82379	912.77203
363.87555	912.84131
363.92734	915.48285
363.9791	912.71667
364.03088	912.69617
364.08264	914.29663
364.13443	911.13806
364.18619	912.22052
364.23798	915.39844
364.28973	911.49298
364.34152	910.4859
364.39331	916.57776
364.44507	916.02423
364.49686	911.78534
364.54861	910.18921
364.6004	911.44006
364.65216	908.23987
364.70395	912.57465
364.75571	913.6499
364.8075	911.39636
364.85925	917.06342
364.91104	911.77032
364.96283	913.7724
365.01459	915.74792
365.06638	912.38165
365.11813	909.89227
365.16992	906.03149
365.22168	908.47015
365.27347	914.75098
365.32523	910.32361
365.37701	909.54993
365.42877	916.62274
365.48056	915.33685
365.53235	909.94238
365.58411	909.40961
365.63589	915.07098
365.68765	913.79175
365.73944	913.74402
365.7912	915.44513
365.84299	915.28839
365.89474	916.00897
365.94653	913.86279
365.99829	909.00671
366.05008	913.68469
366.10187	915.05359
366.15363	912.9812
366.20541	911.90088
366.25717	910.46179
366.30896	913.67108
366.36072	915.83148
366.41251	910.85016
366.46426	911.19891
366.51605	916.76947
366.56781	914.7746
366.6196	910.55414
366.67139	909.44763
366.72314	911.69666
366.77493	909.81927
366.82669	909.84888
366.87848	910.36627
366.93024	909.84167
366.98203	914.00464
367.03378	910.45221
367.08557	913.38098
367.13733	915.64764
367.18912	913.00952
367.24091	909.09381
367.29266	911.09625
367.34445	913.99725
367.39621	915.92822
367.448	912.99481
367.49976	906.70935
367.55154	916.71906
367.6033	914.24353
367.65509	914.3764
367.70685	908.37213
367.75864	909.53467
367.81042	911.97467
367.86218	913.22131
367.91397	912.65106
367.96573	913.92151
368.01752	914.05719
368.06927	909.34601
368.12106	906.39661
368.17282	914.12927
368.22461	916.82831
368.27637	913.77313
368.32816	912.70428
368.37994	911.77893
368.4317	913.8869
368.48349	912.25476
368.53525	909.14728
368.58704	914.86334
368.63879	915.45593
368.69058	909.82507
368.74234	909.38824
368.79413	910.36847
368.84589	913.14252
368.89767	912.39709
368.94946	913.05463
369.00122	909.04248
369.05301	911.22339
369.10477	910.47638
369.15656	912.89648
369.20831	910.75793
369.2601	916.11926
369.31186	914.27618
369.36365	910.7489
369.41541	910.50232
369.46719	915.79156
369.51898	914.84204
369.57074	914.01208
369.62253	904.48572
369.67429	913.27954
369.72607	918.20007
369.77783	913.16949
369.82962	912.40076
369.88138	911.01233
369.93317	914.79803
369.98492	908.96033
370.03671	912.83527
370.0885	919.90479
370.14026	914.68695
370.19205	911.7077
370.2438	909.87073
370.29559	915.07001
370.34735	920.46124
370.39914	917.15399
370.4509	911.92944
370.50269	915.64685
370.55444	917.63452
370.60623	913.07544
370.65802	912.00146
370.70978	914.66516
370.76157	916.59644
370.81332	914.40472
370.86511	909.46887
370.91687	910.42004
370.96866	913.69543
371.02042	913.021
371.0722	913.50793
371.12396	916.45251
371.17575	921.97443
371.22754	918.88452
371.2793	907.82422
371.33109	905.31268
371.38284	908.27905
371.43463	916.95038
371.48639	914.19159
371.53818	915.12885
371.58994	912.39032
371.64172	914.75018
371.69348	907.95789
371.74527	913.95587
371.79706	915.2688
371.84882	906.54675
371.9006	913.73505
371.95236	908.35834
372.00415	910.70392
372.05591	914.55933
372.1077	911.56799
372.15945	914.42743
372.21124	909.97174
372.263	919.93518
372.31479	916.38885
372.36658	912.45361
372.41833	914.52344
372.47012	919.466
372.52188	914.86047
372.57367	915.28113
372.62543	914.8819
372.67722	916.28357
372.72897	914.02118
372.78076	906.9386
372.83252	910.70929
372.88431	913.80817
372.9361	909.40588
372.98785	907.56372
373.03964	911.85645
373.0914	915.00964
373.14319	914.05017
373.19495	910.79565
373.24673	912.62756
373.29849	918.04346
373.35028	915.10938
373.40204	913.42365
373.45383	912.7406
373.50562	911.20984
373.55737	910.93787
373.60916	908.40619
373.66092	911.45929
373.71271	915.67957
373.76447	915.73651
373.81625	909.46576
373.86801	908.38477
373.9198	910.08978
373.97156	915.72681
374.02335	915.33075
374.07513	911.55066
374.12689	916.30823
374.17868	918.1275
374.23044	913.72559
374.28223	915.66907
374.33398	912.37762
374.38577	912.21326
374.43753	912.6662
374.48932	911.82343
374.54108	912.14032
374.59286	914.73273
374.64465	906.5957
374.69641	909.48688
374.7482	916.90161
374.79996	919.07617
374.85175	911.52588
374.9035	906.57086
374.95529	913.92621
375.00705	914.375
375.05884	911.40851
375.1106	910.07037
375.16238	912.07648
375.21417	914.26123
375.26593	914.68463
375.31772	913.35632
375.36948	913.45245
375.42126	913.70752
375.47302	911.98248
375.52481	911.17621
375.57657	911.1745
375.62836	914.54791
375.68011	915.92206
375.7319	908.7876
375.78369	910.63885
375.83545	917.82031
375.88724	916.30267
375.939	912.05969
375.99078	913.4035
376.04254	913.16785
376.09433	910.74762
376.14609	914.62793
376.19788	912.2312
376.24963	912.98181
376.30142	915.15094
376.35321	914.97443
376.40497	913.64075
376.45676	920.53687
376.50851	917.84412
376.5603	904.15271
376.61206	909.51489
376.66385	916.32367
376.71561	918.97076
376.7674	913.21301
376.81915	909.96704
376.87094	913.09985
376.92273	917.43402
376.97449	916.89435
377.02628	912.22211
377.07803	912.29443
377.12982	919.43872
377.18158	913.16943
377.23337	909.40735
377.28513	912.57526
377.33691	914.11719
377.38867	913.14453
377.44046	909.487
377.49225	913.64764
377.54401	914.99323
377.59579	915.90759
377.64755	912.19067
377.69934	915.35651
377.7511	918.41248
377.80289	911.47833
377.85464	911.12549
377.90643	912.74231
377.95819	912.61261
378.00998	915.63312
378.06177	915.9187
378.11353	914.13721
378.16531	918.56891
378.21707	918.69727
378.26886	917.27527
378.32062	919.33856
378.37241	917.53448
378.42416	908.76685
378.47595	909.17773
378.52771	915.57941
378.5795	914.23407
378.63129	920.3396
378.68304	914.1142
378.73483	906.56323
378.78659	918.29883
378.83838	921.78357
378.89014	914.04565
378.94193	912.57642
378.99368	908.68237
379.04547	918.04785
379.09723	907.89923
379.14902	912.94348
379.20081	914.43994
379.25256	916.70898
379.30435	909.4928
379.35611	912.96222
379.4079	917.63562
379.45966	915.05957
379.51144	917.06104
379.5632	915.48413
379.61499	911.34863
379.66675	907.97656
379.71854	908.37305
379.77032	908.71552
379.82208	911.65369
379.87387	913.83551
379.92563	912.29218
379.97742	910.19324
380.02917	912.2149
380.08096	913.75476
380.13272	910.06305
380.18451	912.21942
380.23627	915.76959
380.28806	912.80664
380.33984	912.112
380.3916	910.36029
380.44339	910.88519
380.49515	915.70093
380.54694	915.24377
380.59869	911.66113
380.65048	912.84473
380.70224	914.62238
380.75403	913.27069
380.80579	912.39722
380.85757	912.58051
380.90936	914.91547
380.96112	915.24634
381.01291	918.15479
381.06467	909.15607
381.11646	911.09058
381.16821	917.04742
381.22	910.51184
381.27176	910.9577
381.32355	909.48846
381.37531	919.75238
381.42709	916.63562
381.47888	912.27423
381.53064	910.61041
381.58243	914.04889
381.63419	912.30011
381.68597	914.52515
381.73773	913.73157
381.78952	918.71588
381.84128	914.07904
381.89307	911.70483
381.94482	908.86713
381.99661	915.18005
382.04837	916.21332
382.10016	914.44391
382.15195	911.33008
382.2037	923.00092
382.25549	916.62073
382.30725	910.03302
382.35904	911.73993
382.4108	914.1571
382.46259	910.65118
382.51434	909.25476
382.56613	913.90894
382.61789	917.54224
382.66968	915.04938
382.72147	910.63666
382.77322	912.53802
382.82501	913.84497
382.87677	912.07678
382.92856	905.1283
382.98032	912.24445
383.0321	918.80188
383.08386	915.4801
383.13565	915.78601
383.18741	911.37897
383.2392	908.03107
383.29099	908.70953
383.34274	909.83722
383.39453	910.53107
383.44629	917.49023
383.49808	920.93939
383.54984	916.49011
383.60162	912.16718
383.65338	915.99646
383.70517	917.71783
383.75693	908.90833
383.80872	908.90662
383.8605	918.4873
383.91226	914.21735
383.96405	909.77887
384.01581	909.3999
384.0676	912.45752
384.11935	915.45569
384.17114	915.06274
384.2229	915.70416
384.27469	917.07642
384.32645	917.38971
384.37823	913.27478
384.43002	908.979
384.48178	910.00208
384.53357	919.10028
384.58533	914.25281
384.63712	909.87976
384.68887	909.56702
384.74066	914.78705
384.79242	916.05396
384.84421	912.69556
384.89597	914.59985
384.94775	916.85248
384.99954	914.87891
385.0513	911.46387
385.10309	913.00079
385.15485	918.66333
385.20663	915.82147
385.25839	911.12354
385.31018	915.52716
385.36194	917.13135
385.41373	913.04431
385.46548	909.9696
385.51727	912.93176
385.56906	915.91663
385.62082	912.85583
385.67261	911.4585
385.72437	911.74213
385.77615	912.25952
385.82791	915.85364
385.8797	913.69403
385.93146	916.32123
385.98325	919.28375
386.035	913.89746
386.08679	908.80316
386.13858	908.53912
386.19034	913.94226
386.24213	920.30377
386.29388	912.51868
386.34567	913.27899
386.39743	917.05988
386.44922	915.49402
386.50098	913.08685
386.55276	905.84222
386.60452	913.32904
386.65631	913.98315
386.7081	910.16766
386.75986	909.70526
386.81165	911.73108
386.8634	915.29913
386.91519	909.39569
386.96695	908.57104
387.01874	916.16248
387.0705	915.97375
387.12228	911.39679
387.17404	910.73328
387.22583	914.61407
387.27762	917.95953
387.32938	915.41736
387.38116	912.79047
387.43292	912.7887
387.48471	913.53766
387.53647	914.04529
387.58826	911.71582
387.64001	909.94061
387.6918	914.966
387.74356	916.20038
387.79535	908.89935
387.84714	911.13086
387.8989	916.27356
387.95068	914.22015
388.00244	911.09851
388.05423	912.34552
388.10599	908.91925
388.15778	914.34961
388.20953	915.73029
388.26132	913.08685
388.31308	911.89746
388.36487	918.31555
388.41666	909.59967
388.46841	905.81
388.5202	911.34595
388.57196	921.51062
388.62375	911.59967
388.67551	908.89648
388.72729	913.81067
388.77905	920.66571
388.83084	909.12445
388.8826	916.32349
388.93439	917.20374
388.98618	910.43274
389.03793	913.28412
389.08972	911.13544
389.14148	914.96545
389.19327	919.03577
389.24503	917.7157
389.29681	911.33942
389.34857	915.46478
389.40036	914.24554
389.45212	912.13654
389.50391	913.48193
389.55569	916.6134
389.60745	914.7323
389.65924	912.25116
389.711	908.28748
389.76279	909.83087
389.81454	914.25079
389.86633	913.74158
389.91809	910.58148
389.96988	911.55481
390.02164	913.45361
390.07343	913.68433
390.12521	914.43176
390.17697	914.25824
390.22876	914.53967
390.28052	916.49768
390.33231	913.88855
390.38406	908.95428
390.43585	913.57233
390.48761	914.98645
390.5394	907.88739
390.59116	909.1452
390.64294	913.79449
390.69473	913.16156
390.74649	912.5946
390.79828	907.97345
390.85004	918.37097
390.90182	914.83514
390.95358	915.67413
391.00537	914.77667
391.05713	909.70569
391.10892	922.16577
391.16068	904.48975
391.21246	902.11749
391.26425	913.24878
391.31601	917.65747
391.3678	907.87042
391.41956	907.659
391.47134	918.45825
391.5231	915.48047
391.57489	912.45746
391.62665	909.9549
391.67844	916.95221
391.73019	915.63153
391.78198	913.50867
391.83377	911.94659
391.88553	918.26868
391.93732	913.68658
391.98907	911.27069
392.04086	910.77887
392.09262	910.63708
392.14441	915.73444
392.19617	914.17389
392.24796	910.21179
392.29971	910.68073
392.3515	911.92877
392.40329	911.83679
392.45505	911.34509
392.50684	912.20471
392.55859	913.3822
392.61038	911.36566
392.66214	911.28485
392.71393	916.84741
392.76569	918.84882
392.81747	914.9267
392.86923	912.00879
392.92102	909.77148
392.97281	910.69019
393.02457	913.02289
393.07635	908.55743
393.12811	910.39124
393.1799	909.16101
393.23166	914.81354
393.28345	919.11066
393.33521	917.26007
393.38699	914.97034
393.43875	910.31628
393.49054	908.84381
393.54233	908.24438
393.59409	912.90729
393.64587	917.68469
393.69763	909.91235
393.74942	908.28381
393.80118	911.55157
393.85297	920.78955
393.90472	910.56647
393.95651	909.09375
394.00827	912.94879
394.06006	915.44592
394.11185	909.53101
394.1636	910.43451
394.21539	910.56799
394.26715	913.61359
394.31894	913.21375
394.3707	912.64722
394.42249	915.80951
394.47424	917.74799
394.52603	916.89874
394.57779	912.78894
394.62958	917.79083
394.68137	917.19604
394.73312	910.49213
394.78491	911.42529
394.83667	912.71997
394.88846	914.77313
394.94022	914.81055
394.992	909.56323
395.04376	912.89563
395.09555	917.81854
395.14731	916.69019
395.1991	912.1582
395.25089	912.78467
395.30264	915.09131
395.35443	914.45306
395.40619	914.86658
395.45798	915.29486
395.50974	915.41364
395.56152	913.79175
395.61328	912.65405
395.66507	909.21094
395.71683	910.19336
395.76862	910.43658
395.8204	912.22888
395.87216	912.3172
395.92395	915.00916
395.97571	915.59467
396.0275	912.82361
396.07925	913.7218
396.13104	913.0188
396.1828	914.74554
396.23459	910.03906
396.28635	907.79169
396.33813	914.32678
396.38992	917.12543
396.44168	912.38446
396.49347	910.74738
396.54523	917.45844
396.59702	915.4953
396.64877	911.08685
396.70056	913.86377
396.75232	915.39557
396.80411	915.02338
396.85587	911.37628
396.90765	912.74561
396.95944	915.56873
397.0112	912.17908
397.06299	911.06299
397.11475	913.39099
397.16653	917.51154
397.21829	913.48041
397.27008	907.85205
397.32184	907.19604
397.37363	912.79175
397.42538	912.89044
397.47717	910.61768
397.52896	913.55133
397.58072	912.6073
397.63251	912.8006
397.68427	916.63489
397.73605	912.40027
397.78781	918.26367
397.8396	922.95062
397.89136	916.31116
397.94315	910.94452
397.9949	910.63019
398.04669	912.90582
398.09848	910.33813
398.15024	907.71368
398.20203	910.65503
398.25378	914.56219
398.30557	916.83252
398.35733	911.44971
398.40912	908.22729
398.46088	913.84198
398.51266	910.55255
398.56442	908.97186
398.61621	911.31354
398.668	914.27582
398.71976	914.8808
398.77155	914.89001
398.8233	921.75946
398.87509	916.51154
398.92685	916.6308
398.97864	912.01447
399.0304	913.45776
399.08218	912.40332
399.13394	911.09625
399.18573	909.58575
399.23752	907.98389
399.28928	914.70697
399.34106	917.96088
399.39282	914.90808
399.44461	911.07489
399.49637	917.57111
399.54816	915.85986
399.59991	913.09198
399.6517	910.14453
399.70346	911.65387
399.75525	911.63861
399.80704	914.37549
399.8588	911.61182
399.91058	914.75934
399.96234	914.87708
400.01413	911.35364
400.06589	909.41235
400.11768	912.24658
400.16943	914.50037
400.22122	914.37048
400.27298	911.88361
400.32477	914.12518
400.37656	917.00031
400.42831	914.71912
400.4801	911.33252
400.53186	911.57831
400.58365	912.75879
400.63541	911.9483
400.68719	911.1463
400.73895	910.89374
400.79074	910.95972
400.8425	911.60522
400.89429	911.19672
400.94608	912.27057
400.99783	914.64325
401.04962	916.76508
401.10138	915.26038
401.15317	912.23383
401.20493	913.19415
401.25671	915.41687
401.30847	911.31421
401.36026	910.43262
401.41202	913.28552
401.46381	914.00842
401.51559	914.02551
401.56735	911.29718
401.61914	912.47156
401.6709	914.95911
401.72269	909.77783
401.77444	908.13184
401.82623	915.23376
401.87799	914.43494
401.92978	915.22675
401.98154	913.31189
402.03333	911.7561
402.08511	914.19409
402.13687	914.69299
402.18866	911.4751
402.24042	919.51208
402.29221	915.70374
402.34396	914.42938
402.39575	910.52515
402.44751	910.48297
402.4993	916.24829
402.55106	915.6994
402.60284	912.40326
402.65463	911.89478
402.70639	913.35425
402.75818	914.24573
402.80994	912.75378
402.86172	913.74799
402.91348	913.10889
402.96527	915.89044
403.01703	913.15747
403.06882	910.64514
403.12057	912.7547
403.17236	913.8996
403.22412	910.00684
403.27591	910.40955
403.3277	911.09473
403.37946	914.13849
403.43124	913.80872
403.483	911.16003
403.53479	912.19641
403.58655	913.16113
403.63834	908.88531
403.69009	912.55621
403.74188	917.37616
403.79364	912.48004
403.84543	912.07983
403.89722	912.6319
403.94897	915.94348
404.00076	916.76154
404.05252	913.17505
404.10431	909.63147
404.15607	909.27399
404.20786	908.98529
404.25961	912.06079
404.3114	908.7204
404.36316	913.16681
404.41495	913.29193
404.46674	918.62372
404.51849	911.44348
404.57028	914.31763
404.62204	909.59344
404.67383	916.32343
404.72559	906.97028
404.77737	908.01715
404.82913	912.90912
404.88092	914.87262
404.93268	902.52246
404.98447	908.91052
405.03625	906.68054
405.08801	919.7514
405.1398	913.15912
405.19156	910.6347
405.24335	911.22766
405.2951	916.22394
405.34689	914.26611
405.39865	910.72852
405.45044	912.48016
405.5022	913.0282
405.55399	912.53607
405.60577	913.39594
405.65753	915.18829
405.70932	914.29248
405.76108	907.55878
405.81287	910.66418
405.86462	912.52032
405.91641	914.20142
405.96817	913.93756
406.01996	910.35321
406.07172	910.09814
406.1235	914.5213
406.17529	916.03662
406.22705	912.89856
406.27884	914.74353
406.3306	914.58521
406.38239	913.3385
406.43414	912.32928
406.48593	912.21942
406.53769	915.01044
406.58948	912.23462
406.64124	912.07037
406.69302	909.58392
406.74481	914.54669
406.79657	916.94135
406.84836	914.48248
406.90012	910.88934
406.9519	914.55359
407.00366	916.20154
407.05545	914.89459
407.10721	910.72015
407.159	917.35419
407.21075	918.75714
407.26254	916.79645
407.31433	911.90875
407.36609	917.9881
407.41788	916.8808
407.46964	912.67194
407.52142	912.27509
407.57318	914.88159
407.62497	913.99622
407.67673	910.86938
407.72852	911.47369
407.78027	915.2962
407.83206	917.02246
407.88385	915.02417
407.93561	910.63928
407.9874	912.40588
408.03915	914.08649
408.09094	916.22168
408.1427	909.8988
408.19449	911.60266
408.24625	913.44562
408.29803	914.24536
408.34979	914.3432
408.40158	914.82574
408.45337	914.94275
408.50513	912.73798
408.55692	912.42261
408.60867	915.23663
408.66046	919.42609
408.71222	917.83661
408.76401	910.85284
408.81577	910.53052
408.86755	913.52789
408.91931	913.1972
408.9711	911.8327
409.02289	909.81927
409.07465	914.12366
409.12643	916.86639
409.17819	910.49298
409.22998	904.26703
409.28174	912.45056
409.33353	919.73615
409.38528	913.92676
409.43707	909.39813
409.48883	911.44684
409.54062	914.23541
409.59241	914.84595
409.64417	909.2038
409.69595	910.67444
409.74771	912.63062
409.7995	917.00745
409.85126	910.0376
409.90305	914.27844
409.9548	915.99884
410.00659	910.82269
410.05835	915.32196
410.11014	909.80334
410.16193	913.15509
410.21368	912.11969
410.26547	910.44983
410.31723	916.20471
410.36902	912.93597
410.42078	912.91156
410.47256	912.21356
410.52432	913.9798
410.57611	916.74756
410.62787	912.83057
410.67966	911.94574
410.73145	911.01483
410.7832	916.1944
410.83499	918.04614
410.88675	913.45667
410.93854	912.09674
410.9903	915.28375
411.04208	915.49121
411.09384	912.35101
411.14563	911.85846
411.19739	915.0426
411.24918	916.96313
411.30096	911.88086
411.35272	915.37335
411.40451	919.95038
411.45627	913.9447
411.50806	912.12561
411.55981	912.50244
411.6116	916.91266
411.66336	915.92474
411.71515	909.35162
411.76691	912.72015
411.8187	913.7774
411.87048	914.11853
411.92224	908.28955
411.97403	907.82343
412.02579	919.72217
412.07758	921.93402
412.12933	920.12219
412.18112	910.04138
412.23288	911.50781
412.28467	915.41498
412.33643	907.86005
412.38821	915.45465
412.44	913.71381
412.49176	918.41754
412.54355	909.81873
412.59531	913.6134
412.64709	917.82166
412.69885	915.23639
412.75064	912.10748
412.8024	912.2525
412.85419	915.48254
412.90594	920.12848
412.95773	913.30499
413.00952	910.31421
413.06128	911.80493
413.11307	915.70752
413.16483	915.57581
413.21661	911.72247
413.26837	917.00348
413.32016	921.10126
413.37192	916.62006
413.42371	913.18298
413.47546	915.22076
413.52725	917.68329
413.57904	913.05365
413.6308	908.10217
413.68259	912.96722
413.73434	914.38593
413.78613	909.57764
413.83789	911.96857
413.88968	914.63763
413.94144	916.14093
413.99323	912.56586
414.04498	912.91174
414.09677	912.77765
414.14856	912.88928
414.20032	914.07111
414.25211	911.3902
414.30386	906.84424
414.35565	913.15363
414.40741	912.24268
414.4592	914.26843
414.51096	913.68616
414.56274	916.14386
414.6145	913.29114
414.66629	911.81799
414.71808	910.39301
414.76984	911.37024
414.82162	916.74988
414.87338	911.59351
414.92517	915.58392
414.97693	916.31885
415.02872	916.80579
415.08047	908.95404
415.13226	917.71088
415.18402	913.48645
415.23581	915.20483
415.2876	911.85742
415.33936	913.55939
415.39114	916.22858
415.4429	916.46539
415.49469	915.25635
415.54645	911.34637
415.59824	913.20721
415.64999	918.43091
415.70178	918.0932
415.75354	913.42773
415.80533	911.90948
415.85712	914.90143
415.90887	914.3064
415.96066	910.4292
416.01242	914.47516
416.06421	919.55133
416.11597	917.63147
416.16776	915.33759
416.21951	914.13702
416.2713	914.32605
416.32306	913.8075
416.37485	912.84735
416.42664	915.38989
416.47839	915.95703
416.53018	918.85461
416.58194	915.03192
416.63373	914.23151
416.68549	916.12567
416.73727	913.0835
416.78903	910.1217
416.84082	914.52863
416.89258	919.40118
416.94437	916.89209
416.99615	912.72363
417.04791	915.62805
417.0997	914.59705
417.15146	913.20038
417.20325	912.90515
417.255	915.78772
417.30679	917.22162
417.35855	916.72858
417.41034	912.81665
417.4621	909.37189
417.51389	920.4632
417.56567	921.21552
417.61743	910.89423
417.66922	912.3418
417.72098	913.56433
417.77277	919.15112
417.82452	916.5191
417.87631	908.9126
417.92807	918.48218
417.97986	917.52069
418.03162	915.45099
418.0834	915.18665
418.13519	916.93219
418.18695	914.96301
418.23874	911.03986
418.2905	910.9552
418.34229	913.84338
418.39404	921.77405
418.44583	917.45374
418.49759	912.28601
418.54938	912.61951
418.60114	911.89697
418.65292	911.65497
418.70471	910.20557
418.75647	914.43054
418.80826	920.03894
418.86002	917.1629
418.9118	914.73718
418.96356	915.09705
419.01535	916.4527
419.06711	917.68237
419.1189	919.32965
419.17065	918.45801
419.22244	920.05304
419.27423	914.01941
419.32599	914.13214
419.37778	911.5683
419.42953	914.35413
419.48132	918.73358
419.53308	915.76343
419.58487	909.17725
419.63663	910.82135
419.68842	918.3327
419.74017	912.27411
419.79196	914.12646
419.84375	915.06934
419.89551	923.7785
419.9473	914.02588
419.99905	909.11969
420.05084	913.45172
420.1026	912.6214
420.15439	914.43817
420.20615	912.74127
420.25793	913.45959
420.30969	912.68774
420.36148	914.69855
420.41327	916.72821
420.46503	913.78882
420.51682	914.24652
420.56857	914.54828
420.62036	914.54535
420.67212	915.65027
420.72391	912.44458
420.77567	910.33704
420.82745	911.05426
420.87921	913.18341
420.931	913.70721
420.98279	914.45856
421.03455	915.02228
421.08633	916.76929
421.13809	916.32532
421.18988	912.83618
421.24164	912.58594
421.29343	917.29486
421.34518	916.85724
421.39697	911.36749
421.44873	909.72302
421.50052	912.56641
421.55231	917.42493
421.60406	915.98346
421.65585	911.41351
421.70761	915.44318
421.7594	920.14801
421.81116	917.97577
421.86295	914.0907
421.9147	917.83624
421.96649	917.72522
422.01825	918.58533
422.07004	918.42407
422.12183	915.18127
422.17358	910.04785
422.22537	911.09106
422.27713	914.59241
422.32892	915.63031
422.38068	917.50177
422.43246	921.91132
422.48422	915.87885
422.53601	914.78705
422.58777	911.39972
422.63956	909.9433
422.69135	911.90173
422.7431	913.37689
422.79489	915.31976
422.84665	916.34979
422.89844	914.60016
422.9502	913.9704
423.00198	916.5257
423.05374	911.37384
423.10553	907.90839
423.15729	914.7262
423.20908	915.60645
423.26086	916.17365
423.31262	912.23425
423.36441	912.7359
423.41617	911.95258
423.46796	914.18384
423.51971	913.34283
423.5715	914.69501
423.62326	914.91473
423.67505	914.68671
423.72681	915.17432
423.77859	913.90692
423.83038	913.4325
423.88214	914.13702
423.93393	913.30499
423.98569	913.3761
424.03748	917.29517
424.08923	919.4101
424.14102	913.37506
424.19278	908.21265
424.24457	909.96448
424.29633	913.80542
424.34811	915.51532
424.39987	911.72766
424.45166	915.70087
424.50345	920.0094
424.55521	918.27368
424.60699	914.27478
424.65875	910.97723
424.71054	914.6474
424.7623	917.94983
424.81409	909.60541
424.86584	910.86682
424.91763	920.90002
424.96939	924.95715
425.02118	916.05774
425.07297	908.30133
425.12473	912.76062
425.17651	916.6958
425.22827	909.62256
425.28006	915.32208
425.33182	916.35321
425.38361	920.27521
425.43536	913.41687
425.48715	907.02594
425.53891	917.13879
425.5907	914.07349
425.64249	911.50317
425.69424	909.04718
425.74603	911.36194
425.79779	913.03058
425.84958	915.33008
425.90134	913.72198
425.95313	914.43768
426.00488	922.87378
426.05667	916.93347
426.10843	916.4494
426.16022	916.51886
426.21201	921.47668
426.26376	918.28552
426.31555	918.04535
426.36731	916.97345
426.4191	917.59595
426.47086	917.2041
426.52264	911.51581
426.5744	909.3512
426.62619	914.61108
426.67795	916.87891
426.72974	912.36993
426.78152	912.4151
426.83328	915.46136
426.88507	916.33887
426.93683	915.93909
426.98862	917.05096
427.04037	920.28198
427.09216	915.8877
427.14392	909.81409
427.19571	908.10016
427.24747	914.80359
427.29926	916.54749
427.35104	909.79993
427.4028	910.38281
427.45459	917.7912
427.50635	917.22351
427.55814	913.9425
427.60989	912.36572
427.66168	911.66266
427.71344	921.30353
427.76523	912.35919
427.81699	917.3269
427.86877	921.6145
427.92056	916.52869
427.97232	910.20416
428.02411	911.13281
428.07587	911.146
428.12766	911.73279
428.17941	919.58429
428.2312	914.2489
428.28296	920.34576
428.33475	921.55548
428.38651	916.08295
428.43829	915.6098
428.49008	921.79938
428.54184	918.27185
428.59363	918.44928
428.64539	914.86523
428.69717	916.12347
428.74893	916.98901
428.80072	911.66571
428.85248	913.86987
428.90427	913.60785
428.95602	917.75867
429.00781	912.21277
429.0596	911.80817
429.11136	914.40234
429.16315	918.30359
429.2149	913.78015
429.26669	910.3689
429.31845	915.29865
429.37024	914.53961
429.422	912.38873
429.47379	912.78333
429.52554	917.22394
429.57733	920.29327
429.62912	916.62823
429.68088	913.80811
429.73267	916.88733
429.78442	919.53534
429.83621	916.09619
429.88797	912.65698
429.93976	913.51654
429.99152	919.94562
430.0433	919.98993
430.09506	912.46399
430.14685	910.02618
430.19864	916.72833
430.2504	916.53918
430.30219	917.51208
430.35394	915.65985
430.40573	915.44824
430.45749	918.12915
430.50928	914.31964
430.56104	913.33508
430.61282	912.76544
430.66458	913.82196
430.71637	909.54663
430.76816	914.31128
430.81992	912.87701
430.8717	918.15924
430.92346	912.68286
430.97525	935.34204
431.02701	925.52136
431.0788	917.16486
431.13055	909.77045
431.18234	914.62915
431.2341	916.7995
431.28589	917.85571
431.33768	917.50482
431.38943	914.83911
431.44122	919.54865
431.49298	920.02313
431.54477	917.49109
431.59653	908.56433
431.64832	917.73138
431.70007	917.88312
431.75186	912.46423
431.80362	910.9223
431.85541	913.04236
431.9072	916.67657
431.95895	913.54572
432.01074	909.4483
432.0625	911.90674
432.11429	919.16064
432.16605	916.39539
432.21783	912.39929
432.26959	913.52594
432.32138	918.49738
432.37314	914.74146
432.42493	911.96906
432.47672	916.6192
432.52847	917.16779
432.58026	914.54517
432.63202	910.172
432.68381	909.91089
432.73557	917.41998
432.78735	916.39551
432.83911	907.39789
432.8909	911.56586
432.94266	914.69818
432.99445	919.78156
433.04623	918.5177
433.09799	912.14288
433.14978	920.2674
433.20154	915.35321
433.25333	913.61346
433.30508	913.57501
433.35687	917.0105
433.40863	918.78204
433.46042	914.77502
433.51218	919.40747
433.56396	916.82422
433.61575	916.0368
433.66751	909.70984
433.7193	913.98907
433.77106	916.60022
433.82285	921.49799
433.8746	912.76434
433.92639	910.30554
433.97815	917.1734
434.02994	912.47772
434.0817	918.44739
434.13348	918.79248
434.18527	923.34857
434.23703	917.52765
434.28882	913.27777
434.34058	906.76886
434.39236	912.51184
434.44412	912.95111
434.49591	909.9494
434.54767	915.18964
434.59946	913.67902
434.65121	919.92889
434.703	917.47028
434.75479	913.59924
434.80655	911.00024
434.85834	914.01764
434.9101	912.41321
434.96188	911.07117
435.01364	915.03729
435.06543	916.62573
435.11719	914.74371
435.16898	910.25366
435.22073	914.48657
435.27252	917.54694
435.32431	914.40576
435.37607	910.15839
435.42786	911.16809
435.47961	913.78918
435.5314	914.04968
435.58316	914.22412
435.63495	914.67957
435.68671	917.48505
435.73849	912.58551
435.79025	909.56165
435.84204	913.05249
435.89383	914.87726
435.94559	916.5506
435.99738	914.88525
436.04913	915.90295
436.10092	918.57056
436.15268	913.80255
436.20447	912.44257
436.25623	912.76111
436.30801	915.9718
436.35977	913.35132
436.41156	913.33679
436.46335	910.79822
436.51511	919.50214
436.56689	914.52997
436.61865	910.2356
436.67044	915.29181
436.7222	911.55634
436.77399	917.30267
436.82574	910.19983
436.87753	912.22644
436.92929	919.59564
436.98108	923.54364
437.03287	914.02716
437.08463	911.26984
437.13641	918.07214
437.18817	918.62225
437.23996	913.71271
437.29172	908.74133
437.34351	913.69067
437.39526	915.45178
437.44705	916.4317
437.49881	909.74719
437.5506	909.2868
437.60239	913.07623
437.65414	912.20734
437.70593	909.00854
437.75769	913.50171
437.80948	914.53046
437.86124	914.77271
437.91302	917.42993
437.96478	917.92523
438.01657	916.93909
438.06833	913.78217
438.12012	915.0863
438.17191	915.89526
438.22366	913.07178
438.27545	913.21942
438.32721	913.75562
438.379	915.1308
438.43076	915.79822
438.48254	913.09558
438.5343	914.12177
438.58609	915.01355
438.63785	913.8443
438.68964	913.034
438.74142	911.94006
438.79318	915.34094
438.84497	915.76428
438.89673	915.45081
438.94852	912.02386
439.00027	914.50525
439.05206	919.91803
439.10382	914.30774
439.15561	912.64594
439.20737	913.63379
439.25916	915.04108
439.31094	913.50403
439.3627	912.90259
439.41449	910.95563
439.46625	913.16138
439.51804	913.99255
439.56979	913.19238
439.62158	908.5661
439.67334	913.13287
439.72513	914.60516
439.77689	915.61609
439.82867	910.77112
439.88046	916.52148
439.93222	917.81195
439.98401	907.974
440.03577	911.40326
440.08755	918.7077
440.13931	916.58356
440.1911	910.39221
440.24286	914.07501
440.29465	915.34894
440.34641	920.74561
440.39819	914.50983
440.44998	917.69165
440.50174	916.77032
440.55353	919.29517
440.60529	909.12213
440.65707	911.52362
440.70883	912.54254
440.76062	913.17395
440.81238	913.42035
440.86417	910.54681
440.91592	916.42639
440.96771	917.01398
441.0195	915.24005
441.07126	910.99237
441.12305	912.08191
441.1748	914.51947
441.22659	913.08899
441.27835	912.77386
441.33014	918.23474
441.3819	916.35577
441.43369	909.7373
441.48544	912.57074
441.53723	913.09717
441.58902	913.03632
441.64078	914.51727
441.69257	915.05756
441.74432	916.89307
441.79611	912.88696
441.84787	910.86273
441.89966	910.47009
441.95142	911.91156
442.0032	915.53253
442.05496	915.16962
442.10675	913.84827
442.15854	913.38287
442.2103	914.09613
442.26208	916.27136
442.31384	910.83673
442.36563	914.36255
442.41739	922.94757
442.46918	913.66785
442.52094	909.90887
442.57272	912.41174
442.62448	913.54907
442.67627	916.87823
442.72806	913.92462
442.77982	911.87933
442.8316	916.55103
442.88336	918.27661
442.93515	912.14001
442.98691	910.14166
443.0387	917.0108
443.09045	923.10382
443.14224	911.79004
443.194	910.80316
443.24579	914.1734
443.29758	915.23407
443.34933	911.06586
443.40112	912.61597
443.45288	916.84058
443.50467	918.15839
443.55643	912.59949
443.60822	914.75928
443.65997	916.94098
443.71176	915.19977
443.76352	913.1405
443.81531	912.75311
443.8671	911.97479
443.91885	918.9613
443.97064	914.55353
444.0224	911.87769
444.07419	912.45038
444.12595	918.64899
444.17773	913.07599
444.22949	910.55762
444.28128	918.03003
444.33304	918.56445
444.38483	914.56525
444.43661	911.41809
444.48837	909.33942
444.54016	912.40643
444.59192	909.96259
444.64371	908.65723
444.69547	914.06683
444.74725	918.21497
444.79901	914.81177
444.8508	913.95233
444.90256	916.40564
444.95435	912.3653
445.00613	908.98474
445.05789	909.34631
445.10968	915.14929
445.16144	918.93408
445.21323	917.09473
445.26498	910.28638
445.31677	911.63617
445.36853	919.35175
445.42032	918.06506
445.47208	916.51917
445.52386	915.08752
445.57562	913.03735
445.62741	914.70746
445.6792	910.76782
445.73096	908.87573
445.78275	913.64343
445.8345	912.94611
445.88629	909.40118
445.93805	909.48248
445.98984	917.37909
446.0416	915.96082
446.09338	917.62701
446.14514	908.71796
446.19693	915.65234
446.24872	915.82953
446.30048	910.32678
446.35226	916.59442
446.40402	915.60687
446.45581	914.12701
446.50757	911.19293
446.55936	911.10022
446.61111	914.38501
446.6629	912.74756
446.71466	910.77539
446.76645	918.1767
446.81824	912.94788
446.87	915.09796
446.92178	908.38843
446.97354	912.05859
447.02533	914.70386
447.07709	916.27045
447.12888	912.2561
447.18063	911.06561
447.23242	911.06274
447.28418	911.05994
447.33597	912.50122
447.38776	910.58057
447.43951	911.97101
447.4913	910.34424
447.54306	911.68811
447.59485	913.39923
447.64661	915.96741
447.69839	916.03381
447.75015	915.25464
447.80194	914.12537
447.8537	912.20245
447.90549	910.42517
447.95728	910.47559
448.00903	913.02747
448.06082	913.95477
448.11258	914.74353
448.16437	911.92938
448.21613	908.81226
448.26791	913.29797
448.31967	916.80286
448.37146	915.46259
448.42322	910.6684
448.47501	912.00183
448.52679	915.10907
448.57855	914.60223
448.63034	913.29285
448.6821	910.70166
448.73389	913.58496
448.78564	913.87866
448.83743	913.4682
448.88919	916.55811
448.94098	917.05719
448.99274	914.49921
449.04453	908.12799
449.09631	912.01776
449.14807	915.28955
449.19986	914.70245
449.25162	909.46381
449.30341	912.11035
449.35516	914.02441
449.40695	912.1217
449.45871	909.66864
449.5105	914.3537
449.56226	914.57953
449.61404	912.70392
449.66583	911.95581
449.71759	908.49548
449.76938	910.54956
449.82114	912.84155
449.87292	910.60565
449.92468	912.44867
449.97647	913.92859
450.02823	912.52106
450.08002	911.01672
450.13177	912.83295
450.18356	916.93243
450.23535	916.56396
450.28711	910.34454
450.3389	913.80469
450.39066	910.93811
450.44244	914.26251
450.4942	912.80792
450.54599	912.12317
450.59775	913.81665
450.64954	915.71899
450.70129	913.72839
450.75308	912.87592
450.80487	914.56287
450.85663	913.87579
450.90842	911.67181
450.96017	912.12329
451.01196	916.07776
451.06372	914.44672
451.11551	912.20563
451.16727	910.5451
451.21906	914.04089
451.27081	912.98297
451.3226	911.45331
451.37439	909.36768
451.42615	911.88306
451.47794	910.67554
451.52969	907.76233
451.58148	908.53058
451.63324	910.85406
451.68503	912.75232
451.73679	911.33875
451.78857	911.2149
451.84033	914.15527
451.89212	915.01904
451.94391	911.98138
451.99567	909.72809
452.04745	913.64728
452.09921	913.62561
452.151	908.56042
452.20276	910.53925
452.25455	915.44147
452.3063	915.2666
452.35809	916.28278
452.40985	915.94379
452.46164	913.79425
452.51343	916.79773
452.56519	911.00439
452.61697	908.69159
452.66873	912.18115
452.72052	913.52338
452.77228	913.44824
452.82407	916.01886
452.87582	911.90204
452.92761	915.72919
452.97937	911.45056
453.03116	910.04816
453.08295	911.07642
453.1347	916.47406
453.18649	908.71747
453.23825	906.5979
453.29004	914.01208
453.3418	915.42584
453.39359	915.95453
453.44534	909.37231
453.49713	914.55969
453.54889	910.41187
453.60068	909.90973
453.65247	908.37048
453.70422	911.95532
453.75601	916.86212
453.80777	911.17334
453.85956	907.5061
453.91132	911.30603
453.9631	911.22333
454.01486	917.66272
454.06665	913.64374
454.11841	914.83661
454.1702	915.26483
454.22198	915.49963
454.27374	912.60242
454.32553	911.98108
454.37729	911.2298
454.42908	914.59131
454.48083	916.86877
454.53262	914.19934
454.58438	915.64063
454.63617	916.54651
454.68793	912.24731
454.73972	911.75696
454.7915	914.20197
454.84326	913.23456
454.89505	913.68335
454.94681	911.53705
454.9986	913.18939
455.05035	919.92017
455.10214	918.32452
455.1539	913.00635
455.20569	914.42682
455.25745	913.66632
455.30923	911.18738
455.36102	911.17944
455.41278	914.21686
455.46457	914.60095
455.51633	910.91364
455.56812	911.34723
455.61987	914.35596
455.67166	917.18719
455.72342	914.71667
455.77521	908.60657
455.82697	917.06494
455.87875	911.32178
455.93054	909.4787
455.9823	913.39868
456.03409	915.36127
456.08585	913.93872
456.13763	912.46381
456.18939	915.17902
456.24118	912.18506
456.29294	913.22473
456.34473	913.81744
456.39648	911.29572
456.44827	915.50818
456.50006	913.48468
456.55182	909.6405
456.60361	912.41901
456.65536	907.19373
456.70715	908.75531
456.75891	911.33331
456.8107	914.73291
456.86246	916.9079
456.91425	914.96417
456.966	914.51715
457.01779	910.6416
457.06958	910.86688
457.12134	916.63068
457.17313	916.66803
457.22488	910.22601
457.27667	908.237
457.32843	913.12811
457.38022	915.28656
457.43198	910.28143
457.48376	908.28503
457.53552	912.21234
457.58731	910.47144
457.6391	907.13098
457.69086	909.65778
457.74265	914.02344
457.7944	918.43396
457.84619	915.98737
457.89795	913.16077
457.94974	915.29803
458.0015	919.40356
458.05328	919.29572
458.10504	914.13684
458.15683	915.39142
458.20862	913.89087
458.26038	915.26892
458.31216	908.71045
458.36392	910.8631
458.41571	913.54926
458.46747	914.09125
458.51926	911.1817
458.57101	917.44464
458.6228	921.66644
458.67456	916.32233
458.72635	916.37054
458.77814	911.02606
458.8299	915.64276
458.88168	911.83276
458.93344	915.76001
458.98523	919.19916
459.03699	912.04053
459.08878	910.34375
459.14053	911.18823
459.19232	915.81177
459.24408	912.23602
459.29587	914.81958
459.34766	909.67078
459.39941	909.16943
459.4512	915.01337
459.50296	914.63123
459.55475	913.05853
459.60651	914.66992
459.65829	917.12402
459.71005	916.99835
459.76184	910.6156
459.8136	910.33887
459.86539	917.39813
459.91718	917.88885
459.96893	911.84412
460.02072	909.85577
460.07248	914.84058
460.12427	917.41858
460.17603	912.85406
460.22781	914.50995
460.27957	914.10748
460.33136	910.44434
460.38312	910.20709
460.43491	912.68207
460.48669	916.63696
460.53845	918.20044
460.59024	913.53998
460.642	910.68225
460.69379	916.7403
460.74554	917.92828
460.79733	914.62738
460.84909	914.22394
460.90088	913.6521
460.95264	911.00635
461.00443	910.91583
461.05621	911.0564
461.10797	915.54047
461.15976	914.40985
461.21152	913.12274
461.26331	914.7356
461.31506	910.17639
461.36685	912.91089
461.41861	915.14996
461.4704	910.76807
461.52216	914.96716
461.57394	918.86218
461.62573	909.50641
461.67749	912.5686
461.72928	911.51709
461.78104	909.74658
461.83282	911.67792
461.88458	912.651
461.93637	913.14026
461.98813	914.61072
462.03992	913.67212
462.09167	911.73938
462.14346	912.56293
462.19525	919.48114
462.24701	913.40497
462.2988	909.10846
462.35056	915.52173
462.40234	919.15698
462.4541	917.96198
462.50589	912.34125
462.55765	914.29321
462.60944	911.61377
462.66119	912.1322
462.71298	912.60809
462.76477	914.42328
462.81653	915.10382
462.86832	916.1413
462.92007	910.85083
462.97186	909.7453
463.02362	915.73523
463.07541	918.59277
463.12717	916.15607
463.17896	912.22089
463.23071	914.32404
463.2825	913.73615
463.33429	911.89374
463.38605	913.89087
463.43784	911.77759
463.48959	911.27515
463.54138	912.65155
463.59314	911.29938
463.64493	913.99023
463.69669	917.06647
463.74847	914.6239
463.80023	911.45197
463.85202	913.36597
463.90381	915.20123
463.95557	912.0083
464.00735	907.37598
464.05911	909.58228
464.1109	912.46967
464.16266	911.72839
464.21445	914.56848
464.2662	918.02039
464.31799	918.20441
464.36975	913.74384
464.42154	914.4411
464.47333	915.06873
464.52509	919.01746
464.57687	914.29346
464.62863	918.47571
464.68042	914.78973
464.73218	916.4411
464.78397	910.44794
464.83572	909.79773
464.88751	914.69324
464.93927	918.83038
464.99106	911.01746
465.04285	911.99866
465.0946	917.35779
465.14639	914.15771
465.19815	916.35248
465.24994	916.03882
465.3017	915.09192
465.35349	914.55121
465.40524	913.18402
465.45703	913.84857
465.50879	912.30896
465.56058	919.40167
465.61237	910.89368
465.66412	911.64624
465.71591	917.51385
465.76767	915.94727
465.81946	913.49359
465.87122	910.43726
465.923	916.20129
465.97476	915.85638
466.02655	911.76611
466.07831	912.44196
466.1301	910.25134
466.18188	910.96442
466.23364	915.8103
466.28543	909.95276
466.33719	909.06812
466.38898	915.53467
466.44073	916.04608
466.49252	911.54675
466.54428	913.28888
466.59607	919.91583
466.64783	917.89758
466.69962	915.24933
466.75137	915.70886
466.80316	914.43628
466.85495	917.05164
466.90671	914.36017
466.9585	911.20905
467.01025	916.01685
467.06204	917.05518
467.1138	915.58698
467.16559	913.87317
467.21735	912.10303
467.26913	917.7088
467.32089	916.84314
467.37268	918.66187
467.42447	915.94141
467.47623	914.62311
467.52802	913.99646
467.57977	909.14032
467.63156	913.66425
467.68332	919.44086
467.73511	916.08081
467.78687	910.77313
467.83865	910.61371
467.89041	916.4953
467.9422	912.13635
467.99399	909.15869
468.04575	913.72589
468.09753	910.04846
468.14929	917.35443
468.20108	913.91003
468.25284	918.74384
468.30463	913.12146
468.35638	912.39777
468.40817	916.0697
468.45993	909.54419
468.51172	916.00903
468.56351	913.35004
468.61526	910.70386
468.66705	915.84863
468.71881	915.19513
468.7706	915.25769
468.82236	911.36493
468.87415	915.03113
468.9259	920.16852
468.97769	916.47455
469.02945	910.44238
469.08124	910.62946
469.13303	916.23944
469.18478	913.19897
469.23657	914.84332
469.28833	921.72473
469.34012	921.14282
469.39188	914.97839
469.44366	910.20636
469.49542	909.99731
469.54721	915.68475
469.59897	913.47137
469.65076	910.70624
469.70255	911.78674
469.7543	913.85358
469.80609	915.81421
469.85785	913.8739
469.90964	914.3775
469.9614	917.46832
470.01318	917.65436
470.06494	912.24988
470.11673	906.39001
470.16849	910.34509
470.22028	913.64209
470.27206	912.18805
470.32382	914.28375
470.37561	915.98871
470.42737	919.81512
470.47916	915.56506
470.53091	914.24597
470.5827	910.68823
470.63446	916.87018
470.68625	917.87628
470.73801	914.66382
470.78979	913.59314
470.84158	910.4989
470.89334	909.50128
470.94513	910.75879
470.99689	911.9173
471.04868	918.96307
471.10043	912.41211
471.15222	910.06769
471.20398	919.37952
471.25577	920.94592
471.30753	915.13959
471.35931	912.47449
471.4111	924.71423
471.46286	917.33142
471.51465	916.26318
471.56641	917.66656
471.61819	912.08911
471.66995	913.11517
471.72174	912.77136
471.7735	914.9574
471.82529	914.34369
471.87704	914.21924
471.92883	913.79382
471.98062	914.96118
472.03238	909.0993
472.08417	920.50476
472.13593	919.0025
472.18771	915.40057
472.23947	909.43286
472.29126	910.28339
472.34302	908.31195
472.39481	908.96313
472.44656	912.45911
472.49835	913.69287
472.55014	912.04138
472.6019	913.76587
472.65369	914.87189
472.70544	914.07098
472.75723	913.38306
472.80899	910.55896
472.86078	914.91107
472.91254	918.29761
472.96432	916.90521
473.01608	915.89026
473.06787	913.65363
473.11966	912.41125
473.17142	912.66425
473.22321	911.51617
473.27496	914.36859
473.32675	916.4502
473.37851	912.56787
473.4303	913.74872
473.48206	915.03271
473.53384	915.83203
473.5856	916.32214
473.63739	914.63123
473.68918	911.9231
473.74094	914.64001
473.79272	916.08533
473.84448	917.57977
473.89627	912.52167
473.94803	913.99646
473.99982	915.92731
474.05157	916.81879
474.10336	910.81555
474.15512	913.62256
474.20691	914.12207
474.2587	915.02344
474.31046	907.27643
474.36224	914.79553
474.414	916.11151
474.46579	915.883
474.51755	913.53149
474.56934	912.78595
474.62109	915.40033
474.67288	910.98199
474.72464	907.19489
474.77643	913.59296
474.82822	917.53058
474.87997	914.19897
474.93176	913.61261
474.98352	920.15808
475.03531	915.50397
475.08707	917.35437
475.13885	913.56146
475.19061	912.6394
475.2424	912.57635
475.29416	912.99823
475.34595	910.57318
475.39774	913.7489
475.44949	920.98907
475.50128	919.80933
475.55304	916.35925
475.60483	909.88104
475.65659	911.39966
475.70837	913.64746
475.76013	909.4248
475.81192	910.6908
475.86368	914.77924
475.91547	915.04681
475.96725	914.54565
476.01901	915.81775
476.0708	916.85248
476.12256	917.94995
476.17435	912.61426
476.2261	912.86566
476.27789	917.71954
476.32965	917.11456
476.38144	915.52802
476.4332	915.26715
476.48499	917.53564
476.53677	920.50903
476.58853	914.39954
476.64032	909.76538
476.69208	915.67291
476.74387	916.44519
476.79562	910.53162
476.84741	912.78436
476.89917	919.01288
476.95096	915.18829
477.00272	913.90961
477.0545	912.18469
477.10629	915.30695
477.15805	916.99506
477.20984	916.40436
477.2616	915.40997
477.31339	915.95905
477.36514	914.98615
477.41693	914.60278
477.46869	909.69397
477.52048	914.08246
477.57224	914.19128
477.62402	912.62323
477.67581	911.86005
477.72757	916.83716
477.77936	918.90277
477.83112	918.2326
477.8829	916.36163
477.93466	915.90173
477.98645	920.02112
478.03821	914.16595
478.09	909.73877
478.14175	916.02533
478.19354	918.34174
478.24533	910.95032
478.29709	912.91681
478.34888	917.31067
478.40063	914.09827
478.45242	915.82257
478.50418	918.25415
478.55597	912.96558
478.60773	916.02325
478.65952	915.98993
478.71127	913.75934
478.76306	912.5733
478.81485	914.94159
478.86661	917.07086
478.9184	917.8252
478.97015	915.53259
479.02194	914.52551
479.0737	912.11523
479.12549	909.15594
479.17725	914.67572
479.22903	917.63007
479.28079	913.30145
479.33258	916.25983
479.38437	913.98535
479.43613	914.2254
479.48792	916.69672
479.53967	926.29602
479.59146	922.38312
479.64322	918.40674
479.69501	917.6095
479.74677	916.38507
479.79855	914.69208
479.85031	913.3808
479.9021	914.18097
479.95389	912.27417
480.00565	914.17719
480.05743	916.15924
480.10919	913.86987
480.16098	913.86761
480.21274	915.43616
480.26453	915.84308
480.31628	913.44122
480.36807	913.46722
480.41983	914.74805
480.47162	915.73169
480.52341	914.1756
480.57516	911.39459
480.62695	914.51678
480.67871	916.52588
480.7305	915.07959
480.78226	914.21527
480.83405	916.33899
480.8858	915.54803
480.93759	913.21033
480.98935	912.59796
481.04114	912.49121
481.09293	916.06464
481.14468	919.19501
481.19647	911.96832
481.24823	910.64825
481.30002	912.1701
481.35178	911.45215
481.40356	912.43567
481.45532	912.93958
481.50711	910.54968
481.55887	917.80829
481.61066	917.48596
481.66245	912.9046
481.7142	914.6933
481.76599	911.81049
481.81775	912.27417
481.86954	909.31451
481.9213	914.68219
481.97308	915.2735
482.02484	917.19147
482.07663	912.59998
482.12839	914.13123
482.18018	915.19135
482.23196	913.48926
482.28372	912.83685
482.33551	910.17322
482.38727	915.74536
482.43906	918.86957
482.49081	913.90411
482.5426	913.98315
482.59436	916.65649
482.64615	910.21259
482.69791	913.26178
482.74969	914.00238
482.80148	916.72217
482.85324	911.2049
482.90503	909.8219
482.95679	913.74774
483.00858	916.27563
483.06033	914.05682
483.11212	916.03284
483.16388	915.16376
483.21567	915.94385
483.26743	913.53613
483.31921	910.93225
483.371	911.6145
483.42276	913.6662
483.47455	914.44647
483.52631	911.48846
483.57809	912.4245
483.62985	913.40149
483.68164	913.48828
483.7334	911.77106
483.78519	909.1701
483.83694	914.3902
483.88873	915.15356
483.94052	912.39227
483.99228	917.74518
484.04407	919.15533
484.09583	915.60742
484.14761	913.93457
484.19937	913.24866
484.25116	914.9032
484.30292	916.02136
484.35471	915.19861
484.40646	912.6189
484.45825	910.83551
484.51004	915.5423
484.5618	917.13519
484.61359	915.28986
484.66534	914.29913
484.71713	914.0946
484.76889	911.6264
484.82068	908.4422
484.87244	906.53229
484.92422	917.24683
484.97598	910.09027
485.02777	908.43671
485.07956	915.5907
485.13132	915.34088
485.18311	915.61688
485.23486	908.40149
485.28665	919.90271
485.33841	917.04456
485.3902	915.56281
485.44196	914.26819
485.49374	916.94177
485.5455	910.25787
485.59729	918.12518
485.64908	908.75262
485.70084	915.45416
485.75262	918.99347
485.80438	915.81268
485.85617	912.35626
485.90793	912.58392
485.95972	913.98187
486.01147	910.54401
486.06326	909.23682
486.11502	915.6181
486.16681	911.49146
486.2186	914.39008
486.27036	917.17523
486.32214	912.32013
486.3739	910.30383
486.42569	913.64105
486.47745	915.75958
486.52924	916.47723
486.58099	918.08838
486.63278	918.59296
486.68454	911.02972
486.73633	912.32971
486.78812	916.16656
486.83987	916.06384
486.89166	911.91284
486.94342	914.98218
486.99521	913.09479
487.04697	912.45734
487.09875	913.57312
487.15051	913.27063
487.2023	915.12518
487.25406	916.27942
487.30585	912.97968
487.35764	914.94446
487.40939	916.95581
487.46118	917.38354
487.51294	916.00574
487.56473	913.54834
487.61649	914.77405
487.66827	916.95544
487.72003	914.21698
487.77182	911.70087
487.82358	913.96826
487.87537	913.99817
487.92712	916.64325
487.97891	917.73102
488.0307	917.46753
488.08246	916.89569
488.13425	918.58295
488.186	917.31403
488.23779	913.13818
488.28955	916.74237
488.34134	914.87085
488.3931	915.37604
488.44489	917.37952
488.49664	917.53345
488.54843	917.77777
488.60022	913.77563
488.65198	913.77942
488.70377	916.60889
488.75552	916.31995
488.80731	913.68256
488.85907	914.75195
488.91086	915.99615
488.96262	916.70868
489.0144	919.62299
489.06616	910.84155
489.11795	913.59167
489.16974	914.25586
489.2215	912.29785
489.27328	916.11212
489.32504	917.89893
489.37683	916.25598
489.42859	911.23108
489.48038	920.51569
489.53214	923.461
489.58392	917.53369
489.63568	923.32111
489.68747	925.87042
489.73926	923.58514
489.79102	926.27087
489.8428	925.99426
489.89456	934.16058
489.94635	932.25452
489.99811	928.84827
490.0499	927.13733
490.10165	923.50085
490.15344	926.33636
490.2052	927.35907
490.25699	931.14111
490.30878	925.45618
490.36053	930.71436
490.41232	928.50922
490.46408	927.81635
490.51587	930.96643
490.56763	931.55255
490.61942	927.38672
490.67117	925.56073
490.72296	926.12842
490.77472	925.72101
490.82651	924.73145
490.8783	929.1095
490.93005	928.1181
490.98184	925.76245
491.0336	930.79089
491.08539	931.42133
491.13715	926.25409
491.18893	930.15179
491.24069	935.56329
491.29248	931.83124
491.34424	933.69391
491.39603	933.52661
491.44781	929.88849
491.49957	927.80414
491.55136	926.90021
491.60312	930.85535
491.65491	932.67206
491.70667	931.14227
491.75845	927.21063
491.81021	927.99768
491.862	932.42194
491.91376	927.76434
491.96555	928.5451
492.01733	934.26056
492.06909	932.55981
492.12088	930.15936
492.17264	931.99902
492.22443	931.35553
492.27618	934.69708
492.32797	937.64954
492.37973	929.23022
492.43152	928.73804
492.48328	931.12952
492.53506	930.61603
492.58685	928.77118
492.63861	932.5899
492.6904	930.422
492.74216	926.16846
492.79395	929.3382
492.8457	935.13983
492.89749	928.69977
492.94925	929.97607
493.00104	929.29425
493.0528	934.47034
493.10458	935.11194
493.15637	932.37201
493.20813	922.31384
493.25992	922.96924
493.31168	928.09949
493.36346	921.19122
493.41522	925.74066
493.46701	925.11725
493.51877	930.8006
493.57056	930.7005
493.62231	927.28021
493.6741	926.31573
493.72589	932.24207
493.77765	938.65808
493.82944	926.69623
493.8812	928.67371
493.93298	933.97192
493.98474	922.1709
494.03653	925.87415
494.08829	933.0799
494.14008	924.82208
494.19183	933.93005
494.24362	924.81323
494.29541	930.56891
494.34717	932.61243
494.39896	932.76331
494.45071	933.58423
494.5025	934.16455
494.55426	933.85706
494.60605	937.29779
494.65781	934.37482
494.70959	932.86835
494.76135	937.258
494.81314	929.86853
494.86493	926.74353
494.91669	928.8891
494.96848	932.55524
495.02023	938.92773
495.07202	931.71191
495.12378	930.90802
495.17557	930.10486
495.22733	927.43915
495.27911	926.40961
495.33087	927.77533
495.38266	934.81219
495.43445	934.23889
495.48621	932.68079
495.53799	934.00171
495.58975	931.96613
495.64154	934.88599
495.6933	934.13196
495.74509	930.46936
495.79684	934.56329
495.84863	935.18396
495.90039	932.19952
495.95218	932.91644
496.00397	935.80023
496.05573	933.63116
496.10751	930.36945
496.15927	933.75269
496.21106	933.16559
496.26282	931.27594
496.31461	930.58777
496.36636	930.10626
496.41815	933.06067
496.46991	933.18683
496.5217	931.19598
496.57349	932.78339
496.62524	935.02942
496.67703	931.28119
496.72879	927.06299
496.78058	928.13629
496.83234	933.81702
496.88412	932.79895
496.93588	932.66425
496.98767	933.10406
497.03943	935.13782
497.09122	934.76947
497.14301	934.84662
497.19476	933.47339
497.24655	934.03442
497.29831	935.12244
497.3501	928.62219
497.40186	930.36932
497.45364	933.45728
497.5054	937.09149
497.55719	930.80615
497.60895	931.35608
497.66074	932.05255
497.71252	935.71808
497.76428	930.44531
497.81607	933.57861
497.86783	933.57184
497.91962	936.10455
497.97137	938.13184
498.02316	932.95294
498.07492	938.42218
498.12671	935.14099
498.17847	938.16852
498.23026	937.93005
498.28204	942.98462
498.3338	940.14172
498.38559	934.72345
498.43735	928.49005
498.48914	932.95831
498.54089	937.02588
498.59268	938.27856
498.64444	938.57068
498.69623	937.08093
498.74799	937.11536
498.79977	943.16107
498.85156	937.42987
498.90332	934.83752
498.95511	940.04718
499.00687	945.90045
499.05865	932.0799
499.11041	937.94318
499.1622	941.70813
499.21396	938.74384
499.26575	935.82996
499.3175	935.65344
499.36929	939.78607
499.42108	941.6629
499.47284	937.7959
499.52463	936.38074
499.57639	938.60486
499.62817	942.45013
499.67993	940.1806
499.73172	938.18774
499.78348	933.33905
499.83527	938.81415
499.88702	941.10657
499.93881	943.72327
499.9906	942.49829
500.04236	942.0459
500.09415	935.82086
500.1459	936.44385
500.19769	937.88342
500.24945	940.95294
500.30124	942.26617
500.353	940.98169
500.40479	943.98505
500.45654	942.92139
500.50833	942.60742
500.56012	943.47925
500.61188	941.77643
500.66367	944.25995
500.71542	941.54175
500.76721	937.29059
500.81897	937.79968
500.87076	943.17322
500.92252	947.23547
500.9743	941.49902
501.02606	938.11969
501.07785	934.685
501.12964	935.97534
501.1814	942.24518
501.23318	945.93207
501.28494	952.16156
501.33673	941.78485
501.38849	938.7688
501.44028	942.47278
501.49203	939.32837
501.54382	942.96619
501.59558	937.47589
501.64737	937.16626
501.69916	937.34241
501.75092	938.66064
501.8027	942.4563
501.85446	945.28174
501.90625	947.39978
501.95801	948.15607
502.0098	941.44403
502.06155	943.31104
502.11334	942.83228
502.1651	953.72717
502.21689	940.40295
502.26868	941.70331
502.32043	946.10852
502.37222	948.88422
502.42398	946.43506
502.47577	942.56769
502.52753	939.66992
502.57932	939.23633
502.63107	939.28815
502.68286	945.08582
502.73462	950.11469
502.78641	941.65448
502.8382	942.39331
502.88995	943.03253
502.94174	940.04926
502.9935	952.30847
503.04529	949.13196
503.09705	945.7981
503.14883	947.85583
503.20059	953.30627
503.25238	950.11176
503.30414	945.92529
503.35593	945.88293
503.40771	951.44885
503.45947	947.68835
503.51126	949.0545
503.56302	947.50928
503.61481	949.54193
503.66656	952.33258
503.71835	947.69019
503.77011	945.73981
503.8219	949.65845
503.87366	950.76862
503.92545	950.56903
503.97723	945.16687
504.02899	948.35657
504.08078	948.33844
504.13254	943.94794
504.18433	943.02142
504.23608	943.40405
504.28787	942.6488
504.33963	945.44696
504.39142	947.87097
504.44318	947.95447
504.49496	947.70068
504.54675	944.91046
504.59851	944.89612
504.6503	947.36682
504.70206	949.18494
504.75385	946.42358
504.8056	947.80029
504.85739	947.2666
504.90915	951.05524
504.96094	952.41779
505.0127	949.38818
505.06448	941.16931
505.11627	951.01605
505.16803	953.16986
505.21982	944.01263
505.27158	949.41876
505.32336	949.07159
505.37512	945.4696
505.42691	943.1546
505.47867	948.94678
505.53046	952.42029
505.58221	949.77081
505.634	952.86224
505.68579	951.02338
505.73755	953.2774
505.78934	955.71918
505.84109	945.11633
505.89288	947.4953
505.94464	954.2608
505.99643	957.02759
506.04819	943.25385
506.09998	945.79077
506.15173	949.30011
506.20352	949.362
506.25531	960.10553
506.30707	942.29449
506.35886	952.38269
506.41061	949.8457
506.4624	947.82709
506.51416	954.92316
506.56595	957.99316
506.61771	952.65961
506.66949	942.01111
506.72125	952.2851
506.77304	962.4104
506.82483	956.71429
506.87659	951.11383
506.92838	948.21509
506.98013	957.05139
507.03192	947.62189
507.08368	955.82526
507.13547	955.52258
507.18723	951.82355
507.23901	954.92584
507.29077	952.44867
507.34256	949.64355
507.39435	959.84943
507.44611	959.7511
507.49789	957.15619
507.54965	954.59418
507.60144	956.60919
507.6532	956.93256
507.70499	956.73694
507.75674	954.22876
507.80853	953.90631
507.86029	954.94147
507.91208	952.46844
507.96387	952.40631
508.01563	953.6792
508.06741	954.45691
508.11917	957.43097
508.17096	959.83411
508.22272	961.71594
508.27451	958.56818
508.32626	952.61462
508.37805	951.62878
508.42981	953.45398
508.4816	959.58551
508.53339	956.5188
508.58514	956.92511
508.63693	957.80371
508.68869	956.75616
508.74048	955.89917
508.79224	959.9361
508.84402	957.45453
508.89578	955.76855
508.94757	954.99823
508.99933	957.21674
509.05112	956.74194
509.10287	962.48138
509.15466	955.04407
509.20645	951.29608
509.25821	957.11993
509.31	963.71704
509.36176	965.24951
509.41354	964.34509
509.4653	966.40839
509.51709	964.83362
509.56885	961.48993
509.62064	955.15961
509.67239	966.25635
509.72418	965.23334
509.77597	962.12817
509.82773	953.6532
509.87952	961.0838
509.93127	965.08826
509.98306	962.23145
510.03482	968.03375
510.08661	967.33655
510.13837	963.11969
510.19016	964.29749
510.24191	952.14001
510.2937	964.51935
510.34549	959.44098
510.39725	965.19025
510.44904	965.34418
510.50079	962.30286
510.55258	966.39978
510.60434	967.38049
510.65613	963.00806
510.70789	969.12848
510.75967	966.38348
510.81143	963.58569
510.86322	971.8222
510.91501	965.50153
510.96677	963.7442
511.01855	966.13269
511.07031	967.61029
511.1221	964.54468
511.17386	963.70215
511.22565	961.45404
511.2774	962.08447
511.32919	967.31537
511.38095	967.6004
511.43274	972.07941
511.48453	968.77661
511.53629	971.7597
511.58807	975.80542
511.63983	974.83752
511.69162	968.37994
511.74338	963.20563
511.79517	969.1228
511.84692	973.29858
511.89871	967.97894
511.95047	968.1488
512.00226	974.16504
512.05402	972.79889
512.10583	968.14276
512.15759	969.013
512.20935	976.56116
512.26111	978.99664
512.31293	971.75574
512.36469	965.49146
512.41644	969.93182
512.4682	971.09253
512.52002	965.22131
512.57178	966.46649
512.62354	967.69281
512.67535	973.98889
512.72711	977.21564
512.77887	968.91229
512.83063	973.29254
512.88245	979.37354
512.9342	980.61975
512.98596	966.75842
513.03772	978.06329
513.08954	976.17615
513.1413	977.58856
513.19305	974.17395
513.24487	974.33484
513.29663	979.61951
513.34839	978.10455
513.40015	981.55725
513.45197	974.6767
513.50372	988.80304
513.55548	978.27161
513.60724	972.50952
513.65906	984.6554
513.71082	980.15637
513.76257	987.74066
513.81439	972.53027
513.86615	969.13708
513.91791	971.60144
513.96967	972.68268
514.02148	976.58063
514.07324	978.24371
514.125	991.81964
514.17676	983.37543
514.22858	982.51337
514.28033	983.45959
514.33209	987.99994
514.38391	980.51056
514.43567	983.06812
514.48743	985.89642
514.53918	994.18066
514.591	993.90179
514.64276	991.49213
514.69452	987.90869
514.74628	986.7182
514.7981	988.93927
514.84985	987.85602
514.90161	995.34381
514.95343	996.8996
515.00519	1008.7837
515.05695	985.79395
515.1087	985.79401
515.16052	1038.6434
515.21228	995.24103
515.26404	998.77924
515.3158	1002.4374
515.36761	1003.241
515.41937	1001.7505
515.47113	1008.4357
515.52295	1009.3456
515.57471	1016.2725
515.62646	1024.9407
515.67822	1026.7526
515.73004	1030.9052
515.7818	1033.5261
515.83356	1037.3789
515.88531	1043.8622
515.93713	1047.8999
515.98889	1056.2913
516.04065	985.79401
516.09247	985.79401
516.14423	985.79401
516.19598	985.79395
516.24774	985.79401
516.29956	1139.2271
516.35132	1145.3981
516.40308	1152.7859
516.45483	1155.3717
516.50665	1156.7699
516.55841	1173.2974
516.61017	1178.4133
516.66199	1179.6089
516.71375	1183.9929
516.7655	1185.6594
516.81726	1191.8911
516.86908	1198.5035
516.92084	1194.3245
516.9726	1193.9988
517.02435	1188.2471
517.07617	1178.5999
517.12793	1167.2626
517.17969	1158.9252
517.23151	1143.1116
517.28326	1154.0742
517.33502	1156.1917
517.38678	1163.7145
517.4386	1147.6738
517.49036	1147.1042
517.54211	1140.9614
517.59387	1133.8098
517.64569	1148.0944
517.69745	1190.0135
517.74921	1166.2677
517.80103	1182.4786
517.85278	1179.6001
517.90454	1203.7324
517.9563	1208.2354
518.00812	1221.5833
518.05988	1233.0344
518.11163	1238.2277
518.16339	1259.7576
518.21521	1239.1512
518.26697	1249.1293
518.31873	1256.9912
518.37054	1263.5605
518.4223	1259.8782
518.47406	1270.2549
518.52582	1274.9226
518.57764	1269.9662
518.62939	1270.7014
518.68115	1284.2616
518.73291	1301.3403
518.78473	1285.1483
518.83649	1299.5228
518.88824	1307.5371
518.94006	1330.8678
518.99182	1330.8239
519.04358	1340.6809
519.09534	1367.9257
519.14716	1388.3918
519.19891	1391.4274
519.25067	1383.8455
519.30243	1431.2361
519.35425	1447.0424
519.40601	1435.4058
519.45776	1433.3987
519.50958	1457.1777
519.56134	1463.5004
519.6131	1486.686
519.66486	1510.3472
519.71667	1547.6556
519.76843	1574.3901
519.82019	1584.4633
519.87195	1616.5604
519.92377	1644.4036
519.97552	1676.6423
520.02728	1699.344
520.0791	1709.8676
520.13086	1727.8257
520.18262	1727.1831
520.23438	1704.6525
520.28619	1674.5725
520.33795	1655.1096
520.38971	1630.6167
520.44147	1605.9247
520.49329	1596.3065
520.54504	1575.3403
520.5968	1542.4464
520.64862	1491.4944
520.70038	1470.0804
520.75214	1449.6648
520.80389	1423.7257
520.85571	1409.5654
520.90747	1396.3059
520.95923	1390.5684
521.01099	1410.374
521.06281	1415.3998
521.11456	1417.4822
521.16632	1425.8062
521.21814	1429.0616
521.2699	1443.7465
521.32166	1434.5234
521.37341	1423.7633
521.42523	1426.2201
521.47699	1418.0416
521.52875	1382.571
521.58051	1397.0873
521.63232	1398.8977
521.68408	1378.7515
521.73584	1329.4961
521.78766	1345.8712
521.83942	1330.2379
521.89117	1320.2013
521.94293	1307.7361
521.99475	1294.171
522.04651	1300.1019
522.09827	1323.1152
522.15002	1327.2246
522.20184	1353.3787
522.2536	1337.2231
522.30536	1360.9824
522.35718	1378.8975
522.40894	1382.2438
522.46069	1390.0483
522.51245	1383.848
522.56427	1406.3568
522.61603	1415.9043
522.66779	1419.3654
522.71954	1407.1233
522.77136	1410.6322
522.82312	1446.33
522.87488	1449.2157
522.9267	1428.0692
522.97845	1405.1664
523.03021	1427.66
523.08197	1415.5323
523.13379	1415.2964
523.18555	1386.8175
523.2373	1392.6066
523.28906	1390.561
523.34088	1377.1295
523.39264	1371.967
523.4444	1375.2078
523.49622	1360.6169
523.54797	1373.2136
523.59973	1352.9313
523.65149	1355.7839
523.70331	1362.9983
523.75507	1358.025
523.80682	1364.3143
523.85858	1359.6235
523.9104	1338.9971
523.96216	1360.6715
524.01392	1359.2723
524.06573	1350.6376
524.11749	1360.071
524.16925	1352.4161
524.22101	1356.7318
524.27283	1352.7992
524.32458	1336.3558
524.37634	1342.4778
524.4281	1351.6444
524.47992	1340.2225
524.53168	1327.5165
524.58344	1320.696
524.63525	1323.9744
524.68701	1322.7197
524.73877	1311.8629
524.79053	1315.1097
524.84235	1304.8027
524.8941	1305.2949
524.94586	1327.2114
524.99762	1321.0115
525.04944	1326.0717
525.1012	1333.1742
525.15295	1318.4495
525.20477	1331.0382
525.25653	1340.0146
525.30829	1342.3375
525.36005	1332.7441
525.41187	1339.9022
525.46362	1359.5796
525.51538	1354.7272
525.56714	1346.6674
525.61896	1348.9231
525.67072	1347.0217
525.72247	1326.6056
525.77429	1352.3619
525.82605	1340.5336
525.87781	1330.7325
525.92957	1347.5669
525.98138	1343.9969
526.03314	1355.4893
526.0849	1338.1116
526.13666	1349.9336
526.18848	1381.4053
526.24023	1365.6016
526.29199	1386.9176
526.34381	1382.1108
526.39557	1393.139
526.44733	1401.4136
526.49908	1413.4799
526.5509	1383.9917
526.60266	1464.8682
526.65442	1445.2816
526.70618	1468.3802
526.758	1471.9982
526.80975	1460.6296
526.86151	1519.3743
526.91333	1503.1204
526.96509	1521.1691
527.01685	1488.6213
527.0686	1512.0989
527.12042	1537.397
527.17218	1540.1792
527.22394	1571.8436
527.2757	1577.5961
527.32751	1572.972
527.37927	1580.109
527.43103	1545.7201
527.48285	1544.1819
527.53461	1555.8955
527.58636	1567.5327
527.63812	1555.0139
527.68994	1538.6774
527.7417	1557.6299
527.79346	1554.8063
527.84521	1542.6726
527.89703	1570.7733
527.94879	1557.4298
528.00055	1553.8989
528.05237	1545.7197
528.10413	1541.3478
528.15588	1518.1635
528.20764	1522.2422
528.25946	1511.3359
528.31122	1514.1936
528.36298	1496.3625
528.41473	1498.2526
528.46655	1535.8883
528.51831	1524.1155
528.57007	1526.4027
528.62189	1527.7729
528.67365	1504.6565
528.7254	1500.0209
528.77716	1501.6798
528.82898	1505.5265
528.88074	1493.4069
528.9325	1479.9816
528.98425	1495.8308
529.03607	1485.853
529.08783	1454.736
529.13959	1457.8298
529.19141	1452.079
529.24316	1438.696
529.29492	1431.9083
529.34668	1415.14
529.3985	1402.2684
529.45026	1400.8684
529.50201	1380.5883
529.55377	1353.0623
529.60559	1364.6959
529.65735	1363.1873
529.70911	1352.1935
529.76093	1340.288
529.81268	1310.1714
529.86444	1313.8439
529.9162	1310.5103
529.96802	1307.3413
530.01978	1293.5494
530.07153	1272.8334
530.12329	1284.9061
530.17511	1268.9274
530.22687	1273.1877
530.27863	1262.7064
530.33044	1257.1012
530.3822	1245.7959
530.43396	1235.0448
530.48572	1218.1298
530.53754	1234.2896
530.58929	1238.7058
530.64105	1211.9033
530.69281	1217.5648
530.74463	1212.9238
530.79639	1233.6705
530.84814	1218.0068
530.89996	1210.5747
530.95172	1196.7976
531.00348	1199.5001
531.05524	1173.449
531.10706	1194.2257
531.15881	1205.204
531.21057	1177.095
531.26233	1172.2183
531.31415	1178.4464
531.36591	1176.1431
531.41766	1157.6006
531.46948	1163.3511
531.52124	1165.0975
531.573	1155.1411
531.62476	1152.3914
531.67657	1153.3204
531.72833	1150.271
531.78009	1140.3018
531.83185	1119.5977
531.88367	1135.9886
531.93542	1148.4585
531.98718	1118.6927
532.039	1114.944
532.09076	1121.0557
532.14252	1125.2041
532.19427	1125.9659
532.24609	1122.3785
532.29785	1108.4669
532.34961	1113.0343
532.40137	1107.9459
532.45319	1118.3052
532.50494	1118.5492
532.5567	1103.3574
532.60852	1103.101
532.66028	1103.1117
532.71204	1096.4432
532.76379	1105.4222
532.81561	1093.0969
532.86737	1091.3716
532.91913	1096.5759
532.97089	1098.6685
533.02271	1098.9454
533.07446	1098.2423
533.12622	1107.0963
533.17804	1097.8657
533.2298	1104.6715
533.28156	1094.2744
533.33331	1099.8584
533.38513	1089.9247
533.43689	1098.15
533.48865	1099.3463
533.54041	1093.3252
533.59222	1100.5708
533.64398	1088.4397
533.69574	1093.595
533.74756	1100.6365
533.79932	1092.8186
533.85107	1084.6924
533.90283	1096.1024
533.95465	1102.3213
534.00641	1092.6348
534.05817	1094.6388
534.10992	1107.5741
534.16174	1102.0706
534.2135	1096.3236
534.26526	1092.1189
534.31708	1096.225
534.36884	1101.3385
534.42059	1106.9768
534.47235	1110.8381
534.52417	1113.0382
534.57593	1109.8439
534.62769	1099.9578
534.67944	1108.2831
534.73126	1116.8474
534.78302	1118.5629
534.83478	1117.405
534.8866	1117.0444
534.93835	1121.9614
534.99011	1116.2827
535.04187	1105.6532
535.09369	1109.4572
535.14545	1114.2197
535.1972	1114.1604
535.24896	1119.688
535.30078	1124.9388
535.35254	1127.8512
535.4043	1112.595
535.45612	1131.3987
535.50787	1133.2737
535.55963	1135.3567
535.61139	1131.2114
535.66321	1136.4872
535.71497	1134.0645
535.76672	1152.349
535.81848	1148.4021
535.8703	1150.4465
535.92206	1153.3101
535.97382	1159.9045
536.02563	1145.1212
536.07739	1156.3397
536.12915	1175.7876
536.18091	1177.5197
536.23273	1173.0159
536.28448	1182.9615
536.33624	1186.5238
536.388	1174.934
536.43982	1189.8066
536.49158	1205.4351
536.54333	1191.3783
536.59515	1185.4557
536.64691	1220.9507
536.69867	1208.7303
536.75043	1220.8839
536.80225	1242.5732
536.854	1236.4884
536.90576	1257.8138
536.95752	1250.1504
537.00934	1263.2784
537.0611	1270.4989
537.11285	1296.8315
537.16467	1305.2626
537.21643	1311.0172
537.26819	1346.7511
537.31995	1349.3208
537.37177	1378.3431
537.42352	1365.8429
537.47528	1421.3713
537.52704	1425.4897
537.57886	1472.4109
537.63062	1551.0015
537.68237	1573.8682
537.73419	1633.5962
537.78595	1722.027
537.83771	1786.6681
537.88947	1885.6265
537.94128	1954.3619
537.99304	2072.9373
538.0448	2244.6206
538.09656	2339.3066
538.14838	2465.8621
538.20013	2621.2678
538.25189	2711.6299
538.30371	2871.6821
538.35547	2976.1709
538.40723	3081.6604
538.45898	3127.4214
538.5108	3201.0869
538.56256	3232.9448
538.61432	3351.4341
538.66608	3378.0471
538.7179	3409.8748
538.76965	3441.0972
538.82141	3483.53
538.87323	3454.3411
538.92499	3427.1143
538.97675	3418.5076
539.0285	3388.9385
539.08032	3382.0112
539.13208	3392.896
539.18384	3295.1809
539.2356	3248.3374
539.28741	3182.5259
539.33917	3122.8293
539.39093	3087.1479
539.44275	3075.2068
539.49451	3079.8418
539.54626	3095.1697
539.59802	3112.1509
539.64984	3112.9712
539.7016	3100.5164
539.75336	3113.6726
539.80511	3119.4065
539.85693	3137.8328
539.90869	3142.9712
539.96045	3141.1187
540.01227	3143.8015
540.06403	3183.9951
540.11578	3244.324
540.16754	3288.1694
540.21936	3329.5845
540.27112	3405.4241
540.32288	3449.2742
540.37463	3463.0732
540.42645	3534.0313
540.47821	3534.4519
540.52997	3494.1428
540.58173	3479.9729
540.63354	3418.384
540.6853	3334.1943
540.73706	3265.6082
540.78888	3174.9934
540.84064	2988.2632
540.8924	2831.3059
540.94415	2745.8525
540.99597	2626.2656
541.04773	2546.1572
541.09949	2510.1365
541.15125	2524.0496
541.20306	2554.2603
541.25482	2576.2024
541.30658	2609.4072
541.3584	2682.6641
541.41016	2702.6689
541.46191	2805.4529
541.51367	2865.0999
541.56549	2933.3584
541.61725	2963.6018
541.66901	2965.2063
541.72076	2958.6008
541.77258	2935.1143
541.82434	2859.5281
541.8761	2814.3252
541.92792	2765.3386
541.97968	2724.7471
542.03143	2694.1475
542.08319	2640.6638
542.13501	2520.0674
542.18677	2446.8237
542.23853	2381.3577
542.29028	2318.3447
542.3421	2260.644
542.39386	2269.7837
542.44562	2191.5818
542.49744	2162.3274
542.54919	2147.2
542.60095	2085.5955
542.65271	2098.4839
542.70453	2031.8457
542.75629	2022.4126
542.80804	2026.683
542.8598	1977.5211
542.91162	1970.9408
542.96338	1987.4823
543.01514	1982.7885
543.06696	1980.4189
543.11871	1947.3708
543.17047	1945.3435
543.22223	1956.2657
543.27405	1915.2041
543.32581	1921.2267
543.37756	1930.215
543.42932	1990.0767
543.48114	1968.3326
543.5329	2005.3566
543.58466	1967.9204
543.63647	1970.3743
543.68823	1994.3203
543.73999	2026.2373
543.79175	2049.2131
543.84357	2039.6864
543.89532	2059.0186
543.94708	2094.9963
543.99884	2122.7966
544.05066	2108.0994
544.10242	2101.2097
544.15417	2142.7678
544.20599	2168.7039
544.25775	2242.4365
544.30951	2266.6274
544.36127	2306.9548
544.41309	2356.9443
544.46484	2404.0569
544.5166	2434.4824
544.56836	2475.9824
544.62018	2532.249
544.67194	2548.0784
544.72369	2569.5247
544.77551	2566.269
544.82727	2595.9324
544.87903	2591.3892
544.93079	2556.0825
544.9826	2570.0994
545.03436	2602.5466
545.08612	2511.9031
545.13788	2471.0496
545.1897	2477.4094
545.24146	2439.0742
545.29321	2388.2007
545.34503	2380.1379
545.39679	2397.7542
545.44855	2399.9851
545.50031	2372.5664
545.55212	2346.0037
545.60388	2374.179
545.65564	2348.655
545.7074	2324.4297
545.75922	2318.0171
545.81097	2297.2793
545.86273	2245.0657
545.91455	2214.5354
545.96631	2170.5134
546.01807	2168.2722
546.06982	2140.8108
546.12164	2094.8337
546.1734	2070.0098
546.22516	2021.2257
546.27692	1980.5715
546.32874	1995.1827
546.38049	2000.6366
546.43225	1964.9333
546.48407	1937.4948
546.53583	1927.6057
546.58759	1911.6349
546.63934	1914.3202
546.69116	1911.6809
546.74292	1909.5039
546.79468	1928.9108
546.84644	1942.4589
546.89825	1947.3739
546.95001	1928.1998
547.00177	1919.2206
547.05359	1932.4241
547.10535	1932.7887
547.1571	1904.7593
547.20886	1889.3204
547.26068	1908.2716
547.31244	1928.6154
547.3642	1919.4886
547.41595	1909.5916
547.46777	1921.3171
547.51953	1927.3801
547.57129	1908.1741
547.62311	1915.4965
547.67487	1935.7596
547.72662	1953.9697
547.77838	1951.8115
547.8302	1953.9448
547.88196	1987.0187
547.93372	2012.9301
547.98547	2005.2004
548.03729	2017.0745
548.08905	2036.3864
548.14081	2026.6931
548.19263	2033.8235
548.24438	2063.8142
548.29614	2107.0532
548.3479	2128.9543
548.39972	2153.907
548.45148	2183.5417
548.50323	2188.4211
548.55499	2198.4238
548.60681	2224.6013
548.65857	2251.2502
548.71033	2269.7419
548.76215	2313.0044
548.8139	2325.2095
548.86566	2330.1372
548.91742	2359.1785
548.96924	2380.9028
549.021	2403.6694
549.07275	2428.2104
549.12451	2441.1804
549.17633	2480.7222
549.22809	2499.4045
549.27985	2479.8948
549.33167	2473.0872
549.38342	2502.4729
549.43518	2476.8784
549.48694	2526.5837
549.53876	2455.0669
549.59052	2421.4827
549.64227	2405.1418
549.69403	2366.0598
549.74585	2369.1333
549.79761	2346.2803
549.84937	2319.8438
549.90118	2307.7122
549.95294	2281.0588
550.0047	2247.45
550.05646	2200.125
550.10828	2181.0923
550.16003	2165.8586
550.21179	2120.4177
550.26355	2076.676
550.31537	2054.4907
550.36713	2033.2665
550.41888	1987.1815
550.4707	1967.2799
550.52246	1943.7643
550.57422	1963.505
550.62598	1882.6886
550.6778	1872.2419
550.72955	1886.4915
550.78131	1839.3617
550.83307	1800.6597
550.88489	1791.7552
550.93665	1796.791
550.9884	1751.8508
551.04022	1727.3304
551.09198	1726.4142
551.14374	1712.8557
551.1955	1694.0691
551.24731	1665.187
551.29907	1636.0779
551.35083	1626.6023
551.40259	1609.4889
551.45441	1627.1794
551.50616	1587.7727
551.55792	1581.6022
551.60974	1589.6571
551.6615	1582.8638
551.71326	1562.5608
551.76501	1541.6697
551.81683	1538.057
551.86859	1522.3246
551.92035	1530.8929
551.97211	1509.572
552.02393	1500.0045
552.07568	1502.1885
552.12744	1465.1022
552.17926	1474.8708
552.23102	1491.5266
552.28278	1472.6517
552.33453	1443.8556
552.38635	1425.3337
552.43811	1427.8564
552.48987	1419.9991
552.54163	1400.3889
552.59344	1396.4746
552.6452	1387.4557
552.69696	1371.1031
552.74878	1378.3662
552.80054	1374.7684
552.85229	1351.1996
552.90405	1344.3676
552.95587	1331.1273
553.00763	1313.8573
553.05939	1306.1577
553.11115	1304.9468
553.16296	1313.642
553.21472	1306.7445
553.26648	1306.2986
553.3183	1299.6493
553.37006	1269.9456
553.42181	1261.8573
553.47357	1265.5273
553.52539	1261.7861
553.57715	1243.347
553.62891	1237.6511
553.68066	1224.1803
553.73248	1213.8932
553.78424	1201.9773
553.836	1194.5945
553.88782	1185.1991
553.93958	1189.5267
553.99133	1191.745
554.04309	1175.417
554.09491	1169.2452
554.14667	1159.2152
554.19843	1154.6388
554.25018	1180.1703
554.302	1172.6787
554.35376	1151.4784
554.40552	1143.4281
554.45734	1148.6138
554.50909	1128.3965
554.56085	1140.5719
554.61261	1133.7297
554.66443	1116.579
554.71619	1104.3689
554.76794	1124.171
554.8197	1110.1949
554.87152	1106.761
554.92328	1119.6992
554.97504	1096.3298
555.02686	1097.6621
555.07861	1105.0951
555.13037	1095.397
555.18213	1092.6704
555.23395	1108.068
555.28571	1099.2191
555.33746	1096.2533
555.38922	1093.3431
555.44104	1113.9569
555.4928	1103.9484
555.54456	1080.8774
555.59637	1097.6189
555.64813	1095.3734
555.69989	1109.2036
555.75165	1116.0642
555.80347	1086.0635
555.85522	1081.8489
555.90698	1076.6301
555.95874	1078.9156
556.01056	1073.097
556.06232	1076.6414
556.11407	1067.6384
556.16589	1075.8794
556.21765	1074.1567
556.26941	1063.6692
556.32117	1058.9551
556.37299	1064.2264
556.42474	1054.0225
556.4765	1052.7803
556.52826	1053.5608
556.58008	1042.5258
556.63184	1044.1501
556.68359	1036.8778
556.73541	1020.1589
556.78717	1028.8586
556.83893	1037.6764
556.89069	1028.7692
556.9425	1019.3411
556.99426	1023.3696
557.04602	1023.4031
557.09778	1027.1613
557.1496	1024.5935
557.20135	1018.5386
557.25311	1010.4719
557.30493	1009.1591
557.35669	1008.9406
557.40845	1012.8084
557.46021	1019.4913
557.51202	1016.0675
557.56378	1013.1298
557.61554	1012.136
557.6673	1006.3714
557.71912	1001.6186
557.77087	997.14777
557.82263	999.84082
557.87445	997.44775
557.92621	998.60547
557.97797	1004.2153
558.02972	998.58539
558.08154	1002.6231
558.1333	994.35974
558.18506	977.17908
558.23682	989.4646
558.28864	1001.4158
558.34039	988.31879
558.39215	987.42969
558.44397	1002.4517
558.49573	994.87964
558.54749	981.32434
558.59924	982.23004
558.65106	984.79742
558.70282	979.9892
558.75458	974.26849
558.80634	977.79486
558.85815	980.23297
558.90991	978.18414
558.96167	972.47772
559.01349	970.69342
559.06525	972.56238
559.117	971.45197
559.16876	964.91095
559.22058	978.53912
559.27234	974.83154
559.3241	968.43054
559.37585	968.83618
559.42767	971.29095
559.47943	958.26715
559.53119	955.2851
559.58301	961.28302
559.63477	953.37598
559.68652	956.9082
559.73828	967.84912
559.7901	961.40289
559.84186	952.53455
559.89362	950.42078
559.94537	951.37323
559.99719	957.77075
560.04895	951.51489
560.10071	955.53314
560.15253	954.92419
560.20428	963.18958
560.25604	954.89154
560.3078	955.78046
560.35962	953.34393
560.41138	950.36035
560.46313	945.21686
560.51489	953.15094
560.56671	955.19232
560.61847	954.75665
560.67023	958.73395
560.72205	945.26892
560.7738	944.93024
560.82556	948.80365
560.87732	941.96545
560.92914	952.8208
560.9809	953.20514
561.03265	944.52295
561.08441	947.86902
561.13623	948.79504
561.18799	947.12695
561.23975	948.72284
561.29156	950.76398
561.34332	941.61353
561.39508	942.27264
561.44684	947.75928
561.49866	956.68292
561.55042	944.29956
561.60217	951.98541
561.65393	945.56561
561.70575	951.46698
561.75751	946.07715
561.80927	945.67493
561.86108	951.94824
561.91284	949.93463
561.9646	946.54187
562.01636	941.03003
562.06818	950.04846
562.11993	951.07697
562.17169	945.74176
562.22345	932.08649
562.27527	942.14313
562.32703	942.51782
562.37878	939.09192
562.4306	936.48505
562.48236	947.9516
562.53412	946.29791
562.58588	941.36578
562.6377	935.67859
562.68945	942.00275
562.74121	947.07092
562.79297	935.50427
562.84479	939.38922
562.89655	946.27502
562.9483	940.98547
563.00012	928.33124
563.05188	940.40369
563.10364	948.17792
563.1554	936.12256
563.20721	931.52521
563.25897	933.33575
563.31073	940.828
563.36249	937.71942
563.41431	936.97461
563.46606	940.59082
563.51782	936.56055
563.56964	939.27203
563.6214	936.33704
563.67316	932.99786
563.72491	930.2674
563.77673	927.26416
563.82849	937.23828
563.88025	935.81812
563.93201	931.21576
563.98383	935.98602
564.03558	932.17151
564.08734	932.42444
564.13916	932.97925
564.19092	931.50421
564.24268	927.3277
564.29443	928.10974
564.34625	934.05725
564.39801	934.74908
564.44977	931.65717
564.50153	930.70587
564.55334	932.76874
564.6051	938.22339
564.65686	936.59674
564.70868	928.99799
564.76044	932.86572
564.81219	932.69501
564.86395	932.99323
564.91577	932.05969
564.96753	928.92316
565.01929	928.83789
565.07104	937.46149
565.12286	921.70166
565.17462	929.66687
565.22638	939.38177
565.2782	927.84509
565.32996	924.74603
565.38171	925.98499
565.43347	929.53058
565.48529	926.87054
565.53705	919.62384
565.58881	925.0506
565.64056	930.91455
565.69238	924.53394
565.74414	931.18213
565.7959	928.46588
565.84772	934.62988
565.89948	928.63641
565.95123	926.59399
566.00299	924.12372
566.05481	933.51825
566.10657	934.17847
566.15833	936.20374
566.21008	927.36176
566.2619	919.5036
566.31366	929.37854
566.36542	934.24493
566.41724	925.43414
566.46899	935.40332
566.52075	931.08411
566.57251	921.7981
566.62433	933.7569
566.67609	924.10522
566.72784	933.28387
566.7796	927.67957
566.83142	941.42798
566.88318	927.13074
566.93494	925.07733
566.98676	927.79199
567.03851	930.82471
567.09027	923.56799
567.14203	923.1781
567.19385	927.685
567.24561	924.00238
567.29736	937.2099
567.34912	933.06372
567.40094	933.29993
567.4527	931.91583
567.50446	931.65027
567.55627	922.68036
567.60803	928.89685
567.65979	927.20642
567.71155	936.74933
567.76337	923.66388
567.81512	923.79877
567.86688	935.87769
567.91864	931.86353
567.97046	920.98468
568.02222	924.98206
568.07397	924.71375
568.12579	933.37573
568.17755	926.42596
568.22931	926.4198
568.28107	926.97888
568.33289	926.95068
568.38464	935.12262
568.4364	930.85626
568.48816	924.91437
568.53998	926.17468
568.59174	926.07782
568.64349	932.62769
568.69531	931.36395
568.74707	929.52972
568.79883	927.30762
568.85059	922.28192
568.9024	919.02856
568.95416	923.15057
569.00592	928.7597
569.05768	930.13733
569.1095	928.53851
569.16125	928.41046
569.21301	924.3045
569.26483	921.50562
569.31659	924.1524
569.36835	924.1629
569.4201	926.58459
569.47192	928.85498
569.52368	927.96631
569.57544	927.77057
569.6272	928.84106
569.67902	923.71552
569.73077	921.34052
569.78253	928.39667
569.83435	927.55518
569.88611	923.15045
569.93787	920.21021
569.98962	925.06213
570.04144	934.17883
570.0932	929.0083
570.14496	932.17682
570.19672	938.31702
570.24854	930.38849
570.30029	926.24554
570.35205	925.84003
570.40387	932.50903
570.45563	929.33044
570.50739	926.22363
570.55914	928.5589
570.61096	930.69373
570.66272	924.22949
570.71448	921.65082
570.76624	924.5517
570.81805	931.16382
570.86981	926.55798
570.92157	928.13904
570.97339	932.49896
571.02515	925.80902
571.0769	931.75757
571.12866	932.46619
571.18048	923.54425
571.23224	930.21991
571.284	933.25824
571.33575	931.29871
571.38757	918.60419
571.43933	922.66199
571.49109	935.60931
571.54291	934.18365
571.59467	930.34167
571.64642	931.32318
571.69818	931.70563
571.75	919.18597
571.80176	923.539
571.85352	933.11023
571.90527	942.83264
571.95709	921.81812
572.00885	925.12341
572.06061	927.16711
572.11243	928.10901
572.16418	922.34052
572.21594	919.47076
572.2677	929.67188
572.31952	930.6618
572.37128	934.47815
572.42303	932.15088
572.47479	931.02563
572.52661	932.59296
572.57837	928.53424
572.63013	923.41846
572.68195	929.58234
572.7337	936.84412
572.78546	921.07684
572.83722	908.26563
572.88904	935.15271
572.9408	929.52277
572.99255	935.8877
573.04431	931.92651
573.09613	920.06635
573.14789	928.56458
573.19965	934.59399
573.25146	932.78497
573.30322	920.66815
573.35498	926.62622
573.40674	923.09131
573.45856	926.30237
573.51031	934.55133
573.56207	934.16351
573.61383	927.19733
573.66565	922.11053
573.71741	924.51715
573.76917	930.27637
573.82098	925.04504
573.87274	928.0238
573.9245	921.87305
573.97626	928.54285
574.02808	921.78436
574.07983	932.79291
574.13159	929.17804
574.18335	930.01251
574.23517	936.70074
574.28693	933.32965
574.33868	932.48914
574.3905	936.25098
574.44226	929.35529
574.49402	928.07141
574.54578	935.03912
574.5976	932.81219
574.64935	938.1499
574.70111	938.73279
574.75287	933.82178
574.80469	935.20728
574.85645	938.36316
574.9082	932.73883
574.96002	932.19501
575.01178	930.54126
575.06354	934.58661
575.1153	929.84875
575.16711	928.15796
575.21887	930.2785
575.27063	933.52637
575.32239	931.8233
575.37421	928.94733
575.42596	934.40222
575.47772	932.88593
575.52954	933.54181
575.5813	935.91187
575.63306	937.13208
575.68481	928.08514
575.73663	930.83099
575.78839	943.12897
575.84015	939.18646
575.89191	934.89545
575.94373	932.85779
575.99548	928.94409
576.04724	930.77435
576.09906	930.91547
576.15082	944.34833
576.20258	940.59845
576.25433	929.81958
576.30615	924.67688
576.35791	928.07794
576.40967	929.7395
576.46143	929.95428
576.51324	934.93262
576.565	929.78534
576.61676	927.31812
576.66858	929.612
576.72034	933.12915
576.77209	932.16101
576.82385	929.36041
576.87567	932.64526
576.92743	932.97479
576.97919	931.04749
577.03094	933.19043
577.08276	937.58221
577.13452	935.43286
577.18628	931.06616
577.2381	932.12561
577.28986	936.60675
577.34161	936.12976
577.39337	933.29425
577.44519	934.198
577.49695	934.79498
577.54871	938.20807
577.60046	936.05719
577.65228	931.19116
577.70404	933.42993
577.7558	934.15729
577.80762	930.89417
577.85938	932.84888
577.91113	935.36536
577.96289	930.01019
578.01471	927.56274
578.06647	930.3725
578.11823	938.28687
578.16998	944.36139
578.2218	937.62115
578.27356	929.67676
578.32532	929.85992
578.37714	930.0542
578.42889	930.05798
578.48065	939.8479
578.53241	941.85498
578.58423	936.29907
578.63599	939.91809
578.68774	937.08142
578.7395	929.40192
578.79132	931.20465
578.84308	935.99585
578.89484	930.07947
578.94666	925.20935
578.99841	933.97552
579.05017	932.42853
579.10193	931.63214
579.15375	933.57178
579.20551	933.57129
579.25726	938.29938
579.30902	934.07764
579.36084	931.4198
579.4126	936.59869
579.46436	929.55243
579.51617	933.18286
579.56793	944.00879
579.61969	933.88422
579.67145	931.80408
579.72327	936.47943
579.77502	928.33234
579.82678	934.99689
579.87854	936.00476
579.93036	933.64282
579.98212	932.08618
580.03387	933.84509
580.08569	938.6795
580.13745	927.48053
580.18921	927.29803
580.24097	936.74036
580.29279	931.90704
580.34454	932.22131
580.3963	925.3197
580.44806	930.06738
580.49988	931.44153
580.55164	936.90991
580.60339	934.17981
580.65521	942.66315
580.70697	931.51849
580.75873	936.74677
580.81049	934.31488
580.8623	947.36237
580.91406	942.90796
580.96582	936.03625
581.01758	931.69849
581.0694	939.20776
581.12115	937.77545
581.17291	939.80524
581.22473	938.41266
581.27649	946.26764
581.32825	940.67371
581.38	931.86676
581.43182	934.98828
581.48358	938.5282
581.53534	939.69238
581.5871	941.21777
581.63892	941.83124
581.69067	938.65942
581.74243	942.18738
581.79425	931.94885
581.84601	935.21954
581.89777	940.20898
581.94952	942.52753
582.00134	939.63202
582.0531	934.42426
582.10486	939.6673
582.15662	942.2207
582.20844	938.1322
582.26019	935.39722
582.31195	944.22308
582.36377	940.53339
582.41553	934.62616
582.46729	942.30219
582.51904	935.01599
582.57086	940.55328
582.62262	941.99066
582.67438	942.05005
582.72614	947.03705
582.77795	946.12958
582.82971	937.6264
582.88147	943.02936
582.93323	942.05011
582.98505	936.24823
583.0368	937.33258
583.08856	941.94336
583.14038	940.36121
583.19214	930.37329
583.2439	933.07245
583.29565	931.7168
583.34747	937.255
583.39923	933.74475
583.45099	937.16302
583.50275	939.00024
583.55457	945.67401
583.60632	939.73102
583.65808	941.75128
583.7099	943.01825
583.76166	944.58203
583.81342	937.56421
583.86517	937.23065
583.91699	943.71399
583.96875	937.71936
584.02051	941.32019
584.07227	945.33655
584.12408	937.24432
584.17584	938.31183
584.2276	943.83398
584.27942	939.10168
584.33118	940.87408
584.38293	942.53217
584.43469	942.39246
584.48651	937.82074
584.53827	943.77716
584.59003	950.64075
584.64178	949.9278
584.6936	946.69183
584.74536	945.11761
584.79712	944.67944
584.84894	946.05865
584.9007	943.49817
584.95245	939.97131
585.00421	940.99335
585.05603	939.06177
585.10779	940.61377
585.15955	941.09845
585.2113	939.74512
585.26312	940.30212
585.31488	941.41962
585.36664	941.58246
585.41846	939.54553
585.47021	942.62292
585.52197	946.85699
585.57373	944.42859
585.62555	944.85468
585.67731	946.70551
585.72906	940.31689
585.78082	935.11316
585.83264	945.66058
585.8844	949.14563
585.93616	938.77783
585.98798	938.08325
586.03973	950.02643
586.09149	949.46545
586.14325	942.18231
586.19507	942.46216
586.24683	939.41113
586.29858	941.31378
586.35034	941.21893
586.40216	942.4549
586.45392	948.74683
586.50568	948.87354
586.5575	941.22546
586.60925	936.04156
586.66101	940.36096
586.71277	941.39148
586.76459	937.18658
586.81635	938.64185
586.8681	943.9046
586.91986	943.77161
586.97168	946.27551
587.02344	947.2453
587.0752	946.31726
587.12701	942.15723
587.17877	941.24542
587.23053	939.00769
587.28229	940.67999
587.33411	945.39471
587.38586	946.3786
587.43762	945.82098
587.48938	947.84979
587.5412	953.85199
587.59296	941.78778
587.64471	936.87878
587.69653	941.78326
587.74829	941.22186
587.80005	943.76239
587.85181	946.45197
587.90363	950.76105
587.95538	949.51117
588.00714	951.18927
588.0589	944.03784
588.11072	945.86133
588.16248	946.37537
588.21423	940.56049
588.26605	938.49365
588.31781	941.89276
588.36957	942.08386
588.42133	937.7041
588.47314	940.1698
588.5249	946.02924
588.57666	953.4798
588.62842	947.24298
588.68024	942.27203
588.73199	951.29205
588.78375	958.1828
588.83557	951.3559
588.88733	934.25323
588.93909	950.2356
588.99084	950.52808
589.04266	948.49634
589.09442	940.59778
589.14618	946.69427
589.19794	946.44916
589.24976	942.698
589.30151	943.04742
589.35327	944.94989
589.40509	951.08112
589.45685	942.66998
589.50861	951.14355
589.56036	944.26318
589.61218	940.02496
589.66394	950.17572
589.7157	937.93842
589.76746	952.91681
589.81927	949.07867
589.87103	948.54773
589.92279	949.23206
589.97461	947.62384
590.02637	954.4292
590.07813	942.08612
590.12988	952.96045
590.1817	946.99042
590.23346	952.68878
590.28522	953.4458
590.33698	938.40747
590.38879	943.86151
590.44055	954.39905
590.49231	952.30188
590.54413	939.68152
590.59589	945.90479
590.64764	956.18335
590.6994	950.52795
590.75122	939.55115
590.80298	942.68768
590.85474	950.15729
590.90649	942.53094
590.95831	948.47308
591.01007	948.2135
591.06183	955.67047
591.11365	955.01874
591.16541	945.70154
591.21716	951.36737
591.26892	944.271
591.32074	950.57251
591.3725	952.33368
591.42426	948.90112
591.47601	955.48291
591.52783	951.21838
591.57959	938.97937
591.63135	945.72668
591.68317	958.78107
591.73492	954.70862
591.78668	944.60938
591.83844	950.64203
591.89026	956.00696
591.94202	945.21912
591.99377	950.7218
592.04553	946.30078
592.09735	951.83801
592.14911	951.42096
592.20087	944.55554
592.25269	947.9856
592.30444	949.56757
592.3562	945.25427
592.40796	953.9873
592.45978	949.41608
592.51154	951.2677
592.56329	959.0058
592.61505	951.76062
592.66687	954.86273
592.71863	954.35522
592.77039	952.82025
592.8222	950.62439
592.87396	948.13129
592.92572	950.86475
592.97748	956.60522
593.0293	951.0307
593.08105	958.47314
593.13281	955.96735
593.18457	949.93866
593.23639	953.33392
593.28815	953.47345
593.3399	952.02441
593.39172	951.93115
593.44348	945.55859
593.49524	953.84155
593.547	959.19611
593.59882	959.04651
593.65057	951.8894
593.70233	951.9834
593.75409	946.3205
593.80591	941.2644
593.85767	951.46387
593.90942	954.60883
593.96124	954.85175
594.013	958.24237
594.06476	959.71448
594.11652	956.10553
594.16833	952.93542
594.22009	954.44171
594.27185	954.20331
594.32361	956.51947
594.37543	952.45215
594.42719	952.65448
594.47894	953.23846
594.53076	950.50269
594.58252	957.25562
594.63428	954.16626
594.68604	954.48969
594.73785	955.11108
594.78961	951.36212
594.84137	950.41064
594.89313	953.65405
594.94495	950.87
594.9967	953.89404
595.04846	953.26672
595.10028	955.29797
595.15204	949.30231
595.2038	951.92273
595.25555	955.84326
595.30737	954.12207
595.35913	952.83173
595.41089	951.72925
595.46265	949.89276
595.51447	951.16516
595.56622	947.35809
595.61798	956.67596
595.6698	951.45624
595.72156	950.74664
595.77332	956.39703
595.82507	953.55859
595.87689	954.76154
595.92865	946.06378
595.98041	956.60236
596.03217	954.18243
596.08398	951.0271
596.13574	950.91223
596.1875	947.50049
596.23932	950.94843
596.29108	954.7771
596.34283	948.05896
596.39459	957.65723
596.44641	961.28448
596.49817	959.49786
596.54993	955.60455
596.60168	951.99567
596.6535	956.71808
596.70526	952.23376
596.75702	952.97314
596.80884	954.46045
596.8606	948.13031
596.91235	956.54474
596.96411	959.29053
597.01593	950.70374
597.06769	956.6322
597.11945	955.85004
597.1712	952.01447
597.22302	955.73169
597.27478	954.57397
597.32654	959.87939
597.37836	958.60138
597.43011	953.54572
597.48187	948.91907
597.53363	958.31543
597.58545	961.16138
597.63721	960.96875
597.68896	955.45911
597.74072	952.91821
597.79254	948.2384
597.8443	953.76044
597.89606	954.8125
597.94788	952.27838
597.99963	953.87836
598.05139	948.91193
598.10315	950.83655
598.15497	955.05542
598.20673	960.86517
598.25848	951.65326
598.31024	950.83246
598.36206	956.01685
598.41382	952.62158
598.46558	955.83911
598.5174	957.73328
598.56915	957.57953
598.62091	948.39056
598.67267	950.14307
598.72449	950.40845
598.77625	957.33246
598.828	964.5177
598.87976	956.38013
598.93158	947.55859
598.98334	949.36835
599.0351	954.07574
599.08691	952.47644
599.13867	952.40814
599.19043	950.2392
599.24219	951.66327
599.29401	953.4765
599.34576	952.18964
599.39752	955.61902
599.44928	955.13361
599.5011	952.2829
599.55286	957.9314
599.60461	957.87201
599.65643	957.06238
599.70819	959.02405
599.75995	955.10437
599.81171	952.58618
599.86353	953.57874
599.91528	955.59473
599.96704	959.07892
600.0188	959.31366
600.07062	958.29456
600.12238	963.42084
600.17413	958.00073
600.22595	953.43622
600.27771	959.85504
600.32947	959.05328
600.38123	961.9942
600.43304	963.76825
600.4848	958.25714
600.53656	956.6449
600.58832	959.83624
600.64014	958.49811
600.69189	952.29248
600.74365	949.61511
600.79547	956.94653
600.84723	959.63562
600.89899	958.99615
600.95074	955.2099
601.00256	955.47705
601.05432	959.35846
601.10608	955.79218
601.15784	951.45984
601.20966	954.91205
601.26141	956.02612
601.31317	953.69702
601.36499	954.49292
601.41675	960.5675
601.46851	957.74512
601.52026	957.27429
601.57208	955.02899
601.62384	946.65741
601.6756	954.4693
601.72736	955.53229
601.77917	955.11377
601.83093	952.94348
601.88269	952.41895
601.93451	956.69299
601.98627	952.30438
602.03802	956.80951
602.08978	952.07233
602.1416	957.12262
602.19336	951.8429
602.24512	949.52448
602.29688	949.4162
602.34869	949.23254
602.40045	949.31268
602.45221	947.2085
602.50403	949.92542
602.55579	950.34796
602.60754	952.23657
602.6593	944.70459
602.71112	949.09033
602.76288	952.4458
602.81464	944.11328
602.86639	957.63293
602.91821	953.21716
602.96997	957.58105
603.02173	957.30756
603.07355	951.83801
603.12531	948.51953
603.17706	959.18311
603.22882	952.30237
603.28064	951.24481
603.3324	957.09332
603.38416	948.30792
603.43591	950.79358
603.48773	943.35254
603.53949	953.53638
603.59125	947.6189
603.64307	956.61273
603.69482	950.24884
603.74658	955.00214
603.79834	954.72437
603.85016	947.83014
603.90192	958.02563
603.95367	959.08521
604.00543	963.32184
604.05725	950.45959
604.10901	945.00739
604.16077	952.96222
604.21259	953.98419
604.26434	953.99438
604.3161	951.05963
604.36786	954.39246
604.41968	942.42035
604.47144	950.633
604.52319	946.69958
604.57495	966.87036
604.62677	944.42908
604.67853	949.54614
604.73029	948.12695
604.7821	948.44891
604.83386	950.78345
604.88562	946.42285
604.93738	945.98425
604.9892	944.18097
605.04095	947.56567
605.09271	949.3172
605.14447	951.69012
605.19629	956.37
605.24805	951.74536
605.2998	954.87964
605.35162	954.61682
605.40338	951.48566
605.45514	950.552
605.5069	956.80194
605.55872	950.01453
605.61047	955.54968
605.66223	948.29138
605.71399	956.31708
605.76581	951.54773
605.81757	943.4986
605.86932	956.83557
605.92114	953.28772
605.9729	950.67639
606.02466	950.86145
606.07642	959.95288
606.12823	953.54462
606.17999	954.43195
606.23175	950.87653
606.28351	949.84332
606.33533	948.83466
606.38708	948.46265
606.43884	952.53943
606.49066	954.32898
606.54242	955.19055
606.59418	947.84949
606.64594	946.75677
606.69775	945.67377
606.74951	956.99548
606.80127	949.66095
606.85303	952.47174
606.90485	949.3855
606.9566	952.9707
607.00836	952.54712
607.06018	955.68494
607.11194	951.58179
607.1637	950.77844
607.21545	947.00452
607.26727	942.16071
607.31903	953.91565
607.37079	952.91278
607.42255	950.04022
607.47437	954.10498
607.52612	955.00519
607.57788	952.8902
607.6297	953.48474
607.68146	947.72522
607.73322	947.07349
607.78497	948.54218
607.83679	950.61438
607.88855	949.19922
607.94031	947.5235
607.99207	948.51721
608.04388	954.95538
608.09564	961.70734
608.1474	954.71472
608.19922	951.83911
608.25098	954.93469
608.30273	955.20715
608.35449	951.37067
608.40631	952.76227
608.45807	951.62048
608.50983	951.39819
608.56158	957.77301
608.6134	952.71014
608.66516	948.22406
608.71692	947.39679
608.76874	948.67871
608.8205	952.67896
608.87225	950.71143
608.92401	948.92462
608.97583	951.31989
609.02759	954.63446
609.07935	956.12616
609.1311	951.35645
609.18292	946.75574
609.23468	946.87775
609.28644	949.79883
609.33826	956.19678
609.39001	954.82172
609.44177	949.94995
609.49353	946.91589
609.54535	952.51031
609.59711	954.28046
609.64886	953.83752
609.70062	953.2937
609.75244	947.03253
609.8042	949.71741
609.85596	950.26996
609.90778	949.64069
609.95953	944.82556
610.01129	950.36664
610.06305	952.354
610.11487	948.17035
610.16663	947.08783
610.21838	945.61365
610.27014	945.58655
610.32196	949.83588
610.37372	949.48029
610.42548	950.17102
610.47729	945.57245
610.52905	951.422
610.58081	950.18298
610.63257	952.30182
610.68439	948.74115
610.73615	948.08807
610.7879	951.50549
610.83966	956.09637
610.89148	948.43835
610.94324	955.87921
610.995	953.25085
611.04681	951.62848
611.09857	949.08148
611.15033	949.80585
611.20209	951.15765
611.25391	958.31439
611.30566	946.0318
611.35742	948.39313
611.40918	948.28101
611.461	944.35791
611.51276	945.83813
611.56451	941.81665
611.61633	947.39777
611.66809	952.97021
611.71985	944.30957
611.77161	949.16791
611.82343	948.48627
611.87518	952.06482
611.92694	961.96991
611.9787	950.91266
612.03052	945.9295
612.08228	952.15173
612.13403	958.05273
612.18585	950.23151
612.23761	951.70264
612.28937	951.54675
612.34113	953.56378
612.39294	947.11176
612.4447	947.98462
612.49646	945.04297
612.54822	941.61188
612.60004	948.65869
612.65179	947.77783
612.70355	949.7085
612.75537	946.06885
612.80713	950.92822
612.85889	952.25677
612.91064	957.14874
612.96246	943.97437
613.01422	945.70886
613.06598	951.64722
613.11774	941.24969
613.16956	944.81494
613.22131	944.58093
613.27307	947.36243
613.32489	952.34259
613.37665	947.03357
613.42841	955.21594
613.48016	952.92566
613.53198	947.72272
613.58374	960.19318
613.6355	949.64673
613.68726	954.95105
613.73907	956.89716
613.79083	957.47144
613.84259	948.26196
613.89441	945.9599
613.94617	949.09381
613.99792	940.14203
614.04968	952.76624
614.1015	948.36102
614.15326	949.33234
614.20502	947.87366
614.25677	952.34491
614.30859	952.34412
614.36035	951.84686
614.41211	951.84259
614.46393	953.31836
614.51569	946.48126
614.56744	954.64264
614.6192	940.73969
614.67102	953.89111
614.72278	966.38354
614.77454	951.00916
614.82629	943.64423
614.87811	957.61102
614.92987	949.80896
614.98163	948.86261
615.03345	947.89362
615.08521	949.2356
615.13696	944.21124
615.18872	956.34033
615.24054	950.86688
615.2923	955.84369
615.34406	949.46863
615.39581	954.74487
615.44763	954.4201
615.49939	945.29907
615.55115	944.77472
615.60297	942.58722
615.65472	949.00482
615.70648	948.05048
615.75824	949.14709
615.81006	949.76111
615.86182	942.37933
615.91357	945.67621
615.96533	942.85193
616.01715	946.63605
616.06891	943.88062
616.12067	951.87622
616.17249	950.33521
616.22424	949.39191
616.276	948.8927
616.32776	947.55426
616.37958	948.9859
616.43134	945.5675
616.48309	953.92834
616.53485	945.50311
616.58667	942.89954
616.63843	946.89447
616.69019	949.43579
616.742	949.80774
616.79376	940.53754
616.84552	944.72131
616.89728	949.49921
616.9491	955.0705
617.00085	949.58154
617.05261	946.62292
617.10437	949.43542
617.15619	948.35138
617.20795	944.6969
617.2597	951.5249
617.31152	953.03088
617.36328	947.8266
617.41504	951.24872
617.4668	946.73602
617.51862	950.45197
617.57037	946.6701
617.62213	956.73901
617.67389	956.70551
617.72571	946.79163
617.77747	944.89594
617.82922	947.48907
617.88104	942.46289
617.9328	952.61407
617.98456	948.26727
618.03632	945.50696
618.08813	941.50061
618.13989	941.56421
618.19165	951.13293
618.24341	945.98877
618.29523	944.38501
618.34698	949.46552
618.39874	945.03912
618.45056	945.73499
618.50232	948.65448
618.55408	947.57318
618.60583	947.45959
618.65765	950.14697
618.70941	951.9516
618.76117	950.60413
618.81293	944.45062
618.86475	948.07025
618.9165	948.30811
618.96826	948.08679
619.02008	952.03839
619.07184	953.77289
619.1236	951.51331
619.17535	948.02374
619.22717	950.92371
619.27893	951.04474
619.33069	944.70862
619.38245	951.52295
619.43427	951.94531
619.48602	944.71765
619.53778	950.6322
619.5896	952.99084
619.64136	952.18433
619.69312	954.59393
619.74487	952.1214
619.79669	946.74353
619.84845	949.86542
619.90021	948.48212
619.95197	952.38879
620.00378	947.21399
620.05554	942.60889
620.1073	943.67291
620.15912	942.96594
620.21088	946.80231
620.26263	946.59338
620.31439	944.54016
620.36621	947.02722
620.41797	949.31799
620.46973	956.4964
620.52148	952.25104
620.5733	947.25073
620.62506	947.86694
620.67682	949.77606
620.72864	956.62561
620.7804	953.71954
620.83215	946.35388
620.88391	946.08972
620.93573	944.84033
620.98749	945.935
621.03925	948.47888
621.091	950.34637
621.14282	947.53735
621.19458	942.98132
621.24634	945.58344
621.29816	946.95386
621.34991	949.57184
621.40167	949.42902
621.45343	947.7583
621.50525	950.23914
621.55701	955.23059
621.60876	954.77264
621.66052	944.55127
621.71234	939.47888
621.7641	946.56165
621.81586	953.73181
621.86768	950.11188
621.91943	943.35419
621.97119	944.28149
622.02295	949.20288
622.07477	946.19611
622.12653	945.27081
622.17828	949.65771
622.23004	949.33826
622.28186	943.58661
622.33362	943.75366
622.38538	946.99585
622.43719	944.17456
622.48895	945.61938
622.54071	946.94409
622.59247	946.55487
622.64429	945.71942
622.69604	950.32104
622.7478	952.07928
622.79956	945.6344
622.85138	947.65948
622.90314	950.71802
622.9549	949.77765
623.00671	947.6217
623.05847	943.97296
623.11023	943.41681
623.16199	946.22443
623.21381	952.23804
623.26556	949.11957
623.31732	946.65747
623.36908	944.02747
623.4209	943.49426
623.47266	939.50494
623.52441	942.29388
623.57623	946.2832
623.62799	947.72565
623.67975	944.64722
623.73151	947.99969
623.78333	955.85706
623.83508	951.41016
623.88684	946.56342
623.9386	946.58575
623.99042	948.01337
624.04218	946.31427
624.09393	951.8963
624.14575	961.31989
624.19751	961.9563
624.24927	951.15735
624.30103	952.81683
624.35284	959.40582
624.4046	949.91663
624.45636	950.04846
624.50812	954.43744
624.55994	948.58051
624.61169	943.17102
624.66345	943.39319
624.71527	947.2254
624.76703	948.66339
624.81879	946.52863
624.87054	946.84753
624.92236	948.34338
624.97412	953.54761
625.02588	950.78516
625.07764	955.90552
625.12946	950.69733
625.18121	946.62921
625.23297	942.89447
625.28473	945.98346
625.33655	939.70703
625.38831	941.33038
625.44006	947.48749
625.49188	947.86896
625.54364	946.87024
625.5954	945.56769
625.64716	945.3819
625.69897	950.12238
625.75073	952.73755
625.80249	945.06696
625.85425	941.04907
625.90607	947.42065
625.95782	944.763
626.00958	948.66907
626.0614	948.81116
626.11316	949.45105
626.16492	947.91473
626.21667	945.38007
626.26849	953.66528
626.32025	954.07764
626.37201	952.70325
626.42377	946.84125
626.47559	947.58496
626.52734	945.73053
626.5791	948.13007
626.63092	948.76556
626.68268	954.92017
626.73444	954.62036
626.78619	952.30334
626.83801	951.72217
626.88977	946.1814
626.94153	949.52032
626.99329	949.03149
627.0451	954.80005
627.09686	945.66016
627.14862	945.13312
627.20044	947.17841
627.2522	946.56244
627.30396	952.3562
627.35571	948.07349
627.40753	952.53015
627.45929	951.21051
627.51105	950.70099
627.56281	958.91553
627.61462	955.85193
627.66638	946.66699
627.71814	944.45917
627.76996	952.13153
627.82172	946.03149
627.87347	947.26849
627.92523	942.06116
627.97705	948.11823
628.02881	950.56183
628.08057	945.46454
628.13232	943.04175
628.18414	949.18933
628.2359	945.32269
628.28766	944.03119
628.33948	944.66211
628.39124	949.14301
628.44299	952.34875
628.49475	957.63361
628.54657	958.13983
628.59833	950.44946
628.65009	944.90332
628.70184	950.12885
628.75366	950.22461
628.80542	951.01135
628.85718	951.10504
628.909	946.13855
628.96075	951.03302
629.01251	945.0553
629.06427	950.41431
629.11609	953.92285
629.16785	944.12189
629.2196	945.02332
629.27136	950.19196
629.32318	954.6756
629.37494	951.65234
629.4267	948.16595
629.47852	951.82098
629.53027	945.53058
629.58203	944.6908
629.63379	943.96759
629.68561	950.53021
629.73737	950.03027
629.78912	950.10809
629.84088	951.79529
629.8927	947.85468
629.94446	948.86823
629.99622	947.44989
630.04803	947.48157
630.09979	951.39862
630.15155	948.23041
630.20331	950.44427
630.25513	946.18329
630.30688	954.25958
630.35864	936.9649
630.4104	944.60327
630.46222	944.67719
630.51398	946.57629
630.56573	953.19519
630.61755	942.90179
630.66931	947.23767
630.72107	944.24164
630.77283	940.37573
630.82465	948.09711
630.8764	947.67548
630.92816	945.72223
630.97992	948.9765
631.03174	944.61615
631.0835	942.47504
631.13525	947.48572
631.18707	945.40002
631.23883	955.76147
631.29059	948.13861
631.34235	955.47998
631.39417	956.66571
631.44592	947.21625
631.49768	948.34229
631.54944	949.51575
631.60126	945.77435
631.65302	947.64752
631.70477	950.03125
631.75659	940.44012
631.80835	950.44983
631.86011	952.83832
631.91187	950.77887
631.96368	949.23962
632.01544	953.12671
632.0672	945.96027
632.11896	945.95789
632.17078	951.17896
632.22253	941.96393
632.27429	951.94403
632.32611	947.07465
632.37787	947.07385
632.42963	946.62421
632.48138	944.35297
632.5332	953.6875
632.58496	946.68036
632.63672	947.73315
632.68848	948.25964
632.7403	942.58563
632.79205	950.74866
632.84381	948.65283
632.89563	952.87915
632.94739	946.69849
632.99915	945.28009
633.0509	959.23883
633.10272	951.6535
633.15448	948.06226
633.20624	947.95972
633.258	948.17023
633.30981	957.50989
633.36157	952.01318
633.41333	947.00861
633.46515	947.54376
633.51691	955.8725
633.56866	949.11945
633.62042	945.78442
633.67224	952.3136
633.724	949.8147
633.77576	948.70294
633.82751	958.26996
633.87933	945.62787
633.93109	942.81122
633.98285	954.25439
634.03467	946.59552
634.08643	947.60028
634.13818	952.95538
634.18994	952.09241
634.24176	952.36267
634.29352	950.1366
634.34528	946.4046
634.39703	950.5401
634.44885	955.40863
634.50061	953.99719
634.55237	953.67462
634.60419	954.73212
634.65594	951.49561
634.7077	950.95142
634.75946	950.565
634.81128	954.90582
634.86304	943.42932
634.91479	947.92523
634.96655	952.07849
635.01837	952.66333
635.07013	953.73187
635.12189	950.49011
635.17371	949.9892
635.22546	950.25293
635.27722	957.64734
635.32898	953.31879
635.3808	951.11365
635.43256	952.02814
635.48431	951.60663
635.53607	947.1532
635.58789	948.73492
635.63965	951.23492
635.69141	953.65051
635.74323	954.43976
635.79498	947.98083
635.84674	948.10956
635.8985	954.31335
635.95032	952.22919
636.00208	954.35223
636.05383	952.68481
636.10559	955.10126
636.15741	960.76569
636.20917	952.4339
636.26093	952.42969
636.31274	961.59772
636.3645	951.47247
636.41626	952.91931
636.46802	972.59857
636.51984	957.09546
636.57159	957.3833
636.62335	951.67194
636.67511	963.26038
636.72693	950.72113
636.77869	963.96613
636.83044	962.74896
636.88226	954.591
636.93402	955.88251
636.98578	960.50916
637.03754	964.6123
637.08936	950.60431
637.14111	962.80017
637.19287	965.19135
637.24463	956.92932
637.29645	961.07098
637.34821	957.52094
637.39996	968.54144
637.45178	969.21234
637.50354	970.24908
637.5553	957.73083
637.60706	964.45496
637.65887	954.40887
637.71063	964.21246
637.76239	965.57275
637.81415	956.56464
637.86597	963.41925
637.91772	971.39539
637.96948	955.25714
638.0213	958.39124
638.07306	961.99585
638.12482	957.39264
638.17657	962.38971
638.22839	970.44482
638.28015	959.57611
638.33191	955.9469
638.38367	960.53046
638.43549	962.70465
638.48724	977.75531
638.539	961.07532
638.59082	962.63898
638.64258	968.74432
638.69434	966.62158
638.74609	967.69019
638.79791	965.12256
638.84967	966.33191
638.90143	966.04462
638.95319	976.26825
639.005	977.83698
639.05676	967.37476
639.10852	966.22424
639.16034	963.4729
639.2121	959.47339
639.26385	963.92004
639.31561	964.0824
639.36743	968.64948
639.41919	962.29944
639.47095	968.79059
639.52271	964.06439
639.57452	972.1543
639.62628	962.02893
639.67804	969.52484
639.72986	959.12402
639.78162	973.50555
639.83337	977.69006
639.88513	973.53131
639.93695	960.22864
639.98871	977.90466
640.04047	974.47125
640.09222	981.4436
640.14404	972.49536
640.1958	965.35797
640.24756	968.39868
640.29938	968.01361
640.35114	968.74683
640.40289	972.07703
640.45465	978.4353
640.50647	965.04919
640.55823	976.35443
640.60999	980.0564
640.66174	980.7019
640.71356	976.22443
640.76532	974.51526
640.81708	978.44788
640.8689	967.13782
640.92065	972.45514
640.97241	990.07489
641.02417	971.7171
641.07599	968.32141
641.12775	987.69861
641.1795	978.81085
641.23126	977.98877
641.28308	974.53534
641.33484	980.21344
641.3866	980.51776
641.43842	987.07532
641.49017	984.54901
641.54193	978.82007
641.59369	982.24994
641.64551	976.15485
641.69727	977.50024
641.74902	977.0683
641.80078	981.86829
641.8526	995.71118
641.90436	992.80707
641.95612	990.62549
642.00793	993.85486
642.05969	988.19073
642.11145	980.42731
642.16321	985.34583
642.21503	988.08533
642.26678	981.35004
642.31854	998.22443
642.3703	990.64728
642.42212	988.27454
642.47388	987.05469
642.52563	992.57635
642.57745	992.763
642.62921	995.47534
642.68097	994.45746
642.73273	999.36078
642.78455	999.51453
642.8363	998.92108
642.88806	999.44336
642.93982	999.56329
642.99164	992.57703
643.0434	1000.0408
643.09515	1004.6217
643.14697	1010.3918
643.19873	1004.3861
643.25049	997.98505
643.30225	1002.6606
643.35406	1007.2307
643.40582	1002.4103
643.45758	1005.7346
643.50934	1012.7385
643.56116	1010.175
643.61292	1012.014
643.66467	1008.9644
643.71649	1016.4097
643.76825	1014.8354
643.82001	1021.2766
643.87177	1021.6814
643.92358	1021.628
643.97534	1023.3839
644.0271	1023.4374
644.07886	1022.5995
644.13068	1031.8943
644.18243	1040.6154
644.23419	1041.746
644.28601	1045.2277
644.33777	1049.8436
644.38953	1050.8912
644.44128	1053.8246
644.4931	1053.291
644.54486	1053.319
644.59662	1058.7131
644.64838	1068.454
644.7002	1067.8845
644.75195	1073.1937
644.80371	1084.9985
644.85553	1080.3805
644.90729	1081.4343
644.95905	1083.4047
645.0108	1090.5433
645.06262	1091.5398
645.11438	1088.7614
645.16614	1103.7739
645.2179	1107.8124
645.26971	1108.9718
645.32147	1111.847
645.37323	1120.072
645.42505	1122.0004
645.47681	1112.3859
645.52856	1114.7543
645.58032	1110.6821
645.63214	1126.1174
645.6839	1128.6407
645.73566	1145.4357
645.78741	1140.2949
645.83923	1153.9154
645.89099	1150.2738
645.94275	1153.0331
645.99457	1165.8737
646.04633	1173.3782
646.09808	1188.0425
646.14984	1173.4077
646.20166	1189.7437
646.25342	1210.6633
646.30518	1223.4949
646.35693	1228.4825
646.40875	1244.1359
646.46051	1255.3352
646.51227	1245.7482
646.56409	1270.312
646.61584	1297.9473
646.6676	1316.6154
646.71936	1340.3485
646.77118	1347.926
646.82294	1352.2545
646.87469	1377.7484
646.92645	1389.3843
646.97827	1388.5007
647.03003	1384.7915
647.08179	1423.2944
647.13361	1413.1881
647.18536	1428.183
647.23712	1441.3887
647.28888	1433.4081
647.3407	1420.0338
647.39246	1430.9468
647.44421	1433.8152
647.49597	1404.0519
647.54779	1422.5089
647.59955	1428.6151
647.65131	1434.5167
647.70313	1443.8873
647.75488	1409.4694
647.80664	1429.83
647.8584	1451.2805
647.91022	1462.9697
647.96198	1455.3402
648.01373	1488.4716
648.06549	1482.2788
648.11731	1494.7804
648.16907	1517.9537
648.22083	1540.1765
648.27264	1567.0178
648.3244	1605.611
648.37616	1620.948
648.42792	1615.8694
648.47974	1641.2148
648.53149	1678.0178
648.58325	1695.7354
648.63501	1643.6221
648.68683	1699.4094
648.73859	1698.9075
648.79034	1731.8632
648.84216	1712.3787
648.89392	1724.3567
648.94568	1731.0682
648.99744	1731.0125
649.04926	1692.6654
649.10101	1703.5745
649.15277	1741.2747
649.20453	1746.0853
649.25635	1747.1952
649.30811	1787.3043
649.35986	1805.6781
649.41168	1788.2853
649.46344	1831.2328
649.5152	1836.5172
649.56696	1852.3348
649.61877	1838.9695
649.67053	1870.0959
649.72229	1884.5052
649.77405	1894.2563
649.82587	1876.3298
649.87762	1890.6028
649.92938	1906.3861
649.9812	1865.1533
650.03296	1913.6689
650.08472	1883.8073
650.13647	1848.6233
650.18829	1806.349
650.24005	1828.7703
650.29181	1791.8221
650.34357	1835.1913
650.39539	1845.6698
650.44714	1823.8521
650.4989	1860.8506
650.55072	1822.4917
650.60248	1793.6969
650.65424	1805.2483
650.70599	1827.2889
650.75781	1833.2413
650.80957	1838.6124
650.86133	1846.1598
650.91309	1893.5927
650.9649	1897.6545
651.01666	1905.0089
651.06842	1939.636
651.12024	1920.5601
651.172	1974.1948
651.22375	1991.0463
651.27551	2044.4681
651.32733	2002.9545
651.37909	2038.6199
651.43085	2053.4507
651.4826	2077.8401
651.53442	2155.5938
651.58618	2106.6487
651.63794	2117.2349
651.68976	2183.6987
651.74152	2160.1392
651.79327	2128.6653
651.84503	2203.0396
651.89685	2210.4192
651.94861	2240.1907
652.00037	2288.3967
652.05212	2265.866
652.10394	2268.9731
652.1557	2278.3245
652.20746	2369.1777
652.25928	2302.355
652.31104	2323.0369
652.36279	2316.3887
652.41455	2360.9106
652.46637	2367.7373
652.51813	2367.4976
652.56989	2379.793
652.62164	2383.4119
652.67346	2450.2188
652.72522	2449.9119
652.77698	2529.885
652.8288	2461.7324
652.88055	2504.7068
652.93231	2501.6606
652.98407	2493.4585
653.03589	2528.4617
653.08765	2580.3325
653.1394	2609.125
653.19116	2544.2224
653.24298	2540.7278
653.29474	2560.1792
653.3465	2563.7053
653.39832	2506.5098
653.45007	2480.4014
653.50183	2480.2148
653.55359	2474.7617
653.60541	2464.8201
653.65717	2388.1174
653.70892	2376.8523
653.76068	2393.4583
653.8125	2343.0608
653.86426	2302.9028
653.91602	2297.2935
653.96783	2294.261
654.01959	2313.7734
654.07135	2252.6611
654.12311	2263.3933
654.17493	2204.7051
654.22668	2204.1646
654.27844	2175.0264
654.3302	2177.1021
654.38202	2148.5933
654.43378	2151.5586
654.48553	2131.8494
654.53735	2135.0437
654.58911	2118.2991
654.64087	2075.7546
654.69263	2098.2209
654.74445	2113.1077
654.7962	2076.7126
654.84796	2123.6094
654.89972	2102.6978
654.95154	2097.8433
655.0033	2140.6602
655.05505	2151.7332
655.10687	2090.2458
655.15863	2110.9536
655.21039	2120.2419
655.26215	2096.4343
655.31396	2107.0208
655.36572	2101.0249
655.41748	2114.8464
655.46924	2109.9797
655.52106	2118.6226
655.57281	2113.4866
655.62457	2141.4302
655.67639	2150.6716
655.72815	2177.9304
655.77991	2167.9041
655.83167	2170.4238
655.88348	2140.6443
655.93524	2166.7305
655.987	2198.1067
656.03876	2168.8193
656.09058	2148.4209
656.14233	2168.5901
656.19409	2206.0171
656.24591	2185.8096
656.29767	2219.9058
656.34943	2203.1262
656.40118	2214.144
656.453	2205.853
656.50476	2256.0408
656.55652	2233.2917
656.60828	2238.5083
656.6601	2248.8081
656.71185	2244.9998
656.76361	2270.4141
656.81543	2273.5305
656.86719	2238.6072
656.91895	2239.7461
656.9707	2258.9497
657.02252	2250.958
657.07428	2277.1697
657.12604	2308.0181
657.1778	2258.3911
657.22961	2259.0854
657.28137	2269.1926
657.33313	2281.5085
657.38495	2297.2068
657.43671	2329.1672
657.48846	2297.8894
657.54022	2324.6509
657.59204	2295.2708
657.6438	2316.6348
657.69556	2332.7078
657.74731	2339.531
657.79913	2318.7397
657.85089	2323.8323
657.90265	2329.5581
657.95447	2341.4028
658.00623	2335.3247
658.05798	2339.5454
658.10974	2327.4106
658.16156	2318.8401
658.21332	2346.9712
658.26508	2336.0715
658.31683	2337.7166
658.36865	2310.0977
658.42041	2332.7417
658.47217	2341.4077
658.52399	2356.4458
658.57574	2309.4673
658.6275	2329.6714
658.67926	2321.7715
658.73108	2325.0386
658.78284	2330.9309
658.83459	2299.2617
658.88635	2329.6252
658.93817	2333.5405
658.98993	2287.3748
659.04169	2298.6067
659.09351	2338.5645
659.14526	2329.6086
659.19702	2319.5366
659.24878	2392.7705
659.3006	2354.6082
659.35236	2369.5876
659.40411	2383.1902
659.45587	2392.5547
659.50769	2391.7371
659.55945	2421.8418
659.61121	2448.2646
659.66302	2418.0403
659.71478	2420.7014
659.76654	2466.4956
659.8183	2483.5942
659.87012	2458.7498
659.92188	2510.7126
659.97363	2499.7141
660.02539	2545.1125
660.07721	2508.2754
660.12897	2531.9092
660.18073	2534.1663
660.23254	2512.665
660.2843	2576.2349
660.33606	2573.8352
660.38782	2588.9321
660.43964	2549.6592
660.49139	2598.2244
660.54315	2593.8848
660.59491	2596.042
660.64673	2627.5637
660.69849	2573.3113
660.75024	2607.2466
660.80206	2604.4922
660.85382	2598.5955
660.90558	2585.1128
660.95734	2625.1826
661.00916	2595.8538
661.06091	2638.5378
661.11267	2603.6545
661.16443	2586.0442
661.21625	2555.1697
661.26801	2556.3503
661.31976	2565.3945
661.37158	2542.9412
661.42334	2555.4993
661.4751	2552.5737
661.52686	2552.4014
661.57867	2548.4609
661.63043	2512.4329
661.68219	2464.4233
661.73395	2526.4893
661.78577	2449.7065
661.83752	2477.137
661.88928	2457.0691
661.9411	2421.5039
661.99286	2461.0081
662.04462	2459.77
662.09637	2402.4407
662.14819	2381.6577
662.19995	2407.9456
662.25171	2396.7568
662.30347	2349.5503
662.35529	2334.584
662.40704	2304.043
662.4588	2353.4307
662.51062	2328.7361
662.56238	2363.2566
662.61414	2339.3855
662.66589	2339.043
662.71771	2348.3433
662.76947	2330.2234
662.82123	2323.4504
662.87299	2307.28
662.9248	2285.751
662.97656	2300.3972
663.02832	2242.9351
663.08014	2284.6672
663.1319	2304.7256
663.18365	2272.8301
663.23541	2267.5591
663.28723	2250.8254
663.33899	2235.0068
663.39075	2244.157
663.4425	2277.2363
663.49432	2256.6687
663.54608	2240.8779
663.59784	2194.8931
663.64966	2214.1726
663.70142	2234.8816
663.75317	2208.0852
663.80493	2197.6812
663.85675	2213.0947
663.90851	2185.1484
663.96027	2194.5125
664.01202	2166.5361
664.06384	2117.7676
664.1156	2164.3713
664.16736	2128.2988
664.21918	2116.6294
664.27094	2102.2852
664.32269	2122.6096
664.37445	2125.7722
664.42627	2076.8523
664.47803	2105.4609
664.52979	2096.5979
664.58154	2044.0172
664.63336	2034.7623
664.68512	2060.7615
664.73688	2049.2363
664.7887	2019.1168
664.84045	2000.8354
664.89221	1989.3064
664.94397	1988.3477
664.99579	1981.9423
665.04755	1942.4509
665.0993	1944.8002
665.15106	1927.9187
665.20288	1903.8658
665.25464	1899.0815
665.3064	1916.7585
665.35822	1904.0664
665.40997	1906.0559
665.46173	1860.7291
665.51349	1861.9039
665.56531	1883.5583
665.61707	1874.2324
665.66882	1881.6486
665.72058	1853.6072
665.7724	1811.0089
665.82416	1841.2322
665.87592	1827.5682
665.92773	1857.0046
665.97949	1836.0554
666.03125	1839.4374
666.08301	1778.2869
666.13483	1778.4775
666.18658	1766.1987
666.23834	1762.5
666.2901	1774.0022
666.34192	1758.8694
666.39368	1773.2906
666.44543	1786.5085
666.49725	1783.0651
666.54901	1739.9819
666.60077	1740.1218
666.65253	1743.1246
666.70435	1717.7953
666.7561	1724.801
666.80786	1677.509
666.85962	1701.3179
666.91144	1704.2083
666.9632	1723.7463
667.01495	1737.618
667.06677	1725.8986
667.11853	1668.5214
667.17029	1671.979
667.22205	1657.9388
667.27386	1695.083
667.32562	1637.4009
667.37738	1633.8105
667.42914	1625.123
667.48096	1627.1715
667.53271	1645.5504
667.58447	1627.4675
667.63623	1556.2891
667.68805	1567.2959
667.73981	1544.5168
667.79156	1578.6309
667.84338	1562.2909
667.89514	1579.7295
667.9469	1534.9971
667.99866	1537.6484
668.05048	1526.0333
668.10223	1506.2151
668.15399	1521.3933
668.20575	1508.5192
668.25757	1496.9595
668.30933	1499.6874
668.36108	1482.0251
668.4129	1490.1136
668.46466	1451.7397
668.51642	1452.2213
668.56818	1445.8037
668.62	1441.7682
668.67175	1443.2159
668.72351	1442.233
668.77527	1439.7375
668.82709	1416.308
668.87885	1386.2847
668.9306	1384.7207
668.98242	1383.1979
669.03418	1360.7583
669.08594	1378.125
669.1377	1355.2456
669.18951	1361.2045
669.24127	1359.9445
669.29303	1328.7135
669.34479	1329.0175
669.39661	1314.4725
669.44836	1333.1484
669.50012	1329.0002
669.55194	1288.988
669.6037	1303.8665
669.65546	1287.4373
669.70721	1275.9028
669.75903	1284.225
669.81079	1266.1283
669.86255	1281.1857
669.91431	1263.9004
669.96613	1254.8297
670.01788	1258.4854
670.06964	1238.2181
670.12146	1238.9939
670.17322	1234.2188
670.22498	1234.5099
670.27673	1218.908
670.32855	1223.0576
670.38031	1200.1895
670.43207	1220.9332
670.48383	1216.1699
670.53564	1215.6494
670.5874	1205.6594
670.63916	1196.4454
670.69098	1192.4939
670.74274	1188.6575
670.79449	1174.053
670.84625	1193.39
670.89807	1160.2574
670.94983	1174.598
671.00159	1152.4838
671.05334	1149.7642
671.10516	1143.7866
671.15692	1134.8544
671.20868	1161.8853
671.2605	1152.3341
671.31226	1149.6874
671.36401	1160.2097
671.41577	1141.8877
671.46759	1118.9445
671.51935	1136.6912
671.57111	1122.0409
671.62286	1125.9039
671.67468	1124.5283
671.72644	1131.6421
671.7782	1117.6284
671.83002	1116.7251
671.88177	1109.7552
671.93353	1117.7446
671.98529	1101.3009
672.03711	1100.3027
672.08887	1112.9517
672.14063	1104.1804
672.19238	1107.6926
672.2442	1099.21
672.29596	1088.4326
672.34772	1087.5341
672.39954	1089.4321
672.45129	1084.5817
672.50305	1105.8528
672.55481	1086.7118
672.60663	1082.3169
672.65839	1070.1954
672.71014	1069.3848
672.7619	1080.7358
672.81372	1079.0431
672.86548	1061.1406
672.91724	1052.7219
672.96906	1084.9484
673.02081	1062.9548
673.07257	1055.5934
673.12433	1050.2407
673.17615	1054.1685
673.22791	1068.7338
673.27966	1057.781
673.33142	1050.6658
673.38324	1050.5902
673.435	1057.766
673.48676	1047.6847
673.53857	1064.548
673.59033	1059.3215
673.64209	1046.8386
673.69385	1047.7932
673.74567	1044.8152
673.79742	1039.4933
673.84918	1047.1233
673.90094	1036.0985
673.95276	1043.046
674.00452	1045.8466
674.05627	1048.1592
674.10809	1043.0398
674.15985	1036.1316
674.21161	1032.8611
674.26337	1032.1595
674.31519	1024.9407
674.36694	1026.5903
674.4187	1034.9154
674.47046	1037.3801
674.52228	1031.8021
674.57404	1020.8776
674.62579	1022.6086
674.67761	1027.3119
674.72937	1033.9589
674.78113	1026.1239
674.83289	1026.9528
674.8847	1026.1921
674.93646	1032.0789
674.98822	1024.7729
675.03998	1027.4001
675.0918	1030.3668
675.14355	1022.0093
675.19531	1019.2274
675.24713	1017.2131
675.29889	1022.8062
675.35065	1020.2202
675.4024	1008.8949
675.45422	1017.2705
675.50598	1026.5581
675.55774	1023.4163
675.6095	1011.5054
675.66132	1013.0635
675.71307	1018.1473
675.76483	1018.1107
675.81665	1012.3128
675.86841	1012.2463
675.92017	1004.4954
675.97192	1008.4056
676.02374	1014.1526
676.0755	1006.4903
676.12726	1004.3177
676.17902	1004.336
676.23083	1015.301
676.28259	1011.3643
676.33435	1001.3212
676.38617	1002.4418
676.43793	1006.1337
676.48969	1009.7908
676.54144	1012.8055
676.59326	1009.8104
676.64502	1010.9818
676.69678	1011.7989
676.74854	1006.1069
676.80035	996.83984
676.85211	999.34674
676.90387	1001.675
676.95569	1003.3211
677.00745	1002.3328
677.0592	998.54669
677.11096	996.03644
677.16278	993.71277
677.21454	991.51672
677.2663	995.80377
677.31805	1004.6892
677.36987	995.57538
677.42163	991.27252
677.47339	1001.7111
677.52521	994.29358
677.57697	988.64783
677.62872	993.44568
677.68048	996.98853
677.7323	992.80292
677.78406	990.84515
677.83582	979.52051
677.88757	983.10077
677.93939	987.67047
677.99115	986.56409
678.04291	982.52142
678.09473	984.75018
678.14648	989.91644
678.19824	977.70758
678.25	977.98499
678.30182	985.97156
678.35358	980.31049
678.40533	973.84583
678.45709	981.0462
678.50891	980.37555
678.56067	978.7923
678.61243	979.49664
678.66425	977.68573
678.716	982.11316
678.76776	978.15509
678.81952	981.0415
678.87134	983.87476
678.9231	978.85504
678.97485	981.62042
679.02661	976.9787
679.07843	971.14221
679.13019	968.89423
679.18195	970.92242
679.23376	979.44818
679.28552	981.08673
679.33728	986.08911
679.38904	981.75092
679.44086	971.90411
679.49261	973.6947
679.54437	979.37933
679.59613	976.71106
679.64795	975.16827
679.69971	977.52441
679.75146	978.54742
679.80328	976.81122
679.85504	977.1781
679.9068	973.75836
679.95856	971.94165
680.01038	976.61658
680.06213	978.36249
680.11389	970.36871
680.16565	971.54333
680.21747	972.81207
680.26923	969.85583
680.32098	970.14691
680.3728	972.41418
680.42456	973.85089
680.47632	968.17969
680.52808	969.15289
680.5799	976.57764
680.63165	978.43048
680.68341	971.09442
680.73517	969.00165
680.78699	966.30139
680.83875	969.46326
680.8905	967.48975
680.94232	958.00598
680.99408	959.42627
681.04584	968.73663
681.0976	970.39594
681.14941	958.63025
681.20117	957.72321
681.25293	968.53986
681.30469	965.21967
681.35651	961.65344
681.40826	952.45508
681.46002	959.92694
681.51184	957.34821
681.5636	956.38184
681.61536	967.06744
681.66711	955.79901
681.71893	959.90198
681.77069	963.06268
681.82245	960.19934
681.87421	962.48175
681.92603	962.73767
681.97778	960.87164
682.02954	962.81543
682.08136	961.26807
682.13312	960.65985
682.18488	954.20911
682.23663	960.9873
682.28845	954.29669
682.34021	953.3952
682.39197	954.28772
682.44373	958.05176
682.49554	964.20691
682.5473	950.17871
682.59906	948.72784
682.65088	950.54956
682.70264	945.74097
682.75439	956.35114
682.80615	959.383
682.85797	961.242
682.90973	961.77112
682.96149	953.80292
683.01324	952.5686
683.06506	957.19684
683.11682	958.66931
683.16858	954.2829
683.2204	957.76355
683.27216	966.17065
683.32391	948.72412
683.37567	954.32892
683.42749	960.43695
683.47925	956.62543
683.53101	950.67871
683.58276	951.45007
683.63458	953.88623
683.68634	953.38684
683.7381	954.10876
683.78992	954.24286
683.84167	955.11444
683.89343	956.55688
683.94519	955.41437
683.99701	946.80756
684.04877	951.98065
684.10052	950.94025
684.15228	947.57684
684.2041	943.60437
684.25586	948.2345
684.30762	953.30243
684.35944	951.88397
684.41119	952.64709
684.46295	949.46893
684.51471	960.89844
684.56653	954.67273
684.61829	951.85797
684.67004	943.17975
684.7218	955.10675
684.77362	960.50348
684.82538	947.23669
684.87714	948.64264
684.92896	953.08228
684.98071	950.27216
685.03247	949.22046
685.08423	953.15192
685.13605	955.18262
685.18781	935.26672
685.23956	939.22076
685.29132	954.17462
685.34314	951.17535
685.3949	949.56525
685.44666	942.34271
685.49847	949.20154
685.55023	949.43036
685.60199	941.72168
685.65375	942.70349
685.70557	943.4574
685.75732	948.79663
685.80908	942.099
685.86084	949.39069
685.91266	952.60858
685.96442	951.60181
686.01617	950.67151
686.06799	950.05896
686.11975	943.55774
686.17151	947.38824
686.22327	944.46912
686.27509	943.12598
686.32684	947.21539
686.3786	946.81232
686.43036	940.45325
686.48218	943.27203
686.53394	947.71887
686.58569	948.28638
686.63751	948.80579
686.68927	945.93207
686.74103	942.47101
686.79279	946.68243
686.8446	944.30463
686.89636	944.73114
686.94812	941.79114
686.99988	938.25629
687.0517	942.58759
687.10345	950.25391
687.15521	953.98694
687.20703	948.05188
687.25879	943.93549
687.31055	945.33759
687.3623	945.27722
687.41412	943.65295
687.46588	948.2287
687.51764	946.84161
687.5694	951.21484
687.62122	944.93695
687.67297	941.58203
687.72473	948.11823
687.77655	947.43219
687.82831	941.11322
687.88007	943.24951
687.93182	948.427
687.98364	946.05182
688.0354	943.33032
688.08716	939.23633
688.13892	939.31537
688.19073	945.80505
688.24249	946.70801
688.29425	938.95392
688.34607	934.32904
688.39783	942.61566
688.44958	947.13782
688.50134	945.80127
688.55316	942.47955
688.60492	947.52173
688.65668	947.5014
688.70844	946.40991
688.76025	946.20227
688.81201	944.11365
688.86377	944.96741
688.91559	947.40295
688.96735	948.57861
689.0191	944.11603
689.07086	943.27844
689.12268	942.78223
689.17444	941.81616
689.2262	939.9447
689.27795	944.71228
689.32977	944.42737
689.38153	940.51379
689.43329	942.93201
689.48511	947.27374
689.53687	938.23035
689.58862	939.54205
689.64038	944.62097
689.6922	943.31171
689.74396	942.13361
689.79572	941.20612
689.84747	943.94495
689.89929	945.10938
689.95105	945.82635
690.00281	941.33063
690.05463	941.92627
690.10638	938.36267
690.15814	937.58508
690.2099	942.7489
690.26172	941.40442
690.31348	943.44159
690.36523	944.81848
690.41699	944.81079
690.46881	938.61737
690.52057	939.4046
690.57233	942.09747
690.62415	945.94641
690.6759	943.77032
690.72766	938.8252
690.77942	936.16687
690.83124	944.84143
690.883	941.64063
690.93475	942.44934
690.98651	940.50098
691.03833	943.50372
691.09009	948.85986
691.14185	935.1817
691.19366	946.08197
691.24542	941.12262
691.29718	940.05054
691.34894	938.58142
691.40076	939.29938
691.45251	941.36432
691.50427	946.65375
691.55603	941.29114
691.60785	944.00018
691.65961	945.63794
691.71136	939.77319
691.76318	933.31317
691.81494	941.27527
691.8667	941.07874
691.91846	942.47797
691.97028	939.39496
692.02203	946.30634
692.07379	940.66492
692.12555	936.54602
692.17737	939.36859
692.22913	942.05707
692.28088	945.36517
692.3327	943.89941
692.38446	947.67249
692.43622	943.40576
692.48798	946.79773
692.53979	938.87415
692.59155	934.00031
692.64331	940.83527
692.69507	941.65857
692.74689	940.64905
692.79865	933.56451
692.8504	940.92004
692.90222	946.07269
692.95398	939.04504
693.00574	937.03613
693.0575	946.52142
693.10931	938.61481
693.16107	938.95166
693.21283	941.48383
693.26459	942.16754
693.31641	944.6048
693.36816	933.18787
693.41992	929.84827
693.47174	936.06812
693.5235	934.3056
693.57526	944.96588
693.62701	937.91766
693.67883	942.14545
693.73059	942.23889
693.78235	942.23572
693.83411	934.85992
693.88593	940.15088
693.93768	943.68164
693.98944	934.82471
694.04126	940.17279
694.09302	944.1886
694.14478	936.75574
694.19653	937.20868
694.24835	937.20758
694.30011	930.20587
694.35187	944.69092
694.40363	938.20886
694.45544	940.67188
694.5072	936.72107
694.55896	940.59406
694.61078	931.24878
694.66254	936.60455
694.71429	930.79681
694.76605	938.18488
694.81787	938.73267
694.86963	941.49921
694.92139	933.70111
694.97314	935.06165
695.02496	931.12
695.07672	929.92493
695.12848	938.77942
695.1803	942.3291
695.23206	933.34283
695.28381	938.58954
695.33557	937.45856
695.38739	944.99469
695.43915	941.26337
695.49091	933.42706
695.54266	939.77332
695.59448	942.15558
695.64624	933.46198
695.698	939.80792
695.74982	942.24249
695.80157	927.76105
695.85333	930.04987
695.90509	929.39185
695.95691	934.51123
696.00867	946.21954
696.06042	928.16705
696.11218	942.80975
696.164	945.66602
696.21576	946.66443
696.26752	946.60474
696.31934	935.40253
696.37109	939.36871
696.42285	942.14941
696.47461	938.44208
696.52643	947.34576
696.57819	945.8963
696.62994	953.45386
696.6817	946.7403
696.73352	940.09729
696.78528	949.90656
696.83704	952.12073
696.88885	944.52509
696.94061	947.94733
696.99237	944.08881
697.04413	950.78815
697.09595	937.55554
697.14771	942.65472
697.19946	951.8078
697.25122	955.99475
697.30304	945.33563
697.3548	946.8172
697.40656	944.02167
697.45837	956.85309
697.51013	951.1629
697.56189	944.84332
697.61365	956.98206
697.66547	941.28699
697.71722	941.00775
697.76898	946.77411
697.82074	945.94049
697.87256	948.48834
697.92432	947.32233
697.97607	941.61292
698.02789	945.2193
698.07965	946.3139
698.13141	946.62494
698.18317	952.05133
698.23499	950.73132
698.28674	951.09631
698.3385	937.76581
698.39026	950.95703
698.44208	950.68274
698.49384	948.07513
698.54559	942.50592
698.59741	943.71747
698.64917	940.83472
698.70093	948.60834
698.75269	939.82092
698.8045	944.13037
698.85626	946.82776
698.90802	946.22083
698.95978	943.55432
699.0116	939.67871
699.06335	950.53204
699.11511	944.87402
699.16693	941.05414
699.21869	936.39606
699.27045	944.96979
699.3222	948.474
699.37402	939.71008
699.42578	933.20972
699.47754	936.12689
699.5293	937.24561
699.58112	937.90295
699.63287	935.65076
699.68463	937.94214
699.73645	946.99573
699.78821	932.4989
699.83997	936.57581
699.89172	945.68719
699.94354	938.25317
699.9953	931.91589
700.04706	936.99713
700.09882	940.42151
700.15063	933.85059
700.20239	933.29553
700.25415	934.21979
700.30597	940.34113
700.35773	937.20465
700.40948	931.92578
700.46124	939.49731
700.51306	941.29932
700.56482	937.19122
700.61658	936.17847
700.66833	942.21252
700.72015	941.58112
700.77191	941.4585
700.82367	937.30981
700.87549	936.99146
700.92725	936.46277
700.979	935.83496
701.03076	934.12213
701.08258	937.58527
701.13434	942.79443
701.1861	939.28186
701.23785	936.47919
701.28967	940.44092
701.34143	940.98309
701.39319	941.888
701.44501	937.52246
701.49677	936.56616
701.54852	939.87463
701.60028	934.12329
701.6521	927.84894
701.70386	933.05524
701.75562	940.41687
701.80737	939.14655
701.85919	934.88068
701.91095	940.76251
701.96271	941.90125
702.01453	936.64838
702.06628	934.26526
702.11804	935.48236
702.1698	928.25922
702.22162	926.32062
702.27338	933.84424
702.32513	940.43805
702.37689	937.91388
702.42871	932.33203
702.48047	932.16888
702.53223	934.06207
702.58405	939.12665
702.6358	933.72662
702.68756	930.21088
702.73932	936.19391
702.79114	939.0321
702.8429	936.96356
702.89465	931.23914
702.94641	936.53784
702.99823	938.6499
703.04999	940.26678
703.10175	939.67657
703.15356	938.24207
703.20532	938.58514
703.25708	931.69373
703.30884	930.68732
703.36066	934.91132
703.41241	942.78973
703.46417	938.64301
703.51593	930.90369
703.56775	934.07245
703.61951	938.62805
703.67126	936.65222
703.72308	932.63275
703.77484	936.42047
703.8266	940.11224
703.87836	930.16748
703.93018	927.29498
703.98193	932.87854
704.03369	936.51831
704.08545	935.39868
704.13727	931.07935
704.18903	930.33929
704.24078	933.86768
704.2926	932.22498
704.34436	932.73383
704.39612	937.41785
704.44788	938.36719
704.49969	933.29456
704.55145	929.36487
704.60321	932.4057
704.65497	936.28235
704.70679	933.8606
704.75854	933.37317
704.8103	935.35822
704.86212	931.77539
704.91388	932.87762
704.96564	932.6051
705.0174	931.44824
705.06921	935.0459
705.12097	938.55603
705.17273	934.38702
705.22449	931.96069
705.27631	936.23187
705.32806	936.06079
705.37982	932.04224
705.43164	937.11316
705.4834	939.45111
705.53516	935.03442
705.58691	930.46771
705.63873	928.69745
705.69049	934.00836
705.74225	937.01227
705.79401	936.35394
705.84583	937.32397
705.89758	937.33997
705.94934	929.33185
706.00116	931.1972
706.05292	932.30518
706.10468	940.66467
706.15643	937.12744
706.20825	932.45306
706.26001	936.12823
706.31177	937.97784
706.36353	935.87427
706.41534	937.08362
706.4671	935.49091
706.51886	935.89044
706.57068	933.59503
706.62244	934.98145
706.67419	937.76941
706.72595	935.16962
706.77777	927.71509
706.82953	925.07788
706.88129	934.21973
706.93304	934.4552
706.98486	938.31311
707.03662	935.40448
707.08838	931.27405
707.1402	928.90002
707.19196	935.72076
707.24371	941.00885
707.29547	931.43323
707.34729	938.5658
707.39905	937.09113
707.45081	934.7243
707.50256	939.56433
707.55438	940.10419
707.60614	935.88678
707.6579	930.45587
707.70972	934.66785
707.76147	938.33917
707.81323	935.60535
707.86499	934.05865
707.91681	935.12482
707.96857	937.88019
708.02032	931.66833
708.07208	929.94977
708.1239	930.71539
708.17566	936.40363
708.22742	939.50232
708.27924	930.38757
708.33099	935.34363
708.38275	938.96246
708.43451	933.2243
708.48633	937.62054
708.53809	934.36536
708.58984	932.50806
708.6416	935.46204
708.69342	937.18066
708.74518	935.07574
708.79694	929.83954
708.84875	936.62006
708.90051	931.36761
708.95227	928.97632
709.00403	939.00055
709.05585	930.97754
709.1076	929.84119
709.15936	933.09546
709.21112	932.35858
709.26294	929.45264
709.3147	933.58905
709.36646	934.75214
709.41827	935.27142
709.47003	923.67108
709.52179	932.5274
709.57355	935.71478
709.62537	936.26843
709.67712	925.41687
709.72888	927.25531
709.78064	927.26807
709.83246	928.76831
709.88422	930.33496
709.93597	942.18597
709.98773	935.63379
710.03955	928.42261
710.09131	935.90668
710.14307	923.52875
710.19489	932.40692
710.24664	936.55823
710.2984	932.41833
710.35016	936.41028
710.40198	939.56378
710.45374	936.09094
710.50549	926.09283
710.55725	924.85754
710.60907	933.2558
710.66083	933.51257
710.71259	931.89899
710.7644	937.52551
710.81616	922.81824
710.86792	941.69116
710.91968	932.96448
710.9715	934.6955
711.02325	931.39063
711.07501	936.26495
711.12677	934.19788
711.17859	939.93445
711.23035	932.02173
711.2821	933.68158
711.33392	930.96735
711.38568	932.06403
711.43744	930.00049
711.4892	935.94928
711.54102	929.24127
711.59277	928.02423
711.64453	932.3335
711.69629	932.78558
711.74811	930.58392
711.79987	927.08203
711.85162	925.02716
711.90344	932.28528
711.9552	925.12939
712.00696	933.70758
712.05872	937.52026
712.11053	936.78925
712.16229	935.62402
712.21405	935.38458
712.26581	934.85901
712.31763	935.3678
712.36938	934.61145
712.42114	935.51013
712.47296	938.10516
712.52472	936.76123
712.57648	932.68774
712.62823	932.15405
712.68005	934.44623
712.73181	934.70148
712.78357	931.41626
712.83533	936.23639
712.88715	939.31506
712.9389	937.10913
712.99066	934.48724
713.04248	933.33319
713.09424	940.03711
713.146	941.39471
713.19775	933.17493
713.24957	932.56128
713.30133	939.24792
713.35309	935.11969
713.40485	937.41022
713.45667	938.22925
713.50842	938.35614
713.56018	931.79309
713.612	925.76111
713.66376	930.97357
713.71552	931.89087
713.76727	936.02393
713.81909	936.96405
713.87085	941.13934
713.92261	937.41895
713.97437	932.28577
714.02618	933.1524
714.07794	934.40118
714.1297	935.52173
714.18152	931.66254
714.23328	932.48474
714.28503	934.12073
714.33679	935.74023
714.38861	933.85413
714.44037	925.10974
714.49213	930.89911
714.54388	938.27478
714.5957	935.98389
714.64746	933.72882
714.69922	933.23236
714.75104	935.23297
714.8028	931.57764
714.85455	927.46106
714.90631	930.88965
714.95813	934.75531
715.00989	934.64185
715.06165	932.58478
715.1134	936.1308
715.16522	936.8761
715.21698	931.0567
715.26874	933.55988
715.32056	935.9953
715.37231	931.44183
715.42407	928.33905
715.47583	929.70502
715.52765	932.41876
715.57941	934.6275
715.63116	932.35706
715.68292	933.49921
715.73474	931.04047
715.7865	936.91193
715.83826	939.04108
715.89008	931.9458
715.94183	932.13403
715.99359	935.2002
716.04535	930.27692
716.09717	933.05121
716.14893	937.22827
716.20068	935.84259
716.25244	926.99591
716.30426	932.36328
716.35602	938.11469
716.40778	936.40594
716.45959	936.07306
716.51135	930.63788
716.56311	936.65631
716.61487	935.85126
716.66669	935.08557
716.71844	935.34833
716.7702	930.86536
716.82196	927.4599
716.87378	923.79877
716.92554	930.11835
716.97729	934.65112
717.02911	938.83545
717.08087	928.8316
717.13263	932.55182
717.18439	932.72443
717.23621	938.34784
717.28796	932.92578
717.33972	927.63593
717.39148	933.39063
717.4433	936.87964
717.49506	929.35388
717.54681	924.42694
717.59863	929.73859
717.65039	929.08124
717.70215	928.78882
717.75391	940.08099
717.80573	933.46741
717.85748	933.60181
717.90924	935.10791
717.961	934.37909
718.01282	927.50977
718.06458	939.02142
718.11633	933.40875
718.16815	931.38031
718.21991	927.54706
718.27167	934.72589
718.32343	930.0802
718.37524	935.90735
718.427	938.15271
718.47876	942.5625
718.53052	933.06317
718.58234	929.32709
718.63409	937.56329
718.68585	926.86652
718.73767	930.70135
718.78943	935.22321
718.84119	939.1488
718.89294	929.60663
718.94476	921.95728
718.99652	933.25159
719.04828	934.55548
719.10004	929.89575
719.15186	923.03326
719.20361	929.86255
719.25537	933.09235
719.30719	939.12311
719.35895	937.5896
719.41071	930.80219
719.46246	937.41656
719.51428	935.39862
719.56604	940.59058
719.6178	926.89215
719.66956	929.65588
719.72137	936.05688
719.77313	927.51489
719.82489	925.21545
719.87671	937.87036
719.92847	934.34357
719.98022	925.17896
720.03198	931.63538
720.0838	935.69965
720.13556	931.76575
720.18732	932.68805
720.23907	926.74048
720.29089	937.43268
720.34265	935.07715
720.39441	929.76825
720.44623	932.23309
720.49799	931.70734
720.54974	928.38135
720.6015	927.49255
720.65332	928.10724
720.70508	931.10706
720.75684	932.1593
720.80859	933.88409
720.86041	931.29242
720.91217	934.94897
720.96393	938.56812
721.01575	931.90216
721.0675	924.53699
721.11926	929.76831
721.17102	929.88239
721.22284	928.29169
721.2746	923.75055
721.32635	930.29602
721.37811	931.06677
721.42993	930.28204
721.48169	937.64124
721.53345	931.44019
721.58527	927.84705
721.63702	926.98108
721.68878	931.03131
721.74054	934.14813
721.79236	932.66174
721.84412	925.79071
721.89587	929.961
721.94763	937.38586
721.99945	938.0625
722.05121	935.5694
722.10297	931.15533
722.15479	935.05231
722.20654	933.5705
722.2583	928.03778
722.31006	930.64886
722.36188	930.57452
722.41364	923.76825
722.46539	930.09998
722.51715	937.95953
722.56897	936.23438
722.62073	931.24316
722.67249	924.58051
722.7243	929.80841
722.77606	932.68225
722.82782	928.58374
722.87958	926.62659
722.9314	931.9939
722.98315	936.46942
723.03491	932.93604
723.08667	928.97357
723.13849	933.69092
723.19025	936.53961
723.242	930.68921
723.29382	929.64423
723.34558	933.48444
723.39734	932.6983
723.4491	932.41608
723.50092	927.34686
723.55267	930.75452
723.60443	933.25909
723.65619	935.6524
723.70801	930.03772
723.75977	929.01105
723.81152	936.25226
723.86334	931.79645
723.9151	928.19324
723.96686	931.5459
724.01862	938.79089
724.07043	936.07214
724.12219	928.39441
724.17395	931.71094
724.22571	934.16101
724.27753	935.16626
724.32928	926.77576
724.38104	931.49817
724.43286	937.77484
724.48462	933.23328
724.53638	930.24561
724.58813	935.63
724.63995	939.35913
724.69171	931.06238
724.74347	926.82465
724.79523	936.61426
724.84705	938.35663
724.8988	929.64709
724.95056	930.98499
725.00238	934.8941
725.05414	936.68555
725.1059	930.52094
725.15765	929.38263
725.20947	935.30792
725.26123	931.19348
725.31299	934.56909
725.36475	924.4444
725.41656	939.04187
725.46832	933.58008
725.52008	931.38116
725.5719	931.31281
725.62366	929.83276
725.67542	930.79846
725.72717	921.30786
725.77899	927.86096
725.83075	934.3894
725.88251	939.47601
725.93427	927.12061
725.98608	922.5993
726.03784	929.90997
726.0896	931.89948
726.14142	925.51306
726.19318	922.33734
726.24493	929.35565
726.29669	930.4071
726.34851	931.66602
726.40027	931.14185
726.45203	933.90851
726.50378	931.13068
726.5556	929.58258
726.60736	926.31323
726.65912	932.8974
726.71094	934.06201
726.7627	934.90228
726.81445	930.82574
726.86621	930.95728
726.91803	930.59729
726.96979	932.01611
727.02155	923.74939
727.0733	927.03229
727.12512	932.3999
727.17688	932.12311
727.22864	925.17859
727.28046	930.34192
727.33221	931.29053
727.38397	930.4599
727.43573	934.36316
727.48755	930.18384
727.53931	925.93433
727.59106	927.08093
727.64282	930.70374
727.69464	939.42926
727.7464	930.71149
727.79816	923.86615
727.84998	928.95978
727.90173	936.66907
727.95349	937.51471
728.00525	929.85638
728.05707	927.08838
728.10883	928.703
728.16058	931.65619
728.21234	928.92719
728.26416	929.44489
728.31592	930.51459
728.36768	926.5542
728.41949	928.91803
728.47125	930.69238
728.52301	928.05762
728.57477	931.24774
728.62659	928.83221
728.67834	928.51331
728.7301	932.62665
728.78186	931.11237
728.83368	931.38763
728.88544	933.1604
728.93719	940.24182
728.98901	935.85144
729.04077	925.95123
729.09253	930.47858
729.14429	936.51929
729.19611	929.79456
729.24786	924.97095
729.29962	926.48151
729.35138	929.20099
729.4032	932.73065
729.45496	931.8963
729.50671	927.41498
729.55853	931.34393
729.61029	931.31628
729.66205	932.86078
729.71381	930.88525
729.76563	930.07544
729.81738	928.15125
729.86914	930.88116
729.9209	937.84131
729.97272	935.04468
730.02448	934.12817
730.07623	931.60944
730.12805	940.92065
730.17981	937.77301
730.23157	936.29102
730.28333	928.44562
730.33514	929.91791
730.3869	926.68622
730.43866	927.51123
730.49042	924.38489
730.54224	932.08624
730.59399	924.10352
730.64575	927.01636
730.69757	922.09509
730.74933	932.94995
730.80109	936.72131
730.85284	926.96405
730.90466	919.75745
730.95642	930.56671
731.00818	933.33466
731.05994	930.29474
731.11176	926.30133
731.16351	935.72705
731.21527	934.12469
731.26709	932.07349
731.31885	927.65784
731.37061	936.16516
731.42236	934.01959
731.47418	925.086
731.52594	927.93872
731.5777	929.00684
731.62946	939.7381
731.68127	924.88385
731.73303	922.80945
731.78479	933.48029
731.83661	933.82184
731.88837	923.36426
731.94012	930.2865
731.99188	934.88354
732.0437	934.10101
732.09546	931.22217
732.14722	933.80396
732.19897	932.37256
732.25079	927.24158
732.30255	920.73102
732.35431	930.24689
732.40613	937.50122
732.45789	935.22717
732.50964	933.14056
732.5614	927.6731
732.61322	928.88678
732.66498	928.15411
732.71674	926.69037
732.76849	932.2901
732.82031	935.49329
732.87207	936.49078
732.92383	936.56415
732.97565	931.23108
733.0274	930.02948
733.07916	927.14044
733.13092	927.5838
733.18274	930.24329
733.2345	929.2597
733.28625	935.59967
733.33801	931.21735
733.38983	936.72272
733.44159	932.97382
733.49335	932.07501
733.54517	924.39508
733.59692	928.03577
733.64868	933.51447
733.70044	932.67798
733.75226	929.65088
733.80402	927.61743
733.85577	927.67859
733.90753	930.17798
733.95935	929.04773
734.01111	931.13501
734.06287	933.85638
734.11469	932.93024
734.16644	929.28345
734.2182	930.78223
734.26996	932.61743
734.32178	930.82068
734.37354	928.89502
734.42529	929.18103
734.47705	928.55334
734.52887	926.21057
734.58063	921.95258
734.63239	926.45294
734.6842	928.06293
734.73596	928.39185
734.78772	924.48419
734.83948	927.55646
734.8913	930.60797
734.94305	925.68652
734.99481	927.54034
735.04657	930.74738
735.09839	931.91864
735.15015	929.11615
735.2019	923.86401
735.25372	921.51343
735.30548	933.52899
735.35724	926.10071
735.409	926.18597
735.46082	928.84778
735.51257	934.95337
735.56433	929.3327
735.61609	923.66595
735.66791	935.05994
735.71967	927.72144
735.77142	934.61249
735.82324	925.73199
735.875	929.55096
735.92676	938.64789
735.97852	925.44897
736.03033	920.59375
736.08209	932.53149
736.13385	935.63556
736.18561	927.14001
736.23743	930.40674
736.28918	930.44025
736.34094	927.09534
736.39276	925.99493
736.44452	926.4646
736.49628	930.3175
736.54803	933.97449
736.59985	932.51044
736.65161	931.41083
736.70337	929.01166
736.75513	927.75531
736.80695	926.23981
736.8587	927.06116
736.91046	928.85974
736.96228	930.47046
737.01404	923.58545
737.0658	928.5495
737.11755	928.33038
737.16937	934.25629
737.22113	928.72662
737.27289	925.34283
737.32465	924.53973
737.37646	933.43732
737.42822	928.71228
737.47998	926.64618
737.5318	928.86768
737.58356	929.58386
737.63531	930.40161
737.68707	928.17975
737.73889	925.1889
737.79065	924.79987
737.84241	929.70074
737.89417	932.05188
737.94598	931.01892
737.99774	930.91077
738.0495	933.02289
738.10132	931.55762
738.15308	930.40338
738.20483	929.60919
738.25659	929.18805
738.30841	930.245
738.36017	929.29462
738.41193	928.10449
738.46368	928.60742
738.5155	928.92053
738.56726	927.85657
738.61902	927.37317
738.67084	926.57764
738.7226	927.98956
738.77435	929.77014
738.82611	927.16974
738.87793	929.71265
738.92969	931.19995
738.98145	930.4837
739.0332	931.12323
739.08502	928.13782
739.13678	931.22821
739.18854	927.75134
739.24036	926.05719
739.29211	931.50183
739.34387	931.31128
739.39563	926.33893
739.44745	926.7453
739.49921	930.98938
739.55096	928.4505
739.60272	930.77911
739.65454	925.29657
739.7063	927.50861
739.75806	934.0105
739.80988	923.12231
739.86163	927.93079
739.91339	930.16974
739.96515	931.3158
740.01697	924.94556
740.06873	928.64246
740.12048	932.39722
740.17224	927.17139
740.22406	927.2746
740.27582	928.01776
740.32758	928.69049
740.37939	927.90259
740.43115	928.63055
740.48291	928.91412
740.53467	925.01617
740.58649	928.14935
740.63824	930.58514
740.69	932.83844
740.74176	933.17706
740.79358	927.25964
740.84534	924.48328
740.89709	930.3407
740.94891	930.32874
741.00067	932.17719
741.05243	926.59454
741.10419	934.40942
741.15601	934.78381
741.20776	928.97211
741.25952	931.21338
741.31128	931.7652
741.3631	924.85486
741.41486	927.75079
741.46661	925.76691
741.51843	929.76556
741.57019	930.30115
741.62195	932.98883
741.67371	920.60022
741.72552	933.12915
741.77728	929.70526
741.82904	928.83612
741.8808	930.73944
741.93262	930.85699
741.98438	932.43311
742.03613	928.37579
742.08795	929.70435
742.13971	924.59058
742.19147	932.68579
742.24323	922.76733
742.29504	923.58728
742.3468	927.45172
742.39856	932.24561
742.45032	925.14105
742.50214	925.10309
742.55389	927.90863
742.60565	929.04724
742.65747	929.27026
742.70923	933.8172
742.76099	927.52423
742.81274	931.68219
742.86456	930.68195
742.91632	927.02063
742.96808	931.45251
743.01984	934.77014
743.07166	933.18396
743.12341	928.1377
743.17517	934.71094
743.22699	926.04187
743.27875	925.29913
743.33051	924.27216
743.38226	925.02234
743.43408	927.17297
743.48584	928.29449
743.5376	923.54407
743.58936	927.54816
743.64117	934.13416
743.69293	929.29193
743.74469	924.81952
743.79651	928.38617
743.84827	930.74335
743.90002	930.03668
743.95178	927.73694
744.0036	932.10913
744.05536	931.08307
744.10712	925.97076
744.15887	922.05029
744.21069	927.04492
744.26245	925.34308
744.31421	921.47925
744.36603	928.23676
744.41779	931.84198
744.46954	933.18848
744.5213	928.65057
744.57312	928.16339
744.62488	932.15161
744.67664	932.20728
744.72839	928.73395
744.78021	923.06146
744.83197	925.52203
744.88373	930.83209
744.93555	931.2403
744.9873	927.61047
745.03906	927.97528
745.09082	927.12225
745.14264	922.08179
745.1944	926.521
745.24615	932.26691
745.29791	930.00336
745.34973	928.24646
745.40149	929.63348
745.45325	929.11279
745.50507	925.38971
745.55682	926.48828
745.60858	927.11743
745.66034	929.96094
745.71216	929.28479
745.76392	925.05182
745.81567	926.93359
745.86743	928.10291
745.91925	929.29767
745.97101	926.52679
746.02277	929.22913
746.07458	929.6723
746.12634	932.40167
746.1781	924.10791
746.22986	924.76318
746.28168	930.75885
746.33344	931.3045
746.38519	922.59955
746.43695	927.59283
746.48877	930.58862
746.54053	927.53339
746.59229	929.59521
746.6441	929.18121
746.69586	928.80072
746.74762	925.69531
746.79938	921.88721
746.8512	929.77838
746.90295	931.81409
746.95471	931.05194
747.00647	929.78534
747.05829	930.18878
747.11005	927.70758
747.1618	932.00439
747.21362	929.0636
747.26538	937.48608
747.31714	932.25305
747.3689	927.96368
747.42072	923.703
747.47247	930.35797
747.52423	931.89313
747.57599	928.09198
747.62781	925.25562
747.67957	930.90405
747.73132	935.3504
747.78314	932.37726
747.8349	930.99048
747.88666	922.85132
747.93842	925.91089
747.99023	929.99255
748.04199	923.50183
748.09375	925.16321
748.14551	933.73029
748.19733	929.66107
748.24908	925.09344
748.30084	926.75366
748.35266	933.09308
748.40442	926.06207
748.45618	921.43604
748.50793	927.2439
748.55975	932.29877
748.61151	925.83539
748.66327	932.71893
748.71503	922.47656
748.76685	931.14777
748.8186	924.56262
748.87036	917.61774
748.92218	925.15417
748.97394	931.3476
749.0257	924.32605
749.07745	931.61481
749.12927	929.37628
749.18103	930.29138
749.23279	929.84802
749.28455	925.67963
749.33636	925.06696
749.38812	927.15613
749.43988	926.4707
749.4917	927.49512
749.54346	927.30475
749.59521	934.40942
749.64697	924.26282
749.69879	924.77258
749.75055	927.52557
749.80231	928.94037
749.85406	928.77136
749.90588	924.64484
749.95764	924.03186
750.0094	923.35077
750.06122	924.42407
750.11298	927.08911
750.16473	929.8252
750.21649	934.98151
750.26831	933.89508
750.32007	929.53162
750.37183	932.27576
750.42358	932.71075
750.4754	929.03296
750.52716	925.90546
750.57892	928.79431
750.63074	933.17883
750.6825	927.01196
750.73425	930.20148
750.78601	931.88379
750.83783	932.48242
750.88959	928.11322
750.94135	925.2749
750.9931	928.92255
751.04492	929.61469
751.09668	933.46613
751.14844	932.44421
751.20026	928.75452
751.25201	927.112
751.30377	927.16473
751.35553	929.37708
751.40735	926.30334
751.45911	923.06262
751.51086	924.14838
751.56262	930.05536
751.61444	933.27191
751.6662	931.10913
751.71796	928.64581
751.76978	925.39362
751.82153	929.74164
751.87329	928.66638
751.92505	928.08972
751.97687	930.30688
752.02863	929.61664
752.08038	930.45239
752.13214	924.57928
752.18396	920.18372
752.23572	932.30841
752.28748	936.14685
752.33923	930.38629
752.39105	929.81683
752.44281	934.92993
752.49457	928.4754
752.54639	924.99622
752.59814	924.79022
752.6499	927.02338
752.70166	924.59698
752.75348	921.89972
752.80524	921.56903
752.85699	928.46759
752.90875	932.61096
752.96057	929.52209
753.01233	926.98212
753.06409	933.44666
753.11591	924.2962
753.16766	925.62115
753.21942	924.53595
753.27118	928.86426
753.323	933.2326
753.37476	925.85425
753.42651	923.53082
753.47827	935.47266
753.53009	933.68896
753.58185	930.48438
753.63361	922.60706
753.68542	925.18066
753.73718	933.58936
753.78894	925.22687
753.8407	929.95746
753.89252	936.65137
753.94427	929.16071
753.99603	924.00256
754.04779	932.90295
754.09961	923.58368
754.15137	934.37616
754.20313	923.94141
754.25494	927.17407
754.3067	927.94775
754.35846	923.69653
754.41022	927.31158
754.46204	926.98279
754.51379	932.34735
754.56555	932.95465
754.61731	922.49884
754.66913	926.45166
754.72089	926.039
754.77264	931.7774
754.82446	924.99475
754.87622	926.63501
754.92798	930.4743
754.97974	922.08899
755.03156	924.43237
755.08331	925.06897
755.13507	931.52899
755.18683	922.07825
755.23865	920.43433
755.29041	932.09778
755.34216	925.65997
755.39398	924.51984
755.44574	928.62506
755.4975	930.05878
755.54926	931.39215
755.60107	933.11591
755.65283	929.57758
755.70459	931.06378
755.75635	932.77808
755.80817	927.3313
755.85992	923.05072
755.91168	926.37097
755.9635	938.25586
756.01526	927.62531
756.06702	926.6626
756.11877	930.36572
756.17059	930.5011
756.22235	928.41895
756.27411	922.20764
756.32587	924.15125
756.37769	928.40344
756.42944	925.37073
756.4812	925.85706
756.53302	929.63269
756.58478	927.69159
756.63654	925.78931
756.68829	923.19751
756.74011	929.77643
756.79187	933.7522
756.84363	928.09802
756.89539	927.64679
756.9472	931.9184
756.99896	929.31165
757.05072	928.42633
757.10254	925.72705
757.1543	924.26294
757.20605	928.09351
757.25781	930.11401
757.30963	926.57654
757.36139	926.54016
757.41315	928.79639
757.4649	928.50323
757.51672	927.77991
757.56848	930.2049
757.62024	930.8999
757.67206	929.21112
757.72382	928.76727
757.77557	929.63245
757.82733	928.19989
757.87915	921.96826
757.93091	926.9696
757.98267	928.85016
758.03442	932.71625
758.08624	930.18323
758.138	924.474
758.18976	925.54077
758.24158	931.40869
758.29333	928.98999
758.34509	932.91498
758.39685	929.44397
758.44867	933.45068
758.50043	929.03906
758.55219	928.76404
758.60394	930.08209
758.65576	927.21967
758.70752	926.96521
758.75928	925.66669
758.8111	933.37299
758.86285	933.72681
758.91461	925.21387
758.96637	923.5954
759.01819	930.23914
759.06995	931.27026
759.1217	925.31116
759.17346	922.90399
759.22528	923.96429
759.27704	926.77997
759.3288	923.21234
759.38062	927.56104
759.43237	930.4126
759.48413	925.19958
759.53589	924.1955
759.58771	932.06476
759.63947	927.00568
759.69122	921.88824
759.74298	923.08563
759.7948	923.14001
759.84656	923.1369
759.89832	924.12604
759.95013	928.62555
760.00189	927.08795
760.05365	924.51166
760.10541	939.43982
760.15723	920.4696
760.20898	928.08728
760.26074	927.54669
760.3125	926.03961
760.36432	919.83435
760.41608	927.74707
760.46783	929.47229
760.51965	931.2431
760.57141	922.04956
760.62317	928.45074
760.67493	928.10596
760.72675	930.12549
760.7785	925.33545
760.83026	927.11804
760.88202	929.19073
760.93384	927.57025
760.9856	928.62799
761.03735	931.34119
761.08917	926.59399
761.14093	924.81342
761.19269	924.94427
761.24445	927.81647
761.29626	928.27191
761.34802	926.25671
761.39978	923.33887
761.45154	925.27032
761.50336	927.23975
761.55511	924.8736
761.60687	925.05847
761.65869	927.85065
761.71045	927.70325
761.76221	925.41351
761.81396	923.69635
761.86578	929.19263
761.91754	928.98871
761.9693	925.38379
762.02106	924.50348
762.07288	927.55371
762.12463	931.04987
762.17639	927.28589
762.22821	923.96014
762.27997	925.92889
762.33173	928.22083
762.38348	924.72003
762.4353	925.85803
762.48706	926.00238
762.53882	926.28204
762.59058	926.10431
762.6424	922.74371
762.69415	928.07086
762.74591	929.06561
762.79773	927.83942
762.84949	927.25348
762.90125	927.36542
762.953	924.21606
763.00482	920.04486
763.05658	920.54944
763.10834	930.6048
763.1601	928.77448
763.21191	923.73804
763.26367	928.08734
763.31543	927.97736
763.36725	927.63104
763.41901	922.14838
763.47076	923.94183
763.52252	926.52765
763.57434	931.44135
763.6261	923.7063
763.67786	923.23474
763.72961	928.23639
763.78143	926.19659
763.83319	930.66241
763.88495	925.72546
763.93677	929.3833
763.98853	929.96033
764.04028	924.74255
764.09204	932.54877
764.14386	932.11664
764.19562	925.20001
764.24738	915.81323
764.29913	918.51379
764.35095	927.6355
764.40271	926.48792
764.45447	922.09814
764.50629	930.95184
764.55804	929.89423
764.6098	923.47375
764.66156	929.28857
764.71338	927.84857
764.76514	930.86414
764.81689	932.61487
764.86865	924.40198
764.92047	926.52087
764.97223	930.47217
765.02399	932.92578
765.07581	933.81702
765.12756	928.12421
765.17932	926.57593
765.23108	928.45392
765.2829	926.64014
765.33466	931.94812
765.38641	929.41693
765.43817	927.29382
765.48999	928.25409
765.54175	932.60101
765.59351	930.89117
765.64532	926.86157
765.69708	927.82825
765.74884	936.30847
765.8006	935.75183
765.85242	935.94781
765.90417	928.16772
765.95593	928.42279
766.00769	925.09222
766.05951	920.74036
766.11127	920.71698
766.16302	928.41254
766.21484	929.5918
766.2666	929.84418
766.31836	925.06799
766.37012	924.03998
766.42194	927.57758
766.47369	926.12738
766.52545	926.72717
766.57721	926.93445
766.62903	928.95129
766.68079	926.99768
766.73254	922.62732
766.78436	926.5202
766.83612	928.50861
766.88788	938.27582
766.93964	937.61304
766.99146	924.1524
767.04321	922.16772
767.09497	923.85175
767.14673	922.65582
767.19855	923.565
767.25031	927.90894
767.30206	924.47766
767.35388	926.26996
767.40564	927.22894
767.4574	925.35822
767.50916	922.3067
767.56097	927.14178
767.61273	922.74884
767.66449	923.6908
767.71625	925.81232
767.76807	925.30304
767.81982	931.87299
767.87158	928.1629
767.9234	923.07776
767.97516	928.0957
768.02692	930.89099
768.07867	931.13177
768.13049	929.56812
768.18225	926.74786
768.23401	926.92712
768.28577	927.11902
768.33759	922.14001
768.38934	925.74146
768.4411	928.74414
768.49292	928.67334
768.54468	924.6507
768.59644	925.43604
768.64819	923.79114
768.70001	925.88159
768.75177	923.77209
768.80353	921.23822
768.85529	929.17535
768.9071	924.76019
768.95886	927.0188
769.01062	923.11517
769.06244	935.54071
769.1142	921.08984
769.16595	922.55176
769.21771	922.64539
769.26953	936.44476
769.32129	924.99207
769.37305	923.90082
769.4248	923.47522
769.47662	937.13354
769.52838	929.09961
769.58014	928.28058
769.63196	920.78149
769.68372	927.54779
769.73547	922.60364
769.78723	926.49567
769.83905	930.08069
769.89081	928.03912
769.94257	934.41168
769.99432	928.17474
770.04614	927.6084
770.0979	928.49963
770.14966	925.50482
770.20148	926.47064
770.25323	929.72345
770.30499	927.41418
770.35675	918.77942
770.40857	920.81683
770.46033	923.18695
770.51208	924.89435
770.56384	923.62628
770.61566	924.01471
770.66742	921.73553
770.71918	925.47974
770.771	924.67468
770.82275	922.75232
770.87451	924.6814
770.92627	926.09558
770.97809	923.70844
771.02985	922.33716
771.0816	925.44751
771.13336	923.67059
771.18518	923.76001
771.23694	927.83423
771.2887	929.93481
771.34052	926.86151
771.39227	923.28619
771.44403	926.2207
771.49579	926.53448
771.54761	926.75
771.59937	924.17725
771.65112	924.13898
771.70288	930.59973
771.7547	925.79517
771.80646	928.31848
771.85822	921.42462
771.91003	926.01025
771.96179	926.32092
772.01355	926.3446
772.06531	925.77686
772.11713	926.51453
772.16888	926.49768
772.22064	918.1933
772.2724	921.82147
772.32422	925.38489
772.37598	924.64008
772.42773	929.35785
772.47955	927.82495
772.53131	929.50366
772.58307	925.93433
772.63483	925.35211
772.68665	923.10333
772.7384	925.12518
772.79016	921.64624
772.84192	925.55823
772.89374	917.75311
772.9455	930.35297
772.99725	930.34094
773.04907	923.38715
773.10083	927.81879
773.15259	926.83752
773.20435	927.60321
773.25616	921.07843
773.30792	926.98346
773.35968	929.16901
773.41144	920.84686
773.46326	921.54626
773.51501	924.63367
773.56677	931.17017
773.61859	929.87701
773.67035	927.51636
773.72211	929.36389
773.77386	930.1377
773.82568	919.99091
773.87744	920.11279
773.9292	925.49188
773.98096	927.54889
774.03278	928.19849
774.08453	919.59906
774.13629	924.89508
774.18811	922.40277
774.23987	926.00452
774.29163	925.54834
774.34338	922.05963
774.3952	926.62262
774.44696	927.401
774.49872	922.79047
774.55048	926.02631
774.60229	927.95007
774.65405	924.4082
774.70581	924.49579
774.75763	926.65894
774.80939	925.19165
774.86115	919.46417
774.9129	918.58405
774.96472	923.43152
775.01648	923.68951
775.06824	924.80109
775.12	925.59875
775.17181	924.74371
775.22357	927.43585
775.27533	926.31647
775.32715	924.18707
775.37891	922.67834
775.43066	922.60529
775.48242	919.08038
775.53424	922.14661
775.586	925.50018
775.63776	926.3399
775.68951	920.14569
775.74133	919.61176
775.79309	923.51257
775.84485	923.19952
775.89667	923.76459
775.94843	931.70923
776.00018	929.14203
776.05194	926.85834
776.10376	926.6394
776.15552	927.04236
776.20728	928.37207
776.25903	915.60168
776.31085	927.64777
776.36261	929.68909
776.41437	930.06146
776.46619	930.11713
776.51794	926.47223
776.5697	925.64825
776.62146	927.48474
776.67328	929.03418
776.72504	926.19769
776.77679	921.19122
776.82855	924.58099
776.88037	922.11078
776.93213	924.05225
776.98389	922.85718
777.03571	929.32037
777.08746	924.91412
777.13922	929.37177
777.19098	926.54901
777.2428	921.18494
777.29456	918.06628
777.34631	918.82239
777.39807	924.01819
777.44989	926.89154
777.50165	928.55359
777.55341	927.86591
777.60522	925.46771
777.65698	926.93164
777.70874	924.38434
777.7605	919.06165
777.81232	927.0155
777.86407	934.27173
777.91583	926.15106
777.96759	922.08405
778.01941	924.5423
778.07117	924.56323
778.12292	928.33813
778.17474	925.79633
778.2265	924.6972
778.27826	927.41119
778.33002	926.03625
778.38184	926.85742
778.43359	925.55365
778.48535	924.07831
778.53711	925.1145
778.58893	926.26996
778.64069	928.74469
778.69244	930.15784
778.74426	922.93463
778.79602	922.8382
778.84778	925.91083
778.89954	924.31812
778.95135	922.28558
779.00311	924.4826
779.05487	929.86212
779.10663	931.63837
779.15845	925.61749
779.21021	924.43756
779.26196	928.15619
779.31378	930.13458
779.36554	928.67175
779.4173	926.49274
779.46906	929.25037
779.52087	925.91638
779.57263	927.8775
779.62439	921.10742
779.67615	928.87341
779.72797	928.9812
779.77972	928.00037
779.83148	923.28241
779.8833	922.40753
779.93506	931.98376
779.98682	926.75159
780.03857	922.74298
780.09039	922.39471
780.14215	926.57996
780.19391	924.99518
780.24567	920.07855
780.29749	925.7381
780.34924	928.85449
780.401	930.34613
780.45282	925.8512
780.50458	924.98077
780.55634	927.81433
780.60809	926.66327
780.65991	923.61273
780.71167	921.0509
780.76343	922.45831
780.81519	920.62622
780.867	929.56073
780.91876	931.16016
780.97052	931.11029
781.02234	923.02625
781.0741	925.15796
781.12585	929.23486
781.17761	924.39111
781.22943	920.8252
781.28119	922.10229
781.33295	927.71564
781.3847	922.61072
781.43652	923.00116
781.48828	925.56903
781.54004	929.91534
781.59186	924.94598
781.64362	926.53442
781.69537	928.35663
781.74713	927.30853
781.79895	925.89587
781.85071	920.87097
781.90247	925.4306
781.95422	926.49084
782.00604	922.797
782.0578	923.01807
782.10956	924.79358
782.16138	927.61102
782.21313	928.72198
782.26489	924.91467
782.31665	927.98962
782.36847	930.48779
782.42023	925.92456
782.47198	925.60889
782.52374	927.06317
782.57556	929.19647
782.62732	924.23315
782.67908	921.2359
782.7309	925.07324
782.78265	922.80353
782.83441	920.4967
782.88617	926.18793
782.93799	926.69702
782.98975	928.83734
783.0415	923.38641
783.09326	923.64142
783.14508	927.10223
783.19684	928.40955
783.2486	927.76434
783.30042	927.91852
783.35217	931.94952
783.40393	931.94324
783.45569	927.09595
783.50751	929.05762
783.55927	930.02863
783.61102	921.82202
783.66278	925.82233
783.7146	924.08331
783.76636	934.67798
783.81812	934.45081
783.86993	929.01178
783.92169	926.75635
783.97345	928.04309
784.02521	929.61078
784.07703	923.5047
784.12878	926.71332
784.18054	928.21814
784.2323	930.31836
784.28412	925.4082
784.33588	929.15112
784.38763	929.76776
784.43945	928.91833
784.49121	924.72882
784.54297	925.6358
784.59473	929.08728
784.64655	927.14752
784.6983	926.1521
784.75006	932.19611
784.80182	927.70337
784.85364	929.02539
784.9054	934.07349
784.95715	933.29742
785.00897	929.06793
785.06073	929.94873
785.11249	930.66083
785.16425	926.65802
785.21606	930.70728
785.26782	930.85883
785.31958	928.41772
785.37134	930.05762
785.42316	931.50037
785.47491	926.3985
785.52667	931.43597
785.57849	934.85785
785.63025	931.24731
785.68201	929.13068
785.73376	938.08344
785.78558	933.15045
785.83734	926.11353
785.8891	929.17914
785.94086	933.01526
785.99268	927.56122
786.04443	929.63275
786.09619	929.96759
786.14801	927.73376
786.19977	930.87506
786.25153	928.63934
786.30328	924.04138
786.3551	927.84998
786.40686	927.16974
786.45862	929.67029
786.51038	933.38544
786.56219	931.38409
786.61395	930.34741
786.66571	922.60046
786.71753	929.54315
786.76929	934.55499
786.82104	927.21008
786.8728	927.95392
786.92462	928.65057
786.97638	926.47284
787.02814	926.14532
787.0799	930.60669
787.13171	928.15875
787.18347	929.06183
787.23523	932.09741
787.28705	931.914
787.33881	928.73535
787.39056	930.93347
787.44232	929.70837
787.49414	927.72675
787.5459	930.95251
787.59766	930.32355
787.64941	931.4292
787.70123	932.36426
787.75299	930.85138
787.80475	930.86237
787.85657	927.5166
787.90833	924.06311
787.96008	930.56531
788.01184	929.68268
788.06366	927.55005
788.11542	932.0321
788.16718	938.02246
788.21893	933.33673
788.27075	925.75922
788.32251	931.04883
788.37427	935.92737
788.42609	934.00964
788.47784	934.88367
788.5296	928.99707
788.58136	928.38232
788.63318	929.71002
788.68494	929.16486
788.73669	930.37299
788.78845	936.05048
788.84027	933.86713
788.89203	933.01349
788.94379	930.96356
788.99561	933.59131
789.04736	932.68298
789.09912	930.89502
789.15088	935.31079
789.2027	939.02209
789.25446	932.46307
789.30621	927.88306
789.35797	926.47546
789.40979	933.45709
789.46155	933.01215
789.51331	937.31781
789.56512	942.29907
789.61688	937.14209
789.66864	934.47675
789.7204	937.53375
789.77222	931.02985
789.82397	941.67841
789.87573	942.82806
789.92749	934.34076
789.97931	933.63452
790.03107	934.58838
790.08282	933.31079
790.13464	932.25281
790.1864	930.76965
790.23816	931.14868
790.28992	935.01587
790.34174	942.46906
790.39349	929.84882
790.44525	941.1391
790.49701	932.14911
790.54883	931.30499
790.60059	938.28662
790.65234	941.63483
790.70416	931.18732
790.75592	939.93524
790.80768	937.05847
790.85944	935.85925
790.91125	933.13391
790.96301	933.18927
791.01477	934.33911
791.06653	938.48816
791.11835	933.70563
791.1701	930.1853
791.22186	939.00134
791.27368	943.39661
791.32544	942.59241
791.3772	935.1405
791.42896	937.10315
791.48077	936.50702
791.53253	935.09619
791.58429	936.85583
791.63605	937.72803
791.68787	935.65436
791.73962	931.37616
791.79138	934.3385
791.8432	933.35577
791.89496	937.07556
791.94672	934.82111
791.99847	931.46631
792.05029	936.59027
792.10205	941.41394
792.15381	936.39679
792.20557	934.20728
792.25739	937.63434
792.30914	937.91559
792.3609	937.49249
792.41272	934.85999
792.46448	936.38708
792.51624	935.42523
792.56799	929.80457
792.61981	929.80725
792.67157	931.27026
792.72333	932.08966
792.77509	933.29547
792.8269	936.57855
792.87866	936.17627
792.93042	935.7561
792.98224	931.97278
793.034	930.62842
793.08575	935.09766
793.13751	937.63293
793.18933	935.74878
793.24109	937.77246
793.29285	937.1568
793.3446	937.01093
793.39642	939.22003
793.44818	937.16193
793.49994	940.64618
793.55176	944.67041
793.60352	944.73132
793.65527	941.07098
793.70703	941.12054
793.75885	941.07501
793.81061	932.62872
793.86237	930.86237
793.91412	936.68378
793.96594	936.29041
794.0177	943.12347
794.06946	932.46088
794.12128	941.31238
794.17303	931.03571
794.22479	930.33215
794.27655	929.07373
794.32837	941.34979
794.38013	944.29529
794.43188	934.02466
794.48364	942.52191
794.53546	942.43402
794.58722	932.08954
794.63898	930.41809
794.69073	941.44739
794.74255	945.27826
794.79431	939.33447
794.84607	937.7085
794.89789	943.95898
794.94965	944.42072
795.0014	938.65118
795.05316	940.99408
795.10498	937.94635
795.15674	941.82275
795.2085	937.25983
795.26025	934.35327
795.31207	939.87378
795.36383	939.34277
795.41559	936.39404
795.46741	934.66858
795.51917	936.82971
795.57092	940.47266
795.62268	938.56671
795.6745	933.00592
795.72626	937.58173
795.77802	936.42603
795.82977	937.24921
795.88159	940.46375
795.93335	937.33704
795.98511	938.49744
796.03693	938.93298
796.08868	934.073
796.14044	934.05426
796.1922	940.89606
796.24402	942.23895
796.29578	940.5166
796.34753	940.72229
796.39929	933.15399
796.45111	936.13513
796.50287	938.71582
796.55463	935.10834
796.60645	938.20404
796.6582	940.53021
796.70996	939.32428
796.76172	939.75867
796.81354	936.8446
796.8653	932.83673
796.91705	936.68683
796.96881	939.31909
797.02063	940.35944
797.07239	940.85522
797.12415	943.06738
797.17596	943.17517
797.22772	943.55835
797.27948	937.30304
797.33124	938.48511
797.38306	940.06207
797.43481	939.04553
797.48657	938.38721
797.53833	938.60706
797.59015	943.56958
797.64191	943.72284
797.69366	946.6983
797.74548	941.46155
797.79724	942.11798
797.849	942.31873
797.90076	938.92499
797.95258	936.96155
798.00433	946.0744
798.05609	944.68646
798.10785	942.89185
798.15967	936.46637
798.21143	943.39288
798.26318	941.44482
798.315	937.4696
798.36676	939.55615
798.41852	945.92126
798.47028	944.24292
798.52209	933.83569
798.57385	933.18158
798.62561	939.12329
798.67737	935.32416
798.72919	940.63116
798.78094	939.80402
798.8327	941.55756
798.88452	933.36548
798.93628	936.42511
798.98804	943.38367
799.03979	941.03088
799.09161	938.99347
799.14337	933.59412
799.19513	944.06946
799.24689	941.67432
799.29871	943.75592
799.35046	940.2912
799.40222	934.00928
799.45404	936.66351
799.5058	934.26312
799.55756	931.23145
799.60931	937.66479
799.66113	949.69196
799.71289	933.28986
799.76465	940.92657
799.81641	942.59698
799.86823	942.53986
799.91998	943.07098
799.97174	945.89789
800.02356	939.7951
800.07532	940.29572
800.12708	934.79608
800.17883	940.42731
800.23065	945.59741
800.28241	942.85248
800.33417	942.57703
800.38593	940.15619
800.43774	940.80536
800.4895	941.7652
800.54126	937.19873
800.59308	938.84033
800.64484	949.53687
800.69659	947.60443
800.74835	939.51514
800.80017	942.22192
800.85193	945.35144
800.90369	943.98285
800.95544	940.48663
801.00726	945.23438
801.05902	949.20074
801.11078	945.44336
801.1626	942.13782
801.21436	945.78162
801.26611	947.88354
801.31787	947.28131
801.36969	948.14423
801.42145	952.34296
801.47321	952.72925
801.52496	944.95288
801.57678	943.81244
801.62854	941.11896
801.6803	946.78223
801.73212	945.01367
801.78387	940.59369
801.83563	947.47516
801.88739	951.61945
801.93921	948.80042
801.99097	942.93707
802.04272	939.19183
802.09448	948.50323
802.1463	944.13715
802.19806	950.3446
802.24982	947.97418
802.30164	937.50824
802.35339	941.86938
802.40515	938.66754
802.45691	944.13849
802.50873	948.23145
802.56049	958.44885
802.61224	952.40656
802.664	947.3833
802.71582	946.61957
802.76758	943.45123
802.81934	937.81744
802.87115	940.52087
802.92291	943.33191
802.97467	941.62738
803.02643	937.37946
803.07825	942.05664
803.13	944.08887
803.18176	939.05304
803.23352	941.4505
803.28534	940.03186
803.3371	934.25745
803.38885	938.97864
803.44067	943.22119
803.49243	942.9884
803.54419	939.7478
803.59595	936.82025
803.64777	932.83038
803.69952	938.91205
803.75128	941.69824
803.80304	941.54144
803.85486	944.59332
803.90662	945.56158
803.95837	944.68597
804.01019	939.89703
804.06195	936.85681
804.11371	941.03888
804.16547	941.89246
804.21729	939.62378
804.26904	942.40002
804.3208	943.4668
804.37256	946.12604
804.42438	943.74194
804.47614	940.20514
804.52789	941.11432
804.57971	946.42987
804.63147	942.77179
804.68323	945.65979
804.73499	949.37073
804.7868	946.94354
804.83856	947.27539
804.89032	949.67511
804.94208	957.54883
804.9939	952.80402
805.04565	946.83765
805.09741	944.98767
805.14923	945.61517
805.20099	950.39526
805.25275	943.60834
805.3045	946.18915
805.35632	947.22156
805.40808	954.01526
805.45984	947.92499
805.5116	954.23865
805.56342	944.8584
805.61517	950.49493
805.66693	941.99316
805.71875	950.16547
805.77051	945.29236
805.82227	952.77234
805.87402	953.73199
805.92584	953.12109
805.9776	950.34753
806.02936	944.25574
806.08112	939.12372
806.13293	943.62531
806.18469	951.04913
806.23645	953.29932
806.28827	952.62146
806.34003	945.94562
806.39178	942.40753
806.44354	943.82831
806.49536	947.41772
806.54712	949.01129
806.59888	943.8266
806.65063	952.44672
806.70245	945.63849
806.75421	945.23401
806.80597	947.22656
806.85779	945.70026
806.90955	944.8598
806.9613	944.64758
807.01306	944.99109
807.06488	945.23383
807.11664	945.01123
807.1684	947.49158
807.22015	946.47687
807.27197	944.32941
807.32373	941.53345
807.37549	946.0744
807.42731	947.66187
807.47906	943.82855
807.53082	941.41669
807.58258	943.83136
807.6344	943.40204
807.68616	943.94751
807.73792	949.48853
807.78967	950.92035
807.84149	946.70166
807.89325	944.63037
807.94501	944.29974
807.99683	939.43121
808.04858	943.64124
808.10034	945.91583
808.1521	951.00079
808.20392	952.01099
808.25568	950.10913
808.30743	942.71362
808.35919	944.12042
808.41101	943.90332
808.46277	951.32483
808.51453	942.31158
808.56635	936.70947
808.6181	952.44977
808.66986	955.08441
808.72162	943.91931
808.77344	943.48724
808.8252	941.26343
808.87695	940.13153
808.92871	939.11267
808.98053	947.33179
809.03229	946.08051
809.08405	944.56213
809.13586	944.91595
809.18762	938.61218
809.23938	953.36908
809.29114	948.9613
809.34296	934.68146
809.39471	941.4408
809.44647	941.58881
809.49823	948.54102
809.55005	941.58691
809.60181	938.28876
809.65356	935.97815
809.70538	940.84558
809.75714	935.83301
809.8089	940.22552
809.86066	933.00476
809.91248	935.42859
809.96423	938.42499
810.01599	941.41553
810.06775	942.74463
810.11957	939.58545
810.17133	945.42444
810.22308	939.41522
810.2749	935.7984
810.32666	932.20306
810.37842	934.65631
810.43018	940.82983
810.48199	938.01202
810.53375	935.25946
810.58551	938.44482
810.63727	940.92603
810.68909	942.45911
810.74084	940.65588
810.7926	935.95544
810.84442	930.17871
810.89618	934.80914
810.94794	937.01001
810.99969	938.57281
811.05151	939.39124
811.10327	944.4953
811.15503	941.0705
811.20679	941.45642
811.25861	939.65283
811.31036	941.44495
811.36212	940.7652
811.41394	940.65857
811.4657	942.802
811.51746	941.49298
811.56921	933.44501
811.62103	938.6391
811.67279	942.04572
811.72455	935.71393
811.77631	928.8606
811.82813	939.19855
811.87988	940.4516
811.93164	944.90381
811.98346	939.41229
812.03522	932.79803
812.08698	933.81128
812.13873	942.60565
812.19055	935.9696
812.24231	939.36945
812.29407	937.91949
812.34583	940.31201
812.39764	938.54773
812.4494	933.07062
812.50116	936.42334
812.55298	941.15955
812.60474	931.87183
812.65649	939.69165
812.70825	940.7663
812.76007	934.67139
812.81183	934.96899
812.86359	939.1214
812.91534	935.66919
812.96716	935.23914
813.01892	939.66541
813.07068	933.86957
813.1225	934.65149
813.17426	942.8183
813.22601	943.78412
813.27777	943.2616
813.32959	936.88037
813.38135	936.17749
813.43311	940.28149
813.48486	937.7146
813.53668	931.79688
813.58844	933.34344
813.6402	934.60089
813.69202	935.45709
813.74377	937.53174
813.79553	939.05957
813.84729	938.16522
813.89911	937.36633
813.95087	933.20941
814.00262	942.8913
814.05438	945.00824
814.1062	940.07013
814.15796	937.42065
814.20972	932.19244
814.26154	938.56934
814.31329	939.6803
814.36505	939.99658
814.41681	937.15765
814.46863	932.06744
814.52039	932.61877
814.57214	933.23566
814.6239	927.729
814.67572	936.67291
814.72748	936.3515
814.77924	931.94904
814.83105	938.92316
814.88281	932.797
814.93457	941.95032
814.98633	940.94043
815.03815	927.28802
815.0899	938.45947
815.14166	941.12152
815.19342	932.39661
815.24524	932.19586
815.297	933.22363
815.34875	935.62848
815.40057	933.42426
815.45233	928.60504
815.50409	935.25488
815.55585	941.57727
815.60767	939.91058
815.65942	934.57843
815.71118	936.93915
815.76294	935.32507
815.81476	933.56812
815.86652	933.46753
815.91827	935.10339
815.97009	936.05103
816.02185	934.15002
816.07361	936.08026
816.12537	937.62
816.17719	931.63379
816.22894	938.28973
816.2807	936.47015
816.33246	931.36603
816.38428	937.65839
816.43604	936.12494
816.48779	932.4209
816.53961	935.83722
816.59137	939.06293
816.64313	935.07727
816.69489	932.23761
816.7467	937.6001
816.79846	933.43054
816.85022	928.74493
816.90198	933.20068
816.9538	938.75208
817.00555	941.38049
817.05731	939.51843
817.10913	934.42377
817.16089	932.58276
817.21265	935.25116
817.2644	931.43005
817.31622	933.64758
817.36798	934.12708
817.41974	939.11749
817.4715	935.76233
817.52332	936.77551
817.57507	937.95502
817.62683	938.05518
817.67865	933.48444
817.73041	942.72272
817.78217	939.78333
817.83392	940.81146
817.88574	932.91626
817.9375	933.87872
817.98926	936.84827
818.04102	940.85645
818.09283	930.30524
818.14459	936.9762
818.19635	943.04437
818.24817	944.54224
818.29993	929.75995
818.35168	944.18616
818.40344	939.30029
818.45526	936.85333
818.50702	936.40497
818.55878	942.86145
818.61053	940.66333
818.66235	934.1073
818.71411	936.60376
818.76587	936.04736
818.81769	940.56042
818.86945	940.61749
818.9212	935.24548
818.97296	936.2608
819.02478	936.82068
819.07654	935.82556
819.1283	933.10541
819.18005	935.3042
819.23187	940.75269
819.28363	936.44843
819.33539	938.57642
819.38721	937.28552
819.43896	938.28546
819.49072	938.48199
819.54248	934.41821
819.5943	937.97113
819.64606	939.64771
819.69781	934.57813
819.74957	930.92963
819.80139	934.70313
819.85315	941.31934
819.90491	940.51923
819.95673	940.0105
820.00848	940.58667
820.06024	933.33569
820.112	930.25488
820.16382	927.91418
820.21558	938.21826
820.26733	937.90863
820.31909	932.5578
820.37091	936.89697
820.42267	943.61993
820.47443	937.47137
820.52625	936.30511
820.578	932.9375
820.62976	930.17719
820.68152	931.672
820.73334	931.4126
820.7851	943.54382
820.83685	937.68127
820.88861	932.49036
820.94043	928.88464
820.99219	925.03455
821.04395	939.26123
821.09576	936.35022
821.14752	936.2785
821.19928	935.65216
821.25104	938.52148
821.30286	935.33429
821.35461	932.55695
821.40637	936.74988
821.45813	936.14642
821.50995	933.10767
821.56171	927.95667
821.61346	940.10101
821.66528	937.17114
821.71704	932.53632
821.7688	928.72498
821.82056	936.49176
821.87238	936.47382
821.92413	934.79608
821.97589	933.02917
822.02765	940.07947
822.07947	939.64795
822.13123	936.42786
822.18298	937.98352
822.2348	941.75134
822.28656	935.20306
822.33832	929.04584
822.39008	932.64313
822.44189	937.771
822.49365	936.31201
822.54541	928.87964
822.59717	927.27014
822.64899	931.6825
822.70074	936.96594
822.7525	939.08307
822.80432	931.4151
822.85608	929.49609
822.90784	932.04095
822.95959	942.3432
823.01141	938.91254
823.06317	940.62305
823.11493	935.35187
823.16669	936.99561
823.21851	933.54224
823.27026	941.27197
823.32202	940.53259
823.37384	929.93481
823.4256	934.65039
823.47736	939.40826
823.52911	931.60876
823.58093	929.745
823.63269	941.10559
823.68445	936.15192
823.73621	932.1015
823.78802	929.64508
823.83978	938.08307
823.89154	937.40143
823.94336	943.91809
823.99512	938.12921
824.04688	940.50867
824.09863	939.10864
824.15045	948.81287
824.20221	937.41797
824.25397	932.77734
824.30573	934.27295
824.35754	937.1239
824.4093	935.3681
824.46106	935.11023
824.51288	935.17072
824.56464	936.60736
824.61639	939.11859
824.66815	935.41449
824.71997	940.8385
824.77173	936.88336
824.82349	933.57861
824.87524	936.85919
824.92706	936.39728
824.97882	932.84601
825.03058	936.15118
825.0824	939.16565
825.13416	941.34497
825.18591	945.19299
825.23767	939.56451
825.28949	936.53882
825.34125	945.15436
825.39301	936.31702
825.44476	938.14758
825.49658	941.73804
825.54834	939.41553
825.6001	937.46753
825.65192	940.13757
825.70367	943.03961
825.75543	941.56366
825.80719	941.07178
825.85901	939.80182
825.91077	936.10828
825.96252	937.33252
826.01428	935.75024
826.0661	935.55652
826.11786	942.1684
826.16962	937.23901
826.22144	936.55469
826.27319	927.07159
826.32495	931.66949
826.37671	936.46851
826.42853	935.30359
826.48029	939.33582
826.53204	941.88397
826.5838	936.08081
826.63562	933.83661
826.68738	938.09827
826.73914	936.39331
826.79095	938.53662
826.84271	940.62537
826.89447	942.62915
826.94623	943.04486
826.99805	934.63531
827.0498	939.77081
827.10156	935.47253
827.15332	944.89948
827.20514	943.02765
827.2569	934.70093
827.30865	934.92987
827.36047	937.84723
827.41223	943.74115
827.46399	945.44049
827.51575	943.69495
827.56757	944.40338
827.61932	942.46472
827.67108	941.34863
827.72284	940.45868
827.77466	939.25952
827.82642	931.95502
827.87817	929.8681
827.92999	934.90857
827.98175	933.53735
828.03351	937.54907
828.08527	936.69031
828.13708	938.03223
828.18884	938.5495
828.2406	940.3877
828.29236	930.46411
828.34418	938.24011
828.39594	937.45697
828.44769	936.91577
828.49951	941.79565
828.55127	933.32361
828.60303	934.26532
828.65479	927.27722
828.7066	938.552
828.75836	938.8974
828.81012	941.31909
828.86188	935.51202
828.9137	938.61169
828.96545	933.58069
829.01721	930.6571
829.06903	937.17316
829.12079	931.94519
829.17255	932.45245
829.2243	932.3291
829.27612	931.0788
829.32788	937.2005
829.37964	940.64282
829.4314	936.59332
829.48322	937.99573
829.53497	940.12659
829.58673	933.50415
829.63855	933.27618
829.69031	932.93182
829.74207	933.81598
829.79382	928.95459
829.84564	928.75043
829.8974	929.82916
829.94916	932.3512
830.00092	929.8183
830.05273	931.21063
830.10449	934.90393
830.15625	934.44531
830.20807	928.70233
830.25983	929.14984
830.31158	933.03015
830.36334	936.65143
830.41516	937.19159
830.46692	927.28204
830.51868	929.77258
830.57043	931.66425
830.62225	926.71594
830.67401	928.86871
830.72577	929.60565
830.77759	929.32233
830.82935	933.84741
830.8811	935.82025
830.93286	926.06812
830.98468	928.36517
831.03644	928.16852
831.0882	925.66846
831.13995	931.95142
831.19177	930.82562
831.24353	931.80005
831.29529	927.84485
831.34711	931.93378
831.39886	931.15259
831.45062	930.81384
831.50238	929.4729
831.5542	928.74103
831.60596	930.67511
831.65771	929.21869
831.70947	925.31921
831.76129	927.4613
831.81305	926.82062
831.86481	928.17096
831.91663	929.72986
831.96838	932.99097
832.02014	931.7923
832.0719	925.69464
832.12372	926.39893
832.17548	931.12219
832.22723	928.71844
832.27899	927.48138
832.33081	925.83411
832.38257	931.54138
832.43433	931.35266
832.48615	927.12384
832.5379	929.44434
832.58966	928.862
832.64142	927.32678
832.69324	926.55298
832.745	935.33368
832.79675	933.32727
832.84851	932.41553
832.90033	929.70624
832.95209	925.53058
833.00385	930.26611
833.05566	926.76581
833.10742	925.69781
833.15918	931.63416
833.21094	933.62189
833.26276	935.02557
833.31451	925.66779
833.36627	927.68109
833.41803	932.78345
833.46985	930.9278
833.52161	926.01868
833.57336	934.66412
833.62518	932.07184
833.67694	931.61853
833.7287	927.17206
833.78046	928.89496
833.83228	931.85437
833.88403	930.05737
833.93579	931.37366
833.98755	932.30493
834.03937	934.66156
834.09113	931.3877
834.14288	935.96924
834.1947	934.70331
834.24646	930.77942
834.29822	931.7041
834.34998	932.3963
834.40179	935.6983
834.45355	937.94421
834.50531	938.11438
834.55707	937.65314
834.60889	936.60266
834.66064	945.11566
834.7124	940.69946
834.76422	936.56384
834.81598	943.0863
834.86774	944.57544
834.91949	941.51385
834.97131	946.29138
835.02307	949.99713
835.07483	949.15454
835.12659	944.88763
835.17841	948.44794
835.23016	956.67462
835.28192	953.86914
835.33374	951.83459
835.3855	953.54224
835.43726	953.0827
835.48901	961.75305
835.54083	959.18555
835.59259	964.7558
835.64435	964.80109
835.69611	969.30658
835.74792	963.32361
835.79968	964.11395
835.85144	978.15912
835.90326	970.69647
835.95502	972.19495
836.00677	972.16693
836.05853	976.22101
836.11035	968.23602
836.16211	977.06805
836.21387	975.67566
836.26563	976.08936
836.31744	984.57495
836.3692	975.15863
836.42096	979.39923
836.47278	973.03809
836.52454	963.08746
836.57629	977.49817
836.62805	976.72546
836.67987	977.55115
836.73163	974.5033
836.78339	980.86816
836.83514	984.32263
836.88696	991.1228
836.93872	981.65021
836.99048	979.47528
837.04224	986.89886
837.09406	991.27448
837.14581	979.25916
837.19757	975.18762
837.24939	981.14526
837.30115	982.85596
837.35291	980.83325
837.40466	974.99768
837.45648	974.9552
837.50824	977.69067
837.56	977.48462
837.61176	973.88037
837.66357	977.86768
837.71533	984.01038
837.76709	981.15399
837.81891	977.75769
837.87067	986.67615
837.92242	994.7074
837.97418	995.89832
838.026	992.15479
838.07776	998.70697
838.12952	1004.3972
838.18127	1000.834
838.23309	1005.4707
838.28485	1007.032
838.33661	1024.6135
838.38843	1028.5029
838.44019	1037.1722
838.49194	1051.2903
838.5437	1047.2461
838.59552	1042.575
838.64728	1054.6589
838.69904	1065.5344
838.75079	1075.0874
838.80261	1079.4109
838.85437	1063.1467
838.90613	1080.0725
838.95795	1078.1843
839.0097	1063.6014
839.06146	1077.8414
839.11322	1084.0626
839.16504	1091.9797
839.2168	1078.4709
839.26855	1074.9746
839.32031	1067.4323
839.37213	1063.7212
839.42389	1051.4951
839.47565	1067.2555
839.52747	1036.1378
839.57922	1040.0366
839.63098	1046.5305
839.68274	1042.1829
839.73456	1033.3867
839.78632	1032.681
839.83807	1027.4928
839.88983	1021.3561
839.94165	1023.4785
839.99341	1021.601
840.04517	1016.556
840.09698	1025.5205
840.14874	1026.9415
840.2005	1022.2841
840.25226	1019.6886
840.30408	1028.186
840.35583	1017.0424
840.40759	1014.7985
840.45935	1021.3903
840.51117	1021.6138
840.56293	1018.1247
840.61469	1017.6128
840.6665	1019.8508
840.71826	1025.6835
840.77002	1026.1071
840.82178	1033.8203
840.8736	1042.4923
840.92535	1036.3848
840.97711	1028.9147
841.02887	1035.0621
841.08069	1038.8983
841.13245	1029.2435
841.1842	1025.254
841.23602	1028.4159
841.28778	1027.0972
841.33954	1042.3951
841.3913	1037.0155
841.44312	1031.4185
841.49487	1032.7704
841.54663	1027.9271
841.59839	1030.1847
841.65021	1029.6699
841.70197	1030.493
841.75372	1032.0175
841.80554	1016.8779
841.8573	1006.4007
841.90906	1020.8313
841.96082	1004.5832
842.01263	1003.2106
842.06439	1015.0569
842.11615	1019.5943
842.16791	1004.5214
842.21973	1007.7345
842.27148	1003.6855
842.32324	1001.7604
842.37506	1015.5327
842.42682	1010.4898
842.47858	989.30481
842.53033	1000.2156
842.58215	1001.0389
842.63391	1006.782
842.68567	1007.6157
842.73743	1007.1524
842.78925	998.40656
842.841	1010.7285
842.89276	1011.9241
842.94458	1000.8763
842.99634	1009.3747
843.0481	1008.25
843.09985	1005.0771
843.15167	1014.5026
843.20343	1018.9615
843.25519	1023.2544
843.30695	1020.7054
843.35876	1014.7275
843.41052	1007.5291
843.46228	1010.6238
843.5141	1016.5745
843.56586	1015.5015
843.61761	1013.1491
843.66937	1015.9763
843.72119	1013.8463
843.77295	1015.9868
843.82471	1019.1385
843.87646	1014.6875
843.92828	1008.9852
843.98004	1005.688
844.0318	998.99683
844.08362	998.60712
844.13538	1002.8454
844.18713	1006.2177
844.23889	1007.8309
844.29071	993.34344
844.34247	999.45288
844.39423	998.05865
844.44598	1006.1313
844.4978	988.27625
844.54956	1007.3065
844.60132	1010.3875
844.65314	1000.9615
844.7049	995.14063
844.75665	997.75311
844.80841	1001.7811
844.86023	1001.1282
844.91199	1009.737
844.96375	1009.5753
845.0155	1018.5538
845.06732	1007.7231
845.11908	992.08105
845.17084	1005.6078
845.22266	1014.0903
845.27441	1007.4896
845.32617	999.72272
845.37793	1015.4689
845.42975	1007.165
845.48151	1000.3944
845.53326	1003.6746
845.58502	1000.1334
845.63684	1002.5808
845.6886	1006.6742
845.74036	1000.8152
845.79218	1004.3708
845.84393	992.63989
845.89569	992.26154
845.94745	999.89252
845.99927	998.80109
846.05103	998.31567
846.10278	1004.1912
846.15454	996.08936
846.20636	996.35809
846.25812	989.09662
846.30988	992.82532
846.36169	998.25952
846.41345	996.79596
846.46521	999.2417
846.51697	986.46008
846.56879	980.54865
846.62054	985.73987
846.6723	992.46222
846.72406	984.29071
846.77588	981.67719
846.82764	983.95251
846.87939	990.83099
846.93121	980.49908
846.98297	982.57953
847.03473	985.06677
847.08649	985.31921
847.13831	982.68665
847.19006	977.10425
847.24182	984.16595
847.29358	997.31036
847.3454	983.8866
847.39716	973.9248
847.44891	987.32904
847.50073	978.78595
847.55249	979.31799
847.60425	984.20294
847.65601	986.36005
847.70782	989.39484
847.75958	988.40454
847.81134	989.04346
847.8631	992.94647
847.91492	993.92432
847.96667	994.86523
848.01843	999.26343
848.07025	997.6983
848.12201	990.89038
848.17377	976.67102
848.22552	976.47546
848.27734	991.50232
848.3291	995.74274
848.38086	984.61627
848.43262	984.67389
848.48444	980.01929
848.53619	984.40601
848.58795	987.51306
848.63977	987.36945
848.69153	983.50854
848.74329	980.02814
848.79504	985.48413
848.84686	980.89294
848.89862	976.74957
848.95038	975.5282
849.00214	977.78955
849.05396	975.23907
849.10571	972.10675
849.15747	972.5351
849.20929	975.15424
849.26105	976.71454
849.31281	975.38739
849.36456	974.797
849.41638	972.19818
849.46814	977.81006
849.5199	970.96661
849.57166	969.82684
849.62347	973.46655
849.67523	975.02612
849.72699	970.28027
849.77881	964.83044
849.83057	969.42328
849.88232	967.86609
849.93408	973.19922
849.9859	964.703
850.03766	970.36359
850.08942	971.70673
850.14117	968.96356
850.19299	960.21143
850.24475	966.52667
850.29651	959.3252
850.34833	972.61768
850.40009	958.74078
850.45184	975.58478
850.5036	971.65338
850.55542	958.11383
850.60718	966.94702
850.65894	965.17053
850.71069	969.33917
850.76251	973.92969
850.81427	963.87506
850.86603	958.62726
850.91785	958.58618
850.9696	956.59174
851.02136	966.15326
851.07312	964.10925
851.12494	962.06616
851.1767	958.02722
851.22845	951.97754
851.28021	951.98438
851.33203	956.93134
851.38379	958.89752
851.43555	957.83978
851.48737	959.98511
851.53912	961.77594
851.59088	963.42328
851.64264	960.86816
851.69446	954.83075
851.74622	950.37323
851.79797	953.03308
851.84973	955.44391
851.90155	952.2439
851.95331	952.37201
852.00507	951.65875
852.05688	941.45642
852.10864	946.58563
852.1604	943.42188
852.21216	948.40173
852.26398	953.0238
852.31573	946.96588
852.36749	941.90039
852.41925	941.52209
852.47107	939.07568
852.52283	951.56915
852.57458	940.76605
852.6264	935.92664
852.67816	943.93469
852.72992	943.64362
852.78168	940.68311
852.8335	940.58472
852.88525	934.15051
852.93701	941.21631
852.98877	945.18951
853.04059	938.10822
853.09235	938.80139
853.1441	940.89508
853.19592	938.48602
853.24768	932.56927
853.29944	937.88
853.3512	937.34845
853.40302	938.65869
853.45477	936.78101
853.50653	932.78461
853.55829	939.23975
853.61011	931.73633
853.66187	931.67731
853.71362	933.88696
853.76544	934.25494
853.8172	930.67627
853.86896	927.50635
853.92072	930.49927
853.97253	934.94855
854.02429	933.94843
854.07605	931.09094
854.12781	930.58331
854.17963	932.40668
854.23138	933.48621
854.28314	932.05518
854.33496	931.57526
854.38672	932.37335
854.43848	929.75684
854.49023	933.42291
854.54205	936.32007
854.59381	930.52197
854.64557	928.69513
854.69733	930.08521
854.74915	927.79297
854.8009	926.96436
854.85266	925.75116
854.90448	926.28564
854.95624	927.72754
855.008	928.38678
855.05975	932.01355
855.11157	926.05322
855.16333	931.04633
855.21509	927.14227
855.26685	926.93579
855.31866	920.94702
855.37042	937.22375
855.42218	926.84534
855.474	925.2973
855.52576	930.7951
855.57751	930.20532
855.62927	934.32904
855.68109	918.11133
855.73285	929.42737
855.78461	934.1391
855.83636	922.40088
855.88818	921.93079
855.93994	924.21283
855.9917	933.04346
856.04352	928.22638
856.09528	929.46863
856.14703	926.40485
856.19879	926.56763
856.25061	922.03235
856.30237	921.69507
856.35413	927.35864
856.40588	927.10498
856.4577	923.27252
856.50946	925.35162
856.56122	928.93628
856.61304	926.23871
856.66479	924.13391
856.71655	928.08325
856.76831	928.74377
856.82013	929.89459
856.87189	930.83746
856.92365	926.17511
856.9754	924.51801
857.02722	924.47375
857.07898	921.40302
857.13074	928.9751
857.18256	930.27136
857.23431	925.04352
857.28607	922.17749
857.33783	924.74652
857.38965	929.18182
857.44141	928.91931
857.49316	923.36725
857.54492	932.98523
857.59674	930.47449
857.6485	923.01337
857.70026	919.31403
857.75208	924.28363
857.80383	924.31665
857.85559	925.65613
857.90735	931.05157
857.95917	922.71985
858.01093	922.26776
858.06268	922.0451
858.11444	920.84564
858.16626	921.63898
858.21802	923.67981
858.26978	925.48627
858.32159	925.47955
858.37335	923.38483
858.42511	922.84106
858.47687	921.54535
858.52869	921.68591
858.58044	920.93182
858.6322	925.11823
858.68396	923.26044
858.73578	923.41016
858.78754	930.04327
858.83929	926.96167
858.89111	922.71326
858.94287	924.99341
858.99463	925.1637
859.04639	923.28815
859.09821	922.49573
859.14996	923.92017
859.20172	924.06171
859.25348	920.41229
859.3053	917.67108
859.35706	914.38397
859.40881	921.85028
859.46063	922.94324
859.51239	920.64069
859.56415	925.69989
859.61591	926.35791
859.66772	926.16632
859.71948	920.59369
859.77124	924.05426
859.823	932.77448
859.87482	924.41266
859.92657	921.7583
859.97833	929.88629
860.03015	923.20471
860.08191	928.98071
860.13367	918.32074
860.18542	923.19336
860.23724	924.04968
860.289	923.1283
860.34076	923.82391
860.39252	927.65192
860.44434	921.42969
860.49609	918.11566
860.54785	918.43866
860.59967	922.48712
860.65143	928.84717
860.70319	922.10089
860.75494	923.82977
860.80676	922.75745
860.85852	930.45154
860.91028	938.33331
860.96204	928.89557
861.01385	923.02972
861.06561	920.24792
861.11737	920.44531
861.16919	925.26685
861.22095	924.99463
861.27271	920.46198
861.32446	920.18109
861.37628	919.0271
861.42804	922.08728
861.4798	920.04254
861.53156	918.35187
861.58337	919.72137
861.63513	925.95459
861.68689	926.02838
861.73871	923.55621
861.79047	922.2724
861.84222	920.06592
861.89398	917.09949
861.9458	916.11017
861.99756	920.73541
862.04932	925.4754
862.10107	928.27228
862.15289	925.73859
862.20465	919.34601
862.25641	925.80988
862.30823	923.02344
862.35999	917.52698
862.41174	919.3313
862.4635	926.76959
862.51532	923.16327
862.56708	919.88995
862.61884	922.57001
862.67059	918.26678
862.72241	923.69324
862.77417	918.83997
862.82593	919.92145
862.87775	921.73444
862.9295	923.74811
862.98126	917.32837
863.03302	922.82471
863.08484	923.30524
863.1366	919.31866
863.18835	920.31372
863.24011	921.35968
863.29193	922.60608
863.34369	922.21289
863.39545	920.76282
863.44727	922.94055
863.49902	926.89355
863.55078	920.39764
863.60254	919.39923
863.65436	922.65649
863.70612	923.2796
863.75787	922.95752
863.80963	921.14203
863.86145	926.27057
863.91321	926.86578
863.96497	927.12842
864.01678	923.24921
864.06854	923.61957
864.1203	922.55176
864.17206	916.51642
864.22388	915.01208
864.27563	920.19476
864.32739	922.7016
864.37915	919.45557
864.43097	919.93585
864.48273	924.45215
864.53448	915.66638
864.5863	917.98022
864.63806	921.89929
864.68982	920.65778
864.74158	922.09033
864.7934	915.84406
864.84515	919.30017
864.89691	924.36066
864.94867	918.81171
865.00049	920.93805
865.05225	920.49756
865.104	920.19519
865.15582	918.31061
865.20758	914.97723
865.25934	920.3797
865.3111	921.86212
865.36292	921.12073
865.41467	917.5672
865.46643	919.98682
865.51819	921.33588
865.57001	917.0658
865.62177	918.59937
865.67352	921.59045
865.72534	921.95123
865.7771	918.54614
865.82886	915.37408
865.88062	918.97272
865.93243	922.36511
865.98419	917.5921
866.03595	920.42584
866.08771	924.54083
866.13953	925.03992
866.19128	916.7204
866.24304	920.1131
866.29486	922.91138
866.34662	918.62335
866.39838	919.07672
866.45013	920.87592
866.50195	920.94843
866.55371	923.435
866.60547	917.54285
866.65723	920.93634
866.70905	922.96777
866.7608	923.05756
866.81256	922.38831
866.86438	924.45752
866.91614	927.56653
866.9679	923.18274
867.01965	918.63318
867.07147	917.92517
867.12323	918.09821
867.17499	919.83801
867.22675	920.10565
867.27856	920.98694
867.33032	921.526
867.38208	917.21326
867.4339	916.88373
867.48566	919.96301
867.53741	919.70331
867.58917	917.94745
867.64099	918.30463
867.69275	916.84515
867.74451	918.36823
867.79626	917.08057
867.84808	916.03699
867.89984	919.89227
867.9516	918.30652
868.00342	918.18597
868.05518	916.85315
868.10693	919.52924
868.15869	919.47784
868.21051	918.98737
868.26227	919.21503
868.31403	921.28802
868.36578	920.17023
868.4176	920.85217
868.46936	921.38129
868.52112	920.81696
868.57294	921.40039
868.62469	921.65106
868.67645	923.37964
868.72821	922.65009
868.78003	919.11835
868.83179	918.07623
868.88354	917.54901
868.9353	921.86542
868.98712	920.45465
869.03888	917.07874
869.09064	920.08411
869.14246	920.41534
869.19421	921.71973
869.24597	919.11975
869.29773	919.48022
869.34955	921.56964
869.40131	918.79559
869.45306	918.12903
869.50482	918.34137
869.55664	918.25732
869.6084	919.39008
869.66016	917.46045
869.71198	920.18945
869.76373	918.76764
869.81549	917.21448
869.86725	917.26263
869.91907	918.5965
869.97083	922.05109
870.02258	918.1394
870.07434	917.36627
870.12616	918.60797
870.17792	921.5329
870.22968	920.21979
870.28149	918.16388
870.33325	918.48779
870.38501	922.64832
870.43677	918.4707
870.48859	918.02039
870.54034	916.14563
870.5921	916.80975
870.64386	919.09668
870.69568	918.72443
870.74744	921.66669
870.79919	916.65375
870.85101	915.63373
870.90277	918.71387
870.95453	917.97614
871.00629	921.47595
871.05811	920.69489
871.10986	917.98236
871.16162	921.60425
871.21338	918.72217
871.2652	917.77631
871.31696	916.35809
871.36871	917.83862
871.42053	916.07111
871.47229	919.70795
871.52405	921.0202
871.57581	922.05829
871.62762	918.53571
871.67938	917.30243
871.73114	917.19952
871.7829	917.22961
871.83472	916.86151
871.88647	914.43732
871.93823	918.97711
871.99005	925.6604
872.04181	919.8139
872.09357	922.77887
872.14532	922.33856
872.19714	920.02631
872.2489	917.08716
872.30066	915.98627
872.35242	918.83093
872.40424	921.78333
872.45599	920.30212
872.50775	918.72504
872.55957	918.00677
872.61133	917.07855
872.66309	917.40082
872.71484	919.72192
872.76666	918.16223
872.81842	918.12323
872.87018	919.47046
872.92194	916.31537
872.97375	921.6925
873.02551	919.43451
873.07727	915.88574
873.12909	916.96069
873.18085	920.36365
873.2326	919.26996
873.28436	920.42761
873.33618	919.22095
873.38794	922.05658
873.4397	921.48688
873.49146	918.92371
873.54327	919.36127
873.59503	920.57782
873.64679	919.98993
873.69861	917.74982
873.75037	919.68799
873.80212	922.64545
873.85388	917.44153
873.9057	914.93408
873.95746	914.57324
874.00922	917.60193
874.06097	919.47638
874.11279	919.32434
874.16455	920.27563
874.21631	922.47369
874.26813	918.526
874.31989	916.29779
874.37164	917.08533
874.4234	917.50323
874.47522	916.18408
874.52698	914.15485
874.57874	918.71283
874.63049	924.03094
874.68231	917.27026
874.73407	916.96411
874.78583	920.47748
874.83765	920.95135
874.8894	915.18237
874.94116	915.86981
874.99292	919.12238
875.04474	916.49402
875.0965	917.6413
875.14825	916.20013
875.20001	919.70276
875.25183	924.22064
875.30359	919.30652
875.35535	917.44751
875.40717	920.00574
875.45892	919.36786
875.51068	915.98376
875.56244	914.36902
875.61426	915.71991
875.66602	918.25452
875.71777	918.91339
875.76953	918.53625
875.82135	919.83099
875.87311	923.9754
875.92487	922.48083
875.97668	920.63947
876.02844	921.03247
876.0802	920.32635
876.13196	921.00116
876.18378	921.34662
876.23553	918.11243
876.28729	919.62207
876.33905	918.14191
876.39087	917.83276
876.44263	920.67255
876.49438	919.30554
876.5462	918.82928
876.59796	917.97443
876.64972	919.90063
876.70148	918.6781
876.7533	915.49713
876.80505	918.61584
876.85681	916.95654
876.90857	917.78979
876.96039	913.77423
877.01215	922.44397
877.0639	918.20917
877.11572	915.33588
877.16748	917.22217
877.21924	917.7453
877.271	919.83588
877.32281	919.98596
877.37457	914.82501
877.42633	915.25616
877.47809	917.38751
877.52991	918.07581
877.58167	916.70276
877.63342	923.91736
877.68524	918.91736
877.737	918.53613
877.78876	921.92517
877.84052	918.89081
877.89233	916.16577
877.94409	917.01184
877.99585	917.05371
878.04761	918.25336
878.09943	916.37848
878.15118	914.18115
878.20294	916.37988
878.25476	919.40729
878.30652	917.57843
878.35828	914.6875
878.41003	916.84247
878.46185	920.71503
878.51361	921.39392
878.56537	919.65582
878.61713	920.24872
878.66895	920.79028
878.7207	916.8299
878.77246	916.26392
878.82428	917.04175
878.87604	923.00317
878.9278	924.60309
878.97955	918.72046
879.03137	916.41577
879.08313	919.97388
879.13489	918.18414
879.18665	914.42548
879.23846	924.18213
879.29022	922.12384
879.34198	918.68018
879.39374	911.62671
879.44556	921.42133
879.49731	921.34186
879.54907	916.93781
879.60089	919.34998
879.65265	920.56403
879.70441	921.99762
879.75616	915.83099
879.80798	918.68079
879.85974	921.42157
879.9115	919.99158
879.96326	917.21234
880.01508	917.41638
880.06683	918.63489
880.11859	917.89227
880.17041	918.93158
880.22217	919.39264
880.27393	920.33337
880.32568	918.96411
880.3775	914.34528
880.42926	915.20465
880.48102	917.62903
880.53278	920.1275
880.58459	918.45441
880.63635	914.17041
880.68811	915.97516
880.73993	918.24249
880.79169	916.29034
880.84344	916.44904
880.8952	921.66205
880.94702	919.64355
880.99878	913.89886
881.05054	920.41235
881.10229	919.11328
881.15411	916.33575
881.20587	916.98511
881.25763	918.83722
881.30945	917.63385
881.36121	924.14447
881.41296	920.54706
881.46472	920.46674
881.51654	917.85638
881.5683	912.70374
881.62006	914.474
881.67181	919.03326
881.72363	922.70947
881.77539	920.38654
881.82715	919.45935
881.87897	919.94104
881.93073	921.55908
881.98248	915.2843
882.03424	919.16016
882.08606	922.51904
882.13782	920.83484
882.18958	919.81512
882.24133	916.362
882.29315	920.31494
882.34491	920.91791
882.39667	919.59845
882.44849	919.26294
882.50024	922.68024
882.552	919.92944
882.60376	914.82617
882.65558	915.52612
882.70734	916.10443
882.75909	920.75409
882.81085	919.12366
882.86267	916.1933
882.91443	922.44653
882.96619	921.3139
883.01801	921.32556
883.06976	919.01672
883.12152	920.3313
883.17328	918.21985
883.2251	915.86511
883.27686	920.1571
883.32861	924.48486
883.38037	913.8327
883.43219	917.09039
883.48395	918.91266
883.53571	921.89807
883.58752	922.49084
883.63928	917.08197
883.69104	922.95313
883.7428	921.92694
883.79462	920.46021
883.84637	915.888
883.89813	922.50629
883.94989	918.76221
884.00171	914.15039
884.05347	913.62036
884.10522	926.29706
884.15704	925.87744
884.2088	916.9754
884.26056	919.27814
884.31232	923.97437
884.36414	922.07971
884.41589	920.46857
884.46765	919.04871
884.51941	917.39484
884.57123	916.82806
884.62299	913.06854
884.67474	914.98828
884.72656	919.98596
884.77832	917.42023
884.83008	913.80188
884.88184	915.3576
884.93365	916.95166
884.98541	917.60004
885.03717	914.9129
885.08893	921.84479
885.14075	921.45905
885.1925	920.31775
885.24426	914.63898
885.29608	915.73328
885.34784	916.84943
885.3996	916.51288
885.45135	908.14447
885.50317	915.45728
885.55493	914.58777
885.60669	921.99976
885.65845	914.66199
885.71027	920.90302
885.76202	917.05005
885.81378	922.49152
885.8656	913.70111
885.91736	917.84955
885.96912	921.85773
886.02087	919.96887
886.07269	912.69116
886.12445	919.20471
886.17621	921.72784
886.22797	924.81744
886.27979	920.98511
886.33154	922.43488
886.3833	918.74445
886.43512	919.43591
886.48688	920.66138
886.53864	919.99042
886.59039	920.89746
886.64221	921.34015
886.69397	920.9552
886.74573	922.8598
886.79749	922.77264
886.8493	919.88904
886.90106	920.74213
886.95282	916.03137
887.00464	913.62421
887.0564	910.51166
887.10815	914.74915
887.15991	919.617
887.21173	919.65649
887.26349	915.64819
887.31525	914.37372
887.367	917.95233
887.41882	912.71216
887.47058	918.56659
887.52234	918.12402
887.57416	923.24762
887.62592	920.17694
887.67767	918.44092
887.72943	919.33325
887.78125	920.8548
887.83301	921.32202
887.88477	919.65948
887.93652	916.33112
887.98834	921.50842
888.0401	914.03741
888.09186	916.70264
888.14368	923.82117
888.19543	920.74231
888.24719	918.79651
888.29895	922.35785
888.35077	927.37091
888.40253	921.8125
888.45428	916.14966
888.50604	916.35669
888.55786	914.86737
888.60962	921.24628
888.66138	922.68475
888.7132	920.46094
888.76495	922.43701
888.81671	922.01392
888.86847	919.42151
888.92029	921.10052
888.97205	920.73596
889.0238	920.31793
889.07556	915.55707
889.12738	915.78571
889.17914	921.42877
889.2309	918.3291
889.28271	914.83459
889.33447	915.45245
889.38623	915.41156
889.43799	916.52625
889.48981	913.44135
889.54156	915.39911
889.59332	920.70392
889.64508	917.62756
889.6969	919.18225
889.74866	914.93396
889.80042	912.3028
889.85223	916.30157
889.90399	916.90741
889.95575	919.68915
890.00751	924.63757
890.05933	922.91052
890.11108	920.28235
890.16284	921.16138
890.2146	923.35175
890.26642	915.54871
890.31818	916.04706
890.36993	920.33386
890.42175	922.99664
890.47351	922.60992
890.52527	916.448
890.57703	915.61469
890.62885	913.56018
890.6806	915.8844
890.73236	919.72449
890.78412	920.01617
890.83594	920.27325
890.8877	918.05255
890.93945	914.33875
890.99127	916.81183
891.04303	916.46515
891.09479	917.65253
891.14655	916.56238
891.19836	917.68848
891.25012	920.55566
891.30188	920.86823
891.35364	912.59351
891.40546	920.67523
891.45721	920.33795
891.50897	914.604
891.56079	918.58221
891.61255	918.32507
891.66431	919.16547
891.71606	914.42548
891.76788	912.74817
891.81964	915.7536
891.8714	917.44934
891.92316	911.55084
891.97498	922.99115
892.02673	920.71967
892.07849	920.64557
892.13031	920.302
892.18207	920.91211
892.23383	920.36615
892.28558	915.08337
892.3374	917.22858
892.38916	924.82202
892.44092	919.36072
892.49268	919.20648
892.54449	919.11133
892.59625	924.76752
892.64801	922.48108
892.69983	920.80884
892.75159	919.68524
892.80334	919.41992
892.8551	919.50732
892.90692	914.21149
892.95868	913.56256
893.01044	918.36755
893.06219	918.71106
893.11401	913.79022
893.16577	925.73352
893.21753	925.8446
893.26935	924.43549
893.32111	917.62628
893.37286	916.48511
893.42462	922.5271
893.47644	921.08282
893.5282	912.65967
893.57996	920.38092
893.63171	915.97504
893.68353	920.03491
893.73529	917.66888
893.78705	916.3114
893.83887	921.72974
893.89063	913.93042
893.94238	917.36615
893.99414	918.89215
894.04596	916.20245
894.09772	911.98669
894.14948	915.33154
894.20123	915.94421
894.25305	919.51575
894.30481	914.96521
894.35657	918.46375
894.40839	920.01001
894.46014	922.20221
894.5119	917.30334
894.56366	914.43341
894.61548	923.04773
894.66724	923.89172
894.71899	923.63159
894.77075	920.13788
894.82257	916.56403
894.87433	918.19812
894.92609	918.07648
894.97791	921.3241
895.02966	915.54218
895.08142	915.12097
895.13318	918.07245
895.185	917.10626
895.23676	920.52637
895.28851	919.99438
895.34027	912.92114
895.39209	915.4989
895.44385	918.78217
895.49561	913.13678
895.54742	920.17639
895.59918	919.62933
895.65094	922.10211
895.7027	923.84155
895.75452	914.87524
895.80627	911.84015
895.85803	919.59595
895.90979	916.2124
895.96161	919.92603
896.01337	918.60712
896.06512	916.25745
896.11694	916.8219
896.1687	922.35919
896.22046	923.68713
896.27222	921.61469
896.32404	916.72412
896.37579	920.1922
896.42755	920.60754
896.47931	919.65192
896.53113	916.33844
896.58289	915.32733
896.63464	918.49231
896.68646	916.56061
896.73822	914.66809
896.78998	918.68677
896.84174	919.74518
896.89355	919.89136
896.94531	918.336
896.99707	916.48169
897.04883	922.38928
897.10065	919.91919
897.1524	920.55292
897.20416	921.05029
897.25598	921.90442
897.30774	918.51178
897.3595	911.20538
897.41125	914.76935
897.46307	924.71387
897.51483	919.56543
897.56659	914.63934
897.61835	918.83435
897.67017	915.23212
897.72192	917.53345
897.77368	917.79974
897.8255	918.79993
897.87726	917.31378
897.92902	923.63745
897.98077	913.62335
898.03259	920.43536
898.08435	920.61536
898.13611	915.71246
898.18787	912.16907
898.23969	919.4967
898.29144	921.6955
898.3432	917.45618
898.39502	914.94775
898.44678	915.50592
898.49854	919.24445
898.55029	918.4516
898.60211	921.50232
898.65387	920.64154
898.70563	920.09961
898.75739	919.99817
898.8092	922.62891
898.86096	918.9281
898.91272	920.0033
898.96454	917.87115
899.0163	919.01263
899.06805	920.74615
899.11981	923.58643
899.17163	916.383
899.22339	915.02295
899.27515	917.83521
899.3269	914.55408
899.37872	916.45367
899.43048	913.35034
899.48224	922.77405
899.53406	912.56726
899.58582	914.50391
899.63757	922.41937
899.68933	923.45795
899.74115	916.98291
899.79291	919.20105
899.84467	918.64594
899.89642	915.83777
899.94824	918.92188
900	919.03693
