50	893.20416
50.052105	889.62512
50.104214	892.49066
50.156319	891.52295
50.208424	891.02625
50.260532	890.99713
50.312637	889.23566
50.364742	888.99445
50.416851	891.03174
50.468956	892.66644
50.521061	893.74115
50.57317	893.62952
50.625275	892.11493
50.67738	889.85107
50.729488	889.29559
50.781593	890.95685
50.833698	890.86755
50.885807	891.55505
50.937912	892.48651
50.990017	890.59674
51.042122	889.40436
51.094231	891.36011
51.146336	891.83765
51.198441	888.97205
51.250549	889.71814
51.302654	892.26935
51.354759	894.81964
51.406868	894.95569
51.458973	891.38989
51.511078	892.91302
51.563187	889.72595
51.615292	892.36353
51.667397	897.33685
51.719505	894.4104
51.77161	889.08655
51.823715	897.45319
51.875824	892.48218
51.927929	892.83234
51.980034	893.375
52.032143	891.41174
52.084248	890.94836
52.136353	893.57477
52.188461	893.72711
52.240566	893.44427
52.292671	892.78882
52.34478	891.81952
52.396885	890.26074
52.44899	893.34113
52.501099	893.54834
52.553204	889.21027
52.605309	889.50842
52.657417	893.64789
52.709522	892.95807
52.761627	890.61591
52.813736	893.76483
52.865841	893.02722
52.917946	892.82001
52.970051	887.95374
53.02216	887.84668
53.074265	892.9942
53.126369	891.40698
53.178478	894.04553
53.230583	891.17896
53.282688	894.22559
53.334797	889.89966
53.386902	888.44653
53.439007	890.30402
53.491116	894.0658
53.543221	890.883
53.595325	892.53149
53.647434	894.94977
53.699539	893.44257
53.751644	894.03326
53.803753	892.24005
53.855858	890.7124
53.907963	889.08667
53.960072	890.27136
54.012177	889.91638
54.064281	889.45557
54.11639	892.26984
54.168495	892.65723
54.2206	888.80463
54.272709	890.05823
54.324814	893.89008
54.376919	892.57074
54.429028	893.8913
54.481133	894.06592
54.533237	890.15399
54.585346	891.95636
54.637451	894.5531
54.689556	891.2915
54.741665	890.73492
54.79377	890.0415
54.845875	891.60944
54.89798	894.39636
54.950089	894.87183
55.002193	894.87042
55.054298	892.01929
55.106407	893.70337
55.158512	894.75201
55.210617	893.15747
55.262726	890.80939
55.314831	890.36206
55.366936	894.52667
55.419044	890.41882
55.471149	891.13116
55.523254	891.69525
55.575363	891.98431
55.627468	891.45801
55.679573	894.2428
55.731682	892.58691
55.783787	890.60272
55.835892	889.76935
55.888	889.03094
55.940105	892.25012
55.99221	891.91199
56.044319	891.70532
56.096424	893.41516
56.148529	890.09503
56.200638	888.79529
56.252743	895.15576
56.304848	895.97455
56.356956	893.96295
56.409061	892.59003
56.461166	897.48663
56.513275	888.40863
56.56538	889.77759
56.617485	887.35626
56.669594	894.97693
56.721699	892.55133
56.773804	892.32306
56.825909	889.31042
56.878017	892.13367
56.930122	896.00439
56.982227	898.72852
57.034336	892.72461
57.086441	888.91394
57.138546	890.31854
57.190655	891.63013
57.24276	895.73926
57.294865	897.45044
57.346973	892.48389
57.399078	890.58612
57.451183	893.49628
57.503292	893.69214
57.555397	893.33368
57.607502	894.03949
57.659611	891.05603
57.711716	887.63959
57.763821	889.00525
57.815929	892.78949
57.868034	890.63135
57.920139	888.95349
57.972248	891.55573
58.024353	890.97723
58.076458	895.0437
58.128567	887.81732
58.180672	888.29999
58.232777	888.78265
58.284885	893.12665
58.33699	894.6814
58.389095	893.87842
58.441204	891.60455
58.493309	896.72211
58.545414	892.9411
58.597523	890.61359
58.649628	892.86957
58.701733	893.77142
58.753838	894.10913
58.805946	892.97632
58.858051	892.88159
58.910156	890.93628
58.962265	888.16351
59.01437	889.33765
59.066475	890.77496
59.118584	890.48779
59.170689	892.45087
59.222794	895.93079
59.274902	895.42145
59.327007	892.56403
59.379112	893.0376
59.431221	889.06982
59.483326	892.51892
59.535431	892.44873
59.58754	894.49176
59.639645	891.15479
59.69175	893.64075
59.743858	892.88855
59.795963	894.53961
59.848068	889.76703
59.900177	892.66998
59.952282	888.95782
60.004387	892.84607
60.056496	891.47247
60.108601	892.50818
60.160706	894.77673
60.212814	892.08771
60.264919	890.85266
60.317024	892.89502
60.369133	890.27484
60.421238	890.04266
60.473343	893.23114
60.525452	890.85559
60.577557	890.47382
60.629662	894.07965
60.681767	892.47156
60.733875	889.91882
60.78598	892.24158
60.838085	894.8205
60.890194	894.40979
60.942299	892.89282
60.994404	893.12946
61.046513	891.81683
61.098618	893.84894
61.150723	891.31262
61.202831	892.52216
61.254936	895.52856
61.307041	891.76093
61.35915	892.20044
61.411255	892.33551
61.46336	894.62909
61.515469	891.72296
61.567574	893.61353
61.619678	891.37457
61.671787	895.22345
61.723892	890.93817
61.775997	893.93494
61.828106	895.88879
61.880211	893.87982
61.932316	891.34222
61.984425	893.85815
62.03653	897.54028
62.088634	893.22424
62.140743	890.78979
62.192848	891.17816
62.244953	893.91077
62.297062	894.3725
62.349167	894.12396
62.401272	894.54346
62.453377	893.80115
62.505486	893.31091
62.55759	892.41638
62.609695	894.66699
62.661804	895.10541
62.713909	895.90277
62.766014	894.47345
62.818123	891.56708
62.870228	889.40961
62.922333	890.72601
62.974442	891.41486
63.026546	893.40601
63.078651	890.29352
63.13076	893.61279
63.182865	888.76971
63.23497	887.23315
63.287079	889.88806
63.339184	894.5545
63.391289	895.57104
63.443398	892.78125
63.495502	891.75006
63.547607	889.3775
63.599716	890.44849
63.651821	894.59686
63.703926	892.50818
63.756035	892.52118
63.80814	893.03827
63.860245	891.50348
63.912354	891.96564
63.964458	894.63617
64.016563	895.89429
64.068672	893.87372
64.120773	891.83008
64.172882	890.6239
64.224991	888.12384
64.277092	888.90277
64.329201	891.32227
64.38131	891.99939
64.433411	891.55176
64.485519	900.9093
64.537628	895.38416
64.589729	893.13348
64.641838	886.93195
64.693947	894.96283
64.746048	892.73517
64.798157	897.09192
64.850266	892.28314
64.902367	888.83978
64.954475	892.21069
65.006584	886.94751
65.058685	891.552
65.110794	892.19666
65.162903	892.09875
65.215004	895.44446
65.267113	896.95209
65.319221	892.66968
65.371323	893.19
65.423431	893.04749
65.47554	894.43506
65.527641	895.25702
65.57975	894.06445
65.631859	893.0946
65.68396	892.35474
65.736069	891.8692
65.788177	892.37604
65.840279	894.49438
65.892387	894.57587
65.944496	891.12396
65.996597	891.29608
66.048706	893.97644
66.100815	891.86566
66.152916	891.9552
66.205025	896.14337
66.257133	896.45581
66.309235	895.2395
66.361343	891.84503
66.413452	897.00793
66.465553	894.10083
66.517662	893.58447
66.569771	894.48584
66.621872	900.81238
66.673981	894.66364
66.726089	891.89636
66.778191	891.55548
66.830299	894.24011
66.882408	893.94873
66.934509	893.19897
66.986618	894.73273
67.038727	894.26514
67.090828	894.15747
67.142937	893.67755
67.195045	892.49695
67.247147	891.26904
67.299255	893.69141
67.351357	896.36053
67.403465	895.53882
67.455574	893.97638
67.507675	892.79211
67.559784	894.5434
67.611893	891.90466
67.663994	888.03186
67.716103	888.61377
67.768211	891.23578
67.820313	894.02765
67.872421	893.95673
67.92453	893.25549
67.976631	890.67987
68.02874	886.6795
68.080849	890.04779
68.13295	891.98358
68.185059	897.24799
68.237167	893.37848
68.289268	893.01514
68.341377	890.44342
68.393486	890.01233
68.445587	892.79028
68.497696	897.32318
68.549805	894.11951
68.601906	893.55688
68.654015	897.01459
68.706123	898.18524
68.758224	894.36615
68.810333	890.27704
68.862442	889.54321
68.914543	890.7666
68.966652	893.42017
69.018761	896.1698
69.070862	896.78528
69.122971	894.75226
69.175079	892.88031
69.22718	894.49005
69.279289	893.90283
69.331398	892.22565
69.383499	891.37079
69.435608	891.18359
69.487717	891.64758
69.539818	889.84528
69.591927	889.0329
69.644035	889.70081
69.696136	892.47754
69.748245	892.49341
69.800354	893.94507
69.852455	892.55005
69.904564	893.84827
69.956673	894.41364
70.008774	891.04889
70.060883	891.70367
70.112991	892.75909
70.165092	891.82281
70.217201	896.94006
70.26931	895.81696
70.321411	897.79932
70.37352	896.91364
70.425629	895.45801
70.47773	900.04926
70.529839	894.49872
70.581947	892.58105
70.634048	894.1095
70.686157	891.07404
70.738266	893.49451
70.790367	896.10846
70.842476	896.34674
70.894585	894.41864
70.946686	895.41779
70.998795	893.7287
71.050903	896.51849
71.103004	897.44177
71.155113	893.18573
71.207214	892.0058
71.259323	891.90497
71.311432	888.29688
71.363533	898.73602
71.415642	894.41882
71.467751	893.44855
71.519852	894.37897
71.57196	897.18475
71.624069	892.98572
71.67617	891.56763
71.728279	887.29413
71.780388	891.18933
71.832489	892.0387
71.884598	895.94672
71.936707	895.66461
71.988808	891.23077
72.040916	893.24866
72.093025	896.02124
72.145126	894.97021
72.197235	893.36505
72.249344	893.16656
72.301445	894.61646
72.353554	894.77539
72.405663	896.35413
72.457764	898.25769
72.509872	895.79993
72.561981	896.25287
72.614082	896.12677
72.666191	899.93585
72.7183	895.54462
72.770401	893.98798
72.82251	891.5307
72.874619	888.10028
72.92672	892.99921
72.978828	897.53217
73.030937	893.55798
73.083038	896.8609
73.135147	895.40594
73.187256	895.38416
73.239357	896.30701
73.291466	891.46899
73.343575	889.58673
73.395676	895.19696
73.447784	897.57727
73.499893	894.79938
73.551994	896.45782
73.604103	893.48431
73.656212	892.54767
73.708313	894.48285
73.760422	895.67584
73.812531	893.82666
73.864632	893.19415
73.91674	893.60419
73.968849	893.60822
74.02095	893.86188
74.073059	893.43243
74.125168	892.46198
74.177269	892.22388
74.229378	892.35352
74.281487	891.50714
74.333588	892.12683
74.385696	892.36749
74.437805	892.64709
74.489906	899.0788
74.542015	897.47443
74.594124	895.58368
74.646225	896.77594
74.698334	890.90033
74.750443	891.81671
74.802544	890.84619
74.854652	892.28528
74.906754	896.53644
74.958862	892.77802
75.010971	897.5614
75.063072	894.97345
75.115181	894.73724
75.16729	897.55536
75.219391	898.32983
75.2715	897.97015
75.323608	896.11285
75.37571	891.39734
75.427818	893.37915
75.479927	896.41583
75.532028	895.41614
75.584137	893.25763
75.636246	892.06848
75.688347	895.33838
75.740456	898.65796
75.792564	895.36774
75.844666	892.75537
75.896774	892.58185
75.948883	890.72839
76.000984	895.23035
76.053093	898.30066
76.105202	895.91571
76.157303	892.51709
76.209412	891.62524
76.26152	893.43219
76.313622	894.15155
76.36573	892.73065
76.417839	891.74115
76.46994	890.33752
76.522049	896.15112
76.574158	893.9303
76.626259	895.62122
76.678368	890.48901
76.730476	891.06879
76.782578	894.57642
76.834686	898.05603
76.886795	898.02472
76.938896	895.59473
76.991005	893.38452
77.043114	891.11066
77.095215	889.32355
77.147324	888.77826
77.199432	891.36829
77.251534	895.72845
77.303642	897.77411
77.355751	897.53088
77.407852	898.40344
77.459961	893.64984
77.51207	887.6167
77.564171	892.89014
77.61628	893.78595
77.668388	891.11084
77.72049	894.39716
77.772598	894.28613
77.824707	892.55316
77.876808	891.40619
77.928917	890.48535
77.981026	894.81342
78.033127	895.08618
78.085236	893.27991
78.137344	893.71765
78.189445	892.26233
78.241554	894.17175
78.293663	893.31683
78.345764	895.04645
78.397873	893.50598
78.449982	895.34021
78.502083	897.35828
78.554192	894.24219
78.6063	893.98602
78.658401	894.95386
78.71051	897.29266
78.762611	894.9613
78.81472	897.29071
78.866829	896.17126
78.91893	891.47931
78.971039	891.06006
79.023148	892.72968
79.075249	895.34613
79.127357	896.40436
79.179466	895.13373
79.231567	896.29132
79.283676	894.95593
79.335785	891.67358
79.387886	896.30463
79.439995	900.27777
79.492104	893.44165
79.544205	893.82312
79.596313	892.21277
79.648422	892.74896
79.700523	895.63904
79.752632	891.00159
79.804741	894.77124
79.856842	896.224
79.908951	897.67676
79.96106	895.32562
80.013161	891.05975
80.065269	892.03503
80.117378	895.20636
80.169479	895.28308
80.221588	892.00336
80.273697	891.1947
80.325798	892.29907
80.377907	893.75171
80.430016	897.90918
80.482117	897.10657
80.534225	891.68988
80.586334	888.30957
80.638435	890.73218
80.690544	894.49243
80.742653	893.95642
80.794754	892.18073
80.846863	891.53131
80.898972	892.48505
80.951073	893.32123
81.003181	890.34546
81.05529	891.13898
81.107391	890.77393
81.1595	888.66577
81.211609	891.8573
81.26371	888.39203
81.315819	893.1933
81.367928	890.60175
81.420029	890.84198
81.472137	896.89697
81.524246	893.16125
81.576347	893.17932
81.628456	896.57141
81.680565	891.93341
81.732666	894.3985
81.784775	894.21234
81.836884	894.57959
81.888985	897.94348
81.941093	897.85754
81.993202	893.4563
82.045303	894.34283
82.097412	893.3924
82.149521	894.99304
82.201622	895.50244
82.253731	893.31085
82.30584	891.27051
82.357941	893.11176
82.410049	893.32056
82.462158	893.34692
82.514259	894.67627
82.566368	894.34735
82.618469	893.63763
82.670578	901.49774
82.722687	910.55231
82.774788	895.70801
82.826897	892.52112
82.879005	889.625
82.931107	890.91711
82.983215	896.08557
83.035324	896.64813
83.087425	889.67944
83.139534	896.92944
83.191643	895.27673
83.243744	897.49719
83.295853	894.11731
83.347961	895.08563
83.400063	897.93958
83.452171	894.91577
83.50428	893.72607
83.556381	894.03296
83.60849	896.15973
83.660599	894.22998
83.7127	891.69995
83.764809	891.10132
83.816917	891.80054
83.869019	891.09302
83.921127	896.6778
83.973236	897.96118
84.025337	897.46381
84.077446	898.91693
84.129555	899.85114
84.181656	896.91241
84.233765	894.04749
84.285873	891.58813
84.337975	889.77625
84.390083	893.45276
84.442192	894.25201
84.494293	893.96667
84.546402	893.2738
84.598511	893.59595
84.650612	889.51178
84.702721	891.73022
84.754829	894.33997
84.806931	893.8952
84.859039	898.89819
84.911148	892.66974
84.963249	894.05115
85.015358	893.57355
85.067467	894.54199
85.119568	894.09247
85.171677	894.06366
85.223785	894.06232
85.275887	892.77869
85.327995	895.44653
85.380104	896.45557
85.432205	893.88068
85.484314	897.09473
85.536423	896.4411
85.588524	893.53015
85.640633	893.83929
85.692741	894.85681
85.744843	894.75647
85.796951	895.10059
85.84906	894.76007
85.901161	895.03131
85.95327	894.65234
86.005379	892.39136
86.05748	892.34674
86.109589	892.79211
86.161697	891.88043
86.213799	895.19659
86.265907	900.18536
86.318016	896.38873
86.370117	891.19733
86.422226	890.22302
86.474327	890.94739
86.526436	890.39471
86.578545	890.34735
86.630646	897.74261
86.682755	900.54462
86.734863	900.96509
86.786964	896.59888
86.839073	892.7088
86.891182	897.13049
86.943283	893.49988
86.995392	893.8775
87.047501	891.51599
87.099602	891.81464
87.151711	893.16943
87.203819	894.99463
87.25592	893.72644
87.308029	895.39569
87.360138	894.54755
87.412239	895.37164
87.464348	895.02069
87.516457	897.3775
87.568558	893.8725
87.620667	888.74969
87.672775	891.8338
87.724876	893.44525
87.776985	891.90686
87.829094	894.98248
87.881195	896.1662
87.933304	891.95935
87.985413	894.13507
88.037514	894.35541
88.089622	894.56915
88.141731	897.29822
88.193832	899.35437
88.245941	894.6283
88.29805	897.51239
88.350151	890.35602
88.40226	894.36932
88.454369	892.50012
88.50647	893.46869
88.558578	893.47321
88.610687	892.07007
88.662788	891.97034
88.714897	891.09424
88.767006	893.08008
88.819107	895.50397
88.871216	890.86078
88.923325	892.48474
88.975426	894.18762
89.027534	894.80841
89.079643	894.95923
89.131744	895.59381
89.183853	893.53143
89.235962	891.09033
89.288063	893.46002
89.340172	893.36816
89.392281	891.43787
89.444382	891.94946
89.49649	892.58917
89.548599	894.8382
89.6007	894.55432
89.652809	891.62708
89.704918	895.32947
89.757019	896.35254
89.809128	892.05902
89.861237	894.78131
89.913338	891.67999
89.965446	888.67462
90.017555	890.32306
90.069656	892.33337
90.121765	887.10675
90.173874	889.85431
90.225975	899.88055
90.278084	895.51294
90.330185	893.04742
90.382294	894.30676
90.434402	895.31482
90.486504	894.12842
90.538612	893.50403
90.590721	889.00366
90.642822	891.00958
90.694931	887.82788
90.74704	888.19879
90.799141	890.96509
90.85125	894.52911
90.903358	893.72424
90.95546	895.6814
91.007568	893.38531
91.059677	891.2453
91.111778	890.88696
91.163887	890.59418
91.215996	896.14557
91.268097	898.06458
91.320206	894.94861
91.372314	896.68243
91.424416	894.24805
91.476524	893.08923
91.528633	895.89374
91.580734	895.17474
91.632843	893.51965
91.684952	896.24951
91.737053	897.13629
91.789162	892.9472
91.84127	893.43097
91.893372	893.88397
91.94548	893.7702
91.997589	890.37988
92.04969	889.89337
92.101799	892.70831
92.153908	894.2478
92.206009	893.49139
92.258118	890.8103
92.310226	894.4986
92.362328	897.36035
92.414436	895.18915
92.466545	893.26392
92.518646	898.52258
92.570755	893.75305
92.622864	893.92767
92.674965	893.69885
92.727074	890.30066
92.779182	891.65698
92.831284	892.26947
92.883392	891.10767
92.935501	894.41681
92.987602	899.62012
93.039711	897.94116
93.09182	893.1167
93.143921	893.99762
93.19603	894.15765
93.248138	894.67194
93.30024	891.71405
93.352348	892.40259
93.404457	895.12408
93.456558	892.60632
93.508667	893.98743
93.560776	894.72211
93.612877	893.83801
93.664986	893.57385
93.717094	889.30634
93.769196	888.33423
93.821304	892.21295
93.873413	889.03864
93.925514	895.20898
93.977623	891.41882
94.029732	894.237
94.081833	896.88324
94.133942	898.1178
94.186043	894.88336
94.238152	891.24896
94.29026	894.90643
94.342361	895.46606
94.39447	892.22974
94.446579	894.52069
94.49868	895.0498
94.550789	890.46021
94.602898	889.66443
94.654999	892.3103
94.707108	894.72095
94.759216	894.76245
94.811317	894.04224
94.863426	894.08215
94.915535	891.83331
94.967636	893.45001
95.019745	894.21075
95.071854	893.06464
95.123955	894.62457
95.176064	897.2962
95.228172	897.47247
95.280273	897.32941
95.332382	891.97064
95.384491	893.0661
95.436592	891.09222
95.488701	895.60028
95.54081	889.79419
95.592911	893.67609
95.64502	895.67084
95.697128	896.69653
95.749229	901.20618
95.801338	890.65491
95.853447	889.60468
95.905548	894.16217
95.957657	895.27521
96.009766	893.05725
96.061867	892.27252
96.113976	891.93091
96.166084	891.44403
96.218185	889.40216
96.270294	891.23132
96.322403	889.6015
96.374504	890.50568
96.426613	895.784
96.478722	894.6665
96.530823	892.82422
96.582932	895.80292
96.63504	896.28564
96.687141	894.75574
96.73925	893.76331
96.791359	891.15063
96.84346	890.9762
96.895569	893.40015
96.947678	891.39014
96.999779	894.39386
97.051888	897.0127
97.103996	895.23889
97.156097	891.64594
97.208206	890.8783
97.260315	892.62299
97.312416	889.86884
97.364525	902.48975
97.416634	897.02496
97.468735	899.96478
97.520844	896.65894
97.572952	891.04462
97.625053	893.57288
97.677162	896.24554
97.729271	892.06329
97.781372	890.72656
97.833481	891.08484
97.885582	894.33002
97.937691	892.08557
97.989799	891.16925
98.041901	891.11639
98.094009	892.44073
98.146118	896.71527
98.198219	896.89282
98.250328	893.25275
98.302437	894.23212
98.354538	896.78204
98.406647	895.40961
98.458755	893.28052
98.510857	893.58893
98.562965	894.85657
98.615074	890.841
98.667175	893.95807
98.719284	893.90973
98.771393	892.38397
98.823494	896.77771
98.875603	894.97595
98.927711	896.58539
98.979813	895.69446
99.031921	895.77203
99.08403	897.12061
99.136131	894.20593
99.18824	890.32538
99.240349	891.12439
99.29245	896.63452
99.344559	897.62433
99.396667	892.15686
99.448769	894.46722
99.500877	893.5957
99.552986	892.41565
99.605087	894.74921
99.657196	895.71027
99.709305	898.02228
99.761406	894.85651
99.813515	891.30371
99.865623	892.90094
99.917725	892.54926
99.969833	894.20508
100.02194	896.36145
100.07404	895.18988
100.12615	893.74335
100.17826	892.57349
100.23036	892.32056
100.28247	891.61621
100.33458	891.37
100.38668	893.0658
100.43879	896.80219
100.4909	893.44318
100.543	895.90857
100.59511	893.87781
100.64722	891.97278
100.69932	893.51929
100.75143	890.4458
100.80354	894.40369
100.85564	893.41638
100.90775	893.90906
100.95985	891.94971
101.01196	892.90717
101.06406	892.45197
101.11617	890.73853
101.16827	894.97803
101.22038	893.43616
101.27249	894.99591
101.32459	889.633
101.3767	894.00946
101.42881	896.00586
101.48091	894.01105
101.53302	894.47632
101.58513	895.03552
101.63723	895.40039
101.68934	892.54602
101.74144	891.49738
101.79355	891.31036
101.84566	894.11084
101.89776	894.43219
101.94987	891.72754
102.00198	893.41962
102.05408	894.80066
102.10619	894.09424
102.15829	893.42303
102.2104	893.76233
102.2625	896.50964
102.31461	894.37616
102.36671	895.68335
102.41882	894.52979
102.47093	895.23926
102.52303	893.68152
102.57514	895.56964
102.62725	894.78467
102.67935	895.9342
102.73146	897.21045
102.78357	893.95282
102.83567	891.99469
102.88778	897.86279
102.93989	898.57111
102.99199	892.32245
103.0441	895.44739
103.09621	898.85883
103.14831	894.93457
103.20042	893.75366
103.25253	893.59991
103.30463	894.32068
103.35674	894.94861
103.40884	893.38104
103.46095	892.31836
103.51305	890.95294
103.56516	894.7583
103.61726	894.1037
103.66937	893.3139
103.72148	897.58649
103.77358	896.01147
103.82569	891.25531
103.8778	894.64838
103.9299	898.54755
103.98201	895.56628
104.03412	893.76642
104.08622	892.38141
104.13833	891.60522
104.19044	895.65692
104.24254	895.23419
104.29465	895.97754
104.34676	893.00568
104.39886	895.47937
104.45097	898.71777
104.50307	894.22125
104.55518	897.87701
104.60728	897.12115
104.65939	898.42639
104.71149	888.29401
104.7636	888.51611
104.81571	896.54218
104.86781	898.41425
104.91992	893.35107
104.97203	891.42847
105.02413	891.19519
105.07624	898.07068
105.12835	892.0191
105.18045	894.15686
105.23256	898.76697
105.28467	899.38074
105.33677	894.60162
105.38888	891.98962
105.44099	895.48767
105.49309	896.24658
105.5452	893.04163
105.5973	891.66614
105.64941	894.39478
105.70152	897.9411
105.75362	894.35187
105.80573	889.65546
105.85783	890.59393
105.90993	893.74664
105.96204	894.18958
106.01415	889.53424
106.06625	893.27325
106.11836	891.2569
106.17047	892.09338
106.22257	891.54926
106.27468	890.2901
106.32679	896.10577
106.37889	890.81421
106.431	889.22034
106.48311	895.45782
106.53521	900.93073
106.58732	899.92639
106.63943	889.02612
106.69153	885.43427
106.74364	894.90723
106.79575	898.1051
106.84785	897.06244
106.89996	895.60522
106.95206	896.67914
107.00417	897.29327
107.05627	896.23346
107.10838	891.25275
107.16048	891.93652
107.21259	897.047
107.2647	896.72736
107.3168	895.28918
107.36891	895.18506
107.42102	894.39307
107.47312	893.24481
107.52523	892.46857
107.57734	894.97009
107.62944	896.54218
107.68155	896.80267
107.73366	891.51959
107.78576	889.65125
107.83787	893.52753
107.88998	896.20691
107.94208	887.66394
107.99419	889.79834
108.0463	898.52441
108.0984	898.53882
108.15051	892.44055
108.20261	894.30237
108.25471	895.40826
108.30682	894.25751
108.35893	894.43408
108.41103	886.26074
108.46314	891.58759
108.51525	892.56445
108.56735	892.36316
108.61946	891.18005
108.67157	890.8277
108.72367	892.52155
108.77578	891.77716
108.82789	893.2301
108.87999	897.30341
108.9321	900.45251
108.98421	897.21423
109.03631	890.216
109.08842	888.48859
109.14053	891.03937
109.19263	894.14435
109.24474	890.71918
109.29684	890.21283
109.34895	895.06317
109.40105	897.50861
109.45316	889.29846
109.50526	893.58319
109.55737	896.53094
109.60947	894.11865
109.66158	900.10858
109.71369	895.0072
109.76579	896.4577
109.8179	897.4248
109.87001	889.90118
109.92211	890.35944
109.97422	896.62634
110.02633	896.16107
110.07843	894.29193
110.13054	891.15973
110.18265	891.57727
110.23475	892.66309
110.28686	895.3877
110.33897	893.39734
110.39107	893.8504
110.44318	896.75769
110.49529	896.75153
110.54739	894.53265
110.59949	893.67297
110.6516	896.37225
110.7037	895.43707
110.75581	892.26855
110.80792	892.7973
110.86002	893.94678
110.91213	894.99872
110.96424	890.54932
111.01634	891.5968
111.06845	894.65033
111.12056	896.38257
111.17266	889.76746
111.22477	892.76086
111.27688	899.74475
111.32898	897.90118
111.38109	889.69843
111.4332	893.82666
111.4853	892.92291
111.53741	897.28534
111.58952	894.97968
111.64162	893.01337
111.69373	896.8728
111.74583	894.76514
111.79794	890.18707
111.85004	889.34796
111.90215	893.98242
111.95425	895.34271
112.00636	889.27991
112.05847	892.64325
112.11057	892.72247
112.16268	893.51306
112.21479	891.2699
112.26689	890.23505
112.319	891.59076
112.37111	895.84943
112.42321	897.92468
112.47532	897.14697
112.52743	899.43414
112.57953	898.19989
112.63164	892.86151
112.68375	891.25006
112.73585	897.06793
112.78796	899.05475
112.84007	893.26636
112.89217	894.48834
112.94427	894.1651
112.99638	898.50671
113.04848	898.58173
113.10059	889.66656
113.1527	893.58911
113.2048	890.46777
113.25691	897.74219
113.30901	890.04944
113.36112	892.11035
113.41323	895.43878
113.46533	897.95563
113.51744	892.76318
113.56955	889.71979
113.62165	891.61719
113.67376	896.41687
113.72587	896.29895
113.77797	893.31067
113.83008	896.91736
113.88219	897.65131
113.93429	892.79303
113.9864	890.5282
114.03851	895.12006
114.09061	898.47498
114.14272	896.03418
114.19482	893.04102
114.24693	894.15509
114.29903	897.5213
114.35114	896.69055
114.40324	894.745
114.45535	897.56073
114.50746	896.79315
114.55956	894.46051
114.61167	891.14795
114.66378	892.60968
114.71588	893.16656
114.76799	897.67566
114.8201	893.53894
114.8722	888.51495
114.92431	899.08759
114.97642	896.67706
115.02852	895.70416
115.08063	890.4455
115.13274	896.63971
115.18484	898.51782
115.23695	894.35919
115.28905	886.17084
115.34116	892.30701
115.39326	898.42542
115.44537	894.82666
115.49747	892.80524
115.54958	893.00232
115.60169	898.39948
115.65379	893.33502
115.7059	888.354
115.75801	893.24512
115.81011	898.75598
115.86222	896.59625
115.91433	891.94836
115.96643	894.44208
116.01854	898.09143
116.07065	894.30469
116.12275	891.34766
116.17486	893.28552
116.22697	896.12109
116.27907	896.25494
116.33118	888.67877
116.38329	893.93274
116.43539	894.5733
116.4875	892.33856
116.5396	893.42761
116.59171	892.29016
116.64381	894.19733
116.69592	895.53687
116.74802	893.59076
116.80013	890.67676
116.85224	891.53705
116.90434	892.04785
116.95645	891.20392
117.00856	891.513
117.06066	896.94617
117.11277	894.89813
117.16487	891.01404
117.21698	893.02026
117.26909	894.42572
117.32119	894.2312
117.3733	894.71454
117.42541	892.59222
117.47751	895.76929
117.52962	898.22083
117.58173	896.76245
117.63383	896.05377
117.68594	895.58099
117.73804	896.15002
117.79015	894.66809
117.84225	890.35254
117.89436	893.03223
117.94646	901.27875
117.99857	902.34906
118.05068	891.55939
118.10278	893.6145
118.15489	895.0163
118.207	893.19952
118.2591	893.65869
118.31121	892.21429
118.36332	897.60309
118.41542	898.37213
118.46753	896.05237
118.51964	897.50543
118.57174	897.02191
118.62385	897.47284
118.67596	889.31714
118.72806	892.89728
118.78017	896.89691
118.83228	895.85114
118.88438	891.92871
118.93649	894.7973
118.98859	896.35114
119.0407	895.77911
119.0928	893.79572
119.14491	892.33289
119.19701	894.12549
119.24912	894.30109
119.30123	891.24548
119.35333	895.78314
119.40544	899.22748
119.45755	897.42859
119.50965	897.5202
119.56176	893.89063
119.61387	890.59094
119.66597	892.80029
119.71808	892.80695
119.77019	892.75476
119.82229	897.25067
119.8744	900.01099
119.92651	895.92285
119.97861	891.93457
120.03072	892.94037
120.08282	898.52802
120.13493	895.42664
120.18703	895.25604
120.23914	892.51404
120.29124	895.90875
120.34335	898.33557
120.39546	893.25134
120.44756	898.36517
120.49967	894.06946
120.55178	898.08264
120.60388	898.49219
120.65599	898.40009
120.7081	897.63495
120.7602	897.39471
120.81231	893.87329
120.86442	895.08722
120.91652	901.54779
120.96863	897.61023
121.02073	897.48676
121.07284	898.15033
121.12495	895.05664
121.17705	893.37494
121.22916	891.93225
121.28127	892.18817
121.33337	892.63361
121.38548	893.34192
121.43758	895.24738
121.48969	894.26318
121.54179	898.44696
121.5939	893.72021
121.646	894.52478
121.69811	897.62677
121.75022	894.84442
121.80232	895.87274
121.85443	900.60028
121.90654	891.42529
121.95864	892.42328
122.01075	893.87659
122.06286	895.32739
122.11496	894.35394
122.16707	895.73706
122.21918	893.53717
122.27128	899.06519
122.32339	894.68512
122.3755	895.46405
122.4276	896.20819
122.47971	898.60925
122.53181	893.76874
122.58392	892.86542
122.63602	894.65881
122.68813	893.99554
122.74023	892.36194
122.79234	894.75232
122.84445	894.81824
122.89655	895.42163
122.94866	898.54535
123.00077	900.4942
123.05287	900.60858
123.10498	898.52374
123.15709	897.93732
123.20919	895.82159
123.2613	890.91101
123.31341	894.06238
123.36551	891.39795
123.41762	893.21387
123.46973	898.61023
123.52183	900.37329
123.57394	894.25159
123.62605	894.56378
123.67815	896.69794
123.73026	896.48047
123.78236	899.49011
123.83447	893.22882
123.88657	892.25537
123.93868	895.56268
123.99078	899.41949
124.04289	895.70831
124.095	890.04077
124.1471	892.97986
124.19921	894.1228
124.25132	896.54779
124.30342	894.59717
124.35553	891.91498
124.40764	895.34747
124.45974	894.5639
124.51185	895.41461
124.56396	896.09869
124.61606	895.98535
124.66817	895.92371
124.72027	892.08484
124.77238	892.58276
124.82449	899.66156
124.87659	900.61487
124.9287	895.58508
124.9808	895.03241
125.03291	898.5188
125.08501	897.76898
125.13712	895.09723
125.18922	896.16943
125.24133	895.26483
125.29344	891.86951
125.34554	891.24792
125.39765	894.36664
125.44976	895.76575
125.50186	896.17035
125.55397	890.83154
125.60608	894.0802
125.65818	891.16467
125.71029	895.96674
125.7624	895.20447
125.8145	892.8703
125.86661	897.02509
125.91872	896.78333
125.97082	892.11945
126.02293	894.68713
126.07504	897.52991
126.12714	895.55518
126.17924	896.38007
126.23135	896.44104
126.28345	898.05353
126.33556	897.56702
126.38767	892.78168
126.43977	894.86511
126.49188	898.86877
126.54399	900.35596
126.59609	896.39227
126.6482	891.03967
126.70031	893.04706
126.75241	894.51001
126.80452	892.33502
126.85663	890.24915
126.90873	891.18225
126.96084	892.71497
127.01295	893.44037
127.06505	893.82648
127.11716	892.27203
127.16927	897.17896
127.22137	894.1134
127.27348	888.30035
127.32558	895.37341
127.37769	899.4364
127.42979	896.4848
127.4819	890.65479
127.534	892.93585
127.58611	899.52582
127.63822	896.90692
127.69032	891.76947
127.74243	891.03961
127.79454	897.11365
127.84664	895.79919
127.89875	893.1499
127.95086	893.97681
128.00296	893.13611
128.05507	896.52191
128.10718	898.20227
128.15929	895.88751
128.21138	891.32465
128.26349	893.42554
128.3156	896.74902
128.36771	897.49579
128.41982	897.34198
128.47192	897.31195
128.52402	895.12579
128.57613	890.82434
128.62823	894.74658
128.68034	898.47437
128.73245	897.73157
128.78456	892.42908
128.83665	890.1908
128.88876	892.79156
128.94087	893.17712
128.99298	889.84985
129.04509	892.39618
129.0972	896.20911
129.14929	903.02338
129.2014	896.18719
129.25351	888.52856
129.30562	898.72375
129.35773	901.80444
129.40984	894.59296
129.46193	896.18134
129.51404	899.46985
129.56615	897.44354
129.61826	893.31854
129.67036	892.44153
129.72247	896.18103
129.77457	902.47534
129.82668	897.17621
129.87878	895.25616
129.93089	896.2453
129.983	895.51746
130.03511	895.78821
130.0872	894.77539
130.13931	893.67749
130.19142	896.86127
130.24353	896.21204
130.29564	892.12677
130.34775	894.23151
130.39984	897.84631
130.45195	898.00867
130.50406	894.75958
130.55617	892.81409
130.60828	892.04999
130.66037	893.89117
130.71248	892.24457
130.76459	887.65576
130.8167	896.69995
130.8688	901.2605
130.92091	899.73743
130.97301	893.72168
131.02512	898.80353
131.07722	896.83087
131.12933	890.51349
131.18144	896.53333
131.23355	893.6402
131.28564	896.48138
131.33775	895.12964
131.38986	899.44672
131.44197	897.12531
131.49408	898.68286
131.54619	894.47412
131.59828	895.72766
131.65039	895.10895
131.7025	895.66687
131.75461	891.56683
131.80672	893.38776
131.85883	895.46198
131.91092	893.72662
131.96303	892.5639
132.01514	893.06262
132.06725	895.91266
132.11935	897.6618
132.17146	898.44794
132.22356	903.47107
132.27567	903.06354
132.32777	894.95276
132.37988	894.97717
132.43199	891.9342
132.4841	893.13141
132.53619	896.3197
132.5883	897.65857
132.64041	894.17914
132.69252	891.1615
132.74463	893.73712
132.79674	893.38428
132.84883	894.76007
132.90094	894.31628
132.95305	897.71387
133.00516	892.99982
133.05727	897.40027
133.10938	893.72675
133.16147	894.13348
133.21358	898.047
133.26569	889.00494
133.31779	891.07098
133.3699	894.1441
133.42201	900.93774
133.47411	893.80359
133.52621	890.08112
133.57832	896.35254
133.63043	895.7442
133.68254	892.35785
133.73465	895.64215
133.78674	897.40717
133.83885	897.73474
133.89096	895.91205
133.94307	891.3335
133.99518	891.05542
134.04729	893.57886
134.09938	896.61719
134.15149	896.38672
134.2036	891.19141
134.25571	889.776
134.30782	893.10211
134.35991	888.12805
134.41202	893.1048
134.46413	894.32587
134.51624	901.82013
134.56834	896.45837
134.62045	898.68976
134.67255	898.68701
134.72466	898.49744
134.77676	890.23468
134.82887	895.00696
134.88098	897.98846
134.93309	894.08154
134.98518	885.74054
135.03729	890.63916
135.0894	897.02661
135.14151	894.17957
135.19362	892.39197
135.24573	892.89832
135.29782	892.44305
135.34993	892.49469
135.40204	892.32208
135.45415	892.77521
135.50626	897.34344
135.55836	899.28455
135.61046	894.29114
135.66257	892.95618
135.71468	897.32715
135.76678	898.2536
135.81889	895.7663
135.871	894.6261
135.9231	893.87347
135.9752	892.62073
136.02731	892.29926
136.07942	892.9245
136.13153	897.03296
136.18364	900.19702
136.23573	900.76385
136.28784	895.51563
136.33995	895.02698
136.39206	894.84479
136.44417	895.69995
136.49628	887.16064
136.54837	888.32288
136.60048	894.11542
136.65259	896.54224
136.7047	892.76599
136.75681	895.36041
136.80891	899.17255
136.86101	897.83459
136.91312	890.83203
136.96523	893.23547
137.01733	894.85425
137.06944	896.58215
137.12155	891.21783
137.17365	886.9519
137.22575	894.82819
137.27786	898.08435
137.32997	896.31427
137.38208	894.36755
137.43419	895.79816
137.48628	897.00897
137.53839	895.7807
137.5905	893.60144
137.64261	896.09619
137.69472	899.34009
137.74683	894.65747
137.79892	892.49841
137.85103	896.21405
137.90314	897.74353
137.95525	894.45959
138.00735	892.05261
138.05946	896.74286
138.11156	897.01166
138.16367	895.69867
138.21577	898.57312
138.26788	896.17914
138.31999	897.72339
138.37209	899.54095
138.42419	892.59558
138.4763	895.48584
138.52841	894.02472
138.58052	899.68549
138.63263	893.99347
138.68472	891.69513
138.73683	894.07843
138.78894	895.31604
138.84105	894.66461
138.89316	892.51563
138.94527	893.85724
138.99736	894.4671
139.04947	893.06561
139.10158	895.14789
139.15369	897.10297
139.2058	898.38055
139.2579	897.48315
139.31	893.36847
139.36211	892.81335
139.41422	892.42584
139.46632	892.59064
139.51843	894.04156
139.57054	895.68005
139.62263	900.61749
139.67474	897.67145
139.72685	890.61493
139.77896	893.70459
139.83107	896.41595
139.88318	897.5163
139.93527	893.98895
139.98738	895.21686
140.03949	892.58643
140.0916	892.90521
140.14371	890.14264
140.19582	892.53107
140.24791	898.96503
140.30002	899.76501
140.35213	895.87927
140.40424	892.95966
140.45634	894.79474
140.50845	896.27509
140.56055	891.90826
140.61266	890.08258
140.66476	896.1864
140.71687	895.75385
140.76898	894.1991
140.82109	894.6319
140.87318	897.06128
140.92529	897.51776
140.9774	893.65472
141.02951	894.12878
141.08162	893.1922
141.13373	895.70709
141.18582	894.40454
141.23793	893.50085
141.29004	894.5863
141.34215	898.18335
141.39426	900.80127
141.44637	896.20905
141.49846	894.13812
141.55057	896.26624
141.60268	896.80273
141.65479	892.45898
141.70689	889.06268
141.759	895.41711
141.8111	899.33551
141.8632	892.92456
141.91531	893.4975
141.96742	894.61884
142.01953	895.94196
142.07162	893.50354
142.12373	895.58405
142.17584	899.2641
142.22795	898.19116
142.28006	890.40771
142.33217	893.17401
142.38426	897.95227
142.43637	897.388
142.48848	893.78259
142.54059	894.56049
142.5927	896.83826
142.64481	897.67871
142.6969	893.17773
142.74901	895.84326
142.80112	896.9176
142.85323	895.0592
142.90533	895.91162
142.95744	894.24677
143.00954	896.67749
143.06165	900.12256
143.11375	894.46204
143.16586	888.99506
143.21797	890.72363
143.27008	894.14642
143.32217	894.2135
143.37428	893.68213
143.42639	896.70032
143.4785	898.59509
143.53061	897.75769
143.58272	893.22772
143.63481	892.05933
143.68692	898.35187
143.73903	896.86151
143.79114	890.41528
143.84325	891.96124
143.89536	895.7179
143.94745	895.66022
143.99956	895.00592
144.05167	892.59937
144.10378	890.86224
144.15588	896.20691
144.20799	899.12299
144.26009	892.5755
144.31219	897.71008
144.3643	901.76111
144.41641	894.41187
144.46852	891.93292
144.52063	896.1405
144.57272	890.13904
144.62483	894.22394
144.67694	893.99353
144.72905	894.92828
144.78116	898.36804
144.83327	896.43732
144.88536	894.97717
144.93747	896.94116
144.98958	895.90247
145.04169	891.47034
145.0938	889.92279
145.1459	893.07098
145.198	895.42352
145.25011	894.29083
145.30222	889.93127
145.35432	887.57861
145.40643	894.24725
145.45854	897.21625
145.51064	894.45538
145.56274	896.96783
145.61485	895.36945
145.66696	895.492
145.71907	892.94037
145.77116	892.75201
145.82327	895.92444
145.87538	894.66882
145.92749	895.03851
145.9796	894.03802
146.03171	892.66461
146.0838	895.09406
146.13591	894.13611
146.18802	893.16058
146.24013	892.185
146.29224	894.31238
146.34435	891.15552
146.39644	894.33728
146.44855	899.11548
146.50066	895.80426
146.55276	892.70465
146.60487	892.80444
146.65698	895.51813
146.70908	900.26099
146.76118	898.5351
146.81329	894.4129
146.8654	894.24512
146.91751	897.31299
146.96962	898.52631
147.02171	893.99408
147.07382	892.94293
147.12593	897.41602
147.17804	896.48798
147.23015	894.04883
147.28226	895.91882
147.33435	898.10126
147.38646	898.96515
147.43857	893.95288
147.49068	893.9953
147.54279	899.10541
147.59489	900.41364
147.64699	892.71185
147.6991	893.83972
147.75121	895.58716
147.80331	895.39532
147.85542	890.01654
147.90753	890.23895
147.95963	894.56915
148.01173	896.99945
148.06384	889.24969
148.11595	890.88806
148.16806	896.4939
148.22017	900.10846
148.27226	893.6001
148.32437	890.82251
148.37648	895.74341
148.42859	900.11292
148.4807	893.06195
148.53281	893.39282
148.5849	895.8811
148.63701	896.81378
148.68912	897.94495
148.74123	896.30017
148.79333	893.48499
148.84544	894.1662
148.89754	893.03418
148.94965	893.7832
149.00175	896.94464
149.05386	898.60455
149.10597	898.87085
149.15808	895.23853
149.21017	893.24585
149.26228	896.09686
149.31439	896.59344
149.3665	893.67474
149.41861	891.39404
149.47072	893.9325
149.52281	896.11121
149.57492	892.10205
149.62703	895.30017
149.67914	893.81128
149.73125	897.92682
149.78334	898.29773
149.83545	890.93402
149.88756	900.57806
149.93967	896.19348
149.99178	892.14014
150.04388	892.85675
150.09598	898.47046
150.14809	894.06659
150.2002	892.43097
150.2523	890.73596
150.30441	894.94171
150.35652	895.33331
150.40862	892.68036
150.46072	893.75635
150.51283	893.87567
150.56494	893.22565
150.61705	891.39313
150.66916	894.02698
150.72125	895.1889
150.77336	895.19763
150.82547	896.93262
150.87758	897.06805
150.92969	894.66272
150.9818	895.15533
151.03389	894.54071
151.086	895.39044
151.13811	897.67023
151.19022	895.6994
151.24232	893.17426
151.29443	893.89301
151.34653	894.49036
151.39864	894.30811
151.45074	892.36926
151.50285	888.992
151.55496	893.73285
151.60707	892.70032
151.65916	893.25403
151.71127	898.74634
151.76338	894.97516
151.81549	896.09973
151.8676	895.35193
151.91971	890.9621
151.9718	893.16388
152.02391	897.8045
152.07602	899.03522
152.12813	894.99603
152.18024	892.34943
152.23235	892.85059
152.28444	892.08344
152.33655	894.62842
152.38866	895.19
152.44077	890.18225
152.49287	889.37042
152.54498	893.2735
152.59708	894.81592
152.64919	897.16229
152.70129	895.85254
152.7534	893.46533
152.80551	891.98529
152.85762	894.67639
152.90971	894.06653
152.96182	893.8537
153.01393	894.90881
153.06604	894.66803
153.11815	893.20679
153.17026	892.76917
153.22235	893.02582
153.27446	891.94513
153.32657	892.06781
153.37868	894.0636
153.43079	896.27435
153.48288	897.45941
153.53499	896.31769
153.5871	895.56781
153.63921	894.9942
153.69131	892.55536
153.74342	895.0542
153.79552	888.63965
153.84763	895.47968
153.89973	897.33282
153.95184	900.26923
154.00395	894.14172
154.05606	902.49353
154.10815	896.77875
154.16026	896.09436
154.21237	890.54669
154.26448	892.20801
154.31659	893.59235
154.3687	892.81976
154.42079	893.04303
154.4729	893.82928
154.52501	895.16296
154.57712	898.35547
154.62923	897.90717
154.68134	893.88104
154.73343	893.89716
154.78554	893.61377
154.83765	892.01117
154.88976	892.61005
154.94186	893.06335
154.99397	893.02417
155.04607	892.45673
155.09818	892.48901
155.15028	895.88733
155.20239	896.98553
155.2545	894.23132
155.30661	893.28485
155.3587	895.17438
155.41081	896.01801
155.46292	897.32349
155.51503	896.80811
155.56714	897.17786
155.61925	892.9718
155.67134	896.07483
155.72345	896.17316
155.77556	891.77026
155.82767	897.38525
155.87978	887.66785
155.93188	894.21014
155.98398	892.65521
156.03609	901.50793
156.0882	895.5354
156.1403	894.9259
156.19241	893.37256
156.24452	896.14526
156.29662	900.78821
156.34872	895.79163
156.40083	893.49237
156.45294	895.17273
156.50505	894.05341
156.55716	894.83484
156.60925	897.15955
156.66136	895.18079
156.71347	893.5097
156.76558	894.22742
156.81769	892.09827
156.8698	894.16071
156.92189	898.29492
156.974	893.03973
157.02611	890.09277
157.07822	892.79462
157.13033	893.06958
157.18243	893.7641
157.23453	891.95428
157.28664	892.94452
157.33875	895.96863
157.39085	893.20837
157.44296	890.19208
157.49506	895.10345
157.54716	896.55878
157.59927	897.65735
157.65138	892.48071
157.70349	894.42194
157.7556	894.91357
157.80769	892.58289
157.8598	889.24109
157.91191	891.12744
157.96402	897.3949
158.01613	895.94287
158.06824	888.64191
158.12033	893.8327
158.17244	895.54114
158.22455	890.77759
158.27666	889.24884
158.32877	892.02887
158.38087	895.59967
158.43297	895.40027
158.48508	892.11108
158.53719	893.11121
158.58929	896.68036
158.6414	895.21075
158.69351	892.38763
158.74561	891.7392
158.79771	891.08411
158.84982	893.25305
158.90193	893.95404
158.95404	892.87451
159.00615	898.92358
159.05824	894.84705
159.11035	893.48535
159.16246	894.17438
159.21457	895.36377
159.26668	894.9881
159.31879	893.04071
159.37088	894.12372
159.42299	892.30896
159.4751	898.85181
159.52721	898.79236
159.57932	892.47339
159.63142	894.24994
159.68352	894.34235
159.73563	889.85767
159.78773	891.94226
159.83984	894.01575
159.89195	895.55096
159.94406	894.65424
159.99615	890.92542
160.04826	894.92169
160.10037	894.02332
160.15248	894.50043
160.20459	891.45575
160.2567	890.23987
160.30879	895.51569
160.3609	896.57257
160.41301	893.21417
160.46512	893.56885
160.51723	895.30414
160.56934	895.07806
160.62143	895.21899
160.67354	896.18842
160.72565	896.24951
160.77776	895.46008
160.82986	894.25226
160.88197	891.2066
160.93407	892.66229
160.98618	892.66541
161.03828	888.97589
161.09039	890.44824
161.1425	893.98468
161.1946	895.27325
161.2467	895.22913
161.29881	894.87952
161.35092	896.80743
161.40303	898.26318
161.45514	901.17651
161.50723	894.18066
161.55934	895.13031
161.61145	898.80573
161.66356	895.81201
161.71567	891.08948
161.76778	891.45306
161.81987	894.073
161.87198	894.36816
161.92409	890.9989
161.9762	892.50659
162.02831	895.06378
162.08041	896.36914
162.13251	893.68817
162.18462	890.56671
162.23672	893.04254
162.28883	895.72321
162.34094	893.73303
162.39305	893.35992
162.44514	892.78961
162.49725	888.68018
162.54936	888.36768
162.60147	890.74518
162.65358	893.8493
162.70569	897.90222
162.75778	893.50342
162.80989	887.51251
162.862	899.08789
162.91411	897.45703
162.96622	892.3548
163.01833	893.25726
163.07042	894.16827
163.12253	898.57977
163.17464	902.41388
163.22675	888.22693
163.27885	890.16931
163.33096	897.43335
163.38306	896.26355
163.43517	895.71478
163.48727	894.34216
163.53938	896.73535
163.59149	893.43518
163.6436	892.66132
163.69569	894.5918
163.7478	897.3924
163.79991	894.92517
163.85202	891.23785
163.90413	892.46613
163.95624	896.50116
164.00833	897.23505
164.06044	896.0636
164.11255	895.91541
164.16466	897.18378
164.21677	896.89673
164.26888	896.56805
164.32097	894.55109
164.37308	892.68829
164.42519	896.58649
164.47729	897.05298
164.5294	893.96936
164.58151	893.72614
164.63361	898.47925
164.68571	896.88477
164.73782	892.78412
164.78993	893.22754
164.84204	898.88574
164.89415	892.94171
164.94624	895.47668
164.99835	898.51984
165.05046	897.49329
165.10257	895.64282
165.15468	897.58502
165.20677	891.29266
165.25888	896.26367
165.31099	896.1283
165.3631	894.75391
165.41521	892.00586
165.46732	896.14545
165.51941	892.66016
165.57152	894.28619
165.62363	895.07068
165.67574	898.30878
165.72784	895.41156
165.77995	892.89886
165.83205	894.47247
165.88416	895.86353
165.93626	896.63824
165.98837	894.00586
166.04048	894.44855
166.09259	896.05127
166.14468	893.86853
166.19679	892.98846
166.2489	892.91772
166.30101	893.7887
166.35312	896.89856
166.40523	898.86932
166.45732	899.39117
166.50943	897.17438
166.56154	900.64105
166.61365	891.0835
166.66576	893.80548
166.71786	896.93652
166.76996	896.37781
166.82207	895.28967
166.87418	893.42822
166.92628	892.94659
166.97839	899.7049
167.0305	890.01398
167.0826	892.44232
167.1347	897.71533
167.18681	899.8399
167.23892	897.3183
167.29103	893.96625
167.34314	891.81653
167.39523	889.46429
167.44734	893.29254
167.49945	895.24036
167.55156	895.11871
167.60367	895.33038
167.65578	895.81421
167.70787	896.94354
167.75998	896.54639
167.81209	895.67554
167.8642	894.62378
167.91631	895.30457
167.96841	895.44763
168.02051	891.57764
168.07262	891.17798
168.12473	893.39191
168.17683	892.55151
168.22894	894.00775
168.28105	896.151
168.33315	898.1308
168.38525	896.57874
168.43736	896.40094
168.48947	901.47217
168.54158	897.77026
168.59369	890.151
168.64578	893.73578
168.69789	895.0575
168.75	892.4762
168.80211	892.92548
168.85422	893.28046
168.90631	901.42065
168.95842	901.41827
169.01053	890.37738
169.06264	890.37976
169.11475	894.93652
169.16685	892.33679
169.21895	891.90643
169.27106	896.01978
169.32317	895.31
169.37527	890.28864
169.42738	897.41882
169.47949	894.32843
169.53159	895.3244
169.58369	897.2193
169.6358	895.17615
169.68791	896.90765
169.74002	900.61438
169.79213	895.0069
169.84422	890.94525
169.89633	893.86115
169.94844	897.479
170.00055	899.42987
170.05266	897.42108
170.10477	896.71722
170.15686	899.22229
170.20897	897.87152
170.26108	892.79376
170.31319	890.35632
170.3653	892.85175
170.4174	899.34985
170.4695	895.06824
170.52161	892.93964
170.57372	897.711
170.62582	893.78528
170.67793	893.12347
170.73004	891.28076
170.78214	898.2229
170.83424	894.84399
170.88635	897.27393
170.93846	893.0509
170.99057	895.13293
171.04268	894.42712
171.09477	889.97681
171.14688	891.00104
171.19899	894.57281
171.2511	896.88776
171.30321	899.59113
171.35532	893.34607
171.40741	893.98145
171.45952	899.03516
171.51163	896.89392
171.56374	892.61456
171.61584	894.58063
171.66795	897.64929
171.72005	897.20636
171.77216	892.16388
171.82426	892.19501
171.87637	896.74609
171.92848	895.98022
171.98059	895.5011
172.03268	898.41736
172.08479	900.45166
172.1369	898.98193
172.18901	893.77753
172.24112	891.35504
172.29323	894.75494
172.34532	896.58966
172.39743	896.90442
172.44954	893.99323
172.50165	897.96045
172.55376	898.49078
172.60585	892.78412
172.65796	898.74915
172.71007	898.77472
172.76218	899.74353
172.81429	898.76831
172.86639	891.16443
172.91849	891.65704
172.9706	902.44702
173.02271	899.83746
173.07481	892.93994
173.12692	894.97412
173.17903	894.15631
173.23112	900.16254
173.28323	892.72327
173.33534	892.38477
173.38745	894.73077
173.43956	892.93951
173.49167	893.5791
173.54376	897.38873
173.59587	898.35339
173.64798	893.91254
173.70009	893.27484
173.7522	895.21136
173.80431	896.07935
173.8564	898.12817
173.90851	896.04712
173.96062	895.79865
174.01273	899.7453
174.06483	896.34784
174.11694	895.93475
174.16904	894.99695
174.22115	896.80963
174.27325	896.00275
174.32536	896.21552
174.37747	892.25287
174.42958	893.69952
174.48167	899.22498
174.53378	891.91498
174.58589	894.51849
174.638	892.18878
174.69011	893.15619
174.74222	893.15387
174.79431	892.20203
174.84642	893.9942
174.89853	894.14673
174.95064	897.18536
175.00275	894.69482
175.05486	895.36237
175.10695	899.18481
175.15906	893.28107
175.21117	890.39777
175.26328	891.54578
175.31538	894.51117
175.36749	897.58777
175.41959	892.97675
175.47169	896.22607
175.5238	898.89709
175.57591	898.1626
175.62802	896.27277
175.68013	893.37079
175.73222	895.40833
175.78433	895.74768
175.83644	892.72321
175.88855	896.88422
175.94066	901.37994
175.99277	899.26495
176.04486	897.90015
176.09697	896.91724
176.14908	894.48322
176.20119	899.74866
176.2533	897.59039
176.3054	892.97949
176.3575	890.6618
176.40961	894.55212
176.46172	897.84515
176.51382	895.60547
176.56593	896.12848
176.61803	897.55621
176.67014	896.58051
176.72224	898.00098
176.77435	895.73132
176.82646	895.10608
176.87857	897.25226
176.93066	895.42468
176.98277	895.87646
177.03488	894.05341
177.08699	895.86157
177.1391	894.68158
177.19121	895.83777
177.2433	896.88531
177.29541	900.03021
177.34752	898.9812
177.39963	892.94446
177.45174	893.83362
177.50385	895.13104
177.55594	894.2912
177.60805	897.04883
177.66016	901.67438
177.71227	899.49713
177.76437	892.7392
177.81648	892.21014
177.86858	893.45233
177.92068	893.71869
177.97279	896.16565
178.0249	895.04156
178.07701	892.16614
178.12912	893.75977
178.18121	894.16681
178.23332	896.9115
178.28543	891.66827
178.33754	900.1568
178.38965	897.40118
178.44176	893.00458
178.49385	899.08923
178.54596	900.85779
178.59807	896.47791
178.65018	896.96228
178.70229	892.70917
178.75439	894.77271
178.80649	897.20386
178.8586	898.76776
178.91071	894.33496
178.96281	898.35059
179.01492	897.48749
179.06703	893.9079
179.11913	894.42499
179.17123	896.36938
179.22334	894.56042
179.27545	893.11853
179.32756	894.20343
179.37967	897.05316
179.43176	896.70911
179.48387	897.08777
179.53598	896.86322
179.58809	896.92456
179.6402	894.66217
179.69231	890.64984
179.7444	893.01581
179.79651	895.72693
179.84862	895.23779
179.90073	894.07056
179.95284	893.04089
180.00494	895.41467
180.05704	897.91089
180.10915	897.79193
180.16125	896.57813
180.21336	894.03613
180.26547	897.44086
180.31757	899.69568
180.36967	895.09973
180.42178	897.19434
180.47389	900.64813
180.526	895.85571
180.57811	894.39282
180.6302	894.86963
180.68231	901.01404
180.73442	901.37988
180.78653	895.14215
180.83864	896.10413
180.89075	895.11542
180.94284	895.27637
180.99495	895.7608
181.04706	894.72656
181.09917	894.36322
181.15128	896.48132
181.20338	893.95593
181.25548	895.62738
181.30759	896.41174
181.3597	897.65637
181.4118	894.82117
181.46391	895.69043
181.51602	898.84418
181.56812	897.84863
181.62022	894.4881
181.67233	900.05322
181.72444	904.9007
181.77655	896.74469
181.82866	895.64709
181.88075	895.49713
181.93286	895.82507
181.98497	897.11365
182.03708	899.27808
182.08919	895.26337
182.1413	892.85718
182.19339	896.72217
182.2455	896.23303
182.29761	896.06793
182.34972	897.85785
182.40182	897.91632
182.45393	893.2757
182.50603	892.87463
182.55814	895.79333
182.61024	897.73999
182.66235	893.05859
182.71446	893.70996
182.76657	893.33984
182.81866	897.62616
182.87077	892.80872
182.92288	890.14777
182.97499	892.93768
183.0271	890.33795
183.07921	893.69916
183.1313	893.49097
183.18341	893.11072
183.23552	895.24396
183.28763	897.21326
183.33974	895.93903
183.39185	895.92065
183.44394	895.36816
183.49605	893.72455
183.54816	894.25757
183.60027	896.44171
183.65237	895.71704
183.70448	897.7049
183.75658	897.75916
183.80869	890.04425
183.86079	894.49152
183.9129	898.41376
183.96501	898.02704
184.01712	899.13306
184.06921	899.98462
184.12132	897.27374
184.17343	890.8905
184.22554	893.22595
184.27765	891.20367
184.32974	894.55402
184.38185	896.34235
184.43396	887.51617
184.48607	892.29602
184.53818	894.71051
184.59029	895.19513
184.64238	892.80872
184.69449	892.69891
184.7466	895.86517
184.79871	892.67676
184.85081	893.89886
184.90292	895.8446
184.95502	900.19507
185.00713	901.96051
185.05923	896.55804
185.11134	896.1275
185.16345	897.72461
185.21556	895.48639
185.26765	893.20319
185.31976	897.94397
185.37187	898.49213
185.42398	897.51862
185.47609	895.99164
185.5282	894.6778
185.58029	894.17609
185.6324	895.71497
185.68451	896.01727
185.73662	894.30585
185.78873	896.64893
185.84084	897.18933
185.89293	895.45447
185.94504	891.69366
185.99715	894.28589
186.04926	892.65436
186.10136	893.55219
186.15347	892.35669
186.20557	894.67651
186.25768	892.93854
186.30978	894.56
186.36189	894.17474
186.414	894.85516
186.46611	897.53925
186.5182	896.03564
186.57031	893.10895
186.62242	888.72235
186.67453	892.40619
186.72664	893.99152
186.77875	895.45044
186.83084	891.67584
186.88295	899.56445
186.93506	895.76105
186.98717	892.20874
187.03928	897.36194
187.09138	899.08923
187.14348	897.29138
187.19559	894.50708
187.2477	895.58246
187.2998	899.46436
187.35191	899.53906
187.40402	895.33136
187.45612	893.35455
187.50822	896.53149
187.56033	895.73529
187.61244	892.80902
187.66455	894.90918
187.71666	898.58594
187.76875	897.07159
187.82086	892.24823
187.87297	893.98956
187.92508	897.88507
187.97719	899.77917
188.02928	896.07031
188.08139	892.45514
188.1335	897.00348
188.18561	897.71741
188.23772	893.36707
188.28983	889.03735
188.34192	895.11176
188.39403	898.7204
188.44614	895.98859
188.49825	895.62878
188.55035	897.56232
188.60246	899.01605
188.65456	895.11664
188.70667	894.54059
188.75877	895.43738
188.81088	895.06122
188.86299	896.31812
188.9151	889.29987
188.96719	896.63788
189.0193	896.50897
189.07141	894.84155
189.12352	891.51245
189.17563	887.97217
189.22774	890.81354
189.27983	895.83594
189.33194	893.62341
189.38405	893.33984
189.43616	900.70862
189.48827	901.85809
189.54037	893.78516
189.59247	892.07489
189.64458	896.20062
189.69669	893.74292
189.74879	891.67084
189.8009	895.71088
189.85301	898.63214
189.90511	896.4538
189.95721	890.13586
190.00932	891.29913
190.06143	891.52985
190.11354	893.21387
190.16565	894.18604
190.21774	895.68811
190.26985	898.81738
190.32196	899.23218
190.37407	893.34674
190.42618	895.93677
190.47829	895.89185
190.53038	895.2229
190.58249	891.89508
190.6346	890.96844
190.68671	895.35278
190.73882	897.3396
190.79092	894.62006
190.84302	892.14801
190.89513	895.00488
190.94724	900.12817
190.99934	893.00574
191.05145	891.00482
191.10356	890.51514
191.15565	896.83209
191.20776	892.32281
191.25987	890.95721
191.31198	892.75732
191.36409	897.65375
191.4162	895.79663
191.46829	893.38922
191.5204	892.51746
191.57251	891.33002
191.62462	892.99884
191.67673	893.87183
191.72884	893.35583
191.78093	895.46179
191.83304	897.37256
191.88515	893.94403
191.93726	890.00146
191.98936	894.86353
192.04146	898.23383
192.09357	893.40698
192.14568	892.2196
192.19778	892.61206
192.24989	894.39966
192.302	893.55707
192.3541	895.90729
192.4062	893.922
192.45831	894.53369
192.51042	895.18304
192.56253	889.71991
192.61464	894.48969
192.66673	897.26984
192.71884	894.82874
192.77095	891.41449
192.82306	893.70374
192.87517	893.36218
192.92728	899.62604
192.97937	895.50555
193.03148	892.69226
193.08359	895.20367
193.1357	895.01282
193.18781	892.09735
193.23991	897.3089
193.29201	899.6684
193.34412	899.10339
193.39622	897.45093
193.44833	894.84863
193.50044	894.73376
193.55255	896.49371
193.60464	892.97955
193.65675	888.96399
193.70886	893.01166
193.76097	898.2843
193.81308	894.76874
193.86519	894.05505
193.91728	899.91473
193.96939	899.97467
194.0215	897.08398
194.07361	893.21924
194.12572	894.51935
194.17783	897.81226
194.22992	889.90063
194.28203	891.13721
194.33414	895.33734
194.38625	899.35089
194.43835	893.40179
194.49046	892.2782
194.54256	895.81445
194.59467	899.39331
194.64677	896.73749
194.69888	902.33289
194.75099	894.79199
194.8031	896.73676
194.85519	896.73431
194.9073	890.06934
194.95941	895.75439
195.01152	895.3252
195.06363	896.54053
195.11574	893.73962
195.16783	893.63391
195.21994	894.92175
195.27205	895.9931
195.32416	890.94226
195.37627	892.48767
195.42838	898.98401
195.48047	894.75952
195.53258	892.68408
195.58469	893.83008
195.6368	896.01166
195.6889	897.19623
195.741	892.20032
195.79311	889.78168
195.84521	892.95721
195.89732	894.92694
195.94943	893.36108
196.00154	892.04407
196.05363	894.80469
196.10574	896.60474
196.15785	895.6748
196.20996	895.8385
196.26207	896.32379
196.31418	897.51563
196.36627	900.56842
196.41838	902.11273
196.47049	898.66046
196.5226	897.64655
196.57471	893.79303
196.62682	897.75946
196.67891	900.99066
196.73102	895.60596
196.78313	895.02502
196.83524	893.12579
196.88734	892.74933
196.93945	902.01306
196.99155	897.80707
197.04366	894.35297
197.09576	893.21899
197.14787	898.45923
197.19998	893.51324
197.25209	890.94666
197.30418	895.91632
197.35629	899.0946
197.4084	897.70453
197.46051	891.92944
197.51262	894.41058
197.56473	898.18549
197.61682	897.44037
197.66893	894.03595
197.72104	892.29431
197.77315	895.36523
197.82526	898.45184
197.87737	898.00763
197.92946	897.87354
197.98157	897.84839
198.03368	897.3244
198.08578	895.13141
198.13789	892.5061
198.19	894.27374
198.2421	896.07953
198.2942	896.25128
198.34631	895.60303
198.39842	895.66809
198.45053	899.19476
198.50264	894.94098
198.55473	892.95947
198.60684	893.14935
198.65895	894.91602
198.71106	893.8114
198.76317	892.6806
198.81528	897.12482
198.86737	896.91028
198.91948	893.90631
198.97159	888.95282
199.0237	896.22522
199.07581	894.73175
199.12791	894.28143
199.18001	891.45996
199.23212	892.04108
199.28423	891.42993
199.33633	892.99237
199.38844	895.17487
199.44054	894.38361
199.49265	894.80719
199.54475	893.55835
199.59686	892.03058
199.64897	893.76093
199.70108	895.56366
199.75317	898.2713
199.80528	896.90387
199.85739	895.72778
199.9095	897.1123
199.96161	896.6051
200.01372	892.71442
200.06581	892.52313
200.11792	894.68701
200.17003	894.51294
200.22214	894.11035
200.27425	893.48749
200.32635	893.41907
200.37845	894.93384
200.43056	891.84259
200.48267	891.76892
200.53477	895.65649
200.58688	895.1358
200.63899	893.9328
200.69109	895.52393
200.74319	895.99243
200.7953	898.46411
200.84741	896.40894
200.89952	894.87115
200.95163	898.04889
201.00372	893.33246
201.05583	892.29437
201.10794	893.84906
201.16005	893.70764
201.21216	892.68481
201.26427	892.74518
201.31636	897.49298
201.36847	894.02313
201.42058	896.76324
201.47269	892.52985
201.5248	893.99713
201.5769	896.77802
201.629	895.90857
201.68111	898.15247
201.73322	892.49902
201.78532	892.23199
201.83743	892.48865
201.88954	891.80139
201.94164	892.35986
201.99374	897.51978
202.04585	898.17615
202.09796	895.27161
202.15007	893.9881
202.20218	895.77673
202.25427	895.84827
202.30638	894.02924
202.35849	893.59412
202.4106	894.35156
202.46271	894.18219
202.51482	893.41949
202.56691	892.95428
202.61902	893.24805
202.67113	893.48389
202.72324	892.59741
202.77534	893.29236
202.82745	897.21936
202.87955	896.21448
202.93166	893.48547
202.98376	895.513
203.03587	895.66125
203.08798	897.7738
203.14009	896.98108
203.19218	892.42487
203.24429	895.10382
203.2964	895.99719
203.34851	896.85107
203.40062	891.93787
203.45271	896.17944
203.50482	894.36121
203.55693	892.23834
203.60904	895.49561
203.66115	893.39679
203.71326	896.79633
203.76535	894.88513
203.81746	894.06982
203.86957	895.10919
203.92168	893.10309
203.97379	893.91595
204.02589	895.50043
204.07799	894.1795
204.1301	896.08771
204.18221	893.55829
204.23431	891.40881
204.28642	892.29071
204.33853	893.46716
204.39063	894.1698
204.44273	894.90955
204.49484	895.63855
204.54695	894.06097
204.59906	893.40302
204.65117	895.38885
204.70326	895.19659
204.75537	894.53058
204.80748	894.69897
204.85959	894.87482
204.9117	891.23895
204.96381	891.99084
205.0159	893.59515
205.06801	888.74042
205.12012	893.60266
205.17223	890.72406
205.22433	895.91986
205.27644	896.03986
205.32854	893.08313
205.38065	896.4502
205.43275	898.82611
205.48486	896.87616
205.53697	892.52625
205.58908	894.21167
205.64117	893.88733
205.69328	895.60156
205.74539	891.13147
205.7975	891.57739
205.84961	897.45282
205.90172	893.00208
205.95381	890.95074
206.00592	891.91052
206.05803	895.81372
206.11014	893.95697
206.16225	891.02368
206.21436	891.86377
206.26645	893.40503
206.31856	892.10486
206.37067	891.0769
206.42278	893.62402
206.47488	897.26965
206.52699	893.23846
206.57909	888.98279
206.6312	892.20483
206.6833	895.29388
206.73541	897.13428
206.78752	891.6214
206.83963	891.50452
206.89172	899.20221
206.94383	898.75012
206.99594	893.47552
207.04805	891.68555
207.10016	895.71216
207.15225	897.46759
207.20436	895.33044
207.25647	892.65729
207.30858	896.0799
207.36069	893.7121
207.4128	892.67535
207.46489	888.77698
207.517	889.23505
207.56911	891.13275
207.62122	897.20081
207.67332	893.73798
207.72543	895.83325
207.77753	895.81946
207.82964	897.76624
207.88174	893.12378
207.93385	892.87109
207.98596	895.43079
208.03807	896.58002
208.09016	894.33606
208.14227	893.22089
208.19438	892.58807
208.24649	891.0072
208.2986	889.34576
208.35071	890.36804
208.4028	893.5506
208.45491	895.70624
208.50702	893.35651
208.55913	891.54675
208.61124	894.0437
208.66335	896.18744
208.71544	895.09827
208.76755	891.38068
208.81966	895.2395
208.87177	899.80701
208.92387	895.41235
208.97598	889.5426
209.02808	892.61548
209.08018	899.10742
209.13229	895.36542
209.1844	889.49713
209.23651	894.72418
209.28862	895.25165
209.34071	895.95325
209.39282	892.79681
209.44493	896.60449
209.49704	890.27094
209.54915	897.32733
209.60126	893.46332
209.65335	896.76752
209.70546	892.75165
209.75757	892.56976
209.80968	890.15863
209.86179	890.84039
209.91389	891.13568
209.96599	891.50824
210.0181	895.25049
210.07021	896.27917
210.12231	900.49646
210.17442	892.92554
210.22653	889.79297
210.27863	893.79559
210.33073	892.77039
210.38284	891.15643
210.43495	893.42194
210.48706	895.10815
210.53917	895.10571
210.59126	895.54333
210.64337	896.3078
210.69548	896.40393
210.74759	897.1842
210.7997	898.92462
210.85181	897.50079
210.9039	894.23102
210.95601	893.38538
211.00812	898.02002
211.06023	900.55939
211.11234	898.21259
211.16443	896.10443
211.21654	893.04785
211.26865	890.04578
211.32076	894.2677
211.37286	896.53851
211.42497	895.9494
211.47707	892.05792
211.52917	891.08112
211.58128	895.33612
211.63339	892.31378
211.6855	893.85065
211.73761	896.23395
211.7897	893.99963
211.84181	898.89185
211.89392	892.86603
211.94603	893.73883
211.99814	895.28156
212.05025	894.45258
212.10234	890.90503
212.15445	891.86957
212.20656	893.02551
212.25867	893.94946
212.31078	895.11261
212.36288	895.80127
212.41498	891.95966
212.46709	893.40723
212.5192	896.7865
212.5713	892.02789
212.62341	889.75916
212.67552	894.06708
212.72762	896.22595
212.77972	894.99792
212.83183	895.66766
212.88394	895.90631
212.93605	894.0603
212.98816	893.93219
213.04025	891.00494
213.09236	895.46265
213.14447	893.57172
213.19658	894.76373
213.24869	898.9754
213.3008	898.81384
213.35289	896.7453
213.405	889.01636
213.45711	898.40662
213.50922	896.45697
213.56133	894.99298
213.61343	896.38696
213.66553	890.89142
213.71764	899.47162
213.76974	901.76495
213.82185	895.99274
213.87396	890.40643
213.92607	894.64154
213.97816	898.26337
214.03027	895.94214
214.08238	891.31799
214.13449	896.21484
214.1866	896.57635
214.23871	894.45734
214.2908	896.10016
214.34291	895.93304
214.39502	896.63171
214.44713	894.64758
214.49924	893.73383
214.55135	895.65985
214.60344	896.37927
214.65555	894.91187
214.70766	893.24146
214.75977	894.9917
214.81187	894.43146
214.86397	893.09381
214.91608	895.07898
214.96819	895.12006
215.02029	896.75745
215.0724	896.62793
215.12451	896.74078
215.17661	895.32971
215.22871	899.46234
215.28082	898.83722
215.33293	892.65839
215.38504	894.65302
215.43715	892.71484
215.48924	897.84912
215.54135	897.31219
215.59346	892.92291
215.64557	897.66608
215.69768	896.92163
215.74979	889.57062
215.80188	888.8526
215.85399	898.30914
215.9061	893.58893
215.95821	895.58209
216.01031	891.63934
216.06242	894.51263
216.11452	897.30414
216.16663	894.29492
216.21873	893.85681
216.27084	895.31635
216.32295	892.35028
216.37506	894.57336
216.42715	893.54211
216.47926	894.43695
216.53137	897.84882
216.58348	895.78589
216.63559	893.79315
216.6877	893.62683
216.73979	893.02258
216.7919	892.09052
216.84401	890.11273
216.89612	891.04071
216.94823	894.45026
217.00034	897.85931
217.05243	899.5957
217.10454	897.0293
217.15665	895.01581
217.20876	896.49628
217.26086	898.6593
217.31297	895.24493
217.36507	893.04364
217.41718	898.12109
217.46928	896.26971
217.52139	890.45264
217.5735	893.94312
217.62561	900.24823
217.6777	891.47217
217.72981	890.78418
217.78192	897.24182
217.83403	899.55731
217.88614	899.31439
217.93825	892.86853
217.99034	891.33447
218.04245	896.45001
218.09456	891.53741
218.14667	895.74353
218.19878	898.46271
218.25089	896.63385
218.30298	893.3692
218.35509	890.92975
218.4072	893.03937
218.4593	896.5246
218.51141	896.28522
218.56351	895.49469
218.61562	895.19275
218.66772	895.96381
218.71983	894.36499
218.77194	891.88403
218.82405	894.19257
218.87614	896.80383
218.92825	896.0177
218.98036	892.85052
219.03247	894.46722
219.08458	899.79315
219.13669	899.95825
219.18878	895.56873
219.24089	892.97211
219.293	896.58154
219.34511	900.18219
219.39722	899.06061
219.44933	893.23566
219.50142	897.52197
219.55353	900.18933
219.60564	893.99768
219.65775	890.76428
219.70985	894.66211
219.76196	895.63666
219.81406	900.88086
219.86617	895.61084
219.91827	895.60455
219.97038	900.8999
220.02249	895.70166
220.0746	896.70929
220.12669	898.34424
220.1788	894.38086
220.23091	893.88959
220.28302	895.94965
220.33513	896.28467
220.38724	898.15771
220.43933	897.82892
220.49144	893.37469
220.54355	893.82703
220.59566	894.75867
220.64777	895.22113
220.69987	896.90582
220.75197	894.85938
220.80408	894.49249
220.85619	894.40253
220.90829	891.53351
220.9604	894.71558
221.01251	898.79053
221.06461	896.63623
221.11671	890.62549
221.16882	891.52325
221.22093	900.03699
221.27304	896.94751
221.32515	893.11182
221.37724	896.17877
221.42935	895.47321
221.48146	899.96295
221.53357	901.04907
221.58568	893.97076
221.63779	893.46686
221.68988	897.9884
221.74199	896.56702
221.7941	896.57813
221.84621	899.50183
221.89832	894.30658
221.95042	897.77881
222.00252	895.79059
222.05463	899.51617
222.10674	898.33734
222.15884	893.47418
222.21095	891.33459
222.26306	891.43292
222.31516	898.35516
222.36726	899.0719
222.41937	892.87219
222.47148	890.53192
222.52359	895.79645
222.57568	896.30914
222.62779	894.41534
222.6799	896.65186
222.73201	898.23962
222.78412	897.74951
222.83623	894.70764
222.88832	892.49756
222.94043	898.54254
222.99254	900.64343
223.04465	895.21014
223.09676	894.72797
223.14886	896.03577
223.20096	898.63934
223.25307	894.83777
223.30518	894.3476
223.35728	894.25323
223.40939	895.34576
223.4615	896.80634
223.5136	897.50671
223.5657	895.56201
223.61781	896.11768
223.66992	896.45129
223.72203	892.88403
223.77414	896.90234
223.82623	896.00946
223.87834	896.94629
223.93045	895.96832
223.98256	895.95923
224.03467	897.37317
224.08678	896.07489
224.13887	896.84705
224.19098	895.20795
224.24309	900.8692
224.2952	901.12262
224.34731	892.57202
224.39941	893.14301
224.45151	894.68488
224.50362	895.2959
224.55573	892.63593
224.60783	894.4646
224.65994	898.52673
224.71205	897.42188
224.76414	893.5174
224.81625	897.10876
224.86836	898.98419
224.92047	896.88654
224.97258	894.90216
225.02469	894.60596
225.07678	894.54346
225.12889	893.11914
225.181	891.77991
225.23311	892.828
225.28522	897.14899
225.33733	896.22266
225.38942	897.81439
225.44153	895.53082
225.49364	896.53381
225.54575	897.56329
225.59785	893.72559
225.64996	890.49396
225.70206	895.53784
225.75417	896.10028
225.80627	894.8219
225.85838	898.50146
225.91049	899.48322
225.9626	893.98279
226.01469	896.7854
226.0668	891.90454
226.11891	894.75543
226.17102	896.26697
226.22313	896.81036
226.27522	894.16925
226.32733	893.41193
226.37944	895.4563
226.43155	899.94427
226.48366	896.85791
226.53577	894.67865
226.58786	894.70776
226.63997	894.46985
226.69208	894.32898
226.74419	896.35022
226.7963	895.37274
226.8484	892.75604
226.9005	892.72174
226.95261	895.62646
227.00471	899.80396
227.05682	899.43048
227.10893	896.047
227.16104	897.44977
227.21313	896.88092
227.26524	894.96173
227.31735	896.16754
227.36946	891.6861
227.42157	890.45068
227.47368	893.95612
227.52577	892.2002
227.57788	892.22528
227.62999	898.28394
227.6821	897.685
227.73421	896.10028
227.78632	896.99115
227.83841	897.10089
227.89052	902.84955
227.94263	896.44476
227.99474	890.78021
228.04684	895.90259
228.09895	897.91992
228.15105	901.11212
228.20316	894.27795
228.25526	897.65894
228.30737	899.17456
228.35948	896.47534
228.41159	893.5451
228.46368	894.99652
228.51579	896.94592
228.5679	897.23883
228.62001	892.01056
228.67212	899.31213
228.72423	902.48706
228.77632	898.33832
228.82843	892.12646
228.88054	895.35089
228.93265	894.75323
228.98476	897.34967
229.03687	895.43604
229.08896	895.06342
229.14107	897.83795
229.19318	895.74261
229.24529	894.49469
229.29739	894.4751
229.3495	898.10913
229.4016	897.93506
229.4537	891.3252
229.50581	894.76288
229.55792	897.39166
229.61003	896.57843
229.66214	899.3479
229.71423	899.08502
229.76634	898.50726
229.81845	898.54102
229.87056	892.74487
229.92267	895.69196
229.97478	899.58136
230.02687	898.31287
230.07898	893.79791
230.13109	894.87915
230.1832	896.49323
230.23531	894.83838
230.2874	897.67426
230.33951	898.10535
230.39162	894.19788
230.44373	899.9342
230.49583	891.68182
230.54794	895.26752
230.60004	892.51697
230.65215	895.17969
230.70425	895.63611
230.75636	894.4021
230.80847	895.72546
230.86058	893.03564
230.91267	896.99725
230.96478	897.5351
231.01689	906.59613
231.069	900.78931
231.12111	894.15399
231.17322	891.22278
231.22531	895.26593
231.27742	896.56915
231.32953	893.4292
231.38164	895.04681
231.43375	896.06696
231.48586	895.57355
231.53795	893.34943
231.59006	890.03351
231.64217	890.38287
231.69427	890.48096
231.74638	893.66687
231.79849	897.04877
231.85059	895.72314
231.90269	896.78107
231.9548	897.58075
232.00691	898.95032
232.05902	891.63617
232.11113	893.66962
232.16322	895.40674
232.21533	899.78094
232.26744	890.91388
232.31955	896.61212
232.37166	896.88806
232.42377	895.0835
232.47586	895.56909
232.52797	896.09363
232.58008	899.50781
232.63219	898.57782
232.6843	897.599
232.7364	897.99738
232.7885	896.2467
232.84061	892.55005
232.89272	893.72552
232.94482	896.91089
232.99693	894.32568
233.04904	894.68781
233.10114	898.03168
233.15324	897.55981
233.20535	897.72137
233.25746	892.89862
233.30957	893.47394
233.36168	894.3736
233.41377	896.1449
233.46588	896.62177
233.51799	894.87268
233.5701	894.26843
233.62221	895.01263
233.67432	894.01306
233.72641	892.25586
233.77852	893.55029
233.83063	896.11975
233.88274	895.98541
233.93484	894.10504
233.98694	894.00641
234.03905	895.3045
234.09116	897.04132
234.14326	897.07672
234.19537	893.67877
234.24748	900.76184
234.29958	896.35168
234.35168	889.6806
234.40379	893.89117
234.4559	889.93268
234.50801	898.24994
234.56012	893.13861
234.61221	894.73676
234.66432	892.2511
234.71643	898.43146
234.76854	897.94067
234.82065	891.58923
234.87276	887.14594
234.92485	894.8363
234.97696	890.89923
235.02907	896.16785
235.08118	895.20654
235.13329	899.52148
235.18539	897.57574
235.23749	892.18201
235.2896	893.59698
235.34171	897.01245
235.39381	899.70898
235.44592	898.32019
235.49803	894.71515
235.55013	895.02618
235.60223	895.90063
235.65434	893.18677
235.70645	894.29163
235.75856	896.9491
235.81067	895.26007
235.86276	894.91583
235.91487	895.41351
235.96698	895.30841
236.01909	895.94122
236.0712	897.25037
236.12331	900.4649
236.1754	900.63391
236.22751	897.46655
236.27962	893.70648
236.33173	894.71436
236.38383	897.30994
236.43594	895.48059
236.48804	894.01288
236.54015	893.06238
236.59225	894.22034
236.64436	896.33167
236.69647	898.50494
236.74858	895.88953
236.80067	893.02374
236.85278	899.46893
236.90489	894.24927
236.957	892.43048
237.00911	896.82355
237.06122	892.4444
237.11331	896.60956
237.16542	894.50415
237.21753	891.60693
237.26964	897.93616
237.32175	896.67072
237.37386	895.89758
237.42595	895.00018
237.47806	893.2312
237.53017	891.27533
237.58228	891.54871
237.63438	891.0827
237.68649	895.68024
237.73859	898.47186
237.7907	893.26379
237.8428	893.11768
237.89491	895.09265
237.94702	895.57861
237.99911	893.83069
238.05122	890.40881
238.10333	893.90509
238.15544	898.53308
238.20755	897.10956
238.25966	893.7782
238.31175	891.90051
238.36386	894.75391
238.41597	895.70679
238.46808	892.96527
238.52019	895.57269
238.5723	896.88452
238.62439	892.76746
238.6765	890.25275
238.72861	892.96509
238.78072	901.00177
238.83282	896.43835
238.88493	889.91357
238.93703	895.52374
238.98914	894.5412
239.04124	896.24304
239.09335	891.80823
239.14546	892.80908
239.19757	894.22772
239.24966	894.21851
239.30177	893.23895
239.35388	893.70062
239.40599	897.00024
239.4581	902.70483
239.51021	899.19861
239.5623	892.1922
239.61441	892.90039
239.66652	891.96991
239.71863	892.50323
239.77074	892.31134
239.82285	893.32996
239.87494	895.52515
239.92705	896.54718
239.97916	895.66064
240.03127	896.18286
240.08337	897.64594
240.13548	894.78485
240.18758	894.76245
240.23969	897.89417
240.29179	898.90045
240.3439	896.03973
240.39601	893.41821
240.44812	894.85101
240.50021	896.89417
240.55232	896.07416
240.60443	896.72302
240.65654	897.51392
240.70865	892.87018
240.76076	892.20215
240.81285	895.4715
240.86496	896.59576
240.91707	896.12604
240.96918	890.87524
241.02129	889.09991
241.07339	895.32568
241.12549	893.94983
241.1776	894.02679
241.22971	898.21014
241.28181	895.86194
241.33392	897.2948
241.38603	894.08667
241.43813	893.52197
241.49023	891.55157
241.54234	889.14459
241.59445	896.96088
241.64656	898.0683
241.69865	892.49304
241.75076	897.58502
241.80287	891.86743
241.85498	893.27002
241.90709	890.63861
241.9592	898.32214
242.01129	897.29211
242.0634	898.53345
242.11551	897.20001
242.16762	895.85254
242.21973	897.00189
242.27184	898.95441
242.32393	895.58923
242.37604	891.96973
242.42815	891.38214
242.48026	889.77881
242.53236	892.01337
242.58447	897.3241
242.63657	897.44507
242.68867	892.77252
242.74078	890.78381
242.79289	893.63269
242.845	897.37006
242.89711	899.67487
242.9492	899.75867
243.00131	897.98712
243.05342	895.81982
243.10553	893.3764
243.15764	893.64618
243.20975	896.0213
243.26184	897.88348
243.31395	894.37012
243.36606	889.02722
243.41817	891.61761
243.47028	901.33447
243.52238	894.78326
243.57448	891.07941
243.62659	894.75842
243.6787	892.67255
243.7308	894.56757
243.78291	895.41931
243.83502	892.97925
243.88712	891.02148
243.93922	895.83972
243.99133	902.61646
244.04344	897.91547
244.09555	894.78888
244.14766	895.8078
244.19975	888.27979
244.25186	892.82275
244.30397	897.63446
244.35608	896.90112
244.40819	894.94299
244.4603	892.24023
244.51239	897.25134
244.5645	896.66962
244.61661	892.75586
244.66872	890.80914
244.72083	893.31134
244.77293	892.82135
244.82503	891.45709
244.87714	891.17145
244.92924	894.21741
244.98135	895.64465
245.03346	894.44714
245.08557	893.72833
245.13766	894.30792
245.18977	896.15607
245.24188	895.61554
245.29399	894.43463
245.3461	894.2489
245.39819	893.58533
245.4503	893.08813
245.50241	894.47406
245.55452	896.78314
245.60663	896.80261
245.65874	896.05084
245.71083	891.18164
245.76294	896.19568
245.81505	897.07562
245.86716	894.32257
245.91927	889.00702
245.97137	896.80164
246.02347	895.54712
246.07558	891.5094
246.12769	893.25812
246.17979	889.40399
246.2319	890.37939
246.28401	891.35486
246.33611	893.74872
246.38821	892.95837
246.44032	897.83777
246.49243	894.41956
246.54454	894.30328
246.59665	895.62518
246.64874	894.64935
246.70085	894.76257
246.75296	893.71057
246.80507	894.48291
246.85718	899.57385
246.90929	897.48932
246.96138	893.12927
247.01349	892.84082
247.0656	894.30518
247.11771	895.76978
247.16982	893.08136
247.22192	892.84167
247.27402	896.26215
247.32613	897.57312
247.37823	895.56525
247.43034	894.79883
247.48245	897.44482
247.53456	899.76642
247.58665	897.19116
247.63876	893.41559
247.69087	898.4314
247.74298	901.26868
247.79509	893.97937
247.8472	893.45593
247.89929	891.93744
247.9514	893.9256
248.00351	896.35754
248.05562	896.45062
248.10773	898.07983
248.15984	896.26282
248.21193	894.68549
248.26404	897.70898
248.31615	896.08301
248.36826	898.05969
248.42036	898.77325
248.47247	889.54114
248.52457	895.0885
248.57668	896.83789
248.62878	890.61365
248.68089	891.63971
248.733	896.86456
248.78511	897.2746
248.8372	894.79858
248.88931	894.47772
248.94142	893.64819
248.99353	892.52893
249.04564	892.06738
249.09775	893.81726
249.14984	891.38202
249.20195	895.97217
249.25406	893.90344
249.30617	891.22809
249.35828	896.5191
249.41037	897.95135
249.46248	894.55322
249.51459	893.66895
249.5667	895.24152
249.6188	897.38544
249.67091	896.03333
249.72301	897.37451
249.77512	896.59094
249.82722	895.72754
249.87933	896.38367
249.93144	897.42834
249.98355	896.34473
250.03564	895.33643
250.08775	894.81659
250.13986	894.94885
250.19197	896.16541
250.24408	895.62439
250.29619	895.12115
250.34828	894.04785
250.40039	894.14276
250.4525	891.45221
250.50461	892.09827
250.55672	894.25519
250.60883	894.68964
250.66092	896.32117
250.71303	897.63147
250.76514	892.92053
250.81725	893.24042
250.86935	896.1319
250.92146	895.64838
250.97356	893.66174
251.02567	892.72211
251.07777	894.8064
251.12988	896.1394
251.18199	894.48621
251.2341	897.38379
251.28619	893.47797
251.3383	892.64813
251.39041	893.28595
251.44252	894.36694
251.49463	895.1662
251.54674	897.72174
251.59883	895.65955
251.65094	894.51874
251.70305	891.69641
251.75516	897.6123
251.80727	894.19043
251.85938	893.25757
251.91147	896.6192
251.96358	896.25177
252.01569	892.70911
252.06779	894.11469
252.1199	894.94391
252.17201	894.8952
252.22411	900.29602
252.27621	896.78528
252.32832	893.91223
252.38043	891.68518
252.43254	893.04926
252.48465	894.62781
252.53674	893.65021
252.58885	892.35211
252.64096	891.08875
252.69307	891.89838
252.74518	893.495
252.79729	896.25403
252.84938	894.78534
252.90149	892.04419
252.9536	895.58063
253.00571	893.3551
253.05782	892.70404
253.10991	892.85687
253.16202	893.92413
253.21413	895.19525
253.26624	895.92865
253.31834	897.59375
253.37045	897.70837
253.42255	898.25751
253.47466	895.224
253.52676	897.08038
253.57887	897.11053
253.63098	898.57153
253.68309	894.18542
253.73518	897.39441
253.78729	895.24719
253.8394	897.76892
253.89151	894.10132
253.94362	893.55371
253.99573	896.45966
254.04782	895.83588
254.09993	895.93549
254.15204	894.14142
254.20415	895.00861
254.25626	893.7536
254.30836	894.0625
254.36046	898.18018
254.41257	900.02368
254.46468	896.32043
254.51678	895.49921
254.56889	894.80688
254.621	897.59821
254.6731	898.14014
254.7252	894.01123
254.77731	892.73724
254.82942	893.89697
254.88153	895.84601
254.93364	894.97845
254.98573	893.6908
255.03784	895.95154
255.08995	894.15277
255.14206	891.86249
255.19417	893.16699
255.24628	898.93152
255.29837	894.55133
255.35048	890.60028
255.40259	894.65594
255.4547	900.39313
255.50681	893.22864
255.55891	896.60077
255.61101	887.24249
255.66312	895.25787
255.71523	899.14117
255.76733	893.0929
255.81944	899.92505
255.87155	894.56799
255.92365	894.90265
255.97575	895.8512
256.02786	895.0166
256.07996	890.95642
256.13208	895.98035
256.18417	898.1593
256.2363	892.34082
256.28839	891.68915
256.34052	893.42413
256.39261	892.05188
256.4447	894.25098
256.49683	894.69952
256.54892	892.71875
256.60104	893.81445
256.65314	893.02112
256.70523	892.77167
256.75735	893.94659
256.80945	892.99786
256.86157	892.39233
256.91367	891.86035
256.96576	892.77344
257.01788	896.90228
257.06998	896.76807
257.1221	893.14661
257.17419	893.61444
257.22632	895.38397
257.27841	896.34045
257.33051	896.96301
257.38263	897.4657
257.43472	894.53247
257.48685	892.81158
257.53894	894.32373
257.59103	893.83234
257.64316	892.58911
257.69525	895.94318
257.74738	893.935
257.79947	895.00964
257.85159	897.11377
257.90369	900.23608
257.95578	890.29706
258.0079	890.31061
258.06	892.74921
258.11212	895.66644
258.16422	899.52991
258.21631	890.19629
258.26843	897.72736
258.32053	894.01184
258.37265	896.64032
258.42474	900.95178
258.47687	896.59308
258.52896	894.48816
258.58105	895.00574
258.63318	892.71527
258.68527	892.80298
258.7374	897.65582
258.78949	895.81573
258.84158	896.26538
258.89371	894.69684
258.9458	898.28632
258.99792	899.70581
259.05002	897.72705
259.10214	894.89508
259.15424	893.93823
259.20633	896.18463
259.25845	896.04755
259.31055	893.94867
259.36267	893.59778
259.41476	893.64709
259.46686	890.72589
259.51898	893.33276
259.57108	897.30121
259.6232	898.13013
259.67529	896.55859
259.72742	895.24896
259.77951	892.70636
259.8316	894.39709
259.88373	893.33722
259.93582	893.88989
259.98795	892.22565
260.04004	892.85126
260.09213	895.08057
260.14426	900.51666
260.19635	897.48865
260.24847	890.65381
260.30057	899.44153
260.35269	896.78192
260.40479	896.64044
260.45688	892.55591
260.509	894.78485
260.5611	896.85144
260.61322	897.54572
260.66531	892.73944
260.71741	896.76093
260.76953	897.34949
260.82162	895.99713
260.87375	894.52869
260.92584	895.85205
260.97794	897.95325
261.03006	894.69122
261.08215	893.22546
261.13428	896.92181
261.18637	897.63574
261.23849	894.35248
261.29059	893.38696
261.34268	894.59265
261.39481	896.05518
261.4469	895.44348
261.49902	894.89819
261.55112	895.72839
261.60321	895.15802
261.65533	895.68756
261.70743	893.13373
261.75955	892.6554
261.81165	898.89886
261.86377	895.8866
261.91586	890.71326
261.96796	894.02106
262.02008	889.77557
262.07217	891.97052
262.1243	890.1886
262.17639	894.30444
262.22849	899.08282
262.28061	899.14069
262.3327	895.73389
262.38483	898.29315
262.43692	894.06207
262.48904	896.01355
262.54114	898.45221
262.59323	896.58704
262.64536	894.63007
262.69745	897.22461
262.74957	896.60333
262.80167	899.51227
262.85376	892.8335
262.90588	894.34344
262.95798	893.3866
263.0101	896.4483
263.06219	893.35144
263.11432	893.05627
263.16641	894.16681
263.21851	895.82013
263.27063	896.78558
263.32272	896.95374
263.37485	894.50745
263.42694	894.41687
263.47903	895.44385
263.53116	890.83643
263.58325	891.60583
263.63538	897.17334
263.68747	898.66699
263.73959	898.02722
263.79169	896.71027
263.84378	898.64294
263.8959	899.82117
263.948	898.02576
264.00012	898.39801
264.05222	893.09521
264.10431	893.27112
264.15643	896.06567
264.20853	898.1405
264.26065	898.56293
264.31274	896.79791
264.36487	895.26093
264.41696	898.77728
264.46906	895.70264
264.52118	897.24268
264.57327	891.74921
264.6254	890.57996
264.67749	893.8114
264.72958	892.34918
264.78171	891.3692
264.8338	894.26312
264.88593	896.71735
264.93802	897.77325
264.99011	894.24683
265.04224	897.78998
265.09433	897.05914
265.14645	894.75824
265.19855	895.14221
265.25067	894.54486
265.30276	895.85315
265.35486	893.36249
265.40698	893.75513
265.45908	895.70605
265.5112	897.65735
265.56329	897.66138
265.61539	895.11572
265.66751	894.70862
265.7196	893.26837
265.77173	895.14465
265.82382	898.86438
265.87595	897.99744
265.92804	895.06372
265.98013	895.6507
266.03226	896.00421
266.08435	893.7771
266.13647	893.57446
266.18857	895.1499
266.24066	898.4436
266.29279	896.61755
266.34488	890.56903
266.397	889.4635
266.4491	896.12274
266.50122	895.63068
266.55331	894.16248
266.60541	891.99207
266.65753	897.69617
266.70963	891.42853
266.76175	897.98126
266.81384	896.43768
266.86594	897.74139
266.91806	892.36951
266.97015	894.77386
267.02228	896.1911
267.07437	894.23322
267.1265	891.79132
267.17859	896.9046
267.23068	892.5921
267.28281	893.99994
267.3349	895.51263
267.38702	901.67438
267.43912	897.28424
267.49121	898.20972
267.54333	896.32458
267.59543	893.38928
267.64755	895.2724
267.69965	896.89282
267.75177	895.77789
267.80386	895.84082
267.85596	893.88531
267.90808	894.85968
267.96017	895.85413
268.0123	896.52917
268.06439	898.55292
268.11649	899.64709
268.16861	895.51874
268.2207	892.13373
268.27283	895.69788
268.32492	897.56512
268.37701	896.6944
268.42914	896.51459
268.48123	896.97998
268.53336	899.65057
268.58545	894.27075
268.63757	891.86755
268.68967	894.61053
268.74176	894.47302
268.79388	894.71881
268.84598	896.71222
268.8981	896.49463
268.9502	894.36182
269.00229	894.88867
269.05441	891.62073
269.10651	895.0282
269.15863	894.84625
269.21072	897.17834
269.26285	891.81482
269.31494	897.14465
269.36703	900.5639
269.41916	893.72906
269.47125	898.80914
269.52338	895.33051
269.57547	898.23712
269.62756	899.43744
269.67969	896.08807
269.73178	899.33368
269.78391	896.76056
269.836	898.82825
269.88812	904.18506
269.94022	898.75635
269.99231	891.77924
270.04443	892.85718
270.09653	895.73517
270.14865	898.17615
270.20074	895.16724
270.25284	893.0105
270.30496	895.39398
270.35706	896.4295
270.40918	895.17261
270.46127	894.49713
270.5134	893.47955
270.56549	893.46069
270.61758	895.64386
270.66971	896.76367
270.7218	896.89868
270.77393	897.67523
270.82602	896.4787
270.87811	893.44354
270.93024	892.30249
270.98233	891.65662
271.03445	893.52429
271.08655	899.43243
271.13867	898.43439
271.19077	899.51416
271.24286	897.06531
271.29498	894.22412
271.34708	898.0918
271.3992	898.87256
271.45129	897.79126
271.50339	892.81305
271.55551	896.64429
271.6076	892.50427
271.65973	894.43866
271.71182	895.41321
271.76395	888.59637
271.81604	898.88062
271.86813	893.36395
271.92026	895.62677
271.97235	895.45776
272.02448	894.96545
272.07657	895.73517
272.12866	895.4809
272.18079	895.78577
272.23288	895.88385
272.285	892.49225
272.3371	897.58929
272.38919	895.62134
272.44131	895.58716
272.49341	895.37036
272.54553	899.03973
272.59763	900.74017
272.64975	895.27209
272.70184	893.29425
272.75394	897.67487
272.80606	899.81519
272.85815	898.57904
272.91028	897.10889
272.96237	895.17303
273.01447	894.49963
273.06659	893.00934
273.11868	891.02704
273.17081	893.57953
273.2229	894.8205
273.27502	897.31946
273.32712	900.28772
273.37921	895.37555
273.43134	895.24493
273.48343	897.31226
273.53555	896.24799
273.58765	897.89807
273.63974	897.7536
273.69186	895.29053
273.74396	895.21918
273.79608	894.66949
273.84818	893.73438
273.9003	892.85614
273.95239	887.75488
274.00449	897.09802
274.05661	890.79614
274.1087	897.14917
274.16083	891.97614
274.21292	891.28784
274.26501	899.96686
274.31714	898.51282
274.36923	896.5011
274.42136	897.94666
274.47345	897.82587
274.52557	897.33337
274.57767	893.698
274.62976	894.63965
274.68188	894.11426
274.73398	894.80383
274.7861	895.22052
274.8382	899.95197
274.89029	897.95837
274.94241	895.07776
274.99451	895.62378
275.04663	896.79303
275.09872	896.06573
275.15085	894.92438
275.20294	894.43201
275.25504	894.69269
275.30716	894.46661
275.35925	896.66437
275.41138	900.18054
275.46347	900.5921
275.51556	898.22369
275.56769	894.04211
275.61978	894.31744
275.67191	896.28918
275.724	899.82184
275.77612	895.94177
275.82822	896.52234
275.88031	896.27112
275.93243	897.74384
275.98453	900.16046
276.03665	894.58087
276.08875	896.71429
276.14084	897.39905
276.19296	898.13098
276.24506	890.44037
276.29718	893.79236
276.34927	896.12048
276.40137	896.19019
276.45349	899.09711
276.50558	893.22296
276.55771	889.74817
276.6098	893.8233
276.66193	893.64252
276.71402	892.70264
276.76611	895.21283
276.81824	901.9765
276.87033	895.61804
276.92245	894.48804
276.97455	900.47852
277.02664	899.40063
277.07877	894.48633
277.13086	896.31799
277.18298	896.86713
277.23508	896.22461
277.2872	895.73206
277.33929	896.82819
277.39139	896.01898
277.44351	897.42023
277.49561	899.90356
277.54773	896.69849
277.59982	891.42932
277.65192	893.08112
277.70404	896.77631
277.75613	895.87262
277.80826	895.19006
277.86035	897.07556
277.91248	898.52057
277.96457	897.19562
278.01666	893.23352
278.06879	891.51599
278.12088	894.35077
278.173	893.56671
278.2251	894.12109
278.27719	897.62592
278.32932	895.5625
278.38141	897.1817
278.43353	895.89508
278.48563	895.07666
278.53775	892.83875
278.58984	892.15771
278.64194	894.11584
278.69406	899.42975
278.74615	893.30481
278.79828	898.80768
278.85037	894.43414
278.90247	892.47394
278.95459	898.76318
279.00668	892.78113
279.05881	895.22998
279.1109	896.35046
279.16302	888.47467
279.21512	893.05029
279.26721	894.35516
279.31934	900.17792
279.37143	897.42731
279.42355	891.75262
279.47565	896.47662
279.52774	900.25696
279.57986	897.69861
279.63196	899.87732
279.68408	899.39124
279.73618	895.47522
279.7883	895.78906
279.84039	896.59302
279.89249	894.63293
279.94461	895.65369
279.9967	895.20923
280.04883	892.07581
280.10092	893.64142
280.15302	896.85791
280.20514	903.57697
280.25723	901.4494
280.30936	892.0791
280.36145	893.88379
280.41354	892.92139
280.46567	898.30151
280.51776	901.52173
280.56989	901.0061
280.62198	899.31696
280.6741	893.53796
280.7262	891.46442
280.77829	894.44281
280.83041	902.10303
280.88251	897.88318
280.93463	899.34796
280.98672	894.60822
281.03882	896.13953
281.09094	894.51813
281.14304	892.08942
281.19516	895.224
281.24725	893.87964
281.29938	895.83429
281.35147	897.78906
281.40356	894.39087
281.45569	897.62683
281.50778	897.79053
281.55991	895.51288
281.612	896.61707
281.66409	899.38403
281.71622	895.11975
281.76831	896.33856
281.82043	896.77057
281.87253	894.41553
281.92465	891.09528
281.97675	900.63965
282.02884	898.4942
282.08096	898.00244
282.13306	897.3938
282.18518	894.44617
282.23727	894.83521
282.28937	892.66321
282.34149	893.70978
282.39359	894.58685
282.44571	894.55951
282.4978	896.82196
282.54993	897.2027
282.60202	896.22058
282.65411	895.27887
282.70624	895.33466
282.75833	894.57422
282.81046	893.73877
282.86255	894.39203
282.91464	892.88666
282.96677	896.52551
283.01886	896.19391
283.07098	895.58655
283.12308	895.03027
283.1752	896.79388
283.22729	894.60486
283.27939	892.37665
283.33151	896.27954
283.38361	895.81909
283.43573	899.45435
283.48782	890.77026
283.53992	894.48987
283.59204	893.43732
283.64413	895.93677
283.69626	893.38196
283.74835	897.78668
283.80045	902.08887
283.85257	896.70093
283.90466	895.18427
283.95679	891.81714
284.00888	902.28735
284.061	894.51813
284.1131	897.16516
284.16519	896.75574
284.21732	897.03918
284.26941	898.75983
284.32153	892.69122
284.37363	893.0611
284.42572	897.409
284.47784	896.75012
284.52994	892.49915
284.58206	891.79272
284.63416	894.12518
284.68628	897.38818
284.73837	894.76312
284.79047	891.65656
284.84259	892.26807
284.89468	896.80914
284.94681	897.63159
284.9989	897.13385
285.05099	895.75732
285.10312	893.56055
285.15521	893.55725
285.20734	893.55396
285.25943	893.5506
285.31155	898.87341
285.36365	902.65442
285.41574	896.90918
285.46786	897.71118
285.51996	895.58051
285.57208	891.60413
285.62418	893.31189
285.67627	891.78931
285.72839	892.15332
285.78049	891.57849
285.83261	894.0238
285.8847	896.65137
285.93683	898.85663
285.98892	895.21954
286.04102	893.98792
286.09314	897.19324
286.14523	894.85577
286.19736	898.63055
286.24945	892.92798
286.30154	891.66608
286.35367	900.96881
286.40576	891.19385
286.45789	897.2005
286.50998	894.19116
286.5621	899.00812
286.6142	894.53534
286.66629	898.33905
286.71841	893.82562
286.77051	897.12823
286.82263	896.32172
286.87473	894.35919
286.92682	894.71759
286.97894	896.44702
287.03104	896.57092
287.08316	896.0777
287.13525	894.89264
287.18738	894.763
287.23947	894.27277
287.29156	894.23596
287.34369	895.33319
287.39578	893.55219
287.44791	892.76563
287.5	894.50647
287.55209	893.81628
287.60422	895.19885
287.65631	897.65308
287.70844	896.69159
287.76053	894.3222
287.81262	893.88422
287.86475	894.45844
287.91684	895.08862
287.96896	898.46063
288.02106	896.52728
288.07318	896.52301
288.12527	897.86725
288.17737	897.72113
288.22949	896.56409
288.28159	896.1955
288.33371	899.94305
288.3858	894.06757
288.4379	897.67719
288.49002	900.19519
288.54211	894.34064
288.59424	894.46106
288.64633	895.79926
288.69846	899.87238
288.75055	899.98016
288.80264	894.60773
288.85477	889.96893
288.90686	896.31604
288.95898	895.82269
289.01108	897.73499
289.06317	896.86499
289.1153	892.65546
289.16739	898.16364
289.21951	894.3891
289.27161	896.37909
289.32373	897.21124
289.37582	896.46588
289.42792	893.4801
289.48004	894.3429
289.53214	895.91931
289.58426	894.79193
289.63635	892.10754
289.68845	890.56659
289.74057	895.02911
289.79266	900.23462
289.84479	896.95245
289.89688	893.63336
289.94901	895.95398
290.0011	897.74731
290.05319	897.74402
290.10532	896.3891
290.15741	894.97705
290.20953	895.73462
290.26163	896.00995
290.31372	893.15442
290.36584	891.60504
290.41794	892.93079
290.47006	894.61908
290.52216	896.33337
290.57428	894.0871
290.62637	891.54803
290.67847	892.36432
290.73059	893.75299
290.78268	895.4953
290.83481	893.69403
290.8869	893.69061
290.939	894.24042
290.99112	896.48602
291.04321	897.40839
291.09534	896.17731
291.14743	895.75024
291.19955	893.41339
291.25165	895.21808
291.30374	894.92871
291.35587	887.00073
291.40796	892.19928
291.46008	893.19818
291.51218	895.15515
291.56427	897.11218
291.61639	895.70007
291.66849	891.86761
291.72061	890.71381
291.77271	891.98938
291.8248	895.66553
291.87692	894.3996
291.92902	899.61011
291.98114	894.43933
292.03323	894.32379
292.08536	898.1441
292.13745	894.90289
292.18954	891.74396
292.24167	895.8197
292.29376	898.659
292.34589	894.98267
292.39798	895.42596
292.45007	895.29736
292.5022	892.08014
292.55429	893.92206
292.60641	894.31842
292.65851	895.63239
292.71063	894.56024
292.76273	894.1842
292.81482	896.06732
292.86694	893.61908
292.91904	892.93823
292.97116	896.63165
293.02325	898.33899
293.07535	895.99884
293.12747	894.21985
293.17957	894.5592
293.23169	893.09576
293.28378	896.03345
293.33591	897.40887
293.388	895.00604
293.44009	892.80042
293.49222	893.27039
293.54431	892.63763
293.59644	893.76794
293.64853	896.22192
293.70062	894.65985
293.75275	893.70947
293.80484	897.23151
293.85696	895.50061
293.90906	895.44873
293.96118	894.91626
294.01328	894.25159
294.06537	898.42938
294.11749	896.9646
294.16959	895.98114
294.22171	897.44763
294.2738	898.91541
294.3259	892.38287
294.37802	891.50647
294.43011	899.58649
294.48224	890.75104
294.53433	896.79565
294.58646	895.42188
294.63855	896.60022
294.69064	890.90985
294.74277	897.69287
294.79486	899.5575
294.84698	899.81091
294.89908	892.29285
294.95117	895.80298
295.0033	896.70593
295.05539	890.23511
295.10751	892.29565
295.15961	896.49414
295.2117	894.66266
295.26382	896.16736
295.31592	896.40234
295.36804	895.73376
295.42014	894.26593
295.47226	893.68323
295.52435	893.65625
295.57645	894.05603
295.62857	897.48511
295.68066	897.63501
295.73279	896.00751
295.78488	894.88409
295.83698	892.82233
295.8891	896.17102
295.94119	897.8338
295.99332	894.38153
296.04541	893.96619
296.09753	894.79034
296.14963	894.01447
296.20172	896.21802
296.25385	896.55774
296.30594	893.32819
296.35806	891.4342
296.41016	891.66949
296.46225	890.75946
296.51437	891.10901
296.56647	896.16168
296.61859	894.50476
296.67068	891.39313
296.72281	892.39716
296.7749	893.71246
296.827	890.85437
296.87912	893.79492
296.93121	900.63983
296.98334	899.789
297.03543	897.44446
297.08752	895.1424
297.13965	895.76642
297.19174	894.89471
297.24387	895.84528
297.29596	896.25873
297.34808	898.22198
297.40018	899.34613
297.45227	896.96277
297.50439	894.59247
297.55649	892.46295
297.60861	895.13507
297.66071	896.14563
297.7128	896.65485
297.76492	892.7713
297.81702	894.31665
297.86914	896.41315
297.92123	898.01239
297.97336	894.09625
298.02545	894.38489
298.07755	896.2337
298.12967	894.14575
298.18176	892.54358
298.23389	891.78729
298.28598	894.25122
298.33807	895.02148
298.3902	893.33313
298.44229	893.88794
298.49442	894.19928
298.54651	895.26733
298.59863	897.67352
298.65073	897.88281
298.70282	895.60999
298.75494	894.57776
298.80704	897.02698
298.85916	896.05066
298.91125	893.42041
298.96335	892.3667
299.01547	894.65125
299.06757	891.93964
299.11969	895.36102
299.17178	895.05878
299.22388	896.15851
299.276	896.25934
299.32809	896.08545
299.38022	894.61438
299.43231	892.4071
299.48444	896.26794
299.53653	893.25067
299.58862	894.80029
299.64075	894.75281
299.69284	890.87451
299.74496	893.85089
299.79706	894.72528
299.84915	893.91284
299.90128	892.89392
299.95337	893.7243
300.00549	892.91571
300.05759	894.51038
300.10971	893.36005
300.1618	894.42603
300.2139	894.74817
300.26602	894.20111
300.31812	893.70313
300.37024	896.54901
300.42233	895.86304
300.47443	894.81396
300.52655	895.13245
300.57864	895.60321
300.63077	896.79901
300.68286	897.23236
300.73499	895.94006
300.78708	894.37402
300.83917	893.03619
300.8913	891.62994
300.94339	893.19031
300.99551	895.38684
301.04761	894.58942
301.0997	895.97089
301.15182	897.5993
301.20392	896.56042
301.25604	894.70679
301.30814	895.33966
301.36026	896.50787
301.41235	894.14746
301.46445	896.02393
301.51657	894.21497
301.56866	894.54938
301.62079	897.15619
301.67288	893.99084
301.72498	891.24011
301.7771	895.4726
301.82919	898.65344
301.88132	902.47888
301.93341	894.62616
301.98553	891.34717
302.03763	895.09833
302.08972	900.78326
302.14185	895.16022
302.19394	893.61682
302.24606	893.29419
302.29816	896.11841
302.35025	893.66711
302.40237	898.53168
302.45447	899.1286
302.50659	901.01343
302.55869	895.22131
302.61081	898.64417
302.6629	900.00549
302.715	895.89734
302.76712	892.23804
302.81921	892.43048
302.87134	894.97272
302.92343	894.09406
302.97552	893.98492
303.02765	897.70844
303.07974	898.06
303.13187	897.26501
303.18396	895.46069
303.23605	898.72003
303.28818	897.41376
303.34027	896.27252
303.3924	895.94373
303.44449	893.98254
303.49661	893.86975
303.54871	893.56012
303.6008	894.02777
303.65292	897.42499
303.70502	898.45435
303.75714	893.68195
303.80923	892.06146
303.86133	896.93127
303.91345	896.11475
303.96555	895.23083
304.01767	897.75006
304.06976	895.59467
304.12189	894.39624
304.17398	894.91376
304.22607	897.29437
304.2782	896.52203
304.33029	896.13983
304.38242	894.76624
304.43451	895.86401
304.4866	895.0072
304.53873	895.52484
304.59082	899.62494
304.64294	895.52722
304.69504	895.8064
304.74716	891.5282
304.79926	893.48254
304.85135	893.97003
304.90347	894.93439
304.95557	893.10321
305.00769	898.45593
305.05978	889.13947
305.11188	894.06934
305.164	894.95892
305.21609	894.53998
305.26822	897.68738
305.32031	893.72052
305.37244	891.67725
305.42453	894.42426
305.47662	896.52417
305.52875	898.69299
305.58084	897.38031
305.63297	895.43256
305.68506	896.52441
305.73715	898.03796
305.78928	896.02039
305.84137	895.56586
305.89349	898.91174
305.94559	898.2254
305.99771	894.09851
306.0498	895.35767
306.1019	898.39221
306.15402	897.93695
306.20612	899.1076
306.25824	900.15192
306.31033	897.98865
306.36243	896.08643
306.41455	895.0838
306.46664	897.69214
306.51877	897.29504
306.57086	894.85889
306.62299	893.53784
306.67508	891.54889
306.72717	895.74017
306.7793	892.7464
306.83139	896.25061
306.88351	895.51947
306.93561	894.24567
306.9877	896.3042
307.03983	892.51807
307.09192	893.94556
307.14404	889.698
307.19614	896.18127
307.24823	892.38458
307.30035	898.25836
307.35245	897.33234
307.40457	894.92462
307.45667	890.151
307.50879	896.14813
307.56088	894.12585
307.61298	889.88495
307.6651	894.77771
307.71719	892.06427
307.76932	897.30542
307.82141	895.63678
307.8735	897.81549
307.92563	899.13342
307.97772	897.09607
308.02985	893.8053
308.08194	896.14807
308.13406	897.41833
308.18616	895.33124
308.23825	893.00623
308.29037	893.42889
308.34247	895.95947
308.39459	893.6228
308.44669	895.52997
308.49878	898.43884
308.5509	894.01703
308.603	894.25232
308.65512	897.98505
308.70721	893.61859
308.75934	890.04681
308.81143	894.06073
308.86353	895.64325
308.91565	894.34448
308.96774	895.15955
309.01987	897.87848
309.07196	896.60986
309.12405	894.64777
309.17618	893.90601
309.22827	896.83978
309.2804	897.94934
309.33249	893.98102
309.38461	897.90094
309.43671	898.80243
309.4888	896.41107
309.54092	894.8468
309.59302	896.56525
309.64514	895.78589
309.69724	898.11749
309.74933	897.5484
309.80145	892.64679
309.85355	898.96954
309.90567	894.82379
309.95776	896.0199
310.00989	896.11426
310.06198	892.53729
310.11407	895.59802
310.1662	896.10309
310.21829	893.18744
310.27042	893.40674
310.32251	896.75427
310.3746	891.81207
310.42673	896.08258
310.47882	896.98749
310.53094	898.70215
310.58304	894.75793
310.63513	896.24103
310.68726	893.85992
310.73935	895.94904
310.79147	898.55865
310.84357	897.09174
310.89569	895.20392
310.94778	894.8197
310.99988	896.35388
311.052	896.78467
311.1041	895.07001
311.15622	896.11517
311.20831	898.3078
311.26041	896.54932
311.31253	895.72443
311.36462	894.854
311.41675	891.95459
311.46884	895.52954
311.52097	897.34705
311.57306	895.8075
311.62515	892.72083
311.67728	893.02777
311.72937	894.80377
311.78149	892.18286
311.83359	896.87805
311.88568	898.30444
311.93781	896.93085
311.9899	894.58594
312.04202	898.4696
312.09412	898.18005
312.14624	895.612
312.19833	897.18622
312.25043	892.55701
312.30255	895.42383
312.35464	893.461
312.40677	901.22607
312.45886	899.53412
312.51096	899.90259
312.56308	894.00372
312.61517	892.98303
312.6673	900.76678
312.71939	900.64441
312.77151	894.6004
312.82361	894.22467
312.8757	894.41028
312.92783	894.02173
312.97992	896.90216
313.03204	897.89929
313.08414	892.57715
313.13623	898.31653
313.18835	899.21265
313.24045	898.20862
313.29257	895.24054
313.34467	893.98499
313.39679	893.49164
313.44888	894.57153
313.50098	899.97028
313.5531	899.93597
313.60519	896.85846
313.65732	897.34149
313.70941	900.18317
313.76151	898.83087
313.81363	894.69598
313.86572	896.8548
313.91785	898.52905
313.96994	898.64966
314.02206	896.60052
314.07416	892.5119
314.12625	892.04132
314.17838	895.24512
314.23047	895.78455
314.28259	896.14569
314.33469	899.00104
314.38678	890.32574
314.4389	893.74524
314.491	891.21332
314.54312	892.09094
314.59521	899.29199
314.64731	895.52411
314.69943	893.57373
314.75153	896.745
314.80365	896.38324
314.85574	898.75769
314.90787	898.27325
314.95996	900.2287
315.01205	892.06885
315.06418	895.52911
315.11627	892.51965
315.1684	894.95721
315.22049	896.12708
315.27258	895.80823
315.32471	903.32501
315.3768	899.7923
315.42892	894.71124
315.48102	894.11664
315.53314	892.31323
315.58524	896.5495
315.63733	896.76678
315.68945	894.10046
315.74155	898.33069
315.79367	899.70758
315.84576	894.69434
315.89786	895.31372
315.94998	896.58813
316.00208	898.2298
316.0542	896.02124
316.10629	895.0835
316.15842	896.93872
316.21051	897.42511
316.2626	896.94318
316.31473	895.93353
316.36682	898.10626
316.41895	899.88531
316.47104	897.1441
316.52313	895.65076
316.57526	896.0116
316.62735	896.47113
316.67947	896.13971
316.73157	894.30682
316.78369	890.41736
316.83578	893.24994
316.88788	899.37012
316.94	901.24854
316.9921	903.36987
317.04422	895.96356
317.09631	893.69073
317.14841	897.11786
317.20053	898.96185
317.25262	891.79388
317.30475	897.46466
317.35684	896.19238
317.40897	897.65894
317.46106	898.87781
317.51315	891.6225
317.56528	897.00958
317.61737	899.00995
317.66949	896.22339
317.72159	896.06555
317.77368	898.78882
317.82581	900.39191
317.8779	895.33905
317.93002	901.34991
317.98212	896.32117
318.03424	897.06897
318.08633	895.56366
318.13843	900.81836
318.19055	898.02466
318.24265	896.89417
318.29477	895.95691
318.34686	894.48267
318.39896	896.03479
318.45108	900.60498
318.50317	900.61005
318.5553	896.13232
318.60739	895.19049
318.65948	897.7218
318.71161	897.88623
318.7637	896.72394
318.81583	894.16882
318.86792	893.9671
318.92004	895.50415
318.97214	897.25836
319.02423	898.88104
319.07635	896.21753
319.12845	893.86908
319.18057	893.90686
319.23267	895.63739
319.28476	897.47974
319.33688	900.29102
319.38898	897.39862
319.4411	892.98389
319.49319	896.41821
319.54532	895.65881
319.59741	898.26465
319.64951	898.41711
319.70163	895.0636
319.75372	897.26849
319.80585	893.8457
319.85794	894.22021
319.91003	899.90991
319.96216	899.82135
320.01425	898.7713
320.06638	897.01324
320.11847	899.27594
320.17059	894.88416
320.22269	893.89972
320.27478	901.62836
320.3269	896.18781
320.379	895.87659
320.43112	895.8728
320.48322	895.8692
320.53531	901.09143
320.58743	896.7514
320.63953	900.0177
320.69165	898.823
320.74374	894.78094
320.79587	896.16888
320.84796	901.37122
320.90005	898.06213
320.95218	893.11591
321.00427	897.40198
321.0564	899.82831
321.10849	900.15356
321.16058	898.72498
321.21271	895.96002
321.2648	892.41437
321.31693	891.09991
321.36902	893.26837
321.42114	895.88507
321.47324	897.05975
321.52533	897.04358
321.57745	898.24176
321.62955	898.62714
321.68167	896.83899
321.73376	896.91858
321.78586	896.76068
321.83798	894.30524
321.89008	894.97546
321.9422	897.54578
321.99429	895.59082
322.04639	897.03259
322.09851	898.8996
322.1506	898.57086
322.20273	894.97888
322.25482	890.44293
322.30695	893.48834
322.35904	896.43036
322.41113	896.26727
322.46326	892.97717
322.51535	898.83472
322.56747	893.69324
322.61957	897.11835
322.67166	896.09418
322.72379	894.67969
322.77588	894.14453
322.828	892.75793
322.8801	895.21918
322.93222	902.08038
322.98431	896.88721
323.03641	899.52441
323.08853	895.5152
323.14063	896.99426
323.19275	893.17908
323.24484	894.8454
323.29694	893.04462
323.34906	896.82007
323.40115	897.66156
323.45328	899.63904
323.50537	903.24866
323.5575	897.73749
323.60959	896.01434
323.66168	901.51526
323.71381	899.45636
323.7659	899.67041
323.81802	897.33606
323.87012	897.22876
323.92221	899.67737
323.97433	900.01855
324.02643	896.11816
324.07855	894.74109
324.13065	893.43011
324.18277	892.3952
324.23486	894.62366
324.28696	896.34259
324.33908	897.06396
324.39117	894.21539
324.4433	891.81183
324.49539	895.31995
324.54749	896.49036
324.59961	895.95032
324.6517	896.21729
324.70383	896.91449
324.75592	897.18555
324.80804	894.74847
324.86014	898.82037
324.91223	894.87787
324.96436	898.96222
325.01645	894.43188
325.06857	891.6637
325.12067	896.31683
325.17276	897.95135
325.22488	898.70422
325.27698	891.34882
325.3291	893.74359
325.3812	895.47528
325.43332	894.94495
325.48541	894.22449
325.53751	897.94135
325.58963	895.96747
325.64172	893.51062
325.69385	902.29962
325.74594	892.90289
325.79803	897.66052
325.85016	895.68451
325.90225	897.28851
325.95438	901.01465
326.00647	900.61121
326.05856	900.47247
326.11069	901.29633
326.16278	894.18591
326.2149	895.62164
326.267	895.30072
326.31912	895.70654
326.37122	894.84937
326.42331	898.37994
326.47543	900.98749
326.52753	900.08374
326.57965	898.11749
326.63174	896.7915
326.68384	896.42792
326.73596	895.82147
326.78806	895.71265
326.84018	893.09015
326.89227	892.27966
326.9444	893.93738
326.99649	895.93323
327.04858	896.17523
327.10071	895.37067
327.1528	898.61603
327.20493	898.6297
327.25702	893.76312
327.30911	895.86389
327.36124	900.94812
327.41333	899.89337
327.46545	896.0307
327.51755	896.01489
327.56967	895.23352
327.62177	893.22308
327.67386	899.02039
327.72598	893.86163
327.77808	891.07605
327.8302	895.99908
327.88229	894.09796
327.93439	899.07733
327.98651	897.7572
328.0386	897.88153
328.09073	900.13959
328.14282	892.12927
328.19495	899.11566
328.24704	896.65741
328.29913	894.42566
328.35126	896.9278
328.40335	901.26093
328.45547	895.86029
328.50757	895.79834
328.55966	898.65222
328.61179	897.38934
328.66388	895.45587
328.716	893.93726
328.7681	891.14343
328.82022	895.93933
328.87231	895.08856
328.92441	893.12128
328.97653	899.20508
329.02863	897.6142
329.08075	894.06897
329.13284	897.75281
329.18494	898.88422
329.23706	896.96362
329.28915	905.62219
329.34128	900.60461
329.39337	894.26105
329.4455	893.23157
329.49759	892.60626
329.54968	896.44543
329.60181	897.46643
329.6539	898.19946
329.70602	895.32886
329.75812	894.8869
329.81021	895.65991
329.86234	893.70184
329.91443	896.07233
329.96655	896.18445
330.01865	893.62903
330.07074	898.59753
330.12286	903.07581
330.17496	898.3786
330.22708	895.95343
330.27917	897.9989
330.3313	896.68262
330.38339	894.97534
330.43549	895.66113
330.48761	895.52032
330.5397	896.30573
330.59183	899.41211
330.64392	898.20721
330.69601	896.44171
330.74814	896.00433
330.80023	897.30597
330.85236	895.77795
330.90445	896.62775
330.95657	896.62402
331.00867	896.57434
331.06076	896.30109
331.11288	898.47382
331.16498	896.14673
331.2171	897.11548
331.2692	897.59668
331.32129	894.64746
331.37341	895.07709
331.42551	899.35333
331.47763	892.6189
331.52972	895.72693
331.58185	893.84772
331.63394	898.38617
331.68604	892.64526
331.73816	894.08502
331.79025	895.38544
331.84238	897.56732
331.89447	894.13556
331.94656	899.95343
331.99869	899.05548
332.05078	896.58539
332.10291	890.70032
332.155	893.05316
332.20712	891.6524
332.25922	890.68976
332.31131	894.5509
332.36343	896.52393
332.41553	897.72925
332.46765	900.56982
332.51974	898.0318
332.57184	897.76196
332.62396	898.67365
332.67606	896.47211
332.72818	896.49188
332.78027	897.7337
332.8324	897.29926
332.88449	896.26538
332.93658	898.95923
332.98871	902.5722
333.0408	899.83417
333.09293	896.28632
333.14502	895.43793
333.19711	892.78644
333.24924	891.36829
333.30133	895.15729
333.35345	894.5946
333.40555	894.28943
333.45767	893.30896
333.50977	896.74323
333.56186	898.06879
333.61398	894.47949
333.66608	899.88141
333.7182	896.34406
333.77029	903.15546
333.82239	898.66339
333.87451	899.79236
333.92661	894.58551
333.97873	896.57971
334.03082	898.67731
334.08292	894.61652
334.13504	900.82074
334.18713	895.90784
334.23926	890.99207
334.29135	898.10254
334.34348	897.91089
334.39557	896.02667
334.44766	894.51263
334.49979	893.4809
334.55188	897.29919
334.604	897.43658
334.6561	900.71222
334.70819	900.53699
334.76031	896.34058
334.81241	892.2099
334.86453	893.64813
334.91663	895.84186
334.96875	901.09778
335.02084	895.68915
335.07294	893.87671
335.12506	894.32745
335.17715	896.63995
335.22928	897.17596
335.28137	895.56323
335.33347	892.37665
335.38559	897.31427
335.43768	899.79688
335.48981	899.41406
335.5419	902.45233
335.59402	902.99158
335.64612	898.2666
335.69821	895.27252
335.75034	894.3783
335.80243	893.4552
335.85455	893.62567
335.90665	895.47589
335.95874	900.26416
336.01086	900.24133
336.06296	896.6712
336.11508	894.4115
336.16718	893.58923
336.2193	893.71613
336.27139	896.21289
336.32349	898.50128
336.37561	894.46356
336.4277	893.80249
336.47983	897.16608
336.53192	892.96405
336.58401	897.62927
336.63614	897.64838
336.68823	899.10095
336.74036	895.8493
336.79245	896.76849
336.84457	897.2052
336.89667	897.11688
336.94876	896.16437
337.00089	895.49664
337.05298	891.65808
337.1051	890.76758
337.1572	896.17023
337.20929	896.17926
337.26141	896.65704
337.31351	897.61725
337.36563	894.41876
337.41772	894.16443
337.46982	899.07642
337.52194	896.1521
337.57404	893.07587
337.62616	892.6496
337.67825	892.23364
337.73038	898.59802
337.78247	896.18927
337.83456	900.15802
337.88669	897.099
337.93878	894.88916
337.99091	895.34436
338.043	894.56464
338.09509	895.83246
338.14722	894.93884
338.19931	893.78278
338.25143	898.04895
338.30353	899.36578
338.35565	896.19598
338.40775	895.76031
338.45984	896.87335
338.51196	896.81201
338.56406	893.65814
338.61618	894.4231
338.66827	896.82928
338.72037	895.35114
338.77249	892.94629
338.82458	896.86664
338.87671	899.55554
338.9288	895.82123
338.98093	898.65851
339.03302	897.48315
339.08511	896.54578
339.13724	896.54205
339.18933	897.02808
339.24146	897.41565
339.29355	895.2998
339.34564	895.04218
339.39777	898.24823
339.44986	895.29572
339.50198	892.79181
339.55408	892.94525
339.6062	896.41345
339.65829	896.17816
339.71039	896.6889
339.76251	894.78888
339.81461	893.55499
339.86673	893.67487
339.91882	891.64709
339.97092	898.48279
340.02304	898.47906
340.07513	898.34387
340.12726	894.98193
340.17935	895.46796
340.23148	895.46417
340.28357	899.3382
340.33566	897.5509
340.38779	894.64532
340.43988	893.07104
340.492	894.74945
340.5441	898.04077
340.59619	897.13562
340.64832	896.50891
340.70041	896.84802
340.75253	896.92719
340.80463	896.12262
340.85675	896.31165
340.90884	894.49799
340.96094	894.28754
341.01306	894.40863
341.06516	894.76331
341.11728	899.09998
341.16937	898.50647
341.22147	897.3938
341.27359	897.39008
341.32568	894.5387
341.37781	895.96344
341.4299	899.07764
341.48199	898.70996
341.53412	899.85199
341.58621	902.74066
341.63834	897.74207
341.69043	893.39172
341.74255	896.85114
341.79465	895.25513
341.84674	893.40894
341.89886	894.55121
341.95096	894.2865
342.00308	897.04596
342.05518	898.72968
342.10727	899.49316
342.15939	897.87524
342.21149	898.47479
342.26361	897.32141
342.3157	897.10492
342.36783	897.46808
342.41992	895.29639
342.47202	897.14087
342.52414	895.42542
342.57623	895.68121
342.62836	894.75421
342.68045	893.388
342.73254	896.79138
342.78467	900.45349
342.83676	896.20422
342.88889	894.97791
342.94098	890.8775
342.9931	898.51819
343.0452	892.26495
343.09729	897.65991
343.14941	896.13171
343.20151	893.82001
343.25363	895.78333
343.30573	897.74634
343.35782	899.2179
343.40994	894.88367
343.46204	894.25897
343.51416	898.43689
343.56625	893.67657
343.61838	900.88843
343.67047	898.17834
343.72256	896.84705
343.77469	896.71216
343.82678	899.21619
343.87891	896.01508
343.931	898.81708
343.98309	897.72955
344.03522	892.18451
344.08731	890.68994
344.13943	896.21899
344.19153	894.93695
344.24365	895.08917
344.29575	894.64178
344.34784	895.51624
344.39996	896.16772
344.45206	896.48376
344.50418	894.7901
344.55627	896.08514
344.60837	897.35748
344.66049	893.12738
344.71259	893.21613
344.76471	893.7453
344.8168	893.18939
344.86893	895.40802
344.92102	893.17938
344.97311	892.96478
345.02524	898.23547
345.07733	897.01001
345.12946	894.8277
345.18155	896.49438
345.23364	896.79523
345.28577	897.65594
345.33786	896.10089
345.38998	895.22937
345.44208	895.90955
345.49417	898.70117
345.5463	896.22772
345.59839	898.67035
345.65051	893.48206
345.70261	891.20056
345.75473	897.57135
345.80682	898.22076
345.85892	900.76526
345.91104	901.28204
345.96313	899.54803
346.01526	896.19653
346.06735	892.43652
346.11945	896.7561
346.17157	893.89783
346.22366	893.04895
346.27579	897.67627
346.32788	891.71027
346.38	898.29156
346.4321	896.31793
346.48419	898.24902
346.53632	896.58844
346.58841	892.29242
346.64053	893.74811
346.69263	896.65967
346.74472	894.31891
346.79684	898.28119
346.84894	893.29333
346.90106	898.18988
346.95316	893.83673
347.00528	895.0412
347.05737	895.1524
347.10947	893.73657
347.16159	897.11005
347.21368	896.01746
347.26581	896.19482
347.3179	896.83301
347.37	896.56378
347.42212	896.80322
347.47421	894.47876
347.52634	896.82092
347.57843	892.72986
347.63055	893.43817
347.68265	895.17273
347.73474	896.32416
347.78687	894.46588
347.83896	893.19781
347.89108	892.99268
347.94318	890.47638
347.99527	894.11456
348.04739	897.9104
348.09949	896.98468
348.15161	895.67731
348.2037	895.78442
348.25583	897.82288
348.30792	896.57025
348.36002	893.94348
348.41214	894.62067
348.46423	896.83112
348.51636	895.90308
348.56845	894.4837
348.62054	896.85107
348.67267	896.4953
348.72476	897.57794
348.77689	896.74017
348.82898	895.70264
348.88107	894.11237
348.9332	895.26208
348.98529	894.51892
349.03741	896.55847
349.08951	899.05115
349.14163	894.12
349.19373	891.95813
349.24582	893.7829
349.29794	894.83862
349.35004	894.27051
349.40216	893.31366
349.45425	892.94434
349.50635	894.86743
349.55847	896.99237
349.61057	895.41272
349.66269	894.20367
349.71478	893.88068
349.76691	895.23639
349.819	891.53638
349.87109	896.54089
349.92322	896.18213
349.97531	896.28943
350.02744	892.74097
350.07953	890.4411
350.13162	897.58313
350.18375	895.03595
350.23584	891.97723
350.28796	889.83014
350.34006	895.06256
350.39218	896.07727
350.44427	894.38379
350.49637	892.89905
350.54849	895.70624
350.60059	897.75629
350.65271	891.43616
350.7048	890.14319
350.7569	896.5271
350.80902	900.79224
350.86111	901.88928
350.91324	899.18658
350.96533	895.50116
351.01746	897.9505
351.06955	899.28406
351.12164	896.19165
351.17377	894.54041
351.22586	896.09509
351.27798	893.17755
351.33008	893.75128
351.38217	896.66724
351.4343	899.20715
351.48639	895.97034
351.53851	892.73151
351.59061	893.48132
351.64273	896.2301
351.69482	897.47443
351.74692	893.86578
351.79904	892.52008
351.85114	895.30383
351.90326	896.43579
351.95535	895.44391
352.00745	895.81342
352.05957	897.67072
352.11166	895.25208
352.16379	895.88361
352.21588	898.06671
352.26801	897.27271
352.3201	893.87592
352.37219	892.40485
352.42432	893.66241
352.47641	896.73755
352.52853	893.26025
352.58063	896.36865
352.63272	895.05383
352.68484	901.04083
352.73694	898.64258
352.78906	897.17859
352.84116	899.87384
352.89325	899.16577
352.94537	888.86694
352.99747	888.9859
353.04959	893.39624
353.10168	897.31787
353.15381	902.69995
353.2059	893.31006
353.258	890.97577
353.31012	897.26239
353.36221	892.89545
353.41434	890.13538
353.46643	888.53955
353.51852	892.97028
353.57065	895.06421
353.62274	895.3222
353.67487	895.7132
353.72696	896.97131
353.77908	895.43085
353.83118	892.60565
353.88327	892.87915
353.93539	896.44073
353.98749	899.15656
354.03961	897.15039
354.09171	895.7912
354.1438	896.41254
354.19592	896.48108
354.24802	895.6925
354.30014	896.41797
354.35223	898.6543
354.40436	899.237
354.45645	897.47919
354.50854	894.52411
354.56067	896.1123
354.61276	899.75677
354.66489	897.54065
354.71698	894.11328
354.76907	893.65277
354.8212	893.27283
354.87329	892.47931
354.92542	892.85681
354.97751	893.90118
355.02963	896.86359
355.08173	892.32037
355.13382	894.42059
355.18594	897.0033
355.23804	898.97211
355.29016	897.19885
355.34225	893.81213
355.39435	895.14935
355.44647	898.77496
355.49857	896.77448
355.55069	896.72424
355.60278	894.27527
355.65491	898.39209
355.707	895.80511
355.75909	896.6828
355.81122	889.39832
355.86331	894.26508
355.91544	897.64984
355.96753	895.19171
356.01962	892.7337
356.07175	896.95294
356.12384	900.90198
356.17596	895.18561
356.22806	893.30017
356.28018	895.35242
356.33228	896.50732
356.38437	890.29431
356.43649	889.96417
356.48859	896.20941
356.54071	894.46082
356.5928	890.14307
356.6449	891.76941
356.69702	898.52502
356.74911	898.81439
356.80124	893.89734
356.85333	890.39795
356.90543	892.60474
356.95755	894.75043
357.00964	895.09845
357.06177	895.09503
357.11386	895.68658
357.16599	894.35687
357.21808	894.76245
357.27017	894.9986
357.3223	894.86298
357.37439	895.32153
357.42651	893.60785
357.47861	892.77216
357.5307	899.43909
357.58282	903.52209
357.63492	897.89252
357.68704	895.75281
357.73914	896.24048
357.79126	897.9978
357.84335	898.64587
357.89545	893.89539
357.94757	892.61877
357.99966	895.61548
358.05179	896.07184
358.10388	894.03796
358.15598	895.87952
358.2081	896.68884
358.26019	895.61713
358.31232	896.28906
358.36441	896.92474
358.41653	894.08008
358.46863	894.56757
358.52072	894.37408
358.57285	890.45465
358.62494	899.4917
358.67706	899.03699
358.72916	892.0274
358.78125	893.14368
358.83337	899.4964
358.88547	901.94897
358.93759	893.71222
358.98969	892.9906
359.04181	899.05096
359.0939	904.05487
359.146	892.74139
359.19812	892.7793
359.25021	897.28052
359.30234	891.5874
359.35443	894.59485
359.40652	893.40839
359.45865	896.11688
359.51074	898.87689
359.56287	894.87054
359.61496	893.79749
359.66708	892.47351
359.71918	896.1618
359.77127	897.57123
359.82339	894.05316
359.87549	901.56897
359.92761	903.85889
359.97971	897.75909
360.0318	889.48541
360.08392	892.02618
360.13602	897.24127
360.18814	896.51666
360.24023	896.71277
360.29233	896.341
360.34445	895.37433
360.39655	894.43799
360.44867	892.40985
360.50076	896.30469
360.55289	900.58612
360.60498	898.24811
360.65707	896.57568
360.7092	896.84802
360.76129	899.88495
360.81342	898.13776
360.86551	892.84369
360.9176	892.84021
360.96973	893.55194
361.02182	895.60217
361.07394	894.69666
361.12604	891.11237
361.17816	896.83954
361.23026	901.02576
361.28235	895.8161
361.33447	895.81268
361.38657	896.10284
361.43869	896.70728
361.49078	889.97266
361.54288	895.67743
361.595	899.98859
361.64709	907.69751
361.69922	898.18256
361.75131	895.87195
361.80344	899.23511
361.85553	893.33722
361.90762	893.27478
361.95975	891.83807
362.01184	894.58185
362.06396	900.28986
362.11606	892.17938
362.16815	895.68884
362.22028	899.72913
362.27237	897.69586
362.32449	893.07666
362.37659	895.10327
362.42871	897.73901
362.4808	897.84583
362.5329	893.90918
362.58502	893.47778
362.63712	900.30267
362.68924	901.65344
362.74133	895.65167
362.79343	891.5199
362.84555	894.01984
362.89764	897.6424
362.94977	894.31726
363.00186	893.83649
363.05399	896.97711
363.10608	900.49689
363.15817	899.12286
363.2103	895.06567
363.26239	896.04181
363.31451	899.44769
363.36661	894.80634
363.4187	891.0365
363.47083	893.44409
363.52292	896.013
363.57504	897.98212
363.62714	898.68823
363.67926	900.64642
363.73135	897.57672
363.78345	896.51141
363.83557	891.47992
363.88766	893.68701
363.93979	899.5918
363.99188	899.92804
364.04398	897.73438
364.0961	896.75494
364.14819	896.54651
364.20032	893.763
364.25241	891.70923
364.3045	895.84497
364.35663	895.10504
364.40872	897.75665
364.46085	898.15137
364.51294	895.49792
364.56506	898.21576
364.61716	894.75354
364.66925	896.62323
364.72137	896.86505
364.77347	892.04388
364.82559	890.5874
364.87769	891.0755
364.92978	893.0285
364.9819	896.91022
365.034	903.19507
365.08612	896.16034
365.13821	892.83582
365.19034	894.78674
365.24243	897.2406
365.29453	895.83521
365.34665	893.44519
365.39874	892.22021
365.45087	898.09259
365.50296	893.6131
365.55505	892.03394
365.60718	895.05548
365.65927	896.02692
365.7114	892.77307
365.76349	891.87268
365.81561	897.18152
365.86771	896.15424
365.9198	894.18237
365.97192	894.00629
366.02402	897.10815
366.07614	900.51007
366.12823	897.38544
366.18033	894.77783
366.23245	895.8197
366.28455	900.51086
366.33667	900.60242
366.38876	897.98206
366.44089	897.25916
366.49298	896.20667
366.54507	896.69476
366.5972	897.18292
366.64929	897.6712
366.70142	898.76294
366.75351	897.64038
366.8056	892.10675
366.85773	891.58954
366.90982	896.4444
366.96194	895.96283
367.01404	895.99402
367.06616	898.14874
367.11826	898.63824
367.17035	900.29065
367.22247	895.42371
367.27457	896.29327
367.32669	899.81946
367.37878	899.65784
367.43088	892.66516
367.483	897.16339
367.5351	900.52655
367.58722	895.07642
367.63931	895.88904
367.69144	892.07184
367.74353	899.21948
367.79562	896.68005
367.84775	893.05713
367.89984	897.81622
367.95197	894.38135
368.00406	898.31207
368.05615	897.40009
368.10828	895.4621
368.16037	893.02411
368.21249	902.04388
368.26459	894.7359
368.31668	893.85138
368.3688	898.62512
368.4209	895.93597
368.47302	895.75891
368.52512	898.29517
368.57724	895.62323
368.62933	895.22351
368.68143	895.32733
368.73355	896.82941
368.78564	902.84253
368.83777	898.69861
368.88986	895.25848
368.94196	891.71906
368.99408	897.34613
369.04617	897.86035
369.0983	896.93719
369.15039	893.57007
369.20251	895.82709
369.25461	896.43695
369.3067	893.07111
369.35883	893.72559
369.41092	898.51123
369.46304	900.23114
369.51514	896.74335
369.56723	895.24731
369.61935	895.79248
369.67145	896.85919
369.72357	897.8786
369.77567	897.17847
369.82779	897.54797
369.87988	897.63885
369.93198	898.24463
369.9841	895.91315
370.03619	894.30048
370.08832	898.42126
370.14041	894.87836
370.1925	892.04346
370.24463	896.60596
370.29672	900.09064
370.34885	898.74323
370.40094	895.14581
370.45306	893.9491
370.50516	896.80414
370.55725	896.22266
370.60938	891.94336
370.66147	894.21722
370.71359	899.15808
370.76569	892.64148
370.81778	895.89514
370.8699	893.62592
370.922	898.71155
370.97412	898.79028
371.02621	891.18823
371.07834	891.71637
371.13043	894.66351
371.18253	900.07104
371.23465	894.35651
371.28674	895.10571
371.33887	891.41327
371.39096	895.28009
371.44305	891.58478
371.49518	894.68475
371.54727	899.4873
371.5994	898.42755
371.65149	896.03729
371.70361	895.62756
371.75571	899.65039
371.8078	896.67462
371.85992	898.32233
371.91202	897.97864
371.96414	901.68323
372.01624	903.10693
372.06833	901.68628
372.12045	894.17737
372.17255	895.15381
372.22467	894.45197
372.27676	891.15765
372.32886	893.53992
372.38098	898.64294
372.43307	900.87738
372.4852	896.72852
372.53729	895.82751
372.58942	896.74738
372.64151	897.39478
372.6936	894.95374
372.74573	891.80859
372.79782	892.539
372.84995	896.09247
372.90204	899.32263
372.95413	898.17413
373.00626	897.04156
373.05835	897.64349
373.11047	894.26984
373.16257	889.01843
373.21469	894.37506
373.26678	898.33429
373.31888	895.37262
373.371	894.0174
373.4231	896.20215
373.47522	900.26923
373.52731	895.31744
373.57941	893.06616
373.63153	900.08765
373.68362	897.10291
373.73575	895.82434
373.78784	889.35077
373.83997	891.8092
373.89206	895.90869
373.94415	896.34302
373.99628	901.27148
374.04837	896.125
374.10049	897.59772
374.15259	898.61707
374.20468	894.07007
374.25681	896.07275
374.3089	898.92236
374.36102	897.43671
374.41312	894.97156
374.46524	895.92004
374.51733	896.9007
374.56943	896.46674
374.62155	893.18951
374.67365	891.1076
374.72577	896.30396
374.77786	896.04437
374.82996	893.7605
374.88208	893.41766
374.93417	890.4986
374.9863	895.63025
375.03839	896.50647
375.09052	897.58258
375.14261	895.59045
375.1947	897.16046
375.24683	897.89349
375.29892	897.52856
375.35104	897.74036
375.40314	896.49994
375.45523	892.83899
375.50735	894.01715
375.55945	896.66187
375.61157	896.74042
375.66367	892.68622
375.71576	893.65009
375.76788	897.60522
375.81998	899.42206
375.8721	892.69122
375.92419	888.72211
375.97632	893.46307
376.02841	897.0979
376.08051	895.15228
376.13263	892.09857
376.18472	896.17731
376.23685	900.88635
376.28894	898.61987
376.34103	895.08936
376.39316	894.10767
376.44525	896.45325
376.49738	895.76227
376.54947	891.48169
376.60159	893.80231
376.65369	897.00665
376.70578	896.05164
376.7579	896.93408
376.81	896.82397
376.86212	902.2868
376.91422	900.84381
376.96631	895.71838
377.01843	893.88104
377.07053	895.72656
377.12265	899.54437
377.17474	889.99823
377.22687	894.20477
377.27896	897.08929
377.33105	899.4892
377.38318	900.34009
377.43527	892.72174
377.4874	898.20129
377.53949	903.63934
377.59158	893.27802
377.64371	894.39191
377.6958	900.70099
377.74792	897.2511
377.80002	901.6264
377.85214	891.13055
377.90424	899.71893
377.95633	899.28235
378.00845	895.54382
378.06055	896.55981
378.11267	898.91956
378.16476	900.94238
378.21686	911.46307
378.26898	893.03015
378.32108	890.84009
378.3732	892.80585
378.42529	894.37531
378.47742	890.39337
378.52951	891.85083
378.5816	899.03748
378.63373	897.86938
378.68582	898.46143
378.73795	899.16284
378.79004	898.47144
378.84213	895.12897
378.89426	894.30988
378.94635	894.97009
378.99847	895.45917
379.05057	891.97076
379.10269	892.02509
379.15479	894.21692
379.20688	894.9151
379.259	893.47485
379.3111	892.9292
379.36322	893.62152
379.41531	894.62952
379.46741	895.61469
379.51953	894.89771
379.57162	897.79047
379.62375	900.3233
379.67584	898.74628
379.72794	898.14441
379.78006	896.49414
379.83215	900.74854
379.88428	901.03601
379.93637	892.11566
379.98849	893.4198
380.04059	895.86334
380.09268	898.95349
380.14481	896.39093
380.1969	894.82568
380.24902	897.40149
380.30112	896.0589
380.35321	896.26617
380.40533	893.04114
380.45743	897.26471
380.50955	899.28711
380.56165	895.51788
380.61377	892.71979
380.66586	891.83185
380.71796	895.7522
380.77008	890.81531
380.82217	893.52478
380.8743	897.72375
380.92639	894.41351
380.97849	893.15253
381.03061	895.59192
381.0827	897.59735
381.13483	900.96869
381.18692	897.51703
381.23904	896.02661
381.29114	900.34082
381.34323	899.53943
381.39536	899.0191
381.44745	898.52325
381.49957	897.5741
381.55167	891.23633
381.60376	890.91187
381.65588	895.27997
381.70798	896.81384
381.7601	895.71442
381.81219	892.59778
381.86432	891.15332
381.91641	892.52924
381.96851	895.26971
382.02063	895.18732
382.07272	895.31451
382.12485	897.26178
382.17694	900.43585
382.22903	893.03699
382.28116	896.27716
382.33325	898.08521
382.38538	894.47308
382.43747	891.63727
382.48959	891.85358
382.54169	894.85571
382.59378	897.8988
382.6459	893.96191
382.698	892.95294
382.75012	895.45032
382.80222	897.50763
382.85431	894.44525
382.90643	892.92871
382.95853	896.61847
383.01065	896.92188
383.06274	894.25116
383.11487	893.94788
383.16696	896.30548
383.21906	900.86469
383.27118	901.89661
383.32327	894.57672
383.3754	895.242
383.42749	900.34589
383.47958	899.85004
383.53171	894.68005
383.5838	898.70532
383.63593	897.64331
383.68802	896.45282
383.74011	892.65759
383.79224	894.69849
383.84433	894.81769
383.89645	895.27899
383.94855	891.81854
384.00067	892.01752
384.05276	893.2818
384.10486	895.91528
384.15698	898.00854
384.20908	894.01874
384.2612	895.68866
384.31329	897.77246
384.36539	893.48724
384.41751	891.09222
384.4696	894.7182
384.52173	899.84473
384.57382	892.55774
384.62595	888.06549
384.67804	897.81537
384.73013	900.75879
384.78226	890.41028
384.83435	893.17554
384.88647	897.56586
384.93857	896.8103
384.99066	888.85614
385.04279	897.84808
385.09488	898.29272
385.147	896.02551
385.1991	894.86469
385.25122	897.30383
385.30331	897.30756
385.35541	902.19794
385.40753	894.67462
385.45963	893.11865
385.51175	897.92865
385.56384	898.44049
385.61594	895.93695
385.66806	890.74713
385.72015	895.03168
385.77228	896.84076
385.82437	898.44562
385.8765	897.13257
385.92859	897.86768
385.98068	898.02655
386.03281	894.78461
386.0849	890.03033
386.13702	892.48059
386.18912	893.66797
386.24121	894.72095
386.29333	895.30475
386.34543	898.01093
386.39755	894.94208
386.44965	892.53857
386.50177	896.19751
386.55386	899.90399
386.60596	902.38672
386.65808	899.79828
386.71017	896.86597
386.7623	895.7962
386.81439	896.71692
386.86649	897.41473
386.91861	891.60669
386.9707	891.34381
387.02283	897.30328
387.07492	898.30762
387.12701	893.02728
387.17914	890.93701
387.23123	896.03662
387.28336	898.94586
387.33545	897.28497
387.38757	894.09137
387.43967	895.92773
387.49176	899.46558
387.54388	895.05072
387.59598	896.57764
387.6481	896.47064
387.7002	898.19336
387.75229	904.73706
387.80441	894.14642
387.85651	895.16608
387.90863	898.14496
387.96072	896.10974
388.01285	899.28363
388.06494	893.47778
388.11703	897.82904
388.16916	900.39368
388.22125	891.6709
388.27338	894.1936
388.32547	897.96442
388.37756	895.55072
388.42969	897.52008
388.48178	895.05762
388.53391	893.07367
388.586	892.05487
388.63812	892.48029
388.69022	899.94116
388.74231	891.80127
388.79443	889.19507
388.84653	893.43512
388.89865	899.23785
388.95074	900.41846
389.00284	897.09796
389.05496	898.97998
389.10706	893.33276
389.15918	895.19714
389.21127	894.78345
389.2634	893.30072
389.31549	891.81757
389.36758	895.58887
389.41971	892.16669
389.4718	889.0069
389.52393	896.25745
389.57602	894.57397
389.62811	894.83209
389.68024	892.9317
389.73233	897.00116
389.78445	897.04828
389.83655	892.29242
389.88867	891.3468
389.94077	894.02325
389.99286	898.93854
390.04498	897.97815
390.09708	896.25183
390.1492	898.82074
390.20129	901.73688
390.25339	899.26898
390.30551	894.88782
390.3576	892.91162
390.40973	895.71661
390.46182	896.17224
390.51395	891.6593
390.56604	892.69385
390.61813	893.9538
390.67026	892.55328
390.72235	891.56958
390.77448	895.89496
390.82657	901.06805
390.87866	896.36407
390.93079	892.88635
390.98288	895.84265
391.035	901.64685
391.0871	903.64075
391.13919	890.64514
391.19131	894.94434
391.24341	898.09906
391.29553	897.83734
391.34763	895.30121
391.39975	897.49274
391.45184	899.61426
391.50394	897.84204
391.55606	894.27087
391.60815	896.05933
391.66028	895.43011
391.71237	897.66858
391.76447	891.05933
391.81659	893.2605
391.86868	896.54065
391.92081	894.6026
391.9729	897.37469
392.02502	892.56451
392.07712	896.75726
392.12921	896.10077
392.18134	891.33069
392.23343	893.82831
392.28555	900.23999
392.33765	894.86267
392.38974	889.91565
392.44186	890.71338
392.49396	898.29303
392.54608	900.60913
392.59818	899.37274
392.6503	893.82452
392.70239	896.35382
392.75449	898.92798
392.80661	894.91614
392.8587	894.22986
392.91083	891.29742
392.96292	892.78223
393.01501	890.38232
393.06714	892.10883
393.11923	895.06628
393.17136	899.56665
393.22345	897.29285
393.27557	895.0849
393.32767	895.79651
393.37976	900.50763
393.43188	896.89978
393.48398	898.15149
393.5361	895.94775
393.5882	894.84814
393.64029	891.58453
393.69241	891.2757
393.74451	893.42596
393.79663	895.08923
393.84872	891.15552
393.90085	889.04321
393.95294	896.27106
394.00504	900.02942
394.05716	895.30383
394.10925	892.41547
394.16138	897.09314
394.21347	899.09882
394.26556	893.40692
394.31769	891.57062
394.36978	897.16626
394.42191	898.37408
394.474	894.45471
394.52612	892.75439
394.57822	892.87567
394.63031	896.64832
394.68243	897.83612
394.73453	896.05841
394.78665	894.84137
394.83875	891.69867
394.89084	894.0871
394.94296	891.76776
394.99506	892.06683
395.04718	899.15192
395.09927	897.96039
395.15137	893.75818
395.20349	894.9729
395.25558	902.45135
395.30771	897.4801
395.3598	893.09094
395.41193	892.38763
395.46402	896.53339
395.51611	898.51379
395.56824	895.42889
395.62033	894.06458
395.67245	899.83398
395.72455	898.9267
395.77664	896.02118
395.82877	893.77496
395.88086	896.00385
395.93298	895.04205
395.98508	893.72028
396.0372	894.02399
396.08929	898.42938
396.14139	899.09857
396.19351	893.06042
396.24561	891.98969
396.29773	895.95459
396.34982	898.79346
396.40192	892.24268
396.45404	893.80884
396.50613	896.77032
396.55826	895.14673
396.61035	894.41205
396.66248	894.23883
396.71457	895.16461
396.76666	898.14069
396.81879	894.68848
396.87088	893.51062
396.923	899.03064
396.9751	897.16052
397.02719	894.92102
397.07932	892.58191
397.13141	896.47406
397.18353	893.05927
397.23563	894.867
397.28775	897.68457
397.33984	898.25586
397.39194	898.65338
397.44406	895.04462
397.49615	891.71149
397.54828	894.15228
397.60037	895.31934
397.65247	896.30469
397.70459	895.92554
397.75668	895.69928
397.80881	895.40967
397.8609	892.08661
397.91302	891.48199
397.96512	893.12433
398.01721	896.42328
398.06934	894.26111
398.12143	893.90259
398.17355	896.86133
398.22565	898.63837
398.27774	893.69696
398.32986	894.49921
398.38196	897.61554
398.43408	896.24396
398.48618	894.47198
398.5383	895.76477
398.59039	895.47418
398.64249	895.57703
398.69461	896.50842
398.7467	897.32446
398.79883	897.11267
398.85092	894.62634
398.90302	895.8562
398.95514	895.83124
399.00723	897.04749
399.05936	897.84607
399.11145	896.31549
399.16354	896.19513
399.21567	899.1037
399.26776	896.61023
399.31989	894.8042
399.37198	893.20392
399.4241	896.53967
399.4762	897.80017
399.52829	895.96228
399.58041	894.59064
399.63251	897.49738
399.68463	896.31689
399.73672	901.55402
399.78882	896.13257
399.84094	896.34674
399.89304	896.55487
399.94516	896.66705
399.99725	894.93298
400.04938	895.08429
400.10147	896.64032
400.15356	892.96906
400.20569	893.93286
400.25778	894.4599
400.30991	896.9068
400.362	896.41113
400.41409	894.45569
400.46622	893.91998
400.51831	893.89545
400.57043	899.45142
400.62253	895.78809
400.67465	900.31293
400.72675	896.03894
400.77884	897.9729
400.83096	893.27942
400.88306	896.95905
400.93518	902.78076
400.98727	899.84863
401.03937	896.49805
401.09149	896.63135
401.14359	898.37006
401.19571	896.255
401.2478	896.07501
401.29993	892.7915
401.35202	895.16705
401.40411	892.07794
401.45624	893.8241
401.50833	899.07928
401.56046	897.65814
401.61255	894.89722
401.66464	896.13245
401.71677	895.55334
401.76886	894.88879
401.82098	893.91705
401.87308	896.60773
401.9252	895.58643
401.97729	896.41052
402.02939	897.81848
402.08151	895.75818
402.13361	898.65625
402.18573	898.5351
402.23782	896.22107
402.28992	897.41309
402.34204	896.04956
402.39413	893.94537
402.44626	896.52136
402.49835	896.87
402.55045	895.78229
402.60257	895.77435
402.65466	894.54358
402.70679	895.50897
402.75888	894.17712
402.811	894.30908
402.8631	893.01117
402.91519	896.98016
402.96732	897.62732
403.01941	896.09283
403.07153	891.82837
403.12363	892.13995
403.17572	892.86157
403.22784	898.28088
403.27994	895.58655
403.33206	895.0661
403.38416	897.66132
403.43628	896.81812
403.48837	893.02728
403.54047	896.77673
403.59259	889.82294
403.64468	892.6955
403.69681	892.70343
403.7489	893.68481
403.80099	892.21356
403.85312	895.56281
403.90521	899.48315
403.95734	898.73969
404.00943	890.84357
404.06155	895.15027
404.11365	898.78363
404.16574	897.41083
404.21786	897.15881
404.26996	899.27057
404.32208	896.74432
404.37418	897.78064
404.42627	898.54578
404.47839	897.85632
404.53049	893.78357
404.58261	893.01337
404.6347	897.57794
404.68683	894.77161
404.73892	895.9696
404.79102	895.72992
404.84314	893.75629
404.89523	894.44794
404.94736	898.0426
404.99945	896.42645
405.05154	895.53802
405.10367	894.58563
405.15576	892.41571
405.20789	892.74921
405.25998	893.87317
405.3121	896.55029
405.3642	896.72363
405.41629	895.08215
405.46841	894.82764
405.52051	895.55084
405.57263	893.49823
405.62473	892.58728
405.67682	893.35138
405.72894	893.98651
405.78104	900.4187
405.83316	901.66064
405.88525	900.12781
405.93738	900.86438
405.98947	898.95142
406.04156	895.02374
406.09369	894.66235
406.14578	899.8952
406.19791	901.966
406.25	895.62671
406.30209	892.55682
406.35422	894.14764
406.40631	895.46344
406.45844	898.95831
406.51053	899.99567
406.56262	897.24158
406.61475	894.53674
406.66684	896.67755
406.71896	894.26117
406.77106	891.0578
406.82318	898.16931
406.87527	898.86584
406.92737	893.7973
406.97949	897.01941
407.03159	897.50867
407.08371	897.86365
407.1358	895.57733
407.1879	898.93719
407.24002	896.95746
407.29211	889.56488
407.34424	888.4873
407.39633	893.71783
407.44846	893.95215
407.50055	901.37152
407.55264	896.92377
407.60477	899.58813
407.65686	895.07623
407.70898	889.21948
407.76108	889.71405
407.81317	890.34906
407.8653	897.44354
407.91739	901.35486
407.96951	896.74121
408.02161	891.50586
408.07373	898.8559
408.12582	897.64404
408.17792	895.66736
408.23004	897.57391
408.28214	898.75354
408.33426	899.59045
408.38635	898.87177
408.43845	895.0592
408.49057	896.64246
408.54266	894.87885
408.59479	896.92468
408.64688	895.42352
408.69901	894.94946
408.7511	896.07935
408.80319	898.97046
408.85532	901.08722
408.90741	897.10992
408.95953	894.11615
409.01163	895.36609
409.06372	896.84137
409.11584	896.62866
409.16794	897.00098
409.22006	898.11444
409.27216	896.31384
409.32428	896.85443
409.37637	898.70569
409.42847	894.9549
409.48059	892.63354
409.53268	893.95258
409.58481	895.94446
409.6369	894.31226
409.689	895.10864
409.74112	897.1109
409.79321	897.36554
409.84534	896.57593
409.89743	897.16431
409.94955	897.53748
410.00165	898.26953
410.05374	894.49329
410.10587	899.09033
410.15796	900.08777
410.21008	898.30212
410.26218	893.77228
410.31427	893.69476
410.36639	893.39954
410.41849	894.74078
410.47061	898.62793
410.52271	901.43634
410.5748	898.32922
410.62692	898.90326
410.67902	893.81866
410.73114	895.2251
410.78323	894.75922
410.83536	895.76001
410.88745	899.69983
410.93954	898.26239
410.99167	897.74396
411.04376	895.82373
411.09589	894.31635
411.14798	897.43884
411.20007	896.35229
411.2522	895.31641
411.30429	893.00995
411.35641	896.59308
411.40851	895.92322
411.46063	897.36823
411.51273	893.17053
411.56482	897.03662
411.61694	896.20129
411.66904	899.97235
411.72116	900.41302
411.77325	895.28937
411.82535	896.25378
411.87747	897.89233
411.92957	893.9082
411.98169	892.85785
412.03378	896.22504
412.08591	896.65485
412.138	895.49902
412.19009	895.14899
412.24222	893.58282
412.29431	896.31012
412.34644	895.05505
412.39853	894.67657
412.45062	898.40948
412.50275	900.12903
412.55484	899.04285
412.60696	897.85858
412.65906	896.59241
412.71118	896.11511
412.76328	894.91309
412.81537	894.52374
412.86749	895.64795
412.91959	895.32416
412.97171	894.52435
413.0238	893.92755
413.0759	899.5152
413.12802	901.81989
413.18011	896.39557
413.23224	897.50159
413.28433	894.71301
413.33646	894.40552
413.38855	896.11646
413.44064	895.43988
413.49277	898.7113
413.54486	898.508
413.59698	896.40112
413.64908	895.1795
413.70117	896.81659
413.7533	896.82507
413.80539	899.23346
413.85751	898.13959
413.90961	897.54761
413.9617	893.36908
414.01382	894.2677
414.06592	890.65381
414.11804	894.90131
414.17014	897.29926
414.22226	895.7149
414.27435	898.22742
414.32645	904.96069
414.37857	891.31976
414.43066	896.69867
414.48279	900.87091
414.53488	896.49908
414.58698	896.5014
414.6391	900.4436
414.69119	896.59241
414.74332	893.1239
414.79541	897.71698
414.84753	900.31226
414.89963	898.17657
414.95172	896.16034
415.00385	896.86139
415.05594	895.64752
415.10806	898.9231
415.16016	898.18182
415.21225	895.86108
415.26437	892.56732
415.31647	898.43445
415.36859	896.75757
415.42068	897.11755
415.47281	898.20886
415.5249	894.27679
415.577	894.0462
415.62912	900.62482
415.68121	900.06464
415.73334	898.57166
415.78543	895.32288
415.83752	893.24097
415.88965	897.54205
415.94174	897.96588
415.99387	897.85699
416.04596	896.85114
416.09808	893.77509
416.15018	897.44128
416.20227	899.73218
416.25439	898.03925
416.30649	895.45044
416.35861	894.69196
416.41071	897.74738
416.4628	898.08148
416.51492	894.62488
416.56702	893.84106
416.61914	896.51904
416.67123	897.90344
416.72336	897.13629
416.77545	897.50391
416.82755	896.88708
416.87967	895.25458
416.93176	893.10339
416.98389	891.11261
417.03598	896.29956
417.08807	897.60498
417.1402	896.00922
417.19229	896.84167
417.24442	895.82581
417.29651	896.2699
417.34863	898.31696
417.40073	899.86523
417.45282	896.66644
417.50494	895.91132
417.55704	898.95819
417.60916	897.36603
417.66125	895.79913
417.71335	895.89148
417.76547	896.47095
417.81757	897.28912
417.86969	896.75452
417.92178	894.12933
417.97388	896.02802
418.026	894.55597
418.07809	896.77246
418.13022	897.15576
418.18231	900.72339
418.23444	893.64398
418.28653	891.78223
418.33862	892.5979
418.39075	902.61584
418.44284	895.75562
418.49496	896.73926
418.54706	897.72235
418.59915	897.7392
418.65128	894.39801
418.70337	896.58405
418.75549	898.12048
418.80759	894.56781
418.85971	891.97015
418.9118	890.38739
418.9639	901.58783
419.01602	897.18054
419.06812	897.90656
419.12024	896.53467
419.17233	899.08148
419.22443	895.65173
419.27655	899.07629
419.32864	901.36755
419.38077	902.07434
419.43286	896.12762
419.48499	892.32196
419.53708	890.21686
419.58917	892.54828
419.6413	894.73016
419.69339	897.59125
419.74551	896.28955
419.79761	896.82733
419.8497	893.74213
419.90182	893.57532
419.95392	897.47284
420.00604	898.84222
420.05814	895.63989
420.11026	895.70111
420.16235	897.4267
420.21445	897.07385
420.26657	897.73053
420.31866	897.55682
420.37079	897.93457
420.42288	896.57062
420.47498	893.62195
420.5271	894.32733
420.57919	895.14075
420.63132	897.13239
420.68341	898.10022
420.73553	895.81897
420.78763	898.62024
420.83972	903.31726
420.89185	900.164
420.94394	894.68793
420.99606	897.53278
421.04816	894.98035
421.10025	894.65179
421.15237	898.91559
421.20447	895.66779
421.25659	892.48297
421.30869	895.14978
421.36081	897.39972
421.4129	898.62689
421.465	895.67572
421.51712	896.72046
421.56921	903.4353
421.62134	901.75391
421.67343	896.63782
421.72552	895.41895
421.77765	897.30121
421.82974	898.12183
421.88187	897.99628
421.93396	907.70715
421.98605	899.20691
422.03818	897.18921
422.09027	898.36475
422.1424	896.79193
422.19449	894.92316
422.24661	899.81769
422.29871	897.00262
422.3508	896.86896
422.40292	893.59485
422.45502	897.4129
422.50714	890.99078
422.55923	890.98602
422.61133	894.3924
422.66345	896.40277
422.71555	890.7804
422.76767	894.21753
422.81976	901.85901
422.87189	899.7323
422.92398	899.91199
422.97607	900.40234
423.0282	898.70837
423.08029	897.59137
423.13242	893.6297
423.18451	901.30438
423.2366	898.41467
423.28873	898.25012
423.34082	898.83514
423.39294	897.75391
423.44504	894.72266
423.49716	898.1106
423.54926	899.79681
423.60135	896.60785
423.65347	894.69257
423.70557	893.70172
423.75769	895.50458
423.80978	900.86462
423.86188	897.51184
423.914	894.23779
423.96609	890.97516
424.01822	894.80359
424.07031	897.26526
424.12244	894.43951
424.17453	894.97961
424.22662	896.37933
424.27875	897.23816
424.33084	895.90479
424.38297	894.64423
424.43506	895.1347
424.48715	894.31244
424.53928	897.20618
424.59137	898.1037
424.64349	894.62073
424.69559	894.32501
424.74771	895.30957
424.7998	896.2937
424.8519	899.03351
424.90402	897.56934
424.95612	892.24689
425.00824	894.23621
425.06033	895.15668
425.11243	893.51147
425.16455	894.73285
425.21664	896.31598
425.26877	896.65338
425.32086	896.98077
425.37299	895.67352
425.42508	895.36725
425.47717	897.79938
425.5293	898.35559
425.58139	899.25781
425.63351	897.66168
425.68561	896.55701
425.7377	894.86017
425.78983	894.92102
425.84192	889.82642
425.89404	895.77271
425.94614	895.40472
425.99823	894.87305
426.05035	899.71002
426.10245	896.46741
426.15457	894.89008
426.20667	895.69189
426.25879	895.35913
426.31088	896.53943
426.36298	899.11395
426.4151	897.55597
426.46719	895.38971
426.51932	897.58411
426.57141	894.84222
426.6235	897.73865
426.67563	898.21613
426.72772	897.71747
426.77985	896.23187
426.83194	895.724
426.88406	894.2619
426.93616	898.9715
426.98825	917.55548
427.04037	898.7204
427.09247	898.11346
427.14459	898.64545
427.19669	899.58282
427.24878	897.04132
427.3009	896.68274
427.353	892.8194
427.40512	897.25122
427.45721	899.84064
427.50934	899.34741
427.56143	897.54584
427.61353	899.15833
427.66565	894.94153
427.71774	899.46405
427.76987	898.10284
427.82196	896.77411
427.87405	898.4928
427.92618	898.41602
427.97827	895.99493
428.0304	897.59631
428.08249	898.28705
428.13461	902.5473
428.18671	901.95496
428.2388	897.34344
428.29092	896.26343
428.34302	892.82178
428.39514	894.95758
428.44724	897.60944
428.49933	898.7998
428.55145	896.09106
428.60355	899.33569
428.65567	896.29395
428.70776	893.34338
428.75989	898.82019
428.81198	898.68994
428.86407	897.37012
428.9162	897.57288
428.96829	896.82184
429.02042	895.87341
429.07251	895.5058
429.1246	897.02258
429.17673	896.22797
429.22882	894.99268
429.28094	895.97772
429.33304	897.37274
429.38513	897.15503
429.43726	896.59302
429.48935	898.10486
429.54147	895.08569
429.59357	893.06403
429.64569	894.03284
429.69778	894.85107
429.74988	895.09985
429.802	893.09241
429.8541	896.6958
429.90622	899.37494
429.95831	898.87738
430.01041	898.6391
430.06253	899.00623
430.11462	900.30231
430.16675	902.36688
430.21884	896.27509
430.27097	899.78198
430.32306	895.37018
430.37515	896.4505
430.42728	894.90234
430.47937	899.0119
430.53149	896.7652
430.58359	898.47284
430.63568	898.40894
430.68781	898.29602
430.7399	901.01221
430.79202	901.54669
430.84412	902.03882
430.89624	896.46863
430.94833	889.74207
431.00043	894.94617
431.05255	894.9729
431.10464	896.00464
431.15677	899.42523
431.20886	897.93896
431.26096	892.02197
431.31308	893.87274
431.36517	899.21344
431.4173	900.8454
431.46939	889.64526
431.52151	895.40808
431.57361	896.3678
431.6257	893.68903
431.67783	892.95557
431.72992	895.10736
431.78204	898.44745
431.83414	896.74176
431.88623	895.11591
431.93835	891.53516
431.99045	895.84143
432.04257	895.24841
432.09467	896.0827
432.14679	893.59735
432.19888	898.73181
432.25098	896.89777
432.3031	898.52124
432.35519	898.98547
432.40732	897.38251
432.45941	895.76392
432.51151	896.77911
432.56363	897.69788
432.61572	896.8042
432.66785	897.36151
432.71994	896.16132
432.77206	897.30994
432.82416	898.32953
432.87625	893.86792
432.92838	891.94873
432.98047	895.39355
433.03259	895.20343
433.08469	894.40558
433.13678	898.00818
433.1889	898.02393
433.241	895.1839
433.29312	892.92853
433.34521	892.60229
433.39731	893.29291
433.44943	897.92694
433.50153	899.76514
433.55365	895.80347
433.60574	895.48486
433.65787	896.77625
433.70996	896.08246
433.76205	895.49414
433.81418	894.88934
433.86627	896.54132
433.9184	898.1778
433.97049	897.28412
434.02258	898.87103
434.07471	896.17389
434.1268	895.8053
434.17892	895.29523
434.23102	893.44196
434.28314	894.05591
434.33524	893.06195
434.38733	893.72961
434.43945	893.88
434.49155	896.44849
434.54367	901.86261
434.59576	901.11542
434.64786	896.62726
434.69998	891.5769
434.75208	890.55444
434.8042	893.203
434.85629	893.19965
434.90842	894.45642
434.96051	897.59888
435.0126	891.94354
435.06473	895.63055
435.11682	898.10028
435.16895	900.33582
435.22104	900.59467
435.27313	897.64429
435.32526	899.61664
435.37735	892.50586
435.42947	895.57471
435.48157	898.9292
435.53369	896.33075
435.58578	892.93549
435.63788	896.58972
435.69	895.79352
435.7421	898.4704
435.79422	894.16779
435.84631	895.2666
435.89841	902.60657
435.95053	898.64636
436.00262	900.1048
436.05475	894.27368
436.10684	894.11963
436.15897	892.20856
436.21106	894.47089
436.26315	897.87299
436.31528	898.56744
436.36737	900.42584
436.41949	896.54669
436.47159	905.44574
436.52368	899.99518
436.57581	899.08966
436.6279	896.51025
436.68002	893.96301
436.73212	900.28131
436.78424	897.44116
436.83633	893.71442
436.88843	896.69702
436.94055	896.37274
436.99265	895.27795
437.04477	896.22192
437.09686	895.79175
437.14896	895.17596
437.20108	896.16516
437.25317	899.47839
437.3053	899.09766
437.35739	897.47095
437.40948	897.38727
437.46161	892.34662
437.5137	891.39233
437.56583	893.03253
437.61792	895.83429
437.67004	898.64508
437.72214	897.91736
437.77423	894.18164
437.82635	896.22369
437.87845	896.07117
437.93057	897.49603
437.98267	898.91156
438.03476	894.164
438.08688	895.24884
438.13898	897.37524
438.1911	896.48645
438.24319	897.82532
438.29532	896.60974
438.34741	894.21826
438.39951	891.69733
438.45163	891.69946
438.50372	894.93701
438.55585	896.20062
438.60794	894.59991
438.66003	895.86682
438.71216	900.61987
438.76425	896.67181
438.81638	892.14307
438.86847	894.02911
438.92059	894.65179
438.97269	898.80133
439.02478	901.47308
439.0769	900.11664
439.129	897.69958
439.18112	893.45319
439.23322	894.59125
439.28531	894.58319
439.33743	894.07477
439.38953	892.84381
439.44165	891.52728
439.49374	897.72058
439.54587	900.7583
439.59796	900.53296
439.65005	899.57916
439.70218	897.15271
439.75427	901.85663
439.8064	904.06824
439.85849	899.599
439.91058	894.33276
439.96271	897.06195
440.0148	893.96613
440.06693	894.27496
440.11902	894.29504
440.17114	896.27838
440.22324	895.24457
440.27533	892.85309
440.32745	899.04956
440.37955	899.42346
440.43167	893.57996
440.48376	899.39148
440.53586	899.50891
440.58798	896.33319
440.64008	896.21918
440.6922	894.82648
440.74429	894.90399
440.79639	896.36401
440.84851	897.2309
440.9006	894.80078
440.95273	894.25018
441.00482	890.33942
441.05695	897.26886
441.10904	894.836
441.16113	892.84589
441.21326	893.75873
441.26535	894.74579
441.31747	892.89471
441.36957	901.67706
441.42166	902.27972
441.47379	894.94067
441.52588	902.89288
441.578	895.69495
441.6301	894.32269
441.68222	897.33582
441.73431	897.32562
441.78641	897.68579
441.83853	897.32861
441.89063	897.66956
441.94275	899.40607
441.99484	896.46234
442.04694	896.95496
442.09906	899.23737
442.15115	895.77936
442.20328	897.07318
442.25537	893.48315
442.3075	893.7478
442.35959	897.2312
442.41168	898.58813
442.46381	897.61273
442.5159	895.03778
442.56802	893.13495
442.62012	894.46509
442.67221	891.37659
442.72433	889.69653
442.77643	890.70703
442.82855	894.85651
442.88065	900.9585
442.93277	896.70697
442.98486	894.77478
443.03696	893.79028
443.08908	897.31812
443.14117	897.12115
443.1933	894.26636
443.24539	891.59528
443.29749	892.77631
443.34961	894.65656
443.4017	896.62201
443.45383	899.25616
443.50592	900.41827
443.55804	898.77338
443.61014	898.44885
443.66223	897.48212
443.71436	896.90302
443.76645	897.24298
443.81857	897.68176
443.87067	897.25464
443.92276	892.3075
443.97488	890.67023
444.02698	894.38226
444.0791	895.41791
444.1312	892.4729
444.18332	894.95947
444.23541	896.03491
444.28751	893.90155
444.33963	895.14612
444.39172	895.33893
444.44385	895.3396
444.49594	897.43201
444.54803	896.94116
444.60016	895.4823
444.65225	897.12817
444.70438	895.05231
444.75647	895.33142
444.80856	894.92334
444.86069	893.94012
444.91278	894.93463
444.9649	896.80768
445.017	897.64691
445.06912	897.60339
445.12122	899.58307
445.17331	896.62213
445.22543	897.81427
445.27753	897.29102
445.32965	897.53375
445.38174	901.8429
445.43384	898.01715
445.48596	896.3208
445.53806	898.11377
445.59018	897.71075
445.64227	895.0545
445.6944	896.87598
445.74649	896.02875
445.79858	897.14374
445.85071	898.30786
445.9028	893.34705
445.95493	896.29083
446.00702	897.70276
446.05911	899.0705
446.11124	897.96777
446.16333	893.13245
446.21545	897.07605
446.26755	895.78027
446.31967	893.99237
446.37177	897.65576
446.42386	895.61853
446.47598	894.70544
446.52808	896.52307
446.5802	896.81256
446.63229	893.54407
446.68439	894.62909
446.73651	895.63281
446.7886	894.86115
446.84073	896.25574
446.89282	895.57544
446.94495	898.76801
446.99704	896.69257
447.04913	895.0321
447.10126	897.995
447.15335	897.76483
447.20547	895.52545
447.25757	894.54279
447.30966	895.7923
447.36179	898.10699
447.41388	894.6178
447.466	894.81421
447.5181	894.383
447.57022	894.98621
447.62231	892.95953
447.67441	896.4649
447.72653	896.55737
447.77863	900.24573
447.83075	902.76282
447.88284	896.81665
447.93494	897.5426
447.98706	898.22076
448.03915	896.73114
448.09128	898.9234
448.14337	901.90527
448.1955	898.80817
448.24759	895.97675
448.29968	894.62665
448.35181	896.67474
448.4039	905.59515
448.45602	898.83093
448.50812	894.04456
448.56021	893.96503
448.61234	894.78119
448.66443	894.89746
448.71655	898.53278
448.76865	893.60034
448.82074	893.20728
448.87286	895.66095
448.92496	895.32599
448.97708	894.52936
449.02917	897.07422
449.0813	896.37604
449.13339	894.38654
449.18549	893.86066
449.23761	894.7984
449.2897	895.96942
449.34183	896.95404
449.39392	898.23438
449.44601	899.13422
449.49814	898.49207
449.55023	899.77954
449.60236	897.53912
449.65445	894.33221
449.70657	895.36505
449.75867	898.09607
449.81076	895.87207
449.86288	894.47021
449.91498	898.72565
449.9671	899.16949
450.0192	896.91888
450.07129	897.10803
450.12341	897.32837
450.17551	896.52844
450.22763	895.71454
450.27972	893.33612
450.33185	898.21783
450.38394	899.94104
450.43604	894.38812
450.48816	893.29913
450.54025	895.95313
450.59238	896.84235
450.64447	899.51837
450.69656	897.33478
450.74869	895.29596
450.80078	895.28186
450.85291	899.72681
450.905	894.30792
450.95712	899.95013
451.00922	896.92371
451.06131	895.33557
451.11343	893.84052
451.16553	894.33136
451.21765	894.90723
451.26974	896.04999
451.32184	898.09619
451.37396	899.82538
451.42606	896.91901
451.47818	894.66626
451.53027	894.31671
451.5824	895.47473
451.63449	897.91132
451.68658	893.92413
451.73871	890.065
451.7908	896.54486
451.84293	892.96088
451.89502	902.11823
451.94711	897.17639
451.99924	892.72418
452.05133	894.15729
452.10345	898.05768
452.15555	900.57184
452.20767	895.95367
452.25977	894.27399
452.31186	896.47449
452.36398	895.758
452.41608	901.05023
452.4682	895.45758
452.52029	893.78381
452.57239	891.49884
452.62451	889.87524
452.67661	895.94293
452.72873	900.86835
452.78082	897.15503
452.83292	896.54114
452.88504	898.2204
452.93713	896.29077
452.98926	896.01416
453.04135	894.99042
453.09348	893.13208
453.14557	894.45465
453.19766	890.42236
453.24979	895.71893
453.30188	894.0672
453.354	894.51288
453.4061	898.98309
453.45819	894.625
453.51031	896.4917
453.56241	896.85211
453.61453	894.01862
453.66663	893.08856
453.71875	894.29779
453.77084	893.89294
453.82294	897.15961
453.87506	898.93304
453.92715	898.35278
453.97928	899.66632
454.03137	901.90826
454.08347	902.80072
454.13559	901.78986
454.18768	900.30365
454.23981	895.38403
454.2919	893.20569
454.34402	895.07977
454.39612	895.91296
454.44821	897.54102
454.50034	897.75433
454.55243	899.29962
454.60455	898.15955
454.65665	894.42719
454.70874	894.05762
454.76086	893.83704
454.81296	896.20111
454.86508	895.80975
454.91718	895.70844
454.9693	897.51428
455.02139	894.59583
455.07349	891.88495
455.12561	896.92218
455.1777	899.36383
455.22983	894.94928
455.28192	896.31268
455.33401	892.48651
455.38614	892.77679
455.43823	898.25323
455.49036	895.53058
455.54245	890.3197
455.59457	896.89044
455.64667	895.65332
455.69876	900.70862
455.75089	898.74353
455.80298	895.70026
455.8551	899.27075
455.9072	894.70111
455.95929	893.29211
456.01141	896.20349
456.06351	897.80176
456.11563	891.92169
456.16772	897.3324
456.21982	896.0788
456.27194	898.45367
456.32404	898.73193
456.37616	893.39978
456.42825	892.44641
456.48038	894.4278
456.53247	899.36798
456.58456	895.00415
456.63669	896.84412
456.68878	900.25531
456.74091	896.6181
456.793	903.40802
456.84509	899.74084
456.89722	895.28632
456.94931	898.94421
457.00143	897.60632
457.05353	896.06433
457.10565	896.31354
457.15775	896.37646
457.20984	895.95056
457.26196	895.87012
457.31406	895.04364
457.36618	899.73676
457.41827	896.05298
457.47037	896.43762
457.52249	896.07562
457.57458	898.53851
457.62671	898.59137
457.6788	894.9892
457.73093	897.88141
457.78302	896.08234
457.83511	897.32874
457.88724	898.33215
457.93933	898.67432
457.99146	897.12695
458.04355	892.97968
458.09564	895.92157
458.14777	894.43744
458.19986	891.67792
458.25198	896.30493
458.30408	893.17084
458.3562	894.42474
458.40829	897.20898
458.46039	896.79736
458.51251	897.07898
458.56461	896.73242
458.61673	896.56177
458.66882	897.59027
458.72092	895.65149
458.77304	893.02081
458.82513	895.80029
458.87726	897.04504
458.92935	895.99243
458.98148	896.29437
459.03357	894.61108
459.08566	894.38379
459.13779	898.82916
459.18988	901.04004
459.242	897.49823
459.2941	895.3407
459.34619	894.94122
459.39832	896.20178
459.45041	898.4848
459.50253	898.82642
459.55463	897.75934
459.60675	898.04462
459.65884	895.73224
459.71094	895.32123
459.76306	897.0174
459.81516	894.55804
459.86728	898.57495
459.91937	900.98553
459.97147	900.77399
460.02359	899.47925
460.07568	901.60919
460.12781	896.81287
460.1799	896.74677
460.23199	895.40198
460.28412	896.38812
460.33621	896.7049
460.38834	894.0481
460.44043	892.62054
460.49255	899.51483
460.54465	898.29993
460.59674	897.81879
460.64886	906.50909
460.70096	896.0354
460.75308	902.23492
460.80518	898.32233
460.85727	895.27814
460.90939	897.05597
460.96149	901.76556
461.01361	896.43127
461.0657	901.44849
461.11783	897.00952
461.16992	893.08069
461.22202	890.69867
461.27414	897.12549
461.32623	894.65057
461.37836	892.17291
461.43045	895.02136
461.48254	897.50861
461.53467	892.40118
461.58676	893.51202
461.63889	897.30896
461.69098	897.60114
461.7431	896.69263
461.7952	896.59473
461.84729	895.26526
461.89941	897.70911
461.95151	895.92706
462.00363	899.84503
462.05573	897.63086
462.10782	896.65985
462.15994	896.16193
462.21204	896.88062
462.26416	898.6673
462.31625	900.64343
462.36838	896.38263
462.42047	899.2876
462.47256	898.65601
462.52469	894.68262
462.57678	896.13055
462.62891	900.31946
462.681	900.10651
462.73309	900.24469
462.78522	894.26422
462.83731	897.3667
462.88943	897.66248
462.94153	894.86133
462.99365	894.02197
463.04575	894.98645
463.09784	895.19824
463.14996	899.06964
463.20206	900.58838
463.25418	896.98712
463.30627	895.89331
463.35837	897.66669
463.41049	895.91711
463.46259	894.55621
463.51471	897.75159
463.5668	899.44513
463.61893	897.38837
463.67102	896.5025
463.72311	896.21039
463.77524	896.22638
463.82733	896.97131
463.87946	896.96814
463.93155	893.6701
463.98364	895.71808
464.03577	902.68384
464.08786	904.05573
464.13998	900.29327
464.19208	895.75757
464.24417	899.56049
464.2963	898.84308
464.34839	897.80365
464.40051	898.22858
464.45261	895.24854
464.50473	894.39142
464.55682	895.17175
464.60892	896.72906
464.66104	892.927
464.71313	892.7149
464.76526	894.56873
464.81735	895.95612
464.86945	897.97516
464.92157	897.46234
464.97366	898.09595
465.02579	896.80334
465.07788	898.40033
465.13	894.91504
465.1821	895.21698
465.23419	901.16705
465.28632	900.27844
465.33841	898.68866
465.39053	894.72571
465.44263	897.92682
465.49472	895.44885
465.54684	894.08118
465.59894	898.16089
465.65106	899.86053
465.70316	899.53534
465.75528	897.71155
465.80737	899.86053
465.85947	896.14581
465.91159	898.04205
465.96368	890.04034
466.01581	893.13599
466.0679	903.26807
466.12	894.40631
466.17212	895.86877
466.22421	896.81085
466.27634	896.37274
466.32843	898.7879
466.38055	895.81683
466.43265	898.28961
466.48474	894.38794
466.53687	898.19
466.58896	895.4198
466.64108	894.34882
466.69318	901.82874
466.74527	899.9646
466.79739	894.25793
466.84949	894.69971
466.90161	895.68689
466.9537	893.54962
467.00583	899.90143
467.05792	898.59131
467.11002	897.40851
467.16214	898.12238
467.21423	901.21979
467.26636	898.42462
467.31845	900.23364
467.37054	893.8269
467.42267	896.28076
467.47476	896.45422
467.52689	895.46075
467.57898	897.95978
467.63107	895.67419
467.6832	897.38611
467.73529	895.61847
467.78741	898.05017
467.83951	904.68787
467.89163	904.56921
467.94373	896.98779
467.99582	897.36432
468.04794	895.26709
468.10004	896.43152
468.15216	898.0437
468.20425	897.21387
468.25635	898.00555
468.30847	899.02008
468.36057	897.29871
468.41269	893.3902
468.46478	895.67517
468.51691	899.09174
468.569	899.08893
468.62109	900.43469
468.67322	897.07477
468.72531	897.91608
468.77744	898.11072
468.82953	897.30847
468.88162	897.32086
468.93375	900.11914
468.98584	900.28815
469.03796	897.66388
469.09006	896.15375
469.14218	897.33429
469.19427	900.40485
469.24637	898.02173
469.29849	895.40802
469.35059	896.26709
469.40271	896.30304
469.4548	895.28021
469.5069	896.76263
469.55902	896.79333
469.61111	894.40314
469.66324	895.58826
469.71533	897.79199
469.76746	894.86554
469.81955	896.2915
469.87164	897.68079
469.92377	898.37732
469.97586	897.96887
470.02798	899.27661
470.08008	895.87915
470.13217	899.99445
470.1843	901.11401
470.23639	897.90411
470.28851	899.22784
470.34061	893.74896
470.39273	891.1734
470.44482	890.96893
470.49692	895.30109
470.54904	899.96704
470.60114	897.02783
470.65326	895.31891
470.70535	901.13123
470.75745	898.54224
470.80957	895.79883
470.86166	900.95221
470.91379	900.54089
470.96588	899.71338
471.01801	895.45667
471.0701	895.47168
471.12219	898.37244
471.17432	900.20325
471.22641	898.08167
471.27853	898.46344
471.33063	898.31836
471.38272	900.96637
471.43484	900.09479
471.48694	895.43213
471.53906	894.7619
471.59116	898.13739
471.64325	892.34662
471.69537	899.49335
471.74747	899.31854
471.79959	893.56525
471.85168	897.46289
471.90381	895.48285
471.9559	896.96619
472.008	898.45026
472.06012	894.57159
472.11221	898.33154
472.16434	895.59436
472.21643	897.3573
472.26852	905.43774
472.32065	899.44757
472.37274	895.26752
472.42487	899.966
472.47696	899.99432
472.52908	902.62494
472.58118	894.53168
472.63327	897.38062
472.68539	898.367
472.73749	900.57623
472.78961	902.20178
472.84171	899.90076
472.8938	895.67682
472.94592	894.50568
472.99802	894.41418
473.05014	897.22992
473.10223	898.30627
473.15436	899.98047
473.20645	896.50745
473.25854	898.86444
473.31067	896.08862
473.36276	894.1394
473.41489	897.9798
473.46698	892.76904
473.51907	898.73499
473.5712	897.57349
473.62329	895.52185
473.67542	895.37305
473.72751	893.9873
473.77963	898.14514
473.83173	899.68976
473.88382	897.36511
473.93594	898.65546
473.98804	902.12134
474.04016	903.35089
474.09225	897.04132
474.14435	893.96637
474.19647	897.10052
474.24857	899.74524
474.30069	899.14343
474.35278	898.03833
474.40491	900.14343
474.457	900.11493
474.50909	895.45398
474.56122	895.03009
474.61331	898.44873
474.66544	898.47351
474.71753	899.15521
474.76962	897.43634
474.82175	896.08752
474.87384	896.04572
474.92596	896.76117
474.97806	895.17694
475.03018	895.07361
475.08228	898.15155
475.13437	897.43182
475.18649	899.68219
475.23859	895.9162
475.29071	892.80792
475.3428	898.89417
475.3949	899.68872
475.44702	898.19257
475.49911	899.06335
475.55124	904.49591
475.60333	907.91046
475.65543	896.74969
475.70755	897.96942
475.75964	896.46106
475.81177	897.91772
475.86386	898.41028
475.91599	898.07318
475.96808	897.21918
476.02017	898.07281
476.0723	898.03442
476.12439	897.23132
476.17651	896.47729
476.22861	902.51343
476.2807	900.44098
476.33282	899.84436
476.38492	899.43799
476.43704	895.83856
476.48914	893.98657
476.54126	900.27094
476.59335	896.52478
476.64545	895.27094
476.69757	899.39661
476.74966	900.28564
476.80179	899.91986
476.85388	897.77472
476.90598	901.89166
476.9581	898.00763
477.01019	897.48572
477.06232	898.79315
477.11441	896.38165
477.16653	894.19452
477.21863	891.59485
477.27072	894.94708
477.32285	897.15155
477.37494	896.79639
477.42706	893.82947
477.47916	895.51569
477.53125	894.55847
477.58337	899.49994
477.63547	897.66248
477.68759	898.33539
477.73969	901.88629
477.79181	896.46234
477.8439	892.58313
477.896	908.89404
477.94812	897.61914
478.00021	898.10437
478.05234	896.117
478.10443	898.57196
478.15652	894.68347
478.20865	897.99554
478.26074	896.16858
478.31287	894.18134
478.36496	895.98248
478.41708	898.43317
478.46918	898.11627
478.52127	894.38702
478.57339	900.02307
478.62549	896.49036
478.67761	898.31726
478.72971	901.68555
478.7818	900.29602
478.83392	898.30872
478.88602	898.92413
478.93814	899.05334
478.99023	896.06866
479.04233	899.76678
479.09445	901.79791
479.14655	899.55609
479.19867	895.34625
479.25076	893.72198
479.30289	897.55359
479.35498	899.7229
479.40707	897.26453
479.4592	898.86414
479.51129	896.03845
479.56342	901.52313
479.61551	901.61792
479.6676	898.75952
479.71973	892.07037
479.77182	897.71002
479.82394	897.95654
479.87604	898.07471
479.92816	898.49323
479.98026	896.38092
480.03235	897.57355
480.08447	892.63702
480.13657	891.00049
480.18869	896.18445
480.24078	897.47711
480.29288	899.59839
480.345	898.69519
480.39709	895.21899
480.44922	894.59576
480.50131	896.83765
480.55344	895.48108
480.60553	901.28406
480.65762	903.53564
480.70975	901.34998
480.76184	898.29608
480.81396	895.85883
480.86606	895.43622
480.91815	896.56378
480.97028	896.03558
481.02237	897.12732
481.07449	898.92358
481.12659	901.06128
481.17871	898.43262
481.2308	894.67401
481.2829	898.75385
481.33502	896.85187
481.38712	892.64819
481.43924	895.61597
481.49133	899.5697
481.54343	900.46942
481.59555	898.42432
481.64764	895.12878
481.69977	893.0174
481.75186	895.94116
481.80399	897.2226
481.85608	899.81744
481.90817	899.29871
481.9603	895.27856
482.01239	900.99945
482.06451	901.55939
482.11661	897.87683
482.1687	895.0072
482.22083	893.98907
482.27292	896.2218
482.32504	897.57507
482.37714	898.84442
482.42926	899.19037
482.48135	899.66718
482.53345	900.33832
482.58557	900.85956
482.63766	898.46832
482.68979	897.63776
482.74188	893.28015
482.79398	895.65967
482.8461	898.67072
482.89819	897.60425
482.95032	897.33057
483.00241	899.69122
483.0545	895.69611
483.10663	896.67285
483.15872	896.66785
483.21085	897.91388
483.26294	897.59106
483.31506	895.7392
483.36716	896.95642
483.41925	895.67548
483.47137	895.38
483.52347	895.87335
483.57559	896.27167
483.62769	895.81189
483.67978	894.64447
483.7319	898.42511
483.784	896.75903
483.83612	897.91437
483.88821	902.92834
483.94034	895.5993
483.99243	897.87946
484.04453	898.17682
484.09665	894.5376
484.14874	896.68097
484.20087	896.70612
484.25296	900.43732
484.30505	897.63635
484.35718	896.51501
484.40927	894.41321
484.4614	896.61334
484.51349	895.27753
484.56561	896.40588
484.61771	899.63507
484.6698	898.26819
484.72192	899.58044
484.77402	896.22693
484.82614	897.15308
484.87823	895.17853
484.93033	894.17853
484.98245	892.69263
485.03455	906.0907
485.08667	899.76813
485.13876	895.75793
485.19089	901.51117
485.24298	895.87653
485.29507	892.3111
485.3472	895.97253
485.39929	901.36047
485.45142	897.43365
485.50351	900.4162
485.5556	896.49042
485.60773	898.44287
485.65982	898.18945
485.71194	898.14185
485.76404	890.50873
485.81616	893.64465
485.86826	900.76367
485.92035	894.60986
485.97247	899.72089
486.02457	903.21472
486.07669	895.04761
486.12878	898.29419
486.18088	891.94165
486.233	893.12115
486.2851	897.75836
486.33722	896.95685
486.38931	899.05103
486.44144	895.95026
486.49353	893.88861
486.54562	897.17834
486.59775	898.87842
486.64984	894.77466
486.70197	895.13562
486.75406	895.57855
486.80615	894.0473
486.85828	894.32947
486.91037	899.07239
486.96249	897.96106
487.01459	895.95624
487.06668	898.48322
487.1188	899.5564
487.1709	899.19427
487.22302	897.27191
487.27512	903.94897
487.32724	902.15503
487.37933	895.5423
487.43143	895.93665
487.48355	895.33734
487.53564	896.2121
487.58777	894.69739
487.63986	894.84375
487.69196	891.9303
487.74408	891.95819
487.79617	895.25549
487.8483	895.24469
487.90039	895.4502
487.95251	902.52637
488.00461	904.04413
488.0567	898.54663
488.10883	899.30566
488.16092	898.81311
488.21304	899.93524
488.26514	899.65619
488.31723	900.00128
488.36935	901.48053
488.42145	898.6593
488.47357	897.31018
488.52567	897.97089
488.57779	895.51611
488.62988	894.27216
488.68198	896.55804
488.7341	897.43225
488.78619	896.9552
488.83832	895.92511
488.89041	898.49756
488.9425	898.18951
488.99463	896.42102
489.04672	895.5083
489.09885	894.12433
489.15094	897.12341
489.20306	898.19476
489.25516	899.08618
489.30725	897.67731
489.35938	897.12939
489.41147	901.53052
489.46359	901.37665
489.51569	899.62732
489.56778	900.54785
489.6199	904.55988
489.672	908.48676
489.72412	909.12329
489.77621	909.8894
489.82834	908.78809
489.88043	911.53638
489.93253	916.03851
489.98465	913.91144
490.03674	909.7973
490.08887	910.21527
490.14096	908.01599
490.19305	916.43201
490.24518	916.80072
490.29727	914.88934
490.3494	915.68341
490.40149	912.53186
490.45361	911.50201
490.50571	913.4873
490.5578	914.37921
490.60992	911.96655
490.66202	910.94403
490.71414	915.98517
490.76624	916.19049
490.81833	914.5603
490.87045	912.29626
490.92255	912.65912
490.97467	911.58795
491.02676	922.35815
491.07886	914.4303
491.13098	913.29651
491.18307	915.87933
491.2352	909.92419
491.28729	912.14307
491.33942	916.84442
491.39151	913.76099
491.4436	920.7937
491.49573	918.62103
491.54782	910.89014
491.59995	914.74573
491.65204	918.50952
491.70413	911.07416
491.75626	920.56256
491.80835	916.92755
491.86047	915.7674
491.91257	918.58673
491.96469	918.71075
492.01678	912.19653
492.06888	922.32312
492.121	916.2381
492.1731	912.7262
492.22522	912.52484
492.27731	917.0744
492.32941	913.65253
492.38153	923.52917
492.43362	908.85187
492.48575	914.64575
492.53784	913.00488
492.58997	922.45563
492.64206	916.80127
492.69415	912.51581
492.74628	914.16785
492.79837	913.90973
492.85049	915.46826
492.90259	916.42102
492.95468	915.30737
493.00681	907.55438
493.0589	920.8045
493.11102	916.96997
493.16312	915.96741
493.21524	912.48291
493.26733	914.99548
493.31943	914.37177
493.37155	912.44708
493.42365	915.90424
493.47577	911.32513
493.52786	911.633
493.57996	913.49579
493.63208	916.75409
493.68417	911.15765
493.7363	915.51471
493.78839	916.35956
493.84052	909.97412
493.89261	914.81433
493.9447	914.56818
493.99683	913.09845
494.04892	912.81329
494.10104	912.47211
494.15314	916.47455
494.20523	911.74139
494.25735	917.51166
494.30945	911.0827
494.36157	912.75238
494.41367	917.44592
494.46576	918.09814
494.51788	914.94135
494.56998	914.70648
494.6221	913.37854
494.67419	915.94092
494.72632	914.86548
494.77841	920.88861
494.83051	915.87854
494.88263	914.20227
494.93472	917.9295
494.98685	920.41125
495.03894	909.21277
495.09103	918.6167
495.14316	916.80652
495.19525	918.79236
495.24738	918.1579
495.29947	911.92255
495.35159	916.07642
495.40369	916.69653
495.45578	914.65424
495.5079	912.82172
495.56	914.59857
495.61212	921.46259
495.66422	916.06299
495.71631	918.56793
495.76843	919.30768
495.82053	915.09009
495.87265	903.6886
495.92474	912.33612
495.97687	920.40094
496.02896	912.80969
496.08105	915.44202
496.13318	917.3302
496.18527	912.54053
496.2374	910.59119
496.28949	913.72693
496.34158	915.91864
496.39371	914.6626
496.4458	910.27246
496.49792	915.32697
496.55002	917.81567
496.60214	923.48401
496.65424	919.58881
496.70633	918.81714
496.75845	916.87811
496.81055	920.27277
496.86267	916.43915
496.91476	920.10803
496.96686	919.33893
497.01898	913.71704
497.07108	917.46545
497.1232	913.20343
497.17529	914.31836
497.22742	919.98059
497.27951	918.21777
497.3316	915.97406
497.38373	914.50128
497.43582	912.80267
497.48795	913.75482
497.54004	913.1629
497.59213	913.05408
497.64426	915.6947
497.69635	918.55292
497.74847	918.99493
497.80057	919.1048
497.85269	920.90253
497.90479	917.87372
497.95688	916.60986
498.009	916.03705
498.0611	915.98462
498.11322	920.94757
498.16531	917.27856
498.21741	916.76361
498.26953	923.02496
498.32162	919.17908
498.37375	915.89972
498.42584	917.42572
498.47794	916.53308
498.53006	914.91504
498.58215	913.51788
498.63428	912.0799
498.68637	915.61554
498.73849	919.49524
498.79059	919.20087
498.84268	921.55579
498.89481	920.3161
498.9469	917.28442
498.99902	916.95734
499.05112	914.80981
499.10321	917.16132
499.15533	922.77777
499.20743	918.08264
499.25955	914.64905
499.31165	922.86505
499.36377	922.40436
499.41586	918.09216
499.46796	916.06604
499.52008	921.7594
499.57217	915.22906
499.6243	920.19562
499.67639	912.29993
499.72849	915.47528
499.78061	913.94745
499.8327	914.03558
499.88483	916.52863
499.93692	923.64453
499.98904	922.20618
500.04114	917.20001
500.09323	908.40552
500.14536	916.53046
500.19745	922.21753
500.24957	921.0199
500.30167	915.79456
500.35376	919.58331
500.40588	921.8183
500.45798	918.60229
500.5101	909.98871
500.56219	916.22296
500.61432	914.3689
500.66641	917.05493
500.71851	914.54089
500.77063	924.97821
500.82272	919.76337
500.87485	912.47931
500.92694	914.43463
500.97903	916.62012
501.03116	922.5838
501.08325	918.57135
501.13538	914.24078
501.18747	915.82037
501.23959	923.63727
501.29169	923.09125
501.34378	913.14154
501.3959	920.94818
501.448	922.49469
501.50012	922.01385
501.55222	926.7785
501.60431	921.21899
501.65643	922.33148
501.70853	923.79004
501.76065	904.3363
501.81274	916.18933
501.86487	924.14642
501.91696	922.9585
501.96906	912.86969
502.02118	914.82275
502.07327	924.43274
502.1254	918.23309
502.17749	916.69269
502.22958	918.73834
502.28171	919.9165
502.3338	917.09583
502.38593	916.92676
502.43802	926.88293
502.49011	918.74341
502.54224	920.87219
502.59433	919.49268
502.64645	924.81372
502.69855	918.48718
502.75067	919.02917
502.80276	922.4729
502.85486	917.54126
502.90698	917.22986
502.95908	916.94855
503.0112	914.82214
503.06329	911.94897
503.11539	917.23932
503.16751	914.22833
503.2196	914.87262
503.27173	916.71973
503.32382	917.33807
503.37595	926.67731
503.42804	924.52704
503.48013	921.40674
503.53226	919.40161
503.58435	916.07111
503.63647	911.92706
503.68857	915.05493
503.74066	918.70374
503.79279	919.54407
503.84488	912.36157
503.897	915.22797
503.9491	918.95557
504.00122	923.11993
504.05331	919.6214
504.10541	918.00037
504.15753	924.77216
504.20963	928.00427
504.26175	921.65344
504.31384	913.73621
504.36594	914.8905
504.41806	922.62903
504.47015	920.63239
504.52228	919.17639
504.57437	921.28894
504.6265	918.5304
504.67859	918.72168
504.73068	919.95703
504.78281	921.60651
504.8349	924.55487
504.88702	921.55444
504.93912	917.90076
504.99121	922.28357
505.04333	921.13373
505.09543	912.38721
505.14755	912.72827
505.19965	923.45721
505.25177	927.21698
505.30386	921.83264
505.35596	916.56647
505.40808	919.70502
505.46017	921.88397
505.5123	917.05286
505.56439	918.80579
505.61649	923.70111
505.66861	920.63629
505.7207	915.49408
505.77283	916.75714
505.82492	920.58276
505.87701	916.53436
505.92914	918.69519
505.98123	910.71057
506.03336	920.06158
506.08545	919.67896
506.13757	923.23676
506.18967	925.36047
506.24176	919.16699
506.29388	921.22754
506.34598	922.30548
506.3981	924.64453
506.4502	918.69385
506.50229	919.94678
506.55441	914.68622
506.60651	917.9726
506.65863	917.65863
506.71072	919.72198
506.76285	920.09583
506.81494	919.70673
506.86703	918.29749
506.91916	920.00446
506.97125	921.29834
507.02338	916.00452
507.07547	920.92224
507.12756	914.89459
507.17969	914.15955
507.23178	910.54779
507.28391	919.30829
507.336	919.86536
507.38812	923.50452
507.44022	913.2384
507.49231	922.89557
507.54443	919.97565
507.59653	923.53015
507.64865	922.26501
507.70074	924.27148
507.75284	918.70996
507.80496	912.52197
507.85706	923.9577
507.90918	922.96344
507.96127	922.83557
508.0134	917.84967
508.06549	913.42902
508.11758	922.33441
508.16971	917.85962
508.2218	926.6452
508.27393	920.89984
508.32602	920.73346
508.37811	923.11078
508.43024	917.91986
508.48233	920.96661
508.53445	917.35419
508.58655	923.62988
508.63867	924.52454
508.69077	918.0943
508.74286	917.04706
508.79498	930.10663
508.84708	909.42407
508.8992	917.61639
508.95129	915.79169
509.00339	919.7475
509.05551	921.20178
509.1076	927.77838
509.15973	922.34839
509.21182	928.04041
509.26395	926.68817
509.31604	919.08649
509.36813	923.04419
509.42026	924.9516
509.47235	930.396
509.52448	920.26379
509.57657	932.35376
509.62866	923.71252
509.68079	923.24042
509.73288	926.68646
509.785	924.33704
509.8371	920.71844
509.88919	925.56354
509.94131	925.46216
509.99341	922.95032
510.04553	930.40979
510.09763	926.6731
510.14975	922.77838
510.20184	925.07001
510.25394	925.81439
510.30606	923.88037
510.35815	920.67236
510.41028	918.89343
510.46237	924.70685
510.51447	931.5871
510.56659	925.12164
510.61868	922.29541
510.67081	924.58148
510.7229	921.51215
510.77502	921.63342
510.82712	923.49023
510.87921	930.12134
510.93134	929.12463
510.98343	924.11102
511.03555	924.8717
511.08765	924.10071
511.13974	924.17114
511.19186	928.39319
511.24396	921.01318
511.29608	921.57947
511.34818	926.21295
511.4003	923.85089
511.45239	921.39783
511.50449	922.4007
511.55661	927.4765
511.6087	927.74329
511.66083	925.65845
511.71292	928.73834
511.76501	938.55548
511.81714	935.63269
511.86923	926.53027
511.92136	929.9743
511.97345	931.01965
512.02557	929.89972
512.07764	928.78345
512.12976	929.18585
512.18188	934.92224
512.23401	936.20825
512.28607	932.75018
512.3382	931.18549
512.39032	925.4386
512.44238	925.99347
512.49451	937.72211
512.54663	937.61401
512.59875	936.64325
512.65082	934.84772
512.70294	935.01801
512.75507	935.09448
512.80713	937.06897
512.85925	938.0838
512.91138	936.12366
512.9635	940.17529
513.01556	941.22284
513.06769	940.12054
513.11981	935.28192
513.17188	934.00818
513.224	929.19836
513.27612	931.62708
513.32819	937.73761
513.38031	941.28802
513.43243	938.91241
513.48456	936.35187
513.53662	939.08508
513.58875	937.42847
513.64087	943.94281
513.69293	941.50922
513.74506	933.16333
513.79718	932.59161
513.8493	941.24957
513.90137	943.638
513.95349	935.57288
514.00562	942.50476
514.05768	940.57166
514.1098	941.33356
514.16193	944.67334
514.21399	947.30579
514.26611	948.4566
514.31824	947.32086
514.37036	942.70404
514.42242	943.28741
514.47455	949.70721
514.52667	950.16492
514.57874	945.80688
514.63086	947.38733
514.68298	931.88702
514.73511	941.07788
514.78717	943.09631
514.83929	944.45581
514.89142	955.01099
514.94348	951.27399
514.99561	952.06952
515.04773	949.50299
515.09985	955.90826
515.15192	947.17334
515.20404	950.00104
515.25616	961.04004
515.30823	970.90826
515.36035	954.50183
515.41248	952.04938
515.46454	974.03235
515.51666	970.29706
515.56879	971.12
515.62091	978.0481
515.67297	984.55383
515.7251	982.03064
515.77722	992.52686
515.82928	1005.7012
515.88141	1010.4266
515.93353	1030.6628
515.98566	1040.6144
516.03772	1056.9861
516.08984	1080.8094
516.14197	1077.958
516.19403	1122.1254
516.24615	1148.7495
516.29828	1122.1578
516.3504	1166.6372
516.40247	1179.2988
516.45459	1167.3569
516.50671	1189.926
516.55878	1196.8379
516.6109	1201.37
516.66302	1189.0825
516.71509	1221.3582
516.76721	1213.9844
516.81934	1223.0731
516.87146	1219.4883
516.92352	1236.0945
516.97565	1234.3857
517.02777	1201.0435
517.07983	1202.2018
517.13196	1192.3551
517.18408	1168.186
517.23621	1162.6543
517.28827	1154.9846
517.34039	1158.8861
517.39252	1161.8527
517.44458	1162.2034
517.4967	1145.4366
517.54883	1153.3633
517.60089	1162.2228
517.65302	1190.6405
517.70514	1186.3895
517.75726	1203.8362
517.80933	1226.5571
517.86145	1242.9316
517.91357	1248.3185
517.96564	1235.1602
518.01776	1230.9971
518.06989	1251.7556
518.12201	1265.5166
518.17407	1288.3967
518.2262	1292.4995
518.27832	1309.7831
518.33038	1319.8196
518.38251	1316.0024
518.43463	1314.1571
518.48676	1336.7379
518.53882	1325.189
518.59094	1325.8301
518.64307	1308.726
518.69513	1323.5186
518.74725	1341.76
518.79938	1343.7142
518.85144	1361.9261
518.90356	1355.66
518.95569	1366.5422
519.00781	1419.01
519.05988	1457.0455
519.112	1483.5313
519.16412	1493.0837
519.21619	1513.1241
519.26831	1521.7562
519.32043	1549.8793
519.37256	1569.9573
519.42462	1562.9641
519.47675	1578.86
519.52887	1608.2959
519.58093	1612.3783
519.63306	1649.342
519.68518	1684.8282
519.7373	1689.4424
519.78937	1763.187
519.84149	1819.0834
519.89362	1815.947
519.94568	1862.9917
519.9978	1916.8191
520.04993	1905.5341
520.10199	1916.074
520.15411	1919.8567
520.20624	1898.2909
520.25836	1911.1974
520.31042	1875.8673
520.36255	1840.8851
520.41467	1834.5513
520.46674	1811.5253
520.51886	1757.671
520.57098	1691.804
520.62311	1673.5463
520.67517	1643.1538
520.72729	1594.9247
520.77942	1559.917
520.83148	1536.8474
520.88361	1520.1394
520.93573	1501.1058
520.98785	1497.5946
521.03992	1505.5392
521.09204	1522.9359
521.14417	1526.2775
521.19623	1520.2795
521.24835	1529.3187
521.30048	1544.1211
521.35254	1553.4663
521.40466	1545.7628
521.45679	1538.3402
521.50891	1544.0018
521.56097	1504.0704
521.6131	1475.4639
521.66522	1457.1198
521.71729	1433.1456
521.76941	1426.4755
521.82153	1407.7872
521.87366	1399.3622
521.92572	1386.6838
521.97784	1359.0416
522.02997	1378.7867
522.08203	1397.1405
522.13416	1404.2675
522.18628	1402.7603
522.23834	1415.1129
522.29047	1443.0573
522.34259	1463.0156
522.39471	1458.3767
522.44678	1477.5885
522.4989	1491.7682
522.55103	1512.9557
522.60309	1529.7556
522.65521	1532.8937
522.70734	1528.9551
522.75946	1533.3923
522.81152	1544.3179
522.86365	1536.0831
522.91577	1565.4601
522.96783	1552.8231
523.01996	1530.379
523.07208	1525.5985
523.12421	1517.6748
523.17627	1506.9095
523.22839	1508.5818
523.28052	1514.7375
523.33258	1507.9875
523.3847	1489.4655
523.43683	1491.8264
523.48889	1463.8605
523.54102	1465.4524
523.59314	1433.0731
523.64526	1453.8873
523.69733	1451.4917
523.74945	1429.781
523.80157	1437.3208
523.85364	1449.9551
523.90576	1447.0114
523.95789	1454.4178
524.01001	1449.6281
524.06207	1434.3853
524.1142	1441.0962
524.16632	1432.4022
524.21838	1421.6195
524.27051	1418.4254
524.32263	1424.6134
524.37476	1429.5579
524.42682	1421.3716
524.47894	1417.5835
524.53107	1422.1958
524.58313	1388.402
524.63525	1391.2964
524.68738	1405.3479
524.73944	1404.0348
524.79156	1366.8289
524.84369	1385.6512
524.89581	1381.1788
524.94788	1401.693
525	1365.0928
525.05212	1370.6818
525.10419	1377.4406
525.15631	1381.6425
525.20844	1379.5922
525.26056	1390.0283
525.31262	1367.7145
525.36475	1431.8062
525.41687	1404.4753
525.46893	1400.3569
525.52106	1409.1334
525.57318	1406.3834
525.62524	1392.8818
525.67737	1424.9688
525.72949	1399.4227
525.78162	1419.5192
525.83368	1444.7537
525.8858	1434.5341
525.93793	1434.0835
525.98999	1436.5938
526.04211	1414.9149
526.09424	1411.7423
526.14636	1445.4586
526.19843	1458.88
526.25055	1478.2761
526.30267	1452.0431
526.35474	1441.912
526.40686	1506.1956
526.45898	1516.5288
526.51111	1524.0135
526.56317	1557.1893
526.6153	1557.6613
526.66742	1547.031
526.71948	1575.3383
526.77161	1639.9607
526.82373	1634.9584
526.87579	1633.5549
526.92792	1613.2456
526.98004	1607.7272
527.03217	1647.9996
527.08423	1701.5244
527.13635	1695.1902
527.18848	1717.3358
527.24054	1708.7601
527.29266	1746.1007
527.34479	1667.952
527.39691	1742.4185
527.44897	1717.8872
527.5011	1727.597
527.55322	1719.312
527.60529	1720.7633
527.65741	1749.3424
527.70953	1720.4973
527.76166	1712.0713
527.81372	1669.1974
527.86584	1688.1273
527.91797	1681.1233
527.97003	1682.4081
528.02216	1699.5505
528.07428	1684.8839
528.12634	1707.2404
528.17847	1687.7333
528.23059	1666.0338
528.28271	1676.5206
528.33478	1695.4254
528.3869	1639.8475
528.43903	1651.5518
528.49109	1650.4537
528.54321	1651.9403
528.59534	1668.4071
528.64746	1634.3938
528.69952	1591.668
528.75165	1624.3451
528.80377	1620.8757
528.85583	1630.9043
528.90796	1601.1982
528.96008	1599.4265
529.01215	1594.2809
529.06427	1581.7836
529.11639	1565.2079
529.16852	1564.7046
529.22058	1576.4448
529.27271	1543.8108
529.32483	1512.908
529.37689	1506.2433
529.42902	1481.6647
529.48114	1476.1836
529.53326	1467.3484
529.58533	1449.9221
529.63745	1429.4915
529.68958	1410.744
529.74164	1422.7035
529.79376	1412.1956
529.84589	1366.5105
529.89801	1366.793
529.95007	1366.3649
530.0022	1351.6772
530.05432	1335.4216
530.10638	1327.5503
530.15851	1325.8392
530.21063	1310.3162
530.2627	1299.1235
530.31482	1273.65
530.36694	1271.6593
530.41907	1289.8951
530.47113	1273.0763
530.52325	1264.6909
530.57538	1240.4027
530.62744	1247.0001
530.67957	1233.7838
530.73169	1222.7042
530.78381	1233.049
530.83588	1224.2358
530.888	1209.6257
530.94012	1197.983
530.99219	1190.8295
531.04431	1180.5516
531.09644	1191.6123
531.14856	1180.0328
531.20062	1176.3092
531.25275	1182.3405
531.30487	1180.874
531.35693	1166.8042
531.40906	1143.5671
531.46118	1143.4799
531.51324	1145.4752
531.56537	1148.3762
531.61749	1128.9402
531.66962	1107.8518
531.72168	1111.592
531.7738	1124.5195
531.82593	1118.5454
531.87799	1110.4475
531.93011	1111.6713
531.98224	1105.1385
532.03436	1109.176
532.08643	1106.0835
532.13855	1094.0332
532.19067	1090.5687
532.24274	1087.9989
532.29486	1074.2231
532.34698	1081.7267
532.39911	1081.6381
532.45117	1070.3734
532.5033	1077.5724
532.55542	1074.8734
532.60748	1071.4021
532.65961	1068.3473
532.71173	1056.0826
532.76379	1069.1594
532.81592	1074.3424
532.86804	1060.5125
532.92017	1060.3033
532.97223	1064.4379
533.02435	1062.5074
533.07648	1058.2959
533.12854	1059.8616
533.18066	1049.0687
533.23279	1033.4716
533.28491	1045.5161
533.33698	1062.9272
533.3891	1055.5076
533.44122	1035.7665
533.49329	1041.2915
533.54541	1045.1421
533.59753	1044.8766
533.6496	1053.9183
533.70172	1052.6031
533.75385	1058.3175
533.80597	1053.3982
533.85803	1046.9929
533.91016	1049.8531
533.96228	1057.4979
534.01434	1058.709
534.06647	1043.8654
534.11859	1047.8612
534.17072	1057.4124
534.22278	1047.5099
534.2749	1051.2241
534.32703	1058.5242
534.37909	1046.8654
534.43121	1045.0768
534.48334	1057.0159
534.53546	1063.7751
534.58752	1063.532
534.63965	1062.579
534.69177	1064.0125
534.74384	1072.4073
534.79596	1075.6691
534.84808	1063.8865
534.90015	1064.5439
534.95227	1070.2731
535.00439	1068.1602
535.05652	1080.0748
535.10858	1079.5631
535.16071	1088.9012
535.21283	1088.5205
535.26489	1068.5322
535.31702	1066.4666
535.36914	1079.0681
535.42126	1088.7843
535.47333	1088.9629
535.52545	1086.8082
535.57758	1082.0004
535.62964	1105.0951
535.68176	1109.583
535.73389	1100.9341
535.78601	1109.8812
535.83807	1123.9178
535.8902	1134.1925
535.94232	1120.9291
535.99438	1123.4539
536.04651	1137.9768
536.09863	1126.2234
536.1507	1143.0635
536.20282	1162.9525
536.25494	1158.2966
536.30707	1153.5698
536.35913	1160.4766
536.41125	1192.4825
536.46338	1194.8615
536.51544	1170.4935
536.56757	1180.7664
536.61969	1194.9734
536.67181	1213.4734
536.72388	1229.802
536.776	1242.6478
536.82813	1240.0427
536.88019	1255.3933
536.93231	1278.8247
536.98444	1287.0997
537.0365	1297.4698
537.08862	1311.9186
537.14075	1349.9231
537.19287	1365.306
537.24493	1355.6139
537.29706	1386.2418
537.34918	1411.0996
537.40125	1458.6541
537.45337	1498.3118
537.50549	1545.1638
537.55762	1601.2834
537.60968	1679.1982
537.6618	1734.5052
537.71393	1818.4844
537.76599	1908.7395
537.81812	2031.0435
537.87024	2156.166
537.92236	2314.2224
537.97443	2424.0989
538.02655	2597.5764
538.07867	2770.1147
538.13074	2987.5168
538.18286	3204.8662
538.23499	3363.8933
538.28705	3550.5532
538.33917	3726.1125
538.3913	3855.7859
538.44342	3971.7288
538.49548	4096.6416
538.54761	4171.0381
538.59973	4201.9766
538.65179	4232.1748
538.70392	4303.1016
538.75604	4277.2139
538.80817	4309.5083
538.86023	4312.2368
538.91235	4281.4214
538.96448	4220.708
539.01654	4179.876
539.06866	4076.439
539.12079	4039.1104
539.17291	3945.844
539.22498	3828.1943
539.2771	3767.0051
539.32922	3796.989
539.38129	3751.8655
539.43341	3645.5928
539.48553	3684.1814
539.5376	3751.7185
539.58972	3752.512
539.64185	3864.6118
539.69397	3830.6213
539.74603	3842.8076
539.79816	3848.3792
539.85028	3888.0288
539.90234	3915.0454
539.95447	3919.2168
540.00659	3955.1772
540.05872	3975.1614
540.11078	4006.4956
540.1629	4141.521
540.21503	4221.9312
540.26709	4303.5625
540.31921	4385.3525
540.37134	4404.8794
540.4234	4411.3613
540.47552	4447.1392
540.52765	4447.4141
540.57977	4395.5815
540.63184	4291.9751
540.68396	4174.8389
540.73608	3949.2769
540.78815	3818.8804
540.84027	3655.5867
540.8924	3455.3076
540.94452	3335.3086
540.99658	3190.8369
541.04871	3117.2244
541.10083	3064.6289
541.15289	3048.427
541.20502	3091.6821
541.25714	3144.6003
541.30927	3206.9023
541.36133	3289.4209
541.41345	3390.1599
541.46558	3434.3777
541.51764	3540.1123
541.56976	3614.9546
541.62189	3625.1257
541.67395	3606.1895
541.72607	3577.2351
541.7782	3513.0132
541.83032	3461.4558
541.88239	3369.7593
541.93451	3280.0327
541.98663	3218.7556
542.0387	3102.0159
542.09082	2988.7083
542.14294	2931.1675
542.19507	2838.501
542.24713	2772.8704
542.29926	2702.5557
542.35138	2631.6899
542.40344	2597.0645
542.45557	2502.5764
542.50769	2483.9431
542.55981	2432.3706
542.61188	2406.5798
542.664	2405.0264
542.71613	2387.2976
542.76819	2353.7571
542.82031	2372.7229
542.87244	2331.4304
542.9245	2319.2188
542.97662	2270.9634
543.02875	2273.5027
543.08087	2297.5303
543.13293	2264.2429
543.18506	2235.9717
543.23718	2253.072
543.28925	2248.3169
543.34137	2290.6318
543.39349	2301.198
543.44562	2314.3027
543.49768	2319.4055
543.5498	2353.5391
543.60193	2355.0581
543.65399	2369.0139
543.70612	2398.4685
543.75824	2403.4199
543.81036	2444.6941
543.86243	2488.3137
543.91455	2488.3696
543.96667	2461.7393
544.01874	2484.729
544.07086	2540.2488
544.12299	2569.6846
544.17505	2600.0139
544.22717	2646.1736
544.2793	2736.2278
544.33142	2824.4941
544.38348	2917.9336
544.43561	2993.8945
544.48773	3024.8735
544.53979	3046.376
544.59192	3075.4927
544.64404	3154.6492
544.69617	3161.5864
544.74823	3180.1565
544.80035	3202.7388
544.85248	3098.7104
544.90454	3127.4622
544.95667	3173.6582
545.00879	3112.1382
545.06085	3059.6987
545.11298	3005.1138
545.1651	3021.2664
545.21722	2975.855
545.26929	2943.9063
545.32141	2889.5779
545.37354	2903.593
545.4256	2865.4749
545.47772	2851.8936
545.52985	2876.2432
545.58197	2894.3684
545.63403	2874.6382
545.68616	2835.3235
545.73828	2787.5334
545.79034	2773.1348
545.84247	2753.6201
545.89459	2721.6101
545.94672	2621.719
545.99878	2576.7781
546.0509	2569.176
546.10303	2536.7051
546.15509	2485.7642
546.20721	2426.2625
546.25934	2428.1013
546.3114	2385.3638
546.36353	2366.572
546.41565	2284.9766
546.46777	2318.7827
546.51984	2292.7649
546.57196	2285.5339
546.62408	2232.2144
546.67615	2269.6431
546.72827	2239.271
546.7804	2246.2063
546.83252	2257.5969
546.88458	2255.2153
546.93671	2289.0056
546.98883	2282.7878
547.04089	2240.3411
547.09302	2248.7249
547.14514	2271.6489
547.19727	2265.3223
547.24933	2296.8799
547.30145	2270.9683
547.35358	2259.5071
547.40564	2294.0818
547.45776	2290.7532
547.50989	2260.6104
547.56195	2268.467
547.61407	2237.9941
547.6662	2298.3533
547.71832	2273.6943
547.77039	2316.8779
547.82251	2323.4487
547.87463	2306.127
547.9267	2368.3162
547.97882	2381.824
548.03094	2420.0598
548.08307	2408.752
548.13513	2453.623
548.18726	2463.0471
548.23938	2493.6628
548.29144	2520.7239
548.34357	2539.7473
548.39569	2610.7888
548.44775	2599.512
548.49988	2580.532
548.552	2611.1997
548.60413	2684.7314
548.65619	2699.0005
548.70831	2762.5762
548.76044	2758.9143
548.8125	2754.2686
548.86462	2767.8269
548.91675	2863.6189
548.96887	2867.5693
549.02094	2896.4111
549.07306	2931.0798
549.12518	2940.2683
549.17725	2968.2952
549.22937	3000.7634
549.28149	3032.2153
549.33362	3043.906
549.38568	3010.0352
549.43781	3007.5984
549.48993	2989.7629
549.54199	2991.4419
549.59412	2979.9265
549.64624	3009.3406
549.6983	2989.6523
549.75043	2947.6667
549.80255	2919.3508
549.85468	2887.5645
549.90674	2863.1646
549.95886	2814.7334
550.01099	2751.1494
550.06305	2709.3262
550.11517	2674.8176
550.1673	2641.554
550.21942	2575.0532
550.27148	2525.6794
550.32361	2494.4399
550.37573	2468.1096
550.4278	2436.3806
550.47992	2384.3027
550.53204	2382.7134
550.58417	2373.5706
550.63623	2310.5737
550.68835	2249.7871
550.74048	2218.4221
550.79254	2160.2915
550.84467	2124.8608
550.89679	2112.0583
550.94885	2099.0786
551.00098	2064.5852
551.0531	2038.1913
551.10522	2019.3429
551.15729	1995.722
551.20941	1974.8137
551.26154	1956.3634
551.3136	1929.0831
551.36572	1940.6147
551.41785	1945.2006
551.46997	1905.1053
551.52203	1888.3684
551.57416	1867.9031
551.62628	1849.5219
551.67834	1853.09
551.73047	1833.985
551.78259	1809.964
551.83466	1785.6313
551.88678	1769.6425
551.9389	1760.1848
551.99103	1742.6521
552.04309	1732.6416
552.09521	1730.0735
552.14734	1714.2848
552.1994	1688.1267
552.25153	1684.6981
552.30365	1671.3524
552.35577	1637.225
552.40784	1638.764
552.45996	1656.3904
552.51208	1649.4055
552.56415	1630.9762
552.61627	1615.8113
552.6684	1602.5873
552.72052	1571.3593
552.77258	1553.0319
552.82471	1554.8693
552.87683	1560.04
552.92889	1547.7052
552.98102	1518.6628
553.03314	1514.1354
553.08521	1500.9585
553.13733	1481.6027
553.18945	1473.4037
553.24158	1478.7178
553.29364	1475.4275
553.34576	1450.0142
553.39789	1441.4241
553.44995	1449.5388
553.50208	1431.8582
553.5542	1398.3246
553.60632	1394.2788
553.65839	1380.5493
553.71051	1375.2201
553.76263	1372.0065
553.8147	1355.7931
553.86682	1351.9154
553.91895	1346.8108
553.97107	1333.2175
554.02313	1328.6741
554.07526	1332.7773
554.12738	1335.6393
554.17944	1327.2511
554.23157	1298.1766
554.28369	1295.2924
554.33575	1297.7891
554.38788	1297.2424
554.44	1292.7881
554.49213	1275.6984
554.54419	1264.2144
554.59631	1258.2699
554.64844	1249.087
554.7005	1245.5911
554.75262	1248.1545
554.80475	1243.951
554.85687	1223.5612
554.90894	1215.3866
554.96106	1223.7983
555.01318	1226.2
555.06525	1223.3602
555.11737	1221.6923
555.16949	1215.4552
555.22162	1213.2062
555.27368	1208.9657
555.32581	1209.1611
555.37793	1206.7566
555.42999	1219.8163
555.48212	1206.052
555.53424	1197.6328
555.5863	1184.5515
555.63843	1212.0956
555.69055	1214.1855
555.74268	1199.2061
555.79474	1196.5421
555.84686	1193.5653
555.89899	1195.2148
555.95105	1190.2709
556.00317	1181.6311
556.0553	1178.0956
556.10742	1177.2411
556.15948	1168.8003
556.21161	1156.4371
556.26373	1158.261
556.3158	1149.4578
556.36792	1157.1677
556.42004	1154.2119
556.47211	1160.7067
556.52423	1158.1445
556.57635	1142.5835
556.62848	1134.0194
556.68054	1134.0619
556.73267	1130.2837
556.78479	1119.249
556.83685	1141.127
556.88898	1127.0511
556.9411	1118.0477
556.99323	1109.3634
557.04529	1103.1921
557.09741	1102.8757
557.14954	1102.5458
557.2016	1094.979
557.25372	1100.4294
557.30585	1095.0347
557.35797	1095.661
557.41003	1091.0784
557.46216	1082.4741
557.51428	1085.5112
557.56635	1082.6016
557.61847	1081.463
557.67059	1076.3779
557.72266	1076.4445
557.77478	1067.7565
557.8269	1065.8578
557.87903	1074.5208
557.93109	1067.3505
557.98322	1072.0321
558.03534	1080.5944
558.0874	1059.4484
558.13953	1062.2931
558.19165	1057.4142
558.24377	1065.3849
558.29584	1068.6373
558.34796	1061.3998
558.40009	1057.8684
558.45215	1047.2432
558.50427	1059.6639
558.5564	1060.7161
558.60852	1037.6696
558.66058	1054.0385
558.71271	1050.288
558.76483	1049.3904
558.81689	1051.7596
558.86902	1036.722
558.92114	1031.9761
558.97321	1042.476
559.02533	1038.8206
559.07745	1033.6731
559.12958	1027.2039
559.18164	1022.3699
559.23376	1029.996
559.28589	1027.8583
559.33795	1024.8846
559.39008	1028.0018
559.4422	1020.5001
559.49432	1020.652
559.54639	1030.1271
559.59851	1031.9491
559.65063	1023.637
559.7027	1018.9915
559.75482	1021.0822
559.80695	1025.1595
559.85901	1021.437
559.91113	1014.0839
559.96326	1021.2968
560.01538	1022.5415
560.06744	1017.9555
560.11957	1011.4117
560.17169	1004.7682
560.22375	1026.1045
560.27588	1008.1885
560.328	1013.4463
560.38013	1009.4546
560.43219	1006.9936
560.48431	1008.3191
560.53644	998.90607
560.5885	998.43353
560.64063	1005.3184
560.69275	998.32843
560.74487	1001.2907
560.79694	1002.7579
560.84906	996.27179
560.90118	998.18628
560.95325	996.19641
561.00537	1001.5673
561.0575	999.15607
561.10956	992.70306
561.16168	995.49274
561.21381	993.57257
561.26593	993.98273
561.31799	1004.1631
561.37012	993.78357
561.42224	998.71869
561.4743	997.43097
561.52643	993.02045
561.57855	987.54395
561.63068	993.98187
561.68274	996.64246
561.73486	988.64661
561.78699	979.65552
561.83905	993.84326
561.89117	995.112
561.9433	988.05029
561.99542	996.97827
562.04749	996.14539
562.09961	984.34064
562.15173	990.94598
562.2038	977.04407
562.25592	983.35315
562.30804	1001.0138
562.36011	987.15607
562.41223	995.9704
562.46436	977.07556
562.51648	977.11493
562.56854	983.65082
562.62067	970.55701
562.67279	976.00909
562.72485	985.7345
562.77698	982.11426
562.8291	987.01611
562.88123	971.82617
562.93329	988.44489
562.98541	982.01678
563.03754	980.09448
563.0896	976.39557
563.14172	984.37329
563.19385	973.43213
563.24597	978.05505
563.29803	983.24969
563.35016	981.61072
563.40228	979.52423
563.45435	977.93732
563.50647	981.65234
563.55859	979.57751
563.61066	974.37903
563.66278	974.06512
563.7149	980.15924
563.76703	980.64093
563.81909	983.5567
563.87122	976.7149
563.92334	986.19507
563.9754	981.9729
564.02753	978.36591
564.07965	974.49353
564.13177	970.8949
564.18384	973.29626
564.23596	988.58154
564.28809	980.75269
564.34015	969.9245
564.39227	978.69965
564.4444	968.56262
564.49646	974.91895
564.54858	976.21161
564.60071	973.60712
564.65283	970.1676
564.7049	973.66992
564.75702	972.03522
564.80914	977.23383
564.86121	970.65613
564.91333	970.55768
564.96545	977.42145
565.01758	974.38
565.06964	972.11133
565.12177	966.93152
565.17389	970.22223
565.22595	969.22345
565.27808	966.29462
565.3302	965.28094
565.38232	959.54089
565.43439	963.72504
565.48651	963.49634
565.53864	964.65662
565.5907	968.6098
565.64282	962.76416
565.69495	962.55811
565.74701	960.18378
565.79913	962.17145
565.85126	960.52875
565.90338	959.0722
565.95544	961.56659
566.00757	958.78558
566.05969	965.16406
566.11176	962.5755
566.16388	965.86157
566.216	964.46942
566.26813	957.85486
566.32019	961.12512
566.37231	967.96802
566.42444	966.10925
566.4765	968.47424
566.52863	963.77197
566.58075	971.88092
566.63287	966.953
566.68494	971.24518
566.73706	967.69867
566.78918	961.31482
566.84125	960.9549
566.89337	961.29303
566.9455	964.26556
566.99756	964.11023
567.04968	962.95648
567.10181	969.76154
567.15393	959.48816
567.20599	963.65955
567.25812	952.12646
567.31024	956.30548
567.3623	958.78766
567.41443	956.65405
567.46655	952.28967
567.51868	965.61578
567.57074	957.34198
567.62286	958.60059
567.67499	961.2135
567.72705	960.22498
567.77917	963.42664
567.8313	956.40985
567.88336	962.28607
567.93549	960.27734
567.98761	953.48053
568.03973	955.60052
568.0918	945.61542
568.14392	952.5661
568.19604	961.70966
568.24811	961.37665
568.30023	959.06519
568.35236	955.61438
568.40448	961.5387
568.45654	957.65942
568.50867	959.48041
568.56079	963.81927
568.61285	963.05023
568.66498	955.24292
568.7171	954.71729
568.76923	961.69531
568.82129	959.29004
568.87341	954.01923
568.92554	953.68445
568.9776	958.29156
569.02972	955.90149
569.08185	951.26984
569.13391	953.83337
569.18604	965.87689
569.23816	958.36481
569.29028	954.30957
569.34235	953.17621
569.39447	957.5274
569.44659	958.12433
569.49866	955.59662
569.55078	952.04321
569.60291	961.68896
569.65503	955.11896
569.70709	952.07501
569.75922	954.18231
569.81134	955.651
569.8634	957.79675
569.91553	952.48096
569.96765	948.19183
570.01978	953.58905
570.07184	949.07104
570.12396	950.83356
570.17609	951.40979
570.22815	951.73615
570.28027	950.02106
570.3324	953.18231
570.38446	961.31769
570.43658	954.60736
570.48871	956.74084
570.54083	956.89215
570.5929	947.8808
570.64502	952.11542
570.69714	954.14093
570.74921	954.09045
570.80133	952.91754
570.85345	956.98492
570.90558	949.29999
570.95764	944.96613
571.00977	950.04803
571.06189	956.03131
571.11395	949.69873
571.16608	947.65247
571.2182	947.85132
571.27026	959.05182
571.32239	956.46448
571.37451	952.0683
571.42664	952.21295
571.4787	953.48376
571.53082	957.07477
571.58295	957.97565
571.63501	957.91791
571.68713	961.62054
571.73926	958.3656
571.79138	956.47412
571.84344	954.39673
571.89557	954.55603
571.94769	950.58911
571.99976	949.17188
572.05188	946.00641
572.104	949.60046
572.15613	954.07996
572.20819	965.0083
572.26031	952.51996
572.31244	955.94519
572.3645	954.73932
572.41663	945.18726
572.46875	948.35016
572.52081	951.27216
572.57294	951.69666
572.62506	949.17035
572.67719	946.54938
572.72925	949.14075
572.78137	958.86041
572.8335	957.71399
572.88556	956.59741
572.93768	952.79333
572.98981	950.77039
573.04193	953.50073
573.09399	955.0791
573.14612	956.4942
573.19824	959.72296
573.25031	958.02887
573.30243	948.91321
573.35455	951.21545
573.40668	949.43225
573.45874	948.25397
573.51086	951.4093
573.56299	958.76886
573.61505	958.07971
573.66718	951.36554
573.7193	953.29114
573.77136	952.74945
573.82349	955.85248
573.87561	950.69257
573.92773	944.53998
573.9798	951.56531
574.03192	958.10248
574.08405	952.0274
574.13611	957.95715
574.18823	960.09125
574.24036	952.94104
574.29248	949.45953
574.34454	952.47357
574.39667	948.61627
574.44879	949.65308
574.50085	951.84222
574.55298	956.39905
574.6051	952.58026
574.65723	944.96039
574.70929	941.60309
574.76141	946.70947
574.81354	949.35522
574.8656	949.06561
574.91772	954.18176
574.96985	953.47742
575.02191	957.05609
575.07404	956.91949
575.12616	953.98816
575.17828	951.72107
575.23035	950.85779
575.28247	948.23126
575.33459	945.25073
575.38666	949.09943
575.43878	950.07434
575.49091	949.20923
575.54303	946.58527
575.59509	946.38678
575.64722	946.38245
575.69934	944.85266
575.7514	943.9422
575.80353	949.90503
575.85565	950.59869
575.90771	949.28131
575.95984	948.08667
576.01196	944.62793
576.06409	947.7157
576.11615	944.66724
576.16827	943.18079
576.2204	944.48456
576.27246	946.00372
576.32458	944.44708
576.37671	948.46869
576.42883	946.28949
576.4809	948.10413
576.53302	955.95752
576.58514	947.92334
576.63721	946.2063
576.68933	950.14813
576.74146	945.72534
576.79358	943.8999
576.84564	948.04333
576.89777	947.61414
576.94989	955.38934
577.00195	948.29474
577.05408	948.90466
577.1062	950.86938
577.15826	953.9292
577.21039	955.67584
577.26251	953.95734
577.31464	952.73871
577.3667	952.64423
577.41882	949.37006
577.47095	952.58105
577.52301	953.55719
577.57513	950.65118
577.62726	949.0589
577.67938	945.21429
577.73145	950.95325
577.78357	942.12762
577.83569	934.06537
577.88776	940.93115
577.93988	945.00604
577.992	944.03418
578.04413	949.41455
578.09619	954.17426
578.14832	955.83148
578.20044	952.58069
578.2525	945.9187
578.30463	950.23651
578.35675	941.63751
578.40881	938.9765
578.46094	943.60553
578.51306	951.00861
578.56519	952.43231
578.61725	952.38806
578.66937	954.35913
578.7215	945.85327
578.77356	944.34662
578.82568	945.22998
578.87781	954.33557
578.92993	949.42908
578.98199	943.09393
579.03412	947.03571
579.08624	946.15894
579.13831	952.95477
579.19043	950.11243
579.24255	950.57196
579.29462	947.77954
579.34674	942.45599
579.39886	942.78424
579.45099	944.93311
579.50305	948.19214
579.55518	950.87622
579.6073	952.84833
579.65936	949.64868
579.71149	940.37775
579.76361	940.03265
579.81573	946.15643
579.8678	946.45947
579.91992	946.35498
579.97205	947.82654
580.02411	948.31976
580.07623	939.14691
580.12836	945.04999
580.18048	944.18335
580.23254	946.60132
580.28467	943.10742
580.33679	942.27075
580.38885	946.24451
580.44098	945.9353
580.4931	949.01117
580.54517	939.46356
580.59729	939.77673
580.64941	946.60608
580.70154	945.45056
580.7536	943.24072
580.80573	942.5426
580.85785	946.67621
580.90991	948.14807
580.96204	951.46198
581.01416	942.88385
581.06628	943.42181
581.11835	944.5199
581.17047	938.96552
581.2226	941.68744
581.27466	943.09631
581.32678	948.99414
581.37891	945.9632
581.43103	947.75812
581.48309	952.70386
581.53522	946.82153
581.58734	949.89642
581.6394	949.83374
581.69153	942.91223
581.74365	944.10284
581.79572	950.95013
581.84784	948.82294
581.89996	946.40826
581.95209	941.40076
582.00415	944.36523
582.05627	948.04407
582.1084	949.67169
582.16046	946.29071
582.21259	942.83881
582.26471	951.43768
582.31683	950.63617
582.3689	943.94952
582.42102	947.90094
582.47314	950.07568
582.52521	947.78943
582.57733	956.01172
582.62946	949.62476
582.68152	947.77802
582.73364	949.4848
582.78577	952.22876
582.83789	947.5387
582.88995	948.03516
582.94208	958.78168
582.9942	942.29132
583.04626	940.17957
583.09839	941.13721
583.15051	947.00348
583.20264	948.0722
583.2547	937.3877
583.30682	947.17163
583.35895	947.71722
583.41101	946.25458
583.46313	942.72943
583.51526	943.88306
583.56738	940.42444
583.61945	943.16229
583.67157	947.30804
583.72369	948.5813
583.77576	946.47821
583.82788	951.552
583.88	944.38599
583.93207	941.09558
583.98419	939.95294
584.03632	951.42596
584.08844	945.8241
584.1405	948.07806
584.19263	944.33777
584.24475	945.04144
584.29681	946.63959
584.34894	942.71808
584.40106	943.59222
584.45319	942.78595
584.50525	944.54492
584.55737	933.46576
584.6095	929.32941
584.66156	940.24878
584.71368	940.21082
584.76581	942.9519
584.81793	943.32324
584.87	941.90649
584.92212	940.37384
584.97424	940.3891
585.02631	938.53528
585.07843	946.49048
585.13055	945.01837
585.18262	936.85455
585.23474	939.93799
585.28687	948.37927
585.33899	944.40088
585.39105	943.9469
585.44318	945.02533
585.4953	940.05872
585.54736	948.99677
585.59949	946.87689
585.65161	948.80389
585.70374	941.99933
585.7558	940.85834
585.80792	935.81006
585.86005	939.32672
585.91211	948.53619
585.96423	943.16016
586.01636	941.40936
586.06848	943.81805
586.12054	945.97949
586.17267	938.96936
586.22479	942.61273
586.27686	940.06763
586.32898	949.51624
586.3811	941.80432
586.43317	940.91229
586.48529	941.55688
586.53741	945.76678
586.58954	939.92072
586.6416	939.38831
586.69373	946.63678
586.74585	945.05829
586.79791	947.82782
586.85004	935.79242
586.90216	944.82379
586.95428	946.87555
587.00635	937.49567
587.05847	935.3902
587.1106	945.10785
587.16266	946.7569
587.21478	951.44641
587.26691	942.29553
587.31897	948.00525
587.37109	942.64911
587.42322	941.17505
587.47534	936.73285
587.5274	943.8996
587.57953	943.70801
587.63165	940.42255
587.68372	947.42688
587.73584	952.39728
587.78796	940.97235
587.84009	941.58539
587.89215	940.51031
587.94427	938.08545
587.9964	940.46088
588.04846	935.83142
588.10059	945.08795
588.15271	942.1441
588.20483	947.97766
588.2569	934.62231
588.30902	943.53564
588.36115	938.66516
588.41321	955.37787
588.46533	942.38593
588.51746	946.9422
588.56952	939.64099
588.62164	948.47028
588.67377	940.75122
588.72589	936.78534
588.77795	948.96631
588.83008	938.41199
588.8822	936.40643
588.93427	938.31982
588.98639	942.20721
589.03851	945.30328
589.09064	945.59711
589.1427	942.98773
589.19482	939.96503
589.24695	942.93744
589.29901	933.87799
589.35114	938.72705
589.40326	941.84515
589.45538	950.70941
589.50745	939.73553
589.55957	934.67108
589.61169	955.59515
589.66376	944.36511
589.71588	932.5108
589.76801	942.55164
589.82007	939.79382
589.87219	944.97662
589.92432	946.76868
589.97644	941.76105
590.0285	935.66412
590.08063	943.45642
590.13275	930.7525
590.18481	946.36682
590.23694	937.11835
590.28906	943.33685
590.34119	943.84906
590.39325	943.36536
590.44537	937.96161
590.4975	939.83112
590.54956	940.64825
590.60168	942.38086
590.65381	935.31201
590.70587	938.11218
590.758	943.42041
590.81012	943.2699
590.86224	950.65948
590.91431	941.8504
590.96643	940.65906
591.01855	940.87781
591.07062	944.71008
591.12274	946.42352
591.17487	947.05762
591.22699	943.3114
591.27905	940.05084
591.33118	934.73889
591.3833	937.91772
591.43536	937.35138
591.48749	939.16779
591.53961	941.64557
591.59174	941.60138
591.6438	940.32111
591.69592	942.48889
591.74805	941.59424
591.80011	936.67041
591.85223	945.22455
591.90436	945.06714
591.95642	945.30682
592.00854	940.61292
592.06067	942.51501
592.11279	943.21606
592.16486	939.74359
592.21698	937.24426
592.2691	942.11505
592.32117	941.50067
592.37329	934.59955
592.42542	937.2995
592.47754	940.2804
592.5296	941.5083
592.58173	943.71619
592.63385	938.4707
592.68591	939.8877
592.73804	941.77612
592.79016	940.03033
592.84229	938.20105
592.89435	938.02264
592.94647	940.60876
592.9986	935.25372
593.05066	936.92358
593.10278	938.58594
593.15491	932.69366
593.20697	938.08307
593.25909	937.77063
593.31122	941.90533
593.36334	949.03186
593.41541	948.96588
593.46753	943.72827
593.51965	946.25916
593.57172	945.92053
593.62384	945.75317
593.67596	946.34106
593.72809	939.42554
593.78015	937.00983
593.83228	939.25372
593.8844	937.02777
593.93646	946.54407
593.98859	938.53088
594.04071	938.71991
594.09277	936.85034
594.1449	941.01642
594.19702	942.74719
594.24915	943.72162
594.30121	939.48767
594.35333	937.15704
594.40546	943.18848
594.45752	946.297
594.50964	945.14001
594.56177	945.02234
594.61389	942.69714
594.66595	934.65344
594.71808	933.12921
594.7702	943.20599
594.82227	937.74536
594.87439	939.93896
594.92651	937.23798
594.97864	947.44482
595.0307	943.66711
595.08282	937.9411
595.13495	935.27118
595.18701	935.85229
595.23914	941.65668
595.29126	940.41718
595.34332	939.85028
595.39545	935.20856
595.44757	938.71265
595.49969	933.62463
595.55176	946.35986
595.60388	942.68188
595.65601	934.1955
595.70807	940.79004
595.76019	935.63763
595.81232	935.74255
595.86444	940.7934
595.9165	937.10095
595.96863	940.3158
596.02075	936.08887
596.07281	932.09924
596.12494	938.66046
596.17706	941.96661
596.22919	941.1969
596.28125	928.83661
596.33337	944.09167
596.3855	938.62427
596.43756	939.32477
596.48969	939.19244
596.54181	936.237
596.59387	943.39349
596.646	937.00555
596.69812	936.8009
596.75024	937.50574
596.80231	942.79388
596.85443	941.69415
596.90656	947.59076
596.95862	943.68829
597.01074	942.28455
597.06287	942.96179
597.11499	946.50934
597.16705	936.17719
597.21918	936.14941
597.2713	940.4754
597.32336	939.44269
597.37549	944.6333
597.42761	947.21069
597.47974	936.78345
597.5318	932.82544
597.58392	938.58319
597.63605	946.6676
597.68811	943.24646
597.74023	942.43658
597.79236	941.46893
597.84442	937.52637
597.89655	939.36829
597.94867	944.84796
598.00079	940.79236
598.05286	935.54187
598.10498	941.84119
598.1571	941.21991
598.20917	947.19586
598.26129	940.09369
598.31342	941.37415
598.36554	943.20813
598.4176	942.86591
598.46973	944.89069
598.52185	943.9411
598.57391	939.78967
598.62604	937.02368
598.67816	929.4187
598.73022	940.84399
598.78235	941.08923
598.83447	932.71173
598.8866	932.3089
598.93866	943.51807
598.99078	946.54529
599.04291	946.79358
599.09497	943.32458
599.14709	938.00867
599.19922	936.02911
599.25134	942.59418
599.30341	939.89752
599.35553	941.77588
599.40765	940.07941
599.45972	942.39539
599.51184	937.76617
599.56396	935.97333
599.61609	937.97809
599.66815	935.89978
599.72028	943.18408
599.7724	942.8562
599.82446	935.1449
599.87659	940.10559
599.92871	944.21704
599.98077	939.53601
600.0329	946.58997
600.08502	937.02386
600.13715	947.15942
600.18921	947.38361
600.24133	940.44037
600.29346	937.52386
600.34552	940.86591
600.39764	940.15015
600.44977	935.54669
600.50189	939.10046
600.55396	947.28943
600.60608	941.00354
600.6582	949.16205
600.71027	942.81281
600.76239	945.80927
600.81451	946.737
600.86664	940.52191
600.9187	940.88708
600.97083	936.38538
601.02295	934.98926
601.07501	944.06561
601.12714	940.94025
601.17926	940.66693
601.23132	944.33826
601.28345	943.94757
601.33557	945.69995
601.3877	933.56213
601.43976	945.13293
601.49188	942.41382
601.54401	940.62207
601.59607	939.72614
601.64819	943.8847
601.70032	934.85944
601.75244	937.68396
601.8045	939.99084
601.85663	948.229
601.90875	939.76154
601.96082	932.2876
602.01294	940.63983
602.06506	931.81604
602.11713	938.46582
602.16925	937.16833
602.22137	936.23041
602.2735	942.71161
602.32556	948.59827
602.37769	938.73541
602.42981	941.73395
602.48187	942.16357
602.534	935.42352
602.58612	941.22803
602.63824	942.33624
602.69031	938.2226
602.74243	942.92218
602.79456	941.70612
602.84662	934.32501
602.89874	941.29614
602.95087	934.61487
603.00299	941.37939
603.05505	956.34546
603.10718	943.12781
603.1593	947.76483
603.21136	940.3338
603.26349	930.56274
603.31561	929.46991
603.36768	936.75537
603.4198	926.12885
603.47192	940.84674
603.52405	940.57056
603.57611	947.56097
603.62823	937.33136
603.68036	937.828
603.73242	947.94434
603.78455	937.93524
603.83667	932.80847
603.88879	941.87891
603.94086	937.86652
603.99298	938.82843
604.0451	937.17834
604.09717	936.52179
604.14929	943.3634
604.20142	936.40088
604.25354	940.18231
604.3056	942.9621
604.35773	942.64752
604.40985	934.24988
604.46191	928.78601
604.51404	934.27997
604.56616	943.56189
604.61823	941.3338
604.67035	937.43164
604.72247	934.02106
604.7746	939.18768
604.82666	934.34979
604.87878	937.16785
604.93091	935.54846
604.98297	948.80438
605.0351	940.78674
605.08722	940.44507
605.13934	943.94525
605.19141	935.25183
605.24353	939.69855
605.29565	941.284
605.34772	942.42328
605.39984	938.87549
605.45197	943.80762
605.50403	942.80096
605.55615	935.82477
605.60828	935.56134
605.6604	937.51208
605.71246	941.58405
605.76459	938.93127
605.81671	937.21521
605.86877	932.66119
605.9209	938.24701
605.97302	946.19098
606.02515	938.91656
606.07721	935.53638
606.12933	930.5354
606.18146	934.66998
606.23352	938.36816
606.28564	933.47034
606.33777	945.77808
606.38989	941.5127
606.44196	927.04639
606.49408	931.68024
606.5462	937.85028
606.59827	945.40009
606.65039	944.65033
606.70251	936.65961
606.75458	931.73688
606.8067	929.50751
606.85883	929.97229
606.91095	944.28723
606.96301	940.41388
607.01514	937.58173
607.06726	937.25665
607.11932	938.20947
607.17145	940.58722
607.22357	942.19598
607.2757	927.05969
607.32776	929.39215
607.37988	937.32959
607.43201	938.59058
607.48407	940.1322
607.53619	935.25378
607.58832	932.82025
607.64044	931.88495
607.6925	937.24713
607.74463	939.36353
607.79675	937.1095
607.84882	941.02783
607.90094	939.58148
607.95306	933.41016
608.00513	937.58527
608.05725	938.43524
608.10938	936.54895
608.1615	932.32892
608.21356	935.52905
608.26569	934.85425
608.31781	933.82483
608.36987	940.146
608.422	932.90918
608.47412	939.61133
608.52625	939.72601
608.57831	932.46619
608.63043	938.28491
608.68256	940.3916
608.73462	936.03363
608.78674	938.05792
608.83887	936.02637
608.89099	930.07416
608.94305	930.69659
608.99518	934.50873
609.0473	939.6889
609.09937	940.92468
609.15149	936.23199
609.20361	934.54492
609.25568	934.21692
609.3078	930.87421
609.35992	928.87506
609.41205	932.3877
609.46411	935.00659
609.51624	932.03491
609.56836	934.56818
609.62042	939.04633
609.67255	940.34039
609.72467	937.9519
609.77679	936.59265
609.82886	939.82526
609.88098	935.82782
609.93311	931.08313
609.98517	933.8429
610.03729	933.62695
610.08942	933.55609
610.14148	937.4986
610.1936	939.30127
610.24573	934.78534
610.29785	939.63135
610.34991	946.01697
610.40204	940.45428
610.45416	938.46521
610.50623	934.88751
610.55835	933.25476
610.61047	933.5675
610.6626	934.36566
610.71466	934.07104
610.76678	936.57269
610.81891	937.34381
610.87097	936.30292
610.9231	935.05389
610.97522	930.2666
611.02734	931.49261
611.07941	937.9162
611.13153	939.65216
611.18365	942.10919
611.23572	938.58533
611.28784	940.48492
611.33997	939.26465
611.39203	934.75238
611.44415	936.96307
611.49628	939.771
611.5484	935.83008
611.60046	936.99634
611.65259	936.34552
611.70471	933.50372
611.75677	929.4585
611.8089	937.44733
611.86102	937.92981
611.91315	936.53503
611.96521	940.89856
612.01733	936.28522
612.06946	930.7937
612.12152	937.03088
612.17365	935.93591
612.22577	932.33087
612.27789	929.52112
612.32996	934.16626
612.38208	938.23352
612.4342	934.89148
612.48627	935.30756
612.53839	938.40851
612.59052	938.36658
612.64258	937.22607
612.6947	934.7442
612.74683	934.02759
612.79895	938.14594
612.85101	932.97363
612.90314	929.68561
612.95526	935.65259
613.00732	937.68353
613.05945	931.83179
613.11157	929.46967
613.1637	934.96527
613.21576	933.99915
613.26788	932.47528
613.32001	932.92755
613.37207	934.92957
613.42419	934.96759
613.47632	934.93097
613.52838	932.97083
613.58051	930.43689
613.63263	930.18591
613.68475	931.1911
613.73682	933.43427
613.78894	932.14923
613.84106	935.5249
613.89313	938.62659
613.94525	936.40118
613.99738	940.05212
614.0495	937.41681
614.10156	931.40619
614.15369	936.91119
614.20581	935.04584
614.25787	932.3399
614.31	930.06903
614.36212	929.13452
614.41425	935.34332
614.46631	931.40149
614.51843	931.84357
614.57056	935.78711
614.62262	932.95776
614.67474	937.14496
614.72687	933.02661
614.77893	930.58246
614.83105	932.40607
614.88318	932.25916
614.9353	933.6355
614.98737	940.92621
615.03949	939.23804
615.09161	935.55762
615.14368	939.13623
615.1958	937.66693
615.24792	939.96692
615.30005	943.33075
615.35211	941.57312
615.40424	937.97424
615.45636	931.30621
615.50842	932.26263
615.56055	935.31433
615.61267	935.90936
615.66479	930.89844
615.71686	929.72144
615.76898	936.45807
615.82111	939.18854
615.87317	929.91205
615.92529	934.13214
615.97742	939.05255
616.02948	938.59534
616.0816	942.52637
616.13373	942.58521
616.18585	938.1283
616.23792	928.3653
616.29004	925.99329
616.34216	933.32733
616.39423	933.23706
616.44635	931.90265
616.49847	937.7569
616.5506	938.47815
616.60266	943.4469
616.65479	937.89459
616.70691	938.51251
616.75897	937.26697
616.8111	932.24585
616.86322	934.73529
616.91534	935.72345
616.96741	934.55219
617.01953	933.2074
617.07166	937.47839
617.12372	944.83899
617.17584	937.60498
617.22797	932.52075
617.28003	928.05731
617.33215	927.24469
617.38428	932.58423
617.4364	932.5932
617.48846	937.32635
617.54059	935.79913
617.59271	939.87073
617.64478	941.11261
617.6969	939.96289
617.74902	935.71613
617.80115	938.87445
617.85321	938.85388
617.90533	932.69452
617.95746	936.89227
618.00952	938.05609
618.06165	933.2218
618.11377	929.79755
618.16583	937.3512
618.21796	931.91095
618.27008	936.28674
618.3222	936.75275
618.37427	937.65363
618.42639	941.17957
618.47852	934.47528
618.53058	931.35834
618.5827	936.52924
618.63483	938.12073
618.68695	936.17108
618.73901	932.0965
618.79114	931.5033
618.84326	936.7301
618.89532	935.72778
618.94745	937.48792
618.99957	936.10077
619.0517	933.99048
619.10376	930.77319
619.15588	934.539
619.20801	938.02277
619.26007	936.94958
619.31219	937.39722
619.36432	937.16315
619.41638	937.48486
619.46851	939.22778
619.52063	932.90118
619.57275	935.74738
619.62482	932.77612
619.67694	935.85175
619.72906	939.51587
619.78113	930.68701
619.83325	937.16211
619.88538	941.11481
619.9375	929.90448
619.98956	938.84961
620.04169	941.40039
620.09381	936.29376
620.14587	936.83936
620.198	937.46234
620.25012	941.49426
620.30225	928.7171
620.35431	928.34863
620.40643	933.87384
620.45856	931.36169
620.51062	933.25677
620.56274	932.14209
620.61487	931.99603
620.66693	935.64215
620.71906	935.98944
620.77118	928.16693
620.8233	934.8764
620.87537	928.06
620.92749	929.80566
620.97961	940.25787
621.03168	941.909
621.0838	936.78259
621.13593	932.67596
621.18805	931.03485
621.24011	935.72845
621.29224	935.95337
621.34436	926.33093
621.39642	938.01105
621.44855	931.65735
621.50067	935.82245
621.55273	930.56329
621.60486	932.88708
621.65698	929.48431
621.70911	928.43829
621.76117	932.39697
621.81329	932.91888
621.86542	925.4281
621.91748	938.38544
621.9696	932.84778
622.02173	925.45837
622.07385	929.36139
622.12592	926.94147
622.17804	928.98395
622.23016	932.23486
622.28223	927.13257
622.33435	934.44257
622.38647	935.67987
622.4386	931.1073
622.49066	935.73248
622.54279	932.92749
622.59491	933.328
622.64697	924.98285
622.6991	933.74976
622.75122	925.10345
622.80328	928.28473
622.85541	927.97754
622.90753	934.48962
622.95966	925.3606
623.01172	931.11426
623.06384	933.37134
623.11597	929.62622
623.16803	936.32111
623.22015	931.99274
623.27228	933.1059
623.3244	932.12854
623.37646	937.96484
623.42859	934.57813
623.48071	928.99591
623.53278	927.93579
623.5849	933.94354
623.63702	926.22156
623.68915	931.51184
623.74121	928.82654
623.79333	924.98975
623.84546	932.94666
623.89752	925.95203
623.94965	927.62146
624.00177	932.29706
624.05383	934.25208
624.10596	932.40674
624.15808	933.88892
624.21021	929.09186
624.26227	934.4765
624.31439	932.76904
624.36652	930.75977
624.41858	929.82794
624.4707	926.77991
624.52283	929.28748
624.57495	930.69794
624.62701	928.07196
624.67914	926.8822
624.73126	930.73676
624.78333	930.49554
624.83545	929.48773
624.88757	927.73981
624.93964	926.85834
624.99176	933.09265
625.04388	932.58704
625.09601	931.68304
625.14807	930.07568
625.2002	930.66669
625.25232	933.76086
625.30438	933.21851
625.35651	928.91846
625.40863	934.93896
625.46075	938.20874
625.51282	925.91309
625.56494	935.68433
625.61707	932.72302
625.66913	929.17725
625.72125	934.87317
625.77338	931.54297
625.8255	929.1579
625.87756	931.83398
625.92969	929.25244
625.98181	926.99402
626.03387	936.63116
626.086	933.70361
626.13812	928.89337
626.19019	929.18805
626.24231	931.79956
626.29443	930.12952
626.34656	930.36957
626.39862	928.73651
626.45074	932.3222
626.50287	928.69928
626.55493	926.59143
626.60706	931.2124
626.65918	932.37006
626.7113	930.73083
626.76337	924.94281
626.81549	926.86517
626.86761	925.02216
626.91968	929.54077
626.9718	933.40533
627.02393	930.45752
627.07605	927.9375
627.12811	929.1521
627.18024	928.54883
627.23236	931.1568
627.28442	929.60974
627.33655	930.95734
627.38867	929.97449
627.44073	928.73096
627.49286	930.33301
627.54498	932.26331
627.59711	940.02173
627.64917	932.26501
627.70129	924.61432
627.75342	932.87439
627.80548	932.42468
627.8576	926.43036
627.90973	930.62976
627.96185	932.54059
628.01392	929.83612
628.06604	935.95587
628.11816	935.04535
628.17023	926.65051
628.22235	929.93811
628.27448	935.5769
628.3266	935.7262
628.37866	935.22015
628.43079	929.78949
628.48291	929.21375
628.53497	930.6134
628.5871	932.07587
628.63922	934.3913
628.69128	931.65875
628.74341	936.19727
628.79553	933.70667
628.84766	928.54547
628.89972	930.79541
628.95184	933.41968
629.00397	930.46277
629.05603	927.50085
629.10815	933.44037
629.16028	931.40344
629.2124	930.76111
629.26447	925.30573
629.31659	925.96863
629.36871	928.95819
629.42078	932.50323
629.4729	928.79645
629.52502	929.19928
629.57709	935.30811
629.62921	931.45972
629.68134	928.57123
629.73346	930.20496
629.78552	927.32434
629.83765	933.52118
629.88977	933.85718
629.94183	927.0249
629.99396	924.16437
630.04608	928.38135
630.09821	934.41138
630.15027	935.13788
630.20239	935.6554
630.25452	924.35791
630.30658	936.75842
630.3587	938.26294
630.41083	929.13269
630.46295	929.64404
630.51501	929.97388
630.56714	931.47571
630.61926	931.05725
630.67133	930.86273
630.72345	932.08911
630.77557	931.53076
630.82764	933.01465
630.87976	940.46777
630.93188	929.19861
630.98401	935.33026
631.03607	935.13123
631.0882	935.69629
631.14032	931.93909
631.19238	938.74127
631.24451	927.10107
631.29663	923.55695
631.34875	936.20642
631.40082	928.86365
631.45294	931.41742
631.50507	921.38513
631.55713	930.33978
631.60925	928.08813
631.66138	929.18689
631.7135	929.29718
631.76556	931.63507
631.81769	942.15424
631.86981	937.10101
631.92188	928.67194
631.974	935.00043
632.02612	935.76013
632.07819	920.21881
632.13031	935.90424
632.18243	933.31757
632.23456	935.24438
632.28662	940.23895
632.33875	940.22174
632.39087	924.80957
632.44293	931.88965
632.49506	941.0365
632.54718	930.75751
632.5993	931.16034
632.65137	928.70007
632.70349	927.77948
632.75562	929.41003
632.80768	942.22815
632.8598	942.35004
632.91193	943.63336
632.96399	935.0448
633.01611	926.71497
633.06824	926.53748
633.12036	925.88019
633.17242	937.15552
633.22455	937.1264
633.27667	940.24768
633.32874	935.86633
633.38086	930.37958
633.43298	934.92737
633.48511	933.18555
633.53717	932.82214
633.58929	929.93036
633.64142	926.37958
633.69348	931.96515
633.74561	940.07239
633.79773	933.87634
633.84985	931.52728
633.90192	938.69171
633.95404	939.8501
634.00616	927.05695
634.05823	929.09882
634.11035	925.28094
634.16248	932.15186
634.21454	929.88629
634.26666	932.8576
634.31879	930.90558
634.37091	938.12958
634.42297	938.63116
634.4751	937.6698
634.52722	930.22241
634.57928	930.88257
634.63141	935.89178
634.68353	938.46136
634.73566	939.18213
634.78772	931.38812
634.83984	934.38348
634.89197	933.92871
634.94403	936.39368
634.99615	929.94159
635.04828	928.42169
635.1004	931.28192
635.15247	937.58051
635.20459	936.87708
635.25671	934.50342
635.30878	933.8432
635.3609	937.73376
635.41302	940.75262
635.46509	939.90948
635.51721	940.40045
635.56934	941.6709
635.62146	936.03119
635.67352	936.74384
635.72565	939.12244
635.77777	935.25323
635.82983	939.84662
635.88196	947.50378
635.93408	945.14343
635.98621	940.38116
636.03827	945.00037
636.09039	942.01801
636.14252	939.46649
636.19458	943.58093
636.2467	936.18799
636.29883	939.61469
636.35089	947.00824
636.40302	946.27307
636.45514	947.99847
636.50726	946.43652
636.55933	941.57104
636.61145	935.8476
636.66357	945.54315
636.71564	946.56458
636.76776	939.96503
636.81989	945.36005
636.87201	946.64514
636.92407	946.36102
636.9762	946.4671
637.02832	939.91888
637.08038	934.4483
637.13251	938.53741
637.18463	949.15692
637.23676	951.38519
637.28882	946.15015
637.34094	947.67828
637.39307	946.19336
637.44513	943.24298
637.49725	949.2312
637.54938	946.54205
637.60144	942.8139
637.65356	944.05115
637.70569	945.97797
637.75781	944.04785
637.80988	944.23749
637.862	950.01263
637.91412	947.88232
637.96619	948.09534
638.01831	948.07599
638.07043	946.13232
638.12256	949.0672
638.17462	945.72705
638.22675	948.48657
638.27887	952.50385
638.33093	953.18439
638.38306	948.81647
638.43518	949.75421
638.4873	953.39172
638.53937	955.67828
638.59149	948.78687
638.64362	948.60687
638.69568	950.83795
638.7478	949.92554
638.79993	952.85077
638.85199	942.47186
638.90411	947.21851
638.95624	951.57965
639.00836	954.38843
639.06042	949.83905
639.11255	959.5119
639.16467	955.43365
639.21674	955.70392
639.26886	958.32806
639.32098	958.4176
639.37311	965.0863
639.42517	959.58264
639.47729	948.84357
639.52942	951.5979
639.58148	956.1297
639.63361	954.76312
639.68573	951.25024
639.73785	953.34943
639.78992	967.27625
639.84204	954.81512
639.89417	957.1051
639.94623	960.92487
639.99835	964.23969
640.05048	963.0351
640.10254	960.60303
640.15466	959.30792
640.20679	960.76648
640.25891	953.55768
640.31097	963.39691
640.3631	959.58228
640.41522	956.9873
640.46729	959.20044
640.51941	960.30286
640.57153	959.47284
640.62366	966.93286
640.67572	966.95776
640.72784	967.92542
640.77997	957.62274
640.83203	963.35333
640.88416	965.99823
640.93628	960.45563
640.98834	967.54987
641.04047	969.40802
641.09259	959.26385
641.14471	967.91339
641.19678	978.96808
641.2489	967.17542
641.30103	974.69617
641.35309	982.47229
641.40521	969.18634
641.45734	969.12518
641.50946	974.1463
641.56152	973.13898
641.61365	974.6496
641.66577	979.71143
641.71783	981.93036
641.76996	980.57349
641.82208	977.15955
641.87421	978.55353
641.92627	977.61633
641.97839	966.22363
642.03052	978.42084
642.08258	978.38947
642.1347	979.89166
642.18683	981.02869
642.23889	981.89124
642.29102	982.26874
642.34314	978.31012
642.39526	985.875
642.44733	983.75385
642.49945	982.74683
642.55157	984.28253
642.60364	992.26514
642.65576	993.98932
642.70789	985.72211
642.76001	988.51477
642.81207	998.3476
642.8642	999.91516
642.91632	997.03284
642.96838	995.69391
643.02051	997.99658
643.07263	1000.0307
643.12476	1017.0124
643.17682	1004.426
643.22894	1003.8127
643.28107	1013.4971
643.33313	1002.0179
643.38525	1008.1079
643.43738	1011.4167
643.48944	1017.7651
643.54156	1022.7867
643.59369	1019.2366
643.64581	1017.9302
643.69788	1028.8594
643.75	1031.7662
643.80212	1050.1276
643.85419	1049.118
643.90631	1030.8096
643.95844	1032.1202
644.01056	1046.1453
644.06262	1050.5774
644.11475	1059.3055
644.16687	1060.01
644.21893	1066.1282
644.27106	1057.9922
644.32318	1057.504
644.37524	1070.6489
644.42737	1073.9143
644.47949	1079.5892
644.53162	1078.306
644.58368	1074.0262
644.6358	1093.0702
644.68793	1092.9247
644.73999	1096.0581
644.79211	1101.3365
644.84424	1115.3833
644.89636	1118.5679
644.94843	1114.6216
645.00055	1131.7418
645.05267	1135.8253
645.10474	1133.4205
645.15686	1127.4823
645.20898	1133.0818
645.26111	1150.139
645.31317	1157.4557
645.3653	1165.6348
645.41742	1162.0648
645.46948	1168.9812
645.52161	1176.5366
645.57373	1158.684
645.62579	1160.9692
645.67792	1186.7366
645.73004	1190.269
645.78217	1192.9454
645.83423	1205.8267
645.88635	1205.5801
645.93848	1225.0803
645.99054	1236.9384
646.04266	1226.6736
646.09479	1235.3042
646.14691	1258.0391
646.19897	1269.3857
646.2511	1271.8643
646.30322	1287.5221
646.35529	1313.776
646.40741	1327.4666
646.45953	1338.8785
646.51166	1361.1467
646.56372	1381.6797
646.61584	1407.2561
646.66797	1438.4226
646.72003	1457.5291
646.77216	1470.2837
646.82428	1498.7384
646.87634	1525.4247
646.92847	1544.168
646.98059	1563.7499
647.03271	1575.912
647.08478	1562.9268
647.1369	1554.9563
647.18903	1560.9868
647.24109	1554.2925
647.29321	1575.5758
647.34534	1569.8514
647.39746	1570.3761
647.44952	1571.7059
647.50165	1555.8605
647.55377	1534.9337
647.60583	1533.1169
647.65796	1540.5835
647.71008	1527.4923
647.76215	1522.804
647.81427	1545.0701
647.86639	1561.6597
647.91852	1598.9753
647.97058	1606.4928
648.02271	1623.6106
648.07483	1640.644
648.12689	1659.401
648.17902	1708.2687
648.23114	1721.3115
648.28326	1730.1699
648.33533	1774.0502
648.38745	1795.2614
648.43958	1829.4385
648.49164	1837.3248
648.54376	1863.5232
648.59589	1895.2736
648.64801	1898.4369
648.70007	1923.0156
648.7522	1949.9653
648.80432	1928.3802
648.85638	1923.1252
648.90851	1935.5187
648.96063	1936.5106
649.0127	1926.548
649.06482	1974.4116
649.11694	1991.6761
649.16907	1987.1163
649.22113	1995.7328
649.27325	2029.0968
649.32538	2027.0237
649.37744	2075.1333
649.42957	2046.8627
649.48169	2065.7119
649.53381	2102.8706
649.58588	2055.9434
649.638	2094.3823
649.69012	2103.6526
649.74219	2103.5164
649.79431	2135.8606
649.84644	2106.8025
649.89856	2091.2261
649.95062	2103.4766
650.00275	2097.6228
650.05487	2038.6245
650.10693	2020.028
650.15906	2034.0619
650.21118	2056.0505
650.26324	2027.3237
650.31537	2001.1528
650.36749	1980.4763
650.41962	2019.1818
650.47168	1955.6204
650.5238	1989.0835
650.57593	1974.7415
650.62799	2014.5857
650.68011	2015.4191
650.73224	2006.835
650.78436	2034.0505
650.83643	2057.3025
650.88855	2046.9758
650.94067	2050.7002
650.99274	2055.7249
651.04486	2144.1479
651.09698	2110.7114
651.14911	2105.1931
651.20117	2127.0269
651.2533	2215.0969
651.30542	2206.4351
651.35748	2234.6909
651.40961	2267.7354
651.46173	2281.7656
651.51379	2327.8723
651.56592	2339.9097
651.61804	2306.1265
651.67017	2351.5942
651.72223	2404.9382
651.77435	2396.3081
651.82648	2423.5403
651.87854	2455.0178
651.93066	2457.134
651.98279	2481.2839
652.03491	2505.791
652.08698	2500.3982
652.1391	2487.3296
652.19122	2487.0403
652.24329	2535.1443
652.29541	2565.2109
652.34753	2595.7659
652.3996	2554.4172
652.45172	2586.5767
652.50385	2596.4514
652.55597	2623.0251
652.60803	2617.5068
652.66016	2665.2419
652.71228	2735.4119
652.76434	2695.0544
652.81647	2758.8625
652.86859	2768.1926
652.92072	2762.4502
652.97278	2813.417
653.0249	2816.3804
653.07703	2775.4299
653.12909	2798.0261
653.18121	2792.7954
653.23334	2818.5588
653.28546	2778.3401
653.33752	2776.4846
653.38965	2774.2532
653.44177	2727.907
653.49384	2679.8701
653.54596	2659.9124
653.59808	2648.8694
653.65015	2633.5249
653.70227	2605.2153
653.75439	2564.0479
653.80652	2531.7537
653.85858	2505.7202
653.91071	2488.7478
653.96283	2523.4138
654.01489	2463.9839
654.06702	2446.123
654.11914	2394.7908
654.17126	2411.3406
654.22333	2381.032
654.27545	2316.2144
654.32758	2339.2507
654.37964	2331.395
654.43176	2342.2354
654.48389	2358.9045
654.53601	2325.9077
654.58807	2290.2393
654.6402	2291.8562
654.69232	2286.3486
654.74438	2261.6179
654.79651	2275.5251
654.84863	2274.2302
654.9007	2235.54
654.95282	2229.3618
655.00494	2255.7949
655.05707	2292.5623
655.10913	2316.3289
655.16125	2305.0789
655.21338	2272.9341
655.26544	2284.7004
655.31757	2303.3496
655.36969	2295.0942
655.42181	2298.1533
655.47388	2307.1116
655.526	2300.1641
655.57813	2299.2244
655.63019	2323.657
655.68231	2349.9407
655.73444	2345.8162
655.7865	2392.0852
655.83862	2392.0728
655.89075	2356.3418
655.94287	2351.6589
655.99493	2398.219
656.04706	2416.2231
656.09918	2410.7078
656.15125	2439.2817
656.20337	2441.2185
656.25549	2414.3438
656.30762	2435.7312
656.35968	2467.3699
656.4118	2487.1499
656.46393	2507.01
656.51599	2495.9297
656.56812	2488.2314
656.62024	2504.5249
656.67236	2539.3589
656.72443	2543.1748
656.77655	2528.4778
656.82867	2557.8367
656.88074	2571.9988
656.93286	2577.3777
656.98499	2569.271
657.03705	2530.1248
657.08917	2554.8752
657.1413	2586.2402
657.19342	2587.5315
657.24548	2594.219
657.29761	2576.1414
657.34973	2600.9768
657.40179	2623.928
657.45392	2615.7031
657.50604	2634.6992
657.55817	2641.1257
657.61023	2640.1548
657.66235	2666.1865
657.71448	2655.719
657.76654	2625.3521
657.81866	2678.783
657.87079	2681.5469
657.92291	2668.9966
657.97498	2663.7073
658.0271	2684.9165
658.07922	2660.2703
658.13129	2662.9302
658.18341	2662.6975
658.23553	2643.8906
658.2876	2651.5708
658.33972	2641.2607
658.39185	2629.3005
658.44397	2660.115
658.49603	2657.6902
658.54816	2652.9844
658.60028	2667.4019
658.65234	2672.1055
658.70447	2651.4358
658.75659	2648.5703
658.80872	2656.2073
658.86078	2699.2776
658.9129	2677.0049
658.96503	2703.9412
659.01709	2693.8015
659.06921	2718.6194
659.12134	2706.4089
659.1734	2681.5139
659.22552	2698.6328
659.27765	2721.8569
659.32977	2745.3425
659.38184	2751.1851
659.43396	2774.2178
659.48608	2762.9968
659.53815	2843.377
659.59027	2859.1116
659.6424	2851.1831
659.69452	2803.9553
659.74658	2851.6235
659.79871	2927.3193
659.85083	2911.4707
659.90289	2941.4531
659.95502	2921.9946
660.00714	2986.2061
660.05927	2959.832
660.11133	2986.1606
660.16345	2926.0806
660.21558	2986.3274
660.26764	3025.4817
660.31976	3043.4314
660.37189	3059.084
660.42395	3077.1335
660.47607	3047.429
660.5282	3075.7905
660.58032	3049.0427
660.63239	3113.9009
660.68451	2997.9578
660.73663	3079.3865
660.7887	3099.8545
660.84082	3073.7722
660.89294	3024.0891
660.94507	3076.5222
660.99713	3078.3606
661.04926	3092.7925
661.10138	3063.2114
661.15344	3026.2805
661.20557	3055.0125
661.25769	3045.2209
661.30981	3048.8491
661.36188	2961.479
661.414	3009.3965
661.46613	2996.7327
661.51819	3000.9355
661.57031	3009.3271
661.62244	2963.2815
661.6745	2936.8584
661.72662	2932.4148
661.77875	2891.7747
661.83087	2892.7114
661.88293	2897.1094
661.93506	2865.6035
661.98718	2829.1919
662.03925	2820.0005
662.09137	2790.1912
662.14349	2837.4697
662.19562	2784.0647
662.24768	2777.6401
662.2998	2787.9675
662.35193	2776.1155
662.40399	2797.5708
662.45612	2801.2009
662.50824	2765.0801
662.56036	2736.1169
662.61243	2709.0171
662.66455	2712.2795
662.71667	2701.7197
662.76874	2684.1641
662.82086	2666.0857
662.87299	2692.4084
662.92505	2726.4761
662.97717	2697.8452
663.0293	2688.8308
663.08142	2650.3872
663.13348	2633.0601
663.18561	2624.8701
663.23773	2641.5588
663.28979	2646.3296
663.34192	2638.6809
663.39404	2595.7822
663.44617	2584.5161
663.49823	2586.3918
663.55035	2599.2478
663.60248	2593.2949
663.65454	2599.3286
663.70667	2569.2434
663.75879	2546.2922
663.81085	2556.3662
663.86298	2553.9875
663.9151	2517.5774
663.96722	2481.3157
664.01929	2478.303
664.07141	2471.2402
664.12354	2457.917
664.1756	2450.4033
664.22772	2437.5752
664.27985	2443.2603
664.33197	2416.9285
664.38403	2395.5757
664.43616	2362.5298
664.48828	2331.2805
664.54034	2353.4246
664.59247	2360.6606
664.64459	2332.2979
664.69672	2307.5247
664.74878	2267.033
664.8009	2245.3445
664.85303	2271.4426
664.90509	2264.718
664.95721	2242.4087
665.00934	2206.3933
665.0614	2201.001
665.11353	2188.1987
665.16565	2181.7471
665.21777	2170.4187
665.26984	2171.158
665.32196	2156.3147
665.37408	2132.4353
665.42615	2111.135
665.47827	2085.2776
665.5304	2085.3813
665.58252	2075.9856
665.63458	2082.9089
665.68671	2105.5488
665.73883	2080.0874
665.79089	2020.4546
665.84302	2004.7397
665.89514	2005.3329
665.94727	2001.4966
665.99933	1971.4124
666.05145	1981.3329
666.10358	1972.8014
666.15564	1946.9736
666.20776	1970.6823
666.25989	1963.042
666.31195	1976.941
666.36407	1956.0149
666.4162	1922.9489
666.46832	1933.4288
666.52039	1940.0537
666.57251	1917.7404
666.62463	1927.0416
666.6767	1932.2034
666.72882	1918.9365
666.78094	1887.6664
666.83307	1876.5985
666.88513	1883.5729
666.93726	1878.4183
666.98938	1861.943
667.04144	1856.5159
667.09357	1857.9574
667.14569	1850.7643
667.19775	1859.8759
667.24988	1822.6973
667.302	1788.9563
667.35413	1799.9733
667.40619	1791.0126
667.45831	1807.5537
667.51044	1776.8384
667.5625	1761.3286
667.61462	1766.0681
667.66675	1794.0668
667.71887	1759.91
667.77094	1738.4968
667.82306	1704.0859
667.87518	1723.343
667.92725	1715.814
667.97937	1709.7065
668.03149	1712.7994
668.08362	1721.1042
668.13568	1669.0372
668.18781	1636.493
668.23993	1628.1229
668.29199	1612.5491
668.34412	1646.6143
668.39624	1621.7318
668.4483	1587.3846
668.50043	1579.0531
668.55255	1576.0548
668.60468	1555.7684
668.65674	1549.9954
668.70886	1573.795
668.76099	1563.186
668.81305	1519.4412
668.86517	1520.5046
668.9173	1501.1898
668.96942	1481.9143
669.02148	1501.811
669.07361	1480.0597
669.12573	1460.9377
669.1778	1449.8524
669.22992	1454.8683
669.28204	1457.141
669.33417	1435.0557
669.38623	1416.6884
669.43835	1415.3932
669.49048	1391.347
669.54254	1406.021
669.59467	1400.1425
669.64679	1381.8837
669.69885	1396.7496
669.75098	1352.3199
669.8031	1356.9712
669.85522	1368.5558
669.90729	1359.4247
669.95941	1333.35
670.01154	1313.5322
670.0636	1324.0897
670.11572	1310.0526
670.16785	1301.0664
670.21997	1302.7065
670.27203	1295.459
670.32416	1281.6725
670.37628	1263.0178
670.42834	1276.2657
670.48047	1270.5181
670.53259	1253.5909
670.58466	1263.1581
670.63678	1263.3445
670.6889	1236.634
670.74103	1232.3186
670.79309	1231.0424
670.84521	1222.8342
670.89734	1229.702
670.9494	1208.6613
671.00153	1193.4565
671.05365	1207.8754
671.10577	1228.3198
671.15784	1203.4857
671.20996	1177.6885
671.26208	1191.6111
671.31415	1205.243
671.36627	1186.8726
671.4184	1180.8156
671.47052	1160.5162
671.52258	1166.2072
671.57471	1167.7537
671.62683	1156.5408
671.67889	1150.9318
671.73102	1153.6826
671.78314	1147.4656
671.83521	1149.4915
671.88733	1147.8827
671.93945	1144.4635
671.99158	1136.4283
672.04364	1142.3125
672.09576	1159.2781
672.14789	1138.9957
672.19995	1125.7538
672.25208	1120.5818
672.3042	1127.7111
672.35632	1112.6239
672.40839	1115.1265
672.46051	1110.6302
672.51263	1094.0751
672.5647	1097.5844
672.61682	1096.4675
672.66895	1095.4071
672.72107	1101.9879
672.77313	1099.0984
672.82526	1097.8846
672.87738	1084.8892
672.92944	1081.4994
672.98157	1088.3376
673.03369	1084.4119
673.08575	1070.7797
673.13788	1073.827
673.19	1070.6267
673.24213	1087.8834
673.29419	1057.484
673.34631	1077.4752
673.39844	1066.3826
673.4505	1065.2943
673.50262	1065.7585
673.55475	1063.3175
673.60687	1069.7017
673.65894	1057.7637
673.71106	1056.7704
673.76318	1057.869
673.81525	1063.424
673.86737	1051.6787
673.91949	1050.0078
673.97162	1054.6011
674.02368	1043.9065
674.07581	1046.2034
674.12793	1044.6932
674.17999	1034.5939
674.23212	1048.3489
674.28424	1052.1034
674.3363	1040.1428
674.38843	1046.5917
674.44055	1044.6665
674.49268	1037.3187
674.54474	1034.2926
674.59686	1041.916
674.64899	1025.4409
674.70105	1024.488
674.75317	1028.0726
674.8053	1038.9407
674.85742	1040.7684
674.90948	1031.0989
674.96161	1032.3004
675.01373	1025.9426
675.0658	1024.0383
675.11792	1025.0516
675.17004	1033.751
675.22211	1024.1078
675.27423	1022.086
675.32635	1018.3932
675.37848	1017.2332
675.43054	1025.5203
675.48267	1021.0063
675.53479	1013.1212
675.58685	1012.4409
675.63898	1016.6528
675.6911	1016.8358
675.74323	1016.1938
675.79529	1013.2762
675.84741	1012.7437
675.89954	1014.1127
675.9516	1009.275
676.00372	999.69122
676.05585	996.20569
676.10797	1000.8002
676.16003	1007.5959
676.21216	1006.8798
676.26428	999.55426
676.31635	1000.8704
676.36847	995.12457
676.42059	995.20325
676.47266	997.75238
676.52478	1003.0314
676.5769	1005.2556
676.62903	999.72583
676.68109	1000.5483
676.73322	1006.9197
676.78534	1004.8052
676.8374	997.93994
676.88953	999.96814
676.94165	995.28308
676.99377	994.28705
677.04584	988.72485
677.09796	984.38995
677.15009	991.04919
677.20215	995.55286
677.25427	988.37213
677.3064	985.57666
677.35852	1003.6039
677.41058	1001.7753
677.46271	990.10883
677.51483	983.81195
677.56689	984.00354
677.61902	993.03784
677.67114	986.67914
677.72321	982.3974
677.77533	977.80139
677.82745	973.80127
677.87958	977.37213
677.93164	980.52515
677.98376	975.34705
678.03589	995.36237
678.08795	992.11896
678.14008	983.78033
678.1922	984.21344
678.24432	974.59216
678.29639	981.72833
678.34851	971.96661
678.40063	973.17719
678.4527	976.2052
678.50482	973.75122
678.55695	980.41895
678.60901	972.57788
678.66113	981.4292
678.71326	980.07068
678.76538	968.39526
678.81744	975.77863
678.86957	967.09949
678.92169	981.91028
678.97375	963.94037
679.02588	960.06335
679.078	966.21393
679.13013	974.57202
679.18219	965.12506
679.23431	968.86511
679.28644	974.96234
679.3385	968.72479
679.39063	970.57422
679.44275	957.49799
679.49487	963.16351
679.54694	967.10181
679.59906	955.45563
679.65118	965.4278
679.70325	967.04437
679.75537	974.02985
679.8075	962.49359
679.85956	956.67694
679.91168	969.34021
679.96381	962.80676
680.01593	963.49963
680.06799	965.00293
680.12012	956.6626
680.17224	957.39648
680.2243	960.72205
680.27643	957.79944
680.32855	958.32629
680.38068	957.17981
680.43274	961.83081
680.48486	968.52075
680.53699	962.72821
680.58905	959.86438
680.64117	959.12665
680.6933	960.86664
680.74542	954.89203
680.79749	948.19067
680.84961	945.8504
680.90173	949.45178
680.9538	948.26416
681.00592	955.75323
681.05804	956.8324
681.11011	949.73676
681.16223	952.44611
681.21436	958.9071
681.26648	951.21063
681.31854	950.53253
681.37067	950.58435
681.42279	956.74823
681.47485	955.7052
681.52698	949.18506
681.5791	951.63428
681.63123	946.77765
681.68329	935.81158
681.73541	943.77655
681.78754	948.02277
681.8396	946.40076
681.89172	945.97375
681.94385	941.07593
681.99597	939.11243
682.04803	946.36438
682.10016	951.27142
682.15228	943.13751
682.20435	940.81293
682.25647	945.90503
682.30859	948.82697
682.36066	947.50262
682.41278	946.77301
682.4649	949.69818
682.51703	943.70361
682.56909	940.88721
682.62122	944.97083
682.67334	950.1427
682.7254	945.34283
682.77753	936.55383
682.82965	937.99506
682.88177	941.62335
682.93384	938.49451
682.98596	946.61005
683.03809	934.539
683.09015	945.25037
683.14227	940.19867
683.1944	937.89313
683.24646	942.23193
683.29858	938.617
683.35071	940.06842
683.40283	932.73334
683.4549	934.58215
683.50702	941.42133
683.55914	941.22375
683.61121	933.84436
683.66333	931.71692
683.71545	932.22046
683.76758	936.68903
683.81964	936.16656
683.87177	935.40588
683.92389	940.15765
683.97595	930.71271
684.02808	939.49146
684.0802	948.1488
684.13232	932.49725
684.18439	939.57941
684.23651	934.9696
684.28864	937.23334
684.3407	937.39673
684.39282	936.62885
684.44495	938.04657
684.49701	932.35596
684.54913	935.39081
684.60126	931.68121
684.65338	936.30237
684.70544	933.49268
684.75757	935.33264
684.80969	934.22009
684.86176	929.93182
684.91388	932.69696
684.966	935.06793
685.01813	931.61829
685.07019	931.6886
685.12231	929.81683
685.17444	930.58862
685.2265	930.54309
685.27863	925.46405
685.33075	928.79736
685.38287	935.16656
685.43494	929.30817
685.48706	931.65936
685.53918	932.09125
685.59125	928.90326
685.64337	930.79016
685.6955	932.41693
685.74756	928.71417
685.79968	927.84772
685.85181	928.25861
685.90393	932.22736
685.95599	929.70453
686.00812	929.32648
686.06024	930.22009
686.1123	929.34894
686.16443	933.87799
686.21655	928.98969
686.26868	926.46808
686.32074	932.51935
686.37286	930.32703
686.42499	929.91034
686.47705	931.86511
686.52917	933.4325
686.5813	929.69324
686.63336	929.38049
686.68549	928.66327
686.73761	926.29901
686.78973	931.42749
686.8418	927.99854
686.89392	926.32764
686.94604	923.77771
686.99811	923.69586
687.05023	924.35565
687.10236	920.05957
687.15448	925.92456
687.20654	927.04858
687.25867	925.22412
687.31079	926.35492
687.36285	928.32758
687.41498	929.26782
687.4671	928.61499
687.51923	923.62189
687.57129	924.94385
687.62341	929.73065
687.67554	925.05164
687.7276	925.49756
687.77972	925.9975
687.83185	922.61865
687.88391	924.74341
687.93604	930.37592
687.98816	925.12048
688.04028	921.89954
688.09235	920.16974
688.14447	930.74188
688.19659	927.85553
688.24866	924.46509
688.30078	922.45697
688.35291	929.79639
688.40503	930.46533
688.45709	926.11121
688.50922	922.4101
688.56134	927.75842
688.6134	929.99097
688.66553	927.17352
688.71765	926.45013
688.76978	926.63983
688.82184	922.41962
688.87396	924.88715
688.92609	928.1416
688.97815	930.02441
689.03027	926.19745
689.0824	930.81982
689.13446	931.50647
689.18658	924.39825
689.23871	923.53259
689.29083	927.02576
689.3429	925.04401
689.39502	922.72247
689.44714	923.12268
689.49921	925.99664
689.55133	926.06659
689.60345	923.20508
689.65558	921.40338
689.70764	923.45874
689.75977	928.52917
689.81189	928.55408
689.86395	929.77679
689.91608	929.24805
689.9682	924.242
690.02026	923.23749
690.07239	924.94153
690.12451	925.65009
690.17664	931.83167
690.2287	930.60773
690.28082	926.75031
690.33295	927.33466
690.38501	925.65942
690.43713	925.14563
690.48926	926.34851
690.54138	923.94696
690.59344	921.28973
690.64557	924.85553
690.69769	924.65167
690.74976	921.59308
690.80188	920.71722
690.854	926.0484
690.90613	919.59113
690.95819	928.54193
691.01031	926.74896
691.06244	924.6001
691.1145	922.36713
691.16663	921.55182
691.21875	926.39307
691.27081	923.06805
691.32294	921.92346
691.37506	922.92896
691.42719	919.77435
691.47925	924.02368
691.53137	928.37335
691.5835	921.75726
691.63556	918.8764
691.68768	927.02753
691.73981	919.49792
691.79193	918.78015
691.84399	924.89685
691.89612	928.2196
691.94824	920.68689
692.00031	924.63861
692.05243	934.17462
692.10455	927.44934
692.15668	921.77856
692.20874	922.00653
692.26086	923.89777
692.31299	929.49445
692.36505	924.69666
692.41718	922.7475
692.4693	923.53186
692.52136	920.82257
692.57349	923.41406
692.62561	926.43439
692.67773	918.49445
692.7298	921.94019
692.78192	917.72461
692.83405	921.99097
692.88611	919.1261
692.93823	927.0448
692.99036	916.60645
693.04248	925.03003
693.09454	921.02094
693.14667	918.82294
693.19879	927.21027
693.25085	918.22034
693.30298	921.74884
693.3551	925.5542
693.40723	931.94531
693.45929	917.9054
693.51141	922.08887
693.56354	922.01215
693.6156	917.09082
693.66772	918.15875
693.71985	922.66772
693.77191	921.13684
693.82404	928.2486
693.87616	925.34167
693.92828	919.14465
693.98035	922.10394
694.03247	920.53265
694.08459	922.82721
694.13666	922.00555
694.18878	922.39954
694.24091	921.8172
694.29303	915.87878
694.34509	923.48059
694.39722	921.27417
694.44934	922.94611
694.5014	916.61377
694.55353	919.01111
694.60565	911.97571
694.65771	914.60522
694.70984	921.32617
694.76196	921.99548
694.81409	922.03632
694.86615	917.70734
694.91827	919.17462
694.9704	916.12317
695.02246	912.40613
695.07458	910.43042
695.12671	918.29822
695.17883	916.02179
695.2309	910.74939
695.28302	911.95978
695.33514	916.77448
695.38721	920.82611
695.43933	917.74561
695.49146	915.13
695.54358	920.40765
695.59564	920.01923
695.64777	915.5766
695.69989	916.85016
695.75195	921.32568
695.80408	922.63495
695.8562	920.97803
695.90826	920.60352
695.96039	920.39862
696.01251	920.16064
696.06464	923.17175
696.1167	924.11786
696.16882	918.54578
696.22095	915.49976
696.27301	924.03674
696.32513	926.224
696.37726	924.78705
696.42938	930.19971
696.48145	925.71613
696.53357	923.03918
696.58569	925.75897
696.63776	926.96179
696.68988	927.65552
696.742	931.32324
696.79413	924.02197
696.84619	925.67444
696.89832	931.31201
696.95044	933.33148
697.0025	932.12653
697.05463	923.75281
697.10675	932.86414
697.15881	937.60754
697.21094	933.37628
697.26306	926.37408
697.31519	925.40405
697.36725	935.82574
697.41937	928.77295
697.4715	924.53302
697.52356	938.53461
697.57568	933.42737
697.62781	931.57324
697.67993	940.56378
697.73199	929.45227
697.78412	932.8075
697.83624	930.14166
697.88831	931.35468
697.94043	929.229
697.99255	932.60516
698.04462	942.75513
698.09674	932.91113
698.14886	938.30402
698.20099	932.1131
698.25305	938.00208
698.30518	938.74091
698.3573	946.09174
698.40936	925.82098
698.46149	933.14838
698.51361	930.4104
698.56573	934.5304
698.6178	934.23749
698.66992	932.2652
698.72205	926.79474
698.77411	927.20898
698.82623	921.23663
698.87836	927.09302
698.93048	919.15277
698.98254	917.51453
699.03467	926.56708
699.08679	923.9549
699.13885	928.19312
699.19098	920.89777
699.2431	923.5188
699.29517	921.76831
699.34729	922.37598
699.39941	920.49469
699.45154	926.03754
699.5036	917.14813
699.55573	915.1842
699.60785	924.50964
699.65991	922.70782
699.71204	918.6593
699.76416	923.20557
699.81628	920.30609
699.86835	917.91882
699.92047	920.66827
699.9726	913.83362
700.02466	922.16748
700.07678	916.54016
700.12891	916.09332
700.18103	920.11176
700.23309	919.81097
700.28522	921.05695
700.33734	914.90088
700.3894	913.4024
700.44153	916.38379
700.49365	919.72229
700.54572	914.30438
700.59784	914.59674
700.64996	921.27808
700.70209	922.58868
700.75415	921.67926
700.80627	916.91382
700.8584	915.21344
700.91046	921.0755
700.96259	916.84613
701.01471	914.48553
701.06683	918.58893
701.1189	915.69781
701.17102	914.33789
701.22314	915.63629
701.27521	915.01166
701.32733	914.41028
701.37946	917.28668
701.43152	919.26318
701.48364	921.54102
701.53577	920.2428
701.58789	916.18365
701.63995	913.76337
701.69208	915.9649
701.7442	918.57489
701.79626	919.86322
701.84839	919.3714
701.90051	918.80365
701.95264	918.12073
702.0047	917.80731
702.05682	915.85742
702.10895	920.42047
702.16101	917.03497
702.21313	915.88501
702.26526	917.1629
702.31738	913.00635
702.36945	914.35095
702.42157	915.97955
702.47369	914.58777
702.52576	912.21173
702.57788	918.26056
702.63	913.35229
702.68207	911.93402
702.73419	914.69434
702.78632	913.94666
702.83844	912.68793
702.8905	914.38855
702.94263	907.48151
702.99475	911.41382
703.04681	910.92389
703.09894	916.15344
703.15106	921.15472
703.20319	913.13824
703.25525	916.94269
703.30737	918.35284
703.3595	911.03009
703.41156	917.83411
703.46368	917.1333
703.51581	913.75897
703.56793	912.04083
703.62	917.42902
703.67212	912.31274
703.72424	918.48761
703.77631	909.37506
703.82843	914.18835
703.88055	911.46606
703.93262	905.47986
703.98474	920.29413
704.03687	920.34735
704.08899	913.94067
704.14105	918.43622
704.19318	920.40887
704.2453	908.85693
704.29736	918.45959
704.34949	912.263
704.40161	917.53772
704.45374	913.40363
704.5058	910.09308
704.55792	920.79346
704.61005	916.58356
704.66211	918.86444
704.71423	921.125
704.76636	914.90576
704.81848	920.99127
704.87054	921.73694
704.92267	919.19678
704.97479	910.11145
705.02686	913.68616
705.07898	922.59399
705.1311	920.21112
705.18317	915.75879
705.23529	917.30176
705.28741	912.79773
705.33954	912.92969
705.3916	913.85492
705.44373	916.45685
705.49585	916.10376
705.54791	909.40924
705.60004	910.29065
705.65216	913.30469
705.70428	921.44452
705.75635	918.54907
705.80847	913.13293
705.8606	913.38171
705.91266	913.14807
705.96478	914.55707
706.01691	916.98737
706.06897	917.47894
706.12109	914.87689
706.17322	915.52069
706.22534	918.64935
706.2774	917.86829
706.32953	916.6864
706.38165	913.33246
706.43372	907.22699
706.48584	910.06335
706.53796	911.08813
706.59009	911.94324
706.64215	914.12457
706.69427	914.31726
706.7464	915.48792
706.79846	914.54816
706.85059	914.28607
706.90271	916.49292
706.95483	914.33655
707.0069	911.87793
707.05902	912.63403
707.11115	909.96521
707.16321	913.08655
707.21533	912.3457
707.26746	914.05493
707.31952	913.94928
707.37164	908.27069
707.42377	909.00494
707.47589	911.60144
707.52795	912.15533
707.58008	917.73242
707.6322	915.87109
707.68427	915.02905
707.73639	915.14215
707.78851	916.32208
707.84064	921.03754
707.8927	914.82544
707.94482	909.42383
707.99695	915.29669
708.04901	916.62231
708.10114	906.33856
708.15326	910.69305
708.20538	920.84924
708.25745	914.08813
708.30957	908.59216
708.36169	916.33038
708.41376	914.78754
708.46588	914.12781
708.51801	914.09253
708.57007	918.88434
708.62219	909.38055
708.67432	913.0108
708.72644	906.12451
708.7785	921.54572
708.83063	915.53955
708.88275	913.5694
708.93481	913.62537
708.98694	914.85852
709.03906	911.09064
709.09119	912.29675
709.14325	920.61169
709.19537	910.30688
709.2475	907.99194
709.29956	908.68347
709.35168	916.71069
709.40381	914.17816
709.45587	912.65607
709.508	915.27698
709.56012	913.13513
709.61224	917.85944
709.66431	908.84003
709.71643	916.52362
709.76855	911.7998
709.82062	914.62811
709.87274	914.38416
709.92487	911.98224
709.97699	912.40363
710.02905	915.79578
710.08118	910.755
710.1333	911.75885
710.18536	918.78461
710.23749	916.84613
710.28961	911.70404
710.34174	914.73749
710.3938	911.92395
710.44592	911.53693
710.49805	911.49335
710.55011	910.16418
710.60223	912.52789
710.65436	911.63153
710.70642	912.57245
710.75854	917.75488
710.81067	914.21667
710.86279	915.59845
710.91486	915.01575
710.96698	913.6781
711.0191	911.37402
711.07117	910.79388
711.12329	911.03259
711.17542	911.64508
711.22754	912.52972
711.2796	918.80743
711.33173	918.02844
711.38385	910.15076
711.43591	915.46582
711.48804	914.55017
711.54016	914.67126
711.59229	914.65607
711.64435	911.76233
711.69647	914.54578
711.7486	913.00305
711.80066	913.10602
711.85278	910.72589
711.90491	908.30811
711.95697	915.48981
712.00909	912.10522
712.06122	910.61713
712.11334	917.71613
712.16541	912.89734
712.21753	915.96948
712.26965	908.97333
712.32172	912.93097
712.37384	915.5813
712.42596	918.349
712.47809	915.45074
712.53015	904.95636
712.58228	912.92419
712.6344	911.67767
712.68646	917.15271
712.73859	907.82867
712.79071	910.96271
712.84277	917.38208
712.8949	909.30396
712.94702	915.04053
712.99915	922.58221
713.05121	914.94434
713.10333	917.28955
713.15546	915.28796
713.20752	913.58057
713.25964	903.24194
713.31177	917.07959
713.36389	922.46716
713.41595	908.95428
713.46808	910.99194
713.5202	908.38922
713.57227	914.16461
713.62439	913.26831
713.67651	912.67365
713.72864	909.26611
713.7807	912.80731
713.83282	915.33124
713.88495	914.1629
713.93701	916.2041
713.98914	909.70642
714.04126	916.14612
714.09332	914.09332
714.14545	917.78973
714.19757	910.10327
714.24969	911.34839
714.30176	915.72534
714.35388	914.54059
714.40601	910.6405
714.45807	907.89471
714.51019	910.38007
714.56232	913.7663
714.61444	911.07642
714.6665	913.60114
714.71863	912.27301
714.77075	912.63043
714.82281	908.15033
714.87494	912.74493
714.92706	914.83826
714.97919	915.68231
715.03125	912.22534
715.08337	908.64886
715.1355	910.38715
715.18756	913.66351
715.23969	913.62067
715.29181	915.07251
715.34387	914.93176
715.396	914.63348
715.44812	912.99121
715.50024	914.18121
715.55231	913.61377
715.60443	909.6391
715.65656	921.85803
715.70862	920.40234
715.76074	914.63281
715.81287	907.11548
715.86499	911.11908
715.91705	913.76355
715.96918	914.50482
716.0213	915.11621
716.07336	916.18994
716.12549	918.8045
716.17761	917.74451
716.22974	911.80127
716.2818	910.48511
716.33392	909.42035
716.38605	911.88129
716.43811	910.16162
716.49023	908.76337
716.54236	909.41888
716.59442	914.67169
716.64655	908.24622
716.69867	913.63757
716.75079	915.0144
716.80286	915.51746
716.85498	912.81958
716.9071	915.34497
716.95917	915.55664
717.01129	909.82355
717.06342	904.22754
717.11554	915.81171
717.1676	906.59741
717.21973	914.01196
717.27185	910.21442
717.32391	918.36517
717.37604	913.36395
717.42816	910.17749
717.48022	912.78278
717.53235	915.71613
717.58447	913.0202
717.6366	916.60547
717.68866	910.27386
717.74078	915.22675
717.79291	913.34967
717.84497	911.32611
717.89709	906.31012
717.94922	910.47961
718.00134	912.59406
718.05341	912.10236
718.10553	907.45758
718.15765	903.59564
718.20972	909.07098
718.26184	915.79974
718.31396	918.83551
718.36609	915.82928
718.41815	907.27954
718.47028	912.15869
718.5224	907.97156
718.57446	908.41974
718.62659	909.29773
718.67871	910.72266
718.73077	913.9021
718.7829	919.04004
718.83502	914.9209
718.88715	918.02856
718.93921	914.68884
718.99133	911.01996
719.04346	914.85901
719.09552	914.45227
719.14764	913.6828
719.19977	912.83459
719.25189	911.44427
719.30396	909.448
719.35608	911.32788
719.4082	913.53949
719.46027	908.48553
719.51239	910.81445
719.56451	915.00726
719.61664	912.86792
719.6687	914.92206
719.72083	913.26978
719.77295	907.68994
719.82501	909.98138
719.87714	913.96643
719.92926	912.0191
719.98132	912.68018
720.03345	914.47156
720.08557	910.7113
720.1377	910.12274
720.18976	911.9151
720.24188	913.93958
720.29401	909.89221
720.34607	909.25336
720.39819	911.43182
720.45032	907.15283
720.50244	915.84888
720.5545	910.73511
720.60663	911.61102
720.65875	914.08911
720.71082	913.85748
720.76294	910.53937
720.81506	921.23486
720.86713	917.47168
720.91925	910.95068
720.97137	910.80182
721.0235	905.85297
721.07556	915.65155
721.12769	908.92969
721.17981	913.22369
721.23187	921.28729
721.284	913.97247
721.33612	915.96313
721.38824	912.40741
721.44031	909.034
721.49243	906.93634
721.54456	905.50073
721.59662	910.896
721.64874	916.49506
721.70087	915.06573
721.75299	913.94635
721.80505	913.18652
721.85718	914.51306
721.9093	912.38458
721.96136	910.20148
722.01349	917.94031
722.06561	921.84863
722.11768	916.16309
722.1698	913.40741
722.22192	913.05524
722.27405	914.93536
722.32611	914.14056
722.37823	910.03021
722.43036	909.86432
722.48242	907.4223
722.53455	909.20264
722.58667	911.80206
722.63879	916.9895
722.69086	911.09338
722.74298	905.74701
722.7951	909.69434
722.84717	909.43597
722.89929	906.81464
722.95142	911.13574
723.00354	908.37433
723.0556	907.94183
723.10773	912.00836
723.15985	909.38287
723.21191	906.63965
723.26404	906.27948
723.31616	913.02747
723.36823	913.38916
723.42035	910.64679
723.47247	913.88947
723.5246	910.41791
723.57666	912.04437
723.62878	913.27051
723.68091	914.23914
723.73297	913.49512
723.7851	909.66077
723.83722	914.88879
723.88934	911.0274
723.94141	914.49475
723.99353	911.88098
724.04565	912.37091
724.09772	913.03223
724.14984	913.9729
724.20197	911.43616
724.25403	907.93701
724.30615	909.42407
724.35828	905.39252
724.4104	921.18573
724.46246	910.0658
724.51459	913.48193
724.56671	913.078
724.61877	910.56067
724.6709	909.03467
724.72302	907.82977
724.77515	914.68103
724.82721	907.78705
724.87933	912.10413
724.93146	923.23529
724.98352	914.99207
725.03564	911.04834
725.08777	914.11688
725.13989	911.61542
725.19196	913.14716
725.24408	915.74988
725.2962	904.63007
725.34827	909.67078
725.40039	911.32855
725.45251	909.01746
725.50458	908.75323
725.5567	908.01074
725.60883	908.44415
725.66095	910.57617
725.71301	914.9292
725.76514	917.65155
725.81726	912.70886
725.86932	908.6745
725.92145	910.13672
725.97357	910.59088
726.0257	911.3736
726.07776	913.12177
726.12988	907.97882
726.18201	907.53461
726.23407	910.67822
726.28619	910.73132
726.33832	910.46564
726.39044	909.39734
726.4425	909.82819
726.49463	910.0752
726.54675	906.96857
726.59882	908.34778
726.65094	915.51117
726.70306	912.51154
726.75513	910.6297
726.80725	914.82153
726.85938	912.80817
726.9115	911.9353
726.96356	911.73273
727.01569	909.30658
727.06781	912.73401
727.11987	912.20569
727.172	910.28253
727.22412	913.35394
727.27625	907.3653
727.32831	911.77368
727.38043	914.61456
727.43256	908.26501
727.48462	907.73187
727.53674	908.31476
727.58887	911.88123
727.64099	904.80469
727.69305	905.68774
727.74518	911.86078
727.7973	915.65015
727.84937	913.0069
727.90149	908.50122
727.95361	905.89813
728.00568	909.85474
728.0578	908.86761
728.10992	910.02417
728.16205	915.41602
728.21411	916.27216
728.26624	908.11365
728.31836	910.95648
728.37042	907.05725
728.42255	905.77484
728.47467	912.04279
728.52679	910.4798
728.57886	909.67664
728.63098	903.51825
728.68311	910.40179
728.73517	908.14709
728.78729	907.22559
728.83942	912.18048
728.89148	912.89655
728.9436	913.3598
728.99573	913.54443
729.04785	906.6861
729.09991	909.12543
729.15204	908.73706
729.20416	911.9137
729.25623	906.25488
729.30835	906.34723
729.36047	907.79913
729.4126	907.26208
729.46466	913.26215
729.51678	914.83911
729.56891	913.04236
729.62097	914.4671
729.6731	913.69897
729.72522	912.0564
729.77734	910.81342
729.82941	906.51477
729.88153	909.02997
729.93365	907.81677
729.98572	907.15009
730.03784	913.38165
730.08997	911.44861
730.14203	911.00488
730.19415	910.54327
730.24628	908.68469
730.2984	913.82465
730.35046	909.02472
730.40259	905.83594
730.45471	911.7063
730.50677	908.71014
730.5589	910.71875
730.61102	910.8902
730.66315	907.01416
730.71521	909.92914
730.76733	908.13379
730.81946	906.37909
730.87152	907.05463
730.92365	916.59576
730.97577	917.66675
731.02789	906.96472
731.07996	909.47339
731.13208	913.99011
731.1842	908.27771
731.23627	912.63025
731.28839	915.06348
731.34052	908.12952
731.39258	907.97479
731.4447	914.60944
731.49683	906.79034
731.54895	908.96185
731.60101	911.40546
731.65314	906.2605
731.70526	910.76428
731.75732	911.21423
731.80945	909.73505
731.86157	912.25952
731.9137	910.81622
731.96576	910.26337
732.01788	910.50134
732.07001	911.57513
732.12207	912.13013
732.17419	912.21271
732.22632	909.91003
732.27838	908.26843
732.33051	907.44958
732.38263	913
732.43475	913.8114
732.48682	909.18951
732.53894	910.63379
732.59106	911.7323
732.64313	910.65015
732.69525	909.73804
732.74738	911.73096
732.7995	907.50958
732.85156	905.33154
732.90369	911.27435
732.95581	907.5274
733.00787	909.53375
733.06	911.2486
733.11212	906.64893
733.16425	908.4942
733.21631	907.8432
733.26843	912.80267
733.32056	912.39539
733.37262	906.70862
733.42474	910.54279
733.47687	910.3609
733.52893	907.80609
733.58105	909.59656
733.63318	912.83209
733.6853	914.04407
733.73737	911.40381
733.78949	907.42645
733.84161	913.66486
733.89368	910.85266
733.9458	907.08765
733.99792	911.61591
734.05005	910.56732
734.10211	902.96503
734.15424	905.01001
734.20636	909.54938
734.25842	908.1814
734.31055	905.7453
734.36267	910.56165
734.41479	909.1416
734.46686	910.9455
734.51898	908.56592
734.57111	910.36334
734.62317	911.69501
734.67529	911.34174
734.72742	909.46814
734.77948	907.5025
734.8316	910.0246
734.88373	909.03882
734.93585	908.71423
734.98792	906.70172
735.04004	904.86218
735.09216	908.91779
735.14423	910.43256
735.19635	905.44855
735.24847	908.0993
735.3006	909.67603
735.35266	908.255
735.40479	909.13885
735.45691	908.82947
735.50897	910.13348
735.5611	909.5213
735.61322	911.70245
735.66534	912.08301
735.71741	909.81116
735.76953	905.98267
735.82166	911.11774
735.87372	912.28741
735.92584	906.05969
735.97797	905.80237
736.03003	907.09845
736.08215	908.70135
736.13428	911.89746
736.1864	913.50818
736.23846	917.27844
736.29059	910.37335
736.34271	911.85883
736.39478	906.2608
736.4469	909.07715
736.49902	912.92902
736.55115	908.737
736.60321	909.30322
736.65533	908.99066
736.70746	914.09833
736.75952	906.10205
736.81165	913.64825
736.86377	910.99286
736.91583	914.6366
736.96796	912.00134
737.02008	912.91766
737.0722	909.94849
737.12427	913.41125
737.17639	910.92694
737.22852	910.81317
737.28058	907.66516
737.3327	912.46167
737.38483	904.91541
737.43695	905.03619
737.48901	906.21918
737.54114	904.46063
737.59326	905.85895
737.64532	912.24036
737.69745	907.75323
737.74957	907.44635
737.8017	910.1369
737.85376	909.34668
737.90588	911.1908
737.95801	909.65454
738.01007	905.3335
738.06219	902.56537
738.11432	912.23724
738.16638	914.74237
738.21851	912.33044
738.27063	908.14648
738.32275	911.66046
738.37482	910.50085
738.42694	907.32538
738.47906	908.85162
738.53113	908.7218
738.58325	912.15247
738.63538	911.98102
738.6875	906.34302
738.73956	909.94037
738.79169	912.8609
738.84381	907.63263
738.89587	910.36993
738.948	915.70148
739.00012	911.54449
739.05225	907.60834
739.10431	906.57513
739.15643	910.591
739.20856	909.14325
739.26062	907.77301
739.31274	911.03784
739.36487	913.02264
739.41693	912.81616
739.46906	908.9787
739.52118	910.85437
739.5733	910.26569
739.62537	906.43372
739.67749	904.65582
739.72961	908.1546
739.78168	916.8584
739.8338	911.55493
739.88593	906.59229
739.93805	906.9704
739.99011	908.33643
740.04224	908.40594
740.09436	906.42432
740.14642	908.38623
740.19855	915.36145
740.25067	907.56238
740.30273	908.30426
740.35486	908.0473
740.40698	908.56219
740.45911	904.18805
740.51117	906.18658
740.56329	907.59393
740.61542	913.81189
740.66748	904.16504
740.7196	905.41339
740.77173	910.71722
740.82385	908.00073
740.87592	909.58917
740.92804	900.7157
740.98016	913.66193
741.03223	909.34717
741.08435	899.83325
741.13647	904.70569
741.1886	910.67688
741.24066	908.79333
741.29279	912.27875
741.34491	914.19543
741.39697	914.02527
741.4491	911.04413
741.50122	903.92041
741.55328	906.39832
741.60541	908.60144
741.65753	910.74091
741.70966	905.77576
741.76172	911.60999
741.81384	910.32562
741.86597	916.38739
741.91803	908.26172
741.97015	906.66064
742.02228	907.11346
742.0744	908.77563
742.12646	908.64325
742.17859	907.68585
742.23071	911.40143
742.28278	913.45642
742.3349	905.1037
742.38702	908.71661
742.43915	914.30243
742.49121	912.1861
742.54333	905.81238
742.59546	905.26318
742.64752	911.96252
742.69965	914.81256
742.75177	909.64899
742.80383	906.91656
742.85596	909.50067
742.90808	906.04645
742.96021	908.09106
743.01227	911.88776
743.06439	912.34778
743.11652	912.04633
743.16858	908.2511
743.2207	907.94244
743.27283	906.87085
743.32495	907.64276
743.37701	904.05823
743.42914	906.9212
743.48126	909.75031
743.53333	908.26251
743.58545	909.9809
743.63757	913.99554
743.68964	909.91754
743.74176	907.40143
743.79388	910.32837
743.84601	908.73193
743.89807	918.70123
743.9502	914.62372
744.00232	904.82776
744.05438	904.82666
744.10651	912.89978
744.15863	909.91461
744.21075	907.33282
744.26282	908.66577
744.31494	910.27557
744.36707	908.83954
744.41913	904.66406
744.47125	913.1759
744.52338	914.0755
744.5755	910.86316
744.62756	909.14099
744.67969	909.93896
744.73181	914.24872
744.78387	908.28754
744.836	904.60541
744.88812	904.99078
744.94019	908.9884
744.99231	909.41437
745.04443	903.19354
745.09656	910.44598
745.14862	909.01703
745.20074	900.7746
745.25287	898.72333
745.30493	907.41101
745.35706	910.802
745.40918	905.28125
745.4613	903.9668
745.51337	904.73132
745.56549	908.29065
745.61761	904.95813
745.66968	905.34802
745.7218	908.42432
745.77393	913.276
745.82605	911.18579
745.87811	911.31067
745.93024	909.84192
745.98236	908.53931
746.03442	903.91541
746.08655	907.89703
746.13867	910.38849
746.19073	910.37537
746.24286	904.59985
746.29498	907.1239
746.34711	910.72675
746.39917	907.64081
746.45129	904.64447
746.50342	906.62134
746.55548	908.66296
746.6076	908.40729
746.65973	902.1225
746.71185	904.91504
746.76392	910.15607
746.81604	907.62476
746.86816	905.5744
746.92023	905.19623
746.97235	909.48834
747.02448	907.82581
747.0766	906.12817
747.12866	913.95551
747.18079	912.55084
747.23291	908.55469
747.28497	907.08221
747.3371	912.59814
747.38922	915.85968
747.44128	906.60394
747.49341	904.10309
747.54553	910.56635
747.59766	915.0368
747.64972	905.8045
747.70184	910.68671
747.75397	911.40759
747.80603	911.23041
747.85815	910.93231
747.91028	906.33813
747.9624	907.82312
748.01447	905.36096
748.06659	912.14014
748.11871	909.37775
748.17078	914.16229
748.2229	913.90845
748.27502	905.99023
748.32709	909.51587
748.37921	910.27924
748.43134	908.37347
748.48346	903.89221
748.53552	905.28583
748.58765	906.85132
748.63977	913.54443
748.69183	903.40295
748.74396	906.47198
748.79608	909.61273
748.84821	907.36139
748.90027	908.61804
748.95239	911.77289
749.00452	912.53705
749.05658	915.4964
749.1087	902.94183
749.16083	910.72455
749.21295	916.54126
749.26501	909.33307
749.31714	903.92487
749.36926	912.09692
749.42133	913.12366
749.47345	909.86609
749.52557	902.70966
749.57764	904.6546
749.62976	903.84912
749.68188	904.74939
749.73401	905.92114
749.78607	910.40271
749.8382	909.07043
749.89032	906.41205
749.94238	908.50714
749.99451	912.86591
750.04663	916.70947
750.09875	912.50806
750.15082	908.14172
750.20294	912.44
750.25507	913.67706
750.30713	908.65704
750.35925	905.54645
750.41138	910.59308
750.4635	909.12231
750.51556	907.03192
750.56769	908.26215
750.61981	910.75946
750.67188	912.17737
750.724	910.61383
750.77612	911.27197
750.82819	909.8739
750.88031	913.02588
750.93243	910.70459
750.98456	907.60852
751.03662	909.30542
751.08875	911.98444
751.14087	908.91376
751.19293	906.88586
751.24506	909.36774
751.29718	909.34979
751.3493	904.28619
751.40137	909.31891
751.45349	912.31281
751.50562	909.2132
751.55768	906.01636
751.6098	904.73938
751.66193	910.47888
751.71399	909.28735
751.76611	910.04901
751.81824	910.58752
751.87036	914.94269
751.92242	918.04462
751.97455	911.6438
752.02667	906.11127
752.07874	907.13751
752.13086	908.5965
752.18298	908.34259
752.23511	904.70239
752.28717	912.9364
752.33929	915.39594
752.39142	905.3783
752.44348	907.64594
752.49561	909.12549
752.54773	913.66895
752.59985	906.20776
752.65192	906.23907
752.70404	912.95813
752.75616	910.85083
752.80823	906.27948
752.86035	910.18561
752.91248	909.86414
752.96454	907.46808
753.01666	906.66107
753.06879	909.97906
753.12091	913.36475
753.17297	910.7998
753.2251	907.79602
753.27722	908.45935
753.32928	909.12268
753.38141	906.56891
753.43353	909.32343
753.48566	912.81677
753.53772	911.53412
753.58984	910.39709
753.64197	909.29639
753.69403	908.59576
753.74615	908.57458
753.79828	908.2226
753.8504	910.78082
753.90247	909.27081
753.95459	913.9104
754.00671	911.91376
754.05878	905.49561
754.1109	908.46155
754.16302	906.39417
754.21509	905.99652
754.26721	906.63397
754.31934	906.47479
754.37146	905.39252
754.42352	910.12122
754.47565	908.20892
754.52777	912.71924
754.57983	909.75763
754.63196	908.85754
754.68408	913.03668
754.73621	906.46582
754.78827	903.25305
754.84039	905.53845
754.89252	907.26379
754.94458	912.82104
754.9967	912.98059
755.04883	910.146
755.10089	899.05493
755.15302	911.8819
755.20514	911.93707
755.25726	907.94855
755.30933	910.90021
755.36145	909.02167
755.41357	912.95654
755.46564	913.55823
755.51776	908.09619
755.56989	910.3139
755.62201	909.40253
755.67407	908.77905
755.7262	904.95837
755.77832	908.70728
755.83038	909.95825
755.88251	907.50928
755.93463	907.94202
755.98676	914.2171
756.03882	907.42609
756.09094	905.90436
756.14307	909.28955
756.19513	908.81262
756.24725	911.83167
756.29938	904.54456
756.35144	904.3681
756.40356	906.24341
756.45569	909.15143
756.50781	909.6145
756.55988	909.06525
756.612	912.34753
756.66412	909.51147
756.71619	907.42676
756.76831	909.33881
756.82043	910.30688
756.87256	905.81311
756.92462	906.29572
756.97675	909.95245
757.02887	913.01605
757.08093	911.42285
757.13306	910.24506
757.18518	912.6167
757.2373	914.04962
757.28937	912.90564
757.34149	907.89594
757.39362	910.14978
757.44568	907.50696
757.4978	901.086
757.54993	899.65485
757.60199	910.81805
757.65411	909.14771
757.70624	900.36694
757.75836	903.78015
757.81042	904.47852
757.86255	910.42065
757.91467	906.33905
757.96674	912.52142
758.01886	909.42365
758.07098	908.32324
758.12311	915.9389
758.17517	904.79547
758.22729	904.69458
758.27942	906.18634
758.33148	910.13458
758.38361	904.32025
758.43573	908.25073
758.48785	909.01257
758.53992	898.98969
758.59204	905.37708
758.64417	907.84296
758.69623	909.59027
758.74835	912.8576
758.80048	909.41724
758.85254	907.43298
758.90466	907.30292
758.95679	900.76611
759.00891	906.76678
759.06097	911.4201
759.1131	910.29431
759.16522	905.04077
759.21729	908.42297
759.26941	907.85956
759.32153	908.5202
759.37366	899.69415
759.42572	900.67523
759.47784	905.27985
759.52997	907.2843
759.58203	904.83838
759.63416	911.36279
759.68628	910.53699
759.73834	907.90497
759.79047	909.70514
759.84259	908.76447
759.89471	908.50964
759.94678	907.1615
759.9989	907.88354
760.05103	911.43481
760.10309	913.49664
760.15521	913.57373
760.20734	907.32031
760.25946	903.95612
760.31152	908.24817
760.36365	904.07068
760.41577	904.24597
760.46783	906.1333
760.51996	907.16577
760.57208	909.39685
760.62421	906.49847
760.67627	909.20703
760.72839	914.04028
760.78052	909.28223
760.83258	908.01086
760.8847	905.67157
760.93683	911.33551
760.98889	911.33246
761.04102	911.53424
761.09314	911.59863
761.14526	914.74768
761.19733	903.61694
761.24945	907.26794
761.30157	907.58704
761.35364	915.34949
761.40576	916.07538
761.45789	901.1413
761.51001	912.06384
761.56207	911.30743
761.6142	904.77814
761.66632	900.63562
761.71838	907.5639
761.77051	907.50555
761.82263	906.22235
761.87476	901.21741
761.92682	906.20514
761.97894	911.22943
762.03107	906.54773
762.08313	902.97821
762.13525	906.06696
762.18738	910.15363
762.23944	907.39941
762.29156	906.59912
762.34369	909.2027
762.39581	910.88342
762.44788	898.39288
762.5	904.7995
762.55212	911.7063
762.60419	911.22388
762.65631	907.52966
762.70844	906.59613
762.76056	912.92285
762.81262	910.90112
762.86475	903.53021
762.91687	906.51764
762.96893	909.97369
763.02106	915.14874
763.07318	909.4187
763.12524	905.00739
763.17737	912.42712
763.22949	910.28796
763.28162	904.77625
763.33368	907.02917
763.3858	907.30957
763.43793	904.07935
763.48999	901.5636
763.54211	909.58881
763.59424	911.85516
763.64636	907.30536
763.69843	903.63605
763.75055	906.11548
763.80267	911.39703
763.85474	907.0672
763.90686	902.98431
763.95898	905.46234
764.01111	909.46216
764.06317	903.18378
764.1153	909.78064
764.16742	912.7688
764.21948	913.88
764.27161	904.68231
764.32373	906.40192
764.37579	905.97394
764.42792	912.46863
764.48004	914.29474
764.53217	911.77985
764.58423	909.94604
764.63635	910.60437
764.68848	911.44733
764.74054	905.22229
764.79266	912.112
764.84479	919.04132
764.89691	907.88739
764.94897	907.88446
765.0011	908.56866
765.05322	909.76367
765.10529	905.84338
765.15741	905.36713
765.20953	904.9931
765.26166	901.90436
765.31372	906.47156
765.36584	905.88202
765.41797	913.16376
765.47003	908.57642
765.52216	905.43854
765.57428	904.6333
765.62634	908.40619
765.67847	910.52911
765.73059	906.36523
765.78271	910.40442
765.83478	914.02185
765.8869	909.83972
765.93903	905.9223
765.99109	907.15308
766.04321	905.22595
766.09534	910.54456
766.14746	908.63318
766.19952	905.47046
766.25165	907.83459
766.30377	907.7699
766.35583	901.96924
766.40796	906.37659
766.46008	906.17865
766.51215	909.52075
766.56427	904.89526
766.61639	904.90253
766.66852	910.23352
766.72058	908.75757
766.77271	907.85236
766.82483	910.86139
766.87689	909.92889
766.92902	912.07172
766.98114	904.30078
767.03326	913.81177
767.08533	910.85254
767.13745	909.27197
767.18958	908.77271
767.24164	909.86731
767.29376	912.92749
767.34589	906.71625
767.39801	906.69293
767.45007	910.815
767.5022	906.54761
767.55432	902.03046
767.60638	904.06689
767.65851	905.45831
767.71063	904.53485
767.7627	904.73224
767.81482	902.30688
767.86694	908.71216
767.91907	915.26849
767.97113	907.53632
768.02325	902.95947
768.07538	908.05548
768.12744	907.69135
768.17957	901.45685
768.23169	902.95721
768.28381	907.61151
768.33588	905.17535
768.388	902.32104
768.44012	904.86633
768.49219	907.41199
768.54431	910.71838
768.59644	910.83459
768.64856	909.99969
768.70062	910.39288
768.75275	906.3656
768.80487	907.9071
768.85693	908.79395
768.90906	910.55896
768.96118	914.48132
769.01324	907.47589
769.06537	906.81262
769.11749	909.95435
769.16962	909.90991
769.22168	903.19342
769.2738	906.98639
769.32593	910.63867
769.37799	909.09381
769.43011	905.2851
769.48224	903.77618
769.53436	909.76416
769.58643	903.01727
769.63855	907.15704
769.69067	904.81598
769.74274	914.15686
769.79486	903.90381
769.84698	904.60614
769.89911	911.05963
769.95117	906.94434
770.0033	902.07758
770.05542	901.67206
770.10748	903.41833
770.15961	910.59631
770.21173	902.85199
770.26379	904.73914
770.31592	905.84113
770.36804	907.74689
770.42017	910.16351
770.47223	907.66376
770.52435	906.06549
770.57648	909.7677
770.62854	907.71271
770.68066	908.52679
770.73279	912.5072
770.78491	913.70142
770.83698	906.20905
770.8891	909.82764
770.94122	910.64587
770.99329	908.55878
771.04541	904.98602
771.09753	903.74146
771.1496	906.48248
771.20172	906.7677
771.25385	907.39917
771.30597	909.25867
771.35803	912.98663
771.41016	909.88611
771.46228	907.63733
771.51434	909.95605
771.56647	910.83899
771.61859	908.68988
771.67072	907.51117
771.72278	910.67621
771.7749	906.57581
771.82703	902.27075
771.87909	906.47064
771.93121	907.21167
771.98334	909.00629
772.03546	909.90338
772.08752	908.72064
772.13965	904.59326
772.19177	909.29132
772.24384	908.16974
772.29596	901.04077
772.34808	900.47357
772.40015	906.74854
772.45227	906.47485
772.50439	902.03436
772.55652	913.89758
772.60858	911.29901
772.66071	907.82465
772.71283	906.30066
772.76489	909.52319
772.81702	905.3772
772.86914	901.51807
772.92126	902.69714
772.97333	907.56586
773.02545	911.29297
773.07758	908.07324
773.12964	910.56116
773.18176	905.75507
773.23389	905.08105
773.28601	905.13147
773.33807	902.54803
773.3902	908.68951
773.44232	903.81525
773.49438	902.73364
773.54651	910.37592
773.59863	915.20044
773.6507	913.73627
773.70282	906.11719
773.75494	905.84119
773.80707	912.71844
773.85913	908.97736
773.91125	905.32916
773.96338	906.02063
774.01544	908.65973
774.06757	903.78723
774.11969	903.1991
774.17181	910.30505
774.22388	909.47699
774.276	904.72168
774.32813	903.72333
774.38019	909.41022
774.43231	912.87927
774.48444	900.46747
774.5365	900.46088
774.58862	905.04883
774.64075	912.16986
774.69287	903.83575
774.74493	902.34033
774.79706	915.46716
774.84918	910.81854
774.90125	909.8584
774.95337	906.44135
775.00549	908.30164
775.05762	911.25995
775.10968	904.18445
775.1618	900.29395
775.21393	909.59979
775.26599	912.38611
775.31812	903.59247
775.37024	905.33771
775.42236	903.85175
775.47443	911.68365
775.52655	908.89551
775.57867	908.85968
775.63074	908.72174
775.68286	911.47119
775.73499	905.86432
775.78705	906.29059
775.83917	911.06744
775.8913	911.37469
775.94342	906.40955
775.99548	907.69836
776.04761	912.19141
776.09973	909.55878
776.15179	904.38489
776.20392	907.8728
776.25604	908.78583
776.30817	908.78778
776.36023	909.71814
776.41235	905.64844
776.46448	906.48199
776.51654	912.2226
776.56866	908.99213
776.62079	910.20551
776.67291	912.7334
776.72498	906.60278
776.7771	904.42963
776.82922	907.97906
776.88129	905.87201
776.93341	902.42218
776.98553	904.07617
777.0376	907.1369
777.08972	908.9538
777.14185	901.11987
777.19397	900.14075
777.24603	907.35236
777.29816	910.02863
777.35028	905.51471
777.40234	904.23541
777.45447	912.99713
777.50659	911.17706
777.55872	900.80591
777.61078	906.22461
777.6629	907.3396
777.71503	909.54675
777.76709	908.28058
777.81921	909.4928
777.87134	912.26849
777.9234	914.72015
777.97552	909.8714
778.02765	908.33539
778.07977	907.15521
778.13184	906.37878
778.18396	904.42932
778.23608	906.5014
778.28815	910.12762
778.34027	908.90057
778.3924	904.82074
778.44452	908.23468
778.49658	912.72266
778.54871	911.48328
778.60083	909.72162
778.65289	909.09747
778.70502	911.10822
778.75714	909.25262
778.80927	906.38446
778.86133	906.33118
778.91345	907.2738
778.96558	911.12762
779.01764	912.47723
779.06976	912.42413
779.12189	909.5351
779.17395	907.78394
779.22607	900.71283
779.2782	905.78601
779.33032	910.01959
779.38239	914.02051
779.43451	906.67078
779.48663	906.35205
779.5387	910.53046
779.59082	903.95459
779.64294	908.80017
779.69507	903.59564
779.74713	904.65149
779.79926	905.69751
779.85138	902.55475
779.90344	910.32355
779.95557	908.31183
780.00769	908.00946
780.05981	909.23065
780.11188	901.90948
780.164	906.19391
780.21613	907.74945
780.26819	904.93103
780.32031	909.39447
780.37244	908.48224
780.4245	906.85657
780.47662	903.85919
780.52875	908.14612
780.58087	908.73889
780.63293	903.33527
780.68506	908.55469
780.73718	911.69049
780.78925	909.67371
780.84137	906.72137
780.89349	906.79828
780.94562	907.22894
780.99768	907.87134
781.0498	904.86633
781.10193	905.74835
781.15399	910.98663
781.20612	907.11859
781.25824	902.84473
781.31036	906.32819
781.36243	912.55139
781.41455	907.90302
781.46667	907.13538
781.51874	910.42993
781.57086	910.11212
781.62299	907.09772
781.67505	909.23883
781.72717	909.34296
781.7793	905.06018
781.83142	906.42279
781.88348	908.06732
781.93561	910.84528
781.98773	905.98792
782.03979	906.72437
782.09192	905.94812
782.14404	909.74316
782.19617	910.34698
782.24823	907.25006
782.30035	904.26508
782.35248	909.96265
782.40454	910.86719
782.45667	907.4325
782.50879	910.83484
782.56085	914.05212
782.61298	909.86395
782.6651	909.18079
782.71722	912.73755
782.76929	911.17615
782.82141	912.21582
782.87354	909.12518
782.9256	906.64447
782.97772	909.96228
783.02985	912.62903
783.08197	911.36768
783.13403	911.30402
783.18616	912.91516
783.23828	912.73071
783.29034	912.79388
783.34247	912.30151
783.39459	911.75952
783.44672	912.56921
783.49878	913.17627
783.5509	916.98126
783.60303	913.41821
783.65509	912.08746
783.70721	912.7583
783.75934	909.3634
783.8114	914.50409
783.86353	916.76581
783.91565	910.70667
783.96777	910.66821
784.01984	915.95459
784.07196	921.42371
784.12408	912.95813
784.17615	913.12061
784.22827	912.00354
784.2804	911.38806
784.33252	908.55627
784.38458	913.53613
784.43671	913.8327
784.48883	912.84882
784.54089	912.3266
784.59302	908.85321
784.64514	911.11621
784.69727	919.61249
784.74933	916.04999
784.80145	919.17926
784.85358	916.5658
784.90564	906.52509
784.95776	912.4884
785.00989	917.02728
785.06195	918.03003
785.11407	916.30872
785.1662	914.59729
785.21832	915.55219
785.27039	915.02039
785.32251	917.86957
785.37463	919.71301
785.4267	909.85956
785.47882	913.4649
785.53094	916.2619
785.58307	913.1319
785.63513	913.6452
785.68726	914.64288
785.73938	918.63837
785.79144	914.36707
785.84357	909.51672
785.89569	913.57819
785.94775	917.30481
785.99988	917.94458
786.052	919.71118
786.10413	922.39105
786.15619	917.02191
786.20831	914.44495
786.26044	915.66949
786.3125	914.80463
786.36462	915.51019
786.41675	913.47058
786.46887	913.17462
786.52094	916.37885
786.57306	918.37689
786.62518	914.08398
786.67725	910.00177
786.72937	918.84595
786.78149	917.98517
786.83362	917.44897
786.88568	914.07635
786.93781	914.38611
786.98993	914.65839
787.04199	917.63477
787.09412	916.84625
787.14624	912.65326
787.1983	922.56604
787.25043	911.16803
787.30255	911.55084
787.35468	909.23309
787.40674	922.3443
787.45886	912.66235
787.51099	917.06232
787.56305	913.1192
787.61517	913.1156
787.6673	913.73291
787.71942	921.8457
787.77148	918.47327
787.82361	914.40216
787.87573	923.38562
787.9278	921.69342
787.97992	918.42828
788.03204	915.74152
788.08417	924.21753
788.13623	914.6485
788.18835	914.21893
788.24048	922.6131
788.29254	923.78149
788.34467	921.38104
788.39679	917.40015
788.44885	916.3728
788.50098	916.50214
788.5531	917.34137
788.60522	917.93127
788.65729	922.211
788.70941	922.78094
788.76154	923.90466
788.8136	922.76971
788.86572	919.59625
788.91785	918.31586
788.96997	923.42084
789.02203	916.47156
789.07416	915.85254
789.12628	921.80365
789.17834	924.71173
789.23047	926.19568
789.28259	918.02515
789.33466	917.76782
789.38678	920.66962
789.4389	921.33765
789.49103	924.69116
789.54309	931.82928
789.59521	922.73944
789.64734	927.42645
789.6994	921.711
789.75153	921.48395
789.80365	928.1416
789.85577	926.09491
789.90784	920.29504
789.95996	922.97321
790.01208	926.59552
790.06415	922.36395
790.11627	926.62311
790.1684	920.73779
790.22052	927.73633
790.27258	922.97473
790.32471	922.49982
790.37683	928.86835
790.42889	927.09192
790.48102	929.91846
790.53314	922.7879
790.58521	921.15198
790.63733	919.15552
790.68945	921.26038
790.74158	924.76709
790.79364	931.36066
790.84576	929.58832
790.89789	931.30609
790.94995	929.51874
791.00208	932.1687
791.0542	921.11487
791.10632	923.35181
791.15839	923.36755
791.21051	929.36584
791.26263	928.96979
791.3147	925.25781
791.36682	925.49292
791.41895	928.44934
791.47107	928.70306
791.52313	931.84741
791.57526	927.62549
791.62738	919.84167
791.67944	920.08893
791.73157	928.91962
791.78369	928.46576
791.83575	925.79938
791.88788	931.34595
791.94	924.76788
791.99213	924.24445
792.04419	923.18469
792.09631	926.69482
792.14844	929.80609
792.2005	924.60822
792.25262	925.85559
792.30475	925.46802
792.35687	927.79193
792.40894	921.10077
792.46106	925.09222
792.51318	926.3775
792.56525	925.86407
792.61737	922.38959
792.66949	923.93274
792.72162	925.15161
792.77368	928.87756
792.82581	922.33447
792.87793	929.7652
792.92999	923.04541
792.98212	924.711
793.03424	926.24506
793.0863	915.29102
793.13843	918.0072
793.19055	924.90979
793.24268	927.53864
793.29474	925.61566
793.34686	929.05054
793.39899	926.56641
793.45105	919.29492
793.50317	919.53906
793.5553	920.06982
793.60742	925.70648
793.65948	925.47003
793.71161	925.32916
793.76373	926.65198
793.8158	926.50421
793.86792	927.35858
793.92004	925.48755
793.97211	931.83209
794.02423	928.77716
794.07635	927.20197
794.12848	927.49811
794.18054	925.80573
794.23267	931.11139
794.28479	928.85944
794.33685	928.33362
794.38898	931.40649
794.4411	934.80573
794.49323	929.19177
794.54529	929.77533
794.59741	933.59021
794.64954	924.57788
794.7016	923.06421
794.75372	933.17883
794.80585	926.66852
794.85797	924.53687
794.91003	924.00928
794.96216	931.42505
795.01428	931.26837
795.06635	925.91248
795.11847	928.12488
795.17059	929.50061
795.22266	932.47076
795.27478	929.72748
795.3269	923.92157
795.37903	927.0509
795.43109	927.58185
795.48322	927.1178
795.53534	923.31049
795.5874	929.31799
795.63953	927.11517
795.69165	931.05164
795.74377	918.38446
795.79584	933.04102
795.84796	920.91132
795.90009	926.03235
795.95215	921.0918
796.00427	930.96124
796.0564	933.27197
796.10852	927.97754
796.16058	925.39142
796.21271	926.82806
796.26483	928.56122
796.31689	935.23676
796.36902	927.49695
796.42114	925.59369
796.47321	923.60956
796.52533	924.07001
796.57745	930.52466
796.62958	928.53723
796.68164	925.67908
796.73376	931.89191
796.78589	929.93616
796.83795	925.17609
796.89008	921.4436
796.9422	922.21936
796.99432	927.48718
797.04639	930.38452
797.09851	926.57001
797.15063	926.93243
797.2027	932.24548
797.25482	927.72241
797.30695	925.75891
797.35901	924.23376
797.41113	920.78864
797.46326	922.67944
797.51538	928.16602
797.56744	921.9682
797.61957	925.63129
797.67169	928.69409
797.72375	932.06714
797.77588	934.93536
797.828	932.93921
797.88013	930.72168
797.93219	925.21228
797.98431	931.50751
798.03644	930.13501
798.0885	920.61383
798.14063	924.16614
798.19275	929.72113
798.24487	926.42542
798.29694	929.42535
798.34906	933.18152
798.40118	927.03204
798.45325	929.47919
798.50537	923.95795
798.5575	920.82153
798.60956	928.09863
798.66168	927.58771
798.71381	933.57361
798.76593	928.97906
798.81799	925.13501
798.87012	926.35767
798.92224	932.97192
798.9743	930.42468
799.02643	925.8161
799.07855	933.15155
799.13068	930.60754
799.18274	923.42609
799.23486	921.44183
799.28699	923.82983
799.33905	924.93781
799.39117	921.86078
799.4433	921.72064
799.49542	921.48438
799.54749	921.27582
799.59961	923.26984
799.65173	921.82666
799.7038	921.2616
799.75592	929.58344
799.80804	927.49774
799.86011	922.52008
799.91223	928.28473
799.96436	928.08051
800.01648	923.84662
800.06854	922.40875
800.12067	927.0354
800.17279	926.49139
800.22485	930.40967
800.27698	928.9624
800.3291	930.2923
800.38123	923.61139
800.43329	931.2735
800.48541	930.53571
800.53754	926.62732
800.5896	931.7655
800.64172	927.50696
800.69385	927.70508
800.74597	926.23969
800.79803	938.6897
800.85016	935.00671
800.90228	927.95105
800.95435	932.4259
801.00647	928.51941
801.05859	927.70642
801.11066	936.36047
801.16278	938.99152
801.2149	930.65295
801.26703	934.78986
801.31909	935.25085
801.37122	941.60004
801.42334	941.03674
801.4754	946.35382
801.52753	937.65204
801.57965	934.48596
801.63177	935.84875
801.68384	936.7887
801.73596	938.08868
801.78809	940.73926
801.84015	937.56543
801.89227	937.97418
801.9444	936.96436
801.99646	932.36462
802.04858	936.45081
802.10071	940.23724
802.15283	937.71625
802.2049	931.72302
802.25702	934.11932
802.30914	939.91296
802.36121	941.28668
802.41333	939.10956
802.46545	931.23779
802.51758	931.98962
802.56964	939.7962
802.62177	936.08197
802.67389	929.45349
802.72595	932.84473
802.77808	928.37085
802.8302	927.9137
802.88232	934.9389
802.93439	934.31073
802.98651	936.32013
803.03864	923.64093
803.0907	930.58423
803.14282	922.35699
803.19495	926.00262
803.24701	935.5304
803.29913	933.63843
803.35126	936.35754
803.40338	932.66895
803.45544	928.32196
803.50757	930.67847
803.55969	928.44562
803.61176	930.70184
803.66388	927.1983
803.716	919.01617
803.76813	920.48004
803.82019	925.13727
803.87231	925.6217
803.92444	930.58478
803.9765	933.87634
804.02863	934.47754
804.08075	930.70062
804.13287	935.91998
804.18494	933.9837
804.23706	930.79218
804.28918	930.91803
804.34125	934.90485
804.39337	932.07056
804.4455	930.0033
804.49756	932.7594
804.54968	933.45929
804.60181	932.59302
804.65393	928.66833
804.70599	927.99725
804.75812	929.26563
804.81024	933.41998
804.8623	933.38397
804.91443	941.62128
804.96655	937.41083
805.01868	932.17548
805.07074	931.81006
805.12286	933.9079
805.17499	931.96405
805.22705	926.79907
805.27917	926.77063
805.3313	945.4599
805.38336	937.93719
805.43549	939.68048
805.48761	942.74384
805.53973	931.22833
805.5918	931.38531
805.64392	934.93121
805.69604	938.08978
805.74811	942.41168
805.80023	927.87054
805.85236	934.31683
805.90448	941.53851
805.95654	935.11926
806.00867	930.85962
806.06079	932.59845
806.11285	938.98846
806.16498	935.49133
806.2171	935.12781
806.26923	935.64258
806.32129	935.15845
806.37341	942.68671
806.42554	941.55768
806.4776	940.84497
806.52972	934.63837
806.58185	937.83215
806.63391	937.55615
806.68604	933.16913
806.73816	935.1734
806.79028	938.15424
806.84235	938.44678
806.89447	929.21069
806.94659	929.16797
806.99866	938.75299
807.05078	937.5957
807.10291	936.03082
807.15503	926.65594
807.20709	930.20227
807.25922	929.66638
807.31134	937.64325
807.3634	933.72107
807.41553	932.4295
807.46765	932.36023
807.51978	933.9007
807.57184	931.7193
807.62396	945.98706
807.67609	929.99261
807.72815	931.39392
807.78027	927.99738
807.8324	932.52386
807.88446	932.73145
807.93658	936.7149
807.98871	933.17212
808.04083	930.88086
808.0929	924.78571
808.14502	932.1665
808.19714	932.70447
808.24921	939.29968
808.30133	932.96973
808.35345	931.42407
808.40558	939.94769
808.45764	932.64716
808.50977	925.58472
808.56189	931.06793
808.61395	933.93219
808.66608	934.43628
808.7182	939.17462
808.77026	936.04132
808.82239	929.88531
808.87451	930.52795
808.92664	934.4718
808.9787	933.85571
809.03082	933.56927
809.08295	930.32806
809.13501	923.85309
809.18713	925.62531
809.23926	924.47852
809.29138	931.69958
809.34344	935.02509
809.39557	928.29651
809.44769	923.95618
809.49976	927.95306
809.55188	921.91223
809.604	927.44928
809.65613	932.50952
809.70819	927.23999
809.76031	921.97803
809.81244	930.22192
809.8645	925.70721
809.91663	927.21881
809.96875	928.48828
810.02081	923.05676
810.07294	931.08728
810.12506	926.25098
810.17719	947.38348
810.22925	924.71857
810.28137	934.16577
810.3335	924.85443
810.38556	936.34332
810.43768	927.90973
810.48981	923.01031
810.54193	925.74182
810.59399	923.77991
810.64612	924.05316
810.69824	929.4776
810.75031	924.81421
810.80243	917.75201
810.85455	921.47076
810.90668	925.38995
810.95874	930.15546
811.01086	926.60712
811.06299	927.14856
811.11505	930.0993
811.16718	927.76617
811.2193	926.42163
811.27136	927.0177
811.32349	926.24365
811.37561	925.19849
811.42773	924.21326
811.4798	921.68262
811.53192	918.18414
811.58405	928.81805
811.63611	926.5976
811.68823	924.48846
811.74036	928.7442
811.79248	928.88818
811.84454	928.83173
811.89667	922.07355
811.94879	929.81055
812.00085	929.2019
812.05298	928.02899
812.1051	923.21082
812.15723	928.18732
812.20929	926.21265
812.26141	926.39844
812.31354	927.86176
812.3656	927.43616
812.41772	928.40753
812.46985	922.3924
812.52191	921.91205
812.57404	930.81537
812.62616	923.45685
812.67828	923.90417
812.73035	924.40948
812.78247	927.31256
812.83459	925.35059
812.88666	920.7384
812.93878	926.54254
812.99091	922.9563
813.04303	922.68896
813.09509	927.74933
813.14722	925.69849
813.19934	928.15332
813.2514	934.48059
813.30353	929.15906
813.35565	922.57422
813.40771	923.99615
813.45984	924.86981
813.51196	931.41199
813.56409	929.61694
813.61615	920.73389
813.66827	923.87366
813.7204	923.22656
813.77246	925.20581
813.82458	928.80029
813.87671	929.99609
813.92883	927.87543
813.9809	930.42566
814.03302	929.20166
814.08514	921.37567
814.13721	922.87842
814.18933	925.84808
814.24146	924.61212
814.29358	920.82452
814.34564	926.08258
814.39777	917.62836
814.44989	931.34656
814.50195	931.31531
814.55408	920.40784
814.6062	929.70819
814.65826	924.7879
814.71039	924.9278
814.76251	919.54651
814.81464	917.64294
814.8667	920.62006
814.91882	919.59174
814.97095	919.38916
815.02301	924.53375
815.07513	931.84418
815.12726	926.72369
815.17938	925.51489
815.23145	926.38281
815.28357	921.77576
815.33569	916.51385
815.38776	922.75372
815.43988	921.94299
815.492	922.42926
815.54413	921.46649
815.59619	927.9212
815.64832	924.9389
815.70044	920.14465
815.7525	923.05389
815.80463	925.6145
815.85675	927.28839
815.90881	926.18451
815.96094	918.83356
816.01306	921.07214
816.06519	921.22528
816.11725	923.79041
816.16937	925.16577
816.2215	924.38947
816.27356	924.95624
816.32568	920.22058
816.37781	919.15161
816.42993	919.58411
816.48199	925.02649
816.53412	933.01569
816.58624	917.0697
816.63831	917.59119
816.69043	928.09296
816.74255	926.44574
816.79462	918.12311
816.84674	918.29706
816.89886	920.32831
816.95099	917.67279
817.00305	918.98242
817.05518	924.02014
817.1073	922.91815
817.15936	921.30908
817.21149	923.14435
817.26361	917.3454
817.31573	921.05463
817.3678	916.81952
817.41992	916.7099
817.47205	920.61261
817.52411	918.341
817.57623	921.51917
817.62836	921.62402
817.68048	925.44476
817.73254	925.823
817.78467	927.70166
817.83679	923.13861
817.88885	922.25446
817.94098	920.58301
817.9931	916.23053
818.04517	919.26965
818.09729	920.69812
818.14941	921.22797
818.20154	917.19409
818.2536	921.87311
818.30573	931.74805
818.35785	924.04211
818.40991	923.15839
818.46204	923.93359
818.51416	920.94769
818.56628	924.54572
818.61835	920.83813
818.67047	918.59607
818.7226	927.27118
818.77466	925.48773
818.82678	925.03497
818.87891	926.74976
818.93103	922.93494
818.98309	928.42249
819.03522	927.84283
819.08734	927.27289
819.1394	928.16089
819.19153	924.45941
819.24365	925.48737
819.29572	931.24744
819.34784	934.86646
819.39996	924.4978
819.45209	919.10724
819.50415	920.68701
819.55627	924.4632
819.6084	926.52264
819.66046	925.49353
819.71259	925.84235
819.76471	923.5271
819.81683	916.09009
819.8689	917.50806
819.92102	923.03308
819.97314	923.02509
820.02521	924.85602
820.07733	924.80212
820.12946	919.57697
820.18152	922.22504
820.23364	925.81964
820.28577	926.75537
820.33789	925.34619
820.38995	924.48083
820.44208	923.14594
820.4942	924.13745
820.54626	927.84961
820.59839	924.32794
820.65051	923.85986
820.70264	921.48688
820.7547	923.78729
820.80682	926.849
820.85895	926.11133
820.91101	917.57623
820.96313	922.06946
821.01526	925.04108
821.06738	926.50836
821.11945	922.38672
821.17157	913.9101
821.22369	924.56549
821.27576	928.03259
821.32788	921.60657
821.38	918.16736
821.43207	922.81183
821.48419	919.83728
821.53632	926.61938
821.58844	924.91943
821.6405	918.95703
821.69263	920.18304
821.74475	917.84839
821.79681	916.78156
821.84894	918.59991
821.90106	920.27441
821.95319	922.84821
822.00525	919.37781
822.05737	923.88763
822.1095	919.64606
822.16156	921.52771
822.21368	920.88562
822.26581	921.80499
822.31793	922.74591
822.37	923.91638
822.42212	927.8783
822.47424	918.29956
822.52631	927.42407
822.57843	924.34357
822.63055	925.09607
822.68262	924.28058
822.73474	918.90173
822.78687	919.70642
822.83899	924.23029
822.89105	925.41376
822.94318	929.66711
822.9953	929.94489
823.04736	933.68518
823.09949	914.28375
823.15161	923.1001
823.20374	922.68542
823.2558	926.14734
823.30792	933.55951
823.36005	922.38586
823.41211	926.50275
823.46423	928.96539
823.51636	922.2085
823.56848	921.22223
823.62054	926.3692
823.67267	928.59979
823.72479	925.47314
823.77686	925.14099
823.82898	926.66693
823.8811	926.03888
823.93317	929.7511
823.98529	928.90753
824.03741	930.22589
824.08954	929.34058
824.1416	931.7243
824.19373	926.15094
824.24585	924.2207
824.29791	929.58057
824.35004	927.54785
824.40216	939.69214
824.45428	924.86896
824.50635	925.95392
824.55847	931.98578
824.6106	925.65179
824.66266	923.18134
824.71478	927.98016
824.76691	934.53308
824.81897	926.29437
824.87109	918.67444
824.92322	929.01929
824.97534	938.04028
825.0274	929.3562
825.07953	925.47552
825.13165	927.06732
825.18372	925.60498
825.23584	927.54669
825.28796	924.65198
825.34009	920.823
825.39215	930.69104
825.44427	930.35248
825.4964	928.02618
825.54846	930.99841
825.60059	928.42645
825.65271	924.22571
825.70483	928.15955
825.7569	931.87054
825.80902	931.24127
825.86115	929.48932
825.91321	929.20428
825.96533	926.28558
826.01746	925.13208
826.06952	929.0625
826.12164	922.6745
826.17377	928.29877
826.22589	932.49097
826.27795	924.64722
826.33008	933.87909
826.3822	930.12762
826.43427	928.73889
826.48639	929.63452
826.53851	928.41577
826.59064	928.08673
826.6427	923.38434
826.69482	926.3576
826.74695	929.95691
826.79901	929.67108
826.85114	929.52838
826.90326	921.19904
826.95538	930.70343
827.00745	924.84808
827.05957	928.18964
827.11169	929.89319
827.16376	926.24762
827.21588	928.16125
827.26801	926.38043
827.32007	927.79944
827.37219	925.92688
827.42432	932.36169
827.47644	924.90857
827.5285	918.95129
827.58063	925.98621
827.63275	926.76166
827.68481	930.42139
827.73694	926.58795
827.78906	929.96997
827.84119	930.33545
827.89325	927.14764
827.94537	924.0304
827.9975	924.6192
828.04956	925.00964
828.10168	924.2597
828.15381	927.29736
828.20587	925.20544
828.258	924.79828
828.31012	924.51471
828.36224	922.20422
828.41431	920.29559
828.46643	923.91553
828.51855	921.81079
828.57062	922.76263
828.62274	925.01917
828.67487	922.5575
828.72699	925.57416
828.77905	924.36584
828.83118	920.73688
828.8833	925.2572
828.93536	926.16644
828.98749	929.68091
829.03961	931.26196
829.09174	928.23138
829.1438	922.24982
829.19592	922.4292
829.24805	923.91345
829.30011	924.52179
829.35223	922.47943
829.40436	920.56848
829.45642	921.66858
829.50854	924.28375
829.56067	920.12286
829.61279	922.62933
829.66486	927.13416
829.71698	921.28375
829.7691	925.89001
829.82117	926.19232
829.87329	922.18842
829.92542	926.44531
829.97754	918.51501
830.0296	922.90485
830.08173	925.03455
830.13385	922.71185
830.18591	918.97662
830.23804	913.53564
830.29016	914.60785
830.34229	918.93951
830.39435	922.41913
830.44647	919.90131
830.4986	918.46161
830.55066	922.6048
830.60278	914.04218
830.65491	914.61322
830.70697	920.42834
830.75909	918.77716
830.81122	920.8208
830.86334	923.76385
830.91541	919.81946
830.96753	912.85736
831.01965	917.32312
831.07172	922.09192
831.12384	922.41748
831.17596	924.44897
831.22809	919.90875
831.28015	919.16498
831.33228	920.73438
831.3844	914.39148
831.43646	918.17712
831.48859	921.62073
831.54071	917.89673
831.59277	914.47546
831.6449	921.8446
831.69702	920.81378
831.74915	918.61438
831.80121	916.953
831.85333	916.47827
831.90546	919.3111
831.95752	912.47559
832.00964	919.53003
832.06177	915.2514
832.11389	922.58105
832.16595	913.74585
832.21808	916.74652
832.2702	921.80359
832.32227	923.93231
832.37439	907.95062
832.42651	908.81201
832.47864	917.8407
832.5307	916.38873
832.58282	915.71002
832.63495	915.36987
832.68701	924.99805
832.73914	923.64209
832.79126	915.51385
832.84332	914.56848
832.89545	912.99219
832.94757	921.86334
832.99969	918.05298
833.05176	916.50983
833.10388	922.50769
833.15601	915.43817
833.20807	914.42603
833.26019	919.12769
833.31232	923.24023
833.36444	920.96075
833.4165	920.93414
833.46863	922.10931
833.52075	920.17474
833.57281	921.63324
833.62494	918.71643
833.67706	918.43268
833.72919	922.31781
833.78125	928.32837
833.83337	924.86407
833.8855	924.9328
833.93756	923.84729
833.98969	925.76587
834.04181	919.6311
834.09387	926.69641
834.146	927.71228
834.19812	932.6925
834.25024	926.58093
834.30231	928.36932
834.35443	928.80536
834.40656	939.38721
834.45862	927.08063
834.51074	923.39136
834.56287	933.20447
834.61499	936.18982
834.66705	930.3623
834.71918	944.20001
834.7713	936.97015
834.82336	953.26904
834.87549	937.75885
834.92761	944.81018
834.97974	949.6438
835.0318	960.99677
835.08392	969.15057
835.13605	957.50006
835.18811	954.0379
835.24023	963.17572
835.29236	955.70343
835.34442	961.70001
835.39655	970.15387
835.44867	969.3783
835.50079	970.29669
835.55286	976.94208
835.60498	974.21088
835.6571	970.95844
835.70917	970.7016
835.76129	979.81409
835.81342	978.73041
835.86554	981.0766
835.9176	988.19727
835.96973	994.16132
836.02185	998.66772
836.07391	998.84869
836.12604	989.93384
836.17816	994.50409
836.23022	985.34125
836.28235	989.26935
836.33447	996.03979
836.3866	987.34357
836.43866	989.79816
836.49078	993.69171
836.54291	989.70142
836.59497	997.37769
836.64709	991.11353
836.69922	982.94269
836.75134	984.61206
836.80341	1003.0669
836.85553	995.948
836.90765	990.48297
836.95972	988.04315
837.01184	987.01593
837.06396	987.73511
837.11609	996.9198
837.16815	989.47638
837.22028	995.6886
837.2724	987.68658
837.32446	995.7226
837.37659	998.66925
837.42871	989.32062
837.48077	994.8667
837.5329	987.56549
837.58502	992.32202
837.63715	1000.3035
837.68921	997.15594
837.74133	993.02759
837.79346	996.51062
837.84552	1014.4103
837.89764	1012.7307
837.94977	1011.9951
838.00189	1019.4894
838.05396	1021.1068
838.10608	1027.7494
838.1582	1039.9497
838.21027	1049.3331
838.26239	1048.4539
838.31451	1052.3505
838.36664	1067.7408
838.4187	1094.5063
838.47083	1096.8253
838.52295	1101.5656
838.57501	1115.8953
838.62714	1127.0592
838.67926	1135.1033
838.73132	1135.0981
838.78345	1151.2427
838.83557	1161.0723
838.8877	1171.2587
838.93976	1180.4327
838.99188	1144.3405
839.04401	1175.4559
839.09607	1164.1298
839.14819	1147.8723
839.20032	1151.4702
839.25244	1148.5757
839.3045	1131.5303
839.35663	1127.2844
839.40875	1121.8912
839.46082	1126.1877
839.51294	1102.5842
839.56506	1102.7971
839.61713	1101.9615
839.66925	1094.2157
839.72137	1077.184
839.7735	1072.6918
839.82556	1077.5553
839.87769	1079.7522
839.92981	1076.2738
839.98187	1064.0114
840.034	1051.2021
840.08612	1048.6635
840.13824	1051.1222
840.19031	1043.8108
840.24243	1055.2163
840.29456	1061.871
840.34662	1051.905
840.39874	1043.4001
840.45087	1047.1055
840.50299	1064.5518
840.55505	1065.287
840.60718	1063.4781
840.6593	1065.8134
840.71136	1061.7485
840.76349	1065.6162
840.81561	1070.8047
840.86768	1062.2141
840.9198	1057.1262
840.97192	1063.5945
841.02405	1070.2705
841.07611	1056.5771
841.12823	1073.6833
841.18036	1070.0547
841.23242	1072.3165
841.28455	1062.5039
841.33667	1069.132
841.38879	1075.6108
841.44086	1068.4094
841.49298	1069.4636
841.5451	1047.212
841.59717	1048.201
841.64929	1060.9117
841.70142	1068.0712
841.75354	1055.4147
841.8056	1050.0613
841.85773	1049.7593
841.90985	1050.1266
841.96191	1046.193
842.01404	1038.6047
842.06616	1045.5055
842.11823	1041.6398
842.17035	1039.152
842.22247	1036.8131
842.2746	1033.7577
842.32666	1021.4551
842.37878	1027.5066
842.43091	1032.585
842.48297	1035.733
842.5351	1022.3547
842.58722	1031.8042
842.63934	1039.1488
842.69141	1034.9806
842.74353	1039.0371
842.79565	1033.0623
842.84772	1033.0187
842.89984	1035.4473
842.95197	1033.8746
843.00403	1034.6512
843.05615	1034.2192
843.10828	1034.697
843.1604	1043.306
843.21246	1049.0291
843.26459	1054.7374
843.31671	1036.4999
843.36877	1046.2517
843.4209	1058.0962
843.47302	1043.0238
843.52515	1057.0668
843.57721	1054.3079
843.62933	1038.4178
843.68146	1041.7877
843.73352	1049.014
843.78564	1030.177
843.83777	1027.6235
843.88989	1035.1237
843.94196	1044.7161
843.99408	1034.2891
844.0462	1028.2285
844.09827	1030.7222
844.15039	1033.8708
844.20251	1031.0032
844.25458	1026.8976
844.3067	1024.8262
844.35883	1032.2046
844.41095	1040.5909
844.46301	1030.4153
844.51514	1035.0508
844.56726	1041.519
844.61932	1042.4636
844.67145	1040.6866
844.72357	1036.152
844.7757	1032.2389
844.82776	1036.1968
844.87988	1042.2694
844.93201	1037.2869
844.98407	1038.403
845.03619	1043.7499
845.08832	1029.5361
845.14044	1049.448
845.1925	1057.4724
845.24463	1028.1207
845.29675	1030.6233
845.34882	1044.0566
845.40094	1038.9844
845.45306	1033.5389
845.50513	1027.4073
845.55725	1038.129
845.60938	1035.2788
845.6615	1030.5173
845.71356	1031.951
845.76569	1037.9901
845.81781	1031.0336
845.86987	1030.6216
845.922	1034.8351
845.97412	1022.0923
846.02625	1027.5981
846.07831	1029.0297
846.13043	1019.2956
846.18256	1014.4177
846.23462	1019.2748
846.28674	1018.9695
846.33887	1021.0837
846.39099	1017.6255
846.44305	1009.2473
846.49518	1007.4658
846.5473	1006.4174
846.59937	1009.2147
846.65149	1005.5801
846.70361	1002.7874
846.75568	1003.6511
846.8078	1010.1563
846.85992	1005.8873
846.91205	1004.4969
846.96411	1009.4254
847.01624	1002.4592
847.06836	997.12659
847.12042	1000.3737
847.17255	996.58875
847.22467	1010.0214
847.27679	1000.4447
847.32886	1002.4652
847.38098	1017.4334
847.43311	1013.9736
847.48517	1013.7132
847.53729	1012.6611
847.58942	1020.9962
847.64148	1017.2603
847.6936	1009.159
847.74573	1000.7595
847.79785	1019.2059
847.84991	1017.2014
847.90204	1010.0727
847.95416	1010.2552
848.00623	1014.7724
848.05835	1006.4244
848.11047	1003.9773
848.1626	1005.7253
848.21466	1006.1858
848.26678	1011.8353
848.31891	1014.8291
848.37097	1008.9962
848.4231	1009.0491
848.47522	1012.3418
848.52734	1006.8572
848.57941	1011.2433
848.63153	1007.3958
848.68365	1002.9686
848.73572	999.47943
848.78784	1011.3377
848.83997	1004.7477
848.89203	1005.9664
848.94415	1008.1284
848.99628	997.4455
849.0484	1003.5753
849.10046	989.33337
849.15259	988.0105
849.20471	997.22681
849.25677	987.54883
849.3089	997.5484
849.36102	1003.4177
849.41315	995.72247
849.46521	983.74646
849.51733	981.47986
849.56946	989.99213
849.62152	989.42389
849.67365	985.30743
849.72577	983.12451
849.77789	982.12268
849.82996	985.10858
849.88208	984.73029
849.9342	982.15967
849.98627	984.35669
850.03839	988.23956
850.09052	984.15662
850.14258	982.05206
850.1947	986.86395
850.24683	987.05396
850.29895	978.72681
850.35101	980.49622
850.40314	993.4314
850.45526	994.70258
850.50732	991.73871
850.55945	989.68048
850.61157	984.50409
850.6637	973.49542
850.71576	974.51086
850.76788	979.04724
850.82001	972.55621
850.87207	981.28302
850.92419	980.74445
850.97632	964.15222
851.02838	979.12366
851.08051	967.75079
851.13263	971.59247
851.18475	970.12091
851.23682	964.67523
851.28894	969.40399
851.34106	972.42761
851.39313	978.46429
851.44525	975.08173
851.49738	970.19128
851.5495	958.67389
851.60156	954.95062
851.65369	964.70667
851.70581	965.27502
851.75787	956.69586
851.81	962.34253
851.86212	963.63336
851.91425	959.23572
851.96631	960.03485
852.01843	958.93579
852.07056	954.53455
852.12262	952.6438
852.17474	951.27258
852.22687	952.3277
852.27893	955.69141
852.33105	947.49072
852.38318	942.70282
852.4353	941.81561
852.48737	940.40125
852.53949	937.26831
852.59161	936.95563
852.64368	945.96637
852.6958	930.867
852.74792	936.23279
852.80005	938.89642
852.85211	943.82916
852.90424	932.15393
852.95636	937.42889
853.00842	932.12506
853.06055	934.1145
853.11267	929.05817
853.16479	930.20374
853.21686	935.0011
853.26898	933.99109
853.32111	929.07135
853.37317	928.80438
853.42529	932.31885
853.47742	931.51385
853.52948	934.6239
853.5816	932.47266
853.63373	926.9176
853.68585	927.65637
853.73792	925.81403
853.79004	925.42352
853.84216	930.61261
853.89423	929.23193
853.94635	921.81146
853.99847	925.3299
854.0506	922.61945
854.10266	925.0589
854.15479	930.58167
854.20691	922.854
854.25897	923.93311
854.3111	919.61401
854.36322	919.73419
854.41534	923.216
854.46741	923.91473
854.51953	926.47687
854.57166	914.97577
854.62372	918.8717
854.67584	919.40027
854.72797	926.17487
854.78003	915.93848
854.83215	918.4743
854.88428	921.41064
854.9364	913.93866
854.98846	925.49811
855.04059	921.48267
855.09271	916.61774
855.14478	917.84045
855.1969	908.47772
855.24902	913.86267
855.30115	920.03046
855.35321	922.96979
855.40533	919.51392
855.45746	919.75775
855.50952	920.35968
855.56165	917.36481
855.61377	918.25446
855.66583	921.1153
855.71796	918.05042
855.77008	912.88336
855.8222	914.54602
855.87427	920.48096
855.92639	917.35016
855.97852	912.03864
856.03058	915.88849
856.0827	917.94995
856.13483	914.86053
856.18695	915.70404
856.23901	912.33295
856.29114	912.51917
856.34326	906.84229
856.39532	909.29144
856.44745	911.1369
856.49957	908.00293
856.5517	927.99823
856.60376	908.43536
856.65588	912.40607
856.70801	919.18451
856.76007	917.95294
856.81219	919.76996
856.86432	916.02051
856.91638	918.48511
856.96851	919.92657
857.02063	914.22998
857.07275	925.72186
857.12482	917.11163
857.17694	913.45642
857.22906	909.7019
857.28113	906.63507
857.33325	909.99524
857.38538	910.8056
857.4375	911.38007
857.48956	912.31268
857.54169	910.98969
857.59381	911.61987
857.64587	911.26343
857.698	913.78308
857.75012	914.87463
857.80225	907.80078
857.85431	913.07953
857.90643	914.32452
857.95856	915.02966
858.01062	912.19824
858.06274	909.96478
858.11487	915.05603
858.16693	910.15057
858.21906	908.7113
858.27118	909.56842
858.3233	909.17487
858.37537	910.11945
858.42749	912.15283
858.47961	914.57056
858.53168	912.53906
858.5838	910.48773
858.63593	904.67291
858.68805	910.12457
858.74011	916.82166
858.79224	909.03296
858.84436	910.3739
858.89642	910.1424
858.94855	913.23706
859.00067	914.81787
859.05273	910.45282
859.10486	911.09393
859.15698	910.05658
859.20911	910.13873
859.26117	912.79211
859.31329	909.56537
859.36542	907.43665
859.41748	905.70819
859.4696	907.78888
859.52173	910.44543
859.57385	909.4129
859.62592	903.97144
859.67804	902.9704
859.73016	914.24921
859.78223	910.76355
859.83435	905.75684
859.88647	907.93109
859.9386	906.82471
859.99066	912.28241
860.04279	909.37225
860.09491	909.49762
860.14697	914.87811
860.1991	907.00745
860.25122	904.19855
860.30328	909.51123
860.35541	909.69135
860.40753	911.1391
860.45966	909.33337
860.51172	913.36249
860.56384	911.44293
860.61597	912.46045
860.66803	906.11011
860.72015	911.08331
860.77228	912.64392
860.8244	909.91449
860.87646	905.0564
860.92859	907.43695
860.98071	909.46442
861.03278	909.22119
861.0849	909.97534
861.13702	912.57037
861.18915	909.68457
861.24121	901.05957
861.29333	907.18182
861.34546	911.29376
861.39752	906.99591
861.44965	901.8432
861.50177	903.7923
861.55383	913.47552
861.60596	909.06036
861.65808	904.48468
861.71021	913.89551
861.76227	906.43268
861.81439	912.3634
861.86652	905.72278
861.91858	909.34821
861.9707	913.30493
862.02283	908.44025
862.07495	909.31079
862.12701	908.16974
862.17914	906.58954
862.23126	907.62518
862.28333	906.96899
862.33545	910.39807
862.38757	911.79474
862.43964	905.43024
862.49176	905.31696
862.54388	906.83185
862.59601	906.61157
862.64807	909.28326
862.7002	912.22601
862.75232	909.34619
862.80438	910.84412
862.85651	908.60577
862.90863	903.2959
862.96075	908.37775
863.01282	910.82397
863.06494	900.71259
863.11707	903.84583
863.16913	908.88251
863.22125	904.85065
863.27338	903.69287
863.3255	905.81219
863.37756	905.04645
863.42969	903.9303
863.48181	898.41754
863.53387	899.63904
863.586	913.65417
863.63812	907.86902
863.69019	906.82935
863.74231	909.67657
863.79443	907.69153
863.84656	906.4931
863.89862	904.8194
863.95074	908.34412
864.00287	907.14691
864.05493	900.52069
864.10706	901.0592
864.15918	905.47681
864.2113	905.94861
864.26337	901.28967
864.31549	901.96564
864.36761	906.24005
864.41968	905.6261
864.4718	910.17725
864.52393	906.14386
864.57605	908.47882
864.62811	909.87524
864.68024	905.00842
864.73236	906.414
864.78442	906.70923
864.83655	911.73407
864.88867	904.43256
864.94073	908.60895
864.99286	908.0462
865.04498	910.85645
865.09711	904.90967
865.14917	901.92194
865.20129	904.39709
865.25342	901.38165
865.30548	904.56128
865.3576	906.66504
865.40973	908.94781
865.46185	902.59113
865.51392	901.27313
865.56604	898.46313
865.61816	903.67407
865.67023	902.07806
865.72235	906.46448
865.77448	906.88379
865.8266	906.59454
865.87866	908.97552
865.93079	903.4649
865.98291	906.73572
866.03497	910.91248
866.0871	907.55945
866.13922	908.745
866.19128	911.36652
866.24341	906.77771
866.29553	903.63385
866.34766	908.31384
866.39972	907.60181
866.45184	906.87689
866.50397	901.22668
866.55603	899.87048
866.60815	903.19531
866.66028	906.80139
866.7124	906.35156
866.76447	906.90656
866.81659	906.62378
866.86871	906.10461
866.92078	908.39465
866.9729	904.19659
867.02502	909.04486
867.07709	905.87384
867.12921	900.1991
867.18134	895.88202
867.23346	903.53174
867.28552	900.18469
867.33765	900.83649
867.38977	901.77667
867.44183	908.26843
867.49396	907.88312
867.54608	904.53967
867.59821	905.92358
867.65027	909.74902
867.70239	906.2522
867.75452	903.4364
867.80658	903.75641
867.8587	906.00726
867.91083	905.80823
867.96295	904.04858
868.01501	903.28052
868.06714	904.36536
868.11926	905.13977
868.17133	906.70123
868.22345	905.28705
868.27557	906.35229
868.32764	904.98407
868.37976	899.12152
868.43188	906.47211
868.48401	905.29181
868.53607	908.14722
868.5882	900.85455
868.64032	906.31628
868.69238	901.88586
868.74451	898.29865
868.79663	906.80328
868.84875	910.72467
868.90082	904.42908
868.95294	900.89893
869.00507	899.42303
869.05713	902.93597
869.10925	901.93689
869.16138	904.59564
869.2135	906.89917
869.26556	906.07306
869.31769	905.20215
869.36981	905.51959
869.42188	907.46344
869.474	905.64075
869.52612	902.78058
869.57819	903.36975
869.63031	905.66028
869.68243	908.34015
869.73456	907.90552
869.78662	904.46332
869.83875	906.21509
869.89087	908.09637
869.94293	908.3446
869.99506	901.02716
870.04718	907.36462
870.0993	901.37726
870.15137	899.42072
870.20349	907.80334
870.25562	910.75848
870.30768	901.32288
870.3598	901.7771
870.41193	901.02545
870.46399	903.80865
870.51611	903.26251
870.56824	901.48059
870.62036	908.19623
870.67242	900.28308
870.72455	895.29065
870.77667	895.88123
870.82874	899.09515
870.88086	903.323
870.93298	903.68353
870.98511	902.98639
871.03717	905.33807
871.08929	901.86072
871.14142	896.81049
871.19348	901.38092
871.24561	901.89404
871.29773	905.23071
871.34985	905.30109
871.40192	902.3681
871.45404	910.74713
871.50616	904.82617
871.55823	903.69586
871.61035	903.41101
871.66248	903.65125
871.71454	905.04706
871.76666	901.55206
871.81879	898.36786
871.87091	909.9873
871.92297	898.76709
871.9751	903.05768
872.02722	910.31995
872.07928	910.51135
872.13141	901.48419
872.18353	903.1004
872.23566	903.84674
872.28772	911.47131
872.33984	914.48175
872.39197	899.54395
872.44403	908.17181
872.49615	908.54352
872.54828	905.89734
872.6004	901.16095
872.65247	902.57996
872.70459	903.90027
872.75671	903.11017
872.80878	905.2251
872.8609	905.93127
872.91302	906.09766
872.96509	903.5426
873.01721	902.39728
873.06934	907.31012
873.12146	905.08954
873.17352	902.00842
873.22565	897.22705
873.27777	901.05615
873.32983	904.8916
873.38196	900.42877
873.43408	899.18799
873.48621	899.35406
873.53827	902.03564
873.59039	898.10638
873.64252	901.93951
873.69458	906.90295
873.7467	902.01746
873.79883	902.85559
873.85089	903.31415
873.90302	903.02924
873.95514	906.22162
874.00726	905.30469
874.05933	903.93658
874.11145	906.14594
874.16357	904.30591
874.21564	901.56549
874.26776	901.92047
874.31989	902.72693
874.37201	901.6908
874.42407	902.34296
874.4762	905.35205
874.52832	906.05603
874.58038	899.89447
874.63251	902.32806
874.68463	907.26453
874.73676	903.66174
874.78882	901.82037
874.84094	897.78796
874.89307	901.00421
874.94513	903.53333
874.99725	898.89624
875.04938	903.25775
875.10144	905.75726
875.15356	902.02075
875.20569	899.23138
875.25781	901.67651
875.30988	905.03058
875.362	904.79706
875.41412	898.47009
875.46619	902.33624
875.51831	905.93848
875.57043	903.66156
875.62256	901.45691
875.67462	902.26672
875.72675	902.52496
875.77887	899.77344
875.83093	900.35156
875.88306	903.51074
875.93518	903.85095
875.9873	903.43689
876.03937	904.72137
876.09149	903.45306
876.14362	902.48553
876.19568	901.94928
876.2478	899.28589
876.29993	901.22998
876.35199	902.90283
876.40411	901.24823
876.45624	899.3197
876.50836	907.44922
876.56042	903.55139
876.61255	901.39563
876.66467	901.45978
876.71674	905.68732
876.76886	906.60321
876.82098	900.95447
876.87311	904.51031
876.92517	905.8399
876.97729	902.55634
877.02942	898.69128
877.08148	898.61969
877.13361	903.70294
877.18573	906.18134
877.23785	901.89362
877.28992	902.88745
877.34204	903.76813
877.39417	903.35022
877.44623	902.30334
877.49835	903.49713
877.55048	907.37622
877.60254	906.98199
877.65466	905.94666
877.70679	897.03925
877.75891	897.77441
877.81097	897.07446
877.8631	901.37213
877.91522	904.47388
877.96729	902.75763
878.01941	901.50568
878.07153	898.7157
878.12366	901.1098
878.17572	903.7207
878.22784	898.03546
878.27997	901.85083
878.33203	901.36737
878.38416	901.5177
878.43628	896.64404
878.48834	905.84436
878.54047	909.76971
878.59259	908.40936
878.64471	903.33978
878.69678	904.0365
878.7489	911.0376
878.80103	902.48602
878.85309	898.74847
878.90521	902.67737
878.95734	907.59631
879.00946	905.65143
879.06152	897.81854
879.11365	897.3855
879.16577	899.29663
879.21783	899.29303
879.26996	902.52124
879.32208	905.85309
879.37421	904.49512
879.42627	902.34229
879.47839	904.06024
879.53052	902.88647
879.58258	902.83295
879.6347	900.31012
879.68683	897.34296
879.73889	898.34863
879.79102	908.23267
879.84314	900.44257
879.89526	900.0686
879.94733	899.33295
879.99945	903.46259
880.05157	900.83453
880.10364	901.22998
880.15576	906.76666
880.20789	907.82031
880.26001	900.92786
880.31207	904.05109
880.3642	910.2254
880.41632	906.2843
880.46838	901.0141
880.52051	898.09021
880.57263	900.12354
880.62476	904.64325
880.67682	897.72382
880.72894	900.28033
880.78107	906.07373
880.83313	901.388
880.88525	897.82074
880.93738	900.50476
880.98944	903.15735
881.04156	902.12384
881.09369	902.83942
881.14581	905.23346
881.19788	908.06299
881.25	901.45258
881.30212	897.63953
881.35419	900.55554
881.40631	907.38519
881.45844	903.66522
881.51056	899.30676
881.56262	901.85199
881.61475	901.79462
881.66687	902.48798
881.71893	900.39124
881.77106	901.49994
881.82318	904.93988
881.87524	900.70013
881.92737	898.14563
881.97949	902.88251
882.03162	909.56396
882.08368	902.14386
882.1358	902.52991
882.18793	902.39691
882.23999	903.53436
882.29211	901.40033
882.34424	903.30481
882.39636	905.98206
882.44843	905.26715
882.50055	900.90228
882.55267	902
882.60474	903.97766
882.65686	901.17798
882.70898	901.46008
882.76111	901.71411
882.81317	900.06848
882.8653	900.97137
882.91742	899.75647
882.96948	902.80133
883.02161	906.90247
883.07373	906.06989
883.12579	900.24982
883.17792	903.71576
883.23004	907.49872
883.28217	903.7771
883.33423	900.10986
883.38635	901.99609
883.43848	901.64429
883.49054	901.49933
883.54266	900.11859
883.59479	903.30975
883.64691	905.44159
883.69897	899.48175
883.7511	899.1618
883.80322	903.78015
883.85529	901.21313
883.90741	903.47052
883.95953	904.39172
884.01166	909.18756
884.06372	907.31873
884.11584	903.37347
884.16797	900.22931
884.22003	903.73663
884.27216	900.61267
884.32428	898.67389
884.37634	898.78638
884.42847	901.80316
884.48059	899.35291
884.53271	899.35065
884.58478	906.5296
884.6369	907.90814
884.68903	901.21082
884.74109	901.7132
884.79321	902.65021
884.84534	905.20404
884.89746	904.48981
884.94952	900.52216
885.00165	904.26379
885.05377	901.21906
885.10583	896.64996
885.15796	899.6629
885.21008	902.55463
885.26215	908.27283
885.31427	897.26111
885.36639	902.12323
885.41852	901.87244
885.47058	908.31702
885.52271	905.29102
885.57483	895.06921
885.62689	903.18884
885.67902	901.6405
885.73114	900.26093
885.78326	901.9281
885.83533	908.73181
885.88745	901.64911
885.93958	898.42084
885.99164	901.20984
886.04376	902.32275
886.09589	905.59271
886.14801	899.70239
886.20007	898.59308
886.2522	899.95557
886.30432	899.30518
886.35638	897.33282
886.40851	902.0058
886.46063	904.99976
886.5127	904.7915
886.56482	902.18164
886.61694	904.53192
886.66907	906.9928
886.72113	902.453
886.77325	895.36316
886.82538	899.39099
886.87744	906.17969
886.92957	899.05817
886.98169	897.75922
887.03381	901.45386
887.08588	902.22931
887.138	902.24854
887.19012	901.76019
887.24219	902.92633
887.29431	906.05243
887.34644	898.216
887.39856	902.64172
887.45062	904.97522
887.50275	903.12964
887.55487	900.26245
887.60693	900.39862
887.65906	902.89667
887.71118	897.52887
887.76324	897.67938
887.81537	900.13416
887.86749	903.84595
887.91962	904.28986
887.97168	903.22961
888.0238	902.4715
888.07593	906.11603
888.12799	903.76923
888.18011	901.48578
888.23224	903.17657
888.28436	906.96716
888.33643	901.97894
888.38855	900.9588
888.44067	900.91028
888.49274	903.38312
888.54486	896.45258
888.59698	895.48969
888.64911	904.35938
888.70117	904.73865
888.7533	901.83728
888.80542	895.36481
888.85748	905.57056
888.90961	902.03802
888.96173	898.65131
889.01379	899.68787
889.06592	905.20129
889.11804	902.03766
889.17017	901.6991
889.22223	901.68439
889.27435	901.30902
889.32648	906.05188
889.37854	905.8623
889.43066	901.2641
889.48279	906.23291
889.53491	907.2984
889.58698	903.08301
889.6391	904.28827
889.69122	904.39905
889.74329	905.51813
889.79541	904.82214
889.84753	903.7688
889.8996	905.13745
889.95172	899.71674
890.00385	899.41803
890.05597	903.37677
890.10803	904.91345
890.16016	903.11749
890.21228	896.93469
890.26434	898.85913
890.31647	903.41101
890.36859	900.00574
890.42072	901.37195
890.47278	907.25977
890.5249	912.94885
890.57703	899.45538
890.62909	896.83307
890.68121	903.1264
890.73334	903.37964
890.78546	895.21918
890.83752	901.15979
890.88965	909.50659
890.94177	908.99384
890.99384	900.71454
891.04596	901.78436
891.09808	905.47864
891.15015	903.2027
891.20227	900.1803
891.25439	902.58765
891.30652	907.46185
891.35858	905.7475
891.41071	900.31128
891.46283	900.53613
891.51489	903.44751
891.56702	901.59937
891.61914	900.44037
891.67126	903.14783
891.72333	901.59637
891.77545	902.28247
891.82758	901.38116
891.87964	906.14551
891.93176	904.91211
891.98389	900.94794
892.03601	901.76019
892.08807	903.76849
892.1402	907.27289
892.19232	900.44672
892.24438	900.9231
892.29651	902.12128
892.34863	905.62323
892.4007	902.526
892.45282	899.88306
892.50494	900.61389
892.55707	903.22906
892.60913	900.7489
892.66125	901.34509
892.71338	904.64105
892.76544	903.79175
892.81757	899.79425
892.86969	903.38458
892.92181	907.88324
892.97388	905.15314
893.026	900.34534
893.07813	901.37354
893.13019	904.09686
893.18231	901.95007
893.23444	897.75714
893.2865	899.79913
893.33862	901.3222
893.39075	901.68091
893.44287	898.03284
893.49493	905.0932
893.54706	907.30792
893.59918	908.15649
893.65125	901.2254
893.70337	905.33905
893.75549	905.79352
893.80762	904.80872
893.85968	904.22449
893.9118	899.37207
893.96393	901.08691
894.01599	899.26727
894.06812	903.41364
894.12024	904.44232
894.17236	904.0296
894.22443	899.85437
894.27655	903.24011
894.32867	907.10333
894.38074	903.57648
894.43286	898.16296
894.48499	901.93628
894.53705	904.37781
894.58917	900.22479
894.6413	900.69727
894.69342	903.14539
894.74548	906.76703
894.79761	906.57452
894.84973	906.8421
894.90179	899.18738
894.95392	899.03662
895.00604	902.65082
895.05817	900.56519
895.11023	900.48657
895.16235	906.01721
895.21448	901.23743
895.26654	900.63123
895.31866	904.34772
895.37079	899.46368
895.42291	905.55682
895.47498	896.25635
895.5271	902.5611
895.57922	909.88702
895.63129	900.55402
895.68341	899.94879
895.73553	902.18591
895.7876	904.54956
895.83972	903.6687
895.89185	901.73651
895.94397	902.32928
895.99603	903.42853
896.04816	900.36292
896.10028	905.74811
896.15234	904.85144
896.20447	903.44073
896.25659	905.86835
896.30872	904.31531
896.36078	905.03278
896.4129	902.80878
896.46503	899.34094
896.51709	899.2691
896.56921	905.88733
896.62134	902.38086
896.6734	899.32935
896.72552	905.06531
896.77765	904.51239
896.82977	906.23883
896.88184	898.07471
896.93396	899.85736
896.98608	907.75854
897.03815	897.63885
897.09027	904.61774
897.1424	906.11737
897.19452	898.96454
897.24658	898.49091
897.29871	900.9165
897.35083	898.78693
897.40289	902.24969
897.45502	897.45117
897.50714	902.26129
897.55927	904.84064
897.61133	905.1037
897.66345	900.57867
897.71558	900.47559
897.76764	907.02338
897.81976	903.66309
897.87189	898.83563
897.92395	903.55945
897.97607	906.88513
898.0282	900.67004
898.08032	898.45947
898.13239	901.89758
898.18451	900.10779
898.23663	902.37775
898.2887	903.08856
898.34082	901.74866
898.39294	901.90131
898.44507	904.18817
898.49713	899.87128
898.54926	905.18011
898.60138	907.92603
898.65344	903.4765
898.70557	904.42657
898.75769	903.69263
898.80981	901.12488
898.86188	903.05347
898.914	906.25256
898.96613	905.32532
899.01819	903.28467
899.07031	898.42816
899.12244	901.45758
899.1745	906.33331
899.22662	904.96283
899.27875	906.36401
899.33087	901.73602
899.38293	901.07208
899.43506	903.10162
899.48718	906.88617
899.53925	905.60724
899.59137	904.37695
899.64349	901.633
899.69562	900.41754
899.74768	895.10706
899.7998	900.4314
899.85193	896.9577
899.90399	902.77271
899.95612	901.79926
900.00824	906.25604
900.06036	901.32153
900.11243	901.33533
900.16455	900.85724
900.21667	900.83679
900.26874	900.258
900.32086	899.21021
900.37299	902.90125
900.42505	902.4588
900.47717	898.12213
900.5293	900.80579
900.58142	904.65002
900.63348	900.28992
900.68561	899.78754
900.73773	902.90649
900.78979	901.50806
900.84192	900.94653
900.89404	898.64282
900.94617	898.7937
900.99823	904.01752
901.05035	903.33044
901.10248	899.68835
901.15454	902.1358
901.20667	901.1095
901.25879	898.72485
901.31085	898.64166
901.36298	905.31445
901.4151	907.26691
901.46722	900.98395
901.51929	903.24707
901.57141	904.20892
901.62354	904.2525
901.6756	903.27509
901.72772	901.74969
901.77985	902.47357
901.83197	907.51093
901.88403	904.18243
901.93616	899.87518
901.98828	901.17432
902.04034	903.11761
902.09247	902.10272
902.14459	901.34052
902.19672	904.37103
902.24878	902.60901
902.3009	898.70599
902.35303	902.25885
902.40509	908.55627
902.45721	906.05829
902.50934	902.47296
902.5614	902.35455
902.61353	903.15881
902.66565	902.93274
902.71777	900.20081
902.76984	903.677
902.82196	903.85205
902.87408	895.92725
902.92615	897.24438
902.97827	904.80273
903.0304	905.72314
903.08252	900.70221
903.13458	899.68176
903.18671	904.48706
903.23883	902.13196
903.29089	899.17584
903.34302	900.52795
903.39514	905.89673
903.44727	907.35071
903.49933	902.35962
903.55145	900.59314
903.60358	901.55951
903.65564	912.70648
903.70776	913.55713
903.75989	904.12878
903.81195	903.95154
903.86407	901.05267
903.9162	898.68866
903.96832	903.93439
904.02039	908.23553
904.07251	902.46027
904.12463	897.80365
904.1767	902.22113
904.22882	906.89728
904.28094	905.83026
904.33307	901.41486
904.38513	905.4248
904.43726	905.45691
904.48938	900.45807
904.54144	901.7287
904.59357	904.31213
904.64569	905.48511
904.69775	901.15326
904.74988	897.11176
904.802	904.73511
904.85413	908.43439
904.90619	901.12689
904.95831	898.24719
905.01044	900.72272
905.0625	904.47693
905.11462	899.64923
905.16675	901.94312
905.21887	903.32965
905.27094	903.28284
905.32306	903.38086
905.37518	903.99011
905.42725	904.77905
905.47937	904.98688
905.53149	899.30646
905.58362	898.97626
905.63568	901.08173
905.68781	903.07471
905.73993	899.2384
905.79199	897.32129
905.84412	901.19427
905.89624	905.97546
905.9483	898.79236
906.00043	898.65576
906.05255	900.72229
906.10468	900.48291
906.15674	895.65143
906.20886	907.34967
906.26099	901.89063
906.31305	900.27118
906.36517	898.67291
906.4173	905.62463
906.46942	907.08972
906.52148	906.58252
906.57361	901.05194
906.62573	900.18463
906.6778	902.14935
906.72992	900.73566
906.78204	894.42883
906.83417	901.28357
906.88623	906.03003
906.93835	900.9646
906.99048	902.36487
907.04254	904.92053
907.09467	901.88672
907.14679	902.45068
907.19885	902.03571
907.25098	903.82257
907.3031	898.59186
907.35522	895.58466
907.40729	901.8252
907.45941	902.50659
907.51154	901.46716
907.5636	898.13947
907.61572	901.17102
907.66785	905.78119
907.71997	902.21527
907.77203	897.32983
907.82416	898.31897
907.87628	906.64728
907.92834	898.48608
907.98047	899.43506
908.03259	908.14899
908.08466	903.62909
908.13678	905.34027
908.1889	904.64691
908.24103	905.86951
908.29309	905.33588
908.34521	903.7431
908.39734	903.7981
908.4494	901.97131
908.50153	897.97552
908.55365	898.16357
908.60577	904.51947
908.65784	909.94482
908.70996	901.04242
908.76208	899.72607
908.81415	906.19818
908.86627	904.09521
908.9184	900.70325
908.97052	898.91956
909.02258	902.88983
909.07471	906.59119
909.12683	900.776
909.17889	902.17407
909.23102	900.59009
909.28314	906.28479
909.33521	910.46509
909.38733	905.19763
909.43945	902.82007
909.49158	901.98248
909.54364	899.90137
909.59576	903.40649
909.64789	902.05609
909.69995	904.84918
909.75208	905.4162
909.8042	902.61682
909.85632	903.93652
909.90839	903.10968
909.96051	899.0293
910.01263	896.67578
910.0647	904.09686
910.11682	904.07593
910.16895	898.57422
910.22107	899.42407
910.27313	900.94904
910.32526	902.80933
910.37738	899.26453
910.42944	903.60114
910.48157	906.48578
910.53369	901.77509
910.58575	894.64661
910.63788	895.84125
910.69	900.37976
910.74213	902.88641
910.79419	902.05713
910.84631	906.44318
910.89844	902.12476
910.9505	898.97498
911.00262	904.10767
911.05475	904.6134
911.10687	904.47235
911.15894	900.32611
911.21106	902.26233
911.26318	907.37427
911.31525	903.99463
911.36737	899.56482
911.41949	899.06976
911.47162	903.23962
911.52368	901.05371
911.57581	899.0683
911.62793	897.95001
911.67999	905.75555
911.73212	904.3822
911.78424	898.00403
911.8363	897.05035
911.88843	901.21979
911.94055	899.13184
911.99268	897.54053
912.04474	898.28284
912.09686	904.11847
912.14899	899.98474
912.20105	906.85626
912.25317	902.5567
912.3053	899.95984
912.35742	898.40503
912.40948	902.1814
912.46161	906.33624
912.51373	899.21875
912.5658	896.54346
912.61792	904.39624
912.67004	907.8418
912.72211	905.24915
912.77423	900.19739
912.82635	901.03131
912.87848	899.7439
912.93054	898.98102
912.98267	899.97156
913.03479	900.71033
913.08685	904.08179
913.13898	900.4693
913.1911	900.31122
913.24323	902.23615
913.29529	898.73572
913.34741	897.9635
913.39954	895.95575
913.4516	899.85834
913.50372	898.51953
913.55585	904.51093
913.60797	898.19092
913.66003	902.33002
913.71216	900.78601
913.76428	897.05023
913.81635	898.77734
913.86847	901.40027
913.92059	899.27448
913.97266	899.47772
914.02478	901.49554
914.0769	901.86469
914.12903	901.02216
914.18109	897.47723
914.23322	901.8092
914.28534	903.7821
914.3374	902.53979
914.38953	905.23303
914.44165	903.36005
914.49377	906.31964
914.54584	899.50073
914.59796	899.59052
914.65009	903.92236
914.70215	902.47156
914.75427	901.86072
914.8064	903.31274
914.85852	901.45056
914.91058	903.06464
914.96271	900.40045
915.01483	900.66455
915.06689	901.26141
915.11902	906.33856
915.17114	903.8399
915.22321	901.63556
915.27533	900.35504
915.32745	897.40131
915.37958	901.11481
915.43164	902.6886
915.48376	902.07715
915.53589	901.33984
915.58795	898.12506
915.64008	900.39764
915.6922	902.61499
915.74432	904.17706
915.79639	899.263
915.84851	905.3974
915.90063	908.58215
915.9527	903.67017
916.00482	897.44165
916.05695	903.70123
916.10901	907.14874
916.16113	895.25378
916.21326	895.80951
916.26538	897.71655
916.31744	903.35815
916.36957	903.15723
916.42169	898.77765
916.47375	904.88593
916.52588	902.38306
916.578	898.72437
916.63013	899.06567
916.68219	902.78516
916.73431	903.07086
916.78644	896.47986
916.8385	898.19849
916.89063	899.39807
916.94275	901.57507
916.99487	908.29871
917.04694	907.60889
917.09906	907.41266
917.15118	903.4516
917.20325	899.76428
917.25537	902.39929
917.3075	902.75226
917.35956	898.258
917.41168	900.88696
917.46381	899.72583
917.51593	904.14648
917.56799	904.92487
917.62012	898.9494
917.67224	902.70551
917.7243	902.69159
917.77643	900.6167
917.82855	902.86682
917.88068	904.43597
917.93274	904.18628
917.98486	899.83228
918.03699	903.46375
918.08905	902.46045
918.14117	899.26666
918.1933	898.12091
918.24542	900.1803
918.29749	903.24084
918.34961	902.6026
918.40173	902.92596
918.4538	902.05652
918.50592	901.2262
918.55804	896.08496
918.61011	902.27283
918.66223	901.96082
918.71436	905.12402
918.76648	905.57391
918.81854	904.60657
918.87067	900.56842
918.92279	900.89447
918.97485	897.22107
919.02698	899.35461
919.0791	902.26837
919.13123	904.86279
919.18329	899.80872
919.23541	898.90369
919.28754	900.26849
919.3396	901.7359
919.39172	901.06781
919.44385	904.58539
919.49597	903.55377
919.54803	903.59045
919.60016	899.99078
919.65228	900.51544
919.70435	901.26929
919.75647	899.98926
919.80859	898.34198
919.86066	900.33032
919.91278	903.69482
919.9649	902.67358
920.01703	899.87518
920.06909	904.7113
920.12122	903.21698
920.17334	896.90283
920.2254	901.88733
920.27753	903.35254
920.32965	908.09058
920.38177	901.17047
920.43384	903.23438
920.48596	901.47705
920.53809	903.98584
920.59015	902.33344
920.64227	900.37146
920.6944	903.61145
920.74646	902.96405
920.79858	899.01764
920.85071	902.72577
920.90283	902.12189
920.9549	899.88483
921.00702	903.04187
921.05914	901.7478
921.11121	902.44403
921.16333	899.90607
921.21545	900.21301
921.26758	898.69025
921.31964	898.50079
921.37177	899.50031
921.42389	896.56616
921.47595	905.03845
921.52808	902.14185
921.5802	899.59161
921.63232	900.74792
921.68439	902.51282
921.73651	903.28821
921.78864	898.99017
921.8407	901.68805
921.89282	904.79364
921.94495	899.79004
921.99701	897.57794
922.04913	899.95569
922.10126	898.60638
922.15338	904.18616
922.20544	899.38782
922.25757	902.84253
922.30969	904.57367
922.36176	898.77484
922.41388	902.98236
922.466	906.84326
922.51813	902.67401
922.57019	897.185
922.62231	901.88318
922.67444	902.98584
922.7265	903.62842
922.77863	897.63141
922.83075	900.97827
922.88287	901.99963
922.93494	900.8064
922.98706	897.76764
923.03918	902.26697
923.09125	901.06818
923.14337	900.14709
923.1955	899.89795
923.24756	903.69434
923.29968	906.508
923.35181	897.67969
923.40393	897.23138
923.45599	902.98901
923.50812	902.28308
923.56024	903.67889
923.6123	897.19049
923.66443	898.99487
923.71655	896.06635
923.76868	901.02521
923.82074	902.87823
923.87286	902.35138
923.92499	895.87799
923.97705	898.81677
924.02917	901.2663
924.0813	909.73706
924.13336	906.4538
924.18549	903.60785
924.23761	902.60022
924.28973	901.19189
924.3418	899.0246
924.39392	898.69531
924.44604	901.09192
924.49811	902.4679
924.55023	897.20264
924.60236	896.80066
924.65448	902.11292
924.70654	901.15546
924.75867	899.96497
924.81079	899.62512
924.86285	900.51715
924.91498	902.43561
924.9671	899.46521
925.01923	900.06512
925.07129	902.12909
925.12341	899.36884
925.17554	895.74725
925.2276	902.05341
925.27972	902.42896
925.33185	901.92548
925.38391	901.94574
925.43604	902.33569
925.48816	901.53076
925.54028	901.50519
925.59235	897.70618
925.64447	902.96509
925.69659	901.52716
925.74866	900.74561
925.80078	897.40924
925.85291	897.63855
925.90503	900.8631
925.95709	901.95642
926.00922	899.99872
926.06134	900.8454
926.1134	901.2558
926.16553	899.0863
926.21765	899.16284
926.26978	897.78033
926.32184	901.51947
926.37396	900.70135
926.42609	904.12891
926.47815	900.45581
926.53027	900.04834
926.5824	899.50049
926.63446	903.26489
926.68658	900.65363
926.73871	897.49963
926.79083	900.25385
926.8429	900.31537
926.89502	899.81732
926.94714	899.57141
926.99921	897.27264
927.05133	901.63379
927.10345	904.82318
927.15558	898.62756
927.20764	901.0636
927.25977	904.07117
927.31189	901.31891
927.36395	898.03204
927.41608	897.15607
927.4682	899.70526
927.52026	899.34943
927.57239	898.02185
927.62451	897.23492
927.67664	900.44727
927.7287	899.65039
927.78082	897.8924
927.83295	898.25244
927.88501	898.60175
927.93713	902.44897
927.98926	907.23157
928.04138	902.56573
928.09344	904.61499
928.14557	903.47095
928.19769	902.7699
928.24976	900.82458
928.30188	905.64764
928.354	899.66565
928.40613	897.24048
928.45819	898.06897
928.51031	901.45618
928.56244	900.26031
928.6145	903.00378
928.66663	902.31006
928.71875	902.42609
928.77081	900.63788
928.82294	899.52277
928.87506	902.55035
928.92719	901.35193
928.97925	898.23285
929.03137	897.66962
929.0835	899.19763
929.13556	898.20569
929.18768	896.15875
929.23981	898.31207
929.29193	902.58344
929.34399	903.11847
929.39612	900.83942
929.44824	900.14081
929.50031	900.53308
929.55243	902.70294
929.60455	900.54175
929.65668	902.81903
929.70874	901.25574
929.76086	898.69836
929.81299	899.63947
929.86505	904.89636
929.91718	899.98419
929.9693	904.05499
930.02136	900.76044
930.07349	906.60345
930.12561	901.77026
930.17773	900.46448
930.2298	901.52039
930.28192	903.47131
930.33405	899.00671
930.38611	896.87921
930.43823	898.28632
930.49036	903.58832
930.54248	903.56512
930.59454	900.59698
930.64667	900.48712
930.69879	904.90497
930.75085	903.23279
930.80298	898.85309
930.8551	900.54004
930.90723	899.66888
930.95929	902.565
931.01141	898.61127
931.06354	901.37769
931.1156	902.47107
931.16772	902.05835
931.21985	900.09406
931.27191	907.50018
931.32404	899.51105
931.37616	899.15698
931.42828	895.50153
931.48035	903.15393
931.53247	897.73096
931.58459	897.66412
931.63666	901.36938
931.68878	898.49164
931.74091	896.78247
931.79303	896.69781
931.84509	895.24005
931.89722	899.89636
931.94934	902.0047
932.0014	902.71216
932.05353	901.81976
932.10565	902.24213
932.15771	902.73877
932.20984	901.94983
932.26196	898.54901
932.31409	900.15845
932.36615	902.56445
932.41827	904.11493
932.4704	907.31036
932.52246	900.6311
932.57458	900.31909
932.62671	899.02515
932.67883	898.91742
932.7309	903.90564
932.78302	900.96832
932.83514	901.99518
932.88721	897.73444
932.93933	903.95862
932.99146	901.39581
933.04358	901.39221
933.09564	902.02924
933.14777	904.76202
933.19989	903.76166
933.25195	897.92438
933.30408	901.67761
933.3562	903.46954
933.40826	901.54846
933.46039	901.08087
933.51251	901.81641
933.56464	903.85614
933.6167	901.68945
933.66882	903.2923
933.72095	901.04498
933.77301	897.52319
933.82513	900.27374
933.87726	900.53503
933.92938	902.4223
933.98145	900.20886
934.03357	900.2782
934.08569	902.68243
934.13776	898.39673
934.18988	899.30377
934.242	898.99969
934.29413	902.53461
934.34619	904.16388
934.39832	899.63464
934.45044	899.6991
934.5025	902.93573
934.55463	900.01068
934.60675	896.05981
934.65881	900.20807
934.71094	903.05048
934.76306	901.74219
934.81519	903.08533
934.86725	902.01959
934.91937	903.88129
934.9715	902.36084
935.02356	898.2475
935.07568	898.85077
935.12781	899.40979
935.17993	902.09631
935.23199	902.86591
935.28412	899.98517
935.33624	901.70367
935.38831	899.22137
935.44043	898.27808
935.49255	906.16235
935.54462	903.32355
935.59674	909.13348
935.64886	898.2337
935.70099	898.70844
935.75305	899.35413
935.80518	903.58398
935.8573	900.86823
935.90936	903.57965
935.96149	903.98547
936.01361	901.8031
936.06573	894.39691
936.1178	899.30383
936.16992	900.94763
936.22205	903.27173
936.27411	903.38647
936.32623	904.14148
936.37836	901.41724
936.43048	899.65808
936.48254	900.60675
936.53467	901.82263
936.58679	902.50177
936.63885	898.53827
936.69098	898.31561
936.7431	902.32672
936.79517	905.2757
936.84729	904.73474
936.89941	906.02319
936.95154	901.76117
937.0036	906.04803
937.05573	895.46442
937.10785	902.74664
937.15991	898.66669
937.21204	899.18121
937.26416	899.98389
937.31628	903.42914
937.36835	909.99261
937.42047	906.83813
937.4726	899.47278
937.52466	902.00171
937.57678	901.07227
937.62891	902.31049
937.68103	901.04218
937.73309	902.30414
937.78522	903.47815
937.83734	900.94043
937.8894	901.12
937.94153	902.89246
937.99365	905.1958
938.04572	901.15417
938.09784	899.93756
938.14996	909.55255
938.20209	903.75433
938.25415	901.62891
938.30627	898.70703
938.3584	902.43549
938.41046	899.64142
938.46259	907.20337
938.51471	901.6037
938.56683	902.7666
938.6189	904.09296
938.67102	902.10443
938.72314	903.34088
938.77521	904.32397
938.82733	900.15021
938.87946	902.4317
938.93152	906.76715
938.98364	904.11945
939.03577	899.67749
939.08789	902.99597
939.13995	907.09741
939.19208	903.54071
939.2442	897.18408
939.29626	898.08148
939.34839	901.88367
939.40051	906.24323
939.45264	903.6062
939.5047	903.65564
939.55682	904.78619
939.60895	906.26239
939.66101	900.91321
939.71313	897.55487
939.76526	905.39606
939.81738	902.83734
939.86945	900.2041
939.92157	898.63153
939.97369	907.52539
940.02576	902.31622
940.07788	902.46533
940.13	903.87799
940.18207	902.09882
940.23419	901.56396
940.28632	902.26709
940.33844	906.82373
940.3905	906.72998
940.44263	902.08661
940.49475	902.26428
940.54681	905.75189
940.59894	905.03174
940.65106	901.86615
940.70319	903.22382
940.75525	905.29736
940.80737	903.96307
940.8595	901.76141
940.91156	902.18188
940.96368	905.83386
941.01581	904.06647
941.06793	903.36316
941.12	902.34692
941.17212	898.86823
941.22424	900.35791
941.27631	900.51886
941.32843	899.07849
941.38055	906.28021
941.43262	903.70361
941.48474	903.30841
941.53687	904.03735
941.58899	903.97766
941.64105	902.14838
941.69318	902.8418
941.7453	900.63232
941.79736	902.28693
941.84949	901.49664
941.90161	900.49847
941.95374	899.37549
942.0058	902.28662
942.05792	903.93005
942.11005	901.97498
942.16211	898.24298
942.21423	909.15656
942.26636	911.00671
942.31848	902.91742
942.37054	902.20172
942.42267	902.71735
942.47479	899.78174
942.52686	902.87238
942.57898	907.78149
942.6311	901.2807
942.68317	902.71692
942.73529	908.36163
942.78741	906.71838
942.83954	907.22955
942.8916	906.93573
942.94373	902.20526
942.99585	900.82971
943.04791	901.23254
943.10004	902.01965
943.15216	901.92822
943.20428	902.42535
943.25635	900.76636
943.30847	898.16504
943.3606	902.02008
943.41266	904.33313
943.46478	900.19214
943.51691	902.099
943.56897	905.96796
943.62109	906.24048
943.67322	896.48395
943.72534	899.74335
943.7774	901.1076
943.82953	901.64447
943.88165	898.59033
943.93372	897.96069
943.98584	908.64526
944.03796	910.1236
944.09009	897.18231
944.14215	901.9704
944.19427	903.52612
944.2464	903.5376
944.29846	901.63531
944.35059	901.83649
944.40271	902.52386
944.45483	901.6134
944.5069	897.59949
944.55902	902.21698
944.61115	904.05206
944.66321	901.65564
944.71533	899.43158
944.76746	903.13397
944.81952	903.59814
944.87164	898.39612
944.92377	900.75415
944.97589	904.57062
945.02795	904.61511
945.08008	898.47186
945.1322	902.45032
945.18427	906.14313
945.23639	911.47241
945.28851	901.45081
945.34064	900.94202
945.3927	903.53833
945.44482	902.0451
945.49695	896.65692
945.54901	898.77655
945.60114	903.52026
945.65326	903.41028
945.70538	901.31177
945.75745	903.711
945.80957	904.56494
945.86169	901.74182
945.91376	902.92212
945.96588	907.94928
946.01801	907.58069
946.07007	902.55414
946.12219	900.98779
946.17432	907.49457
946.22644	907.06335
946.2785	900.13495
946.33063	903.40063
946.38275	903.96973
946.43481	902.51855
946.48694	902.00476
946.53906	910.23523
946.59119	905.28857
946.64325	903.26691
946.69537	901.13263
946.7475	897.65491
946.79956	900.56238
946.85168	900.93738
946.90381	900.77252
946.95587	901.69818
947.008	902.92126
947.06012	902.75049
947.11224	907.8006
947.16431	909.58575
947.21643	907.91211
947.26855	904.29333
947.32062	900.62012
947.37274	905.70026
947.42487	905.50952
947.47699	902.48932
947.52905	899.88623
947.58118	906.97046
947.6333	903.52887
947.68536	896.88367
947.73749	898.30072
947.78961	899.38763
947.84174	906.13129
947.8938	900.98987
947.94592	903.6521
947.99805	911.22882
948.05011	902.34503
948.10223	901.08185
948.15436	904.90631
948.20642	905.76855
948.25854	900.06891
948.31067	900.73016
948.36279	898.27686
948.41486	899.23981
948.46698	903.37555
948.5191	907.71484
948.57117	909.40973
948.62329	906.22906
948.67542	904.4679
948.72754	907.21393
948.7796	910.60614
948.83173	905.24457
948.88385	905.0694
948.93591	907.95831
948.98804	905.03699
949.04016	899.9397
949.09229	899.26184
949.14435	897.83112
949.19647	908.04724
949.2486	905.64038
949.30066	904.16577
949.35278	902.2193
949.40491	904.24286
949.45697	900.63678
949.50909	903.92371
949.56122	907.37488
949.61334	903.84753
949.66541	900.80682
949.71753	903.25781
949.76965	901.5791
949.82172	901.8653
949.87384	902.15607
949.92596	899.75714
949.97809	905.57751
950.03015	916.12567
950.08228	906.20837
950.1344	901.065
950.18646	902.43237
950.23859	902.70313
950.29071	899.86511
950.34277	899.69598
950.3949	906.7193
950.44702	907.01965
950.49915	897.79321
950.55121	899.7254
950.60333	905.58276
950.65546	902.51733
950.70752	896.11176
950.75964	903.29175
950.81177	902.01282
950.86389	899.33002
950.91595	902.00281
950.96808	904.72845
951.0202	907.6134
951.07227	903.01227
951.12439	900.742
951.17651	906.909
951.22864	899.55914
951.2807	902.22687
951.33282	903.98077
951.38495	903.22107
951.43701	900.1568
951.48914	895.62152
951.54126	904.867
951.59332	906.57959
951.64545	903.52228
951.69757	896.33746
951.74969	901.01886
951.80176	904.62445
951.85388	901.67932
951.90601	903.92975
951.95807	909.68085
952.01019	905.58008
952.06232	901.22394
952.11444	901.29395
952.1665	904.06989
952.21863	902.67267
952.27075	901.82214
952.32281	901.46301
952.37494	902.02826
952.42706	906.2027
952.47919	900.65491
952.53125	900.96954
952.58337	904.42792
952.6355	907.82288
952.68756	905.18201
952.73969	906.28882
952.79181	900.08392
952.84387	904.3363
952.896	898.57288
952.94812	912.13348
953.00024	905.01556
953.05231	913.83795
953.10443	902.84637
953.15656	905.03082
953.20862	905.73175
953.26074	900.66577
953.31287	901.19476
953.36499	911.13763
953.41705	911.70093
953.46918	903.93829
953.5213	900.9762
953.57336	905.06403
953.62549	907.29431
953.67761	907.40875
953.72974	907.29089
953.7818	906.60199
953.83392	902.3053
953.88605	897.7677
953.93811	899.46118
953.99023	902.58478
954.04236	907.54803
954.09442	901.67145
954.14655	901.89551
954.19867	896.42712
954.25079	905.75323
954.30286	899.96967
954.35498	906.05182
954.4071	902.23853
954.45917	902.1225
954.51129	899.00623
954.56342	902.62463
954.61554	906.90051
954.6676	907.32202
954.71973	903.91931
954.77185	902.95905
954.82391	903.62463
954.87604	902.86725
954.92816	900.38196
954.98022	908.88727
955.03235	907.02637
955.08447	901.31628
955.1366	904.39117
955.18866	905.3609
955.24078	906.24622
955.29291	899.36938
955.34497	904.69183
955.39709	904.80652
955.44922	902.25531
955.50134	901.39343
955.55341	905.62
955.60553	902.35248
955.65765	905.57507
955.70972	901.32483
955.76184	901.63385
955.81396	904.09277
955.86609	906.51929
955.91815	903.77124
955.97028	903.2533
956.0224	904.01648
956.07446	903.01611
956.12659	900.35883
956.17871	900.74731
956.23077	902.8299
956.2829	905.12854
956.33502	904.61157
956.38715	904.27802
956.43921	901.68005
956.49133	903.5387
956.54346	900.91858
956.59552	904.23529
956.64764	908.92261
956.69977	899.95117
956.75189	902.85419
956.80396	905.70215
956.85608	898.88
956.9082	904.11212
956.96027	907.61145
957.01239	909.90167
957.06451	906.64984
957.11664	902.61475
957.1687	906.37976
957.22083	904.68793
957.27295	903.96405
957.32501	906.31348
957.37714	904.15979
957.42926	902.06714
957.48132	901.01147
957.53345	904.4093
957.58557	904.75922
957.6377	903.09027
957.68976	903.82489
957.74188	902.2868
957.79401	910.54211
957.84607	907.8913
957.89819	906.57208
957.95032	908.12384
958.00244	911.1637
958.0545	900.32172
958.10663	904.11609
958.15875	904.45081
958.21082	905.38495
958.26294	906.16724
958.31506	904.15796
958.36713	905.73108
958.41925	908.25226
958.47137	903.69275
958.5235	900.43921
958.57556	900.58832
958.62769	901.00897
958.67981	901.68164
958.73187	904.21344
958.784	903.2851
958.83612	910.87744
958.88824	906.26526
958.94031	907.12433
958.99243	904.5401
959.04456	918.00342
959.09662	901.31067
959.14874	909.35266
959.20087	904.27344
959.25299	900.35345
959.30505	902.10706
959.35718	902.20636
959.4093	905.49756
959.46136	910.06006
959.51349	906.6889
959.56561	907.54431
959.61768	907.17322
959.6698	907.51862
959.72192	902.69995
959.77405	903.36719
959.82611	906.62164
959.87823	905.01178
959.93036	901.724
959.98242	905.55927
960.03455	908.30054
960.08667	902.7887
960.13879	907.88684
960.19086	906.32843
960.24298	906.55225
960.2951	904.36212
960.34717	899.9635
960.39929	907.22821
960.45142	903.63623
960.50354	901.62769
960.5556	907.49561
960.60773	902.11493
960.65985	902.78589
960.71191	904.04877
960.76404	901.44141
960.81616	902.70496
960.86823	901.6059
960.92035	901.9873
960.97247	904.36804
961.0246	903.6062
961.07666	903.51501
961.12878	905.3363
961.18091	906.14874
961.23297	907.08734
961.2851	906.54626
961.33722	906.39447
961.38934	906.59686
961.44141	904.078
961.49353	905.91327
961.54565	907.71533
961.59772	906.5119
961.64984	905.66333
961.70197	903.07471
961.75403	904.47107
961.80615	908.15192
961.85828	903.82111
961.9104	906.67725
961.96246	905.68774
962.01459	906.24908
962.06671	903.48828
962.11877	900.94867
962.1709	910.52246
962.22302	907.1676
962.27515	901.72949
962.32721	905.35223
962.37933	902.46924
962.43146	903.38647
962.48352	901.38007
962.53564	904.35889
962.58777	906.8205
962.63989	906.09167
962.69196	905.44373
962.74408	905.82471
962.7962	904.42053
962.84827	908.91956
962.90039	902.6297
962.95251	902.86444
963.00458	903.7301
963.0567	905.21503
963.10883	905.7218
963.16095	907.17853
963.21301	908.93604
963.26514	905.6507
963.31726	904.23987
963.36932	906.41473
963.42145	902.36774
963.47357	902.51569
963.5257	905.84143
963.57776	906.6181
963.62988	906.9809
963.68201	909.22473
963.73407	909.81879
963.78619	905.77228
963.83832	909.76288
963.89044	904.60004
963.9425	906.92877
963.99463	908.29108
964.04675	906.91833
964.09882	907.0813
964.15094	907.28467
964.20306	904.81708
964.25513	905.03265
964.30725	909.21063
964.35938	908.37134
964.4115	904.11163
964.46356	906.30951
964.51569	906.67401
964.56781	907.02881
964.61987	907.7981
964.672	904.54639
964.72412	906.51794
964.77625	905.82404
964.82831	908.60907
964.88043	904.47162
964.93256	903.28113
964.98462	901.99426
965.03674	905.89502
965.08887	902.67047
965.14099	902.30017
965.19305	906.92163
965.24518	905.9624
965.2973	904.45319
965.34937	906.69318
965.40149	905.26941
965.45361	906.51782
965.50568	909.33258
965.5578	909.43878
965.60992	908.22803
965.66205	904.1684
965.71411	909.56689
965.76624	911.33044
965.81836	909.41461
965.87042	908.341
965.92255	909.02393
965.97467	907.66394
966.02679	905.52692
966.07886	905.88702
966.13098	907.95422
966.18311	910.1626
966.23517	904.42175
966.28729	908.44946
966.33942	907.38483
966.39148	907.77777
966.4436	908.24701
966.49573	909.85583
966.54785	910.28522
966.59991	906.13049
966.65204	907.13879
966.70416	912.17358
966.75623	913.45471
966.80835	907.84259
966.86047	905.02655
966.9126	906.71289
966.96466	911.646
967.01678	908.479
967.06891	905.81409
967.12097	911.10046
967.1731	906.67902
967.22522	906.97357
967.27734	903.17401
967.32941	909.2196
967.38153	908.17822
967.43365	905.37476
967.48572	907.43469
967.53784	912.99011
967.58997	914.06226
967.64203	916.01337
967.69415	913.37939
967.74628	916.66785
967.7984	910.16675
967.85046	906.78467
967.90259	911.38239
967.95471	911.07825
968.00677	910.05469
968.0589	908.3739
968.11102	906.6272
968.16315	908.51318
968.21521	905.53528
968.26733	905.10223
968.31946	910.64203
968.37152	912.67029
968.42365	907.61029
968.47577	905.26294
968.52789	907.39636
968.57996	908.43213
968.63208	911.85333
968.6842	907.48804
968.73627	911.68842
968.78839	907.14252
968.84052	910.88293
968.89258	910.56256
968.9447	910.21887
968.99683	905.71216
969.04895	905.94513
969.10101	908.94464
969.15314	913.90857
969.20526	912.66992
969.25732	912.21265
969.30945	909.70367
969.36157	910.19373
969.4137	907.74066
969.46576	907.03955
969.51788	911.30066
969.57001	911.50366
969.62207	914.67133
969.67419	912.31195
969.72632	912.02179
969.77838	911.43115
969.83051	911.11395
969.88263	908.73956
969.93475	911.75873
969.98682	914.36438
970.03894	918.17645
970.09106	910.26923
970.14313	910.91943
970.19525	913.19977
970.24738	909.16125
970.2995	915.27063
970.35156	912.72925
970.40369	908.15656
970.45581	906.61255
970.50787	913.93353
970.56	912.6958
970.61212	910.65808
970.66425	910.49353
970.71631	909.2865
970.76843	907.75598
970.82056	907.75427
970.87262	907.75244
970.92474	913.23132
970.97687	910.62872
971.02893	908.01691
971.08105	910.46429
971.13318	912.64075
971.1853	913.23688
971.23737	901.48669
971.28949	909.52618
971.34161	914.02789
971.39368	919.07764
971.4458	913.51904
971.49792	917.44415
971.55005	917.22174
971.60211	911.84717
971.65424	914.76825
971.70636	915.72449
971.75842	916.8335
971.81055	914.33759
971.86267	908.90131
971.91479	909.13965
971.96686	915.0954
972.01898	914.3028
972.07111	912.5589
972.12317	916.38306
972.17529	914.21423
972.22742	908.29932
972.27948	910.21185
972.3316	912.9566
972.38373	910.84558
972.43585	912.66956
972.48792	919.52979
972.54004	913.39777
972.59216	915.42932
972.64423	910.32281
972.69635	917.07678
972.74847	917.98694
972.8006	913.89227
972.85266	911.72766
972.90479	918.44305
972.95691	922.68866
973.00897	918.59143
973.0611	910.40619
973.11322	911.7038
973.16534	912.45972
973.21741	915.42188
973.26953	913.25836
973.32166	915.33557
973.37372	916.06494
973.42584	918.77771
973.47797	921.71533
973.53003	925.17841
973.58215	919.7876
973.63428	911.59131
973.6864	919.54944
973.73846	923.4787
973.79059	917.367
973.84271	914.89709
973.89478	923.4848
973.9469	917.44604
973.99902	919.72736
974.05115	922.30157
974.10321	920.30597
974.15533	919.90991
974.20746	917.41632
974.25952	917.66241
974.31165	922.59747
974.36377	923.26465
974.41583	917.0188
974.46796	913.32251
974.52008	922.37537
974.5722	930.99341
974.62427	922.1947
974.67639	923.34985
974.72852	924.20807
974.78058	920.19604
974.8327	915.04626
974.88483	920.8385
974.93695	928.11188
974.98901	923.84265
975.04114	917.94879
975.09326	921.36017
975.14532	918.85437
975.19745	915.73749
975.24957	917.22089
975.3017	920.08075
975.35376	929.71765
975.40588	923.86188
975.45801	921.50146
975.51007	917.06232
975.56219	917.0871
975.61432	919.0697
975.66638	919.31342
975.71851	919.35992
975.77063	915.00714
975.82275	914.026
975.87482	917.25562
975.92694	922.11182
975.97906	922.65698
976.03113	926.58691
976.08325	920.08038
976.13538	927.86609
976.1875	919.6214
976.23956	921.98035
976.29169	920.88159
976.34381	922.54517
976.39587	917.42053
976.448	921.64532
976.50012	922.4646
976.55225	921.31091
976.60431	919.11359
976.65643	913.99567
976.70856	922.94788
976.76062	926.00983
976.81274	920.61725
976.86487	914.05133
976.91693	920.22058
976.96906	926.68903
977.02118	922.77295
977.0733	914.95337
977.12537	917.38098
977.17749	918.12506
977.22961	915.41443
977.28168	922.37665
977.3338	911.9845
977.38593	921.03217
977.43805	920.27368
977.49011	915.03027
977.54224	915.82635
977.59436	920.67572
977.64642	917.2735
977.69855	912.33154
977.75067	916.17407
977.80273	914.43347
977.85486	911.10443
977.90698	914.83612
977.95911	916.36603
978.01117	913.23212
978.06329	911.38397
978.11542	918.70648
978.16748	920.75732
978.2196	909.64655
978.27173	912.13647
978.32385	914.89215
978.37592	912.94305
978.42804	912.49884
978.48016	909.31488
978.53223	918.99921
978.58435	922.48273
978.63647	906.27185
978.6886	913.23749
978.74066	916.74518
978.79279	921.64697
978.84491	918.59747
978.89697	914.63861
978.9491	918.87988
979.00122	919.4353
979.05328	914.15686
979.10541	917.36383
979.15753	921.49597
979.20966	918.81696
979.26172	916.98907
979.31384	918.60199
979.36597	917.43469
979.41803	912.54645
979.47015	916.9751
979.52228	914.2912
979.5744	919.1264
979.62646	916.56256
979.67859	913.22852
979.73071	915.81439
979.78278	914.45825
979.8349	911.17377
979.88702	915.77753
979.93915	908.63959
979.99121	911.14581
980.04333	916.29956
980.09546	912.77887
980.14752	912.61536
980.19965	919.93933
980.25177	919.35248
980.30383	920.17383
980.35596	920.52148
980.40808	916.867
980.46021	914.58246
980.51227	910.27423
980.56439	912.17517
980.61652	916.16943
980.66858	915.4411
980.7207	914.52942
980.77283	915.24872
980.82495	903.19214
980.87701	916.09039
980.92914	920.29724
980.98126	921.86444
981.03333	911.13318
981.08545	915.31665
981.13757	914.9549
981.18964	916.86353
981.24176	911.81793
981.29388	918.67169
981.34601	919.24408
981.39807	919.43506
981.4502	917.58728
981.50232	915.84772
981.55438	918.40381
981.60651	915.22034
981.65863	912.31238
981.71075	913.75586
981.76282	916.21991
981.81494	914.04083
981.86707	914.77106
981.91913	914.98181
981.97125	912.77087
982.02338	913.71063
982.0755	911.08002
982.12756	915.271
982.17969	907.95563
982.23181	911.70734
982.28387	911.11835
982.336	924.13367
982.38812	915.37659
982.44019	907.60699
982.49231	912.96167
982.54443	921.04553
982.59656	914.17065
982.64862	913.43628
982.70074	915.64587
982.75287	914.00854
982.80493	911.29187
982.85706	911.65283
982.90918	912.77911
982.9613	913.159
983.01337	909.91608
983.06549	910.78601
983.11761	912.16345
983.16968	918.83423
983.2218	914.82898
983.27393	912.90265
983.32605	912.33612
983.37811	914.99182
983.43024	908.41071
983.48236	915.06689
983.53442	918.75299
983.58655	914.83362
983.63867	917.78607
983.69073	914.90985
983.74286	913.43488
983.79498	915.10895
983.84711	913.31689
983.89917	913.31519
983.95129	913.31342
984.00342	915.34937
984.05548	913.67419
984.1076	913.15228
984.15973	912.01392
984.21185	910.1618
984.26392	916.66119
984.31604	918.72711
984.36816	910.729
984.42023	914.97675
984.47235	912.82947
984.52448	920.05786
984.5766	912.48627
984.62866	909.89404
984.68079	917.78894
984.73291	916.29999
984.78497	908.21161
984.8371	904.10913
984.88922	914.9071
984.94128	915.08679
984.99341	910.00421
985.04553	914.53503
985.09766	913.7467
985.14972	914.99255
985.20184	915.96204
985.25397	916.43384
985.30603	918.18622
985.35815	920.27429
985.41028	915.5647
985.4624	907.92413
985.51447	916.99677
985.56659	915.92169
985.61871	906.92719
985.67078	911.80786
985.7229	913.54059
985.77502	909.69769
985.82709	904.50952
985.87921	915.93732
985.93134	908.66492
985.98346	914.41724
986.03552	906.99762
986.08765	916.13843
986.13977	919.84552
986.19183	912.89124
986.24396	909.26288
986.29608	910.30603
986.34821	914.12677
986.40027	910.6004
986.45239	911.62476
986.50452	910.2135
986.55658	911.22449
986.6087	912.56982
986.66083	911.83173
986.71295	921.08917
986.76501	912.88232
986.81714	912.25922
986.86926	913.45984
986.92133	910.86951
986.97345	914.30737
987.02557	907.31543
987.07764	909.12
987.12976	913.96289
987.18188	911.35693
987.23401	907.73474
987.28607	915.80078
987.3382	914.53094
987.39032	910.63507
987.44238	911.71802
987.49451	912.57135
987.54663	916.54028
987.59875	926.19922
987.65082	915.10547
987.70294	908.66876
987.75507	910.31732
987.80713	909.78534
987.85925	908.73737
987.91138	915.12262
987.9635	910.73468
988.01556	912.34387
988.06769	915.33191
988.11981	920.46521
988.17188	907.45074
988.224	906.93713
988.27612	909.39166
988.32819	911.00903
988.38031	907.16473
988.43243	911.45685
988.48456	916.66125
988.53662	914.20966
988.58875	909.49994
988.64087	909.56647
988.69293	911.33728
988.74506	912.01709
988.79718	908.27338
988.8493	904.27313
988.90137	911.02423
988.95349	909.86029
989.00562	913.96509
989.05768	914.67139
989.1098	918.73553
989.16193	911.08759
989.21399	907.30768
989.26611	914.80896
989.31824	916.55865
989.37036	911.70471
989.42242	909.95813
989.47455	915.14258
989.52667	914.65222
989.57874	910.62451
989.63086	912.95337
989.68298	910.60327
989.73511	911.09027
989.78717	913.28851
989.83929	914.5249
989.89142	910.60925
989.94348	910.30774
989.99561	913.56531
990.04773	910.5462
990.09985	915.25977
990.15192	914.62097
990.20404	914.28284
990.25616	904.88116
990.30823	913.41724
990.36035	909.36578
990.41248	913.31427
990.46454	913.30176
990.51666	909.69153
990.56879	906.05414
990.62091	906.91235
990.67297	911.16919
990.7251	915.33032
990.77722	914.85626
990.82928	909.62061
990.88141	910.45795
990.93353	909.3349
990.98566	909.9101
991.03772	911.74506
991.08984	910.83337
991.14197	913.63232
991.19403	915.45135
991.24615	918.47302
991.29828	911.00909
991.3504	907.09589
991.40247	907.94574
991.45459	911.45062
991.50671	912.54395
991.55878	906.92865
991.6109	905.48083
991.66302	912.8656
991.71509	909.39728
991.76721	904.9538
991.81934	904.27777
991.87146	908.24658
991.92352	910.75543
991.97565	908.34552
992.02777	910.07904
992.07983	911.54053
992.13196	906.53754
992.18408	906.6709
992.23621	907.03528
992.28827	912.04901
992.34039	906.30334
992.39252	912.51862
992.44458	910.2359
992.4967	905.37885
992.54883	909.26556
992.60089	912.15363
992.65302	907.12909
992.70514	908.72888
992.75726	907.51056
992.80933	907.4801
992.86145	910.53021
992.91357	911.55133
992.96564	908.13434
993.01776	908.8869
993.06989	908.20337
993.12201	914.21716
993.17407	912.97736
993.2262	909.85364
993.27832	913.159
993.33038	904.08997
993.38251	913.40808
993.43463	906.36243
993.48676	914.49323
993.53882	914.12921
993.59094	906.99353
993.64307	903.81049
993.69513	910.41119
993.74725	906.10602
993.79938	908.66125
993.85144	913.98102
993.90356	912.43262
993.95569	908.0238
994.00781	907.4024
994.05988	912.388
994.112	914.68341
994.16412	909.15485
994.21619	909.00043
994.26831	908.66309
994.32043	910.27258
994.37256	910.14594
994.42462	907.36591
994.47675	915.63159
994.52887	922.22711
994.58093	913.84381
994.63306	901.91656
994.68518	909.34772
994.7373	908.06647
994.78937	908.0647
994.84149	914.20471
994.89362	907.89252
994.94568	908.42596
994.9978	904.09467
995.04993	906.67413
995.10199	914.72162
995.15411	908.8963
995.20624	908.9577
995.25836	907.30615
995.31042	905.61542
995.36255	904.83344
995.41467	909.49652
995.46674	910.09833
995.51886	907.73462
995.57098	910.66016
995.62311	905.08008
995.67517	912.29303
995.72729	906.453
995.77942	907.15344
995.83148	909.82898
995.88361	914.19781
995.93573	911.0368
995.98785	906.43872
996.03992	911.98804
996.09204	913.08795
996.14417	908.92896
996.19623	907.42578
996.24835	912.17084
996.30048	908.37067
996.35254	902.11652
996.40466	907.54895
996.45679	911.89191
996.50891	909.60248
996.56097	917.34503
996.6131	910.39264
996.66522	914.10187
996.71729	904.46649
996.76941	907.30188
996.82153	905.38135
996.87366	905.86322
996.92572	907.6626
996.97784	905.0871
997.02997	913.02081
997.08203	911.03925
997.13416	908.88721
997.18628	907.66974
997.23834	909.68854
997.29047	908.92249
997.34259	911.01831
997.39471	909.98413
997.44678	905.48645
997.4989	906.39111
997.55103	901.17059
997.60309	900.99976
997.65521	905.27344
997.70734	904.9317
997.75946	903.8811
997.81152	903.43555
997.86365	908.27887
997.91577	906.87958
997.96783	903.50787
998.01996	905.3045
998.07208	909.367
998.12421	909.11823
998.17627	906.78143
998.22839	908.51282
998.28052	911.2439
998.33258	908.95959
998.3847	904.00415
998.43683	902.89606
998.48889	907.23425
998.54102	909.2644
998.59314	906.55591
998.64526	910.24274
998.69733	913.02625
998.74945	899.77307
998.80157	905.46118
998.85364	912.30719
998.90576	908.44952
998.95789	902.01062
999.01001	905.07819
999.06207	910.81158
999.1142	903.81097
999.16632	902.44196
999.21838	907.86365
999.27051	908.81244
999.32263	906.24426
999.37476	907.04376
999.42682	907.83954
999.47894	905.9115
999.53107	907.19043
999.58313	906.70642
999.63525	904.67065
999.68738	908.64801
999.73944	906.8327
999.79156	904.49542
999.84369	912.7583
999.89581	903.35773
999.94788	907.21332
1000	906.32031
