350	908.18536
350.05179	909.40149
350.10355	908.4632
350.15533	907.61548
350.20709	900.19629
350.25888	908.48248
350.31064	916.76862
350.36243	913.67676
350.41418	910.26263
350.46597	901.01007
350.51773	909.59094
350.56952	908.44617
350.62131	909.63312
350.67307	906.39618
350.72485	910.89398
350.77661	904.6311
350.8284	908.12555
350.88016	905.94385
350.93195	905.66071
350.9837	908.74457
351.03549	907.4834
351.08725	903.58197
351.13904	902.54523
351.19083	907.90277
351.24258	911.96918
351.29437	908.97906
351.34613	907.38531
351.39792	912.7735
351.44968	912.59686
351.50146	906.35962
351.55322	908.82587
351.60501	910.21722
351.65677	906.14819
351.70856	905.94952
351.76035	911.64465
351.8121	915.08759
351.86389	906.60712
351.91565	902.84436
351.96744	907.31738
352.0192	911.29688
352.07098	910.13293
352.12274	907.44464
352.17453	903.53857
352.22629	910.59204
352.27808	903.95068
352.32986	904.43671
352.38162	904.43518
352.43341	903.9585
352.48517	914.57404
352.53696	905.526
352.58871	907.93274
352.6405	908.42755
352.69226	910.90411
352.74405	912.22595
352.79581	903.10254
352.8476	907.56262
352.89938	909.91974
352.95114	906.75763
353.00293	907.78748
353.05469	908.26233
353.10648	911.05359
353.15823	910.19843
353.21002	906.67535
353.26178	909.00769
353.31357	910.32135
353.36533	906.88983
353.41711	903.70605
353.4689	902.85736
353.52066	905.98083
353.57245	905.95557
353.62421	904.13287
353.67599	907.97345
353.72775	906.55414
353.77954	907.97437
353.8313	905.4693
353.88309	905.80377
353.93484	911.05103
353.98663	913.12274
354.03842	905.28741
354.09018	900.93793
354.14197	904.68475
354.19373	909.17413
354.24551	903.71704
354.29727	907.55615
354.34906	910.35901
354.40082	909.82745
354.45261	905.43835
354.50436	902.48846
354.55615	905.17889
354.60794	905.82471
354.6597	905.42352
354.71149	906.22815
354.76324	909.29694
354.81503	908.64233
354.86679	909.93854
354.91858	905.3927
354.97034	904.22791
355.02213	909.36346
355.07388	907.21204
355.12567	903.35571
355.17746	908.4458
355.22922	912.77527
355.28101	908.3161
355.33276	902.29272
355.38455	907.95117
355.43631	910.19348
355.4881	903.62488
355.53986	903.18817
355.59164	906.95203
355.6434	910.02045
355.69519	911.14783
355.74698	907.29004
355.79874	905.22198
355.85052	908.63776
355.90228	909.13831
355.95407	905.78156
356.00583	903.82886
356.05762	904.12347
356.10938	909.42261
356.16116	905.4707
356.21292	905.0329
356.26471	911.75586
356.3165	910.49658
356.36826	903.66846
356.42004	907.9494
356.4718	910.40149
356.52359	913.28668
356.57535	908.40723
356.62714	901.61536
356.67889	909.69299
356.73068	913.48126
356.78244	908.50635
356.83423	908.66095
356.88602	907.54974
356.93777	908.10907
356.98956	907.51251
357.04132	904.63318
357.09311	906.00409
357.14487	914.62573
357.19666	909.19623
357.24841	904.95831
357.3002	909.58392
357.35196	915.05432
357.40375	909.99408
357.45554	908.96387
357.50729	907.44855
357.55908	909.99219
357.61084	911.33801
357.66263	905.37061
357.71439	905.11005
357.76617	908.87714
357.81793	908.99829
357.86972	904.77161
357.92148	903.3797
357.97327	904.1637
358.02505	910.06976
358.07681	906.30322
358.1286	905.64362
358.18036	911.48907
358.23215	910.64288
358.28391	905.32678
358.33569	910.33466
358.38745	910.04352
358.43924	905.25458
358.491	905.25311
358.54279	905.50757
358.59457	909.88007
358.64633	913.64008
358.69812	901.44379
358.74988	907.96808
358.80167	909.17969
358.85342	907.87488
358.90521	906.40924
358.95697	907.1026
359.00876	907.23761
359.06052	912.53406
359.1123	904.24115
359.16409	902.49982
359.21585	908.30286
359.26764	909.51141
359.3194	909.22839
359.37119	910.5683
359.42294	906.37665
359.47473	908.39209
359.52649	906.73535
359.57828	905.44312
359.63004	906.71912
359.68182	908.82104
359.73361	907.70392
359.78537	903.51971
359.83716	905.38916
359.88892	911.36084
359.9407	912.38373
359.99246	909.70825
360.04425	909.70667
360.09601	910.87323
360.1478	911.81104
360.19955	908.70209
360.25134	909.35461
360.30313	910.01221
360.35489	905.55701
360.40668	902.62695
360.45844	902.51416
360.51022	913.13257
360.56198	906.92633
360.61377	908.17462
360.66553	903.64191
360.71732	909.82458
360.76907	912.52362
360.82086	905.20105
360.87262	905.66901
360.92441	910.9054
360.9762	909.32672
361.02795	904.66614
361.07974	909.44635
361.1315	911.88245
361.18329	908.43713
361.23505	904.44611
361.28683	905.23468
361.33859	912.11609
361.39038	914.16663
361.44214	910.61066
361.49393	906.41534
361.54572	905.82507
361.59747	907.75873
361.64926	908.04346
361.70102	905.88251
361.75281	908.34637
361.80457	910.88232
361.85635	907.27228
361.90811	904.89551
361.9599	907.06671
362.01166	907.7511
362.06345	905.79724
362.11523	908.05188
362.16699	912.9549
362.21878	911.58087
362.27054	909.8053
362.32233	909.67987
362.37408	909.20154
362.42587	911.28143
362.47763	911.84491
362.52942	906.89526
362.58118	906.09766
362.63297	913.81238
362.68475	908.58112
362.73651	902.64734
362.7883	907.31445
362.84006	913.98621
362.89185	911.65198
362.9436	901.77704
362.99539	909.09662
363.04715	911.06476
363.09894	915.8653
363.1507	903.14923
363.20248	908.43176
363.25427	913.94525
363.30603	913.32684
363.35782	903.54327
363.40958	905.24225
363.46136	902.57642
363.51312	909.21027
363.56491	907.17993
363.61667	905.95685
363.66846	910.23669
363.72021	913.76215
363.772	908.81299
363.82379	903.73749
363.87555	908.24841
363.92734	910.0899
363.9791	911.05499
364.03088	910.46619
364.08264	906.83447
364.13443	908.20935
364.18619	908.36151
364.23798	907.23187
364.28973	910.68994
364.34152	911.38727
364.39331	909.99835
364.44507	908.07556
364.49686	909.16754
364.54861	912.29492
364.6004	912.21405
364.65216	907.55334
364.70395	908.8493
364.75571	908.1637
364.8075	908.47906
364.85925	907.32489
364.91104	903.99451
364.96283	910.45911
365.01459	909.01807
365.06638	902.8537
365.11813	908.25464
365.16992	914.57611
365.22168	917.50281
365.27347	908.42902
365.32523	909.45465
365.37701	909.54779
365.42877	909.10144
365.48056	910.34436
365.53235	910.54315
365.58411	911.77142
365.63589	910.04968
365.68765	907.99316
365.73944	906.03815
365.7912	907.35083
365.84299	909.79102
365.89474	908.83337
365.94653	908.35895
365.99829	909.79449
366.05008	909.30939
366.10187	907.35455
366.15363	909.05603
366.20541	909.4054
366.25717	909.31146
366.30896	908.79565
366.36072	905.14093
366.41251	905.91644
366.46426	911.20654
366.51605	908.91937
366.56781	903.70526
366.6196	907.39307
366.67139	908.67957
366.72314	906.93542
366.77493	906.48749
366.82669	911.7644
366.87848	912.85779
366.93024	911.23004
366.98203	902.32935
367.03378	907.74854
367.08557	906.64014
367.13733	907.79681
367.18912	909.84772
367.24091	908.78827
367.29266	912.54138
367.34445	913.3382
367.39621	907.97925
367.448	906.02325
367.49976	908.85895
367.55154	917.39667
367.6033	909.77728
367.65509	909.86816
367.70685	913.44031
367.75864	914.81909
367.81042	908.83282
367.86218	902.69952
367.91397	907.26849
367.96573	913.84363
368.01752	911.11066
368.06927	911.57806
368.12106	910.76508
368.17282	911.27869
368.22461	907.52356
368.27637	909.54462
368.32816	909.81464
368.37994	911.06482
368.4317	905.87134
368.48349	901.78986
368.53525	905.6889
368.58704	910.28717
368.63879	910.30414
368.69058	905.16949
368.74234	905.66644
368.79413	911.98999
368.84589	914.44238
368.89767	908.93933
368.94946	908.65387
369.00122	911.43005
369.05301	908.00946
369.10477	905.67914
369.15656	907.42218
369.20831	910.63861
369.2601	908.99762
369.31186	906.85522
369.36365	907.06781
369.41541	911.00934
369.46719	907.30316
369.51898	906.16052
369.57074	909.88708
369.62253	908.96686
369.67429	912.38586
369.72607	907.58295
369.77783	899.39008
369.82962	908.13074
369.88138	909.81183
369.93317	904.22101
369.98492	905.54236
370.03671	907.98407
370.0885	908.81079
370.14026	907.72974
370.19205	907.02362
370.2438	909.85712
370.29559	908.03937
370.34735	911.05499
370.39914	911.55847
370.4509	911.86719
370.50269	912.08282
370.55444	912.79584
370.60623	912.52399
370.65802	912.16821
370.70978	916.9184
370.76157	915.27539
370.81332	907.69226
370.86511	905.84894
370.91687	908.15057
370.96866	907.8656
371.02042	906.164
371.0722	908.31726
371.12396	909.48303
371.17575	910.25555
371.22754	904.17902
371.2793	906.00342
371.33109	910.17108
371.38284	912.68158
371.43463	908.22302
371.48639	906.3457
371.53818	908.87195
371.58994	910.92303
371.64172	907.49445
371.69348	902.01654
371.74527	908.1322
371.79706	911.16162
371.84882	907.78796
371.9006	905.90167
371.95236	910.29785
372.00415	912.28082
372.05591	910.46356
372.1077	904.36816
372.15945	904.74323
372.21124	913.59363
372.263	910.58136
372.31479	904.86395
372.36658	908.27924
372.41833	905.80707
372.47012	910.5506
372.52188	906.79095
372.57367	905.55011
372.62543	909.65027
372.67722	904.95026
372.72897	906.69769
372.78076	908.70038
372.83252	910.13751
372.88431	908.70691
372.9361	905.42474
372.98785	908.07758
373.03964	911.8335
373.0914	912.56348
373.14319	909.06415
373.19495	905.93127
373.24673	908.37354
373.29849	908.60651
373.35028	907.75812
373.40204	909.66528
373.45383	909.80554
373.50562	907.40167
373.55737	905.60626
373.60916	910.40479
373.66092	914.55634
373.71271	913.35492
373.76447	910.7998
373.81625	906.97351
373.86801	908.1814
373.9198	910.35944
373.97156	910.79156
374.02335	910.65863
374.07513	909.51758
374.12689	912.70038
374.17868	910.7135
374.23044	907.28955
374.28223	904.8418
374.33398	908.59479
374.38577	911.10754
374.43753	907.64111
374.48932	917.02734
374.54108	910.92853
374.59286	908.93097
374.64465	905.08191
374.69641	909.45239
374.7482	908.05591
374.79996	907.64337
374.85175	907.76532
374.9035	906.3468
374.95529	913.30786
375.00705	910.12457
375.05884	906.11768
375.1106	909.78308
375.16238	909.56909
375.21417	908.32947
375.26593	907.37097
375.31772	906.51678
375.36948	908.02112
375.42126	908.0332
375.47302	906.28326
375.52481	905.5246
375.57657	907.75909
375.62836	909.05829
375.68011	906.86536
375.7319	909.44464
375.78369	910.90283
375.83545	908.6145
375.88724	904.30975
375.939	909.29156
375.99078	911.98889
376.04254	910.45868
376.09433	908.62012
376.14609	911.78674
376.19788	909.72522
376.24963	908.99945
376.30142	904.93396
376.35321	911.02649
376.40497	914.08752
376.45676	912.04315
376.50851	908.35529
376.5603	914.70966
376.61206	902.98761
376.66385	911.78326
376.71561	906.14325
376.7674	905.25269
376.81915	910.54089
376.87094	908.60455
376.92273	908.20361
376.97449	908.61365
377.02628	907.89954
377.07803	911.20551
377.12982	909.54724
377.18158	910.901
377.23337	909.5545
377.28513	905.58203
377.33691	911.55151
377.38867	908.71649
377.44046	907.06427
377.49225	906.6778
377.54401	907.72076
377.59579	908.06403
377.64755	908.79559
377.69934	910.43835
377.7511	907.96289
377.80289	905.88525
377.85464	906.45081
377.90643	910.02802
377.95819	911.51636
378.00998	905.78674
378.06177	907.70703
378.11353	910.80457
378.16531	908.96429
378.21707	909.17957
378.26886	908.96759
378.32062	914.62195
378.37241	906.58734
378.42416	909.02887
378.47595	907.59705
378.52771	911.73895
378.5795	911.14154
378.63129	904.78491
378.68304	902.90845
378.73483	909.76862
378.78659	911.03369
378.83838	909.1109
378.89014	908.19397
378.94193	911.61682
378.99368	914.0675
379.04547	909.39722
379.09723	905.43073
379.14902	909.21167
379.20081	913.6106
379.25256	910.25677
379.30435	910.05267
379.35611	913.81403
379.4079	911.84058
379.45966	910.35272
379.51144	906.35822
379.5632	908.41718
379.61499	911.04315
379.66675	910.58942
379.71854	908.78699
379.77032	907.15112
379.82208	910.35797
379.87387	913.21759
379.92563	910.42255
379.97742	906.99524
380.02917	910.13898
380.08096	912.57849
380.13272	908.39789
380.18451	906.0509
380.23627	908.45685
380.28806	909.88873
380.33984	907.76813
380.3916	907.80121
380.44339	912.28088
380.49515	911.56738
380.54694	910.72125
380.59869	912.79407
380.65048	912.51013
380.70224	911.27948
380.75403	906.59021
380.80579	912.01678
380.85757	908.76044
380.90936	911.32819
380.96112	909.63495
381.01291	907.3374
381.06467	909.18695
381.11646	910.16382
381.16821	910.75903
381.22	906.0545
381.27176	905.60541
381.32355	907.07153
381.37531	909.51526
381.42709	903.35071
381.47888	908.21106
381.53064	909.93652
381.58243	906.04858
381.63419	908.61139
381.68597	909.06165
381.73773	912.37323
381.78952	907.00824
381.84128	909.8775
381.89307	909.14526
381.94482	912.63989
381.99661	911.16656
382.04837	904.79901
382.10016	908.31921
382.15195	909.73254
382.2037	909.36432
382.25549	909.23712
382.30725	909.04309
382.35904	908.75543
382.4108	909.09131
382.46259	906.62384
382.51434	908.61456
382.56613	909.38055
382.61789	906.93176
382.66968	909.64465
382.72147	912.3017
382.77322	912.62128
382.82501	909.38391
382.87677	906.80603
382.92856	907.55621
382.98032	911.84058
383.0321	911.03973
383.08386	908.06976
383.13565	909.39148
383.18741	909.83179
383.2392	911.98578
383.29099	910.10913
383.34274	910.25848
383.39453	909.45508
383.44629	911.18292
383.49808	905.40149
383.54984	904.67596
383.60162	906.56787
383.65338	907.41821
383.70517	905.62946
383.75693	911.50214
383.80872	918.8429
383.8605	918.03864
383.91226	909.09186
383.96405	905.74524
384.01581	909.5202
384.0676	907.36829
384.11935	904.85645
384.17114	905.73566
384.2229	908.01349
384.27469	908.48438
384.32645	910.40515
384.37823	903.50269
384.43002	906.43103
384.48178	914.83057
384.53357	911.65619
384.58533	911.29822
384.63712	910.54547
384.68887	911.02716
384.74066	913.77417
384.79242	911.19788
384.84421	909.58569
384.89597	908.04449
384.94775	905.96429
384.99954	908.19623
385.0513	911.41235
385.10309	910.18713
385.15485	907.67487
385.20663	905.48047
385.25839	905.87518
385.31018	912.88098
385.36194	914.2771
385.41373	913.29242
385.46548	913.02856
385.51727	914.58527
385.56906	911.24652
385.62082	908.55908
385.67261	911.34283
385.72437	913.31696
385.77615	909.03131
385.82791	909.27582
385.8797	908.43658
385.93146	909.4024
385.98325	915.6806
386.035	908.57465
386.08679	904.81311
386.13858	910.94775
386.19034	911.41864
386.24213	910.92767
386.29388	909.46033
386.34567	916.58429
386.39743	905.24146
386.44922	902.5929
386.50098	907.77521
386.55276	907.98071
386.60452	910.46899
386.65631	906.75916
386.7081	908.74677
386.75986	914.14642
386.81165	911.18005
386.8634	907.28943
386.91519	911.8609
386.96695	910.0163
387.01874	908.74567
387.0705	908.56842
387.12228	909.68945
387.17404	913.20636
387.22583	915.19824
387.27762	913.35474
387.32938	909.36237
387.38116	911.72766
387.43292	912.00244
387.48471	907.88776
387.53647	906.16724
387.58826	910.89984
387.64001	914.31091
387.6918	911.01056
387.74356	909.2934
387.79535	907.64539
387.84714	912.09186
387.8989	910.6875
387.95068	907.26874
388.00244	911.07813
388.05423	911.47052
388.10599	911.82794
388.15778	904.13489
388.20953	905.07349
388.26132	911.17285
388.31308	909.76086
388.36487	907.54608
388.41666	911.09808
388.46841	909.41486
388.5202	909.26605
388.57196	903.74451
388.62375	908.80463
388.67551	908.07562
388.72729	915.28302
388.77905	907.93494
388.83084	906.3963
388.8826	909.19043
388.93439	911.20117
388.98618	907.26074
389.03793	905.51208
389.08972	907.94031
389.14148	910.45551
389.19327	906.29437
389.24503	904.93347
389.29681	906.40503
389.34857	915.63202
389.40036	912.00104
389.45212	908.01935
389.50391	910.49768
389.55569	912.16901
389.60745	911.99377
389.65924	908.92871
389.711	909.19171
389.76279	912.73285
389.81454	913.44519
389.86633	913.66119
389.91809	912.41876
389.96988	910.0318
390.02164	906.80444
390.07343	904.79315
390.12521	906.69409
390.17697	911.83807
390.22876	914.83356
390.28052	913.8075
390.33231	913.401
390.38406	911.20349
390.43585	910.41943
390.48761	905.6391
390.5394	905.89807
390.59116	907.29614
390.64294	905.47571
390.69473	901.49066
390.74649	906.06012
390.79828	909.38873
390.85004	911.87805
390.90182	911.17163
390.95358	905.49445
391.00537	907.50043
391.05713	912.58423
391.10892	910.54333
391.16068	908.28253
391.21246	916.08118
391.26425	911.20074
391.31601	907.27881
391.3678	908.25201
391.41956	910.66925
391.47134	909.83069
391.5231	902.41815
391.57489	904.01392
391.62665	913.05444
391.67844	910.39813
391.73019	915.63599
391.78198	907.33972
391.83377	910.85419
391.88553	912.64722
391.93732	910.8573
391.98907	905.07733
392.04086	911.88916
392.09262	915.95117
392.14441	908.77124
392.19617	903.92834
392.24796	910.92755
392.29971	911.52429
392.3515	904.44153
392.40329	902.11273
392.45505	906.38354
392.50684	908.96881
392.55859	908.47717
392.61038	908.23596
392.66214	908.23444
392.71393	910.54034
392.76569	911.24414
392.81747	905.35626
392.86923	903.74341
392.92102	909.37415
392.97281	912.49414
393.02457	910.95441
393.07635	906.94952
393.12811	913.1145
393.1799	910.58484
393.23166	907.98108
393.28345	908.83783
393.33521	908.42896
393.38699	906.12177
393.43875	907.6189
393.49054	906.71405
393.54233	905.37158
393.59409	911.70251
393.64587	907.88678
393.69763	905.46234
393.74942	908.16858
393.80118	907.58295
393.85297	905.29565
393.90472	908.70129
393.95651	909.19006
394.00827	915.00537
394.06006	908.54865
394.11185	907.72656
394.1636	913.14905
394.21539	915.46814
394.26715	912.20398
394.31894	909.13263
394.3707	911.17767
394.42249	911.27594
394.47424	905.23853
394.52603	908.31567
394.57779	907.04022
394.62958	909.11066
394.68137	904.81775
394.73312	903.02002
394.78491	912.62317
394.83667	912.2525
394.88846	909.34991
394.94022	904.84784
394.992	904.85266
395.04376	914.46216
395.09555	913.18237
395.14731	908.73834
395.1991	909.9187
395.25089	912.40747
395.30264	910.33191
395.35443	905.65417
395.40619	906.97791
395.45798	907.80621
395.50974	907.05267
395.56152	906.49683
395.61328	906.8327
395.66507	911.33496
395.71683	910.85187
395.76862	906.83545
395.8204	905.56616
395.87216	906.5481
395.92395	911.77118
395.97571	906.37604
396.0275	903.81171
396.07925	909.84705
396.13104	909.22955
396.1828	912.20538
396.23459	912.42944
396.28635	910.84387
396.33813	908.39069
396.38992	906.12329
396.44168	906.12177
396.49347	906.13843
396.54523	906.75372
396.59702	914.59753
396.64877	904.34436
396.70056	912.7439
396.75232	911.70239
396.80411	908.84863
396.85587	904.10217
396.90765	910.22742
396.95944	913.69635
397.0112	909.04077
397.06299	910.16486
397.11475	908.99011
397.16653	912.53296
397.21829	910.52789
397.27008	904.73199
397.32184	907.47028
397.37363	913.35522
397.42538	906.45453
397.47717	901.58276
397.52896	909.25104
397.58072	913.90454
397.63251	910.39856
397.68427	907.4892
397.73605	906.21844
397.78781	909.20465
397.8396	910.73413
397.89136	907.75995
397.94315	907.32831
397.9949	909.05695
398.04669	909.11145
398.09848	907.90735
398.15024	911.95367
398.20203	915.5274
398.25378	909.32861
398.30557	907.48486
398.35733	909.58716
398.40912	911.05743
398.46088	910.81836
398.51266	908.78967
398.56442	910.69482
398.61621	911.1839
398.668	910.73236
398.71976	907.83759
398.77155	907.54486
398.8233	909.10522
398.87509	908.08545
398.92685	912.79254
398.97864	911.83008
399.0304	914.21497
399.08218	911.58557
399.13394	910.20868
399.18573	904.37213
399.23752	908.59308
399.28928	913.58252
399.34106	906.30048
399.39282	905.81256
399.44461	913.46057
399.49637	910.72723
399.54816	904.19232
399.59991	912.62012
399.6517	909.30377
399.70346	911.30524
399.75525	907.09143
399.80704	907.36829
399.8588	910.34912
399.91058	910.91687
399.96234	909.27325
400.01413	908.61108
400.06589	907.52179
400.11768	910.56415
400.16943	910.33026
400.22122	906.85681
400.27298	908.27478
400.32477	909.50256
400.37656	909.24133
400.42831	910.36151
400.4801	909.45941
400.53186	912.60938
400.58365	912.48273
400.63541	911.54309
400.68719	911.31311
400.73895	913.81964
400.79074	914.50092
400.8425	910.03192
400.89429	907.73523
400.94608	909.58575
400.99783	909.70203
401.04962	907.07581
401.10138	907.02557
401.15317	908.18457
401.20493	908.15796
401.25671	910.99573
401.30847	908.30865
401.36026	909.43549
401.41202	912.55054
401.46381	908.1748
401.51559	907.96606
401.56735	913.91876
401.61914	907.6062
401.6709	906.57239
401.72269	907.8797
401.77444	909.05414
401.82623	914.18768
401.87799	910.16956
401.92978	906.75836
401.98154	909.5271
402.03333	913.26892
402.08511	905.87189
402.13687	908.08374
402.18866	911.20978
402.24042	912.78284
402.29221	909.8833
402.34396	908.00037
402.39575	906.92529
402.44751	912.65558
402.4993	911.10309
402.55106	908.85419
402.60284	910.37445
402.65463	912.11005
402.70639	914.08252
402.75818	907.37762
402.80994	909.64667
402.86172	910.19983
402.91348	914.63892
402.96527	907.9928
403.01703	904.1001
403.06882	909.76514
403.12057	911.74255
403.17236	911.32544
403.22412	911.77747
403.27591	910.34314
403.3277	907.05011
403.37946	906.7392
403.43124	908.80939
403.483	908.52045
403.53479	908.69653
403.58655	907.49432
403.63834	909.08508
403.69009	914.99982
403.74188	912.58765
403.79364	905.70642
403.84543	907.04694
403.89722	913.24866
403.94897	914.37036
404.00076	910.77203
404.05252	909.3515
404.10431	907.38782
404.15607	910.91058
404.20786	906.90344
404.25961	906.71234
404.3114	909.98956
404.36316	910.49097
404.41495	908.85223
404.46674	907.28284
404.51849	910.39093
404.57028	910.9516
404.62204	908.2594
404.67383	908.43933
404.72559	911.11505
404.77737	907.78558
404.82913	909.74036
404.88092	909.74347
404.93268	913.07806
404.98447	909.04083
405.03625	911.46698
405.08801	913.06488
405.1398	914.53009
405.19156	913.45435
405.24335	913.63416
405.2951	906.4809
405.34689	908.23645
405.39865	913.78009
405.45044	912.24896
405.5022	907.97119
405.55399	910.88605
405.60577	909.31873
405.65753	913.91522
405.70932	912.44208
405.76108	905.7113
405.81287	907.02649
405.86462	908.25977
405.91641	904.98755
405.96817	906.60107
406.01996	909.67371
406.07172	909.91278
406.1235	907.85162
406.17529	904.50146
406.22705	906.81494
406.27884	909.36163
406.3306	907.60004
406.38239	910.0437
406.43414	911.81604
406.48593	911.5163
406.53769	909.84875
406.58948	908.86707
406.64124	907.88489
406.69302	908.62469
406.74481	912.17267
406.79657	906.43903
406.84836	906.12103
406.90012	909.12701
406.9519	911.19122
407.00366	905.07404
407.05545	909.55743
407.10721	914.63733
407.159	914.79034
407.21075	907.10071
407.26254	907.0976
407.31433	910.99658
407.36609	912.04578
407.41788	907.88739
407.46964	910.77838
407.52142	910.63629
407.57318	909.70874
407.62497	905.75598
407.67673	907.14154
407.72852	910.79584
407.78027	909.99457
407.83206	908.41589
407.88385	908.05951
407.93561	909.50134
407.9874	912.15771
408.03915	908.96716
408.09094	909.68463
408.1427	912.00122
408.19449	909.45361
408.24625	907.23914
408.29803	908.18469
408.34979	913.18805
408.40158	913.32843
408.45337	905.65875
408.50513	904.21399
408.55692	910.104
408.60867	914.3631
408.66046	912.36865
408.71222	908.12018
408.76401	908.23248
408.81577	907.18512
408.86755	905.60455
408.91931	903.12811
408.9711	907.30847
409.02289	910.07996
409.07465	906.35614
409.12643	905.74347
409.17819	907.27942
409.22998	914.58423
409.28174	909.73242
409.33353	904.28326
409.38528	906.57666
409.43707	911.03845
409.48883	915.27356
409.54062	913.38513
409.59241	912.3241
409.64417	909.87347
409.69595	907.45355
409.74771	907.94012
409.7995	911.81708
409.85126	918.57281
409.90305	907.80939
409.9548	909.19812
410.00659	904.11542
410.05835	912.50562
410.11014	909.28284
410.16193	908.41992
410.21368	911.2243
410.26547	915.43066
410.31723	913.36768
410.36902	908.70691
410.42078	908.12323
410.47256	910.49646
410.52432	907.67041
410.57611	908.52271
410.62787	905.75604
410.67966	908.9278
410.73145	911.49304
410.7832	911.16882
410.83499	912.20892
410.88675	913.4082
410.93854	911.56824
410.9903	910.59729
411.04208	911.86597
411.09384	911.63776
411.14563	910.5011
411.19739	908.53937
411.24918	907.1593
411.30096	909.60529
411.35272	912.61432
411.40451	909.6698
411.45627	909.8822
411.50806	910.54706
411.55981	913.77802
411.6116	910.95282
411.66336	910.10083
411.71515	908.15381
411.76691	916.23193
411.8187	911.07672
411.87048	909.95587
411.92224	910.5116
411.97403	908.60797
412.02579	910.79089
412.07758	905.09357
412.12933	909.9314
412.18112	913.24445
412.23288	910.30267
412.28467	908.33716
412.33643	909.24249
412.38821	912.08966
412.44	911.36542
412.49176	905.01611
412.54355	909.08081
412.59531	907.63708
412.64709	911.43268
412.69885	909.82678
412.75064	911.63757
412.8024	911.87225
412.85419	907.24805
412.90594	906.48236
412.95773	905.68329
413.00952	909.7287
413.06128	913.41541
413.11307	910.99512
413.16483	914.5766
413.21661	912.56598
413.26837	912.16638
413.32016	911.3902
413.37192	911.41125
413.42371	915.06293
413.47546	913.93353
413.52725	911.45648
413.57904	911.01282
413.6308	909.3175
413.68259	909.26611
413.73434	908.27521
413.78613	904.88971
413.83789	906.4671
413.88968	910.58057
413.94144	911.60431
413.99323	907.54645
414.04498	911.52869
414.09677	911.84357
414.14856	906.55475
414.20032	906.28314
414.25211	907.77661
414.30386	911.89478
414.35565	910.26178
414.40741	908.23004
414.4592	909.97754
414.51096	919.1026
414.56274	913.55273
414.6145	906.88397
414.66629	910.80109
414.71808	914.51825
414.76984	908.14447
414.82162	913.02673
414.87338	904.02502
414.92517	910.1947
414.97693	906.95215
415.02872	907.51935
415.08047	913.76288
415.13226	913.75787
415.18402	911.5188
415.23581	906.20691
415.2876	911.08325
415.33936	907.55151
415.39114	908.74811
415.4429	912.91144
415.49469	915.88403
415.54645	912.41205
415.59824	910.24854
415.64999	911.06769
415.70178	907.76428
415.75354	911.12244
415.80533	913.38226
415.85712	910.84363
415.90887	909.0119
415.96066	908.83252
416.01242	909.57709
416.06421	911.04932
416.11597	909.91467
416.16776	908.91907
416.21951	910.33087
416.2713	909.63019
416.32306	911.61273
416.37485	915.72687
416.42664	913.90216
416.47839	909.52954
416.53018	909.1601
416.58194	914.36597
416.63373	919.39178
416.68549	908.39233
416.73727	908.48822
416.78903	910.66089
416.84082	913.10852
416.89258	912.18805
416.94437	906.00427
416.99615	906.74976
417.04791	911.2074
417.0997	908.70587
417.15146	906.2207
417.20325	909.15802
417.255	911.76581
417.30679	905.97369
417.35855	905.48041
417.41034	910.84851
417.4621	911.9295
417.51389	911.9693
417.56567	910.1319
417.61743	914.44928
417.66922	908.81848
417.72098	916.10248
417.77277	912.84442
417.82452	906.63196
417.87631	909.03955
417.92807	911.11157
417.97986	905.37286
418.03162	906.02277
418.0834	914.12549
418.13519	910.98663
418.18695	908.08844
418.23874	909.90369
418.2905	912.20172
418.34229	911.9881
418.39404	908.41327
418.44583	907.28351
418.49759	907.62854
418.54938	909.02979
418.60114	910.92438
418.65292	908.13617
418.70471	909.23578
418.75647	911.1181
418.80826	906.78278
418.86002	908.98248
418.9118	914.28705
418.96356	912.00214
419.01535	908.65161
419.06711	910.01282
419.1189	911.61932
419.17065	916.84125
419.22244	912.22241
419.27423	909.76062
419.32599	911.84363
419.37778	914.51483
419.42953	912.10956
419.48132	906.69214
419.53308	904.9364
419.58487	909.9715
419.63663	908.61072
419.68842	913.39923
419.74017	910.32703
419.79196	915.2948
419.84375	914.59894
419.89551	910.2312
419.9473	907.30316
419.99905	905.82904
420.05084	919.90997
420.1026	913.16486
420.15439	915.60791
420.20615	915.34766
420.25793	911.2774
420.30969	910.79803
420.36148	909.5116
420.41327	913.88806
420.46503	915.19666
420.51682	909.30841
420.56857	911.67017
420.62036	913.53717
420.67212	913.03741
420.72391	909.17767
420.77567	909.86847
420.82745	910.42627
420.87921	911.58508
420.931	907.76843
420.98279	907.74597
421.03455	910.45947
421.08633	911.54211
421.13809	911.74731
421.18988	913.1051
421.24164	913.45343
421.29343	911.97919
421.34518	911.72089
421.39697	914.80005
421.44873	913.6991
421.50052	907.86841
421.55231	909.17596
421.60406	910.57556
421.65585	907.95624
421.70761	909.5636
421.7594	909.04639
421.81116	906.86243
421.86295	909.84491
421.9147	915.37695
421.96649	912.30444
422.01825	910.28223
422.07004	912.40631
422.12183	913.48254
422.17358	914.23859
422.22537	911.9425
422.27713	910.60779
422.32892	909.81403
422.38068	907.07031
422.43246	906.45496
422.48422	909.82147
422.53601	912.24829
422.58777	913.93048
422.63956	904.67358
422.69135	908.10272
422.7431	911.04852
422.79489	913.51526
422.84665	911.32141
422.89844	907.50293
422.9502	914.25854
423.00198	911.2135
423.05374	908.92651
423.10553	909.87585
423.15729	913.37793
423.20908	910.14691
423.26086	909.50494
423.31262	912.26202
423.36441	911.2674
423.41617	908.45233
423.46796	909.35272
423.51971	909.42096
423.5715	906.12286
423.62326	905.87939
423.67505	909.70721
423.72681	913.703
423.77859	913.91553
423.83038	911.38428
423.88214	910.3526
423.93393	911.10382
423.98569	913.60913
424.03748	911.89429
424.08923	908.77295
424.14102	910.0155
424.19278	913.80896
424.24457	913.50208
424.29633	908.23969
424.34811	910.0506
424.39987	909.5116
424.45166	908.54419
424.50345	909.02057
424.55521	910.18823
424.60699	910.67554
424.65875	912.34534
424.71054	913.58844
424.7623	906.70081
424.81409	910.36316
424.86584	914.30273
424.91763	909.01569
424.96939	908.48907
425.02118	906.29401
425.07297	910.77808
425.12473	905.37598
425.17651	909.07434
425.22827	910.30286
425.28006	915.56616
425.33182	917.3233
425.38361	907.99841
425.43536	907.49396
425.48715	912.28711
425.53891	915.77637
425.5907	909.50836
425.64249	907.61383
425.69424	911.45593
425.74603	908.4953
425.79779	913.48108
425.84958	908.64539
425.90134	913.54291
425.95313	911.78058
426.00488	908.23956
426.05667	908.9566
426.10843	910.54761
426.16022	910.93951
426.21201	909.88776
426.26376	910.79449
426.31555	919.04401
426.36731	918.10193
426.4191	909.80273
426.47086	907.02661
426.52264	910.06146
426.5744	915.32703
426.62619	912.68555
426.67795	910.79993
426.72974	912.3916
426.78152	908.93561
426.83328	905.89832
426.88507	908.86584
426.93683	912.61127
426.98862	911.83862
427.04037	908.57831
427.09216	908.37085
427.14392	912.74347
427.19571	910.78192
427.24747	908.49133
427.29926	912.63403
427.35104	910.01166
427.4028	909.41302
427.45459	909.13879
427.50635	914.44977
427.55814	909.42139
427.60989	908.14703
427.66168	909.43701
427.71344	910.40631
427.76523	912.70056
427.81699	908.96204
427.86877	909.94025
427.92056	910.52667
427.97232	907.67053
428.02411	912.45081
428.07587	914.50226
428.12766	904.87183
428.17941	908.79584
428.2312	916.13873
428.28296	913.91431
428.33475	912.86646
428.38651	913.72473
428.43829	907.93109
428.49008	909.06604
428.54184	911.02643
428.59363	906.62512
428.64539	908.69067
428.69717	910.50098
428.74893	910.78094
428.80072	908.06573
428.85248	911.81439
428.90427	912.53339
428.95602	906.51099
429.00781	906.72009
429.0596	910.49481
429.11136	912.75629
429.16315	910.66809
429.2149	911.45245
429.26669	911.22314
429.31845	911.43048
429.37024	913.39087
429.422	913.12805
429.47379	915.19348
429.52554	914.09729
429.57733	911.48193
429.62912	910.29492
429.68088	908.92102
429.73267	911.28369
429.78442	910.64697
429.83621	907.62451
429.88797	910.56317
429.93976	911.77826
429.99152	907.34918
430.0433	910.0755
430.09506	915.90039
430.14685	914.19519
430.19864	911.64178
430.2504	907.04504
430.30219	911.81531
430.35394	910.22491
430.40573	908.04736
430.45749	906.54437
430.50928	911.13397
430.56104	914.96552
430.61282	911.16669
430.66458	911.40485
430.71637	913.77521
430.76816	918.48242
430.81992	910.85394
430.8717	906.94165
430.92346	912.93524
430.97525	922.03711
431.02701	913.68866
431.0788	909.73322
431.13055	907.71777
431.18234	910.453
431.2341	913.39667
431.28589	912.26849
431.33768	911.23541
431.38943	909.81598
431.44122	909.61591
431.49298	911.69495
431.54477	912.51715
431.59653	918.58459
431.64832	910.75116
431.70007	905.81622
431.75186	908.44257
431.80362	911.77002
431.85541	911.17529
431.9072	909.20734
431.95895	913.62408
432.01074	910.84772
432.0625	910.30444
432.11429	909.71973
432.16605	910.67383
432.21783	910.32025
432.26959	911.88922
432.32138	911.05237
432.37314	910.67694
432.42493	915.36957
432.47672	913.11536
432.52847	907.57318
432.58026	908.87988
432.63202	911.04297
432.68381	909.13654
432.73557	909.16882
432.78735	912.25879
432.83911	910.66046
432.8909	913.01959
432.94266	916.5174
432.99445	912.67914
433.04623	914.66193
433.09799	916.26685
433.14978	910.90619
433.20154	911.88513
433.25333	911.961
433.30508	913.71216
433.35687	914.0166
433.40863	910.50671
433.46042	904.51593
433.51218	909.21973
433.56396	904.36353
433.61575	904.37177
433.66751	912.06647
433.7193	912.97638
433.77106	912.76398
433.82285	909.02191
433.8746	910.52637
433.92639	913.96143
433.97815	902.67053
434.02994	908.72394
434.0817	911.79358
434.13348	910.55688
434.18527	910.44775
434.23703	909.55042
434.28882	908.12671
434.34058	908.36774
434.39236	910.53943
434.44412	907.22308
434.49591	908.84839
434.54767	911.39899
434.59946	907.29114
434.65121	910.44458
434.703	908.96796
434.75479	912.2301
434.80655	916.01532
434.85834	911.77148
434.9101	908.73615
434.96188	911.32324
435.01364	907.52234
435.06543	908.69794
435.11719	908.70142
435.16898	911.52899
435.22073	912.91425
435.27252	911.1084
435.32431	908.7652
435.37607	910.70599
435.42786	911.16412
435.47961	908.10651
435.5314	909.28271
435.58316	911.0246
435.63495	912.07111
435.68671	910.32074
435.73849	908.52155
435.79025	909.6048
435.84204	908.34619
435.89383	907.66711
435.94559	907.14117
435.99738	909.29187
436.04913	911.47833
436.10092	912.58368
436.15268	906.69482
436.20447	905.4353
436.25623	912.10345
436.30801	910.61804
436.35977	908.18011
436.41156	910.14288
436.46335	910.99042
436.51511	907.42316
436.56689	914.17487
436.61865	909.49249
436.67044	911.25549
436.7222	911.07489
436.77399	914.80914
436.82574	904.88611
436.87753	908.34082
436.92929	913.2522
436.98108	911.81024
437.03287	911.29303
437.08463	904.66687
437.13641	907.04565
437.18817	911.35516
437.23996	905.96173
437.29172	912.69531
437.34351	907.74829
437.39526	908.4328
437.44705	914.10297
437.49881	913.6311
437.5506	908.50311
437.60239	906.07935
437.65414	905.73523
437.70593	908.31689
437.75769	907.06439
437.80948	901.99683
437.86124	907.44568
437.91302	914.409
437.96478	910.00513
438.01657	910.21698
438.06833	912.20978
438.12012	910.39709
438.17191	909.49652
438.22366	910.55438
438.27545	908.15802
438.32721	909.97784
438.379	912.91272
438.43076	909.42694
438.48254	910.32098
438.5343	911.13873
438.58609	909.4834
438.63785	910.58923
438.68964	908.12811
438.74142	908.47168
438.79318	912.125
438.84497	910.72498
438.89673	906.53473
438.94852	907.48865
439.00027	907.26117
439.05206	910.99969
439.10382	915.27899
439.15561	916.41089
439.20737	910.14252
439.25916	907.96631
439.31094	914.55359
439.3627	911.92731
439.41449	916.66998
439.46625	913.04767
439.51804	905.12097
439.56979	906.11432
439.62158	911.62958
439.67334	904.06183
439.72513	904.14673
439.77689	910.0722
439.82867	909.38
439.88046	905.27917
439.93222	910.57983
439.98401	909.59314
440.03577	913.52026
440.08755	911.65356
440.13931	909.68329
440.1911	915.17603
440.24286	911.91174
440.29465	911.12354
440.34641	908.86218
440.39819	914.63397
440.44998	912.16302
440.50174	909.89325
440.55353	910.78333
440.60529	909.45288
440.65707	911.01062
440.70883	911.16437
440.76062	908.41754
440.81238	910.47827
440.86417	917.27979
440.91592	916.02936
440.96771	907.33893
441.0195	905.70087
441.07126	910.43939
441.12305	912.52258
441.1748	909.1134
441.22659	905.20801
441.27835	907.23761
441.33014	907.23077
441.3819	907.16669
441.43369	910.65198
441.48544	911.97949
441.53723	910.74066
441.58902	909.75006
441.64078	909.01953
441.69257	909.17041
441.74432	910.86255
441.79611	908.17889
441.84787	905.41412
441.89966	910.33911
441.95142	911.5379
442.0032	909.61157
442.05496	909.64716
442.10675	908.68958
442.15854	908.73871
442.2103	915.80255
442.26208	909.29694
442.31384	914.54169
442.36563	910.97302
442.41739	908.62421
442.46918	911.15106
442.52094	911.93695
442.57272	912.02307
442.62448	910.89032
442.67627	904.24255
442.72806	911.98914
442.77982	912.30731
442.8316	911.07745
442.88336	907.99609
442.93515	908.94391
442.98691	909.57965
443.0387	912.74042
443.09045	907.9021
443.14224	907.90448
443.194	917.74219
443.24579	901.4339
443.29758	905.17426
443.34933	910.0675
443.40112	914.52222
443.45288	914.42798
443.50467	906.82916
443.55643	907.18146
443.60822	914.64282
443.65997	911.66925
443.71176	910.04028
443.76352	911.47638
443.81531	912.25348
443.8671	910.80359
443.91885	909.5918
443.97064	913.43701
444.0224	911.57098
444.07419	912.12067
444.12595	909.36029
444.17773	905.11633
444.22949	907.48315
444.28128	908.35712
444.33304	905.61395
444.38483	909.5592
444.43661	908.61871
444.48837	909.02948
444.54016	909.32422
444.59192	907.53387
444.64371	907.84332
444.69547	907.26276
444.74725	908.06659
444.79901	909.30859
444.8508	910.2132
444.90256	911.33356
444.95435	911.22931
445.00613	911.57184
445.05789	910.05273
445.10968	908.27838
445.16144	910.73187
445.21323	914.04712
445.26498	912.07581
445.31677	909.60864
445.36853	908.36426
445.42032	909.26288
445.47208	905.7561
445.52386	906.68945
445.57562	910.51019
445.62741	913.30194
445.6792	911.67578
445.73096	915.81824
445.78275	911.29169
445.8345	906.7998
445.88629	905.67688
445.93805	910.51477
445.98984	909.09796
446.0416	908.22119
446.09338	908.12286
446.14514	907.37341
446.19693	909.27557
446.24872	910.23248
446.30048	910.75421
446.35226	912.21088
446.40402	912.69965
446.45581	913.18884
446.50757	912.70752
446.55936	908.39325
446.61111	912.41339
446.6629	913.14484
446.71466	909.09363
446.76645	916.26483
446.81824	911.03564
446.87	911.89325
446.92178	910.89819
446.97354	910.24896
447.02533	910.97571
447.07709	913.55609
447.12888	911.41034
447.18063	907.57648
447.23242	908.90698
447.28418	905.95795
447.33597	908.61328
447.38776	909.43201
447.43951	909.13562
447.4913	908.79431
447.54306	910.28088
447.59485	908.54059
447.64661	908.82629
447.69839	903.93597
447.75015	904.00842
447.80194	908.55042
447.8537	909.50397
447.90549	905.04871
447.95728	904.51465
448.00903	907.97314
448.06082	909.4303
448.11258	907.37848
448.16437	908.19934
448.21613	909.65155
448.26791	908.14545
448.31967	909.48029
448.37146	910.62988
448.42322	911.01935
448.47501	910.79504
448.52679	911.15881
448.57855	909.17517
448.63034	909.8045
448.6821	912.14575
448.73389	912.02557
448.78564	911.5744
448.83743	914.03217
448.88919	912.18091
448.94098	909.86584
448.99274	908.66931
449.04453	908.84973
449.09631	910.53174
449.14807	909.68518
449.19986	909.41296
449.25162	908.78796
449.30341	909.37402
449.35516	908.29541
449.40695	910.62103
449.45871	911.77063
449.5105	912.17468
449.56226	909.24573
449.61404	907.36841
449.66583	908.07312
449.71759	911.59113
449.76938	909.74512
449.82114	912.3446
449.87292	910.61047
449.92468	911.09924
449.97647	911.54541
450.02823	905.39795
450.08002	908.44672
450.13177	909.06659
450.18356	910.37628
450.23535	908.50024
450.28711	907.97675
450.3389	909.30115
450.39066	905.88184
450.44244	908.87549
450.4942	912.35931
450.54599	914.3208
450.59775	910.85773
450.64954	906.75598
450.70129	907.4101
450.75308	910.94855
450.80487	910.34674
450.85663	910.21576
450.90842	911.69885
450.96017	914.66937
451.01196	912.51361
451.06372	910.24634
451.11551	909.2793
451.16727	912.39313
451.21906	909.7171
451.27081	907.3479
451.3226	908.31635
451.37439	910.5766
451.42615	911.97943
451.47794	909.85297
451.52969	908.42853
451.58148	911.13452
451.63324	913.65387
451.68503	913.6319
451.73679	909.19739
451.78857	908.51282
451.84033	910.09918
451.89212	907.35339
451.94391	909.34088
451.99567	912.1825
452.04745	911.72473
452.09921	911.14374
452.151	908.4649
452.20276	907.77264
452.25455	910.9342
452.3063	906.42688
452.35809	909.60669
452.40985	914.71381
452.46164	911.64978
452.51343	911.2854
452.56519	909.51398
452.61697	908.02246
452.66873	906.6546
452.72052	910.74341
452.77228	910.51746
452.82407	908.51007
452.87582	910.18842
452.92761	913.75244
452.97937	911.87512
453.03116	902.48889
453.08295	907.39984
453.1347	912.79645
453.18649	903.08978
453.23825	908.08942
453.29004	905.98199
453.3418	909.96259
453.39359	905.36145
453.44534	907.46857
453.49713	904.78333
453.54889	910.66681
453.60068	913.05072
453.65247	906.00311
453.70422	909.45416
453.75601	915.83246
453.80777	907.45258
453.85956	906.13715
453.91132	907.14679
453.9631	911.14691
454.01486	910.04248
454.06665	909.77606
454.11841	911.24573
454.1702	910.19391
454.22198	909.57239
454.27374	908.27667
454.32553	908.12384
454.37729	908.47705
454.42908	908.79291
454.48083	912.6438
454.53262	915.24194
454.58438	911.3399
454.63617	908.44153
454.68793	908.33533
454.73972	906.80011
454.7915	906.85034
454.84326	909.1123
454.89505	911.78986
454.94681	912.17847
454.9986	910.35938
455.05035	908.22546
455.10214	907.20892
455.1539	907.63855
455.20569	907.88953
455.25745	907.84747
455.30923	913.96021
455.36102	912.5412
455.41278	910.98535
455.46457	912.37427
455.51633	905.97888
455.56812	914.59753
455.61987	911.36652
455.67166	912.67163
455.72342	912.34717
455.77521	909.27606
455.82697	910.52191
455.87875	908.00507
455.93054	904.1651
455.9823	904.66852
456.03409	911.54163
456.08585	903.90747
456.13763	904.59033
456.18939	907.89752
456.24118	912.70306
456.29294	907.30688
456.34473	911.45636
456.39648	903.52246
456.44827	907.59778
456.50006	903.66809
456.55182	907.45807
456.60361	910.97852
456.65536	909.29321
456.70715	911.24268
456.75891	910.62854
456.8107	910.81604
456.86246	906.88867
456.91425	906.79797
456.966	910.24762
457.01779	909.64172
457.06958	908.26569
457.12134	908.07721
457.17313	907.18207
457.22488	907.72437
457.27667	909.12634
457.32843	908.75128
457.38022	910.15631
457.43198	910.79114
457.48376	910.77539
457.53552	910.40131
457.58731	907.8667
457.6391	908.78674
457.69086	911.45831
457.74265	911.2356
457.7944	910.41626
457.84619	909.20251
457.89795	906.54895
457.94974	909.17615
458.0015	910.79858
458.05328	907.16406
458.10504	907.79077
458.15683	908.50983
458.20862	909.96167
458.26038	913.60144
458.31216	909.66864
458.36392	907.16156
458.41571	910.94135
458.46747	914.32758
458.51926	908.05499
458.57101	908.90314
458.6228	912.08185
458.67456	912.63422
458.72635	908.80304
458.77814	906.54449
458.8299	907.99841
458.88168	909.02429
458.93344	912.9505
458.98523	906.09021
459.03699	910.76807
459.08878	910.94897
459.14053	908.62457
459.19232	902.97717
459.24408	910.92426
459.29587	910.18335
459.34766	908.64429
459.39941	911.37354
459.4512	909.04193
459.50296	912.85858
459.55475	913.91864
459.60651	908.51154
459.65829	906.15741
459.71005	909.22601
459.76184	912.92419
459.8136	911.09161
459.86539	908.18463
459.91718	907.39496
459.96893	906.09003
460.02072	906.3382
460.07248	909.96503
460.12427	910.98303
460.17603	911.5412
460.22781	910.68188
460.27957	909.09772
460.33136	906.48376
460.38312	909.48944
460.43491	911.38867
460.48669	908.35785
460.53845	910.65802
460.59024	912.90735
460.642	912.56104
460.69379	909.57013
460.74554	905.42877
460.79733	906.52496
460.84909	907.90753
460.90088	909.49011
460.95264	907.37207
461.00443	906.31287
461.05621	911.54291
461.10797	912.50189
461.15976	909.80444
461.21152	908.07281
461.26331	907.85876
461.31506	909.19305
461.36685	907.08008
461.41861	907.79047
461.4704	906.05273
461.52216	910.35773
461.57394	910.84576
461.62573	910.78058
461.67749	906.82318
461.72928	912.44452
461.78104	907.79816
461.83282	908.18921
461.88458	905.88892
461.93637	913.74902
461.98813	911.30713
462.03992	906.91571
462.09167	911.0174
462.14346	906.59717
462.19525	906.24646
462.24701	910.27692
462.2988	905.02399
462.35056	912.42786
462.40234	911.61987
462.4541	910.81525
462.50589	907.07379
462.55765	903.04443
462.60944	914.271
462.66119	910.10712
462.71298	910.31659
462.76477	906.8479
462.81653	910.52979
462.86832	909.92981
462.92007	911.40436
462.97186	908.08124
463.02362	908.58374
463.07541	910.18896
463.12717	912.3158
463.17896	912.49866
463.23071	909.37866
463.2825	910.18658
463.33429	906.21857
463.38605	905.3642
463.43784	908.65778
463.48959	911.59821
463.54138	912.31567
463.59314	907.55573
463.64493	906.53253
463.69669	905.7431
463.74847	905.17871
463.80023	910.87097
463.85202	913.64581
463.90381	910.24426
463.95557	909.82037
464.00735	911.96692
464.05911	910.55304
464.1109	908.9903
464.16266	910.70923
464.21445	908.07861
464.2662	904.56787
464.31799	908.16449
464.36975	910.41364
464.42154	911.60138
464.47333	911.16669
464.52509	909.56238
464.57687	911.67419
464.62863	909.21027
464.68042	909.87244
464.73218	908.30457
464.78397	910.68628
464.83572	912.21417
464.88751	914.45264
464.93927	911.44153
464.99106	906.07294
465.04285	907.54486
465.0946	909.01666
465.14639	910.96686
465.19815	907.76117
465.24994	908.00891
465.3017	906.23132
465.35349	907.82019
465.40524	905.85394
465.45703	911.10309
465.50879	910.34985
465.56058	907.14368
465.61237	911.36755
465.66412	908.17084
465.71591	911.27576
465.76767	912.51355
465.81946	913.9928
465.87122	910.15771
465.923	908.85754
465.97476	911.07562
466.02655	910.30823
466.07831	907.51678
466.1301	908.09589
466.18188	907.10895
466.23364	906.89722
466.28543	907.77618
466.33719	909.99493
466.38898	912.31378
466.44073	913.51367
466.49252	911.59277
466.54428	910.74042
466.59607	911.95959
466.64783	910.04315
466.69962	908.87695
466.75137	909.72675
466.80316	910.08972
466.85495	912.18121
466.90671	912.15424
466.9585	908.86572
467.01025	908.11438
467.06204	909.1239
467.1138	910.59143
467.16559	910.92255
467.21735	911.06824
467.26913	912.82745
467.32089	914.81708
467.37268	910.409
467.42447	909.93866
467.47623	907.75098
467.52802	906.40405
467.57977	909.65668
467.63156	906.72931
467.68332	909.07336
467.73511	912.95319
467.78687	912.8432
467.83865	909.08521
467.89041	910.87518
467.9422	910.62189
467.99399	907.64307
468.04575	912.42352
468.09753	913.72662
468.14929	907.89453
468.20108	913.30048
468.25284	910.42902
468.30463	907.47345
468.35638	906.8739
468.40817	907.76721
468.45993	908.7475
468.51172	910.6214
468.56351	913.46362
468.61526	913.82794
468.66705	914.24707
468.71881	913.49207
468.7706	908.8454
468.82236	906.22089
468.87415	908.93396
468.9259	909.04285
468.97769	913.29761
469.02945	915.16736
469.08124	912.07275
469.13303	916.0481
469.18478	914.52551
469.23657	910.11273
469.28833	907.47864
469.34012	909.328
469.39188	908.2937
469.44366	906.47162
469.49542	907.74176
469.54721	909.05347
469.59897	911.21204
469.65076	908.43481
469.70255	908.95532
469.7543	913.51697
469.80609	913.01801
469.85785	908.64648
469.90964	907.77948
469.9614	910.07251
470.01318	911.16827
470.06494	912.90686
470.11673	910.9353
470.16849	909.15417
470.22028	908.04022
470.27206	906.84448
470.32382	906.2193
470.37561	906.93988
470.42737	906.32654
470.47916	910.63354
470.53091	908.52631
470.5827	907.33765
470.63446	910.15344
470.68625	912.41119
470.73801	910.00085
470.78979	910.80206
470.84158	908.47809
470.89334	905.25952
470.94513	905.82043
470.99689	907.05957
471.04868	909.49982
471.10043	908.40887
471.15222	910.33545
471.20398	906.72504
471.25577	907.6059
471.30753	906.77344
471.35931	910.13037
471.4111	909.13745
471.46286	906.67389
471.51465	911.98206
471.56641	917.39404
471.61819	911.52087
471.66995	903.26801
471.72174	909.44232
471.7735	912.35583
471.82529	914.37396
471.87704	908.14862
471.92883	909.22791
471.98062	912.10132
472.03238	906.08429
472.08417	907.40051
472.13593	912.0199
472.18771	905.79437
472.23947	913.38068
472.29126	910.3183
472.34302	909.88959
472.39481	912.34747
472.44656	914.46021
472.49835	907.30933
472.55014	908.18945
472.6019	909.60144
472.65369	908.43604
472.70544	908.98083
472.75723	911.64996
472.80899	912.76343
472.86078	910.56781
472.91254	907.11902
472.96432	906.61591
473.01608	909.88269
473.06787	910.27008
473.11966	908.5343
473.17142	910.66412
473.22321	910.50653
473.27496	908.18872
473.32675	909.02075
473.37851	909.42975
473.4303	910.01404
473.48206	909.62915
473.53384	908.09167
473.5856	907.38116
473.63739	909.67163
473.68918	910.35675
473.74094	910.36554
473.79272	911.6087
473.84448	908.35779
473.89627	912.11304
473.94803	911.26318
473.99982	908.50323
474.05157	911.7608
474.10336	910.18079
474.15512	907.87738
474.20691	911.46185
474.2587	908.88416
474.31046	909.00275
474.36224	911.96863
474.414	908.39703
474.46579	908.53497
474.51755	913.98901
474.56934	908.22858
474.62109	905.11633
474.67288	908.93304
474.72464	908.99652
474.77643	913.42407
474.82822	912.43884
474.87997	915.81232
474.93176	903.99084
474.98352	908.1062
475.03531	912.10474
475.08707	909.68042
475.13885	908.50946
475.19061	910.59521
475.2424	906.14911
475.29416	914.72272
475.34595	913.47388
475.39774	911.65942
475.44949	907.36902
475.50128	907.95398
475.55304	909.14825
475.60483	908.23633
475.65659	908.61127
475.70837	907.41113
475.76013	909.3551
475.81192	909.66138
475.86368	912.42572
475.91547	915.52032
475.96725	912.43567
476.01901	910.66388
476.0708	908.66351
476.12256	907.03491
476.17435	908.31592
476.2261	912.50787
476.27789	912.01654
476.32965	912.01434
476.38144	913.82166
476.4332	914.07703
476.48499	914.81726
476.53677	915.31152
476.58853	913.18036
476.64032	909.88861
476.69208	908.80145
476.74387	907.0863
476.79562	906.4472
476.84741	909.98639
476.89917	910.06189
476.95096	908.57538
477.00272	910.25049
477.0545	908.43115
477.10629	908.5556
477.15805	911.34381
477.20984	910.44489
477.2616	912.28601
477.31339	910.02563
477.36514	910.50757
477.41693	909.87177
477.46869	909.80994
477.52048	909.06982
477.57224	910.81287
477.62402	904.65259
477.67581	905.20483
477.72757	910.45361
477.77936	911.92804
477.83112	913.28564
477.8829	913.21027
477.93466	908.80835
477.98645	910.04614
478.03821	913.92181
478.09	909.49353
478.14175	915.57727
478.19354	911.23279
478.24533	913.19983
478.29709	905.80902
478.34888	912.48517
478.40063	913.64545
478.45242	908.03918
478.50418	910.92603
478.55597	915.73846
478.60773	913.93286
478.65952	916.7627
478.71127	911.09418
478.76306	909.73962
478.81485	906.72675
478.86661	909.86841
478.9184	911.87115
478.97015	906.98419
479.02194	909.16351
479.0737	912.06171
479.12549	910.38727
479.17725	912.58826
479.22903	908.21466
479.28079	909.3197
479.33258	909.93542
479.38437	908.94666
479.43613	907.29279
479.48792	909.54541
479.53967	920.33569
479.59146	920.02087
479.64322	913.57477
479.69501	912.79089
479.74677	914.75848
479.79855	918.69891
479.85031	915.32648
479.9021	911.66193
479.95389	912.06824
480.00565	910.82605
480.05743	907.62335
480.10919	905.07867
480.16098	907.39032
480.21274	910.07196
480.26453	911.15442
480.31628	911.51563
480.36807	909.85895
480.41983	912.29816
480.47162	913.5376
480.52341	907.82611
480.57516	907.59283
480.62695	910.37982
480.67871	912.20129
480.7305	911.46881
480.78226	909.18042
480.83405	909.66992
480.8858	909.50214
480.93759	910.38745
480.98935	915.64526
481.04114	909.62805
481.09293	910.52972
481.14468	913.27869
481.19647	914.55353
481.24823	906.64856
481.30002	911.45624
481.35178	905.36267
481.40356	905.09839
481.45532	909.91736
481.50711	913.21027
481.55887	910.44507
481.61066	910.10883
481.66245	911.62494
481.7142	905.26324
481.76599	912.80615
481.81775	905.46729
481.86954	905.46393
481.9213	909.87
481.97308	902.23163
482.02484	915.27435
482.07663	905.64056
482.12839	911.41211
482.18018	909.21539
482.23196	912.07355
482.28372	911.11462
482.33551	910.0661
482.38727	908.65039
482.43906	904.22955
482.49081	908.78796
482.5426	915.59778
482.59436	913.72711
482.64615	911.73828
482.69791	911.40991
482.74969	911.02875
482.80148	906.45313
482.85324	910.72064
482.90503	913.96722
482.95679	911.24414
483.00858	914.34833
483.06033	910.00293
483.11212	909.51526
483.16388	911.2016
483.21567	910.74591
483.26743	911.60596
483.31921	906.9458
483.371	906.60419
483.42276	911.73676
483.47455	912.45697
483.52631	913.54498
483.57809	913.75165
483.62985	911.56952
483.68164	911.09863
483.7334	911.5885
483.78519	909.68695
483.83694	907.79993
483.88873	911.71222
483.94052	910.80328
483.99228	905.80731
484.04407	908.64124
484.09583	913.57617
484.14761	915.49658
484.19937	910.41675
484.25116	910.71283
484.30292	908.48718
484.35471	908.98346
484.40646	908.08276
484.45825	909.64514
484.51004	909.43494
484.5618	910.60669
484.61359	913.69202
484.66534	915.05402
484.71713	910.81445
484.76889	908.72931
484.82068	907.69226
484.87244	910.69525
484.92422	909.06281
484.97598	911.94293
485.02777	907.83301
485.07956	908.39105
485.13132	909.74243
485.18311	912.81097
485.23486	908.5719
485.28665	902.57098
485.33841	906.68512
485.3902	913.06561
485.44196	918.37756
485.49374	910.12793
485.5455	906.82831
485.59729	913.71661
485.64908	910.26093
485.70084	907.29053
485.75262	909.61304
485.80438	918.23273
485.85617	908.42822
485.90793	906.31982
485.95972	909.82507
486.01147	906.61871
486.06326	911.03174
486.11502	909.953
486.16681	911.81757
486.2186	915.5401
486.27036	912.87
486.32214	910.14056
486.3739	908.07013
486.42569	914.74567
486.47745	911.63678
486.52924	913.57941
486.58099	907.56372
486.63278	908.82123
486.68454	911.95026
486.73633	911.93982
486.78812	908.17627
486.83987	908.00024
486.89166	912.30554
486.94342	913.80634
486.99521	912.349
487.04697	914.763
487.09875	912.01868
487.15051	908.21869
487.2023	909.37897
487.25406	910.03876
487.30585	909.88989
487.35764	910.38
487.40939	908.19647
487.46118	908.1861
487.51294	909.07941
487.56473	909.33002
487.61649	908.66168
487.66827	911.03979
487.72003	913.12
487.77182	911.34998
487.82358	913.79065
487.87537	913.44745
487.92712	913.7796
487.97891	915.37036
488.0307	915.25098
488.08246	913.19073
488.13425	909.05548
488.186	909.05212
488.23779	910.83704
488.28955	912.67285
488.34134	907.047
488.3931	906.97003
488.44489	913.89795
488.49664	910.31134
488.54843	912.77527
488.60022	911.88922
488.65198	906.63196
488.70377	907.953
488.75552	911.22235
488.80731	911.01276
488.85907	914.8324
488.91086	912.12866
488.96262	915.35858
489.0144	914.04175
489.06616	911.63989
489.11795	915.50049
489.16974	907.3092
489.2215	910.91748
489.27328	915.7843
489.32504	913.00446
489.37683	913.33411
489.42859	910.10632
489.48038	915.03326
489.53214	919.4696
489.58392	922.92249
489.63568	923.44556
489.68747	932.60156
489.73926	929.62457
489.79102	938.82086
489.8428	934.3576
489.89456	934.39661
489.94635	933.53815
489.99811	936.979
490.0499	937.4306
490.10165	936.13544
490.15344	940.16504
490.2052	935.48883
490.25699	945.11194
490.30878	937.69269
490.36053	935.80914
490.41232	935.51471
490.46408	940.80792
490.51587	937.46326
490.56763	942.61646
490.61942	940.12256
490.67117	942.71924
490.72296	945.45026
490.77472	941.0105
490.82651	939.90521
490.8783	943.396
490.93005	934.66681
490.98184	934.53784
491.0336	942.43457
491.08539	943.5011
491.13715	941.44775
491.18893	944.42908
491.24069	948.31049
491.29248	944.21527
491.34424	943.97321
491.39603	943.84253
491.44781	948.26874
491.49957	948.87061
491.55136	937.9903
491.60312	938.276
491.65491	940.46149
491.70667	941.49896
491.75845	946.17407
491.81021	939.24585
491.862	935.56085
491.91376	938.33606
491.96555	940.18854
492.01733	947.58533
492.06909	948.18842
492.12088	940.89746
492.17264	936.62421
492.22443	940.78888
492.27618	944.12927
492.32797	950.46021
492.37973	947.30359
492.43152	941.62683
492.48328	941.27209
492.53506	940.85986
492.58685	939.375
492.63861	937.6416
492.6904	937.17218
492.74216	940.97369
492.79395	937.51239
492.8457	937.53088
492.89749	947.06769
492.94925	939.21857
493.00104	938.35797
493.0528	946.50995
493.10458	945.23151
493.15637	945.4165
493.20813	946.27228
493.25992	943.07544
493.31168	946.04047
493.36346	943.86914
493.41522	940.06512
493.46701	945.47003
493.51877	950.10321
493.57056	947.58917
493.62231	943.57709
493.6741	936.25366
493.72589	952.55371
493.77765	953.66736
493.82944	952.71692
493.8812	945.03796
493.93298	946.56439
493.98474	952.72906
494.03653	945.3584
494.08829	945.12097
494.14008	942.0307
494.19183	946.96045
494.24362	950.27136
494.29541	951.51282
494.34717	943.18073
494.39896	945.82245
494.45071	947.0553
494.5025	951.60217
494.55426	951.03839
494.60605	945.90912
494.65781	945.01794
494.70959	943.98151
494.76135	947.00598
494.81314	947.38037
494.86493	950.39203
494.91669	944.45404
494.96848	944.42603
495.02023	942.49213
495.07202	945.52448
495.12378	946.26331
495.17557	947.23743
495.22733	948.73761
495.27911	949.40607
495.33087	943.69037
495.38266	945.56458
495.43445	943.40442
495.48621	940.45447
495.53799	948.24237
495.58975	950.48041
495.64154	949.16626
495.6933	948.44751
495.74509	944.42688
495.79684	941.28412
495.84863	949.35437
495.90039	957.31226
495.95218	951.27216
496.00397	948.11523
496.05573	951.49524
496.10751	951.7804
496.15927	951.35614
496.21106	950.35657
496.26282	948.86572
496.31461	950.71942
496.36636	951.55762
496.41815	947.69324
496.46991	946.74139
496.5217	950.90057
496.57349	955.16803
496.62524	953.81268
496.67703	952.86755
496.72879	949.29565
496.78058	945.74384
496.83234	947.65332
496.88412	949.46216
496.93588	956.04987
496.98767	959.5896
497.03943	953.86395
497.09122	951.54865
497.14301	953.42004
497.19476	954.16296
497.24655	954.12988
497.29831	949.16431
497.3501	950.68323
497.40186	958.11035
497.45364	950.00916
497.5054	951.89606
497.55719	952.93872
497.60895	953.77002
497.66074	946.69104
497.71252	944.67987
497.76428	957.21576
497.81607	954.43066
497.86783	949.7489
497.91962	949.40393
497.97137	951.47546
498.02316	954.12115
498.07492	951.71442
498.12671	949.65704
498.17847	957.02948
498.23026	949.85889
498.28204	959.80157
498.3338	951.15765
498.38559	957.82141
498.43735	955.0036
498.48914	955.49768
498.54089	951.63782
498.59268	952.22937
498.64444	949.76221
498.69623	950.89264
498.74799	948.10468
498.79977	955.61841
498.85156	949.41486
498.90332	948.64063
498.95511	955.28174
499.00687	956.46155
499.05865	955.5368
499.11041	960.64288
499.1622	955.07672
499.21396	952.53204
499.26575	949.62274
499.3175	946.9707
499.36929	952.46405
499.42108	958.77411
499.47284	960.76538
499.52463	955.71674
499.57639	949.90601
499.62817	944.63397
499.67993	950.22491
499.73172	953.60217
499.78348	955.54767
499.83527	954.74982
499.88702	952.02051
499.93881	954.09991
499.9906	956.98602
500.04236	958.37073
500.09415	954.63391
500.1459	951.71271
500.19769	955.05115
500.24945	959.45929
500.30124	956.0033
500.353	955.38885
500.40479	953.97754
500.45654	956.70453
500.50833	955.59991
500.56012	953.1709
500.61188	955.30475
500.66367	955.49469
500.71542	956.54089
500.76721	957.94983
500.81897	953.43207
500.87076	951.84412
500.92252	954.42053
500.9743	951.24963
501.02606	946.4967
501.07785	953.67712
501.12964	959.74707
501.1814	952.32129
501.23318	956.82764
501.28494	961.70911
501.33673	963.49243
501.38849	957.91724
501.44028	951.86542
501.49203	952.80579
501.54382	954.42792
501.59558	947.7514
501.64737	958.67529
501.69916	958.7124
501.75092	953.66241
501.8027	945.31769
501.85446	950.9693
501.90625	953.46503
501.95801	961.82318
502.0098	954.41785
502.06155	958.2149
502.11334	960.04968
502.1651	953.83661
502.21689	950.78564
502.26868	960.68524
502.32043	954.04175
502.37222	966.54724
502.42398	962.20038
502.47577	961.16583
502.52753	957.70404
502.57932	960.64655
502.63107	959.7063
502.68286	957.75085
502.73462	957.17981
502.78641	955.28253
502.8382	973.3786
502.88995	956.24365
502.94174	966.91205
502.9935	970.32361
503.04529	966.29785
503.09705	956.31348
503.14883	963.21576
503.20059	962.5979
503.25238	958.03271
503.30414	967.96173
503.35593	965.23083
503.40771	960.84186
503.45947	958.48773
503.51126	962.66577
503.56302	964.79517
503.61481	959.70654
503.66656	958.43634
503.71835	954.56348
503.77011	953.69293
503.8219	958.20569
503.87366	957.55109
503.92545	952.49365
503.97723	957.7771
504.02899	966.59918
504.08078	963.35492
504.13254	960.45245
504.18433	960.70587
504.23608	960.55444
504.28787	959.21729
504.33963	958.97614
504.39142	959.04529
504.44318	956.98279
504.49496	960.54614
504.54675	963.21906
504.59851	963.00714
504.6503	969.23468
504.70206	969.89471
504.75385	959.18292
504.8056	956.26038
504.85739	964.22906
504.90915	958.87445
504.96094	954.34052
505.0127	959.45105
505.06448	958.64972
505.11627	959.20001
505.16803	957.7002
505.21982	962.05072
505.27158	968.66888
505.32336	962.84509
505.37512	951.66315
505.42691	952.33136
505.47867	961.22864
505.53046	963.90601
505.58221	950.16095
505.634	958.24432
505.68579	965.32983
505.73755	957.94275
505.78934	959.39789
505.84109	968.69281
505.89288	966.81256
505.94464	965.9184
505.99643	959.43988
506.04819	973.60095
506.09998	966.10059
506.15173	951.79352
506.20352	970.48291
506.25531	969.78387
506.30707	955.38507
506.35886	970.28711
506.41061	957.27698
506.4624	969.47137
506.51416	961.23029
506.56595	956.62744
506.61771	963.58392
506.66949	959.92358
506.72125	962.94012
506.77304	969.85956
506.82483	972.33643
506.87659	973.40045
506.92838	970.03168
506.98013	969.4585
507.03192	969.55774
507.08368	965.05969
507.13547	968.66724
507.18723	969.79816
507.23901	965.26898
507.29077	962.10754
507.34256	964.19147
507.39435	962.80817
507.44611	958.85107
507.49789	964.44067
507.54965	961.88605
507.60144	963.0882
507.6532	962.23468
507.70499	967.23499
507.75674	969.75269
507.80853	969.29755
507.86029	967.87775
507.91208	960.86084
507.96387	966.81067
508.01563	974.56323
508.06741	966.73505
508.11917	963.34338
508.17096	966.99664
508.22272	964.37372
508.27451	964.60828
508.32626	965.98468
508.37805	962.92828
508.42981	966.00787
508.4816	969.62506
508.53339	975.27362
508.58514	970.01685
508.63693	965.98492
508.68869	969.87665
508.74048	967.50165
508.79224	968.56134
508.84402	966.66626
508.89578	970.46997
508.94757	961.96576
508.99933	972.34326
509.05112	974.34015
509.10287	962.16364
509.15466	966.58868
509.20645	975.28003
509.25821	974.62213
509.31	967.66669
509.36176	979.32245
509.41354	977.93585
509.4653	974.03479
509.51709	970.72095
509.56885	968.64636
509.62064	966.46234
509.67239	973.14044
509.72418	969.68372
509.77597	975.43262
509.82773	963.58942
509.87952	974.77374
509.93127	966.86963
509.98306	972.68835
510.03482	977.14606
510.08661	974.89709
510.13837	981.34674
510.19016	977.12329
510.24191	980.39386
510.2937	982.52728
510.34549	980.94324
510.39725	983.75665
510.44904	978.17419
510.50079	978.86658
510.55258	977.4975
510.60434	981.24359
510.65613	984.15033
510.70789	975.51263
510.75967	984.01581
510.81143	976.76221
510.86322	978.84637
510.91501	985.37134
510.96677	983.7937
511.01855	989.3075
511.07031	986.44287
511.1221	983.33228
511.17386	988.04559
511.22565	983.24506
511.2774	991.74207
511.32919	998.78088
511.38095	986.57629
511.43274	984.99554
511.48453	983.89069
511.53629	980.12256
511.58807	985.55499
511.63983	989.05743
511.69162	991.06891
511.74338	987.83484
511.79517	987.2052
511.84692	994.08014
511.89871	997.54956
511.95047	993.33667
512.00226	986.87317
512.05402	987.56836
512.10583	989.55066
512.15759	983.37183
512.20935	976.46265
512.26111	982.36511
512.31293	994.0498
512.36469	997.18317
512.41644	985.026
512.4682	982.39392
512.52002	989.94275
512.57178	995.86066
512.62354	995.19257
512.67535	996.8996
512.72711	993.04083
512.77887	990.48932
512.83063	999.45679
512.88245	1002.4252
512.9342	998.52722
512.98596	983.8891
513.03772	997.19513
513.08954	1006.2627
513.1413	999.18896
513.19305	1001.7772
513.24487	998.05011
513.29663	999.06049
513.34839	1003.4867
513.40015	1006.533
513.45197	999.58203
513.50372	1005.6306
513.55548	1001.5854
513.60724	991.46942
513.65906	1010.56
513.71082	1014.2462
513.76257	993.83813
513.81439	993.38043
513.86615	1008.6559
513.91791	1002.4563
513.96967	1001.3288
514.02148	993.19781
514.07324	1004.0267
514.125	1013.5491
514.17676	1011.96
514.22858	1011.7275
514.28033	1020.5862
514.33209	1026.0696
514.38391	1012.4806
514.43567	1019.9333
514.48743	1014.1457
514.53918	1022.9286
514.591	1019.4657
514.64276	1026.4952
514.69452	1024.2966
514.74628	1040.4501
514.7981	1028.1298
514.84985	1012.4939
514.90161	1020.4177
514.95343	1023.8229
515.00519	1040.5148
515.05695	1042.3027
515.1087	1032.5023
515.16052	1043.041
515.21228	1045.7094
515.26404	1043.4641
515.3158	1060.8202
515.36761	1064.1274
515.41937	1055.3801
515.47113	1068.4219
515.52295	1075.3348
515.57471	1079.4852
515.62646	1089.8715
515.67822	1094.4017
515.73004	1105.709
515.7818	1133.165
515.83356	1159.1506
515.88531	1163.8789
515.93713	1189.0171
515.98889	1231.5522
516.04065	1253.4917
516.09247	1286.0835
516.14423	1321.4033
516.19598	1373.0063
516.24774	1432.6746
516.29956	1453.245
516.35132	1483.3016
516.40308	1501.9548
516.45483	1511.9355
516.50665	1544.7264
516.55841	1575.7089
516.61017	1559.6194
516.66199	1555.5596
516.71375	1581.9142
516.7655	1593.8547
516.81726	1593.3882
516.86908	1604.2537
516.92084	1592.8018
516.9726	1588.3694
517.02435	1571.0215
517.07617	1557.5062
517.12793	1561.4404
517.17969	1504.2972
517.23151	1496.2733
517.28326	1456.2728
517.33502	1432.2283
517.38678	1430.2444
517.4386	1468.3737
517.49036	1486.6884
517.54211	1483.9158
517.59387	1474.8907
517.64569	1481.3379
517.69745	1491.0925
517.74921	1545.9844
517.80103	1549.66
517.85278	1561.3337
517.90454	1615.8529
517.9563	1625.7148
518.00812	1647.3748
518.05988	1668.1173
518.11163	1664.911
518.16339	1711.4923
518.21521	1747.7753
518.26697	1751.5817
518.31873	1745.7821
518.37054	1772.949
518.4223	1771.3018
518.47406	1792.0121
518.52582	1789.9766
518.57764	1816.2312
518.62939	1834.046
518.68115	1841.9457
518.73291	1833.3513
518.78473	1819.4921
518.83649	1869.2112
518.88824	1905.2233
518.94006	1936.6781
518.99182	1924.2769
519.04358	1982.0757
519.09534	2052.5291
519.14716	2074.3997
519.19891	2131.7432
519.25067	2185.7878
519.30243	2212.3003
519.35425	2241.0437
519.40601	2247.8384
519.45776	2271.9866
519.50958	2300.4067
519.56134	2344.7676
519.6131	2404.8745
519.66486	2449.2129
519.71667	2513.9238
519.76843	2660.5901
519.82019	2774.4282
519.87195	2850.0151
519.92377	2914.3638
519.97552	2949.4192
520.02728	2983.0916
520.0791	2997.5103
520.13086	3029.3987
520.18262	3014.49
520.23438	2957.313
520.28619	2945.491
520.33795	2902.2317
520.38971	2832.8665
520.44147	2728.9492
520.49329	2639.2878
520.54504	2599.4602
520.5968	2529.675
520.64862	2455.603
520.70038	2386.2766
520.75214	2316.2192
520.80389	2254.6082
520.85571	2209.3438
520.90747	2192.6274
520.95923	2146.4136
521.01099	2185.5005
521.06281	2202.9771
521.11456	2195.4751
521.16632	2214.4338
521.21814	2185.2136
521.2699	2200.1565
521.32166	2246.1426
521.37341	2210.9937
521.42523	2200.4656
521.47699	2230.9727
521.52875	2218.7834
521.58051	2146.6956
521.63232	2095.5081
521.68408	2069.7856
521.73584	2022.7767
521.78766	1947.1108
521.83942	1941.3872
521.89117	1938.2875
521.94293	1898.1317
521.99475	1938.9792
522.04651	1895.5193
522.09827	1893.2485
522.15002	1946.5496
522.20184	1941.129
522.2536	2007.746
522.30536	2031.9269
522.35718	2052.7107
522.40894	2036.7037
522.46069	2100.6582
522.51245	2114.9558
522.56427	2124.4631
522.61603	2184.0217
522.66779	2181.8059
522.71954	2225.5225
522.77136	2196.4155
522.82312	2166.6553
522.87488	2177.7002
522.9267	2188.105
522.97845	2207.5671
523.03021	2149.6521
523.08197	2157.823
523.13379	2115.7029
523.18555	2119.1543
523.2373	2099.4307
523.28906	2094.8513
523.34088	2069.2007
523.39264	2070.2512
523.4444	2037.27
523.49622	2008.7684
523.54797	2030.3594
523.59973	2044.8591
523.65149	2038.7228
523.70331	2028.8546
523.75507	2024.4667
523.80682	2019.5166
523.85858	2004.3519
523.9104	2026.7916
523.96216	2026.9137
524.01392	2021.025
524.06573	2020.7209
524.11749	2018.4176
524.16925	1988.1282
524.22101	1972.9896
524.27283	1997.6196
524.32458	1987.8507
524.37634	1948.2601
524.4281	1955.6057
524.47992	1978.651
524.53168	1960.6487
524.58344	1953.7861
524.63525	1947.9839
524.68701	1914.7166
524.73877	1948.9851
524.79053	1979.5498
524.84235	1934.0103
524.8941	1925.6157
524.94586	1944.4415
524.99762	1939.1638
525.04944	1922.0516
525.1012	1945.9098
525.15295	1943.3754
525.20477	1935.6515
525.25653	1956.2957
525.30829	1975.7805
525.36005	1970.3854
525.41187	1985.0476
525.46362	1963.1373
525.51538	1943.3982
525.56714	1965.8438
525.61896	1956.405
525.67072	1930.9529
525.72247	1944.2175
525.77429	1970.7521
525.82605	1948.1923
525.87781	1974.4747
525.92957	1975.5499
525.98138	1972.3091
526.03314	1959.7797
526.0849	1987.642
526.13666	1980.1117
526.18848	2013.7982
526.24023	2037.0426
526.29199	2033.0688
526.34381	2060.7668
526.39557	2086.5842
526.44733	2096.6309
526.49908	2114.5828
526.5509	2146.8936
526.60266	2192.6089
526.65442	2194.4858
526.70618	2226.1218
526.758	2284.5625
526.80975	2306.1804
526.86151	2356.0815
526.91333	2380.291
526.96509	2429.0017
527.01685	2418.3367
527.0686	2427.5476
527.12042	2465.8816
527.17218	2500.7322
527.22394	2465.8506
527.2757	2520.1304
527.32751	2481.9436
527.37927	2517.1672
527.43103	2551.4749
527.48285	2501.2603
527.53461	2497.2231
527.58636	2500.8086
527.63812	2526.1165
527.68994	2486.8403
527.7417	2508.5078
527.79346	2514.8735
527.84521	2528.7222
527.89703	2488.208
527.94879	2498.7437
528.00055	2483.7805
528.05237	2479.4761
528.10413	2480.9429
528.15588	2460.6533
528.20764	2422.4534
528.25946	2442.3706
528.31122	2457.2505
528.36298	2447.0752
528.41473	2400.293
528.46655	2386.2976
528.51831	2430.6333
528.57007	2389.8313
528.62189	2370.4185
528.67365	2366.9421
528.7254	2362.1992
528.77716	2359.8906
528.82898	2345.2976
528.88074	2351.9377
528.9325	2340.9297
528.98425	2284.6333
529.03607	2250.6912
529.08783	2236.4976
529.13959	2224.5715
529.19141	2208.2974
529.24316	2172.8875
529.29492	2148.884
529.34668	2140.2336
529.3985	2111.3098
529.45026	2065.4312
529.50201	2027.3517
529.55377	2015.2726
529.60559	2003.1187
529.65735	1971.8794
529.70911	1958.1543
529.76093	1933.175
529.81268	1905.0541
529.86444	1880.6195
529.9162	1845.0886
529.96802	1848.9882
530.01978	1828.8396
530.07153	1800.2224
530.12329	1768.5337
530.17511	1764.8762
530.22687	1721.1871
530.27863	1671.1169
530.33044	1692.5541
530.3822	1710.376
530.43396	1718.876
530.48572	1687.3055
530.53754	1663.3672
530.58929	1637.1691
530.64105	1621.4381
530.69281	1605.207
530.74463	1604.6632
530.79639	1594.1147
530.84814	1587.597
530.89996	1554.6743
530.95172	1538.9313
531.00348	1549.3466
531.05524	1560.9066
531.10706	1526.3009
531.15881	1521.4417
531.21057	1512.2548
531.26233	1494.01
531.31415	1502.0212
531.36591	1492.6836
531.41766	1474.1566
531.46948	1452.9683
531.52124	1428.0874
531.573	1424.543
531.62476	1428.5419
531.67657	1421.9601
531.72833	1410.9991
531.78009	1396.9073
531.83185	1364.257
531.88367	1374.637
531.93542	1369.823
531.98718	1355.16
532.039	1360.4572
532.09076	1320.7975
532.14252	1330.8994
532.19427	1338.1718
532.24609	1325.7607
532.29785	1306.4296
532.34961	1321.7377
532.40137	1308.9054
532.45319	1300.4868
532.50494	1307.8497
532.5567	1312.0775
532.60852	1276.8031
532.66028	1286.5222
532.71204	1306.1465
532.76379	1276.2319
532.81561	1281.1772
532.86737	1294.4081
532.91913	1269.6698
532.97089	1265.1984
533.02271	1297.6089
533.07446	1277.9769
533.12622	1256.8776
533.17804	1255.1366
533.2298	1265.0531
533.28156	1267.2969
533.33331	1254.7399
533.38513	1245.2789
533.43689	1252.7147
533.48865	1239.0433
533.54041	1230.4786
533.59222	1240.9407
533.64398	1244.651
533.69574	1234.0914
533.74756	1256.7249
533.79932	1257.0992
533.85107	1254.2081
533.90283	1251.5488
533.95465	1243.6281
534.00641	1252.6555
534.05817	1255.7723
534.10992	1260.4125
534.16174	1271.6862
534.2135	1283.0582
534.26526	1266.2034
534.31708	1256.6869
534.36884	1268.9872
534.42059	1270.5601
534.47235	1266.8241
534.52417	1266.0403
534.57593	1277.2015
534.62769	1283.0471
534.67944	1268.5302
534.73126	1269.3086
534.78302	1291.27
534.83478	1284.6942
534.8866	1274.5179
534.93835	1286.7579
534.99011	1305.0879
535.04187	1319.9868
535.09369	1293.6147
535.14545	1295.042
535.1972	1306.4698
535.24896	1319.1094
535.30078	1317.4407
535.35254	1341.1365
535.4043	1360.5669
535.45612	1348.9745
535.50787	1358.8804
535.55963	1348.9308
535.61139	1347.5121
535.66321	1388.3431
535.71497	1384.5474
535.76672	1375.2628
535.81848	1384.9191
535.8703	1383.6184
535.92206	1404.5916
535.97382	1405.4523
536.02563	1417.8933
536.07739	1447.7979
536.12915	1446.3586
536.18091	1432.4808
536.23273	1449.4996
536.28448	1502.6924
536.33624	1511.623
536.388	1508.8196
536.43982	1521.6571
536.49158	1528.6586
536.54333	1554.2101
536.59515	1573.8907
536.64691	1586.5216
536.69867	1607.3606
536.75043	1615.6333
536.80225	1668.3076
536.854	1672.7924
536.90576	1684.8284
536.95752	1708.0791
537.00934	1755.4193
537.0611	1768.7478
537.11285	1847.6208
537.16467	1893.3208
537.21643	1918.1946
537.26819	1956.8293
537.31995	2023.1836
537.37177	2061.1179
537.42352	2115.2844
537.47528	2184.2183
537.52704	2322.7292
537.57886	2388.8145
537.63062	2553.2363
537.68237	2682.8918
537.73419	2869.8372
537.78595	3041.585
537.83771	3367.6235
537.88947	3554.0715
537.94128	3829.2585
537.99304	4123.2905
538.0448	4475.0898
538.09656	4821.6221
538.14838	5220.0869
538.20013	5657.5732
538.25189	6053.2954
538.30371	6314.7671
538.35547	6649.4102
538.40723	7035.4048
538.45898	7376.7959
538.5108	7615.9688
538.56256	7672.3438
538.61432	7862.8521
538.66608	8014.7139
538.7179	8133.3315
538.76965	8073.8691
538.82141	8192.4063
538.87323	8201.9316
538.92499	8131.2803
538.97675	8064.4854
539.0285	7924.5947
539.08032	7821.7031
539.13208	7700.4819
539.18384	7466.0376
539.2356	7276.7993
539.28741	7111.1572
539.33917	6957.2842
539.39093	6930.4756
539.44275	6939.9272
539.49451	6875.2075
539.54626	6892.1914
539.59802	6919.0688
539.64984	6917.9976
539.7016	6935.8394
539.75336	6993.1021
539.80511	6938.8574
539.85693	6867.6436
539.90869	6894.0254
539.96045	6939.0171
540.01227	6969.1333
540.06403	7018.1133
540.11578	7069.3594
540.16754	7165.6431
540.21936	7340.709
540.27112	7452.5322
540.32288	7582.1904
540.37463	7688.3521
540.42645	7691.314
540.47821	7753.6821
540.52997	7764.9326
540.58173	7666.4731
540.63354	7512.7212
540.6853	7321.9907
540.73706	7104.9829
540.78888	6844.3999
540.84064	6469.9756
540.8924	6060.2949
540.94415	5772.4473
540.99597	5512.563
541.04773	5373.9009
541.09949	5280.4146
541.15125	5217.8511
541.20306	5278.5815
541.25482	5425.3784
541.30658	5566.543
541.3584	5683.3486
541.41016	5907.5142
541.46191	6096.4932
541.51367	6263.3218
541.56549	6458.0225
541.61725	6549.7197
541.66901	6567.9268
541.72076	6607.4561
541.77258	6510.7212
541.82434	6326.3911
541.8761	6211.8584
541.92792	6100.3174
541.97968	5879.585
542.03143	5661.5283
542.08319	5508.1826
542.13501	5328.2563
542.18677	5153.9775
542.23853	4958.2676
542.29028	4852.6064
542.3421	4664.0078
542.39386	4509.6758
542.44562	4416.2939
542.49744	4318.8848
542.54919	4224.9287
542.60095	4144.9053
542.65271	4101.9458
542.70453	4062.635
542.75629	4007.0071
542.80804	3977.8291
542.8598	3927.437
542.91162	3928.9656
542.96338	3862.2454
543.01514	3781.7883
543.06696	3796.1123
543.11871	3755.0308
543.17047	3717.6768
543.22223	3710.342
543.27405	3684.0547
543.32581	3659.3379
543.37756	3662.3013
543.42932	3658.8435
543.48114	3667.6074
543.5329	3747.4868
543.58466	3729.9946
543.63647	3804.323
543.68823	3748.4546
543.73999	3826.1157
543.79175	3867.1201
543.84357	3950.1609
543.89532	3916.7922
543.94708	3949.0808
543.99884	3899.0298
544.05066	3989.1851
544.10242	4026.7532
544.15417	4066.1016
544.20599	4102.8511
544.25775	4220.5049
544.30951	4340.2124
544.36127	4471.8018
544.41309	4573.25
544.46484	4653.0137
544.5166	4826.3452
544.56836	4986.8398
544.62018	4978.2949
544.67194	5041.585
544.72369	5090.3608
544.77551	5173.7808
544.82727	5232.7241
544.87903	5214.1855
544.93079	5180.4619
544.9826	5104.1836
545.03436	5118.3779
545.08612	5096.354
545.13788	4984.1299
545.1897	4929.3999
545.24146	4893.543
545.29321	4745.7207
545.34503	4734.9854
545.39679	4707.1514
545.44855	4692.8193
545.50031	4613.9536
545.55212	4626.4058
545.60388	4592.1445
545.65564	4556.2744
545.7074	4565.064
545.75922	4522.6108
545.81097	4478.1792
545.86273	4427.9644
545.91455	4331.728
545.96631	4230.79
546.01807	4143.8662
546.06982	4045.7007
546.12164	3937.9419
546.1734	3899.28
546.22516	3863.5679
546.27692	3777.2161
546.32874	3722.1316
546.38049	3680.1067
546.43225	3640.6089
546.48407	3623.2944
546.53583	3602.9868
546.58759	3583.9846
546.63934	3580.8118
546.69116	3569.4275
546.74292	3552.502
546.79468	3549.0662
546.84644	3563.4758
546.89825	3553.1821
546.95001	3546.52
547.00177	3551.3835
547.05359	3568.4727
547.10535	3580.095
547.1571	3588.0278
547.20886	3602.9177
547.26068	3585.946
547.31244	3593.425
547.3642	3609.9888
547.41595	3609.3257
547.46777	3592.5251
547.51953	3627.2581
547.57129	3661.4927
547.62311	3664.0571
547.67487	3679.2273
547.72662	3680.1079
547.77838	3686.0964
547.8302	3710.3633
547.88196	3733.6821
547.93372	3747.7292
547.98547	3803.7666
548.03729	3858.2908
548.08905	3905.6331
548.14081	3919.4226
548.19263	3943.4629
548.24438	4026.7241
548.29614	4039.252
548.3479	4033.8564
548.39972	4074.2261
548.45148	4126.4473
548.50323	4154.9854
548.55499	4202.2783
548.60681	4268.3696
548.65857	4305.1138
548.71033	4379.5713
548.76215	4470.8228
548.8139	4460.7417
548.86566	4515.5386
548.91742	4625.5308
548.96924	4669.6118
549.021	4615.668
549.07275	4685.1533
549.12451	4737.603
549.17633	4799.1265
549.22809	4830.647
549.27985	4824.998
549.33167	4857.2832
549.38342	4859.8506
549.43518	4780.9468
549.48694	4801.5884
549.53876	4816.1387
549.59052	4802.2598
549.64227	4751.708
549.69403	4655.9771
549.74585	4678.188
549.79761	4671.0464
549.84937	4542.2256
549.90118	4404.9653
549.95294	4395.8218
550.0047	4318.3149
550.05646	4251.7041
550.10828	4093.9326
550.16003	4040.8547
550.21179	4011.4214
550.26355	3877.719
550.31537	3884.1313
550.36713	3853.0327
550.41888	3767.7073
550.4707	3635.2236
550.52246	3617.2275
550.57422	3555.1995
550.62598	3486.2529
550.6778	3400.9036
550.72955	3392.21
550.78131	3345.2119
550.83307	3236.7839
550.88489	3202.4636
550.93665	3143.0361
550.9884	3064.1777
551.04022	3067.2651
551.09198	3040.6863
551.14374	2944.1428
551.1955	2934.6729
551.24731	2921.6194
551.29907	2879.4348
551.35083	2829.0796
551.40259	2850.6174
551.45441	2784.2695
551.50616	2733.677
551.55792	2688.573
551.60974	2648.8196
551.6615	2643.8
551.71326	2634.4426
551.76501	2559.7603
551.81683	2545.0063
551.86859	2528.2319
551.92035	2507.0652
551.97211	2466.2122
552.02393	2461.6462
552.07568	2473.1394
552.12744	2415.3953
552.17926	2375.7686
552.23102	2340.5693
552.28278	2332.7795
552.33453	2340.8494
552.38635	2323.0691
552.43811	2314.1934
552.48987	2283.3345
552.54163	2270.5796
552.59344	2257.418
552.6452	2208.1494
552.69696	2208.7971
552.74878	2194.0745
552.80054	2133.1045
552.85229	2112.3438
552.90405	2103.9954
552.95587	2077.6272
553.00763	2042.4427
553.05939	2001.0631
553.11115	1988.8203
553.16296	1991.4489
553.21472	1972.2506
553.26648	1955.3497
553.3183	1931.9082
553.37006	1936.0697
553.42181	1917.6564
553.47357	1890.3916
553.52539	1864.5271
553.57715	1859.5459
553.62891	1844.3715
553.68066	1790.4902
553.73248	1774.8667
553.78424	1782.6097
553.836	1743.9269
553.88782	1733.7216
553.93958	1712.722
553.99133	1708.7246
554.04309	1705.3871
554.09491	1668.7047
554.14667	1640.9224
554.19843	1663.3571
554.25018	1649.771
554.302	1609.6493
554.35376	1623.5917
554.40552	1593.1794
554.45734	1591.5431
554.50909	1577.9872
554.56085	1578.6384
554.61261	1579.1178
554.66443	1547.3657
554.71619	1515.9962
554.76794	1524.1362
554.8197	1511.1169
554.87152	1508.4193
554.92328	1515.6158
554.97504	1518.6239
555.02686	1505.0259
555.07861	1509.072
555.13037	1500.8552
555.18213	1502.5927
555.23395	1481.7955
555.28571	1491.6792
555.33746	1481.4625
555.38922	1480.2732
555.44104	1461.9862
555.4928	1476.8894
555.54456	1456.5554
555.59637	1415.6782
555.64813	1445.3113
555.69989	1433.1552
555.75165	1456.3671
555.80347	1465.7955
555.85522	1451.2198
555.90698	1435.6205
555.95874	1449.0565
556.01056	1453.6949
556.06232	1416.7167
556.11407	1396.6945
556.16589	1401.3975
556.21765	1385.6099
556.26941	1381.1002
556.32117	1392.0369
556.37299	1388.3483
556.42474	1372.2306
556.4765	1363.0044
556.52826	1337.0601
556.58008	1335.5706
556.63184	1321.8522
556.68359	1324.8864
556.73541	1314.1666
556.78717	1297.8561
556.83893	1303.6903
556.89069	1295.3992
556.9425	1276.9066
556.99426	1267.1669
557.04602	1269.8373
557.09778	1284.7677
557.1496	1284.8145
557.20135	1272.981
557.25311	1269.7565
557.30493	1265.2982
557.35669	1261.9949
557.40845	1254.6187
557.46021	1250.6014
557.51202	1251.0941
557.56378	1245.116
557.61554	1238.9988
557.6673	1233.3512
557.71912	1239.5394
557.77087	1246.0168
557.82263	1236.7668
557.87445	1229.5616
557.92621	1230.7362
557.97797	1219.0028
558.02972	1196.1084
558.08154	1194.5115
558.1333	1193.4545
558.18506	1191.0004
558.23682	1196.9172
558.28864	1193.6873
558.34039	1193.2766
558.39215	1185.0762
558.44397	1192.1234
558.49573	1185.0251
558.54749	1174.2651
558.59924	1175.0463
558.65106	1180.1901
558.70282	1174.2047
558.75458	1168.0732
558.80634	1174.7496
558.85815	1168.1692
558.90991	1177.1315
558.96167	1155.9205
559.01349	1158.4585
559.06525	1152.1305
559.117	1132.608
559.16876	1127.184
559.22058	1148.452
559.27234	1143.9408
559.3241	1137.2166
559.37585	1139.8951
559.42767	1138.6024
559.47943	1122.621
559.53119	1120.2229
559.58301	1121.4335
559.63477	1135.4937
559.68652	1136.5581
559.73828	1117.8169
559.7901	1117.0155
559.84186	1118.9005
559.89362	1110.7733
559.94537	1106.3204
559.99719	1111.9949
560.04895	1103.9626
560.10071	1108.8566
560.15253	1106.401
560.20428	1088.7494
560.25604	1107.3179
560.3078	1097.7054
560.35962	1104.832
560.41138	1116.756
560.46313	1113.161
560.51489	1103.197
560.56671	1088.8137
560.61847	1088.3015
560.67023	1098.5789
560.72205	1092.9387
560.7738	1096.6038
560.82556	1089.1115
560.87732	1095.3365
560.92914	1095.7108
560.9809	1083.668
561.03265	1077.1848
561.08441	1088.9152
561.13623	1080.2734
561.18799	1085.8079
561.23975	1078.2734
561.29156	1078.8503
561.34332	1065.3218
561.39508	1067.3413
561.44684	1058.3748
561.49866	1078.6495
561.55042	1076.0282
561.60217	1065.5511
561.65393	1061.4934
561.70575	1062.1912
561.75751	1065.2379
561.80927	1079.5908
561.86108	1086.146
561.91284	1080.0948
561.9646	1073.7916
562.01636	1071.6676
562.06818	1082.3959
562.11993	1074.4298
562.17169	1065.5753
562.22345	1059.2618
562.27527	1062.2191
562.32703	1067.0768
562.37878	1058.1219
562.4306	1068.374
562.48236	1064.8723
562.53412	1056.6583
562.58588	1050.7509
562.6377	1062.8214
562.68945	1073.0989
562.74121	1059.4255
562.79297	1048.0682
562.84479	1052.6719
562.89655	1059.6169
562.9483	1053.2268
563.00012	1039.4154
563.05188	1045.4465
563.10364	1052.6703
563.1554	1057.0892
563.20721	1049.2184
563.25897	1041.4951
563.31073	1044.0328
563.36249	1047.6177
563.41431	1047.2649
563.46606	1046.9445
563.51782	1049.5459
563.56964	1052.0131
563.6214	1055.5337
563.67316	1055.8226
563.72491	1046.2378
563.77673	1037.032
563.82849	1037.5282
563.88025	1031.4493
563.93201	1041.5538
563.98383	1052.4515
564.03558	1042.2446
564.08734	1028.8691
564.13916	1028.0789
564.19092	1034.1064
564.24268	1040.4917
564.29443	1034.286
564.34625	1034.9421
564.39801	1044.5767
564.44977	1039.5841
564.50153	1034.8914
564.55334	1031.2526
564.6051	1037.0968
564.65686	1037.2778
564.70868	1042.4578
564.76044	1031.8353
564.81219	1046.6952
564.86395	1029.4403
564.91577	1021.6166
564.96753	1019.6083
565.01929	1027.0022
565.07104	1025.844
565.12286	1026.1982
565.17462	1017.3304
565.22638	1019.1773
565.2782	1026.6252
565.32996	1014.5107
565.38171	1023.9269
565.43347	1015.1051
565.48529	1020.4109
565.53705	1018.8233
565.58881	1026.1671
565.64056	1024.5071
565.69238	1043.2279
565.74414	1026.8173
565.7959	1021.4856
565.84772	1014.8039
565.89948	1023.0142
565.95123	1015.6166
566.00299	1030.2506
566.05481	1022.2381
566.10657	1014.4365
566.15833	1025.7495
566.21008	1014.839
566.2619	1017.3885
566.31366	1022.495
566.36542	1010.8109
566.41724	1020.1815
566.46899	1016.6988
566.52075	1020.6085
566.57251	1022.6037
566.62433	1009.065
566.67609	1022.0806
566.72784	1027.8448
566.7796	1018.6469
566.83142	1014.3313
566.88318	1010.3527
566.93494	1010.509
566.98676	1010.5347
567.03851	1009.6176
567.09027	1018.0084
567.14203	1011.4515
567.19385	1017.064
567.24561	1020.5737
567.29736	1020.0865
567.34912	1016.9438
567.40094	1008.387
567.4527	1016.119
567.50446	1020.7955
567.55627	1018.5043
567.60803	1013.3927
567.65979	1011.5436
567.71155	1018.5076
567.76337	1021.1091
567.81512	1015.4526
567.86688	1014.1774
567.91864	1001.6644
567.97046	1007.5975
568.02222	1011.4969
568.07397	1012.1039
568.12579	1007.4633
568.17755	1019.4592
568.22931	1018.2468
568.28107	1013.9063
568.33289	1006.8598
568.38464	1008.3026
568.4364	1004.3218
568.48816	1003.3081
568.53998	1008.1108
568.59174	1014.3792
568.64349	1016.2505
568.69531	1016.0621
568.74707	1023.0455
568.79883	1022.6353
568.85059	1010.4025
568.9024	1002.6671
568.95416	1010.8632
569.00592	1013.3952
569.05768	997.71021
569.1095	992.80566
569.16125	1008.544
569.21301	1010.0039
569.26483	1013.9391
569.31659	1020.5162
569.36835	1018.2924
569.4201	1019.497
569.47192	1015.298
569.52368	1008.7966
569.57544	1011.3904
569.6272	1013.0458
569.67902	1011.0427
569.73077	1011.5056
569.78253	1012.5007
569.83435	1013.6888
569.88611	1006.629
569.93787	998.12866
569.98962	1000.7715
570.04144	1003.7912
570.0932	1000.1986
570.14496	995.7854
570.19672	1007.6127
570.24854	1014.8133
570.30029	1004.9109
570.35205	999.43738
570.40387	1003.437
570.45563	1010.15
570.50739	1004.2866
570.55914	1011.3145
570.61096	1014.723
570.66272	1011.735
570.71448	1009.9153
570.76624	1005.4836
570.81805	1008.413
570.86981	1002.5
570.92157	1009.3428
570.97339	1009.1042
571.02515	1005.1005
571.0769	1013.9031
571.12866	1010.948
571.18048	1002.5579
571.23224	1001.6834
571.284	1005.3458
571.33575	1007.9541
571.38757	1013.3953
571.43933	1006.2733
571.49109	1008.2432
571.54291	1006.3685
571.59467	993.83435
571.64642	993.88477
571.69818	1002.7956
571.75	1010.8377
571.80176	1001.8887
571.85352	1008.6741
571.90527	1015.4221
571.95709	1012.3972
572.00885	1002.3787
572.06061	998.34912
572.11243	1000.3054
572.16418	1003.686
572.21594	997.46484
572.2677	997.62061
572.31952	1005.2878
572.37128	1002.7906
572.42303	1002.2697
572.47479	1018.2316
572.52661	1009.9226
572.57837	1008.2615
572.63013	998.94092
572.68195	998.83643
572.7337	1005.6985
572.78546	1018.6909
572.83722	991.84406
572.88904	1003.2137
572.9408	996.96124
572.99255	1000.3731
573.04431	1000.31
573.09613	992.84601
573.14789	1001.7679
573.19965	1012.6533
573.25146	987.36047
573.30322	993.58179
573.35498	1000.0383
573.40674	1000.7371
573.45856	1003.1177
573.51031	1002.2872
573.56207	1004.0851
573.61383	1006.9854
573.66565	1007.6476
573.71741	998.53699
573.76917	1004.4588
573.82098	1006.0439
573.87274	997.20667
573.9245	1004.5272
573.97626	1006.0403
574.02808	1006.0867
574.07983	1011.6904
574.13159	1002.6972
574.18335	994.66296
574.23517	1003.6579
574.28693	1004.6786
574.33868	990.81445
574.3905	998.27094
574.44226	992.3114
574.49402	1006.2216
574.54578	1003.5316
574.5976	1005.1082
574.64935	1005.5207
574.70111	1009.6979
574.75287	1004.3093
574.80469	992.02039
574.85645	1009.7592
574.9082	1009.1862
574.96002	1000.1089
575.01178	1008.5436
575.06354	1004.9678
575.1153	1003.0115
575.16711	1006.8647
575.21887	1007.5452
575.27063	1010.0638
575.32239	1008.4344
575.37421	1000.6418
575.42596	1005.5787
575.47772	1001.0446
575.52954	994.14844
575.5813	994.98438
575.63306	993.5094
575.68481	1002.2278
575.73663	998.58557
575.78839	991.685
575.84015	1000.373
575.89191	997.94904
575.94373	1001.4004
575.99548	997.37207
576.04724	993.64429
576.09906	999.79718
576.15082	1011.2765
576.20258	1007.0481
576.25433	1004.882
576.30615	1009.313
576.35791	1001.7581
576.40967	995.70654
576.46143	1003.0762
576.51324	1005.6334
576.565	990.78918
576.61676	988.86432
576.66858	995.56885
576.72034	1000.028
576.77209	1008.1549
576.82385	1003.4822
576.87567	1001.2823
576.92743	1004.8172
576.97919	1004.7105
577.03094	1002.2057
577.08276	993.69507
577.13452	998.81702
577.18628	1004.159
577.2381	997.97211
577.28986	1001.0333
577.34161	1005.1698
577.39337	1002.5527
577.44519	992.73499
577.49695	985.17902
577.54871	992.21283
577.60046	1000.5063
577.65228	1001.4854
577.70404	1002.4647
577.7558	992.15814
577.80762	984.60278
577.85938	997.39313
577.91113	997.45514
577.96289	1003.7256
578.01471	1003.4484
578.06647	1004.3347
578.11823	998.0766
578.16998	998.48499
578.2218	1002.9308
578.27356	997.63251
578.32532	994.33453
578.37714	1003.3376
578.42889	1010.0746
578.48065	993.59601
578.53241	989.51813
578.58423	995.49475
578.63599	1003.3117
578.68774	1005.0901
578.7395	1009.6481
578.79132	1008.6098
578.84308	1003.4041
578.89484	991.48114
578.94666	989.86206
578.99841	1004.5176
579.05017	999.41925
579.10193	996.08881
579.15375	1000.2688
579.20551	1000.6185
579.25726	990.44531
579.30902	1003.5529
579.36084	1011.8339
579.4126	1005.3617
579.46436	1001.0039
579.51617	1002.3129
579.56793	992.47821
579.61969	1006.043
579.67145	1001.2084
579.72327	989.08746
579.77502	987.35486
579.82678	977.39624
579.87854	995.08331
579.93036	1012.8101
579.98212	997.81805
580.03387	994.1897
580.08569	999.51825
580.13745	995.59796
580.18921	991.1286
580.24097	1010.4717
580.29279	1001.277
580.34454	994.55939
580.3963	987.66089
580.44806	1008.747
580.49988	995.02094
580.55164	998.83954
580.60339	1007.6876
580.65521	1006.3006
580.70697	1006.8499
580.75873	997.74207
580.81049	998.13544
580.8623	995.87762
580.91406	1002.9617
580.96582	990.56476
581.01758	982.32166
581.0694	1008.1294
581.12115	998.66779
581.17291	992.18317
581.22473	1000.4523
581.27649	998.62592
581.32825	1011.2037
581.38	1001.404
581.43182	1001.5186
581.48358	1002.9569
581.53534	1008.7022
581.5871	999.09167
581.63892	1000.3562
581.69067	993.47565
581.74243	998.97485
581.79425	998.51685
581.84601	994.7616
581.89777	998.04901
581.94952	996.58612
582.00134	1004.4702
582.0531	1001.3464
582.10486	1002.6275
582.15662	998.42645
582.20844	992.56323
582.26019	999.21368
582.31195	997.69788
582.36377	1005.0209
582.41553	1005.4115
582.46729	1003.5537
582.51904	1001.1288
582.57086	1006.5883
582.62262	996.88831
582.67438	995.10767
582.72614	1005.4458
582.77795	994.6142
582.82971	988.81573
582.88147	984.9184
582.93323	998.50647
582.98505	998.53748
583.0368	996.41058
583.08856	991.37787
583.14038	998.23547
583.19214	1003.255
583.2439	993.68201
583.29565	1003.4675
583.34747	1010.5353
583.39923	1012.2454
583.45099	1005.0194
583.50275	991.72827
583.55457	995.6676
583.60632	999.53064
583.65808	1001.0092
583.7099	1002.8468
583.76166	1000.5378
583.81342	998.31659
583.86517	996.10571
583.91699	987.31799
583.96875	993.88397
584.02051	1003.1394
584.07227	1000.5264
584.12408	999.987
584.17584	999.771
584.2276	1004.9357
584.27942	1005.1022
584.33118	1008.3314
584.38293	994.42883
584.43469	988.94025
584.48651	999.02643
584.53827	1002.0881
584.59003	992.013
584.64178	993.85266
584.6936	995.96143
584.74536	999.85455
584.79712	996.08234
584.84894	995.53015
584.9007	986.36041
584.95245	992.56653
585.00421	1005.5916
585.05603	1004.8155
585.10779	1008.6152
585.15955	1005.5248
585.2113	1005.9825
585.26312	1009.0641
585.31488	1004.6004
585.36664	1003.8943
585.41846	997.45062
585.47021	991.73944
585.52197	996.19165
585.57373	998.3205
585.62555	996.31622
585.67731	996.41534
585.72906	997.0885
585.78082	992.96075
585.83264	996.22736
585.8844	1005.0862
585.93616	992.99365
585.98798	987.72919
586.03973	997.74799
586.09149	996.31201
586.14325	994.94067
586.19507	997.414
586.24683	1000.3618
586.29858	996.3396
586.35034	990.37207
586.40216	990.70416
586.45392	991.96423
586.50568	994.3587
586.5575	999.95386
586.60925	1002.4294
586.66101	995.1358
586.71277	992.36194
586.76459	993.76593
586.81635	992.47021
586.8681	992.5249
586.91986	1004.0465
586.97168	1009.2839
587.02344	1004.0715
587.0752	999.57251
587.12701	998.69458
587.17877	995.94812
587.23053	997.66229
587.28229	998.14374
587.33411	995.90186
587.38586	997.0965
587.43762	998.34808
587.48938	1003.0984
587.5412	1001.2045
587.59296	1000.2481
587.64471	999.75183
587.69653	1003.2777
587.74829	999.26251
587.80005	998.27899
587.85181	1002.1217
587.90363	995.31091
587.95538	993.1178
588.00714	1000.3254
588.0589	999.27533
588.11072	992.76611
588.16248	994.56989
588.21423	993.31097
588.26605	991.29321
588.31781	990.1261
588.36957	1002.5462
588.42133	1005.8232
588.47314	1001.7688
588.5249	993.48413
588.57666	996.57141
588.62842	1000.9924
588.68024	993.36603
588.73199	985.11609
588.78375	1000.004
588.83557	995.92859
588.88733	985.65118
588.93909	993.5293
588.99084	996.94666
589.04266	998.7616
589.09442	1002.2237
589.14618	993.23535
589.19794	995.58124
589.24976	998.60132
589.30151	994.06866
589.35327	993.72699
589.40509	991.42358
589.45685	998.84259
589.50861	995.95319
589.56036	999.66577
589.61218	997.88336
589.66394	1008.0123
589.7157	991.18207
589.76746	993.91553
589.81927	997.38403
589.87103	997.87891
589.92279	996.66278
589.97461	998.71094
590.02637	998.63879
590.07813	1010.0178
590.12988	994.27509
590.1817	992.94672
590.23346	998.90613
590.28522	1002.0139
590.33698	989.02148
590.38879	994.21863
590.44055	987.31152
590.49231	1005.7442
590.54413	989.28168
590.59589	999.29114
590.64764	996.66919
590.6994	990.40649
590.75122	998.01141
590.80298	990.43787
590.85474	1006.3359
590.90649	1014.5492
590.95831	999.48102
591.01007	999.44678
591.06183	989.4715
591.11365	1008.8694
591.16541	988.72565
591.21716	994.84204
591.26892	1002.3976
591.32074	995.22321
591.3725	994.05322
591.42426	998.75592
591.47601	988.43024
591.52783	1003.5151
591.57959	984.76361
591.63135	985.88031
591.68317	991.25281
591.73492	993.29883
591.78668	998.00293
591.83844	988.76172
591.89026	995.5257
591.94202	984.13373
591.99377	984.62372
592.04553	986.60071
592.09735	1005.0195
592.14911	988.18976
592.20087	987.06982
592.25269	990.00085
592.30444	991.01111
592.3562	996.39441
592.40796	994.06445
592.45978	998.35895
592.51154	999.43988
592.56329	998.80157
592.61505	984.30762
592.66687	986.7912
592.71863	987.89148
592.77039	1001.4372
592.8222	989.29797
592.87396	986.13788
592.92572	991.09766
592.97748	994.61053
593.0293	989.72986
593.08105	997.83154
593.13281	1003.015
593.18457	995.60608
593.23639	996.09717
593.28815	1001.59
593.3399	995.60602
593.39172	994.82391
593.44348	991.66217
593.49524	978.79834
593.547	992.92523
593.59882	989.948
593.65057	993.91455
593.70233	1004.9251
593.75409	1003.9252
593.80591	995.80609
593.85767	993.02161
593.90942	992.38336
593.96124	988.93311
594.013	986.54425
594.06476	995.12
594.11652	998.33179
594.16833	997.28986
594.22009	992.15289
594.27185	992.96246
594.32361	987.35724
594.37543	984.87115
594.42719	995.21521
594.47894	989.04907
594.53076	991.008
594.58252	992.07477
594.63428	990.57928
594.68604	993.53387
594.73785	997.76093
594.78961	1003.397
594.84137	1001.4678
594.89313	994.38525
594.94495	993.41101
594.9967	992.97119
595.04846	992.79547
595.10028	981.53516
595.15204	992.03235
595.2038	993.86206
595.25555	992.99158
595.30737	993.85468
595.35913	994.26782
595.41089	990.33063
595.46265	996.06543
595.51447	994.32233
595.56622	992.42932
595.61798	989.30469
595.6698	992.47241
595.72156	996.03125
595.77332	999.81104
595.82507	999.66016
595.87689	988.32397
595.92865	998.62872
595.98041	995.27014
596.03217	986.68518
596.08398	985.87494
596.13574	996.77863
596.1875	990.41608
596.23932	982.02039
596.29108	994.69934
596.34283	994.4837
596.39459	994.43146
596.44641	991.24432
596.49817	988.58282
596.54993	990.09161
596.60168	997.19281
596.6535	994.46045
596.70526	988.00781
596.75702	1001.1236
596.80884	990.80286
596.8606	991.37714
596.91235	980.05878
596.96411	1001.5653
597.01593	999.24017
597.06769	984.28204
597.11945	980.99518
597.1712	994.50299
597.22302	987.08923
597.27478	990.12842
597.32654	995.81348
597.37836	998.21381
597.43011	1004.1118
597.48187	996.81476
597.53363	986.16846
597.58545	985.75726
597.63721	992.125
597.68896	996.96027
597.74072	987.41498
597.79254	983.16882
597.8443	996.48212
597.89606	1009.5725
597.94788	1006.4691
597.99963	1001.6893
598.05139	993.9303
598.10315	993.23853
598.15497	995.22131
598.20673	990.95398
598.25848	997.24805
598.31024	986.51166
598.36206	991.59967
598.41382	994.66266
598.46558	993.87286
598.5174	992.68024
598.56915	993.93732
598.62091	999.48108
598.67267	1000.03
598.72449	999.54608
598.77625	990.4635
598.828	986.03503
598.87976	993.31549
598.93158	991.45105
598.98334	1004.3301
599.0351	996.80334
599.08691	989.48315
599.13867	990.88892
599.19043	992.81281
599.24219	995.08917
599.29401	997.76147
599.34576	993.9165
599.39752	990.47357
599.44928	990.39594
599.5011	995.55145
599.55286	999.11902
599.60461	996.74347
599.65643	989.17499
599.70819	990.90363
599.75995	995.87122
599.81171	993.06604
599.86353	989.60919
599.91528	995.07141
599.96704	1006.4584
600.0188	1004.6796
600.07062	999.38507
600.12238	994.10699
600.17413	990.5033
600.22595	992.49493
600.27771	990.41431
600.32947	994.27875
600.38123	993.71191
600.43304	993.82892
600.4848	994.01392
600.53656	990.12335
600.58832	993.7323
600.64014	991.54443
600.69189	1002.1786
600.74365	1007.2039
600.79547	1001.5245
600.84723	995.92657
600.89899	991.55634
600.95074	982.2605
601.00256	982.85925
601.05432	992.7179
601.10608	994.61243
601.15784	995.49707
601.20966	997.10809
601.26141	1001.0399
601.31317	1003.0699
601.36499	991.93701
601.41675	994.02295
601.46851	996.40759
601.52026	989.97571
601.57208	991.93005
601.62384	997.50836
601.6756	992.15247
601.72736	989.80658
601.77917	992.71204
601.83093	1005.3202
601.88269	994.85468
601.93451	991.50543
601.98627	992.16162
602.03802	982.93597
602.08978	987.97754
602.1416	994.39935
602.19336	991.36304
602.24512	996.17078
602.29688	999.68823
602.34869	987.54999
602.40045	995.56494
602.45221	996.67279
602.50403	993.53009
602.55579	996.37958
602.60754	1000.2277
602.6593	1000.79
602.71112	998.71997
602.76288	993.4278
602.81464	987.46423
602.86639	988.36224
602.91821	996.3877
602.96997	997.86005
603.02173	994.42993
603.07355	1000.5298
603.12531	999.54163
603.17706	990.867
603.22882	982.40521
603.28064	991.73785
603.3324	1004.2251
603.38416	972.46124
603.43591	983.34662
603.48773	992.57086
603.53949	987.11072
603.59125	988.63098
603.64307	990.72925
603.69482	993.93817
603.74658	983.1106
603.79834	985.92407
603.85016	997.1228
603.90192	1000.7757
603.95367	992.57904
604.00543	996.91608
604.05725	991.56763
604.10901	1002.983
604.16077	1000.4947
604.21259	993.0639
604.26434	996.914
604.3161	989.6427
604.36786	988.50415
604.41968	976.88452
604.47144	1006.7172
604.52319	993.18921
604.57495	991.51892
604.62677	997.59021
604.67853	986.72021
604.73029	995.26245
604.7821	994.10895
604.83386	978.33197
604.88562	989.72797
604.93738	1001.8332
604.9892	996.19
605.04095	986.49005
605.09271	989.89594
605.14447	996.18628
605.19629	977.62659
605.24805	984.53473
605.2998	999.80573
605.35162	995.04382
605.40338	986.66669
605.45514	978.21307
605.5069	981.56683
605.55872	986.19623
605.61047	979.84784
605.66223	981.31519
605.71399	986.43097
605.76581	1000.8578
605.81757	995.41949
605.86932	982.56488
605.92114	984.69824
605.9729	979.17236
606.02466	990.38971
606.07642	977.49524
606.12823	983.37506
606.17999	989.0954
606.23175	985.3089
606.28351	989.58228
606.33533	989.51178
606.38708	993.37231
606.43884	988.95746
606.49066	985.04681
606.54242	988.401
606.59418	988.07013
606.64594	987.02014
606.69775	983.6662
606.74951	988.74866
606.80127	988.91418
606.85303	989.2652
606.90485	984.68262
606.9566	980.99481
607.00836	988.53925
607.06018	984.92578
607.11194	986.72437
607.1637	985.03583
607.21545	986.15308
607.26727	978.37238
607.31903	979.18665
607.37079	985.88483
607.42255	999.95526
607.47437	998.00085
607.52612	989.08148
607.57788	987.15167
607.6297	985.79785
607.68146	987.89001
607.73322	987.716
607.78497	994.12732
607.83679	992.20056
607.88855	990.27393
607.94031	985.60742
607.99207	982.84851
608.04388	992.05798
608.09564	989.02173
608.1474	987.94354
608.19922	985.90161
608.25098	987.98987
608.30273	989.16443
608.35449	983.14154
608.40631	989.08734
608.45807	987.30585
608.50983	978.75043
608.56158	981.44391
608.6134	988.66467
608.66516	986.17358
608.71692	981.30316
608.76874	975.5379
608.8205	982.88647
608.87225	992.38928
608.92401	988.25366
608.97583	982.81268
609.02759	979.81073
609.07935	986.15485
609.1311	985.95654
609.18292	980.97955
609.23468	987.57483
609.28644	994.73419
609.33826	985.77722
609.39001	984.27179
609.44177	984.64557
609.49353	981.40259
609.54535	983.83521
609.59711	983.88281
609.64886	984.54712
609.70062	983.63959
609.75244	980.9353
609.8042	980.23743
609.85596	982.06543
609.90778	980.24292
609.95953	978.89911
610.01129	973.9021
610.06305	970.35651
610.11487	980.52014
610.16663	994.00507
610.21838	988.96722
610.27014	987.35413
610.32196	993.76385
610.37372	988.39508
610.42548	985.84387
610.47729	979.71832
610.52905	982.98828
610.58081	988.6347
610.63257	982.53186
610.68439	984.62457
610.73615	987.86285
610.7879	987.74939
610.83966	988.50354
610.89148	990.19183
610.94324	981.87891
610.995	973.62604
611.04681	971.97162
611.09857	985.15796
611.15033	988.50482
611.20209	988.02167
611.25391	980.29413
611.30566	981.49786
611.35742	987.92957
611.40918	984.83185
611.461	982.89746
611.51276	995.24634
611.56451	985.46759
611.61633	994.21411
611.66809	988.52283
611.71985	974.71552
611.77161	977.52136
611.82343	980.45245
611.87518	980.89288
611.92694	986.56177
611.9787	988.3963
612.03052	981.53595
612.08228	981.00366
612.13403	973.83789
612.18585	984.62518
612.23761	985.78192
612.28937	971.23962
612.34113	980.69592
612.39294	988.16046
612.4447	985.40387
612.49646	986.0166
612.54822	995.60962
612.60004	990.12219
612.65179	991.56024
612.70355	980.76788
612.75537	975.82477
612.80713	981.29852
612.85889	985.22791
612.91064	999.67017
612.96246	984.4931
613.01422	984.4931
613.06598	984.4931
613.11774	1010.685
613.16956	987.59686
613.22131	982.82416
613.27307	985.64618
613.32489	991.91699
613.37665	995.25952
613.42841	991.41315
613.48016	995.62592
613.53198	995.28571
613.58374	983.20355
613.6355	985.2724
613.68726	988.02295
613.73907	976.70435
613.79083	969.04034
613.84259	980.00635
613.89441	978.12231
613.94617	979.60016
613.99792	980.59357
614.04968	981.72333
614.1015	989.94946
614.15326	981.57397
614.20502	982.60907
614.25677	990.07587
614.30859	998.53656
614.36035	983.16278
614.41211	977.12134
614.46393	978.52808
614.51569	988.83899
614.56744	980.25641
614.6192	981.5036
614.67102	976.21863
614.72278	980.37708
614.77454	974.78284
614.82629	987.44263
614.87811	984.22736
614.92987	976.45331
614.98163	961.8855
615.03345	979.35126
615.08521	970.70398
615.13696	996.5567
615.18872	981.84186
615.24054	980.5188
615.2923	987.40955
615.34406	985.27057
615.39581	985.92267
615.44763	984.64966
615.49939	993.53528
615.55115	992.25995
615.60297	984.396
615.65472	985.72852
615.70648	985.99933
615.75824	985.55554
615.81006	973.19147
615.86182	991.19092
615.91357	982.22888
615.96533	991.75775
616.01715	986.57819
616.06891	985.0545
616.12067	985.83783
616.17249	991.51587
616.22424	975.95441
616.276	979.72711
616.32776	986.01172
616.37958	980.69824
616.43134	973.22742
616.48309	982.74091
616.53485	991.97375
616.58667	989.76691
616.63843	995.08789
616.69019	983.03333
616.742	983.59839
616.79376	980.82654
616.84552	976.74408
616.89728	970.7594
616.9491	973.81592
617.00085	974.5495
617.05261	980.73669
617.10437	992.23163
617.15619	981.28711
617.20795	979.3761
617.2597	977.23035
617.31152	979.88965
617.36328	978.63501
617.41504	979.83185
617.4668	972.84937
617.51862	978.34149
617.57037	984.6712
617.62213	987.0387
617.67389	990.39001
617.72571	979.58655
617.77747	981.29828
617.82922	976.45105
617.88104	979.00726
617.9328	984.53058
617.98456	979.76886
618.03632	987.82031
618.08813	982.2536
618.13989	980.17456
618.19165	977.71002
618.24341	972.52228
618.29523	976.49188
618.34698	977.84296
618.39874	979.12061
618.45056	982.64624
618.50232	975.98669
618.55408	985.35614
618.60583	984.57996
618.65765	977.99255
618.70941	984.11676
618.76117	982.51617
618.81293	982.19904
618.86475	981.71021
618.9165	976.24902
618.96826	975.17462
619.02008	975.53369
619.07184	981.84778
619.1236	975.03003
619.17535	971.28015
619.22717	982.25519
619.27893	983.08118
619.33069	983.82617
619.38245	975.14624
619.43427	975.10406
619.48602	985.69281
619.53778	977.44391
619.5896	977.85101
619.64136	980.99408
619.69312	977.39142
619.74487	980.685
619.79669	981.41272
619.84845	978.32416
619.90021	978.21918
619.95197	983.87079
620.00378	980.81921
620.05554	979.54889
620.1073	987.36694
620.15912	986.08087
620.21088	984.62238
620.26263	986.30798
620.31439	983.73334
620.36621	982.37201
620.41797	981.67102
620.46973	982.48541
620.52148	983.79712
620.5733	984.35052
620.62506	981.75092
620.67682	980.11615
620.72864	980.78839
620.7804	978.33826
620.83215	975.20251
620.88391	982.07666
620.93573	983.43604
620.98749	980.63879
621.03925	978.57153
621.091	976.85095
621.14282	979.57788
621.19458	981.54816
621.24634	976.58057
621.29816	974.09296
621.34991	980.08435
621.40167	977.16565
621.45343	978.58423
621.50525	987.01233
621.55701	987.005
621.60876	984.5108
621.66052	980.53442
621.71234	980.9386
621.7641	978.63538
621.81586	974.4408
621.86768	974.55157
621.91943	970.5813
621.97119	971.57306
622.02295	978.07867
622.07477	976.05188
622.12653	973.97577
622.17828	983.58282
622.23004	981.63214
622.28186	977.97076
622.33362	980.83453
622.38538	976.67346
622.43719	975.86066
622.48895	971.2973
622.54071	969.94287
622.59247	982.02496
622.64429	984.00867
622.69604	974.11652
622.7478	982.86682
622.79956	988.90222
622.85138	979.45221
622.90314	972.40601
622.9549	976.4823
623.00671	978.30591
623.05847	985.59967
623.11023	986.26233
623.16199	981.79626
623.21381	980.20782
623.26556	972.70544
623.31732	975.60388
623.36908	978.48584
623.4209	979.27362
623.47266	978.07471
623.52441	976.97253
623.57623	981.79633
623.62799	989.0791
623.67975	981.9375
623.73151	973.90125
623.78333	976.46796
623.83508	977.11279
623.88684	977.89746
623.9386	976.27643
623.99042	977.7121
624.04218	982.45093
624.09393	985.38672
624.14575	992.15576
624.19751	995.26196
624.24927	986.67865
624.30103	982.67535
624.35284	969.60156
624.4046	976.86481
624.45636	983.80847
624.50812	977.63928
624.55994	971.7182
624.61169	984.16339
624.66345	983.88733
624.71527	980.30408
624.76703	977.72345
624.81879	972.97864
624.87054	980.45514
624.92236	982.28284
624.97412	975.80316
625.02588	973.70929
625.07764	981.91913
625.12946	980.85529
625.18121	972.20978
625.23297	966.8974
625.28473	977.63818
625.33655	993.63171
625.38831	985.62469
625.44006	981.336
625.49188	972.54877
625.54364	967.09784
625.5954	964.55914
625.64716	975.42023
625.69897	986.18231
625.75073	974.84418
625.80249	970.75824
625.85425	973.42633
625.90607	972.48761
625.95782	970.05505
626.00958	970.58649
626.0614	979.77789
626.11316	981.93567
626.16492	975.43402
626.21667	972.69763
626.26849	977.07867
626.32025	983.56018
626.37201	978.24567
626.42377	987.5719
626.47559	976.75891
626.52734	977.90662
626.5791	974.03204
626.63092	977.03986
626.68268	972.25842
626.73444	980.61194
626.78619	985.37164
626.83801	982.0318
626.88977	980.88562
626.94153	977.40143
626.99329	976.77502
627.0451	977.01563
627.09686	985.44171
627.14862	995.76483
627.20044	976.75983
627.2522	979.68512
627.30396	985.55573
627.35571	983.45972
627.40753	983.43646
627.45929	972.45166
627.51105	972.02209
627.56281	981.31006
627.61462	977.05005
627.66638	970.72437
627.71814	973.74738
627.76996	982.83356
627.82172	984.48865
627.87347	975.08997
627.92523	980.95313
627.97705	988.96246
628.02881	989.78918
628.08057	980.51318
628.13232	980.1499
628.18414	973.5802
628.2359	978.55115
628.28766	967.98993
628.33948	970.79102
628.39124	973.66101
628.44299	972.76849
628.49475	974.56421
628.54657	977.85498
628.59833	979.87585
628.65009	975.21936
628.70184	979.72528
628.75366	970.96124
628.80542	982.60107
628.85718	986.49603
628.909	981.68848
628.96075	979.00446
629.01251	981.62677
629.06427	981.05548
629.11609	976.58606
629.16785	983.93396
629.2196	984.92419
629.27136	986.30389
629.32318	973.43658
629.37494	979.81024
629.4267	977.18512
629.47852	976.69263
629.53027	971.08124
629.58203	983.8316
629.63379	982.31531
629.68561	978.17242
629.73737	981.58484
629.78912	969.22443
629.84088	980.69202
629.8927	987.53027
629.94446	964.41876
629.99622	976.01599
630.04803	980.70691
630.09979	974.39484
630.15155	974.15894
630.20331	972.50311
630.25513	972.54309
630.30688	982.71356
630.35864	974.97156
630.4104	982.07776
630.46222	973.74597
630.51398	982.82916
630.56573	974.46161
630.61755	977.87305
630.66931	978.30493
630.72107	980.44019
630.77283	978.15057
630.82465	979.79382
630.8764	979.01147
630.92816	977.20825
630.97992	978.60242
631.03174	974.26538
631.0835	976.92139
631.13525	977.284
631.18707	976.98309
631.23883	978.84412
631.29059	986.13116
631.34235	988.3479
631.39417	969.24591
631.44592	975.27405
631.49768	974.90002
631.54944	974.76343
631.60126	971.3985
631.65302	976.39276
631.70477	983.64099
631.75659	982.07855
631.80835	979.2818
631.86011	972.91571
631.91187	980.69794
631.96368	979.81653
632.01544	979.39764
632.0672	976.31226
632.11896	977.89441
632.17078	988.64282
632.22253	979.5744
632.27429	977.80353
632.32611	978.48492
632.37787	983.17725
632.42963	978.18475
632.48138	976.90503
632.5332	975.39496
632.58496	985.60406
632.63672	964.4411
632.68848	971.08136
632.7403	981.35565
632.79205	976.77148
632.84381	970.67682
632.89563	988.98077
632.94739	974.61389
632.99915	981.40918
633.0509	977.70374
633.10272	973.8949
633.15448	984.38196
633.20624	989.20496
633.258	984.21179
633.30981	982.75989
633.36157	975.89215
633.41333	994.31067
633.46515	985.40839
633.51691	981.90912
633.56866	977.9245
633.62042	970.48999
633.67224	973.41937
633.724	980.69891
633.77576	989.88422
633.82751	990.14606
633.87933	979.17139
633.93109	974.80774
633.98285	985.185
634.03467	984.82233
634.08643	985.12952
634.13818	980.2854
634.18994	990.35724
634.24176	986.35425
634.29352	981.81067
634.34528	974.74261
634.39703	994.44714
634.44885	985.10095
634.50061	970.05597
634.55237	984.41882
634.60419	991.44141
634.65594	987.99683
634.7077	981.27063
634.75946	987.15527
634.81128	986.91455
634.86304	988.36572
634.91479	979.90887
634.96655	982.84088
635.01837	989.8172
635.07013	991.05682
635.12189	990.06842
635.17371	993.88196
635.22546	991.35876
635.27722	997.44318
635.32898	985.18768
635.3808	995.58026
635.43256	988.74634
635.48431	984.54736
635.53607	989.17273
635.58789	994.32996
635.63965	990.32642
635.69141	986.4917
635.74323	985.11652
635.79498	989.44409
635.84674	983.03857
635.8985	997.44427
635.95032	989.48218
636.00208	988.06561
636.05383	993.68188
636.10559	1003.4352
636.15741	985.30847
636.20917	992.55548
636.26093	992.50836
636.31274	1001.5084
636.3645	995.55164
636.41626	1004.2209
636.46802	989.87518
636.51984	1003.6252
636.57159	1002.6601
636.62335	992.70166
636.67511	998.99377
636.72693	997.95093
636.77869	1001.9081
636.83044	1004.3539
636.88226	997.12378
636.93402	1006.6846
636.98578	991.14764
637.03754	992.82678
637.08936	1006.186
637.14111	1005.229
637.19287	985.9502
637.24463	995.56586
637.29645	1001.7947
637.34821	1013.569
637.39996	1002.2465
637.45178	999.1864
637.50354	1004.9384
637.5553	997.73615
637.60706	995.25031
637.65887	1006.3153
637.71063	994.1236
637.76239	1004.8101
637.81415	1001.9387
637.86597	1001.1428
637.91772	1006.1801
637.96948	997.37573
638.0213	1000.5175
638.07306	1000.2393
638.12482	1002.1926
638.17657	1003.8715
638.22839	1007.461
638.28015	1013.1894
638.33191	1027.7473
638.38367	1008.7953
638.43549	997.00995
638.48724	1001.6827
638.539	1004.399
638.59082	1016.4572
638.64258	1005.989
638.69434	1007.0975
638.74609	1022.1279
638.79791	1021.0519
638.84967	1003.7856
638.90143	1015.1854
638.95319	1012.8035
639.005	1017.7453
639.05676	998.01129
639.10852	1007.3153
639.16034	1010.8635
639.2121	1017.5087
639.26385	1008.866
639.31561	1012.0078
639.36743	1013.3892
639.41919	1023.478
639.47095	1007.1995
639.52271	1017.2379
639.57452	1016.0464
639.62628	1024.6758
639.67804	1021.8326
639.72986	1019.58
639.78162	1013.0187
639.83337	1022.3575
639.88513	1029.0978
639.93695	1026.1476
639.98871	1026.8131
640.04047	1021.7585
640.09222	1023.8061
640.14404	1024.1146
640.1958	1035.8822
640.24756	1028.619
640.29938	1036.4187
640.35114	1028.7565
640.40289	1032.6765
640.45465	1042.6113
640.50647	1022.5811
640.55823	1029.8373
640.60999	1035.5415
640.66174	1028.8545
640.71356	1022.0937
640.76532	1033.4932
640.81708	1032.4017
640.8689	1044.1943
640.92065	1044.6812
640.97241	1042.2888
641.02417	1034.2292
641.07599	1052.7037
641.12775	1035.9927
641.1795	1040.8424
641.23126	1047.5801
641.28308	1049.729
641.33484	1038.5967
641.3866	1042.7576
641.43842	1049.3335
641.49017	1041.0712
641.54193	1050.2197
641.59369	1051.2428
641.64551	1059.6129
641.69727	1059.354
641.74902	1042.4459
641.80078	1057.4872
641.8526	1061.86
641.90436	1056.873
641.95612	1056.8564
642.00793	1058.8872
642.05969	1062.4744
642.11145	1059.7859
642.16321	1055.3499
642.21503	1059.3459
642.26678	1063.354
642.31854	1070.4783
642.3703	1065.9744
642.42212	1062.8339
642.47388	1074.9486
642.52563	1076.2191
642.57745	1064.9115
642.62921	1075.3551
642.68097	1083.8108
642.73273	1086.8014
642.78455	1090.7546
642.8363	1080.4906
642.88806	1087.2917
642.93982	1084.3951
642.99164	1077.0785
643.0434	1086.8167
643.09515	1103.5353
643.14697	1103.4446
643.19873	1092.9463
643.25049	1100.8657
643.30225	1106.8804
643.35406	1107.3585
643.40582	1107.9458
643.45758	1116.7205
643.50934	1118.5343
643.56116	1118.9021
643.61292	1125.8638
643.66467	1129.0411
643.71649	1130.4762
643.76825	1146.3212
643.82001	1142.3647
643.87177	1138.7299
643.92358	1152.6158
643.97534	1164.0453
644.0271	1155.5936
644.07886	1155.1987
644.13068	1171.1875
644.18243	1178.228
644.23419	1192.9034
644.28601	1192.668
644.33777	1207.6541
644.38953	1210.7794
644.44128	1212.0768
644.4931	1216.361
644.54486	1235.4454
644.59662	1236.9163
644.64838	1242.5258
644.7002	1264.698
644.75195	1265.839
644.80371	1271.554
644.85553	1275.4357
644.90729	1281.4286
644.95905	1275.8179
645.0108	1299.488
645.06262	1315.6929
645.11438	1304.7582
645.16614	1289.0679
645.2179	1311.6506
645.26971	1310.598
645.32147	1316.4445
645.37323	1343.1642
645.42505	1345.5265
645.47681	1367.8597
645.52856	1359.5684
645.58032	1366.4958
645.63214	1367.9272
645.6839	1366.854
645.73566	1409.7404
645.78741	1413.8274
645.83923	1409.1328
645.89099	1427.3208
645.94275	1461.5973
645.99457	1463.8606
646.04633	1470.7109
646.09808	1505.3929
646.14984	1516.6655
646.20166	1531.1982
646.25342	1560.124
646.30518	1580.4695
646.35693	1610.4883
646.40875	1638.3776
646.46051	1676.828
646.51227	1706.8815
646.56409	1708.28
646.61584	1750.8616
646.6676	1797.9513
646.71936	1839.4482
646.77118	1873.3212
646.82294	1890.3856
646.87469	1913.2358
646.92645	1943.9069
646.97827	2003.4475
647.03003	2020.411
647.08179	2045.849
647.13361	2037.9197
647.18536	2029.2032
647.23712	2060.5254
647.28888	2062.7358
647.3407	2032.9279
647.39246	2013.5291
647.44421	2000.8757
647.49597	2023.0249
647.54779	2046.725
647.59955	2018.5125
647.65131	2026.3481
647.70313	2025.3693
647.75488	2057.9841
647.80664	2048.73
647.8584	2083.0696
647.91022	2079.5078
647.96198	2101.26
648.01373	2150.0708
648.06549	2192.5762
648.11731	2242.4958
648.16907	2227.7405
648.22083	2307.5579
648.27264	2307.8586
648.3244	2364.5012
648.37616	2427.4504
648.42792	2460.99
648.47974	2499.1208
648.53149	2546.8269
648.58325	2595.3958
648.63501	2622.9036
648.68683	2679.1785
648.73859	2675.3511
648.79034	2685.1824
648.84216	2700.5085
648.89392	2681.6428
648.94568	2692.0518
648.99744	2715.7029
649.04926	2703.7908
649.10101	2763.6938
649.15277	2756.5337
649.20453	2781.1211
649.25635	2777.4443
649.30811	2837.2495
649.35986	2874.3157
649.41168	2924.1416
649.46344	2927.6343
649.5152	2952.8594
649.56696	2969.6521
649.61877	3007.4126
649.67053	3022.7732
649.72229	3005.6223
649.77405	3110.2341
649.82587	3090.8115
649.87762	3078.4858
649.92938	3055.9688
649.9812	3018.3225
650.03296	3071.2332
650.08472	2993.9868
650.13647	3034.4836
650.18829	2988.2683
650.24005	2972.52
650.29181	2943.3586
650.34357	2977.3225
650.39539	2964.1995
650.44714	2916.0742
650.4989	2962.9641
650.55072	2938.9204
650.60248	2969.603
650.65424	2930.2151
650.70599	2978.2063
650.75781	3017.0339
650.80957	3122.0081
650.86133	3081.468
650.91309	3119.0701
650.9649	3228.1821
651.01666	3186.0549
651.06842	3221.4595
651.12024	3265.4873
651.172	3338.3381
651.22375	3408.8088
651.27551	3441.9487
651.32733	3450.8975
651.37909	3512.8555
651.43085	3537.0957
651.4826	3606.2227
651.53442	3640.3423
651.58618	3742.3101
651.63794	3685.2026
651.68976	3805.5342
651.74152	3836.3086
651.79327	3873.0029
651.84503	3881.7119
651.89685	3890.5664
651.94861	4045.738
652.00037	4026.2966
652.05212	4096.2217
652.10394	4086.2937
652.1557	4109.4458
652.20746	4195.064
652.25928	4177.5044
652.31104	4175.9116
652.36279	4242.8003
652.41455	4308.3989
652.46637	4280.1577
652.51813	4350.8667
652.56989	4437.4536
652.62164	4455.5371
652.67346	4455.1753
652.72522	4655.9033
652.77698	4711.5088
652.8288	4704.8281
652.88055	4725.3281
652.93231	4750.9189
652.98407	4847.2148
653.03589	4866.2964
653.08765	4911.9668
653.1394	4877.5083
653.19116	4825.6226
653.24298	4872.5259
653.29474	4806.2329
653.3465	4833.9692
653.39832	4772.8979
653.45007	4723.437
653.50183	4651.1621
653.55359	4577.2368
653.60541	4487.5586
653.65717	4540.9385
653.70892	4438.0239
653.76068	4382.8774
653.8125	4318.6523
653.86426	4296.9473
653.91602	4146.8774
653.96783	4196.4893
654.01959	4176.0449
654.07135	4095.9724
654.12311	4067.7283
654.17493	3979.3247
654.22668	3988.751
654.27844	3908.8745
654.3302	3872.0935
654.38202	3872.5266
654.43378	3861.4355
654.48553	3767.7058
654.53735	3787.26
654.58911	3781.3171
654.64087	3801.3079
654.69263	3771.2913
654.74445	3722.0239
654.7962	3717.1868
654.84796	3724.7395
654.89972	3731.7656
654.95154	3744.0181
655.0033	3744.5642
655.05505	3672.9714
655.10687	3733.3855
655.15863	3729.4241
655.21039	3739.5203
655.26215	3728.1855
655.31396	3784.5051
655.36572	3702.7913
655.41748	3755.3032
655.46924	3717.4348
655.52106	3733.4741
655.57281	3797.3074
655.62457	3812.8401
655.67639	3775.4519
655.72815	3796.0806
655.77991	3787.6934
655.83167	3801.5945
655.88348	3785.2114
655.93524	3785.4556
655.987	3850.1069
656.03876	3778.3677
656.09058	3864.1033
656.14233	3822.0305
656.19409	3866.5547
656.24591	3899.3833
656.29767	3912.2341
656.34943	3891.6917
656.40118	3926.22
656.453	3933.677
656.50476	3901.1748
656.55652	3981.7922
656.60828	3958.969
656.6601	4001.3203
656.71185	3938.6252
656.76361	3973.1279
656.81543	3981.6089
656.86719	3998.1565
656.91895	3967.3311
656.9707	4012.3418
657.02252	4015.158
657.07428	4002.1887
657.12604	4039.9966
657.1778	4060.478
657.22961	4027.719
657.28137	4018.5901
657.33313	4080.594
657.38495	4065.519
657.43671	3975.9023
657.48846	4121.1904
657.54022	4069.0645
657.59204	4112.5898
657.6438	4114.7988
657.69556	4152.2295
657.74731	4160.1147
657.79913	4164.6113
657.85089	4108.3296
657.90265	4098.8989
657.95447	4156.5376
658.00623	4148.9365
658.05798	4142.5449
658.10974	4163.2646
658.16156	4163.7139
658.21332	4159.0029
658.26508	4153.1035
658.31683	4184.5303
658.36865	4154.6445
658.42041	4146.0601
658.47217	4132.4604
658.52399	4132.3643
658.57574	4062.7861
658.6275	4063.554
658.67926	4090.1091
658.73108	4053.0366
658.78284	4087.1079
658.83459	4099.1328
658.88635	4100.0098
658.93817	4114.7964
658.98993	4140.7109
659.04169	4160.5254
659.09351	4161.6118
659.14526	4151.2144
659.19702	4148.6646
659.24878	4212.9067
659.3006	4180.2866
659.35236	4209.0254
659.40411	4210.77
659.45587	4254.6724
659.50769	4279.6372
659.55945	4252.5713
659.61121	4257.9199
659.66302	4309.356
659.71478	4274.0459
659.76654	4264.5439
659.8183	4345.5166
659.87012	4406.6821
659.92188	4366.2505
659.97363	4405.8672
660.02539	4445.7534
660.07721	4441.5366
660.12897	4456.0581
660.18073	4467.333
660.23254	4508.9365
660.2843	4558.4453
660.33606	4538.6709
660.38782	4566.144
660.43964	4569.9883
660.49139	4609.0669
660.54315	4534.0356
660.59491	4635.5142
660.64673	4588.6616
660.69849	4642.71
660.75024	4613.6563
660.80206	4632.061
660.85382	4630.9873
660.90558	4670.4058
660.95734	4661.7266
661.00916	4527.7124
661.06091	4589.126
661.11267	4603.4155
661.16443	4603.9785
661.21625	4656.8022
661.26801	4581.7686
661.31976	4563.9331
661.37158	4531.0215
661.42334	4483.4668
661.4751	4501.9561
661.52686	4450.3911
661.57867	4478.981
661.63043	4432.8545
661.68219	4470.8882
661.73395	4446.2554
661.78577	4349.6792
661.83752	4279.7969
661.88928	4312.4487
661.9411	4296.1372
661.99286	4277.019
662.04462	4214.9307
662.09637	4226.1499
662.14819	4119.1162
662.19995	4125.4707
662.25171	4168.8813
662.30347	4141.0381
662.35529	4148.979
662.40704	4145.5635
662.4588	4104.4287
662.51062	4149.3628
662.56238	4033.3298
662.61414	4078.6528
662.66589	4049.8274
662.71771	4038.7637
662.76947	4008.9419
662.82123	4049.6616
662.87299	3981.2505
662.9248	3993.9031
662.97656	3953.9871
663.02832	3905.5769
663.08014	3937.1331
663.1319	3969.1953
663.18365	3955.4395
663.23541	3902.3984
663.28723	3921.0874
663.33899	3913.6411
663.39075	3906.6194
663.4425	3905.498
663.49432	3895.5762
663.54608	3784.4939
663.59784	3804.3066
663.64966	3869.1016
663.70142	3798.1187
663.75317	3755.6914
663.80493	3789.7563
663.85675	3759.7153
663.90851	3760.4451
663.96027	3689.2004
664.01202	3733.3506
664.06384	3690.6204
664.1156	3637.1023
664.16736	3661.3093
664.21918	3687.9705
664.27094	3600.3279
664.32269	3604.5234
664.37445	3564.6997
664.42627	3542.7339
664.47803	3487.3562
664.52979	3491.9236
664.58154	3480.6631
664.63336	3468.0537
664.68512	3408.2
664.73688	3406.0718
664.7887	3356.7104
664.84045	3316.7891
664.89221	3362.2717
664.94397	3340.8657
664.99579	3275.3027
665.04755	3255.6975
665.0993	3225.5525
665.15106	3215.5872
665.20288	3110.8103
665.25464	3206.6113
665.3064	3145.1494
665.35822	3153.6484
665.40997	3103.8076
665.46173	3100.3396
665.51349	3073.6606
665.56531	3040.4941
665.61707	3036.9919
665.66882	2991.1335
665.72058	3044.3831
665.7724	2954.3889
665.82416	2958.0513
665.87592	2945.9133
665.92773	2953.2815
665.97949	2946.0034
666.03125	2897.4238
666.08301	2868.741
666.13483	2910.3218
666.18658	2884.4541
666.23834	2855.7478
666.2901	2801.9688
666.34192	2834.0222
666.39368	2793.6924
666.44543	2769.7739
666.49725	2771.2261
666.54901	2804.3376
666.60077	2782.8428
666.65253	2788.9531
666.70435	2830.0059
666.7561	2741.6099
666.80786	2708.4893
666.85962	2781.2822
666.91144	2702.8301
666.9632	2664.6929
667.01495	2650.0601
667.06677	2632.7297
667.11853	2668.6204
667.17029	2576.8767
667.22205	2583.8628
667.27386	2545.1475
667.32562	2564.4595
667.37738	2552.4448
667.42914	2498.5811
667.48096	2471.8582
667.53271	2530.5593
667.58447	2449.5142
667.63623	2503.3455
667.68805	2410.6338
667.73981	2340.0847
667.79156	2391.6511
667.84338	2395.3259
667.89514	2342.9126
667.9469	2387.6113
667.99866	2315.78
668.05048	2286.0605
668.10223	2262.9209
668.15399	2287.8101
668.20575	2261.4429
668.25757	2171.6047
668.30933	2176.2656
668.36108	2220.6604
668.4129	2154.853
668.46466	2172.1375
668.51642	2153.5938
668.56818	2105.4143
668.62	2110.8169
668.67175	2075.166
668.72351	2052.0254
668.77527	2030.9799
668.82709	2003.4711
668.87885	2009.8574
668.9306	1961.8994
668.98242	1972.8333
669.03418	1932.3845
669.08594	1938.7139
669.1377	1899.2676
669.18951	1880.7977
669.24127	1870.9587
669.29303	1881.2219
669.34479	1824.085
669.39661	1841.2017
669.44836	1830.2218
669.50012	1852.3665
669.55194	1823.2384
669.6037	1789.9587
669.65546	1769.9604
669.70721	1751.7555
669.75903	1746.9275
669.81079	1729.585
669.86255	1718.4318
669.91431	1669.796
669.96613	1651.4902
670.01788	1640.2552
670.06964	1637.912
670.12146	1653.1851
670.17322	1646.8253
670.22498	1597.3789
670.27673	1609.0106
670.32855	1590.5884
670.38031	1605.1954
670.43207	1578.6787
670.48383	1527.2202
670.53564	1559.8983
670.5874	1497.9683
670.63916	1518.6698
670.69098	1531.2935
670.74274	1505.4042
670.79449	1504.3153
670.84625	1473.2167
670.89807	1479.5553
670.94983	1489.0803
671.00159	1478.7485
671.05334	1483.0376
671.10516	1464.653
671.15692	1445.405
671.20868	1395.5341
671.2605	1390.6721
671.31226	1378.7649
671.36401	1400.141
671.41577	1392.1272
671.46759	1386.9537
671.51935	1355.4144
671.57111	1348.7197
671.62286	1375.033
671.67468	1347.0491
671.72644	1342.2676
671.7782	1321.0566
671.83002	1309.7891
671.88177	1350.2708
671.93353	1318.4298
671.98529	1347.2963
672.03711	1329.4584
672.08887	1319.6039
672.14063	1298.1639
672.19238	1296.9045
672.2442	1271.3268
672.29596	1302.5155
672.34772	1283.0343
672.39954	1286.2501
672.45129	1252.2548
672.50305	1288.7964
672.55481	1276.2717
672.60663	1241.7651
672.65839	1257.751
672.71014	1256.7681
672.7619	1254.8469
672.81372	1262.8278
672.86548	1251.507
672.91724	1238.2528
672.96906	1239.6993
673.02081	1232.7844
673.07257	1233.1752
673.12433	1246.4465
673.17615	1215.2545
673.22791	1204.2303
673.27966	1203.6476
673.33142	1203.7997
673.38324	1210.4023
673.435	1216.52
673.48676	1206.6891
673.53857	1202.0049
673.59033	1206.3695
673.64209	1207.9744
673.69385	1191.0704
673.74567	1184.0402
673.79742	1185.2467
673.84918	1177.3446
673.90094	1182.282
673.95276	1181.3762
674.00452	1167.5231
674.05627	1160.797
674.10809	1167.3396
674.15985	1184.6841
674.21161	1177.6348
674.26337	1161.2655
674.31519	1168.8151
674.36694	1175.4337
674.4187	1170.0056
674.47046	1162.4551
674.52228	1158.651
674.57404	1144.0723
674.62579	1159.8586
674.67761	1138.2612
674.72937	1153.5348
674.78113	1160.2252
674.83289	1142.0488
674.8847	1137.6555
674.93646	1131.1833
674.98822	1147.895
675.03998	1146.7809
675.0918	1128.2789
675.14355	1129.7229
675.19531	1132.3435
675.24713	1120.1097
675.29889	1130.3549
675.35065	1123.1779
675.4024	1129.9149
675.45422	1122.8085
675.50598	1103.0536
675.55774	1106.9779
675.6095	1120.0531
675.66132	1130.7169
675.71307	1116.0402
675.76483	1097.2222
675.81665	1112.9785
675.86841	1107.1725
675.92017	1109.1595
675.97192	1094.321
676.02374	1098.7365
676.0755	1111.4243
676.12726	1104.792
676.17902	1092.2415
676.23083	1099.0844
676.28259	1097.2195
676.33435	1090.6401
676.38617	1083.0706
676.43793	1079.1423
676.48969	1090.6211
676.54144	1079.9205
676.59326	1074.9875
676.64502	1085.4136
676.69678	1086.165
676.74854	1090.2428
676.80035	1094.8453
676.85211	1096.6244
676.90387	1080.9373
676.95569	1084.1311
677.00745	1081.6619
677.0592	1071.5409
677.11096	1078.9138
677.16278	1075.999
677.21454	1067.3796
677.2663	1068.4994
677.31805	1067.8248
677.36987	1069.1371
677.42163	1066.0737
677.47339	1068.0642
677.52521	1074.9348
677.57697	1064.9626
677.62872	1061.4487
677.68048	1063.0748
677.7323	1061.1444
677.78406	1055.5295
677.83582	1056.1118
677.88757	1052.5385
677.93939	1058.2651
677.99115	1051.371
678.04291	1040.2299
678.09473	1048.1173
678.14648	1053.0253
678.19824	1052.5229
678.25	1051.1398
678.30182	1048.4092
678.35358	1049.2004
678.40533	1055.6196
678.45709	1045.89
678.50891	1032.2135
678.56067	1038.5038
678.61243	1039.6456
678.66425	1033.7225
678.716	1038.2241
678.76776	1041.0851
678.81952	1030.3813
678.87134	1028.9015
678.9231	1030.746
678.97485	1032.1874
679.02661	1028.5597
679.07843	1022.9774
679.13019	1022.4791
679.18195	1024.4971
679.23376	1032.0472
679.28552	1028.2905
679.33728	1018.6821
679.38904	1017.225
679.44086	1022.1804
679.49261	1025.1469
679.54437	1030.8702
679.59613	1031.6222
679.64795	1024.5751
679.69971	1021.9108
679.75146	1024.2106
679.80328	1024.8026
679.85504	1017.152
679.9068	1013.884
679.95856	1011.3024
680.01038	1011.0319
680.06213	1009.2466
680.11389	1015.3487
680.16565	1012.4437
680.21747	1015.905
680.26923	1014.1213
680.32098	1007.7971
680.3728	1013.2182
680.42456	1010.4849
680.47632	1005.9114
680.52808	1011.7157
680.5799	1003.6177
680.63165	1005.4538
680.68341	1009.5598
680.73517	1006.0455
680.78699	1007.8116
680.83875	1007.2045
680.8905	999.10004
680.94232	999.31671
680.99408	1000.4293
681.04584	995.85846
681.0976	990.80115
681.14941	995.68365
681.20117	991.36414
681.25293	1002.9729
681.30469	995.66199
681.35651	995.34509
681.40826	1003.8789
681.46002	1004.8507
681.51184	1000.4697
681.5636	992.21881
681.61536	996.39221
681.66711	989.00732
681.71893	982.80585
681.77069	988.12469
681.82245	999.11774
681.87421	995.27637
681.92603	988.63983
681.97778	988.61835
682.02954	986.67212
682.08136	996.16766
682.13312	986.36432
682.18488	989.60059
682.23663	987.16858
682.28845	983.70398
682.34021	978.71698
682.39197	986.1637
682.44373	983.15735
682.49554	975.88068
682.5473	985.21814
682.59906	981.40369
682.65088	978.79462
682.70264	986.04034
682.75439	986.62006
682.80615	985.39453
682.85797	978.08728
682.90973	975.78009
682.96149	980.05688
683.01324	975.16882
683.06506	984.54932
683.11682	977.86169
683.16858	978.52319
683.2204	977.53442
683.27216	978.40619
683.32391	976.60132
683.37567	977.00195
683.42749	966.29456
683.47925	983.93976
683.53101	978.79053
683.58276	977.59186
683.63458	975.52753
683.68634	975.16522
683.7381	970.84302
683.78992	977.9787
683.84167	969.12085
683.89343	977.32349
683.94519	972.04425
683.99701	968.49921
684.04877	967.71399
684.10052	968.55573
684.15228	970.9118
684.2041	967.98602
684.25586	963.10596
684.30762	975.46979
684.35944	978.03632
684.41119	967.06384
684.46295	970.336
684.51471	973.92371
684.56653	968.51678
684.61829	966.26569
684.67004	966.62567
684.7218	967.60425
684.77362	970.52539
684.82538	962.46942
684.87714	958.76294
684.92896	958.64789
684.98071	960.11346
685.03247	962.60291
685.08423	977.46002
685.13605	969.21716
685.18781	960.17523
685.23956	962.65344
685.29132	968.56268
685.34314	956.70099
685.3949	961.58264
685.44666	958.09698
685.49847	956.11304
685.55023	955.45929
685.60199	964.9165
685.65375	959.4859
685.70557	967.24609
685.75732	959.0343
685.80908	956.82703
685.86084	952.00214
685.91266	957.96552
685.96442	961.42114
686.01617	946.05286
686.06799	952.27222
686.11975	964.52515
686.17151	958.26971
686.22327	959.18988
686.27509	955.18066
686.32684	955.52057
686.3786	955.07971
686.43036	958.98126
686.48218	961.01068
686.53394	956.56152
686.58569	956.12494
686.63751	955.50177
686.68927	951.69519
686.74103	951.74878
686.79279	951.09149
686.8446	957.68359
686.89636	949.21417
686.94812	946.66071
686.99988	956.26691
687.0517	953.53131
687.10345	947.96588
687.15521	947.50824
687.20703	956.9281
687.25879	952.08942
687.31055	946.60687
687.3623	956.22052
687.41412	956.94049
687.46588	955.20007
687.51764	946.02832
687.5694	949.93182
687.62122	952.00946
687.67297	950.23254
687.72473	951.23608
687.77655	952.97998
687.82831	952.34576
687.88007	949.86987
687.93182	948.79388
687.98364	958.88373
688.0354	959.17932
688.08716	954.77441
688.13892	948.07794
688.19073	953.7085
688.24249	958.8139
688.29425	956.91211
688.34607	949.40283
688.39783	950.19611
688.44958	957.39355
688.50134	948.35327
688.55316	953.42603
688.60492	955.77551
688.65668	950.72675
688.70844	950.58185
688.76025	949.02197
688.81201	950.57605
688.86377	945.42755
688.91559	945.56891
688.96735	953.92126
689.0191	953.77325
689.07086	949.28912
689.12268	945.03204
689.17444	943.84625
689.2262	950.26947
689.27795	957.72693
689.32977	956.59521
689.38153	952.83893
689.43329	951.7229
689.48511	954.15979
689.53687	950.99152
689.58862	950.10449
689.64038	948.70129
689.6922	951.45715
689.74396	951.21387
689.79572	948.23871
689.84747	945.30017
689.89929	945.83295
689.95105	946.14301
690.00281	948.46045
690.05463	950.91241
690.10638	952.56116
690.15814	946.85638
690.2099	947.46844
690.26172	950.16144
690.31348	948.20679
690.36523	949.99634
690.41699	947.01416
690.46881	953.9433
690.52057	948.3811
690.57233	944.66205
690.62415	947.71307
690.6759	948.66608
690.72766	941.90228
690.77942	944.37012
690.83124	943.89124
690.883	948.38171
690.93475	946.80383
690.98651	943.89355
691.03833	941.22314
691.09009	944.62451
691.14185	947.27429
691.19366	949.52991
691.24542	949.81622
691.29718	948.49933
691.34894	944.05304
691.40076	945.99982
691.45251	943.97174
691.50427	948.94153
691.55603	941.46423
691.60785	945.31964
691.65961	946.19714
691.71136	942.43567
691.76318	947.43384
691.81494	945.26038
691.8667	945.66443
691.91846	947.37634
691.97028	955.27991
692.02203	946.5957
692.07379	942.66296
692.12555	945.87939
692.17737	944.62598
692.22913	945.76099
692.28088	946.31012
692.3327	945.78412
692.38446	940.16223
692.43622	937.13391
692.48798	942.62402
692.53979	939.42517
692.59155	949.95636
692.64331	944.81067
692.69507	946.32141
692.74689	947.53192
692.79865	949.48199
692.8504	952.17004
692.90222	939.18951
692.95398	952.70563
693.00574	943.5235
693.0575	945.72107
693.10931	944.09705
693.16107	939.71869
693.21283	939.74884
693.26459	957.4975
693.31641	944.57977
693.36816	938.86133
693.41992	936.24579
693.47174	938.10999
693.5235	939.13702
693.57526	942.57141
693.62701	951.93951
693.67883	944.8161
693.73059	948.57208
693.78235	931.96289
693.83411	937.05261
693.88593	938.6214
693.93768	934.19727
693.98944	946.99011
694.04126	939.69818
694.09302	944.09863
694.14478	935.67511
694.19653	941.59991
694.24835	932.63409
694.30011	934.61823
694.35187	933.64331
694.40363	951.03302
694.45544	932.61786
694.5072	934.14264
694.55896	939.16791
694.61078	945.47382
694.66254	934.58398
694.71429	933.54688
694.76605	930.65961
694.81787	934.75647
694.86963	942.99939
694.92139	938.85297
694.97314	929.29572
695.02496	937.50793
695.07672	935.05768
695.12848	934.64758
695.1803	936.93079
695.23206	933.20496
695.28381	937.18964
695.33557	940.51758
695.38739	939.32782
695.43915	934.07312
695.49091	934.34406
695.54266	930.47668
695.59448	939.33911
695.64624	944.85645
695.698	941.18677
695.74982	935.23016
695.80157	938.44128
695.85333	936.81458
695.90509	934.1557
695.95691	942.64606
696.00867	930.45563
696.06042	936.6524
696.11218	938.51141
696.164	938.95386
696.21576	944.84662
696.26752	948.76685
696.31934	946.19934
696.37109	948.66162
696.42285	950.62109
696.47461	952.25085
696.52643	955.2558
696.57819	957.43079
696.62994	951.27728
696.6817	945.5874
696.73352	956.12329
696.78528	957.32062
696.83704	955.96863
696.88885	955.27625
696.94061	950.33136
696.99237	958.01068
697.04413	962.0047
697.09595	958.22217
697.14771	956.98199
697.19946	960.04877
697.25122	952.83173
697.30304	948.56628
697.3548	951.3537
697.40656	964.04694
697.45837	960.63965
697.51013	956.5741
697.56189	963.58221
697.61365	960.23187
697.66547	954.63129
697.71722	964.41162
697.76898	960.82574
697.82074	956.51257
697.87256	952.09314
697.92432	956.60205
697.97607	960.00708
698.02789	960.14154
698.07965	969.95221
698.13141	961.04456
698.18317	965.88538
698.23499	958.1665
698.28674	945.7464
698.3385	951.01971
698.39026	957.00018
698.44208	958.60876
698.49384	953.32941
698.54559	955.27484
698.59741	954.10956
698.64917	950.19147
698.70093	949.30017
698.75269	955.97766
698.8045	950.05322
698.85626	950.26501
698.90802	954.00226
698.95978	947.36237
699.0116	947.55286
699.06335	942.2215
699.11511	947.11853
699.16693	945.45776
699.21869	943.10168
699.27045	946.49615
699.3222	948.02863
699.37402	943.47681
699.42578	937.43225
699.47754	936.51678
699.5293	935.40796
699.58112	944.10162
699.63287	940.66913
699.68463	943.52728
699.73645	947.92169
699.78821	943.27087
699.83997	938.31378
699.89172	938.70526
699.94354	932.7207
699.9953	935.33026
700.04706	932.34937
700.09882	937.84338
700.15063	943.1355
700.20239	939.45978
700.25415	940.00934
700.30597	936.6228
700.35773	934.83661
700.40948	931.8335
700.46124	934.56604
700.51306	939.22211
700.56482	939.62878
700.61658	936.90552
700.66833	944.40582
700.72015	937.50446
700.77191	939.39093
700.82367	937.54529
700.87549	933.36072
700.92725	935.20465
700.979	935.74139
701.03076	934.72113
701.08258	936.85242
701.13434	938.56653
701.1861	933.88019
701.23785	934.02722
701.28967	933.23895
701.34143	934.30988
701.39319	932.78082
701.44501	934.07196
701.49677	931.31403
701.54852	932.87323
701.60028	929.22736
701.6521	929.27673
701.70386	926.21533
701.75562	928.29883
701.80737	935.61566
701.85919	934.86029
701.91095	934.40985
701.96271	931.25226
702.01453	929.70776
702.06628	932.35461
702.11804	928.33685
702.1698	926.40454
702.22162	931.25507
702.27338	930.26367
702.32513	933.33209
702.37689	930.91248
702.42871	932.64813
702.48047	935.97046
702.53223	930.27692
702.58405	923.08948
702.6358	923.46655
702.68756	927.76355
702.73932	930.52399
702.79114	931.90179
702.8429	928.65533
702.89465	929.27844
702.94641	930.29321
702.99823	929.7735
703.04999	928.28424
703.10175	927.97723
703.15356	923.32635
703.20532	926.38312
703.25708	927.24506
703.30884	926.94794
703.36066	929.10803
703.41241	927.38208
703.46417	929.94342
703.51593	929.45233
703.56775	925.5509
703.61951	928.78986
703.67126	931.31396
703.72308	926.30347
703.77484	925.34399
703.8266	929.30212
703.87836	931.35645
703.93018	933.29205
703.98193	933.3067
704.03369	935.11426
704.08545	930.74677
704.13727	926.06775
704.18903	929.47119
704.24078	928.80475
704.2926	924.94531
704.34436	922.93451
704.39612	926.69244
704.44788	929.68945
704.49969	927.62354
704.55145	925.95227
704.60321	925.22772
704.65497	928.13177
704.70679	929.36108
704.75854	929.65173
704.8103	927.60193
704.86212	926.66101
704.91388	925.73114
704.96564	920.94385
705.0174	924.43274
705.06921	925.78912
705.12097	926.38947
705.17273	928.28015
705.22449	926.94513
705.27631	924.73999
705.32806	929.22986
705.37982	926.85736
705.43164	928.16272
705.4834	931.58893
705.53516	927.83026
705.58691	924.17511
705.63873	925.37622
705.69049	925.15363
705.74225	928.67352
705.79401	924.38837
705.84583	921.59601
705.89758	925.24835
705.94934	931.93158
706.00116	932.75098
706.05292	925.8468
706.10468	929.03784
706.15643	929.86816
706.20825	928.91553
706.26001	934.7876
706.31177	930.45038
706.36353	928.45654
706.41534	923.97522
706.4671	925.79352
706.51886	930.24744
706.57068	923.50928
706.62244	926.15656
706.67419	927.29987
706.72595	931.26263
706.77777	930.3147
706.82953	924.21741
706.88129	925.71527
706.93304	933.21613
706.98486	929.74347
707.03662	924.46942
707.08838	929.43622
707.1402	927.54126
707.19196	929.4295
707.24371	927.26691
707.29547	925.96295
707.34729	925.06744
707.39905	927.20209
707.45081	925.078
707.50256	924.33911
707.55438	929.52582
707.60614	929.22791
707.6579	925.19678
707.70972	926.76129
707.76147	923.24219
707.81323	928.47369
707.86499	931.46832
707.91681	928.0827
707.96857	923.97473
708.02032	932.11029
708.07208	927.06036
708.1239	923.26086
708.17566	924.50354
708.22742	932.07336
708.27924	923.3916
708.33099	921.3576
708.38275	924.76691
708.43451	926.59656
708.48633	925.90198
708.53809	927.98785
708.58984	927.3869
708.6416	925.03967
708.69342	927.01373
708.74518	924.55994
708.79694	926.53003
708.84875	922.19977
708.90051	922.21454
708.95227	923.17444
709.00403	925.10236
709.05585	932.68683
709.1076	931.37451
709.15936	933.12134
709.21112	922.85529
709.26294	926.97968
709.3147	923.41626
709.36646	919.87244
709.41827	924.54083
709.47003	925.20703
709.52179	924.7334
709.57355	923.73877
709.62537	926.16876
709.67712	928.18481
709.72888	924.73535
709.78064	929.19183
709.83246	923.70496
709.88422	925.19543
709.93597	924.71777
709.98773	926.63568
710.03955	923.23193
710.09131	925.14673
710.14307	923.74603
710.19489	925.51624
710.24664	921.29822
710.2984	924.03784
710.35016	921.2973
710.40198	923.80676
710.45374	926.64972
710.50549	933.60376
710.55725	925.41119
710.60907	922.00415
710.66083	921.12286
710.71259	931.80603
710.7644	927.64618
710.81616	922.97961
710.86792	925.78656
710.91968	922.53119
710.9715	921.68994
711.02325	922.18951
711.07501	923.17426
711.12677	926.17706
711.17859	919.95074
711.23035	922.66522
711.2821	925.40802
711.33392	921.03961
711.38568	920.91333
711.43744	923.23395
711.4892	926.27972
711.54102	924.43268
711.59277	924.55005
711.64453	928.82727
711.69629	927.13336
711.74811	924.80597
711.79987	924.26245
711.85162	926.88367
711.90344	927.61475
711.9552	932.31763
712.00696	927.46582
712.05872	928.82941
712.11053	932.36432
712.16229	922.13922
712.21405	919.76978
712.26581	923.74731
712.31763	928.06818
712.36938	924.79919
712.42114	926.11047
712.47296	929.94354
712.52472	924.44489
712.57648	924.85449
712.62823	923.59485
712.68005	925.46027
712.73181	928.12793
712.78357	930.10657
712.83533	924.62262
712.88715	921.90924
712.9389	920.67407
712.99066	920.06317
713.04248	920.59766
713.09424	927.15796
713.146	927.00311
713.19775	921.32379
713.24957	923.10529
713.30133	926.71613
713.35309	924.98541
713.40485	926.23773
713.45667	923.24207
713.50842	928.17102
713.56018	926.96729
713.612	924.09436
713.66376	923.8653
713.71552	925.26318
713.76727	925.86755
713.81909	923.94946
713.87085	923.70074
713.92261	923.57892
713.97437	926.25458
714.02618	927.65759
714.07794	923.43188
714.1297	924.8631
714.18152	924.73938
714.23328	928.31171
714.28503	927.62616
714.33679	925.4198
714.38861	925.92426
714.44037	926.86493
714.49213	922.44562
714.54388	922.16711
714.5957	926.85602
714.64746	928.17719
714.69922	927.18567
714.75104	927.11444
714.8028	924.39215
714.85455	925.21094
714.90631	923.49835
714.95813	925.16821
715.00989	928.35602
715.06165	929.52948
715.1134	923.99945
715.16522	918.66553
715.21698	923.11176
715.26874	924.9574
715.32056	922.72754
715.37231	922.45587
715.42407	923.16534
715.47583	919.50861
715.52765	920.16193
715.57941	922.36237
715.63116	922.66504
715.68292	921.92975
715.73474	922.289
715.7865	917.49377
715.83826	920.06812
715.89008	922.38177
715.94183	922.48883
715.99359	923.49188
716.04535	920.53357
716.09717	924.16388
716.14893	925.81958
716.20068	923.96765
716.25244	931.20325
716.30426	923.06366
716.35602	921.30542
716.40778	924.57147
716.45959	927.43768
716.51135	917.93469
716.56311	920.65967
716.61487	924.39307
716.66669	927.73462
716.71844	923.24231
716.7702	923.90527
716.82196	930.0592
716.87378	932.92609
716.92554	923.31732
716.97729	922.9848
717.02911	929.62
717.08087	921.06427
717.13263	923.02026
717.18439	920.27832
717.23621	919.66663
717.28796	920.57184
717.33972	925.65814
717.39148	923.46393
717.4433	923.16736
717.49506	920.73962
717.54681	923.19611
717.59863	925.01678
717.65039	922.67419
717.70215	929.12976
717.75391	927.62738
717.80573	921.97919
717.85748	925.63562
717.90924	926.66876
717.961	928.06281
718.01282	925.51459
718.06458	923.854
718.11633	926.45465
718.16815	927.1698
718.21991	922.10468
718.27167	922.63739
718.32343	922.23022
718.37524	928.83038
718.427	931.5791
718.47876	922.08972
718.53052	915.88287
718.58234	925.42352
718.63409	930.09259
718.68585	923.76007
718.73767	916.22241
718.78943	920.67303
718.84119	924.14362
718.89294	920.70117
718.94476	923.39685
718.99652	933.83136
719.04828	922.25879
719.10004	925.23682
719.15186	926.8905
719.20361	921.45654
719.25537	918.2677
719.30719	920.65631
719.35895	927.52686
719.41071	925.72498
719.46246	921.44318
719.51428	927.31586
719.56604	949.30237
719.6178	920.67206
719.66956	924.48285
719.72137	919.12463
719.77313	916.39313
719.82489	921.54327
719.87671	921.10876
719.92847	921.70923
719.98022	924.23279
720.03198	920.25793
720.0838	923.68237
720.13556	923.29114
720.18732	920.24054
720.23907	922.31543
720.29089	919.98181
720.34265	922.75354
720.39441	922.25458
720.44623	931.08234
720.49799	925.86145
720.54974	920.06897
720.6015	921.63757
720.65332	926.06439
720.70508	923.66132
720.75684	920.39722
720.80859	919.90564
720.86041	922.85596
720.91217	922.47412
720.96393	924.87482
721.01575	920.84546
721.0675	920.79651
721.11926	925.77972
721.17102	922.55029
721.22284	921.52924
721.2746	922.86646
721.32635	923.98187
721.37811	922.7699
721.42993	924.58746
721.48169	922.19641
721.53345	920.46313
721.58527	920.42169
721.63702	925.81183
721.68878	925.69849
721.74054	922.99176
721.79236	920.33337
721.84412	921.745
721.89587	922.10596
721.94763	923.04828
721.99945	918.73059
722.05121	918.48566
722.10297	925.05499
722.15479	928.13214
722.20654	925.5033
722.2583	922.82874
722.31006	924.32813
722.36188	926.25543
722.41364	924.95453
722.46539	926.96643
722.51715	925.90216
722.56897	920.30902
722.62073	920.37604
722.67249	919.69855
722.7243	921.32281
722.77606	923.23785
722.82782	922.5506
722.87958	920.60138
722.9314	916.13464
722.98315	918.20142
723.03491	925.33496
723.08667	925.44019
723.13849	925.82916
723.19025	921.29883
723.242	919.26813
723.29382	919.15338
723.34558	917.76965
723.39734	915.15503
723.4491	918.12231
723.50092	921.38147
723.55267	921.89166
723.60443	923.23401
723.65619	919.11896
723.70801	916.53821
723.75977	918.81622
723.81152	922.33929
723.86334	920.52557
723.9151	916.13141
723.96686	918.5033
724.01862	920.96747
724.07043	922.84772
724.12219	924.48419
724.17395	922.5777
724.22571	918.78479
724.27753	924.43829
724.32928	922.82269
724.38104	921.44769
724.43286	922.13843
724.48462	923.54639
724.53638	917.72223
724.58813	915.50806
724.63995	922.79749
724.69171	924.32446
724.74347	925.59052
724.79523	920.6911
724.84705	921.9707
724.8988	920.13562
724.95056	922.88306
725.00238	917.5423
725.05414	917.69745
725.1059	920.50867
725.15765	926.71484
725.20947	925.45599
725.26123	920.18903
725.31299	923.99597
725.36475	917.20691
725.41656	915.3548
725.46832	928.23639
725.52008	921.03705
725.5719	924.67627
725.62366	923.29266
725.67542	920.78638
725.72717	925.2572
725.77899	916.25098
725.83075	915.27417
725.88251	916.48303
725.93427	925.01282
725.98608	918.47656
726.03784	923.51904
726.0896	919.50653
726.14142	923.30804
726.19318	917.3858
726.24493	919.52539
726.29669	923.00623
726.34851	924.08167
726.40027	910.578
726.45203	921.25256
726.50378	918.28296
726.5556	922.08032
726.60736	920.14832
726.65912	915.66351
726.71094	925.03534
726.7627	916.78925
726.81445	920.14008
726.86621	921.45715
726.91803	918.96289
726.96979	922.89392
727.02155	924.21881
727.0733	917.81036
727.12512	915.24841
727.17688	918.70978
727.22864	922.57526
727.28046	919.42468
727.33221	921.73846
727.38397	924.67908
727.43573	921.77826
727.48755	923.50922
727.53931	920.65649
727.59106	920.80573
727.64282	920.36652
727.69464	918.00287
727.7464	916.97498
727.79816	916.6228
727.84998	915.85645
727.90173	918.67023
727.95349	922.55524
728.00525	925.57166
728.05707	920.97784
728.10883	918.53577
728.16058	920.01971
728.21234	920.3476
728.26416	917.70007
728.31592	921.03705
728.36768	920.73596
728.41949	922.49323
728.47125	924.06256
728.52301	918.82806
728.57477	917.94714
728.62659	920.83203
728.67834	922.06689
728.7301	920.84741
728.78186	923.64447
728.83368	924.71918
728.88544	919.50476
728.93719	919.67371
728.98901	918.36121
729.04077	917.16895
729.09253	920.30426
729.14429	921.20807
729.19611	920.84753
729.24786	918.41382
729.29962	920.72577
729.35138	924.75922
729.4032	922.78241
729.45496	917.61511
729.50671	916.17224
729.55853	917.82001
729.61029	917.88373
729.66205	917.86066
729.71381	918.02808
729.76563	922.09045
729.81738	923.3349
729.86914	924.06311
729.9209	915.69641
729.97272	913.79919
730.02448	915.23291
730.07623	918.07129
730.12805	916.03693
730.17981	916.8786
730.23157	916.3573
730.28333	919.45813
730.33514	922.82739
730.3869	922.7002
730.43866	922.48523
730.49042	918.44855
730.54224	917.07092
730.59399	920.27795
730.64575	924.31342
730.69757	919.06232
730.74933	918.3938
730.80109	915.87659
730.85284	922.87372
730.90466	925.72174
730.95642	921.05566
731.00818	920.45172
731.05994	911.34552
731.11176	914.12189
731.16351	915.3714
731.21527	919.66339
731.26709	916.62061
731.31885	918.34772
731.37061	910.69409
731.42236	921.16003
731.47418	920.9314
731.52594	919.92578
731.5777	916.94415
731.62946	921.98444
731.68127	926.651
731.73303	916.37897
731.78479	929.68872
731.83661	925.08893
731.88837	928.05908
731.94012	922.78906
731.99188	921.72009
732.0437	925.16193
732.09546	922.38086
732.14722	918.55072
732.19897	922.68304
732.25079	914.78607
732.30255	920.94513
732.35431	920.25177
732.40613	914.58569
732.45789	918.11249
732.50964	917.84705
732.5614	921.13306
732.61322	916.15491
732.66498	917.66656
732.71674	918.7417
732.76849	918.91827
732.82031	920.36871
732.87207	917.85016
732.92383	916.12714
732.97565	919.56799
733.0274	920.63568
733.07916	924.75494
733.13092	922.73212
733.18274	921.63031
733.2345	921.84509
733.28625	922.94037
733.33801	925.2951
733.38983	921.48419
733.44159	920.91748
733.49335	917.29169
733.54517	915.30731
733.59692	919.15314
733.64868	922.88293
733.70044	920.00665
733.75226	915.20502
733.80402	918.64722
733.85577	917.34692
733.90753	916.55695
733.95935	918.56274
734.01111	919.40686
734.06287	915.83942
734.11469	918.17072
734.16644	918.03534
734.2182	913.00098
734.26996	919.5105
734.32178	923.35004
734.37354	918.86926
734.42529	916.15393
734.47705	916.92267
734.52887	917.67493
734.58063	913.76794
734.63239	918.01538
734.6842	923.33441
734.73596	921.59821
734.78772	919.2984
734.83948	919.98639
734.8913	916.87622
734.94305	913.74243
734.99481	920.4892
735.04657	924.21332
735.09839	918.75385
735.15015	918.97815
735.2019	924.07037
735.25372	922.84656
735.30548	915.18359
735.35724	916.00043
735.409	922.40503
735.46082	922.30023
735.51257	923.21704
735.56433	919.8009
735.61609	918.28644
735.66791	924.55493
735.71967	918.46613
735.77142	915.07831
735.82324	918.10626
735.875	914.88275
735.92676	916.20001
735.97852	916.31512
736.03033	914.85547
736.08209	920.13074
736.13385	917.91925
736.18561	921.86798
736.23743	917.50757
736.28918	925.46295
736.34094	919.33124
736.39276	920.33466
736.44452	918.46692
736.49628	918.96265
736.54803	918.60718
736.59985	921.77557
736.65161	917.83624
736.70337	917.06384
736.75513	917.90326
736.80695	918.48785
736.8587	921.79437
736.91046	923.59125
736.96228	923.20825
737.01404	915.17035
737.0658	916.24097
737.11755	917.83881
737.16937	910.99182
737.22113	920.18976
737.27289	916.68292
737.32465	917.95538
737.37646	921.36713
737.42822	918.15155
737.47998	919.2569
737.5318	918.0799
737.58356	917.90881
737.63531	917.29938
737.68707	914.71173
737.73889	918.42584
737.79065	918.86578
737.84241	914.16736
737.89417	914.93402
737.94598	916.73468
737.99774	918.65161
738.0495	917.37927
738.10132	919.56982
738.15308	923.14984
738.20483	918.60443
738.25659	917.5025
738.30841	919.93732
738.36017	918.25995
738.41193	917.60242
738.46368	916.81512
738.5155	915.81805
738.56726	919.69733
738.61902	920.70917
738.67084	918.32629
738.7226	919.47882
738.77435	921.04041
738.82611	919.9707
738.87793	917.89606
738.92969	917.91656
738.98145	922.75714
739.0332	921.39978
739.08502	919.20831
739.13678	919.96417
739.18854	919.42554
739.24036	917.66602
739.29211	916.91272
739.34387	917.48822
739.39563	918.9563
739.44745	918.55817
739.49921	919.88275
739.55096	920.45679
739.60272	920.83545
739.65454	919.96857
739.7063	915.29425
739.75806	916.91589
739.80988	920.61981
739.86163	919.55865
739.91339	915.59802
739.96515	916.01495
740.01697	921.67902
740.06873	919.61322
740.12048	917.91284
740.17224	918.91541
740.22406	917.39386
740.27582	919.4917
740.32758	918.01379
740.37939	927.21509
740.43115	922.09064
740.48291	918.88251
740.53467	915.34027
740.58649	915.09442
740.63824	918.62183
740.69	920.17218
740.74176	918.87262
740.79358	920.12091
740.84534	923.48505
740.89709	916.34924
740.94891	910.6347
741.00067	914.98651
741.05243	924.29163
741.10419	920.46991
741.15601	914.97644
741.20776	916.69922
741.25952	920.16974
741.31128	913.87451
741.3631	919.68066
741.41486	916.26886
741.46661	917.74384
741.51843	914.76587
741.57019	917.7384
741.62195	917.58112
741.67371	910.35181
741.72552	914.91583
741.77728	920.28491
741.82904	921.37
741.8808	914.13593
741.93262	913.49878
741.98438	924.97699
742.03613	914.6701
742.08795	914.7655
742.13971	920.28912
742.19147	911.49536
742.24323	919.84442
742.29504	924.9422
742.3468	918.2865
742.39856	915.06165
742.45032	914.55835
742.50214	916.70612
742.55389	913.8819
742.60565	916.57043
742.65747	924.27905
742.70923	921.43475
742.76099	916.98615
742.81274	914.52881
742.86456	918.74084
742.91632	918.48944
742.96808	915.35065
743.01984	914.94556
743.07166	918.4491
743.12341	918.4491
743.17517	915.01965
743.22699	918.92975
743.27875	920.9129
743.33051	916.914
743.38226	913.11536
743.43408	918.25433
743.48584	918.78906
743.5376	916.86511
743.58936	920.90704
743.64117	921.37683
743.69293	924.3194
743.74469	917.14233
743.79651	917.15686
743.84827	919.11469
743.90002	918.39941
743.95178	917.44183
744.0036	915.74017
744.05536	919.23956
744.10712	918.6955
744.15887	917.41675
744.21069	914.07507
744.26245	911.48993
744.31421	920.36951
744.36603	920.05652
744.41779	915.84906
744.46954	918.32483
744.5213	922.53729
744.57312	920.26831
744.62488	915.98193
744.67664	916.44513
744.72839	918.15717
744.78021	916.35901
744.83197	912.15649
744.88373	912.79449
744.93555	920.12714
744.9873	918.95624
745.03906	914.31073
745.09082	914.69263
745.14264	916.98651
745.1944	917.74091
745.24615	920.01349
745.29791	925.83356
745.34973	924.80017
745.40149	919.15857
745.45325	916.36896
745.50507	917.41125
745.55682	918.64197
745.60858	918.52057
745.66034	916.98303
745.71216	918.03119
745.76392	917.92389
745.81567	917.32983
745.86743	916.16187
745.91925	918.2533
745.97101	916.78174
746.02277	918.75354
746.07458	914.25116
746.12634	915.29858
746.1781	920.34235
746.22986	918.51062
746.28168	916.91742
746.33344	921.87616
746.38519	921.39948
746.43695	913.1416
746.48877	912.63928
746.54053	915.97412
746.59229	915.84796
746.6441	916.099
746.69586	914.6048
746.74762	918.93427
746.79938	921.6109
746.8512	915.9826
746.90295	918.34369
746.95471	917.99103
747.00647	919.26721
747.05829	919.48102
747.11005	916.26276
747.1618	919.66376
747.21362	919.66785
747.26538	917.75421
747.31714	918.55524
747.3689	919.24988
747.42072	919.75061
747.47247	914.86169
747.52423	915.92413
747.57599	914.2193
747.62781	921.07153
747.67957	920.60211
747.73132	919.0174
747.78314	920.12762
747.8349	920.75336
747.88666	913.23413
747.93842	915.89856
747.99023	915.8476
748.04199	916.25482
748.09375	912.60583
748.14551	913.68634
748.19733	918.47766
748.24908	913.10992
748.30084	914.21112
748.35266	913.79553
748.40442	920.5647
748.45618	918.81378
748.50793	911.86938
748.55975	920.70679
748.61151	915.76324
748.66327	919.19073
748.71503	912.7865
748.76685	914.89124
748.8186	920.21118
748.87036	919.05676
748.92218	914.58887
748.97394	912.21918
749.0257	920.65717
749.07745	925.70251
749.12927	913.00946
749.18103	916.39856
749.23279	918.16754
749.28455	917.23865
749.33636	913.32336
749.38812	914.7572
749.43988	919.41809
749.4917	922.8819
749.54346	914.91461
749.59521	916.65582
749.64697	919.51288
749.69879	920.67169
749.75055	917.46344
749.80231	915.20673
749.85406	920.16345
749.90588	920.94556
749.95764	915.74335
750.0094	915.92761
750.06122	922.84662
750.11298	923.02698
750.16473	917.25665
750.21649	919.00098
750.26831	915.4527
750.32007	918.60236
750.37183	917.41766
750.42358	919.13965
750.4754	922.22137
750.52716	921.04919
750.57892	916.37305
750.63074	918.16028
750.6825	918.41486
750.73425	920.41962
750.78601	915.28333
750.83783	919.4978
750.88959	925.33813
750.94135	919.76807
750.9931	911.63391
751.04492	910.49939
751.09668	916.47595
751.14844	918.18115
751.20026	915.51758
751.25201	915.52533
751.30377	919.7901
751.35553	917.88086
751.40735	915.51508
751.45911	920.39209
751.51086	923.00842
751.56262	915.56604
751.61444	909.83203
751.6662	914.44171
751.71796	919.54852
751.76978	919.80481
751.82153	917.44379
751.87329	915.84833
751.92505	921.03308
751.97687	917.21277
752.02863	914.88037
752.08038	918.30206
752.13214	917.95105
752.18396	916.07397
752.23572	914.42664
752.28748	917.27466
752.33923	924.02368
752.39105	917.5282
752.44281	914.9068
752.49457	920.13647
752.54639	919.44226
752.59814	915.40424
752.6499	917.25574
752.70166	920.96924
752.75348	921.97662
752.80524	915.49847
752.85699	917.3009
752.90875	919.11664
752.96057	917.90131
753.01233	913.16229
753.06409	912.90668
753.11591	920.43066
753.16766	923.69171
753.21942	917.17773
753.27118	923.68768
753.323	917.58154
753.37476	916.88177
753.42651	916.24927
753.47827	915.13098
753.53009	916.13263
753.58185	925.79053
753.63361	918.03516
753.68542	915.07996
753.73718	914.90961
753.78894	916.6073
753.8407	914.32172
753.89252	913.02997
753.94427	917.7229
753.99603	918.83575
754.04779	913.95929
754.09961	912.02753
754.15137	921.0274
754.20313	914.02936
754.25494	916.17029
754.3067	915.90002
754.35846	919.66919
754.41022	921.3042
754.46204	915.06201
754.51379	920.24005
754.56555	911.46619
754.61731	923.30273
754.66913	912.88464
754.72089	919.19666
754.77264	909.61981
754.82446	920.76935
754.87622	918.66046
754.92798	914.95758
754.97974	917.84668
755.03156	924.94501
755.08331	913.59778
755.13507	916.81445
755.18683	917.45087
755.23865	921.68457
755.29041	909.12262
755.34216	917.01038
755.39398	927.10327
755.44574	916.07526
755.4975	914.32477
755.54926	912.68726
755.60107	917.7168
755.65283	919.22925
755.70459	917.2561
755.75635	919.47388
755.80817	919.84711
755.85992	918.04449
755.91168	918.18304
755.9635	919.93823
756.01526	916.37665
756.06702	916.82782
756.11877	913.28394
756.17059	917.51636
756.22235	923.5921
756.27411	918.95508
756.32587	914.58002
756.37769	915.64929
756.42944	919.70215
756.4812	918.87384
756.53302	915.28912
756.58478	917.79803
756.63654	915.75745
756.68829	914.2818
756.74011	912.31262
756.79187	915.89813
756.84363	918.414
756.89539	918.19031
756.9472	914.45532
756.99896	917.69678
757.05072	922.11005
757.10254	919.99445
757.1543	915.28967
757.20605	916.93805
757.25781	918.3515
757.30963	919.43073
757.36139	919.16296
757.41315	919.14923
757.4649	917.87585
757.51672	915.29803
757.56848	913.10901
757.62024	917.86475
757.67206	919.90448
757.72382	914.72333
757.77557	917.05591
757.82733	919.15894
757.87915	921.42017
757.93091	919.36426
757.98267	917.54797
758.03442	918.74512
758.08624	922.6228
758.138	915.539
758.18976	913.23743
758.24158	917.27325
758.29333	920.29297
758.34509	917.65918
758.39685	915.39423
758.44867	918.6297
758.50043	920.08521
758.55219	916.80609
758.60394	915.94702
758.65576	916.4483
758.70752	919.98364
758.75928	919.91486
758.8111	915.67236
758.86285	914.95459
758.91461	917.052
758.96637	913.50928
759.01819	912.95935
759.06995	918.43341
759.1217	917.44629
759.17346	915.34039
759.22528	912.02759
759.27704	915.4444
759.3288	922.62268
759.38062	921.745
759.43237	912.0708
759.48413	925.57697
759.53589	922.41016
759.58771	915.02997
759.63947	909.33398
759.69122	918.52057
759.74298	914.67358
759.7948	910.12042
759.84656	914.41443
759.89832	914.98615
759.95013	920.95825
760.00189	912.43683
760.05365	909.14886
760.10541	916.078
760.15723	918.95032
760.20898	918.41382
760.26074	917.53015
760.3125	918.99261
760.36432	924.51453
760.41608	914.35791
760.46783	914.14471
760.51965	919.30078
760.57141	915.40118
760.62317	921.3866
760.67493	918.45685
760.72675	921.19415
760.7785	919.24835
760.83026	916.10699
760.88202	917.01862
760.93384	917.62079
760.9856	919.05249
761.03735	919.8562
761.08917	915.22559
761.14093	917.90533
761.19269	917.0119
761.24445	914.66357
761.29626	914.42853
761.34802	913.75177
761.39978	917.94177
761.45154	915.65222
761.50336	915.26721
761.55511	919.88318
761.60687	917.6839
761.65869	916.07043
761.71045	916.46344
761.76221	916.72437
761.81396	920.43372
761.86578	918.40704
761.91754	913.24603
761.9693	915.87885
762.02106	918.50323
762.07288	912.72461
762.12463	914.48175
762.17639	922.89722
762.22821	918.99487
762.27997	914.22974
762.33173	917.06964
762.38348	916.81934
762.4353	911.70575
762.48706	910.71588
762.53882	915.94806
762.59058	920.80701
762.6424	918.57214
762.69415	914.23193
762.74591	917.26813
762.79773	920.67603
762.84949	919.49023
762.90125	913.70557
762.953	913.26868
763.00482	914.77838
763.05658	915.7406
763.10834	915.289
763.1601	916.09967
763.21191	918.11816
763.26367	918.76074
763.31543	914.91235
763.36725	920.7099
763.41901	919.78369
763.47076	915.31769
763.52252	917.59186
763.57434	920.62836
763.6261	921.61932
763.67786	918.23315
763.72961	916.04596
763.78143	918.92444
763.83319	917.69495
763.88495	915.98572
763.93677	915.29846
763.98853	913.52148
764.04028	920.05725
764.09204	915.13373
764.14386	916.83569
764.19562	916.75262
764.24738	916.69366
764.29913	919.42786
764.35095	916.91559
764.40271	915.74841
764.45447	918.98993
764.50629	912.47021
764.55804	914.11072
764.6098	920.0498
764.66156	916.20074
764.71338	909.68604
764.76514	916.71637
764.81689	920.50177
764.86865	914.92609
764.92047	921.5863
764.97223	911.36298
765.02399	922.46326
765.07581	918.97278
765.12756	906.98285
765.17932	915.50293
765.23108	918.15668
765.2829	915.00934
765.33466	916.42273
765.38641	910.18054
765.43817	916.52289
765.48999	917.55804
765.54175	913.07166
765.59351	915.89594
765.64532	918.57404
765.69708	916.59497
765.74884	917.17413
765.8006	919.33295
765.85242	919.95618
765.90417	917.56824
765.95593	912.21729
766.00769	913.88617
766.05951	918.43402
766.11127	917.94489
766.16302	912.67432
766.21484	919.75098
766.2666	922.18188
766.31836	919.64777
766.37012	915.43268
766.42194	915.66907
766.47369	920.85815
766.52545	915.29114
766.57721	912.24548
766.62903	913.82935
766.68079	917.30475
766.73254	915.64459
766.78436	910.31873
766.83612	911.67645
766.88788	924.10071
766.93964	924.43634
766.99146	913.47614
767.04321	912.76715
767.09497	915.4292
767.14673	917.22052
767.19855	918.96393
767.25031	919.05054
767.30206	917.9856
767.35388	915.28534
767.40564	917.14478
767.4574	917.91681
767.50916	916.65375
767.56097	917.11591
767.61273	913.1792
767.66449	916.66565
767.71625	918.09064
767.76807	915.0191
767.81982	917.13611
767.87158	921.68768
767.9234	920.01349
767.97516	911.4928
768.02692	917.25293
768.07867	916.86066
768.13049	918.27014
768.18225	914.96295
768.23401	913.51971
768.28577	919.95514
768.33759	918.92719
768.38934	908.31274
768.4411	914.09247
768.49292	915.83759
768.54468	916.34015
768.59644	911.49921
768.64819	913.60266
768.70001	911.60266
768.75177	920.66077
768.80353	915.2757
768.85529	910.12036
768.9071	918.55389
768.95886	914.47894
769.01062	916.84387
769.06244	913.37531
769.1142	917.85504
769.16595	917.31873
769.21771	915.69958
769.26953	912.10742
769.32129	917.38715
769.37305	924.32178
769.4248	912.37579
769.47662	917.38129
769.52838	914.35687
769.58014	922.07861
769.63196	919.35876
769.68372	913.47504
769.73547	915.54895
769.78723	920.84772
769.83905	915.93555
769.89081	915.62134
769.94257	920.59167
769.99432	918.33099
770.04614	913.53772
770.0979	914.79938
770.14966	916.68823
770.20148	915.84979
770.25323	909.33441
770.30499	911.07135
770.35675	921.23047
770.40857	918.25006
770.46033	917.01721
770.51208	911.76703
770.56384	919.82544
770.61566	918.95837
770.66742	912.60663
770.71918	916.45496
770.771	916.54108
770.82275	911.51965
770.87451	911.21527
770.92627	916.68976
770.97809	917.27838
771.02985	919.28851
771.0816	915.25861
771.13336	917.28583
771.18518	920.68182
771.23694	916.78888
771.2887	912.57788
771.34052	912.32697
771.39227	914.63495
771.44403	913.3678
771.49579	911.10309
771.54761	916.49487
771.59937	915.20825
771.65112	909.32697
771.70288	911.90308
771.7547	918.81525
771.80646	918.81531
771.85822	911.8277
771.91003	915.83191
771.96179	917.59656
772.01355	916.43768
772.06531	919.86249
772.11713	911.73602
772.16888	915.93372
772.22064	917.76093
772.2724	911.30365
772.32422	916.08704
772.37598	914.77472
772.42773	917.88123
772.47955	910.17682
772.53131	912.06171
772.58307	921.33948
772.63483	919.08307
772.68665	911.43262
772.7384	915.17413
772.79016	917.46014
772.84192	915.73328
772.89374	915.12927
772.9455	917.51239
772.99725	914.17505
773.04907	920.04242
773.10083	919.06897
773.15259	914.68127
773.20435	920.06842
773.25616	919.4259
773.30792	915.96155
773.35968	914.1084
773.41144	914.31622
773.46326	911.32123
773.51501	909.61945
773.56677	915.0578
773.61859	921.15637
773.67035	914.9447
773.72211	912.95306
773.77386	919.50861
773.82568	918.19446
773.87744	920.87836
773.9292	912.97247
773.98096	914.29816
774.03278	915.24957
774.08453	918.83673
774.13629	915.52155
774.18811	918.51398
774.23987	917.66473
774.29163	919.77924
774.34338	912.7254
774.3952	910.10089
774.44696	917.11151
774.49872	915.67969
774.55048	914.65509
774.60229	913.67603
774.65405	917.33014
774.70581	917.22833
774.75763	913.47778
774.80939	913.4743
774.86115	916.95453
774.9129	919.29218
774.96472	917.21771
775.01648	918.22406
775.06824	921.27533
775.12	917.88336
775.17181	911.26105
775.22357	914.49152
775.27533	920.16687
775.32715	914.37427
775.37891	913.65094
775.43066	915.81567
775.48242	919.21051
775.53424	916.91833
775.586	921.33099
775.63776	916.85474
775.68951	920.46271
775.74133	922.16064
775.79309	911.41785
775.84485	914.31848
775.89667	916.52936
775.94843	912.61658
776.00018	906.38959
776.05194	912.73163
776.10376	920.87054
776.15552	916.28992
776.20728	916.94421
776.25903	918.21613
776.31085	911.9657
776.36261	913.90894
776.41437	911.27692
776.46619	919.38159
776.51794	915.35052
776.5697	913.46686
776.62146	913.35089
776.67328	920.01965
776.72504	917.92413
776.77679	914.40552
776.82855	910.85071
776.88037	920.27618
776.93213	914.25708
776.98389	911.52026
777.03571	916.66302
777.08746	922.61798
777.13922	919.65247
777.19098	917.28845
777.2428	913.51721
777.29456	923.11835
777.34631	920.97321
777.39807	915.87433
777.44989	916.21075
777.50165	915.42719
777.55341	913.39624
777.60522	911.78394
777.65698	912.11774
777.70874	914.47479
777.7605	917.63837
777.81232	914.02924
777.86407	910.81964
777.91583	915.50562
777.96759	915.07654
778.01941	911.0719
778.07117	910.87793
778.12292	910.44055
778.17474	917.16846
778.2265	916.05347
778.27826	915.32629
778.33002	920.32104
778.38184	919.94507
778.43359	918.01379
778.48535	916.59613
778.53711	918.92853
778.58893	916.79614
778.64069	911.95819
778.69244	910.72589
778.74426	914.65662
778.79602	913.88422
778.84778	914.62042
778.89954	917.40833
778.95135	916.6026
779.00311	915.58441
779.05487	915.80408
779.10663	917.7655
779.15845	919.32642
779.21021	911.71918
779.26196	912.41425
779.31378	923.66742
779.36554	922.008
779.4173	916.7738
779.46906	913.44513
779.52087	915.28619
779.57263	925.3526
779.62439	917.59509
779.67615	911.05969
779.72797	916.63458
779.77972	916.48212
779.83148	916.13232
779.8833	910.56354
779.93506	912.23773
779.98682	915.72461
780.03857	916.11823
780.09039	911.53424
780.14215	916.69568
780.19391	923.26044
780.24567	917.35529
780.29749	911.24438
780.34924	916.05634
780.401	918.04742
780.45282	911.18561
780.50458	915.60498
780.55634	915.90149
780.60809	912.6792
780.65991	914.52887
780.71167	919.08649
780.76343	914.90747
780.81519	917.11865
780.867	913.34943
780.91876	909.84894
780.97052	915.61206
781.02234	922.1076
781.0741	916.62219
781.12585	911.81146
781.17761	914.89185
781.22943	915.53735
781.28119	916.41687
781.33295	922.46924
781.3847	918.21997
781.43652	912.45575
781.48828	916.14935
781.54004	918.83289
781.59186	918.7605
781.64362	917.84259
781.69537	914.63892
781.74713	919.41254
781.79895	921.07977
781.85071	918.1095
781.90247	911.84412
781.95422	914.96143
782.00604	919.38287
782.0578	915.23254
782.10956	917.78955
782.16138	917.5769
782.21313	916.86896
782.26489	915.39862
782.31665	914.39581
782.36847	913.69232
782.42023	920.32013
782.47198	919.25146
782.52374	917.67322
782.57556	919.5968
782.62732	920.60913
782.67908	917.18054
782.7309	915.43481
782.78265	920.78479
782.83441	923.65741
782.88617	920.94171
782.93799	918.01691
782.98975	917.47455
783.0415	925.26587
783.09326	925.30841
783.14508	926.01587
783.19684	925.91071
783.2486	922.3031
783.30042	925.42078
783.35217	920.21716
783.40393	924.68872
783.45569	926.43542
783.50751	913.48419
783.55927	926.79456
783.61102	927.0719
783.66278	923.04932
783.7146	920.78217
783.76636	927.65607
783.81812	922.86145
783.86993	932.92285
783.92169	924.46094
783.97345	924.98358
784.02521	929.96777
784.07703	929.96234
784.12878	923.25574
784.18054	925.61285
784.2323	921.40643
784.28412	926.3075
784.33588	924.12091
784.38763	927.16669
784.43945	929.99542
784.49121	930.33618
784.54297	925.51776
784.59473	930.23413
784.64655	927.84662
784.6983	928.77826
784.75006	928.08978
784.80182	925.92474
784.85364	926.29309
784.9054	929.31897
784.95715	931.38928
785.00897	926.28009
785.06073	928.20062
785.11249	930.73236
785.16425	930.05402
785.21606	933.08313
785.26782	931.1167
785.31958	930.9884
785.37134	929.32745
785.42316	929.70148
785.47491	929.78473
785.52667	931.34125
785.57849	933.59009
785.63025	932.10645
785.68201	926.77478
785.73376	928.67499
785.78558	926.48138
785.83734	929.73676
785.8891	931.82214
785.94086	930.38843
785.99268	934.66296
786.04443	931.39325
786.09619	931.66296
786.14801	936.43549
786.19977	934.51221
786.25153	930.97784
786.30328	927.96405
786.3551	936.11218
786.40686	931.71655
786.45862	928.31622
786.51038	936.23608
786.56219	934.02893
786.61395	927.93188
786.66571	929.74164
786.71753	931.85797
786.76929	935.30145
786.82104	932.62805
786.8728	929.62085
786.92462	933.4043
786.97638	935.74786
787.02814	929.65155
787.0799	933.4325
787.13171	940.24701
787.18347	939.55682
787.23523	932.77716
787.28705	928.78577
787.33881	939.6275
787.39056	939.41431
787.44232	932.08575
787.49414	930.70032
787.5459	932.27338
787.59766	935.1875
787.64941	937.82715
787.70123	945.1004
787.75299	936.57129
787.80475	934.66431
787.85657	933.31635
787.90833	937.28674
787.96008	940.98535
788.01184	936.67798
788.06366	933.15009
788.11542	933.1886
788.16718	940.28412
788.21893	935.44855
788.27075	934.23706
788.32251	940.60803
788.37427	940.6543
788.42609	933.53271
788.47784	927.94745
788.5296	937.08673
788.58136	941.30652
788.63318	939.31488
788.68494	936.70734
788.73669	942.73676
788.78845	944.79877
788.84027	936.7569
788.89203	940.19818
788.94379	938.50403
788.99561	946.61597
789.04736	945.62305
789.09912	945.00287
789.15088	942.20966
789.2027	940.93359
789.25446	939.61945
789.30621	944.23779
789.35797	939.69061
789.40979	944.03729
789.46155	943.354
789.51331	943.73553
789.56512	950.82837
789.61688	951.33868
789.66864	948.99841
789.7204	945.63287
789.77222	951.79272
789.82397	947.05023
789.87573	949.07178
789.92749	943.8205
789.97931	948.82507
790.03107	954.04095
790.08282	947.20831
790.13464	945.59576
790.1864	956.30701
790.23816	953.6908
790.28992	942.45807
790.34174	950.28577
790.39349	951.00043
790.44525	951.5036
790.49701	948.06567
790.54883	955.05206
790.60059	957.78143
790.65234	965.12067
790.70416	946.74609
790.75592	951.229
790.80768	954.93146
790.85944	959.51801
790.91125	955.03027
790.96301	956.29437
791.01477	961.63104
791.06653	954.76672
791.11835	947.61859
791.1701	949.86462
791.22186	956.42847
791.27368	953.76752
791.32544	954.06323
791.3772	957.59613
791.42896	955.34808
791.48077	960.22461
791.53253	961.20087
791.58429	950.73505
791.63605	958.83258
791.68787	950.78778
791.73962	945.84015
791.79138	945.27875
791.8432	956.53955
791.89496	956.90668
791.94672	950.2254
791.99847	951.60516
792.05029	956.41229
792.10205	954.30182
792.15381	948.13824
792.20557	946.34955
792.25739	952.00006
792.30914	947.54962
792.3609	941.67236
792.41272	949.13171
792.46448	952.15393
792.51624	947.06714
792.56799	940.64575
792.61981	942.4212
792.67157	946.15527
792.72333	947.93646
792.77509	945.3363
792.8269	945.42554
792.87866	946.44391
792.93042	951.74719
792.98224	948.35608
793.034	944.97577
793.08575	945.73407
793.13751	945.66492
793.18933	945.84662
793.24109	947.15417
793.29285	953.84833
793.3446	947.64978
793.39642	946.45422
793.44818	957.35577
793.49994	958.45776
793.55176	952.57513
793.60352	950.45111
793.65527	958.25482
793.70703	958.89697
793.75885	950.11169
793.81061	950.19196
793.86237	960.88208
793.91412	962.48682
793.96594	955.65033
794.0177	953.87701
794.06946	959.36096
794.12128	957.24994
794.17303	947.53033
794.22479	952.09894
794.27655	956.86768
794.32837	964.17993
794.38013	959.17877
794.43188	958.30237
794.48364	962.58234
794.53546	953.54248
794.58722	955.72498
794.63898	963.24054
794.69073	943.88947
794.74255	957.71423
794.79431	955.35242
794.84607	944.79474
794.89789	955.20245
794.94965	947.54834
795.0014	957.65601
795.05316	956.73938
795.10498	957.0166
795.15674	959.35785
795.2085	958.02582
795.26025	945.95502
795.31207	956.2149
795.36383	958.54547
795.41559	956.10834
795.46741	950.93811
795.51917	959.21875
795.57092	961.96906
795.62268	951.0202
795.6745	948.75623
795.72626	958.90454
795.77802	961.91742
795.82977	956.20953
795.88159	949.85022
795.93335	960.29364
795.98511	956.18292
796.03693	955.93976
796.08868	954.5481
796.14044	959.30518
796.1922	956.94446
796.24402	952.18207
796.29578	947.9342
796.34753	949.13416
796.39929	954.25421
796.45111	950.47894
796.50287	949.72266
796.55463	961.15924
796.60645	961.0191
796.6582	958.41718
796.70996	960.35254
796.76172	960.9939
796.81354	957.21484
796.8653	954.58026
796.91705	954.99359
796.96881	959.66498
797.02063	959.15472
797.07239	957.34247
797.12415	958.74243
797.17596	957.52875
797.22772	956.9386
797.27948	958.43585
797.33124	949.30908
797.38306	959.42444
797.43481	959.42639
797.48657	959.82214
797.53833	955.98853
797.59015	967.46991
797.64191	963.38934
797.69366	960.5874
797.74548	960.58429
797.79724	973.73206
797.849	964.11072
797.90076	972.19873
797.95258	962.01117
798.00433	966.37646
798.05609	959.35522
798.10785	965.96387
798.15967	960.82153
798.21143	965.48608
798.26318	955.9541
798.315	964.36847
798.36676	979.69861
798.41852	961.85236
798.47028	963.47284
798.52209	960.09021
798.57385	963.53326
798.62561	964.54736
798.67737	965.27277
798.72919	956.39349
798.78094	964.9707
798.8327	963.65021
798.88452	958.23492
798.93628	955.35089
798.98804	959.54987
799.03979	967.27405
799.09161	961.53052
799.14337	958.42902
799.19513	957.2619
799.24689	953.32025
799.29871	952.49493
799.35046	952.08221
799.40222	950.92761
799.45404	953.41699
799.5058	956.97614
799.55756	959.13232
799.60931	960.01685
799.66113	955.74506
799.71289	952.07611
799.76465	954.41595
799.81641	957.94934
799.86823	958.38153
799.91998	953.81671
799.97174	959.65674
800.02356	961.89661
800.07532	949.25226
800.12708	952.15454
800.17883	960.30334
800.23065	962.08911
800.28241	962.25049
800.33417	962.6604
800.38593	963.80585
800.43774	961.9198
800.4895	958.80957
800.54126	962.86157
800.59308	967.14172
800.64484	968.349
800.69659	965.38318
800.74835	962.73993
800.80017	967.98499
800.85193	974.9826
800.90369	969.78796
800.95544	971.28387
801.00726	981.09381
801.05902	974.72797
801.11078	969.20941
801.1626	976.18646
801.21436	973.35443
801.26611	968.35034
801.31787	974.01715
801.36969	965.09143
801.42145	977.07684
801.47321	981.47968
801.52496	979.77649
801.57678	978.95947
801.62854	975.15594
801.6803	986.50842
801.73212	967.56396
801.78387	970.34784
801.83563	974.43182
801.88739	975.29358
801.93921	972.16119
801.99097	970.91638
802.04272	977.87457
802.09448	977.38098
802.1463	976.3645
802.19806	973.38452
802.24982	979.79816
802.30164	977.13757
802.35339	960.05847
802.40515	969.56775
802.45691	974.9856
802.50873	961.50146
802.56049	977.43488
802.61224	973.84009
802.664	978.18457
802.71582	972.79169
802.76758	969.85645
802.81934	971.97516
802.87115	967.4187
802.92291	978.07452
802.97467	968.18378
803.02643	968.10083
803.07825	968.24982
803.13	962.34406
803.18176	957.99292
803.23352	965.08923
803.28534	962.13629
803.3371	967.15009
803.38885	959.72797
803.44067	956.73993
803.49243	964.17413
803.54419	967.66925
803.59595	964.24689
803.64777	963.69385
803.69952	970.58453
803.75128	968.90271
803.80304	959.38647
803.85486	961.35406
803.90662	964.35303
803.95837	963.59161
804.01019	965.66174
804.06195	966.39868
804.11371	967.97247
804.16547	969.44989
804.21729	967.04059
804.26904	970.26434
804.3208	973.95508
804.37256	965.33984
804.42438	969.11139
804.47614	972.87488
804.52789	975.69183
804.57971	973.58722
804.63147	976.56683
804.68323	980.21545
804.73499	973.30524
804.7868	972.69061
804.83856	972.5777
804.89032	973.66693
804.94208	977.98279
804.9939	976.83453
805.04565	981.31335
805.09741	986.29633
805.14923	990.03778
805.20099	982.28094
805.25275	980.65222
805.3045	981.51715
805.35632	986.50085
805.40808	984.89728
805.45984	978.2478
805.5116	978.56635
805.56342	986.18451
805.61517	972.25452
805.66693	988.67853
805.71875	983.68591
805.77051	992.07104
805.82227	981.81537
805.87402	991.1026
805.92584	977.21375
805.9776	979.20941
806.02936	979.79974
806.08112	972.7771
806.13293	992.2663
806.18469	985.21716
806.23645	980.89203
806.28827	973.19415
806.34003	985.36401
806.39178	976.05011
806.44354	973.62476
806.49536	983.00446
806.54712	988.54694
806.59888	986.33026
806.65063	973.61127
806.70245	975.19049
806.75421	986.01227
806.80597	974.75452
806.85779	970.03369
806.90955	975.28381
806.9613	982.78046
807.01306	982.00659
807.06488	974.74432
807.11664	980.34241
807.1684	980.88269
807.22015	975.94073
807.27197	982.03204
807.32373	989.45166
807.37549	980.9436
807.42731	976.55536
807.47906	974.40588
807.53082	983.25922
807.58258	976.65051
807.6344	977.26971
807.68616	977.88519
807.73792	976.85809
807.78967	980.11414
807.84149	976.13556
807.89325	975.73962
807.94501	977.32471
807.99683	980.84637
808.04858	972.88269
808.10034	967.43494
808.1521	970.57587
808.20392	986.29559
808.25568	977.60602
808.30743	975.2738
808.35919	978.31842
808.41101	980.56561
808.46277	971.61237
808.51453	961.17059
808.56635	967.06903
808.6181	972.76434
808.66986	968.19305
808.72162	958.52295
808.77344	970.62805
808.8252	981.65656
808.87695	970.21515
808.92871	973.74506
808.98053	969.56158
809.03229	974.87048
809.08405	968.40839
809.13586	963.03937
809.18762	968.47974
809.23938	969.79291
809.29114	966.57104
809.34296	955.21393
809.39471	959.573
809.44647	969.56067
809.49823	965.44928
809.55005	956.72162
809.60181	961.15497
809.65356	960.71552
809.70538	963.50763
809.75714	960.95929
809.8089	963.40033
809.86066	961.8219
809.91248	970.41785
809.96423	962.93463
810.01599	961.69922
810.06775	967.92798
810.11957	959.90088
810.17133	956.52631
810.22308	961.07379
810.2749	964.16217
810.32666	955.6228
810.37842	956.92883
810.43018	959.52582
810.48199	963.20764
810.53375	957.56311
810.58551	954.6084
810.63727	954.34222
810.68909	955.60419
810.74084	957.09753
810.7926	955.98572
810.84442	959.5517
810.89618	963.61298
810.94794	962.35449
810.99969	960.11267
811.05151	963.3548
811.10327	954.9809
811.15503	952.40948
811.20679	961.68292
811.25861	962.90192
811.31036	960.04523
811.36212	958.94049
811.41394	954.74786
811.4657	957.81311
811.51746	955.8299
811.56921	955.96777
811.62103	964.31793
811.67279	965.05347
811.72455	954.32642
811.77631	953.55511
811.82813	954.20831
811.87988	962.69153
811.93164	959.25555
811.98346	954.62732
812.03522	963.15887
812.08698	966.14008
812.13873	946.86444
812.19055	947.73291
812.24231	960.76544
812.29407	966.52014
812.34583	954.94965
812.39764	947.95282
812.4494	961.5412
812.50116	970.49554
812.55298	952.64777
812.60474	956.289
812.65649	958.0285
812.70825	963.98682
812.76007	950.86328
812.81183	950.19916
812.86359	964.29443
812.91534	960.15735
812.96716	955.82227
813.01892	947.31018
813.07068	947.02112
813.1225	953.48871
813.17426	952.97278
813.22601	952.77692
813.27777	956.14984
813.32959	949.32977
813.38135	948.86304
813.43311	954.13708
813.48486	952.22089
813.53668	951.3446
813.58844	947.50067
813.6402	948.93945
813.69202	955.10565
813.74377	957.96368
813.79553	950.08203
813.84729	947.97821
813.89911	955.1543
813.95087	955.93237
814.00262	961.34338
814.05438	958.09717
814.1062	955.32581
814.15796	956.37756
814.20972	954.66437
814.26154	952.13794
814.31329	948.40131
814.36505	946.77789
814.41681	949.49438
814.46863	955.39838
814.52039	956.3667
814.57214	956.8847
814.6239	948.46429
814.67572	951.73315
814.72748	953.92816
814.77924	952.84576
814.83105	950.88898
814.88281	952.78033
814.93457	952.64984
814.98633	966.21637
815.03815	949.54114
815.0899	952.32776
815.14166	961.70062
815.19342	954.74469
815.24524	951.59137
815.297	953.61707
815.34875	956.79559
815.40057	948.06805
815.45233	948.42163
815.50409	953.76727
815.55585	955.65802
815.60767	953.11377
815.65942	959.56061
815.71118	950.66132
815.76294	953.62189
815.81476	950.88538
815.86652	950.09711
815.91827	957.70276
815.97009	953.52576
816.02185	944.80695
816.07361	948.96265
816.12537	953.73267
816.17719	948.97229
816.22894	941.99512
816.2807	946.53784
816.33246	946.78516
816.38428	943.59906
816.43604	939.10815
816.48779	942.0202
816.53961	947.0426
816.59137	944.27283
816.64313	948.47101
816.69489	951.78088
816.7467	949.48346
816.79846	948.7251
816.85022	944.95844
816.90198	947.58423
816.9538	949.37494
817.00555	945.68695
817.05731	943.85858
817.10913	946.31561
817.16089	947.31677
817.21265	947.29767
817.2644	949.51941
817.31622	959.25403
817.36798	956.82056
817.41974	951.49176
817.4715	953.09991
817.52332	948.12976
817.57507	954.77783
817.62683	945.16364
817.67865	942.02167
817.73041	942.78174
817.78217	958.51801
817.83392	958.71735
817.88574	949.85004
817.9375	943.39624
817.98926	954.17706
818.04102	943.91705
818.09283	951.21118
818.14459	960.84442
818.19635	955.43573
818.24817	957.42786
818.29993	942.38159
818.35168	952.3548
818.40344	958.22662
818.45526	950.79028
818.50702	950.91119
818.55878	958.66333
818.61053	958.73566
818.66235	948.8288
818.71411	945.90991
818.76587	956.70526
818.81769	963.98987
818.86945	958.0011
818.9212	953.06464
818.97296	955.99677
819.02478	964.15381
819.07654	950.29822
819.1283	947.9364
819.18005	957.82269
819.23187	957.57379
819.28363	952.93036
819.33539	955.75623
819.38721	958.07098
819.43896	956.94965
819.49072	952.59766
819.54248	952.57373
819.5943	956.11853
819.64606	953.01849
819.69781	956.57422
819.74957	965.16168
819.80139	962.90973
819.85315	962.01038
819.90491	956.00629
819.95673	952.7616
820.00848	953.95831
820.06024	952.95203
820.112	952.64331
820.16382	951.37036
820.21558	950.4259
820.26733	951.78473
820.31909	955.35559
820.37091	951.9574
820.42267	950.77905
820.47443	958.60333
820.52625	955.63934
820.578	952.61792
820.62976	948.74615
820.68152	947.36536
820.73334	955.98322
820.7851	951.60699
820.83685	962.23633
820.88861	947.16174
820.94043	950.72015
820.99219	957.14789
821.04395	949.35046
821.09576	952.8656
821.14752	954.68854
821.19928	948.11462
821.25104	956.59229
821.30286	950.40991
821.35461	944.79755
821.40637	946.45062
821.45813	951.35193
821.50995	944.30896
821.56171	943.46643
821.61346	954.52771
821.66528	957.54572
821.71704	950.45526
821.7688	944.11603
821.82056	952.51404
821.87238	952.19116
821.92413	947.89447
821.97589	946.11469
822.02765	948.42163
822.07947	947.32764
822.13123	950.54175
822.18298	954.59991
822.2348	959.11163
822.28656	955.77917
822.33832	949.39203
822.39008	953.72083
822.44189	958.34436
822.49365	958.22479
822.54541	953.97961
822.59717	950.65375
822.64899	951.58459
822.70074	952.46881
822.7525	950.65973
822.80432	951.68549
822.85608	956.83856
822.90784	957.55713
822.95959	955.28619
823.01141	950.83856
823.06317	955.46063
823.11493	954.73181
823.16669	960.65649
823.21851	949.98877
823.27026	952.74518
823.32202	953.612
823.37384	945.56335
823.4256	945.97644
823.47736	960.09943
823.52911	947.76306
823.58093	951.47205
823.63269	958.53644
823.68445	957.50629
823.73621	949.99554
823.78802	947.74084
823.83978	960.46729
823.89154	964.50452
823.94336	954.2309
823.99512	959.18719
824.04688	955.82916
824.09863	951.73523
824.15045	953.03564
824.20221	956.10193
824.25397	960.28601
824.30573	959.07764
824.35754	952.91901
824.4093	954.69702
824.46106	960.35242
824.51288	963.4873
824.56464	965.77069
824.61639	962.18347
824.66815	965.99786
824.71997	965.70953
824.77173	956.22919
824.82349	949.91949
824.87524	962.35339
824.92706	961.13776
824.97882	953.05261
825.03058	955.70209
825.0824	958.32007
825.13416	956.7099
825.18591	957.97333
825.23767	959.99146
825.28949	963.68176
825.34125	965.85138
825.39301	953.5415
825.44476	952.62231
825.49658	959.21246
825.54834	959.89813
825.6001	959.10864
825.65192	954.77502
825.70367	954.25958
825.75543	954.0697
825.80719	954.38098
825.85901	959.95599
825.91077	959.6665
825.96252	956.36255
826.01428	949.172
826.0661	947.06598
826.11786	960.18097
826.16962	955.63666
826.22144	956.9231
826.27319	951.99982
826.32495	961.45197
826.37671	961.28601
826.42853	948.16827
826.48029	952.42853
826.53204	962.06763
826.5838	955.05151
826.63562	956.66119
826.68738	958.81134
826.73914	950.01617
826.79095	956.18042
826.84271	956.39453
826.89447	963.28784
826.94623	952.82227
826.99805	949.31909
827.0498	951.93573
827.10156	961.88867
827.15332	959.67004
827.20514	958.7666
827.2569	965.87085
827.30865	956.60901
827.36047	952.94592
827.41223	952.83026
827.46399	955.50891
827.51575	961.33771
827.56757	959.96472
827.61932	953.21979
827.67108	946.90997
827.72284	950.28552
827.77466	955.35577
827.82642	955.97156
827.87817	956.02991
827.92999	958.15814
827.98175	953.21332
828.03351	952.79468
828.08527	952.75562
828.13708	961.24261
828.18884	949.83289
828.2406	949.64032
828.29236	959.67737
828.34418	959.34656
828.39594	954.16553
828.44769	949.84882
828.49951	955.97253
828.55127	954.99384
828.60303	950.16113
828.65479	943.15387
828.7066	950.56982
828.75836	953.27844
828.81012	944.8902
828.86188	952.27582
828.9137	951.65192
828.96545	949.59155
829.01721	953.52637
829.06903	955.0752
829.12079	950.40118
829.17255	953.16071
829.2243	947.27228
829.27612	949.08734
829.32788	957.93719
829.37964	959.86609
829.4314	947.23163
829.48322	947.8985
829.53497	951.71869
829.58673	952.67834
829.63855	957.56396
829.69031	950.30042
829.74207	948.69781
829.79382	945.9762
829.84564	945.35468
829.8974	946.32294
829.94916	946.94818
830.00092	941.06793
830.05273	943.16949
830.10449	948.47504
830.15625	949.81165
830.20807	950.78821
830.25983	946.82764
830.31158	943.71613
830.36334	942.58862
830.41516	945.43109
830.46692	941.50958
830.51868	944.72931
830.57043	944.13678
830.62225	939.24493
830.67401	936.16888
830.72577	941.47705
830.77759	938.79517
830.82935	948.51312
830.8811	939.06305
830.93286	940.04059
830.98468	939.70892
831.03644	941.46307
831.0882	945.54651
831.13995	944.02203
831.19177	949.55109
831.24353	940.45892
831.29529	942.04712
831.34711	937.41833
831.39886	942.87653
831.45062	930.27063
831.50238	935.44189
831.5542	945.60413
831.60596	943.38031
831.65771	937.55304
831.70947	936.20032
831.76129	934.09857
831.81305	939.83209
831.86481	941.27863
831.91663	943.97772
831.96838	940.2384
832.02014	938.99133
832.0719	936.47375
832.12372	936.36438
832.17548	941.67688
832.22723	942.17371
832.27899	938.75684
832.33081	937.81415
832.38257	935.1795
832.43433	935.97974
832.48615	936.33215
832.5379	933.66107
832.58966	935.59839
832.64142	937.69678
832.69324	939.61438
832.745	939.77545
832.79675	940.86835
832.84851	933.64789
832.90033	940.11279
832.95209	945.61218
833.00385	941.12335
833.05566	939.65247
833.10742	940.38373
833.15918	939.06348
833.21094	945.00989
833.26276	936.7019
833.31451	939.3808
833.36627	941.38873
833.41803	941.51062
833.46985	940.69189
833.52161	944.20709
833.57336	948.42615
833.62518	942.20807
833.67694	939.72571
833.7287	945.68616
833.78046	950.06714
833.83228	944.46857
833.88403	947.76031
833.93579	943.46674
833.98755	942.76398
834.03937	949.43103
834.09113	949.25916
834.14288	949.27405
834.1947	954.20685
834.24646	960.21259
834.29822	960.10217
834.34998	960.91504
834.40179	960.43036
834.45355	959.40076
834.50531	966.20111
834.55707	969.21759
834.60889	971.65228
834.66064	975.14215
834.7124	968.94818
834.76422	971.70367
834.81598	976.35486
834.86774	975.48688
834.91949	983.94855
834.97131	988.60034
835.02307	992.48785
835.07483	995.88812
835.12659	993.15607
835.17841	995.87744
835.23016	1000.547
835.28192	1010.7155
835.33374	1005.1099
835.3855	1017.3019
835.43726	1023.0015
835.48901	1029.1981
835.54083	1031.0297
835.59259	1042.1949
835.64435	1034.4784
835.69611	1039.224
835.74792	1046.1349
835.79968	1048.0895
835.85144	1050.7955
835.90326	1051.2551
835.95502	1043.78
836.00677	1055.2943
836.05853	1061.3125
836.11035	1052.4412
836.16211	1067.3545
836.21387	1055.7153
836.26563	1064.0596
836.31744	1054.2576
836.3692	1068.5323
836.42096	1055.8618
836.47278	1075.2483
836.52454	1075.2683
836.57629	1068.3915
836.62805	1064.9639
836.67987	1067.2716
836.73163	1067.7107
836.78339	1066.1293
836.83514	1058.8799
836.88696	1066.1871
836.93872	1060.0859
836.99048	1056.8658
837.04224	1067.7246
837.09406	1061.6582
837.14581	1049.9368
837.19757	1053.5415
837.24939	1053.7148
837.30115	1059.8794
837.35291	1061.7202
837.40466	1072.0425
837.45648	1074.0837
837.50824	1067.7529
837.56	1074.9757
837.61176	1080.3458
837.66357	1071.4097
837.71533	1059.782
837.76709	1063.7808
837.81891	1082.0786
837.87067	1084.601
837.92242	1092.4205
837.97418	1106.2678
838.026	1111.8265
838.07776	1126.1749
838.12952	1145.1799
838.18127	1138.1333
838.23309	1144.4524
838.28485	1176.7739
838.33661	1187.2944
838.38843	1202.179
838.44019	1217.6736
838.49194	1247.3052
838.5437	1259.4501
838.59552	1273.2817
838.64728	1284.9235
838.69904	1307.9648
838.75079	1338.1326
838.80261	1340.399
838.85437	1337.9175
838.90613	1357.7291
838.95795	1350.5918
839.0097	1355.3342
839.06146	1361.5419
839.11322	1349.5608
839.16504	1359.4452
839.2168	1350.4586
839.26855	1328.0208
839.32031	1312.6123
839.37213	1301.3669
839.42389	1288.1721
839.47565	1304.741
839.52747	1278.8112
839.57922	1267.4908
839.63098	1256.3661
839.68274	1255.6124
839.73456	1228.687
839.78632	1216.7347
839.83807	1215.3912
839.88983	1217.7119
839.94165	1219.4941
839.99341	1211.7908
840.04517	1199.6442
840.09698	1202.1864
840.14874	1206.2665
840.2005	1201.8984
840.25226	1182.7517
840.30408	1193.6857
840.35583	1196.4196
840.40759	1188.309
840.45935	1182.5884
840.51117	1204.1265
840.56293	1211.9969
840.61469	1217.0822
840.6665	1215.6041
840.71826	1214.1639
840.77002	1212.7167
840.82178	1227.7965
840.8736	1249.262
840.92535	1241.6034
840.97711	1234.1432
841.02887	1241.1068
841.08069	1245.3834
841.13245	1248.2144
841.1842	1240.0486
841.23602	1235.6246
841.28778	1231.2512
841.33954	1239.6888
841.3913	1230.6271
841.44312	1218.4113
841.49487	1221.1757
841.54663	1221.4244
841.59839	1215.4729
841.65021	1211.9476
841.70197	1199.9939
841.75372	1198.2777
841.80554	1198.0115
841.8573	1217.576
841.90906	1178.5958
841.96082	1182.514
842.01263	1170.454
842.06439	1181.2378
842.11615	1187.7023
842.16791	1166.8129
842.21973	1169.4164
842.27148	1165.0557
842.32324	1146.5166
842.37506	1161.4187
842.42682	1145.0189
842.47858	1150.6401
842.53033	1129.9679
842.58215	1147.4695
842.63391	1151.3217
842.68567	1148.8436
842.73743	1142.2146
842.78925	1159.7871
842.841	1161.6023
842.89276	1164.278
842.94458	1166.4125
842.99634	1154.875
843.0481	1158.833
843.09985	1173.5128
843.15167	1189.4873
843.20343	1192.9413
843.25519	1176.1768
843.30695	1173.0968
843.35876	1184.6622
843.41052	1179.7378
843.46228	1166.7238
843.5141	1160.3876
843.56586	1151.9585
843.61761	1155.9963
843.66937	1169.3535
843.72119	1164.7732
843.77295	1163.093
843.82471	1167.3284
843.87646	1155.2776
843.92828	1145.825
843.98004	1151.7673
844.0318	1160.4788
844.08362	1152.0342
844.13538	1139.8348
844.18713	1138.9147
844.23889	1137.2888
844.29071	1144.0568
844.34247	1143.0201
844.39423	1141.4121
844.44598	1147.2554
844.4978	1155.2965
844.54956	1140.9821
844.60132	1133.1105
844.65314	1142.2792
844.7049	1154.8879
844.75665	1154.0135
844.80841	1150.999
844.86023	1165.4178
844.91199	1159.5311
844.96375	1152.3917
845.0155	1142.778
845.06732	1155.2743
845.11908	1155.3536
845.17084	1146.1331
845.22266	1159.7954
845.27441	1155.0223
845.32617	1162.8806
845.37793	1166.809
845.42975	1158.7614
845.48151	1148.7733
845.53326	1152.501
845.58502	1148.8096
845.63684	1151.6503
845.6886	1142.9642
845.74036	1150.2252
845.79218	1150.5797
845.84393	1139.5527
845.89569	1135.6251
845.94745	1123.3464
845.99927	1131.4906
846.05103	1129.0674
846.10278	1127.2084
846.15454	1113.7922
846.20636	1103.1
846.25812	1108.6227
846.30988	1095.571
846.36169	1102.5768
846.41345	1106.6012
846.46521	1100.7631
846.51697	1107.9545
846.56879	1109.3247
846.62054	1100.99
846.6723	1092.9277
846.72406	1089.9138
846.77588	1077.8064
846.82764	1082.7018
846.87939	1097.113
846.93121	1092.3174
846.98297	1090.4795
847.03473	1088.9205
847.08649	1097.3383
847.13831	1093.4824
847.19006	1091.248
847.24182	1101.0341
847.29358	1098.5057
847.3454	1088.5803
847.39716	1091.9873
847.44891	1095.3391
847.50073	1092.4119
847.55249	1105.2913
847.60425	1095.5725
847.65601	1096.594
847.70782	1104.6121
847.75958	1102.7749
847.81134	1111.2683
847.8631	1114.3395
847.91492	1100.2263
847.96667	1086.3107
848.01843	1113.1146
848.07025	1123.5859
848.12201	1114.4623
848.17377	1100.3596
848.22552	1104.8977
848.27734	1118.6989
848.3291	1118.7391
848.38086	1116.448
848.43262	1107.6331
848.48444	1097.316
848.53619	1102.7476
848.58795	1092.7385
848.63977	1095.6564
848.69153	1094.1116
848.74329	1085.1982
848.79504	1086.3494
848.84686	1087.4048
848.89862	1087.9622
848.95038	1087.7333
849.00214	1084.7089
849.05396	1078.5931
849.10571	1077.8375
849.15747	1067.0405
849.20929	1066.9882
849.26105	1077.5665
849.31281	1071.9717
849.36456	1068.0903
849.41638	1062.9883
849.46814	1053.1746
849.5199	1052.2775
849.57166	1048.9175
849.62347	1052.1184
849.67523	1046.9115
849.72699	1049.509
849.77881	1063.2295
849.83057	1051.564
849.88232	1053.8044
849.93408	1054.5791
849.9859	1045.813
850.03766	1036.9457
850.08942	1041.897
850.14117	1043.8851
850.19299	1034.9801
850.24475	1035.4557
850.29651	1045.8646
850.34833	1047.3412
850.40009	1030.7244
850.45184	1039.3156
850.5036	1046.0765
850.55542	1046.9362
850.60718	1041.9603
850.65894	1044.865
850.71069	1036.7869
850.76251	1031.7709
850.81427	1025.2893
850.86603	1026.8844
850.91785	1041.0266
850.9696	1033.0732
851.02136	1029.3768
851.07312	1021.796
851.12494	1022.4614
851.1767	1009.4263
851.22845	1015.5519
851.28021	1013.931
851.33203	1015.1088
851.38379	1018.1668
851.43555	1022.9598
851.48737	1017.3719
851.53912	1005.6797
851.59088	1012.8399
851.64264	1012.1584
851.69446	1009.5004
851.74622	1005.2851
851.79797	1004.75
851.84973	1006.1129
851.90155	995.24847
851.95331	992.12842
852.00507	999.65179
852.05688	991.33453
852.10864	993.59192
852.1604	989.31964
852.21216	987.86279
852.26398	990.66321
852.31573	983.94257
852.36749	983.07764
852.41925	980.07404
852.47107	980.63281
852.52283	980
852.57458	984.72992
852.6264	971.76984
852.67816	979.62323
852.72992	973.24701
852.78168	969.46155
852.8335	969.34772
852.88525	977.67249
852.93701	960.75592
852.98877	973.27368
853.04059	962.15063
853.09235	954.91492
853.1441	969.30707
853.19592	961.39563
853.24768	961.67023
853.29944	960.73468
853.3512	961.99396
853.40302	965.66046
853.45477	954.67224
853.50653	957.36737
853.55829	958.30804
853.61011	950.65997
853.66187	952.35602
853.71362	948.78699
853.76544	948.34332
853.8172	950.25806
853.86896	954.22815
853.92072	956.50916
853.97253	950.31116
854.02429	948.53064
854.07605	948.37372
854.12781	944.80054
854.17963	946.0415
854.23138	945.99646
854.28314	947.20367
854.33496	949.15973
854.38672	945.45081
854.43848	949.13208
854.49023	946.17291
854.54205	937.99756
854.59381	943.10962
854.64557	940.84039
854.69733	940.23395
854.74915	942.65546
854.8009	943.24231
854.85266	948.07971
854.90448	945.51215
854.95624	947.27948
855.008	934.67639
855.05975	938.96735
855.11157	936.07312
855.16333	937.59106
855.21509	930.08154
855.26685	938.99689
855.31866	931.73254
855.37042	941.51593
855.42218	931.85046
855.474	935.58038
855.52576	940.66235
855.57751	934.38525
855.62927	932.76959
855.68109	939.7514
855.73285	936.26337
855.78461	931.88025
855.83636	932.58099
855.88818	932.53424
855.93994	933.29944
855.9917	935.35516
856.04352	941.74286
856.09528	933.34027
856.14703	930.11462
856.19879	939.48633
856.25061	935.71075
856.30237	932.38959
856.35413	935.87262
856.40588	935.25916
856.4577	932.97882
856.50946	930.17505
856.56122	935.06421
856.61304	931.78754
856.66479	930.32336
856.71655	935.63965
856.76831	932.03662
856.82013	929.01251
856.87189	932.17108
856.92365	934.12854
856.9754	931.72192
857.02722	932.3941
857.07898	937.50293
857.13074	937.61255
857.18256	927.44531
857.23431	933.36017
857.28607	938.87836
857.33783	929.11481
857.38965	926.24225
857.44141	929.1925
857.49316	931.86151
857.54492	926.07452
857.59674	933.65216
857.6485	929.23865
857.70026	929.58307
857.75208	928.7052
857.80383	936.68262
857.85559	926.22437
857.90735	928.73645
857.95917	930.16388
858.01093	926.50824
858.06268	925.48224
858.11444	922.73816
858.16626	925.30054
858.21802	922.80249
858.26978	924.50165
858.32159	920.92548
858.37335	922.22144
858.42511	926.09741
858.47687	927.1413
858.52869	926.37543
858.58044	918.73871
858.6322	924.28522
858.68396	926.00677
858.73578	926.2663
858.78754	928.52863
858.83929	930.19806
858.89111	927.27521
858.94287	925.91199
858.99463	927.92993
859.04639	926.73157
859.09821	927.69012
859.14996	927.28711
859.20172	926.82312
859.25348	923.06842
859.3053	921.34015
859.35706	921.14801
859.40881	925.69061
859.46063	926.00201
859.51239	927.40881
859.56415	926.4079
859.61591	931.25977
859.66772	925.80438
859.71948	926.62079
859.77124	929.1731
859.823	925.86523
859.87482	922.23608
859.92657	925.27899
859.97833	924.49548
860.03015	926.94049
860.08191	923.95929
860.13367	924.04797
860.18542	926.54169
860.23724	927.82819
860.289	925.98041
860.34076	922.07251
860.39252	923.53961
860.44434	925.3031
860.49609	919.47974
860.54785	927.3905
860.59967	925.55151
860.65143	925.00909
860.70319	924.56439
860.75494	928.22925
860.80676	923.09888
860.85852	924.65643
860.91028	933.91772
860.96204	928.43317
861.01385	919.78278
861.06561	921.96326
861.11737	921.47186
861.16919	923.422
861.22095	920.60358
861.27271	921.03699
861.32446	922.0556
861.37628	920.22729
861.42804	915.46228
861.4798	916.64392
861.53156	921.15613
861.58337	921.70654
861.63513	920.68097
861.68689	924.68365
861.73871	923.03314
861.79047	922.63165
861.84222	917.35651
861.89398	918.69775
861.9458	923.52655
861.99756	920.92993
862.04932	919.91443
862.10107	924.3609
862.15289	925.77362
862.20465	920.62903
862.25641	921.31451
862.30823	917.86188
862.35999	926.67572
862.41174	917.48108
862.4635	921.25427
862.51532	927.09277
862.56708	920.00616
862.61884	921.83954
862.67059	924.47107
862.72241	920.89343
862.77417	920.95135
862.82593	919.21051
862.87775	921.92163
862.9295	917.45581
862.98126	919.92438
863.03302	922.29742
863.08484	918.96655
863.1366	917.07135
863.18835	920.33649
863.24011	920.4856
863.29193	920.46082
863.34369	921.04364
863.39545	921.54456
863.44727	918.45856
863.49902	920.95453
863.55078	919.98962
863.60254	916.35565
863.65436	920.08929
863.70612	923.4248
863.75787	922.30621
863.80963	917.14752
863.86145	920.98016
863.91321	922.21893
863.96497	922.24066
864.01678	923.54193
864.06854	919.62225
864.1203	918.85748
864.17206	917.65875
864.22388	922.00665
864.27563	917.41412
864.32739	915.41919
864.37915	917.39783
864.43097	917.51398
864.48273	916.33704
864.53448	916.77112
864.5863	913.55115
864.63806	927.1756
864.68982	915.15656
864.74158	922.53339
864.7934	917.88361
864.84515	920.61523
864.89691	918.91339
864.94867	917.06598
865.00049	921.46063
865.05225	920.27509
865.104	922.28223
865.15582	918.26019
865.20758	916.20319
865.25934	918.66498
865.3111	921.64069
865.36292	923.19983
865.41467	918.68506
865.46643	918.73169
865.51819	918.55756
865.57001	915.7738
865.62177	918.13196
865.67352	919.22528
865.72534	917.58551
865.7771	918.06061
865.82886	918.2782
865.88062	917.47076
865.93243	918.52167
865.98419	917.90344
866.03595	915.1925
866.08771	916.34479
866.13953	914.09186
866.19128	914.78094
866.24304	922.39331
866.29486	922.49695
866.34662	920.12567
866.39838	913.69958
866.45013	916.07385
866.50195	920.62079
866.55371	917.27209
866.60547	919.75348
866.65723	916.992
866.70905	917.61658
866.7608	917.2774
866.81256	916.46069
866.86438	912.65088
866.91614	922.74487
866.9679	915.97351
867.01965	918.12952
867.07147	919.01355
867.12323	916.25696
867.17499	921.29364
867.22675	920.48914
867.27856	915.15454
867.33032	915.47363
867.38208	918.63049
867.4339	920.35425
867.48566	915.70172
867.53741	914.69446
867.58917	915.11975
867.64099	915.05151
867.69275	916.38171
867.74451	911.65942
867.79626	915.73322
867.84808	918.65479
867.89984	915.7019
867.9516	915.45538
868.00342	915.6684
868.05518	913.83527
868.10693	915.59198
868.15869	915.00867
868.21051	918.51233
868.26227	914.35168
868.31403	911.50653
868.36578	913.9978
868.4176	913.50195
868.46936	914.20367
868.52112	915.14514
868.57294	912.92352
868.62469	913.20898
868.67645	915.99133
868.72821	916.41241
868.78003	913.12878
868.83179	914.07678
868.88354	913.02405
868.9353	916.69562
868.98712	918.53577
869.03888	911.99786
869.09064	915.53943
869.14246	913.35242
869.19421	913.03003
869.24597	914.86267
869.29773	913.12842
869.34955	913.2052
869.40131	916.44977
869.45306	918.93457
869.50482	914.80688
869.55664	911.37531
869.6084	914.67792
869.66016	918.57678
869.71198	915.91577
869.76373	913.43463
869.81549	914.29742
869.86725	916.19495
869.91907	913.11237
869.97083	916.49432
870.02258	917.25873
870.07434	918.97974
870.12616	918.12469
870.17792	916.46088
870.22968	915.62146
870.28149	914.39612
870.33325	915.35114
870.38501	913.65222
870.43677	914.02008
870.48859	915.66028
870.54034	916.96356
870.5921	913.21552
870.64386	918.81677
870.69568	915.24744
870.74744	912.74335
870.79919	913.34424
870.85101	914.2038
870.90277	913.34253
870.95453	914.80487
871.00629	914.46613
871.05811	914.25891
871.10986	917.95276
871.16162	917.09674
871.21338	917.28027
871.2652	914.83948
871.31696	915.66705
871.36871	917.72437
871.42053	915.87744
871.47229	914.31512
871.52405	915.83734
871.57581	912.97211
871.62762	913.052
871.67938	912.66333
871.73114	914.2229
871.7829	914.98914
871.83472	914.72467
871.88647	914.44244
871.93823	912.7561
871.99005	910.64838
872.04181	914.62274
872.09357	915.44287
872.14532	913.9671
872.19714	913.27289
872.2489	914.1651
872.30066	912.38745
872.35242	914.99109
872.40424	913.28741
872.45599	913.44641
872.50775	912.3172
872.55957	913.87335
872.61133	914.08356
872.66309	917.53351
872.71484	914.43622
872.76666	914.55811
872.81842	910.61639
872.87018	914.97223
872.92194	913.9975
872.97375	913.28638
873.02551	914.70129
873.07727	912.29779
873.12909	909.63751
873.18085	914.96301
873.2326	912.84576
873.28436	914.85132
873.33618	916.22583
873.38794	914.80664
873.4397	914.58588
873.49146	915.8161
873.54327	913.56494
873.59503	912.3891
873.64679	913.47247
873.69861	916.08521
873.75037	915.53717
873.80212	915.22839
873.85388	913.01721
873.9057	912.22937
873.95746	914.5174
874.00922	917.10919
874.06097	915.90826
874.11279	914.4798
874.16455	913.15076
874.21631	914.97412
874.26813	916.6344
874.31989	917.97144
874.37164	917.51947
874.4234	913.53906
874.47522	915.95789
874.52698	914.56281
874.57874	916.01086
874.63049	912.1449
874.68231	913.70032
874.73407	914.6391
874.78583	919.41492
874.83765	916.95764
874.8894	911.03717
874.94116	913.23035
874.99292	916.5495
875.04474	915.35132
875.0965	908.40051
875.14825	914.57159
875.20001	917.99219
875.25183	913.66882
875.30359	914.33813
875.35535	917.89929
875.40717	913.7135
875.45892	910.17627
875.51068	913.52673
875.56244	915.73572
875.61426	913.3009
875.66602	913.88684
875.71777	915.63245
875.76953	915.7204
875.82135	912.86957
875.87311	913.2478
875.92487	912.85242
875.97668	912.40765
876.02844	912.43634
876.0802	910.90375
876.13196	910.95587
876.18378	914.38684
876.23553	912.23492
876.28729	910.73083
876.33905	911.36932
876.39087	913.84918
876.44263	911.01642
876.49438	912.65509
876.5462	912.37579
876.59796	913.31171
876.64972	911.73004
876.70148	911.80359
876.7533	914.03833
876.80505	915.61395
876.85681	909.32172
876.90857	916.53882
876.96039	917.4624
877.01215	912.57428
877.0639	913.65991
877.11572	918.40082
877.16748	913.47467
877.21924	910.11884
877.271	911.60364
877.32281	912.01508
877.37457	915.28198
877.42633	913.10504
877.47809	912.20636
877.52991	912.43488
877.58167	914.16296
877.63342	912.66046
877.68524	911.56256
877.737	914.8147
877.78876	915.49603
877.84052	911.11243
877.89233	911.38293
877.94409	911.29852
877.99585	910.86786
878.04761	912.07874
878.09943	915.71448
878.15118	916.01135
878.20294	912.76263
878.25476	912.19244
878.30652	912.21356
878.35828	910.47791
878.41003	913.00153
878.46185	913.09229
878.51361	916.77075
878.56537	914.53278
878.61713	917.24634
878.66895	913.75763
878.7207	916.60327
878.77246	913.48871
878.82428	911.16449
878.87604	916.95703
878.9278	915.18414
878.97955	910.27484
879.03137	916.55865
879.08313	910.59961
879.13489	917.31494
879.18665	913.12628
879.23846	909.06299
879.29022	911.84448
879.34198	919.06665
879.39374	910.81787
879.44556	913.60162
879.49731	915.24811
879.54907	912.85437
879.60089	915.62421
879.65265	916.7934
879.70441	909.73749
879.75616	910.31396
879.80798	914.51788
879.85974	914.22955
879.9115	911.69934
879.96326	912.51373
880.01508	918.00647
880.06683	914.08569
880.11859	912.3786
880.17041	916.03613
880.22217	916.51703
880.27393	911.26892
880.32568	912.34131
880.3775	914.62543
880.42926	913.2406
880.48102	912.34027
880.53278	913.40076
880.58459	913.03021
880.63635	913.44525
880.68811	912.57837
880.73993	912.52045
880.79169	914.06122
880.84344	915.26056
880.8952	908.16577
880.94702	913.13763
880.99878	916.52075
881.05054	915.73529
881.10229	912.39575
881.15411	909.7597
881.20587	917.37427
881.25763	914.80145
881.30945	910.90674
881.36121	912.53375
881.41296	914.49213
881.46472	911.15332
881.51654	921.45892
881.5683	909.2431
881.62006	919.79669
881.67181	912.22705
881.72363	914.27246
881.77539	916.77637
881.82715	919.48987
881.87897	911.66602
881.93073	910.28082
881.98248	911.79401
882.03424	913.38385
882.08606	912.14063
882.13782	913.86951
882.18958	914.89185
882.24133	913.36261
882.29315	910.71313
882.34491	913.57654
882.39667	915.26233
882.44849	915.08258
882.50024	912.11847
882.552	912.84338
882.60376	915.23907
882.65558	913.42358
882.70734	908.47406
882.75909	906.74121
882.81085	911.61383
882.86267	914.35498
882.91443	911.48187
882.96619	915.27814
883.01801	916.43701
883.06976	914.89856
883.12152	913.74689
883.17328	914.31561
883.2251	911.23206
883.27686	918.54926
883.32861	910.44153
883.38037	906.33105
883.43219	912.89453
883.48395	915.39313
883.53571	913.57281
883.58752	909.54419
883.63928	918.86395
883.69104	909.57983
883.7428	911.49976
883.79462	911.85059
883.84637	915.4964
883.89813	914.94702
883.94989	912.37494
884.00171	917.08368
884.05347	916.23358
884.10522	910.66943
884.15704	909.53589
884.2088	912.14636
884.26056	909.17267
884.31232	912.64929
884.36414	913.76044
884.41589	915.2644
884.46765	913.69147
884.51941	916.11871
884.57123	914.92871
884.62299	914.62469
884.67474	912.44086
884.72656	910.86926
884.77832	912.36145
884.83008	915.21173
884.88184	918.86383
884.93365	913.83051
884.98541	910.4588
885.03717	914.50421
885.08893	914.70575
885.14075	913.59131
885.1925	911.20441
885.24426	912.77124
885.29608	914.2467
885.34784	912.39026
885.3996	914.90997
885.45135	922.86096
885.50317	914.52014
885.55493	911.59644
885.60669	910.01886
885.65845	916.2464
885.71027	915.93665
885.76202	909.57959
885.81378	916.56769
885.8656	918.93994
885.91736	912.09351
885.96912	909.58667
886.02087	914.27991
886.07269	913.33777
886.12445	910.48718
886.17621	903.492
886.22797	913.56067
886.27979	911.45483
886.33154	911.59033
886.3833	911.44843
886.43512	914.81085
886.48688	909.09412
886.53864	912.16699
886.59039	917.45386
886.64221	918.23755
886.69397	917.4024
886.74573	915.17517
886.79749	912.6391
886.8493	915.93811
886.90106	914.62122
886.95282	909.60913
887.00464	910.56268
887.0564	913.1806
887.10815	912.88318
887.15991	911.69177
887.21173	911.38531
887.26349	916.60168
887.31525	908.74615
887.367	912.64294
887.41882	912.32568
887.47058	911.45331
887.52234	915.29675
887.57416	913.63074
887.62592	906.45911
887.67767	915.81647
887.72943	916.85474
887.78125	910.88135
887.83301	906.59723
887.88477	916.3631
887.93652	916.06744
887.98834	913.2525
888.0401	920.29608
888.09186	912.63055
888.14368	911.09174
888.19543	910.45551
888.24719	913.41766
888.29895	916.10553
888.35077	917.51715
888.40253	914.74078
888.45428	913.50842
888.50604	912.60352
888.55786	911.28906
888.60962	913.44556
888.66138	913.6925
888.7132	912.60785
888.76495	915.46326
888.81671	918.07159
888.86847	915.73199
888.92029	914.60815
888.97205	912.20099
889.0238	912.15198
889.07556	916.49646
889.12738	915.35083
889.17914	914.16333
889.2309	910.0484
889.28271	913.84772
889.33447	921.15729
889.38623	914.13574
889.43799	914.6629
889.48981	911.10846
889.54156	912.04053
889.59332	914.53607
889.64508	914.34625
889.6969	912.41687
889.74866	909.87921
889.80042	909.79987
889.85223	913.34137
889.90399	915.5094
889.95575	919.02783
890.00751	909.63867
890.05933	912.60461
890.11108	911.06427
890.16284	910.05212
890.2146	912.19904
890.26642	914.64154
890.31818	910.90985
890.36993	911.14099
890.42175	911.3916
890.47351	913.44299
890.52527	914.05908
890.57703	914.31067
890.62885	914.92596
890.6806	913.58112
890.73236	915.2691
890.78412	914.29095
890.83594	913.52295
890.8877	915.92743
890.93945	912.09619
890.99127	908.94666
891.04303	909.13953
891.09479	910.04712
891.14655	911.42694
891.19836	910.35846
891.25012	909.38989
891.30188	911.87628
891.35364	913.9126
891.40546	915.45087
891.45721	916.15948
891.50897	916.24347
891.56079	918.00439
891.61255	912.33704
891.66431	916.40826
891.71606	915.29535
891.76788	913.75494
891.81964	916.25354
891.8714	917.75116
891.92316	918.36218
891.97498	919.12335
892.02673	908.88013
892.07849	914.08655
892.13031	916.30872
892.18207	916.12872
892.23383	913.60724
892.28558	913.84558
892.3374	914.74603
892.38916	912.06256
892.44092	912.53741
892.49268	914.56781
892.54449	914.0592
892.59625	910.77405
892.64801	911.97986
892.69983	916.43561
892.75159	915.23468
892.80334	912.92633
892.8551	908.66827
892.90692	909.3988
892.95868	914.28131
893.01044	910.39948
893.06219	910.76624
893.11401	912.01447
893.16577	928.19879
893.21753	917.67859
893.26935	913.83307
893.32111	909.98297
893.37286	909.08667
893.42462	910.85254
893.47644	914.63104
893.5282	911.61646
893.57996	912.0921
893.63171	906.98126
893.68353	917.35248
893.73529	916.67206
893.78705	914.04376
893.83887	909.29321
893.89063	911.74243
893.94238	912.92462
893.99414	914.10895
894.04596	908.26941
894.09772	914.15802
894.14948	914.15631
894.20123	912.71808
894.25305	910.41718
894.30481	915.03772
894.35657	911.30963
894.40839	913.5578
894.46014	915.4599
894.5119	913.04675
894.56366	914.71613
894.61548	915
894.66724	911.46423
894.71899	913.21967
894.77075	913.64374
894.82257	911.1983
894.87433	911.33643
894.92609	914.53705
894.97791	913.07428
895.02966	913.48364
895.08142	913.92523
895.13318	913.62384
895.185	916.6424
895.23676	916.83801
895.28851	915.80933
895.34027	917.70764
895.39209	910.33673
895.44385	913.57062
895.49561	912.73425
895.54742	908.35101
895.59918	917.35681
895.65094	913.60431
895.7027	908.93451
895.75452	919.90869
895.80627	915.73346
895.85803	906.87518
895.90979	913.9245
895.96161	918.10718
896.01337	912.4198
896.06512	910.69354
896.11694	914.96338
896.1687	915.95209
896.22046	913.16949
896.27222	908.08142
896.32404	911.22949
896.37579	913.73444
896.42755	910.34302
896.47931	913.42365
896.53113	917.2381
896.58289	912.84161
896.63464	909.50488
896.68646	913.57922
896.73822	916.625
896.78998	913.44623
896.84174	916.18823
896.89355	917.57312
896.94531	914.30756
896.99707	913.7793
897.04883	909.96216
897.10065	913.57971
897.1524	914.65692
897.20416	912.89832
897.25598	908.27502
897.30774	914.62225
897.3595	911.90234
897.41125	911.54865
897.46307	924.60413
897.51483	906.13251
897.56659	911.52112
897.61835	910.56708
897.67017	910.60657
897.72192	906.7677
897.77368	916.83557
897.8255	914.96716
897.87726	911.65234
897.92902	911.0155
897.98077	915.02356
898.03259	916.94025
898.08435	917.27118
898.13611	917.83661
898.18787	918.04181
898.23969	911.76141
898.29144	913.27484
898.3432	912.1825
898.39502	915.13715
898.44678	915.01672
898.49854	911.4585
898.55029	909.95624
898.60211	912.71558
898.65387	912.25732
898.70563	912.42401
898.75739	916.84204
898.8092	918.15454
898.86096	913.29474
898.91272	909.61859
898.96454	912.50928
899.0163	913.49561
899.06805	913.07495
899.11981	909.52722
899.17163	912.12109
899.22339	916.17957
899.27515	910.78174
899.3269	907.5481
899.37872	920.92883
899.43048	913.55304
899.48224	915.48022
899.53406	915.61829
899.58582	916.37012
899.63757	910.55426
899.68933	905.22894
899.74115	918.07483
899.79291	917.29297
899.84467	913.86371
899.89642	913.94519
899.94824	913.70776
900	915.31812
