350	913.38214
350.05179	909.44366
350.10355	913.38965
350.15533	912.21637
350.20709	916.31525
350.25888	908.51312
350.31064	914.33508
350.36243	913.07208
350.41418	913.45404
350.46597	908.10114
350.51773	918.83435
350.56952	912.85748
350.62131	909.42804
350.67307	910.17969
350.72485	909.32184
350.77661	911.97034
350.8284	912.25446
350.88016	912.32434
350.93195	912.13702
350.9837	914.88721
351.03549	916.78125
351.08725	914.57611
351.13904	912.67963
351.19083	915.75214
351.24258	916.10852
351.29437	911.96808
351.34613	912.32391
351.39792	913.61224
351.44968	913.43567
351.50146	915.25366
351.55322	913.45807
351.60501	912.51599
351.65677	913.99164
351.70856	911.99115
351.76035	914.58026
351.8121	913.57245
351.86389	909.32758
351.91565	909.63397
351.96744	912.08765
352.0192	910.65741
352.07098	911.99432
352.12274	912.23077
352.17453	910.68945
352.22629	913.77722
352.27808	910.86261
352.32986	908.42297
352.38162	909.88367
352.43341	913.24506
352.48517	913.87958
352.53696	910.76355
352.58871	912.16504
352.6405	911.98572
352.69226	907.77899
352.74405	915.72455
352.79581	920.2356
352.8476	916.76917
352.89938	911.76599
352.95114	915.66748
353.00293	915.86584
353.05469	913.2641
353.10648	912.08014
353.15823	911.89233
353.21002	914.4931
353.26178	914.17389
353.31357	912.12225
353.36533	911.12872
353.41711	911.10175
353.4689	910.51715
353.52066	907.8042
353.57245	909.01086
353.62421	912.30438
353.67599	910.6618
353.72775	909.70264
353.77954	911.28882
353.8313	914.35394
353.88309	916.48041
353.93484	915.13153
353.98663	912.909
354.03842	908.45856
354.09018	913.35828
354.14197	912.82166
354.19373	909.78961
354.24551	913.22614
354.29727	911.79126
354.34906	910.84882
354.40082	910.85754
354.45261	911.83063
354.50436	912.80426
354.55615	919.39471
354.60794	916.19238
354.6597	915.3938
354.71149	916.62921
354.76324	906.7785
354.81503	912.96698
354.86679	914.04132
354.91858	915.73828
354.97034	912.6275
355.02213	913.47003
355.07388	913.97711
355.12567	910.15802
355.17746	910.88446
355.22922	910.77496
355.28101	911.29498
355.33276	912.59674
355.38455	913.08252
355.43631	911.75262
355.4881	911.5426
355.53986	914.44836
355.59164	915.41345
355.6434	914.93243
355.69519	914.41302
355.74698	913.22723
355.79874	913.40723
355.85052	911.92236
355.90228	913.54718
355.95407	912.47412
356.00583	913.91467
356.05762	913.2359
356.10938	913.48248
356.16116	909.42603
356.21292	915.08374
356.26471	917.28717
356.3165	919.90436
356.36826	911.72736
356.42004	905.51544
356.4718	909.87427
356.52359	913.26691
356.57535	912.77722
356.62714	912.28754
356.67889	913.66144
356.73068	910.13251
356.78244	909.31854
356.83423	915.69708
356.88602	913.83685
356.93777	914.46887
356.98956	912.39661
357.04132	915.55493
357.09311	912.69812
357.14487	915.16302
357.19666	913.99432
357.24841	912.07941
357.3002	909.82294
357.35196	914.27393
357.40375	914.19397
357.45554	909.75391
357.50729	908.77527
357.55908	910.52563
357.61084	910.49609
357.66263	911.10419
357.71439	913.44824
357.76617	913.30359
357.81793	910.74023
357.86972	909.95221
357.92148	913.19702
357.97327	911.40808
358.02505	910.31329
358.07681	913.22473
358.1286	916.20831
358.18036	913.20898
358.23215	913.61163
358.28391	914.76044
358.33569	912.54932
358.38745	912.02539
358.43924	913.9364
358.491	911.69763
358.54279	911.4397
358.59457	907.30774
358.64633	910.70062
358.69812	911.67432
358.74988	910.72778
358.80167	907.41028
358.85342	916.30017
358.90521	916.73871
358.95697	919.27063
359.00876	914.64221
359.06052	911.23157
359.1123	911.86157
359.16409	911.40619
359.21585	914.8855
359.26764	911.85779
359.3194	912.59833
359.37119	912.6593
359.42294	909.57764
359.47473	909.71771
359.52649	911.85638
359.57828	912.94501
359.63004	910.95618
359.68182	911.78363
359.73361	915.40735
359.78537	915.45563
359.83716	913.69476
359.88892	911.85693
359.9407	910.55054
359.99246	911.71521
360.04425	910.85211
360.09601	909.47449
360.1478	912.51813
360.19955	911.56372
360.25134	913.15656
360.30313	913.4447
360.35489	909.30939
360.40668	909.92932
360.45844	916.63159
360.51022	911.34119
360.56198	910.56213
360.61377	917.19867
360.66553	913.01349
360.71732	911.52448
360.76907	909.71136
360.82086	914.10205
360.87262	914.59766
360.92441	914.13385
360.9762	917.34839
361.02795	918.05615
361.07974	913.71106
361.1315	916.51758
361.18329	910.04315
361.23505	913.03204
361.28683	913.70435
361.33859	911.6972
361.39038	910.72443
361.44214	915.92145
361.49393	912.5918
361.54572	909.75452
361.59747	911.18262
361.64926	912.39008
361.70102	914.35535
361.75281	916.1463
361.80457	912.76917
361.85635	910.61487
361.90811	912.56537
361.9599	912.86243
362.01166	913.19037
362.06345	913.71796
362.11523	914.56934
362.16699	917.18622
362.21878	916.73834
362.27054	915.08069
362.32233	913.35248
362.37408	917.56848
362.42587	914.2793
362.47763	911.58331
362.52942	910.47162
362.58118	912.51648
362.63297	913.48413
362.68475	909.37061
362.73651	917.1955
362.7883	914.17297
362.84006	910.50458
362.89185	910.39496
362.9436	918.0351
362.99539	918.0332
363.04715	912.67566
363.09894	917.27899
363.1507	911.97113
363.20248	914.68518
363.25427	913.70532
363.30603	910.95654
363.35782	913.43097
363.40958	915.22998
363.46136	917.86847
363.51312	915.4715
363.56491	913.77539
363.61667	914.22363
363.66846	915.1983
363.72021	912.5097
363.772	913.57489
363.82379	914.69354
363.87555	911.82196
363.92734	912.28613
363.9791	911.25787
364.03088	916.07397
364.08264	915.23254
364.13443	910.61615
364.18619	914.39703
364.23798	913.33771
364.28973	912.72174
364.34152	915.02692
364.39331	913.12262
364.44507	914.3288
364.49686	918.13458
364.54861	915.73132
364.6004	910.43359
364.65216	913.26282
364.70395	911.43787
364.75571	917.29999
364.8075	912.03845
364.85925	910.11279
364.91104	911.39856
364.96283	913.65314
365.01459	906.76837
365.06638	910.75421
365.11813	915.92505
365.16992	914.93542
365.22168	912.49329
365.27347	915.33069
365.32523	917.32202
365.37701	916.98981
365.42877	915.16486
365.48056	908.87726
365.53235	911.31323
365.58411	911.11871
365.63589	906.1601
365.68765	912.66223
365.73944	912.68475
365.7912	911.56818
365.84299	912.83496
365.89474	911.72845
365.94653	912.2381
365.99829	914.82147
366.05008	917.13995
366.10187	916.16223
366.15363	917.44934
366.20541	915.91089
366.25717	914.20404
366.30896	915.41229
366.36072	913.53284
366.41251	911.85455
366.46426	912.19525
366.51605	913.30298
366.56781	913.70972
366.6196	914.07733
366.67139	918.41571
366.72314	913.86554
366.77493	911.10297
366.82669	912.50372
366.87848	912.33746
366.93024	915.92261
366.98203	917.12799
367.03378	913.38593
367.08557	911.3858
367.13733	913.95996
367.18912	911.31799
367.24091	915.56329
367.29266	917.4704
367.34445	910.0528
367.39621	916.39539
367.448	921.76849
367.49976	909.89191
367.55154	912.17145
367.6033	911.90924
367.65509	915.86041
367.70685	916.36115
367.75864	915.93823
367.81042	913.40033
367.86218	910.07062
367.91397	909.74011
367.96573	912.85052
368.01752	912.39703
368.06927	913.95856
368.12106	915.18634
368.17282	911.07306
368.22461	912.33026
368.27637	912.50714
368.32816	911.92639
368.37994	912.61896
368.4317	915.81476
368.48349	913.40417
368.53525	911.80579
368.58704	913.64783
368.63879	912.32721
368.69058	913.17828
368.74234	912.50787
368.79413	913.43634
368.84589	915.74542
368.89767	911.32477
368.94946	915.6272
369.00122	915.44855
369.05301	913.97546
369.10477	915.3252
369.15656	912.82129
369.20831	909.99451
369.2601	912.37012
369.31186	910.90485
369.36365	914.10907
369.41541	912.85101
369.46719	913.58325
369.51898	916.85431
369.57074	917.66791
369.62253	914.31091
369.67429	915.77496
369.72607	912.40283
369.77783	911.81348
369.82962	917.31323
369.88138	912.39191
369.93317	915.71985
369.98492	913.7196
370.03671	914.5213
370.0885	916.7915
370.14026	915.31226
370.19205	912.48651
370.2438	913.24585
370.29559	915.91302
370.34735	917.80371
370.39914	916.92334
370.4509	914.9668
370.50269	916.44458
370.55444	913.8465
370.60623	913.85913
370.65802	912.69757
370.70978	914.24835
370.76157	916.21918
370.81332	913.77289
370.86511	912.04877
370.91687	912.12805
370.96866	913.03253
371.02042	912.34369
371.0722	914.54193
371.12396	917.65662
371.17575	914.73462
371.22754	915.34399
371.2793	916.73083
371.33109	916.07843
371.38284	913.75214
371.43463	912.33252
371.48639	912.62726
371.53818	912.81378
371.58994	915.79266
371.64172	916.1557
371.69348	915.81677
371.74527	916.36121
371.79706	912.26758
371.84882	913.12634
371.9006	910.65448
371.95236	905.76624
372.00415	919.21838
372.05591	914.51843
372.1077	911.901
372.15945	912.59631
372.21124	912.69684
372.263	917.38214
372.31479	916.53394
372.36658	913.36584
372.41833	912.29694
372.47012	915.23499
372.52188	918.40295
372.57367	919.54193
372.62543	918.29303
372.67722	912.64307
372.72897	912.77484
372.78076	911.35596
372.83252	912.99597
372.88431	914.59064
372.9361	915.8476
372.98785	912.87524
373.03964	916.36536
373.0914	917.5127
373.14319	912.13177
373.19495	916.68018
373.24673	917.84192
373.29849	914.66571
373.35028	917.08643
373.40204	915.43964
373.45383	913.81714
373.50562	913.14954
373.55737	915.17346
373.60916	918.8103
373.66092	914.04364
373.71271	911.19745
373.76447	912.44153
373.81625	910.25885
373.86801	912.9043
373.9198	911.63446
373.97156	911.68781
374.02335	912.30591
374.07513	914.35785
374.12689	917.49707
374.17868	914.57361
374.23044	912.12714
374.28223	913.58563
374.33398	913.14252
374.38577	917.30835
374.43753	913.06976
374.48932	911.28394
374.54108	915.43292
374.59286	916.10986
374.64465	916.92792
374.69641	914.31555
374.7482	910.50415
374.79996	909.22589
374.85175	914.58057
374.9035	911.63885
374.95529	909.59662
375.00705	912.91278
375.05884	913.95135
375.1106	912.35236
375.16238	913.08185
375.21417	913.22479
375.26593	913.41455
375.31772	913.81812
375.36948	911.03918
375.42126	910.03772
375.47302	912.73669
375.52481	913.63446
375.57657	914.54132
375.62836	915.38086
375.68011	912.258
375.7319	911.30292
375.78369	911.58295
375.83545	908.79816
375.88724	912.27869
375.939	915.25171
375.99078	918.43756
376.04254	917.1756
376.09433	914.15411
376.14609	914.55316
376.19788	914.85895
376.24963	916.28601
376.30142	913.67145
376.35321	907.37592
376.40497	916.10944
376.45676	916.97644
376.50851	915.60425
376.5603	918.53583
376.61206	915.6048
376.66385	908.37225
376.71561	918.76556
376.7674	914.97455
376.81915	918.52924
376.87094	916.85956
376.92273	915.25708
376.97449	913.37671
377.02628	913.02106
377.07803	915.35687
377.12982	916.77448
377.18158	917.75043
377.23337	917.30023
377.28513	914.24646
377.33691	916.35529
377.38867	914.77118
377.44046	914.25665
377.49225	912.58984
377.54401	914.78259
377.59579	915.82092
377.64755	912.078
377.69934	909.2229
377.7511	909.72913
377.80289	910.04877
377.85464	910.79095
377.90643	913.63116
377.95819	914.487
378.00998	913.33179
378.06177	912.02692
378.11353	915.70844
378.16531	916.51208
378.21707	908.46313
378.26886	912.66406
378.32062	914.60046
378.37241	916.24646
378.42416	918.36993
378.47595	911.68982
378.52771	917.21576
378.5795	918.17505
378.63129	917.01404
378.68304	920.65765
378.73483	917.60175
378.78659	913.39948
378.83838	912.38373
378.89014	910.55096
378.94193	917.39789
378.99368	914.53851
379.04547	915.87024
379.09723	914.09137
379.14902	913.49084
379.20081	914.32501
379.25256	913.14728
379.30435	909.15765
379.35611	911.30054
379.4079	915.91827
379.45966	911.11786
379.51144	916.58997
379.5632	916.00201
379.61499	918.83081
379.66675	914.23029
379.71854	909.08948
379.77032	912.11383
379.82208	915.35419
379.87387	918.02362
379.92563	917.09418
379.97742	914.29602
380.02917	912.87439
380.08096	912.92499
380.13272	913.90149
380.18451	914.87805
380.23627	918.10785
380.28806	916.0387
380.33984	909.71503
380.3916	910.3194
380.44339	911.76538
380.49515	914.69312
380.54694	912.875
380.59869	915.09076
380.65048	918.02795
380.70224	917.48785
380.75403	914.29657
380.80579	913.34705
380.85757	917.74792
380.90936	920.95172
380.96112	918.65332
381.01291	916.86407
381.06467	913.85419
381.11646	917.53101
381.16821	914.02887
381.22	916.17889
381.27176	911.86609
381.32355	911.86414
381.37531	918.70667
381.42709	913.12012
381.47888	912.85858
381.53064	915.59723
381.58243	914.96228
381.63419	917.03021
381.68597	918.20074
381.73773	911.30847
381.78952	912.67059
381.84128	914.52362
381.89307	912.16913
381.94482	912.45581
381.99661	909.2323
382.04837	916.24072
382.10016	913.72644
382.15195	913.46436
382.2037	926.60168
382.25549	923.79834
382.30725	911.29895
382.35904	912.26331
382.4108	914.39502
382.46259	913.08752
382.51434	913.06641
382.56613	913.30615
382.61789	911.95306
382.66968	911.59479
382.72147	913.38947
382.77322	913.41473
382.82501	913.9281
382.87677	913.84753
382.92856	914.63629
382.98032	914.62128
383.0321	916.04272
383.08386	916.70026
383.13565	914.05194
383.18741	914.91266
383.2392	914.76471
383.29099	912.60168
383.34274	912.21338
383.39453	913.91833
383.44629	912.99408
383.49808	920.70148
383.54984	915.95282
383.60162	917.30548
383.65338	910.19434
383.70517	908.34131
383.75693	911.27625
383.80872	914.2113
383.8605	911.87604
383.91226	914.5813
383.96405	913.85162
384.01581	913.76587
384.0676	911.57874
384.11935	915.10089
384.17114	912.01617
384.2229	914.90778
384.27469	914.17651
384.32645	914.13904
384.37823	916.87024
384.43002	915.57025
384.48178	916.16058
384.53357	910.2417
384.58533	907.90894
384.63712	909.20728
384.68887	913.78448
384.74066	915.93884
384.79242	914.28711
384.84421	911.55823
384.89597	913.46234
384.94775	916.23187
384.99954	914.24475
385.0513	913.41699
385.10309	913.36261
385.15485	915.84247
385.20663	916.6828
385.25839	911.2005
385.31018	912.16223
385.36194	914.01617
385.41373	918.39221
385.46548	914.39978
385.51727	911.36664
385.56906	914.97681
385.62082	912.05164
385.67261	916.46802
385.72437	913.73663
385.77615	918.41797
385.82791	912.86218
385.8797	913.69788
385.93146	913.81683
385.98325	914.94507
386.035	916.83496
386.08679	912.45459
386.13858	908.70734
386.19034	909.35187
386.24213	918.65015
386.29388	916.2431
386.34567	915.22595
386.39743	917.51483
386.44922	910.82672
386.50098	916.42517
386.55276	914.55774
386.60452	915.02277
386.65631	913.50781
386.7081	915.5976
386.75986	910.24567
386.81165	912.89258
386.8634	915.6579
386.91519	915.79645
386.96695	912.12378
387.01874	913.05737
387.0705	911.82562
387.12228	912.58722
387.17404	909.28217
387.22583	908.76056
387.27762	915.39307
387.32938	915.20782
387.38116	910.78821
387.43292	912.24725
387.48471	915.13965
387.53647	913.47754
387.58826	910.90582
387.64001	913.26788
387.6918	915.16675
387.74356	912.53271
387.79535	911.81671
387.84714	913.01843
387.8989	913.78381
387.95068	913.38477
388.00244	914.2016
388.05423	909.89319
388.10599	911.12512
388.15778	911.91345
388.20953	910.89264
388.26132	915.32178
388.31308	913.76428
388.36487	912.48694
388.41666	914.47382
388.46841	913.54797
388.5202	913.51123
388.57196	917.70557
388.62375	918.84723
388.67551	914.21429
388.72729	918.06635
388.77905	915.12598
388.83084	914.12201
388.8826	907.45404
388.93439	916.82843
388.98618	917.58447
389.03793	914.92181
389.08972	911.11487
389.14148	915.23438
389.19327	909.05518
389.24503	913.21436
389.29681	916.14343
389.34857	913.89331
389.40036	912.32452
389.45212	913.15393
389.50391	913.91772
389.55569	917.82544
389.60745	914.91748
389.65924	917.0636
389.711	916.75403
389.76279	911.43817
389.81454	909.92841
389.86633	911.67694
389.91809	914.71899
389.96988	912.1123
390.02164	910.05365
390.07343	912.0448
390.12521	914.11896
390.17697	913.89386
390.22876	912.85443
390.28052	914.4339
390.33231	913.74792
390.38406	915.09161
390.43585	911.68109
390.48761	910.02966
390.5394	910.02777
390.59116	911.70526
390.64294	915.76416
390.69473	914.42334
390.74649	912.95941
390.79828	914.7179
390.85004	914.79956
390.90182	911.43488
390.95358	912.3371
391.00537	919.5553
391.05713	912.50891
391.10892	912.62567
391.16068	913.70905
391.21246	909.29791
391.26425	916.5296
391.31601	917.99786
391.3678	914.57098
391.41956	916.89343
391.47134	915.11536
391.5231	911.77618
391.57489	919.13
391.62665	916.91187
391.67844	914.33868
391.73019	921.11676
391.78198	918.79596
391.83377	918.77985
391.88553	916.25073
391.93732	916.99573
391.98907	914.51648
392.04086	912.03357
392.09262	910.42139
392.14441	914.04834
392.19617	914.31738
392.24796	911.2251
392.29971	911.2038
392.3515	910.76117
392.40329	912.57135
392.45505	915.01831
392.50684	915.18573
392.55859	913.65247
392.61038	915.45837
392.66214	917.00616
392.71393	914.98694
392.76569	912.45935
392.81747	911.84229
392.86923	914.24176
392.92102	916.04443
392.97281	917.98871
393.02457	914.40912
393.07635	913.08069
393.12811	914.73639
393.1799	913.30499
393.23166	909.2475
393.28345	914.02496
393.33521	917.08917
393.38699	915.51489
393.43875	913.27551
393.49054	911.16364
393.54233	914.62732
393.59409	912.72729
393.64587	910.61853
393.69763	904.47321
393.74942	910.6781
393.80118	914.38525
393.85297	913.89307
393.90472	913.40106
393.95651	912.90894
394.00827	913.86975
394.06006	909.62799
394.11185	912.64996
394.1636	914.71539
394.21539	912.66846
394.26715	911.52106
394.31894	913.09149
394.3707	916.7135
394.42249	915.35583
394.47424	913.69574
394.52603	913.38226
394.57779	911.87347
394.62958	915.78064
394.68137	913.80554
394.73312	914.45923
394.78491	914.69763
394.83667	913.05969
394.88846	913.64166
394.94022	914.05865
394.992	915.65704
395.04376	924.37329
395.09555	920.92786
395.14731	912.78156
395.1991	911.33801
395.25089	911.35602
395.30264	913.29523
395.35443	914.62146
395.40619	911.47888
395.45798	911.86121
395.50974	913.31567
395.56152	908.68762
395.61328	911.02478
395.66507	913.41101
395.71683	917.013
395.76862	914.95819
395.8204	911.11743
395.87216	910.40393
395.92395	913.08282
395.97571	912.90198
396.0275	913.98871
396.07925	910.63513
396.13104	910.33685
396.1828	913.20111
396.23459	915.78314
396.28635	918.02692
396.33813	911.86292
396.38992	912.42578
396.44168	913.70111
396.49347	911.84668
396.54523	912.71564
396.59702	907.32007
396.64877	914.64142
396.70056	918.159
396.75232	915.95081
396.80411	915.33875
396.85587	912.59296
396.90765	912.29535
396.95944	912.7251
397.0112	917.0116
397.06299	912.84167
397.11475	909.37042
397.16653	914.68512
397.21829	913.21332
397.27008	916.02441
397.32184	915.09283
397.37363	912.14771
397.42538	917.49573
397.47717	916.91412
397.52896	918.21082
397.58072	913.43475
397.63251	910.99811
397.68427	915.93542
397.73605	915.5943
397.78781	918.27979
397.8396	919.83862
397.89136	918.79858
397.94315	917.00452
397.9949	914.01489
398.04669	914.44739
398.09848	915.69525
398.15024	917.73608
398.20203	917.72009
398.25378	915.51923
398.30557	916.56067
398.35733	915.37158
398.40912	916.37726
398.46088	917.54272
398.51266	909.69611
398.56442	912.68951
398.61621	913.3913
398.668	919.3783
398.71976	918.01294
398.77155	916.53772
398.8233	913.45801
398.87509	912.69482
398.92685	915.11621
398.97864	915.58588
399.0304	919.24103
399.08218	917.41821
399.13394	914.43347
399.18573	916.30438
399.23752	914.3114
399.28928	916.6579
399.34106	914.23193
399.39282	913.99933
399.44461	913.51282
399.49637	914.159
399.54816	913.96265
399.59991	913.10339
399.6517	917.0271
399.70346	917.73383
399.75525	911.7984
399.80704	910.6626
399.8588	914.1803
399.91058	917.26093
399.96234	913.90814
400.01413	915.20294
400.06589	911.13446
400.11768	914.4635
400.16943	914.17297
400.22122	912.75726
400.27298	912.3338
400.32477	917.258
400.37656	913.94934
400.42831	911.50177
400.4801	915.34308
400.53186	917.93958
400.58365	916.71667
400.63541	916.26697
400.68719	914.83026
400.73895	914.55682
400.79074	915.06744
400.8425	915.59308
400.89429	914.63281
400.94608	916.56049
400.99783	917.13129
401.04962	916.0592
401.10138	915.44159
401.15317	916.05939
401.20493	916.35651
401.25671	912.78131
401.30847	912.14197
401.36026	911.00372
401.41202	913.19482
401.46381	912.96826
401.51559	913.13947
401.56735	913.78912
401.61914	914.29462
401.6709	913.35138
401.72269	914.73676
401.77444	916.59338
401.82623	911.39099
401.87799	910.87897
401.92978	913.58588
401.98154	914.13562
402.03333	915.18048
402.08511	912.12781
402.13687	914.18701
402.18866	913.67047
402.24042	922.66638
402.29221	918.35297
402.34396	910.08344
402.39575	917.26587
402.44751	915.17688
402.4993	911.974
402.55106	915.06519
402.60284	913.39087
402.65463	916.45251
402.70639	911.73254
402.75818	911.53223
402.80994	915.98792
402.86172	916.01044
402.91348	912.23956
402.96527	914.18915
403.01703	914.92218
403.06882	917.65167
403.12057	916.56244
403.17236	911.66669
403.22412	912.78186
403.27591	919.34943
403.3277	919.00256
403.37946	917.05157
403.43124	913.61719
403.483	912.81512
403.53479	915.25488
403.58655	916.05768
403.63834	913.62524
403.69009	915.63489
403.74188	918.72589
403.79364	916.79114
403.84543	914.63879
403.89722	913.85767
403.94897	917.59924
404.00076	912.31024
404.05252	910.72772
404.10431	914.24084
404.15607	915.54541
404.20786	911.30206
404.25961	911.25043
404.3114	915.44794
404.36316	920.64954
404.41495	911.7843
404.46674	908.03613
404.51849	908.90881
404.57028	914.97626
404.62204	914.1134
404.67383	909.88617
404.72559	915.47644
404.77737	914.58319
404.82913	918.49493
404.88092	912.16486
404.93268	911.99957
404.98447	916.65833
405.03625	912.43658
405.08801	914.211
405.1398	909.70782
405.19156	917.87036
405.24335	917.82404
405.2951	912.24438
405.34689	917.22742
405.39865	913.63354
405.45044	912.69897
405.5022	917.26733
405.55399	914.76721
405.60577	912.94696
405.65753	918.18018
405.70932	913.65442
405.76108	912.80096
405.81287	918.17999
405.86462	918.71832
405.91641	917.1485
405.96817	916.65515
406.01996	918.18365
406.07172	917.24591
406.1235	913.01697
406.17529	912.94867
406.22705	915.73938
406.27884	914.89844
406.3306	911.51208
406.38239	911.24298
406.43414	914.90131
406.48593	918.99127
406.53769	915.02057
406.58948	915.50574
406.64124	915.48981
406.69302	913.21387
406.74481	910.29413
406.79657	914.22784
406.84836	915.68359
406.90012	915.13525
406.9519	916.40967
407.00366	913.54218
407.05545	915.69928
407.10721	919.28693
407.159	910.98218
407.21075	914.79474
407.26254	913.32233
407.31433	915.75201
407.36609	916.28638
407.41788	910.70416
407.46964	918.05676
407.52142	919.24243
407.57318	914.07404
407.62497	915.83502
407.67673	912.14606
407.72852	916.12085
407.78027	910.99146
407.83206	915.38947
407.88385	914.29419
407.93561	920.48987
407.9874	915.89453
408.03915	912.07587
408.09094	914.39008
408.1427	916.06738
408.19449	913.77472
408.24625	910.74933
408.29803	911.74963
408.34979	912.95483
408.40158	914.0611
408.45337	916.50439
408.50513	917.2287
408.55692	916.95087
408.60867	914.51575
408.66046	912.06494
408.71222	912.99982
408.76401	914.43896
408.81577	915.18518
408.86755	911.00256
408.91931	910.17255
408.9711	911.78845
409.02289	913.74323
409.07465	915.69708
409.12643	917.53101
409.17819	917.35327
409.22998	912.96069
409.28174	914.51379
409.33353	916.46759
409.38528	916.7973
409.43707	908.66351
409.48883	912.73657
409.54062	914.11194
409.59241	919.71637
409.64417	912.22443
409.69595	915.12146
409.74771	914.62762
409.7995	916.55585
409.85126	918.03595
409.90305	916.71954
409.9548	908.4505
410.00659	913.80194
410.05835	915.46295
410.11014	911.37585
410.16193	912.64789
410.21368	914.69043
410.26547	911.95569
410.31723	911.45831
410.36902	911.94391
410.42078	912.789
410.47256	913.4151
410.52432	913.90063
410.57611	912.08649
410.62787	912.00787
410.67966	914.39612
410.73145	914.95081
410.7832	913.96747
410.83499	910.49292
410.88675	910.69708
410.93854	915.84528
410.9903	915.08643
411.04208	913.63843
411.09384	914.89209
411.14563	912.43976
411.19739	911.82605
411.24918	914.36298
411.30096	917.41925
411.35272	916.74457
411.40451	912.98187
411.45627	915.211
411.50806	918.12714
411.55981	917.95251
411.6116	915.86768
411.66336	913.52625
411.71515	911.66467
411.76691	911.4632
411.8187	916.76605
411.87048	919.47937
411.92224	911.1734
411.97403	916.54785
412.02579	916.69171
412.07758	908.26013
412.12933	913.37946
412.18112	911.95782
412.23288	913.4231
412.28467	918.79358
412.33643	908.88342
412.38821	912.15723
412.44	911.95428
412.49176	913.69653
412.54355	912.59259
412.59531	915.81354
412.64709	916.39551
412.69885	910.70355
412.75064	911.76367
412.8024	917.78461
412.85419	916.75024
412.90594	913.68317
412.95773	915.71204
413.00952	914.79785
413.06128	914.19775
413.11307	912.0882
413.16483	916.82397
413.21661	918.52728
413.26837	916.17206
413.32016	914.20831
413.37192	914.15924
413.42371	915.36121
413.47546	917.60187
413.52725	917.1413
413.57904	910.63629
413.6308	912.26978
413.68259	919.0401
413.73434	917.51245
413.78613	918.38208
413.83789	919.66577
413.88968	918.06561
413.94144	912.82507
413.99323	913.96661
414.04498	921.00378
414.09677	919.10223
414.14856	915.41522
414.20032	915.04858
414.25211	916.36035
414.30386	911.39874
414.35565	914.6629
414.40741	916.19556
414.4592	913.41412
414.51096	917.49854
414.56274	910.94464
414.6145	913.38953
414.66629	915.85522
414.71808	918.63922
414.76984	913.73444
414.82162	913.23596
414.87338	917.05518
414.92517	921.90765
414.97693	917.62225
415.02872	916.31116
415.08047	915.76593
415.13226	917.8443
415.18402	912.33514
415.23581	911.60126
415.2876	912.0871
415.33936	920.34412
415.39114	916.62646
415.4429	910.99292
415.49469	915.76166
415.54645	915.73132
415.59824	913.98792
415.64999	913.66034
415.70178	916.20044
415.75354	913.33929
415.80533	914.52136
415.85712	917.71985
415.90887	916.75049
415.96066	915.36804
416.01242	915.90552
416.06421	917.37115
416.11597	914.79437
416.16776	912.48694
416.21951	912.59113
416.2713	909.5733
416.32306	910.08484
416.37485	915.9201
416.42664	919.71039
416.47839	916.7533
416.53018	915.50995
416.58194	917.1106
416.63373	912.06836
416.68549	908.20697
416.73727	909.63538
416.78903	912.53174
416.84082	912.03571
416.89258	917.71124
416.94437	916.1369
416.99615	916.75909
417.04791	917.35358
417.0997	912.43188
417.15146	915.77533
417.20325	912.59521
417.255	913.71753
417.30679	918.48883
417.35855	916.03448
417.41034	913.09186
417.4621	910.1474
417.51389	912.8255
417.56567	916.67896
417.61743	917.90356
417.66922	916.6861
417.72098	914.78333
417.77277	911.56091
417.82452	909.76276
417.87631	919.06561
417.92807	921.87122
417.97986	914.39282
418.03162	910.86591
418.0834	915.86298
418.13519	916.21722
418.18695	915.12183
418.23874	913.96826
418.2905	918.57367
418.34229	915.24622
418.39404	911.74561
418.44583	910.77972
418.49759	912.74323
418.54938	916.2865
418.60114	914.55994
418.65292	914.43536
418.70471	917.16217
418.75647	917.41705
418.80826	914.31256
418.86002	911.46643
418.9118	913.91321
418.96356	918.6629
419.01535	919.16364
419.06711	913.13226
419.1189	915.92688
419.17065	914.41113
419.22244	916.02423
419.27423	912.97296
419.32599	916.26392
419.37778	913.43555
419.42953	914.53601
419.48132	913.42407
419.53308	921.68494
419.58487	917.31348
419.63663	911.09088
419.68842	910.38171
419.74017	918.7951
419.79196	918.09106
419.84375	915.03424
419.89551	918.76642
419.9473	916.85211
419.99905	919.2998
420.05084	918.34351
420.1026	912.11853
420.15439	914.14111
420.20615	918.41461
420.25793	919.6936
420.30969	913.67133
420.36148	913.64685
420.41327	914.62299
420.46503	919.27258
420.51682	915.49762
420.56857	915.83026
420.62036	919.68317
420.67212	920.0285
420.72391	912.93243
420.77567	912.35791
420.82745	916.65637
420.87921	919.9032
420.931	912.08453
420.98279	911.90991
421.03455	916.54749
421.08633	918.31781
421.13809	917.03925
421.18988	916.81519
421.24164	914.047
421.29343	911.72974
421.34518	912.71429
421.39697	913.17737
421.44873	913.03467
421.50052	913.48712
421.55231	913.35742
421.60406	910.69403
421.65585	911.0603
421.70761	911.51025
421.7594	910.18512
421.81116	911.15033
421.86295	918.40759
421.9147	919.07281
421.96649	914.50879
422.01825	911.07483
422.07004	915.54938
422.12183	915.1535
422.17358	913.81354
422.22537	908.91553
422.27713	916.19904
422.32892	919.27698
422.38068	916.28033
422.43246	912.92407
422.48422	911.0636
422.53601	917.62097
422.58777	917.53296
422.63956	914.13379
422.69135	918.05231
422.7431	916.65491
422.79489	916.60065
422.84665	914.27557
422.89844	913.18347
422.9502	917.09491
423.00198	913.66498
423.05374	908.82208
423.10553	908.49274
423.15729	911.41986
423.20908	917.63123
423.26086	911.69714
423.31262	914.85626
423.36441	918.3996
423.41617	915.45978
423.46796	912.29974
423.51971	912.56445
423.5715	915.0235
423.62326	917.96246
423.67505	914.98175
423.72681	913.73596
423.77859	913.64618
423.83038	914.43457
423.88214	918.52356
423.93393	916.26074
423.98569	914.55292
424.03748	917.98346
424.08923	916.17358
424.14102	917.74341
424.19278	921.32532
424.24457	916.41681
424.29633	912.89014
424.34811	909.72113
424.39987	908.65393
424.45166	914.99384
424.50345	917.3277
424.55521	915.8125
424.60699	914.755
424.65875	913.08612
424.71054	914.18268
424.7623	916.55927
424.81409	917.25208
424.86584	918.71918
424.91763	919.17706
424.96939	915.05652
425.02118	913.97266
425.07297	920.47424
425.12473	916.54529
425.17651	913.28656
425.22827	918.07715
425.28006	920.77887
425.33182	917.41083
425.38361	917.89734
425.43536	910.05371
425.48715	916.61871
425.53891	916.88586
425.5907	914.1106
425.64249	916.59253
425.69424	918.646
425.74603	917.13483
425.79779	913.46899
425.84958	914.10718
425.90134	914.76324
425.95313	919.61084
426.00488	917.75275
426.05667	915.33453
426.10843	913.73627
426.16022	912.61932
426.21201	917.92554
426.26376	914.88361
426.31555	913.31818
426.36731	917.0376
426.4191	915.06958
426.47086	912.20673
426.52264	914.15912
426.5744	916.37347
426.62619	915.15051
426.67795	914.32819
426.72974	914.02295
426.78152	915.76007
426.83328	917.33337
426.88507	916.50897
426.93683	916.33771
426.98862	913.25201
427.04037	911.37463
427.09216	914.91272
427.14392	916.578
427.19571	916.08319
427.24747	913.9519
427.29926	911.32916
427.35104	914.32416
427.4028	915.60413
427.45459	913.96973
427.50635	911.75629
427.55814	916.51141
427.60989	915.72369
427.66168	915.80914
427.71344	916.21552
427.76523	916.85211
427.81699	920.64539
427.86877	918.83331
427.92056	907.89642
427.97232	915.46887
428.02411	918.94019
428.07587	914.09119
428.12766	911.18311
428.17941	911.17902
428.2312	916.05902
428.28296	921.44019
428.33475	909.91907
428.38651	915.6142
428.43829	912.54718
428.49008	915.6933
428.54184	912.25165
428.59363	909.52594
428.64539	913.70502
428.69717	919.50592
428.74893	913.49707
428.80072	910.08069
428.85248	914.16626
428.90427	915.62219
428.95602	917.41736
429.00781	913.55469
429.0596	914.68481
429.11136	917.76862
429.16315	911.16321
429.2149	912.44135
429.26669	915.89911
429.31845	915.7937
429.37024	915.58582
429.422	911.96881
429.47379	916.33563
429.52554	920.23621
429.57733	914.81165
429.62912	913.01453
429.68088	914.32904
429.73267	913.61072
429.78442	911.33972
429.83621	911.5105
429.88797	915.63324
429.93976	917.47565
429.99152	917.9704
430.0433	914.00873
430.09506	914.97656
430.14685	920.85687
430.19864	910.87097
430.2504	912.48645
430.30219	912.49451
430.35394	915.86499
430.40573	912.0047
430.45749	912.38647
430.50928	914.60809
430.56104	917.17944
430.61282	914.93488
430.66458	912.38959
430.71637	918.4679
430.76816	914.01843
430.81992	914.63898
430.8717	916.67737
430.92346	911.84216
430.97525	939.65686
431.02701	916.08972
431.0788	908.63019
431.13055	915.15802
431.18234	924.37769
431.2341	917.09662
431.28589	917.79266
431.33768	917.9317
431.38943	913.1496
431.44122	913.2746
431.49298	908.8385
431.54477	910.36108
431.59653	915.29541
431.64832	916.01776
431.70007	914.76135
431.75186	911.05353
431.80362	915.33594
431.85541	921.28314
431.9072	913.22699
431.95895	915.26697
432.01074	915.76227
432.0625	916.28333
432.11429	913.97015
432.16605	913.96918
432.21783	913.90594
432.26959	911.16418
432.32138	910.12823
432.37314	912.99841
432.42493	919.18378
432.47672	922.59564
432.52847	919.00586
432.58026	916.02209
432.63202	915.94873
432.68381	915.88361
432.73557	916.1073
432.78735	912.57526
432.83911	911.84741
432.8909	916.01422
432.94266	915.63385
432.99445	913.72748
433.04623	916.49884
433.09799	915.93433
433.14978	915.76312
433.20154	914.77704
433.25333	915.82562
433.30508	914.27759
433.35687	914.75549
433.40863	915.63116
433.46042	911.76172
433.51218	919.62152
433.56396	917.77942
433.61575	911.17175
433.66751	914.66223
433.7193	914.16138
433.77106	919.32288
433.82285	911.78912
433.8746	913.30103
433.92639	917.22644
433.97815	922.13361
434.02994	917.40033
434.0817	921.94916
434.13348	926.85956
434.18527	917.17914
434.23703	910.3927
434.28882	911.89178
434.34058	920.35577
434.39236	912.01257
434.44412	913.48523
434.49591	917.41052
434.54767	918.96967
434.59946	915.31689
434.65121	910.02399
434.703	913.45862
434.75479	918.40204
434.80655	915.09766
434.85834	912.8136
434.9101	911.65106
434.96188	912.77179
435.01364	915.85693
435.06543	913.45044
435.11719	915.02014
435.16898	919.95251
435.22073	917.12433
435.27252	913.35071
435.32431	910.47864
435.37607	915.01141
435.42786	920.87109
435.47961	914.6319
435.5314	911.3559
435.58316	917.0285
435.63495	918.6098
435.68671	914.3526
435.73849	912.84064
435.79025	915.21075
435.84204	911.91486
435.89383	908.59576
435.94559	913.49377
435.99738	917.87018
436.04913	918.84888
436.10092	916.60278
436.15268	910.44202
436.20447	916.40247
436.25623	917.22028
436.30801	915.14294
436.35977	911.90399
436.41156	913.53442
436.46335	913.82758
436.51511	914.60529
436.56689	908.75012
436.61865	910.8573
436.67044	914.13379
436.7222	915.4472
436.77399	914.50586
436.82574	914.44458
436.87753	912.4978
436.92929	912.49377
436.98108	913.95587
437.03287	908.70349
437.08463	911.31158
437.13641	915.18256
437.18817	917.29193
437.23996	911.67065
437.29172	919.27856
437.34351	911.88147
437.39526	912.9801
437.44705	916.33685
437.49881	916.1424
437.5506	911.99646
437.60239	909.0094
437.65414	915.61523
437.70593	916.45599
437.75769	915.92902
437.80948	913.45795
437.86124	911.73291
437.91302	912.42297
437.96478	912.58582
438.01657	913.04572
438.06833	914.9552
438.12012	915.29736
438.17191	910.7937
438.22366	910.73926
438.27545	912.33582
438.32721	912.95526
438.379	915.95514
438.43076	912.85675
438.48254	907.87219
438.5343	913.25098
438.58609	920.26666
438.63785	918.53723
438.68964	914.43854
438.74142	914.65326
438.79318	915.08002
438.84497	913.4765
438.89673	914.59119
438.94852	916.33441
439.00027	913.96503
439.05206	913.37714
439.10382	909.81451
439.15561	913.91846
439.20737	915.69476
439.25916	908.51019
439.31094	912.10339
439.3627	916.70343
439.41449	915.93335
439.46625	913.9632
439.51804	912.29102
439.56979	912.68555
439.62158	915.05121
439.67334	913.12982
439.72513	911.85767
439.77689	912.9353
439.82867	915.29138
439.88046	915.69702
439.93222	913.78223
439.98401	915.25336
440.03577	914.75909
440.08755	911.8476
440.13931	915.06653
440.1911	909.1756
440.24286	915.60577
440.29465	916.23022
440.34641	914.01813
440.39819	910.6886
440.44998	919.99554
440.50174	914.62732
440.55353	912.80133
440.60529	911.90515
440.65707	910.52618
440.70883	912.49921
440.76062	913.56903
440.81238	913.32263
440.86417	916.41516
440.91592	916.27924
440.96771	914.30737
441.0195	909.32642
441.07126	913.69214
441.12305	914.94012
441.1748	909.01666
441.22659	909.77393
441.27835	915.96405
441.33014	915.51526
441.3819	911.76184
441.43369	911.1781
441.48544	916.58533
441.53723	917.35004
441.58902	912.40918
441.64078	911.83191
441.69257	916.03455
441.74432	913.97083
441.79611	908.43628
441.84787	913.23254
441.89966	914.04565
441.95142	914.02875
442.0032	915.41827
442.05496	912.80743
442.10675	916.11426
442.15854	914.70093
442.2103	915.93414
442.26208	915.16248
442.31384	913.81268
442.36563	913.9198
442.41739	915.54242
442.46918	913.22015
442.52094	917.36127
442.57272	915.56989
442.62448	910.88568
442.67627	910.70129
442.72806	914.60449
442.77982	915.14929
442.8316	915.5451
442.88336	911.02747
442.93515	911.67181
442.98691	920.94598
443.0387	919.13611
443.09045	908.06903
443.14224	911.5108
443.194	917.90326
443.24579	917.51495
443.29758	910.35339
443.34933	914.20422
443.40112	914.94684
443.45288	913.17505
443.50467	912.97876
443.55643	908.17871
443.60822	918.59332
443.65997	916.6886
443.71176	917.19806
443.76352	920.68951
443.81531	911.16119
443.8671	912.71515
443.91885	913.94635
443.97064	915.80084
444.0224	916.07452
444.07419	910.24146
444.12595	907.58221
444.17773	910.82477
444.22949	918.72839
444.28128	913.17133
444.33304	909.9939
444.38483	914.60614
444.43661	916.60577
444.48837	918.73859
444.54016	914.99908
444.59192	911.44598
444.64371	913.76697
444.69547	913.04327
444.74725	912.39526
444.79901	911.4342
444.8508	913.13025
444.90256	914.89636
444.95435	913.13104
445.00613	913.65912
445.05789	912.79077
445.10968	914.65625
445.16144	913.21509
445.21323	913.33813
445.26498	917.18738
445.31677	914.69666
445.36853	909.74951
445.42032	912.23022
445.47208	912.24158
445.52386	914.34894
445.57562	910.56866
445.62741	912.02106
445.6792	915.9613
445.73096	919.85797
445.78275	912.20587
445.8345	911.62268
445.88629	911.02893
445.93805	912.14636
445.98984	912.16925
446.0416	917.72729
446.09338	913.65668
446.14514	916.91522
446.19693	912.57629
446.24872	909.76392
446.30048	910.03729
446.35226	918.10889
446.40402	909.75244
446.45581	910.24066
446.50757	915.57904
446.55936	915.26221
446.61111	914.76587
446.6629	908.72894
446.71466	911.4057
446.76645	914.40149
446.81824	914.28101
446.87	914.64594
446.92178	916.82642
446.97354	916.79205
447.02533	912.22174
447.07709	911.19904
447.12888	913.15515
447.18063	915.99701
447.23242	913.67517
447.28418	911.57666
447.33597	916.23328
447.38776	918.52802
447.43951	915.21375
447.4913	914.34259
447.54306	914.00189
447.59485	913.65979
447.64661	914.89642
447.69839	915.02509
447.75015	916.95898
447.80194	919.79315
447.8537	917.7207
447.90549	914.30768
447.95728	913.94135
448.00903	913.66461
448.06082	913.29706
448.11258	912.69861
448.16437	911.27258
448.21613	912.24585
448.26791	913.97778
448.31967	910.72546
448.37146	909.85419
448.42322	915.58038
448.47501	915.29828
448.52679	913.08331
448.57855	913.36377
448.63034	909.76044
448.6821	911.40442
448.73389	911.36969
448.78564	909.93915
448.83743	914.31317
448.88919	916.79358
448.94098	916.53174
448.99274	912.19653
449.04453	912.64935
449.09631	918.86768
449.14807	914.42041
449.19986	912.60938
449.25162	910.30682
449.30341	912.60358
449.35516	912.78174
449.40695	913.22125
449.45871	915.07196
449.5105	912.86987
449.56226	911.46924
449.61404	912.71869
449.66583	914.24603
449.71759	915.086
449.76938	914.72559
449.82114	915.54559
449.87292	914.7453
449.92468	914.5061
449.97647	916.1239
450.02823	912.81299
450.08002	912.41327
450.13177	914.37793
450.18356	916.33813
450.23535	914.23761
450.28711	912.16998
450.3389	917.02527
450.39066	915.10077
450.44244	913.72522
450.4942	914.57001
450.54599	913.29285
450.59775	914.28278
450.64954	918.45313
450.70129	917.8811
450.75308	914.9986
450.80487	913.06714
450.85663	915.73053
450.90842	918.01813
450.96017	913.95288
451.01196	914.12714
451.06372	913.51929
451.11551	914.8017
451.16727	914.22638
451.21906	915.29462
451.27081	918.29303
451.3226	915.29321
451.37439	912.85223
451.42615	913.97662
451.47794	912.9375
451.52969	912.81372
451.58148	915.16388
451.63324	914.14447
451.68503	912.88684
451.73679	914.11481
451.78857	912.40259
451.84033	913.05029
451.89212	915.85242
451.94391	913.10522
451.99567	912.97168
452.04745	915.9823
452.09921	915.55469
452.151	913.93658
452.20276	913.07733
452.25455	912.9834
452.3063	912.0979
452.35809	916.90039
452.40985	917.74969
452.46164	913.98035
452.51343	915.64148
452.56519	914.23004
452.61697	913.21204
452.66873	914.08099
452.72052	912.1626
452.77228	913.73053
452.82407	912.61115
452.87582	914.61316
452.92761	917.29315
452.97937	922.47247
453.03116	913.74896
453.08295	908.94989
453.1347	914.34644
453.18649	918.76843
453.23825	916.01166
453.29004	914.00085
453.3418	909.27454
453.39359	917.43512
453.44534	919.25055
453.49713	908.54126
453.54889	916.18298
453.60068	917.44177
453.65247	916.94739
453.70422	911.69537
453.75601	915.38196
453.80777	916.46429
453.85956	917.07825
453.91132	912.65131
453.9631	912.94006
454.01486	912.80261
454.06665	910.32629
454.11841	912.5647
454.1702	914.63403
454.22198	917.87762
454.27374	918.02875
454.32553	916.23242
454.37729	915.80524
454.42908	918.50262
454.48083	917.6651
454.53262	914.29095
454.58438	915.49292
454.63617	915.41547
454.68793	913.50989
454.73972	913.99756
454.7915	914.89917
454.84326	916.56696
454.89505	916.44696
454.94681	914.44794
454.9986	914.07935
455.05035	914.70776
455.10214	917.53082
455.1539	914.17688
455.20569	912.61517
455.25745	913.38483
455.30923	916.27386
455.36102	915.17432
455.41278	915.84076
455.46457	913.04846
455.51633	916.48517
455.56812	915.08154
455.61987	913.77667
455.67166	911.21466
455.72342	915.49194
455.77521	917.76868
455.82697	912.18176
455.87875	911.802
455.93054	914.15137
455.9823	911.69592
456.03409	910.21893
456.08585	915.51208
456.13763	918.06183
456.18939	909.80402
456.24118	914.20782
456.29294	911.09497
456.34473	915.94312
456.39648	916.24219
456.44827	911.53473
456.50006	911.49036
456.55182	912.46936
456.60361	913.84247
456.65536	913.38385
456.70715	912.7749
456.75891	916.69739
456.8107	913.47449
456.86246	911.29102
456.91425	912.84534
456.966	915.62994
457.01779	917.60242
457.06958	912.7746
457.12134	908.70636
457.17313	914.95813
457.22488	920.48303
457.27667	913.56433
457.32843	910.04828
457.38022	915.25153
457.43198	917.09137
457.48376	914.63446
457.53552	913.09717
457.58731	914.68091
457.6391	915.28296
457.69086	914.00525
457.74265	913.38202
457.7944	912.53748
457.84619	916.26965
457.89795	917.46173
457.94974	913.39648
458.0015	914.91003
458.05328	914.12012
458.10504	912.08783
458.15683	909.29633
458.20862	910.61462
458.26038	916.59882
458.31216	914.73444
458.36392	913.82776
458.41571	914.52185
458.46747	912.6554
458.51926	916.17023
458.57101	916.36835
458.6228	911.88458
458.67456	915.10773
458.72635	915.57806
458.77814	909.64081
458.8299	912.09332
458.88168	914.51636
458.93344	915.00409
458.98523	915.00171
459.03699	914.51678
459.08878	916.38605
459.14053	916.49152
459.19232	911.02313
459.24408	916.73712
459.29587	916.16724
459.34766	919.84119
459.39941	918.37109
459.4512	910.1449
459.50296	911.6944
459.55475	911.28052
459.60651	910.18884
459.65829	915.23853
459.71005	916.21674
459.76184	917.03021
459.8136	913.93451
459.86539	914.8429
459.91718	918.94641
459.96893	915.23096
460.02072	914.3335
460.07248	914.81415
460.12427	915.62463
460.17603	915.8418
460.22781	914.00922
460.27957	913.19012
460.33136	914.20782
460.38312	913.62836
460.43491	912.90173
460.48669	913.64185
460.53845	915.74225
460.59024	917.00879
460.642	914.82617
460.69379	911.13818
460.74554	911.41266
460.79733	915.94537
460.84909	912.94806
460.90088	910.54596
460.95264	914.75323
461.00443	919.1972
461.05621	911.87653
461.10797	915.31335
461.15976	917.22168
461.21152	916.90021
461.26331	921.30017
461.31506	917.41437
461.36685	911.70886
461.41861	919.50378
461.4704	917.61035
461.52216	915.52625
461.57394	911.4491
461.62573	918.97278
461.67749	911.44977
461.72928	912.75452
461.78104	912.26227
461.83282	920.53931
461.88458	912.2345
461.93637	907.31635
461.98813	912.20966
462.03992	916.64148
462.09167	916.32336
462.14346	914.89795
462.19525	915.7038
462.24701	917.13153
462.2988	916.84381
462.35056	913.76215
462.40234	912.85413
462.4541	914.01624
462.50589	913.45819
462.55765	914.0611
462.60944	910.76422
462.66119	913.94458
462.71298	914.14026
462.76477	913.02582
462.81653	917.3634
462.86832	916.12683
462.92007	913.38995
462.97186	909.11353
463.02362	912.69739
463.07541	914.48108
463.12717	920.72784
463.17896	919.0108
463.23071	916.44727
463.2825	916.88165
463.33429	913.77972
463.38605	914.33405
463.43784	914.9317
463.48959	918.35938
463.54138	920.14801
463.59314	914.59869
463.64493	911.37408
463.69669	913.9259
463.74847	917.45105
463.80023	914.76941
463.85202	917.54712
463.90381	918.71808
463.95557	914.83478
464.00735	913.36426
464.05911	913.04559
464.1109	917.75696
464.16266	920.84271
464.21445	918.01733
464.2662	918.06683
464.31799	924.48444
464.36975	922.0423
464.42154	908.3327
464.47333	909.57159
464.52509	912.72858
464.57687	918.21655
464.62863	915.32385
464.68042	913.33862
464.73218	915.5257
464.78397	919.25769
464.83572	914.39276
464.88751	910.98743
464.93927	920.14392
464.99106	921.55365
465.04285	912.69861
465.0946	916.00439
465.14639	913.70508
465.19815	916.88208
465.24994	911.54895
465.3017	913.80475
465.35349	919.42114
465.40524	914.83911
465.45703	915.78918
465.50879	916.07208
465.56058	914.83301
465.61237	914.56525
465.66412	917.72522
465.71591	913.13812
465.76767	911.17603
465.81946	917.35303
465.87122	911.21252
465.923	915.1283
465.97476	912.85254
466.02655	913.91486
466.07831	915.53455
466.1301	913.28278
466.18188	913.59241
466.23364	914.52435
466.28543	914.22443
466.33719	913.72931
466.38898	913.23395
466.44073	916.81848
466.49252	916.57874
466.54428	914.01489
466.59607	916.2312
466.64783	915.60571
466.69962	918.07648
466.75137	918.86609
466.80316	913.34509
466.85495	915.72192
466.90671	915.69507
466.9585	916.01813
467.01025	919.88214
467.06204	918.49084
467.1138	917.64441
467.16559	912.54651
467.21735	912.44409
467.26913	918.89148
467.32089	916.38928
467.37268	912.3266
467.42447	911.1637
467.47623	918.2254
467.52802	916.836
467.57977	913.51239
467.63156	910.10687
467.68332	913.80927
467.73511	916.1969
467.78687	917.20374
467.83865	912.07355
467.89041	913.67737
467.9422	916.30469
467.99399	914.771
468.04575	912.48303
468.09753	914.39032
468.14929	913.89819
468.20108	913.89484
468.25284	913.4043
468.30463	916.74176
468.35638	914.53021
468.40817	918.54718
468.45993	912.51233
468.51172	918.57452
468.56351	916.2998
468.61526	915.43671
468.66705	910.71588
468.71881	918.5661
468.7706	915.07178
468.82236	916.24414
468.87415	909.04309
468.9259	911.43591
468.97769	916.21362
469.02945	917.70673
469.08124	916.76184
469.13303	919.48572
469.18478	920.14532
469.23657	918.82355
469.28833	919.6286
469.34012	917.13568
469.39188	914.38501
469.44366	912.30139
469.49542	914.54608
469.54721	918.52374
469.59897	915.62805
469.65076	911.48816
469.70255	912.37024
469.7543	914.04688
469.80609	915.02838
469.85785	913.87762
469.90964	914.08765
469.9614	917.66919
470.01318	915.98553
470.06494	914.13184
470.11673	915.37781
470.16849	914.98279
470.22028	918.49402
470.27206	918.53271
470.32382	913.58105
470.37561	911.59393
470.42737	917.84094
470.47916	917.03381
470.53091	918.07562
470.5827	913.25867
470.63446	918.02905
470.68625	921.94421
470.73801	914.48242
470.78979	911.45306
470.84158	917.9281
470.89334	914.69824
470.94513	916.78082
470.99689	914.66193
471.04868	917.82025
471.10043	918.75244
471.15222	918.91431
471.20398	915.43359
471.25577	911.89343
471.30753	915.69019
471.35931	915.5188
471.4111	906.70483
471.46286	913.0979
471.51465	919.49097
471.56641	918.23907
471.61819	916.28925
471.66995	913.85431
471.72174	920.93433
471.7735	919.87238
471.82529	916.58429
471.87704	913.99719
471.92883	919.1507
471.98062	918.06854
472.03238	918.45758
472.08417	915.04065
472.13593	915.31207
472.18771	914.09515
472.23947	906.09875
472.29126	914.69019
472.34302	917.53912
472.39481	917.82495
472.44656	915.69659
472.49835	910.56018
472.55014	914.21594
472.6019	917.42712
472.65369	916.02991
472.70544	915.40466
472.75723	919.18109
472.80899	916.93237
472.86078	911.88776
472.91254	914.44196
472.96432	920.79541
473.01608	919.41467
473.06787	916.58435
473.11966	914.63281
473.17142	912.75256
473.22321	914.29327
473.27496	914.56061
473.32675	911.99115
473.37851	911.64612
473.4303	915.4549
473.48206	914.16534
473.53384	913.17725
473.5856	913.59277
473.63739	917.04669
473.68918	918.27228
473.74094	914.83472
473.79272	915.81598
473.84448	916.79718
473.89627	915.06128
473.94803	909.2334
473.99982	914.72333
474.05157	918.70135
474.10336	911.90735
474.15512	911.68475
474.20691	913.08453
474.2587	915.99585
474.31046	915.99237
474.36224	915.98901
474.414	916.09137
474.46579	916.5296
474.51755	912.20581
474.56934	915.15637
474.62109	917.99451
474.67288	918.32031
474.72464	913.48743
474.77643	914.96094
474.82822	913.48212
474.87997	917.81696
474.93176	909.36536
474.98352	913.17206
475.03531	912.0589
475.08707	912.84985
475.13885	917.85034
475.19061	913.60358
475.2424	916.3833
475.29416	920.32037
475.34595	913.4278
475.39774	909.46796
475.44949	915.74023
475.50128	921.745
475.55304	922.91052
475.60483	913.44055
475.65659	914.11572
475.70837	913.58234
475.76013	912.18463
475.81192	912.9397
475.86368	911.68433
475.91547	913.88971
475.96725	915.70935
476.01901	913.33099
476.0708	914.67731
476.12256	917.58759
476.17435	917.77734
476.2261	917.94366
476.27789	917.51923
476.32965	918.5014
476.38144	914.53046
476.4332	909.59387
476.48499	909.6004
476.53677	912.28387
476.58853	915.78802
476.64032	913.86163
476.69208	914.32269
476.74387	920.18799
476.79562	918.64337
476.84741	916.41858
476.89917	917.6712
476.95096	916.18726
477.00272	914.51538
477.0545	910.65033
477.10629	912.27979
477.15805	914.15027
477.20984	912.91864
477.2616	911.91602
477.31339	915.3241
477.36514	917.16614
477.41693	916.87677
477.46869	912.72516
477.52048	913.04736
477.57224	910.47198
477.62402	918.98206
477.67581	915.51263
477.72757	917.13354
477.77936	919.72485
477.83112	921.94165
477.8829	915.44904
477.93466	912.66571
477.98645	912.48175
478.03821	921.39673
478.09	915.80878
478.14175	917.18243
478.19354	915.34613
478.24533	922.73181
478.29709	915.83459
478.34888	909.90491
478.40063	913.5448
478.45242	918.89636
478.50418	918.28967
478.55597	920.03619
478.60773	916.61957
478.65952	915.76459
478.71127	914.83466
478.76306	910.43085
478.81485	912.21252
478.86661	915.98901
478.9184	917.09381
478.97015	916.39026
479.02194	912.27783
479.0737	919.60687
479.12549	918.04004
479.17725	917.04041
479.22903	915.72266
479.28079	914.45685
479.33258	916.93707
479.38437	916.79968
479.43613	920.47644
479.48792	916.47382
479.53967	924.59338
479.59146	919.02954
479.64322	911.33777
479.69501	917.06427
479.74677	918.5329
479.79855	914.09448
479.85031	913.77588
479.9021	916.99628
479.95389	918.62061
480.00565	914.56757
480.05743	913.31842
480.10919	917.065
480.16098	918.80164
480.21274	917.13519
480.26453	911.71136
480.31628	911.95526
480.36807	914.15979
480.41983	910.58997
480.47162	910.58661
480.52341	914.21075
480.57516	918.14252
480.62695	912.74139
480.67871	912.19208
480.7305	913.95844
480.78226	915.47955
480.83405	921.03839
480.8858	916.53345
480.93759	916.54816
480.98935	918.47296
481.04114	911.4809
481.09293	915.92743
481.14468	914.30975
481.19647	917.09467
481.24823	914.5451
481.30002	912.40515
481.35178	914.52869
481.40356	915.18982
481.45532	919.48871
481.50711	915.01843
481.55887	915.24969
481.61066	917.81952
481.66245	914.78156
481.7142	910.70349
481.76599	916.133
481.81775	921.95154
481.86954	916.03339
481.9213	911.0918
481.97308	913.8847
482.02484	915.41144
482.07663	913.60626
482.12839	912.55396
482.18018	917.02118
482.23196	915.68024
482.28372	919.87482
482.33551	909.18793
482.38727	912.57947
482.43906	914.29639
482.49081	913.6283
482.5426	913.45026
482.59436	918.6297
482.64615	919.5517
482.69791	919.43994
482.74969	916.03705
482.80148	914.93311
482.85324	921.84192
482.90503	918.35889
482.95679	910.67468
483.00858	912.87823
483.06033	912.56427
483.11212	916.67749
483.16388	916.18884
483.21567	911.25464
483.26743	916.49347
483.31921	917.58459
483.371	915.98438
483.42276	916.39221
483.47455	918.35199
483.52631	916.87549
483.57809	915.716
483.62985	915.05969
483.68164	915.39819
483.7334	917.37177
483.78519	914.73816
483.83694	914.1864
483.88873	917.98816
483.94052	919.13959
483.99228	914.40924
484.04407	911.42249
484.09583	914.85913
484.14761	912.38977
484.19937	910.10461
484.25116	912.02911
484.30292	918.17529
484.35471	920.30389
484.40646	920.03351
484.45825	913.72412
484.51004	917.53931
484.5618	918.13446
484.61359	910.25745
484.66534	914.70538
484.71713	913.27795
484.76889	917.62115
484.82068	909.9024
484.87244	911.72906
484.92422	918.59137
484.97598	921.71698
485.02777	917.58594
485.07956	911.94263
485.13132	918.91138
485.18311	915.73029
485.23486	911.12866
485.28665	909.93445
485.33841	912.69531
485.3902	924.43469
485.44196	910.50867
485.49374	916.21307
485.5455	914.87872
485.59729	923.23853
485.64908	914.85101
485.70084	912.30603
485.75262	916.56281
485.80438	918.15631
485.85617	916.36371
485.90793	914.84772
485.95972	916.53894
486.01147	923.87219
486.06326	917.67633
486.11502	909.77808
486.16681	909.99182
486.2186	913.56769
486.27036	914.61804
486.32214	913.07483
486.3739	913.89789
486.42569	911.83484
486.47745	915.44446
486.52924	918.58722
486.58099	917.69098
486.63278	919.38153
486.68454	918.73718
486.73633	916.05341
486.78812	913.78375
486.83987	916.22791
486.89166	919.6651
486.94342	913.47015
486.99521	915.10028
487.04697	921.2901
487.09875	917.31799
487.15051	912.14514
487.2023	914.08112
487.25406	919.29779
487.30585	918.27136
487.35764	913.44189
487.40939	911.3623
487.46118	911.90875
487.51294	914.91016
487.56473	918.35675
487.61649	918.17035
487.66827	916.84698
487.72003	917.565
487.77182	915.00677
487.82358	915.18396
487.87537	924.76483
487.92712	931.80615
487.97891	936.52057
488.0307	936.93744
488.08246	926.98853
488.13425	920.17682
488.186	915.88745
488.23779	912.41254
488.28955	914.7243
488.34134	918.4751
488.3931	914.85162
488.44489	916.96997
488.49664	916.13666
488.54843	920.69745
488.60022	915.85016
488.65198	913.87872
488.70377	916.60217
488.75552	921.85815
488.80731	918.94659
488.85907	918.44971
488.91086	918.73236
488.96262	923.45636
489.0144	927.39423
489.06616	916.98975
489.11795	920.1521
489.16974	916.6925
489.2215	913.35291
489.27328	912.16357
489.32504	921.63635
489.37683	923.95996
489.42859	923.05078
489.48038	924.9787
489.53214	924.00909
489.58392	936.84338
489.63568	931.12732
489.68747	934.83112
489.73926	934.97626
489.79102	951.37616
489.8428	939.52209
489.89456	936.64233
489.94635	931.96625
489.99811	941.20782
490.0499	943.32941
490.10165	933.54846
490.15344	937.46228
490.2052	935.52075
490.25699	939.46686
490.30878	942.86896
490.36053	945.42932
490.41232	934.94672
490.46408	944.28113
490.51587	938.43066
490.56763	941.76801
490.61942	946.12018
490.67117	947.63635
490.72296	941.8847
490.77472	934.53516
490.82651	938.89746
490.8783	942.90759
490.93005	947.01947
490.98184	940.8194
491.0336	942.4093
491.08539	945.88757
491.13715	943.45227
491.18893	941.58301
491.24069	948.66455
491.29248	949.02478
491.34424	943.69653
491.39603	943.45813
491.44781	945.42969
491.49957	946.09998
491.55136	947.12695
491.60312	948.60114
491.65491	956.09601
491.70667	963.61127
491.75845	961.28186
491.81021	954.60669
491.862	953.66748
491.91376	954.91394
491.96555	949.23828
492.01733	950.42053
492.06909	955.16016
492.12088	958.34924
492.17264	952.41895
492.22443	952.37164
492.27618	953.47003
492.32797	947.3916
492.37973	944.31335
492.43152	946.27368
492.48328	941.29291
492.53506	944.20074
492.58685	946.19934
492.63861	947.42059
492.6904	945.04901
492.74216	948.88055
492.79395	943.85931
492.8457	948.77789
492.89749	944.39545
492.94925	942.2417
493.00104	938.87048
493.0528	935.68262
493.10458	943.34186
493.15637	940.75122
493.20813	940.01245
493.25992	934.69958
493.31168	938.60791
493.36346	937.73651
493.41522	943.7019
493.46701	942.91626
493.51877	937.47009
493.57056	942.9577
493.62231	933.80078
493.6741	938.72424
493.72589	940.69708
493.77765	941.20013
493.82944	936.854
493.8812	939.0918
493.93298	944.86078
493.98474	944.73077
494.03653	942.39551
494.08829	934.02563
494.14008	945.71936
494.19183	940.11652
494.24362	940.9223
494.29541	935.59283
494.34717	932.9787
494.39896	930.5816
494.45071	937.57428
494.5025	937.1344
494.55426	933.46173
494.60605	938.16754
494.65781	942.75421
494.70959	940.97632
494.76135	944.27972
494.81314	941.20343
494.86493	936.36328
494.91669	939.07281
494.96848	937.81567
495.02023	936.62842
495.07202	938.66553
495.12378	944.63367
495.17557	938.25714
495.22733	936.83698
495.27911	938.29504
495.33087	939.03882
495.38266	941.4317
495.43445	939.91284
495.48621	941.6106
495.53799	939.7926
495.58975	937.15253
495.64154	934.56207
495.6933	938.00653
495.74509	940.185
495.79684	941.69385
495.84863	941.80164
495.90039	940.03571
495.95218	936.07422
496.00397	935.41089
496.05573	938.86694
496.10751	937.77991
496.15927	939.24316
496.21106	938.8606
496.26282	942.38104
496.31461	943.13983
496.36636	939.43536
496.41815	935.49109
496.46991	938.59589
496.5217	943.86389
496.57349	938.36768
496.62524	937.4787
496.67703	937.62323
496.72879	942.99371
496.78058	945.72308
496.83234	948.01233
496.88412	944.92072
496.93588	942.21497
496.98767	940.50531
497.03943	936.51843
497.09122	935.28723
497.14301	940.58978
497.19476	943.35541
497.24655	939.57056
497.29831	938.1015
497.3501	950.49817
497.40186	942.07343
497.45364	941.41589
497.5054	949.26892
497.55719	945.17389
497.60895	944.50482
497.66074	948.49084
497.71252	946.84589
497.76428	942.35272
497.81607	944.79205
497.86783	944.85754
497.91962	945.99219
497.97137	947.5813
498.02316	943.6842
498.07492	936.97058
498.12671	942.54547
498.17847	946.73065
498.23026	949.13971
498.28204	948.06641
498.3338	951.37628
498.38559	945.62433
498.43735	944.78143
498.48914	946.93658
498.54089	943.26166
498.59268	940.7984
498.64444	946.67609
498.69623	949.83618
498.74799	942.84015
498.79977	954.72662
498.85156	952.17242
498.90332	957.45038
498.95511	951.52069
499.00687	955.81842
499.05865	952.185
499.11041	954.76794
499.1622	956.46259
499.21396	961.44476
499.26575	949.05518
499.3175	948.59497
499.36929	951.12915
499.42108	957.2149
499.47284	955.21436
499.52463	954.10638
499.57639	950.96558
499.62817	956.28247
499.67993	959.20496
499.73172	958.18787
499.78348	958.21075
499.83527	956.76465
499.88702	962.48663
499.93881	964.91974
499.9906	960.2041
500.04236	964.88428
500.09415	956.97363
500.1459	960.52277
500.19769	964.28259
500.24945	962.83826
500.30124	964.31818
500.353	966.9491
500.40479	963.30377
500.45654	965.92682
500.50833	967.80518
500.56012	973.27722
500.61188	973.29608
500.66367	971.65283
500.71542	974.71027
500.76721	976.05103
500.81897	975.03387
500.87076	976.23315
500.92252	973.99701
500.9743	970.02728
501.02606	975.61053
501.07785	977.48419
501.12964	979.28705
501.1814	978.1925
501.23318	978.276
501.28494	978.58978
501.33673	977.31891
501.38849	983.7901
501.44028	992.32086
501.49203	981.53394
501.54382	979.00177
501.59558	986.86108
501.64737	987.40308
501.69916	996.49597
501.75092	986.54712
501.8027	985.68939
501.85446	1002.183
501.90625	1000.0617
501.95801	1016.3021
502.0098	1001.4457
502.06155	987.75079
502.11334	1001.7248
502.1651	1002.0258
502.21689	1000.8655
502.26868	1003.7982
502.32043	1016.2312
502.37222	993.33582
502.42398	1017.5062
502.47577	1009.7162
502.52753	1007.2665
502.57932	1015.1606
502.63107	1010.4358
502.68286	1017.4749
502.73462	1017.8137
502.78641	1002.9868
502.8382	1012.3345
502.88995	995.83063
502.94174	1009.3281
502.9935	1014.4182
503.04529	1004.6302
503.09705	1013.8254
503.14883	1013.0215
503.20059	1014.4526
503.25238	1008.5584
503.30414	1003.0356
503.35593	1013.8686
503.40771	1008.0533
503.45947	999.07147
503.51126	1000.6229
503.56302	1004.4963
503.61481	998.21387
503.66656	996.05713
503.71835	1000.55
503.77011	994.39874
503.8219	990.07123
503.87366	988.83478
503.92545	986.57123
503.97723	987.09656
504.02899	982.599
504.08078	978.91614
504.13254	979.97351
504.18433	984.69189
504.23608	983.97925
504.28787	980.18152
504.33963	980.93689
504.39142	983.3902
504.44318	985.9184
504.49496	981.30493
504.54675	972.77209
504.59851	975.76367
504.6503	984.08655
504.70206	980.73364
504.75385	974.74475
504.8056	974.83673
504.85739	971.61121
504.90915	970.66724
504.96094	965.82861
505.0127	963.49976
505.06448	977.8009
505.11627	963.80023
505.16803	967.16315
505.21982	973.27582
505.27158	970.04663
505.32336	960.58972
505.37512	958.0705
505.42691	956.09338
505.47867	968.96362
505.53046	967.7962
505.58221	961.60242
505.634	961.11182
505.68579	970.32037
505.73755	964.96655
505.78934	960.04962
505.84109	956.1366
505.89288	962.56183
505.94464	962.46313
505.99643	960.75134
506.04819	964.87469
506.09998	974.45691
506.15173	963.13257
506.20352	957.71808
506.25531	955.21942
506.30707	975.25977
506.35886	968.62885
506.41061	957.03339
506.4624	958.48444
506.51416	959.15948
506.56595	962.77002
506.61771	963.23346
506.66949	968.83148
506.72125	966.7998
506.77304	961.6972
506.82483	957.92181
506.87659	955.28699
506.92838	966.64813
506.98013	966.33051
507.03192	963.04706
507.08368	965.33386
507.13547	959.75293
507.18723	963.12891
507.23901	957.26154
507.29077	955.62354
507.34256	963.18689
507.39435	964.75665
507.44611	964.255
507.49789	959.35016
507.54965	961.7486
507.60144	968.01086
507.6532	959.26886
507.70499	956.06073
507.75674	963.5426
507.80853	966.46216
507.86029	964.13837
507.91208	960.43518
507.96387	966.4931
508.01563	971.32355
508.06741	964.4566
508.11917	961.97375
508.17096	967.07336
508.22272	966.84601
508.27451	960.83722
508.32626	961.2182
508.37805	967.16803
508.42981	971.46851
508.4816	969.6756
508.53339	966.82648
508.58514	963.94281
508.63693	960.71259
508.68869	962.40424
508.74048	962.5022
508.79224	966.00476
508.84402	968.16815
508.89578	963.30402
508.94757	964.53375
508.99933	964.86932
509.05112	967.1875
509.10287	962.6897
509.15466	961.12341
509.20645	965.08112
509.25821	970.22852
509.31	978.27716
509.36176	971.74152
509.41354	969.44434
509.4653	978.69574
509.51709	969.47156
509.56885	969.2674
509.62064	963.15808
509.67239	972.54077
509.72418	980.60913
509.77597	964.0116
509.82773	978.96228
509.87952	977.49884
509.93127	976.52472
509.98306	971.62982
510.03482	971.05951
510.08661	980.11353
510.13837	979.62769
510.19016	974.02252
510.24191	979.07092
510.2937	988.15009
510.34549	976.271
510.39725	977.68359
510.44904	975.13385
510.50079	991.98773
510.55258	989.75488
510.60434	984.17407
510.65613	983.19019
510.70789	992.70886
510.75967	994.04626
510.81143	987.22028
510.86322	985.23926
510.91501	995.59283
510.96677	988.38611
511.01855	983.56415
511.07031	983.63763
511.1221	988.93988
511.17386	991.98517
511.22565	991.33698
511.2774	989.54639
511.32919	996.11816
511.38095	999.74316
511.43274	995.73999
511.48453	995.16339
511.53629	997.26721
511.58807	1002.7186
511.63983	998.4151
511.69162	1000.2936
511.74338	1002.1862
511.79517	997.20374
511.84692	994.72479
511.89871	1000.5103
511.95047	1008.0502
512.00226	1002.4064
512.05402	995.45703
512.10583	1000.6833
512.15759	1008.5753
512.20935	1005.5401
512.26111	1005.8436
512.31293	1007.0583
512.36469	1010.849
512.41644	1015.3951
512.4682	1006.509
512.52002	1013.4285
512.57178	1014.8341
512.62354	1010.6757
512.67535	1018.2468
512.72711	1016.5089
512.77887	1009.7712
512.83063	1015.3289
512.88245	1021.9159
512.9342	1030.1064
512.98596	1023.3745
513.03772	1024.0767
513.08954	1020.1293
513.1413	1032.2651
513.19305	1030.1084
513.24487	1030.7152
513.29663	1024.5144
513.34839	1025.2333
513.40015	1022.2778
513.45197	1033.8832
513.50372	1029.9674
513.55548	1036.8771
513.60724	1036.8622
513.65906	1036.4016
513.71082	1036.4286
513.76257	1037.2296
513.81439	1056.3845
513.86615	1039.1355
513.91791	1040.4283
513.96967	1032.7596
514.02148	1042.947
514.07324	1038.8081
514.125	1048.2332
514.17676	1046.2875
514.22858	1057.2825
514.28033	1055.4436
514.33209	1043.7031
514.38391	1064.0302
514.43567	1058.6757
514.48743	1075.4702
514.53918	1071.2971
514.591	1060.3081
514.64276	1076.476
514.69452	1079.5787
514.74628	1076.074
514.7981	1074.0333
514.84985	1088.2372
514.90161	1104.5574
514.95343	1099.3459
515.00519	1105.2744
515.05695	1106.1044
515.1087	1117.0199
515.16052	1123.761
515.21228	1118.0321
515.26404	1136.3591
515.3158	1146.0834
515.36761	1143.2585
515.41937	1144.7424
515.47113	1158.1906
515.52295	1181.1458
515.57471	1193.5594
515.62646	1195.9788
515.67822	1214.5283
515.73004	1247.6744
515.7818	1281.2201
515.83356	1319.3582
515.88531	1371.6733
515.93713	1427.4126
515.98889	1477.0337
516.04065	1530.5509
516.09247	1590.1005
516.14423	1684.2572
516.19598	1775.7205
516.24774	1829.1104
516.29956	1888.5835
516.35132	1927.4012
516.40308	1999.0282
516.45483	2048.658
516.50665	2063.0417
516.55841	2095.7705
516.61017	2144.1555
516.66199	2168.0083
516.71375	2192.2432
516.7655	2186.7949
516.81726	2221.5437
516.86908	2268.1118
516.92084	2276.3423
516.9726	2242.8792
517.02435	2203.3176
517.07617	2162.4917
517.12793	2132.4214
517.17969	2078.7463
517.23151	2017.0658
517.28326	1988.9636
517.33502	1962.5591
517.38678	1961.2848
517.4386	1959.8896
517.49036	1956.6962
517.54211	2023.2822
517.59387	2054.937
517.64569	2032.2764
517.69745	2101.7939
517.74921	2141.9136
517.80103	2122.8677
517.85278	2185.5989
517.90454	2223.49
517.9563	2318.7969
518.00812	2355.2822
518.05988	2402.9763
518.11163	2476.7285
518.16339	2487.5269
518.21521	2481.9209
518.26697	2569.4348
518.31873	2623.7913
518.37054	2639.2693
518.4223	2680.2864
518.47406	2647.6104
518.52582	2649.3613
518.57764	2646.7544
518.62939	2659.8516
518.68115	2687.6978
518.73291	2729.5933
518.78473	2687.0186
518.83649	2820.3062
518.88824	2872.5293
518.94006	2906.6367
518.99182	3032.3535
519.04358	3100.3269
519.09534	3195.2441
519.14716	3317.7913
519.19891	3429.6396
519.25067	3468.9661
519.30243	3564.3113
519.35425	3636.1929
519.40601	3598.6609
519.45776	3620.6094
519.50958	3703.3206
519.56134	3777.4402
519.6131	3890.75
519.66486	4045.3857
519.71667	4203.4893
519.76843	4363.479
519.82019	4498.8906
519.87195	4690.1909
519.92377	4864.9463
519.97552	4958.6479
520.02728	5043.4697
520.0791	5080.7075
520.13086	5090.9365
520.18262	5073.6914
520.23438	5053.165
520.28619	5032.4863
520.33795	4908.4312
520.38971	4754.8262
520.44147	4599.9551
520.49329	4446.8926
520.54504	4300.0249
520.5968	4129.8633
520.64862	3984.9673
520.70038	3846.3364
520.75214	3740.2322
520.80389	3634.6602
520.85571	3520.2292
520.90747	3450.187
520.95923	3411.2546
521.01099	3422.5146
521.06281	3448.8887
521.11456	3473.8232
521.16632	3477.1409
521.21814	3472.3293
521.2699	3550.9226
521.32166	3594.7102
521.37341	3605.8523
521.42523	3518.4272
521.47699	3490.8108
521.52875	3460.196
521.58051	3305.4697
521.63232	3240.6792
521.68408	3195.3188
521.73584	3089.4824
521.78766	3020.4683
521.83942	3010.1841
521.89117	2866.7673
521.94293	2916.2815
521.99475	2863.105
522.04651	2860.0867
522.09827	2885.1499
522.15002	2933.6472
522.20184	3021.2307
522.2536	3078.9026
522.30536	3064.5957
522.35718	3166.7251
522.40894	3268.6016
522.46069	3335.0771
522.51245	3351.6956
522.56427	3367.8921
522.61603	3434.8564
522.66779	3467.8179
522.71954	3445.4023
522.77136	3503.3013
522.82312	3466.8652
522.87488	3468.7837
522.9267	3512.2488
522.97845	3475.9182
523.03021	3410.0149
523.08197	3378.104
523.13379	3338.1733
523.18555	3376.5554
523.2373	3311.4932
523.28906	3264.7302
523.34088	3204.397
523.39264	3206.0417
523.4444	3167.6301
523.49622	3169.511
523.54797	3164.4578
523.59973	3149.5627
523.65149	3130.3979
523.70331	3146.2317
523.75507	3154.1172
523.80682	3171.8777
523.85858	3176.001
523.9104	3156.0034
523.96216	3139.1707
524.01392	3121.0779
524.06573	3108.761
524.11749	3125.5422
524.16925	3113.4463
524.22101	3082.9973
524.27283	3083.3616
524.32458	3076.7769
524.37634	3049.4851
524.4281	3004.9172
524.47992	2981.3127
524.53168	2988.7212
524.58344	2981.9702
524.63525	2977.9695
524.68701	2968.667
524.73877	2942.1135
524.79053	2950.8838
524.84235	2929.1831
524.8941	2871.0359
524.94586	2901.938
524.99762	2950.7612
525.04944	2967.6123
525.1012	2965.8157
525.15295	2955.5242
525.20477	2965.5366
525.25653	2964.6851
525.30829	3002.3728
525.36005	3025.5779
525.41187	2994.887
525.46362	3012.636
525.51538	2977.2461
525.56714	3017.3684
525.61896	2983.4397
525.67072	3033.804
525.72247	3045.1328
525.77429	2990.7441
525.82605	3032.8787
525.87781	3060.4204
525.92957	3092.3064
525.98138	3034.7317
526.03314	3087.5872
526.0849	3080.5657
526.13666	3120.2605
526.18848	3175.1079
526.24023	3156.0562
526.29199	3224.5396
526.34381	3292.0891
526.39557	3333.469
526.44733	3339.5308
526.49908	3402.8389
526.5509	3475.929
526.60266	3533.0232
526.65442	3571.7393
526.70618	3672.1125
526.758	3705.5903
526.80975	3790.9585
526.86151	3900.8689
526.91333	3843.0444
526.96509	3950.3611
527.01685	4036.4587
527.0686	4038.5991
527.12042	4062.2991
527.17218	4064.5398
527.22394	4138.7588
527.2757	4182.1641
527.32751	4200.1235
527.37927	4271.834
527.43103	4214.7686
527.48285	4220.1367
527.53461	4208.8252
527.58636	4228.4014
527.63812	4232.2129
527.68994	4257.5254
527.7417	4239.3931
527.79346	4182.5381
527.84521	4185.4165
527.89703	4157.8149
527.94879	4209.0425
528.00055	4187.2397
528.05237	4104.3594
528.10413	4054.5273
528.15588	4042.769
528.20764	4048.3533
528.25946	4060.1245
528.31122	4049.4895
528.36298	4015.396
528.41473	4015.479
528.46655	3991.6147
528.51831	3978.5706
528.57007	3976.8406
528.62189	3960.4575
528.67365	3880.7207
528.7254	3882.2598
528.77716	3927.3635
528.82898	3852.8833
528.88074	3777.2278
528.9325	3789.1655
528.98425	3763.3057
529.03607	3714.0313
529.08783	3635.2849
529.13959	3571.5813
529.19141	3558.3132
529.24316	3521.866
529.29492	3461.4854
529.34668	3415.1458
529.3985	3351.0891
529.45026	3248.3579
529.50201	3169.0728
529.55377	3131.0347
529.60559	3104.7783
529.65735	3056.5679
529.70911	2982.4338
529.76093	2932.1294
529.81268	2895.356
529.86444	2835.5471
529.9162	2768.4229
529.96802	2729.8542
530.01978	2722.0603
530.07153	2678.1289
530.12329	2637.1489
530.17511	2568.355
530.22687	2513.6875
530.27863	2499.4802
530.33044	2494.3699
530.3822	2450.0825
530.43396	2426.1821
530.48572	2370.0725
530.53754	2365.8943
530.58929	2349.123
530.64105	2298.7505
530.69281	2288.1584
530.74463	2279.1912
530.79639	2267.8506
530.84814	2254.6526
530.89996	2202.7773
530.95172	2134.5269
531.00348	2125.0911
531.05524	2121.1428
531.10706	2099.1406
531.15881	2107.3381
531.21057	2056.7229
531.26233	2057.1133
531.31415	2016.1149
531.36591	1968.3705
531.41766	1970.4445
531.46948	1907.1112
531.52124	1919.9211
531.573	1915.5878
531.62476	1894.1107
531.67657	1855.97
531.72833	1817.2714
531.78009	1821.2411
531.83185	1779.7172
531.88367	1796.5564
531.93542	1793.7903
531.98718	1742.3301
532.039	1733.5569
532.09076	1722.3464
532.14252	1708.6118
532.19427	1658.9415
532.24609	1642.8806
532.29785	1643.6375
532.34961	1660.0474
532.40137	1646.6957
532.45319	1617.5507
532.50494	1621.7015
532.5567	1594.486
532.60852	1589.4651
532.66028	1580.15
532.71204	1596.697
532.76379	1559.75
532.81561	1557.4342
532.86737	1563.3607
532.91913	1575.9399
532.97089	1566.071
533.02271	1548.2026
533.07446	1539.0479
533.12622	1553.6973
533.17804	1544.9116
533.2298	1524.2858
533.28156	1546.3979
533.33331	1567.0508
533.38513	1551.7122
533.43689	1552.2653
533.48865	1530.4464
533.54041	1541.2131
533.59222	1559.4374
533.64398	1527.7415
533.69574	1525.2902
533.74756	1526.5347
533.79932	1544.71
533.85107	1529.2195
533.90283	1510.287
533.95465	1543.4451
534.00641	1559.1708
534.05817	1540.0758
534.10992	1535.1459
534.16174	1544.0076
534.2135	1545.8489
534.26526	1539.6974
534.31708	1552.7531
534.36884	1556.8817
534.42059	1544.5219
534.47235	1550.0991
534.52417	1578.2406
534.57593	1584.642
534.62769	1576.6714
534.67944	1582.3702
534.73126	1575.7179
534.78302	1574.1259
534.83478	1582.349
534.8866	1599.8374
534.93835	1616.4371
534.99011	1621.783
535.04187	1622.6827
535.09369	1620.5608
535.14545	1628.6743
535.1972	1643.6344
535.24896	1662.8474
535.30078	1682.2813
535.35254	1670.1604
535.4043	1674.1591
535.45612	1696.0676
535.50787	1707.1365
535.55963	1715.8881
535.61139	1743.2113
535.66321	1777.0626
535.71497	1766.6462
535.76672	1768.749
535.81848	1807.4934
535.8703	1815.9547
535.92206	1803.4056
535.97382	1805.2053
536.02563	1858.3571
536.07739	1861.1304
536.12915	1861.1251
536.18091	1863.6147
536.23273	1905.7965
536.28448	1929.6323
536.33624	1961.0748
536.388	2038.4409
536.43982	2038.6429
536.49158	2075.0391
536.54333	2124.0696
536.59515	2125.0969
536.64691	2147.3665
536.69867	2167.0137
536.75043	2232.9431
536.80225	2250.104
536.854	2324.21
536.90576	2363.7388
536.95752	2410.0105
537.00934	2475.7212
537.0611	2516.4299
537.11285	2572.2104
537.16467	2621.2312
537.21643	2752.447
537.26819	2871.3757
537.31995	2943.2803
537.37177	3052.9053
537.42352	3100.7122
537.47528	3271.9956
537.52704	3418.2983
537.57886	3701.436
537.63062	3860.7612
537.68237	4099.5103
537.73419	4468.6504
537.78595	4756.3818
537.83771	5183.4009
537.88947	5605.3467
537.94128	6125.9854
537.99304	6744.6582
538.0448	7369.7485
538.09656	8077.394
538.14838	8742.5322
538.20013	9422.5889
538.25189	10249.033
538.30371	10949.583
538.35547	11493.578
538.40723	12028.725
538.45898	12592.099
538.5108	13065.834
538.56256	13309.189
538.61432	13626.535
538.66608	13781.542
538.7179	13992.607
538.76965	14263.296
538.82141	14398.53
538.87323	14284.789
538.92499	14286.625
538.97675	14161.135
539.0285	14138.759
539.08032	13896.307
539.13208	13503.222
539.18384	13239.014
539.2356	12927.904
539.28741	12652.658
539.33917	12357.969
539.39093	12203.411
539.44275	12159.815
539.49451	12172.897
539.54626	12268.072
539.59802	12275.61
539.64984	12268.664
539.7016	12371.401
539.75336	12348.399
539.80511	12268.397
539.85693	12313.881
539.90869	12295.873
539.96045	12353.585
540.01227	12462.8
540.06403	12516.444
540.11578	12697.568
540.16754	13080.265
540.21936	13418.777
540.27112	13648.389
540.32288	13893.533
540.37463	14079.19
540.42645	14245.169
540.47821	14387.251
540.52997	14448.847
540.58173	14382.906
540.63354	14109.911
540.6853	13726.577
540.73706	13197.689
540.78888	12501.839
540.84064	11799.023
540.8924	11116.546
540.94415	10503.15
540.99597	9901.4092
541.04773	9543.7959
541.09949	9344.0596
541.15125	9254.8984
541.20306	9312.6553
541.25482	9446.9658
541.30658	9664.8086
541.3584	9948.5869
541.41016	10301.888
541.46191	10621.644
541.51367	11046.325
541.56549	11187.202
541.61725	11354.08
541.66901	11431.227
541.72076	11325.666
541.77258	11147.29
541.82434	10995.946
541.8761	10733.013
541.92792	10381.323
541.97968	10200.247
542.03143	9900.3623
542.08319	9444.9326
542.13501	9141.7051
542.18677	8841.3896
542.23853	8507.3789
542.29028	8182.6084
542.3421	7956.3882
542.39386	7725.0649
542.44562	7456.5386
542.49744	7224.3911
542.54919	7009.2861
542.60095	6908.2764
542.65271	6765.4248
542.70453	6619.2583
542.75629	6581.7524
542.80804	6476.4678
542.8598	6415.8174
542.91162	6381.2456
542.96338	6244.7666
543.01514	6274.0347
543.06696	6117.6953
543.11871	6222.3667
543.17047	6136.9336
543.22223	6048.5669
543.27405	6031.4634
543.32581	6035.2725
543.37756	5991.6309
543.42932	5987.5029
543.48114	6181.4995
543.5329	6145.6226
543.58466	6300.6958
543.63647	6397.8359
543.68823	6495.916
543.73999	6432.3623
543.79175	6597.8018
543.84357	6624.8501
543.89532	6676.9585
543.94708	6787.0386
543.99884	6899.8848
544.05066	6941.0303
544.10242	6949.4844
544.15417	7144.5313
544.20599	7280.3643
544.25775	7366.0366
544.30951	7710.6782
544.36127	7881.4897
544.41309	8187.2568
544.46484	8422.9658
544.5166	8771.7393
544.56836	8915.5049
544.62018	9193.2705
544.67194	9256.6748
544.72369	9324.7773
544.77551	9388.4102
544.82727	9470.2646
544.87903	9403.4023
544.93079	9415.4639
544.9826	9303.0938
545.03436	9237.4814
545.08612	9158.9395
545.13788	9044.6787
545.1897	8868.2275
545.24146	8724.5732
545.29321	8571.4287
545.34503	8462.0967
545.39679	8373.4063
545.44855	8346.5586
545.50031	8293.5781
545.55212	8280.9854
545.60388	8261.6035
545.65564	8256.9082
545.7074	8228.4854
545.75922	8137.8047
545.81097	7908.061
545.86273	7780.2236
545.91455	7658.6558
545.96631	7456.1797
546.01807	7230.3247
546.06982	7054.3911
546.12164	6878.1636
546.1734	6784.6895
546.22516	6596.3955
546.27692	6485.6343
546.32874	6394.2607
546.38049	6239.6982
546.43225	6195.1475
546.48407	6181.4082
546.53583	6101.8643
546.58759	6068.4189
546.63934	6107.085
546.69116	6039.4009
546.74292	5957.7642
546.79468	5985.4253
546.84644	6013.6875
546.89825	5995.3779
546.95001	6000.7407
547.00177	5997.1455
547.05359	5987.5454
547.10535	5962.8311
547.1571	5994.415
547.20886	6014.4487
547.26068	5973.3818
547.31244	6008.4561
547.3642	6046.314
547.41595	6021.8013
547.46777	6053.3965
547.51953	6098.2891
547.57129	6095.936
547.62311	6099.9058
547.67487	6144.1914
547.72662	6197.6221
547.77838	6217.394
547.8302	6262.8467
547.88196	6330.3057
547.93372	6392.1274
547.98547	6441.1133
548.03729	6510.7783
548.08905	6618.6914
548.14081	6695.6812
548.19263	6788.5386
548.24438	6893.2085
548.29614	6986.4414
548.3479	7070.2148
548.39972	7142.8193
548.45148	7325.6025
548.50323	7423.3618
548.55499	7525.519
548.60681	7685.2886
548.65857	7809.8721
548.71033	7942.02
548.76215	8038.2271
548.8139	8150.7446
548.86566	8233.8906
548.91742	8441.7969
548.96924	8519.1982
549.021	8615.1045
549.07275	8697.7559
549.12451	8880.6631
549.17633	8946.2412
549.22809	9000.6807
549.27985	9031.8545
549.33167	9126.6084
549.38342	9126.0254
549.43518	9180.75
549.48694	9126.418
549.53876	9048.6807
549.59052	9061.3115
549.64227	8944.2529
549.69403	8772.6504
549.74585	8817.3291
549.79761	8643.8516
549.84937	8526.4102
549.90118	8348.8428
549.95294	8197.2568
550.0047	8052.9521
550.05646	7868.9756
550.10828	7744.2617
550.16003	7588.9302
550.21179	7538.0195
550.26355	7441.7119
550.31537	7298.8628
550.36713	7316.7798
550.41888	7107.6758
550.4707	7054.7329
550.52246	6897.9473
550.57422	6889.6196
550.62598	6761.7588
550.6778	6574.7114
550.72955	6530.8931
550.78131	6373.7412
550.83307	6287.6641
550.88489	6182.9287
550.93665	6111.0405
550.9884	5899.8843
551.04022	5930.106
551.09198	5819.272
551.14374	5712.2642
551.1955	5661.7417
551.24731	5548.5391
551.29907	5498.959
551.35083	5391.4595
551.40259	5404.9004
551.45441	5313.4482
551.50616	5260.5244
551.55792	5244.9263
551.60974	5106.5981
551.6615	5009.3022
551.71326	4989.7754
551.76501	4914.4873
551.81683	4878.0889
551.86859	4822.9966
551.92035	4813.0059
551.97211	4781.9775
552.02393	4691.9458
552.07568	4648.0454
552.12744	4630.9312
552.17926	4622.1416
552.23102	4629.4707
552.28278	4552.0713
552.33453	4533.2534
552.38635	4519.4487
552.43811	4462.5762
552.48987	4385.5146
552.54163	4325.9038
552.59344	4289.2109
552.6452	4226.5034
552.69696	4190.8364
552.74878	4169.2891
552.80054	4116.9751
552.85229	4071.395
552.90405	4049.7866
552.95587	4022.312
553.00763	3981.7896
553.05939	3977.8713
553.11115	3950.9702
553.16296	3910.3276
553.21472	3941.8916
553.26648	3913.3115
553.3183	3871.8618
553.37006	3827.3181
553.42181	3787.9854
553.47357	3830.9741
553.52539	3782.3228
553.57715	3782.0356
553.62891	3748.323
553.68066	3673.3191
553.73248	3609.3867
553.78424	3615.5332
553.836	3602.6409
553.88782	3603.334
553.93958	3636.6169
553.99133	3594.4377
554.04309	3658.0886
554.09491	3713.0132
554.14667	3763.9976
554.19843	3773.6113
554.25018	3754.2056
554.302	3761.5725
554.35376	3762.0923
554.40552	3713.7542
554.45734	3665.0139
554.50909	3569.2085
554.56085	3544.2012
554.61261	3458.6409
554.66443	3374.1025
554.71619	3382.2993
554.76794	3368.8726
554.8197	3259.5266
554.87152	3283.0818
554.92328	3306.7998
554.97504	3372.6533
555.02686	3396.8206
555.07861	3508.1704
555.13037	3511.071
555.18213	3604.1345
555.23395	3551.2607
555.28571	3644.3159
555.33746	3688.8352
555.38922	3776.0745
555.44104	3773.4458
555.4928	3934.259
555.54456	3881.1956
555.59637	3984.6328
555.64813	3943.1274
555.69989	3996.0706
555.75165	3965.8386
555.80347	4002.7014
555.85522	3982.7539
555.90698	3944.1165
555.95874	3922.52
556.01056	3865.0828
556.06232	3765.1699
556.11407	3769.0254
556.16589	3738.1938
556.21765	3715.4363
556.26941	3602.7864
556.32117	3514.2612
556.37299	3402.8889
556.42474	3345.5864
556.4765	3208.8442
556.52826	3044.7693
556.58008	2982.4197
556.63184	2905.3506
556.68359	2811.4751
556.73541	2728.5725
556.78717	2675.4463
556.83893	2665.665
556.89069	2627.2654
556.9425	2570.3577
556.99426	2582.6399
557.04602	2592.7573
557.09778	2541.8782
557.1496	2475.0603
557.20135	2442.9546
557.25311	2424.5134
557.30493	2386.387
557.35669	2352.4873
557.40845	2340.6597
557.46021	2324.9009
557.51202	2292.5789
557.56378	2267.9973
557.61554	2269.8901
557.6673	2235.7363
557.71912	2179.105
557.77087	2166.7026
557.82263	2154.6528
557.87445	2127.4153
557.92621	2103.7793
557.97797	2069.3765
558.02972	2029.4785
558.08154	1997.8853
558.1333	1955.5028
558.18506	1928.8486
558.23682	1930.8772
558.28864	1927.4822
558.34039	1919.6117
558.39215	1898.1278
558.44397	1909.4015
558.49573	1890.4445
558.54749	1871.3982
558.59924	1838.6757
558.65106	1814.0664
558.70282	1788.9581
558.75458	1782.7201
558.80634	1739.084
558.85815	1725.2139
558.90991	1708.9114
558.96167	1676.8038
559.01349	1659.8864
559.06525	1650.952
559.117	1625.0554
559.16876	1578.7429
559.22058	1553.1541
559.27234	1547.679
559.3241	1544.2598
559.37585	1549.709
559.42767	1510.1315
559.47943	1501.1473
559.53119	1486.6427
559.58301	1474.866
559.63477	1460.0471
559.68652	1451.3435
559.73828	1447.1683
559.7901	1436.1749
559.84186	1437.595
559.89362	1408.8853
559.94537	1403.6427
559.99719	1411.9576
560.04895	1391.0503
560.10071	1388.8402
560.15253	1392.7161
560.20428	1371.5814
560.25604	1358.9431
560.3078	1335.9343
560.35962	1367.5864
560.41138	1358.3768
560.46313	1322.0868
560.51489	1303.7882
560.56671	1342.944
560.61847	1327.6062
560.67023	1331.3984
560.72205	1300.8839
560.7738	1301.4445
560.82556	1307.234
560.87732	1289.5802
560.92914	1292.7423
560.9809	1268.5308
561.03265	1264.73
561.08441	1264.1212
561.13623	1251.0637
561.18799	1253.601
561.23975	1256.7493
561.29156	1248.86
561.34332	1243.7627
561.39508	1247.4084
561.44684	1242.2616
561.49866	1228.2498
561.55042	1217.8506
561.60217	1208.4489
561.65393	1198.2402
561.70575	1198.2152
561.75751	1215.2736
561.80927	1186.6622
561.86108	1181.8772
561.91284	1185.9343
561.9646	1189.4152
562.01636	1178.0482
562.06818	1174.5433
562.11993	1171.925
562.17169	1179.0605
562.22345	1162.9246
562.27527	1164.9695
562.32703	1178.6626
562.37878	1167.942
562.4306	1155.2001
562.48236	1148.7726
562.53412	1151.812
562.58588	1164.4014
562.6377	1152.8265
562.68945	1149.8335
562.74121	1143.4989
562.79297	1137.2869
562.84479	1139.892
562.89655	1143.2781
562.9483	1141.6149
563.00012	1134.3842
563.05188	1123.7889
563.10364	1124.374
563.1554	1130.1595
563.20721	1130.8141
563.25897	1129.8031
563.31073	1129.3663
563.36249	1125.0291
563.41431	1116.1227
563.46606	1108.9381
563.51782	1117.9879
563.56964	1125.6868
563.6214	1115.2876
563.67316	1112.8925
563.72491	1124.0974
563.77673	1118.2935
563.82849	1096.2174
563.88025	1104.9049
563.93201	1109.6573
563.98383	1099.0399
564.03558	1108.3959
564.08734	1102.2274
564.13916	1099.3966
564.19092	1099.7809
564.24268	1090.1493
564.29443	1086.3199
564.34625	1081.3983
564.39801	1078.6796
564.44977	1069.1735
564.50153	1072.574
564.55334	1078.068
564.6051	1090.8676
564.65686	1082.3103
564.70868	1068.8539
564.76044	1073.2765
564.81219	1070.4224
564.86395	1057.3763
564.91577	1061.6057
564.96753	1065.6642
565.01929	1062.8995
565.07104	1064.8649
565.12286	1069.0836
565.17462	1055.375
565.22638	1056.5974
565.2782	1049.892
565.32996	1054.9597
565.38171	1054.752
565.43347	1064.6809
565.48529	1049.4723
565.53705	1048.5657
565.58881	1049.0427
565.64056	1052.7905
565.69238	1041.2583
565.74414	1049.0758
565.7959	1047.6836
565.84772	1042.736
565.89948	1038.3982
565.95123	1039.8058
566.00299	1034.7152
566.05481	1034.632
566.10657	1039.9587
566.15833	1034.22
566.21008	1032.8708
566.2619	1034.6029
566.31366	1027.4279
566.36542	1032.694
566.41724	1019.8489
566.46899	1019.8613
566.52075	1027.27
566.57251	1037.1578
566.62433	1020.4359
566.67609	1026.1599
566.72784	1024.042
566.7796	1021.5742
566.83142	1022.8528
566.88318	1027.1349
566.93494	1029.772
566.98676	1022.2339
567.03851	1012.9193
567.09027	1027.6716
567.14203	1014.8849
567.19385	1017.8645
567.24561	1015.0661
567.29736	1024.907
567.34912	1012.0458
567.40094	1009.5839
567.4527	1014.2027
567.50446	1003.0783
567.55627	1001.8522
567.60803	1005.3845
567.65979	1006.1458
567.71155	1013.73
567.76337	1002.6492
567.81512	1000.7437
567.86688	1003.8981
567.91864	1005.8542
567.97046	1006.5982
568.02222	999.24573
568.07397	994.5249
568.12579	999.61108
568.17755	998.87384
568.22931	1007.09
568.28107	1006.8993
568.33289	1006.707
568.38464	1008.0113
568.4364	1010.0406
568.48816	1004.7641
568.53998	1000.5208
568.59174	1003.4971
568.64349	1000.4915
568.69531	990.48676
568.74707	995.31177
568.79883	1001.0461
568.85059	1002.6711
568.9024	998.54211
568.95416	1001.1995
569.00592	997.80548
569.05768	993.27423
569.1095	996.39752
569.16125	1002.2303
569.21301	1006.9955
569.26483	999.33069
569.31659	991.2171
569.36835	988.65784
569.4201	993.73975
569.47192	1000.6306
569.52368	997.96405
569.57544	995.36871
569.6272	988.57971
569.67902	982.61176
569.73077	986.08716
569.78253	989.58923
569.83435	992.578
569.88611	993.48297
569.93787	995.4212
569.98962	999.59814
570.04144	996.52875
570.0932	989.2796
570.14496	988.43909
570.19672	986.5816
570.24854	980.96869
570.30029	984.08557
570.35205	983.16846
570.40387	977.42822
570.45563	984.60223
570.50739	988.60016
570.55914	982.65967
570.61096	979.9165
570.66272	983.776
570.71448	986.01276
570.76624	981.22461
570.81805	976.25031
570.86981	980.4679
570.92157	995.52875
570.97339	993.66455
571.02515	974.92291
571.0769	977.31366
571.12866	971.53369
571.18048	968.20599
571.23224	977.77899
571.284	973.6557
571.33575	974.15021
571.38757	972.45819
571.43933	977.34381
571.49109	972.08472
571.54291	985.28198
571.59467	985.224
571.64642	969.09808
571.69818	970.68866
571.75	975.60022
571.80176	970.9599
571.85352	979.58466
571.90527	980.06494
571.95709	972.33258
572.00885	971.88153
572.06061	964.04248
572.11243	961.79364
572.16418	972.57269
572.21594	978.35736
572.2677	977.32715
572.31952	963.30188
572.37128	968.28015
572.42303	973.44171
572.47479	979.01135
572.52661	970.88788
572.57837	971.02191
572.63013	961.28705
572.68195	968.36804
572.7337	976.55634
572.78546	970.45709
572.83722	961.56097
572.88904	966.79999
572.9408	979.99622
572.99255	960.99152
573.04431	965.95483
573.09613	969.44379
573.14789	969.95343
573.19965	962.58002
573.25146	964.9278
573.30322	981.98047
573.35498	961.78204
573.40674	967.71918
573.45856	973.25275
573.51031	973.07208
573.56207	962.77277
573.61383	964.38831
573.66565	968.72656
573.71741	965.89557
573.76917	972.85931
573.82098	958.76685
573.87274	961.59149
573.9245	967.89789
573.97626	965.13971
574.02808	966.41125
574.07983	961.92566
574.13159	963.33551
574.18335	969.23419
574.23517	966.4184
574.28693	959.03802
574.33868	967.28027
574.3905	965.55121
574.44226	966.80627
574.49402	960.4071
574.54578	956.38641
574.5976	966.92987
574.64935	963.11713
574.70111	960.15588
574.75287	961.38776
574.80469	960.70258
574.85645	964.54541
574.9082	962.1106
574.96002	963.12976
575.01178	969.82172
575.06354	961.28259
575.1153	954.88708
575.16711	962.92242
575.21887	966.80756
575.27063	964.84827
575.32239	964.67493
575.37421	966.02643
575.42596	964.10315
575.47772	957.58618
575.52954	955.36169
575.5813	959.19568
575.63306	955.45508
575.68481	963.31415
575.73663	962.30408
575.78839	961.14032
575.84015	963.23157
575.89191	972.67151
575.94373	971.32623
575.99548	964.38611
576.04724	961.13794
576.09906	952.98669
576.15082	965.31989
576.20258	967.24976
576.25433	958.46552
576.30615	962.92249
576.35791	959.8866
576.40967	955.90924
576.46143	959.72784
576.51324	959.31158
576.565	960.22992
576.61676	967.8288
576.66858	967.31256
576.72034	959.95782
576.77209	954.50702
576.82385	957.89764
576.87567	957.11761
576.92743	956.0155
576.97919	960.17438
577.03094	957.18713
577.08276	958.73407
577.13452	960.04468
577.18628	962.05658
577.2381	965.3493
577.28986	956.52496
577.34161	951.92316
577.39337	956.10364
577.44519	958.40015
577.49695	964.67938
577.54871	963.68951
577.60046	961.67346
577.65228	961.71942
577.70404	958.41632
577.7558	959.52802
577.80762	954.04028
577.85938	952.89917
577.91113	958.79712
577.96289	960.38141
578.01471	954.97742
578.06647	963.46918
578.11823	962.75275
578.16998	952.19366
578.2218	961.1571
578.27356	965.76221
578.32532	958.37439
578.37714	958.95972
578.42889	961.10449
578.48065	958.52625
578.53241	953.97668
578.58423	950.76379
578.63599	954.82001
578.68774	959.33203
578.7395	960.38782
578.79132	958.5144
578.84308	956.05975
578.89484	958.09088
578.94666	965.48615
578.99841	961.30261
579.05017	956.36694
579.10193	957.62518
579.15375	960.02118
579.20551	953.08264
579.25726	953.05945
579.30902	956.72089
579.36084	952.76208
579.4126	949.18854
579.46436	952.8075
579.51617	947.25586
579.56793	955.74866
579.61969	958.98914
579.67145	968.45618
579.72327	963.99524
579.77502	957.09106
579.82678	965.41357
579.87854	962.03882
579.93036	964.42767
579.98212	959.34436
580.03387	954.51379
580.08569	956.71735
580.13745	951.11688
580.18921	962.89008
580.24097	956.15137
580.29279	956.20807
580.34454	957.41473
580.3963	964.73199
580.44806	953.09454
580.49988	951.90601
580.55164	954.98981
580.60339	959.052
580.65521	955.96454
580.70697	960.22186
580.75873	959.41663
580.81049	962.91467
580.8623	951.01819
580.91406	959.73309
580.96582	955.36053
581.01758	958.29803
581.0694	952.35455
581.12115	957.83636
581.17291	960.34576
581.22473	961.86115
581.27649	963.36523
581.32825	960.00897
581.38	965.23938
581.43182	954.38452
581.48358	954.42596
581.53534	960.15338
581.5871	960.94464
581.63892	966.1424
581.69067	945.05945
581.74243	960.18823
581.79425	958.75934
581.84601	957.61951
581.89777	953.90741
581.94952	954.46399
582.00134	953.6731
582.0531	958.0509
582.10486	961.25995
582.15662	966.0202
582.20844	959.60797
582.26019	957.7627
582.31195	961.97424
582.36377	950.18781
582.41553	949.02539
582.46729	953.00372
582.51904	963.39514
582.57086	958.08588
582.62262	954.63959
582.67438	957.54004
582.72614	948.39001
582.77795	961.34827
582.82971	957.07324
582.88147	958.90302
582.93323	952.60266
582.98505	951.99725
583.0368	964.54785
583.08856	946.28162
583.14038	947.34692
583.19214	951.67413
583.2439	958.1214
583.29565	957.216
583.34747	952.23108
583.39923	955.41522
583.45099	955.79926
583.50275	958.39252
583.55457	955.76837
583.60632	958.83173
583.65808	960.83008
583.7099	960.62042
583.76166	959.77856
583.81342	951.00415
583.86517	951.73932
583.91699	952.48187
583.96875	948.92377
584.02051	954.09235
584.07227	962.18945
584.12408	966.27277
584.17584	963.05981
584.2276	960.7702
584.27942	957.30597
584.33118	953.00262
584.38293	954.89948
584.43469	960.20947
584.48651	958.3194
584.53827	950.77002
584.59003	954.3172
584.64178	956.9502
584.6936	961.80609
584.74536	966.15106
584.79712	963.38019
584.84894	963.97809
584.9007	963.66138
584.95245	964.95837
585.00421	962.65723
585.05603	954.53265
585.10779	954.00635
585.15955	957.76532
585.2113	960.26501
585.26312	958.52319
585.31488	957.48468
585.36664	954.20831
585.41846	958.5976
585.47021	964.9007
585.52197	959.776
585.57373	955.96124
585.62555	954.5799
585.67731	961.10175
585.72906	963.24719
585.78082	955.63385
585.83264	956.82434
585.8844	961.00629
585.93616	962.01367
585.98798	955.56195
586.03973	952.22943
586.09149	961.89783
586.14325	961.78961
586.19507	956.50635
586.24683	955.95734
586.29858	955.00305
586.35034	954.98987
586.40216	955.41724
586.45392	958.58954
586.50568	956.90363
586.5575	957.04968
586.60925	960.89258
586.66101	955.31842
586.71277	954.58069
586.76459	957.10956
586.81635	947.59088
586.8681	951.7254
586.91986	962.245
586.97168	963.79865
587.02344	957.9671
587.0752	956.18823
587.12701	957.2608
587.17877	955.25867
587.23053	949.24176
587.28229	954.79895
587.33411	957.53632
587.38586	956.83746
587.43762	955.71649
587.48938	952.99359
587.5412	958.50372
587.59296	957.96466
587.64471	955.74982
587.69653	954.09534
587.74829	964.25488
587.80005	960.45685
587.85181	957.32941
587.90363	953.4693
587.95538	955.29565
588.00714	952.10675
588.0589	943.85742
588.11072	951.95154
588.16248	957.02887
588.21423	954.30286
588.26605	956.6571
588.31781	957.06635
588.36957	953.59412
588.42133	953.49536
588.47314	959.20288
588.5249	959.76471
588.57666	961.73071
588.62842	958.71429
588.68024	965.6861
588.73199	958.07202
588.78375	960.06604
588.83557	960.05072
588.88733	964.87085
588.93909	961.63599
588.99084	958.34363
589.04266	952.38239
589.09442	948.32788
589.14618	951.71576
589.19794	957.22461
589.24976	959.65289
589.30151	961.98431
589.35327	958.62482
589.40509	957.94031
589.45685	959.52344
589.50861	962.25781
589.56036	954.78217
589.61218	960.7074
589.66394	960.34875
589.7157	961.54327
589.76746	958.96558
589.81927	964.52448
589.87103	954.70886
589.92279	954.64917
589.97461	961.51776
590.02637	962.76166
590.07813	953.22058
590.12988	955.2984
590.1817	958.57452
590.23346	950.20813
590.28522	955.7179
590.33698	963.62653
590.38879	963.89276
590.44055	961.58765
590.49231	954.61505
590.54413	959.16278
590.59589	963.20239
590.64764	959.53516
590.6994	958.11017
590.75122	953.54169
590.80298	956.90332
590.85474	953.97162
590.90649	952.15527
590.95831	956.77954
591.01007	951.68652
591.06183	951.37854
591.11365	953.89233
591.16541	962.3808
591.21716	956.98419
591.26892	959.92303
591.32074	953.92981
591.3725	956.47961
591.42426	959.68805
591.47601	956.7135
591.52783	953.7356
591.57959	950.81061
591.63135	949.492
591.68317	953.46143
591.73492	956.35284
591.78668	954.59784
591.83844	964.84125
591.89026	959.45514
591.94202	961.42548
591.99377	958.43365
592.04553	951.97449
592.09735	956.46747
592.14911	952.02722
592.20087	953.49176
592.25269	957.95599
592.30444	964.90173
592.3562	951.8432
592.40796	953.99512
592.45978	962.32867
592.51154	958.71399
592.56329	953.28876
592.61505	954.5531
592.66687	952.84436
592.71863	956.48749
592.77039	954.57581
592.8222	959.13721
592.87396	952.87439
592.92572	962.86261
592.97748	962.38751
593.0293	964.22485
593.08105	958.51239
593.13281	953.08618
593.18457	954.07312
593.23639	964.40375
593.28815	960.1308
593.3399	963.22473
593.39172	958.15936
593.44348	958.37378
593.49524	949.78943
593.547	961.61108
593.59882	957.57013
593.65057	954.83765
593.70233	958.82178
593.75409	952.52905
593.80591	961.17255
593.85767	964.95313
593.90942	959.76093
593.96124	954.24237
594.013	956.69226
594.06476	961.4762
594.11652	953.84521
594.16833	966.07269
594.22009	965.20984
594.27185	961.01093
594.32361	966.92279
594.37543	957.87921
594.42719	962.11212
594.47894	963.73877
594.53076	962.68829
594.58252	953.5564
594.63428	959.2373
594.68604	962.52405
594.73785	960.51324
594.78961	954.17755
594.84137	957.17688
594.89313	953.67749
594.94495	958.77466
594.9967	960.35065
595.04846	960.04901
595.10028	960.09918
595.15204	955.8291
595.2038	961.4353
595.25555	959.59003
595.30737	962.32983
595.35913	959.11475
595.41089	958.76831
595.46265	959.04248
595.51447	955.617
595.56622	964.27338
595.61798	962.49091
595.6698	965.90991
595.72156	964.15588
595.77332	962.14032
595.82507	961.29187
595.87689	959.60461
595.92865	957.95001
595.98041	961.52393
596.03217	966.83569
596.08398	957.25067
596.13574	960.23969
596.1875	952.3103
596.23932	957.50537
596.29108	965.36969
596.34283	959.97327
596.39459	962.12616
596.44641	966.93103
596.49817	958.93219
596.54993	957.12134
596.60168	959.61469
596.6535	964.03125
596.70526	964.00458
596.75702	963.4079
596.80884	960.3808
596.8606	960.3396
596.91235	964.36896
596.96411	967.18207
597.01593	963.43829
597.06769	962.61115
597.11945	960.7818
597.1712	966.15369
597.22302	964.98053
597.27478	969.25745
597.32654	958.55463
597.37836	958.4245
597.43011	955.2641
597.48187	965.54059
597.53363	962.08246
597.58545	965.19495
597.63721	966.79236
597.68896	957.9494
597.74072	966.05011
597.79254	962.41412
597.8443	965.11377
597.89606	964.40753
597.94788	968.90857
597.99963	961.67572
598.05139	968.08807
598.10315	967.68475
598.15497	969.95319
598.20673	968.59064
598.25848	967.71698
598.31024	964.88135
598.36206	962.39124
598.41382	968.60583
598.46558	966.16852
598.5174	966.40808
598.56915	962.37659
598.62091	973.01532
598.67267	966.33209
598.72449	964.85895
598.77625	962.94781
598.828	960.13953
598.87976	963.40051
598.93158	961.56299
598.98334	966.40796
599.0351	966.74823
599.08691	971.0556
599.13867	974.18921
599.19043	967.90637
599.24219	973.79584
599.29401	969.01221
599.34576	966.88
599.39752	972.6062
599.44928	965.62616
599.5011	962.58429
599.55286	967.26172
599.60461	965.76715
599.65643	966.4035
599.70819	968.10681
599.75995	969.63007
599.81171	970.47589
599.86353	969.08203
599.91528	965.823
599.96704	964.96625
600.0188	975.47046
600.07062	977.16766
600.12238	964.52637
600.17413	962.4859
600.22595	967.41699
600.27771	968.26038
600.32947	965.55701
600.38123	964.17566
600.43304	965.74866
600.4848	966.72656
600.53656	969.88721
600.58832	967.45154
600.64014	965.5686
600.69189	965.54443
600.74365	961.76599
600.79547	969.78558
600.84723	974.38617
600.89899	970.08264
600.95074	969.2981
601.00256	964.49829
601.05432	963.95923
601.10608	970.51556
601.15784	965.28094
601.20966	963.21466
601.26141	971.7821
601.31317	970.62213
601.36499	967.15765
601.41675	972.75153
601.46851	971.99078
601.52026	971.32764
601.57208	967.823
601.62384	961.09747
601.6756	964.83112
601.72736	959.4292
601.77917	967.11536
601.83093	968.9245
601.88269	969.87537
601.93451	970.7644
601.98627	961.78827
602.03802	971.33777
602.08978	963.27856
602.1416	968.41266
602.19336	969.0639
602.24512	973.6405
602.29688	971.47424
602.34869	965.4845
602.40045	968.71954
602.45221	972.74591
602.50403	974.8703
602.55579	971.72174
602.60754	977.15729
602.6593	968.08472
602.71112	967.88794
602.76288	968.53632
602.81464	967.55688
602.86639	969.90961
602.91821	976.35406
602.96997	978.31073
603.02173	973.07526
603.07355	967.99921
603.12531	976.16986
603.17706	961.85645
603.22882	969.58124
603.28064	989.11255
603.3324	982.34839
603.38416	976.54547
603.43591	968.12994
603.48773	975.27271
603.53949	965.52527
603.59125	959.15802
603.64307	974.52386
603.69482	963.8905
603.74658	967.13989
603.79834	964.7478
603.85016	975.92261
603.90192	977.63452
603.95367	985.29858
604.00543	975.97174
604.05725	971.53357
604.10901	964.14551
604.16077	970.16461
604.21259	972.71509
604.26434	959.02521
604.3161	970.58301
604.36786	976.2417
604.41968	971.14032
604.47144	974.84497
604.52319	965.04462
604.57495	970.29669
604.62677	966.89191
604.67853	976.08234
604.73029	976.30127
604.7821	966.61035
604.83386	975.06158
604.88562	975.01099
604.93738	979.50977
604.9892	972.81812
605.04095	975.66345
605.09271	967.67627
605.14447	974.19598
605.19629	971.28717
605.24805	977.33301
605.2998	969.67426
605.35162	980.88367
605.40338	968.41669
605.45514	974.06555
605.5069	971.75641
605.55872	972.36145
605.61047	972.65692
605.66223	964.44061
605.71399	968.09412
605.76581	972.16528
605.81757	974.08014
605.86932	974.82062
605.92114	979.75916
605.9729	971.91058
606.02466	977.44507
606.07642	974.159
606.12823	974.23248
606.17999	971.65216
606.23175	971.93274
606.28351	970.06311
606.33533	970.89539
606.38708	980.03259
606.43884	977.43488
606.49066	970.39673
606.54242	978.82434
606.59418	976.85431
606.64594	974.7049
606.69775	975.47089
606.74951	974.39337
606.80127	973.51056
606.85303	970.97473
606.90485	972.73285
606.9566	971.61823
607.00836	972.95593
607.06018	978.85645
607.11194	983.18781
607.1637	972.92419
607.21545	971.89709
607.26727	972.04498
607.31903	977.04523
607.37079	974.33167
607.42255	972.58386
607.47437	971.33209
607.52612	970.409
607.57788	969.09338
607.6297	974.05487
607.68146	978.05811
607.73322	973.46356
607.78497	973.65558
607.83679	971.75128
607.88855	969.55151
607.94031	974.98016
607.99207	977.12036
608.04388	976.11932
608.09564	976.45557
608.1474	976.44293
608.19922	976.27661
608.25098	977.70929
608.30273	976.69513
608.35449	974.39215
608.40631	976.13275
608.45807	973.25854
608.50983	974.08392
608.56158	975.77991
608.6134	969.58624
608.66516	974.66504
608.71692	978.25409
608.76874	973.35272
608.8205	974.14203
608.87225	972.02979
608.92401	974.32715
608.97583	977.68732
609.02759	975.80042
609.07935	978.57526
609.1311	983.92975
609.18292	983.91388
609.23468	975.64764
609.28644	974.34253
609.33826	979.64569
609.39001	984.45447
609.44177	982.26721
609.49353	973.30133
609.54535	972.17651
609.59711	970.46777
609.64886	969.64557
609.70062	981.03979
609.75244	979.30951
609.8042	974.48804
609.85596	973.93152
609.90778	970.69275
609.95953	978.09119
610.01129	977.01758
610.06305	973.96313
610.11487	977.79462
610.16663	978.08484
610.21838	981.14081
610.27014	975.74579
610.32196	969.21216
610.37372	975.67993
610.42548	978.87579
610.47729	979.91455
610.52905	978.6344
610.58081	980.79407
610.63257	980.60718
610.68439	974.87708
610.73615	978.73651
610.7879	968.91809
610.83966	975.1485
610.89148	980.17236
610.94324	974.73309
610.995	972.96252
611.04681	980.12958
611.09857	975.91669
611.15033	981.76306
611.20209	981.68213
611.25391	982.15222
611.30566	979.15009
611.35742	967.25397
611.40918	978.508
611.461	984.16992
611.51276	984.29602
611.56451	976.1272
611.61633	982.74951
611.66809	978.12311
611.71985	979.01013
611.77161	977.35638
611.82343	975.96869
611.87518	977.79114
611.92694	978.55524
611.9787	983.91699
612.03052	981.63159
612.08228	983.79944
612.13403	983.62018
612.18585	979.47736
612.23761	973.70819
612.28937	975.91998
612.34113	977.32214
612.39294	972.95459
612.4447	980.96033
612.49646	984.02887
612.54822	989.46985
612.60004	990.59711
612.65179	986.16913
612.70355	982.00513
612.75537	979.56842
612.80713	979.4104
612.85889	992.12585
612.91064	981.81561
612.96246	980.09686
613.01422	979.72662
613.06598	977.16394
613.11774	985.70563
613.16956	984.28845
613.22131	975.63733
613.27307	987.69629
613.32489	974.82098
613.37665	979.72888
613.42841	987.96765
613.48016	980.9494
613.53198	991.89911
613.58374	980.71478
613.6355	988.51215
613.68726	983.5376
613.73907	978.52692
613.79083	991.89447
613.84259	979.16583
613.89441	983.7583
613.94617	975.26727
613.99792	981.81378
614.04968	989.26068
614.1015	992.65283
614.15326	985.76428
614.20502	981.93213
614.25677	994.37067
614.30859	975.00836
614.36035	973.52185
614.41211	985.42853
614.46393	976.26495
614.51569	993.80817
614.56744	988.84888
614.6192	985.8562
614.67102	981.46973
614.72278	985.23279
614.77454	994.06421
614.82629	984.44476
614.87811	995.9317
614.92987	985.6936
614.98163	995.98419
615.03345	985.4165
615.08521	997.3725
615.13696	982.93591
615.18872	985.55627
615.24054	982.20886
615.2923	983.79254
615.34406	974.86029
615.39581	970.87335
615.44763	976.96069
615.49939	987.14276
615.55115	985.07227
615.60297	984.76898
615.65472	974.57745
615.70648	985.34009
615.75824	986.48462
615.81006	990.43317
615.86182	980.52521
615.91357	979.51886
615.96533	982.6698
616.01715	980.16583
616.06891	980.59979
616.12067	984.64453
616.17249	983.21606
616.22424	982.474
616.276	987.93573
616.32776	980.6048
616.37958	978.21844
616.43134	990.59009
616.48309	995.646
616.53485	985.90436
616.58667	979.65845
616.63843	983.71899
616.69019	983.6488
616.742	982.2074
616.79376	987.61621
616.84552	987.02167
616.89728	986.17957
616.9491	984.14539
617.00085	983.28809
617.05261	982.05585
617.10437	977.48029
617.15619	984.53156
617.20795	989.22101
617.2597	983.37939
617.31152	989.18182
617.36328	985.43103
617.41504	981.31769
617.4668	987.09467
617.51862	986.19092
617.57037	984.50989
617.62213	984.31226
617.67389	982.50629
617.72571	978.59039
617.77747	981.88391
617.82922	988.64966
617.88104	992.39545
617.9328	985.15222
617.98456	981.81812
618.03632	982.45001
618.08813	981.3548
618.13989	982.96906
618.19165	987.07343
618.24341	989.14471
618.29523	989.14331
618.34698	989.39435
618.39874	986.82318
618.45056	984.61475
618.50232	982.14337
618.55408	981.93835
618.60583	980.94824
618.65765	980.69836
618.70941	983.60596
618.76117	986.97302
618.81293	987.68445
618.86475	983.5943
618.9165	982.28149
618.96826	987.26764
619.02008	992.33875
619.07184	989.88538
619.1236	981.70074
619.17535	990.90619
619.22717	988.03278
619.27893	987.25702
619.33069	989.72498
619.38245	991.79633
619.43427	988.13696
619.48602	986.75574
619.53778	984.65216
619.5896	989.5849
619.64136	984.0426
619.69312	981.56873
619.74487	987.60187
619.79669	987.89984
619.84845	985.06403
619.90021	987.70135
619.95197	988.98181
620.00378	989.40417
620.05554	986.16107
620.1073	982.15826
620.15912	986.61096
620.21088	985.80743
620.26263	983.34662
620.31439	983.46515
620.36621	986.21558
620.41797	990.33734
620.46973	983.82532
620.52148	987.24646
620.5733	991.46497
620.62506	988.85107
620.67682	988.07794
620.72864	988.82385
620.7804	997.08014
620.83215	996.30096
620.88391	991.41943
620.93573	991.89825
620.98749	988.79309
621.03925	989.70959
621.091	989.93005
621.14282	986.32959
621.19458	985.16766
621.24634	988.85669
621.29816	987.90363
621.34991	989.97321
621.40167	996.13702
621.45343	997.95789
621.50525	998.73657
621.55701	996.04614
621.60876	993.35419
621.66052	989.19055
621.71234	990.86127
621.7641	998.68652
621.81586	995.49164
621.86768	991.28009
621.91943	992.94183
621.97119	992.21338
622.02295	995.34747
622.07477	992.69635
622.12653	984.69989
622.17828	987.3811
622.23004	990.12543
622.28186	987.10815
622.33362	992.48151
622.38538	998.5415
622.43719	994.65088
622.48895	988.64691
622.54071	987.85858
622.59247	990.56787
622.64429	991.03973
622.69604	993.78937
622.7478	992.99927
622.79956	991.31927
622.85138	992.9776
622.90314	993.02216
622.9549	988.54712
623.00671	994.08557
623.05847	992.48462
623.11023	987.7442
623.16199	993.32123
623.21381	995.41003
623.26556	992.52319
623.31732	992.77905
623.36908	989.89447
623.4209	990.40228
623.47266	997.63434
623.52441	997.77747
623.57623	996.37946
623.62799	995.41504
623.67975	995.68829
623.73151	987.68793
623.78333	988.43158
623.83508	990.81824
623.88684	992.51447
623.9386	991.45856
623.99042	994.25531
624.04218	992.71832
624.09393	989.37512
624.14575	1001.4758
624.19751	1006.6794
624.24927	999.51282
624.30103	1006.1321
624.35284	1003.5833
624.4046	989.88647
624.45636	989.99182
624.50812	992.51691
624.55994	993.85022
624.61169	988.53552
624.66345	1002.1861
624.71527	997.67328
624.76703	998.87323
624.81879	998.9317
624.87054	999.4801
624.92236	998.86713
624.97412	998.5824
625.02588	997.66766
625.07764	994.19434
625.12946	997.62775
625.18121	1002.5702
625.23297	996.99292
625.28473	997.9079
625.33655	994.94281
625.38831	991.04327
625.44006	995.6886
625.49188	995.23645
625.54364	990.29901
625.5954	992.80627
625.64716	1002.6604
625.69897	995.3349
625.75073	998.38928
625.80249	998.53406
625.85425	1001.4051
625.90607	1003.5078
625.95782	998.53729
626.00958	998.1496
626.0614	998.35095
626.11316	1002.644
626.16492	996.70935
626.21667	1003.2083
626.26849	1007.0042
626.32025	1009.9111
626.37201	1003.7567
626.42377	1000.9554
626.47559	996.94482
626.52734	997.08667
626.5791	998.47717
626.63092	1009.5063
626.68268	994.80945
626.73444	999.90375
626.78619	1000.8776
626.83801	1005.0228
626.88977	1006.0636
626.94153	1006.4996
626.99329	1004.7928
627.0451	993.84052
627.09686	1000.5963
627.14862	1007.1703
627.20044	992.86993
627.2522	997.07233
627.30396	1005.5337
627.35571	1001.9249
627.40753	1000.5059
627.45929	1002.132
627.51105	1012.9619
627.56281	1006.0654
627.61462	1005.6028
627.66638	1011.0448
627.71814	1004.8669
627.76996	1003.9584
627.82172	998.41272
627.87347	1007.22
627.92523	1015.9108
627.97705	1014.3561
628.02881	1011.9818
628.08057	1006.6554
628.13232	1002.3626
628.18414	1013.317
628.2359	1002.5791
628.28766	1013.1711
628.33948	1009.3494
628.39124	1009.4328
628.44299	1012.7424
628.49475	1007.8182
628.54657	1012.8617
628.59833	1016.4255
628.65009	1014.2762
628.70184	1012.94
628.75366	1009.9012
628.80542	1006.8414
628.85718	1007.8687
628.909	1015.7214
628.96075	1009.0055
629.01251	1009.6079
629.06427	1016.5614
629.11609	1014.2269
629.16785	1019.27
629.2196	1017.0408
629.27136	1021.1543
629.32318	1017.733
629.37494	1012.963
629.4267	1021.9567
629.47852	1024.4463
629.53027	1021.4793
629.58203	1025.8956
629.63379	1020.7139
629.68561	1019.0159
629.73737	1017.6526
629.78912	1022.2991
629.84088	1018.912
629.8927	1023.7855
629.94446	1028.8784
629.99622	1028.031
630.04803	1033.5934
630.09979	1027.9415
630.15155	1022.017
630.20331	1031.8818
630.25513	1026.6737
630.30688	1032.1166
630.35864	1029.428
630.4104	1029.1749
630.46222	1022.023
630.51398	1031.3423
630.56573	1027.5311
630.61755	1022.9731
630.66931	1026.8114
630.72107	1031.5679
630.77283	1031.8333
630.82465	1034.0195
630.8764	1038.4536
630.92816	1034.4042
630.97992	1037.9177
631.03174	1034.7679
631.0835	1032.0878
631.13525	1037.8018
631.18707	1026.5706
631.23883	1026.4501
631.29059	1044.4889
631.34235	1041.4336
631.39417	1049.5551
631.44592	1047.4019
631.49768	1041.29
631.54944	1041.2865
631.60126	1045.6586
631.65302	1056.698
631.70477	1049.3865
631.75659	1039.651
631.80835	1052.3307
631.86011	1041.9574
631.91187	1060.0215
631.96368	1046.9656
632.01544	1043.4252
632.0672	1038.4398
632.11896	1053.0718
632.17078	1051.2582
632.22253	1060.5295
632.27429	1061.6318
632.32611	1071.7111
632.37787	1060.3575
632.42963	1060.9041
632.48138	1057.9049
632.5332	1059.0094
632.58496	1063.8445
632.63672	1062.9521
632.68848	1062.8287
632.7403	1065.7537
632.79205	1070.951
632.84381	1070.2814
632.89563	1079.3741
632.94739	1080.6353
632.99915	1083.9969
633.0509	1089.8895
633.10272	1092.9542
633.15448	1084.5433
633.20624	1088.1672
633.258	1082.2534
633.30981	1100.6875
633.36157	1095.2969
633.41333	1088.0856
633.46515	1102.0636
633.51691	1120.8818
633.56866	1108.0653
633.62042	1116.5087
633.67224	1099.2589
633.724	1109.7939
633.77576	1104.0278
633.82751	1121.5216
633.87933	1121.5992
633.93109	1135.7216
633.98285	1103.3019
634.03467	1125.6693
634.08643	1114.3932
634.13818	1124.6782
634.18994	1135.118
634.24176	1125.9972
634.29352	1128.9567
634.34528	1122.771
634.39703	1133.7393
634.44885	1137.2213
634.50061	1129.1677
634.55237	1160.4453
634.60419	1140.5261
634.65594	1147.7722
634.7077	1165.6022
634.75946	1164.5132
634.81128	1153.4034
634.86304	1162.4609
634.91479	1179.1871
634.96655	1167.2341
635.01837	1166.2174
635.07013	1170.374
635.12189	1180.833
635.17371	1189.9165
635.22546	1193.4138
635.27722	1191.3063
635.32898	1193.7432
635.3808	1203.64
635.43256	1190.5715
635.48431	1184.5759
635.53607	1208.0187
635.58789	1205.3741
635.63965	1225.7936
635.69141	1224.1497
635.74323	1234.7328
635.79498	1226.4188
635.84674	1246.1782
635.8985	1255.8914
635.95032	1253.5308
636.00208	1274.3977
636.05383	1242.1283
636.10559	1249.3086
636.15741	1248.489
636.20917	1264.1217
636.26093	1263.6755
636.31274	1259.1022
636.3645	1268.8207
636.41626	1270.74
636.46802	1283.9712
636.51984	1261.4025
636.57159	1305.3651
636.62335	1308.7941
636.67511	1300.0101
636.72693	1296.0284
636.77869	1319.7219
636.83044	1295.9099
636.88226	1328.9933
636.93402	1316.3202
636.98578	1333.6682
637.03754	1346.8693
637.08936	1341.0627
637.14111	1345.7471
637.19287	1333.7076
637.24463	1357.0259
637.29645	1365.1486
637.34821	1353.3914
637.39996	1350.5654
637.45178	1364.7367
637.50354	1374.7062
637.5553	1383.1567
637.60706	1384.2557
637.65887	1379.1351
637.71063	1410.6605
637.76239	1408.1047
637.81415	1430.2976
637.86597	1402.0947
637.91772	1424.4767
637.96948	1412.6273
638.0213	1433.1339
638.07306	1411.1208
638.12482	1429.7635
638.17657	1451.6161
638.22839	1448.069
638.28015	1464.2194
638.33191	1484.0388
638.38367	1480.7557
638.43549	1470.4675
638.48724	1474.1812
638.539	1501.4476
638.59082	1504.9977
638.64258	1498.1969
638.69434	1526.9519
638.74609	1513.814
638.79791	1498.5566
638.84967	1520.5355
638.90143	1527.2163
638.95319	1565.8987
639.005	1548.9844
639.05676	1559.8766
639.10852	1534.9912
639.16034	1565.209
639.2121	1559.4684
639.26385	1578.6361
639.31561	1567.5715
639.36743	1590.2167
639.41919	1577.427
639.47095	1621.307
639.52271	1587.6992
639.57452	1605.4136
639.62628	1629.7605
639.67804	1623.4524
639.72986	1596.6472
639.78162	1635.3234
639.83337	1675.0803
639.88513	1626.8785
639.93695	1647.5599
639.98871	1651.6121
640.04047	1676.3723
640.09222	1698.6533
640.14404	1666.3113
640.1958	1686.5779
640.24756	1708.8633
640.29938	1702.6522
640.35114	1680.2214
640.40289	1719.8485
640.45465	1742.4534
640.50647	1768.6112
640.55823	1750.4194
640.60999	1756.4254
640.66174	1760.6378
640.71356	1766.2675
640.76532	1786.8514
640.81708	1801.9847
640.8689	1814.3717
640.92065	1821.1433
640.97241	1826.0665
641.02417	1835.2551
641.07599	1849.1932
641.12775	1854.077
641.1795	1864.5386
641.23126	1870.7458
641.28308	1865.3221
641.33484	1903.7424
641.3866	1874.4481
641.43842	1872.2786
641.49017	1906.0311
641.54193	1919.922
641.59369	1941.3647
641.64551	1933.4232
641.69727	1966.2432
641.74902	1972.7469
641.80078	1986.4315
641.8526	1992.4076
641.90436	2004.7733
641.95612	2040.5659
642.00793	1998.9613
642.05969	2028.2559
642.11145	2077.3701
642.16321	2079.5337
642.21503	2086.3215
642.26678	2123.4639
642.31854	2118.5981
642.3703	2115.1028
642.42212	2137.6443
642.47388	2162.0947
642.52563	2218.0183
642.57745	2198.7537
642.62921	2213.9829
642.68097	2210.0503
642.73273	2241.6028
642.78455	2261.9988
642.8363	2289.1401
642.88806	2285.5615
642.93982	2323.0605
642.99164	2348.1597
643.0434	2377.9888
643.09515	2393.0999
643.14697	2424.4834
643.19873	2467.3108
643.25049	2487.8757
643.30225	2505.6763
643.35406	2536.5513
643.40582	2574.0664
643.45758	2594.5437
643.50934	2641.9561
643.56116	2668.2148
643.61292	2706.9583
643.66467	2732.9614
643.71649	2794.7944
643.76825	2847.9854
643.82001	2894.5872
643.87177	2953.7341
643.92358	2999.8518
643.97534	3056.5142
644.0271	3137.6179
644.07886	3174.8879
644.13068	3207.5127
644.18243	3258.4072
644.23419	3339.1277
644.28601	3402.0352
644.33777	3487.4402
644.38953	3551.7595
644.44128	3619.6396
644.4931	3676.9133
644.54486	3796.4888
644.59662	3885.3005
644.64838	3955.6543
644.7002	4036.7461
644.75195	4139.8398
644.80371	4236.6797
644.85553	4324.5293
644.90729	4355.9727
644.95905	4422.0327
645.0108	4476.7261
645.06262	4550.5439
645.11438	4670.0474
645.16614	4795.978
645.2179	4869.8633
645.26971	4877.2344
645.32147	5022.2446
645.37323	5121.3174
645.42505	5125.9922
645.47681	5262.5488
645.52856	5379.2808
645.58032	5364.3872
645.63214	5459.2847
645.6839	5569.6494
645.73566	5705.0415
645.78741	5801.1816
645.83923	5982.313
645.89099	6110.2837
645.94275	6177.9307
645.99457	6396.8418
646.04633	6509.9478
646.09808	6691.4829
646.14984	6893.583
646.20166	7095.5269
646.25342	7275.5596
646.30518	7542.4141
646.35693	7865.2759
646.40875	8073.2085
646.46051	8490.1016
646.51227	8771.9951
646.56409	9077.3535
646.61584	9507.4092
646.6676	9839.4258
646.71936	10236.943
646.77118	10607.88
646.82294	10876.744
646.87469	11396.38
646.92645	11670.776
646.97827	11870.07
647.03003	12214.39
647.08179	12378.866
647.13361	12524.447
647.18536	12638.615
647.23712	12620.555
647.28888	12610.832
647.3407	12542.408
647.39246	12627.86
647.44421	12420.546
647.49597	12383.274
647.54779	12359.134
647.59955	12327.748
647.65131	12273.866
647.70313	12419.294
647.75488	12521.382
647.80664	12634.241
647.8584	12800.849
647.91022	13086.115
647.96198	13247.554
648.01373	13558.569
648.06549	13815.985
648.11731	14255.812
648.16907	14482.706
648.22083	15086.407
648.27264	15572.38
648.3244	16048.176
648.37616	16490.885
648.42792	16895.699
648.47974	17451.016
648.53149	17723.148
648.58325	18178.789
648.63501	18457.471
648.68683	18704.689
648.73859	18854.883
648.79034	19043.307
648.84216	19297.182
648.89392	19488.768
648.94568	19388.941
648.99744	19468.383
649.04926	19901.549
649.10101	19831.84
649.15277	20087.484
649.20453	20328.025
649.25635	20521.938
649.30811	20672.027
649.35986	21027.395
649.41168	21297.053
649.46344	21863.26
649.5152	21835.531
649.56696	22165.846
649.61877	22550.313
649.67053	22697.564
649.72229	22804.963
649.77405	23037.285
649.82587	23006.422
649.87762	22917.633
649.92938	22957.246
649.9812	22860.775
650.03296	22686.307
650.08472	22528.023
650.13647	22426.086
650.18829	22292.42
650.24005	22014.881
650.29181	21808.963
650.34357	21694.77
650.39539	21599.219
650.44714	21458.381
650.4989	21405.441
650.55072	21610.424
650.60248	21831.396
650.65424	21865.223
650.70599	22100.449
650.75781	22278.59
650.80957	22660.904
650.86133	22678.547
650.91309	23200.441
650.9649	23545.402
651.01666	23888.324
651.06842	24283.561
651.12024	24821.721
651.172	25157.977
651.22375	25588.322
651.27551	26040.084
651.32733	26336.369
651.37909	26829.33
651.43085	27308.338
651.4826	27726.514
651.53442	27985.266
651.58618	28228.396
651.63794	28466.695
651.68976	29122.984
651.74152	29408.322
651.79327	29981.047
651.84503	30383.475
651.89685	30801.609
651.94861	31475.146
652.00037	31650.172
652.05212	31854.467
652.10394	32405.967
652.1557	32489.688
652.20746	32594.088
652.25928	33124.629
652.31104	33245.496
652.36279	33535.984
652.41455	33573.004
652.46637	34342.371
652.51813	34630.043
652.56989	35144.875
652.62164	35596.953
652.67346	36183.969
652.72522	36496.102
652.77698	37236.652
652.8288	37342.895
652.88055	38115.73
652.93231	38293.895
652.98407	38330.055
653.03589	38620.555
653.08765	38697.313
653.1394	38985.473
653.19116	38760.719
653.24298	38538.227
653.29474	38545.977
653.3465	38112.375
653.39832	37973.297
653.45007	37316.348
653.50183	36942.172
653.55359	36754.906
653.60541	36215.219
653.65717	35667.789
653.70892	35004.574
653.76068	34497.859
653.8125	34199.953
653.86426	33190.48
653.91602	32926.258
653.96783	32554.834
654.01959	31949.24
654.07135	31683.336
654.12311	31402.174
654.17493	30999.572
654.22668	30830.395
654.27844	30146.039
654.3302	29873.09
654.38202	29787.619
654.43378	29622.514
654.48553	29189.615
654.53735	29150.209
654.58911	28963.195
654.64087	28619.584
654.69263	28550.23
654.74445	28624.42
654.7962	28576.707
654.84796	28373.697
654.89972	28226.404
654.95154	28157.139
655.0033	28260.836
655.05505	28286.387
655.10687	28545.088
655.15863	28419.504
655.21039	28202.871
655.26215	28513.641
655.31396	28292.889
655.36572	28808.688
655.41748	28847.234
655.46924	28909.248
655.52106	28902.936
655.57281	29104.346
655.62457	29135.322
655.67639	29202.848
655.72815	29301.535
655.77991	29212.789
655.83167	29485.326
655.88348	29673.398
655.93524	29611.756
655.987	29754.674
656.03876	30002.803
656.09058	30113.316
656.14233	30355.609
656.19409	30430.369
656.24591	30635.324
656.29767	30548.881
656.34943	30784.482
656.40118	31140.928
656.453	31228.045
656.50476	31158.371
656.55652	31409.143
656.60828	31541.371
656.6601	31598.58
656.71185	31614.152
656.76361	31652.502
656.81543	32023.994
656.86719	32128.051
656.91895	32099.84
656.9707	32128.619
657.02252	32150.281
657.07428	32302.955
657.12604	32372.484
657.1778	32620.332
657.22961	32643.131
657.28137	32919.766
657.33313	32768.141
657.38495	33225.016
657.43671	33001.988
657.48846	32998.336
657.54022	33302.527
657.59204	33410.336
657.6438	33372.191
657.69556	33188.238
657.74731	33400.582
657.79913	33480.531
657.85089	33424.652
657.90265	33671.238
657.95447	33622.66
658.00623	33588.277
658.05798	33676.043
658.10974	33943.703
658.16156	33758.477
658.21332	33762.82
658.26508	33563.137
658.31683	33576.051
658.36865	33657
658.42041	33570.813
658.47217	33233.664
658.52399	33260.063
658.57574	33321.539
658.6275	33284.059
658.67926	33295.828
658.73108	33303.16
658.78284	33513.41
658.83459	33416.77
658.88635	33616.852
658.93817	33740.52
658.98993	33696.023
659.04169	33760.355
659.09351	33984.75
659.14526	34271.551
659.19702	34076.016
659.24878	34172.309
659.3006	34336.574
659.35236	34704.406
659.40411	34748.219
659.45587	35071.57
659.50769	35063.738
659.55945	35248.105
659.61121	35460.309
659.66302	35672.211
659.71478	36193.641
659.76654	36219.633
659.8183	36400.738
659.87012	37018.578
659.92188	37149.02
659.97363	37078.695
660.02539	37567.02
660.07721	37715.496
660.12897	37898.363
660.18073	38258.762
660.23254	38495.094
660.2843	38658.121
660.33606	39029.941
660.38782	39166.945
660.43964	39260.363
660.49139	39417.633
660.54315	39751.559
660.59491	39850.352
660.64673	39886.219
660.69849	39611.875
660.75024	39811.637
660.80206	39689.25
660.85382	39732.18
660.90558	40027.09
660.95734	39936.742
661.00916	39771.117
661.06091	39702.516
661.11267	39761.965
661.16443	39272.031
661.21625	39251.969
661.26801	39399.125
661.31976	39114.859
661.37158	38956.309
661.42334	38572.203
661.4751	38421.762
661.52686	38172.219
661.57867	37880.867
661.63043	37878.938
661.68219	37448.953
661.73395	37314.035
661.78577	36991.906
661.83752	36602.203
661.88928	36562.129
661.9411	36305.383
661.99286	35976.723
662.04462	35871.309
662.09637	35572.793
662.14819	35287.094
662.19995	34958.074
662.25171	34925.902
662.30347	34733.027
662.35529	34694.883
662.40704	34504.395
662.4588	34341.379
662.51062	34295.773
662.56238	33923.73
662.61414	33900.746
662.66589	33691.133
662.71771	33615.98
662.76947	33340.012
662.82123	33185.719
662.87299	33172.512
662.9248	32848.762
662.97656	32688.697
663.02832	32685.52
663.08014	32567.01
663.1319	32578.457
663.18365	32362.6
663.23541	32405.127
663.28723	32036.367
663.33899	32113.668
663.39075	31524.764
663.4425	31739.602
663.49432	31345.695
663.54608	31402.352
663.59784	31318.707
663.64966	31249.541
663.70142	30983.492
663.75317	30637.354
663.80493	30415.34
663.85675	30552.34
663.90851	30153.969
663.96027	30061.857
664.01202	29716.975
664.06384	29549.486
664.1156	29381.455
664.16736	29231.744
664.21918	28803.494
664.27094	28747.031
664.32269	28596.693
664.37445	28177.084
664.42627	27849.875
664.47803	27604.309
664.52979	27434.822
664.58154	27149.648
664.63336	27068.396
664.68512	26755.799
664.73688	26381.811
664.7887	26223.691
664.84045	26055.242
664.89221	25662.799
664.94397	25516.234
664.99579	25412.623
665.04755	25090.553
665.0993	24825.072
665.15106	24579.398
665.20288	24408.26
665.25464	24015.289
665.3064	23933.051
665.35822	23649.441
665.40997	23618.924
665.46173	23348.041
665.51349	23127.533
665.56531	22973.5
665.61707	22616.334
665.66882	22434.154
665.72058	22322.588
665.7724	22192.895
665.82416	21936.432
665.87592	21737.23
665.92773	21568.119
665.97949	21432.738
666.03125	21464.531
666.08301	21248.061
666.13483	20986.137
666.18658	20836.535
666.23834	20786.094
666.2901	20676.156
666.34192	20501.094
666.39368	20344.412
666.44543	20171.09
666.49725	20220.725
666.54901	19816.201
666.60077	19636.555
666.65253	19747.072
666.70435	19687.676
666.7561	19401.502
666.80786	19248.172
666.85962	19062.273
666.91144	18818.527
666.9632	18855.869
667.01495	18824.346
667.06677	18442.156
667.11853	18300.615
667.17029	18152.559
667.22205	17965.168
667.27386	17908.514
667.32562	17523.375
667.37738	17498.313
667.42914	17402.926
667.48096	17137.398
667.53271	16968.813
667.58447	16882.682
667.63623	16479.109
667.68805	16455.609
667.73981	16269.905
667.79156	16115.204
667.84338	15837.832
667.89514	15761.981
667.9469	15486.599
667.99866	15308.063
668.05048	15147.486
668.10223	14883.48
668.15399	14664.567
668.20575	14448.756
668.25757	14484.132
668.30933	14114.044
668.36108	13980.075
668.4129	13793.274
668.46466	13480.687
668.51642	13357.555
668.56818	13094.669
668.62	12932.334
668.67175	12761.725
668.72351	12517.513
668.77527	12303.543
668.82709	12322.933
668.87885	12013.715
668.9306	11748.776
668.98242	11670.042
669.03418	11526.568
669.08594	11460.072
669.1377	11151.854
669.18951	11152.591
669.24127	10820.709
669.29303	10673.114
669.34479	10503.388
669.39661	10370.362
669.44836	10210.241
669.50012	10023.541
669.55194	9894.7793
669.6037	9707.1338
669.65546	9548.0898
669.70721	9396.6992
669.75903	9295.6875
669.81079	9044.5234
669.86255	8987.7158
669.91431	8901.0254
669.96613	8697.7197
670.01788	8484.0732
670.06964	8458.2861
670.12146	8298.9385
670.17322	8142.3823
670.22498	8036.5186
670.27673	7891.2832
670.32855	7800.8433
670.38031	7693.3379
670.43207	7567.2036
670.48383	7438.4756
670.53564	7265.8657
670.5874	7210.8105
670.63916	7183.0972
670.69098	7033.6694
670.74274	7065.4888
670.79449	6851.9956
670.84625	6755.21
670.89807	6594.0698
670.94983	6428.7905
671.00159	6367.311
671.05334	6385.583
671.10516	6338.3408
671.15692	6117.4688
671.20868	6105.8232
671.2605	6036.3755
671.31226	5958.3521
671.36401	5899.958
671.41577	5791.2534
671.46759	5728.6152
671.51935	5632.7192
671.57111	5484.9277
671.62286	5478.7852
671.67468	5458.5864
671.72644	5372.8374
671.7782	5318.6328
671.83002	5229.5454
671.88177	5196.2803
671.93353	5065.019
671.98529	4983.5996
672.03711	4965.2827
672.08887	4931.8071
672.14063	4893.0015
672.19238	4818.0845
672.2442	4812.7603
672.29596	4761.022
672.34772	4677.0532
672.39954	4640.7832
672.45129	4476.0405
672.50305	4512.6187
672.55481	4501.9341
672.60663	4391.0557
672.65839	4349.3643
672.71014	4385.9663
672.7619	4316.0703
672.81372	4268.8882
672.86548	4214.8252
672.91724	4214.3105
672.96906	4131.5112
673.02081	4171.3896
673.07257	4117.6323
673.12433	4015.0552
673.17615	3971.7468
673.22791	3988.5881
673.27966	3916.749
673.33142	3908.2053
673.38324	3941.1707
673.435	3862.1912
673.48676	3831.5308
673.53857	3811.1775
673.59033	3715.5266
673.64209	3680.1968
673.69385	3701.6953
673.74567	3647.0649
673.79742	3590.3923
673.84918	3638.6836
673.90094	3537.7646
673.95276	3577.3152
674.00452	3533.0598
674.05627	3457.6597
674.10809	3465.2317
674.15985	3457.5078
674.21161	3419.5554
674.26337	3425.6917
674.31519	3317.105
674.36694	3319.1091
674.4187	3280.0159
674.47046	3267.6436
674.52228	3329.3569
674.57404	3277.304
674.62579	3195.7031
674.67761	3198.9597
674.72937	3160.8894
674.78113	3169.9744
674.83289	3122.6035
674.8847	3127.7888
674.93646	3111.7761
674.98822	3104.5298
675.03998	3034.3601
675.0918	3036.2998
675.14355	3066.8889
675.19531	3050.8706
675.24713	3026.7866
675.29889	2983.4932
675.35065	2951.3965
675.4024	2992.9648
675.45422	3001.2288
675.50598	2917.2004
675.55774	2902.666
675.6095	2824.7747
675.66132	2831.8171
675.71307	2806.5212
675.76483	2781.8945
675.81665	2778.8899
675.86841	2774.6548
675.92017	2781.0405
675.97192	2750.3208
676.02374	2752.4255
676.0755	2723.4939
676.12726	2715.1829
676.17902	2696.5562
676.23083	2663.5605
676.28259	2646.0178
676.33435	2606.9392
676.38617	2628.907
676.43793	2613.6648
676.48969	2579.5518
676.54144	2571.8911
676.59326	2594.166
676.64502	2594.228
676.69678	2560.666
676.74854	2523.2329
676.80035	2488.7808
676.85211	2498.3459
676.90387	2470.9934
676.95569	2457.2395
677.00745	2465.1516
677.0592	2436.3831
677.11096	2381.6304
677.16278	2389.1692
677.21454	2407.1104
677.2663	2400.2563
677.31805	2366.5186
677.36987	2348.5933
677.42163	2332.2539
677.47339	2306.8406
677.52521	2297.1643
677.57697	2307.2327
677.62872	2310.6536
677.68048	2273.9631
677.7323	2229.4436
677.78406	2228.7251
677.83582	2248.532
677.88757	2204.5088
677.93939	2188.3657
677.99115	2179.9495
678.04291	2161.2185
678.09473	2173.824
678.14648	2187.6692
678.19824	2166.4045
678.25	2142.1133
678.30182	2138.2205
678.35358	2128.3616
678.40533	2138.0637
678.45709	2135.8381
678.50891	2108.4717
678.56067	2072.9746
678.61243	2058.1575
678.66425	2048.1372
678.716	2046.2197
678.76776	2034.028
678.81952	2003.326
678.87134	1985.9713
678.9231	2001.4628
678.97485	2006.1599
679.02661	1991.2366
679.07843	1973.9611
679.13019	1954.4702
679.18195	1951.3282
679.23376	1954.2368
679.28552	1941.2134
679.33728	1927.236
679.38904	1929.0221
679.44086	1923.7496
679.49261	1896.0801
679.54437	1899.6385
679.59613	1914.1238
679.64795	1903.3542
679.69971	1885.3495
679.75146	1881.2003
679.80328	1868.2487
679.85504	1836.2572
679.9068	1830.7288
679.95856	1849.2478
680.01038	1846.6354
680.06213	1818.9585
680.11389	1807.933
680.16565	1799.6429
680.21747	1788.1501
680.26923	1785.6729
680.32098	1779.8762
680.3728	1779.9061
680.42456	1770.0903
680.47632	1764.3771
680.52808	1755.9365
680.5799	1741.4465
680.63165	1726.203
680.68341	1715.6259
680.73517	1714.403
680.78699	1708.0795
680.83875	1712.5297
680.8905	1702.1096
680.94232	1703.0138
680.99408	1699.7114
681.04584	1660.2279
681.0976	1666.5095
681.14941	1649.1652
681.20117	1638.0405
681.25293	1637.9326
681.30469	1632.9684
681.35651	1626.674
681.40826	1649.1322
681.46002	1623.4293
681.51184	1617.8651
681.5636	1628.8209
681.61536	1594.4276
681.66711	1585.5876
681.71893	1588.8677
681.77069	1587.3735
681.82245	1571.3757
681.87421	1574.0587
681.92603	1563.0254
681.97778	1559.4911
682.02954	1546.5262
682.08136	1544.3522
682.13312	1516.5547
682.18488	1524.7343
682.23663	1524.777
682.28845	1543.0491
682.34021	1521.7118
682.39197	1514.1753
682.44373	1491.6378
682.49554	1487.0693
682.5473	1484.6699
682.59906	1491.6926
682.65088	1474.9528
682.70264	1483.2084
682.75439	1470.9557
682.80615	1460.4987
682.85797	1442.3835
682.90973	1468.4664
682.96149	1454.6276
683.01324	1455.4969
683.06506	1458.757
683.11682	1415.4774
683.16858	1412.1793
683.2204	1425.6809
683.27216	1400.3678
683.32391	1410.972
683.37567	1414.0599
683.42749	1422.396
683.47925	1401.3698
683.53101	1387.8419
683.58276	1387.8969
683.63458	1376.2765
683.68634	1374.7362
683.7381	1382.208
683.78992	1356.4984
683.84167	1363.8236
683.89343	1362.8918
683.94519	1358.1702
683.99701	1349.208
684.04877	1347.2996
684.10052	1348.5913
684.15228	1316.3573
684.2041	1315.5759
684.25586	1358.2404
684.30762	1343.7047
684.35944	1347.5441
684.41119	1334.2131
684.46295	1331.2737
684.51471	1333.5231
684.56653	1343.6057
684.61829	1316.9413
684.67004	1315.3524
684.7218	1344.0087
684.77362	1306.6461
684.82538	1304.5365
684.87714	1291.9969
684.92896	1308.6454
684.98071	1295.4979
685.03247	1308.0111
685.08423	1288.0466
685.13605	1285.3691
685.18781	1258.9941
685.23956	1297.4142
685.29132	1270.5265
685.34314	1272.5448
685.3949	1270.7325
685.44666	1277.0471
685.49847	1271.0852
685.55023	1265.5485
685.60199	1258.2509
685.65375	1255.7961
685.70557	1254.0516
685.75732	1265.7172
685.80908	1251.1479
685.86084	1252.3127
685.91266	1248.1375
685.96442	1253.0175
686.01617	1231.5477
686.06799	1240.2283
686.11975	1233.1343
686.17151	1230.3099
686.22327	1227.488
686.27509	1213.8163
686.32684	1217.0856
686.3786	1225.1128
686.43036	1225.3147
686.48218	1229.4716
686.53394	1227.4626
686.58569	1227.7233
686.63751	1223.9978
686.68927	1225.6337
686.74103	1216.3502
686.79279	1223.0522
686.8446	1206.1407
686.89636	1212.2981
686.94812	1183.6523
686.99988	1215.7986
687.0517	1219.5697
687.10345	1214.1708
687.15521	1208.6951
687.20703	1218.0502
687.25879	1217.4974
687.31055	1213.4989
687.3623	1209.981
687.41412	1221.1426
687.46588	1223.7654
687.51764	1223.2551
687.5694	1227.4666
687.62122	1230.1978
687.67297	1244.6503
687.72473	1244.589
687.77655	1234.1558
687.82831	1232.7706
687.88007	1229.434
687.93182	1235.5551
687.98364	1239.5031
688.0354	1217.0275
688.08716	1222.5283
688.13892	1255.7139
688.19073	1243.1196
688.24249	1218.0258
688.29425	1209.1597
688.34607	1210.9703
688.39783	1217.4602
688.44958	1209.0734
688.50134	1209.6138
688.55316	1215.5165
688.60492	1213.3436
688.65668	1215.5325
688.70844	1210.3358
688.76025	1204.1737
688.81201	1212.0226
688.86377	1195.8191
688.91559	1205.2335
688.96735	1211.1617
689.0191	1209.7286
689.07086	1216.5168
689.12268	1218.627
689.17444	1212.5753
689.2262	1227.7778
689.27795	1233.7129
689.32977	1238.146
689.38153	1242.3179
689.43329	1240.6705
689.48511	1249.4537
689.53687	1244.9691
689.58862	1231.9729
689.64038	1232.6041
689.6922	1229.4225
689.74396	1230.2828
689.79572	1231.8157
689.84747	1239.6138
689.89929	1234.4375
689.95105	1247.025
690.00281	1246.8097
690.05463	1246.9968
690.10638	1241.6202
690.15814	1229.5553
690.2099	1233.4028
690.26172	1238.0698
690.31348	1233.9875
690.36523	1233.1951
690.41699	1233.5243
690.46881	1220.0325
690.52057	1219.1195
690.57233	1233.5961
690.62415	1230.7086
690.6759	1227.2224
690.72766	1240.7794
690.77942	1231.3345
690.83124	1231.0306
690.883	1227.6864
690.93475	1232.7693
690.98651	1219.6583
691.03833	1232.2767
691.09009	1223.4719
691.14185	1219.7573
691.19366	1225.3939
691.24542	1228.0813
691.29718	1216.4127
691.34894	1221.4059
691.40076	1215.8004
691.45251	1194.8634
691.50427	1207.9584
691.55603	1211.7338
691.60785	1223.1382
691.65961	1192.4951
691.71136	1200.7158
691.76318	1198.6953
691.81494	1190.9745
691.8667	1195.0529
691.91846	1194.6206
691.97028	1197.7833
692.02203	1200.3899
692.07379	1179.1323
692.12555	1175.9547
692.17737	1202.3773
692.22913	1190.9482
692.28088	1185.7821
692.3327	1184.2681
692.38446	1199.3019
692.43622	1197.8628
692.48798	1216.9548
692.53979	1206.6372
692.59155	1214.4156
692.64331	1216.4362
692.69507	1199.3584
692.74689	1193.9532
692.79865	1197.4663
692.8504	1183.8516
692.90222	1216.5892
692.95398	1195.0593
693.00574	1194.8322
693.0575	1190.7107
693.10931	1197.6331
693.16107	1164.2488
693.21283	1189.8228
693.26459	1172.9596
693.31641	1185.7867
693.36816	1171.1138
693.41992	1191.4196
693.47174	1166.8151
693.5235	1139.8049
693.57526	1161.9701
693.62701	1165.9943
693.67883	1182.7114
693.73059	1179.1581
693.78235	1172.6998
693.83411	1158.3275
693.88593	1154.6333
693.93768	1163.47
693.98944	1163.5867
694.04126	1153.1787
694.09302	1154.083
694.14478	1150.114
694.19653	1148.5994
694.24835	1146.5978
694.30011	1158.0938
694.35187	1128.5704
694.40363	1111.2008
694.45544	1134.5845
694.5072	1131.4758
694.55896	1114.0803
694.61078	1111.3889
694.66254	1092.5437
694.71429	1087.6729
694.76605	1091.5518
694.81787	1088.4014
694.86963	1102.658
694.92139	1103.679
694.97314	1063.8867
695.02496	1074.1744
695.07672	1076.2706
695.12848	1081.0769
695.1803	1079.2017
695.23206	1067.552
695.28381	1079.0181
695.33557	1075.4574
695.38739	1058.8441
695.43915	1053.1407
695.49091	1074.9088
695.54266	1071.4083
695.59448	1096.3418
695.64624	1090.0148
695.698	1079.2332
695.74982	1090.8848
695.80157	1111.0555
695.85333	1103.2532
695.90509	1129.4132
695.95691	1147.4705
696.00867	1138.8654
696.06042	1156.9301
696.11218	1176.0906
696.164	1202.457
696.21576	1219.9108
696.26752	1237.5535
696.31934	1265.2224
696.37109	1260.6191
696.42285	1267.1163
696.47461	1284.9275
696.52643	1309.655
696.57819	1324.5566
696.62994	1373.9388
696.6817	1385.5471
696.73352	1384.1829
696.78528	1424.2716
696.83704	1418.5568
696.88885	1437.9084
696.94061	1429.9521
696.99237	1456.4877
697.04413	1488.3718
697.09595	1500.3469
697.14771	1519.0352
697.19946	1509.1471
697.25122	1524.8656
697.30304	1509.1333
697.3548	1517.4203
697.40656	1530.6855
697.45837	1544.7269
697.51013	1568.1024
697.56189	1548.4093
697.61365	1543.47
697.66547	1510.626
697.71722	1541.0435
697.76898	1530.1205
697.82074	1532.9795
697.87256	1491.9265
697.92432	1520.0713
697.97607	1505.1848
698.02789	1533.16
698.07965	1541.4485
698.13141	1543.5754
698.18317	1537.649
698.23499	1552.1047
698.28674	1555.3521
698.3385	1514.0885
698.39026	1502.0533
698.44208	1476.2015
698.49384	1491.0299
698.54559	1451.7103
698.59741	1427.1881
698.64917	1410.3026
698.70093	1383.3956
698.75269	1375.2498
698.8045	1367.8562
698.85626	1342.6055
698.90802	1323.739
698.95978	1310.0891
699.0116	1319.7035
699.06335	1296.812
699.11511	1281.0675
699.16693	1275.4453
699.21869	1267.3312
699.27045	1251.6793
699.3222	1236.2004
699.37402	1223.5746
699.42578	1215.2153
699.47754	1206.8171
699.5293	1191.7202
699.58112	1189.4666
699.63287	1169.3586
699.68463	1158.6488
699.73645	1156.0216
699.78821	1152.8167
699.83997	1159.4429
699.89172	1149.1829
699.94354	1148.6486
699.9953	1140.5742
700.04706	1145.9944
700.09882	1154.1102
700.15063	1146.9652
700.20239	1136.652
700.25415	1145.2535
700.30597	1139.7405
700.35773	1139.9244
700.40948	1148.4244
700.46124	1141.3204
700.51306	1136.3285
700.56482	1141.4751
700.61658	1149.0051
700.66833	1146.1926
700.72015	1130.8577
700.77191	1123.144
700.82367	1118.9343
700.87549	1124.8822
700.92725	1130.1969
700.979	1119.8315
701.03076	1119.4657
701.08258	1116.3846
701.13434	1108.147
701.1861	1107.1481
701.23785	1110.2629
701.28967	1116.2628
701.34143	1098.7515
701.39319	1095.1361
701.44501	1085.8782
701.49677	1105.4253
701.54852	1103.8506
701.60028	1085.1146
701.6521	1076.0302
701.70386	1069.1184
701.75562	1073.8165
701.80737	1060.349
701.85919	1058.5955
701.91095	1063.8307
701.96271	1061.9255
702.01453	1046.224
702.06628	1046.5483
702.11804	1050.1914
702.1698	1050.8119
702.22162	1050.0669
702.27338	1038.8503
702.32513	1038.1708
702.37689	1034.2385
702.42871	1024.3843
702.48047	1021.0713
702.53223	1022.6232
702.58405	1024.5781
702.6358	1021.4549
702.68756	1017.2997
702.73932	1018.7391
702.79114	1016.1578
702.8429	1009.6137
702.89465	1018.0372
702.94641	1024.8892
702.99823	1015.3024
703.04999	1017.4733
703.10175	1019.1777
703.15356	1013.3097
703.20532	1016.0024
703.25708	1016.2612
703.30884	1012.2514
703.36066	1013.4653
703.41241	1012.6126
703.46417	1015.3282
703.51593	1011.072
703.56775	1011.0109
703.61951	1016.1724
703.67126	1010.1727
703.72308	1002.6482
703.77484	1004.6987
703.8266	1012.7009
703.87836	1012.0816
703.93018	1011.2312
703.98193	1014.9709
704.03369	1016.4137
704.08545	1004.8275
704.13727	1003.1628
704.18903	1006.3806
704.24078	1004.3028
704.2926	1008.9013
704.34436	1002.9681
704.39612	1000.8701
704.44788	1007.6937
704.49969	1011.0433
704.55145	1011.9306
704.60321	1009.6727
704.65497	1007.934
704.70679	1013.0789
704.75854	1010.0333
704.8103	1007.8351
704.86212	1010.2323
704.91388	1005.4534
704.96564	1002.2396
705.0174	1003.9326
705.06921	1008.2396
705.12097	1007.1357
705.17273	1007.379
705.22449	1016.2891
705.27631	1011.1104
705.32806	1001.2411
705.37982	998.02313
705.43164	999.96674
705.4834	1002.4071
705.53516	1002.9626
705.58691	1008.7106
705.63873	1011.966
705.69049	1005.5054
705.74225	995.46063
705.79401	998.52271
705.84583	1006.9155
705.89758	1014.7778
705.94934	1013.4755
706.00116	1004.7714
706.05292	999.7912
706.10468	1000.0006
706.15643	992.62323
706.20825	992.4212
706.26001	1000.2071
706.31177	1003.6838
706.36353	992.0874
706.41534	999.31146
706.4671	1005.2009
706.51886	1008.345
706.57068	1000.1779
706.62244	1000.4618
706.67419	1002.7252
706.72595	1000.0831
706.77777	997.90289
706.82953	998.61084
706.88129	1009.0249
706.93304	999.4483
706.98486	995.00989
707.03662	994.63416
707.08838	999.44733
707.1402	1006.3619
707.19196	1005.7127
707.24371	1004.2463
707.29547	995.86487
707.34729	988.83691
707.39905	998.12921
707.45081	997.07642
707.50256	1002.3757
707.55438	999.23785
707.60614	1002.0429
707.6579	1004.2429
707.70972	1005.7507
707.76147	1002.7699
707.81323	997.93481
707.86499	1005.2911
707.91681	1004.5522
707.96857	1009.4642
708.02032	1005.514
708.07208	999.90802
708.1239	1019.8032
708.17566	997.13446
708.22742	986.98553
708.27924	998.1062
708.33099	994.8634
708.38275	995.79535
708.43451	998.68219
708.48633	996.86127
708.53809	1004.5161
708.58984	994.01868
708.6416	986.31354
708.69342	1000.8308
708.74518	988.13599
708.79694	985.66199
708.84875	990.58643
708.90051	1007.5591
708.95227	997.10223
709.00403	995.61267
709.05585	995.1123
709.1076	994.14417
709.15936	996.90057
709.21112	1008.8813
709.26294	989.18262
709.3147	1004.3032
709.36646	999.81281
709.41827	996.70026
709.47003	997.55878
709.52179	999.53851
709.57355	1001.0613
709.62537	1000.1139
709.67712	1003.0588
709.72888	990.20203
709.78064	993.591
709.83246	993.58594
709.88422	986.22321
709.93597	1005.606
709.98773	1005.5103
710.03955	999.49237
710.09131	994.29547
710.14307	1001.5368
710.19489	1013.7947
710.24664	992.82227
710.2984	1008.5052
710.35016	985.82617
710.40198	999.01001
710.45374	997.1228
710.50549	997.38721
710.55725	1001.1262
710.60907	1001.6206
710.66083	1006.7807
710.71259	996.61578
710.7644	992.40662
710.81616	1004.7505
710.86792	1000.6309
710.91968	996.08496
710.9715	995.80658
711.02325	996.4436
711.07501	992.78137
711.12677	1004.9608
711.17859	1006.6205
711.23035	1001.9194
711.2821	994.29144
711.33392	996.4715
711.38568	1003.0911
711.43744	996.21417
711.4892	990.67047
711.54102	988.49451
711.59277	988.42841
711.64453	983.01318
711.69629	997.263
711.74811	999.62238
711.79987	991.18103
711.85162	1002.0657
711.90344	1001.4182
711.9552	994.24506
712.00696	1002.2145
712.05872	1008.3557
712.11053	1000.6362
712.16229	992.02826
712.21405	997.58948
712.26581	993.99243
712.31763	992.01392
712.36938	1003.7012
712.42114	1005.481
712.47296	997.29443
712.52472	994.5813
712.57648	994.44031
712.62823	1005.4145
712.68005	1003.9841
712.73181	1000.4543
712.78357	993.68683
712.83533	987.09924
712.88715	991.05725
712.9389	1000.5527
712.99066	995.65747
713.04248	999
713.09424	1002.8578
713.146	1002.0402
713.19775	991.80713
713.24957	987.83685
713.30133	994.71564
713.35309	996.14111
713.40485	998.17682
713.45667	1000.3423
713.50842	1005.1632
713.56018	1000.0599
713.612	992.64966
713.66376	992.50714
713.71552	995.70605
713.76727	995.5213
713.81909	995.40985
713.87085	998.10925
713.92261	993.07196
713.97437	997.2041
714.02618	1001.6686
714.07794	1002.8936
714.1297	1002.4205
714.18152	998.73535
714.23328	993.75995
714.28503	994.41382
714.33679	994.57355
714.38861	988.10748
714.44037	988.39154
714.49213	990.51392
714.54388	993.90991
714.5957	991.59723
714.64746	990.74292
714.69922	991.21368
714.75104	991.11157
714.8028	999.63507
714.85455	998.82635
714.90631	994.50391
714.95813	991.33453
715.00989	989.85114
715.06165	994.04602
715.1134	1002.8381
715.16522	998.29907
715.21698	986.54993
715.26874	983.27966
715.32056	985.29407
715.37231	990.85229
715.42407	995.54742
715.47583	995.89563
715.52765	991.09253
715.57941	990.10522
715.63116	999.23975
715.68292	999.35193
715.73474	993.79919
715.7865	995.44733
715.83826	994.43774
715.89008	986.70575
715.94183	995.28485
715.99359	993.95538
716.04535	996.07739
716.09717	993.6413
716.14893	1000.5634
716.20068	992.40875
716.25244	988.36749
716.30426	986.89307
716.35602	986.86176
716.40778	983.09753
716.45959	993.37323
716.51135	990.45117
716.56311	989.12592
716.61487	995.64648
716.66669	995.98987
716.71844	986.8125
716.7702	1002.1211
716.82196	985.36725
716.87378	992.27277
716.92554	999.13342
716.97729	993.65265
717.02911	1007.4188
717.08087	992.59772
717.13263	991.2984
717.18439	994.73566
717.23621	996.14789
717.28796	996.3454
717.33972	994.30554
717.39148	992.6145
717.4433	994.84088
717.49506	998.69849
717.54681	986.71149
717.59863	996.66724
717.65039	993.72522
717.70215	1001.0439
717.75391	984.11432
717.80573	988.36462
717.85748	987.60095
717.90924	984.70233
717.961	998.2251
718.01282	997.16498
718.06458	988.24719
718.11633	1000.6254
718.16815	994.51208
718.21991	997.58618
718.27167	998.34442
718.32343	991.79779
718.37524	1006.5421
718.427	997.36658
718.47876	997.84436
718.53052	986.75903
718.58234	991.74371
718.63409	996.78979
718.68585	985.04065
718.73767	992.34613
718.78943	983.89478
718.84119	992.47852
718.89294	1003.2532
718.94476	992.92059
718.99652	993.92853
719.04828	994.68347
719.10004	988.48682
719.15186	990.3587
719.20361	989.13367
719.25537	984.31775
719.30719	983.28809
719.35895	987.43951
719.41071	977.26459
719.46246	997.20758
719.51428	990.78131
719.56604	999.53345
719.6178	1003.88
719.66956	995.01703
719.72137	992.04797
719.77313	992.86145
719.82489	993.59265
719.87671	999.35199
719.92847	990.0069
719.98022	991.85645
720.03198	998.94104
720.0838	997.20978
720.13556	997.4613
720.18732	982.64728
720.23907	988.42401
720.29089	990.14404
720.34265	986.87579
720.39441	979.58899
720.44623	982.49994
720.49799	985.0202
720.54974	984.95209
720.6015	979.0578
720.65332	984.81824
720.70508	993.11975
720.75684	984.64557
720.80859	990.12329
720.86041	991.09943
720.91217	981.45917
720.96393	987.50317
721.01575	984.11633
721.0675	981.86365
721.11926	983.66095
721.17102	998.06171
721.22284	992.48096
721.2746	989.96759
721.32635	993.31354
721.37811	996.90442
721.42993	983.48236
721.48169	987.25226
721.53345	986.1698
721.58527	990.8476
721.63702	993.74072
721.68878	986.39862
721.74054	986.49268
721.79236	985.74603
721.84412	984.57294
721.89587	984.10925
721.94763	988.758
721.99945	992.67346
722.05121	989.13062
722.10297	990.07336
722.15479	980.73425
722.20654	981.47363
722.2583	985.57312
722.31006	983.23157
722.36188	981.41394
722.41364	991.98792
722.46539	989.1778
722.51715	991.01294
722.56897	991.93542
722.62073	982.96387
722.67249	989.77863
722.7243	990.55536
722.77606	986.0741
722.82782	987.36292
722.87958	986.04657
722.9314	983.38232
722.98315	988.04956
723.03491	978.79449
723.08667	986.2171
723.13849	991.50342
723.19025	980.2005
723.242	976.46832
723.29382	984.24927
723.34558	985.6886
723.39734	984.6861
723.4491	986.99597
723.50092	986.7323
723.55267	993.69971
723.60443	983.76117
723.65619	982.50031
723.70801	978.16687
723.75977	987.5882
723.81152	986.72479
723.86334	986.55145
723.9151	993.31934
723.96686	990.10895
724.01862	988.80023
724.07043	993.52612
724.12219	993.56653
724.17395	986.61743
724.22571	990.70612
724.27753	994.51099
724.32928	984.11395
724.38104	985.8186
724.43286	995.0658
724.48462	992.24109
724.53638	984.97009
724.58813	986.0509
724.63995	989.48981
724.69171	989.24823
724.74347	984.43481
724.79523	985.72626
724.84705	986.95392
724.8988	984.04602
724.95056	986.66888
725.00238	990.64368
725.05414	994.67572
725.1059	989.6828
725.15765	996.38507
725.20947	989.75171
725.26123	987.24988
725.31299	988.97711
725.36475	992.41156
725.41656	987.37842
725.46832	993.83069
725.52008	982.98938
725.5719	979.19946
725.62366	996.83942
725.67542	993.64642
725.72717	989.62238
725.77899	992.63141
725.83075	993.6153
725.88251	993.34167
725.93427	1000.9461
725.98608	982.14807
726.03784	993.95471
726.0896	990.77911
726.14142	993.53162
726.19318	998.53577
726.24493	989.84137
726.29669	975.86914
726.34851	978.09058
726.40027	978.72571
726.45203	988.93091
726.50378	995.88135
726.5556	975.97668
726.60736	974.41309
726.65912	990.02271
726.71094	983.09576
726.7627	981.07629
726.81445	985.65576
726.86621	987.13556
726.91803	990.2912
726.96979	978.77509
727.02155	990.52576
727.0733	993.0434
727.12512	982.30365
727.17688	980.61359
727.22864	989.9248
727.28046	987.65302
727.33221	979.77142
727.38397	975.03918
727.43573	989.98889
727.48755	992.95221
727.53931	990.30853
727.59106	990.82751
727.64282	986.16113
727.69464	987.69086
727.7464	980.99036
727.79816	987.83911
727.84998	984.62299
727.90173	982.58307
727.95349	987.29871
728.00525	991.38538
728.05707	989.96161
728.10883	991.58923
728.16058	991.59961
728.21234	987.84076
728.26416	988.91895
728.31592	995.35168
728.36768	988.75916
728.41949	979.70813
728.47125	983.77911
728.52301	986.63251
728.57477	986.8277
728.62659	993.95453
728.67834	995.68292
728.7301	990.25323
728.78186	992.33044
728.83368	997.3606
728.88544	987.9585
728.93719	987.25769
728.98901	987.16217
729.04077	982.0766
729.09253	984.92902
729.14429	989.93872
729.19611	995.5661
729.24786	993.4516
729.29962	993.61182
729.35138	990.79492
729.4032	989.69684
729.45496	1003.3964
729.50671	998.73602
729.55853	991.1037
729.61029	985.21796
729.66205	989.82806
729.71381	994.08441
729.76563	994.92944
729.81738	984.26086
729.86914	987.60797
729.9209	987.02362
729.97272	983.11493
730.02448	983.34503
730.07623	983.02917
730.12805	984.98871
730.17981	990.27264
730.23157	984.16534
730.28333	990.62061
730.33514	996.38489
730.3869	987.41919
730.43866	977.20099
730.49042	983.34277
730.54224	991.40155
730.59399	984.52429
730.64575	986.95593
730.69757	983.1405
730.74933	992.52716
730.80109	996.44165
730.85284	990.68256
730.90466	994.19873
730.95642	984.10168
731.00818	991.79694
731.05994	985.96661
731.11176	986.67432
731.16351	984.9397
731.21527	991.83905
731.26709	991.35327
731.31885	999.91699
731.37061	988.69977
731.42236	990.74512
731.47418	983.90869
731.52594	982.31604
731.5777	987.30035
731.62946	985.41663
731.68127	992.57697
731.73303	982.83276
731.78479	983.62152
731.83661	989.97327
731.88837	983.38745
731.94012	978.25818
731.99188	995.72235
732.0437	984.33228
732.09546	993.11182
732.14722	983.21765
732.19897	990.51086
732.25079	990.73053
732.30255	984.86926
732.35431	993.58923
732.40613	990.37292
732.45789	993.30341
732.50964	982.27258
732.5614	987.2384
732.61322	981.6355
732.66498	986.42938
732.71674	985.39362
732.76849	989.289
732.82031	994.3042
732.87207	987.61798
732.92383	982.48364
732.97565	981.91998
733.0274	980.46765
733.07916	983.9342
733.13092	983.28168
733.18274	982.81384
733.2345	989.22162
733.28625	982.83643
733.33801	989.56964
733.38983	993.92603
733.44159	987.12488
733.49335	987.25262
733.54517	990.99866
733.59692	986.89435
733.64868	982.5686
733.70044	985.59979
733.75226	985.29932
733.80402	985.79388
733.85577	987.76489
733.90753	987.96436
733.95935	989.41754
734.01111	991.49298
734.06287	995.7439
734.11469	985.8327
734.16644	976.65112
734.2182	975.39685
734.26996	978.7652
734.32178	981.90021
734.37354	987.82239
734.42529	990.98535
734.47705	983.54016
734.52887	983.7431
734.58063	987.40863
734.63239	984.75824
734.6842	982.61212
734.73596	986.07104
734.78772	977.56317
734.83948	986.04742
734.8913	986.58514
734.94305	976.38428
734.99481	982.67847
735.04657	984.06476
735.09839	978.67419
735.15015	979.69812
735.2019	978.46857
735.25372	986.70789
735.30548	983.55585
735.35724	982.03577
735.409	985.04211
735.46082	983.6709
735.51257	995.95422
735.56433	991.40051
735.61609	987.76263
735.66791	987.44409
735.71967	988.13525
735.77142	976.95081
735.82324	979.2854
735.875	988.80927
735.92676	988.6756
735.97852	986.07959
736.03033	985.71722
736.08209	977.60785
736.13385	976.99841
736.18561	985.87061
736.23743	980.2749
736.28918	993.63434
736.34094	988.60999
736.39276	984.0567
736.44452	983.54968
736.49628	980.03101
736.54803	987.51349
736.59985	978.23828
736.65161	988.73285
736.70337	988.67267
736.75513	988.71735
736.80695	977.37915
736.8587	992.01727
736.91046	994.30988
736.96228	983.01099
737.01404	979.78326
737.0658	987.32648
737.11755	988.21527
737.16937	985.04718
737.22113	980.95612
737.27289	977.29041
737.32465	977.72882
737.37646	983.96027
737.42822	976.34949
737.47998	981.32098
737.5318	983.60449
737.58356	982.96405
737.63531	979.81244
737.68707	984.71973
737.73889	988.45575
737.79065	987.37927
737.84241	988.13971
737.89417	982.49982
737.94598	986.98456
737.99774	988.05682
738.0495	983.73169
738.10132	986.83344
738.15308	990.79395
738.20483	980.91699
738.25659	981.49316
738.30841	983.0459
738.36017	985.20605
738.41193	985.18726
738.46368	979.71118
738.5155	984.39795
738.56726	989.57745
738.61902	985.46558
738.67084	987.29395
738.7226	990.19281
738.77435	985.55054
738.82611	981.34192
738.87793	985.47675
738.92969	991.86072
738.98145	986.03363
739.0332	980.9892
739.08502	983.10425
739.13678	985.45264
739.18854	982.76111
739.24036	984.18134
739.29211	989.63513
739.34387	991.69745
739.39563	984.39764
739.44745	985.2713
739.49921	988.33026
739.55096	988.45911
739.60272	981.39679
739.65454	984.01306
739.7063	980.35541
739.75806	981.91376
739.80988	983.87506
739.86163	988.3493
739.91339	985.75751
739.96515	987.2417
740.01697	979.23547
740.06873	979.99384
740.12048	993.58246
740.17224	986.45813
740.22406	984.43604
740.27582	986.49615
740.32758	990.96008
740.37939	985.18427
740.43115	981.82635
740.48291	984.81085
740.53467	988.41614
740.58649	979.83685
740.63824	985.75153
740.69	981.9682
740.74176	974.71558
740.79358	990.60669
740.84534	988.43408
740.89709	991.40369
740.94891	985.56677
741.00067	989.85522
741.05243	986.82092
741.10419	986.64087
741.15601	986.15747
741.20776	968.71033
741.25952	992.97919
741.31128	983.32239
741.3631	978.68225
741.41486	979.62018
741.46661	978.62427
741.51843	980.12891
741.57019	981.12555
741.62195	981.73895
741.67371	987.62689
741.72552	988.29901
741.77728	993.02203
741.82904	978.66174
741.8808	970.87579
741.93262	993.10095
741.98438	992.69861
742.03613	986.94995
742.08795	985.13361
742.13971	985.50427
742.19147	984.6355
742.24323	985.08594
742.29504	985.61688
742.3468	988.48511
742.39856	977.76196
742.45032	988.30286
742.50214	976.94415
742.55389	981.09723
742.60565	973.47107
742.65747	983.80011
742.70923	993.32092
742.76099	980.73895
742.81274	988.62097
742.86456	984.29004
742.91632	976.49451
742.96808	986.46613
743.01984	985.05597
743.07166	987.89838
743.12341	982.89801
743.17517	980.42969
743.22699	983.14111
743.27875	990.93622
743.33051	985.94275
743.38226	995.0307
743.43408	991.04303
743.48584	989.49274
743.5376	984.95166
743.58936	989.8327
743.64117	976.30072
743.69293	983.75061
743.74469	993.86426
743.79651	986.32648
743.84827	974.8501
743.90002	987.74475
743.95178	990.05212
744.0036	986.16833
744.05536	987.81671
744.10712	983.19006
744.15887	975.92969
744.21069	975.43964
744.26245	981.13007
744.31421	981.96729
744.36603	975.63348
744.41779	973.96442
744.46954	976.43292
744.5213	989.68958
744.57312	990.23792
744.62488	986.37439
744.67664	988.15796
744.72839	991.00177
744.78021	982.49915
744.83197	978.80499
744.88373	984.7851
744.93555	987.64459
744.9873	990.58319
745.03906	992.18542
745.09082	988.40082
745.14264	991.42065
745.1944	991.44696
745.24615	985.63715
745.29791	983.74823
745.34973	990.87708
745.40149	989.36719
745.45325	979.91888
745.50507	981.58173
745.55682	987.3009
745.60858	978.39178
745.66034	978.0459
745.71216	985.92157
745.76392	983.06873
745.81567	992.53705
745.86743	996.65466
745.91925	987.08759
745.97101	988.69641
746.02277	983.76672
746.07458	979.0257
746.12634	980.66248
746.1781	985.55164
746.22986	988.86383
746.28168	981.86816
746.33344	979.54291
746.38519	977.70996
746.43695	981.11951
746.48877	987.48523
746.54053	984.19318
746.59229	989.56396
746.6441	982.98529
746.69586	981.7265
746.74762	987.19623
746.79938	987.77338
746.8512	986.25842
746.90295	993.30902
746.95471	986.83228
747.00647	981.57739
747.05829	987.75787
747.11005	984.04218
747.1618	983.13184
747.21362	980.57916
747.26538	977.05054
747.31714	976.34143
747.3689	981.2168
747.42072	986.85419
747.47247	996.9538
747.52423	988.79303
747.57599	988.09491
747.62781	986.19531
747.67957	981.95361
747.73132	978.71887
747.78314	973.06915
747.8349	995.72833
747.88666	992.13098
747.93842	980.08008
747.99023	981.0766
748.04199	984.50751
748.09375	993.56335
748.14551	981.27307
748.19733	986.39691
748.24908	1007.1264
748.30084	988.73364
748.35266	982.98315
748.40442	980.36334
748.45618	974.90887
748.50793	973.30621
748.55975	983.71674
748.61151	979.28156
748.66327	981.35089
748.71503	988.67834
748.76685	983.41461
748.8186	988.836
748.87036	990.70508
748.92218	988.8924
748.97394	981.93268
749.0257	984.52924
749.07745	981.58588
749.12927	986.36694
749.18103	993.43011
749.23279	995.54254
749.28455	995.87537
749.33636	978.13879
749.38812	995.14862
749.43988	983.80414
749.4917	985.20685
749.54346	991.45343
749.59521	992.49951
749.64697	990.17377
749.69879	983.27307
749.75055	978.37726
749.80231	988.50226
749.85406	988.54462
749.90588	984.94153
749.95764	988.9726
750.0094	985.55017
750.06122	982.52252
750.11298	981.2713
750.16473	984.21362
750.21649	981.8139
750.26831	982.85828
750.32007	989.95642
750.37183	981.33344
750.42358	985.56573
750.4754	991.79926
750.52716	983.83838
750.57892	985.58844
750.63074	987.40033
750.6825	981.56152
750.73425	977.19763
750.78601	979.61957
750.83783	981.97705
750.88959	986.60718
750.94135	979.70294
750.9931	981.64868
751.04492	978.96783
751.09668	979.25342
751.14844	977.32306
751.20026	978.1098
751.25201	982.62616
751.30377	983.44501
751.35553	989.80414
751.40735	986.39899
751.45911	985.69678
751.51086	989.05066
751.56262	982.61786
751.61444	980.06006
751.6662	990.21832
751.71796	987.6568
751.76978	987.28198
751.82153	989.62561
751.87329	978.71124
751.92505	982.28595
751.97687	989.74274
752.02863	995.24414
752.08038	993.85797
752.13214	984.71393
752.18396	977.72394
752.23572	981.4566
752.28748	986.49255
752.33923	990.41315
752.39105	989.8465
752.44281	984.99524
752.49457	984.97717
752.54639	988.95636
752.59814	982.83771
752.6499	976.9483
752.70166	982.7124
752.75348	986.75177
752.80524	984.69141
752.85699	984.26447
752.90875	986.66833
752.96057	990.04553
753.01233	991.06683
753.06409	981.99402
753.11591	979.66382
753.16766	977.08624
753.21942	981.32019
753.27118	993.32178
753.323	986.54041
753.37476	983.93884
753.42651	1001.3758
753.47827	985.33972
753.53009	978.02704
753.58185	979.16901
753.63361	981.18384
753.68542	981.11786
753.73718	976.8222
753.78894	982.40887
753.8407	986.53784
753.89252	980.50629
753.94427	977.76654
753.99603	989.49976
754.04779	986.08783
754.09961	988.68146
754.15137	969.34814
754.20313	986.43793
754.25494	982.88098
754.3067	990.98029
754.35846	977.24481
754.41022	976.01935
754.46204	982.7796
754.51379	982.99445
754.56555	981.01709
754.61731	975.01288
754.66913	998.91284
754.72089	986.54285
754.77264	990.1889
754.82446	978.95941
754.87622	992.78387
754.92798	988.29395
754.97974	984.6958
755.03156	980.8551
755.08331	986.12695
755.13507	987.15723
755.18683	978.76514
755.23865	976.85126
755.29041	976.36652
755.34216	979.70795
755.39398	981.31647
755.44574	980.08624
755.4975	979.18695
755.54926	986.68188
755.60107	989.48676
755.65283	984.02301
755.70459	981.66669
755.75635	986.21027
755.80817	977.11761
755.85992	984.64258
755.91168	987.08386
755.9635	981.28455
756.01526	981.05322
756.06702	979.37762
756.11877	985.34399
756.17059	982.13733
756.22235	981.26868
756.27411	983.87915
756.32587	990.29419
756.37769	983.69965
756.42944	977.76965
756.4812	990.74298
756.53302	992.49951
756.58478	988.54016
756.63654	985.16583
756.68829	981.50964
756.74011	989.51849
756.79187	992.70276
756.84363	980.97198
756.89539	983.82672
756.9472	988.34869
756.99896	981.8559
757.05072	979.85712
757.10254	981.91876
757.1543	977.91119
757.20605	985.39557
757.25781	989.7132
757.30963	986.24384
757.36139	983.3537
757.41315	980.98523
757.4649	985.79254
757.51672	982.7605
757.56848	983.23578
757.62024	985.11945
757.67206	985.34229
757.72382	984.77057
757.77557	978.25781
757.82733	977.95654
757.87915	979.63495
757.93091	980.65527
757.98267	977.49866
758.03442	976.39532
758.08624	982.10779
758.138	984.17181
758.18976	978.88403
758.24158	985.32758
758.29333	975.24677
758.34509	971.40265
758.39685	982.57922
758.44867	976.88995
758.50043	980.70087
758.55219	985.25562
758.60394	975.09991
758.65576	981.01355
758.70752	983.91309
758.75928	983.02136
758.8111	983.95483
758.86285	980.73798
758.91461	981.37836
758.96637	984.20636
759.01819	988.05292
759.06995	993.33295
759.1217	984.62836
759.17346	980.64618
759.22528	989.7218
759.27704	980.83276
759.3288	981.02075
759.38062	983.93018
759.43237	982.90723
759.48413	984.57477
759.53589	985.67322
759.58771	982.02661
759.63947	986.45062
759.69122	982.93835
759.74298	988.03094
759.7948	979.97302
759.84656	979.24622
759.89832	985.1886
759.95013	985.77075
760.00189	996.95282
760.05365	976.30005
760.10541	979.34412
760.15723	982.45862
760.20898	977.18707
760.26074	985.41199
760.3125	988.10114
760.36432	985.68292
760.41608	975.1452
760.46783	979.68762
760.51965	982.64636
760.57141	974.2558
760.62317	971.75397
760.67493	975.86578
760.72675	979.37579
760.7785	980.41931
760.83026	992.60706
760.88202	985.48737
760.93384	978.90393
760.9856	989.15192
761.03735	988.73621
761.08917	989.04346
761.14093	972.17499
761.19269	975.98663
761.24445	983.45538
761.29626	974.96191
761.34802	981.23932
761.39978	983.23004
761.45154	982.97168
761.50336	989.15729
761.55511	980.33801
761.60687	981.90137
761.65869	988.74933
761.71045	987.23126
761.76221	988.58661
761.81396	988.2168
761.86578	985.40479
761.91754	977.41425
761.9693	983.89435
762.02106	994.43878
762.07288	985.54993
762.12463	984.54736
762.17639	987.18774
762.22821	983.59198
762.27997	983.1593
762.33173	982.11761
762.38348	980.36047
762.4353	984.24872
762.48706	982.54382
762.53882	975.84033
762.59058	978.60553
762.6424	990.28625
762.69415	990.50464
762.74591	978.44269
762.79773	983.31427
762.84949	977.50104
762.90125	985.5777
762.953	992.97919
763.00482	985.70673
763.05658	990.95215
763.10834	985.75726
763.1601	978.24701
763.21191	976.73669
763.26367	983.79681
763.31543	981.82721
763.36725	978.1474
763.41901	976.84399
763.47076	984.25104
763.52252	976.64185
763.57434	982.50165
763.6261	990.1546
763.67786	977.55554
763.72961	978.28223
763.78143	978.34808
763.83319	975.61285
763.88495	979.97369
763.93677	978.12512
763.98853	981.33997
764.04028	976.89813
764.09204	974.73187
764.14386	978.92163
764.19562	983.97437
764.24738	983.17468
764.29913	979.37268
764.35095	986.87158
764.40271	986.58307
764.45447	981.78632
764.50629	982.47076
764.55804	986.87109
764.6098	987.00781
764.66156	986.01404
764.71338	981.5285
764.76514	988.88446
764.81689	981.01056
764.86865	981.53192
764.92047	982.17542
764.97223	975.84064
765.02399	974.34003
765.07581	986.06757
765.12756	992.10547
765.17932	987.62854
765.23108	981.53564
765.2829	987.41559
765.33466	975.37402
765.38641	986.59021
765.43817	984.54987
765.48999	983.21362
765.54175	974.86963
765.59351	973.5672
765.64532	971.32141
765.69708	975.12476
765.74884	972.90027
765.8006	981.68549
765.85242	982.66571
765.90417	980.82385
765.95593	983.56512
766.00769	978.60699
766.05951	978.10419
766.11127	972.32507
766.16302	976.43292
766.21484	979.81281
766.2666	985.37878
766.31836	985.7782
766.37012	984.50311
766.42194	973.30121
766.47369	972.30042
766.52545	974.89386
766.57721	975.30676
766.62903	971.2049
766.68079	972.1803
766.73254	985.09003
766.78436	979.11469
766.83612	973.79938
766.88788	987.46893
766.93964	988.31775
766.99146	980.98517
767.04321	982.04376
767.09497	977.95844
767.14673	976.71271
767.19855	983.01501
767.25031	981.91345
767.30206	979.34723
767.35388	983.07227
767.40564	986.40063
767.4574	987.37042
767.50916	981.64795
767.56097	978.68939
767.61273	980.84088
767.66449	973.8067
767.71625	980.79254
767.76807	981.33374
767.81982	985.7243
767.87158	977.90796
767.9234	977.14404
767.97516	976.8562
768.02692	974.07489
768.07867	977.94867
768.13049	983.23938
768.18225	971.25873
768.23401	974.27142
768.28577	980.73297
768.33759	982.24274
768.38934	988.21655
768.4411	979.93091
768.49292	967.92761
768.54468	973.34491
768.59644	974.76093
768.64819	977.07019
768.70001	973.19257
768.75177	976.05383
768.80353	980.06421
768.85529	979.35114
768.9071	977.85443
768.95886	968.52216
769.01062	986.11298
769.06244	971.29742
769.1142	973.4704
769.16595	985.61499
769.21771	978.9939
769.26953	972.37146
769.32129	982.64642
769.37305	973.92224
769.4248	981.24084
769.47662	976.33075
769.52838	981.15698
769.58014	980.20526
769.63196	979.90393
769.68372	980.38422
769.73547	979.32587
769.78723	984.75818
769.83905	985.22729
769.89081	985.43665
769.94257	979
769.99432	982.08771
770.04614	982.05121
770.0979	978.62134
770.14966	980.40161
770.20148	981.13055
770.25323	976.35052
770.30499	976.26764
770.35675	982.79407
770.40857	973.24414
770.46033	972.92712
770.51208	980.45856
770.56384	983.46307
770.61566	976.54364
770.66742	981.8493
770.71918	984.28967
770.771	981.96082
770.82275	983.06378
770.87451	980.21484
770.92627	977.70331
770.97809	974.89178
771.02985	969.77399
771.0816	971.64722
771.13336	970.62537
771.18518	973.74554
771.23694	984.11694
771.2887	983.95886
771.34052	977.49677
771.39227	967.89825
771.44403	964.638
771.49579	976.12134
771.54761	978.59564
771.59937	976.60547
771.65112	981.93903
771.70288	995.69525
771.7547	991.73578
771.80646	974.16766
771.85822	975.3819
771.91003	980.40845
771.96179	979.367
772.01355	977.19659
772.06531	980.71967
772.11713	972.7243
772.16888	975.77362
772.22064	980.36896
772.2724	977.96667
772.32422	986.39844
772.37598	983.31201
772.42773	977.13788
772.47955	979.5108
772.53131	979.26782
772.58307	978.68768
772.63483	982.16022
772.68665	979.02533
772.7384	982.26294
772.79016	977.5307
772.84192	979.45471
772.89374	974.85352
772.9455	980.39252
772.99725	978.64764
773.04907	978.10535
773.10083	973.62268
773.15259	978.63867
773.20435	980.8183
773.25616	971.95892
773.30792	969.66351
773.35968	978.44727
773.41144	970.88574
773.46326	979.72772
773.51501	980.80005
773.56677	976.953
773.61859	965.43506
773.67035	965.25397
773.72211	969.89478
773.77386	974.06598
773.82568	974.92847
773.87744	977.12128
773.9292	972.87329
773.98096	974.6485
774.03278	967.8833
774.08453	975.513
774.13629	976.37054
774.18811	984.39746
774.23987	978.29272
774.29163	978.27136
774.34338	978.59381
774.3952	975.97595
774.44696	981.16107
774.49872	972.82025
774.55048	970.55634
774.60229	970.84875
774.65405	971.62427
774.70581	975.82697
774.75763	981.38464
774.80939	985.20953
774.86115	978.9071
774.9129	981.70764
774.96472	980.05615
775.01648	983.57813
775.06824	982.72882
775.12	973.59961
775.17181	973.41357
775.22357	977.51886
775.27533	980.64313
775.32715	982.37421
775.37891	976.36444
775.43066	977.53381
775.48242	983.82007
775.53424	979.68695
775.586	974.8335
775.63776	975.65601
775.68951	978.18921
775.74133	974.77081
775.79309	983.67163
775.84485	978.13989
775.89667	978.54279
775.94843	984.87537
776.00018	984.14929
776.05194	976.39844
776.10376	976.44849
776.15552	977.76361
776.20728	981.66589
776.25903	981.60565
776.31085	977.59991
776.36261	977.37555
776.41437	979.64453
776.46619	979.48785
776.51794	979.43372
776.5697	969.25604
776.62146	975.93732
776.67328	978.8092
776.72504	986.18274
776.77679	976.11688
776.82855	969.44458
776.88037	977.4115
776.93213	977.0105
776.98389	980.65881
777.03571	974.09467
777.08746	968.74146
777.13922	974.17914
777.19098	983.37732
777.2428	985.59131
777.29456	968.70026
777.34631	980.08234
777.39807	972.57855
777.44989	977.72803
777.50165	982.38574
777.55341	973.38379
777.60522	974.11719
777.65698	977.21613
777.70874	975.02179
777.7605	966.27869
777.81232	973.21021
777.86407	979.97577
777.91583	987.27209
777.96759	983.36932
778.01941	977.698
778.07117	977.69958
778.12292	984.38556
778.17474	988.70575
778.2265	977.92743
778.27826	975.4599
778.33002	970.13977
778.38184	966.84741
778.43359	968.37555
778.48535	975.79633
778.53711	976.1004
778.58893	973.88684
778.64069	972.08215
778.69244	970.52234
778.74426	971.21503
778.79602	978.50616
778.84778	984.78204
778.89954	982.86981
778.95135	977.07391
779.00311	967.8653
779.05487	968.57208
779.10663	976.87756
779.15845	970.73065
779.21021	968.12439
779.26196	973.36719
779.31378	982.22198
779.36554	972.21729
779.4173	964.62903
779.46906	966.7403
779.52087	969.2934
779.57263	973.23761
779.62439	978.19183
779.67615	981.27209
779.72797	984.21478
779.77972	981.05579
779.83148	975.22498
779.8833	973.84338
779.93506	975.94617
779.98682	975.37988
780.03857	970.7569
780.09039	970.26154
780.14215	981.42834
780.19391	974.68378
780.24567	981.46399
780.29749	979.7995
780.34924	983.22052
780.401	968.85156
780.45282	984.21228
780.50458	960.16846
780.55634	970.9541
780.60809	966.76825
780.65991	980.45166
780.71167	971.68298
780.76343	972.64044
780.81519	982.96094
780.867	977.01184
780.91876	973.19592
780.97052	975.54602
781.02234	974.71661
781.0741	975.32501
781.12585	976.0672
781.17761	969.85773
781.22943	969.58099
781.28119	973.79303
781.33295	978.3418
781.3847	979.73297
781.43652	982.50751
781.48828	978.63
781.54004	975.33844
781.59186	984.51465
781.64362	973.35425
781.69537	968.11511
781.74713	971.8446
781.79895	967.60858
781.85071	973.84503
781.90247	978.24768
781.95422	980.86908
782.00604	981.18896
782.0578	977.93835
782.10956	976.18683
782.16138	974.26514
782.21313	970.84528
782.26489	971.27222
782.31665	979.89172
782.36847	980.35034
782.42023	983.60596
782.47198	986.28644
782.52374	981.6488
782.57556	982.8988
782.62732	984.9729
782.67908	983.77032
782.7309	983.4834
782.78265	980.06262
782.83441	984.83173
782.88617	985.26276
782.93799	981.57831
782.98975	973.86633
783.0415	981.65106
783.09326	984.91034
783.14508	985.66779
783.19684	987.36047
783.2486	984.1275
783.30042	992.16718
783.35217	995.56299
783.40393	987.71356
783.45569	997.44507
783.50751	991.23926
783.55927	994.20361
783.61102	997.58936
783.66278	1001.9753
783.7146	994.60498
783.76636	988.6958
783.81812	995.75934
783.86993	998.90173
783.92169	987.98853
783.97345	995.97681
784.02521	993.85992
784.07703	995.02747
784.12878	998.69061
784.18054	989.94415
784.2323	1001.5414
784.28412	997.05292
784.33588	1001.8687
784.38763	1004.2415
784.43945	997.47705
784.49121	997.27551
784.54297	1002.5303
784.59473	1002.88
784.64655	992.98877
784.6983	1000.8529
784.75006	1000.3897
784.80182	1003.3872
784.85364	1005.0576
784.9054	1000.4465
784.95715	1002.5511
785.00897	994.96112
785.06073	1003.3095
785.11249	1000.2954
785.16425	998.73645
785.21606	1000.3359
785.26782	1006.6403
785.31958	1004.5975
785.37134	1004.1122
785.42316	997.9726
785.47491	1004.4688
785.52667	1005.9046
785.57849	1003.2355
785.63025	999.77972
785.68201	1006.0267
785.73376	997.78589
785.78558	1003.5031
785.83734	1000.9014
785.8891	999.44409
785.94086	1004.6624
785.99268	1001.8108
786.04443	1003.5946
786.09619	1003.7612
786.14801	1002.537
786.19977	1001.6016
786.25153	1005.7514
786.30328	1003.1446
786.3551	1000.0053
786.40686	1003.8862
786.45862	1004.7997
786.51038	1001.8219
786.56219	997.55042
786.61395	1009.3401
786.66571	1006.3525
786.71753	1009.4509
786.76929	1009.1309
786.82104	1008.4357
786.8728	1003.2986
786.92462	1001.5284
786.97638	1004.0635
787.02814	1001.1549
787.0799	1005.0563
787.13171	1001.1611
787.18347	1004.8622
787.23523	1004.8785
787.28705	1009.4962
787.33881	1012.8076
787.39056	1007.6611
787.44232	1011.0193
787.49414	1011.3498
787.5459	1012.8765
787.59766	1010.0718
787.64941	1016.6849
787.70123	1014.9086
787.75299	1003.3282
787.80475	1008.5396
787.85657	1008.2107
787.90833	1005.1388
787.96008	1011.4315
788.01184	1015.3464
788.06366	1009.3858
788.11542	1005.1441
788.16718	1007.5716
788.21893	1013.2397
788.27075	1013.2358
788.32251	1009.0822
788.37427	1017.9578
788.42609	1022.4492
788.47784	1014.5081
788.5296	1018.6468
788.58136	1016.5845
788.63318	1011.4147
788.68494	1017.8012
788.73669	1023.1171
788.78845	1023.0748
788.84027	1029.3505
788.89203	1019.95
788.94379	1015.9722
788.99561	1023.3629
789.04736	1028.2186
789.09912	1021.9118
789.15088	1020.4291
789.2027	1022.5963
789.25446	1018.8013
789.30621	1024.172
789.35797	1028.9054
789.40979	1018.6087
789.46155	1027.9102
789.51331	1032.428
789.56512	1030.2488
789.61688	1031.6583
789.66864	1038.6948
789.7204	1037.6305
789.77222	1032.9056
789.82397	1031.6923
789.87573	1035.0842
789.92749	1052.3147
789.97931	1034.1082
790.03107	1039.7272
790.08282	1039.6863
790.13464	1036.8163
790.1864	1053.0089
790.23816	1034.6095
790.28992	1043.1989
790.34174	1045.0419
790.39349	1040.6415
790.44525	1035.0845
790.49701	1044.0884
790.54883	1046.141
790.60059	1049.0245
790.65234	1033.8715
790.70416	1040.2412
790.75592	1035.5009
790.80768	1041.4655
790.85944	1040.9595
790.91125	1045.8253
790.96301	1050.3108
791.01477	1035.7302
791.06653	1049.1841
791.11835	1041.1764
791.1701	1043.9164
791.22186	1053.1616
791.27368	1054.1643
791.32544	1061.4745
791.3772	1045.9318
791.42896	1048.2882
791.48077	1050.5222
791.53253	1046.7471
791.58429	1044.4395
791.63605	1053.4225
791.68787	1047.274
791.73962	1052.3424
791.79138	1043.575
791.8432	1037.562
791.89496	1037.1599
791.94672	1048.6353
791.99847	1041.7848
792.05029	1038.2274
792.10205	1048.7776
792.15381	1036.4922
792.20557	1033.0928
792.25739	1034.629
792.30914	1033.5962
792.3609	1029.5417
792.41272	1024.1245
792.46448	1030.2684
792.51624	1030.7515
792.56799	1033.6101
792.61981	1040.4329
792.67157	1038.0138
792.72333	1043.7051
792.77509	1040.2101
792.8269	1027.6165
792.87866	1019.7101
792.93042	1034.5458
792.98224	1032.3801
793.034	1027.1357
793.08575	1035.516
793.13751	1038.3733
793.18933	1030.0105
793.24109	1028.3142
793.29285	1035.8695
793.3446	1041.5802
793.39642	1041.8142
793.44818	1042.0557
793.49994	1033.0157
793.55176	1049.807
793.60352	1052.5062
793.65527	1048.9456
793.70703	1043.3392
793.75885	1051.9823
793.81061	1042.9178
793.86237	1043.849
793.91412	1038.6791
793.96594	1041.8846
794.0177	1050.8248
794.06946	1056.5848
794.12128	1051.6486
794.17303	1060.4969
794.22479	1048.8275
794.27655	1045.9272
794.32837	1054.9832
794.38013	1050.6482
794.43188	1068.2426
794.48364	1050.1168
794.53546	1059.4673
794.58722	1050.9137
794.63898	1048.2692
794.69073	1066.1422
794.74255	1053.6892
794.79431	1051.0295
794.84607	1059.2188
794.89789	1068.1964
794.94965	1058.6798
795.0014	1045.105
795.05316	1044.965
795.10498	1056.451
795.15674	1057.5382
795.2085	1053.5459
795.26025	1057.9642
795.31207	1055.7551
795.36383	1065.1517
795.41559	1063.2346
795.46741	1072.552
795.51917	1056.2595
795.57092	1050.4481
795.62268	1056.3748
795.6745	1058.8862
795.72626	1052.8208
795.77802	1060.0774
795.82977	1057.0747
795.88159	1046.6746
795.93335	1050.7026
795.98511	1039.8081
796.03693	1051.3969
796.08868	1048.8427
796.14044	1056.9939
796.1922	1056.6895
796.24402	1046.5453
796.29578	1050.5729
796.34753	1055.0892
796.39929	1044.8575
796.45111	1039.5048
796.50287	1050.3492
796.55463	1054.543
796.60645	1055.7562
796.6582	1053.8162
796.70996	1050.2233
796.76172	1055.7211
796.81354	1053.2611
796.8653	1051.5409
796.91705	1053.6611
796.96881	1054.6708
797.02063	1054.1898
797.07239	1053.5803
797.12415	1057.3108
797.17596	1060.8433
797.22772	1063.5153
797.27948	1063.9025
797.33124	1066.2643
797.38306	1064.8
797.43481	1058.6342
797.48657	1061.2047
797.53833	1072.1665
797.59015	1059.9358
797.64191	1056.4293
797.69366	1076.671
797.74548	1059.0239
797.79724	1071.2561
797.849	1076.833
797.90076	1072.4869
797.95258	1071.0961
798.00433	1073.1381
798.05609	1083.8793
798.10785	1055.6573
798.15967	1081.3575
798.21143	1084.0907
798.26318	1076.6459
798.315	1056.4221
798.36676	1055.4564
798.41852	1078.9664
798.47028	1080.4623
798.52209	1063.7179
798.57385	1068.9631
798.62561	1061.5194
798.67737	1065.4065
798.72919	1063.1726
798.78094	1056.1285
798.8327	1050.5505
798.88452	1052.067
798.93628	1054.4941
798.98804	1064.5468
799.03979	1063.2264
799.09161	1048.9951
799.14337	1057.6533
799.19513	1052.5573
799.24689	1058.8871
799.29871	1041.6422
799.35046	1054.3376
799.40222	1047.9989
799.45404	1063.364
799.5058	1045.9338
799.55756	1038.917
799.60931	1037.7849
799.66113	1030.8876
799.71289	1037.2358
799.76465	1052.0377
799.81641	1048.9128
799.86823	1043.0765
799.91998	1048.4075
799.97174	1058.5078
800.02356	1064.2393
800.07532	1055.2618
800.12708	1055.7499
800.17883	1064.2897
800.23065	1061.0515
800.28241	1064.7522
800.33417	1061.847
800.38593	1063.6196
800.43774	1068.588
800.4895	1066.0583
800.54126	1068.7396
800.59308	1074.2473
800.64484	1075.4833
800.69659	1080.2058
800.74835	1071.2092
800.80017	1070.4457
800.85193	1075.0782
800.90369	1074.6071
800.95544	1081.4946
801.00726	1084.3088
801.05902	1088.4495
801.11078	1091.1202
801.1626	1088.8428
801.21436	1094.1569
801.26611	1095.3214
801.31787	1098.821
801.36969	1094.2419
801.42145	1098.7679
801.47321	1097.6309
801.52496	1090.3876
801.57678	1102.8997
801.62854	1102.1245
801.6803	1102.0752
801.73212	1090.7362
801.78387	1089.1626
801.83563	1084.3811
801.88739	1090.8857
801.93921	1095.8088
801.99097	1102.2178
802.04272	1087.2274
802.09448	1103.3608
802.1463	1108.0687
802.19806	1099.8584
802.24982	1086.7484
802.30164	1074.1277
802.35339	1068.5146
802.40515	1081.5702
802.45691	1091.3929
802.50873	1093.3715
802.56049	1068.6302
802.61224	1069.3369
802.664	1079.267
802.71582	1071.9067
802.76758	1072.0499
802.81934	1081.0182
802.87115	1068.0903
802.92291	1074.5916
802.97467	1070.5487
803.02643	1067.0216
803.07825	1076.7195
803.13	1072.4139
803.18176	1069.9139
803.23352	1072.9404
803.28534	1069.8258
803.3371	1067.8207
803.38885	1070.9263
803.44067	1069.6194
803.49243	1068.8873
803.54419	1065.0048
803.59595	1054.7853
803.64777	1067.9806
803.69952	1066.1597
803.75128	1066.9845
803.80304	1071.9944
803.85486	1068.3324
803.90662	1069.2816
803.95837	1071.8906
804.01019	1062.6566
804.06195	1062.1785
804.11371	1065.9171
804.16547	1065.2035
804.21729	1069.5344
804.26904	1076.9392
804.3208	1080.4574
804.37256	1075.8523
804.42438	1076.7073
804.47614	1087.4949
804.52789	1082.244
804.57971	1084.0845
804.63147	1082.3025
804.68323	1088.4448
804.73499	1098.8326
804.7868	1081.7721
804.83856	1085.7183
804.89032	1094.4797
804.94208	1092.9441
804.9939	1097.0442
805.04565	1094.5256
805.09741	1113.6783
805.14923	1091.3282
805.20099	1106.4105
805.25275	1100.2335
805.3045	1098.0333
805.35632	1111.2031
805.40808	1097.6864
805.45984	1084.5405
805.5116	1106.6771
805.56342	1103.2571
805.61517	1115.8832
805.66693	1105.723
805.71875	1134.6122
805.77051	1101.4497
805.82227	1105.1931
805.87402	1118.0526
805.92584	1107.394
805.9776	1097.4171
806.02936	1097.6555
806.08112	1100.6991
806.13293	1101.735
806.18469	1089.1008
806.23645	1092.4071
806.28827	1084.34
806.34003	1090.3392
806.39178	1091.9653
806.44354	1083.6686
806.49536	1101.4738
806.54712	1098.8042
806.59888	1081.9891
806.65063	1098.2568
806.70245	1101.49
806.75421	1089.3058
806.80597	1089.124
806.85779	1102.4387
806.90955	1089.0928
806.9613	1090.1934
807.01306	1102.7791
807.06488	1100.2798
807.11664	1098.4399
807.1684	1093.8633
807.22015	1088.5026
807.27197	1088.6118
807.32373	1085.7843
807.37549	1076.4176
807.42731	1082.4913
807.47906	1082.8615
807.53082	1069.4204
807.58258	1079.2097
807.6344	1093.3657
807.68616	1099.578
807.73792	1105.4116
807.78967	1097.7294
807.84149	1097.1415
807.89325	1099.3549
807.94501	1096.6332
807.99683	1095.0963
808.04858	1081.7227
808.10034	1084.8879
808.1521	1087.678
808.20392	1075.5072
808.25568	1087.3706
808.30743	1093.8922
808.35919	1089.9404
808.41101	1083.1527
808.46277	1090.2737
808.51453	1092.6427
808.56635	1098.6412
808.6181	1086.8029
808.66986	1081.2084
808.72162	1086.5171
808.77344	1087.2089
808.8252	1068.71
808.87695	1069.5529
808.92871	1075.4366
808.98053	1069.3726
809.03229	1075.1196
809.08405	1083.6074
809.13586	1065.2021
809.18762	1066.3041
809.23938	1069.7261
809.29114	1070.7043
809.34296	1071.5486
809.39471	1075.3604
809.44647	1073.8257
809.49823	1078.8097
809.55005	1054.6904
809.60181	1060.1536
809.65356	1060.9099
809.70538	1070.5077
809.75714	1053.7944
809.8089	1065.1215
809.86066	1058.6204
809.91248	1075.5364
809.96423	1062.4812
810.01599	1060.2057
810.06775	1053.9064
810.11957	1049.1277
810.17133	1045.7334
810.22308	1046.1537
810.2749	1057.6101
810.32666	1067.3973
810.37842	1062.6003
810.43018	1053.9619
810.48199	1045.3539
810.53375	1043.1052
810.58551	1055.4673
810.63727	1054.9832
810.68909	1057.4388
810.74084	1065.2114
810.7926	1063.328
810.84442	1068.5538
810.89618	1064.8375
810.94794	1050.8157
810.99969	1041.4171
811.05151	1052.0797
811.10327	1051.7501
811.15503	1049.3206
811.20679	1051.198
811.25861	1064.5774
811.31036	1058.2122
811.36212	1059.8567
811.41394	1055.8857
811.4657	1043.3416
811.51746	1059.6212
811.56921	1055.6743
811.62103	1052.9968
811.67279	1062.8253
811.72455	1059.9714
811.77631	1064.0994
811.82813	1061.5043
811.87988	1057.432
811.93164	1058.3273
811.98346	1068.1239
812.03522	1053.9814
812.08698	1071.0599
812.13873	1050.1429
812.19055	1063.2681
812.24231	1050.9609
812.29407	1054.7694
812.34583	1046.3473
812.39764	1056.8335
812.4494	1055.2843
812.50116	1059.0616
812.55298	1051.4348
812.60474	1060.7036
812.65649	1036.0247
812.70825	1053.1099
812.76007	1055.5413
812.81183	1052.4843
812.86359	1061.4669
812.91534	1037.9507
812.96716	1042.0844
813.01892	1041.2169
813.07068	1048.4335
813.1225	1043.0433
813.17426	1045.8811
813.22601	1047.6536
813.27777	1046.9525
813.32959	1039.7983
813.38135	1043.8629
813.43311	1044.9919
813.48486	1039.5898
813.53668	1038.6848
813.58844	1050.9342
813.6402	1052.2588
813.69202	1044.7736
813.74377	1043.6212
813.79553	1042.8796
813.84729	1040.6045
813.89911	1041.1907
813.95087	1045.9484
814.00262	1051.1669
814.05438	1042.0817
814.1062	1044.2478
814.15796	1045.1289
814.20972	1042.1281
814.26154	1044.2959
814.31329	1042.5669
814.36505	1045.8391
814.41681	1033.4401
814.46863	1030.3568
814.52039	1030.9049
814.57214	1035.3917
814.6239	1041.4905
814.67572	1052.8109
814.72748	1043.3547
814.77924	1034.0516
814.83105	1043.0283
814.88281	1035.5875
814.93457	1042.2609
814.98633	1037.7964
815.03815	1033.5402
815.0899	1043.6074
815.14166	1044.2346
815.19342	1039.8297
815.24524	1026.292
815.297	1035.7354
815.34875	1036.3519
815.40057	1024.9301
815.45233	1030.022
815.50409	1040.7643
815.55585	1030.1035
815.60767	1030.3163
815.65942	1040.5956
815.71118	1048.9487
815.76294	1029.2089
815.81476	1033.714
815.86652	1032.7086
815.91827	1036.9005
815.97009	1032.978
816.02185	1021.0091
816.07361	1029.9939
816.12537	1030.2526
816.17719	1029.7086
816.22894	1035.0332
816.2807	1030.4261
816.33246	1030.1771
816.38428	1027.5266
816.43604	1044.8391
816.48779	1047.0303
816.53961	1045.4056
816.59137	1043.4337
816.64313	1030.7134
816.69489	1032.8849
816.7467	1023.7486
816.79846	1021.384
816.85022	1028.2349
816.90198	1029.0432
816.9538	1024.2603
817.00555	1030.6354
817.05731	1036.478
817.10913	1031.0288
817.16089	1030.0341
817.21265	1048.4452
817.2644	1032.7162
817.31622	1022.9801
817.36798	1028.6205
817.41974	1028.715
817.4715	1030.3335
817.52332	1024.8535
817.57507	1033.7699
817.62683	1047.5135
817.67865	1030.5293
817.73041	1032.9004
817.78217	1037.5017
817.83392	1034.4971
817.88574	1033.579
817.9375	1046.4199
817.98926	1021.2539
818.04102	1025.7355
818.09283	1040.1488
818.14459	1040.511
818.19635	1032.5129
818.24817	1033.2413
818.29993	1040.9753
818.35168	1041.0175
818.40344	1047.656
818.45526	1038.7936
818.50702	1041.5439
818.55878	1041.4258
818.61053	1035.9365
818.66235	1025.4105
818.71411	1031.7272
818.76587	1045.2266
818.81769	1035.6774
818.86945	1057.5757
818.9212	1055.0811
818.97296	1037.2378
819.02478	1038.7135
819.07654	1054.3558
819.1283	1053.3134
819.18005	1041.7925
819.23187	1039.4111
819.28363	1039.3818
819.33539	1042.1523
819.38721	1038.8834
819.43896	1046.1233
819.49072	1041.1893
819.54248	1030.1985
819.5943	1040.8113
819.64606	1049.2211
819.69781	1048.6169
819.74957	1041.8888
819.80139	1029.6587
819.85315	1042.9647
819.90491	1050.6694
819.95673	1039.1365
820.00848	1045.3442
820.06024	1040.9232
820.112	1031.7063
820.16382	1048.01
820.21558	1052.4364
820.26733	1043.1204
820.31909	1042.652
820.37091	1042.559
820.42267	1036.3066
820.47443	1045.9607
820.52625	1039.9088
820.578	1036.1776
820.62976	1026.1437
820.68152	1043.6945
820.73334	1035.7188
820.7851	1040.4337
820.83685	1036.991
820.88861	1036.3195
820.94043	1043.7485
820.99219	1034.1021
821.04395	1018.9697
821.09576	1039.5638
821.14752	1026.1304
821.19928	1030.2552
821.25104	1025.2057
821.30286	1030.2867
821.35461	1040.3387
821.40637	1035.4751
821.45813	1025.6786
821.50995	1034.1595
821.56171	1034.6375
821.61346	1037.3934
821.66528	1035.7324
821.71704	1034.6616
821.7688	1034.405
821.82056	1033.92
821.87238	1037.7247
821.92413	1034.083
821.97589	1034.9121
822.02765	1028.1624
822.07947	1030.7815
822.13123	1043.1096
822.18298	1030.1135
822.2348	1030.6256
822.28656	1040.1069
822.33832	1041.153
822.39008	1036.6152
822.44189	1028.6447
822.49365	1035.3364
822.54541	1036.7905
822.59717	1033.8951
822.64899	1033.8079
822.70074	1036.5244
822.7525	1040.6528
822.80432	1038.2578
822.85608	1032.4603
822.90784	1041.803
822.95959	1042.459
823.01141	1035.0824
823.06317	1037.4227
823.11493	1037.0461
823.16669	1048.4827
823.21851	1036.076
823.27026	1030.1367
823.32202	1028.3137
823.37384	1035.7203
823.4256	1034.7908
823.47736	1028.5487
823.52911	1033.8259
823.58093	1035.5645
823.63269	1055.9335
823.68445	1038.0417
823.73621	1033.4805
823.78802	1045.5654
823.83978	1044.9819
823.89154	1043.6278
823.94336	1044.8429
823.99512	1050.8822
824.04688	1049.7196
824.09863	1049.8116
824.15045	1045.6866
824.20221	1046.245
824.25397	1052.1655
824.30573	1043.3104
824.35754	1039.5809
824.4093	1033.6832
824.46106	1033.7821
824.51288	1044.6997
824.56464	1044.8599
824.61639	1041.6028
824.66815	1045.0026
824.71997	1051.6382
824.77173	1043.005
824.82349	1045.9039
824.87524	1044.4535
824.92706	1041.5059
824.97882	1045.2858
825.03058	1046.3748
825.0824	1045.6268
825.13416	1045.8616
825.18591	1048.2015
825.23767	1039.3073
825.28949	1033.2277
825.34125	1044.9298
825.39301	1043.3356
825.44476	1038.4408
825.49658	1053.8097
825.54834	1049.9639
825.6001	1040.0013
825.65192	1049.0323
825.70367	1050.8787
825.75543	1054.0643
825.80719	1038.0476
825.85901	1043.3049
825.91077	1047.5256
825.96252	1058.106
826.01428	1048.5688
826.0661	1041.8689
826.11786	1032.9124
826.16962	1031.4476
826.22144	1051.1157
826.27319	1049.3024
826.32495	1033.0818
826.37671	1058.9677
826.42853	1059.4203
826.48029	1047.1489
826.53204	1059.2579
826.5838	1048.9287
826.63562	1044.1543
826.68738	1054.3748
826.73914	1053.335
826.79095	1044.8938
826.84271	1032.389
826.89447	1043.1047
826.94623	1047.5581
826.99805	1044.2588
827.0498	1048.7073
827.10156	1042.8439
827.15332	1044.4231
827.20514	1045.6631
827.2569	1041.851
827.30865	1037.0216
827.36047	1029.2892
827.41223	1036.4373
827.46399	1043.8855
827.51575	1040.5325
827.56757	1036.584
827.61932	1042.943
827.67108	1051.5194
827.72284	1043.5253
827.77466	1031.2203
827.82642	1035.6909
827.87817	1045.9435
827.92999	1033.7539
827.98175	1035.1335
828.03351	1045.5845
828.08527	1041.4161
828.13708	1035.7976
828.18884	1041.6309
828.2406	1044.9348
828.29236	1048.0717
828.34418	1046.2749
828.39594	1030.9382
828.44769	1023.0416
828.49951	1044.4353
828.55127	1039.0586
828.60303	1037.3026
828.65479	1029.1519
828.7066	1037.463
828.75836	1041.1917
828.81012	1044.629
828.86188	1037.851
828.9137	1041.3772
828.96545	1035.2487
829.01721	1030.6216
829.06903	1039.2563
829.12079	1039.8319
829.17255	1040.7693
829.2243	1040.1946
829.27612	1034.975
829.32788	1031.9553
829.37964	1033.001
829.4314	1034.9694
829.48322	1030.0909
829.53497	1039.6699
829.58673	1024.7562
829.63855	1016.3164
829.69031	1023.7061
829.74207	1026.2133
829.79382	1028.4371
829.84564	1027.7064
829.8974	1024.6366
829.94916	1021.6318
830.00092	1022.6589
830.05273	1018.5123
830.10449	1022.4517
830.15625	1022.2505
830.20807	1007.3353
830.25983	1009.0947
830.31158	1011.8083
830.36334	1013.7286
830.41516	1007.043
830.46692	1013.4865
830.51868	1019.1376
830.57043	1016.7634
830.62225	1008.7647
830.67401	1005.5384
830.72577	1009.2489
830.77759	1013.7118
830.82935	1009.4822
830.8811	1000.8027
830.93286	1004.019
830.98468	1016.6099
831.03644	1007.3237
831.0882	1008.1863
831.13995	1017.7467
831.19177	1001.0093
831.24353	1015.8279
831.29529	1004.1917
831.34711	1017.9769
831.39886	1010.1262
831.45062	1000.6146
831.50238	1007.967
831.5542	1014.5688
831.60596	1008.0327
831.65771	1000.5558
831.70947	998.27692
831.76129	1007.1438
831.81305	1014.2583
831.86481	1005.9084
831.91663	1002.3459
831.96838	999.75861
832.02014	1006.3993
832.0719	1004.3755
832.12372	1002.0029
832.17548	1002.6212
832.22723	997.49286
832.27899	998.67328
832.33081	1001.8488
832.38257	996.89594
832.43433	1003.8634
832.48615	1002.2941
832.5379	1005.2662
832.58966	1000.4357
832.64142	1001.2822
832.69324	1007.9081
832.745	1001.0995
832.79675	1003.8851
832.84851	1004.0771
832.90033	996.55286
832.95209	1001.5345
833.00385	998.3136
833.05566	997.93872
833.10742	1007.7247
833.15918	1003.2441
833.21094	1002.6064
833.26276	998.13501
833.31451	1005.199
833.36627	1002.7427
833.41803	1003.4217
833.46985	1000.222
833.52161	1003.4158
833.57336	1005.8216
833.62518	1014.6922
833.67694	1008.262
833.7287	1008.7031
833.78046	1018.82
833.83228	1013.4377
833.88403	1012.415
833.93579	1015.2631
833.98755	1017.3935
834.03937	1022.0073
834.09113	1021.6967
834.14288	1019.8246
834.1947	1022.0212
834.24646	1023.4368
834.29822	1029.6095
834.34998	1036.9474
834.40179	1042.825
834.45355	1035.7867
834.50531	1038.4117
834.55707	1046.7616
834.60889	1054.9432
834.66064	1065.2866
834.7124	1072.5132
834.76422	1064.5374
834.81598	1068.006
834.86774	1077.5787
834.91949	1085.1694
834.97131	1090.5951
835.02307	1098.5134
835.07483	1097.757
835.12659	1091.6107
835.17841	1112.4589
835.23016	1132.3221
835.28192	1132.1079
835.33374	1113.6216
835.3855	1127.4335
835.43726	1125.5133
835.48901	1140.1979
835.54083	1172.3374
835.59259	1182.0276
835.64435	1180.4353
835.69611	1174.7058
835.74792	1185.5536
835.79968	1209.0914
835.85144	1197.7188
835.90326	1206.5155
835.95502	1197.812
836.00677	1209.3505
836.05853	1196.2434
836.11035	1219.9683
836.16211	1227.9979
836.21387	1224.0089
836.26563	1214.0361
836.31744	1239.7729
836.3692	1226.1724
836.42096	1215.6949
836.47278	1226.3976
836.52454	1218.0499
836.57629	1223.4902
836.62805	1244.0535
836.67987	1215.1547
836.73163	1253.3441
836.78339	1238.6591
836.83514	1245.2137
836.88696	1242.1985
836.93872	1243.4164
836.99048	1206.8384
837.04224	1213.9524
837.09406	1227.6371
837.14581	1214.1127
837.19757	1206.4969
837.24939	1220.9287
837.30115	1245.1024
837.35291	1267.05
837.40466	1253.092
837.45648	1239.6019
837.50824	1242.8201
837.56	1254.4222
837.61176	1247.5089
837.66357	1253.4412
837.71533	1261.5967
837.76709	1254.6912
837.81891	1260.1703
837.87067	1271.6146
837.92242	1280.6006
837.97418	1297.6854
838.026	1303.2009
838.07776	1329.5862
838.12952	1337.8032
838.18127	1353.1779
838.23309	1395.7
838.28485	1424.1625
838.33661	1459.4968
838.38843	1499.6631
838.44019	1529.5551
838.49194	1561.9454
838.5437	1584.5439
838.59552	1600.4742
838.64728	1652.694
838.69904	1681.7401
838.75079	1697.3362
838.80261	1711.6841
838.85437	1711.6484
838.90613	1732.1558
838.95795	1769.3468
839.0097	1756.7587
839.06146	1755.1082
839.11322	1738.9176
839.16504	1728.6714
839.2168	1755.076
839.26855	1714.9727
839.32031	1665.2682
839.37213	1666.6924
839.42389	1636.1222
839.47565	1619.1794
839.52747	1581.1339
839.57922	1569.5403
839.63098	1586.5416
839.68274	1554.7671
839.73456	1540.5369
839.78632	1488.7001
839.83807	1479.6274
839.88983	1475.5675
839.94165	1485.9012
839.99341	1478.4993
840.04517	1470.2239
840.09698	1435.478
840.14874	1440.7789
840.2005	1440.4088
840.25226	1412.3398
840.30408	1420.5682
840.35583	1437.9022
840.40759	1426.3021
840.45935	1422.7228
840.51117	1427.8016
840.56293	1443.8075
840.61469	1447.531
840.6665	1457.2756
840.71826	1476.1135
840.77002	1488.8848
840.82178	1493.5852
840.8736	1502.6183
840.92535	1507.9705
840.97711	1532.355
841.02887	1543.396
841.08069	1536.4061
841.13245	1533.6351
841.1842	1528.913
841.23602	1506.0225
841.28778	1494.4946
841.33954	1511.6462
841.3913	1504.9547
841.44312	1505.5414
841.49487	1526.2621
841.54663	1519.8804
841.59839	1487.0345
841.65021	1465.7842
841.70197	1462.8862
841.75372	1483.0432
841.80554	1481.4159
841.8573	1480.467
841.90906	1424.8289
841.96082	1417.5059
842.01263	1405.4097
842.06439	1413.431
842.11615	1383.6039
842.16791	1370.1749
842.21973	1397.9425
842.27148	1392.2792
842.32324	1408.931
842.37506	1370.2845
842.42682	1383.5939
842.47858	1365.8373
842.53033	1360.4119
842.58215	1364.5459
842.63391	1367.5979
842.68567	1378.937
842.73743	1372.137
842.78925	1367.6851
842.841	1344.1232
842.89276	1374.5228
842.94458	1394.7667
842.99634	1407.0903
843.0481	1397.5073
843.09985	1388.5262
843.15167	1381.9619
843.20343	1392.4093
843.25519	1399.36
843.30695	1421.9335
843.35876	1402.2616
843.41052	1419.7084
843.46228	1428.1173
843.5141	1400.8816
843.56586	1415.8376
843.61761	1428.4354
843.66937	1416.8459
843.72119	1393.3934
843.77295	1390.225
843.82471	1400.6254
843.87646	1394.8865
843.92828	1389.4877
843.98004	1392.3317
844.0318	1364.6884
844.08362	1356.778
844.13538	1356.1997
844.18713	1362.5763
844.23889	1363.7885
844.29071	1378.3071
844.34247	1375.4789
844.39423	1370.8579
844.44598	1348.8447
844.4978	1375.8008
844.54956	1373.7183
844.60132	1353.0701
844.65314	1349.7804
844.7049	1366.2114
844.75665	1398.6521
844.80841	1380.0026
844.86023	1380.1559
844.91199	1385.5596
844.96375	1401.9716
845.0155	1386.2142
845.06732	1340.2328
845.11908	1363.6567
845.17084	1375.4657
845.22266	1401.8995
845.27441	1384.7291
845.32617	1375.694
845.37793	1380.1703
845.42975	1382.4907
845.48151	1360.6934
845.53326	1358.7692
845.58502	1367.5223
845.63684	1355.3689
845.6886	1365.8538
845.74036	1357.4114
845.79218	1352.4199
845.84393	1348.0663
845.89569	1330.1442
845.94745	1336.4348
845.99927	1323.9349
846.05103	1327.6587
846.10278	1304.2716
846.15454	1294.6263
846.20636	1310.0797
846.25812	1311.4196
846.30988	1313.0015
846.36169	1317.3688
846.41345	1298.421
846.46521	1285.8757
846.51697	1298.9779
846.56879	1293.923
846.62054	1270.6969
846.6723	1264.4513
846.72406	1264.3578
846.77588	1263.1128
846.82764	1253.2714
846.87939	1260.5188
846.93121	1262.9434
846.98297	1265.9885
847.03473	1248.9723
847.08649	1249.8873
847.13831	1278.7964
847.19006	1275.2524
847.24182	1258.6013
847.29358	1246.7477
847.3454	1237.3334
847.39716	1251.5233
847.44891	1268.9092
847.50073	1261.8457
847.55249	1282.2374
847.60425	1265.8308
847.65601	1276.3401
847.70782	1285.0653
847.75958	1270.7008
847.81134	1277.3615
847.8631	1271.2338
847.91492	1257.1777
847.96667	1255.5989
848.01843	1287.3633
848.07025	1309.6364
848.12201	1286.7813
848.17377	1263.3706
848.22552	1269.9248
848.27734	1294.6572
848.3291	1271.6343
848.38086	1272.2173
848.43262	1285.7563
848.48444	1273.8683
848.53619	1258.5468
848.58795	1266.6652
848.63977	1270.8464
848.69153	1266.3109
848.74329	1264.0098
848.79504	1252.4866
848.84686	1247.506
848.89862	1245.6692
848.95038	1240.7581
849.00214	1253.4769
849.05396	1242.2692
849.10571	1208.9575
849.15747	1209.2703
849.20929	1221.8865
849.26105	1228.918
849.31281	1220.3182
849.36456	1215.9814
849.41638	1202.8608
849.46814	1202.3123
849.5199	1217.3083
849.57166	1207.2197
849.62347	1220.2505
849.67523	1212.8601
849.72699	1196.7994
849.77881	1191.0732
849.83057	1196.4933
849.88232	1195.0317
849.93408	1206.7256
849.9859	1197.1962
850.03766	1197.1975
850.08942	1213.7615
850.14117	1187.0887
850.19299	1171.6337
850.24475	1198.525
850.29651	1188.0339
850.34833	1196.674
850.40009	1170.1208
850.45184	1193.7858
850.5036	1181.8549
850.55542	1180.8524
850.60718	1175.1635
850.65894	1172.0861
850.71069	1163.6007
850.76251	1163.9391
850.81427	1163.5593
850.86603	1176.5123
850.91785	1157.3231
850.9696	1150.4656
851.02136	1141.1686
851.07312	1151.0802
851.12494	1162.6819
851.1767	1147.5093
851.22845	1153.9557
851.28021	1151.224
851.33203	1131.0311
851.38379	1124.5032
851.43555	1121.5526
851.48737	1119.4119
851.53912	1114.156
851.59088	1119.8467
851.64264	1109.5919
851.69446	1105.2219
851.74622	1102.579
851.79797	1098.5148
851.84973	1106.3695
851.90155	1104.0737
851.95331	1089.7209
852.00507	1085.6073
852.05688	1086.2859
852.10864	1085.2316
852.1604	1076.4943
852.21216	1059.1993
852.26398	1074.0746
852.31573	1072.4445
852.36749	1059.4219
852.41925	1056.7617
852.47107	1054.6489
852.52283	1062.8983
852.57458	1059.3831
852.6264	1050.5946
852.67816	1047.891
852.72992	1042.5297
852.78168	1037.8801
852.8335	1035.2614
852.88525	1044.2355
852.93701	1043.9917
852.98877	1021.0837
853.04059	1028.0452
853.09235	1032.5887
853.1441	1033.4257
853.19592	1014.0648
853.24768	1027.7305
853.29944	1019.2626
853.3512	1017.101
853.40302	1017.5668
853.45477	1019.5001
853.50653	1017.8931
853.55829	1021.8051
853.61011	1019.8941
853.66187	1028.3922
853.71362	1021.2238
853.76544	1012.3082
853.8172	1005.5052
853.86896	1002.5666
853.92072	1008.1804
853.97253	1007.0811
854.02429	1008.4711
854.07605	1008.538
854.12781	1005.9698
854.17963	999.47388
854.23138	1006.4438
854.28314	1001.3882
854.33496	1000.381
854.38672	993.2298
854.43848	997.2749
854.49023	1000.3304
854.54205	1002.0189
854.59381	996.26025
854.64557	992.75238
854.69733	1000.7832
854.74915	1000.1674
854.8009	993.60809
854.85266	985.64569
854.90448	991.95898
854.95624	999.10742
855.008	986.59875
855.05975	992.16107
855.11157	984.40698
855.16333	991.9848
855.21509	983.02673
855.26685	984.0368
855.31866	984.56689
855.37042	993.38831
855.42218	984.92499
855.474	992.96527
855.52576	983.638
855.57751	979.78674
855.62927	986.42554
855.68109	987.49084
855.73285	977.86481
855.78461	974.44165
855.83636	974.6687
855.88818	979.71484
855.93994	983.30823
855.9917	968.16125
856.04352	973.8725
856.09528	984.59985
856.14703	978.80774
856.19879	975.50928
856.25061	974.93018
856.30237	972.98975
856.35413	980.04016
856.40588	980.95496
856.4577	971.51611
856.50946	973.76697
856.56122	971.21515
856.61304	973.42267
856.66479	972.35931
856.71655	975.26221
856.76831	983.07153
856.82013	977.07648
856.87189	978.07855
856.92365	975.4704
856.9754	978.63867
857.02722	974.36963
857.07898	967.79828
857.13074	959.67487
857.18256	970.59406
857.23431	978.01892
857.28607	966.26843
857.33783	968.46918
857.38965	968.99915
857.44141	962.30115
857.49316	970.47656
857.54492	970.9563
857.59674	972.81232
857.6485	970.97205
857.70026	962.97125
857.75208	967.51245
857.80383	974.55768
857.85559	965.48608
857.90735	966.57404
857.95917	963.81244
858.01093	971.14246
858.06268	966.54333
858.11444	970.46552
858.16626	968.87909
858.21802	961.22394
858.26978	965.89465
858.32159	973.81616
858.37335	978.18774
858.42511	964.95709
858.47687	961.77563
858.52869	964.44238
858.58044	960.76654
858.6322	964.87207
858.68396	965.96625
858.73578	961.8399
858.78754	967.76117
858.83929	970.77197
858.89111	963.33081
858.94287	966.58759
858.99463	975.31354
859.04639	965.92255
859.09821	958.58282
859.14996	961.03436
859.20172	962.75836
859.25348	955.43475
859.3053	951.64105
859.35706	963.70398
859.40881	959.4046
859.46063	957.6546
859.51239	954.45013
859.56415	963.15454
859.61591	956.44769
859.66772	963.45856
859.71948	962.27521
859.77124	960.89191
859.823	960.76727
859.87482	964.9223
859.92657	958.16455
859.97833	958.72626
860.03015	967.67548
860.08191	953.41754
860.13367	964.83801
860.18542	966.3045
860.23724	952.0578
860.289	960.71637
860.34076	957.4397
860.39252	965.50543
860.44434	962.84753
860.49609	957.68134
860.54785	962.84875
860.59967	959.59552
860.65143	960.39447
860.70319	961.42767
860.75494	958.78497
860.80676	963.38879
860.85852	959.40466
860.91028	959.56757
860.96204	958.68866
861.01385	959.13361
861.06561	954.79675
861.11737	953.98224
861.16919	957.17737
861.22095	956.66119
861.27271	958.57965
861.32446	953.41223
861.37628	956.96448
861.42804	957.01807
861.4798	953.2832
861.53156	953.97821
861.58337	953.1413
861.63513	956.81708
861.68689	952.17731
861.73871	952.23505
861.79047	952.75391
861.84222	960.50171
861.89398	955.33746
861.9458	953.20886
861.99756	951.8371
862.04932	956.89172
862.10107	953.10547
862.15289	945.21008
862.20465	954.56702
862.25641	949.76044
862.30823	952.08575
862.35999	953.53845
862.41174	950.20404
862.4635	953.1228
862.51532	953.04657
862.56708	948.56543
862.61884	959.93262
862.67059	958.48108
862.72241	955.565
862.77417	954.57581
862.82593	949.88867
862.87775	954.92914
862.9295	952.1322
862.98126	950.68732
863.03302	960.3205
863.08484	958.32672
863.1366	950.38068
863.18835	949.94128
863.24011	951.63196
863.29193	954.13336
863.34369	947.47919
863.39545	946.48914
863.44727	954.89368
863.49902	955.7348
863.55078	951.27087
863.60254	949.67938
863.65436	956.56866
863.70612	951.29584
863.75787	948.95691
863.80963	954.96259
863.86145	952.68036
863.91321	955.96405
863.96497	950.04071
864.01678	953.29657
864.06854	953.63684
864.1203	948.72217
864.17206	948.48615
864.22388	943.05707
864.27563	951.24023
864.32739	954.55475
864.37915	951.04688
864.43097	948.62384
864.48273	960.50128
864.53448	952.65448
864.5863	948.8642
864.63806	951.57581
864.68982	952.97839
864.74158	949.38751
864.7934	951.72687
864.84515	954.25092
864.89691	948.6416
864.94867	945.60461
865.00049	949.29895
865.05225	952.38818
865.104	952.71606
865.15582	945.59277
865.20758	944.50232
865.25934	951.49432
865.3111	951.20911
865.36292	943.05969
865.41467	948.07623
865.46643	954.91272
865.51819	950.76208
865.57001	947.05365
865.62177	948.73346
865.67352	953.64441
865.72534	949.18127
865.7771	943.58191
865.82886	942.31689
865.88062	945.64972
865.93243	943.01941
865.98419	947.216
866.03595	945.03027
866.08771	946.04785
866.13953	947.29596
866.19128	947.14691
866.24304	950.31183
866.29486	947.33014
866.34662	943.33038
866.39838	950.97247
866.45013	948.15619
866.50195	951.35968
866.55371	949.34863
866.60547	945.05896
866.65723	946.27057
866.70905	954.51886
866.7608	946.98688
866.81256	947.08606
866.86438	951.55371
866.91614	941.49548
866.9679	942.10779
867.01965	945.65814
867.07147	946.72839
867.12323	954.81641
867.17499	940.7926
867.22675	945.98022
867.27856	948.37988
867.33032	947.82129
867.38208	941.29065
867.4339	944.84094
867.48566	948.96259
867.53741	948.65955
867.58917	946.25018
867.64099	946.68573
867.69275	945.98541
867.74451	945.88586
867.79626	942.08856
867.84808	944.2572
867.89984	946.37061
867.9516	943.55756
868.00342	942.8587
868.05518	942.72815
868.10693	945.63965
868.15869	944.76978
868.21051	945.26373
868.26227	940.21619
868.31403	942.29694
868.36578	940.31506
868.4176	942.90125
868.46936	946.13892
868.52112	942.03253
868.57294	942.40033
868.62469	945.82245
868.67645	944.01239
868.72821	946.90948
868.78003	947.9848
868.83179	946.94025
868.88354	940.37354
868.9353	948.4422
868.98712	938.18475
869.03888	939.70447
869.09064	944.57117
869.14246	944.52875
869.19421	945.12
869.24597	940.55176
869.29773	946.46216
869.34955	945.50171
869.40131	938.18152
869.45306	942.21021
869.50482	945.13928
869.55664	946.66217
869.6084	940.6344
869.66016	945.30066
869.71198	947.14929
869.76373	941.05859
869.81549	941.7865
869.86725	944.0816
869.91907	939.80762
869.97083	944.46228
870.02258	940.5611
870.07434	938.93152
870.12616	944.1604
870.17792	944.44226
870.22968	942.18945
870.28149	942.82532
870.33325	940.68683
870.38501	941.59595
870.43677	942.66364
870.48859	941.146
870.54034	938.4353
870.5921	938.67487
870.64386	946.24353
870.69568	946.21008
870.74744	946.49158
870.79919	941.60052
870.85101	942.79852
870.90277	941.80664
870.95453	944.75439
871.00629	939.94336
871.05811	939.71381
871.10986	940.52478
871.16162	940.54156
871.21338	944.11865
871.2652	947.13312
871.31696	944.71509
871.36871	942.68408
871.42053	937.30389
871.47229	938.76038
871.52405	941.71674
871.57581	937.68951
871.62762	938.79938
871.67938	938.37549
871.73114	942.43823
871.7829	944.38068
871.83472	942.28845
871.88647	935.47272
871.93823	938.67743
871.99005	941.54102
872.04181	939.71722
872.09357	939.77777
872.14532	941.45862
872.19714	944.61377
872.2489	945.80847
872.30066	943.19043
872.35242	938.04358
872.40424	940.43433
872.45599	938.92688
872.50775	943.13068
872.55957	943.15399
872.61133	938.13422
872.66309	939.33386
872.71484	939.38123
872.76666	945.04138
872.81842	942.61737
872.87018	941.15546
872.92194	938.75616
872.97375	941.15308
873.02551	941.20703
873.07727	938.95355
873.12909	944.41986
873.18085	943.3775
873.2326	940.38782
873.28436	940.46283
873.33618	947.02863
873.38794	947.31012
873.4397	937.65051
873.49146	940.78845
873.54327	940.99023
873.59503	938.83905
873.64679	939.77393
873.69861	942.09967
873.75037	940.63184
873.80212	940.09644
873.85388	941.55438
873.9057	939.60254
873.95746	940.66119
874.00922	937.94897
874.06097	934.89954
874.11279	937.70258
874.16455	943.23279
874.21631	938.16699
874.26813	934.44318
874.31989	939.06122
874.37164	940.36646
874.4234	935.59821
874.47522	942.53204
874.52698	946.33978
874.57874	938.99158
874.63049	938.39563
874.68231	940.68622
874.73407	938.67749
874.78583	940.20917
874.83765	940.84814
874.8894	937.98944
874.94116	937.02234
874.99292	938.75195
875.04474	937.65015
875.0965	936.47089
875.14825	940.56403
875.20001	941.89105
875.25183	935.36792
875.30359	939.896
875.35535	939.45972
875.40717	941.65912
875.45892	936.98077
875.51068	936.49011
875.56244	937.04053
875.61426	935.65649
875.66602	941.0849
875.71777	943.14252
875.76953	936.87671
875.82135	938.07721
875.87311	943.32513
875.92487	940.58228
875.97668	933.1673
876.02844	935.32483
876.0802	938.05682
876.13196	935.82977
876.18378	938.02502
876.23553	939.22516
876.28729	940.11438
876.33905	938.85339
876.39087	940.80981
876.44263	933.13708
876.49438	944.77679
876.5462	939.52075
876.59796	939.88452
876.64972	939.1098
876.70148	940.77832
876.7533	945.22113
876.80505	935.05359
876.85681	933.44336
876.90857	943.22723
876.96039	939.44458
877.01215	935.57996
877.0639	940.56348
877.11572	934.27258
877.16748	942.24115
877.21924	936.8125
877.271	936.15643
877.32281	938.67712
877.37457	935.93262
877.42633	936.46472
877.47809	939.00323
877.52991	936.44037
877.58167	936.65527
877.63342	938.448
877.68524	936.76215
877.737	937.67883
877.78876	941.73358
877.84052	940.63812
877.89233	939.82251
877.94409	939.78931
877.99585	942.04236
878.04761	940.78748
878.09943	937.5271
878.15118	938.35217
878.20294	937.1922
878.25476	935.39246
878.30652	937.33612
878.35828	940.9682
878.41003	939.49994
878.46185	936.86462
878.51361	938.10699
878.56537	937.50793
878.61713	937.03857
878.66895	931.8905
878.7207	935.52386
878.77246	933.11499
878.82428	934.47559
878.87604	938.20654
878.9278	940.54816
878.97955	943.00116
879.03137	934.22675
879.08313	932.80609
879.13489	943.17041
879.18665	944.12671
879.23846	935.1333
879.29022	941.96112
879.34198	937.78339
879.39374	932.35681
879.44556	935.85168
879.49731	936.3244
879.54907	938.4776
879.60089	936.6825
879.65265	937.12695
879.70441	936.16589
879.75616	931.71039
879.80798	933.87329
879.85974	938.92896
879.9115	937.15436
879.96326	938.19012
880.01508	939.40405
880.06683	938.86646
880.11859	933.71637
880.17041	935.89862
880.22217	936.966
880.27393	939.10217
880.32568	939.06671
880.3775	938.19373
880.42926	939.16504
880.48102	934.75543
880.53278	934.72321
880.58459	936.80316
880.63635	938.7793
880.68811	940.16571
880.73993	939.83563
880.79169	938.62036
880.84344	931.17041
880.8952	934.97803
880.94702	943.7077
880.99878	935.95941
881.05054	938.69287
881.10229	938.13623
881.15411	933.35913
881.20587	936.87207
881.25763	933.39404
881.30945	936.54059
881.36121	937.7713
881.41296	931.08417
881.46472	931.50092
881.51654	941.0434
881.5683	935.36414
881.62006	934.81274
881.67181	933.03711
881.72363	930.38318
881.77539	934.59302
881.82715	938.60339
881.87897	935.6897
881.93073	930.96906
881.98248	940.32849
882.03424	945.01855
882.08606	940.92145
882.13782	939.54218
882.18958	940.21973
882.24133	941.94324
882.29315	938.99255
882.34491	936.85004
882.39667	939.90118
882.44849	938.55579
882.50024	934.76581
882.552	937.84961
882.60376	931.6861
882.65558	932.50934
882.70734	936.67468
882.75909	935.22784
882.81085	933.88788
882.86267	940.50262
882.91443	945.00244
882.96619	940.07086
883.01801	940.7193
883.06976	950.05774
883.12152	936.18781
883.17328	939.68292
883.2251	929.49445
883.27686	933.99872
883.32861	942.70459
883.38037	938.8913
883.43219	939.22162
883.48395	934.58942
883.53571	948.80286
883.58752	932.46387
883.63928	938.77289
883.69104	937.03827
883.7428	930.94958
883.79462	933.50854
883.84637	936.85577
883.89813	944.05164
883.94989	936.9231
884.00171	938.61584
884.05347	933.68451
884.10522	939.50165
884.15704	930.58087
884.2088	936.90173
884.26056	938.07849
884.31232	935.75909
884.36414	939.2984
884.41589	940.26178
884.46765	936.81537
884.51941	931.97223
884.57123	934.98016
884.62299	936.5777
884.67474	935.75708
884.72656	934.11047
884.77832	937.81952
884.83008	938.13147
884.88184	935.04248
884.93365	934.92688
884.98541	937.66272
885.03717	936.20001
885.08893	935.08307
885.14075	939.94147
885.1925	938.35736
885.24426	936.83972
885.29608	935.92615
885.34784	939.01263
885.3996	935.90784
885.45135	936.09033
885.50317	933.52362
885.55493	936.43945
885.60669	937.1842
885.65845	930.41364
885.71027	930.7049
885.76202	931.35089
885.81378	937.88446
885.8656	931.58484
885.91736	936.02875
885.96912	930.53613
886.02087	936.91052
886.07269	937.68048
886.12445	933.53387
886.17621	928.33282
886.22797	933.93976
886.27979	935.33746
886.33154	941.18018
886.3833	938.9411
886.43512	932.45349
886.48688	931.20703
886.53864	932.70026
886.59039	933.23236
886.64221	939.27789
886.69397	938.78699
886.74573	934.93158
886.79749	933.42017
886.8493	939.10547
886.90106	941.09125
886.95282	938.8562
887.00464	937.72131
887.0564	936.18164
887.10815	935.9823
887.15991	931.62561
887.21173	937.92987
887.26349	937.78601
887.31525	939.3363
887.367	927.80396
887.41882	936.12915
887.47058	932.28052
887.52234	938.53705
887.57416	933.34784
887.62592	935.39001
887.67767	932.78094
887.72943	941.8642
887.78125	930.64685
887.83301	938.5
887.88477	933.61395
887.93652	933.72205
887.98834	935.10956
888.0401	935.2323
888.09186	937.68518
888.14368	945.11407
888.19543	937.09631
888.24719	933.55182
888.29895	935.47443
888.35077	935.07147
888.40253	934.11761
888.45428	940.76141
888.50604	938.14044
888.55786	935.34387
888.60962	939.61499
888.66138	941.07111
888.7132	938.2179
888.76495	933.79944
888.81671	931.63141
888.86847	935.30566
888.92029	937.86279
888.97205	936.56604
889.0238	933.15228
889.07556	933.51508
889.12738	939.01312
889.17914	935.38495
889.2309	935.4035
889.28271	934.71088
889.33447	935.96014
889.38623	934.97229
889.43799	941.0647
889.48981	935.82306
889.54156	934.5434
889.59332	934.09534
889.64508	942.29645
889.6969	927.94531
889.74866	929.45697
889.80042	927.54059
889.85223	936.24939
889.90399	923.9538
889.95575	932.92749
890.00751	937.23346
890.05933	930.76825
890.11108	936.16937
890.16284	935.69586
890.2146	929.51471
890.26642	930.65552
890.31818	933.62024
890.36993	931.56812
890.42175	934.23041
890.47351	934.50861
890.52527	930.93518
890.57703	932.15479
890.62885	935.12646
890.6806	940.31097
890.73236	935.18005
890.78412	933.46692
890.83594	935.77472
890.8877	931.57715
890.93945	929.25024
890.99127	935.4295
891.04303	934.14459
891.09479	935.34717
891.14655	930.42407
891.19836	934.99573
891.25012	933.76312
891.30188	938.34595
891.35364	930.37799
891.40546	929.87213
891.45721	932.53345
891.50897	930.82104
891.56079	934.42334
891.61255	938.13367
891.66431	930.04712
891.71606	934.73553
891.76788	931.00201
891.81964	939.33105
891.8714	931.12115
891.92316	935.80615
891.97498	940.75562
892.02673	937.4516
892.07849	927.08685
892.13031	930.93311
892.18207	932.51086
892.23383	938.36755
892.28558	936.30096
892.3374	936.75586
892.38916	936.79565
892.44092	936.37341
892.49268	940.60016
892.54449	931.91553
892.59625	932.52765
892.64801	934.06586
892.69983	938.14941
892.75159	937.0141
892.80334	931.38824
892.8551	931.71698
892.90692	933.82367
892.95868	930.72644
893.01044	929.45282
893.06219	928.44385
893.11401	930.09515
893.16577	941.22473
893.21753	934.80878
893.26935	937.3147
893.32111	931.93964
893.37286	930.68964
893.42462	928.7876
893.47644	935.7124
893.5282	932.4231
893.57996	929.57867
893.63171	934.08923
893.68353	935.33795
893.73529	940.85345
893.78705	936.3501
893.83887	935.63232
893.89063	931.6687
893.94238	934.62372
893.99414	929.47198
894.04596	936.8515
894.09772	936.66376
894.14948	934.99725
894.20123	931.24628
894.25305	929.74231
894.30481	932.16052
894.35657	935.1781
894.40839	932.23145
894.46014	930.33142
894.5119	938.14856
894.56366	937.82086
894.61548	933.8808
894.66724	936.56665
894.71899	930.69952
894.77075	928.5813
894.82257	934.35736
894.87433	936.0202
894.92609	936.74304
894.97791	933.75708
895.02966	932.81946
895.08142	934.00763
895.13318	936.48669
895.185	935.03772
895.23676	933.90955
895.28851	938.65436
895.34027	934.77869
895.39209	934.22626
895.44385	932.9549
895.49561	927.27954
895.54742	934.83258
895.59918	937.71912
895.65094	930.78522
895.7027	935.03735
895.75452	926.77869
895.80627	927.10724
895.85803	930.66345
895.90979	931.0116
895.96161	938.19281
896.01337	936.32837
896.06512	937.6842
896.11694	927.87927
896.1687	932.49841
896.22046	934.85199
896.27222	932.75665
896.32404	935.07819
896.37579	933.85883
896.42755	929.99615
896.47931	935.20648
896.53113	931.14008
896.58289	929.73444
896.63464	932.31061
896.68646	930.71039
896.73822	929.9718
896.78998	934.26727
896.84174	935.59833
896.89355	937.54633
896.94531	932.52588
896.99707	931.87665
897.04883	930.11548
897.10065	933.0835
897.1524	933.81891
897.20416	933.71692
897.25598	942.27222
897.30774	935.31665
897.3595	927.37042
897.41125	934.22058
897.46307	934.22229
897.51483	934.70135
897.56659	938.66785
897.61835	936.8197
897.67017	930.20941
897.72192	936.19489
897.77368	936.12567
897.8255	935.04156
897.87726	932.92615
897.92902	937.42072
897.98077	932.33862
898.03259	927.10486
898.08435	932.78357
898.13611	933.51666
898.18787	927.87311
898.23969	925.78003
898.29144	933.42584
898.3432	932.55463
898.39502	929.65991
898.44678	931.6579
898.49854	936.05328
898.55029	931.10846
898.60211	933.90399
898.65387	933.98816
898.70563	929.09546
898.75739	930.65485
898.8092	934.2359
898.86096	929.71631
898.91272	931.40515
898.96454	927.17896
899.0163	928.87427
899.06805	930.05646
899.11981	935.76599
899.17163	929.47736
899.22339	937.85767
899.27515	926.74268
899.3269	933.95923
899.37872	925.66443
899.43048	931.05096
899.48224	929.40692
899.53406	932.73279
899.58582	925.0863
899.63757	931.96368
899.68933	931.37775
899.74115	932.60883
899.79291	932.95978
899.84467	934.89526
899.89642	934.91351
899.94824	930.56128
900	930.50104
