50	882.79437
50.532299	885.98651
51.064598	885.57312
51.596897	884.81818
52.129196	884.5
52.661495	882.64728
53.193794	879.41278
53.726093	881.48022
54.258392	881.5
54.790688	878.58331
55.322987	880.3335
55.855286	883.23901
56.387585	882.02734
56.919884	885.3429
57.452183	880.36737
57.984482	878.07391
58.516781	877.27716
59.04908	878.37067
59.581379	882.30536
60.113678	884.79279
60.645977	880.8194
61.178276	882.73492
61.710575	885
62.242874	884.6311
62.775173	883.57513
63.307468	884.40289
63.839767	883.03571
64.37207	883.34241
64.904366	887.51331
65.436668	890.70343
65.968964	882.71747
66.501266	886.45099
67.033562	885.93848
67.565857	890.32733
68.09816	893.58691
68.630455	891.51233
69.162758	889.62463
69.695053	893.77423
70.227356	890.05756
70.759651	889.2821
71.291954	894.27167
71.824249	901.67297
72.356552	902.4892
72.888847	899.58356
73.42115	899.33112
73.953445	900.48358
74.485748	900.21173
75.018044	896.96655
75.550346	894.06018
76.082642	900.91254
76.614937	903.14374
77.14724	905.39697
77.679535	908.7168
78.211838	911.43329
78.744133	911.01794
79.276436	912.58954
79.808731	916.75311
80.341034	917.1748
80.873329	914.42572
81.405632	913.76697
81.937927	919.16785
82.47023	921.8396
83.002525	925.2489
83.534828	925.45337
84.067123	920.77014
84.599426	914.74927
85.131721	924.72333
85.664017	922.05072
86.19632	924.88544
86.728615	927.5
87.260918	926.32819
87.793213	923.32123
88.325516	926.2312
88.857811	922.34912
89.390114	925.39667
89.922409	928.0824
90.454712	926.00409
90.987007	921.50061
91.51931	921.50085
92.051605	927.84155
92.583908	924.21899
93.116203	922.46173
93.648499	926.60651
94.180801	928.72339
94.713097	931.21942
95.245399	930.39563
95.777695	924.87427
96.309998	924.42572
96.842293	929.14899
97.374596	928.51447
97.906891	934.75629
98.439194	934.03827
98.971489	933.78632
99.503792	932.80994
100.03609	929.03516
100.56839	922.66467
101.10069	924.74603
101.63299	928.28577
102.16528	930.34937
102.69758	927.63715
103.22988	923.1922
103.76218	925.65973
104.29448	927.7417
104.82677	928.73462
105.35908	929.28741
105.89137	931.87506
106.42368	934.93646
106.95597	932.28723
107.48827	922.70789
108.02057	923.32904
108.55287	933.29449
109.08517	936.34119
109.61747	930.12311
110.14977	930.57159
110.68207	931.4068
111.21436	934.06976
111.74666	934.44281
112.27896	931.60638
112.81126	925.55328
113.34356	917.74585
113.87585	920.66913
114.40816	925.79688
114.94045	932.93652
115.47276	935.99622
116.00505	933.79114
116.53735	930.27185
117.06965	916.51483
117.60195	929.89471
118.13425	932.11877
118.66655	928.97852
119.19884	928.133
119.73115	930.09473
120.26344	930.93066
120.79574	939.66632
121.32804	933.40192
121.86034	931.45227
122.39264	935.96814
122.92493	930.53253
123.45724	921.75507
123.98953	928.27075
124.52184	932.91193
125.05413	930.81946
125.58643	925.34027
126.11873	924.41467
126.65103	931.52271
127.18333	934.73401
127.71563	929.69476
128.24792	926.68915
128.78023	931.21918
129.31252	940.45605
129.84482	940.03809
130.37712	936.05188
130.90942	928.10602
131.44171	922.62451
131.97401	920.26514
132.50632	920.30103
133.03862	931.15729
133.57091	930.70868
134.10321	924.38214
134.63551	931.3974
135.16782	939.966
135.7001	933.3587
136.23241	927.08142
136.76471	932.82001
137.297	930.35724
137.8293	927.51349
138.3616	926.85913
138.89391	927.95831
139.42619	930.0517
139.9585	932.14508
140.4908	931.4895
141.0231	925.24835
141.55539	922.01306
142.08769	926.11896
142.62	928.55652
143.1523	929.39429
143.68459	934.13971
144.21689	937.66632
144.74919	934.00635
145.28149	928.48175
145.81378	936.3476
146.34608	927.13141
146.87839	926.02307
147.41068	931.77374
147.94298	934.57776
148.47528	934.65753
149.00758	940.62292
149.53987	936.85181
150.07217	925.80933
150.60448	928.2583
151.13678	926.06055
151.66907	920.20538
152.20137	924.28839
152.73367	922.61182
153.26598	939.6217
153.79826	931.03632
154.33057	932.26056
154.86287	938.76404
155.39516	931.89948
155.92746	933.99634
156.45976	926.17438
156.99207	928.85175
157.52435	932.0354
158.05666	933.54181
158.58896	932.80127
159.12126	924.91431
159.65355	920.29102
160.18585	927.23431
160.71815	936.73364
161.25046	935.78131
161.78275	928.3598
162.31505	938.21619
162.84735	933.60077
163.37965	939.66107
163.91194	936.84003
164.44424	933.03015
164.97655	931.8811
165.50883	929.05194
166.04114	933.66907
166.57344	932.86804
167.10574	935.29999
167.63803	931.79993
168.17033	928.18256
168.70264	933.52289
169.23494	927.21259
169.76723	924.17712
170.29953	929.4325
170.83183	934.27008
171.36414	934.34625
171.89642	931.65356
172.42873	934.52466
172.96103	934.104
173.49332	937.53046
174.02562	936.6062
174.55792	934.15369
175.09023	933.75623
175.62251	934.13068
176.15482	928.66895
176.68712	928.77924
177.21942	936.35004
177.75171	938.97668
178.28401	936.47382
178.81631	939.09009
179.34862	939.51068
179.88091	932.80957
180.41321	939.25806
180.94551	935.02936
181.4778	931.51202
182.0101	943.26117
182.5424	931.04504
183.07471	933.55859
183.60699	933.35516
184.1393	931.20319
184.6716	928.44037
185.2039	928.30884
185.73619	934.61823
186.26849	927.45435
186.8008	938.64484
187.3331	936.70251
187.86539	933.0871
188.39769	933.23224
188.92999	930.10669
189.4623	934.7439
189.99458	924.80035
190.52689	932.75818
191.05919	936.19879
191.59148	930.03619
192.12378	924.49054
192.65608	929.53668
193.18839	927.00671
193.72067	929.63348
194.25298	931.04205
194.78528	931.41559
195.31758	931.06799
195.84987	927.30823
196.38217	923.9339
196.91447	927.64587
197.44678	931.10321
197.97906	931.03326
198.51137	931.38403
199.04367	937.30554
199.57596	935.61792
200.10826	925.47546
200.64056	930.50952
201.17287	930.1062
201.70515	926.2196
202.23746	927.81738
202.76976	929.21167
203.30206	934.68848
203.83435	932.69739
204.36665	931.26782
204.89896	929.44305
205.43126	930.35712
205.96355	939.42554
206.49585	928.86975
207.02815	926.10419
207.56044	929.27527
208.09274	931.31458
208.62505	928.56268
209.15735	924.6792
209.68964	933.54724
210.22194	925.52173
210.75424	927.15265
211.28654	932.82629
211.81883	931.99353
212.35114	925.44763
212.88344	928.72357
213.41574	930.83643
213.94803	926.11102
214.48033	924.24762
215.01263	928.10217
215.54494	929.65283
216.07722	922.18414
216.60953	925.98834
217.14183	922.72522
217.67412	927.46667
218.20642	928.74567
218.73872	927.1839
219.27103	927.08575
219.80331	928.99316
220.33562	928.14777
220.86792	919.04742
221.40022	919.62994
221.93251	927.35663
222.46481	930.16821
222.99712	922.35785
223.52942	933.77795
224.06171	930.74518
224.59401	924.66583
225.12631	921.79456
225.6586	922.28601
226.1909	923.97845
226.72321	925.81616
227.25551	929.62433
227.7878	927.4234
228.3201	931.3465
228.8524	935.8916
229.3847	936.09802
229.91699	932.07318
230.4493	929.1106
230.9816	931.97131
231.5139	935.27563
232.04619	931.03101
232.57849	927.17859
233.11079	928.50336
233.64308	927.0368
234.17538	932.9649
234.70769	927.84229
235.23999	933.07629
235.77228	934.58197
236.30458	929.38177
236.83688	923.88428
237.36919	914.56714
237.90147	920.92072
238.43378	919.97382
238.96608	926.94244
239.49838	928.85895
240.03067	923.47662
240.56297	929.38391
241.09528	927.68915
241.62758	928.34424
242.15987	926.66534
242.69217	926.52197
243.22447	927.39728
243.75676	927.06189
244.28906	927.50104
244.82137	942.36566
245.35367	929.75195
245.88596	928.63391
246.41826	931.85284
246.95056	929.81793
247.48286	925.77063
248.01515	930.85858
248.54745	928.61743
249.07976	932.04742
249.61206	929.44702
250.14435	928.32367
250.67665	931.53583
251.20895	923.39667
251.74124	942.05908
252.27354	932.68524
252.80585	924.49988
253.33815	928.20557
253.87044	933.14954
254.40274	926.64459
254.93504	927.11798
255.46735	935.19586
255.99963	933.74268
256.53195	931.17877
257.06424	935.53265
257.59653	938.71649
258.12885	925.20105
258.66113	930.29456
259.19342	943.0448
259.72574	937.54541
260.25803	933.32117
260.79031	930.72833
261.32263	926.39227
261.85492	929.73907
262.38724	932.29175
262.91953	929.16351
263.45181	934.44714
263.98413	937.19476
264.51642	935.10602
265.04871	933.82959
265.58102	932.51251
266.11331	928.26526
266.64563	939.32037
267.17792	937.59277
267.71021	934.64471
268.24252	936.10864
268.77481	932.77625
269.3071	937.88525
269.83942	937.66296
270.3717	933.55298
270.90399	937.57001
271.43631	942.88635
271.9686	939.20154
272.50092	928.37653
273.0332	937.32031
273.56549	938.07379
274.09781	944.39325
274.6301	945.41321
275.16238	941.23145
275.6947	937.44818
276.22699	932.59473
276.75931	933.02112
277.2916	932.70325
277.82388	936.15247
278.3562	942.3869
278.88849	945.4223
279.42078	940.58221
279.95309	935.11053
280.48538	940.65125
281.01767	931.63531
281.54999	938.2663
282.08228	938.89734
282.61459	931.82513
283.14688	941.83704
283.67917	940.13196
284.21149	941.31653
284.74377	939.88232
285.27606	940.67212
285.80838	944.57507
286.34067	945.37408
286.87296	935.58441
287.40527	940.27594
287.93756	937.78705
288.46988	934.47607
289.00217	935.09613
289.53445	938.50891
290.06677	941.08038
290.59906	940.52258
291.13135	933.2702
291.66367	945.32312
292.19595	940.0094
292.72827	934.58154
293.26056	935.5813
293.79285	939.08643
294.32516	944.93701
294.85745	931.70648
295.38974	934.20953
295.92206	940.117
296.45435	947.20764
296.98663	945.68567
297.51895	932.33142
298.05124	936.06189
298.58356	935.20813
299.11584	937.27313
299.64813	937.49945
300.18045	936.64471
300.71274	935.34869
301.24503	934.40973
301.77734	939.06439
302.30963	934.79315
302.84195	930.87201
303.37424	929.30127
303.90652	934.1767
304.43884	940.80627
304.97113	940.55621
305.50342	943.54718
306.03574	934.71429
306.56802	935.8866
307.10031	937.92078
307.63263	943.93329
308.16492	945.85815
308.69724	930.7016
309.22952	934.97589
309.76181	932.58612
310.29413	931.74384
310.82642	938.13336
311.3587	940.57928
311.89102	935.19031
312.42331	933.15643
312.9556	937.43231
313.48792	944.19299
314.0202	945.24878
314.55252	938.36249
315.08481	934.16772
315.6171	938.22156
316.14941	942.23871
316.6817	935.38165
317.21399	931.39734
317.74631	930.25311
318.27859	928.49139
318.81091	930.02295
319.3432	935.08759
319.87549	937.00677
320.40781	940.43689
320.94009	941.41138
321.47238	939.90594
322.0047	940.6886
322.53699	943.06708
323.06927	945.70593
323.60159	947.47064
324.13388	934.20178
324.6662	937.27802
325.19849	942.15326
325.73077	939.01801
326.26309	934.39917
326.79538	936.82733
327.32767	944.72272
327.85999	941.71967
328.39227	939.95032
328.92459	937.21265
329.45688	942.55365
329.98917	945.32806
330.52148	936.90869
331.05377	925.71893
331.58606	934.30334
332.11838	944.96155
332.65067	934.0321
333.18295	939.84131
333.71527	943.9303
334.24756	937.4425
334.77988	942.23248
335.31216	939.66168
335.84445	936.66675
336.37677	934.00928
336.90906	927.82214
337.44135	928.98669
337.97366	938.51318
338.50595	942.34216
339.03824	934.18127
339.57056	943.03107
340.10284	939.63239
340.63516	930.77344
341.16745	926.67145
341.69974	932.41327
342.23206	942.66089
342.76434	940.12018
343.29663	942.69867
343.82895	939.83246
344.36124	932.4425
344.89355	931.44897
345.42584	934.53229
345.95813	933.75751
346.49045	941.93939
347.02274	936.3515
347.55502	929.27338
348.08734	928.61511
348.61963	932.39063
349.15192	936.7417
349.68423	937.24115
350.21652	929.73035
350.74884	941.34155
351.28113	943.37152
351.81342	944.54523
352.34573	945.59326
352.87802	947.32758
353.41031	947.09247
353.94263	938.12939
354.47491	944.5824
355.00723	935.20435
355.53952	933.5863
356.07181	936.93164
356.60413	938.29755
357.13641	937.28345
357.6687	941.25366
358.20102	942.54492
358.73331	940.15131
359.26559	938.58661
359.79791	942.17719
360.3302	945.40686
360.86252	943.38715
361.39481	939.11823
361.92709	942.5625
362.45941	943.88354
362.9917	946.6015
363.52399	943.30725
364.0563	940.76379
364.58859	940.2688
365.12088	937.82794
365.6532	941.7146
366.18549	946.03058
366.7178	949.59344
367.25009	944.22449
367.78238	942.935
368.3147	944.94702
368.84698	944.17816
369.37927	949.74921
369.91159	936.79779
370.44388	948.53003
370.9762	944.68451
371.50848	941.12158
372.04077	944.95367
372.57309	947.56732
373.10538	938.33752
373.63766	944.8158
374.16998	936.87341
374.70227	940.26337
375.23456	939.3158
375.76688	939.29871
376.29916	942.28784
376.83148	939.76593
377.36377	937.59833
377.89606	933.7179
378.42838	938.22626
378.96066	935.95599
379.49295	936.77734
380.02527	942.39984
380.55756	946.69086
381.08987	952.97363
381.62216	941.75854
382.15445	939.84082
382.68677	943.14313
383.21906	943.60394
383.75134	942.11798
384.28366	943.04968
384.81595	946.26477
385.34824	947.56207
385.88055	944.72955
386.41284	941.70398
386.94516	942.28394
387.47745	941.31042
388.00974	939.68622
388.54205	943.39551
389.07434	942.08783
389.60663	939.92517
390.13895	932.55981
390.67123	939.55188
391.20352	947.75275
391.73584	950.12115
392.26813	946.44269
392.80045	933.06372
393.33273	944.74762
393.86502	943.62427
394.39734	941.79376
394.92963	937.41364
395.46191	940.25244
395.99423	947.53357
396.52652	941.81342
397.05884	943.1123
397.59113	947.41565
398.12341	945.22656
398.65573	949.43579
399.18802	947.42218
399.72031	942.71832
400.25262	946.84229
400.78491	945.5434
401.3172	944.24445
401.84952	941.76544
402.38181	946.34802
402.91412	949.64478
403.44641	945.50098
403.9787	939.25897
404.51102	942.44904
405.0433	941.14954
405.57559	942.40594
406.10791	938.3089
406.6402	941.02423
407.17252	946.16553
407.7048	949.90601
408.23709	951.50977
408.76941	946.12354
409.3017	937.88892
409.83398	936.73425
410.3663	943.18585
410.89859	947.15155
411.43088	949.77234
411.9632	951.58881
412.49548	947.06738
413.0278	946.63318
413.56009	942.75916
414.09238	936.31067
414.62469	938.29321
415.15698	943.44531
415.68927	947.95361
416.22159	951.9292
416.75388	953.06488
417.28616	952.19574
417.81848	954.94342
418.35077	952.948
418.88309	947.05377
419.41537	945.77875
419.94766	948.25208
420.47998	945.71381
421.01227	952.08508
421.54456	949.04761
422.07687	943.3869
422.60916	947.82056
423.14148	946.75885
423.67377	943.05914
424.20605	945.18286
424.73837	944.15057
425.27066	948.92572
425.80295	947.8869
426.33527	946.93445
426.86755	951.48102
427.39984	946.5686
427.93216	936.40656
428.46445	939.82904
428.99677	948.24554
429.52905	959.55951
430.06134	957.09961
430.59366	955.80878
431.12595	954.06091
431.65823	946.51654
432.19055	942.30273
432.72284	955.36444
433.25516	947.16803
433.78745	952.82776
434.31973	952.14911
434.85205	949.48639
435.38434	948.38104
435.91663	949.3479
436.44894	949.62463
436.98123	946.95715
437.51352	954.34613
438.04584	950.03906
438.57813	950.20135
439.11044	951.79529
439.64273	947.04138
440.17502	942.85321
440.70734	948.35577
441.23962	947.5592
441.77191	953.65912
442.30423	944.91229
442.83652	954.77417
443.3688	956.01398
443.90112	953.17981
444.43341	953.92554
444.96573	951.98413
445.49802	951.03766
446.0303	947.99298
446.56262	943.78516
447.09491	945.53894
447.6272	950.2356
448.15952	954.30554
448.6918	951.47717
449.22412	938.60272
449.75641	941.66119
450.2887	952.56293
450.82101	942.58728
451.3533	942.66113
451.88559	946.86072
452.41791	948.10187
452.9502	946.91101
453.48248	946.3067
454.0148	947.61548
454.54709	945.51611
455.07941	944.05957
455.61169	949.61902
456.14398	951.30249
456.6763	949.32825
457.20859	948.30157
457.74088	941.45435
458.27319	959.78265
458.80548	951.91522
459.3378	955.09039
459.87009	955.40979
460.40237	953.9223
460.93469	951.69507
461.46698	947.25165
461.99927	945.46973
462.53159	943.28693
463.06387	951.33234
463.59616	950.0379
464.12848	948.08521
464.66077	943.92535
465.19308	941.17639
465.72537	946.85419
466.25766	952.1217
466.78998	951.6842
467.32227	951.65149
467.85455	960.16986
468.38687	957.49005
468.91916	952.15216
469.45145	954.12396
469.98376	958.29541
470.51605	956.33838
471.04837	951.09497
471.58066	953.45422
472.11295	954.82764
472.64526	953.23029
473.17755	951.22937
473.70984	950.9527
474.24216	951.65424
474.77444	951.67902
475.30676	952.11633
475.83905	956.14404
476.37134	955.81067
476.90366	957.62012
477.43594	958.1745
477.96823	955.41144
478.50055	953.91479
479.03284	955.034
479.56512	952.84741
480.09744	943.05786
480.62973	947.40753
481.16205	950.38214
481.69434	948.6676
482.22662	946.65741
482.75894	948.33881
483.29123	955.5144
483.82352	945.01404
484.35583	961.47394
484.88812	964.9776
485.42044	961.04401
485.95273	954.05292
486.48502	949.89368
487.01733	953.12006
487.54962	955.31287
488.08191	957.50165
488.61423	948.3009
489.14651	952.72589
489.6788	954.24225
490.21112	955.82336
490.74341	952.74988
491.27573	939.16101
491.80801	940.93738
492.3403	961.95654
492.87262	946.61584
493.40491	945.98163
493.93719	955.3028
494.46951	958.64136
495.0018	952.30121
495.53409	944.80865
496.06641	942.5163
496.59869	950.85718
497.13101	960.0437
497.6633	957.69086
498.19559	956.16376
498.72791	955.92517
499.26019	950.86646
499.79248	945.76489
500.3248	957.4436
500.85709	955.68719
501.3894	966.50549
501.92169	959.98004
502.45398	954.05536
502.9863	956.42017
503.51859	957.82281
504.05087	950.84717
504.58319	945.39063
505.11548	953.23138
505.64777	957.62512
506.18008	958.16711
506.71237	959.4657
507.24469	955.94275
507.77698	951.35364
508.30927	953.4502
508.84158	960.20154
509.37387	952.43719
509.90616	947.60229
510.43848	955.17163
510.97076	951.39343
511.50308	954.25604
512.03534	956.04156
512.56769	954.73199
513.09998	956.61261
513.63226	947.38794
514.16455	961.45898
514.69684	961.33527
515.22919	959.02667
515.76147	958.46802
516.29376	959.14496
516.82605	958.96405
517.35834	960.58868
517.89063	969.32257
518.42297	962.72455
518.95526	956.12512
519.48755	952.9137
520.01984	958.18524
520.55212	955.26099
521.08447	951.92419
521.61676	954.66785
522.14905	952.3819
522.68134	961.47821
523.21362	956.63678
523.74591	964.1355
524.27826	957.04132
524.81055	954.06677
525.34283	950.58258
525.87512	948.81555
526.40741	957.77539
526.93976	957.7702
527.47205	953.36713
528.00433	966.2323
528.53662	960.70593
529.06891	961.91766
529.60126	961.02576
530.13354	954.78699
530.66583	953.29211
531.19812	961.50586
531.73041	963.65851
532.2627	962.33716
532.79504	958.69147
533.32733	961.62103
533.85962	959.90448
534.39191	959.83118
534.92419	962.66724
535.45654	961.30634
535.98883	971.17841
536.52112	977.80231
537.05341	982.75214
537.58569	983.32318
538.11798	976.62714
538.65033	978.15649
539.18262	982.51715
539.7149	975.39264
540.24719	965.86981
540.77948	970.65948
541.31183	968.00873
541.84412	966.52191
542.3764	969.13458
542.90869	967.98706
543.44098	958.08905
543.97327	955.76776
544.50562	975.96533
545.0379	982.86041
545.57019	972.7157
546.10248	961.29291
546.63477	967.1228
547.16711	960.20551
547.6994	956.61261
548.23169	960.24133
548.76398	961.43884
549.29626	961.9762
549.82855	960.83466
550.3609	967.02576
550.89319	965.3139
551.42548	970.07355
551.95776	965.15955
552.49005	957.63824
553.0224	959.59979
553.55469	966.42865
554.08698	962.86542
554.61926	973.92529
555.15155	967.71936
555.6839	960.71167
556.21619	966.26971
556.74847	969.39508
557.28076	965.78058
557.81305	963.61292
558.34534	965.31531
558.87769	956.99115
559.40997	969.82831
559.94226	963.25458
560.47455	961.33386
561.00684	957.02655
561.53918	961.87061
562.07147	970.92072
562.60376	973.94788
563.13605	976.52985
563.66833	959.89337
564.20062	968.75043
564.73297	968.50281
565.26526	971.91693
565.79755	970.02924
566.32983	970.33569
566.86212	969.164
567.39447	961.84473
567.92676	970.71002
568.45905	966.72272
568.99133	971.96741
569.52362	971.16168
570.05591	972.32166
570.58826	968.62103
571.12054	967.87427
571.65283	966.7597
572.18512	959.41858
572.71741	977.81927
573.24976	968.51147
573.78204	971.19128
574.31433	968.35126
574.84662	970.02747
575.37891	968.3396
575.91119	962.17334
576.44354	960.44714
576.97583	966.66589
577.50812	964.03717
578.04041	961.82043
578.57269	957.92865
579.10504	963.00189
579.63733	973.47565
580.16962	971.94214
580.7019	963.8407
581.23419	963.48267
581.76654	968.60199
582.29883	970.45111
582.83112	966.00574
583.3634	966.52405
583.89569	973.47534
584.42798	966.28363
584.96033	960.43268
585.49261	963.27783
586.0249	964.30829
586.55719	957.776
587.08948	958.56873
587.62183	966.57489
588.15411	964.33496
588.6864	960.52112
589.21869	964.56006
589.75098	967.71619
590.28326	963.66382
590.81561	959.65759
591.3479	963.16974
591.88019	952.31885
592.41248	966.53021
592.94476	964.02692
593.47711	967.43408
594.0094	967.12012
594.54169	966.42847
595.07397	963.66449
595.60626	959.14099
596.13855	963.58203
596.6709	965.86395
597.20319	969.42566
597.73547	962.32971
598.26776	964.6062
598.80005	964.10809
599.3324	963.19305
599.86469	961.62268
600.39697	957.66888
600.92926	956.99707
601.46155	962.15564
601.99384	979.97229
602.52618	965.06818
603.05847	968.88715
603.59076	967.74695
604.12305	965.95502
604.65533	964.17664
605.18768	963.42413
605.71997	972.38495
606.25226	974.37195
606.78455	954.76398
607.31683	956.23242
607.84918	959.27216
608.38147	969.88159
608.91376	973.90747
609.44604	967.95569
609.97833	963.93323
610.51062	966.57867
611.04297	955.94867
611.57526	964.41956
612.10754	971.16937
612.63983	968.44434
613.17212	967.53174
613.70447	965.03607
614.23676	959.29645
614.76904	958.37585
615.30133	965.36755
615.83362	963.08331
616.36591	970.65161
616.89825	965.84308
617.43054	969.09839
617.96283	977.91254
618.49512	972.4397
619.0274	963.3949
619.55975	962.59949
620.09204	965.21271
620.62433	966.5105
621.15662	974.67157
621.6889	959.99939
622.22119	966.10071
622.75354	978.71405
623.28583	971.70465
623.81812	969.86798
624.3504	975.94293
624.88269	973.42212
625.41504	965.97302
625.94733	957.85522
626.47961	965.42719
627.0119	963.87775
627.54419	962.59644
628.07648	967.5863
628.60883	965.16046
629.14111	962.16614
629.6734	968.65106
630.20569	973.37378
630.73798	959.67523
631.27032	960.3291
631.80261	959.47656
632.3349	965.83105
632.86719	969.01733
633.39948	963.42828
633.93182	961.45471
634.46411	969.43384
634.9964	976.52161
635.52869	968.05157
636.06097	965.27423
636.59326	972.08014
637.12561	964.53552
637.6579	962.47736
638.19019	964.57703
638.72247	965.72119
639.25476	967.66443
639.78711	967.6825
640.3194	963.78033
640.85168	956.35016
641.38397	959.93121
641.91626	956.63708
642.44855	956.99585
642.9809	959.43396
643.51318	965.00305
644.04547	970.2326
644.57776	968.03003
645.11005	963.39478
645.6424	959.19073
646.17468	960.68396
646.70697	958.63074
647.23926	961.39093
647.77155	962.01855
648.30383	958.1734
648.83618	961.24377
649.36847	966.27173
649.90076	963.72833
650.43304	967.20099
650.96533	964.08313
651.49768	963.34576
652.02997	959.42914
652.56226	966.6264
653.09454	964.13403
653.62683	959.58514
654.15912	961.52985
654.69147	966.1604
655.22375	964.48718
655.75604	960.59064
656.28833	953.78424
656.82062	964.65289
657.35297	967.2298
657.88525	955.2547
658.41754	963.43781
658.94983	963.20532
659.48212	966.63452
660.01447	972.49152
660.54675	963.4566
661.07904	961.92822
661.61133	966.82098
662.14362	966.55249
662.6759	961.4032
663.20825	960.2926
663.74054	964.60901
664.27283	965.23987
664.80511	962.70117
665.3374	964.74304
665.86975	963.88336
666.40204	956.52557
666.93433	955.13647
667.46661	953.81793
667.9989	954.94257
668.53119	961.552
669.06354	966.05322
669.59583	964.22345
670.12811	963.59906
670.6604	965.7887
671.19269	965.59357
671.72504	965.58191
672.25732	964.50452
672.78961	957.56738
673.3219	961.58118
673.85419	960.43121
674.38647	969.26178
674.91882	963.10004
675.45111	951.93658
675.9834	957.29431
676.51569	961.80011
677.04797	955.55902
677.58032	961.87451
678.11261	967.21643
678.6449	965.55524
679.17719	962.68481
679.70947	956.81476
680.24176	969.3775
680.77411	962.72125
681.3064	950.32489
681.83868	953.79376
682.37097	961.09491
682.90326	971.21472
683.43561	960.96912
683.9679	957.28577
684.50018	954.86737
685.03247	955.91174
685.56476	963.32288
686.09711	962.44159
686.62939	957.06445
687.16168	961.45911
687.69397	957.60651
688.22626	964.26422
688.75854	959.80688
689.29089	949.06793
689.82318	955.42981
690.35547	953.50116
690.88776	948.08228
691.42004	952.22717
691.95239	964.58899
692.48468	973.12769
693.01697	962.32373
693.54926	948.49896
694.08154	958.25006
694.61383	962.88995
695.14618	963.1781
695.67847	961.05994
696.21075	956.78412
696.74304	952.91266
697.27533	955.20251
697.80768	964.47534
698.33997	960.01392
698.87225	955.12976
699.40454	955.38257
699.93683	962.72137
700.46912	966.77466
701.00146	963.44183
701.53375	957.07062
702.06604	955.6192
702.59833	963.51953
703.13062	951.91394
703.66296	964.56512
704.19525	950.35565
704.72754	952.80829
705.25983	952.89764
705.79211	952.1012
706.3244	953.92346
706.85675	955.71423
707.38904	961.48816
707.92133	950.38739
708.45361	953.51355
708.9859	951.31769
709.51825	966.11615
710.05054	963.76874
710.58282	954.26642
711.11511	951.45966
711.6474	953.70892
712.17975	953.85431
712.71204	950.68439
713.24432	960.96136
713.77661	956.93219
714.3089	965.04102
714.84119	967.44562
715.37354	962.58899
715.90582	961.22632
716.43811	962.74103
716.9704	958.59406
717.50269	953.27545
718.03503	944.00385
718.56732	969.03888
719.09961	959.44055
719.6319	956.41815
720.16418	960.81989
720.69647	960.75934
721.22882	958.36987
721.76111	958.39502
722.2934	956.17889
722.82568	956.77368
723.35797	967.53052
723.89032	959.01135
724.42261	955.8454
724.9549	956.27393
725.48718	955.36652
726.01947	958.62756
726.55176	961.11005
727.08411	953.1322
727.61639	945.97064
728.14868	958.55603
728.68097	954.07153
729.21326	950.84296
729.74561	951.73804
730.27789	959.50726
730.81018	960.61578
731.34247	959.04004
731.87476	961.88708
732.40704	961.36243
732.93939	952.18286
733.47168	963.14551
734.00397	951.92883
734.53625	956.39526
735.06854	960.92401
735.60089	960.77765
736.13318	963.98309
736.66547	967.48645
737.19775	964.09741
737.73004	958.77228
738.26239	959.78076
738.79468	970.55426
739.32697	961.97589
739.85925	960.77216
740.39154	962.79846
740.92383	961.19159
741.45618	964.69397
741.98846	963.75055
742.52075	955.11072
743.05304	962.14288
743.58533	951.36487
744.11768	952.71234
744.64996	959.21161
745.18225	962.92126
745.71454	959.83936
746.24683	958.60254
746.77911	962.21185
747.31146	963.84167
747.84375	961.39453
748.37604	964.1048
748.90833	960.17773
749.44061	958.38031
749.97296	960.38257
750.50525	960.02673
751.03754	954.94012
751.56982	961.50464
752.10211	962.19714
752.6344	960.43585
753.16675	970.90765
753.69904	961.59521
754.23132	968.86517
754.76361	947.73212
755.2959	966.36169
755.82825	955.88196
756.36053	951.08997
756.89282	959.59937
757.42511	963.71356
757.9574	959.93915
758.48969	960.3891
759.02203	960.771
759.55432	960.62195
760.08661	957.02338
760.6189	965.9743
761.15118	966.29773
761.68353	968.64026
762.21582	963.27283
762.74811	961.21509
763.2804	964.23694
763.81268	961.7124
764.34503	965.28766
764.87732	959.85956
765.40961	972.91254
765.94189	967.02826
766.47418	966.51385
767.00647	965.48297
767.53882	963.13458
768.07111	963.11023
768.60339	962.85724
769.13568	956.3996
769.66797	949.04749
770.20032	956.62689
770.7326	962.94458
771.26489	965.83319
771.79718	960.21674
772.32947	957.28302
772.86176	960.41016
773.3941	960.03717
773.92639	959.71667
774.45868	965.50549
774.99097	964.18579
775.52325	961.88324
776.0556	970.01025
776.58789	966.34381
777.12018	957.62946
777.65247	961.70215
778.18475	961.58154
778.71704	961.44269
779.24939	966.27478
779.78168	968.40088
780.31396	964.24561
780.84625	966.26947
781.37854	966.26941
781.91089	973.00055
782.44318	963.75897
782.97546	958.80377
783.50775	960.80396
784.04004	971.18201
784.57233	977.61469
785.10468	975.74445
785.63696	974.90527
786.16925	968.02264
786.70154	966.28265
787.23383	966.73376
787.76617	973.01849
788.29846	968.00134
788.83075	966.72943
789.36304	965.90936
789.89532	967.23328
790.42767	969.03558
790.95996	964.46313
791.49225	960.47302
792.02454	974.38733
792.55682	968.96033
793.08911	965.71436
793.62146	961.77106
794.15375	965.87244
794.68604	971.19159
795.21832	967.15143
795.75061	962.14801
796.28296	961.42828
796.81525	955.68579
797.34753	960.73749
797.87982	972.54114
798.41211	957.63702
798.9444	962.43292
799.47675	969.2215
800.00903	964.94507
800.54132	963.14972
801.07361	964.32526
801.6059	962.89771
802.13824	963.16992
802.67053	967.17804
803.20282	959.8316
803.73511	974.77289
804.2674	966.07397
804.79968	967.89288
805.33203	971.17212
805.86432	972.56409
806.39661	969.52802
806.92889	963.03381
807.46118	959.04291
807.99353	964.54816
808.52582	978.02362
809.05811	976.07147
809.59039	969.72876
810.12268	969.26758
810.65497	970.38721
811.18732	967.50427
811.7196	962.40729
812.25189	963.97278
812.78418	966.89923
813.31647	966.84784
813.84882	973.83478
814.3811	969.39526
814.91339	965.76892
815.44568	955.32489
815.97797	972.19434
816.51031	969.41199
817.0426	957.65594
817.57489	956.8161
818.10718	960.98853
818.63947	964.0741
819.17175	967.33313
819.7041	963.08618
820.23639	969.26233
820.76868	962.89978
821.30096	958.77008
821.83325	959.06219
822.3656	960.67499
822.89789	968.91675
823.43018	965.45752
823.96246	956.05627
824.49475	959.81812
825.02704	970.67029
825.55939	964.31104
826.09167	948.46637
826.62396	958.90369
827.15625	964.52338
827.68854	969.58673
828.22089	962.09515
828.75317	960.67743
829.28546	963.54498
829.81775	965.39539
830.35004	965.93835
830.88232	963.24799
831.41467	956.47461
831.94696	955.35083
832.47925	964.8866
833.01154	961.77069
833.54382	964.39557
834.07617	964.22803
834.60846	963.76605
835.14075	966.57416
835.67303	966.95569
836.20532	964.58905
836.73761	964.47223
837.26996	961.35736
837.80225	975.21204
838.33453	958.8222
838.86682	969.24054
839.39911	969.58319
839.93146	965.07941
840.46375	958.40289
840.99603	961.48907
841.52832	965.76544
842.06061	962.91962
842.59296	960.76666
843.12524	961.66522
843.65753	974.43872
844.18982	976.71655
844.72211	959.82373
845.25439	970.58453
845.78674	966.64465
846.31903	963.45349
846.85132	972.35577
847.38361	977.59369
847.91589	968.75421
848.44824	961.70215
848.98053	967.17548
849.51282	957.38007
850.0451	978.75995
850.57739	968.28296
851.10968	970.55786
851.64203	961.3421
852.17432	962.61633
852.7066	962.47113
853.23889	960.73456
853.77118	962.59729
854.30353	960.81232
854.83582	952.28888
855.3681	958.72015
855.90039	977.14795
856.43268	973.49927
856.96497	966.862
857.49731	959.63629
858.0296	957.42535
858.56189	972.03442
859.09418	981.0061
859.62646	975.1991
860.15881	966.80579
860.6911	962.4057
861.22339	963.46442
861.75568	975.5708
862.28796	972.83258
862.82025	963.86389
863.3526	961.55981
863.88489	956.96033
864.41718	957.15668
864.94946	967.50995
865.48175	970.23773
866.0141	965.55933
866.54639	965.35583
867.07867	961.81866
867.61096	972.4834
868.14325	973.84692
868.6756	957.40729
869.20789	961.36353
869.74017	958.06512
870.27246	970.66827
870.80475	970.44983
871.33704	959.6897
871.86938	963.63007
872.40167	979.76514
872.93396	980.67529
873.46625	969.16089
873.99854	974.49536
874.53088	983.17725
875.06317	973.30945
875.59546	962.02631
876.12775	966.37378
876.66003	971.35992
877.19232	967.69318
877.72467	970.4624
878.25696	977.76318
878.78925	972.06287
879.32153	960.48688
879.85382	965.10614
880.38617	967.31647
880.91846	968.23096
881.45074	976.20569
881.98303	966.47974
882.51532	967.33197
883.04761	967.18842
883.57996	972.534
884.11224	983.05457
884.64453	985.88092
885.17682	976.32257
885.70911	967.48804
886.24146	971.87286
886.77374	982.67664
887.30603	968.92212
887.83832	965.21313
888.37061	970.27881
888.90289	969.65125
889.43524	965.66718
889.96753	969.11749
890.49982	973.53607
891.0321	967.35339
891.56439	960.83014
892.09674	970.16718
892.62903	973.65521
893.16132	987.20911
893.6936	973.01569
894.22589	975.73773
894.75824	972.72974
895.29053	979.83801
895.82281	980.16174
896.3551	978.79883
896.88739	978.35461
897.41968	978.74817
897.95203	979.52826
898.48431	973.9259
899.0166	967.95862
899.54889	962.71948
900.08118	972.79858
900.61353	975.88983
901.14581	970.30438
901.6781	968.40607
902.21039	972.35004
902.74268	981.0567
903.27496	976.9444
903.80731	967.60413
904.3396	974.27484
904.87189	980.2619
905.40417	965.021
905.93646	969.70465
906.46881	968.78772
907.0011	969.65375
907.53339	983.55298
908.06567	972.15802
908.59796	968.38403
909.13025	972.38574
909.6626	977.19202
910.19489	976.52704
910.72717	972.08447
911.25946	974.2168
911.79175	978.03278
912.3241	974.01727
912.85638	971.26593
913.38867	979.08057
913.92096	978.50171
914.45325	978.64032
914.98553	972.99408
915.51788	974.74634
916.05017	976.20752
916.58246	971.9173
917.11475	970.04675
917.64703	973.12213
918.17938	973.44965
918.71167	976.49402
919.24396	978.44403
919.77625	983.04419
920.30853	967.47809
920.84088	975.22211
921.37317	974.17493
921.90546	973.07904
922.43774	979.11462
922.97003	979.22076
923.50232	973.66296
924.03467	969.73383
924.56696	965.6554
925.09924	974.1488
925.63153	978.55481
926.16382	976.25739
926.69617	975.33667
927.22845	980.32477
927.76074	982.40729
928.29303	974.51544
928.82532	974.41125
929.3576	983.11377
929.88995	978.84955
930.42224	966.20142
930.95453	968.05804
931.48682	974.00488
932.0191	973.99597
932.55145	990.56183
933.08374	979.48492
933.61603	977.9057
934.14832	975.28772
934.6806	975.50488
935.21289	971.08197
935.74524	982.33856
936.27753	990.99158
936.80981	983.96088
937.3421	977.00964
937.87439	978.97986
938.40674	977.24597
938.93903	974.50403
939.47131	983.37537
940.0036	985.68481
940.53589	989.32831
941.06818	986.90344
941.60052	987.73584
942.13281	988.25909
942.6651	985.33582
943.19739	980.72455
943.72968	982.3443
944.26202	986.16827
944.79431	980.49512
945.3266	976.76404
945.85889	989.59076
946.39117	981.70905
946.92352	990.49121
947.45581	968.84387
947.9881	981.40643
948.52039	986.61322
949.05267	992.25366
949.58496	980.61078
950.11731	973.0686
950.6496	979.42078
951.18188	980.59265
951.71417	974.11591
952.24646	977.4176
952.77881	981.6228
953.3111	981.19952
953.84338	988.13721
954.37567	980.98657
954.90796	973.59814
955.44025	998.00995
955.9726	990.2146
956.50488	982.45471
957.03717	978.53839
957.56946	981.65424
958.10175	986.58136
958.63409	980.56445
959.16638	976.99133
959.69867	980.68915
960.23096	994.76355
960.76324	977.81946
961.29553	986.61469
961.82788	983.82532
962.36017	990.3139
962.89246	986.93262
963.42474	979.98755
963.95703	986.25018
964.48938	992.52545
965.02167	984.92236
965.55396	978.15143
966.08624	982.82404
966.61853	982.86304
967.15082	991.97473
967.68317	978.90332
968.21545	982.14606
968.74774	991.65173
969.28003	994.39972
969.81232	989.52277
970.34467	987.08282
970.87695	986.7572
971.40924	989.66083
971.94153	992.25708
972.47382	989.58612
973.00616	983.86871
973.53845	984.76038
974.07074	994.99463
974.60303	980.62268
975.13531	979.29016
975.6676	981.14447
976.19995	986.50385
976.73224	993.67517
977.26453	986.13684
977.79681	989.32629
978.3291	1006.1981
978.86145	1001.1677
979.39374	986.1582
979.92603	986.95813
980.45831	987.81116
980.9906	980.86761
981.52289	980.73181
982.05524	978.37811
982.58752	985.82794
983.11981	997.89044
983.6521	997.45923
984.18439	982.58075
984.71674	981.6416
985.24902	985.35394
985.78131	976.93872
986.3136	973.29572
986.84589	981.74554
987.37817	988.61829
987.91052	990.71423
988.44281	989.57513
988.9751	976.28351
989.50739	992.33771
990.03967	981.78088
990.57202	984.56659
991.10431	988.65094
991.6366	980.88232
992.16888	987.47943
992.70117	987.14893
993.23346	984.37885
993.76581	990.17413
994.2981	992.47961
994.83038	990.94714
995.36267	992.14526
995.89496	985.79193
996.42731	994.44836
996.95959	987.0838
997.49188	980.66754
998.02417	977.41516
998.55646	982.99976
999.08881	994.36902
999.62109	1004.5948
1000.1534	999.14142
1000.6857	990.10657
1001.218	985.9491
1001.7502	987.36542
1002.2826	986.96442
1002.8149	985.87518
1003.3472	989.14417
1003.8795	979.96704
1004.4117	980.21912
1004.9441	990.72894
1005.4764	990.26202
1006.0087	1007.2017
1006.541	993.52496
1007.0732	982.18134
1007.6055	977.62323
1008.1379	984.12396
1008.6702	992.55511
1009.2025	990.9527
1009.7347	993.01093
1010.267	995.68567
1010.7994	986.90955
1011.3317	991.56451
1011.864	994.33588
1012.3962	996.01263
1012.9285	1007.41
1013.4608	995.72821
1013.9932	991.68201
1014.5255	981.77893
1015.0577	993.77527
1015.59	992.73535
1016.1223	994.30621
1016.6547	1000.0902
1017.187	999.57483
1017.7192	1000.0554
1018.2515	1001.7186
1018.7838	990.82166
1019.3161	982.61578
1019.8484	993.66681
1020.3807	998.18842
1020.913	992.42078
1021.4453	1000.8389
1021.9776	990.6264
1022.5099	991.71564
1023.0422	988.48895
1023.5745	983.12878
1024.1068	989.94086
1024.6392	996.36298
1025.1714	1000.4276
1025.7037	996.16064
1026.236	985.93164
1026.7683	987.55615
1027.3007	993.33368
1027.8329	1003.5892
1028.3652	1008.9915
1028.8975	991.61493
1029.4298	986.46716
1029.9622	1001.8918
1030.4944	985.91864
1031.0267	993.69244
1031.559	997.60211
1032.0913	989.54114
1032.6237	990.41876
1033.1559	992.48956
1033.6882	994.41211
1034.2205	1002.3575
1034.7528	998.4549
1035.2852	983.61096
1035.8174	996.64227
1036.3497	1000.2963
1036.882	997.48608
1037.4143	1012.0057
1037.9465	990.69714
1038.4789	993.8761
1039.0112	996.33453
1039.5435	1002.1902
1040.0758	999.95612
1040.608	993.8645
1041.1404	994.18506
1041.6727	996.28418
1042.205	992.91156
1042.7373	986.5307
1043.2695	988.89001
1043.8019	1003.6835
1044.3342	995.45923
1044.8665	1001.8701
1045.3988	997.74097
1045.931	997.27216
1046.4634	994.12195
1046.9957	997.49493
1047.528	1002.0995
1048.0603	997.9469
1048.5925	1003.1435
1049.1249	1003.1976
1049.6571	1002.0626
1050.1895	1003.9797
1050.7218	1002.6848
1051.254	998.61414
1051.7864	996.04962
1052.3186	999.37433
1052.851	1004.9577
1053.3833	1010.717
1053.9155	992.32068
1054.4479	996.54333
1054.9801	996.75165
1055.5125	1005.0258
1056.0448	1025.8878
1056.577	1025.0631
1057.1094	1013.8956
1057.6416	1001.6899
1058.174	1008.9526
1058.7063	1007.3199
1059.2385	995.39148
1059.7709	1003.4178
1060.3031	1005.2538
1060.8354	1004.4233
1061.3678	1016.2513
1061.9	1016.2512
1062.4324	1016.1132
1062.9646	1010.9477
1063.4969	1015.2696
1064.0292	1009.4283
1064.5615	1005.512
1065.0939	1000.7791
1065.6261	999.91272
1066.1584	1008.0363
1066.6907	1005.1971
1067.223	1004.9234
1067.7554	1004.7563
1068.2876	998.16986
1068.8199	1009.6927
1069.3522	1016.001
1069.8845	1002.2509
1070.4169	1002.1927
1070.9491	1002.9001
1071.4814	1022.174
1072.0137	999.77582
1072.546	996.93561
1073.0784	1013.4991
1073.6106	1001.724
1074.1429	1003.7283
1074.6752	1008.3459
1075.2075	1012.4332
1075.7397	1017.5948
1076.2721	1015.4647
1076.8044	1005.7866
1077.3367	1006.154
1077.869	1018.6115
1078.4012	1018.36
1078.9336	1017.0328
1079.4659	1008.3024
1079.9982	1009.317
1080.5305	1021.082
1081.0627	1023.1052
1081.5951	1028.4613
1082.1274	1009.4115
1082.6597	1011.8839
1083.192	1009.4039
1083.7242	1015.171
1084.2566	1014.2864
1084.7889	1013.0906
1085.3212	1020.1
1085.8535	1018.0605
1086.3857	1011.5124
1086.9181	1017.0648
1087.4504	1014.8474
1087.9827	1026.5802
1088.515	1007.2056
1089.0472	1018.8033
1089.5796	1019.7451
1090.1118	1026.313
1090.6442	1012.6747
1091.1765	1018.1445
1091.7087	1017.0764
1092.2411	1020.8375
1092.7733	1019.8209
1093.3057	1013.1968
1093.838	1013.5065
1094.3702	1018.4259
1094.9026	1016.2462
1095.4348	1012.3865
1095.9672	1017.8646
1096.4995	1021.7249
1097.0317	1015.6512
1097.5641	1015.5256
1098.0963	1019.0336
1098.6287	1038.6765
1099.161	1015.9553
1099.6932	1028.9517
1100.2256	1044.8098
1100.7578	1016.0656
1101.2902	1036.9508
1101.8224	1024.3342
1102.3547	1019.6273
1102.8871	1024.1885
1103.4193	1024.2061
1103.9517	1029.3134
1104.4839	1037.0682
1105.0162	1039.3085
1105.5486	1040.2057
1106.0808	1035.672
1106.6132	1026.0562
1107.1454	1013.3701
1107.6777	1023.2821
1108.2101	1052.3373
1108.7423	1035.348
1109.2747	1033.838
1109.8069	1025.1713
1110.3392	1031.3701
1110.8716	1035.1135
1111.4038	1023.6197
1111.9362	1029.1003
1112.4684	1029.4238
1113.0007	1030.5356
1113.5331	1033.348
1114.0653	1031.0383
1114.5977	1033.1202
1115.1299	1038.8075
1115.6622	1040.4457
1116.1945	1035.7603
1116.7268	1038.1962
1117.2592	1040.606
1117.7914	1039.1836
1118.3237	1037.7666
1118.856	1050.3822
1119.3883	1060.0577
1119.9207	1046.3815
1120.4529	1069.5621
1120.9852	1054.5751
1121.5175	1051.4214
1122.0498	1051.1776
1122.5822	1064.1237
1123.1144	1063.8036
1123.6467	1050.6603
1124.179	1053.1512
1124.7113	1059.5732
1125.2437	1061.7513
1125.7759	1065.5615
1126.3082	1057.2343
1126.8405	1052.9547
1127.3728	1067.6292
1127.905	1076.798
1128.4374	1064.031
1128.9697	1065.1396
1129.502	1073.5543
1130.0343	1073.5112
1130.5665	1084.8022
1131.0989	1087.168
1131.6312	1073.7544
1132.1635	1071.2432
1132.6958	1065.8712
1133.228	1065.1095
1133.7604	1070.7074
1134.2927	1077.7935
1134.825	1085.9972
1135.3573	1079.6167
1135.8895	1068.4731
1136.4219	1066.5939
1136.9542	1077.1992
1137.4865	1064.8024
1138.0188	1081.6237
1138.551	1051.3351
1139.0834	1068.7817
1139.6157	1080.4838
1140.1479	1075.8313
1140.6803	1069.1757
1141.2125	1068.118
1141.7449	1072.0596
1142.2771	1069.8809
1142.8094	1068.0425
1143.3418	1071.2277
1143.874	1074.7323
1144.4064	1069.5513
1144.9386	1062.333
1145.4709	1059.9924
1146.0033	1053.307
1146.5355	1057.0673
1147.0679	1072.2457
1147.6001	1074.6812
1148.1324	1090.1575
1148.6648	1098.3284
1149.197	1077.8673
1149.7294	1085.7535
1150.2616	1069.7148
1150.7939	1071.1263
1151.3263	1067.3616
1151.8585	1087.5028
1152.3909	1084.6432
1152.9231	1065.0034
1153.4554	1057.3435
1153.9877	1068.9906
1154.52	1079.7472
1155.0524	1074.9055
1155.5846	1074.9413
1156.1169	1075.9261
1156.6492	1059.9872
1157.1815	1068.691
1157.7139	1074.7264
1158.2461	1068.4744
1158.7784	1070.5083
1159.3107	1067.6019
1159.843	1050.2958
1160.3754	1055.9049
1160.9076	1053.4935
1161.4399	1054.4749
1161.9722	1049.4923
1162.5045	1058.0542
1163.0369	1062.7057
1163.5691	1074.4047
1164.1014	1075.3524
1164.6337	1065.7211
1165.166	1052.5999
1165.6984	1045.1783
1166.2306	1048.8221
1166.7629	1045.226
1167.2952	1038.8884
1167.8275	1052.8274
1168.3597	1055.782
1168.8921	1047.4325
1169.4244	1056.8645
1169.9567	1046.426
1170.489	1037.9982
1171.0212	1050.6827
1171.5536	1050.5299
1172.0859	1048.4958
1172.6182	1041.2749
1173.1505	1055.866
1173.6827	1052.7157
1174.2151	1053.397
1174.7474	1056.5638
1175.2797	1056.7385
1175.812	1054.6603
1176.3442	1054.2368
1176.8766	1061.4724
1177.4089	1059.0306
1177.9412	1053.9906
1178.4735	1057.3986
1179.0057	1052.5936
1179.5381	1059.8477
1180.0703	1058.9691
1180.6027	1053.4352
1181.135	1063.4799
1181.6672	1055.4196
1182.1996	1055.9283
1182.7318	1062.3086
1183.2642	1055.6722
1183.7965	1054.3389
1184.3287	1061.3503
1184.8611	1058.6384
1185.3933	1061.958
1185.9257	1067.7776
1186.458	1059.5181
1186.9902	1061.0697
1187.5226	1056.4296
1188.0548	1060.1545
1188.5872	1063.285
1189.1195	1064.7061
1189.6517	1069.0664
1190.1841	1065.921
1190.7163	1074.741
1191.2487	1070.6572
1191.781	1069.0371
1192.3132	1068.1299
1192.8456	1066.3646
1193.3778	1067.9272
1193.9102	1075.2806
1194.4424	1080.5116
1194.9747	1078.2913
1195.5071	1079.057
1196.0393	1075.9683
1196.5717	1087.9329
1197.1039	1082.1641
1197.6362	1072.4044
1198.1686	1072.9009
1198.7008	1075.0798
1199.2332	1079.1893
1199.7654	1080.3516
1200.2977	1074.2546
1200.8301	1073.3099
1201.3623	1070.0933
1201.8947	1081.0459
1202.4269	1080.827
1202.9592	1081.8329
1203.4916	1083.837
1204.0238	1092.6919
1204.5562	1095.502
1205.0884	1081.1903
1205.6207	1073.7054
1206.153	1085.0464
1206.6853	1093.7477
1207.2177	1087.3467
1207.7499	1088.161
1208.2822	1077.8267
1208.8145	1095.166
1209.3468	1098.0992
1209.8792	1086.1101
1210.4114	1087.2592
1210.9437	1082.7599
1211.476	1097.7214
1212.0083	1099.6842
1212.5406	1105.9645
1213.0729	1085.7397
1213.6052	1076.2831
1214.1375	1086.6589
1214.6698	1089.3505
1215.2021	1087.9354
1215.7344	1094.0815
1216.2667	1101.6827
1216.799	1102.5713
1217.3313	1089.6965
1217.8636	1089.2908
1218.3959	1094.187
1218.9282	1087.4938
1219.4604	1092.7117
1219.9928	1097.4441
1220.525	1088.9115
1221.0574	1085.9446
1221.5897	1094.6088
1222.1219	1090.0712
1222.6543	1111.7767
1223.1865	1103.7554
1223.7189	1094.1741
1224.2512	1102.4297
1224.7834	1107.2738
1225.3158	1100.1632
1225.848	1100.8453
1226.3804	1111.0183
1226.9127	1108.8774
1227.4449	1100.4003
1227.9773	1097.4547
1228.5095	1095.5339
1229.0419	1106.3878
1229.5742	1118.2537
1230.1064	1114.3467
1230.6388	1107.7087
1231.171	1099.1774
1231.7034	1118.0269
1232.2356	1132.2778
1232.7679	1126.6776
1233.3003	1124.9321
1233.8325	1115.3577
1234.3649	1113.6378
1234.8971	1122.5221
1235.4294	1122.0549
1235.9618	1119.3083
1236.494	1128.7765
1237.0264	1143.7234
1237.5586	1141.9072
1238.0909	1126.9326
1238.6233	1137.0189
1239.1555	1142.2211
1239.6879	1138.1979
1240.2201	1150.2224
1240.7524	1139.3414
1241.2848	1124.3538
1241.817	1136.7395
1242.3494	1142.6106
1242.8816	1136.392
1243.4139	1127.9857
1243.9463	1145.0924
1244.4785	1152.9896
1245.0109	1141.8176
1245.5431	1143.3385
1246.0754	1135.239
1246.6077	1133.0769
1247.14	1145.4185
1247.6724	1154.8666
1248.2046	1151.5157
1248.7369	1137.2389
1249.2692	1135.0498
1249.8015	1150.6632
1250.3339	1149.5286
1250.8661	1165.5585
1251.3984	1152.6488
1251.9307	1163.9127
1252.463	1177.5596
1252.9954	1188.0399
1253.5276	1196.6254
1254.0599	1175.4727
1254.5922	1189.5536
1255.1245	1174.6082
1255.6569	1176.4421
1256.1891	1180.5437
1256.7214	1171.4479
1257.2537	1177.9319
1257.786	1173.4641
1258.3182	1187.524
1258.8506	1192.9561
1259.3829	1199.0292
1259.9152	1212.1118
1260.4475	1205.525
1260.9797	1208.4485
1261.5121	1204.715
1262.0444	1203.295
1262.5767	1219.4369
1263.109	1215.8746
1263.6412	1209.0536
1264.1736	1221.0653
1264.7059	1209.2963
1265.2382	1225.1211
1265.7705	1205.2897
1266.3027	1238.2681
1266.8351	1223.3545
1267.3674	1215.5034
1267.8997	1227.7483
1268.432	1224.0145
1268.9642	1233.0447
1269.4966	1228.8359
1270.0289	1235.2551
1270.5612	1241.9983
1271.0935	1248.9257
1271.6257	1256.0311
1272.1581	1247.5552
1272.6903	1223.1553
1273.2227	1212.7208
1273.755	1236.8792
1274.2872	1220.5841
1274.8196	1211.5143
1275.3518	1223.3903
1275.8842	1230.0608
1276.4165	1220.296
1276.9487	1225.7916
1277.4811	1238.2234
1278.0133	1215.1373
1278.5457	1190.3385
1279.078	1211.5736
1279.6102	1213.3146
1280.1426	1218.3235
1280.6748	1201.8262
1281.2072	1203.0198
1281.7395	1210.9406
1282.2717	1205.7174
1282.8041	1198.0031
1283.3363	1184.2062
1283.8687	1181.9138
1284.4009	1191.6932
1284.9332	1184.4366
1285.4656	1177.1674
1285.9978	1186.8573
1286.5302	1180.6174
1287.0624	1166.125
1287.5947	1160.1337
1288.1271	1154.899
1288.6593	1175.0271
1289.1917	1184.6829
1289.7239	1193.7568
1290.2562	1167.4166
1290.7886	1141.9249
1291.3208	1156.4019
1291.8531	1159.136
1292.3854	1148.4406
1292.9177	1142.3416
1293.4501	1156.4288
1293.9823	1154.5173
1294.5146	1147.4147
1295.0469	1140.5398
1295.5792	1146.7457
1296.1116	1149.4644
1296.6438	1141.374
1297.1761	1137.4896
1297.7084	1141.6381
1298.2407	1144.0974
1298.7729	1137.0939
1299.3053	1130.0256
1299.8376	1132.2693
1300.3699	1127.834
1300.9022	1133.5781
1301.4344	1129.1417
1301.9668	1125.3207
1302.4991	1154.9351
1303.0314	1135.9954
1303.5637	1150.1587
1304.0959	1135.7109
1304.6283	1150.1426
1305.1606	1146.7998
1305.6929	1145.4054
1306.2252	1158.7228
1306.7574	1150.4688
1307.2898	1158.3367
1307.8221	1153.8386
1308.3544	1136.9552
1308.8867	1128.6836
1309.4189	1133.6248
1309.9513	1138.2928
1310.4835	1145.8973
1311.0159	1152.9767
1311.5482	1149.0862
1312.0804	1145.927
1312.6128	1145.7893
1313.145	1138.9177
1313.6774	1138.2308
1314.2097	1142.7295
1314.7419	1148.0822
1315.2743	1143.3616
1315.8065	1136.5961
1316.3389	1162.226
1316.8712	1147.6888
1317.4034	1125.6202
1317.9358	1139.6005
1318.468	1142.0911
1319.0004	1131.6553
1319.5327	1149.6708
1320.0649	1144.5813
1320.5973	1140.775
1321.1295	1144.0581
1321.6619	1143.3525
1322.1942	1136.7507
1322.7264	1129.2198
1323.2588	1134.5364
1323.791	1136.2218
1324.3234	1133.6284
1324.8556	1133.9604
1325.3879	1113.8558
1325.9203	1112.3558
1326.4525	1133.941
1326.9849	1118.2568
1327.5171	1102.5375
1328.0494	1109.3146
1328.5818	1121.9387
1329.114	1124.9454
1329.6464	1109.911
1330.1786	1120.4253
1330.7109	1110.6675
1331.2433	1118.713
1331.7755	1100.8733
1332.3079	1104.3655
1332.8401	1111.5796
1333.3724	1100.6437
1333.9048	1112.1404
1334.437	1099.8073
1334.9694	1106.2627
1335.5016	1124.4728
1336.0339	1106.4757
1336.5662	1110.3951
1337.0985	1100.0214
1337.6309	1112.7217
1338.1631	1122.1002
1338.6954	1107.538
1339.2277	1100.743
1339.76	1103.1691
1340.2924	1101.0391
1340.8246	1089.6891
1341.3569	1089.9996
1341.8892	1104.1925
1342.4215	1109.9708
1342.9539	1109.2424
1343.4861	1098.1652
1344.0184	1102.6884
1344.5507	1118.4871
1345.083	1111.8809
1345.6154	1101.5499
1346.1476	1105.7083
1346.6799	1092.615
1347.2122	1097.2604
1347.7445	1106.0526
1348.2769	1132.5825
1348.8091	1106.9412
1349.3414	1120.4128
1349.8737	1125.2256
1350.406	1129.1335
1350.9382	1132.5743
1351.4706	1123.5826
1352.0029	1124.7413
1352.5352	1119.4794
1353.0675	1117.9293
1353.5997	1122.5931
1354.1321	1123.5625
1354.6644	1122.4248
1355.1967	1136.1908
1355.729	1125.0419
1356.2612	1113.0493
1356.7936	1115.2865
1357.3259	1117.9001
1357.8582	1128.0348
1358.3905	1135.4186
1358.9227	1129.1555
1359.4551	1120.8916
1359.9874	1126.5273
1360.5197	1136.5977
1361.052	1135.402
1361.5842	1138.4568
1362.1166	1147.3503
1362.6488	1136.0134
1363.1812	1134.4298
1363.7135	1137.9034
1364.2457	1121.566
1364.7781	1134.8358
1365.3103	1150.9673
1365.8427	1118.0111
1366.375	1119.4268
1366.9072	1133.8947
1367.4396	1137.6981
1367.9718	1137.5693
1368.5042	1142.5215
1369.0365	1141.8857
1369.5687	1122.4058
1370.1011	1123.3685
1370.6333	1126.5713
1371.1656	1135.9526
1371.698	1141.6357
1372.2302	1141.8533
1372.7626	1142.6899
1373.2948	1125.1265
1373.8271	1119.3618
1374.3595	1127.0079
1374.8917	1138.4658
1375.4241	1140.0769
1375.9563	1126.3982
1376.4886	1124.9706
1377.0209	1125.5372
1377.5532	1127.3126
1378.0856	1135.9442
1378.6178	1130.745
1379.1501	1132.1062
1379.6824	1131.7648
1380.2147	1126.7759
1380.7471	1137.2714
1381.2793	1140.2142
1381.8116	1121.0916
1382.3439	1118.2646
1382.8762	1117.755
1383.4086	1136.781
1383.9408	1132.3457
1384.4731	1118.2048
1385.0054	1106.4984
1385.5377	1132.7264
1386.0701	1121.4429
1386.6023	1125.5857
1387.1346	1128.9504
1387.6669	1124.5176
1388.1992	1118.2876
1388.7314	1121.8843
1389.2638	1121.204
1389.7961	1129.27
1390.3284	1134.9597
1390.8607	1125.0793
1391.3929	1120.6674
1391.9253	1113.5493
1392.4576	1125.3971
1392.9899	1126.3385
1393.5222	1121.6171
1394.0544	1115.4238
1394.5868	1106.311
1395.1191	1115.0411
1395.6514	1124.0988
1396.1837	1123.2039
1396.7159	1124.6951
1397.2483	1127.1232
1397.7806	1123.7302
1398.3129	1128.7084
1398.8452	1124.1471
1399.3774	1120.2183
1399.9098	1123.7314
1400.4421	1120.8436
1400.9744	1098.989
1401.5067	1119.5514
1402.0389	1129.9982
1402.5713	1108.9081
1403.1035	1120.323
1403.6359	1134.5001
1404.1682	1137.625
1404.7004	1122.4751
1405.2328	1123.7963
1405.765	1132.7996
1406.2974	1141.5883
1406.8297	1115.9928
1407.3619	1125.4642
1407.8943	1125.6477
1408.4265	1113.4188
1408.9589	1115.2115
1409.4912	1123.674
1410.0234	1124.3331
1410.5558	1115.4941
1411.088	1113.3777
1411.6204	1116.5323
1412.1527	1113.5668
1412.6849	1111.6323
1413.2173	1108.7836
1413.7495	1118.2084
1414.2819	1129.6732
1414.8141	1128.0137
1415.3464	1127.6547
1415.8788	1132.5244
1416.411	1131.027
1416.9434	1121.2988
1417.4756	1123.8981
1418.0079	1123.016
1418.5403	1108.3234
1419.0725	1127.1387
1419.6049	1129.1761
1420.1371	1106.5286
1420.6694	1105.0425
1421.2018	1121.2614
1421.734	1128.2374
1422.2664	1133.4408
1422.7986	1133.3135
1423.3309	1121.953
1423.8633	1118.7866
1424.3955	1132.007
1424.9279	1111.0347
1425.4601	1117.5314
1425.9924	1119.6144
1426.5248	1110.343
1427.057	1101.6429
1427.5894	1117.7852
1428.1216	1128.0697
1428.6539	1108.6053
1429.1862	1100.715
1429.7185	1129.6144
1430.2509	1121.4751
1430.7831	1108.3983
1431.3154	1122.5352
1431.8477	1120.238
1432.38	1121.2692
1432.9124	1107.4496
1433.4446	1122.2994
1433.9769	1115.3414
1434.5092	1111.9569
1435.0415	1109.738
1435.5739	1110.1038
1436.1061	1114.7476
1436.6384	1114.4366
1437.1707	1112.901
1437.703	1120.9326
1438.2354	1112.6534
1438.7676	1106.9153
1439.2999	1111.6353
1439.8322	1114.2683
1440.3645	1102.386
1440.8967	1107.7256
1441.4291	1124.7526
1441.9614	1123.0184
1442.4937	1123.7083
1443.026	1121.3456
1443.5582	1117.3617
1444.0906	1119.5581
1444.6229	1115.7177
1445.1552	1115.064
1445.6875	1120.8407
1446.2197	1111.3647
1446.7521	1094.9144
1447.2844	1110.8064
1447.8167	1110.6781
1448.349	1110.6544
1448.8812	1113.1434
1449.4136	1106.2469
1449.9459	1117.6725
1450.4781	1119.6293
1451.0105	1116.0568
1451.5427	1112.5615
1452.0751	1116.4374
1452.6074	1124.2521
1453.1396	1131.0563
1453.672	1129.5806
1454.2042	1127.8499
1454.7366	1117.2813
1455.2688	1132.074
1455.8011	1122.8462
1456.3335	1099.0995
1456.8657	1113.226
1457.3981	1129.8741
1457.9303	1123.8611
1458.4626	1112.4313
1458.995	1106.3174
1459.5272	1111.1941
1460.0596	1112.9607
1460.5918	1122.5815
1461.1241	1125.8251
1461.6565	1117.8291
1462.1887	1116.384
1462.7211	1135.1893
1463.2533	1131.0808
1463.7856	1104.7363
1464.318	1117.0299
1464.8502	1115.9014
1465.3826	1123.4335
1465.9148	1136.0236
1466.4471	1126.085
1466.9794	1122.3693
1467.5117	1114.7546
1468.0441	1113.9741
1468.5763	1119.6233
1469.1086	1106.932
1469.6409	1109.8295
1470.1732	1128.0485
1470.7056	1128.5942
1471.2378	1121.5494
1471.7701	1125.2112
1472.3024	1115.8877
1472.8347	1108.9692
1473.3671	1116.542
1473.8993	1113.2891
1474.4316	1117.8483
1474.9639	1114.8545
1475.4962	1114.8292
1476.0286	1125.4454
1476.5608	1114.2551
1477.0931	1109.4633
1477.6254	1113.4037
1478.1577	1113.2091
1478.6901	1117.0315
1479.2223	1114.3331
1479.7546	1121.5021
1480.2869	1114.7678
1480.8192	1123.3931
1481.3514	1124.7606
1481.8838	1123.385
1482.4161	1127.7932
1482.9484	1109.5338
1483.4807	1126.8827
1484.0129	1128.1918
1484.5453	1125.0162
1485.0776	1113.1731
1485.6099	1095.528
1486.1422	1118.1788
1486.6744	1105.6002
1487.2068	1123.1039
1487.7391	1104.1335
1488.2714	1119.2839
1488.8037	1130.3977
1489.3359	1118.7052
1489.8683	1124.1469
1490.4006	1110.1848
1490.9329	1128.4257
1491.4652	1119.6119
1491.9974	1149.1615
1492.5298	1119.165
1493.062	1119.4082
1493.5944	1133.0533
1494.1267	1137.2216
1494.6589	1130.6301
1495.1913	1116.8793
1495.7235	1127.9373
1496.2559	1136.5145
1496.7882	1129.225
1497.3204	1121.1022
1497.8528	1116.1599
1498.385	1141.6805
1498.9174	1132.5623
1499.4497	1126.2156
1499.9819	1135.4637
1500.5143	1127.308
1501.0465	1132.2394
1501.5789	1144.4194
1502.1112	1138.7372
1502.6434	1153.468
1503.1758	1132.5723
1503.708	1137.4333
1504.2404	1152.9482
1504.7727	1136.5244
1505.3049	1122.3798
1505.8373	1143.9347
1506.3695	1151.8915
1506.9019	1142.4417
1507.4341	1137.7697
1507.9664	1146.4536
1508.4988	1146.0269
1509.031	1147.918
1509.5634	1147.2271
1510.0956	1138.8602
1510.6279	1137.0022
1511.1603	1134.5917
1511.6925	1147.7975
1512.2249	1150.0336
1512.7571	1149.6046
1513.2894	1159.033
1513.8218	1159.9612
1514.354	1156.5651
1514.8864	1153.8187
1515.4186	1150.5869
1515.9509	1152.4323
1516.4833	1159.365
1517.0155	1160.4453
1517.5479	1169.4209
1518.0801	1170.0851
1518.6124	1165.9006
1519.1447	1173.413
1519.677	1171.2148
1520.2094	1169.3667
1520.7416	1156.8911
1521.2739	1153.5856
1521.8062	1155.4537
1522.3385	1149.8618
1522.8708	1162.4703
1523.4031	1170.5364
1523.9354	1172.5477
1524.4677	1171.1543
1525	1176.5179
1525.5323	1185.9863
1526.0646	1173.734
1526.5969	1165.6932
1527.1292	1156.5768
1527.6615	1148.0658
1528.1938	1170.4604
1528.7261	1179.6444
1529.2584	1186.0563
1529.7906	1176.2865
1530.323	1176.4536
1530.8553	1179.5425
1531.3876	1164.5206
1531.9199	1164.7542
1532.4521	1176.4977
1532.9845	1174.575
1533.5167	1196.0902
1534.0491	1196.3328
1534.5814	1172.1964
1535.1136	1176.4556
1535.646	1172.1868
1536.1782	1170.8658
1536.7106	1164.7439
1537.2429	1155.2982
1537.7751	1165.5179
1538.3075	1186.62
1538.8397	1175.6219
1539.3721	1179.9037
1539.9044	1181.425
1540.4366	1167.29
1540.969	1161.1118
1541.5012	1180.3726
1542.0336	1177.3668
1542.5659	1163.4114
1543.0981	1174.8566
1543.6305	1179.465
1544.1627	1176.2175
1544.6951	1180.0424
1545.2273	1170.0588
1545.7596	1155.6138
1546.292	1180.4493
1546.8242	1193.0067
1547.3566	1185.729
1547.8888	1167.704
1548.4211	1158.4454
1548.9535	1168.1509
1549.4857	1177.837
1550.0181	1175.6053
1550.5503	1180.9725
1551.0826	1170.5823
1551.615	1167.7898
1552.1472	1158.3992
1552.6796	1186.1072
1553.2118	1179.2053
1553.7441	1170.9469
1554.2765	1189.4041
1554.8087	1199.0845
1555.3411	1172.2059
1555.8733	1193.5176
1556.4056	1177.6143
1556.938	1158.5814
1557.4702	1171.2703
1558.0026	1191.8833
1558.5348	1187.5292
1559.0671	1190.8727
1559.5994	1169.4224
1560.1317	1157.9609
1560.6641	1178.7753
1561.1963	1171.7828
1561.7286	1173.3292
1562.2609	1175.9205
1562.7932	1179.1765
1563.3256	1159.2571
1563.8578	1171.5989
1564.3901	1180.6263
1564.9224	1178.4141
1565.4547	1161.92
1565.9871	1178.7545
1566.5193	1167.6998
1567.0516	1156.0734
1567.5839	1180.4576
1568.1162	1174.1011
1568.6486	1172.5439
1569.1808	1182.6516
1569.7131	1167.6552
1570.2454	1182.2865
1570.7777	1153.8922
1571.3099	1176.1288
1571.8423	1175.2732
1572.3746	1179.4469
1572.9069	1189.3744
1573.4392	1178.8555
1573.9714	1168.9786
1574.5038	1162.6827
1575.0361	1146.0779
1575.5684	1144.8594
1576.1007	1184.4733
1576.6329	1161.6371
1577.1653	1161.7585
1577.6976	1165.934
1578.2299	1175.205
1578.7622	1160.7811
1579.2944	1149.9677
1579.8268	1174.7578
1580.3591	1163.6373
1580.8914	1164.4349
1581.4237	1173.8644
1581.9559	1193.9061
1582.4883	1173.6348
1583.0206	1161.3627
1583.5529	1155.8344
1584.0852	1173.6643
1584.6174	1163.142
1585.1498	1153.046
1585.682	1162.6608
1586.2144	1154.0142
1586.7467	1163.017
1587.2789	1170.7267
1587.8113	1155.8274
1588.3435	1176.663
1588.8759	1144.873
1589.4082	1158.4547
1589.9404	1163.9974
1590.4728	1155.5475
1591.005	1161.2743
1591.5374	1144.7612
1592.0697	1166.0165
1592.6019	1141.0363
1593.1343	1176.3003
1593.6665	1146.6399
1594.1989	1132.9261
1594.7312	1164.9651
1595.2634	1159.1245
1595.7958	1164.14
1596.328	1154.6349
1596.8604	1149.667
1597.3926	1144.8558
1597.9249	1171.2882
1598.4573	1142.743
1598.9895	1136.5498
1599.5219	1139.5132
1600.0541	1133.8707
1600.5864	1151.2203
1601.1188	1151.9634
1601.651	1148.0333
1602.1833	1147.3571
1602.7156	1142.2736
1603.2479	1138.1697
1603.7803	1143.2609
1604.3125	1150.6738
1604.8448	1149.7103
1605.3771	1136.0923
1605.9094	1119.8289
1606.4418	1139.1503
1606.974	1127.2494
1607.5063	1126.8083
1608.0386	1129.4933
1608.5709	1127.7612
1609.1033	1138.728
1609.6355	1132.2937
1610.1678	1120.3235
1610.7001	1129.1635
1611.2324	1144.1243
1611.7646	1126.2642
1612.297	1143.9685
1612.8293	1141.0691
1613.3616	1137.6527
1613.8939	1124.51
1614.4261	1135.6029
1614.9585	1129.6947
1615.4908	1125.1311
1616.0231	1118.9175
1616.5554	1105.1622
1617.0876	1125.0054
1617.62	1120.5433
1618.1523	1119.6073
1618.6846	1119.0544
1619.2169	1125.8901
1619.7491	1120.1068
1620.2815	1128.151
1620.8138	1120.7511
1621.3461	1123.9491
1621.8784	1116.8019
1622.4106	1110.4968
1622.943	1115.9738
1623.4752	1104.7628
1624.0076	1103.7163
1624.5399	1112.3856
1625.0721	1115.2843
1625.6045	1112.3804
1626.1367	1124.1554
1626.6691	1123.2964
1627.2014	1105.1838
1627.7336	1109.9832
1628.266	1116.3313
1628.7982	1110.9368
1629.3306	1111.3411
1629.8629	1113.0895
1630.3951	1105.8159
1630.9275	1100.8568
1631.4597	1110.3385
1631.9921	1108.1187
1632.5244	1097.1552
1633.0566	1107.3243
1633.589	1104.7794
1634.1212	1101.2329
1634.6536	1113.7625
1635.1859	1115.3658
1635.7181	1103.5529
1636.2505	1095.5465
1636.7827	1109.1798
1637.3151	1108.8401
1637.8473	1090.8345
1638.3796	1088.6885
1638.912	1101.3092
1639.4442	1102.7509
1639.9766	1092.9799
1640.5088	1090.1458
1641.0411	1089.5758
1641.5735	1090.8391
1642.1057	1083.1896
1642.6381	1098.8534
1643.1703	1093.5697
1643.7026	1092.4464
1644.235	1104.426
1644.7672	1110.8719
1645.2996	1104.188
1645.8318	1104.683
1646.3641	1097.9573
1646.8965	1089.2488
1647.4287	1092.3667
1647.9611	1093.4493
1648.4933	1092.5443
1649.0256	1101.1989
1649.5579	1093.126
1650.0902	1086.6927
1650.6226	1110.9995
1651.1548	1100.949
1651.6871	1113.0322
1652.2194	1094.7156
1652.7517	1093.598
1653.2841	1077.1746
1653.8163	1104.0188
1654.3486	1094.8169
1654.8809	1089.1403
1655.4132	1102.0562
1655.9456	1084.1294
1656.4778	1076.5184
1657.0101	1090.1002
1657.5424	1076.3364
1658.0747	1077.4176
1658.6071	1089.8077
1659.1393	1090.7697
1659.6716	1097.6162
1660.2039	1088.1864
1660.7362	1088.1383
1661.2686	1084.4846
1661.8008	1075.2836
1662.3331	1091.4966
1662.8654	1087.9901
1663.3977	1099.3365
1663.9299	1086.728
1664.4623	1088.4806
1664.9946	1082.5928
1665.5269	1076.0383
1666.0592	1090.9816
1666.5914	1086.2321
1667.1238	1067.8408
1667.6561	1081.3372
1668.1884	1080.0486
1668.7207	1068.7991
1669.2529	1087.527
1669.7853	1091.9811
1670.3176	1090.3365
1670.8499	1081.118
1671.3822	1077.636
1671.9144	1079.8142
1672.4468	1077.396
1672.9791	1082.3551
1673.5114	1079.4016
1674.0437	1081.361
1674.5759	1083.7242
1675.1083	1084.8645
1675.6405	1074.5785
1676.1729	1071.7881
1676.7052	1075.8582
1677.2374	1079.0061
1677.7698	1073.254
1678.302	1075.3889
1678.8344	1080.0514
1679.3667	1071.0869
1679.8989	1065.9531
1680.4313	1072.9592
1680.9635	1075.2134
1681.4958	1072.0116
1682.0282	1072.0594
1682.5604	1074.7379
1683.0928	1075.1343
1683.625	1076.0697
1684.1573	1082.3094
1684.6897	1078.6364
1685.2219	1067.9719
1685.7543	1071.0721
1686.2865	1066.6857
1686.8188	1069.4121
1687.3512	1072.4912
1687.8834	1073.7252
1688.4158	1069.7603
1688.948	1069.5787
1689.4803	1078.9476
1690.0126	1075.542
1690.5449	1061.7799
1691.0773	1070.054
1691.6095	1074.0815
1692.1418	1068.8551
1692.6741	1071.9407
1693.2064	1070.2913
1693.7388	1061.1157
1694.271	1061.9883
1694.8033	1074.5997
1695.3356	1071.1351
1695.8679	1061.9462
1696.4003	1061.3894
1696.9325	1065.1588
1697.4648	1066.8281
1697.9971	1067.9652
1698.5294	1063.3345
1699.0618	1064.146
1699.594	1056.6307
1700.1263	1050.7175
1700.6586	1063.9315
1701.1909	1066.0511
1701.7231	1069.4476
1702.2555	1065.9038
1702.7878	1060.299
1703.3201	1062.9678
1703.8524	1066.8586
1704.3846	1055.2778
1704.917	1061.2927
1705.4493	1058.8192
1705.9816	1058.1003
1706.5139	1054.0221
1707.0461	1047.5364
1707.5785	1061.5349
1708.1108	1060.8103
1708.6431	1053.4377
1709.1754	1062.7809
1709.7076	1077.9807
1710.24	1063.3055
1710.7723	1056.3324
1711.3046	1059.2887
1711.8369	1051.3282
1712.3691	1059.1819
1712.9015	1048.2632
1713.4338	1055.0303
1713.9661	1053.4562
1714.4984	1049.0204
1715.0306	1070.8049
1715.563	1050.9113
1716.0952	1052.1213
1716.6276	1041.3958
1717.1599	1062.8372
1717.6921	1055.4963
1718.2245	1078.2845
1718.7567	1057.77
1719.2891	1053.0381
1719.8214	1040.5793
1720.3536	1045.4066
1720.886	1046.9432
1721.4182	1051.0916
1721.9506	1060.7792
1722.4829	1056.3702
1723.0151	1044.2383
1723.5475	1050.647
1724.0797	1048.0182
1724.6121	1055.5577
1725.1444	1054.1677
1725.6766	1068.333
1726.209	1048.772
1726.7412	1056.2129
1727.2736	1060.0033
1727.8058	1049.0074
1728.3381	1046.7228
1728.8705	1046.0139
1729.4027	1054.5336
1729.9351	1048.2617
1730.4673	1042.6459
1730.9996	1039.8184
1731.532	1049.5293
1732.0642	1046.0707
1732.5966	1042.8453
1733.1288	1058.2399
1733.6611	1063.0812
1734.1935	1057.9729
1734.7257	1056.075
1735.2581	1049.2506
1735.7903	1054.6984
1736.3226	1052.2729
1736.855	1049.7068
1737.3872	1051.8372
1737.9196	1049.983
1738.4518	1046.542
1738.9841	1059.7683
1739.5165	1057.241
1740.0487	1051.2916
1740.5811	1058.8616
1741.1133	1057.0875
1741.6456	1061.6378
1742.1779	1054.9015
1742.7102	1050.866
1743.2426	1054.0432
1743.7748	1054.5084
1744.3071	1063.6066
1744.8394	1052.6168
1745.3717	1044.4915
1745.9041	1052.9296
1746.4363	1060.0453
1746.9686	1047.943
1747.5009	1058.5085
1748.0332	1049.8876
1748.5656	1050.3656
1749.0978	1052.7904
1749.6301	1035.4673
1750.1624	1038.9667
1750.6947	1049.6473
1751.2271	1063.13
1751.7593	1051.2959
1752.2916	1060.1722
1752.8239	1063.9097
1753.3562	1049.0614
1753.8884	1045.1454
1754.4208	1056.6194
1754.9531	1053.2164
1755.4854	1063.6503
1756.0177	1041.3286
1756.5499	1055.1816
1757.0823	1050.7982
1757.6146	1053.3221
1758.1469	1047.1002
1758.6792	1061.3293
1759.2114	1047.4725
1759.7438	1053.1733
1760.2761	1026.7583
1760.8083	1046.3115
1761.3407	1045.7966
1761.8729	1055.2496
1762.4053	1039.1086
1762.9376	1039.6829
1763.4698	1057.0767
1764.0022	1045.5479
1764.5344	1043.075
1765.0668	1051.4385
1765.5991	1052.3308
1766.1313	1048.5734
1766.6637	1056.3387
1767.1959	1059.3508
1767.7283	1047.7312
1768.2605	1042.4666
1768.7928	1049.6729
1769.3252	1047.464
1769.8574	1046.7059
1770.3898	1051.574
1770.922	1059.1954
1771.4543	1050.855
1771.9867	1047.1929
1772.5189	1047.9784
1773.0513	1045.1925
1773.5835	1041.7389
1774.1158	1048.5963
1774.6482	1048.1139
1775.1804	1038.7091
1775.7128	1046.4319
1776.245	1048.9316
1776.7773	1045.1981
1777.3097	1057.3898
1777.8419	1065.972
1778.3743	1053.4167
1778.9065	1054.8784
1779.4388	1049.5387
1779.9711	1046.3792
1780.5034	1046.6508
1781.0358	1050.0812
1781.568	1050.3555
1782.1003	1062.562
1782.6326	1051.2134
1783.1649	1052.3405
1783.6973	1041.8978
1784.2295	1039.22
1784.7618	1047.2417
1785.2941	1042.0674
1785.8264	1047.7462
1786.3588	1049.5249
1786.891	1042.1643
1787.4233	1042.1277
1787.9556	1048.7905
1788.4879	1041.0234
1789.0203	1049.4359
1789.5525	1048.1285
1790.0848	1050.7537
1790.6171	1061.553
1791.1494	1048.246
1791.6818	1057.6575
1792.214	1045.702
1792.7463	1038.9397
1793.2786	1034.8335
1793.8109	1042.9897
1794.3431	1047.7456
1794.8755	1039.0273
1795.4078	1052.7909
1795.9401	1050.9197
1796.4724	1050.7002
1797.0046	1055.1351
1797.537	1050.4342
1798.0693	1039.875
1798.6016	1045.7288
1799.1339	1047.4398
1799.6661	1049.25
1800.1985	1057.5061
1800.7308	1061.3323
1801.2631	1048.6196
1801.7954	1047.7771
1802.3276	1061.7052
1802.86	1054.4321
1803.3923	1050.9104
1803.9246	1052.0016
1804.4569	1062.6787
1804.9891	1050.8253
1805.5215	1043.4105
1806.0537	1053.5242
1806.5861	1048.9713
1807.1184	1066.2168
1807.6506	1052.5193
1808.183	1065.7888
1808.7152	1060.9188
1809.2476	1048.0543
1809.7799	1053.0686
1810.3121	1067.1233
1810.8445	1056.9611
1811.3767	1036.1724
1811.9091	1058.4045
1812.4414	1047.2235
1812.9736	1062.793
1813.506	1062.2754
1814.0382	1056.8678
1814.5706	1058.73
1815.1029	1056.9501
1815.6351	1069.5214
1816.1675	1053.2177
1816.6997	1057.4126
1817.2321	1061.6652
1817.7644	1061.4424
1818.2966	1068.5676
1818.829	1055.1633
1819.3612	1045.772
1819.8936	1055.4398
1820.4258	1054.2146
1820.9581	1053.2817
1821.4905	1060.3254
1822.0227	1060.4893
1822.5551	1057.8932
1823.0873	1061.9884
1823.6196	1063.7933
1824.152	1062.7473
1824.6842	1067.5071
1825.2166	1053.3478
1825.7488	1052.429
1826.2811	1061.3881
1826.8135	1063.5609
1827.3457	1072.1044
1827.8781	1069.8445
1828.4103	1050.8368
1828.9426	1073.5955
1829.475	1052.9751
1830.0072	1066.6965
1830.5396	1060.6771
1831.0718	1065.4507
1831.6041	1047.7537
1832.1364	1056.114
1832.6687	1071.9075
1833.201	1056.7219
1833.7333	1064.5941
1834.2656	1057.8427
1834.7979	1061.6602
1835.3302	1054.2524
1835.8625	1069.3905
1836.3948	1073.2958
1836.9271	1066.6953
1837.4594	1070.9694
1837.9917	1063.4996
1838.524	1060.3866
1839.0563	1074.6025
1839.5886	1064.6686
1840.1208	1065.3687
1840.6532	1066.1265
1841.1855	1071.6132
1841.7178	1069.4602
1842.2501	1065.2698
1842.7823	1059.5162
1843.3147	1058.8365
1843.847	1067.6046
1844.3793	1074.8109
1844.9116	1085.7283
1845.4438	1075.1179
1845.9762	1063.1943
1846.5084	1060.8879
1847.0408	1070.4072
1847.5731	1050.1595
1848.1053	1078.6024
1848.6377	1047.5792
1849.1699	1051.749
1849.7023	1088.0303
1850.2346	1078.0356
1850.7668	1076.4762
1851.2992	1096.8689
1851.8314	1072.6538
1852.3638	1083.0284
1852.8961	1078.369
1853.4283	1073.8196
1853.9607	1079.3778
1854.4929	1085.436
1855.0253	1077.5363
1855.5576	1080.1063
1856.0898	1079.11
1856.6222	1081.5985
1857.1544	1086.2671
1857.6868	1083.3867
1858.219	1088.0365
1858.7513	1082.8876
1859.2837	1098.4288
1859.8159	1096.5879
1860.3483	1089.7224
1860.8805	1098.807
1861.4128	1096.7443
1861.9452	1080.0298
1862.4774	1082.5267
1863.0098	1087.0459
1863.542	1082.9374
1864.0743	1076.365
1864.6067	1081.0454
1865.1389	1071.1754
1865.6713	1082.3228
1866.2035	1089.4385
1866.7358	1078.0522
1867.2682	1079.5997
1867.8004	1099.6469
1868.3328	1106.7188
1868.865	1091.3442
1869.3973	1077.9852
1869.9297	1105.3345
1870.4619	1093.0604
1870.9943	1093.0894
1871.5265	1090.8586
1872.0588	1092.6742
1872.5911	1089.4507
1873.1234	1089.6304
1873.6558	1102.2296
1874.188	1102.7476
1874.7203	1092.5443
1875.2526	1099.467
1875.7849	1116.5531
1876.3173	1127.0245
1876.8495	1108.3971
1877.3818	1106.8816
1877.9141	1115.6106
1878.4464	1112.2285
1878.9788	1083.9611
1879.511	1115.9871
1880.0433	1112.4268
1880.5756	1117.934
1881.1079	1126.6073
1881.6403	1134.2679
1882.1725	1117.2721
1882.7048	1114.8789
1883.2371	1109.9152
1883.7694	1116.6967
1884.3016	1127.9321
1884.834	1122.407
1885.3663	1136.4463
1885.8986	1124.7209
1886.4309	1131.3284
1886.9631	1144.1483
1887.4955	1136.7836
1888.0278	1133.0868
1888.5601	1132.8922
1889.0924	1141.6698
1889.6246	1144.7936
1890.157	1149.76
1890.6893	1159.0964
1891.2216	1162.7288
1891.7539	1152.0925
1892.2861	1150.5298
1892.8185	1153.6489
1893.3508	1160.2826
1893.8831	1187.8569
1894.4154	1186.9741
1894.9476	1171.9539
1895.48	1169.7295
1896.0123	1183.1066
1896.5446	1186.7383
1897.0769	1190.2952
1897.6091	1210.2957
1898.1415	1200.5519
1898.6737	1213.1926
1899.2061	1230.3376
1899.7384	1225.7518
1900.2706	1238.6199
1900.803	1235.4579
1901.3352	1244.4297
1901.8676	1248.5176
1902.3999	1237.8314
1902.9321	1262.8455
1903.4645	1289.3505
1903.9967	1275.0557
1904.5291	1264.0153
1905.0614	1286.6919
1905.5936	1294.9558
1906.126	1306.6627
1906.6582	1331.1196
1907.1906	1319.6885
1907.7229	1337.5297
1908.2551	1342.8518
1908.7875	1369.3804
1909.3197	1353.6664
1909.8521	1360.0669
1910.3843	1376.8083
1910.9166	1395.0144
1911.449	1402.3276
1911.9812	1413.3877
1912.5135	1412.6085
1913.0458	1445.8881
1913.5781	1466.1072
1914.1105	1462.1315
1914.6427	1458.9091
1915.175	1519.5464
1915.7073	1567.88
1916.2396	1567.4381
1916.772	1570.4065
1917.3042	1568.1829
1917.8365	1572.1755
1918.3688	1586.5809
1918.9011	1585.4524
1919.4335	1596.1797
1919.9657	1633.2223
1920.498	1632.9331
1921.0303	1634.3193
1921.5626	1634.8539
1922.095	1675.0984
1922.6272	1701.5476
1923.1595	1644.9408
1923.6918	1684.3153
1924.2241	1714.2805
1924.7563	1707.0968
1925.2887	1716.9717
1925.821	1738.3387
1926.3533	1733.6505
1926.8856	1719.7401
1927.4178	1705.4493
1927.9502	1738.702
1928.4825	1750.9445
1929.0148	1743.7887
1929.5471	1750.1143
1930.0793	1746.2959
1930.6117	1738.9323
1931.144	1741.9104
1931.6763	1738.7943
1932.2086	1751.9766
1932.7408	1749.4908
1933.2732	1730.3759
1933.8055	1742.7295
1934.3378	1746.5585
1934.8701	1772.0665
1935.4023	1779.1401
1935.9347	1776.3528
1936.4669	1764.5562
1936.9993	1761.0862
1937.5316	1748.723
1938.0638	1756.541
1938.5962	1757.2194
1939.1284	1750.1077
1939.6608	1715.5131
1940.1931	1712.434
1940.7253	1719.7302
1941.2577	1731.4419
1941.7899	1774.9249
1942.3223	1763.0563
1942.8546	1736.3978
1943.3868	1704.4104
1943.9192	1721.9194
1944.4514	1708.0652
1944.9838	1716.7439
1945.5161	1685.5751
1946.0483	1707.1332
1946.5807	1699.4485
1947.1129	1683.2894
1947.6453	1712.1024
1948.1776	1675.4066
1948.7098	1658.8995
1949.2422	1669.0576
1949.7744	1654.2748
1950.3068	1663.9728
1950.839	1672.495
1951.3713	1660.1967
1951.9037	1640.925
1952.4359	1622.9557
1952.9683	1622.1752
1953.5005	1620.0334
1954.0328	1613.5262
1954.5652	1617.751
1955.0974	1595.8716
1955.6298	1597.7092
1956.162	1575.3551
1956.6943	1623.9838
1957.2267	1589.104
1957.7589	1581.069
1958.2913	1614.0682
1958.8235	1610.0969
1959.3558	1616.224
1959.8882	1616.6508
1960.4204	1566.0306
1960.9528	1591.1626
1961.485	1593.5768
1962.0173	1609.4136
1962.5496	1626.017
1963.0819	1632.6534
1963.6143	1627.407
1964.1465	1623.6183
1964.6788	1592.8469
1965.2111	1598.5668
1965.7434	1622.7906
1966.2758	1641.4923
1966.808	1621.2164
1967.3403	1598.6285
1967.8726	1618.4955
1968.4049	1609.9707
1968.9373	1570.7977
1969.4695	1622.8281
1970.0018	1629.8022
1970.5341	1620.8317
1971.0664	1606.3383
1971.5988	1608.3435
1972.131	1596.4075
1972.6633	1606.6664
1973.1956	1607.53
1973.7279	1605.3132
1974.2603	1612.1265
1974.7925	1599.5123
1975.3248	1582.6761
1975.8571	1594.8765
1976.3894	1583.4037
1976.9216	1585.8387
1977.454	1592.0225
1977.9863	1592.5415
1978.5186	1604.2953
1979.0509	1575.5687
1979.5831	1601.9984
1980.1155	1589.4564
1980.6478	1580.3065
1981.1801	1590.1539
1981.7124	1592.3827
1982.2446	1597.5271
1982.777	1588.0565
1983.3093	1603.0165
1983.8416	1612.6793
1984.3739	1616.317
1984.9061	1625.8069
1985.4385	1628.0913
1985.9708	1625.5048
1986.5031	1647.9869
1987.0354	1631.3496
1987.5676	1626.3531
1988.1	1630.7977
1988.6322	1622.9806
1989.1646	1673.0641
1989.6969	1645.74
1990.2291	1648.4403
1990.7615	1634.5298
1991.2937	1646.3041
1991.826	1658.2496
1992.3584	1630.3085
1992.8906	1657.736
1993.423	1647.3208
1993.9552	1655.115
1994.4875	1645.3535
1995.0199	1648.5433
1995.5521	1652.1427
1996.0845	1640.4347
1996.6167	1634.3265
1997.149	1646.5994
1997.6814	1647.0073
1998.2136	1634.2159
1998.746	1628.3667
1999.2782	1600.495
1999.8105	1607.5206
2000.3429	1633.3304
2000.8751	1606.8918
2001.4075	1587.9966
2001.9397	1586.4479
2002.472	1603.3573
2003.0043	1596.9124
2003.5366	1576.7209
2004.069	1566.2489
2004.6012	1576.444
2005.1335	1550.3068
2005.6658	1539.1869
2006.1981	1531.3789
2006.7305	1516.4183
2007.2627	1509.4432
2007.795	1499.1411
2008.3273	1492.0879
2008.8596	1498.4633
2009.392	1459.0094
2009.9242	1455.8724
2010.4565	1465.161
2010.9888	1476.6407
2011.5211	1465.6643
2012.0535	1433.7223
2012.5857	1437.5581
2013.118	1447.8896
2013.6503	1434.8822
2014.1826	1424.7314
2014.7148	1422.7006
2015.2472	1423.386
2015.7795	1440.8372
2016.3118	1428.5662
2016.8441	1410.9965
2017.3763	1437.241
2017.9087	1433.3167
2018.441	1406.7551
2018.9733	1429.6357
2019.5056	1449.7188
2020.0378	1454.6168
2020.5702	1467.6744
2021.1025	1427.6841
2021.6348	1423.2445
2022.1671	1460.0222
2022.6993	1474.9097
2023.2317	1475.0197
2023.764	1481.8013
2024.2963	1479.6467
2024.8286	1495.1766
2025.3608	1517.3623
2025.8932	1499.5271
2026.4255	1518.3199
2026.9578	1522.5287
2027.4901	1526.5542
2028.0223	1504.1724
2028.5547	1554.8051
2029.0869	1565.787
2029.6193	1567.2795
2030.1516	1564.853
2030.6838	1585.5505
2031.2162	1567.026
2031.7484	1570.421
2032.2808	1571.0485
2032.8131	1573.3862
2033.3453	1581.5892
2033.8777	1582.9735
2034.4099	1576.9164
2034.9423	1597.3148
2035.4746	1593.1545
2036.0068	1558.9181
2036.5392	1594.1089
2037.0714	1599.3485
2037.6038	1608.1224
2038.1361	1582.0779
2038.6683	1584.3624
2039.2007	1584.9333
2039.7329	1573.4532
2040.2653	1574.7419
2040.7975	1583.4551
2041.3298	1552.5378
2041.8622	1553.8853
2042.3944	1559.9438
2042.9268	1547.8536
2043.459	1522.2738
2043.9913	1537.1727
2044.5237	1518.2236
2045.0559	1495.693
2045.5883	1513.0048
2046.1205	1493.0289
2046.6528	1481.1298
2047.1852	1455.9503
2047.7174	1472.3423
2048.2498	1463.0623
2048.782	1455.7257
2049.3142	1454.1143
2049.8467	1450.2324
2050.3789	1447.9164
2050.9111	1461.5632
2051.4436	1453.0024
2051.9758	1449.3046
2052.5081	1435.3187
2053.0405	1433.6013
2053.5728	1438.217
2054.105	1393.3633
2054.6372	1413.8759
2055.1697	1420.1101
2055.7019	1395.6069
2056.2341	1399.714
2056.7666	1383.6737
2057.2988	1387.9348
2057.8311	1404.1896
2058.3635	1400.6993
2058.8958	1380.0754
2059.428	1359.0873
2059.9602	1375.676
2060.4927	1390.3143
2061.0249	1375.8167
2061.5571	1350.6211
2062.0896	1356.7247
2062.6218	1345.7284
2063.1541	1357.8427
2063.6863	1336.0702
2064.2188	1343.6211
2064.751	1351.9458
2065.2832	1331.5323
2065.8157	1340.1976
2066.3479	1332.4941
2066.8801	1320.1981
2067.4126	1317.5671
2067.9448	1332.5587
2068.4771	1334.7047
2069.0093	1335.1598
2069.5417	1350.1215
2070.074	1342.6265
2070.6062	1342.4207
2071.1387	1316.5608
2071.6709	1320.1394
2072.2031	1321.2731
2072.7356	1318.3914
2073.2678	1316.6764
2073.8	1318.8708
2074.3323	1329.7595
2074.8647	1322.3895
2075.397	1323.8944
2075.9292	1314.4293
2076.4617	1319.3469
2076.9939	1303.9854
2077.5261	1325.7578
2078.0583	1316.9629
2078.5908	1298.9059
2079.123	1301.0715
2079.6553	1325.1207
2080.1877	1333.766
2080.72	1316.3407
2081.2522	1304.5393
2081.7847	1304.6902
2082.3169	1320.5574
2082.8491	1309.2509
2083.3813	1299.632
2083.9138	1297.7108
2084.446	1294.8745
2084.9783	1297.5522
2085.5107	1280.5677
2086.043	1304.2411
2086.5752	1341.645
2087.1074	1309.3835
2087.6399	1296.4785
2088.1721	1305.2639
2088.7043	1294.254
2089.2368	1301.7417
2089.769	1299.1051
2090.3013	1295.6885
2090.8337	1296.286
2091.366	1308.84
2091.8982	1314.8835
2092.4304	1284.5657
2092.9629	1295.7183
2093.4951	1325.922
2094.0273	1282.8156
2094.5598	1287.4213
2095.092	1314.5426
2095.6243	1289.3907
2096.1567	1289.1814
2096.689	1294.6011
2097.2212	1304.2039
2097.7534	1296.9761
2098.2859	1282.5095
2098.8181	1297.6498
2099.3503	1296.1921
2099.8828	1297.7905
2100.415	1286.8723
2100.9473	1286.6154
2101.4795	1285.6516
2102.012	1297.6833
2102.5442	1305.5363
2103.0764	1302.3719
2103.6089	1319.0073
2104.1411	1329.6732
2104.6733	1323.9495
2105.2058	1321.7614
2105.738	1309.2913
2106.2703	1304.3497
2106.8025	1305.6654
2107.335	1307.6737
2107.8672	1283.1821
2108.3994	1286.1602
2108.9319	1303.5448
2109.4641	1304.2816
2109.9963	1293.7466
2110.5288	1276.9291
2111.061	1302.9114
2111.5933	1299.007
2112.1255	1290.1689
2112.658	1308.384
2113.1902	1306.2015
2113.7224	1303.9683
2114.2549	1296.3392
2114.7871	1286.1495
2115.3193	1302.6656
2115.8516	1282.2014
2116.384	1300.6548
2116.9163	1303.4736
2117.4485	1306.7296
2117.981	1313.4476
2118.5132	1306.4547
2119.0454	1283.6454
2119.5779	1289.4359
2120.1101	1292.8721
2120.6423	1288.3337
2121.1746	1291.2651
2121.707	1295.8445
2122.2393	1295.5571
2122.7715	1311.1176
2123.304	1292.3394
2123.8362	1315.6244
2124.3684	1300.6744
2124.9009	1318.8103
2125.4331	1333.1898
2125.9653	1330.0591
2126.4976	1321.236
2127.03	1331.0753
2127.5623	1321.9888
2128.0945	1309.1714
2128.627	1345.9951
2129.1592	1358.3817
2129.6914	1349.1614
2130.2236	1357.3151
2130.7561	1373.5341
2131.2883	1329.2107
2131.8206	1349.9532
2132.353	1347.7192
2132.8853	1354.6604
2133.4175	1361.8685
2133.95	1364.8167
2134.4822	1364.3263
2135.0144	1355.0806
2135.5466	1365.6669
2136.0791	1373.532
2136.6113	1367.6669
2137.1436	1352.3119
2137.676	1374.0588
2138.2083	1380.3223
2138.7405	1387.932
2139.2727	1372.8901
2139.8052	1379.1653
2140.3374	1369.4231
2140.8696	1395.8281
2141.4021	1392.9363
2141.9343	1387.3073
2142.4666	1379.2153
2142.999	1380.6832
2143.5313	1379.1549
2144.0635	1390.2997
2144.5957	1390.9541
2145.1282	1380.1069
2145.6604	1374.0624
2146.1926	1384.3156
2146.7251	1366.0139
2147.2573	1381.6719
2147.7896	1382.0836
2148.322	1374.7555
2148.8542	1374.9393
2149.3865	1368.6166
2149.9187	1365.0212
2150.4512	1377.7703
2150.9834	1387.7144
2151.5156	1375.8132
2152.0481	1379.3419
2152.5803	1369.5322
2153.1125	1376.5702
2153.6448	1364.0088
2154.1772	1369.7723
2154.7095	1361.5443
2155.2417	1351.4069
2155.7742	1351.3007
2156.3064	1362.3502
2156.8386	1366.9639
2157.3711	1350.3635
2157.9033	1358.2009
2158.4355	1364.499
2158.9678	1364.3208
2159.5002	1350.6051
2160.0325	1360.6263
2160.5647	1357.4961
2161.0972	1349.5486
2161.6294	1358.639
2162.1616	1353.4518
2162.6941	1349.6025
2163.2263	1346.7197
2163.7585	1353.5643
2164.2908	1341.2429
2164.8232	1350.8242
2165.3555	1352.4935
2165.8877	1352.1829
2166.4202	1338.4788
2166.9524	1349.5995
2167.4846	1339.6002
2168.0168	1355.0988
2168.5493	1322.1527
2169.0815	1351.958
2169.6138	1352.4614
2170.1462	1363.5062
2170.6785	1352.0139
2171.2107	1373.5117
2171.7432	1364.7159
2172.2754	1344.9866
2172.8076	1334.2372
2173.3398	1354.2921
2173.8723	1357.5106
2174.4045	1370.6575
2174.9368	1341.4174
2175.4692	1349.4797
2176.0015	1346.5557
2176.5337	1350.1104
2177.0662	1346.1066
2177.5984	1326.0164
2178.1306	1323.9402
2178.6628	1340.3707
2179.1953	1335.7913
2179.7275	1344.1888
2180.2598	1332.4709
2180.7922	1327.3401
2181.3245	1316.4706
2181.8567	1300.8534
2182.3889	1319.9266
2182.9214	1317.2445
2183.4536	1304.6934
2183.9858	1305.8604
2184.5183	1306.141
2185.0505	1305.4955
2185.5828	1296.6135
2186.1152	1308.1854
2186.6475	1301.7712
2187.1797	1294.0284
2187.7119	1298.9125
2188.2444	1298.6357
2188.7766	1271.0658
2189.3088	1278.6007
2189.8413	1292.8013
2190.3735	1299.8177
2190.9058	1259.7893
2191.438	1301.7273
2191.9705	1270.5112
2192.5027	1271.1093
2193.0349	1257.0634
2193.5674	1272.3895
2194.0996	1253.1331
2194.6318	1253.3473
2195.1643	1273.2195
2195.6965	1266.9778
2196.2288	1253.1171
2196.761	1265.8208
2197.2935	1274.9921
2197.8257	1267.8993
2198.3579	1257.3633
2198.8904	1262.9241
2199.4226	1268.7428
2199.9548	1256.9509
2200.4873	1265.2194
2201.0195	1267.2257
2201.5518	1263.869
2202.084	1261.099
2202.6165	1265.1359
2203.1487	1273.5583
2203.6809	1262.3453
2204.2134	1259.5219
2204.7456	1254.309
2205.2778	1273.2877
2205.8101	1250.804
2206.3425	1266.824
2206.8748	1272.066
2207.407	1265.2075
2207.9395	1262.8297
2208.4717	1265.4135
2209.0039	1264.0387
2209.5364	1262.8696
2210.0686	1250.6692
2210.6008	1242.9924
2211.1331	1262.714
2211.6655	1265.0026
2212.1978	1248.2332
2212.73	1258.4725
2213.2625	1275.4268
2213.7947	1260.4647
2214.3269	1254.083
2214.8594	1260.257
2215.3916	1270.1755
2215.9238	1264.792
2216.4561	1267.3185
2216.9885	1270.4063
2217.5208	1244.3254
2218.053	1247.3333
2218.5854	1288.6058
2219.1177	1255.85
2219.6499	1237.8588
2220.1821	1259.2705
2220.7146	1285.4724
2221.2468	1268.3475
2221.7791	1254.676
2222.3115	1264.8123
2222.8438	1277.5381
2223.376	1264.9769
2223.9084	1251.0629
2224.4407	1281.2542
2224.9729	1287.7582
2225.5051	1281.2946
2226.0376	1272.7124
2226.5698	1251.1749
2227.1021	1270.1392
2227.6345	1282.5591
2228.1667	1260.8325
2228.699	1264.3185
2229.2314	1277.5824
2229.7637	1271.4733
2230.2959	1271.345
2230.8281	1290.03
2231.3606	1273.8246
2231.8928	1273.1359
2232.425	1250.8572
2232.9575	1268.1299
2233.4897	1285.9933
2234.022	1280.2759
2234.5542	1304.2186
2235.0867	1299.5154
2235.6189	1268.1823
2236.1511	1263.4263
2236.6836	1276.1252
2237.2158	1274.9729
2237.748	1282.495
2238.2805	1272.7864
2238.8127	1279.1586
2239.345	1280.6119
2239.8772	1277.2572
2240.4097	1283.4875
2240.9419	1296.4741
2241.4741	1297.4609
2242.0066	1299.6754
2242.5388	1286.2209
2243.071	1275.4889
2243.6033	1279.8368
2244.1357	1274.5975
2244.668	1267.0122
2245.2002	1319.2689
2245.7327	1274.8099
2246.2649	1269.3008
2246.7971	1289.812
2247.3296	1282.5565
2247.8618	1293.8877
2248.394	1295.2048
2248.9263	1295.8618
2249.4587	1276.7957
2249.991	1299.4894
2250.5232	1300.1633
2251.0557	1293.2998
2251.5879	1290.0742
2252.1201	1273.1761
2252.6526	1297.3347
2253.1848	1284.6259
2253.717	1294.7444
2254.2493	1306.5089
2254.7817	1277.4595
2255.314	1285.7183
2255.8462	1304.3821
2256.3787	1297.347
2256.9109	1291.1575
2257.4431	1275.6123
2257.9753	1303.2723
2258.5078	1298.0099
2259.04	1281.7926
2259.5723	1301.7163
2260.1047	1285.5347
2260.637	1301.2045
2261.1692	1305.3572
2261.7017	1316.4969
2262.2339	1315.5485
2262.7661	1292.0056
2263.2983	1307.333
2263.8308	1324.4746
2264.363	1316.803
2264.8953	1306.4194
2265.4277	1322.6821
2265.96	1320.0065
2266.4922	1330.8958
2267.0247	1331.9844
2267.5569	1311.0657
2268.0891	1313.8087
2268.6213	1312.4834
2269.1538	1317.3672
2269.686	1324.7523
2270.2183	1321.036
2270.7507	1335.4841
2271.283	1308.5867
2271.8152	1309.6549
2272.3474	1326.9858
2272.8799	1333.0966
2273.4121	1336.6376
2273.9443	1338.1737
2274.4768	1327.8668
2275.009	1319.6578
2275.5413	1329.8389
2276.0737	1330.108
2276.606	1322.9899
2277.1382	1346.161
2277.6704	1346.8251
2278.2029	1345.3469
2278.7351	1345.1465
2279.2673	1349.5117
2279.7998	1338.8156
2280.332	1338.465
2280.8643	1339.4564
2281.3967	1333.3262
2281.929	1352.7561
2282.4612	1336.8833
2282.9934	1351.6426
2283.5259	1349.1415
2284.0581	1351.847
2284.5903	1357.9164
2285.1228	1362.241
2285.655	1349.962
2286.1873	1357.908
2286.7195	1364.8683
2287.252	1371.6896
2287.7842	1347.1912
2288.3164	1360.5861
2288.8489	1331.1471
2289.3811	1348.1793
2289.9133	1364.1617
2290.4458	1356.5157
2290.978	1350.7196
2291.5103	1354.9663
2292.0425	1373.0049
2292.575	1370.0591
2293.1072	1356.7024
2293.6394	1386.6934
2294.1719	1378.2153
2294.7041	1374.1469
2295.2363	1366.6686
2295.7686	1365.2852
2296.301	1363.8912
2296.8333	1368.5559
2297.3655	1364.6381
2297.8979	1385.0022
2298.4302	1380.916
2298.9624	1377.6458
2299.4949	1386.8879
2300.0271	1363.6573
2300.5593	1363.8075
2301.0916	1372.4332
2301.624	1367.03
2302.1563	1369.6703
2302.6885	1363.375
2303.2209	1358.8986
2303.7532	1366.2069
2304.2854	1359.7545
2304.8179	1396.6256
2305.3501	1367.8538
2305.8823	1364.0918
2306.4146	1351.2709
2306.947	1355.2219
2307.4792	1350.0072
2308.0115	1340.3226
2308.5439	1352.3584
2309.0762	1370.8734
2309.6084	1365.4828
2310.1406	1341.2616
2310.6731	1356.8759
2311.2053	1352.928
2311.7375	1340.8126
2312.27	1353.3077
2312.8022	1375.0121
2313.3345	1358.614
2313.8669	1338.8979
2314.3992	1333.7515
2314.9314	1340.9275
2315.4636	1332.0155
2315.9961	1333.8169
2316.5283	1322.0146
2317.0605	1331.2223
2317.593	1333.0176
2318.1252	1326.6088
2318.6575	1323.5956
2319.1899	1308.5676
2319.7222	1314.3635
2320.2544	1328.5956
2320.7866	1335.6155
2321.3191	1326.4205
2321.8513	1313.8958
2322.3835	1302.9353
2322.916	1329.9786
2323.4482	1297.6097
2323.9805	1294.13
2324.5127	1297.4415
2325.0452	1301.9268
2325.5774	1312.8986
2326.1096	1317.2579
2326.6421	1319.3405
2327.1743	1303.5714
2327.7065	1272.4011
2328.239	1289.4406
2328.7712	1282.6039
2329.3035	1282.2979
2329.8357	1302.428
2330.3682	1288.9108
2330.9004	1270.2489
2331.4326	1271.6357
2331.9651	1275.4653
2332.4973	1289.9733
2333.0295	1269.7596
2333.562	1287.4
2334.0942	1283.0425
2334.6265	1288.7168
2335.1587	1271.5613
2335.6912	1280.2632
2336.2234	1289.8673
2336.7556	1282.6179
2337.2881	1277.4984
2337.8203	1275.2086
2338.3525	1266.2446
2338.8848	1283.453
2339.4172	1264.1083
2339.9495	1258.7701
2340.4817	1267.9169
2341.0142	1259.6812
2341.5464	1253.8429
2342.0786	1247.0048
2342.6111	1251.9634
2343.1433	1263.7324
2343.6755	1250.6558
2344.2078	1277.4926
2344.7402	1246.8081
2345.2725	1242.8469
2345.8047	1246.2738
2346.3372	1261.282
2346.8694	1246.8373
2347.4016	1261.9514
2347.9338	1278.9354
2348.4663	1226.7911
2348.9985	1236.3892
2349.5308	1228.3469
2350.0632	1229.8451
2350.5955	1261.8174
2351.1277	1236.8119
2351.6602	1244.401
2352.1924	1243.3361
2352.7246	1250.4211
2353.2568	1250.9042
2353.7893	1244.3284
2354.3215	1222.5173
2354.8538	1235.5397
2355.3862	1227.3434
2355.9185	1225.9758
2356.4507	1233.5371
2356.9832	1245.2948
2357.5154	1228.0276
2358.0476	1222.4806
2358.5798	1226.772
2359.1123	1234.4563
2359.6445	1200.282
2360.1768	1228.1945
2360.7092	1220.2534
2361.2415	1220.3551
2361.7737	1208.4943
2362.3059	1204.3984
2362.8384	1208.1683
2363.3706	1229.5594
2363.9028	1188.1766
2364.4353	1210.2411
2364.9675	1203.2424
2365.4998	1192.8239
2366.0322	1212.4504
2366.5645	1195.7891
2367.0967	1197.5581
2367.6289	1202.8417
2368.1614	1201.9896
2368.6936	1189.0695
2369.2258	1201.4619
2369.7583	1196.7605
2370.2905	1198.454
2370.8228	1195.2065
2371.3552	1204.8622
2371.8875	1188.7411
2372.4197	1194.4923
2372.9519	1189.4232
2373.4844	1196.7889
2374.0166	1186.7925
2374.5488	1191.2949
2375.0813	1190.2397
2375.6135	1184.8826
2376.1458	1171.4819
2376.678	1172.1349
2377.2104	1182.7415
2377.7427	1189.325
2378.2749	1186.8147
2378.8074	1192.785
2379.3396	1193.812
2379.8718	1166.1412
2380.4043	1177.4192
2380.9365	1182.8715
2381.4688	1185.0432
2382.001	1172.8225
2382.5334	1166.8333
2383.0657	1185.1757
2383.5979	1181.8728
2384.1304	1169.093
2384.6626	1177.9696
2385.1948	1166.9933
2385.7273	1191.7133
2386.2595	1173.5778
2386.7917	1179.2148
2387.324	1173.5637
2387.8564	1164.7622
2388.3887	1163.4768
2388.9209	1161.1683
2389.4534	1177.8693
2389.9856	1159.9141
2390.5178	1150.6882
2391.05	1187.8297
2391.5825	1166.2585
2392.1147	1158.7537
2392.647	1156.7283
2393.1794	1170.1113
2393.7117	1167.2454
2394.2439	1163.4686
2394.7764	1162.9819
2395.3086	1140.8839
2395.8408	1160.8016
2396.373	1157.7572
2396.9055	1156.3704
2397.4377	1165.3683
2397.97	1162.7164
2398.5024	1163.5994
2399.0347	1171.213
2399.5669	1173.3657
2400.0991	1179.7378
2400.6316	1158.2194
2401.1638	1159.8217
2401.696	1165.9833
2402.2285	1156.724
2402.7607	1148.4528
2403.293	1155.95
2403.8254	1150.2118
2404.3577	1147.8634
2404.8899	1156.5637
2405.4221	1139.8918
2405.9546	1142.9612
2406.4868	1147.0989
2407.019	1148.6233
2407.5515	1152.4902
2408.0837	1150.9886
2408.616	1155.3794
2409.1484	1141.329
2409.6807	1134.996
2410.2129	1124.4634
2410.7451	1158.7305
2411.2776	1156.0673
2411.8098	1143.6078
2412.342	1144.879
2412.8745	1152.8794
2413.4067	1139.4993
2413.939	1129.5886
2414.4712	1127.4921
2415.0037	1145.6296
2415.5359	1157.6455
2416.0681	1136.168
2416.6006	1136.6913
2417.1328	1137.7207
2417.665	1132.9618
2418.1975	1139.9309
2418.7297	1132.0935
2419.262	1136.6399
2419.7942	1131.3403
2420.3267	1139.6981
2420.8589	1149.6455
2421.3911	1155.5947
2421.9236	1135.0234
2422.4558	1128.8192
2422.988	1147.1953
2423.5205	1124.2908
2424.0527	1107.9465
2424.585	1138.3751
2425.1172	1138.3168
2425.6497	1133.0643
2426.1819	1133.4081
2426.7141	1129.9948
2427.2466	1132.6781
2427.7788	1138.3444
2428.311	1126.5543
2428.8433	1140.6387
2429.3757	1117.6039
2429.908	1123.9539
2430.4402	1134.097
2430.9727	1134.4921
2431.5049	1149.8246
2432.0371	1143.4283
2432.5696	1119.5524
2433.1018	1133.5858
2433.634	1134.0039
2434.1663	1120.3282
2434.6987	1132.6073
2435.231	1130.4934
2435.7632	1121.1222
2436.2957	1128.9088
2436.8279	1126.1853
2437.3601	1081.2463
2437.8926	1095.0442
2438.4248	1124.9828
2438.957	1134.6201
2439.4893	1141.9205
2440.0217	1128.8096
2440.554	1113.2958
2441.0862	1119.856
2441.6187	1119.6512
2442.1509	1126.8794
2442.6831	1127.9966
2443.2153	1114.9498
2443.7478	1120.916
2444.28	1128.7194
2444.8123	1120.0814
2445.3447	1110.811
2445.877	1142.8595
2446.4092	1128.5132
2446.9417	1101.5234
2447.4739	1105.7369
2448.0061	1112.7478
2448.5383	1115.9449
2449.0708	1113.3812
2449.603	1133.2365
2450.1353	1113.6221
2450.6677	1115.3042
2451.2	1124.1713
2451.7322	1123.1563
2452.2644	1119.6373
2452.7969	1117.3901
2453.3291	1127.0275
2453.8613	1136.3988
2454.3938	1131.9156
2454.926	1139.2655
2455.4583	1119.9492
2455.9907	1116.7354
2456.5229	1123.1965
2457.0552	1125.3514
2457.5874	1139.3092
2458.1199	1123.917
2458.6521	1125.8669
2459.1843	1128.8992
2459.7168	1121.5065
2460.249	1135.9595
2460.7813	1131.8573
2461.3137	1125.2719
2461.8459	1129.5621
2462.3782	1129.9806
2462.9104	1130.8203
2463.4429	1105.6421
2463.9751	1119.5901
2464.5073	1123.7833
2465.0398	1129.9706
2465.572	1112.2373
2466.1042	1096.4734
2466.6365	1107.0049
2467.1689	1105.3113
2467.7012	1113.4556
2468.2334	1105.0725
2468.7659	1133.8738
2469.2981	1122.5029
2469.8303	1113.9309
2470.3628	1112.9952
2470.895	1103.6877
2471.4272	1114.8019
2471.9595	1101.8988
2472.4919	1093.0939
2473.0242	1098.3059
2473.5564	1100.7758
2474.0889	1099.8467
2474.6211	1111.2579
2475.1533	1112.8982
2475.6858	1107.3033
2476.218	1100.3412
2476.7502	1098.631
2477.2825	1101.2423
2477.8149	1120.803
2478.3472	1119.1155
2478.8794	1104.7506
2479.4119	1116.6859
2479.9441	1116.9528
2480.4763	1103.7307
2481.0085	1106.6139
2481.541	1115.0392
2482.0732	1134.2172
2482.6055	1102.4333
2483.1379	1104.4645
2483.6702	1119.0916
2484.2024	1142.5881
2484.7349	1138.2766
2485.2671	1118.4222
2485.7993	1126.2966
2486.3315	1140.5754
2486.864	1125.7244
2487.3962	1126.734
2487.9285	1117.9041
2488.4609	1122.7644
2488.9932	1140.0355
2489.5254	1117.1313
2490.0579	1129.5909
2490.5901	1126.131
2491.1223	1117.9718
2491.6545	1127.1658
2492.187	1130.1532
2492.7192	1126.8232
2493.2515	1117.6752
2493.7839	1131.5566
2494.3162	1126.2471
2494.8484	1131.6506
2495.3806	1129.7285
2495.9131	1131.9883
2496.4453	1123.1356
2496.9775	1126.0308
2497.51	1136.3707
2498.0422	1131.1362
2498.5745	1132.0308
2499.1069	1116.0298
2499.6392	1120.1521
2500.1714	1130.9551
2500.7036	1153.8851
2501.2361	1138.4799
2501.7683	1134.9106
2502.3005	1166.9382
2502.833	1151.9656
2503.3652	1147.3165
2503.8975	1131.2117
2504.4297	1142.8337
2504.9622	1133.5154
2505.4944	1131.1233
2506.0266	1118.7509
2506.5591	1142.131
2507.0913	1125.2776
2507.6235	1141.8102
2508.156	1139.11
2508.6882	1122.3643
2509.2205	1122.9346
2509.7527	1126.9729
2510.2852	1135.3198
2510.8174	1133.9958
2511.3496	1134.2035
2511.8821	1123.8937
2512.4143	1126.1326
2512.9465	1119.9098
2513.479	1122.6174
2514.0112	1145.4298
2514.5435	1136.4462
2515.0757	1125.8262
2515.6082	1143.809
2516.1404	1126.4012
2516.6726	1127.2361
2517.2051	1125.0781
2517.7373	1120.2701
2518.2695	1130.4479
2518.8018	1126.8634
2519.3342	1124.5594
2519.8665	1111.0955
2520.3987	1117.3635
2520.9312	1114.262
2521.4634	1111.2262
2521.9956	1118.5394
2522.5281	1114.2769
2523.0603	1127.2307
2523.5925	1108.4193
2524.1248	1100.2191
2524.6572	1120.2628
2525.1895	1108.188
2525.7217	1103.7189
2526.2542	1099.7253
2526.7864	1103.1138
2527.3186	1098.7954
2527.8511	1093.9073
2528.3833	1121.7489
2528.9155	1096.4418
2529.4478	1085.5923
2529.9802	1098.8306
2530.5125	1110.9696
2531.0447	1083.7936
2531.5771	1099.0344
2532.1094	1095.6327
2532.6416	1092.2115
2533.1738	1094.6775
2533.7063	1089.1331
2534.2385	1082.4081
2534.7708	1094.7832
2535.3032	1084.6169
2535.8354	1087.1088
2536.3677	1086.0585
2536.9001	1087.2054
2537.4324	1073.8519
2537.9646	1069.5549
2538.4968	1081.9589
2539.0293	1075.2045
2539.5615	1096.1747
2540.0938	1087.4169
2540.6262	1088.5353
2541.1584	1081.2185
2541.6907	1083.8877
2542.2231	1070.7794
2542.7554	1079.3505
2543.2876	1068.4758
2543.8198	1070.1761
2544.3523	1071.5948
2544.8845	1073.0073
2545.4167	1074.6873
2545.9492	1090.629
2546.4814	1078.6169
2547.0137	1070.9301
2547.5459	1075.85
2548.0784	1069.8529
2548.6106	1064.8163
2549.1428	1062.8352
2549.6753	1083.1342
2550.2075	1071.2607
2550.7397	1063.4497
2551.2722	1071.5453
2551.8044	1078.5302
2552.3367	1071.5188
2552.8689	1064.3068
2553.4014	1079.3878
2553.9336	1067.1404
2554.4658	1058.2677
2554.9983	1072.5941
2555.5305	1060.3726
2556.0627	1070.9172
2556.595	1051.6747
2557.1274	1057.4412
2557.6597	1068.2874
2558.1919	1065.376
2558.7244	1045.9043
2559.2566	1060.8516
2559.7888	1059.2971
2560.3213	1051.876
2560.8535	1067.0453
2561.3857	1060.8011
2561.918	1055.5273
2562.4504	1062.5286
2562.9827	1066.5776
2563.5149	1057.9819
2564.0474	1054.9008
2564.5796	1066.1855
2565.1118	1066
2565.6443	1056.4597
2566.1765	1062.1903
2566.7087	1062.2722
2567.241	1055.5986
2567.7734	1055.2465
2568.3057	1065.6388
2568.8379	1056.8145
2569.3704	1055.1929
2569.9026	1049.3477
2570.4348	1060.8555
2570.967	1056.2679
2571.4995	1044.8529
2572.0317	1056.2688
2572.564	1061.2417
2573.0964	1052.9618
2573.6287	1047.0776
2574.1609	1059.5403
2574.6934	1052.1456
2575.2256	1048.3129
2575.7578	1048.6281
2576.29	1052.7388
2576.8225	1053.8525
2577.3547	1046.267
2577.887	1047.8689
2578.4194	1041.9365
2578.9517	1042.3146
2579.4839	1053.6868
2580.0164	1042.0917
2580.5486	1042.2156
2581.0808	1044.804
2581.613	1038.5356
2582.1455	1037.9565
2582.6777	1040.5781
2583.21	1047.7439
2583.7424	1054.2694
2584.2747	1055.6947
2584.8069	1048.2023
2585.3391	1043.562
2585.8716	1033.7253
2586.4038	1043.0076
2586.936	1047.8391
2587.4685	1040.5225
2588.0007	1043.8197
2588.533	1041.0487
2589.0654	1041.2985
2589.5977	1033.5793
2590.1299	1039.4327
2590.6621	1041.1362
2591.1946	1041.5474
2591.7268	1038.5817
2592.259	1034.3535
2592.7915	1033.9446
2593.3237	1034.3173
2593.856	1031.5364
2594.3884	1029.7384
2594.9207	1040.9736
2595.4529	1042.3728
2595.9851	1035.3528
2596.5176	1031.4384
2597.0498	1032.949
2597.582	1035.6254
2598.1145	1032.8389
2598.6467	1025.0853
2599.179	1035.6156
2599.7112	1032.3129
2600.2437	1032.2925
2600.7759	1031.1239
2601.3081	1033.4717
2601.8406	1041.0276
2602.3728	1032.4122
2602.905	1029.9728
2603.4375	1032.8031
2603.9697	1034.1212
2604.502	1036.0156
2605.0342	1037.5699
2605.5667	1020.6345
2606.0989	1032.2329
2606.6311	1029.4482
2607.1636	1026.396
2607.6958	1027.191
2608.228	1031.7529
2608.7603	1027.926
2609.2927	1029.3351
2609.825	1024.2819
2610.3572	1022.4597
2610.8896	1022.3145
2611.4219	1024.1667
2611.9541	1022.828
2612.4866	1025.0797
2613.0188	1024.1183
2613.551	1030.3751
2614.0833	1029.9071
2614.6157	1030.1187
2615.1479	1022.3181
2615.6802	1018.3123
2616.2126	1017.5837
2616.7449	1026.8558
2617.2771	1027.8043
2617.8096	1025.514
2618.3418	1014.4404
2618.874	1024.2731
2619.4063	1021.8538
2619.9387	1017.6693
2620.4709	1026.402
2621.0032	1024.516
2621.5356	1025.2178
2622.0679	1024.0289
2622.6001	1036.4598
2623.1323	1025.6655
2623.6648	1021.3155
2624.197	1025.5165
2624.7292	1022.7089
2625.2617	1013.145
2625.7939	1014.4512
2626.3262	1026.6096
2626.8586	1023.0186
2627.3909	1022.7997
2627.9231	1014.3357
2628.4553	1003.1609
2628.9878	1016.2582
2629.52	1029.3113
2630.0522	1027.1536
2630.5847	1022.0103
2631.1169	1025.4795
2631.6492	1020.245
2632.1816	1030.5336
2632.7139	1017.4548
2633.2461	1010.8219
2633.7783	1011.1743
2634.3108	1022.4308
2634.843	1022.8548
2635.3752	1017.4134
2635.9077	1017.8629
2636.4399	1010.0819
2636.9722	1023.0057
2637.5044	1016.8907
2638.0369	1022.1994
2638.5691	1024.5856
2639.1013	1021.0378
2639.6338	1004.2567
2640.166	1014.2934
2640.6982	1025.5045
2641.2307	1011.8614
2641.7629	1014.5444
2642.2952	1011.8625
2642.8274	1011.8651
2643.3599	1007.612
2643.8921	1018.8588
2644.4243	1018.3899
2644.9568	1009.2559
2645.489	1008.7687
2646.0212	1010.8952
2646.5537	1021.4915
2647.0859	1023.7343
2647.6182	1024.7723
2648.1504	1019.5226
2648.6829	1006.2322
2649.2151	1015.4308
2649.7473	1028.1307
2650.2798	1017.8891
2650.812	1022.1137
2651.3442	1038.1874
2651.8765	1001.9406
2652.4089	1003.7681
2652.9412	1020.2742
2653.4734	1017.1279
2654.0059	1017.2025
2654.5381	1016.2521
2655.0703	1015.6599
2655.6028	1017.6106
2656.135	1010.5033
2656.6672	1021.8284
2657.1995	1021.1279
2657.7319	1015.8441
2658.2642	1007.1759
2658.7964	1014.4752
2659.3289	1020.0937
2659.8611	1006.5889
2660.3933	1013.4465
2660.9255	1015.2014
2661.458	1020.0011
2661.9902	1018.4767
2662.5225	1006.9626
2663.0549	1006.653
2663.5872	1008.279
2664.1194	1016.9296
2664.6519	1018.2801
2665.1841	999.93744
2665.7163	1012.6012
2666.2485	1013.8936
2666.781	1008.1635
2667.3132	1009.309
2667.8455	1009.9963
2668.3779	1009.6456
2668.9102	1007.8516
2669.4424	1011.0985
2669.9749	1011.747
2670.5071	1014.3641
2671.0393	1006.7645
2671.5715	1008.5972
2672.104	1011.5695
2672.6362	1006.5009
2673.1685	1013.063
2673.7009	1009.603
2674.2332	1008.2159
2674.7654	1009.2935
2675.2976	1008.1131
2675.8301	1011.1711
2676.3623	1007.5378
2676.8945	998.46692
2677.427	1011.9205
2677.9592	1014.3633
2678.4915	1019.2175
2679.0239	1008.4227
2679.5562	1008.267
2680.0884	1019.113
2680.6206	1017.7078
2681.1531	1018.0806
2681.6853	1018.0995
2682.2175	1000.5945
2682.75	998.98944
2683.2822	1014.3048
2683.8145	1012.558
2684.3469	1010.4581
2684.8792	1004.4708
2685.4114	1014.189
2685.9436	1003.8282
2686.4761	1000.9377
2687.0083	1012.2252
2687.5405	997.46936
2688.073	995.45825
2688.6052	1012.58
2689.1375	1017.2218
2689.6697	1010.6713
2690.2021	1008.5867
2690.7344	1007.5682
2691.2666	1010.1495
2691.7991	1008.5598
2692.3313	1009.8181
2692.8635	1012.1169
2693.396	1006.6709
2693.9282	1009.3203
2694.4604	1013.662
2694.9927	1021.5125
2695.5251	1008.71
2696.0574	1005.9109
2696.5896	1015.9917
2697.1221	1005.9771
2697.6543	1011.054
2698.1865	1013.8917
2698.719	997.68842
2699.2512	1007.4501
2699.7834	1018.3708
2700.3157	1006.3301
2700.8481	1004.3558
2701.3804	999.82025
2701.9126	1011.2114
2702.4451	997.21606
2702.9773	1007.1472
2703.5095	1007.3296
2704.0417	1002.8087
2704.5742	1009.9345
2705.1064	1012.8521
2705.6387	1004.9501
2706.1711	1013.0648
2706.7034	1007.7637
2707.2356	1011.0641
2707.7681	995.80939
2708.3003	1001.2734
2708.8325	1023.7965
2709.3647	1016.4256
2709.8972	996.43323
2710.4294	1007.4398
2710.9617	1011.9203
2711.4941	1010.322
2712.0264	1009.2657
2712.5586	1004.6099
2713.0908	1002.7573
2713.6233	1020.0936
2714.1555	1008.2463
2714.6877	1003.2059
2715.2202	1006.737
2715.7524	1000.3852
2716.2847	1023.6957
2716.8171	1017.2278
2717.3494	1010.3801
2717.8816	1014.4216
2718.4138	1018.7629
2718.9463	1005.9835
2719.4785	1003.4343
2720.0107	1013.6601
2720.5432	1014.8159
2721.0754	1012.707
2721.6077	1009.1616
2722.1401	1006.1326
2722.6724	1005.6638
2723.2046	1013.9528
2723.7368	1012.0087
2724.2693	1006.2216
2724.8015	1008.58
2725.3337	993.64661
2725.8662	1000.7769
2726.3984	1004.3538
2726.9307	1001.6959
2727.4629	1004.6506
2727.9954	1010.2447
2728.5276	999.03949
2729.0598	1006.7249
2729.5923	1002.304
2730.1245	1001.7994
2730.6567	999.74377
2731.1892	998.53888
2731.7214	1006.0629
2732.2537	1007.2296
2732.7859	1011.3471
2733.3184	1002.4649
2733.8506	1004.6671
2734.3828	998.86102
2734.9153	995.91693
2735.4475	1002.2858
2735.9797	999.6925
2736.5122	1003.1221
2737.0444	991.79718
2737.5767	1004.4775
2738.1089	1014.5837
2738.6414	1011.035
2739.1736	996.40228
2739.7058	1004.4813
2740.2383	997.7207
2740.7705	997.01831
2741.3027	1005.2531
2741.835	1014.0537
2742.3674	1002.7137
2742.8997	994.05975
2743.4319	1006.1072
2743.9644	1006.6906
2744.4966	1015.0305
2745.0288	1007.2872
2745.5613	989.24017
2746.0935	996.51678
2746.6257	1014.9557
2747.158	1008.4637
2747.6904	1002.8199
2748.2227	1001.8124
2748.7549	1000.157
2749.2874	1012.6918
2749.8196	1001.3555
2750.3518	1004.1901
2750.8843	1007.7272
2751.4165	1009.7658
2751.9487	990.09387
2752.481	1001.9162
2753.0134	1000.2651
2753.5457	1010.2517
2754.0779	999.29602
2754.6104	1004.353
2755.1426	1000.387
2755.6748	1004.8001
2756.207	1019.9173
2756.7395	1015.894
2757.2717	1008.7557
2757.804	1005.3889
2758.3364	1000.1219
2758.8687	1007.7115
2759.4009	1008.3227
2759.9333	990.19269
2760.4656	996.12665
2760.9978	1009.3542
2761.53	1014.8388
2762.0625	1005.3415
2762.5947	1019.6532
2763.127	998.51654
2763.6594	1000.3928
2764.1917	1002.5382
2764.7239	1010.5844
2765.2561	1005.3259
2765.7886	988.32007
2766.3208	1003.6359
2766.853	999.34338
2767.3855	1003.5253
2767.9177	1006.1444
2768.45	1003.0287
2768.9824	1004.8803
2769.5146	1004.8364
2770.0469	995.0426
2770.5791	1005.3028
2771.1116	999.74231
2771.6438	1004.2698
2772.176	1001.0848
2772.7085	997.92566
2773.2407	1001.3972
2773.7729	997.40607
2774.3054	1002.1973
2774.8376	996.89398
2775.3699	1003.0752
2775.9021	998.89014
2776.4346	993.9447
2776.9668	1002.3528
2777.499	1001.9673
2778.0315	999.90594
2778.5637	1016.4108
2779.0959	992.53546
2779.6282	996.01434
2780.1606	997.18036
2780.6929	1009.156
2781.2251	1007.8543
2781.7576	1010.7116
2782.2898	1001.4077
2782.822	1019.2142
2783.3545	1009.2732
2783.8867	1015.2643
2784.4189	997.79395
2784.9512	1002.8445
2785.4836	1002.7406
2786.0159	1001.5609
2786.5481	998.50909
2787.0806	998.44824
2787.6128	1004.373
2788.145	1011.3265
2788.6775	1005.2153
2789.2097	1012.2955
2789.7419	995.54181
2790.2742	994.00409
2790.8066	1006.8313
2791.3389	1001.4201
2791.8711	993.21606
2792.4036	987.41162
2792.9358	994.35413
2793.468	1001.9164
2794.0002	992.23132
2794.5327	1003.2958
2795.0649	996.47375
2795.5972	997.17279
2796.1296	1000.2825
2796.6619	995.74371
2797.1941	990.12531
2797.7266	1012.968
2798.2588	993.81885
2798.791	996.3252
2799.3232	995.06091
2799.8557	997.0614
2800.3879	996.23157
2800.9202	982.71216
2801.4526	1001.287
2801.9849	997.1416
2802.5171	996.3252
2803.0496	984.8363
2803.5818	990.93921
2804.114	1003.7333
2804.6462	989.31787
2805.1787	988.98846
2805.7109	999.73267
2806.2432	998.12872
2806.7756	1014.2562
2807.3079	998.0379
2807.8401	1001.9053
2808.3723	996.76251
2808.9048	998.31848
2809.437	994.65088
2809.9692	1006.4692
2810.5017	996.88605
2811.0339	993.41119
2811.5662	1002.9119
2812.0986	1002.6678
2812.6309	998.96619
2813.1631	999.94336
2813.6953	994.70422
2814.2278	988.74292
2814.76	996.72174
2815.2922	996.95428
2815.8247	1000.0292
2816.3569	1001.3704
2816.8892	1000.7411
2817.4214	1002.8393
2817.9539	1001.6534
2818.4861	1001.8158
2819.0183	996.37189
2819.5508	996.69464
2820.083	1006.2205
2820.6152	1003.199
2821.1477	991.87244
2821.6799	992.42419
2822.2122	987.5108
2822.7444	988.93549
2823.2769	996.90442
2823.8091	1004.9641
2824.3413	1010.6531
2824.8738	995.97565
2825.406	1006.9464
2825.9382	1006.1926
2826.4707	998.146
2827.0029	995.6828
2827.5352	1000.7374
2828.0674	997.33191
2828.5999	995.34467
2829.1321	992.45447
2829.6643	999.2464
2830.1968	1003.0915
2830.729	986.21466
2831.2612	985.33191
2831.7935	992.56396
2832.3259	990.07947
2832.8582	993.89032
2833.3904	988.80042
2833.9229	1010.4354
2834.4551	984.08307
2834.9873	999.90045
2835.5198	1003.668
2836.052	991.58124
2836.5842	996.6568
2837.1165	998.8786
2837.6489	998.19183
2838.1812	989.37207
2838.7134	998.26654
2839.2458	992.40112
2839.7781	996.73065
2840.3103	1005.6807
2840.8428	996.94824
2841.375	994.65509
2841.9072	997.66522
2842.4395	993.16846
2842.9719	990.86481
2843.5042	998.01996
2844.0364	1007.0983
2844.5688	1002.9181
2845.1011	998.12268
2845.6333	993.49255
2846.1655	992.81055
2846.698	996.0719
2847.2302	985.0849
2847.7625	988.65411
2848.2949	979.45032
2848.8271	986.49945
2849.3594	986.60535
2849.8918	999.17688
2850.4241	990.38385
2850.9563	993.3725
2851.4885	991.62665
2852.021	1007.6259
2852.5532	993.93225
2853.0854	991.39453
2853.6179	998.61481
2854.1501	997.64557
2854.6824	981.64319
2855.2148	977.54968
2855.7471	998.16022
2856.2793	998.14233
2856.8115	992.97308
2857.344	988.71985
2857.8762	985.27197
2858.4084	1006.9387
2858.9409	1007.1623
2859.4731	999.19568
2860.0054	999.00562
2860.5376	991.30829
2861.0701	1002.6827
2861.6023	999.03583
2862.1345	998.20496
2862.667	983.34583
2863.1992	985.36365
2863.7314	995.23322
2864.2639	994.63452
2864.7961	990.02997
2865.3284	986.8819
2865.8606	993.7395
2866.3931	984.06787
2866.9253	992.85669
2867.4575	994.38379
2867.99	987.43713
2868.5222	1002.3193
2869.0544	998.48749
2869.5867	996.7619
2870.1191	997.28613
2870.6514	994.60657
2871.1836	994.89221
2871.7161	1000.9598
2872.2483	1002.2018
2872.7805	992.50287
2873.313	993.30896
2873.8452	993.11115
2874.3774	992.57562
2874.9097	996.74512
2875.4421	977.5343
2875.9744	995.77905
2876.5066	1003.4473
2877.0391	1004.1864
2877.5713	997.0896
2878.1035	1005.0195
2878.636	993.42847
2879.1682	978.73737
2879.7004	990.47076
2880.2327	994.84198
2880.7651	996.5354
2881.2974	990.4986
2881.8296	999.10968
2882.3621	1005.3585
2882.8943	994.03107
2883.4265	986.95062
2883.9587	1001.1391
2884.4912	986.4444
2885.0234	1003.9465
2885.5557	1002.536
2886.0881	993.68719
2886.6204	996.71912
2887.1526	1000.4755
2887.6851	999.71893
2888.2173	1003.8787
2888.7495	997.69769
2889.2817	1000.9333
2889.8142	993.0849
2890.3464	992.79456
2890.8787	1001.2564
2891.4111	989.58258
2891.9434	994.3075
2892.4756	996.30261
2893.0081	999.99921
2893.5403	996.83838
2894.0725	996.68384
2894.6047	1001.8761
2895.1372	990.57855
2895.6694	993.02771
2896.2017	1001.4445
2896.7341	1000.6908
2897.2664	980.81042
2897.7986	1012.4916
2898.3308	1002.0781
2898.8633	999.14801
2899.3955	1005.6075
2899.9277	1003.7831
2900.4602	990.55048
2900.9924	1009.0304
2901.5247	1005.1077
2902.0571	1005.0869
2902.5894	986.1264
2903.1216	995.73712
2903.6538	994.78876
2904.1863	998.38647
2904.7185	990.00293
2905.2507	1002.0858
2905.7832	1001.944
2906.3154	984.96539
2906.8477	1002.39
2907.3801	997.41736
2907.9124	1000.8385
2908.4446	996.63904
2908.9768	1009.7334
2909.5093	999.76758
2910.0415	994.75104
2910.5737	996.62689
2911.1062	1005.5783
2911.6384	998.47845
2912.1707	995.099
2912.7029	997.66315
2913.2354	998.64362
2913.7676	1001.6833
2914.2998	1005.9102
2914.8323	998.84863
2915.3645	1002.7464
2915.8967	1002.7306
2916.4292	987.29895
2916.9614	989.50525
2917.4937	1005.3949
2918.0259	999.98236
2918.5583	995.56268
2919.0906	1005.6106
2919.6228	992.5365
2920.1553	1012.7208
2920.6875	992.24951
2921.2197	1002.265
2921.752	998.6087
2922.2844	984.68872
2922.8167	998.95911
2923.3489	994.88281
2923.8813	999.3667
2924.4136	1004.6501
2924.9458	996.19513
2925.4783	998.04718
2926.0105	997.68762
2926.5427	1005.8807
2927.075	998.09143
2927.6074	995.06018
2928.1396	1004.9449
2928.6719	994.18274
2929.2043	1011.1087
2929.7366	1006.4125
2930.2688	1002.3378
2930.8013	1010.4343
2931.3335	1010.1716
2931.8657	1005.2406
2932.3979	998.70325
2932.9304	1009.4565
2933.4626	999.7605
2933.9949	1007.9859
2934.5273	997.31702
2935.0596	997.5835
2935.5918	991.21204
2936.124	997.77716
2936.6565	994.90222
2937.1887	995.40063
2937.7209	1001.3837
2938.2534	1001.6019
2938.7856	1002.1522
2939.3179	995.89685
2939.8503	1004.8682
2940.3826	993.40399
2940.9148	1007.67
2941.447	997.26355
2941.9795	991.80969
2942.5117	993.21033
2943.0439	995.68451
2943.5764	1000.4989
2944.1086	998.3988
2944.6409	1002.3879
2945.1733	1003.0026
2945.7056	996.02985
2946.2378	1013.1028
2946.77	994.65387
2947.3025	988.61975
2947.8347	995.46692
2948.3669	1001.6415
2948.8994	989.95483
2949.4316	1004.5947
2949.9639	994.95184
2950.4961	995.68561
2951.0286	994.93231
2951.5608	996.99792
2952.093	987.74292
2952.6255	997.85211
2953.1577	996.12762
2953.6899	1005.1895
2954.2224	995.79297
2954.7546	997.11572
2955.2869	990.06348
2955.8191	988.00879
2956.3516	1000.2416
2956.8838	982.48944
2957.416	995.98712
2957.9485	993.90417
2958.4807	993.35236
2959.0129	987.2973
2959.5454	993.14233
2960.0776	985.22223
2960.6099	997.74963
2961.1421	1002.4529
2961.6746	998.22833
2962.2068	998.38049
2962.739	998.67389
2963.2715	992.20435
2963.8037	990.00745
2964.3359	983.5069
2964.8682	986.23834
2965.4006	994.42413
2965.9329	996.71265
2966.4651	993.72156
2966.9976	992.53485
2967.5298	999.34991
2968.062	1000.8766
2968.5945	998.90643
2969.1267	994.25299
2969.6589	986.81384
2970.1912	1000.1647
2970.7236	988.96649
2971.2559	992.59369
2971.7881	996.64838
2972.3206	992.14026
2972.8528	985.26752
2973.385	991.21057
2973.9172	997.84961
2974.4497	995.57251
2974.9819	997.01764
2975.5142	997.39374
2976.0466	989.33356
2976.5789	993.52844
2977.1111	985.36877
2977.6436	1002.2781
2978.1758	994.53021
2978.708	985.39441
2979.2402	995.81934
2979.7727	992.0686
2980.3049	997.83081
2980.8372	983.37207
2981.3696	989.32825
2981.9019	997.89679
2982.4341	986.32123
2982.9666	982.63153
2983.4988	993.96649
2984.031	986.69543
2984.5632	992.29437
2985.0957	994.65533
2985.6279	984.85339
2986.1602	986.8783
2986.6926	982.32477
2987.2249	992.0459
2987.7571	997.91888
2988.2893	993.94934
2988.8218	986.89142
2989.354	989.56531
2989.8862	986.65417
2990.4187	989.20123
2990.9509	985.76489
2991.4832	989.14819
2992.0156	988.96759
2992.5479	989.85583
2993.0801	977.57611
2993.6123	984.62354
2994.1448	1002.6642
2994.677	988.11023
2995.2092	989.7417
2995.7417	1003.1735
2996.2739	988.1485
2996.8062	990.80066
2997.3386	990.67493
2997.8708	985.00458
2998.4031	990.92371
2998.9353	984.70239
2999.4678	984.26184
3000	989.51294
