350	910
350.05179	910.69012
350.10355	916.74249
350.15533	913.06738
350.20709	904.59235
350.25888	908.49048
350.31064	911.41565
350.36243	918.60547
350.41418	908.8371
350.46597	906.64301
350.51773	912.16119
350.56952	913.41022
350.62131	912.66174
350.67307	912.48254
350.72485	911.70789
350.77661	914.84381
350.8284	913.80823
350.88016	909.83447
350.93195	914.8653
350.9837	914.40747
351.03549	910.91156
351.08725	907.27637
351.13904	909.47601
351.19083	914.10724
351.24258	912.58466
351.29437	908.21606
351.34613	909.29602
351.39792	912.90363
351.44968	912.39569
351.50146	912.34521
351.55322	913.70325
351.60501	911.92535
351.65677	911.43097
351.70856	911.09906
351.76035	909.99597
351.8121	914.81775
351.86389	911.81836
351.91565	908.63239
351.96744	911.08612
352.0192	910.10315
352.07098	913.12048
352.12274	907.97638
352.17453	913.07562
352.22629	914.60156
352.27808	908.32373
352.32986	904.42255
352.38162	910.75842
352.43341	915.66858
352.48517	914.06409
352.53696	911.6618
352.58871	912.28693
352.6405	910.70685
352.69226	911.23309
352.74405	911.80591
352.79581	909.18475
352.8476	911.40814
352.89938	913.49017
352.95114	912.49274
353.00293	911.55682
353.05469	912.37268
353.10648	915.08954
353.15823	914.27905
353.21002	911.15259
353.26178	912.3772
353.31357	914.64819
353.36533	914.12592
353.41711	910.74377
353.4689	908.55988
353.52066	911.09583
353.57245	913.17157
353.62421	914.01385
353.67599	917.47131
353.72775	917.3877
353.77954	908.60883
353.8313	903.91443
353.88309	908.50494
353.93484	911.05792
353.98663	912.0094
354.03842	907.86353
354.09018	912.4339
354.14197	912.65234
354.19373	911.18781
354.24551	909.25873
354.29727	903.50018
354.34906	914.00244
354.40082	918.22705
354.45261	907.49988
354.50436	909.74213
354.55615	913.11395
354.60794	918.80591
354.6597	907.35449
354.71149	907.5564
354.76324	906.57269
354.81503	909.17493
354.86679	916.5293
354.91858	909.15436
354.97034	908.17102
355.02213	913.11169
355.07388	906.53223
355.12567	909.80786
355.17746	914.59711
355.22922	915.00385
355.28101	910.36969
355.33276	908.4436
355.38455	909.578
355.43631	911.87976
355.4881	910.34351
355.53986	907.03528
355.59164	909.74628
355.6434	912.16583
355.69519	909.70996
355.74698	908.22223
355.79874	911.17957
355.85052	915.40076
355.90228	915.36029
355.95407	908.78955
356.00583	912.90765
356.05762	913.50598
356.10938	912.37628
356.16116	905.74481
356.21292	910.42688
356.26471	911.14636
356.3165	909.9635
356.36826	907.30872
356.42004	907.76764
356.4718	907.9422
356.52359	913.75629
356.57535	912.29095
356.62714	911.7818
356.67889	912.22382
356.73068	915.43176
356.78244	909.13202
356.83423	913.83258
356.88602	910.99664
356.93777	914.29681
356.98956	907.39349
357.04132	910.19006
357.09311	913.58362
357.14487	916.37671
357.19666	910.01843
357.24841	906.40485
357.3002	911.34979
357.35196	915.7702
357.40375	913.48279
357.45554	910.09668
357.50729	913.28998
357.55908	914.91345
357.61084	911.24915
357.66263	910.62842
357.71439	914.44238
357.76617	914.06366
357.81793	910.31
357.86972	912.14337
357.92148	915.10187
357.97327	917.54773
358.02505	915.86078
358.07681	913.1181
358.1286	913.20123
358.18036	911.1084
358.23215	914.09875
358.28391	912.63037
358.33569	908.1579
358.38745	911.66583
358.43924	917.50806
358.491	911.24286
358.54279	906.72882
358.59457	915.44244
358.64633	908.28839
358.69812	919.99347
358.74988	907.21527
358.80167	907.14661
358.85342	915.38086
358.90521	909.51715
358.95697	912.98938
359.00876	914.92987
359.06052	913.5387
359.1123	906.83795
359.16409	905.1651
359.21585	914.44861
359.26764	916.224
359.3194	909.75537
359.37119	909.50476
359.42294	913.56445
359.47473	917.95428
359.52649	913.07092
359.57828	908.93652
359.63004	910.79761
359.68182	909.51617
359.73361	909.15186
359.78537	910.42487
359.83716	913.26978
359.88892	916.9931
359.9407	913.49823
359.99246	910.77893
360.04425	912.45319
360.09601	915.13354
360.1478	917.72394
360.19955	911.12598
360.25134	913.75513
360.30313	914.59711
360.35489	915.58673
360.40668	912.5755
360.45844	909.44214
360.51022	915.76129
360.56198	912.49628
360.61377	905.18787
360.66553	915.43433
360.71732	913.15295
360.76907	914.07263
360.82086	912.60657
360.87262	914.06189
360.92441	911.72424
360.9762	919.4693
361.02795	910.17029
361.07974	905.57971
361.1315	907.22662
361.18329	915.06073
361.23505	913.36243
361.28683	912.58563
361.33859	912.58368
361.39038	918.09222
361.44214	910.48297
361.49393	908.98248
361.54572	909.41284
361.59747	914.5083
361.64926	913.26373
361.70102	908.49945
361.75281	910.19092
361.80457	913.11023
361.85635	911.74408
361.90811	909.81433
361.9599	911.21368
362.01166	913.28278
362.06345	911.00867
362.11523	908.15582
362.16699	914.89886
362.21878	921.36761
362.27054	912.25067
362.32233	908.60663
362.37408	913.42902
362.42587	909.7218
362.47763	913.36896
362.52942	907.85364
362.58118	905.00201
362.63297	918.89124
362.68475	912.82397
362.73651	911.64716
362.7883	913.21899
362.84006	919.4787
362.89185	911.91376
362.9436	909.55505
362.99539	911.01727
363.04715	913.45416
363.09894	912.56793
363.1507	908.81165
363.20248	912.12494
363.25427	911.1936
363.30603	915.28558
363.35782	911.43378
363.40958	906.46643
363.46136	910.20892
363.51312	918.34857
363.56491	910.91974
363.61667	914.6297
363.66846	914.04822
363.72021	911.82861
363.772	908.92261
363.82379	912.1322
363.87555	915.58417
363.92734	917.4162
363.9791	912.73212
364.03088	908.24512
364.08264	911.98639
364.13443	914.76337
364.18619	913.29675
364.23798	909.89514
364.28973	911.75787
364.34152	917.93988
364.39331	912.95239
364.44507	908.46753
364.49686	909.24664
364.54861	911.97504
364.6004	913.93115
364.65216	910.52393
364.70395	906.31561
364.75571	912.56622
364.8075	911.03967
364.85925	911.37817
364.91104	911.63416
364.96283	916.59967
365.01459	917.25122
365.06638	909.21393
365.11813	914.0036
365.16992	915.94031
365.22168	915.93848
365.27347	914.97626
365.32523	904.16016
365.37701	912.5636
365.42877	910.76147
365.48056	909.56226
365.53235	911.95636
365.58411	915.29443
365.63589	911.94238
365.68765	913.23914
365.73944	912.79498
365.7912	910.23877
365.84299	917.14673
365.89474	914.63696
365.94653	912.56769
365.99829	912.59308
366.05008	912.40741
366.10187	908.30469
366.15363	909.62262
366.20541	914.78912
366.25717	914.33588
366.30896	909.68823
366.36072	908.30402
366.41251	911.90125
366.46426	913.75775
366.51605	911.29211
366.56781	909.82874
366.6196	910.50385
366.67139	909.21387
366.72314	910.3418
366.77493	910.67261
366.82669	909.65778
366.87848	911.40344
366.93024	909.9812
366.98203	909.51801
367.03378	907.12024
367.08557	913.72717
367.13733	914.84167
367.18912	907.60822
367.24091	910.01099
367.29266	911.9118
367.34445	912.87274
367.39621	913.34686
367.448	910.90167
367.49976	916.12311
367.55154	921.49304
367.6033	913.6452
367.65509	917.28888
367.70685	915.68182
367.75864	914.08008
367.81042	906.06128
367.86218	913.09241
367.91397	913.79211
367.96573	914.83514
368.01752	909.88599
368.06927	911.70129
368.12106	914.01038
368.17282	918.27063
368.22461	912.39874
368.27637	912.10187
368.32816	912.47107
368.37994	913.64459
368.4317	914.73474
368.48349	914.5946
368.53525	912.33972
368.58704	914.27399
368.63879	916.21472
368.69058	910.74237
368.74234	910.31543
368.79413	912.94635
368.84589	912.65839
368.89767	909.13538
368.94946	910.26624
369.00122	912.30682
369.05301	914.26447
369.10477	912.0658
369.15656	912.20386
369.20831	918.8233
369.2601	911.30865
369.31186	912.88202
369.36365	908.4223
369.41541	912.88623
369.46719	914.06604
369.51898	916.89392
369.57074	910.84741
369.62253	912.76074
369.67429	911.78156
369.72607	907.90173
369.77783	914.37817
369.82962	915.68768
369.88138	915.76422
369.93317	910.07129
369.98492	909.26038
370.03671	916.72913
370.0885	916.23932
370.14026	912.61829
370.19205	907.56531
370.2438	909.20496
370.29559	917.76111
370.34735	915.55249
370.39914	913.91461
370.4509	911.97803
370.50269	911.98975
370.55444	914.84485
370.60623	916.52637
370.65802	919.51337
370.70978	918.26929
370.76157	913.44568
370.81332	912.46051
370.86511	912.53033
370.91687	915.92432
370.96866	918.28864
371.02042	912.23889
371.0722	909.78033
371.12396	911.59546
371.17575	913.37994
371.22754	912.64404
371.2793	910.77765
371.33109	912.60022
371.38284	912.99567
371.43463	911.0282
371.48639	912.49219
371.53818	913.95612
371.58994	914.39435
371.64172	910.00787
371.69348	912.24695
371.74527	912.85114
371.79706	914.6369
371.84882	913.64044
371.9006	912.29614
371.95236	922.06696
372.00415	918.80627
372.05591	913.02747
372.1077	908.54163
372.15945	913.56476
372.21124	913.73956
372.263	913.67511
372.31479	912.42889
372.36658	912.57495
372.41833	917.37708
372.47012	909.5246
372.52188	909.25256
372.57367	913.7478
372.62543	916.89728
372.67722	913.63019
372.72897	913.92993
372.78076	909.82892
372.83252	914.50519
372.88431	913.83618
372.9361	909.9295
372.98785	914.44128
373.03964	916.86053
373.0914	912.2038
373.14319	905.82813
373.19495	907.99933
373.24673	916.12268
373.29849	915.52527
373.35028	912.01361
373.40204	913.88135
373.45383	916.96637
373.50562	916.7569
373.55737	910.89032
373.60916	908.62781
373.66092	914.97858
373.71271	916.17657
373.76447	911.21869
373.81625	911.617
373.86801	912.69788
373.9198	916.82416
373.97156	905.99353
374.02335	913.10931
374.07513	913.72913
374.12689	921.82666
374.17868	904.737
374.23044	911.09106
374.28223	916.46881
374.33398	916.12091
374.38577	910.97339
374.43753	908.32092
374.48932	920.05927
374.54108	922.45416
374.59286	909.95673
374.64465	907.58606
374.69641	913.96246
374.7482	916.35718
374.79996	913.19244
374.85175	918.28912
374.9035	918.80505
374.95529	917.38843
375.00705	913.75446
375.05884	911.74982
375.1106	915.59406
375.16238	917.17102
375.21417	913.97742
375.26593	912.33917
375.31772	913.09149
375.36948	916.10132
375.42126	915.64087
375.47302	913.01862
375.52481	913.33246
375.57657	913.67999
375.62836	914.94635
375.68011	914.98492
375.7319	912.28168
375.78369	913.01038
375.83545	918.72839
375.88724	912.96674
375.939	912.72864
375.99078	916.15698
376.04254	916.42358
376.09433	914.64465
376.14609	910.87799
376.19788	918.37415
376.24963	912.35522
376.30142	914.25031
376.35321	912.54657
376.40497	918.11884
376.45676	919.14764
376.50851	911.14496
376.5603	917.01001
376.61206	913.104
376.66385	914.44305
376.71561	911.70868
376.7674	906.03949
376.81915	917.06201
376.87094	917.63593
376.92273	914.96527
376.97449	910.38336
377.02628	914.70306
377.07803	915.21582
377.12982	911.58575
377.18158	911.59369
377.23337	916.98218
377.28513	915.53094
377.33691	913.65082
377.38867	912.83606
377.44046	912.48151
377.49225	916.40259
377.54401	913.1615
377.59579	911.21478
377.64755	915.3941
377.69934	918.50317
377.7511	916.75385
377.80289	911.84424
377.85464	912.1662
377.90643	915.67816
377.95819	912.71204
378.00998	908.92133
378.06177	911.36444
378.11353	913.63806
378.16531	913.19934
378.21707	909.60107
378.26886	910.91425
378.32062	915.09521
378.37241	917.62939
378.42416	910.57471
378.47595	914.07043
378.52771	918.35858
378.5795	915.00488
378.63129	912.008
378.68304	909.59131
378.73483	916.02808
378.78659	922.302
378.83838	912.07159
378.89014	915.88525
378.94193	912.94812
378.99368	914.86389
379.04547	914.44714
379.09723	909.78442
379.14902	910.323
379.20081	916.15717
379.25256	916.9137
379.30435	913.13159
379.35611	913.63751
379.4079	915.50159
379.45966	912.80499
379.51144	908.1358
379.5632	907.99951
379.61499	910.17487
379.66675	911.58655
379.71854	918.22961
379.77032	917.52405
379.82208	919.75665
379.87387	919.68213
379.92563	912.9563
379.97742	909.94519
380.02917	910.6532
380.08096	913.46008
380.13272	913.41156
380.18451	916.07373
380.23627	920.5249
380.28806	915.01343
380.33984	908.6507
380.3916	908.02869
380.44339	911.69159
380.49515	912.4646
380.54694	908.02612
380.59869	909.56348
380.65048	916.12036
380.70224	923.0343
380.75403	913.91608
380.80579	911.39124
380.85757	913.64264
380.90936	914.85175
380.96112	914.62567
381.01291	912.58057
381.06467	908.89441
381.11646	920.86432
381.16821	910.4693
381.22	912.36115
381.27176	912.93262
381.32355	917.33344
381.37531	914.40106
381.42709	907.63538
381.47888	919.48737
381.53064	914.84723
381.58243	911.64917
381.63419	906.97003
381.68597	914.39581
381.73773	914.16425
381.78952	910.5921
381.84128	909.42413
381.89307	918.86591
381.94482	923.29883
381.99661	915.87512
382.04837	915.96027
382.10016	917.30719
382.15195	920.92212
382.2037	921.84906
382.25549	919.14905
382.30725	919.87701
382.35904	917.86371
382.4108	916.1225
382.46259	913.61401
382.51434	911.55469
382.56613	914.96991
382.61789	915.92395
382.66968	914.23083
382.72147	914.784
382.77322	914.17859
382.82501	912.89886
382.87677	914.07825
382.92856	914.90601
382.98032	914.08514
383.0321	918.56781
383.08386	910.32031
383.13565	912.40314
383.18741	913.56799
383.2392	911.58228
383.29099	912.28607
383.34274	910.68372
383.39453	913.57355
383.44629	917.24011
383.49808	910.30804
383.54984	911.34778
383.60162	917.75104
383.65338	917.45251
383.70517	910.73651
383.75693	910.24738
383.80872	917.09827
383.8605	913.88757
383.91226	910.92786
383.96405	910.73749
384.01581	915.65881
384.0676	917.54474
384.11935	914.3194
384.17114	912.89764
384.2229	918.81024
384.27469	917.06604
384.32645	914.6861
384.37823	914.96985
384.43002	915.94702
384.48178	917.62976
384.53357	917.53143
384.58533	912.56824
384.63712	912.78314
384.68887	915.76544
384.74066	911.8988
384.79242	913.92804
384.84421	915.74762
384.89597	917.43121
384.94775	916.83984
384.99954	912.20984
385.0513	912.12354
385.10309	916.64935
385.15485	916.07477
385.20663	909.04016
385.25839	911.19714
385.31018	917.2597
385.36194	914.81036
385.41373	911.20874
385.46548	908.41504
385.51727	912.61639
385.56906	914.44507
385.62082	909.3067
385.67261	910.53613
385.72437	917.44519
385.77615	912.39471
385.82791	911.73627
385.8797	914.45306
385.93146	913.16394
385.98325	913.06152
386.035	911.96161
386.08679	909.92316
386.13858	914.02368
386.19034	910.72388
386.24213	914.63782
386.29388	905.86731
386.34567	914.24231
386.39743	920.25281
386.44922	915.16443
386.50098	917.32129
386.55276	917.64063
386.60452	918.91577
386.65631	915.81323
386.7081	913.91998
386.75986	914.81696
386.81165	914.74658
386.8634	908.2713
386.91519	915.94647
386.96695	915.7373
387.01874	913.0943
387.0705	912.28864
387.12228	911.47449
387.17404	910.49329
387.22583	917.65784
387.27762	917.65875
387.32938	909.33087
387.38116	909.67462
387.43292	917.01666
387.48471	915.35101
387.53647	911.54395
387.58826	911.72339
387.64001	910.75873
387.6918	912.64459
387.74356	913.29993
387.79535	912.4718
387.84714	914.16321
387.8989	915.92236
387.95068	913.53668
388.00244	910.85748
388.05423	916.18341
388.10599	916.79449
388.15778	910.54822
388.20953	911.43872
388.26132	910.61951
388.31308	915.78217
388.36487	909.64886
388.41666	910.3338
388.46841	911.90253
388.5202	910.74927
388.57196	912.63574
388.62375	913.73859
388.67551	916.95746
388.72729	913.55939
388.77905	913.55743
388.83084	909.68243
388.8826	915.71393
388.93439	916.97943
388.98618	912.05902
389.03793	907.1131
389.08972	910.01166
389.14148	918.16211
389.19327	912.10712
389.24503	914.16528
389.29681	916.6084
389.34857	913.97565
389.40036	908.93787
389.45212	910.06732
389.50391	913.49518
389.55569	918.63208
389.60745	913.22815
389.65924	911.133
389.711	912.33417
389.76279	914.93262
389.81454	911.56531
389.86633	913.92072
389.91809	916.07526
389.96988	916.88342
390.02164	915.49707
390.07343	911.74982
390.12521	912.23773
390.17697	914.04932
390.22876	914.52985
390.28052	912.70172
390.33231	913.37988
390.38406	914.89856
390.43585	914.11414
390.48761	911.25513
390.5394	916.49261
390.59116	918.0304
390.64294	912.20819
390.69473	909.50677
390.74649	909.96033
390.79828	916.48297
390.85004	912.7774
390.90182	906.01361
390.95358	912.59137
391.00537	918.57837
391.05713	911.42761
391.10892	907.02411
391.16068	913.64606
391.21246	916.58429
391.26425	919.50214
391.31601	921.46039
391.3678	906.77533
391.41956	915.57031
391.47134	920.65283
391.5231	913.60468
391.57489	910.70575
391.62665	911.32977
391.67844	911.87848
391.73019	917.40125
391.78198	913.52991
391.83377	908.84625
391.88553	909.5
391.93732	912.21783
391.98907	912.93738
392.04086	912.57556
392.09262	914.5329
392.14441	913.052
392.19617	912.91956
392.24796	914.38776
392.29971	915.54596
392.3515	912.92255
392.40329	912.08252
392.45505	915.16174
392.50684	916.91803
392.55859	912.23035
392.61038	908.66559
392.66214	911.09717
392.71393	915.44855
392.76569	914.87561
392.81747	910.1955
392.86923	910.10547
392.92102	911.93237
392.97281	913.85675
393.02457	912.55597
393.07635	912.21942
393.12811	912.44025
393.1799	910.82581
393.23166	909.78638
393.28345	912.474
393.33521	915.59192
393.38699	910.10071
393.43875	911.68274
393.49054	907.70319
393.54233	913.50671
393.59409	909.07043
393.64587	913.13257
393.69763	907.64984
393.74942	915.90497
393.80118	915.94659
393.85297	907.29858
393.90472	904.98584
393.95651	920.1842
394.00827	917.45636
394.06006	914.987
394.11185	911.14081
394.1636	914.49561
394.21539	912.62897
394.26715	910.6109
394.31894	909.49933
394.3707	914.75238
394.42249	917.87653
394.47424	911.61029
394.52603	912.93365
394.57779	911.95685
394.62958	913.17285
394.68137	914.5509
394.73312	910.66547
394.78491	913.89636
394.83667	914.69177
394.88846	911.60187
394.94022	913.41168
394.992	917.11688
395.04376	921.78925
395.09555	917.62097
395.14731	908.81573
395.1991	909.19513
395.25089	911.31531
395.30264	910.55371
395.35443	913.117
395.40619	915.80957
395.45798	914.54034
395.50974	911.7981
395.56152	910.6875
395.61328	912.21283
395.66507	915.18011
395.71683	915.51794
395.76862	911.71521
395.8204	913.65057
395.87216	914.09528
395.92395	914.67596
395.97571	909.67377
396.0275	908.65729
396.07925	907.71198
396.13104	912.6709
396.1828	908.34216
396.23459	914.21246
396.28635	914.11566
396.33813	916.35327
396.38992	911.8266
396.44168	906.54877
396.49347	911.43201
396.54523	915.66559
396.59702	909.77972
396.64877	911.23047
396.70056	917.0144
396.75232	919.13934
396.80411	916.95538
396.85587	907.74103
396.90765	915.13818
396.95944	915.38812
397.0112	913.56158
397.06299	909.12433
397.11475	908.64856
397.16653	913.85638
397.21829	909.10046
397.27008	907.23987
397.32184	915.25836
397.37363	923.20746
397.42538	915.21411
397.47717	908.37982
397.52896	909.84192
397.58072	914.39624
397.63251	914.38251
397.68427	912.62885
397.73605	912.79895
397.78781	916.56494
397.8396	915.71912
397.89136	913.23621
397.94315	913.96497
397.9949	916.13867
398.04669	915.20496
398.09848	913.26062
398.15024	916.90533
398.20203	919.20502
398.25378	913.98572
398.30557	906.61981
398.35733	912.37939
398.40912	917.7254
398.46088	911.91821
398.51266	908.88007
398.56442	908.28204
398.61621	915.95135
398.668	917.71735
398.71976	916.29382
398.77155	915.3045
398.8233	910.39478
398.87509	913.30389
398.92685	911.45679
398.97864	910.77631
399.0304	914.54663
399.08218	917.72705
399.13394	914.63147
399.18573	909.49084
399.23752	914.92999
399.28928	916.04834
399.34106	908.18207
399.39282	914.4917
399.44461	915.16016
399.49637	912.69159
399.54816	913.09766
399.59991	909.32422
399.6517	913.29688
399.70346	916.67798
399.75525	917.1037
399.80704	909.9657
399.8588	916.30292
399.91058	915.33765
399.96234	912.26331
400.01413	906.77008
400.06589	914.99164
400.11768	915.88116
400.16943	914.85272
400.22122	911.70129
400.27298	914.4635
400.32477	913.33197
400.37656	911.81573
400.42831	914.6441
400.4801	916.31348
400.53186	914.76111
400.58365	911.05682
400.63541	912.81738
400.68719	915.65735
400.73895	914.06036
400.79074	913.47607
400.8425	911.95526
400.89429	912.90912
400.94608	913.96332
400.99783	911.09741
401.04962	910.90515
401.10138	913.2796
401.15317	913.29572
401.20493	912.61353
401.25671	912.59369
401.30847	911.55951
401.36026	912.20032
401.41202	914.4082
401.46381	914.03741
401.51559	914.03906
401.56735	913.87494
401.61914	915.0769
401.6709	912.6709
401.72269	913.32227
401.77444	914.53009
401.82623	914.49017
401.87799	911.58844
401.92978	912.79669
401.98154	914.99042
402.03333	914.91718
402.08511	909.87238
402.13687	908.68054
402.18866	914.67987
402.24042	914.1897
402.29221	910.26935
402.34396	913.82971
402.39575	913.94238
402.44751	909.46594
402.4993	910.31396
402.55106	915.23383
402.60284	912.91022
402.65463	910.35754
402.70639	906.76599
402.75818	910.24951
402.80994	909.25037
402.86172	913.07178
402.91348	910.90448
402.96527	917.20062
403.01703	914.63739
403.06882	913.19678
403.12057	912.28259
403.17236	912.74127
403.22412	916.0752
403.27591	914.71161
403.3277	911.26709
403.37946	916.32068
403.43124	917.11365
403.483	914.8158
403.53479	915.77142
403.58655	916.42126
403.63834	916.0827
403.69009	914.25226
403.74188	911.70795
403.79364	911.35773
403.84543	915.16382
403.89722	915.35236
403.94897	908.39807
404.00076	908.88287
404.05252	913.33728
404.10431	915.00214
404.15607	910.39532
404.20786	917.25562
404.25961	915.90057
404.3114	913.75745
404.36316	909.09955
404.41495	911.70996
404.46674	914.69177
404.51849	914.55096
404.57028	911.12915
404.62204	915.07355
404.67383	909.4696
404.72559	915.17859
404.77737	916.94446
404.82913	908.61945
404.88092	913.95221
404.93268	908.36322
404.98447	909.94623
405.03625	910.07739
405.08801	916.74402
405.1398	914.53094
405.19156	913.64282
405.24335	909.84711
405.2951	911.87317
405.34689	914.90265
405.39865	911.36371
405.45044	910.04761
405.5022	911.48132
405.55399	915.87518
405.60577	910.43762
405.65753	914.56128
405.70932	916.6286
405.76108	919.19745
405.81287	915.61365
405.86462	910.37891
405.91641	912.2547
405.96817	917.67102
406.01996	917.22089
406.07172	912.30725
406.1235	913.04639
406.17529	916.43719
406.22705	914.88904
406.27884	911.78833
406.3306	912.80762
406.38239	915.87274
406.43414	915.46387
406.48593	911.31586
406.53769	911.70245
406.58948	913.46545
406.64124	912.58429
406.69302	910.5321
406.74481	912.45441
406.79657	912.17004
406.84836	910.78094
406.90012	910.30548
406.9519	912.62451
407.00366	913.47516
407.05545	909.87927
407.10721	914.68732
407.159	910.98346
407.21075	912.34149
407.26254	907.9325
407.31433	918.64447
407.36609	910.31909
407.41788	911.77289
407.46964	911.90222
407.52142	912.34393
407.57318	912.82971
407.62497	913.31543
407.67673	915.4566
407.72852	913.06018
407.78027	907.66595
407.83206	912.11078
407.88385	916.84674
407.93561	912.0882
407.9874	911.26801
408.03915	914.58319
408.09094	914.86835
408.1427	912.75781
408.19449	910.92395
408.24625	911.24078
408.29803	913.56848
408.34979	914.28455
408.40158	911.43561
408.45337	915.98987
408.50513	918.15283
408.55692	913.82391
408.60867	911.79828
408.66046	909.74512
408.71222	910.92419
408.76401	912.19556
408.81577	910.97772
408.86755	910.04077
408.91931	915.42993
408.9711	913.70917
409.02289	906.26416
409.07465	912.98254
409.12643	917.66315
409.17819	916.62231
409.22998	913.87872
409.28174	913.15851
409.33353	916.64288
409.38528	912.99359
409.43707	910.85876
409.48883	908.08508
409.54062	911.90826
409.59241	919.75262
409.64417	910.85516
409.69595	914.242
409.74771	914.23822
409.7995	913.75012
409.85126	912.78302
409.90305	909.48187
409.9548	915.56671
410.00659	910.90558
410.05835	913.24237
410.11014	911.60291
410.16193	912.44318
410.21368	915.91333
410.26547	910.83905
410.31723	911.47925
410.36902	915.52386
410.42078	917.04938
410.47256	910.20056
410.52432	907.52118
410.57611	912.60638
410.62787	914.22058
410.67966	912.74786
410.73145	909.49121
410.7832	910.53369
410.83499	912.93677
410.88675	912.88983
410.93854	912.39648
410.9903	913.86823
411.04208	912.82208
411.09384	911.89148
411.14563	912.06183
411.19739	910.47217
411.24918	914.48828
411.30096	915.3407
411.35272	912.77618
411.40451	912.77106
411.45627	913.96246
411.50806	913.04163
411.55981	911.07971
411.6116	911.06555
411.66336	914.81946
411.71515	911.38776
411.76691	909.22852
411.8187	912.89484
411.87048	916.73376
411.92224	913.92065
411.97403	909.2276
412.02579	910.85144
412.07758	914.15784
412.12933	915.66113
412.18112	917.96814
412.23288	912.57703
412.28467	915.97272
412.33643	915.57397
412.38821	907.59747
412.44	919.39569
412.49176	916.96295
412.54355	914.78912
412.59531	914.53326
412.64709	910.78094
412.69885	916.12
412.75064	916.33398
412.8024	910.61707
412.85419	908.6391
412.90594	912.16431
412.95773	915.28265
413.00952	913.9342
413.06128	911.3266
413.11307	912.76678
413.16483	916.8197
413.21661	915.75317
413.26837	911.63519
413.32016	913.38452
413.37192	915.43042
413.42371	913.39398
413.47546	912.22296
413.52725	913.43738
413.57904	915.3927
413.6308	915.56891
413.68259	912.75592
413.73434	913.07916
413.78613	916.37183
413.83789	915.0802
413.88968	912.72278
413.94144	910.88989
413.99323	915.29401
414.04498	917.8645
414.09677	913.93469
414.14856	910.06348
414.20032	919.36438
414.25211	915.5014
414.30386	908.27191
414.35565	910.46826
414.40741	913.05164
414.4592	910.89911
414.51096	911.2959
414.56274	914.81195
414.6145	914.00635
414.66629	915.8645
414.71808	915.27686
414.76984	909.88257
414.82162	911.82983
414.87338	914.74493
414.92517	909.23694
414.97693	911.15723
415.02872	913.60248
415.08047	921.75439
415.13226	916.42041
415.18402	909.90387
415.23581	908.43475
415.2876	916.70795
415.33936	912.23041
415.39114	912.60229
415.4429	914.065
415.49469	913.25
415.54645	910.73181
415.59824	910.83179
415.64999	910.98535
415.70178	916.21588
415.75354	911.91241
415.80533	906.11041
415.85712	913.64673
415.90887	917.29346
415.96066	913.41528
416.01242	910.24011
416.06421	910.51807
416.11597	913.70667
416.16776	911.63025
416.21951	908.57916
416.2713	910.89166
416.32306	913.34674
416.37485	914.07123
416.42664	910.90179
416.47839	912.77039
416.53018	916.96179
416.58194	913.91724
416.63373	909.50317
416.68549	908.02759
416.73727	914.29547
416.78903	915.89777
416.84082	909.2276
416.89258	910.71936
416.94437	917.95416
416.99615	918.672
417.04791	914.45752
417.0997	909.81641
417.15146	919.86157
417.20325	916.01227
417.255	920.79541
417.30679	910.29425
417.35855	916.17108
417.41034	916.18671
417.4621	908.04865
417.51389	916.58136
417.56567	921.76129
417.61743	915.89111
417.66922	911.21991
417.72098	909.80688
417.77277	912.59381
417.82452	911.11133
417.87631	913.4472
417.92807	909.47888
417.97986	910.4212
418.03162	915.20428
418.0834	911.96399
418.13519	908.73572
418.18695	914.92542
418.23874	914.49951
418.2905	911.9834
418.34229	910.37891
418.39404	914.11902
418.44583	916.82178
418.49759	912.68005
418.54938	910.95789
418.60114	915.49188
418.65292	916.84003
418.70471	912.92383
418.75647	911.74603
418.80826	913.75031
418.86002	915.2168
418.9118	915.67529
418.96356	914.30731
419.01535	911.79688
419.06711	913.18512
419.1189	919.25165
419.17065	916.79669
419.22244	914.19946
419.27423	910.45605
419.32599	908.01941
419.37778	914.27191
419.42953	914.73071
419.48132	914.56946
419.53308	918.02692
419.58487	913.03015
419.63663	913.21924
419.68842	915.66949
419.74017	923.94098
419.79196	913.2951
419.84375	916.75848
419.89551	912.315
419.9473	921.87885
419.99905	911.08783
420.05084	913.42694
420.1026	918.73315
420.15439	918.05566
420.20615	912.96057
420.25793	912.48163
420.30969	916.41479
420.36148	913.97986
420.41327	914.72406
420.46503	911.29358
420.51682	910.46301
420.56857	916.29126
420.62036	913.40607
420.67212	912.69037
420.72391	915.46466
420.77567	921.34198
420.82745	913.91626
420.87921	909.43695
420.931	912.96228
420.98279	914.30731
421.03455	913.62427
421.08633	912.25549
421.13809	915.08246
421.18988	917.37018
421.24164	912.71057
421.29343	909.91858
421.34518	915.52386
421.39697	917.83105
421.44873	912.43372
421.50052	909.82056
421.55231	914.06964
421.60406	918.80023
421.65585	916.9552
421.70761	913.797
421.7594	913.53149
421.81116	916.52313
421.86295	910.92584
421.9147	909.5882
421.96649	910.0058
422.01825	913.59052
422.07004	913.2702
422.12183	909.74152
422.17358	912.14526
422.22537	914.96686
422.27713	910.8244
422.32892	914.4931
422.38068	918.92566
422.43246	915.4892
422.48422	917.13342
422.53601	914.23108
422.58777	912.39795
422.63956	915.82855
422.69135	919.25714
422.7431	916.40314
422.79489	914.40363
422.84665	915.22388
422.89844	915.74615
422.9502	909.55585
423.00198	909.65527
423.05374	908.50293
423.10553	916.18854
423.15729	912.89154
423.20908	912.16663
423.26086	914.59198
423.31262	917.15326
423.36441	912.96515
423.41617	907.66211
423.46796	910.44635
423.51971	917.00934
423.5715	914.2843
423.62326	913.02386
423.67505	917.78583
423.72681	917.81561
423.77859	912.42584
423.83038	911.70557
423.88214	912.94739
423.93393	917.20392
423.98569	916.37708
424.03748	911.46466
424.08923	912.61877
424.14102	916.91534
424.19278	914.78369
424.24457	909.76514
424.29633	915.06281
424.34811	916.61755
424.39987	912.82642
424.45166	910.31854
424.50345	910.1922
424.55521	917.22137
424.60699	915.32404
424.65875	912.2453
424.71054	911.97906
424.7623	917.80621
424.81409	912.12213
424.86584	908.89832
424.91763	912.81958
424.96939	915.69397
425.02118	912.81183
425.07297	910.5791
425.12473	910.45776
425.17651	913.21808
425.22827	908.48578
425.28006	914.72925
425.33182	917.60767
425.38361	917.11334
425.43536	915.63898
425.48715	907.91516
425.53891	905.24536
425.5907	911.5639
425.64249	917.97632
425.69424	912.38708
425.74603	910.71918
425.79779	916.95142
425.84958	915.17267
425.90134	910.92297
425.95313	912.84698
426.00488	912.4068
426.05667	917.72949
426.10843	909.98486
426.16022	913.37616
426.21201	917.80078
426.26376	919.91064
426.31555	912.26953
426.36731	910.29358
426.4191	912.16278
426.47086	916.4743
426.52264	915.50525
426.5744	912.45819
426.62619	915.59863
426.67795	918.25378
426.72974	911.85895
426.78152	909.22516
426.83328	914.64838
426.88507	916.54761
426.93683	915.56232
426.98862	911.42676
427.04037	910.10803
427.09216	914.53271
427.14392	911.34668
427.19571	909.86591
427.24747	913.95142
427.29926	916.20258
427.35104	914.61627
427.4028	914.42432
427.45459	913.46997
427.50635	916.13275
427.55814	918.98328
427.60989	914.95856
427.66168	913.21771
427.71344	915.48877
427.76523	920.22949
427.81699	914.69659
427.86877	906.40814
427.92056	910.99658
427.97232	916.48175
428.02411	910.22186
428.07587	906.83472
428.12766	919.39539
428.17941	917.91895
428.2312	910.09326
428.28296	909.42505
428.33475	913.15967
428.38651	915.70062
428.43829	910.02405
428.49008	911.15845
428.54184	912.25183
428.59363	914.92633
428.64539	914.13367
428.69717	915.49683
428.74893	910.31921
428.80072	911.57874
428.85248	914.25464
428.90427	913.01428
428.95602	914.51447
429.00781	916.05334
429.0596	912.93188
429.11136	910.67938
429.16315	914.86859
429.2149	915.45099
429.26669	911.28107
429.31845	912.29071
429.37024	914.03882
429.422	917.15704
429.47379	917.13019
429.52554	910.65918
429.57733	911.3219
429.62912	911.94305
429.68088	908.96552
429.73267	912.53278
429.78442	914.22485
429.83621	914.63818
429.88797	917.4845
429.93976	914.2337
429.99152	909.34784
430.0433	914.65131
430.09506	917.12408
430.14685	908.57104
430.19864	911.53308
430.2504	918.19043
430.30219	917.05432
430.35394	907.35614
430.40573	913.06726
430.45749	915.59808
430.50928	920.1955
430.56104	914.77051
430.61282	912.78998
430.66458	915.93079
430.71637	913.06262
430.76816	907.52039
430.81992	910.9881
430.8717	914.93579
430.92346	919.50159
430.97525	928.52704
431.02701	914.28729
431.0788	914.20282
431.13055	913.24048
431.18234	914.60583
431.2341	913.3075
431.28589	918.61536
431.33768	912.97595
431.38943	912.61481
431.44122	913.52777
431.49298	917.83752
431.54477	914.18573
431.59653	915.95532
431.64832	914.32373
431.70007	911.755
431.75186	915.6153
431.80362	914.97437
431.85541	911.67017
431.9072	913.74817
431.95895	915.81146
432.01074	913.5191
432.0625	910.85962
432.11429	915.38391
432.16605	918.62457
432.21783	913.66785
432.26959	912.94128
432.32138	914.83978
432.37314	918.0517
432.42493	915.47797
432.47672	914.54559
432.52847	916.71808
432.58026	914.32397
432.63202	914.37061
432.68381	913.66437
432.73557	915.71582
432.78735	918.99878
432.83911	917.33673
432.8909	913.07983
432.94266	910.41119
432.99445	917.64893
433.04623	918.37024
433.09799	912.05743
433.14978	913.10693
433.20154	916.04999
433.25333	914.22198
433.30508	908.4635
433.35687	910.71344
433.40863	913.71021
433.46042	915.16132
433.51218	917.9682
433.56396	915.07397
433.61575	918.65405
433.66751	915.25562
433.7193	912.40869
433.77106	910.90442
433.82285	909.23047
433.8746	915.54413
433.92639	917.99615
433.97815	905.23151
434.02994	909.81073
434.0817	918.97809
434.13348	920.41235
434.18527	913.64087
434.23703	909.84601
434.28882	917.36035
434.34058	912.45593
434.39236	911.46436
434.44412	909.81213
434.49591	914.6994
434.54767	912.79565
434.59946	911.94934
434.65121	911.94562
434.703	918.9436
434.75479	912.44397
434.80655	915.25153
434.85834	917.58838
434.9101	919.09497
434.96188	914.40186
435.01364	913.31641
435.06543	912.8786
435.11719	914.00372
435.16898	911.05682
435.22073	908.74908
435.27252	912.12848
435.32431	912.54858
435.37607	909.61639
435.42786	912.33759
435.47961	913.29114
435.5314	909.8822
435.58316	911.20361
435.63495	913.29932
435.68671	915.09204
435.73849	913.9447
435.79025	911.78345
435.84204	914.97198
435.89383	914.20111
435.94559	917.45508
435.99738	918.26959
436.04913	910.62787
436.10092	910.50641
436.15268	919.32098
436.20447	911.24731
436.25623	909.65619
436.30801	911.62592
436.35977	915.18842
436.41156	914.58148
436.46335	905.54547
436.51511	917.9826
436.56689	915.63678
436.61865	914.30408
436.67044	913.94098
436.7222	910.23596
436.77399	916.60992
436.82574	912.78912
436.87753	912.76221
436.92929	910.79266
436.98108	910.28931
437.03287	915.07611
437.08463	909.13885
437.13641	909.22992
437.18817	915.62732
437.23996	916.70544
437.29172	909.31744
437.34351	915.97382
437.39526	915.56635
437.44705	916.0683
437.49881	909.38293
437.5506	914.44965
437.60239	911.59723
437.65414	915.51874
437.70593	912.79456
437.75769	912.66498
437.80948	914.62793
437.86124	911.43097
437.91302	907.6983
437.96478	909.64923
438.01657	914.38892
438.06833	916.81995
438.12012	913.27527
438.17191	912.15747
438.22366	912.90387
438.27545	913.78986
438.32721	914.14557
438.379	912.63989
438.43076	913.68134
438.48254	916.15472
438.5343	916.19806
438.58609	911.82617
438.63785	910.19849
438.68964	915.82465
438.74142	916.34802
438.79318	913.83948
438.84497	913.77661
438.89673	914.36609
438.94852	913.80072
439.00027	909.71619
439.05206	913.87903
439.10382	915.48352
439.15561	916.05414
439.20737	915.74744
439.25916	908.9776
439.31094	914.67822
439.3627	912.90704
439.41449	913.10876
439.46625	917.35016
439.51804	915.57233
439.56979	911.86078
439.62158	907.08789
439.67334	908.52521
439.72513	921.12476
439.77689	915.84637
439.82867	912.27704
439.88046	906.73328
439.93222	911.57343
439.98401	912.0614
440.03577	908.12708
440.08755	912.40247
440.13931	912.07574
440.1911	920.90784
440.24286	910.54883
440.29465	909.53943
440.34641	911.74371
440.39819	912.46533
440.44998	919.75507
440.50174	915.18854
440.55353	914.83795
440.60529	919.82141
440.65707	911.60797
440.70883	908.62604
440.76062	913.76056
440.81238	918.80591
440.86417	914.61591
440.91592	910.74182
440.96771	916.84174
441.0195	920.99048
441.07126	914.63477
441.12305	912.25134
441.1748	916.07251
441.22659	915.25977
441.27835	910.53717
441.33014	912.45349
441.3819	915.73779
441.43369	913.80902
441.48544	910.13068
441.53723	907.44122
441.58902	914.25256
441.64078	919.84979
441.69257	911.70441
441.74432	908.508
441.79611	914.54376
441.84787	916.81854
441.89966	912.41644
441.95142	910.09564
442.0032	915.95215
442.05496	916.74231
442.10675	915.7597
442.15854	912.70929
442.2103	909.63214
442.26208	912.63879
442.31384	915.37524
442.36563	912.67346
442.41739	910.36212
442.46918	915.59393
442.52094	915.30908
442.57272	910.60767
442.62448	910.10132
442.67627	914.67169
442.72806	918.71576
442.77982	913.96252
442.8316	911.05127
442.88336	913.13757
442.93515	915.83069
442.98691	908.27228
443.0387	907.02325
443.09045	912.41241
443.14224	916.83075
443.194	910.43054
443.24579	906.93842
443.29758	913.9649
443.34933	916.66034
443.40112	914.5163
443.45288	909.34094
443.50467	910.14026
443.55643	913.79266
443.60822	910.02295
443.65997	909.29718
443.71176	913.41174
443.76352	915.09735
443.81531	910.13928
443.8671	914.98572
443.91885	914.50037
443.97064	914.14648
444.0224	913.54358
444.07419	910.42096
444.12595	915.17682
444.17773	921.15869
444.22949	913.46271
444.28128	909.7243
444.33304	912.46051
444.38483	916.20923
444.43661	914.44061
444.48837	911.94537
444.54016	910.31317
444.59192	910.88721
444.64371	912.76288
444.69547	910.09973
444.74725	911.50775
444.79901	914.9823
444.8508	910.42761
444.90256	908.26587
444.95435	913.79413
445.00613	915.14709
445.05789	911.69659
445.10968	910.90552
445.16144	910.44501
445.21323	911.14185
445.26498	906.02393
445.31677	902.64038
445.36853	912.30383
445.42032	912.77264
445.47208	909.81665
445.52386	909.66992
445.57562	914.15094
445.62741	911.86407
445.6792	913.82129
445.73096	911.5213
445.78275	908.08978
445.8345	911.88025
445.88629	911.18884
445.93805	912.28906
445.98984	902.7099
446.0416	913.84686
446.09338	915.43176
446.14514	913.45978
446.19693	911.51874
446.24872	910.78271
446.30048	923.79706
446.35226	914.47382
446.40402	907.10712
446.45581	912.51892
446.50757	916.95752
446.55936	912.31494
446.61111	906.91833
446.6629	907.96619
446.71466	915.7959
446.76645	910.32465
446.81824	906.0625
446.87	917.62598
446.92178	916.1781
446.97354	910.57733
447.02533	909.14758
447.07709	914.64722
447.12888	916.43958
447.18063	911.9314
447.23242	910.16364
447.28418	912.24866
447.33597	915.55988
447.38776	915.46887
447.43951	913.29675
447.4913	910.49341
447.54306	913.81201
447.59485	910.3548
447.64661	907.45844
447.69839	908.87622
447.75015	911.40887
447.80194	912.02118
447.8537	914.01929
447.90549	917.23224
447.95728	914.99457
448.00903	912.44965
448.06082	911.00134
448.11258	911.90503
448.16437	913.88306
448.21613	913.50684
448.26791	912.84229
448.31967	912.93372
448.37146	916.35321
448.42322	914.80865
448.47501	911.24994
448.52679	909.33459
448.57855	912.74219
448.63034	914.82489
448.6821	914.20642
448.73389	916.14526
448.78564	915.72186
448.83743	917.37823
448.88919	914.49902
448.94098	911.38263
448.99274	913.94525
449.04453	912.13538
449.09631	911.25439
449.14807	910.0575
449.19986	909.70428
449.25162	910.78186
449.30341	912.11462
449.35516	910.80554
449.40695	914.63513
449.45871	912.41467
449.5105	910.08344
449.56226	916.13379
449.61404	913.4726
449.66583	913.52478
449.71759	913.76465
449.76938	913.935
449.82114	912.97638
449.87292	912.2478
449.92468	915.5578
449.97647	913.88007
450.02823	912.05206
450.08002	913.22406
450.13177	907.88202
450.18356	911.42694
450.23535	914.93604
450.28711	910.99274
450.3389	913.59088
450.39066	914.32727
450.44244	912.13373
450.4942	914.15167
450.54599	914.30548
450.59775	911.16406
450.64954	909.77032
450.70129	908.75604
450.75308	913.12653
450.80487	915.33649
450.85663	911.10687
450.90842	915.71259
450.96017	912.0014
451.01196	910.39648
451.06372	915.14178
451.11551	915.12366
451.16727	913.42438
451.21906	916.45264
451.27081	914.3916
451.3226	912.76801
451.37439	914.15631
451.42615	916.67682
451.47794	913.83881
451.52969	907.69159
451.58148	911.37085
451.63324	912.13849
451.68503	909.93549
451.73679	911.51727
451.78857	911.31799
451.84033	911.30865
451.89212	912.51251
451.94391	913.12762
451.99567	913.04913
452.04745	915.56348
452.09921	914.89203
452.151	912.2113
452.20276	910.74561
452.25455	913.36853
452.3063	912.33856
452.35809	912.71411
452.40985	912.11053
452.46164	912.63739
452.51343	911.0838
452.56519	916.09192
452.61697	913.20233
452.66873	912.88165
452.72052	907.79407
452.77228	911.45148
452.82407	907.35114
452.87582	910.04254
452.92761	910.13751
452.97937	911.41815
453.03116	909.03308
453.08295	909.10016
453.1347	915.47864
453.18649	910.16449
453.23825	907.62988
453.29004	915.02118
453.3418	915.0542
453.39359	909.15076
453.44534	908.50775
453.49713	908.93756
453.54889	913.23938
453.60068	911.09564
453.65247	911.71191
453.70422	917.93915
453.75601	920.651
453.80777	910.76654
453.85956	909.69934
453.91132	914.80371
453.9631	914.71997
454.01486	913.63098
454.06665	915.13623
454.11841	914.99408
454.1702	915.09393
454.22198	912.70465
454.27374	910.95734
454.32553	915.27606
454.37729	917.33496
454.42908	912.66687
454.48083	911.27252
454.53262	911.17755
454.58438	911.62592
454.63617	915.33978
454.68793	911.97943
454.73972	908.95544
454.7915	914.99664
454.84326	913.56464
454.89505	907.86536
454.94681	911.39825
454.9986	914.74194
455.05035	914.2478
455.10214	911.14697
455.1539	907.93439
455.20569	913.91095
455.25745	911.41418
455.30923	915.77673
455.36102	916.15051
455.41278	917.69281
455.46457	911.88879
455.51633	907.78998
455.56812	910.60486
455.61987	913.98212
455.67166	908.14703
455.72342	909.81848
455.77521	904.69928
455.82697	909.31012
455.87875	916.49591
455.93054	907.37701
455.9823	908.3595
456.03409	910.81213
456.08585	916.16632
456.13763	912.07336
456.18939	908.58099
456.24118	916.10388
456.29294	917.73041
456.34473	905.97949
456.39648	914.65039
456.44827	911.6908
456.50006	913.29657
456.55182	913.8186
456.60361	916.5777
456.65536	915.76947
456.70715	917.57056
456.75891	913.15271
456.8107	906.99158
456.86246	909.50513
456.91425	912.66229
456.966	909.96808
457.01779	908.29028
457.06958	910.49139
457.12134	914.53864
457.17313	912.41638
457.22488	908.047
457.27667	911.2486
457.32843	915.5838
457.38022	912.3382
457.43198	907.75232
457.48376	911.1604
457.53552	914.81659
457.58731	913.52881
457.6391	912.81665
457.69086	912.24927
457.74265	915.25018
457.7944	917.25397
457.84619	912.69153
457.89795	912.43304
457.94974	914.06403
458.0015	913.63501
458.05328	909.89819
458.10504	908.39001
458.15683	913.76111
458.20862	914.65601
458.26038	907.87653
458.31216	908.26929
458.36392	914.39838
458.41571	914.08411
458.46747	909.86377
458.51926	915.92328
458.57101	914.91644
458.6228	919.67957
458.67456	914.37762
458.72635	905.9574
458.77814	909.98395
458.8299	915.37061
458.88168	906.2774
458.93344	912.65955
458.98523	918.55505
459.03699	908.55414
459.08878	906.27307
459.14053	915.44525
459.19232	917.06866
459.24408	918.49445
459.29587	906.38641
459.34766	910.6579
459.39941	912.0658
459.4512	915.02533
459.50296	909.18555
459.55475	910.79224
459.60651	912.79047
459.65829	914.26105
459.71005	913.88904
459.76184	910.38422
459.8136	914.74005
459.86539	912.66125
459.91718	908.2757
459.96893	907.76117
460.02072	912.22388
460.07248	915.22021
460.12427	914.40314
460.17603	914.76105
460.22781	912.20917
460.27957	912.6012
460.33136	912.70416
460.38312	911.09772
460.43491	912.32532
460.48669	915.70837
460.53845	917.65436
460.59024	915.2417
460.642	913.14294
460.69379	913.18024
460.74554	912.69159
460.79733	911.68451
460.84909	913.73578
460.90088	915.07574
460.95264	915.11005
461.00443	910.89441
461.05621	912.13318
461.10797	916.44885
461.15976	915.88196
461.21152	911.51019
461.26331	912.92133
461.31506	914.25897
461.36685	920.00012
461.41861	914.59338
461.4704	910.39856
461.52216	913.52637
461.57394	919.30676
461.62573	914.36169
461.67749	917.00519
461.72928	911.9353
461.78104	917.53076
461.83282	908.70721
461.88458	915.0625
461.93637	919.48254
461.98813	914.09119
462.03992	912.05505
462.09167	911.9812
462.14346	913.3739
462.19525	919.86914
462.24701	908.81854
462.2988	912.30493
462.35056	918.13904
462.40234	917.27179
462.4541	911.57312
462.50589	908.42682
462.55765	911.1311
462.60944	919.33606
462.66119	910.41351
462.71298	905.82745
462.76477	914.89001
462.81653	913.11316
462.86832	908.85443
462.92007	910.63593
462.97186	913.90521
463.02362	916.85205
463.07541	914.48004
463.12717	914.54816
463.17896	915.6189
463.23071	919.14972
463.2825	916.60767
463.33429	913.21722
463.38605	914.68903
463.43784	915.39917
463.48959	911.95972
463.54138	909.81433
463.59314	912.76086
463.64493	915.047
463.69669	914.40131
463.74847	910.14343
463.80023	909.80121
463.85202	916.05322
463.90381	917.26746
463.95557	914.53741
464.00735	914.86456
464.05911	915.93323
464.1109	916.18634
464.16266	911.80945
464.21445	913.96783
464.2662	913.68561
464.31799	916.01166
464.36975	913.91547
464.42154	911.56805
464.47333	916.57733
464.52509	914.55322
464.57687	909.98248
464.62863	908.19403
464.68042	911.77728
464.73218	919.46271
464.78397	915.85352
464.83572	916.4538
464.88751	918.73206
464.93927	916.64746
464.99106	909.8075
465.04285	910.29608
465.0946	917.10834
465.14639	913.46967
465.19815	911.8822
465.24994	909.48041
465.3017	911.55157
465.35349	913.11725
465.40524	915.46265
465.45703	912.349
465.50879	910.93274
465.56058	915.30103
465.61237	915.8631
465.66412	911.80951
465.71591	910.37329
465.76767	912.90973
465.81946	914.86621
465.87122	910.17712
465.923	912.49786
465.97476	916.6662
466.02655	916.39081
466.07831	911.12634
466.1301	913.55304
466.18188	917.17078
466.23364	914.37726
466.28543	913.11511
466.33719	915.16443
466.38898	917.90082
466.44073	913.2326
466.49252	911.90552
466.54428	916.23193
466.59607	914.23981
466.64783	910.9646
466.69962	907.23492
466.75137	907.65314
466.80316	914.26697
466.85495	913.83331
466.90671	911.78296
466.9585	915.34601
467.01025	917.49951
467.06204	912.9837
467.1138	911.34393
467.16559	910.98694
467.21735	911.22131
467.26913	911.01288
467.32089	912.76385
467.37268	911.7843
467.42447	913.20691
467.47623	915.67639
467.52802	912.4516
467.57977	913.0929
467.63156	910.55945
467.68332	910.90131
467.73511	914.18732
467.78687	908.6731
467.83865	912.8894
467.89041	915.39014
467.9422	917.87494
467.99399	914.6767
468.04575	915.96942
468.09753	924.28906
468.14929	910.10889
468.20108	909.61407
468.25284	913.98962
468.30463	917.45648
468.35638	914.30347
468.40817	908.0788
468.45993	917.59613
468.51172	913.22998
468.56351	911.70953
468.61526	914.59912
468.66705	914.65814
468.71881	912.50488
468.7706	911.26117
468.82236	919.039
468.87415	915.99329
468.9259	917.62415
468.97769	916.68951
469.02945	912.76038
469.08124	911.91382
469.13303	911.70203
469.18478	912.23383
469.23657	912.54596
469.28833	916.133
469.34012	915.81079
469.39188	912.98425
469.44366	912.94025
469.49542	912.05908
469.54721	916.17993
469.59897	917.51917
469.65076	914.43933
469.70255	913.25519
469.7543	912.50562
469.80609	912.01129
469.85785	911.29272
469.90964	913.73242
469.9614	918.16962
470.01318	916.2088
470.06494	911.87567
470.11673	914.17145
470.16849	919.37091
470.22028	917.78949
470.27206	913.98285
470.32382	914.64825
470.37561	914.86249
470.42737	912.32233
470.47916	911.3974
470.53091	911.86212
470.5827	917.60205
470.63446	917.90552
470.68625	912.9577
470.73801	913.36963
470.78979	915.52771
470.84158	916.8031
470.89334	911.12457
470.94513	910.01947
470.99689	913.76117
471.04868	916.2182
471.10043	917.70361
471.15222	911.25647
471.20398	915.05786
471.25577	916.62329
471.30753	911.05817
471.35931	914.96332
471.4111	917.42511
471.46286	920.86621
471.51465	913.62134
471.56641	911.01385
471.61819	909.49072
471.66995	920.49536
471.72174	916.39557
471.7735	909.19019
471.82529	914.9707
471.87704	920.62738
471.92883	917.15015
471.98062	914.30151
472.03238	916.72858
472.08417	916.97272
472.13593	909.41864
472.18771	907.36627
472.23947	914.5166
472.29126	916.85992
472.34302	916.13495
472.39481	913.73462
472.44656	913.54144
472.49835	916.88605
472.55014	914.38593
472.6019	910.7301
472.65369	910.46655
472.70544	914.51324
472.75723	915.33722
472.80899	913.1637
472.86078	915.15875
472.91254	917.04657
472.96432	914.4082
473.01608	909.71399
473.06787	912.11035
473.11966	917.05426
473.17142	918.01746
473.22321	915.5946
473.27496	911.57855
473.32675	911.72461
473.37851	912.49994
473.4303	911.40125
473.48206	910.24146
473.53384	913.6156
473.5856	915.72852
473.63739	912.60352
473.68918	912.9964
473.74094	919.38135
473.79272	917.72888
473.84448	912.59546
473.89627	917.85651
473.94803	914.89392
473.99982	914.32605
474.05157	915.18915
474.10336	911.94037
474.15512	915.93018
474.20691	920.74158
474.2587	917.02515
474.31046	911.12439
474.36224	916.91553
474.414	917.80737
474.46579	914.31799
474.51755	915.18652
474.56934	914.90222
474.62109	917.29071
474.67288	908.36316
474.72464	913.26373
474.77643	916.70685
474.82822	911.2926
474.87997	910.23291
474.93176	910.67615
474.98352	913.5119
475.03531	916.00244
475.08707	910.28418
475.13885	904.32739
475.19061	911.14935
475.2424	914.76941
475.29416	911.36017
475.34595	914.00555
475.39774	915.07959
475.44949	919.18103
475.50128	914.65222
475.55304	915.09259
475.60483	916.79413
475.65659	920.49579
475.70837	914.37982
475.76013	911.29254
475.81192	915.33032
475.86368	916.46002
475.91547	911.80157
475.96725	912.24469
476.01901	915.86304
476.0708	919.61932
476.12256	912.92847
476.17435	910.58478
476.2261	912.04285
476.27789	913.3042
476.32965	914.34033
476.38144	915.1759
476.4332	917.91882
476.48499	917.34369
476.53677	912.66321
476.58853	909.86176
476.64032	913.48859
476.69208	915.21234
476.74387	913.08636
476.79562	911.98712
476.84741	910.57007
476.89917	916.22992
476.95096	915.12585
477.00272	910.24988
477.0545	910.73914
477.10629	912.68591
477.15805	915.29083
477.20984	911.94183
477.2616	909.73425
477.31339	912.86279
477.36514	910.17578
477.41693	912.16534
477.46869	912.76501
477.52048	913.95264
477.57224	914.87048
477.62402	911.59509
477.67581	910.98334
477.72757	917.79651
477.77936	912.60382
477.83112	907.34137
477.8829	913.98157
477.93466	917.88434
477.98645	916.36676
478.03821	914.24725
478.09	910.31177
478.14175	916.88831
478.19354	912.9859
478.24533	911.9975
478.29709	910.02405
478.34888	920.17865
478.40063	917.6214
478.45242	916.54346
478.50418	909.0697
478.55597	914.40448
478.60773	921.70605
478.65952	914.08624
478.71127	912.53497
478.76306	913.31946
478.81485	916.81842
478.86661	913.33862
478.9184	910.02673
478.97015	913.03149
479.02194	916.68304
479.0737	912.0835
479.12549	909.3158
479.17725	914.46973
479.22903	913.90735
479.28079	910.10132
479.33258	908.23724
479.38437	908.60718
479.43613	914.24359
479.48792	916.92157
479.53967	924.8667
479.59146	923.51306
479.64322	915.36066
479.69501	915.9649
479.74677	913.492
479.79855	914.97559
479.85031	916.97644
479.9021	908.17505
479.95389	906.31696
480.00565	911.90875
480.05743	915.84564
480.10919	915.75903
480.16098	912.64911
480.21274	912.37738
480.26453	913.2431
480.31628	913.11182
480.36807	911.36798
480.41983	912.53906
480.47162	914.92749
480.52341	914.58893
480.57516	913.92224
480.62695	917.18634
480.67871	917.84906
480.7305	915.40149
480.78226	911.73651
480.83405	916.89386
480.8858	916.89038
480.93759	912.21161
480.98935	911.26825
481.04114	914.98798
481.09293	916.70569
481.14468	913.55316
481.19647	909.78448
481.24823	908.54028
481.30002	915.55743
481.35178	919.06543
481.40356	913.70087
481.45532	910.10144
481.50711	916.79865
481.55887	916.36536
481.61066	911.48438
481.66245	914.46539
481.7142	917.73187
481.76599	916.25
481.81775	914.76807
481.86954	913.28632
481.9213	911.80359
481.97308	918.04712
482.02484	915.41266
482.07663	913.85797
482.12839	917.91693
482.18018	917.80292
482.23196	917.75446
482.28372	912.90302
482.33551	914.85028
482.38727	914.81854
482.43906	913.06305
482.49081	915.21472
482.5426	918.16895
482.59436	919.92841
482.64615	918.27106
482.69791	922.72803
482.74969	915.15759
482.80148	916.6698
482.85324	916.76141
482.90503	913.71521
482.95679	912.71033
483.00858	913.73615
483.06033	913.86816
483.11212	915.34607
483.16388	915.23163
483.21567	917.21552
483.26743	916.53326
483.31921	916.99615
483.371	915.53577
483.42276	915.98114
483.47455	915.43518
483.52631	913.94928
483.57809	914.97284
483.62985	918.26776
483.68164	917.12585
483.7334	910.95624
483.78519	910.31183
483.83694	913.81738
483.88873	913.35095
483.94052	910.05786
483.99228	909.49402
484.04407	913.71527
484.09583	915.76776
484.14761	913.28351
484.19937	914.58234
484.25116	915.75909
484.30292	918.60547
484.35471	914.66125
484.40646	912.34741
484.45825	915.21869
484.51004	913.40222
484.5618	913.70343
484.61359	912.35028
484.66534	913.69324
484.71713	918.71179
484.76889	913.88171
484.82068	913.50604
484.87244	915.47559
484.92422	915.7605
484.97598	910.24219
485.02777	913.50916
485.07956	914.24072
485.13132	920.84119
485.18311	914.91943
485.23486	910.00409
485.28665	914.2334
485.33841	915.78979
485.3902	911.70337
485.44196	906.03717
485.49374	916.89917
485.5455	911.62695
485.59729	916.54767
485.64908	915.06488
485.70084	918.94128
485.75262	919.04004
485.80438	911.4588
485.85617	913.83618
485.90793	914.95111
485.95972	919.10858
486.01147	915.50226
486.06326	916.34143
486.11502	917.8186
486.16681	911.61322
486.2186	908.41187
486.27036	911.72894
486.32214	915.35168
486.3739	916.80225
486.42569	914.24615
486.47745	913.88257
486.52924	916.65216
486.58099	918.98285
486.63278	913.61786
486.68454	914.36371
486.73633	909.47174
486.78812	912.52417
486.83987	911.23291
486.89166	912.80615
486.94342	914.14063
486.99521	915.56531
487.04697	917.71588
487.09875	916.92322
487.15051	916.25519
487.2023	918.50824
487.25406	917.93896
487.30585	913.36078
487.35764	912.31177
487.40939	914.24115
487.46118	911.2843
487.51294	910.72845
487.56473	913.42969
487.61649	915.35406
487.66827	916.01685
487.72003	912.14136
487.77182	912.95862
487.82358	917.41388
487.87537	920.11853
487.92712	931.17084
487.97891	942.6853
488.0307	937.67432
488.08246	923.20837
488.13425	913.78735
488.186	912.09009
488.23779	917.03894
488.28955	916.82507
488.34134	912.63483
488.3931	912.16608
488.44489	915.7854
488.49664	916.22333
488.54843	913.99963
488.60022	914.38568
488.65198	918.81189
488.70377	915.92566
488.75552	911.67432
488.80731	909.49109
488.85907	911.92841
488.91086	910.78314
488.96262	916.20178
489.0144	918.01544
489.06616	916.01428
489.11795	916.5528
489.16974	910.01538
489.2215	912.22229
489.27328	916.82562
489.32504	916.68958
489.37683	914.37946
489.42859	916.08655
489.48038	925.85663
489.53214	928.81805
489.58392	934.24622
489.63568	927.47192
489.68747	934.04053
489.73926	941.90021
489.79102	944.16876
489.8428	945.2157
489.89456	945.28766
489.94635	939.88916
489.99811	936.62262
490.0499	933.65717
490.10165	941.88727
490.15344	938.18268
490.2052	933.09064
490.25699	938.02435
490.30878	936.83234
490.36053	944.63416
490.41232	933.41711
490.46408	939.78961
490.51587	943.88928
490.56763	945.73999
490.61942	939.27063
490.67117	938.90497
490.72296	938.67371
490.77472	942.06287
490.82651	939.63025
490.8783	942.42456
490.93005	936.823
490.98184	940.47351
491.0336	937.43304
491.08539	937.87012
491.13715	939.80011
491.18893	938.61346
491.24069	939.95465
491.29248	934.07153
491.34424	936.23242
491.39603	943.83276
491.44781	947.59174
491.49957	945.2655
491.55136	942.71094
491.60312	951.1214
491.65491	955.52374
491.70667	947.97162
491.75845	947.25513
491.81021	952.89386
491.862	955.55011
491.91376	957.19177
491.96555	959.24884
492.01733	960.79999
492.06909	949.16663
492.12088	947.83484
492.17264	958.61084
492.22443	954.52759
492.27618	949.64581
492.32797	950.19116
492.37973	945.43481
492.43152	941.7818
492.48328	940.56262
492.53506	937.98944
492.58685	942.01398
492.63861	943.12067
492.6904	942.52838
492.74216	939.05139
492.79395	934.87854
492.8457	939.90613
492.89749	940.17297
492.94925	934.61969
493.00104	930.99982
493.0528	948.07056
493.10458	943.92303
493.15637	937.02856
493.20813	940.31219
493.25992	941.22284
493.31168	933.66833
493.36346	934.92206
493.41522	939.33069
493.46701	942.80798
493.51877	937.80396
493.57056	931.70392
493.62231	936.63312
493.6741	941.03235
493.72589	934.11267
493.77765	926.70306
493.82944	934.77002
493.8812	942.68781
493.93298	943.04187
493.98474	948.16217
494.03653	937.04694
494.08829	939.20728
494.14008	943.55762
494.19183	940.4928
494.24362	934.79456
494.29541	938.74414
494.34717	937.82257
494.39896	938.76605
494.45071	932.83667
494.5025	939.21387
494.55426	935.00897
494.60605	937.83154
494.65781	938.22211
494.70959	942.19421
494.76135	942.36383
494.81314	935.33038
494.86493	932.62103
494.91669	941.07312
494.96848	946.59082
495.02023	937.43994
495.07202	934.33282
495.12378	938.31073
495.17557	936.6842
495.22733	939.79633
495.27911	939.61334
495.33087	940.12885
495.38266	943.58527
495.43445	940.46997
495.48621	939.49634
495.53799	940.65717
495.58975	943.52997
495.64154	943.18744
495.6933	940.66528
495.74509	937.53571
495.79684	935.44293
495.84863	940.45172
495.90039	945.41327
495.95218	945.19965
496.00397	943.94788
496.05573	938.85077
496.10751	936.75629
496.15927	939.93347
496.21106	940.25879
496.26282	939.00574
496.31461	933.65839
496.36636	936.69037
496.41815	944.26154
496.46991	943.96936
496.5217	941.39435
496.57349	942.5542
496.62524	941.53699
496.67703	936.93268
496.72879	941.34314
496.78058	939.86639
496.83234	945.31134
496.88412	938.29541
496.93588	931.29254
496.98767	933.3808
497.03943	936.40558
497.09122	939.2677
497.14301	937.9917
497.19476	938.64142
497.24655	947.47375
497.29831	940.27209
497.3501	939.94189
497.40186	939.2171
497.45364	941.57373
497.5054	940.55768
497.55719	937.24835
497.60895	938.95062
497.66074	945.99744
497.71252	940.64862
497.76428	946.13489
497.81607	944.40802
497.86783	941.28925
497.91962	943.4245
497.97137	941.05084
498.02316	942.78705
498.07492	948.21954
498.12671	943.07251
498.17847	937.36139
498.23026	937.31079
498.28204	939.51086
498.3338	943.36115
498.38559	947.36786
498.43735	936.67059
498.48914	941.2749
498.54089	946.81531
498.59268	947.82129
498.64444	943.86444
498.69623	950.10632
498.74799	945.33862
498.79977	945.63184
498.85156	942.9422
498.90332	951.33063
498.95511	945.24542
499.00687	948.00189
499.05865	946.06946
499.11041	949.23926
499.1622	952.57013
499.21396	950.37799
499.26575	946.71545
499.3175	950.62354
499.36929	947.90625
499.42108	957.0683
499.47284	952.47839
499.52463	952.32294
499.57639	954.98004
499.62817	951.55603
499.67993	953.31012
499.73172	952.22491
499.78348	954.61664
499.83527	954.8299
499.88702	953.84125
499.93881	955.94379
499.9906	960.47491
500.04236	959.72687
500.09415	958.56152
500.1459	956.97205
500.19769	960.38184
500.24945	956.4104
500.30124	953.29883
500.353	961.22058
500.40479	962.92517
500.45654	965.91675
500.50833	965.62415
500.56012	964.03448
500.61188	961.90747
500.66367	957.78741
500.71542	958.73962
500.76721	959.63831
500.81897	960.78491
500.87076	972.03796
500.92252	971.05951
500.9743	964.57874
501.02606	972.23822
501.07785	970.14618
501.12964	968.28174
501.1814	962.93982
501.23318	960.99652
501.28494	972.67035
501.33673	974.42273
501.38849	972.10803
501.44028	970.12598
501.49203	972.52991
501.54382	981.8559
501.59558	980.89136
501.64737	979.55176
501.69916	986.44849
501.75092	983.15143
501.8027	979.36841
501.85446	997.94086
501.90625	992.30121
501.95801	996.83356
502.0098	982.89178
502.06155	1002.494
502.11334	1003.9802
502.1651	994.55798
502.21689	987.31097
502.26868	1004.8976
502.32043	996.83398
502.37222	1001.2054
502.42398	993.68353
502.47577	982.72479
502.52753	997.49414
502.57932	988.12299
502.63107	992.8266
502.68286	992.4834
502.73462	1007.9879
502.78641	994.09912
502.8382	994.29584
502.88995	1010.1381
502.94174	1003.0662
502.9935	998.84869
503.04529	994.53381
503.09705	1010.6776
503.14883	999.81909
503.20059	1013.0744
503.25238	1010.0573
503.30414	1004.8007
503.35593	1005.347
503.40771	999.01654
503.45947	988.6557
503.51126	984.32568
503.56302	989.44739
503.61481	989.66449
503.66656	994.19543
503.71835	988.7226
503.77011	989.61389
503.8219	993.48328
503.87366	987.01392
503.92545	980.24347
503.97723	986.41138
504.02899	983.23236
504.08078	979.69952
504.13254	977.21674
504.18433	979.81158
504.23608	980.13727
504.28787	978.14929
504.33963	974.89331
504.39142	966.91309
504.44318	971.79993
504.49496	975.98578
504.54675	967.75897
504.59851	968.4046
504.6503	970.92505
504.70206	969.94995
504.75385	971.97107
504.8056	964.08612
504.85739	966.50281
504.90915	963.23126
504.96094	955.76129
505.0127	958.98914
505.06448	965.68152
505.11627	969.19116
505.16803	957.33441
505.21982	957.5575
505.27158	966.52234
505.32336	964.69482
505.37512	962.88409
505.42691	964.35504
505.47867	961.7876
505.53046	960.92389
505.58221	968.271
505.634	964.66901
505.68579	959.90662
505.73755	954.44653
505.78934	959.42328
505.84109	956.54669
505.89288	959.81116
505.94464	960.59125
505.99643	958.28021
506.04819	959.7066
506.09998	959.73517
506.15173	962.68091
506.20352	952.32959
506.25531	944.38953
506.30707	957.54846
506.35886	954.83673
506.41061	971.35193
506.4624	957.51477
506.51416	951.14722
506.56595	954.13916
506.61771	949.77716
506.66949	962.38678
506.72125	958.63928
506.77304	962.11713
506.82483	960.98895
506.87659	957.70972
506.92838	964.50848
506.98013	969.21118
507.03192	958.18201
507.08368	960.08038
507.13547	957.56061
507.18723	959.55139
507.23901	955.29144
507.29077	952.92786
507.34256	960.03705
507.39435	962.07593
507.44611	957.81622
507.49789	958.42737
507.54965	958.93549
507.60144	962.31586
507.6532	966.63153
507.70499	958.24237
507.75674	958.41583
507.80853	956.33929
507.86029	948.41052
507.91208	953.36646
507.96387	961.07001
508.01563	957.53217
508.06741	953.95026
508.11917	954.56421
508.17096	955.05927
508.22272	956.77563
508.27451	959.42932
508.32626	959.74371
508.37805	960.21918
508.42981	965.86835
508.4816	956.34991
508.53339	955.28357
508.58514	966.83197
508.63693	967.29193
508.68869	959.53528
508.74048	950.43152
508.79224	961.8714
508.84402	966.48663
508.89578	960.00623
508.94757	956.55255
508.99933	954.21106
509.05112	955.57373
509.10287	967.30731
509.15466	960.29156
509.20645	967.05847
509.25821	973.47656
509.31	969.80255
509.36176	963.96252
509.41354	966.49994
509.4653	963.3822
509.51709	962.72369
509.56885	960.78369
509.62064	959.66791
509.67239	963.7843
509.72418	977.47748
509.77597	978.94299
509.82773	967.12256
509.87952	979.24994
509.93127	966.41559
509.98306	960.93274
510.03482	955.97656
510.08661	961.52161
510.13837	974.94714
510.19016	973.92499
510.24191	971.93945
510.2937	965.00757
510.34549	972.65863
510.39725	965.00311
510.44904	964.14893
510.50079	972.2406
510.55258	972.44733
510.60434	973.8222
510.65613	976.18713
510.70789	975.47296
510.75967	980.60272
510.81143	972.56915
510.86322	974.51349
510.91501	983.13196
510.96677	979.80176
511.01855	980.43933
511.07031	981.23071
511.1221	980.04041
511.17386	978.5484
511.22565	975.4101
511.2774	976.6153
511.32919	984.65833
511.38095	985.41632
511.43274	988.34436
511.48453	982.89868
511.53629	982.76532
511.58807	991.48865
511.63983	988.87701
511.69162	995.53394
511.74338	994.6424
511.79517	993.37866
511.84692	991.16675
511.89871	988.43317
511.95047	995.43573
512.00226	991.14893
512.05402	987.80615
512.10583	992.03076
512.15759	1000.6175
512.20935	1001.1416
512.26111	999.04102
512.31293	1001.1564
512.36469	995.18079
512.41644	997.50311
512.4682	998.53308
512.52002	1006.9187
512.57178	1005.194
512.62354	1002.5433
512.67535	1004.5514
512.72711	1001.0011
512.77887	1008.0638
512.83063	1012.1883
512.88245	1003.9626
512.9342	1002.5558
512.98596	1008.2852
513.03772	1019.2241
513.08954	1020.9491
513.1413	1009.8002
513.19305	1013.2623
513.24487	1014.8176
513.29663	1019.8753
513.34839	1024.5334
513.40015	1020.9832
513.45197	1023.9354
513.50372	1017.5922
513.55548	1013.3696
513.60724	1024.8752
513.65906	1022.9163
513.71082	1032.1227
513.76257	1020.0382
513.81439	1023.9996
513.86615	1035.3312
513.91791	1035.9296
513.96967	1019.5338
514.02148	1033.1807
514.07324	1022.1774
514.125	1024.1721
514.17676	1039.4354
514.22858	1039.0721
514.28033	1048.6189
514.33209	1045.0428
514.38391	1056.3912
514.43567	1051.1122
514.48743	1046.0554
514.53918	1050.2363
514.591	1052.5049
514.64276	1065.9364
514.69452	1085.3398
514.74628	1073.1721
514.7981	1056.8613
514.84985	1073.0099
514.90161	1082.2859
514.95343	1091.491
515.00519	1087.2662
515.05695	1083.1427
515.1087	1090.8572
515.16052	1095.666
515.21228	1093.5244
515.26404	1107.2754
515.3158	1129.207
515.36761	1128.4481
515.41937	1123.7102
515.47113	1142.4751
515.52295	1158.8542
515.57471	1172.6455
515.62646	1189.1127
515.67822	1205.3207
515.73004	1222.0133
515.7818	1256.6595
515.83356	1291.595
515.88531	1328.5466
515.93713	1382.1577
515.98889	1448.9325
516.04065	1521.9133
516.09247	1568.712
516.14423	1634.6161
516.19598	1718.4855
516.24774	1768.2836
516.29956	1826.535
516.35132	1895.1852
516.40308	1957.1155
516.45483	1970.3119
516.50665	1991.3704
516.55841	2045.865
516.61017	2079.4473
516.66199	2107.6738
516.71375	2107.7502
516.7655	2134.1406
516.81726	2190.3489
516.86908	2166.3066
516.92084	2171.4238
516.9726	2166.468
517.02435	2151.9033
517.07617	2107.8899
517.12793	2023.015
517.17969	1972.8646
517.23151	1929.9469
517.28326	1920.2534
517.33502	1873.6056
517.38678	1870.4873
517.4386	1878.5731
517.49036	1919.7344
517.54211	1895.0579
517.59387	1942.8108
517.64569	1993.6384
517.69745	2029.2689
517.74921	2050.4519
517.80103	2081.7793
517.85278	2119.9937
517.90454	2143.4268
517.9563	2205.6284
518.00812	2319.4678
518.05988	2310.3599
518.11163	2321.4873
518.16339	2406.5444
518.21521	2398.4253
518.26697	2461.4646
518.31873	2492.8447
518.37054	2503.9539
518.4223	2558.3811
518.47406	2527.9221
518.52582	2551.636
518.57764	2599.1785
518.62939	2596.4504
518.68115	2607.543
518.73291	2626.9839
518.78473	2626.8572
518.83649	2695.3901
518.88824	2763.1077
518.94006	2854.6663
518.99182	2957.886
519.04358	3008.2751
519.09534	3091.8987
519.14716	3224.0535
519.19891	3252.0745
519.25067	3320.0203
519.30243	3405.7009
519.35425	3387.4773
519.40601	3417.6384
519.45776	3454.4883
519.50958	3564.0918
519.56134	3674.4092
519.6131	3757.9128
519.66486	3847.2148
519.71667	4017.3049
519.76843	4158.6299
519.82019	4296.6777
519.87195	4447.4937
519.92377	4590.4014
519.97552	4772.665
520.02728	4863.4331
520.0791	4882.9102
520.13086	4928.4902
520.18262	4939.0513
520.23438	4874.4072
520.28619	4766.2822
520.33795	4665.8911
520.38971	4550.7842
520.44147	4429.1968
520.49329	4300.5713
520.54504	4124.2549
520.5968	3955.8149
520.64862	3827.6987
520.70038	3645.8701
520.75214	3506.8462
520.80389	3482.9629
520.85571	3417.0588
520.90747	3306.3804
520.95923	3297.2861
521.01099	3292.7288
521.06281	3289.8438
521.11456	3272.1987
521.16632	3369.4185
521.21814	3398.5935
521.2699	3452.417
521.32166	3384.6294
521.37341	3390.4785
521.42523	3395.7905
521.47699	3369.5879
521.52875	3326.9246
521.58051	3169.9292
521.63232	3135.7749
521.68408	3064.8696
521.73584	2997.5657
521.78766	2872.2869
521.83942	2770.5732
521.89117	2789.6606
521.94293	2799.9243
521.99475	2793.9446
522.04651	2846.0818
522.09827	2854.9238
522.15002	2850.998
522.20184	2887.5972
522.2536	2996.0056
522.30536	2969.3311
522.35718	3023.8489
522.40894	3103.3838
522.46069	3159.0779
522.51245	3161.0403
522.56427	3239.3027
522.61603	3284.1211
522.66779	3315.2148
522.71954	3335.0298
522.77136	3354.2461
522.82312	3414.2192
522.87488	3365.9021
522.9267	3402.9038
522.97845	3336.1294
523.03021	3315.2656
523.08197	3231.3137
523.13379	3220.9355
523.18555	3211.3362
523.2373	3196.2053
523.28906	3146.561
523.34088	3067.114
523.39264	3112.5444
523.4444	3120.4321
523.49622	3085.9023
523.54797	3034.7776
523.59973	3071.8457
523.65149	3056.5615
523.70331	3029.2007
523.75507	3023.8994
523.80682	3044.7673
523.85858	3047.9551
523.9104	3042.1123
523.96216	3010.6294
524.01392	3001.3606
524.06573	3039.3159
524.11749	3021.4424
524.16925	2961.7571
524.22101	2950.6025
524.27283	2981.5093
524.32458	2983.0942
524.37634	2928.7915
524.4281	2898.3206
524.47992	2920.6655
524.53168	2934.0664
524.58344	2884.4287
524.63525	2815.7236
524.68701	2821.0581
524.73877	2842.009
524.79053	2828.228
524.84235	2817.3489
524.8941	2832.0642
524.94586	2856.7085
524.99762	2847.4294
525.04944	2850.9617
525.1012	2843.6978
525.15295	2841.1553
525.20477	2854.0422
525.25653	2899.9165
525.30829	2905.4678
525.36005	2914.7598
525.41187	2873.7598
525.46362	2889.71
525.51538	2891.7234
525.56714	2916.2639
525.61896	2927.0493
525.67072	2885.9482
525.72247	2877.1509
525.77429	2855.8528
525.82605	2909.4417
525.87781	2913.8926
525.92957	2947.053
525.98138	2954.2971
526.03314	3001.6174
526.0849	2983.3618
526.13666	3002.7568
526.18848	3025.0742
526.24023	3048.4258
526.29199	3092.5137
526.34381	3120.387
526.39557	3162.8562
526.44733	3276.5969
526.49908	3271.4719
526.5509	3286.0457
526.60266	3437.4753
526.65442	3552.8911
526.70618	3588.5906
526.758	3534.6365
526.80975	3599.7361
526.86151	3728.5291
526.91333	3725.5513
526.96509	3823.0305
527.01685	3813.8489
527.0686	3921.3284
527.12042	3935.9365
527.17218	3981.9141
527.22394	3979.8586
527.2757	4023.8477
527.32751	4069.5745
527.37927	4144.103
527.43103	4131.2002
527.48285	4151.9561
527.53461	4050.6301
527.58636	4104.0835
527.63812	4134.8579
527.68994	4029.6863
527.7417	4020.0356
527.79346	4080.5999
527.84521	3994.2195
527.89703	4026.2185
527.94879	3996.7825
528.00055	3992.5894
528.05237	3960.5491
528.10413	3936.9771
528.15588	3947.7791
528.20764	3947.4524
528.25946	3938.0974
528.31122	3895.9216
528.36298	3888.1843
528.41473	3885.3877
528.46655	3835.3086
528.51831	3841.5073
528.57007	3829.7441
528.62189	3767.624
528.67365	3766.3645
528.7254	3775.76
528.77716	3747.2568
528.82898	3688.1887
528.88074	3666.699
528.9325	3646.2026
528.98425	3608.1599
529.03607	3529.2822
529.08783	3472.1055
529.13959	3436.9077
529.19141	3389.9058
529.24316	3314.1443
529.29492	3267.0203
529.34668	3227.0801
529.3985	3180.1299
529.45026	3144.8384
529.50201	3086.3435
529.55377	3051.9312
529.60559	2993.8943
529.65735	2923.3503
529.70911	2874.5735
529.76093	2824.4888
529.81268	2785.5276
529.86444	2745.7825
529.9162	2702.5249
529.96802	2669.8369
530.01978	2611.0085
530.07153	2563.9707
530.12329	2516.3445
530.17511	2520.6489
530.22687	2479.2561
530.27863	2397.8494
530.33044	2341.2646
530.3822	2353.5083
530.43396	2351.6943
530.48572	2305.3557
530.53754	2285.9888
530.58929	2228.6716
530.64105	2241.4543
530.69281	2261.4502
530.74463	2210.9233
530.79639	2175.0862
530.84814	2139.0886
530.89996	2102.3169
530.95172	2079.3354
531.00348	2026.2225
531.05524	2015.3175
531.10706	2048.7185
531.15881	2016.3892
531.21057	1974.5208
531.26233	1946.1644
531.31415	1948.4043
531.36591	1890.1191
531.41766	1894.9227
531.46948	1879.2144
531.52124	1835.1138
531.573	1820.5739
531.62476	1802.8458
531.67657	1787.3569
531.72833	1767.7668
531.78009	1758.8043
531.83185	1746.9174
531.88367	1739.4824
531.93542	1671.2719
531.98718	1712.085
532.039	1670.6611
532.09076	1702.5782
532.14252	1656.3815
532.19427	1621.2388
532.24609	1628.9528
532.29785	1593.8674
532.34961	1621.8408
532.40137	1582.0844
532.45319	1584.2692
532.50494	1543.4843
532.5567	1551.886
532.60852	1546.5873
532.66028	1546.0775
532.71204	1536.6683
532.76379	1542.5199
532.81561	1535.2719
532.86737	1517.5586
532.91913	1520.801
532.97089	1494.509
533.02271	1499.7828
533.07446	1503.6434
533.12622	1513.7937
533.17804	1485.5494
533.2298	1484.8657
533.28156	1491.8518
533.33331	1507.7112
533.38513	1502.3082
533.43689	1498.6035
533.48865	1484.343
533.54041	1475.1775
533.59222	1480.6759
533.64398	1484.3434
533.69574	1481.2756
533.74756	1497.2861
533.79932	1507.1678
533.85107	1473.0732
533.90283	1477.4437
533.95465	1492.1547
534.00641	1470.6625
534.05817	1495.4302
534.10992	1523.627
534.16174	1500.7727
534.2135	1490.8505
534.26526	1490.0931
534.31708	1506.9163
534.36884	1518.5082
534.42059	1519.2787
534.47235	1508.2875
534.52417	1510.9347
534.57593	1531.1531
534.62769	1532.5509
534.67944	1535.4304
534.73126	1530.7766
534.78302	1525.3181
534.83478	1536.8032
534.8866	1556.3741
534.93835	1550.1575
534.99011	1554.4325
535.04187	1575.9951
535.09369	1577.5779
535.14545	1583.6603
535.1972	1597.0865
535.24896	1600.5243
535.30078	1602.4142
535.35254	1619.9724
535.4043	1628.3993
535.45612	1642.662
535.50787	1648.1715
535.55963	1674.6548
535.61139	1694.568
535.66321	1698.4363
535.71497	1696.0706
535.76672	1708.6853
535.81848	1728.5719
535.8703	1748.6469
535.92206	1756.519
535.97382	1785.4929
536.02563	1786.0286
536.07739	1803.016
536.12915	1855.1594
536.18091	1837.4739
536.23273	1851.9381
536.28448	1893.6279
536.33624	1921.5662
536.388	1922.7491
536.43982	1917.7577
536.49158	1967.7324
536.54333	2031.7316
536.59515	2063.0288
536.64691	2077.8098
536.69867	2127.1289
536.75043	2134.0149
536.80225	2182.7063
536.854	2250.3667
536.90576	2255.4827
536.95752	2323.4519
537.00934	2406.7827
537.0611	2407.8635
537.11285	2428.1167
537.16467	2556.0093
537.21643	2658.9192
537.26819	2684.1775
537.31995	2817.3438
537.37177	2939.8279
537.42352	3051.9958
537.47528	3212.5906
537.52704	3326.9094
537.57886	3562.6758
537.63062	3678.5938
537.68237	3970.5984
537.73419	4199.1367
537.78595	4597.439
537.83771	4891.9917
537.88947	5329.3867
537.94128	5860.4946
537.99304	6483.9585
538.0448	7003.8062
538.09656	7627.6353
538.14838	8287.6758
538.20013	9006.5557
538.25189	9782.2822
538.30371	10420.405
538.35547	10947.205
538.40723	11388.725
538.45898	11955.016
538.5108	12279.155
538.56256	12677.028
538.61432	12995.275
538.66608	13050.146
538.7179	13421.044
538.76965	13478.456
538.82141	13704.486
538.87323	13613.506
538.92499	13556.178
538.97675	13591.968
539.0285	13433.145
539.08032	13222.126
539.13208	12931.563
539.18384	12644.805
539.2356	12276.649
539.28741	11965.156
539.33917	11771.45
539.39093	11611.415
539.44275	11609.134
539.49451	11629.109
539.54626	11613.995
539.59802	11646.009
539.64984	11684.966
539.7016	11715.874
539.75336	11682.342
539.80511	11679.747
539.85693	11753.638
539.90869	11776.185
539.96045	11783.893
540.01227	11878.683
540.06403	12049.125
540.11578	12275.38
540.16754	12495.996
540.21936	12673.433
540.27112	12885.295
540.32288	13164.045
540.37463	13477.776
540.42645	13647.785
540.47821	13681.252
540.52997	13673.767
540.58173	13622.699
540.63354	13480.434
540.6853	13000.381
540.73706	12453.41
540.78888	11902.058
540.84064	11209.904
540.8924	10521.519
540.94415	9850.626
540.99597	9405.9922
541.04773	9136.6563
541.09949	8960.0293
541.15125	8852.8877
541.20306	8822.8369
541.25482	8924.6797
541.30658	9133.5215
541.3584	9501.5918
541.41016	9819.4688
541.46191	10075.45
541.51367	10469.822
541.56549	10601.481
541.61725	10812.175
541.66901	10926.78
541.72076	10785.595
541.77258	10598.796
541.82434	10472.577
541.8761	10228.541
541.92792	9921.5332
541.97968	9656.5684
542.03143	9368.582
542.08319	8955.127
542.13501	8640.3115
542.18677	8430.6211
542.23853	8154.1919
542.29028	7820.4165
542.3421	7557.541
542.39386	7301.498
542.44562	7078.2637
542.49744	6906.1021
542.54919	6669.5117
542.60095	6608.5332
542.65271	6485.0381
542.70453	6395.2817
542.75629	6286.3237
542.80804	6245.4858
542.8598	6084.8618
542.91162	6064.7598
542.96338	6046.1528
543.01514	5900.1797
543.06696	5893.7773
543.11871	5845.6362
543.17047	5824.498
543.22223	5810.9634
543.27405	5814.4883
543.32581	5696.9233
543.37756	5858.1333
543.42932	5679.5278
543.48114	5783.145
543.5329	5900.0049
543.58466	6020.9209
543.63647	6132.8643
543.68823	6154.835
543.73999	6231.0005
543.79175	6203.5581
543.84357	6328.3989
543.89532	6426.749
543.94708	6406.9751
543.99884	6543.4404
544.05066	6515.7969
544.10242	6665.6401
544.15417	6788.3462
544.20599	6931.813
544.25775	7095.5098
544.30951	7321.4648
544.36127	7598.1255
544.41309	7830.4727
544.46484	7985.7061
544.5166	8226.0254
544.56836	8475.0928
544.62018	8727.0811
544.67194	8774.2734
544.72369	8854.1982
544.77551	8978.1592
544.82727	8944.4365
544.87903	8819.2402
544.93079	8845.5527
544.9826	8777.082
545.03436	8751.8965
545.08612	8670.5732
545.13788	8572.1748
545.1897	8464.4473
545.24146	8308.7783
545.29321	8201.6533
545.34503	8090.5776
545.39679	8036.978
545.44855	7953.4282
545.50031	7870.7549
545.55212	7840.9517
545.60388	7811.4536
545.65564	7787.644
545.7074	7814.9795
545.75922	7748.4312
545.81097	7567.9521
545.86273	7432.4614
545.91455	7317.4775
545.96631	7121.8472
546.01807	6901.1948
546.06982	6776.2114
546.12164	6617.1797
546.1734	6457.6528
546.22516	6291.3589
546.27692	6157.873
546.32874	6116.811
546.38049	6039.6235
546.43225	5936.6895
546.48407	5838.0806
546.53583	5807.7344
546.58759	5811.0029
546.63934	5759.4233
546.69116	5711.2871
546.74292	5762.811
546.79468	5755.9561
546.84644	5728.1777
546.89825	5706.9814
546.95001	5713.9092
547.00177	5721.6196
547.05359	5691.085
547.10535	5700.6143
547.1571	5717.5293
547.20886	5751.8169
547.26068	5744.4307
547.31244	5717.4839
547.3642	5713.7539
547.41595	5783.8564
547.46777	5756.1831
547.51953	5758.4702
547.57129	5837.834
547.62311	5774.7378
547.67487	5825.3882
547.72662	5955.3887
547.77838	5987.4868
547.8302	5967.7671
547.88196	6044.1514
547.93372	6114.3013
547.98547	6151.48
548.03729	6228.2593
548.08905	6295.0757
548.14081	6337.7944
548.19263	6438.2622
548.24438	6567.6938
548.29614	6663.4097
548.3479	6752.7539
548.39972	6884.5703
548.45148	6944.0547
548.50323	7035.0415
548.55499	7205.0283
548.60681	7339.0444
548.65857	7378.4531
548.71033	7447.1582
548.76215	7634.9146
548.8139	7796.2446
548.86566	7848.6899
548.91742	7912.1768
548.96924	8038.6323
549.021	8129.0156
549.07275	8292.6748
549.12451	8374.1484
549.17633	8504.7646
549.22809	8549.1123
549.27985	8591.5557
549.33167	8536.125
549.38342	8697.6191
549.43518	8605.2207
549.48694	8552.0898
549.53876	8666.5879
549.59052	8561.6387
549.64227	8518.6504
549.69403	8472.9951
549.74585	8313.4121
549.79761	8127.2783
549.84937	8155.0884
549.90118	8050.7432
549.95294	7850.2168
550.0047	7701.9346
550.05646	7534.0176
550.10828	7397.7676
550.16003	7303.8672
550.21179	7226.439
550.26355	7137.6348
550.31537	6905.2871
550.36713	6731.4141
550.41888	6785.2964
550.4707	6777.4897
550.52246	6659.7515
550.57422	6479.4546
550.62598	6332.9141
550.6778	6295.4678
550.72955	6201.0566
550.78131	6075.5259
550.83307	5974.9321
550.88489	5872.6919
550.93665	5762.373
550.9884	5706.4033
551.04022	5664.3926
551.09198	5530.5913
551.14374	5455.1699
551.1955	5388.3242
551.24731	5372.2695
551.29907	5258.9253
551.35083	5164.1504
551.40259	5068.4556
551.45441	5002.8413
551.50616	4939.5205
551.55792	4874.1118
551.60974	4803.6899
551.6615	4781.376
551.71326	4791.3413
551.76501	4706.0317
551.81683	4669.2529
551.86859	4612.9097
551.92035	4534.147
551.97211	4494.2534
552.02393	4442.4243
552.07568	4413.9966
552.12744	4355.7637
552.17926	4313.5132
552.23102	4293.2349
552.28278	4289.7422
552.33453	4290.4629
552.38635	4263.2466
552.43811	4221.5107
552.48987	4161.8115
552.54163	4111.0239
552.59344	4067.937
552.6452	4009.5847
552.69696	3968.2634
552.74878	3945.7437
552.80054	3929.7415
552.85229	3913.5095
552.90405	3866.7056
552.95587	3804.272
553.00763	3769.3679
553.05939	3784.0679
553.11115	3779.7993
553.16296	3720.5706
553.21472	3720.0981
553.26648	3714.1416
553.3183	3677.0916
553.37006	3673.3645
553.42181	3638.4099
553.47357	3631.1079
553.52539	3567.8582
553.57715	3540.7451
553.62891	3552.5813
553.68066	3518.095
553.73248	3424.9402
553.78424	3459.5569
553.836	3418.5095
553.88782	3389.979
553.93958	3423.0132
553.99133	3445.9714
554.04309	3502.5742
554.09491	3526.2
554.14667	3654.1067
554.19843	3674.0955
554.25018	3668.3376
554.302	3571.5923
554.35376	3544.9971
554.40552	3494.5315
554.45734	3477.2893
554.50909	3417.6013
554.56085	3333.0261
554.61261	3285.3274
554.66443	3223.3086
554.71619	3148.5156
554.76794	3116.739
554.8197	3165.4106
554.87152	3143.4778
554.92328	3116.7134
554.97504	3143.6262
555.02686	3193.4597
555.07861	3261.8071
555.13037	3285.0657
555.18213	3309.6177
555.23395	3414.1299
555.28571	3492.3132
555.33746	3529.3147
555.38922	3545.5486
555.44104	3633.8655
555.4928	3645.0994
555.54456	3707.0432
555.59637	3684.0168
555.64813	3761.0337
555.69989	3757.4951
555.75165	3783.8606
555.80347	3767.3723
555.85522	3701.1365
555.90698	3697.6213
555.95874	3666.1609
556.01056	3596.3325
556.06232	3596.615
556.11407	3581.4478
556.16589	3550.0061
556.21765	3519.1411
556.26941	3404.1812
556.32117	3345.6272
556.37299	3232.4954
556.42474	3102.8135
556.4765	3037.4453
556.52826	2949.7798
556.58008	2832.5349
556.63184	2718.1741
556.68359	2683.4026
556.73541	2630.9297
556.78717	2617.55
556.83893	2586.8838
556.89069	2561.8081
556.9425	2543.0791
556.99426	2468.7825
557.04602	2452.6726
557.09778	2422.2527
557.1496	2385.4155
557.20135	2358.1653
557.25311	2297.9814
557.30493	2255.3455
557.35669	2228.6379
557.40845	2209.1526
557.46021	2244.6062
557.51202	2200.3281
557.56378	2148.5974
557.61554	2168.1663
557.6673	2169.8396
557.71912	2146.6184
557.77087	2129.3491
557.82263	2096.2332
557.87445	2050.397
557.92621	2016.215
557.97797	1985.3982
558.02972	1980.1753
558.08154	1965.9009
558.1333	1932.2662
558.18506	1911.8031
558.23682	1882.8976
558.28864	1869.1033
558.34039	1864.8553
558.39215	1852.425
558.44397	1831.5084
558.49573	1834.6376
558.54749	1823.4567
558.59924	1800.2252
558.65106	1796.2727
558.70282	1753.1721
558.75458	1699.184
558.80634	1684.3374
558.85815	1698.082
558.90991	1696.6346
558.96167	1671.6038
559.01349	1634.5601
559.06525	1603.0234
559.117	1566.8436
559.16876	1553.1012
559.22058	1538.5255
559.27234	1522.2954
559.3241	1514.2041
559.37585	1473.9609
559.42767	1475.3324
559.47943	1466.7086
559.53119	1458.594
559.58301	1456.9956
559.63477	1453.4894
559.68652	1426.0264
559.73828	1424.3016
559.7901	1414.7122
559.84186	1414.2909
559.89362	1399.901
559.94537	1379.9783
559.99719	1399.5956
560.04895	1393.3922
560.10071	1364.8063
560.15253	1376.9061
560.20428	1341.4948
560.25604	1370.2361
560.3078	1350.0131
560.35962	1342.1476
560.41138	1336.2322
560.46313	1332.0159
560.51489	1340.9891
560.56671	1302.3292
560.61847	1301.8147
560.67023	1298.3658
560.72205	1325.9757
560.7738	1288.7539
560.82556	1286.7852
560.87732	1270.2216
560.92914	1275.3113
560.9809	1272.4875
561.03265	1255.7217
561.08441	1262.3668
561.13623	1257.8009
561.18799	1230.9479
561.23975	1215.7981
561.29156	1225.8978
561.34332	1228.5028
561.39508	1231.1855
561.44684	1218.5536
561.49866	1239.0359
561.55042	1212.2516
561.60217	1202.3187
561.65393	1183.8214
561.70575	1205.0547
561.75751	1201.7018
561.80927	1188.1349
561.86108	1186.1759
561.91284	1171.6812
561.9646	1200.4353
562.01636	1198.1228
562.06818	1194.207
562.11993	1168.386
562.17169	1175.9744
562.22345	1164.2214
562.27527	1157.4714
562.32703	1167.5486
562.37878	1163.7513
562.4306	1151.5125
562.48236	1150.0221
562.53412	1148.7571
562.58588	1150.8905
562.6377	1157.5968
562.68945	1150.0166
562.74121	1139.8135
562.79297	1156.1436
562.84479	1153.6152
562.89655	1152.6327
562.9483	1151.7968
563.00012	1138.4629
563.05188	1134.2158
563.10364	1136.0104
563.1554	1134.5864
563.20721	1123.0269
563.25897	1118.9448
563.31073	1132.0089
563.36249	1131.7581
563.41431	1123.9117
563.46606	1135.4642
563.51782	1125.1641
563.56964	1106.6069
563.6214	1108.1519
563.67316	1103.1442
563.72491	1107.9651
563.77673	1121.381
563.82849	1128.1283
563.88025	1117.3228
563.93201	1106.4542
563.98383	1097.9387
564.03558	1099.5442
564.08734	1111.859
564.13916	1095.5602
564.19092	1101.6482
564.24268	1104.3411
564.29443	1088.7025
564.34625	1080.8029
564.39801	1087.4508
564.44977	1095.3002
564.50153	1089.4813
564.55334	1083.4689
564.6051	1079.2813
564.65686	1085.6013
564.70868	1084.5344
564.76044	1079.819
564.81219	1085.9388
564.86395	1078.5359
564.91577	1068.0175
564.96753	1085.5526
565.01929	1066.8273
565.07104	1068.0596
565.12286	1073.4879
565.17462	1060.3245
565.22638	1071.421
565.2782	1073.2224
565.32996	1059.5873
565.38171	1056.7047
565.43347	1054.9005
565.48529	1049.9181
565.53705	1070.6859
565.58881	1056.088
565.64056	1054.8696
565.69238	1051.6171
565.74414	1063.9313
565.7959	1047.5907
565.84772	1056.4304
565.89948	1058.7632
565.95123	1049.6407
566.00299	1044.3866
566.05481	1042.7263
566.10657	1053.1945
566.15833	1055.3312
566.21008	1040.4409
566.2619	1038.4866
566.31366	1038.1296
566.36542	1045.3009
566.41724	1029.511
566.46899	1044.3634
566.52075	1040.4956
566.57251	1028.2135
566.62433	1026.947
566.67609	1027.385
566.72784	1030.2496
566.7796	1038.4087
566.83142	1022.0086
566.88318	1036.1633
566.93494	1030.906
566.98676	1024.861
567.03851	1007.6156
567.09027	1016.9953
567.14203	1027.1672
567.19385	1034.8707
567.24561	1021.8491
567.29736	1025.7964
567.34912	1023.7575
567.40094	1014.7801
567.4527	1013.2241
567.50446	1016.116
567.55627	1014.2375
567.60803	1021.4095
567.65979	1017.5417
567.71155	1021.3448
567.76337	1019.8899
567.81512	1013.2871
567.86688	1010.4696
567.91864	1008.9694
567.97046	1010.1169
568.02222	1014.7096
568.07397	1011.2704
568.12579	997.49396
568.17755	997.39923
568.22931	1007.6361
568.28107	1013.1564
568.33289	1009.4681
568.38464	1007.854
568.4364	1012.782
568.48816	1013.9705
568.53998	1012.1365
568.59174	1010.4702
568.64349	1014.1851
568.69531	1012.8936
568.74707	1006.4706
568.79883	1004.2259
568.85059	1012.155
568.9024	1008.6181
568.95416	995.2124
569.00592	999.41284
569.05768	1009.3854
569.1095	1008.3531
569.16125	1004.108
569.21301	1007.3384
569.26483	1013.591
569.31659	1016.616
569.36835	1011.5912
569.4201	1004.6321
569.47192	1005.1226
569.52368	1006.2072
569.57544	1003.4456
569.6272	999.45868
569.67902	998.93835
569.73077	999.72211
569.78253	996.05005
569.83435	994.34869
569.88611	999.13226
569.93787	996.31952
569.98962	993.06183
570.04144	994.27643
570.0932	993.30444
570.14496	996.27533
570.19672	987.95959
570.24854	990.32642
570.30029	994.84656
570.35205	989.02069
570.40387	993.77948
570.45563	996.90607
570.50739	991.39398
570.55914	986.08679
570.61096	992.50446
570.66272	989.19641
570.71448	991.46722
570.76624	990.78949
570.81805	987.81848
570.86981	984.11371
570.92157	987.60919
570.97339	995.24329
571.02515	986.97546
571.0769	978.96704
571.12866	986.63135
571.18048	988.08972
571.23224	981.22992
571.284	977.91138
571.33575	984.19904
571.38757	979.84222
571.43933	979.73901
571.49109	986.5589
571.54291	979.69183
571.59467	987.94379
571.64642	986.54602
571.69818	984.94983
571.75	982.48822
571.80176	983.98151
571.85352	975.94061
571.90527	977.46118
571.95709	989.57666
572.00885	981.62683
572.06061	985.53668
572.11243	992.67847
572.16418	985.77991
572.21594	979.87238
572.2677	977.46692
572.31952	973.57202
572.37128	982.1933
572.42303	986.20764
572.47479	974.27936
572.52661	986.1333
572.57837	976.15198
572.63013	983.53638
572.68195	976.65576
572.7337	978.64685
572.78546	972.16052
572.83722	975.72485
572.88904	969.15057
572.9408	975.90387
572.99255	996.68719
573.04431	979.38428
573.09613	972.91583
573.14789	975.88171
573.19965	974.90521
573.25146	975.85699
573.30322	971.49847
573.35498	975.21008
573.40674	975.34241
573.45856	976.27979
573.51031	975.84705
573.56207	977.67596
573.61383	972.69012
573.66565	980.11377
573.71741	967.06683
573.76917	963.49139
573.82098	976.74701
573.87274	974.6651
573.9245	962.71124
573.97626	965.60413
574.02808	970.55847
574.07983	967.29669
574.13159	967.96033
574.18335	964.33368
574.23517	979.68713
574.28693	994.7655
574.33868	969.33887
574.3905	968.55066
574.44226	973.68237
574.49402	972.56909
574.54578	965.26556
574.5976	965.95038
574.64935	975.22272
574.70111	965.43109
574.75287	964.35126
574.80469	966.16815
574.85645	965.74591
574.9082	968.50739
574.96002	977.32178
575.01178	971.46063
575.06354	968.82458
575.1153	973.29999
575.16711	961.27948
575.21887	961.26147
575.27063	963.05731
575.32239	964.64417
575.37421	966.42346
575.42596	967.55896
575.47772	968.20099
575.52954	965.32715
575.5813	965.16785
575.63306	957.92627
575.68481	967.49713
575.73663	972.867
575.78839	969.237
575.84015	966.51471
575.89191	967.32758
575.94373	969.48975
575.99548	966.87927
576.04724	968.35748
576.09906	970.71765
576.15082	979.27838
576.20258	975.25665
576.25433	965.8703
576.30615	968.45288
576.35791	970.52881
576.40967	962.95319
576.46143	957.63354
576.51324	964.69714
576.565	963.88977
576.61676	960.75183
576.66858	961.24878
576.72034	962.68524
576.77209	961.46606
576.82385	961.08588
576.87567	968.27625
576.92743	970.05811
576.97919	973.34949
577.03094	973.97229
577.08276	966.59796
577.13452	962.61279
577.18628	960.69501
577.2381	965.93341
577.28986	969.26196
577.34161	968.13177
577.39337	970.91724
577.44519	970.69165
577.49695	966.81598
577.54871	961.88116
577.60046	965.33838
577.65228	969.35364
577.70404	966.85724
577.7558	964.16565
577.80762	966.33722
577.85938	969.04706
577.91113	961.31616
577.96289	966.60083
578.01471	974.02142
578.06647	961.00464
578.11823	958.43817
578.16998	962.10486
578.2218	967.22345
578.27356	965.28235
578.32532	959.04132
578.37714	960.72601
578.42889	963.33472
578.48065	961.87524
578.53241	966.09174
578.58423	965.17395
578.63599	978.79742
578.68774	982.73846
578.7395	969.41473
578.79132	969.74805
578.84308	962.00372
578.89484	955.0708
578.94666	958.02435
578.99841	962.30609
579.05017	961.41663
579.10193	961.24731
579.15375	964.97974
579.20551	972.92529
579.25726	964.73169
579.30902	966.33746
579.36084	957.79254
579.4126	971.92853
579.46436	966.08154
579.51617	966.08044
579.56793	953.51465
579.61969	957.5592
579.67145	963.06909
579.72327	962.75586
579.77502	968.51825
579.82678	958.91766
579.87854	965.81458
579.93036	967.00983
579.98212	955.43756
580.03387	960.68683
580.08569	967.46063
580.13745	967.07739
580.18921	953.46741
580.24097	960.13373
580.29279	963.61139
580.34454	962.27344
580.3963	963.25598
580.44806	969.31854
580.49988	964.0036
580.55164	961.00812
580.60339	957.90649
580.65521	953.94531
580.70697	969.40289
580.75873	963.91931
580.81049	971.17676
580.8623	956.80634
580.91406	964.59149
580.96582	963.96796
581.01758	954.09576
581.0694	957.06842
581.12115	961.53149
581.17291	963.02319
581.22473	954.67139
581.27649	952.56104
581.32825	956.3924
581.38	964.22437
581.43182	962.55811
581.48358	970.58929
581.53534	970.00732
581.5871	954.85315
581.63892	955.80737
581.69067	963.8429
581.74243	960.70178
581.79425	960.39606
581.84601	954.43341
581.89777	956.60181
581.94952	959.12097
582.00134	963.84229
582.0531	962.54926
582.10486	958.77283
582.15662	963.16412
582.20844	962.04651
582.26019	962.22339
582.31195	957.08228
582.36377	960.13409
582.41553	966.73328
582.46729	964.76837
582.51904	965.07111
582.57086	958.51263
582.62262	960.94928
582.67438	954.66382
582.72614	957.28607
582.77795	963.46991
582.82971	965.87085
582.88147	965.74139
582.93323	960.03809
582.98505	960.60345
583.0368	964.26343
583.08856	963.13647
583.14038	959.86023
583.19214	962.54816
583.2439	963.94312
583.29565	970.13922
583.34747	965.22418
583.39923	963.39929
583.45099	968.73364
583.50275	963.09473
583.55457	956.81281
583.60632	961.31061
583.65808	965.99988
583.7099	960.83588
583.76166	964.15088
583.81342	964.65643
583.86517	965.67462
583.91699	959.06934
583.96875	957.97021
584.02051	962.32043
584.07227	965.91644
584.12408	961.09668
584.17584	958.00732
584.2276	961.16718
584.27942	969.4397
584.33118	957.05151
584.38293	955.63824
584.43469	969.95178
584.48651	963.91205
584.53827	953.44177
584.59003	955.98059
584.64178	957.79578
584.6936	961.57172
584.74536	966.67389
584.79712	962.39606
584.84894	953.841
584.9007	954.28064
584.95245	961.72784
585.00421	957.18201
585.05603	959.83539
585.10779	963.5957
585.15955	963.84161
585.2113	966.24402
585.26312	959.17255
585.31488	955.60162
585.36664	959.78967
585.41846	964.0329
585.47021	959.76672
585.52197	960.74957
585.57373	963.07184
585.62555	958.11823
585.67731	960.46515
585.72906	963.9613
585.78082	960.37158
585.83264	952.85437
585.8844	953.51324
585.93616	955.6756
585.98798	954.41479
586.03973	958.61884
586.09149	964.56677
586.14325	970.78143
586.19507	967.90643
586.24683	954.26636
586.29858	952.90509
586.35034	955.47534
586.40216	955.56158
586.45392	961.86084
586.50568	960.18042
586.5575	962.79114
586.60925	959.42615
586.66101	955.06793
586.71277	964.33008
586.76459	964.03925
586.81635	962.15149
586.8681	960.63904
586.91986	956.67773
586.97168	959.67322
587.02344	962.96411
587.0752	955.38989
587.12701	955.87268
587.17877	960.81555
587.23053	956.75031
587.28229	955.93286
587.33411	959.16516
587.38586	963.06445
587.43762	959.58636
587.48938	960.29645
587.5412	958.88727
587.59296	957.92578
587.64471	961.21552
587.69653	954.71106
587.74829	960.07037
587.80005	965.33325
587.85181	960.97803
587.90363	960.86646
587.95538	956.78674
588.00714	958.87683
588.0589	958.82465
588.11072	953.92822
588.16248	958.56964
588.21423	959.2049
588.26605	958.71722
588.31781	956.31696
588.36957	957.94122
588.42133	960.06091
588.47314	958.94006
588.5249	949.97211
588.57666	949.13605
588.62842	956.28284
588.68024	956.74255
588.73199	961.0116
588.78375	958.02557
588.83557	959.64667
588.88733	956.29932
588.93909	955.41742
588.99084	963.84729
589.04266	954.65735
589.09442	959.06891
589.14618	953.01636
589.19794	959.41125
589.24976	966.30273
589.30151	967.19824
589.35327	959.1991
589.40509	952.4184
589.45685	963.03259
589.50861	959.26447
589.56036	952.47021
589.61218	951.14758
589.66394	965.01721
589.7157	955.6449
589.76746	955.70392
589.81927	953.03455
589.87103	951.02155
589.92279	963.90302
589.97461	950.77057
590.02637	954.45978
590.07813	952.6416
590.12988	958.89111
590.1817	956.69385
590.23346	963.16565
590.28522	955.83331
590.33698	960.1452
590.38879	949.48676
590.44055	962.71387
590.49231	974.2619
590.54413	957.20557
590.59589	953.0694
590.64764	962.26611
590.6994	953.95813
590.75122	963.27429
590.80298	953.12451
590.85474	951.7243
590.90649	956.90295
590.95831	962.39398
591.01007	946.40802
591.06183	948.56494
591.11365	953.27515
591.16541	960.3725
591.21716	955.20923
591.26892	955.28101
591.32074	956.76416
591.3725	957.81134
591.42426	950.79633
591.47601	953.40521
591.52783	948.16113
591.57959	961.09576
591.63135	945.7027
591.68317	948.9455
591.73492	962.03351
591.78668	959.37109
591.83844	948.35162
591.89026	967.43427
591.94202	956.04468
591.99377	956.53107
592.04553	957.01685
592.09735	952.52155
592.14911	961.92773
592.20087	958.52026
592.25269	950.58453
592.30444	953.89111
592.3562	949.54413
592.40796	951.38245
592.45978	963.07959
592.51154	954.70404
592.56329	962.00171
592.61505	955.62701
592.66687	957.98688
592.71863	951.94623
592.77039	948.93658
592.8222	958.3783
592.87396	958.3219
592.92572	960.21222
592.97748	956.88971
593.0293	961.33118
593.08105	952.00018
593.13281	953.09656
593.18457	961.27063
593.23639	953.62518
593.28815	953.07959
593.3399	952.26617
593.39172	957.90082
593.44348	954.30579
593.49524	949.17242
593.547	956.69812
593.59882	960.97327
593.65057	955.84326
593.70233	954.72534
593.75409	952.15875
593.80591	958.91455
593.85767	959.4408
593.90942	957.7774
593.96124	955.09082
594.013	961.39935
594.06476	960.06396
594.11652	957.78534
594.16833	953.03656
594.22009	954.54828
594.27185	958.93872
594.32361	954.29248
594.37543	955.354
594.42719	953.10449
594.47894	954.46393
594.53076	952.23639
594.58252	949.33179
594.63428	953.49005
594.68604	958.09198
594.73785	961.20856
594.78961	957.12909
594.84137	949.34515
594.89313	956.70605
594.94495	961.39642
594.9967	953.17542
595.04846	959.33441
595.10028	964.11639
595.15204	964.34912
595.2038	951.95099
595.25555	958.3811
595.30737	958.26379
595.35913	958.45172
595.41089	959.3465
595.46265	952.76074
595.51447	958.74823
595.56622	955.85938
595.61798	956.54279
595.6698	954.67017
595.72156	954.78247
595.77332	953.58044
595.82507	954.6886
595.87689	960.60797
595.92865	959.31268
595.98041	954.15741
596.03217	961.8927
596.08398	960.69611
596.13574	963.22559
596.1875	954.35248
596.23932	954.95294
596.29108	958.2533
596.34283	960.71942
596.39459	961.20465
596.44641	959.30219
596.49817	955.73267
596.54993	965.8725
596.60168	956.9762
596.6535	960.24731
596.70526	963.98907
596.75702	962.71417
596.80884	959.18988
596.8606	958.21692
596.91235	952.90826
596.96411	963.39478
597.01593	960.59607
597.06769	961.61957
597.11945	962.36835
597.1712	957.97455
597.22302	947.85425
597.27478	960.78809
597.32654	956.76245
597.37836	960.97949
597.43011	953.9126
597.48187	960.01013
597.53363	960.36176
597.58545	952.29407
597.63721	956.23242
597.68896	957.08386
597.74072	959.35651
597.79254	959.19342
597.8443	960.18964
597.89606	957.04333
597.94788	959.14856
597.99963	969.25684
598.05139	961.52936
598.10315	963.02618
598.15497	963.19391
598.20673	955.35223
598.25848	959.2926
598.31024	968.98212
598.36206	965.35181
598.41382	962.81738
598.46558	963.54608
598.5174	964.21973
598.56915	960.27661
598.62091	956.04602
598.67267	961.69489
598.72449	957.64441
598.77625	955.99274
598.828	955.73145
598.87976	959.914
598.93158	963.23358
598.98334	960.45966
599.0351	959.90143
599.08691	960.98694
599.13867	958.75568
599.19043	955.71875
599.24219	964.94287
599.29401	968.53094
599.34576	958.99677
599.39752	954.71191
599.44928	960.8067
599.5011	965.46454
599.55286	965.08875
599.60461	965.00653
599.65643	961.6651
599.70819	961.20294
599.75995	963.80353
599.81171	964.59052
599.86353	962.24152
599.91528	961.66785
599.96704	970.46692
600.0188	971.94336
600.07062	965.7207
600.12238	963.03436
600.17413	962.69574
600.22595	960.03259
600.27771	962.30469
600.32947	967.58667
600.38123	969.12219
600.43304	971.33081
600.4848	963.63184
600.53656	962.04803
600.58832	962.92346
600.64014	961.6098
600.69189	966.60394
600.74365	966.1062
600.79547	960.69159
600.84723	962.2832
600.89899	966.61505
600.95074	965.69739
601.00256	963.57483
601.05432	963.97229
601.10608	961.24365
601.15784	963.89886
601.20966	961.96466
601.26141	961.85425
601.31317	964.37793
601.36499	968.38373
601.41675	970.10114
601.46851	965.65479
601.52026	960.8866
601.57208	968.659
601.62384	964.42407
601.6756	955.01666
601.72736	961.00781
601.77917	966.70038
601.83093	965.7818
601.88269	962.98834
601.93451	957.0567
601.98627	963.45892
602.03802	960.59802
602.08978	965.25769
602.1416	959.41748
602.19336	964.74738
602.24512	961.03015
602.29688	966.46466
602.34869	963.98035
602.40045	960.7547
602.45221	962.76337
602.50403	967.43475
602.55579	971.60168
602.60754	963.50702
602.6593	965.58911
602.71112	966.44202
602.76288	970.72418
602.81464	969.33887
602.86639	958.83221
602.91821	957.57086
602.96997	961.60931
603.02173	955.11682
603.07355	961.60754
603.12531	966.46838
603.17706	960.03168
603.22882	960.92688
603.28064	957.5592
603.3324	962.94611
603.38416	958.44928
603.43591	963.26697
603.48773	960.01715
603.53949	953.99554
603.59125	959.44269
603.64307	950.4809
603.69482	965.29083
603.74658	968.10553
603.79834	966.73553
603.85016	967.64777
603.90192	965.12494
603.95367	960.32001
604.00543	962.43842
604.05725	971.75458
604.10901	959.87415
604.16077	966.8631
604.21259	956.04028
604.26434	966.27509
604.3161	965.98663
604.36786	969.40295
604.41968	966.15106
604.47144	967.97925
604.52319	958.0744
604.57495	959.03613
604.62677	962.44031
604.67853	962.66962
604.73029	965.48798
604.7821	974.50873
604.83386	967.4408
604.88562	970.88647
604.93738	965.41394
604.9892	954.02081
605.04095	966.29926
605.09271	958.54443
605.14447	960.0697
605.19629	966.15308
605.24805	959.12292
605.2998	959.73578
605.35162	961.32166
605.40338	971.81445
605.45514	968.49103
605.5069	977.7348
605.55872	970.4231
605.61047	960.76038
605.66223	962.09009
605.71399	959.44226
605.76581	959.15869
605.81757	960.49274
605.86932	964.42267
605.92114	964.93555
605.9729	962.88116
606.02466	969.86548
606.07642	967.22949
606.12823	971.76398
606.17999	964.2298
606.23175	965.32446
606.28351	966.14929
606.33533	962.29376
606.38708	966.31244
606.43884	962.92181
606.49066	960.77136
606.54242	967.23975
606.59418	967.15802
606.64594	964.42438
606.69775	960.53851
606.74951	969.54584
606.80127	967.48212
606.85303	967.6214
606.90485	964.36609
606.9566	968.56226
607.00836	964.604
607.06018	957.72565
607.11194	962.34167
607.1637	966.49677
607.21545	963.40021
607.26727	961.55487
607.31903	962.55511
607.37079	958.93201
607.42255	960.78021
607.47437	969.48291
607.52612	974.13379
607.57788	961.35223
607.6297	966.49847
607.68146	971.11212
607.73322	968.50153
607.78497	961.43604
607.83679	960.72125
607.88855	961.61951
607.94031	963.04382
607.99207	963.78552
608.04388	961.25104
608.09564	958.01166
608.1474	957.9325
608.19922	966.58167
608.25098	968.99255
608.30273	965.83569
608.35449	968.8866
608.40631	967.90771
608.45807	961.77087
608.50983	965.00104
608.56158	972.33002
608.6134	969.89209
608.66516	963.76245
608.71692	968.65027
608.76874	968.60559
608.8205	964.11206
608.87225	962.74103
608.92401	963.06183
608.97583	968.66718
609.02759	972.60504
609.07935	973.88208
609.1311	970.1972
609.18292	968.53864
609.23468	965.25
609.28644	968.03229
609.33826	974.50336
609.39001	970.09485
609.44177	966.33496
609.49353	962.60339
609.54535	961.35095
609.59711	961.63739
609.64886	964.27478
609.70062	965.94891
609.75244	965.18317
609.8042	965.31042
609.85596	965.74347
609.90778	968.57269
609.95953	971.5791
610.01129	968.52319
610.06305	967.43073
610.11487	966.68335
610.16663	968.96973
610.21838	966.94647
610.27014	962.8689
610.32196	964.88623
610.37372	967.76355
610.42548	967.86768
610.47729	961.10455
610.52905	957.32172
610.58081	959.5152
610.63257	972.11261
610.68439	974.31207
610.73615	971.22058
610.7879	971.33008
610.83966	967.11664
610.89148	962.1181
610.94324	964.42657
610.995	963.54926
611.04681	967.70557
611.09857	960.07013
611.15033	965.3465
611.20209	970.92688
611.25391	967.23389
611.30566	968.67334
611.35742	964.74835
611.40918	966.7655
611.461	968.29889
611.51276	968.80292
611.56451	968.25861
611.61633	962.41022
611.66809	964.56512
611.71985	962.13226
611.77161	969.1084
611.82343	967.35657
611.87518	969.54175
611.92694	959.45404
611.9787	964.39166
612.03052	962.27264
612.08228	964.94464
612.13403	964.97986
612.18585	969.48694
612.23761	973.04205
612.28937	971.99005
612.34113	969.95123
612.39294	965.71808
612.4447	966.71991
612.49646	974.5036
612.54822	973.99316
612.60004	966.40082
612.65179	969.57245
612.70355	968.81482
612.75537	958.94812
612.80713	964.47229
612.85889	958.23492
612.91064	967.64679
612.96246	972.76263
613.01422	977.39038
613.06598	972.87982
613.11774	985.22937
613.16956	958.31476
613.22131	964.10858
613.27307	964.02557
613.32489	977.2403
613.37665	971.01166
613.42841	972.29169
613.48016	959.00928
613.53198	968.12378
613.58374	971.03198
613.6355	964.72839
613.68726	969.09985
613.73907	961.76227
613.79083	966.78534
613.84259	960.66254
613.89441	963.16376
613.94617	964.98065
613.99792	959.84814
614.04968	968.01147
614.1015	958.8844
614.15326	971.21118
614.20502	968.27972
614.25677	970.2959
614.30859	970.82141
614.36035	966.38153
614.41211	966.8725
614.46393	958.53888
614.51569	969.70325
614.56744	968.00775
614.6192	964.58557
614.67102	976.13287
614.72278	972.20789
614.77454	977.34808
614.82629	968.51746
614.87811	965.27234
614.92987	970.36542
614.98163	972.56879
615.03345	967.5423
615.08521	984.54266
615.13696	968.54248
615.18872	976.09656
615.24054	968.97302
615.2923	967.43005
615.34406	972.86481
615.39581	967.03241
615.44763	967.79266
615.49939	973.37622
615.55115	969.49585
615.60297	972.5954
615.65472	971.70685
615.70648	974.67303
615.75824	958.7619
615.81006	970.24786
615.86182	971.71606
615.91357	976.03778
615.96533	970.64117
616.01715	961.10187
616.06891	961.9129
616.12067	968.28381
616.17249	979.11481
616.22424	975.76373
616.276	971.49963
616.32776	971.323
616.37958	981.04913
616.43134	970.47577
616.48309	972.95898
616.53485	974.01398
616.58667	978.14771
616.63843	976.20978
616.69019	974.37671
616.742	970.88696
616.79376	972.57062
616.84552	973.58118
616.89728	969.31641
616.9491	968.23572
617.00085	970.63599
617.05261	964.60382
617.10437	973.78467
617.15619	971.776
617.20795	973.86597
617.2597	979.15057
617.31152	971.5932
617.36328	974.31158
617.41504	968.36792
617.4668	970.93707
617.51862	975.9339
617.57037	971.81793
617.62213	974.57495
617.67389	971.66357
617.72571	973.84747
617.77747	974.81104
617.82922	969.94513
617.88104	973.69788
617.9328	972.13733
617.98456	967.54187
618.03632	967.03595
618.08813	973.41833
618.13989	978.36121
618.19165	977.27728
618.24341	968.33545
618.29523	963.9057
618.34698	971.15027
618.39874	975.2052
618.45056	969.32404
618.50232	972.74561
618.55408	975.25299
618.60583	970.70374
618.65765	973.72406
618.70941	973.8208
618.76117	969.02386
618.81293	970.229
618.86475	971.42944
618.9165	971.28839
618.96826	970.33185
619.02008	976.37335
619.07184	976.95111
619.1236	972.49512
619.17535	969.64264
619.22717	967.67676
619.27893	969.20746
619.33069	964.50085
619.38245	967.96045
619.43427	974.57001
619.48602	970.79828
619.53778	979.39563
619.5896	974.62646
619.64136	966.25629
619.69312	967.5343
619.74487	976.9248
619.79669	975.31677
619.84845	965.38263
619.90021	965.99585
619.95197	970.3277
620.00378	969.00659
620.05554	968.57324
620.1073	972.34802
620.15912	976.77838
620.21088	973.5675
620.26263	967.1344
620.31439	969.60968
620.36621	970.50616
620.41797	968.5918
620.46973	971.71075
620.52148	972.75012
620.5733	969.73022
620.62506	971.52106
620.67682	976.70715
620.72864	978.21088
620.7804	974.52191
620.83215	975.59894
620.88391	973.73419
620.93573	970.97198
620.98749	971.0672
621.03925	970.9826
621.091	975.63348
621.14282	976.36615
621.19458	975.30621
621.24634	973.43359
621.29816	976.99139
621.34991	974.40222
621.40167	970.94299
621.45343	973.62494
621.50525	967.90387
621.55701	969.94476
621.60876	975.97717
621.66052	974.52917
621.71234	975.73047
621.7641	979.78772
621.81586	980.35474
621.86768	972.62927
621.91943	965.37463
621.97119	971.40515
622.02295	979.34717
622.07477	976.53387
622.12653	973.58142
622.17828	976.30096
622.23004	976.29272
622.28186	978.42841
622.33362	977.41626
622.38538	973.4173
622.43719	971.59027
622.48895	975.75885
622.54071	980.55096
622.59247	971.93268
622.64429	971.45544
622.69604	973.39343
622.7478	969.32355
622.79956	975.38202
622.85138	979.97632
622.90314	982.56598
622.9549	976.34753
623.00671	969.89972
623.05847	970.50482
623.11023	971.78467
623.16199	974.59692
623.21381	974.85144
623.26556	975.98163
623.31732	977.70178
623.36908	975.18152
623.4209	975.69446
623.47266	974.02692
623.52441	974.94482
623.57623	979.14838
623.62799	980.65527
623.67975	976.94812
623.73151	977.71747
623.78333	979.70044
623.83508	977.89258
623.88684	972.41473
623.9386	968.6073
623.99042	967.50623
624.04218	968.48126
624.09393	975.04529
624.14575	979.74097
624.19751	988.45203
624.24927	972.54834
624.30103	973.4494
624.35284	974.52014
624.4046	977.83685
624.45636	972.89673
624.50812	967.30676
624.55994	970.74451
624.61169	973.08698
624.66345	970.58344
624.71527	976.11127
624.76703	979.2334
624.81879	980.98712
624.87054	983.78723
624.92236	975.49786
624.97412	980.85065
625.02588	979.95624
625.07764	975.35089
625.12946	978.68799
625.18121	972.19476
625.23297	971.72253
625.28473	976.08588
625.33655	974.35339
625.38831	975.59552
625.44006	977.44891
625.49188	980.30542
625.54364	975.98755
625.5954	978.03357
625.64716	980.0791
625.69897	976.21747
625.75073	975.45667
625.80249	974.04327
625.85425	977.67914
625.90607	974.09106
625.95782	975.80792
626.00958	981.72107
626.0614	979.75446
626.11316	978.72168
626.16492	975.73016
626.21667	978.31268
626.26849	982.74841
626.32025	987.71417
626.37201	985.49371
626.42377	977.14709
626.47559	984.52423
626.52734	977.80573
626.5791	990.85822
626.63092	987.17902
626.68268	982.64191
626.73444	984.22852
626.78619	977.19513
626.83801	985.06482
626.88977	986.88544
626.94153	982.99188
626.99329	992.60907
627.0451	985.14917
627.09686	983.00653
627.14862	988.23145
627.20044	984.28857
627.2522	989.54297
627.30396	985.05908
627.35571	984.11005
627.40753	987.50513
627.45929	984.50824
627.51105	982.34235
627.56281	981.91083
627.61462	991.25482
627.66638	987.26593
627.71814	980.82251
627.76996	978.97284
627.82172	982.55499
627.87347	987.15778
627.92523	979.37402
627.97705	981.04962
628.02881	981.47272
628.08057	996.65875
628.13232	993.66187
628.18414	990.6947
628.2359	991.97955
628.28766	986.52087
628.33948	998.62512
628.39124	995.20923
628.44299	986.50751
628.49475	993.61603
628.54657	994.9502
628.59833	991.5401
628.65009	1000.821
628.70184	995.53748
628.75366	992.78003
628.80542	988.90814
628.85718	987.91437
628.909	995.91907
628.96075	996.97589
629.01251	994.51489
629.06427	985.74335
629.11609	980.71283
629.16785	988.09076
629.2196	991.80157
629.27136	992.9903
629.32318	997.20306
629.37494	993.29053
629.4267	999.65039
629.47852	997.66248
629.53027	995.17023
629.58203	1000.5707
629.63379	996.24072
629.68561	988.32751
629.73737	1002.9999
629.78912	996.26233
629.84088	1001.6441
629.8927	998.1059
629.94446	992.04395
629.99622	989.19586
630.04803	993.80792
630.09979	1005.3243
630.15155	1007.2875
630.20331	1001.9055
630.25513	1002.9714
630.30688	1004.8629
630.35864	996.86462
630.4104	1000.8671
630.46222	1008.1453
630.51398	1005.8534
630.56573	1015.1974
630.61755	993.9118
630.66931	1015.5646
630.72107	1007.748
630.77283	997.05872
630.82465	999.87219
630.8764	1002.5209
630.92816	1010.9943
630.97992	1012.5376
631.03174	1010.7933
631.0835	1008.613
631.13525	1012.4112
631.18707	1004.493
631.23883	1012.6799
631.29059	1017.6478
631.34235	1015.612
631.39417	1014.1119
631.44592	1018.1718
631.49768	1018.7648
631.54944	1036.7244
631.60126	1029.5651
631.65302	1018.9163
631.70477	1018.3147
631.75659	1023.0975
631.80835	1023.6056
631.86011	1029.1807
631.91187	1022.8898
631.96368	1032.1094
632.01544	1037.3451
632.0672	1030.0889
632.11896	1028.5291
632.17078	1031.2789
632.22253	1041.9663
632.27429	1041.1162
632.32611	1031.5906
632.37787	1035.8698
632.42963	1031.1877
632.48138	1032.7141
632.5332	1034.9036
632.58496	1042.3152
632.63672	1048.0757
632.68848	1047.0642
632.7403	1045.0767
632.79205	1065.3317
632.84381	1034.1261
632.89563	1046.4557
632.94739	1052.5061
632.99915	1055.0519
633.0509	1059.2896
633.10272	1043.1711
633.15448	1057.8815
633.20624	1049.24
633.258	1052.6183
633.30981	1058.7904
633.36157	1061.4188
633.41333	1060.9437
633.46515	1066.1019
633.51691	1077.6572
633.56866	1057.6997
633.62042	1081.0245
633.67224	1075.0398
633.724	1074.0466
633.77576	1076.8564
633.82751	1074.0271
633.87933	1082.001
633.93109	1088.7762
633.98285	1087.8357
634.03467	1084.5936
634.08643	1101.038
634.13818	1098.4478
634.18994	1106.2667
634.24176	1086.1847
634.29352	1103.1074
634.34528	1104.1345
634.39703	1103.8535
634.44885	1093.4348
634.50061	1111.7238
634.55237	1108.9438
634.60419	1121.6543
634.65594	1117.58
634.7077	1130.7749
634.75946	1121.6002
634.81128	1131.9911
634.86304	1147.4653
634.91479	1123.4547
634.96655	1130.3972
635.01837	1137.0653
635.07013	1148.6566
635.12189	1141.058
635.17371	1146.6311
635.22546	1138.3219
635.27722	1145.0002
635.32898	1126.2345
635.3808	1161.1913
635.43256	1166.48
635.48431	1156.5942
635.53607	1182.4644
635.58789	1174.2495
635.63965	1168.6915
635.69141	1164.5321
635.74323	1183.4172
635.79498	1179.948
635.84674	1186.0924
635.8985	1178.749
635.95032	1188.7373
636.00208	1192.5146
636.05383	1193.1267
636.10559	1191.4855
636.15741	1213.5558
636.20917	1213.1729
636.26093	1205.3556
636.31274	1225.8894
636.3645	1234.2068
636.41626	1229.4041
636.46802	1226.6387
636.51984	1228.3792
636.57159	1252.4032
636.62335	1252.9358
636.67511	1239.6238
636.72693	1254.6113
636.77869	1258.6859
636.83044	1269.3066
636.88226	1282.3253
636.93402	1255.5599
636.98578	1268.2516
637.03754	1272.2443
637.08936	1280.2164
637.14111	1278.9531
637.19287	1299.7815
637.24463	1301.2394
637.29645	1292.4241
637.34821	1297.4812
637.39996	1315.1285
637.45178	1293.5498
637.50354	1298.999
637.5553	1317.3301
637.60706	1315.5649
637.65887	1342.598
637.71063	1321.3982
637.76239	1340.3302
637.81415	1316.6288
637.86597	1344.266
637.91772	1339.9382
637.96948	1366.5957
638.0213	1379.1722
638.07306	1388.2164
638.12482	1360.8258
638.17657	1376.528
638.22839	1402.0464
638.28015	1361.696
638.33191	1370.4116
638.38367	1401.4172
638.43549	1394.1984
638.48724	1401.9352
638.539	1432.882
638.59082	1433.2991
638.64258	1428.391
638.69434	1429.9614
638.74609	1438.6686
638.79791	1423.874
638.84967	1438.3743
638.90143	1450.8671
638.95319	1480.962
639.005	1428.3027
639.05676	1456.6759
639.10852	1446.5828
639.16034	1469.6205
639.2121	1474.6503
639.26385	1482.1772
639.31561	1508.0917
639.36743	1503.0906
639.41919	1506.0518
639.47095	1505.5895
639.52271	1515.0382
639.57452	1505.4578
639.62628	1554.3804
639.67804	1562.0447
639.72986	1554.3901
639.78162	1548.9229
639.83337	1542.3875
639.88513	1559.0566
639.93695	1566.7069
639.98871	1560.3419
640.04047	1567.1459
640.09222	1602.443
640.14404	1596.8076
640.1958	1599.8472
640.24756	1641.9194
640.29938	1625.2039
640.35114	1603.4854
640.40289	1614.855
640.45465	1625.3879
640.50647	1596.0465
640.55823	1645.2609
640.60999	1646.8268
640.66174	1673.8833
640.71356	1637.1863
640.76532	1659.3125
640.81708	1674.9486
640.8689	1711.0378
640.92065	1700.8816
640.97241	1730.0645
641.02417	1738.2795
641.07599	1725.2637
641.12775	1737.0759
641.1795	1742.7493
641.23126	1766.1851
641.28308	1779.5438
641.33484	1784.6874
641.3866	1777.8549
641.43842	1793.4458
641.49017	1816.0381
641.54193	1813.177
641.59369	1830.0012
641.64551	1854.3129
641.69727	1871.1344
641.74902	1847.6061
641.80078	1855.6887
641.8526	1852.108
641.90436	1884.7478
641.95612	1877.3597
642.00793	1907.5024
642.05969	1926.4475
642.11145	1923.4045
642.16321	1946.9434
642.21503	1976.3774
642.26678	1987.2102
642.31854	1998.7349
642.3703	1993.5625
642.42212	1995.6871
642.47388	2018.6865
642.52563	2037.7058
642.57745	2054.0195
642.62921	2082.0173
642.68097	2079.196
642.73273	2099.8477
642.78455	2118.5181
642.8363	2127.583
642.88806	2144.3296
642.93982	2170.0359
642.99164	2189.4436
643.0434	2231.0735
643.09515	2246.2446
643.14697	2259.0017
643.19873	2286.0571
643.25049	2288.449
643.30225	2340.2644
643.35406	2375.4153
643.40582	2367.0391
643.45758	2418.4304
643.50934	2459.1277
643.56116	2484.5632
643.61292	2490.8601
643.66467	2555.4009
643.71649	2601.0032
643.76825	2640.9175
643.82001	2659.4529
643.87177	2735.2607
643.92358	2779.9507
643.97534	2839.5891
644.0271	2913.5779
644.07886	2936.1477
644.13068	2977.4146
644.18243	2998.7161
644.23419	3080.9915
644.28601	3168.677
644.33777	3207.9502
644.38953	3284.3313
644.44128	3337.2227
644.4931	3426.9319
644.54486	3538.6064
644.59662	3584.6709
644.64838	3621.4885
644.7002	3724.7385
644.75195	3798.929
644.80371	3871.0852
644.85553	3939.2241
644.90729	3959.6987
644.95905	4045.0854
645.0108	4113.543
645.06262	4165.9766
645.11438	4237.3911
645.16614	4334.8662
645.2179	4373.3394
645.26971	4484.543
645.32147	4553.7178
645.37323	4620.6245
645.42505	4751.832
645.47681	4824.1396
645.52856	4776.1245
645.58032	4859.9238
645.63214	5006.728
645.6839	5049.6538
645.73566	5090.4141
645.78741	5223.436
645.83923	5400.626
645.89099	5490.3325
645.94275	5655.2061
645.99457	5828.6895
646.04633	5857.9971
646.09808	6031.459
646.14984	6232.0557
646.20166	6394.4819
646.25342	6538.0801
646.30518	6866.6455
646.35693	7044.7725
646.40875	7326.0122
646.46051	7545.29
646.51227	7908.5723
646.56409	8184.6616
646.61584	8513.0596
646.6676	8777.2529
646.71936	9191.2695
646.77118	9542.001
646.82294	9827.457
646.87469	10190.561
646.92645	10479.201
646.97827	10666.704
647.03003	10894.724
647.08179	11070.981
647.13361	11164.263
647.18536	11281.579
647.23712	11252.221
647.28888	11293.35
647.3407	11336.498
647.39246	11211.873
647.44421	11060.543
647.49597	11057.45
647.54779	11110.223
647.59955	11099.551
647.65131	11086.94
647.70313	11206.227
647.75488	11217.549
647.80664	11238.34
647.8584	11449.954
647.91022	11729.547
647.96198	11949.814
648.01373	12135.983
648.06549	12393.467
648.11731	12773.941
648.16907	13043.764
648.22083	13410.899
648.27264	13827.95
648.3244	14168.341
648.37616	14680.508
648.42792	15182.256
648.47974	15642.552
648.53149	15969.278
648.58325	16176.875
648.63501	16552.691
648.68683	16852.938
648.73859	16910.613
648.79034	17132.182
648.84216	17064.52
648.89392	17278.645
648.94568	17336.176
648.99744	17351.934
649.04926	17544.275
649.10101	17663.627
649.15277	17794.512
649.20453	17967.467
649.25635	18233.219
649.30811	18650.012
649.35986	18823.125
649.41168	18908.588
649.46344	19312.781
649.5152	19454.754
649.56696	19793.223
649.61877	19961.523
649.67053	20221.342
649.72229	20320.721
649.77405	20562.504
649.82587	20335.459
649.87762	20421.594
649.92938	20556.828
649.9812	20390.98
650.03296	20299.441
650.08472	20153.693
650.13647	19925.41
650.18829	19770.428
650.24005	19687.332
650.29181	19429.66
650.34357	19436.326
650.39539	19125.912
650.44714	19014.27
650.4989	19055.992
650.55072	19184.561
650.60248	19370.578
650.65424	19362.713
650.70599	19501.412
650.75781	19790.877
650.80957	20099.066
650.86133	20159.549
650.91309	20600.682
650.9649	20858.307
651.01666	21262.881
651.06842	21778.943
651.12024	22028.482
651.172	22395.295
651.22375	22972.965
651.27551	23161.949
651.32733	23584.787
651.37909	23721.092
651.43085	23988.16
651.4826	24544.672
651.53442	24685.385
651.58618	25048.773
651.63794	25316.789
651.68976	25737.141
651.74152	26203.648
651.79327	26696.584
651.84503	26884.297
651.89685	27384.922
651.94861	27682.742
652.00037	27962.299
652.05212	28491.158
652.10394	28870.855
652.1557	29003.857
652.20746	29264.418
652.25928	29182.52
652.31104	29476.258
652.36279	29663.846
652.41455	29966.838
652.46637	30319.178
652.51813	30820.74
652.56989	30849.688
652.62164	31434.75
652.67346	31974.688
652.72522	32451.373
652.77698	32996.117
652.8288	33130.504
652.88055	33691.277
652.93231	33924.375
652.98407	34129.148
653.03589	34129.754
653.08765	34260.242
653.1394	34685.281
653.19116	34395.621
653.24298	34200.055
653.29474	34075.098
653.3465	33757.199
653.39832	33414.129
653.45007	33137.875
653.50183	32819.484
653.55359	32323.367
653.60541	31970.328
653.65717	31479.803
653.70892	30723.51
653.76068	30506.16
653.8125	30268.096
653.86426	29861.818
653.91602	29156.24
653.96783	29241.666
654.01959	28369.713
654.07135	28192.053
654.12311	27713.545
654.17493	27671.121
654.22668	27215.969
654.27844	27089.656
654.3302	26701.803
654.38202	26331.34
654.43378	26084.668
654.48553	25848.68
654.53735	25788.904
654.58911	25687.234
654.64087	25636.377
654.69263	25418.232
654.74445	25284.75
654.7962	25351.693
654.84796	25222.357
654.89972	25270.354
654.95154	25051.406
655.0033	25058.031
655.05505	25026.387
655.10687	25143.943
655.15863	24914.842
655.21039	25135.404
655.26215	25266.205
655.31396	25307.607
655.36572	25192.551
655.41748	25404.623
655.46924	25462.457
655.52106	25630.395
655.57281	25755.262
655.62457	25738.602
655.67639	25962.523
655.72815	26085.758
655.77991	26204.973
655.83167	26156.939
655.88348	26077.398
655.93524	26305.996
655.987	26409.826
656.03876	26588.836
656.09058	26686.391
656.14233	26792.303
656.19409	26925.809
656.24591	27079.85
656.29767	27322.436
656.34943	27418.539
656.40118	27603.639
656.453	27777.967
656.50476	27760.127
656.55652	27926.518
656.60828	28113.049
656.6601	27952.305
656.71185	28148.111
656.76361	28171.357
656.81543	28459.92
656.86719	28406.098
656.91895	28535.143
656.9707	28705.07
657.02252	28684.996
657.07428	28820.564
657.12604	28874.75
657.1778	28940.387
657.22961	28640.473
657.28137	28976.885
657.33313	29160.031
657.38495	29223.975
657.43671	29158.889
657.48846	29228.852
657.54022	29269.984
657.59204	29367.514
657.6438	29662.832
657.69556	29803.566
657.74731	29718.117
657.79913	29709.334
657.85089	29958.912
657.90265	29906.096
657.95447	29759.777
658.00623	29930.766
658.05798	29922.926
658.10974	29867.674
658.16156	30125.406
658.21332	29937.309
658.26508	29782.865
658.31683	29860.709
658.36865	29819.344
658.42041	29796.211
658.47217	29616.492
658.52399	29501.045
658.57574	29642.426
658.6275	29658.953
658.67926	29527.357
658.73108	29622.061
658.78284	29704.057
658.83459	29762.24
658.88635	29671.184
658.93817	29836.635
658.98993	29837.391
659.04169	29834.697
659.09351	30094.164
659.14526	30283.115
659.19702	30563.752
659.24878	30543.33
659.3006	30615.939
659.35236	30838.074
659.40411	30895.063
659.45587	30969.377
659.50769	31367.949
659.55945	31504.123
659.61121	31637.174
659.66302	31603.871
659.71478	31860.119
659.76654	32263.049
659.8183	32637.785
659.87012	32656.754
659.92188	33016.09
659.97363	33086.035
660.02539	33146.609
660.07721	33369.164
660.12897	33797.801
660.18073	34043.074
660.23254	34172.664
660.2843	34381.016
660.33606	34647.027
660.38782	34735.617
660.43964	34690.063
660.49139	34903.301
660.54315	35133.109
660.59491	35142.988
660.64673	35337.75
660.69849	35520.684
660.75024	35399.977
660.80206	35658.645
660.85382	35548.07
660.90558	35544.355
660.95734	35422.461
661.00916	34965.148
661.06091	35247.645
661.11267	35104.895
661.16443	34868.813
661.21625	35008.359
661.26801	34929.512
661.31976	34830.875
661.37158	34575.898
661.42334	34208.5
661.4751	33957.313
661.52686	34168.043
661.57867	33709.867
661.63043	33509.16
661.68219	33396.168
661.73395	33242.898
661.78577	33164.402
661.83752	32687.822
661.88928	32527.502
661.9411	32198.412
661.99286	31957.02
662.04462	31848.27
662.09637	31498.914
662.14819	31194.676
662.19995	31159.299
662.25171	31099.398
662.30347	31034.629
662.35529	30738.25
662.40704	30760.02
662.4588	30612.561
662.51062	30231.846
662.56238	30217.539
662.61414	30251.08
662.66589	29938.043
662.71771	29794.459
662.76947	29509.953
662.82123	29505.902
662.87299	29507.564
662.9248	29257.592
662.97656	29202.879
663.02832	29135.104
663.08014	29054.111
663.1319	28913.941
663.18365	28667.094
663.23541	28704.996
663.28723	28495.771
663.33899	28454.041
663.39075	28364.736
663.4425	28132.248
663.49432	28002.182
663.54608	27808.936
663.59784	27663.318
663.64966	27773.42
663.70142	27431.049
663.75317	27293.709
663.80493	27184.754
663.85675	26918.582
663.90851	26840.447
663.96027	26633.75
664.01202	26308.666
664.06384	26280.559
664.1156	26026.746
664.16736	25645.318
664.21918	25721.229
664.27094	25708.711
664.32269	25579.363
664.37445	25046.939
664.42627	24939.248
664.47803	24734.912
664.52979	24575.371
664.58154	24158.781
664.63336	24085.605
664.68512	23986.34
664.73688	23632.627
664.7887	23183.43
664.84045	23113.369
664.89221	22942.984
664.94397	22549.402
664.99579	22550.213
665.04755	22207.227
665.0993	21993.203
665.15106	21822.16
665.20288	21711.885
665.25464	21404.195
665.3064	21252.76
665.35822	20998.313
665.40997	20877.398
665.46173	20673.541
665.51349	20589.523
665.56531	20440.371
665.61707	20268.965
665.66882	20169.488
665.72058	19931.385
665.7724	19885.689
665.82416	19713.244
665.87592	19238.602
665.92773	19350.98
665.97949	19198.402
666.03125	19061.316
666.08301	18903.99
666.13483	18683.641
666.18658	18716.867
666.23834	18386.348
666.2901	18383.447
666.34192	18278.945
666.39368	18030.627
666.44543	17963.26
666.49725	17814.154
666.54901	17759.809
666.60077	17703.287
666.65253	17486.709
666.70435	17385.775
666.7561	17387.215
666.80786	17158.191
666.85962	16859.939
666.91144	16790.088
666.9632	16683.25
667.01495	16484.715
667.06677	16442.393
667.11853	16405.986
667.17029	16095.151
667.22205	16073.674
667.27386	15938.426
667.32562	15728.457
667.37738	15636.017
667.42914	15379.86
667.48096	15312.271
667.53271	15108.418
667.58447	15024.909
667.63623	14706.908
667.68805	14679.68
667.73981	14320.378
667.79156	14280.114
667.84338	14164.254
667.89514	14037.347
667.9469	13840.601
667.99866	13688.131
668.05048	13279.214
668.10223	13258.141
668.15399	13204.599
668.20575	12965.893
668.25757	12820.672
668.30933	12606.744
668.36108	12472.144
668.4129	12293.638
668.46466	12074.917
668.51642	11969.301
668.56818	11760.968
668.62	11712.618
668.67175	11514.815
668.72351	11204.288
668.77527	11111.228
668.82709	11016.631
668.87885	10803.27
668.9306	10674.428
668.98242	10435.198
669.03418	10234.344
669.08594	10206.458
669.1377	10082.315
669.18951	9868.5352
669.24127	9656.3916
669.29303	9462.8545
669.34479	9398.3057
669.39661	9256.2861
669.44836	9091.7744
669.50012	9003.5029
669.55194	8904.0635
669.6037	8734.9004
669.65546	8569.3281
669.70721	8433.374
669.75903	8308.2383
669.81079	8239.543
669.86255	8032.7617
669.91431	8036.5688
669.96613	7750.2827
670.01788	7651.9121
670.06964	7588.1563
670.12146	7478.7251
670.17322	7399.9956
670.22498	7234.6133
670.27673	7144.7041
670.32855	6971.8804
670.38031	6886.8447
670.43207	6793.4487
670.48383	6713.7402
670.53564	6620.188
670.5874	6493.3467
670.63916	6375.4609
670.69098	6311.9194
670.74274	6215.4023
670.79449	6126.5625
670.84625	6101.8198
670.89807	6036.0088
670.94983	5876.7861
671.00159	5860.5752
671.05334	5774.5244
671.10516	5711.6436
671.15692	5578.7144
671.20868	5436.3687
671.2605	5372.7925
671.31226	5311.1338
671.36401	5325.0088
671.41577	5184.2568
671.46759	5308.5762
671.51935	5046.2686
671.57111	4946.2437
671.62286	4982.7808
671.67468	4860.7178
671.72644	4874.2163
671.7782	4751.563
671.83002	4761.2559
671.88177	4672.4536
671.93353	4623.8438
671.98529	4618.2529
672.03711	4544.6089
672.08887	4478.061
672.14063	4460.5171
672.19238	4359.6943
672.2442	4344.8037
672.29596	4285.7798
672.34772	4223.4063
672.39954	4122.752
672.45129	4151.0767
672.50305	4142.1499
672.55481	4061.3003
672.60663	4125.9512
672.65839	3978.5588
672.71014	3923.0469
672.7619	3944.4082
672.81372	3876.9126
672.86548	3835.4185
672.91724	3771.2356
672.96906	3832.7959
673.02081	3718.5764
673.07257	3737.6597
673.12433	3674.0928
673.17615	3654.073
673.22791	3600.7678
673.27966	3563.0398
673.33142	3614.6638
673.38324	3549.699
673.435	3500.0107
673.48676	3458.4568
673.53857	3471.2402
673.59033	3465.7908
673.64209	3368.0386
673.69385	3360.6421
673.74567	3351.0759
673.79742	3318.5933
673.84918	3302.1187
673.90094	3219.9863
673.95276	3241.7141
674.00452	3222.6904
674.05627	3183.8247
674.10809	3157.8472
674.15985	3122.7646
674.21161	3125.5999
674.26337	3080.2678
674.31519	3117.2642
674.36694	3109.5642
674.4187	3045.2473
674.47046	2993.4495
674.52228	2963.7087
674.57404	2976.751
674.62579	2966.0759
674.67761	2939.6506
674.72937	2915.4832
674.78113	2906.1062
674.83289	2907.6855
674.8847	2871.9023
674.93646	2870.4939
674.98822	2830.677
675.03998	2836.1199
675.0918	2812.9055
675.14355	2802.8408
675.19531	2759.5203
675.24713	2731.498
675.29889	2757.7483
675.35065	2718.2124
675.4024	2672.5815
675.45422	2678.9905
675.50598	2651.1418
675.55774	2607.7432
675.6095	2628.002
675.66132	2622.4058
675.71307	2606.1794
675.76483	2586.0374
675.81665	2571.8599
675.86841	2559.5581
675.92017	2555.3052
675.97192	2546.4622
676.02374	2541.4966
676.0755	2533.3933
676.12726	2518.7551
676.17902	2474.6506
676.23083	2468.082
676.28259	2480.2214
676.33435	2435.2205
676.38617	2390.7493
676.43793	2416.5266
676.48969	2384.9797
676.54144	2399.9072
676.59326	2382.6162
676.64502	2358.2581
676.69678	2357.2739
676.74854	2320.1191
676.80035	2295.7502
676.85211	2303.4919
676.90387	2308.1826
676.95569	2258.0176
677.00745	2248.2993
677.0592	2256.7583
677.11096	2250.22
677.16278	2264.4023
677.21454	2228.6279
677.2663	2234.1304
677.31805	2215.271
677.36987	2194.7998
677.42163	2189.2334
677.47339	2166.3345
677.52521	2130.1157
677.57697	2139.1033
677.62872	2155.9592
677.68048	2136.7939
677.7323	2111.5149
677.78406	2077.8059
677.83582	2068.292
677.88757	2069.3606
677.93939	2088.3286
677.99115	2077.8086
678.04291	2086.5603
678.09473	2069.2148
678.14648	2041.1174
678.19824	2040.9988
678.25	2026.8156
678.30182	2028.2212
678.35358	1997.9419
678.40533	1988.1659
678.45709	1993.4053
678.50891	1965.9958
678.56067	1950.4833
678.61243	1944.3451
678.66425	1931.189
678.716	1925.139
678.76776	1919.4404
678.81952	1915.0996
678.87134	1902.2762
678.9231	1882.094
678.97485	1880.0172
679.02661	1884.4508
679.07843	1873.7719
679.13019	1873.4801
679.18195	1887.3014
679.23376	1860.0768
679.28552	1849.0208
679.33728	1833.368
679.38904	1819.2863
679.44086	1826.2207
679.49261	1808.8248
679.54437	1785.5626
679.59613	1783.2715
679.64795	1780.0847
679.69971	1747.5496
679.75146	1749.9418
679.80328	1746.3628
679.85504	1728.8274
679.9068	1746.2341
679.95856	1769.1031
680.01038	1752.9381
680.06213	1738.9596
680.11389	1718.9697
680.16565	1689.7644
680.21747	1695.312
680.26923	1698.6276
680.32098	1680.5498
680.3728	1679.1111
680.42456	1653.9482
680.47632	1632.4164
680.52808	1616.1256
680.5799	1637.311
680.63165	1649.2705
680.68341	1655.9021
680.73517	1633.7218
680.78699	1628.8591
680.83875	1637.8477
680.8905	1631.3339
680.94232	1621.2704
680.99408	1608.5798
681.04584	1596.616
681.0976	1580.3051
681.14941	1568.8635
681.20117	1546.5161
681.25293	1551.7356
681.30469	1544.455
681.35651	1552.8136
681.40826	1574.0941
681.46002	1543.2439
681.51184	1535.9495
681.5636	1521.3723
681.61536	1533.4226
681.66711	1522.5182
681.71893	1522.9365
681.77069	1521.6765
681.82245	1491.9036
681.87421	1509.976
681.92603	1485.0768
681.97778	1489.5336
682.02954	1496.6908
682.08136	1494.6328
682.13312	1489.9683
682.18488	1468.7435
682.23663	1447.1854
682.28845	1459.0864
682.34021	1455.0383
682.39197	1429.542
682.44373	1451.521
682.49554	1426.7214
682.5473	1397.8212
682.59906	1403.3447
682.65088	1398.6823
682.70264	1420.3198
682.75439	1414.0845
682.80615	1408.4008
682.85797	1400.4045
682.90973	1391.6871
682.96149	1395.5242
683.01324	1374.1558
683.06506	1370.5214
683.11682	1360.5112
683.16858	1353.1799
683.2204	1376.2465
683.27216	1364.3341
683.32391	1367.691
683.37567	1344.2144
683.42749	1346.7449
683.47925	1345.7224
683.53101	1361.3391
683.58276	1347.7255
683.63458	1332.4333
683.68634	1342.3975
683.7381	1348.7173
683.78992	1338.5715
683.84167	1333.8993
683.89343	1331.7289
683.94519	1312.5455
683.99701	1310.9324
684.04877	1300.8137
684.10052	1302.7421
684.15228	1300.8817
684.2041	1301.1179
684.25586	1303.9254
684.30762	1290.9535
684.35944	1302.1785
684.41119	1271.859
684.46295	1288.8281
684.51471	1285.2054
684.56653	1289.1011
684.61829	1293.6487
684.67004	1257.424
684.7218	1295.9817
684.77362	1252.9471
684.82538	1266.421
684.87714	1278.6616
684.92896	1275.1932
684.98071	1244.3218
685.03247	1262.3114
685.08423	1256.7469
685.13605	1249.7621
685.18781	1229.3031
685.23956	1272.6747
685.29132	1218.9728
685.34314	1245.6812
685.3949	1233.6924
685.44666	1224.4913
685.49847	1229.937
685.55023	1247.8058
685.60199	1213.8047
685.65375	1223.1154
685.70557	1236.7722
685.75732	1220.2186
685.80908	1204.4227
685.86084	1201.9575
685.91266	1206.952
685.96442	1204.8938
686.01617	1211.9193
686.06799	1186.2357
686.11975	1208.6405
686.17151	1206.2336
686.22327	1194.8521
686.27509	1187.6603
686.32684	1202.0947
686.3786	1191.5327
686.43036	1190.3835
686.48218	1175.9031
686.53394	1181.1635
686.58569	1174.7042
686.63751	1194.0747
686.68927	1203.0823
686.74103	1184.7472
686.79279	1201.8245
686.8446	1212.7302
686.89636	1207.7185
686.94812	1203.3268
686.99988	1179.9291
687.0517	1173.2106
687.10345	1182.0244
687.15521	1179.616
687.20703	1166.0945
687.25879	1172.3982
687.31055	1189.8042
687.3623	1182.4969
687.41412	1204.7501
687.46588	1177.5964
687.51764	1200.0664
687.5694	1197.6047
687.62122	1180.5897
687.67297	1201.7119
687.72473	1196.7052
687.77655	1205.7673
687.82831	1207.6379
687.88007	1202.5579
687.93182	1206.4943
687.98364	1201.7372
688.0354	1200.5543
688.08716	1189.2745
688.13892	1191.7307
688.19073	1192.1648
688.24249	1193.5918
688.29425	1197.6418
688.34607	1191.0374
688.39783	1184.9863
688.44958	1198.8213
688.50134	1191.5543
688.55316	1184.1844
688.60492	1182.7793
688.65668	1175.6671
688.70844	1168.3953
688.76025	1169.4845
688.81201	1177.5317
688.86377	1176.4933
688.91559	1177.4316
688.96735	1189.2198
689.0191	1179.7058
689.07086	1171.037
689.12268	1186.2634
689.17444	1194.3201
689.2262	1193.2595
689.27795	1192.4879
689.32977	1196.4547
689.38153	1196.6527
689.43329	1191.6339
689.48511	1202.9583
689.53687	1201.079
689.58862	1200.6683
689.64038	1202.1241
689.6922	1218.1167
689.74396	1222.3864
689.79572	1212.6508
689.84747	1202.8323
689.89929	1210.7479
689.95105	1229.6637
690.00281	1212.2745
690.05463	1205.7982
690.10638	1206.5403
690.15814	1197.3867
690.2099	1203.1731
690.26172	1197.9061
690.31348	1197.6558
690.36523	1190.1379
690.41699	1193.8623
690.46881	1194.0563
690.52057	1192.2383
690.57233	1186.4097
690.62415	1195.6945
690.6759	1194.1405
690.72766	1187.7438
690.77942	1199.74
690.83124	1193.967
690.883	1199.754
690.93475	1203.5706
690.98651	1189.3524
691.03833	1195.8788
691.09009	1189.0205
691.14185	1199.379
691.19366	1187.5258
691.24542	1185.7201
691.29718	1169.6504
691.34894	1175.7952
691.40076	1186.9607
691.45251	1176.9572
691.50427	1177.8898
691.55603	1174.4309
691.60785	1166.8694
691.65961	1174.9781
691.71136	1166.7631
691.76318	1157.6592
691.81494	1159.1477
691.8667	1149.356
691.91846	1155.0629
691.97028	1163.7904
692.02203	1170.2372
692.07379	1184.5342
692.12555	1150.9476
692.17737	1168.8623
692.22913	1169.2472
692.28088	1166.0314
692.3327	1171.4279
692.38446	1177.5804
692.43622	1159.2482
692.48798	1185.8221
692.53979	1170.8518
692.59155	1182.1998
692.64331	1182.7598
692.69507	1178.1437
692.74689	1184.0283
692.79865	1176.801
692.8504	1163.9663
692.90222	1171.4602
692.95398	1182.8892
693.00574	1162.078
693.0575	1191.8398
693.10931	1148.641
693.16107	1155.5699
693.21283	1146.8672
693.26459	1170.8136
693.31641	1148.7319
693.36816	1131.1625
693.41992	1148.9944
693.47174	1126.7415
693.5235	1162.063
693.57526	1146.9916
693.62701	1168.5509
693.67883	1135.7987
693.73059	1136.0488
693.78235	1141.4675
693.83411	1144.5183
693.88593	1127.8126
693.93768	1148.7948
693.98944	1143.1375
694.04126	1126.712
694.09302	1135.0099
694.14478	1130.5956
694.19653	1122.1055
694.24835	1133.0554
694.30011	1111.5697
694.35187	1099.0905
694.40363	1111.0093
694.45544	1096.6294
694.5072	1106.4404
694.55896	1088.6865
694.61078	1099.9116
694.66254	1086.1373
694.71429	1090.869
694.76605	1078.2961
694.81787	1090.8547
694.86963	1080.2225
694.92139	1086.6616
694.97314	1069.3289
695.02496	1078.5188
695.07672	1058.6929
695.12848	1062.5742
695.1803	1062.5743
695.23206	1061.8134
695.28381	1041.4443
695.33557	1051.847
695.38739	1071.1718
695.43915	1084.9879
695.49091	1082.9396
695.54266	1078.6368
695.59448	1051.6854
695.64624	1082.9672
695.698	1089.4585
695.74982	1078.9994
695.80157	1087.6406
695.85333	1112.3042
695.90509	1108.4564
695.95691	1114.9843
696.00867	1128.246
696.06042	1130.5087
696.11218	1131.441
696.164	1156.1722
696.21576	1165.6643
696.26752	1193.4711
696.31934	1220.9384
696.37109	1213.3307
696.42285	1213.821
696.47461	1251.5347
696.52643	1280.877
696.57819	1267.8662
696.62994	1309.6577
696.6817	1310.4042
696.73352	1353.4507
696.78528	1337.8054
696.83704	1370.8741
696.88885	1370.8835
696.94061	1384.9949
696.99237	1376.963
697.04413	1387.6385
697.09595	1418.4141
697.14771	1439.55
697.19946	1435.1028
697.25122	1431.1536
697.30304	1430.6484
697.3548	1449.9874
697.40656	1459.3241
697.45837	1457.7811
697.51013	1462.8557
697.56189	1485.5033
697.61365	1476.9147
697.66547	1477.9525
697.71722	1438.5471
697.76898	1459.2312
697.82074	1458.1387
697.87256	1451.5029
697.92432	1476.1625
697.97607	1471.6166
698.02789	1446.6876
698.07965	1455.4093
698.13141	1458.0734
698.18317	1464.1732
698.23499	1466.526
698.28674	1452.3633
698.3385	1449.8612
698.39026	1417.4708
698.44208	1401.5505
698.49384	1394.0367
698.54559	1390.6565
698.59741	1374.7883
698.64917	1330.4061
698.70093	1350.4865
698.75269	1323.6786
698.8045	1322.2971
698.85626	1300.1119
698.90802	1274.1252
698.95978	1281.2305
699.0116	1281.6987
699.06335	1263.5752
699.11511	1244.4434
699.16693	1221.5437
699.21869	1217.49
699.27045	1208.524
699.3222	1204.1101
699.37402	1199.5311
699.42578	1169.2128
699.47754	1157.266
699.5293	1157.6891
699.58112	1165.5425
699.63287	1154.8267
699.68463	1138.3846
699.73645	1131.7197
699.78821	1140.0802
699.83997	1134.6637
699.89172	1124.7509
699.94354	1122.2037
699.9953	1133.7368
700.04706	1119.9875
700.09882	1118.5657
700.15063	1129.8683
700.20239	1137.0759
700.25415	1128.3427
700.30597	1115.2476
700.35773	1112.5244
700.40948	1116.9958
700.46124	1125.6207
700.51306	1108.889
700.56482	1106.269
700.61658	1111.3925
700.66833	1111.1736
700.72015	1115.7185
700.77191	1105.796
700.82367	1097.0035
700.87549	1106.6825
700.92725	1093.2764
700.979	1088.7972
701.03076	1090.424
701.08258	1081.7014
701.13434	1090.5935
701.1861	1096.108
701.23785	1095.4756
701.28967	1081.7081
701.34143	1091.2537
701.39319	1093.7196
701.44501	1092.2491
701.49677	1077.1848
701.54852	1065.6858
701.60028	1054.6382
701.6521	1065.959
701.70386	1068.0833
701.75562	1062.936
701.80737	1056.3689
701.85919	1049.3474
701.91095	1044.4935
701.96271	1047.4038
702.01453	1054.6492
702.06628	1039.1233
702.11804	1037.599
702.1698	1042.538
702.22162	1033.5074
702.27338	1023.2719
702.32513	1017.5237
702.37689	1022.0599
702.42871	1027.6664
702.48047	1024.9825
702.53223	1021.926
702.58405	1029.4492
702.6358	1025.9092
702.68756	1014.2294
702.73932	1009.0551
702.79114	1015.1003
702.8429	1011.4577
702.89465	1007.1003
702.94641	1014.1564
702.99823	1005.0398
703.04999	1003.6968
703.10175	1011.6277
703.15356	1003.0316
703.20532	1005.7085
703.25708	1011.3847
703.30884	1005.6608
703.36066	1003.4167
703.41241	1004.5026
703.46417	1007.1059
703.51593	1012.7014
703.56775	1011.7491
703.61951	1003.3723
703.67126	1003.3506
703.72308	1011.368
703.77484	1013.8221
703.8266	1005.5433
703.87836	1003.9108
703.93018	1007.9127
703.98193	1005.1913
704.03369	1005.8194
704.08545	1001.6806
704.13727	997.81879
704.18903	1004.0452
704.24078	1004.9956
704.2926	1005.7756
704.34436	1011.4279
704.39612	1011.0383
704.44788	1000.9171
704.49969	999.28839
704.55145	999.52429
704.60321	997.11017
704.65497	998.5307
704.70679	997.89624
704.75854	1001.7888
704.8103	1001.267
704.86212	998.69434
704.91388	1001.7528
704.96564	1002.4299
705.0174	1001.9091
705.06921	1000.6155
705.12097	1000.8171
705.17273	999.1842
705.22449	1008.923
705.27631	1007.8069
705.32806	1005.7086
705.37982	1004.4981
705.43164	1000.7328
705.4834	1002.452
705.53516	999.67151
705.58691	1001.9026
705.63873	998.51172
705.69049	991.8833
705.74225	987.18555
705.79401	1001.9937
705.84583	1008.9674
705.89758	1000.4917
705.94934	996.28204
706.00116	996.11548
706.05292	995.10272
706.10468	991.89764
706.15643	1000.5262
706.20825	993.4317
706.26001	1004.3597
706.31177	992.82751
706.36353	990.56812
706.41534	997.69305
706.4671	997.13983
706.51886	1005.025
706.57068	1008.2594
706.62244	1000.5508
706.67419	1002.3333
706.72595	1006.3072
706.77777	998.68353
706.82953	1005.9417
706.88129	997.00311
706.93304	992.61908
706.98486	1003.8716
707.03662	1000.4478
707.08838	987.87213
707.1402	990.34888
707.19196	995.57605
707.24371	989.28729
707.29547	1007.3142
707.34729	1001.0181
707.39905	999.97766
707.45081	1002.9904
707.50256	996.08197
707.55438	982.54413
707.60614	997.67889
707.6579	1004.5439
707.70972	996.60156
707.76147	1006.0507
707.81323	995.90613
707.86499	1001.7878
707.91681	1001.9641
707.96857	999.12054
708.02032	994.43188
708.07208	997.83917
708.1239	992.6933
708.17566	995.88422
708.22742	1003.9011
708.27924	1001.2496
708.33099	1002.3545
708.38275	995.23004
708.43451	992.37476
708.48633	993.883
708.53809	988.82147
708.58984	998.78107
708.6416	1008.1617
708.69342	999.24817
708.74518	991.81232
708.79694	984.77795
708.84875	993.24597
708.90051	994.12659
708.95227	994.12677
709.00403	1000.1457
709.05585	987.14331
709.1076	1000.151
709.15936	990.31793
709.21112	992.45953
709.26294	999.74475
709.3147	1007.7599
709.36646	1004.2922
709.41827	988.23993
709.47003	998.76038
709.52179	1001.5615
709.57355	1000.6511
709.62537	985.40839
709.67712	982.66193
709.72888	1002.4717
709.78064	1004.1257
709.83246	988.15894
709.88422	1001.0967
709.93597	995.61383
709.98773	994.26062
710.03955	1002.0778
710.09131	999.77594
710.14307	1005.2726
710.19489	1009.4675
710.24664	1004.4255
710.2984	988.22229
710.35016	1000.7078
710.40198	1000.7993
710.45374	979.07184
710.50549	993.33722
710.55725	989.62793
710.60907	995.90576
710.66083	993.69934
710.71259	1000.606
710.7644	1004.4965
710.81616	993.03784
710.86792	991.37579
710.91968	985.16516
710.9715	989.74567
711.02325	990.4021
711.07501	991.85065
711.12677	1011.8483
711.17859	989.26678
711.23035	989.04321
711.2821	983.12695
711.33392	989.94257
711.38568	995.31879
711.43744	996.78442
711.4892	986.08099
711.54102	996.97711
711.59277	998.36627
711.64453	985.58264
711.69629	990.66144
711.74811	1001.1239
711.79987	989.2981
711.85162	993.54175
711.90344	992.57111
711.9552	999.50183
712.00696	1003.2419
712.05872	995.16992
712.11053	986.55328
712.16229	993.71704
712.21405	994.81226
712.26581	989.00201
712.31763	982.46997
712.36938	991.62921
712.42114	988.12457
712.47296	985.72052
712.52472	986.89459
712.57648	994.39972
712.62823	991.46759
712.68005	1003.4946
712.73181	1000.9938
712.78357	989.93689
712.83533	990.79181
712.88715	988.99976
712.9389	986.79303
712.99066	989.62762
713.04248	989.76794
713.09424	1001.0165
713.146	995.30902
713.19775	994.9826
713.24957	997.71338
713.30133	1001.9942
713.35309	997.30438
713.40485	989.2702
713.45667	995.08197
713.50842	996.41656
713.56018	993.17285
713.612	1002.7535
713.66376	1004.1017
713.71552	994.24957
713.76727	989.23206
713.81909	988.13617
713.87085	996.55804
713.92261	994.42841
713.97437	991.9173
714.02618	994.50488
714.07794	987.16168
714.1297	982.31622
714.18152	987.24493
714.23328	994.26935
714.28503	998.66907
714.33679	986.55939
714.38861	984.61713
714.44037	993.46521
714.49213	997.59827
714.54388	991.17377
714.5957	985.95905
714.64746	986.38416
714.69922	994.68195
714.75104	991.7688
714.8028	985.9071
714.85455	986.67163
714.90631	988.46936
714.95813	995.78662
715.00989	997.64044
715.06165	1000.6508
715.1134	1005.9259
715.16522	1001.1331
715.21698	993.48639
715.26874	994.92065
715.32056	990.96283
715.37231	984.48853
715.42407	986.58929
715.47583	989.24542
715.52765	991.74963
715.57941	988.91602
715.63116	993.48907
715.68292	994.44647
715.73474	998.0799
715.7865	992.20032
715.83826	989.51355
715.89008	991.47388
715.94183	981.93719
715.99359	979.92358
716.04535	987.26593
716.09717	991.82025
716.14893	987.94482
716.20068	983.61737
716.25244	988.47937
716.30426	992.88361
716.35602	997.14392
716.40778	999.3584
716.45959	995.75531
716.51135	992.72485
716.56311	988.18689
716.61487	986.65594
716.66669	983.35266
716.71844	988.81976
716.7702	996.383
716.82196	1002.2976
716.87378	989.59613
716.92554	995.88928
716.97729	985.24634
717.02911	974.14569
717.08087	986.29401
717.13263	991.34534
717.18439	986.87103
717.23621	987.66858
717.28796	990.58954
717.33972	980.95105
717.39148	993.88208
717.4433	1000.8947
717.49506	989.11078
717.54681	999.30182
717.59863	1001.6597
717.65039	993.53424
717.70215	992.16016
717.75391	990.85699
717.80573	985.84644
717.85748	988.68683
717.90924	994.93152
717.961	1001.0253
718.01282	997.15448
718.06458	986.22241
718.11633	989.73169
718.16815	991.54224
718.21991	991.66205
718.27167	992.12921
718.32343	975.70898
718.37524	990.29773
718.427	998.79407
718.47876	989.08142
718.53052	999.30627
718.58234	1003.0719
718.63409	987.48199
718.68585	983.21368
718.73767	992.10815
718.78943	993.66339
718.84119	976.70197
718.89294	981.5545
718.94476	974.10986
718.99652	994.34943
719.04828	983.31702
719.10004	987.39801
719.15186	981.14197
719.20361	981.29639
719.25537	991.27924
719.30719	977.90607
719.35895	981.16638
719.41071	982.35889
719.46246	994.38226
719.51428	982.27014
719.56604	993.28101
719.6178	997.35205
719.66956	986.9577
719.72137	990.03088
719.77313	995.71387
719.82489	991.5036
719.87671	983.5946
719.92847	981.52643
719.98022	990.27576
720.03198	994.68768
720.0838	986.22394
720.13556	983.9873
720.18732	995.87695
720.23907	997.98566
720.29089	987.56226
720.34265	998.23907
720.39441	990.49524
720.44623	975.17053
720.49799	976.99536
720.54974	984.22943
720.6015	992.74872
720.65332	1003.1881
720.70508	986.54315
720.75684	987.49084
720.80859	990.36078
720.86041	988.72784
720.91217	986.60608
720.96393	983.95917
721.01575	995.73407
721.0675	985.52765
721.11926	986.00958
721.17102	990.76404
721.22284	977.9798
721.2746	983.01398
721.32635	984.98889
721.37811	984.02411
721.42993	985.56781
721.48169	988.99884
721.53345	989.38232
721.58527	986.76117
721.63702	992.87744
721.68878	994.42084
721.74054	986.56702
721.79236	987.09717
721.84412	995.46796
721.89587	993.48297
721.94763	990.74548
721.99945	990.17645
722.05121	990.84509
722.10297	988.95825
722.15479	987.28894
722.20654	990.34717
722.2583	992.39063
722.31006	992.21185
722.36188	987.99072
722.41364	982.68689
722.46539	982.95178
722.51715	990.04889
722.56897	988.6972
722.62073	984.4978
722.67249	989.95917
722.7243	990.42432
722.77606	985.75464
722.82782	984.17969
722.87958	996.34912
722.9314	993.63733
722.98315	975.67603
723.03491	975.6524
723.08667	981.6701
723.13849	988.11017
723.19025	986.48383
723.242	987.82623
723.29382	988.80103
723.34558	987.04742
723.39734	979.94403
723.4491	979.43158
723.50092	983.48438
723.55267	989.00641
723.60443	993.53699
723.65619	991.95892
723.70801	995.15991
723.75977	995.09448
723.81152	993.12793
723.86334	984.49597
723.9151	988.02148
723.96686	992.86572
724.01862	994.41974
724.07043	992.82617
724.12219	992.9353
724.17395	979.52112
724.22571	983.23669
724.27753	984.52234
724.32928	989.27429
724.38104	983.5722
724.43286	991.67023
724.48462	982.49225
724.53638	989.4646
724.58813	983.46094
724.63995	981.68658
724.69171	988.39429
724.74347	1005.3394
724.79523	1000.9235
724.84705	987.18591
724.8988	985.18738
724.95056	995.28766
725.00238	985.16003
725.05414	987.71265
725.1059	990.89685
725.15765	1003.4792
725.20947	986.7688
725.26123	986.11646
725.31299	994.13788
725.36475	992.80188
725.41656	982.70148
725.46832	992.26801
725.52008	985.91864
725.5719	988.6178
725.62366	993.12091
725.67542	991.20648
725.72717	980.69989
725.77899	994.14429
725.83075	989.12384
725.88251	985.08954
725.93427	981.63403
725.98608	993.85925
726.03784	985.8656
726.0896	980.3974
726.14142	991.55957
726.19318	989.43018
726.24493	986.02551
726.29669	984.28497
726.34851	986.53906
726.40027	998.25989
726.45203	994.34235
726.50378	991.6308
726.5556	991.66339
726.60736	994.19788
726.65912	991.57019
726.71094	992.104
726.7627	982.68854
726.81445	980.60443
726.86621	991.97772
726.91803	982.86865
726.96979	987.60571
727.02155	994.67126
727.0733	990.62103
727.12512	986.6015
727.17688	997.25354
727.22864	993.95197
727.28046	990.91968
727.33221	982.49622
727.38397	979.04834
727.43573	985.34698
727.48755	994.92926
727.53931	997.10614
727.59106	989.70367
727.64282	995.34656
727.69464	986.97656
727.7464	982.34857
727.79816	988.22614
727.84998	991.02466
727.90173	994.80157
727.95349	998.72784
728.00525	990.45508
728.05707	990.90918
728.10883	992.61218
728.16058	981.29999
728.21234	986.21173
728.26416	997.77924
728.31592	989.2229
728.36768	981.23975
728.41949	982.70062
728.47125	984.5296
728.52301	981.39392
728.57477	988.08093
728.62659	994.46185
728.67834	988.09137
728.7301	984.68713
728.78186	993.01672
728.83368	992.28241
728.88544	986.96466
728.93719	987.20288
728.98901	988.55786
729.04077	992.73138
729.09253	988.76483
729.14429	985.41083
729.19611	989.01465
729.24786	989.23645
729.29962	987.31
729.35138	985.19238
729.4032	985.12592
729.45496	989.75641
729.50671	988.09723
729.55853	981.85699
729.61029	982.30725
729.66205	991.61475
729.71381	991.36029
729.76563	980.39752
729.81738	983.42023
729.86914	994.71112
729.9209	991.50397
729.97272	978.70319
730.02448	996.04138
730.07623	987.72107
730.12805	978.36975
730.17981	989.60272
730.23157	979.26471
730.28333	972.01398
730.33514	973.93347
730.3869	979.04364
730.43866	977.02002
730.49042	981.04926
730.54224	986.29205
730.59399	988.03461
730.64575	975.68298
730.69757	979.96106
730.74933	983.34375
730.80109	981.55389
730.85284	990.36725
730.90466	987.74158
730.95642	994.78192
731.00818	990.30798
731.05994	995.62793
731.11176	992.99445
731.16351	983.42316
731.21527	996.32227
731.26709	992.94861
731.31885	995.58356
731.37061	987.00891
731.42236	978.41876
731.47418	982.6474
731.52594	985.69891
731.5777	991.71808
731.62946	992.61597
731.68127	985.80823
731.73303	989.32745
731.78479	978.12683
731.83661	976.55981
731.88837	983.20959
731.94012	990.42725
731.99188	987.245
732.0437	992.62006
732.09546	985.651
732.14722	978.04718
732.19897	991.27728
732.25079	982.40131
732.30255	992.87854
732.35431	986.59564
732.40613	980.21606
732.45789	981.48431
732.50964	986.01672
732.5614	977.83917
732.61322	977.70648
732.66498	982.1535
732.71674	978.40045
732.76849	987.70062
732.82031	991.64655
732.87207	988.46576
732.92383	987.9295
732.97565	981.67639
733.0274	978.04736
733.07916	986.8623
733.13092	987.51611
733.18274	987.75867
733.2345	986.24402
733.28625	988.97583
733.33801	991.50397
733.38983	984.51007
733.44159	985.1991
733.49335	976.3183
733.54517	982.36011
733.59692	985.15778
733.64868	975.745
733.70044	980.37006
733.75226	990.59772
733.80402	985.36884
733.85577	981.16473
733.90753	982.14117
733.95935	984.33704
734.01111	984.62463
734.06287	988.5517
734.11469	986.7226
734.16644	981.49756
734.2182	977.99915
734.26996	978.16931
734.32178	975.93085
734.37354	975.76184
734.42529	984.71893
734.47705	986.13812
734.52887	979.16388
734.58063	975.48798
734.63239	977.46594
734.6842	980.3244
734.73596	984.07739
734.78772	992.73651
734.83948	995.77966
734.8913	983.68671
734.94305	974.94611
734.99481	984.30463
735.04657	986.70294
735.09839	983.52124
735.15015	983.07294
735.2019	987.79584
735.25372	979.7359
735.30548	979.34625
735.35724	987.70557
735.409	985.01453
735.46082	978.31714
735.51257	982.46997
735.56433	973.35883
735.61609	975.34058
735.66791	976.32983
735.71967	980.27258
735.77142	980.00098
735.82324	982.25153
735.875	991.14056
735.92676	980.62689
735.97852	981.91223
736.03033	982.87128
736.08209	991.91718
736.13385	978.76514
736.18561	986.1972
736.23743	976.14459
736.28918	988.26123
736.34094	981.68665
736.39276	978.34467
736.44452	989.30029
736.49628	984.95331
736.54803	981.31824
736.59985	986.58563
736.65161	986.67029
736.70337	979.45294
736.75513	990.1416
736.80695	983.25427
736.8587	989.73303
736.91046	989.23834
736.96228	984.3429
737.01404	990.62408
737.0658	987.07312
737.11755	981.3894
737.16937	983.89667
737.22113	984.31458
737.27289	984.70374
737.32465	986.74817
737.37646	981.37823
737.42822	989.9505
737.47998	985.78076
737.5318	988.22675
737.58356	984.7793
737.63531	984.32922
737.68707	986.84125
737.73889	988.78259
737.79065	983.37238
737.84241	986.36469
737.89417	987.5675
737.94598	980.77148
737.99774	984.5697
738.0495	983.68903
738.10132	978.84515
738.15308	976.8606
738.20483	983.92352
738.25659	990.48505
738.30841	986.83728
738.36017	981.17102
738.41193	979.4137
738.46368	980.47632
738.5155	985.61102
738.56726	983.96704
738.61902	984.36005
738.67084	989.32605
738.7226	986.45331
738.77435	986.77814
738.82611	985.35181
738.87793	987.66205
738.92969	978.9173
738.98145	982.30017
739.0332	987.21344
739.08502	983.22357
739.13678	976.94666
739.18854	986.59277
739.24036	983.1322
739.29211	979.75116
739.34387	983.88147
739.39563	985.35675
739.44745	986.44482
739.49921	984.25238
739.55096	987.2879
739.60272	988.58716
739.65454	981.97821
739.7063	987.33154
739.75806	986.78589
739.80988	986.99139
739.86163	988.95178
739.91339	985.81848
739.96515	984.21466
740.01697	984.03265
740.06873	973.51422
740.12048	981.25458
740.17224	978.95337
740.22406	986.49316
740.27582	983.20227
740.32758	984.58807
740.37939	978.57172
740.43115	990.15894
740.48291	989.14783
740.53467	979.9389
740.58649	986.57813
740.63824	977.01428
740.69	980.6521
740.74176	972.14478
740.79358	995.62323
740.84534	986.86072
740.89709	984.10632
740.94891	983.02643
741.00067	977.77875
741.05243	978.40533
741.10419	985.61993
741.15601	987.39282
741.20776	993.25549
741.25952	980.77759
741.31128	981.9137
741.3631	986.38422
741.41486	982.45789
741.46661	981.93335
741.51843	984.34515
741.57019	973.94745
741.62195	975.52551
741.67371	980.41998
741.72552	980.79309
741.77728	990.90839
741.82904	979.2384
741.8808	985.58319
741.93262	980.32782
741.98438	986.56879
742.03613	981.57056
742.08795	977.91833
742.13971	984.28314
742.19147	988.15485
742.24323	985.48584
742.29504	982.15076
742.3468	983.58301
742.39856	976.95709
742.45032	974.3183
742.50214	978.77844
742.55389	986.32507
742.60565	976.86591
742.65747	977.47931
742.70923	980.13397
742.76099	979.12543
742.81274	990.66608
742.86456	981.43872
742.91632	987.09906
742.96808	991.22235
743.01984	994.23761
743.07166	990.4826
743.12341	981.89307
743.17517	972.89508
743.22699	982.802
743.27875	977.28125
743.33051	984.51068
743.38226	979.94666
743.43408	986.78918
743.48584	985.39752
743.5376	994.1463
743.58936	1000.3981
743.64117	986.44836
743.69293	985.63477
743.74469	979.96289
743.79651	972.53265
743.84827	972.35559
743.90002	982.02716
743.95178	994.96112
744.0036	992.117
744.05536	987.09998
744.10712	987.86694
744.15887	991.77594
744.21069	991.95404
744.26245	989.12848
744.31421	983.57861
744.36603	981.15576
744.41779	980.30066
744.46954	983.26355
744.5213	986.20392
744.57312	985.95544
744.62488	974.99084
744.67664	983.9032
744.72839	996.29407
744.78021	990.43597
744.83197	984.66901
744.88373	977.7243
744.93555	975.19824
744.9873	978.52417
745.03906	983.92029
745.09082	980.31537
745.14264	972.41345
745.1944	977.71149
745.24615	978.19379
745.29791	980.5589
745.34973	983.94678
745.40149	980.01111
745.45325	982.85321
745.50507	986.57056
745.55682	979.69604
745.60858	982.71582
745.66034	983.88824
745.71216	983.33313
745.76392	983.65393
745.81567	984.52832
745.86743	986.47412
745.91925	987.27582
745.97101	985.53772
746.02277	986.32709
746.07458	984.8551
746.12634	980.63446
746.1781	975.6427
746.22986	983.35669
746.28168	986.03607
746.33344	984.64978
746.38519	985.65045
746.43695	987.15857
746.48877	983.53687
746.54053	979.21783
746.59229	976.73706
746.6441	977.54449
746.69586	970.27722
746.74762	972.89557
746.79938	980.58789
746.8512	985.19928
746.90295	990.21301
746.95471	992.36603
747.00647	983.495
747.05829	980.99133
747.11005	980.3302
747.1618	977.75293
747.21362	982.23798
747.26538	991.97583
747.31714	998.52325
747.3689	985.76886
747.42072	969.85468
747.47247	988.63995
747.52423	975.93188
747.57599	986.08148
747.62781	985.59119
747.67957	982.49152
747.73132	975.99615
747.78314	981.19055
747.8349	981.62103
747.88666	983.78741
747.93842	980.91199
747.99023	979.64667
748.04199	976.34967
748.09375	975.12567
748.14551	968.06519
748.19733	979.26837
748.24908	985.23944
748.30084	975.51715
748.35266	978.87946
748.40442	998.43512
748.45618	975.07178
748.50793	987.82391
748.55975	987.02686
748.61151	984.50739
748.66327	976.57922
748.71503	983.27271
748.76685	997.57947
748.8186	981.38861
748.87036	978.3714
748.92218	987.02448
748.97394	987.41101
749.0257	985.82953
749.07745	983.34436
749.12927	981.73285
749.18103	983.72583
749.23279	977.15546
749.28455	986.18713
749.33636	973.02832
749.38812	987.01202
749.43988	973.09973
749.4917	974.72913
749.54346	980.34113
749.59521	985.61536
749.64697	985.72705
749.69879	982.55322
749.75055	984.64423
749.80231	980.7616
749.85406	984.05652
749.90588	996.45111
749.95764	977.88025
750.0094	978.01611
750.06122	990.71704
750.11298	985.16718
750.16473	985.19189
750.21649	986.60199
750.26831	991.01825
750.32007	975.21375
750.37183	983.22699
750.42358	983.89502
750.4754	973.17267
750.52716	970.79974
750.57892	974.08466
750.63074	989.6861
750.6825	998.10822
750.73425	984.47937
750.78601	973.38263
750.83783	975.87573
750.88959	969.22449
750.94135	977.62299
750.9931	979.448
751.04492	979.02032
751.09668	979.05249
751.14844	985.00189
751.20026	985.97675
751.25201	980.60181
751.30377	980.36505
751.35553	980.82477
751.40735	983.32422
751.45911	989.30811
751.51086	987.06464
751.56262	988.33813
751.61444	993.34363
751.6662	991.13513
751.71796	989.08691
751.76978	983.49957
751.82153	981.44385
751.87329	989.55084
751.92505	988.22559
751.97687	981.96759
752.02863	980.54437
752.08038	978.07941
752.13214	979.1532
752.18396	980.15735
752.23572	979.01489
752.28748	982.66467
752.33923	983.79529
752.39105	984.32642
752.44281	984.98566
752.49457	979.45068
752.54639	975.97107
752.59814	980.62964
752.6499	979.35712
752.70166	984.5741
752.75348	982.22498
752.80524	979.61523
752.85699	976.32062
752.90875	980.70862
752.96057	982.20428
753.01233	982.12054
753.06409	978.63129
753.11591	996.72369
753.16766	989.63159
753.21942	980.99103
753.27118	976.32501
753.323	970.23883
753.37476	982.37463
753.42651	986.63245
753.47827	982.75378
753.53009	977.2998
753.58185	987.63684
753.63361	988.99121
753.68542	987.47388
753.73718	983.4317
753.78894	983.56812
753.8407	977.69263
753.89252	977.58069
753.94427	983.85248
753.99603	979.82471
754.04779	984.57971
754.09961	979.77032
754.15137	986.05591
754.20313	978.84503
754.25494	980.52039
754.3067	977.86224
754.35846	989.09021
754.41022	988.72119
754.46204	978.50433
754.51379	970.34521
754.56555	983.9967
754.61731	985.16553
754.66913	982.1665
754.72089	982.14886
754.77264	981.29474
754.82446	986.50842
754.87622	982.17584
754.92798	982.90942
754.97974	986.66632
755.03156	971.92584
755.08331	976.64203
755.13507	988.40857
755.18683	990.25024
755.23865	982.45801
755.29041	982.73254
755.34216	968.04749
755.39398	990.26959
755.44574	981.83942
755.4975	982.18848
755.54926	976.70581
755.60107	977.99921
755.65283	990.99304
755.70459	979.02832
755.75635	986.39703
755.80817	981.38812
755.85992	976.73645
755.91168	988.32721
755.9635	985.05121
756.01526	985.35046
756.06702	979.026
756.11877	982.30206
756.17059	979.54504
756.22235	988.71991
756.27411	987.29175
756.32587	982.15106
756.37769	981.48694
756.42944	984.40167
756.4812	983.89374
756.53302	981.83344
756.58478	976.96045
756.63654	979.14142
756.68829	982.26239
756.74011	972.35468
756.79187	978.72522
756.84363	989.64471
756.89539	986.62085
756.9472	980.82367
756.99896	982.25641
757.05072	981.22009
757.10254	973.64313
757.1543	969.98315
757.20605	975.46118
757.25781	979.0943
757.30963	985.59448
757.36139	986.75732
757.41315	978.75226
757.4649	981.36371
757.51672	978.96881
757.56848	979.35455
757.62024	987.61609
757.67206	992.94983
757.72382	977.41528
757.77557	972.30249
757.82733	978.27771
757.87915	979.67761
757.93091	980.47736
757.98267	975.52728
758.03442	982.52289
758.08624	981.76849
758.138	980.23297
758.18976	980.14667
758.24158	984.46643
758.29333	981.87531
758.34509	974.64203
758.39685	969.65833
758.44867	984.73596
758.50043	992.16235
758.55219	984.07043
758.60394	981.30713
758.65576	976.94965
758.70752	971.26135
758.75928	976.84558
758.8111	974.64545
758.86285	973.02924
758.91461	983.29449
758.96637	983.0863
759.01819	981.18585
759.06995	983.81189
759.1217	970.15186
759.17346	975.05048
759.22528	982.4187
759.27704	979.05249
759.3288	980.59424
759.38062	990.23926
759.43237	987.33984
759.48413	994.16663
759.53589	982.91278
759.58771	990.724
759.63947	983.85291
759.69122	979.56866
759.74298	984.17999
759.7948	979.02026
759.84656	990.16431
759.89832	977.95953
759.95013	971.9068
760.00189	985.88354
760.05365	987.92676
760.10541	990.68085
760.15723	985.84821
760.20898	985.48804
760.26074	979.21246
760.3125	977.71838
760.36432	981.69275
760.41608	975.12329
760.46783	978.09686
760.51965	981.91498
760.57141	991.5271
760.62317	975.82123
760.67493	975.81818
760.72675	977.96942
760.7785	989.14172
760.83026	985.96277
760.88202	976.16705
760.93384	980.50806
760.9856	983.19409
761.03735	982.0191
761.08917	979.52753
761.14093	982.61035
761.19269	987.37244
761.24445	981.21381
761.29626	983.92017
761.34802	984.13605
761.39978	984.07343
761.45154	985.3891
761.50336	988.8385
761.55511	993.10254
761.60687	986.8158
761.65869	974.38568
761.71045	976.91211
761.76221	979.41559
761.81396	976.22937
761.86578	985.03552
761.91754	982.81006
761.9693	980.4425
762.02106	986.15637
762.07288	982.63031
762.12463	985.4682
762.17639	986.81512
762.22821	976.48297
762.27997	982.16632
762.33173	982.49493
762.38348	981.97113
762.4353	985.02173
762.48706	982.76392
762.53882	972.02911
762.59058	969.75299
762.6424	981.33112
762.69415	985.93048
762.74591	986.80212
762.79773	977.50336
762.84949	975.68811
762.90125	977.55182
762.953	976.1861
763.00482	983.14337
763.05658	980.74194
763.10834	977.177
763.1601	977.83997
763.21191	985.61768
763.26367	988.8241
763.31543	987.96594
763.36725	988.01709
763.41901	987.07727
763.47076	973.47607
763.52252	974.97839
763.57434	979.03888
763.6261	984.62976
763.67786	979.14545
763.72961	985.02783
763.78143	981.93976
763.83319	982.25665
763.88495	987.15216
763.93677	978.96729
763.98853	971.63385
764.04028	973.61963
764.09204	980.62427
764.14386	983.81268
764.19562	971.66333
764.24738	984.51715
764.29913	969.68256
764.35095	986.11688
764.40271	989.47144
764.45447	979.19531
764.50629	980.5119
764.55804	980.59302
764.6098	983.04041
764.66156	980.60901
764.71338	985.56
764.76514	978.57373
764.81689	978.01416
764.86865	975.68481
764.92047	978.13257
764.97223	970.73669
765.02399	988.81744
765.07581	985.56293
765.12756	984.38068
765.17932	973.96198
765.23108	980.26117
765.2829	971.45209
765.33466	977.2663
765.38641	977.21753
765.43817	984.8186
765.48999	975.16309
765.54175	972.43427
765.59351	979.52533
765.64532	981.53717
765.69708	975.35754
765.74884	978.04266
765.8006	973.48138
765.85242	977.97943
765.90417	977.94275
765.95593	983.71783
766.00769	972.61285
766.05951	983.33905
766.11127	978.55804
766.16302	982.04852
766.21484	984.36438
766.2666	967.7179
766.31836	971.80078
766.37012	977.60437
766.42194	977.93927
766.47369	973.07025
766.52545	975.07031
766.57721	977.21167
766.62903	972.96948
766.68079	972.68646
766.73254	980.67413
766.78436	979.41144
766.83612	982.30182
766.88788	984.63232
766.93964	984.41791
766.99146	973.52527
767.04321	974.0166
767.09497	981.87531
767.14673	979.8067
767.19855	976.43988
767.25031	976.14911
767.30206	968.88116
767.35388	971.72137
767.40564	972.34503
767.4574	972.22974
767.50916	982.81976
767.56097	983.38416
767.61273	977.94904
767.66449	976.74841
767.71625	979.98511
767.76807	980.36334
767.81982	974.94843
767.87158	975.42151
767.9234	976.76404
767.97516	974.66083
768.02692	973.13574
768.07867	975.19281
768.13049	981.73798
768.18225	973.47607
768.23401	974.099
768.28577	983.86438
768.33759	971.3609
768.38934	973.42029
768.4411	976.0755
768.49292	975.06567
768.54468	981.4494
768.59644	972.11688
768.64819	974.91864
768.70001	970.31964
768.75177	970.3136
768.80353	974.5752
768.85529	981.50714
768.9071	975.57373
768.95886	973.87311
769.01062	978.78406
769.06244	969.82434
769.1142	966.50134
769.16595	978.35248
769.21771	979.34229
769.26953	979.23151
769.32129	968.4754
769.37305	971.07898
769.4248	974.13245
769.47662	971.54742
769.52838	965.88446
769.58014	975.74963
769.63196	984.34637
769.68372	974.84094
769.73547	972.21088
769.78723	971.26141
769.83905	970.10699
769.89081	974.57269
769.94257	970.42297
769.99432	975.3808
770.04614	984.03583
770.0979	982.51563
770.14966	979.34351
770.20148	974.27356
770.25323	969.50293
770.30499	973.91089
770.35675	971.7373
770.40857	969.86182
770.46033	975.039
770.51208	972.336
770.56384	977.07471
770.61566	976.07629
770.66742	972.37219
770.71918	977.23566
770.771	976.81598
770.82275	977.30389
770.87451	980.05396
770.92627	977.85309
770.97809	977.43433
771.02985	973.07727
771.0816	970.1297
771.13336	974.6778
771.18518	976.36597
771.23694	979.14069
771.2887	980.11163
771.34052	980.02502
771.39227	980.12451
771.44403	978.27423
771.49579	974.99695
771.54761	977.84979
771.59937	979.56165
771.65112	971.54834
771.70288	972.69336
771.7547	979.3158
771.80646	981.84802
771.85822	964.97095
771.91003	972.2392
771.96179	973.30481
772.01355	976.61407
772.06531	991.24207
772.11713	979.44958
772.16888	978.74933
772.22064	975.86163
772.2724	985.35022
772.32422	975.25568
772.37598	984.82904
772.42773	975.98682
772.47955	982.08984
772.53131	968.18567
772.58307	976.51947
772.63483	975.47015
772.68665	969.73193
772.7384	971.39801
772.79016	987.78766
772.84192	971.30017
772.89374	962.50189
772.9455	975.12634
772.99725	971.203
773.04907	976.05743
773.10083	967.14587
773.15259	976.992
773.20435	971.22906
773.25616	975.41241
773.30792	971.75812
773.35968	975.25696
773.41144	982.55957
773.46326	965.73389
773.51501	962.90771
773.56677	968.13007
773.61859	986.68994
773.67035	988.28784
773.72211	975.97467
773.77386	978.77338
773.82568	982.15173
773.87744	983.88934
773.9292	985.65302
773.98096	975.52362
774.03278	981.0592
774.08453	978.68933
774.13629	976.44263
774.18811	966.53717
774.23987	974.73712
774.29163	987.08466
774.34338	981.74487
774.3952	977.24243
774.44696	978.50201
774.49872	968.59491
774.55048	969.22522
774.60229	980.92706
774.65405	980.55792
774.70581	981.81042
774.75763	979.06451
774.80939	974.21899
774.86115	969.92456
774.9129	971.23187
774.96472	971.73553
775.01648	972.99762
775.06824	970.86578
775.12	975.4519
775.17181	976.2326
775.22357	973.71698
775.27533	976.04626
775.32715	984.41644
775.37891	981.53467
775.43066	975.03784
775.48242	973.19879
775.53424	975.99738
775.586	977.29535
775.63776	970.56714
775.68951	972.93726
775.74133	977.89465
775.79309	978.94147
775.84485	975.66309
775.89667	982.96454
775.94843	973.45795
776.00018	979.82166
776.05194	971.5556
776.10376	984.78082
776.15552	980.79694
776.20728	975.61322
776.25903	970.71185
776.31085	981.01581
776.36261	977.26202
776.41437	984.34631
776.46619	979.12451
776.51794	965.6532
776.5697	965.32147
776.62146	987.91925
776.67328	981.28839
776.72504	989.11426
776.77679	972.21045
776.82855	974.86957
776.88037	967.89282
776.93213	969.38751
776.98389	970.10541
777.03571	976.13123
777.08746	981.20154
777.13922	985.45544
777.19098	980.95563
777.2428	980.42902
777.29456	967.92133
777.34631	964.04327
777.39807	979.16846
777.44989	971.35205
777.50165	976.38727
777.55341	966.21942
777.60522	971.93884
777.65698	978.93365
777.70874	974.27295
777.7605	970.4704
777.81232	971.28058
777.86407	967.0047
777.91583	973.81848
777.96759	973.97137
778.01941	972.19019
778.07117	973.09131
778.12292	977.45447
778.17474	969.75812
778.2265	973.07233
778.27826	972.88885
778.33002	977.00104
778.38184	976.22131
778.43359	976.7807
778.48535	981.11499
778.53711	984.22656
778.58893	976.51733
778.64069	974.54749
778.69244	974.03125
778.74426	976.05969
778.79602	976.63037
778.84778	969.14392
778.89954	967.11157
778.95135	967.1427
779.00311	971.98492
779.05487	974.75238
779.10663	965.87927
779.15845	974.03571
779.21021	977.92871
779.26196	969.80298
779.31378	974.69885
779.36554	972.93195
779.4173	968.20544
779.46906	978.28668
779.52087	969.43762
779.57263	965.22229
779.62439	968.73639
779.67615	973.69763
779.72797	964.97034
779.77972	970.97852
779.83148	974.81104
779.8833	973.91998
779.93506	969.34698
779.98682	964.70856
780.03857	971.85724
780.09039	978.64685
780.14215	980.12012
780.19391	967.40735
780.24567	964.27991
780.29749	967.59631
780.34924	970.65289
780.401	976.63818
780.45282	971.24573
780.50458	974.70538
780.55634	975.45807
780.60809	972.1283
780.65991	977.05328
780.71167	960.565
780.76343	972.74988
780.81519	966.73474
780.867	975.64301
780.91876	983.22089
780.97052	973.8244
781.02234	966.45929
781.0741	973.6626
781.12585	979.52264
781.17761	978.66089
781.22943	976.8764
781.28119	975.99084
781.33295	977.02216
781.3847	979.43561
781.43652	976.61426
781.48828	971.72119
781.54004	964.51093
781.59186	972.06659
781.64362	973.55353
781.69537	968.74146
781.74713	966.59625
781.79895	972.87042
781.85071	975.08496
781.90247	968.61029
781.95422	970.61932
782.00604	967.44031
782.0578	972.01923
782.10956	981.10925
782.16138	972.82904
782.21313	974.10645
782.26489	982.84503
782.31665	987.36176
782.36847	978.48486
782.42023	975.19916
782.47198	979.79437
782.52374	978.32678
782.57556	974.76819
782.62732	980.55206
782.67908	973.79395
782.7309	983.00464
782.78265	985.46716
782.83441	979.28998
782.88617	979.3941
782.93799	980.02722
782.98975	987.66895
783.0415	975.96729
783.09326	972.71313
783.14508	980.51874
783.19684	982.10754
783.2486	982.5213
783.30042	983.45514
783.35217	980.46173
783.40393	977.61963
783.45569	984.88379
783.50751	990.58801
783.55927	988.99921
783.61102	987.88812
783.66278	989.51392
783.7146	990.07312
783.76636	991.72546
783.81812	986.1731
783.86993	984.10107
783.92169	985.48889
783.97345	992.42651
784.02521	995.73517
784.07703	986.82434
784.12878	998.69598
784.18054	987.59869
784.2323	989.78375
784.28412	992.96625
784.33588	984.48254
784.38763	993.13983
784.43945	995.46899
784.49121	993.42572
784.54297	991.25415
784.59473	985.47388
784.64655	987.52173
784.6983	990.63776
784.75006	996.90393
784.80182	997.95343
784.85364	990.33008
784.9054	989.3866
784.95715	998.14215
785.00897	1000.4103
785.06073	999.97937
785.11249	1003.4765
785.16425	998.24054
785.21606	995.08344
785.26782	992.38995
785.31958	999.99652
785.37134	998.50116
785.42316	990.07867
785.47491	993.73138
785.52667	997.85223
785.57849	1001.0109
785.63025	995.47491
785.68201	994.60736
785.73376	1007.706
785.78558	1001.5881
785.83734	985.75647
785.8891	987.59393
785.94086	997.13379
785.99268	996.86237
786.04443	996.50275
786.09619	994.3244
786.14801	986.40588
786.19977	1001.2778
786.25153	1003.0673
786.30328	991.50836
786.3551	994.97217
786.40686	1001.1187
786.45862	1001.2205
786.51038	999.94623
786.56219	998.96057
786.61395	999.7356
786.66571	1005.9598
786.71753	1000.9937
786.76929	997.19189
786.82104	991.30688
786.8728	994.24316
786.92462	999.49634
786.97638	997.59875
787.02814	986.4317
787.0799	992.11188
787.13171	997.24646
787.18347	994.7641
787.23523	1001.6689
787.28705	1000.8921
787.33881	1004.9932
787.39056	1006.5459
787.44232	1003.4741
787.49414	1004.669
787.5459	1002.1436
787.59766	997.92047
787.64941	1010.1868
787.70123	1013.0414
787.75299	1003.7783
787.80475	1004.6174
787.85657	1019.2292
787.90833	1019.0966
787.96008	1013.9112
788.01184	1004.9921
788.06366	1001.6112
788.11542	1005.8447
788.16718	1007.4078
788.21893	1003.8099
788.27075	1004.8717
788.32251	1005.4817
788.37427	1004.8381
788.42609	1006.7101
788.47784	999.58008
788.5296	1010.9074
788.58136	1021.6412
788.63318	1017.3896
788.68494	1010.8093
788.73669	1003.3162
788.78845	1014.5142
788.84027	1020.6555
788.89203	1006.5926
788.94379	1006.2539
788.99561	1019.0327
789.04736	1022.6501
789.09912	1015.9404
789.15088	1008.9388
789.2027	1013.2318
789.25446	1013.1056
789.30621	1010.6678
789.35797	1016.1407
789.40979	1026.8916
789.46155	1028.0817
789.51331	1018.5979
789.56512	1020.8991
789.61688	1021.3039
789.66864	1034.2338
789.7204	1031.6918
789.77222	1024.2698
789.82397	1017.5298
789.87573	1023.9561
789.92749	1018.4885
789.97931	1018.022
790.03107	1026.1937
790.08282	1028.8953
790.13464	1026.7435
790.1864	1030.3076
790.23816	1037.2018
790.28992	1036.5837
790.34174	1034.5925
790.39349	1034.5345
790.44525	1031.535
790.49701	1022.225
790.54883	1043.3877
790.60059	1015.1859
790.65234	1033.9941
790.70416	1023.1171
790.75592	1025.2748
790.80768	1029.1555
790.85944	1031.2189
790.91125	1032.0148
790.96301	1021.2917
791.01477	1034.5192
791.06653	1033.3049
791.11835	1041.8661
791.1701	1029.9298
791.22186	1039.616
791.27368	1029.9501
791.32544	1045.4447
791.3772	1044.4435
791.42896	1031.9672
791.48077	1028.4669
791.53253	1034.9167
791.58429	1040.3304
791.63605	1039.4833
791.68787	1032.6942
791.73962	1035.5621
791.79138	1029.9812
791.8432	1031.2573
791.89496	1025.366
791.94672	1021.8417
791.99847	1031.421
792.05029	1035.0126
792.10205	1031.4788
792.15381	1028.8795
792.20557	1026.8707
792.25739	1029.3962
792.30914	1034.2987
792.3609	1030.1685
792.41272	1019.7873
792.46448	1024.7808
792.51624	1022.1108
792.56799	1011.5887
792.61981	1013.8723
792.67157	1019.343
792.72333	1022.4251
792.77509	1026.4689
792.8269	1023.8408
792.87866	1025.1136
792.93042	1025.5854
792.98224	1023.273
793.034	1016.9074
793.08575	1016.4734
793.13751	1020.0188
793.18933	1019.1447
793.24109	1021.8508
793.29285	1015.3977
793.3446	1028.9316
793.39642	1029.9521
793.44818	1031.6643
793.49994	1028.3376
793.55176	1022.9266
793.60352	1021.7102
793.65527	1034.5521
793.70703	1026.7963
793.75885	1039.5989
793.81061	1029.1094
793.86237	1038.0792
793.91412	1034.2241
793.96594	1033.0894
794.0177	1033.5905
794.06946	1043.5092
794.12128	1039.5063
794.17303	1048.7943
794.22479	1042.1002
794.27655	1027.9838
794.32837	1041.8145
794.38013	1042.6653
794.43188	1048.2999
794.48364	1053.4104
794.53546	1046.8175
794.58722	1040.7097
794.63898	1028.6418
794.69073	1039.1005
794.74255	1039.4933
794.79431	1056.9434
794.84607	1038.9902
794.89789	1037.7467
794.94965	1047.2714
795.0014	1037.0258
795.05316	1037.255
795.10498	1043.6707
795.15674	1043.5575
795.2085	1037.5126
795.26025	1043.3926
795.31207	1041.7202
795.36383	1038.5001
795.41559	1042.2695
795.46741	1041.2512
795.51917	1049.6938
795.57092	1048.5115
795.62268	1047.0608
795.6745	1041.1019
795.72626	1032.7152
795.77802	1030.5149
795.82977	1051.4666
795.88159	1043.5918
795.93335	1047.5297
795.98511	1044.3271
796.03693	1031.1053
796.08868	1039.1385
796.14044	1036.1099
796.1922	1037.7502
796.24402	1043.8749
796.29578	1037.9055
796.34753	1038.0396
796.39929	1041.9486
796.45111	1037.608
796.50287	1025.1801
796.55463	1036.4648
796.60645	1040.1722
796.6582	1046.6968
796.70996	1048.7307
796.76172	1046.0088
796.81354	1051.6823
796.8653	1053.2134
796.91705	1041.629
796.96881	1038.2406
797.02063	1042.8555
797.07239	1039.8971
797.12415	1041.7112
797.17596	1047.844
797.22772	1056.6572
797.27948	1052.7222
797.33124	1052.8884
797.38306	1050.6927
797.43481	1048.1205
797.48657	1056.0542
797.53833	1054.5698
797.59015	1049.0918
797.64191	1051.5854
797.69366	1060.4979
797.74548	1047.9045
797.79724	1052.9523
797.849	1066.6279
797.90076	1055.681
797.95258	1050.2587
798.00433	1068.0597
798.05609	1060.8882
798.10785	1064.0833
798.15967	1045.5873
798.21143	1057.7207
798.26318	1066.5853
798.315	1060.7124
798.36676	1044.1614
798.41852	1057.6033
798.47028	1043.6372
798.52209	1052.0835
798.57385	1046.7135
798.62561	1039.3809
798.67737	1051.7632
798.72919	1036.4769
798.78094	1042.4028
798.8327	1029.3915
798.88452	1038.8116
798.93628	1034.193
798.98804	1031.14
799.03979	1043.2838
799.09161	1043.6113
799.14337	1036.4818
799.19513	1019.0942
799.24689	1039.9275
799.29871	1051.8851
799.35046	1035.7736
799.40222	1030.0236
799.45404	1039.6752
799.5058	1031.4907
799.55756	1031.5001
799.60931	1029.8599
799.66113	1024.4713
799.71289	1029.5468
799.76465	1032.0098
799.81641	1035.7422
799.86823	1032.088
799.91998	1023.8236
799.97174	1030.8961
800.02356	1044.0756
800.07532	1048.0601
800.12708	1040.8098
800.17883	1041.1825
800.23065	1053.3077
800.28241	1056.3826
800.33417	1051.1943
800.38593	1048.3212
800.43774	1048.9722
800.4895	1058.2471
800.54126	1049.097
800.59308	1054.9994
800.64484	1061.7904
800.69659	1060.2655
800.74835	1059.9512
800.80017	1062.6558
800.85193	1074.6321
800.90369	1073.9187
800.95544	1069.0099
801.00726	1064.2222
801.05902	1065.29
801.11078	1074.7865
801.1626	1069.0625
801.21436	1065.6509
801.26611	1074.6152
801.31787	1075.7181
801.36969	1083.2009
801.42145	1078.2599
801.47321	1074.7445
801.52496	1078.7832
801.57678	1077.4783
801.62854	1066.6084
801.6803	1074.031
801.73212	1080.999
801.78387	1074.0885
801.83563	1071.1171
801.88739	1065.5004
801.93921	1076.6864
801.99097	1074.6301
802.04272	1086.087
802.09448	1075.4163
802.1463	1085.9625
802.19806	1066.2277
802.24982	1051.3967
802.30164	1069.8157
802.35339	1067.9357
802.40515	1053.2083
802.45691	1061.5879
802.50873	1042.1592
802.56049	1072.8573
802.61224	1057.3361
802.664	1063.0238
802.71582	1068.7897
802.76758	1067.1011
802.81934	1057.709
802.87115	1065.573
802.92291	1075.7667
802.97467	1060.761
803.02643	1060.8352
803.07825	1052.3829
803.13	1050.6644
803.18176	1058.5829
803.23352	1051.8323
803.28534	1044.7417
803.3371	1050.1797
803.38885	1054.7025
803.44067	1058.5741
803.49243	1057.4357
803.54419	1057.4905
803.59595	1039.7021
803.64777	1038.6531
803.69952	1033.0332
803.75128	1039.9426
803.80304	1042.3308
803.85486	1045.1932
803.90662	1049.0609
803.95837	1045.3939
804.01019	1044.597
804.06195	1049.3995
804.11371	1052.2874
804.16547	1058.3704
804.21729	1062.5194
804.26904	1054.5469
804.3208	1058.7061
804.37256	1061.8402
804.42438	1044.8374
804.47614	1046.1456
804.52789	1051.4641
804.57971	1061.6243
804.63147	1071.8027
804.68323	1069.2817
804.73499	1066.0319
804.7868	1057.3282
804.83856	1062.4965
804.89032	1075.6539
804.94208	1068.7705
804.9939	1081.4985
805.04565	1088.827
805.09741	1065.7181
805.14923	1074.0306
805.20099	1070.3392
805.25275	1067.7538
805.3045	1069.2642
805.35632	1080.9976
805.40808	1088.8066
805.45984	1081.2936
805.5116	1081.9009
805.56342	1076.3394
805.61517	1069.7668
805.66693	1069.4917
805.71875	1085.8051
805.77051	1068.047
805.82227	1081.4465
805.87402	1080.3074
805.92584	1089.7415
805.9776	1093.3102
806.02936	1070.6012
806.08112	1078.191
806.13293	1079.999
806.18469	1077.1384
806.23645	1080.5144
806.28827	1071.6924
806.34003	1074.91
806.39178	1092.3666
806.44354	1070.0146
806.49536	1056.4935
806.54712	1077.224
806.59888	1082.3938
806.65063	1086.7058
806.70245	1075.4977
806.75421	1068.6415
806.80597	1065.1604
806.85779	1060.3888
806.90955	1067.9594
806.9613	1080.8041
807.01306	1065.9941
807.06488	1066.2161
807.11664	1083.3953
807.1684	1083.8748
807.22015	1074.8102
807.27197	1069.2175
807.32373	1068.0959
807.37549	1067.2333
807.42731	1071.2775
807.47906	1070.545
807.53082	1065.8063
807.58258	1074.1635
807.6344	1080.5973
807.68616	1070.9744
807.73792	1065.243
807.78967	1077.6139
807.84149	1083.96
807.89325	1070.9698
807.94501	1070.3109
807.99683	1069.7338
808.04858	1075.6437
808.10034	1063.4458
808.1521	1057.8177
808.20392	1074.3837
808.25568	1070.1063
808.30743	1082.4238
808.35919	1058.6876
808.41101	1058.2915
808.46277	1070.3778
808.51453	1065.6542
808.56635	1064.1987
808.6181	1059.8875
808.66986	1075.8525
808.72162	1070.5928
808.77344	1065.5879
808.8252	1062.8606
808.87695	1071.6035
808.92871	1050.1615
808.98053	1081.2474
809.03229	1069.7974
809.08405	1071.9941
809.13586	1036.3827
809.18762	1048.1541
809.23938	1049.124
809.29114	1057.4125
809.34296	1047.0259
809.39471	1042.5807
809.44647	1059.8765
809.49823	1056.3146
809.55005	1043.9312
809.60181	1042.4806
809.65356	1051.8667
809.70538	1041.2612
809.75714	1050.6377
809.8089	1057.8962
809.86066	1050.1998
809.91248	1048.1453
809.96423	1043.6112
810.01599	1041.9326
810.06775	1047.1
810.11957	1044.6284
810.17133	1049.2655
810.22308	1042.3905
810.2749	1040.0197
810.32666	1033.6499
810.37842	1028.2509
810.43018	1032.4291
810.48199	1039.4385
810.53375	1040.9982
810.58551	1044.1014
810.63727	1042.6185
810.68909	1046.4604
810.74084	1045.5239
810.7926	1036.5021
810.84442	1033.8009
810.89618	1044.7482
810.94794	1042.6967
810.99969	1034.0247
811.05151	1034.5526
811.10327	1050.4636
811.15503	1045.3571
811.20679	1037.0914
811.25861	1040.2053
811.31036	1045.0863
811.36212	1042.0959
811.41394	1046.3015
811.4657	1045.3934
811.51746	1031.7074
811.56921	1041.6525
811.62103	1046.9965
811.67279	1028.1299
811.72455	1044.7861
811.77631	1047.1698
811.82813	1027.7449
811.87988	1037.7167
811.93164	1047.0294
811.98346	1033.6023
812.03522	1017.3636
812.08698	1026.8207
812.13873	1031.2162
812.19055	1031.8258
812.24231	1035.8234
812.29407	1034.4305
812.34583	1039.5593
812.39764	1033.1808
812.4494	1041.0638
812.50116	1055.8881
812.55298	1036.1598
812.60474	1037.7308
812.65649	1028.4792
812.70825	1038.733
812.76007	1021.7593
812.81183	1031.6995
812.86359	1027.9758
812.91534	1041.5044
812.96716	1021.0944
813.01892	1030.2147
813.07068	1027.7898
813.1225	1036.2791
813.17426	1035.9341
813.22601	1020.9731
813.27777	1028.083
813.32959	1034.1107
813.38135	1032.7263
813.43311	1021.3813
813.48486	1026.0614
813.53668	1029.9839
813.58844	1031.905
813.6402	1025.2589
813.69202	1024.4359
813.74377	1036.911
813.79553	1035.6144
813.84729	1028.1461
813.89911	1029.3871
813.95087	1034.7172
814.00262	1042.975
814.05438	1038.4991
814.1062	1031.946
814.15796	1030.8718
814.20972	1019.7589
814.26154	1025.7649
814.31329	1027.524
814.36505	1020.7167
814.41681	1027.2168
814.46863	1020.6816
814.52039	1026.873
814.57214	1032.7839
814.6239	1030.4419
814.67572	1029.5814
814.72748	1027.5227
814.77924	1035.4587
814.83105	1031.0748
814.88281	1029.6241
814.93457	1027.3302
814.98633	1036.1332
815.03815	1029.1779
815.0899	1018.1707
815.14166	1029.0515
815.19342	1036.3756
815.24524	1025.5769
815.297	1034.5249
815.34875	1035.1207
815.40057	1037.9357
815.45233	1025.9844
815.50409	1019.0311
815.55585	1024.792
815.60767	1023.9274
815.65942	1029.8289
815.71118	1024.0049
815.76294	1031.8762
815.81476	1026.8019
815.86652	1018.3864
815.91827	1021.1732
815.97009	1015.5616
816.02185	1011.4802
816.07361	1022.2117
816.12537	1015.9589
816.17719	1025.0531
816.22894	1021.1586
816.2807	1010.2458
816.33246	1015.5654
816.38428	1020.2457
816.43604	1011.9037
816.48779	1013.1521
816.53961	1017.071
816.59137	1019.4347
816.64313	1014.1728
816.69489	1008.3882
816.7467	1015.9852
816.79846	1024.392
816.85022	1015.9109
816.90198	1011.9982
816.9538	1016.0085
817.00555	1017.7405
817.05731	1021.1042
817.10913	1008.2903
817.16089	1006.98
817.21265	1017.504
817.2644	1016.3596
817.31622	1009.3888
817.36798	1023.1864
817.41974	1017.834
817.4715	1016.4501
817.52332	1018.0693
817.57507	1025.4329
817.62683	1023.2227
817.67865	1005.6685
817.73041	1017.5334
817.78217	1029.3602
817.83392	1023.6882
817.88574	1012.8284
817.9375	1016.3568
817.98926	1005.9579
818.04102	1020.5443
818.09283	1019.7742
818.14459	1022.2139
818.19635	1026.766
818.24817	1029.7742
818.29993	1015.8399
818.35168	1027.2644
818.40344	1014.7078
818.45526	1025.1902
818.50702	1020.5142
818.55878	1021.0599
818.61053	1030.6442
818.66235	1018.9779
818.71411	1016.2543
818.76587	1022.2707
818.81769	1038.3109
818.86945	1042.3105
818.9212	1026.1847
818.97296	1023.4311
819.02478	1026.9458
819.07654	1029.0856
819.1283	1025.3268
819.18005	1016.0709
819.23187	1025.0081
819.28363	1026.5303
819.33539	1024.7329
819.38721	1029.5037
819.43896	1035.9548
819.49072	1032.8972
819.54248	1025.6373
819.5943	1015.9877
819.64606	1016.1981
819.69781	1025.2515
819.74957	1021.4424
819.80139	1019.9687
819.85315	1021.4592
819.90491	1019.1981
819.95673	1021.8713
820.00848	1035.187
820.06024	1027.897
820.112	1022.2253
820.16382	1021.1037
820.21558	1021.2519
820.26733	1023.3876
820.31909	1023.2438
820.37091	1023.3995
820.42267	1027.1216
820.47443	1031.2915
820.52625	1021.4595
820.578	1019.9158
820.62976	1026.5817
820.68152	1026.1268
820.73334	1022.2972
820.7851	1019.1548
820.83685	1028.9856
820.88861	1019.2227
820.94043	1014.9777
820.99219	1017.9988
821.04395	1022.8215
821.09576	1034.2559
821.14752	1022.6279
821.19928	1036.7216
821.25104	1015.0355
821.30286	1023.7195
821.35461	1017.8959
821.40637	1011.9834
821.45813	1014.1285
821.50995	1019.3704
821.56171	1012.9097
821.61346	1022.8658
821.66528	1016.1663
821.71704	1017.5096
821.7688	1012.7012
821.82056	1015.0707
821.87238	1018.0415
821.92413	1024.3441
821.97589	1018.0978
822.02765	1018.6036
822.07947	1021.9501
822.13123	1019.5991
822.18298	1020.0439
822.2348	1021.6015
822.28656	1018.765
822.33832	1016.239
822.39008	1017.5941
822.44189	1020.3422
822.49365	1027.3333
822.54541	1023.4706
822.59717	1023.0229
822.64899	1022.7957
822.70074	1021.3761
822.7525	1014.3256
822.80432	1020.4789
822.85608	1014.4059
822.90784	1014.4244
822.95959	1027.6946
823.01141	1032.877
823.06317	1030.5118
823.11493	1023.35
823.16669	1030.3016
823.21851	1023.017
823.27026	1025.9159
823.32202	1018.8384
823.37384	1010.1041
823.4256	1027.925
823.47736	1018.9618
823.52911	1019.1398
823.58093	1025.0151
823.63269	1020.2179
823.68445	1020.7451
823.73621	1026.9656
823.78802	1020.8374
823.83978	1024.0157
823.89154	1022.4192
823.94336	1025.7455
823.99512	1029.9323
824.04688	1026.0984
824.09863	1031.2097
824.15045	1028.2758
824.20221	1025.1394
824.25397	1027.6831
824.30573	1029.7324
824.35754	1028.236
824.4093	1022.2393
824.46106	1024.5286
824.51288	1036.7058
824.56464	1035.3699
824.61639	1025.6747
824.66815	1036.0496
824.71997	1046.9349
824.77173	1034.3499
824.82349	1020.1077
824.87524	1026.3466
824.92706	1038.9833
824.97882	1033.7255
825.03058	1032.8313
825.0824	1036.6255
825.13416	1037.8473
825.18591	1030.0829
825.23767	1026.337
825.28949	1031.9435
825.34125	1037.8705
825.39301	1026.3877
825.44476	1014.3611
825.49658	1019.0313
825.54834	1031.0311
825.6001	1037.4551
825.65192	1027.3923
825.70367	1026.3215
825.75543	1030.9846
825.80719	1024.5405
825.85901	1023.7964
825.91077	1028.2683
825.96252	1032.4812
826.01428	1020.7229
826.0661	1029.6097
826.11786	1026.6455
826.16962	1031.249
826.22144	1032.4005
826.27319	1020.5162
826.32495	1037.9175
826.37671	1037.5171
826.42853	1019.9315
826.48029	1027.7795
826.53204	1029.627
826.5838	1015.8387
826.63562	1046.1002
826.68738	1026.7278
826.73914	1036.1029
826.79095	1027.2987
826.84271	1032.2301
826.89447	1035.1007
826.94623	1029.5718
826.99805	1028.9822
827.0498	1032.4379
827.10156	1036.8406
827.15332	1032.5247
827.20514	1032.1427
827.2569	1029.7031
827.30865	1026.5851
827.36047	1020.2161
827.41223	1017.6605
827.46399	1022.6957
827.51575	1034.9852
827.56757	1039.2468
827.61932	1035.3247
827.67108	1028.3171
827.72284	1027.0725
827.77466	1037.7285
827.82642	1038.8026
827.87817	1027.7528
827.92999	1022.9124
827.98175	1013.201
828.03351	1023.806
828.08527	1027.7014
828.13708	1027.4639
828.18884	1037.2552
828.2406	1022.5737
828.29236	1021.327
828.34418	1028.3917
828.39594	1025.8873
828.44769	1016.0864
828.49951	1017.7924
828.55127	1031.3545
828.60303	1027.563
828.65479	1015.2922
828.7066	1009.3239
828.75836	1014.1176
828.81012	1023.2352
828.86188	1029.0099
828.9137	1011.9451
828.96545	1025.1434
829.01721	1018.4062
829.06903	1010.9216
829.12079	1009.4988
829.17255	1030.1935
829.2243	1014.4548
829.27612	1022.5815
829.32788	1011.4874
829.37964	1009.5448
829.4314	1014.1369
829.48322	1010.9421
829.53497	1013.6947
829.58673	1009.6644
829.63855	999.79047
829.69031	1005.2092
829.74207	1015.0615
829.79382	1015.458
829.84564	1006.9151
829.8974	1005.0904
829.94916	1003.6799
830.00092	1009.0875
830.05273	1009.7656
830.10449	1012.7822
830.15625	1013.8469
830.20807	1008.78
830.25983	1005.6928
830.31158	1003.7561
830.36334	1008.5301
830.41516	1004.1664
830.46692	1005.6434
830.51868	994.80853
830.57043	987.14453
830.62225	994.97424
830.67401	997.30225
830.72577	1000.0312
830.77759	991.06232
830.82935	993.43964
830.8811	992.53143
830.93286	992.92462
830.98468	997.45984
831.03644	1003.3577
831.0882	993.00281
831.13995	998.24585
831.19177	997.92017
831.24353	994.88562
831.29529	999.43884
831.34711	988.09045
831.39886	1000.9297
831.45062	999.38312
831.50238	998.06964
831.5542	992.84583
831.60596	989.87714
831.65771	989.41315
831.70947	989.3703
831.76129	987.88647
831.81305	991.90161
831.86481	992.51514
831.91663	992.0296
831.96838	997.78522
832.02014	992.48816
832.0719	986.33862
832.12372	989.56738
832.17548	990.349
832.22723	995.21558
832.27899	994.84222
832.33081	994.95142
832.38257	985.12317
832.43433	989.97357
832.48615	989.94348
832.5379	986.2677
832.58966	992.66345
832.64142	996.98145
832.69324	997.3775
832.745	980.5108
832.79675	991.21594
832.84851	993.59625
832.90033	987.16174
832.95209	986.55212
833.00385	989.86334
833.05566	994.71344
833.10742	977.60016
833.15918	990.50732
833.21094	993.38788
833.26276	996.0495
833.31451	1001.23
833.36627	983.11169
833.41803	991.38953
833.46985	991.58496
833.52161	995.09955
833.57336	989.65515
833.62518	994.65997
833.67694	994.01099
833.7287	1002.4324
833.78046	1000.3865
833.83228	1001.8012
833.88403	1004.621
833.93579	1005.0115
833.98755	999.66266
834.03937	1006.377
834.09113	1011.5901
834.14288	1012.3561
834.1947	1012.7829
834.24646	1015.9865
834.29822	1007.6053
834.34998	1015.3336
834.40179	1019.223
834.45355	1018.1592
834.50531	1024.1051
834.55707	1031.891
834.60889	1028.9359
834.66064	1039.2646
834.7124	1055.562
834.76422	1054.1943
834.81598	1050.4742
834.86774	1054.8014
834.91949	1060.7957
834.97131	1061.2581
835.02307	1060.2614
835.07483	1070.391
835.12659	1074.467
835.17841	1083.5428
835.23016	1090.1305
835.28192	1102.7145
835.33374	1106.2626
835.3855	1120.2537
835.43726	1129.1002
835.48901	1141.9817
835.54083	1126.7206
835.59259	1132.5168
835.64435	1127.4916
835.69611	1145.2334
835.74792	1160.1791
835.79968	1155.8009
835.85144	1155.2722
835.90326	1172.6819
835.95502	1195.1958
836.00677	1171.9258
836.05853	1159.7745
836.11035	1167.7391
836.16211	1201.5155
836.21387	1206.7631
836.26563	1169.1401
836.31744	1179.3544
836.3692	1191.2061
836.42096	1213.7522
836.47278	1224.1747
836.52454	1200.3615
836.57629	1200.6022
836.62805	1202.3119
836.67987	1190.7562
836.73163	1177.5065
836.78339	1194.3104
836.83514	1190.9128
836.88696	1190.9493
836.93872	1204.5574
836.99048	1214.1045
837.04224	1186.5511
837.09406	1185.4658
837.14581	1196.3431
837.19757	1189.5841
837.24939	1190.3663
837.30115	1187.0289
837.35291	1189.9261
837.40466	1186.2769
837.45648	1185.1569
837.50824	1191.8295
837.56	1208.1113
837.61176	1212.8931
837.66357	1208.6771
837.71533	1201.7885
837.76709	1207.6614
837.81891	1224.8358
837.87067	1233.1931
837.92242	1234.3881
837.97418	1258.4369
838.026	1264.9819
838.07776	1276.2013
838.12952	1306.5145
838.18127	1358.6216
838.23309	1360.4138
838.28485	1351.3749
838.33661	1388.8066
838.38843	1442.7374
838.44019	1442.1674
838.49194	1465.8835
838.5437	1502.0422
838.59552	1536.2518
838.64728	1551.2028
838.69904	1571.2567
838.75079	1639.2825
838.80261	1616.8132
838.85437	1619.5533
838.90613	1641.3389
838.95795	1639.3774
839.0097	1649.7754
839.06146	1666.1217
839.11322	1626.3354
839.16504	1649.5612
839.2168	1641.9645
839.26855	1611.702
839.32031	1591.1461
839.37213	1554.3691
839.42389	1572.3054
839.47565	1533.5793
839.52747	1513.8909
839.57922	1503.8845
839.63098	1494.8016
839.68274	1475.8761
839.73456	1453.1232
839.78632	1472.5369
839.83807	1436.1399
839.88983	1414.8558
839.94165	1404.1593
839.99341	1401.9879
840.04517	1387.9891
840.09698	1385.8263
840.14874	1370.3711
840.2005	1377.2207
840.25226	1365.9081
840.30408	1364.1615
840.35583	1382.8984
840.40759	1369.9408
840.45935	1377.8855
840.51117	1378.8365
840.56293	1378.9646
840.61469	1390.8685
840.6665	1402.6514
840.71826	1403.5297
840.77002	1411.2692
840.82178	1424.1429
840.8736	1437.0452
840.92535	1431.2694
840.97711	1430.4323
841.02887	1466.441
841.08069	1466.4803
841.13245	1444.0714
841.1842	1448.2485
841.23602	1445.5618
841.28778	1422.7157
841.33954	1431.543
841.3913	1406.7595
841.44312	1402.481
841.49487	1434.5946
841.54663	1389.7461
841.59839	1391.2601
841.65021	1385.9712
841.70197	1396.8585
841.75372	1390.6599
841.80554	1386.7169
841.8573	1371.0728
841.90906	1380.8606
841.96082	1352.8168
842.01263	1361.4171
842.06439	1355.7133
842.11615	1334.6112
842.16791	1328.9102
842.21973	1300.3149
842.27148	1347.0789
842.32324	1333.7024
842.37506	1305.5957
842.42682	1318.8606
842.47858	1312.474
842.53033	1303.3585
842.58215	1296.2874
842.63391	1298.1003
842.68567	1291.1359
842.73743	1302.849
842.78925	1289.4579
842.841	1294.2721
842.89276	1311.1237
842.94458	1301.3604
842.99634	1325.0404
843.0481	1331.6577
843.09985	1305.6002
843.15167	1330.1179
843.20343	1326.4286
843.25519	1346.1978
843.30695	1345.2778
843.35876	1338.0363
843.41052	1357.1941
843.46228	1376.3549
843.5141	1358.8052
843.56586	1341.2463
843.61761	1350.3934
843.66937	1342.5663
843.72119	1334.666
843.77295	1328.7813
843.82471	1348.2722
843.87646	1337.1353
843.92828	1318.1865
843.98004	1316.0764
844.0318	1299.7734
844.08362	1328.9681
844.13538	1324.4408
844.18713	1306.6123
844.23889	1303.9792
844.29071	1310.02
844.34247	1302.2743
844.39423	1283.588
844.44598	1280.6882
844.4978	1292.8792
844.54956	1292.261
844.60132	1303.9183
844.65314	1334.755
844.7049	1319.9746
844.75665	1310.3147
844.80841	1309.1012
844.86023	1326.0638
844.91199	1327.536
844.96375	1332.9535
845.0155	1320.522
845.06732	1296.2649
845.11908	1331.2286
845.17084	1335.5339
845.22266	1327.8315
845.27441	1331.4714
845.32617	1332.3904
845.37793	1339.9266
845.42975	1320.4623
845.48151	1324.0311
845.53326	1323.4709
845.58502	1305.2343
845.63684	1313.1084
845.6886	1284.4956
845.74036	1314.2819
845.79218	1298.2546
845.84393	1293.6598
845.89569	1285.3511
845.94745	1278.0278
845.99927	1278.7161
846.05103	1250.3729
846.10278	1247.4381
846.15454	1252.6086
846.20636	1258.4458
846.25812	1246.6185
846.30988	1245.9248
846.36169	1255.8807
846.41345	1254.486
846.46521	1241.6945
846.51697	1228.2023
846.56879	1224.6852
846.62054	1224.3196
846.6723	1223.1907
846.72406	1223.3801
846.77588	1211.3597
846.82764	1214.231
846.87939	1209.9188
846.93121	1218.2456
846.98297	1213.173
847.03473	1206.7395
847.08649	1214.2626
847.13831	1213.7012
847.19006	1217.6611
847.24182	1224.1854
847.29358	1214.3606
847.3454	1219.6559
847.39716	1229.6304
847.44891	1218.1974
847.50073	1226.4705
847.55249	1240.4608
847.60425	1231.2197
847.65601	1228.8322
847.70782	1217.7997
847.75958	1225.6251
847.81134	1217.6349
847.8631	1227.4017
847.91492	1238.1117
847.96667	1239.9928
848.01843	1222.2374
848.07025	1249.0896
848.12201	1248.7628
848.17377	1237.6869
848.22552	1246.3213
848.27734	1233.2682
848.3291	1234.2771
848.38086	1244.7937
848.43262	1226.4014
848.48444	1219.6589
848.53619	1233.6543
848.58795	1230.0065
848.63977	1234.3604
848.69153	1225.8488
848.74329	1222.3865
848.79504	1208.4756
848.84686	1202.368
848.89862	1202.1008
848.95038	1205.5197
849.00214	1205.5319
849.05396	1202.7277
849.10571	1192.0635
849.15747	1184.3276
849.20929	1186.2599
849.26105	1180.1492
849.31281	1175.1742
849.36456	1172.0945
849.41638	1155.1687
849.46814	1166.3342
849.5199	1190.4044
849.57166	1181.5197
849.62347	1169.6382
849.67523	1167.2222
849.72699	1158.6384
849.77881	1166.7277
849.83057	1174.832
849.88232	1169.035
849.93408	1179.021
849.9859	1162.8228
850.03766	1156.0632
850.08942	1159.6423
850.14117	1161.4443
850.19299	1169.1331
850.24475	1139.5006
850.29651	1168.6903
850.34833	1125.6958
850.40009	1145.8885
850.45184	1157.2925
850.5036	1143.259
850.55542	1146.4225
850.60718	1144.9036
850.65894	1139.8722
850.71069	1138.3967
850.76251	1135.7551
850.81427	1135.2007
850.86603	1121.6238
850.91785	1136.4373
850.9696	1124.9557
851.02136	1119.6279
851.07312	1130.4824
851.12494	1123.2976
851.1767	1108.4327
851.22845	1116.8612
851.28021	1106.578
851.33203	1103.8302
851.38379	1099.0524
851.43555	1099.4536
851.48737	1114.2411
851.53912	1112.7684
851.59088	1096.5012
851.64264	1088.9543
851.69446	1088.526
851.74622	1079.9445
851.79797	1074.392
851.84973	1072.2947
851.90155	1078.9133
851.95331	1068.881
852.00507	1076.5153
852.05688	1070.5934
852.10864	1070.1663
852.1604	1054.4868
852.21216	1064.3915
852.26398	1053.5911
852.31573	1051.4717
852.36749	1043.9034
852.41925	1041.0081
852.47107	1032.3895
852.52283	1034.2795
852.57458	1036.1449
852.6264	1030.4236
852.67816	1032.124
852.72992	1027.0908
852.78168	1023.8924
852.8335	1035.6611
852.88525	1015.7872
852.93701	1016.2113
852.98877	1029.4431
853.04059	1022.1169
853.09235	1007.7788
853.1441	1012.7624
853.19592	1014.103
853.24768	1018.5578
853.29944	998.8299
853.3512	1012.2578
853.40302	1005.8426
853.45477	997.948
853.50653	999.32001
853.55829	998.54297
853.61011	1002.4653
853.66187	1000.0693
853.71362	998.02271
853.76544	995.06616
853.8172	998.16815
853.86896	1003.6328
853.92072	993.41992
853.97253	989.47284
854.02429	993.31683
854.07605	986.84753
854.12781	983.53442
854.17963	983.07776
854.23138	988.38239
854.28314	995.50586
854.33496	989.59052
854.38672	985.83472
854.43848	989.7785
854.49023	980.93652
854.54205	983.62543
854.59381	983.06903
854.64557	995.18463
854.69733	987.6095
854.74915	972.79199
854.8009	977.05981
854.85266	987.9715
854.90448	984.71289
854.95624	981.89105
855.008	974.18518
855.05975	979.76251
855.11157	975.55066
855.16333	970.86487
855.21509	972.47284
855.26685	982.32599
855.31866	982.05432
855.37042	989.82288
855.42218	978.46228
855.474	975.82098
855.52576	966.4068
855.57751	982.31677
855.62927	986.50177
855.68109	966.50385
855.73285	955.81354
855.78461	975.36639
855.83636	976.88605
855.88818	970.16565
855.93994	971.70239
855.9917	970.23682
856.04352	983.38867
856.09528	979.26355
856.14703	973.64386
856.19879	970.52734
856.25061	967.14984
856.30237	969.83826
856.35413	968.94812
856.40588	973.86395
856.4577	977.20862
856.50946	966.85461
856.56122	960.28326
856.61304	959.38336
856.66479	969.06378
856.71655	967.18597
856.76831	957.01355
856.82013	961.69208
856.87189	973.27045
856.92365	967.24896
856.9754	960.52014
857.02722	965.20203
857.07898	965.55762
857.13074	965.63129
857.18256	958.52502
857.23431	958.7547
857.28607	963.45044
857.33783	961.00146
857.38965	959.49249
857.44141	971.71582
857.49316	963.83746
857.54492	962.83893
857.59674	957.61884
857.6485	954.41827
857.70026	953.33173
857.75208	959.1908
857.80383	950.65845
857.85559	959.80902
857.90735	959.44281
857.95917	954.78754
858.01093	951.78583
858.06268	963.60614
858.11444	968.08551
858.16626	953.51648
858.21802	958.56177
858.26978	958.23804
858.32159	959.63599
858.37335	958.14557
858.42511	957.05682
858.47687	959.79822
858.52869	954.50531
858.58044	953.17108
858.6322	958.42853
858.68396	957.29077
858.73578	958.47729
858.78754	960.44055
858.83929	962.01422
858.89111	961.71155
858.94287	956.70428
858.99463	950.98938
859.04639	951.8595
859.09821	956.18945
859.14996	954.96234
859.20172	954.49597
859.25348	957.29803
859.3053	953.92139
859.35706	957.96753
859.40881	957.7702
859.46063	951.43781
859.51239	957.70923
859.56415	956.59149
859.61591	949.55261
859.66772	954.81177
859.71948	950.13177
859.77124	952.20062
859.823	949.46283
859.87482	958.81775
859.92657	955.35217
859.97833	949.289
860.03015	943.15173
860.08191	958.97101
860.13367	950.7179
860.18542	953.96753
860.23724	952.03894
860.289	952.87427
860.34076	961.97363
860.39252	948.01263
860.44434	950.21539
860.49609	948.55493
860.54785	949.96381
860.59967	953.24634
860.65143	950.1676
860.70319	957.24994
860.75494	951.75616
860.80676	944.32916
860.85852	955.08221
860.91028	958.19464
860.96204	948.61639
861.01385	945.63763
861.06561	948.94342
861.11737	952.69556
861.16919	948.59491
861.22095	944.25433
861.27271	947.1217
861.32446	953.16064
861.37628	950.07581
861.42804	951.20166
861.4798	943.05481
861.53156	946.35284
861.58337	949.93353
861.63513	946.51233
861.68689	946.87714
861.73871	954.85168
861.79047	941.00537
861.84222	941.43396
861.89398	947.78156
861.9458	952.24921
861.99756	940.06049
862.04932	946.69421
862.10107	942.93976
862.15289	950.72241
862.20465	944.75134
862.25641	936.61188
862.30823	948.80243
862.35999	948.40112
862.41174	949.41724
862.4635	939.28998
862.51532	945.89667
862.56708	949.89734
862.61884	939.98035
862.67059	945.74457
862.72241	941.69006
862.77417	948.43286
862.82593	944.224
862.87775	939.51495
862.9295	943.46582
862.98126	953.54309
863.03302	947.62036
863.08484	947.83331
863.1366	942.35571
863.18835	939.91888
863.24011	942.93774
863.29193	941.65692
863.34369	947.23273
863.39545	950.1084
863.44727	941.50934
863.49902	941.94916
863.55078	948.87085
863.60254	945.30359
863.65436	943.96759
863.70612	945.20062
863.75787	943.79718
863.80963	944.57568
863.86145	946.25653
863.91321	953.02533
863.96497	947.76892
864.01678	941.52161
864.06854	941.26904
864.1203	939.36102
864.17206	942.11456
864.22388	940.36938
864.27563	944.79565
864.32739	948.79211
864.37915	946.63147
864.43097	941.73248
864.48273	946.64392
864.53448	951.59863
864.5863	938.99066
864.63806	943.08636
864.68982	952.22662
864.74158	946.38123
864.7934	946.45563
864.84515	938.69354
864.89691	936.71338
864.94867	945.21173
865.00049	947.36005
865.05225	943.34332
865.104	944.47412
865.15582	945.99561
865.20758	939.67255
865.25934	939.15796
865.3111	937.74609
865.36292	941.11877
865.41467	946.87469
865.46643	945.0943
865.51819	941.80127
865.57001	944.79309
865.62177	940.63129
865.67352	938.60297
865.72534	944.91089
865.7771	943.53278
865.82886	941.32318
865.88062	937.70142
865.93243	936.75208
865.98419	939.72571
866.03595	937.18579
866.08771	935.93005
866.13953	941.19446
866.19128	945.49133
866.24304	937.90125
866.29486	937.93384
866.34662	936.52777
866.39838	936.35522
866.45013	933.98395
866.50195	937.44464
866.55371	943.85333
866.60547	942.37061
866.65723	945.31622
866.70905	938.0119
866.7608	946.62744
866.81256	942.89722
866.86438	942.61395
866.91614	935.35883
866.9679	940.38
867.01965	940.35406
867.07147	941.65863
867.12323	933.60498
867.17499	936.81799
867.22675	936.896
867.27856	938.46771
867.33032	936.91681
867.38208	937.28723
867.4339	937.02203
867.48566	936.86017
867.53741	939.41095
867.58917	942.63873
867.64099	941.18323
867.69275	938.47302
867.74451	939.75769
867.79626	940.96149
867.84808	939.56085
867.89984	935.88544
867.9516	938.87567
868.00342	938.92615
868.05518	931.47913
868.10693	932.08356
868.15869	936.65332
868.21051	937.27179
868.26227	942.24091
868.31403	935.79437
868.36578	936.57495
868.4176	941.95929
868.46936	934.19843
868.52112	933.59802
868.57294	934.89233
868.62469	939.12256
868.67645	935.30621
868.72821	939.51587
868.78003	945.16272
868.83179	940.25989
868.88354	930.98376
868.9353	935.29272
868.98712	938.32611
869.03888	934.78271
869.09064	934.20917
869.14246	936.26099
869.19421	937.81488
869.24597	937.14673
869.29773	936.65283
869.34955	942.32208
869.40131	937.09381
869.45306	935.63873
869.50482	935.50598
869.55664	938.13861
869.6084	934.61707
869.66016	929.15173
869.71198	930.7074
869.76373	935.02191
869.81549	939.35925
869.86725	928.94025
869.91907	931.38501
869.97083	935.77637
870.02258	936.31494
870.07434	931.60962
870.12616	936.81964
870.17792	937.32928
870.22968	938.26422
870.28149	935.77478
870.33325	932.45825
870.38501	931.71582
870.43677	932.69934
870.48859	933.35065
870.54034	937.6322
870.5921	942.32935
870.64386	939.62823
870.69568	931.01508
870.74744	934.54938
870.79919	937.68872
870.85101	940.73285
870.90277	933.59302
870.95453	930.25549
871.00629	936.51996
871.05811	937.82385
871.10986	935.58569
871.16162	931.17377
871.21338	937.64526
871.2652	937.07513
871.31696	931.28668
871.36871	931.16772
871.42053	932.01691
871.47229	934.70111
871.52405	939.21039
871.57581	936.52332
871.62762	933.81079
871.67938	933.48035
871.73114	934.49109
871.7829	934.4425
871.83472	937.25708
871.88647	938.19708
871.93823	936.20062
871.99005	934.64276
872.04181	936.60193
872.09357	933.78217
872.14532	933.69775
872.19714	937.77161
872.2489	933.60065
872.30066	935.36182
872.35242	933.0672
872.40424	931.66193
872.45599	935.42163
872.50775	933.50079
872.55957	933.04388
872.61133	936.6391
872.66309	933.32867
872.71484	935.13733
872.76666	931.07959
872.81842	934.086
872.87018	932.93494
872.92194	933.87323
872.97375	935.90875
873.02551	937.01337
873.07727	933.02631
873.12909	928.84186
873.18085	934.45062
873.2326	934.89587
873.28436	939.07019
873.33618	933.6355
873.38794	932.40027
873.4397	932.65503
873.49146	933.35748
873.54327	931.35382
873.59503	934.20123
873.64679	935.56512
873.69861	931.23523
873.75037	929.48499
873.80212	935.625
873.85388	940.65308
873.9057	935.82092
873.95746	934.20209
874.00922	934.66931
874.06097	935.53961
874.11279	929.76056
874.16455	933.7771
874.21631	933.05664
874.26813	933.87335
874.31989	928.89612
874.37164	928.15051
874.4234	934.17847
874.47522	936.21509
874.52698	938.65253
874.57874	935.22101
874.63049	929.82379
874.68231	933.1825
874.73407	932.75543
874.78583	930.76117
874.83765	934.84344
874.8894	934.85205
874.94116	940.50714
874.99292	937.36267
875.04474	932.68854
875.0965	933.66852
875.14825	930.92499
875.20001	932.11835
875.25183	933.93365
875.30359	936.88452
875.35535	937.19495
875.40717	937.41174
875.45892	935.9624
875.51068	927.06219
875.56244	925.80341
875.61426	929.93201
875.66602	935.17438
875.71777	933.43536
875.76953	929.1767
875.82135	930.12616
875.87311	933.4809
875.92487	933.66455
875.97668	932.49188
876.02844	930.99316
876.0802	930.0965
876.13196	932.40222
876.18378	931.90851
876.23553	930.34351
876.28729	928.96057
876.33905	937.06158
876.39087	932.44366
876.44263	932.20673
876.49438	929.08594
876.5462	934.21136
876.59796	938.75195
876.64972	931.90106
876.70148	934.65802
876.7533	938.26154
876.80505	931.64856
876.85681	931.00604
876.90857	940.60638
876.96039	931.12622
877.01215	931.30511
877.0639	930.49933
877.11572	934.30194
877.16748	927.00879
877.21924	928.69855
877.271	938.44684
877.32281	931.81793
877.37457	933.32898
877.42633	931.97461
877.47809	930.52112
877.52991	938.65985
877.58167	934.14246
877.63342	928.67102
877.68524	931.95569
877.737	935.31049
877.78876	930.11981
877.84052	933.54138
877.89233	935.05701
877.94409	933.29333
877.99585	931.00714
878.04761	927.05334
878.09943	928.30798
878.15118	927.62952
878.20294	928.52838
878.25476	931.01575
878.30652	933.17389
878.35828	931.70941
878.41003	927.04553
878.46185	929.69385
878.51361	931.93298
878.56537	932.6236
878.61713	932.40405
878.66895	935.62897
878.7207	935.64807
878.77246	932.33746
878.82428	930.5769
878.87604	929.84106
878.9278	930.9964
878.97955	932.71704
879.03137	932.82501
879.08313	934.54913
879.13489	927.14056
879.18665	923.90283
879.23846	930.5235
879.29022	933.54205
879.34198	930.21332
879.39374	926.57941
879.44556	933.98541
879.49731	929.37573
879.54907	929.36859
879.60089	930.83215
879.65265	930.37524
879.70441	933.22809
879.75616	928.53156
879.80798	928.30981
879.85974	928.09601
879.9115	927.255
879.96326	924.63245
880.01508	929.25311
880.06683	933.71533
880.11859	935.18304
880.17041	932.69928
880.22217	927.18854
880.27393	930.73273
880.32568	932.99146
880.3775	935.00214
880.42926	927.47443
880.48102	926.86285
880.53278	932.41138
880.58459	931.61987
880.63635	927.16138
880.68811	928.41595
880.73993	927.76758
880.79169	923.52399
880.84344	931.24512
880.8952	935.69849
880.94702	933.56323
880.99878	930.54596
881.05054	925.6629
881.10229	931.69928
881.15411	930.72491
881.20587	929.88995
881.25763	930.41852
881.30945	934.73163
881.36121	930.30243
881.41296	928.53296
881.46472	934.80121
881.51654	927.16064
881.5683	928.33197
881.62006	932.06036
881.67181	927.48157
881.72363	936.05731
881.77539	938.12158
881.82715	927.02899
881.87897	926.23395
881.93073	931.17108
881.98248	924.30341
882.03424	923.54626
882.08606	926.91412
882.13782	934.88293
882.18958	932.66437
882.24133	932.49866
882.29315	937.95099
882.34491	934.97003
882.39667	928.9754
882.44849	928.01617
882.50024	935.64172
882.552	930.61682
882.60376	922.84924
882.65558	929.85474
882.70734	929.58374
882.75909	930.24255
882.81085	930.80994
882.86267	930.48456
882.91443	930.32697
882.96619	925.79907
883.01801	924.72314
883.06976	932.86029
883.12152	932.78656
883.17328	929.20178
883.2251	928.48871
883.27686	928.06335
883.32861	931.89941
883.38037	919.97107
883.43219	927.65802
883.48395	931.7746
883.53571	929.073
883.58752	936.8927
883.63928	934.388
883.69104	929.16193
883.7428	933.83636
883.79462	931.91705
883.84637	932.3595
883.89813	939.45618
883.94989	938.09064
884.00171	929.2876
884.05347	923.09991
884.10522	928.14758
884.15704	928.89386
884.2088	924.15839
884.26056	925.74304
884.31232	931.43378
884.36414	932.07745
884.41589	931.43109
884.46765	928.59229
884.51941	929.58228
884.57123	934.60699
884.62299	928.83118
884.67474	927.68579
884.72656	933.31799
884.77832	926.80396
884.83008	919.6994
884.88184	926.82092
884.93365	929.21667
884.98541	934.07892
885.03717	928.2951
885.08893	933.34656
885.14075	931.59857
885.1925	923.77478
885.24426	925.7594
885.29608	926.09045
885.34784	927.12006
885.3996	930.34851
885.45135	921.28192
885.50317	924.36499
885.55493	933.17206
885.60669	933.8736
885.65845	929.9881
885.71027	930.86505
885.76202	927.29285
885.81378	924.04517
885.8656	927.72113
885.91736	925.85858
885.96912	926.27631
886.02087	928.1958
886.07269	921.86182
886.12445	924.83539
886.17621	925.85846
886.22797	924.67004
886.27979	931.30231
886.33154	930.13275
886.3833	931.79474
886.43512	931.07788
886.48688	926.20081
886.53864	929.78516
886.59039	936.84131
886.64221	935.87964
886.69397	930.79047
886.74573	928.10388
886.79749	927.41443
886.8493	934.17145
886.90106	933.82166
886.95282	932.29584
887.00464	928.34485
887.0564	928.20642
887.10815	927.11951
887.15991	928.57959
887.21173	927.99445
887.26349	924.68445
887.31525	928.41614
887.367	929.78851
887.41882	930.19653
887.47058	927.31964
887.52234	925.90955
887.57416	934.30054
887.62592	926.05939
887.67767	927.64172
887.72943	926.31146
887.78125	926.26849
887.83301	925.62653
887.88477	920.42383
887.93652	933.11401
887.98834	931.50653
888.0401	932.00696
888.09186	920.95721
888.14368	927.05029
888.19543	923.64801
888.24719	924.26575
888.29895	927.49146
888.35077	928.12518
888.40253	928.10767
888.45428	922.69061
888.50604	927.84845
888.55786	927.74811
888.60962	928.61145
888.66138	926.65594
888.7132	924.94495
888.76495	929.68298
888.81671	934.422
888.86847	925.88733
888.92029	921.77203
888.97205	927.46338
889.0238	930.59961
889.07556	921.63959
889.12738	925.61707
889.17914	929.51495
889.2309	929.19843
889.28271	926.98364
889.33447	928.48297
889.38623	929.58545
889.43799	926.83728
889.48981	929.5473
889.54156	928.01831
889.59332	934.3692
889.64508	920.95728
889.6969	929.10809
889.74866	932.09576
889.80042	929.68121
889.85223	932.95245
889.90399	923.75745
889.95575	934.64081
890.00751	922.74731
890.05933	931.9115
890.11108	927.03149
890.16284	930.21027
890.2146	932.81799
890.26642	925.0199
890.31818	927.61139
890.36993	922.90356
890.42175	925.52869
890.47351	925.30286
890.52527	927.99432
890.57703	931.13025
890.62885	932.25848
890.6806	930.96753
890.73236	932.31329
890.78412	928.64697
890.83594	932.76666
890.8877	935.72522
890.93945	929.29974
890.99127	930.95081
891.04303	929.65674
891.09479	927.57587
891.14655	927.43433
891.19836	934.77734
891.25012	931.58276
891.30188	921.59546
891.35364	931.12408
891.40546	928.97443
891.45721	927.17657
891.50897	924.94983
891.56079	924.58582
891.61255	928.21594
891.66431	928.58087
891.71606	919.45007
891.76788	920.55579
891.81964	935.51233
891.8714	930.57916
891.92316	919.13116
891.97498	927.84827
892.02673	935.08777
892.07849	929.96826
892.13031	922.27368
892.18207	929.5683
892.23383	924.99213
892.28558	923.5531
892.3374	924.90967
892.38916	923.93829
892.44092	923.20313
892.49268	923.82709
892.54449	926.9469
892.59625	931.57831
892.64801	928.90643
892.69983	925.63287
892.75159	925.66553
892.80334	927.41223
892.8551	927.55396
892.90692	928.24292
892.95868	929.49786
893.01044	923.41852
893.06219	922.41229
893.11401	930.25665
893.16577	939.3313
893.21753	929.2392
893.26935	921.47736
893.32111	926.76831
893.37286	926.07001
893.42462	926.75006
893.47644	929.15112
893.5282	924.59521
893.57996	929.94916
893.63171	937.09393
893.68353	926.80243
893.73529	921.49103
893.78705	926.50317
893.83887	927.07043
893.89063	919.58972
893.94238	920.86615
893.99414	920.6261
894.04596	925.362
894.09772	927.83423
894.14948	928.82343
894.20123	925.85974
894.25305	923.55615
894.30481	924.80011
894.35657	931.89215
894.40839	933.03827
894.46014	928.50897
894.5119	927.74805
894.56366	928.72607
894.61548	926.61285
894.66724	929.51056
894.71899	931.36127
894.77075	926.31903
894.82257	926.33875
894.87433	924.17041
894.92609	925.63928
894.97791	925.01233
895.02966	929.14111
895.08142	928.76465
895.13318	925.59521
895.185	926.42084
895.23676	925.73474
895.28851	926.21503
895.34027	922.63995
895.39209	924.0614
895.44385	929.30096
895.49561	923.00787
895.54742	922.39325
895.59918	927.745
895.65094	921.39081
895.7027	926.79974
895.75452	924.07782
895.80627	927.33942
895.85803	926.82288
895.90979	926.85773
895.96161	929.95569
896.01337	930.37073
896.06512	928.60742
896.11694	921.99371
896.1687	922.7879
896.22046	927.40729
896.27222	927.67859
896.32404	928.38947
896.37579	922.54169
896.42755	923.39044
896.47931	928.30688
896.53113	921.43256
896.58289	918.3208
896.63464	920.31757
896.68646	922.04077
896.73822	925.85986
896.78998	927.02985
896.84174	924.92871
896.89355	930.11475
896.94531	930.91376
896.99707	923.37061
897.04883	931.25287
897.10065	930.95593
897.1524	924.21313
897.20416	917.01312
897.25598	925.22382
897.30774	926.36627
897.3595	922.65771
897.41125	919.01642
897.46307	927.02185
897.51483	920.33032
897.56659	925.10516
897.61835	917.07147
897.67017	923.19708
897.72192	932.50531
897.77368	922.05371
897.8255	924.02643
897.87726	925.47101
897.92902	925.18488
897.98077	924.73169
898.03259	935.68524
898.08435	935.26025
898.13611	931.60297
898.18787	929.11469
898.23969	926.03644
898.29144	927.46808
898.3432	926.42877
898.39502	926.64093
898.44678	927.00476
898.49854	922.61499
898.55029	922.18976
898.60211	921.99677
898.65387	926.54913
898.70563	927.36334
898.75739	920.7312
898.8092	924.84558
898.86096	929.54309
898.91272	926.46954
898.96454	917.42389
899.0163	924.52472
899.06805	922.53381
899.11981	919.98804
899.17163	925.53204
899.22339	927.13824
899.27515	926.73761
899.3269	927.68964
899.37872	916.24817
899.43048	922.00745
899.48224	929.66071
899.53406	921.97998
899.58582	924.94073
899.63757	926.99463
899.68933	927.71533
899.74115	924.22168
899.79291	927.83496
899.84467	925.6311
899.89642	922.97485
899.94824	924.16119
900	922.73187
