50	875.81195
50.532299	869.37659
51.064598	880.95129
51.596897	877.20453
52.129196	873.99072
52.661495	874.17377
53.193794	876.82074
53.726093	883.43658
54.258392	875.70306
54.790688	875.29633
55.322987	878.14301
55.855286	880.34778
56.387585	880.26367
56.919884	881.92145
57.452183	873.3139
57.984482	872.54346
58.516781	875.50537
59.04908	877.17761
59.581379	874.79645
60.113678	873.13812
60.645977	876.80054
61.178276	877.41187
61.710575	877.41669
62.242874	878.61481
62.775173	880.7254
63.307468	883.20868
63.839767	881.30359
64.37207	878.81519
64.904366	880.4278
65.436668	885
65.968964	885.72491
66.501266	898.1698
67.033562	898.93848
67.565857	895.54999
68.09816	895.92194
68.630455	902.36542
69.162758	908.01245
69.695053	908.42743
70.227356	905.76617
70.759651	912.44891
71.291954	923.08594
71.824249	930.64313
72.356552	938.49231
72.888847	936.41687
73.42115	930.04028
73.953445	933.63892
74.485748	942.91553
75.018044	945.33264
75.550346	930.80084
76.082642	937.41254
76.614937	950.26514
77.14724	953.18024
77.679535	948.73944
78.211838	946.13275
78.744133	940.73346
79.276436	937.32092
79.808731	931.18304
80.341034	928
80.873329	929.29211
81.405632	933.62091
81.937927	941.51453
82.47023	936.93091
83.002525	931.52942
83.534828	929.66284
84.067123	933.09338
84.599426	940.10413
85.131721	940.93524
85.664017	929.88586
86.19632	930.98322
86.728615	929.92395
87.260918	928.92682
87.793213	941.77539
88.325516	944.26965
88.857811	935.06622
89.390114	935.81042
89.922409	941.0072
90.454712	943.87769
90.987007	942.08276
91.51931	942.91504
92.051605	948.59741
92.583908	948.47961
93.116203	942.28845
93.648499	934.77887
94.180801	932.68982
94.713097	934.77026
95.245399	939.80188
95.777695	932.6748
96.309998	928.02094
96.842293	933.25
97.374596	940.26996
97.906891	937.35785
98.439194	931.14862
98.971489	931.27008
99.503792	936.19543
100.03609	939.7373
100.56839	935.15955
101.10069	930.58154
101.63299	933.29407
102.16528	938.7345
102.69758	940.42938
103.22988	936.64154
103.76218	931.98462
104.29448	931.56879
104.82677	928.23828
105.35908	932.63617
105.89137	933.66223
106.42368	927.37781
106.95597	924.08234
107.48827	931.57996
108.02057	940.17078
108.55287	944.1463
109.08517	941.64807
109.61747	936.86688
110.14977	937.64227
110.68207	932.63336
111.21436	930.19403
111.74666	937.73431
112.27896	943.0235
112.81126	942.34393
113.34356	944.62073
113.87585	939.61023
114.40816	934.60828
114.94045	934.16992
115.47276	936.24512
116.00505	938.26849
116.53735	939.17944
117.06965	940.84753
117.60195	942.51868
118.13425	937.53473
118.66655	934.56476
119.19884	935.28699
119.73115	934.02332
120.26344	944.05219
120.79574	942.77625
121.32804	929.39679
121.86034	927.93378
122.39264	938.93689
122.92493	940.92889
123.45724	935.49567
123.98953	937.71075
124.52184	939.13733
125.05413	938.88635
125.58643	937.22992
126.11873	935.51599
126.65103	939.27954
127.18333	937.59863
127.71563	937.96033
128.24792	941.46069
128.78023	941.90875
129.31252	934.82233
129.84482	940.26007
130.37712	944.11224
130.90942	942.53174
131.44171	945.22235
131.97401	950.49701
132.50632	949.28247
133.03862	935.50415
133.57091	941.11536
134.10321	938.34998
134.63551	938.70386
135.16782	942.18738
135.7001	943.85913
136.23241	945.53369
136.76471	945.13666
137.297	952.37555
137.8293	953.53748
138.3616	955.12646
138.89391	962.26404
139.42619	958.52228
139.9585	956.42957
140.4908	954.68036
141.0231	959.30316
141.55539	958.98541
142.08769	949.35919
142.62	947.56177
143.1523	971.43304
143.68459	957.65253
144.21689	951.10712
144.74919	955.80371
145.28149	964.46063
145.81378	970.41638
146.34608	961.61951
146.87839	971.987
147.41068	979.5127
147.94298	979.79138
148.47528	978.19531
149.00758	982.88599
149.53987	981.21039
150.07217	977.62134
150.60448	992.25836
151.13678	999.0321
151.66907	992.74658
152.20137	990.61292
152.73367	1008.6385
153.26598	1017.1229
153.79826	1024.4552
154.33057	1025.9175
154.86287	1030.4397
155.39516	1046.2877
155.92746	1055.9324
156.45976	1043.6736
156.99207	1059.7014
157.52435	1071.3417
158.05666	1078.8885
158.58896	1087.8024
159.12126	1082.1267
159.65355	1084.2289
160.18585	1091.932
160.71815	1097.5049
161.25046	1094.8444
161.78275	1088.0579
162.31505	1090.924
162.84735	1081.2737
163.37965	1094.0793
163.91194	1075.7261
164.44424	1066.2766
164.97655	1076.826
165.50883	1074.2808
166.04114	1058.3315
166.57344	1057.8584
167.10574	1059.3143
167.63803	1062.1313
168.17033	1059.1357
168.70264	1047.296
169.23494	1054.8691
169.76723	1056.718
170.29953	1042.0092
170.83183	1037.8107
171.36414	1044.6241
171.89642	1048.6389
172.42873	1039.9181
172.96103	1055.9111
173.49332	1049.4988
174.02562	1045.5912
174.55792	1043.3091
175.09023	1043.2532
175.62251	1056.0308
176.15482	1055.1909
176.68712	1058.0712
177.21942	1049.439
177.75171	1040.0363
178.28401	1037.668
178.81631	1038.6416
179.34862	1023.5117
179.88091	1024.9716
180.41321	1017.0602
180.94551	1013.5208
181.4778	1017.4681
182.0101	1019.3034
182.5424	1001.6115
183.07471	1003.7017
183.60699	999.66437
184.1393	995.76721
184.6716	992.45575
185.2039	988.35345
185.73619	983.38116
186.26849	979.58899
186.8008	977.27069
187.3331	972.86102
187.86539	971.15356
188.39769	973.91406
188.92999	977.34949
189.4623	975.24237
189.99458	969.98828
190.52689	976.4895
191.05919	977.08331
191.59148	968.18188
192.12378	960.27197
192.65608	969.07751
193.18839	950.94489
193.72067	952.76514
194.25298	956.17273
194.78528	956.55334
195.31758	957.67133
195.84987	964.88025
196.38217	961.50623
196.91447	966.33752
197.44678	960.46533
197.97906	955.76428
198.51137	957.44348
199.04367	958.66443
199.57596	951.91357
200.10826	958.86884
200.64056	959.32153
201.17287	961.82605
201.70515	967.48193
202.23746	968.31158
202.76976	951.35223
203.30206	958.93567
203.83435	958.69897
204.36665	960.34967
204.89896	958.91785
205.43126	953.14404
205.96355	949.5874
206.49585	944.52106
207.02815	948.01251
207.56044	948.19525
208.09274	945.99695
208.62505	946.45825
209.15735	951.55127
209.68964	951.12793
210.22194	938.45636
210.75424	946.13239
211.28654	949.02722
211.81883	949.34015
212.35114	952.13239
212.88344	951.33215
213.41574	941.61432
213.94803	939.1145
214.48033	931.07233
215.01263	932.43805
215.54494	941.02222
216.07722	942.29193
216.60953	937.2204
217.14183	942.54224
217.67412	935.5152
218.20642	929.81036
218.73872	929.05908
219.27103	932.0274
219.80331	936.75641
220.33562	931.26025
220.86792	932.5177
221.40022	937.01727
221.93251	932.57135
222.46481	925.8017
222.99712	930.00781
223.52942	922.81812
224.06171	931.74408
224.59401	933.64557
225.12631	931.82758
225.6586	933.43799
226.1909	937.66443
226.72321	931.94482
227.25551	928.98358
227.7878	924.13696
228.3201	925.6438
228.8524	929.65356
229.3847	930.401
229.91699	926.35828
230.4493	927.62872
230.9816	930.56708
231.5139	932.51233
232.04619	928.15369
232.57849	922.15924
233.11079	921.76093
233.64308	929.60028
234.17538	935.1051
234.70769	929.17859
235.23999	922.58026
235.77228	920.57355
236.30458	922.11566
236.83688	922.09296
237.36919	916.1676
237.90147	922.94519
238.43378	924.16052
238.96608	925.79199
239.49838	928.53284
240.03067	927.90753
240.56297	919.42804
241.09528	921.97076
241.62758	928.42975
242.15987	928.26862
242.69217	926.20465
243.22447	923.68762
243.75676	922.17395
244.28906	929.48041
244.82137	940.09827
245.35367	929.38605
245.88596	922.09723
246.41826	921.42932
246.95056	923.70679
247.48286	925.17023
248.01515	925.17078
248.54745	921.90961
249.07976	925.15533
249.61206	927.68555
250.14435	932.69977
250.67665	934.98364
251.20895	914.21912
251.74124	921.85419
252.27354	918.50281
252.80585	928.43768
253.33815	923.5415
253.87044	910.55853
254.40274	914.93256
254.93504	921.63483
255.46735	914.83313
255.99963	919.3277
256.53195	927.23303
257.06424	925.40552
257.59653	919.24487
258.12885	927.23138
258.66113	919.59216
259.19342	925.62244
259.72574	926.20001
260.25803	923.15753
260.79031	918.02167
261.32263	917.40472
261.85492	933.2326
262.38724	926.42639
262.91953	914.33337
263.45181	920.4054
263.98413	923.47943
264.51642	920.617
265.04871	923.33124
265.58102	926.59674
266.11331	919.80151
266.64563	919.04688
267.17792	916.37476
267.71021	915.0213
268.24252	916.3255
268.77481	917.16278
269.3071	920.56915
269.83942	926.42554
270.3717	921.66565
270.90399	918.95618
271.43631	917.51703
271.9686	915.25854
272.50092	917.15894
273.0332	916.73358
273.56549	927.61908
274.09781	926.59143
274.6301	922.02222
275.16238	921.211
275.6947	924.85779
276.22699	927.58185
276.75931	925.02625
277.2916	917.26245
277.82388	912.61639
278.3562	912.10022
278.88849	916.81171
279.42078	922.68164
279.95309	908.72632
280.48538	912.13641
281.01767	918.74225
281.54999	921.76947
282.08228	921.16962
282.61459	917.70038
283.14688	912.2688
283.67917	912.69568
284.21149	923.4433
284.74377	920.2832
285.27606	918.50769
285.80838	917.09912
286.34067	915.84869
286.87296	921.65631
287.40527	911.8476
287.93756	915.60211
288.46988	921.92175
289.00217	920.93475
289.53445	921.14453
290.06677	927.58368
290.59906	924.59296
291.13135	916.48755
291.66367	923.82642
292.19595	924.65424
292.72827	923.71893
293.26056	924.38605
293.79285	927.13055
294.32516	932.32581
294.85745	913.97406
295.38974	916.97437
295.92206	913.88599
296.45435	916.45166
296.98663	924.47192
297.51895	925.72809
298.05124	918.21368
298.58356	917.78735
299.11584	919.55005
299.64813	917.59448
300.18045	917.0462
300.71274	918.58026
301.24503	918.00311
301.77734	916.76184
302.30963	923.5965
302.84195	917.58875
303.37424	911.03186
303.90652	910.56427
304.43884	914.85071
304.97113	916.9267
305.50342	911.80023
306.03574	914.6908
306.56802	916.98364
307.10031	916.62317
307.63263	913.67896
308.16492	911.00208
308.69724	911.85889
309.22952	912.71423
309.76181	918.99286
310.29413	918.85919
310.82642	915.23889
311.3587	915.74866
311.89102	918.44171
312.42331	912.27625
312.9556	905.00806
313.48792	915.05859
314.0202	923.72406
314.55252	920.28375
315.08481	917.10895
315.6171	921.62177
316.14941	925.09637
316.6817	931.95422
317.21399	922.39471
317.74631	921.93793
318.27859	919.8125
318.81091	918.61487
319.3432	919.38544
319.87549	915.30005
320.40781	915.72931
320.94009	916.15857
321.47238	919.96143
322.0047	916.96436
322.53699	914.89307
323.06927	919.36395
323.60159	923.22345
324.13388	927.07629
324.6662	930.11841
325.19849	920.26874
325.73077	914.18573
326.26309	918.14978
326.79538	923.02338
327.32767	913.90442
327.85999	907.04028
328.39227	911.28247
328.92459	920.08875
329.45688	922.95129
329.98917	920.08392
330.52148	916.25201
331.05377	915.65796
331.58606	922.52588
332.11838	929.39447
332.65067	921.4787
333.18295	918.08185
333.71527	923.82336
334.24756	927.97015
334.77988	918.70325
335.31216	918.27533
335.84445	914.91449
336.37677	919.49017
336.90906	917.32281
337.44135	917.4967
337.97366	923.99786
338.50595	927.46686
339.03824	928.75598
339.57056	927.91888
340.10284	921.02765
340.63516	920.83081
341.16745	923.62744
341.69974	926.92773
342.23206	930.65741
342.76434	921.29767
343.29663	924.73602
343.82895	925.63727
344.36124	924.89459
344.89355	923.15961
345.42584	923.91632
345.95813	927.70062
346.49045	922.31458
347.02274	923.60474
347.55502	928.61865
348.08734	927.55798
348.61963	929.03027
349.15192	930.82959
349.68423	925.84869
350.21652	922.24445
350.74884	930.84576
351.28113	933.69836
351.81342	928.64233
352.34573	925.03925
352.87802	927.75159
353.41031	932.13232
353.94263	927.43597
354.47491	923.13464
355.00723	923.57819
355.53952	925.09277
356.07181	922.9624
356.60413	924.02936
357.13641	930.28833
357.6687	929.75305
358.20102	925.01971
358.73331	924.38062
359.26559	925.9931
359.79791	924.07867
360.3302	925.01904
360.86252	931.11664
361.39481	933.96545
361.92709	928.36945
362.45941	922.34821
362.9917	922.00653
363.52399	924.87671
364.0563	923.09198
364.58859	919.48877
365.12088	923.73169
365.6532	931.25592
366.18549	929.53021
366.7178	921.84283
367.25009	921.7323
367.78238	926.12323
368.3147	930.13239
368.84698	930.13684
369.37927	923.56042
369.91159	927.44647
370.44388	927.41119
370.9762	924.39648
371.50848	926.36334
372.04077	925.90729
372.57309	919.30493
373.10538	919.11249
373.63766	917.38562
374.16998	928.84363
374.70227	919.97943
375.23456	916.73206
375.76688	918.10187
376.29916	917.53326
376.83148	918.27661
377.36377	927.31769
377.89606	929.04303
378.42838	938.802
378.96066	928.64319
379.49295	921.60052
380.02527	923.51086
380.55756	920.6098
381.08987	916.00684
381.62216	928.08545
382.15445	924.26813
382.68677	920.57227
383.21906	924.11005
383.75134	924.21411
384.28366	919.22852
384.81595	928.47662
385.34824	925.4505
385.88055	921.19171
386.41284	918.93982
386.94516	918.04297
387.47745	916.77148
388.00974	916.74567
388.54205	920.17261
389.07434	919.4068
389.60663	925.03064
390.13895	924.70898
390.67123	920.06519
391.20352	917.56189
391.73584	917.14752
392.26813	917.25671
392.80045	922.5127
393.33273	918.61871
393.86502	916.72968
394.39734	911.01459
394.92963	912.03778
395.46191	920.0752
395.99423	925.37152
396.52652	918.75238
397.05884	911.39398
397.59113	922.06207
398.12341	918.76239
398.65573	921.84973
399.18802	921.4563
399.72031	916.35095
400.25262	916.18152
400.78491	919.4826
401.3172	913.85315
401.84952	918.05609
402.38181	919.66345
402.91412	925.02844
403.44641	923.86444
403.9787	915.34576
404.51102	918.51654
405.0433	919.81683
405.57559	923.25177
406.10791	924.56073
406.6402	916.04742
407.17252	913.46545
407.7048	922.31726
408.23709	929.51398
408.76941	919.26428
409.3017	917.96454
409.83398	919.02759
410.3663	918.03418
410.89859	915.25543
411.43088	911.98291
411.9632	912.67157
412.49548	921.28223
413.0278	924.32379
413.56009	926.49951
414.09238	924.30365
414.62469	915.9165
415.15698	913.85992
415.68927	918.677
416.22159	919.96021
416.75388	914.88391
417.28616	921.83856
417.81848	923.15698
418.35077	919.32849
418.88309	924.62628
419.41537	928.41248
419.94766	923.61359
420.47998	921.29352
421.01227	926.67242
421.54456	914.95624
422.07687	915.60669
422.60916	920.99908
423.14148	923.37195
423.67377	920.72217
424.20605	919.23016
424.73837	927.54871
425.27066	929.28571
425.80295	913.97095
426.33527	917.51849
426.86755	922.35864
427.39984	922.76563
427.93216	923.06055
428.46445	925.26111
428.99677	917.81879
429.52905	916.9491
430.06134	918.83173
430.59366	922.97516
431.12595	921.71588
431.65823	920.44806
432.19055	919.0282
432.72284	908.77173
433.25516	911.42157
433.78745	920.99963
434.31973	924.97742
434.85205	918.80121
435.38434	915.82666
435.91663	916.48688
436.44894	914.76105
436.98123	914.42242
437.51352	914.8576
438.04584	909.02008
438.57813	905.75336
439.11044	913.25153
439.64273	917.58539
440.17502	915.53729
440.70734	915.21313
441.23962	912.31909
441.77191	911.4483
442.30423	908.97235
442.83652	922.87219
443.3688	919.26447
443.90112	911.41943
444.43341	912.88232
444.96573	914.70392
445.49802	923.91821
446.0303	910.4339
446.56262	915.44324
447.09491	916.74176
447.6272	919.9931
448.15952	919.32001
448.6918	916.38696
449.22412	925.53589
449.75641	919.88336
450.2887	916.83154
450.82101	916.01636
451.3533	909.40228
451.88559	910.29144
452.41791	914.66608
452.9502	914.68262
453.48248	918.30267
454.0148	913.5047
454.54709	913.81915
455.07941	913.89374
455.61169	916.58179
456.14398	916.05042
456.6763	914.9278
457.20859	917.25629
457.74088	915.02563
458.27319	916.33539
458.80548	916.39777
459.3378	918.86945
459.87009	924.53546
460.40237	926.99432
460.93469	925.57446
461.46698	924.80127
461.99927	923.82648
462.53159	916.84167
463.06387	915.17493
463.59616	921.12689
464.12848	924.18597
464.66077	923.08948
465.19308	918.75555
465.72537	914.38635
466.25766	920.99396
466.78998	922.3075
467.32227	924.02264
467.85455	921.6817
468.38687	920.13049
468.91916	919.90869
469.45145	920.51587
469.98376	921.28491
470.51605	918.51514
471.04837	920.26355
471.58066	913.2088
472.11295	916.13251
472.64526	919.23694
473.17755	917.15387
473.70984	914.75787
474.24216	918.00098
474.77444	918.14453
475.30676	913.33636
475.83905	916.90527
476.37134	913.88348
476.90366	914.10828
477.43594	915.2832
477.96823	913.823
478.50055	914.1452
479.03284	922.29736
479.56512	920.11115
480.09744	921.52051
480.62973	920.57117
481.16205	921.57147
481.69434	925.90167
482.22662	926.00134
482.75894	918.51624
483.29123	925.87042
483.82352	924.99609
484.35583	925.328
484.88812	923.72369
485.42044	923.7605
485.95273	924.42706
486.48502	923.0387
487.01733	919.55951
487.54962	917.86737
488.08191	916.99261
488.61423	910.82599
489.14651	920.83405
489.6788	920.258
490.21112	916.15356
490.74341	918.03491
491.27573	920.94116
491.80801	918.41528
492.3403	912.28534
492.87262	916.89813
493.40491	922.16455
493.93719	921.02832
494.46951	913.66504
495.0018	913.15106
495.53409	924.43732
496.06641	924.03363
496.59869	920.0835
497.13101	912.75018
497.6633	919.74634
498.19559	924.43976
498.72791	923.05103
499.26019	918.84204
499.79248	917.10333
500.3248	921.82703
500.85709	928.85394
501.3894	922.0058
501.92169	920.94415
502.45398	924.36591
502.9863	921.69031
503.51859	917.13544
504.05087	917.31781
504.58319	917.62714
505.11548	921.98645
505.64777	924.62317
506.18008	927.64539
506.71237	918.71088
507.24469	918.73083
507.77698	924.67151
508.30927	922.74078
508.84158	914.91827
509.37387	922.49445
509.90616	923.3739
510.43848	917.85138
510.97076	919.85132
511.50308	923.13062
512.03534	924.89301
512.56769	923.07605
513.09998	919.13647
513.63226	923.65234
514.16455	920.13525
514.69684	921.62817
515.22919	925.8891
515.76147	924.19061
516.29376	921.24878
516.82605	920.28345
517.35834	922.87799
517.89063	930.76306
518.42297	917.56702
518.95526	927.06494
519.48755	917.5462
520.01984	919.97632
520.55212	922.95135
521.08447	920.10669
521.61676	918.38141
522.14905	922.68945
522.68134	918.6087
523.21362	922.13049
523.74591	924.06
524.27826	926.4978
524.81055	923.01355
525.34283	922.31219
525.87512	921.98871
526.40741	912.66876
526.93976	911.21338
527.47205	930.14819
528.00433	912.44043
528.53662	914.40704
529.06891	919.50305
529.60126	918.55341
530.13354	915.84222
530.66583	918.96582
531.19812	925.42358
531.73041	918.41364
532.2627	914.00909
532.79504	925.48584
533.32733	924.7063
533.85962	923.55682
534.39191	920.90594
534.92419	917.64221
535.45654	920.83282
535.98883	917.94757
536.52112	917.50659
537.05341	926.62738
537.58569	919.21429
538.11798	918.75958
538.65033	920.2666
539.18262	918.04224
539.7149	916.94617
540.24719	921.61078
540.77948	922.4754
541.31183	921.15039
541.84412	921.76013
542.3764	920.01904
542.90869	914.94629
543.44098	917.81641
543.97327	925.42157
544.50562	922.89624
545.0379	921.74005
545.57019	912.47772
546.10248	919.53113
546.63477	923.15771
547.16711	924.29529
547.6994	922.54083
548.23169	920.67999
548.76398	920.10315
549.29626	918.60547
549.82855	925.38861
550.3609	920.96716
550.89319	919.7066
551.42548	924.21228
551.95776	925.66193
552.49005	921.24078
553.0224	917.96698
553.55469	922.67633
554.08698	928.29285
554.61926	921.65765
555.15155	916.3277
555.6839	912.51453
556.21619	916.55774
556.74847	928.03247
557.28076	926.37622
557.81305	910.29419
558.34534	908.47345
558.87769	920.86548
559.40997	926.62054
559.94226	915.44275
560.47455	919.75098
561.00684	917.15601
561.53918	914.94873
562.07147	918.51984
562.60376	921.63287
563.13605	920.37372
563.66833	919.68347
564.20062	927.21228
564.73297	924.84497
565.26526	932.81995
565.79755	929.12653
566.32983	923.68744
566.86212	920.32477
567.39447	914.44678
567.92676	922.69415
568.45905	920.03625
568.99133	921.77484
569.52362	924.69586
570.05591	922.25964
570.58826	919.17346
571.12054	915.68591
571.65283	915.31372
572.18512	921.81525
572.71741	922.93713
573.24976	922.05121
573.78204	925.01868
574.31433	918.4646
574.84662	915.07849
575.37891	917.10425
575.91119	920.32965
576.44354	920.51062
576.97583	919.08411
577.50812	923.89893
578.04041	922.12579
578.57269	930.39862
579.10504	917.51349
579.63733	912.94788
580.16962	918.28174
580.7019	926.90393
581.23419	930.14545
581.76654	922.93494
582.29883	925.20337
582.83112	928.31573
583.3634	928.53192
583.89569	923.18207
584.42798	919.53088
584.96033	919.51245
585.49261	922.23511
586.0249	922.24561
586.55719	915.83826
587.08948	923.22052
587.62183	927.22412
588.15411	918.12372
588.6864	919.21674
589.21869	925.30249
589.75098	926.60181
590.28326	923.60858
590.81561	921.77911
591.3479	921.94354
591.88019	927.11823
592.41248	928.89526
592.94476	925.7757
593.47711	925.74817
594.0094	925.44849
594.54169	927.22211
595.07397	928.7995
595.60626	924.79956
596.13855	918.40955
596.6709	926.10651
597.20319	927.44257
597.73547	924.27002
598.26776	919.64575
598.80005	917.74908
599.3324	919.74811
599.86469	922.99597
600.39697	922.27234
600.92926	917.87256
601.46155	927.69397
601.99384	930.367
602.52618	933.03522
603.05847	921.34491
603.59076	925.38574
604.12305	930.30554
604.65533	932.08478
605.18768	929.76044
605.71997	916.26788
606.25226	929.61725
606.78455	930.50909
607.31683	925.08716
607.84918	922.59296
608.38147	924.86731
608.91376	923.72961
609.44604	923.49017
609.97833	926.17072
610.51062	922.46417
611.04297	915.67847
611.57526	917.0166
612.10754	921.36951
612.63983	922.43994
613.17212	922.88586
613.70447	923.86682
614.23676	922.85834
614.76904	921.99994
615.30133	925.59326
615.83362	927.92603
616.36591	931.04291
616.89825	925.75696
617.43054	928.95538
617.96283	923.03802
618.49512	922.94153
619.0274	925.57025
619.55975	924.70404
620.09204	923.19086
620.62433	923.3125
621.15662	921.72003
621.6889	919.49854
622.22119	927.85028
622.75354	932.08661
623.28583	921.65692
623.81812	920.88196
624.3504	929.24109
624.88269	929.39154
625.41504	924.70862
625.94733	925.72217
626.47961	923.3324
627.0119	924.0636
627.54419	925.63049
628.07648	925.91223
628.60883	926.15472
629.14111	922.99103
629.6734	920.67157
630.20569	927.29419
630.73798	930.77679
631.27032	926.51733
631.80261	924.47595
632.3349	919.78497
632.86719	920.44867
633.39948	923.94806
633.93182	922.63574
634.46411	920.88544
634.9964	924.87946
635.52869	924.64911
636.06097	917.71332
636.59326	921.90295
637.12561	927.82471
637.6579	922.20514
638.19019	922.02716
638.72247	921.27252
639.25476	920.98907
639.78711	925.24377
640.3194	923.29218
640.85168	921.49066
641.38397	920.89935
641.91626	923.95337
642.44855	928.00928
642.9809	925.58807
643.51318	921.3269
644.04547	918.26526
644.57776	918.26086
645.11005	921.4024
645.6424	921.04639
646.17468	917.84521
646.70697	922.20276
647.23926	923.46783
647.77155	926.5426
648.30383	921.6662
648.83618	924.07983
649.36847	928.5542
649.90076	928.91833
650.43304	924.8634
650.96533	920.61511
651.49768	922.53015
652.02997	922.21155
652.56226	922.78369
653.09454	923.39154
653.62683	921.45038
654.15912	921.48773
654.69147	919.81433
655.22375	921.81512
655.75604	923.02081
656.28833	924.43842
656.82062	922.60785
657.35297	922.05682
657.88525	923.31769
658.41754	921.19891
658.94983	922.42816
659.48212	930.06677
660.01447	925.00995
660.54675	923.13434
661.07904	924.46783
661.61133	925.50024
662.14362	923.74548
662.6759	924.05157
663.20825	925.26862
663.74054	929.47601
664.27283	924.22754
664.80511	926.01917
665.3374	931.58191
665.86975	931.46558
666.40204	929.11584
666.93433	928.59442
667.46661	933.6712
667.9989	946.48859
668.53119	954.97998
669.06354	944.47742
669.59583	950.66577
670.12811	943.2002
670.6604	937.73053
671.19269	940.60321
671.72504	939.77612
672.25732	928.86517
672.78961	917.84143
673.3219	924.40234
673.85419	922.49915
674.38647	913.38861
674.91882	923.83856
675.45111	923.04193
675.9834	920.90393
676.51569	919.1604
677.04797	918.10309
677.58032	922.26611
678.11261	919.94537
678.6449	911.46796
679.17719	919.24152
679.70947	921.8949
680.24176	919.53101
680.77411	919.97357
681.3064	917.01746
681.83868	910.20844
682.37097	911.79749
682.90326	919.35938
683.43561	918.93475
683.9679	917.63849
684.50018	920.90332
685.03247	921.9892
685.56476	913.82599
686.09711	914.23865
686.62939	922.23938
687.16168	916.6106
687.69397	907.86639
688.22626	922.13147
688.75854	928.83832
689.29089	924.15997
689.82318	917.93042
690.35547	911.70544
690.88776	912.1842
691.42004	916.94733
691.95239	917.52448
692.48468	917.13519
693.01697	928.75891
693.54926	927.44202
694.08154	921.65369
694.61383	921.07037
695.14618	919.29688
695.67847	916.19202
696.21075	913.85321
696.74304	914.46362
697.27533	921.15167
697.80768	933.38269
698.33997	916.8963
698.87225	912.65436
699.40454	926.45447
699.93683	922.73315
700.46912	917.33325
701.00146	917.32446
701.53375	919.49597
702.06604	921.61914
702.59833	913.48578
703.13062	911.72119
703.66296	918.77753
704.19525	922.07117
704.72754	917.73834
705.25983	914.15778
705.79211	917.41479
706.3244	918.64099
706.85675	914.16406
707.38904	921.77924
707.92133	924.38788
708.45361	924.40881
708.9859	919.5166
709.51825	916.66669
710.05054	915.36389
710.58282	917.49719
711.11511	922.77991
711.6474	927.1792
712.17975	924.33655
712.71204	910.70935
713.24432	917.87958
713.77661	909.43427
714.3089	917.28705
714.84119	921.80011
715.37354	923.50732
715.90582	923.75549
716.43811	921.34912
716.9704	919.04071
717.50269	922.67786
718.03503	918.99371
718.56732	926.16754
719.09961	913.36182
719.6319	914.25677
720.16418	915.26245
720.69647	919.15948
721.22882	922.81378
721.76111	920.02832
722.2934	916.49017
722.82568	920.47296
723.35797	915.11536
723.89032	918.95776
724.42261	923.00574
724.9549	930.39508
725.48718	924.29425
726.01947	922.14069
726.55176	925.63409
727.08411	918.87903
727.61639	911.79498
728.14868	909.76898
728.68097	911.58362
729.21326	920.09528
729.74561	923.57648
730.27789	922.69312
730.81018	918.36664
731.34247	921.01056
731.87476	925.16687
732.40704	917.13373
732.93939	915.91895
733.47168	912.43695
734.00397	916.49585
734.53625	921.35095
735.06854	927.35638
735.60089	921.40356
736.13318	921.19727
736.66547	926.32019
737.19775	923.86261
737.73004	918.55847
738.26239	919.20966
738.79468	925.96399
739.32697	921.28314
739.85925	911.31195
740.39154	919.47034
740.92383	916.65558
741.45618	916.36249
741.98846	925.12769
742.52075	927.51038
743.05304	921.04785
743.58533	912.84662
744.11768	920.9519
744.64996	927.34064
745.18225	923.05219
745.71454	920.71661
746.24683	921.22357
746.77911	923.72308
747.31146	924.00464
747.84375	919.95648
748.37604	917.58746
748.90833	912.77869
749.44061	918.19202
749.97296	921.91693
750.50525	921.44293
751.03754	923.97986
751.56982	920.98529
752.10211	916.68073
752.6344	919.89655
753.16675	927.5249
753.69904	927.36145
754.23132	919.43768
754.76361	924.85425
755.2959	921.89972
755.82825	929.01715
756.36053	933.38464
756.89282	924.9079
757.42511	917.92377
757.9574	919.18457
758.48969	919.34625
759.02203	921.51318
759.55432	924.95026
760.08661	913.72559
760.6189	920.06897
761.15118	925.89716
761.68353	918.89056
762.21582	919.13379
762.74811	919.3772
763.2804	914.4007
763.81268	916.4043
764.34503	921.5163
764.87732	927.04321
765.40961	925.26367
765.94189	921.79517
766.47418	928.24927
767.00647	926.84558
767.53882	919.00372
768.07111	917.59967
768.60339	922.81415
769.13568	923.66833
769.66797	920.5379
770.20032	921.32391
770.7326	912.31952
771.26489	925.97198
771.79718	928.39618
772.32947	923.48206
772.86176	925.97815
773.3941	932.26801
773.92639	928.0863
774.45868	917.58698
774.99097	922.60571
775.52325	925.33801
776.0556	922.64984
776.58789	922.14807
777.12018	922.88049
777.65247	924.14172
778.18475	920.87927
778.71704	922.51404
779.24939	926.22528
779.78168	923.84723
780.31396	920.68317
780.84625	916.98999
781.37854	924.23859
781.91089	923.8446
782.44318	927.01752
782.97546	929.59631
783.50775	923.37634
784.04004	919.64166
784.57233	920.81152
785.10468	923.47821
785.63696	927.39148
786.16925	925.39899
786.70154	924.9137
787.23383	922.67889
787.76617	919.60687
788.29846	920.88757
788.83075	920.28448
789.36304	927.19928
789.89532	932.26263
790.42767	927.4563
790.95996	922.54535
791.49225	923.02209
792.02454	912.29443
792.55682	920.90802
793.08911	925.59552
793.62146	927.80768
794.15375	932.01685
794.68604	929.70276
795.21832	923.8797
795.75061	921.03387
796.28296	925.99164
796.81525	935.55341
797.34753	929.14789
797.87982	919.03058
798.41211	926.27777
798.9444	926.55121
799.47675	928.30084
800.00903	928.68793
800.54132	929.0625
801.07361	922.23865
801.6059	916.20062
802.13824	924.24304
802.67053	929.97247
803.20282	926.75836
803.73511	928.59033
804.2674	921.66632
804.79968	922.6452
805.33203	920.46527
805.86432	925.75323
806.39661	932.2486
806.92889	932.25446
807.46118	929.60669
807.99353	930.74963
808.52582	930.81311
809.05811	920.01349
809.59039	925.01801
810.12268	930.86261
810.65497	931.17554
811.18732	931.26929
811.7196	926.14325
812.25189	926.89087
812.78418	931.57159
813.31647	928.2063
813.84882	923.73395
814.3811	924.52191
814.91339	924.08948
815.44568	925.92627
815.97797	933.4649
816.51031	930.10083
817.0426	924.7168
817.57489	924.03168
818.10718	925.4361
818.63947	928.19183
819.17175	931.46722
819.7041	927.7774
820.23639	927.14954
820.76868	918.98999
821.30096	929.49835
821.83325	925.29321
822.3656	921.4176
822.89789	923.7688
823.43018	926.7027
823.96246	924.23779
824.49475	921.64648
825.02704	923.89008
825.55939	922.70502
826.09167	934.63275
826.62396	928.75415
827.15625	920.68463
827.68854	918.80542
828.22089	930.05792
828.75317	929.40656
829.28546	924.6308
829.81775	928.70691
830.35004	935.36737
830.88232	932.69818
831.41467	926.89343
831.94696	930.75818
832.47925	930.77899
833.01154	933.85846
833.54382	924.54126
834.07617	930.83875
834.60846	933.66046
835.14075	936.96808
835.67303	936.49408
836.20532	933.05939
836.73761	935.93524
837.26996	927.37494
837.80225	923.98804
838.33453	924.00897
838.86682	935.44354
839.39911	929.56122
839.93146	926.17633
840.46375	924.07294
840.99603	926.22516
841.52832	924.63403
842.06061	924.06921
842.59296	936.297
843.12524	939.19733
843.65753	929.02997
844.18982	933.151
844.72211	928.35565
845.25439	934.99152
845.78674	928.61279
846.31903	926.25757
846.85132	930.05188
847.38361	930.19281
847.91589	927.59625
848.44824	928.10498
848.98053	925.74835
849.51282	924.90289
850.0451	924.46906
850.57739	932.69299
851.10968	933.099
851.64203	937.07416
852.17432	935.96497
852.7066	937.08765
853.23889	934.63171
853.77118	928.47302
854.30353	930.14923
854.83582	937.22314
855.3681	931.44397
855.90039	929.94659
856.43268	937.72101
856.96497	936.53314
857.49731	930.5163
858.0296	933.8703
858.56189	937.18951
859.09418	936.31439
859.62646	934.01508
860.15881	931.07062
860.6911	927.74548
861.22339	928.83185
861.75568	928.7511
862.28796	933.33563
862.82025	936.1405
863.3526	930.46924
863.88489	932.59863
864.41718	940.9726
864.94946	942.87866
865.48175	937.87646
866.0141	931.87537
866.54639	928.68341
867.07867	930.92377
867.61096	933.82935
868.14325	930.91321
868.6756	920.43103
869.20789	930.77081
869.74017	936.9408
870.27246	938.60223
870.80475	944.70911
871.33704	940.2002
871.86938	930.98615
872.40167	929.84674
872.93396	930.8587
873.46625	933.07275
873.99854	928.94794
874.53088	929.42578
875.06317	937.14282
875.59546	929.78247
876.12775	939.01056
876.66003	933.92548
877.19232	929.59821
877.72467	934.60162
878.25696	936.81982
878.78925	932.75159
879.32153	931.33844
879.85382	926.10004
880.38617	931.89313
880.91846	927.34131
881.45074	936.90985
881.98303	934.22919
882.51532	941.80963
883.04761	939.28192
883.57996	937.69434
884.11224	942.52771
884.64453	942.19421
885.17682	933.30536
885.70911	931.68506
886.24146	942.9657
886.77374	933.00879
887.30603	935.32208
887.83832	931.09668
888.37061	946.62836
888.90289	944.66095
889.43524	939.53925
889.96753	939.37524
890.49982	938.29358
891.0321	933.36243
891.56439	932.31073
892.09674	938.31024
892.62903	937.03394
893.16132	950.823
893.6936	942.14465
894.22589	942.57263
894.75824	938.79968
895.29053	937.74554
895.82281	935.59625
896.3551	932.94525
896.88739	929.99341
897.41968	931.17328
897.95203	937.28351
898.48431	938.78204
899.0166	939.58856
899.54889	933.82947
900.08118	932.01776
900.61353	938.08661
901.14581	935.40106
901.6781	946.23108
902.21039	943.46936
902.74268	936.84857
903.27496	936.22363
903.80731	936.62097
904.3396	937.50806
904.87189	944.32898
905.40417	947.12354
905.93646	937.72028
906.46881	938.65808
907.0011	950.75262
907.53339	952.2262
908.06567	947.50116
908.59796	945.76807
909.13025	943.23254
909.6626	936.20514
910.19489	936.4906
910.72717	946.9541
911.25946	949.06757
911.79175	941.32703
912.3241	938.08948
912.85638	934.43915
913.38867	940.43597
913.92096	939.71796
914.45325	937.60077
914.98553	938.37579
915.51788	935.1524
916.05017	938.25586
916.58246	945.55011
917.11475	950.60303
917.64703	951.38391
918.17938	941.34906
918.71167	940.04846
919.24396	939.20453
919.77625	939.68542
920.30853	947.18073
920.84088	940.67798
921.37317	940.20386
921.90546	942.06519
922.43774	942.25397
922.97003	942.54926
923.50232	942.35785
924.03467	940.87427
924.56696	938.85925
925.09924	932.98163
925.63153	936.42975
926.16382	941.95093
926.69617	939.67029
927.22845	946.67468
927.76074	959.49347
928.29303	946.20892
928.82532	943.73511
929.3576	944.96527
929.88995	943.77991
930.42224	943.88062
930.95453	941.3205
931.48682	942.58832
932.0191	956.7724
932.55145	944.47607
933.08374	940.80475
933.61603	950.22754
934.14832	952.0954
934.6806	950.42883
935.21289	939.45587
935.74524	940.82837
936.27753	943.56329
936.80981	942.74463
937.3421	945.68298
937.87439	949.1972
938.40674	949.02667
938.93903	946.70435
939.47131	955.29449
940.0036	951.62036
940.53589	950.18378
941.06818	945.9635
941.60052	951.70935
942.13281	948.79053
942.6651	939.96716
943.19739	946.01776
943.72968	953.13745
944.26202	943.86646
944.79431	939.30243
945.3266	951.70886
945.85889	947.48535
946.39117	945.79956
946.92352	946.74493
947.45581	948.13574
947.9881	947.08667
948.52039	946.83575
949.05267	948.85461
949.58496	950.76172
950.11731	950.88507
950.6496	949.54303
951.18188	949.16473
951.71417	950.74701
952.24646	954.22217
952.77881	962.67328
953.3111	950.87683
953.84338	948.58514
954.37567	954.92853
954.90796	946.84521
955.44025	951.92413
955.9726	951.73889
956.50488	949.43567
957.03717	950.53003
957.56946	951.96265
958.10175	951.71198
958.63409	956.19757
959.16638	963.33569
959.69867	955.35919
960.23096	963.51294
960.76324	960.27435
961.29553	954.27753
961.82788	950.85492
962.36017	948.0271
962.89246	955.92023
963.42474	953.37885
963.95703	957.52942
964.48938	954.18896
965.02167	946.3479
965.55396	950.53674
966.08624	956.1925
966.61853	963.9325
967.15082	964.61664
967.68317	957.58826
968.21545	957.60913
968.74774	950.47241
969.28003	944.72375
969.81232	955.63654
970.34467	959.01825
970.87695	953.90424
971.40924	954.95807
971.94153	954.20819
972.47382	954.30902
973.00616	964.06848
973.53845	965.5827
974.07074	962.48297
974.60303	950.58368
975.13531	952.85608
975.6676	951.48608
976.19995	958.4187
976.73224	953.02515
977.26453	951.46442
977.79681	954.44171
978.3291	966.81781
978.86145	964.80109
979.39374	952.47241
979.92603	948.75244
980.45831	949.38452
980.9906	950.44415
981.52289	952.6062
982.05524	958.26923
982.58752	959.61853
983.11981	950.36066
983.6521	955.3363
984.18439	962.97913
984.71674	968.36377
985.24902	962.30969
985.78131	956.27765
986.3136	952.03882
986.84589	954.54706
987.37817	964.43982
987.91052	967.69525
988.44281	963.2951
988.9751	966.12158
989.50739	962.9281
990.03967	945.66614
990.57202	967.97278
991.10431	962.15063
991.6366	960.63007
992.16888	962.36719
992.70117	964.05432
993.23346	968.39142
993.76581	968.28839
994.2981	962.52356
994.83038	958.09106
995.36267	957.02295
995.89496	960.31635
996.42731	972.29871
996.95959	971.87427
997.49188	963.6709
998.02417	960.43933
998.55646	966.48688
999.08881	962.42303
999.62109	961.34241
1000.1534	958.9967
1000.6857	957.27844
1001.218	953.68024
1001.7502	961.24298
1002.2826	967.16632
1002.8149	960.10992
1003.3472	963.09985
1003.8795	963.73804
1004.4117	970.90851
1004.9441	969.60785
1005.4764	961.69189
1006.0087	970.29565
1006.541	971.53717
1007.0732	960.72333
1007.6055	966.53766
1008.1379	964.40967
1008.6702	967.79156
1009.2025	965.38928
1009.7347	960.20093
1010.267	965.33521
1010.7994	966.62189
1011.3317	959.18665
1011.864	960.28772
1012.3962	967.65057
1012.9285	965.93378
1013.4608	968.29114
1013.9932	968.85333
1014.5255	967.69165
1015.0577	964.03802
1015.59	964.69409
1016.1223	959.87976
1016.6547	962.90515
1017.187	966.56476
1017.7192	967.7984
1018.2515	971.92749
1018.7838	972.45184
1019.3161	972.00574
1019.8484	971.86481
1020.3807	973.0271
1020.913	971.57648
1021.4453	966.45294
1021.9776	959.57806
1022.5099	963.25452
1023.0422	967.27399
1023.5745	968.97046
1024.1068	973.9577
1024.6392	975.43823
1025.1714	966.04486
1025.7037	960.53033
1026.236	968.44965
1026.7683	974.76373
1027.3007	975.21454
1027.8329	977.87164
1028.3652	976.63654
1028.8975	968.6557
1029.4298	974.76025
1029.9622	976.37421
1030.4944	976.96936
1031.0267	967.1618
1031.559	970.02899
1032.0913	977.35529
1032.6237	972.77313
1033.1559	971.6864
1033.6882	975.30463
1034.2205	973.08496
1034.7528	970.1463
1035.2852	969.31012
1035.8174	974.1748
1036.3497	974.69794
1036.882	981.54541
1037.4143	976.41412
1037.9465	986.89587
1038.4789	974.63306
1039.0112	977.5296
1039.5435	975.28528
1040.0758	973.93097
1040.608	973.9519
1041.1404	973.70612
1041.6727	980.28705
1042.205	985.37646
1042.7373	979.31366
1043.2695	978.78998
1043.8019	986.54346
1044.3342	980.38043
1044.8665	986.93939
1045.3988	979.88983
1045.931	990.22382
1046.4634	979.94928
1046.9957	979.53448
1047.528	979.72357
1048.0603	972.31708
1048.5925	977.29944
1049.1249	982.65515
1049.6571	980.97937
1050.1895	980.19421
1050.7218	983.41626
1051.254	985.5423
1051.7864	981.30157
1052.3186	973.35034
1052.851	980.08142
1053.3833	975.68256
1053.9155	984.71173
1054.4479	999.27734
1054.9801	988.41718
1055.5125	986.62341
1056.0448	986.55804
1056.577	998.54803
1057.1094	988.17334
1057.6416	983.40155
1058.174	984.58643
1058.7063	980.65839
1059.2385	984.58344
1059.7709	991.8717
1060.3031	990.26257
1060.8354	1002.6889
1061.3678	996.74176
1061.9	985.58813
1062.4324	989.46179
1062.9646	1013.9013
1063.4969	989.54822
1064.0292	988.97919
1064.5615	993.69659
1065.0939	997.44092
1065.6261	1010.6766
1066.1584	1018.4523
1066.6907	1024.8453
1067.223	1027.3523
1067.7554	1028.1406
1068.2876	1036.1016
1068.8199	1051.4432
1069.3522	1079.0734
1069.8845	1100.8058
1070.4169	1105.8634
1070.9491	1117.8536
1071.4814	1096.2502
1072.0137	1067.1552
1072.546	1055.563
1073.0784	1050.5504
1073.6106	1031.5704
1074.1429	1021.2332
1074.6752	1012.5888
1075.2075	1003.0236
1075.7397	1001.9344
1076.2721	1005.0803
1076.8044	1005.175
1077.3367	1007.5905
1077.869	1006.3859
1078.4012	992.94849
1078.9336	1004.8026
1079.4659	1001.6868
1079.9982	1003.9295
1080.5305	1012.8918
1081.0627	1003.301
1081.5951	999.52136
1082.1274	996.65302
1082.6597	1000.2333
1083.192	995.73962
1083.7242	1000.1157
1084.2566	998.12726
1084.7889	1002.4673
1085.3212	1012.3103
1085.8535	1015.0274
1086.3857	1015.2264
1086.9181	1016.3793
1087.4504	1023.5063
1087.9827	1018.8109
1088.515	1008.7211
1089.0472	1008.5536
1089.5796	1020.8181
1090.1118	1027.9281
1090.6442	1029.7362
1091.1765	1019.6666
1091.7087	1013.64
1092.2411	1017.0676
1092.7733	1025.1825
1093.3057	1035.0597
1093.838	1037.6636
1094.3702	1029.1166
1094.9026	1028.5366
1095.4348	1041.1978
1095.9672	1040.0101
1096.4995	1024.261
1097.0317	1024.2109
1097.5641	1032.9596
1098.0963	1024.1967
1098.6287	1046.7422
1099.161	1047.2363
1099.6932	1039.5071
1100.2256	1031.0841
1100.7578	1039.8086
1101.2902	1039.3528
1101.8224	1043.5282
1102.3547	1041.4471
1102.8871	1055.8877
1103.4193	1065.8118
1103.9517	1055.7415
1104.4839	1052.6981
1105.0162	1063.6309
1105.5486	1072.6735
1106.0808	1081.3014
1106.6132	1073.8821
1107.1454	1061.8916
1107.6777	1086.3334
1108.2101	1078.0403
1108.7423	1095.9944
1109.2747	1118.4965
1109.8069	1111.2345
1110.3392	1121.3235
1110.8716	1126.8226
1111.4038	1125.6528
1111.9362	1128.2637
1112.4684	1133.7682
1113.0007	1146.87
1113.5331	1151.0908
1114.0653	1148.8998
1114.5977	1159.6971
1115.1299	1181.1077
1115.6622	1204.097
1116.1945	1202.3021
1116.7268	1213.722
1117.2592	1205.4268
1117.7914	1220.1447
1118.3237	1234.808
1118.856	1219.1143
1119.3883	1234.3444
1119.9207	1248.5417
1120.4529	1279.7236
1120.9852	1307.1816
1121.5175	1305.6174
1122.0498	1299.308
1122.5822	1301.5389
1123.1144	1312.0696
1123.6467	1339.2098
1124.179	1370.5405
1124.7113	1385.0394
1125.2437	1387.4766
1125.7759	1381.4034
1126.3082	1390.0308
1126.8405	1417.8032
1127.3728	1415.0968
1127.905	1455.8632
1128.4374	1455.4113
1128.9697	1439.6375
1129.502	1453.3085
1130.0343	1473.5856
1130.5665	1476.3289
1131.0989	1490.7494
1131.6312	1515.8481
1132.1635	1504.6425
1132.6958	1492.1304
1133.228	1509.4434
1133.7604	1545.653
1134.2927	1551.1268
1134.825	1533.7185
1135.3573	1541.6775
1135.8895	1526.8467
1136.4219	1542.9523
1136.9542	1578.6879
1137.4865	1564.7074
1138.0188	1568.3715
1138.551	1560.8201
1139.0834	1554.1838
1139.6157	1542.2073
1140.1479	1551.0006
1140.6803	1556.8605
1141.2125	1570.5433
1141.7449	1560.3627
1142.2771	1565.8622
1142.8094	1598.5455
1143.3418	1602.3912
1143.874	1589.5206
1144.4064	1593.6163
1144.9386	1583.6123
1145.4709	1566.4603
1146.0033	1580.1035
1146.5355	1582.7902
1147.0679	1609.5553
1147.6001	1606.9384
1148.1324	1603.5314
1148.6648	1582.0457
1149.197	1578.7358
1149.7294	1618.7765
1150.2616	1610.5353
1150.7939	1604.6299
1151.3263	1593.4375
1151.8585	1600.8899
1152.3909	1590.059
1152.9231	1582.2408
1153.4554	1578.3925
1153.9877	1560.7704
1154.52	1561.4426
1155.0524	1571.7758
1155.5846	1568.3718
1156.1169	1569.8773
1156.6492	1558.2236
1157.1815	1528.2081
1157.7139	1529.3785
1158.2461	1537.8
1158.7784	1524.2638
1159.3107	1499.1514
1159.843	1514.2733
1160.3754	1513.8894
1160.9076	1475.4286
1161.4399	1457.8833
1161.9722	1472.2843
1162.5045	1457.0648
1163.0369	1446.9301
1163.5691	1450.2688
1164.1014	1426.5416
1164.6337	1407.3981
1165.166	1415.208
1165.6984	1436.8071
1166.2306	1426.083
1166.7629	1402.4052
1167.2952	1405.6573
1167.8275	1410.4341
1168.3597	1418.7382
1168.8921	1385.7382
1169.4244	1409.1588
1169.9567	1398.9302
1170.489	1404.7123
1171.0212	1383.876
1171.5536	1405.9346
1172.0859	1391.0474
1172.6182	1389.2823
1173.1505	1396.9935
1173.6827	1396.6532
1174.2151	1409.135
1174.7474	1416.7638
1175.2797	1408.3612
1175.812	1410.8719
1176.3442	1421.5775
1176.8766	1437.1575
1177.4089	1428.1936
1177.9412	1428.6403
1178.4735	1426.5385
1179.0057	1422.9453
1179.5381	1449.1625
1180.0703	1461.5111
1180.6027	1449.7012
1181.135	1461.1569
1181.6672	1455.349
1182.1996	1463.8431
1182.7318	1470.507
1183.2642	1477.9691
1183.7965	1487.6029
1184.3287	1490.8147
1184.8611	1493.0552
1185.3933	1492.431
1185.9257	1498.1648
1186.458	1505.8995
1186.9902	1515.2754
1187.5226	1519.5127
1188.0548	1524.5585
1188.5872	1534.4596
1189.1195	1548.9689
1189.6517	1531.5145
1190.1841	1564.2755
1190.7163	1569.9369
1191.2487	1564.1393
1191.781	1566.0388
1192.3132	1578.7338
1192.8456	1585.134
1193.3778	1617.4342
1193.9102	1613.0378
1194.4424	1621.0903
1194.9747	1635.3872
1195.5071	1621.0665
1196.0393	1635.7994
1196.5717	1648.7745
1197.1039	1646.8899
1197.6362	1667.8938
1198.1686	1668.0713
1198.7008	1670.6371
1199.2332	1668.1527
1199.7654	1664.9838
1200.2977	1676.498
1200.8301	1695.8937
1201.3623	1698.7177
1201.8947	1694.2457
1202.4269	1699.3428
1202.9592	1705.3652
1203.4916	1729.0918
1204.0238	1733.6564
1204.5562	1733.0073
1205.0884	1740.7058
1205.6207	1723.103
1206.153	1734.1122
1206.6853	1724.0168
1207.2177	1747.9199
1207.7499	1758.0176
1208.2822	1758.4525
1208.8145	1738.1492
1209.3468	1746.8987
1209.8792	1728.1775
1210.4114	1740.1246
1210.9437	1773.9323
1211.476	1732.1869
1212.0083	1726.3827
1212.5406	1744.3358
1213.0729	1764.4996
1213.6052	1773.1543
1214.1375	1763.1357
1214.6698	1772.8489
1215.2021	1772.1022
1215.7344	1757.719
1216.2667	1784.2454
1216.799	1776.79
1217.3313	1778.764
1217.8636	1787.4387
1218.3959	1770.0024
1218.9282	1827.9016
1219.4604	1798.2441
1219.9928	1805.8466
1220.525	1782.7891
1221.0574	1805.8254
1221.5897	1785.9812
1222.1219	1832.2585
1222.6543	1844.8896
1223.1865	1828.7731
1223.7189	1845.7415
1224.2512	1854.0038
1224.7834	1842.3552
1225.3158	1837.3391
1225.848	1852.3492
1226.3804	1882.5825
1226.9127	1907.1226
1227.4449	1916.1228
1227.9773	1905.4817
1228.5095	1895.146
1229.0419	1900.1051
1229.5742	1929.9646
1230.1064	1922.8669
1230.6388	1929.5297
1231.171	1974.4562
1231.7034	1987.007
1232.2356	1985.3192
1232.7679	1962.2981
1233.3003	2007.412
1233.8325	2076.6089
1234.3649	2062.26
1234.8971	2050.2456
1235.4294	2053.4355
1235.9618	2070.0181
1236.494	2066.6436
1237.0264	2076.9866
1237.5586	2133.8972
1238.0909	2131.8767
1238.6233	2116.8347
1239.1555	2127.7024
1239.6879	2139.0352
1240.2201	2163.2344
1240.7524	2139.8071
1241.2848	2116.9961
1241.817	2166.0989
1242.3494	2180.2974
1242.8816	2167.1455
1243.4139	2177.0364
1243.9463	2203.0564
1244.4785	2191.1526
1245.0109	2184.5496
1245.5431	2203.2822
1246.0754	2217.3757
1246.6077	2236.6907
1247.14	2242.3474
1247.6724	2247.6177
1248.2046	2277.2473
1248.7369	2296.9614
1249.2692	2311.0835
1249.8015	2339.9629
1250.3339	2341.4424
1250.8661	2378.5786
1251.3984	2385.688
1251.9307	2368.3418
1252.463	2380.1025
1252.9954	2493.9382
1253.5276	2441.4856
1254.0599	2546.4163
1254.5922	2494.6731
1255.1245	2531.7148
1255.6569	2620.0195
1256.1891	2627.6104
1256.7214	2640.8013
1257.2537	2736.7771
1257.786	2728.6699
1258.3182	2735.426
1258.8506	2771.3589
1259.3829	2790.3433
1259.9152	2837.2263
1260.4475	2872.7507
1260.9797	2866.0684
1261.5121	2861.8008
1262.0444	2906.7837
1262.5767	2961.7961
1263.109	2968.823
1263.6412	2998.3579
1264.1736	3017.6399
1264.7059	3007.3794
1265.2382	3006.4473
1265.7705	2977.4207
1266.3027	3014.7324
1266.8351	3048.7478
1267.3674	3070.5002
1267.8997	3038.7632
1268.432	3034.0562
1268.9642	3045.3799
1269.4966	3076.7239
1270.0289	3066.2175
1270.5612	3055.8806
1271.0935	3048.6929
1271.6257	3000.4661
1272.1581	2965.5894
1272.6903	2973.9949
1273.2227	2977.7932
1273.755	2970.1052
1274.2872	2946.8999
1274.8196	2972.6677
1275.3518	2913.2917
1275.8842	2920.6985
1276.4165	2865.2053
1276.9487	2913.5491
1277.4811	2808.3633
1278.0133	2874.8987
1278.5457	2807.5474
1279.078	2807.0288
1279.6102	2836.1091
1280.1426	2793.0845
1280.6748	2771.4844
1281.2072	2740.5508
1281.7395	2700.7913
1282.2717	2658.1775
1282.8041	2652.8784
1283.3363	2650.7026
1283.8687	2639.8894
1284.4009	2616.3411
1284.9332	2571.3254
1285.4656	2559.3311
1285.9978	2564.6321
1286.5302	2530.3726
1287.0624	2505.5264
1287.5947	2424.8625
1288.1271	2410.2341
1288.6593	2420.427
1289.1917	2408.5471
1289.7239	2370.8584
1290.2562	2350.7732
1290.7886	2356.481
1291.3208	2340.7185
1291.8531	2305.0369
1292.3854	2258.4814
1292.9177	2252.3254
1293.4501	2247.1975
1293.9823	2246.4661
1294.5146	2220.5627
1295.0469	2223.8335
1295.5792	2199.8877
1296.1116	2181.6726
1296.6438	2177.2788
1297.1761	2186.2795
1297.7084	2178.9287
1298.2407	2166.9226
1298.7729	2178.8237
1299.3053	2146.1235
1299.8376	2158.6765
1300.3699	2182.9448
1300.9022	2168.0193
1301.4344	2147.8569
1301.9668	2167.7659
1302.4991	2144.8245
1303.0314	2161.4326
1303.5637	2172.6172
1304.0959	2138.457
1304.6283	2148.1284
1305.1606	2144.9458
1305.6929	2109.3948
1306.2252	2159.8198
1306.7574	2148.8005
1307.2898	2171.9927
1307.8221	2207.8398
1308.3544	2167.4395
1308.8867	2152.917
1309.4189	2184.0771
1309.9513	2170.1746
1310.4835	2166.2019
1311.0159	2190.5608
1311.5482	2194.1328
1312.0804	2203.479
1312.6128	2221.1987
1313.145	2215.6165
1313.6774	2200.2664
1314.2097	2216.9319
1314.7419	2229.0608
1315.2743	2218.2966
1315.8065	2199.2861
1316.3389	2241.5164
1316.8712	2192.3027
1317.4034	2237.937
1317.9358	2164.1948
1318.468	2154.1099
1319.0004	2163.7603
1319.5327	2197.3357
1320.0649	2201.2988
1320.5973	2162.4558
1321.1295	2151.7322
1321.6619	2175.627
1322.1942	2130.8518
1322.7264	2135.6938
1323.2588	2142.9788
1323.791	2118.7546
1324.3234	2094.3806
1324.8556	2094.7915
1325.3879	2081.6858
1325.9203	2036.5442
1326.4525	2003.0319
1326.9849	2001.014
1327.5171	2000.6687
1328.0494	1986.5391
1328.5818	1990.8392
1329.114	1957.5857
1329.6464	1952.381
1330.1786	1968.8344
1330.7109	1960.6436
1331.2433	1965.7133
1331.7755	1923.6667
1332.3079	1863.119
1332.8401	1905.9633
1333.3724	1842.2975
1333.9048	1879.5682
1334.437	1855.8406
1334.9694	1852.0544
1335.5016	1847.0817
1336.0339	1851.9434
1336.5662	1828.0322
1337.0985	1832.1256
1337.6309	1828.2417
1338.1631	1815.0559
1338.6954	1835.4181
1339.2277	1838.0942
1339.76	1851.7874
1340.2924	1849.6075
1340.8246	1846.9093
1341.3569	1852.7246
1341.8892	1840.0402
1342.4215	1843.2891
1342.9539	1860.3849
1343.4861	1880.1667
1344.0184	1847.8219
1344.5507	1851.1534
1345.083	1868.496
1345.6154	1862.6606
1346.1476	1864.4801
1346.6799	1881.9832
1347.2122	1866.0637
1347.7445	1867.0729
1348.2769	1893.4988
1348.8091	1885.3021
1349.3414	1906.6783
1349.8737	1956.5913
1350.406	1929.1937
1350.9382	1915.436
1351.4706	1931.975
1352.0029	1935.4532
1352.5352	1945.6498
1353.0675	1957.2864
1353.5997	1942.6575
1354.1321	1967.5514
1354.6644	1975.4353
1355.1967	1967.5049
1355.729	1955.5687
1356.2612	1965.8257
1356.7936	1995.3334
1357.3259	2000.2593
1357.8582	2004.5233
1358.3905	2037.0704
1358.9227	2047.3556
1359.4551	2019.3354
1359.9874	2020.0946
1360.5197	2050.4775
1361.052	2027.2915
1361.5842	2021.3826
1362.1166	2018.3622
1362.6488	2069.3647
1363.1812	2082.7449
1363.7135	2091.3806
1364.2457	2091.2485
1364.7781	2049.1086
1365.3103	2092.3896
1365.8427	2114.2246
1366.375	2083.9072
1366.9072	2081.6812
1367.4396	2037.6506
1367.9718	2056.5144
1368.5042	2042.1996
1369.0365	2113.7146
1369.5687	2047.2009
1370.1011	2057.3936
1370.6333	2086.4304
1371.1656	2094.0156
1371.698	2092.7048
1372.2302	2057.1257
1372.7626	2053.5032
1373.2948	2059.8462
1373.8271	2087.179
1374.3595	2088.7446
1374.8917	2062.1121
1375.4241	2063.772
1375.9563	2052.783
1376.4886	2035.5072
1377.0209	2029.996
1377.5532	2016.0062
1378.0856	2033.9037
1378.6178	2035.8715
1379.1501	2056.2952
1379.6824	2033.6172
1380.2147	2004.0801
1380.7471	1998.4952
1381.2793	1991.3676
1381.8116	2028.4326
1382.3439	2040.6816
1382.8762	2008.0189
1383.4086	2008.4856
1383.9408	1981.9803
1384.4731	1982.4949
1385.0054	1980.1493
1385.5377	1969.4324
1386.0701	1992.4091
1386.6023	1963.7642
1387.1346	1999.5741
1387.6669	1999.4027
1388.1992	1976.3794
1388.7314	1967.2821
1389.2638	1991.6696
1389.7961	1968.5336
1390.3284	1968.6248
1390.8607	1959.7352
1391.3929	1956.2723
1391.9253	1964.9258
1392.4576	1958.8289
1392.9899	1955.2917
1393.5222	1948.7631
1394.0544	1951.2112
1394.5868	1994.2028
1395.1191	2012.7866
1395.6514	1988.2803
1396.1837	1973.6451
1396.7159	1964.2792
1397.2483	1953.9493
1397.7806	1932.3879
1398.3129	1971.0525
1398.8452	1975.8
1399.3774	1951.5759
1399.9098	1959.6583
1400.4421	1964.3972
1400.9744	1946.9392
1401.5067	1948.7939
1402.0389	1982.5164
1402.5713	1945.3951
1403.1035	1988.1182
1403.6359	1962.2899
1404.1682	1980.6702
1404.7004	1958.22
1405.2328	1970.6115
1405.765	1952.7109
1406.2974	1950.7002
1406.8297	1961.3616
1407.3619	1952.6577
1407.8943	1942.7501
1408.4265	1952.7302
1408.9589	1952.0673
1409.4912	1939.298
1410.0234	1958.6099
1410.5558	1964.1597
1411.088	1931.0477
1411.6204	1959.7404
1412.1527	1952.7622
1412.6849	1946.6293
1413.2173	1969.0524
1413.7495	1951.569
1414.2819	1937.748
1414.8141	1951.3717
1415.3464	1933.8508
1415.8788	1933.4602
1416.411	1948.7106
1416.9434	1944.4929
1417.4756	1948.4503
1418.0079	1940.7186
1418.5403	1944.1528
1419.0725	1952.0087
1419.6049	1944.7552
1420.1371	1962.3898
1420.6694	1972.22
1421.2018	1970.5419
1421.734	1950.109
1422.2664	1944.9672
1422.7986	1953.5181
1423.3309	1942.325
1423.8633	1963.0009
1424.3955	1947.015
1424.9279	1911.6455
1425.4601	1899.4746
1425.9924	1933.5403
1426.5248	1924.923
1427.057	1909.2909
1427.5894	1914.2732
1428.1216	1939.2825
1428.6539	1907.6516
1429.1862	1931.6044
1429.7185	1931.9331
1430.2509	1893.6953
1430.7831	1903.84
1431.3154	1919.1248
1431.8477	1892.6697
1432.38	1919.8889
1432.9124	1879.4629
1433.4446	1887.1151
1433.9769	1909.9189
1434.5092	1931.9799
1435.0415	1927.425
1435.5739	1885.4624
1436.1061	1900.1838
1436.6384	1864.4946
1437.1707	1873.3969
1437.703	1874.6255
1438.2354	1867.0491
1438.7676	1869.9154
1439.2999	1887.7551
1439.8322	1906.0156
1440.3645	1907.5706
1440.8967	1886.6326
1441.4291	1867.8248
1441.9614	1880.4987
1442.4937	1878.3817
1443.026	1863.9891
1443.5582	1890.2894
1444.0906	1897.9744
1444.6229	1866.9999
1445.1552	1877.3928
1445.6875	1894.8663
1446.2197	1902.0662
1446.7521	1905.9763
1447.2844	1899.3191
1447.8167	1889.2773
1448.349	1878.8732
1448.8812	1880.2325
1449.4136	1881.9006
1449.9459	1872.3115
1450.4781	1871.4696
1451.0105	1908.0604
1451.5427	1900.5945
1452.0751	1860.0468
1452.6074	1862.897
1453.1396	1884.0396
1453.672	1868.5067
1454.2042	1847.4701
1454.7366	1880.543
1455.2688	1876.1316
1455.8011	1879.5623
1456.3335	1891.1941
1456.8657	1902.5402
1457.3981	1904.1461
1457.9303	1889.2555
1458.4626	1887.3287
1458.995	1865.4484
1459.5272	1861.043
1460.0596	1900.3314
1460.5918	1900.8884
1461.1241	1915.5275
1461.6565	1896.16
1462.1887	1901.5458
1462.7211	1876.9325
1463.2533	1885.8436
1463.7856	1888.7787
1464.318	1878.3508
1464.8502	1900.5809
1465.3826	1898.9397
1465.9148	1877.8103
1466.4471	1868.5729
1466.9794	1902.0176
1467.5117	1912.7076
1468.0441	1897.4858
1468.5763	1887.214
1469.1086	1893.0906
1469.6409	1901.4939
1470.1732	1869.0953
1470.7056	1855.5618
1471.2378	1886.1248
1471.7701	1889.4489
1472.3024	1900.6764
1472.8347	1895.0389
1473.3671	1862.1749
1473.8993	1865.7568
1474.4316	1878.097
1474.9639	1872.5955
1475.4962	1845.3239
1476.0286	1863.0663
1476.5608	1870.1691
1477.0931	1890.8127
1477.6254	1888.7131
1478.1577	1902.5114
1478.6901	1872.0277
1479.2223	1889.624
1479.7546	1886.4835
1480.2869	1858.8798
1480.8192	1876.7164
1481.3514	1847.7469
1481.8838	1858.0946
1482.4161	1892.2419
1482.9484	1855.866
1483.4807	1880.9731
1484.0129	1894.5485
1484.5453	1902.7448
1485.0776	1880.7236
1485.6099	1894.3972
1486.1422	1877.2964
1486.6744	1896.3505
1487.2068	1912.1276
1487.7391	1871.3121
1488.2714	1903.2316
1488.8037	1895.6655
1489.3359	1912.4333
1489.8683	1914.4641
1490.4006	1898.5637
1490.9329	1962.1956
1491.4652	1928.4214
1491.9974	1930.4154
1492.5298	1928.584
1493.062	1921.415
1493.5944	1957.5676
1494.1267	1915.6294
1494.6589	1943.1589
1495.1913	1925.373
1495.7235	1947.6566
1496.2559	1970.9512
1496.7882	1995.8544
1497.3204	1988.9581
1497.8528	1951.3533
1498.385	1952.7158
1498.9174	1955.1583
1499.4497	1999.1257
1499.9819	1991.3743
1500.5143	2001.5046
1501.0465	1984.4148
1501.5789	1983.0735
1502.1112	1991.3142
1502.6434	2030.0648
1503.1758	2025.2531
1503.708	2031.037
1504.2404	2032.3892
1504.7727	2071.2522
1505.3049	2080.8726
1505.8373	2058.1426
1506.3695	2069.801
1506.9019	2078.7444
1507.4341	2098.8889
1507.9664	2096.5718
1508.4988	2102.6477
1509.031	2098.4751
1509.5634	2129.7974
1510.0956	2150.2734
1510.6279	2157.7908
1511.1603	2156.2383
1511.6925	2147.5977
1512.2249	2135.0073
1512.7571	2151.6169
1513.2894	2199.448
1513.8218	2200.1238
1514.354	2218.6436
1514.8864	2201.7896
1515.4186	2156.9343
1515.9509	2197.7009
1516.4833	2211.3914
1517.0155	2202.0874
1517.5479	2234.9294
1518.0801	2233.3838
1518.6124	2216.1157
1519.1447	2211.6182
1519.677	2227.4326
1520.2094	2265.8674
1520.7416	2256.4734
1521.2739	2236.5706
1521.8062	2259.74
1522.3385	2288.0283
1522.8708	2295.2544
1523.4031	2290.1555
1523.9354	2293.325
1524.4677	2312.6689
1525	2312.3691
1525.5323	2301.3733
1526.0646	2309.1223
1526.5969	2319.9072
1527.1292	2323.8606
1527.6615	2332.8843
1528.1938	2363.6233
1528.7261	2367.8357
1529.2584	2363.688
1529.7906	2333.8701
1530.323	2298.4763
1530.8553	2330.812
1531.3876	2371.6777
1531.9199	2355.467
1532.4521	2352.073
1532.9845	2383.0579
1533.5167	2359.1716
1534.0491	2392.5732
1534.5814	2377.7314
1535.1136	2340.719
1535.646	2318.2214
1536.1782	2344.8301
1536.7106	2347.8096
1537.2429	2380.9348
1537.7751	2324.155
1538.3075	2312.3188
1538.8397	2333.9756
1539.3721	2349.3347
1539.9044	2358.1831
1540.4366	2341.8325
1540.969	2357.6609
1541.5012	2377.7751
1542.0336	2384.9663
1542.5659	2342.5083
1543.0981	2361.2683
1543.6305	2343.6755
1544.1627	2382.1301
1544.6951	2340.887
1545.2273	2363.1506
1545.7596	2364.1206
1546.292	2399.0369
1546.8242	2360.5071
1547.3566	2332.5437
1547.8888	2312.7864
1548.4211	2360.5894
1548.9535	2322.2708
1549.4857	2339.863
1550.0181	2365.9507
1550.5503	2337.9153
1551.0826	2332.0652
1551.615	2351.9146
1552.1472	2339.1519
1552.6796	2350.7698
1553.2118	2361.9253
1553.7441	2314.4185
1554.2765	2295.2441
1554.8087	2327.7256
1555.3411	2326.7556
1555.8733	2311.1323
1556.4056	2319.4482
1556.938	2292.5894
1557.4702	2315.6465
1558.0026	2311.5916
1558.5348	2288.9021
1559.0671	2318.7183
1559.5994	2314.241
1560.1317	2289.3821
1560.6641	2331.9373
1561.1963	2351.0244
1561.7286	2265.552
1562.2609	2286.176
1562.7932	2324.8625
1563.3256	2290.9985
1563.8578	2308.2891
1564.3901	2280.1833
1564.9224	2324.6489
1565.4547	2268.7288
1565.9871	2293.6108
1566.5193	2326.2666
1567.0516	2300.7041
1567.5839	2322.7473
1568.1162	2249.021
1568.6486	2280.9495
1569.1808	2296.0283
1569.7131	2271.3701
1570.2454	2330.3064
1570.7777	2259.1169
1571.3099	2279.5557
1571.8423	2327.6355
1572.3746	2296.9814
1572.9069	2292.9172
1573.4392	2266.4092
1573.9714	2228.2083
1574.5038	2298.156
1575.0361	2279.5437
1575.5684	2292.4016
1576.1007	2314.1411
1576.6329	2308.1628
1577.1653	2252.646
1577.6976	2309.0518
1578.2299	2282.8196
1578.7622	2263.2041
1579.2944	2223.449
1579.8268	2237.2085
1580.3591	2186.749
1580.8914	2270.8901
1581.4237	2240.4221
1581.9559	2248.6121
1582.4883	2182.408
1583.0206	2241.4985
1583.5529	2262.7883
1584.0852	2240.6494
1584.6174	2229.0386
1585.1498	2237.6602
1585.682	2258.4333
1586.2144	2250.7185
1586.7467	2227.4048
1587.2789	2201.2585
1587.8113	2245.0513
1588.3435	2220.6692
1588.8759	2218.9143
1589.4082	2248.4836
1589.9404	2184.2349
1590.4728	2200.8193
1591.005	2160.0938
1591.5374	2156.3145
1592.0697	2187.1367
1592.6019	2178.8394
1593.1343	2151.438
1593.6665	2170.0806
1594.1989	2192.8296
1594.7312	2131.9309
1595.2634	2135.4614
1595.7958	2148.5933
1596.328	2147.8289
1596.8604	2109.3264
1597.3926	2111.707
1597.9249	2134.511
1598.4573	2142.676
1598.9895	2093.4182
1599.5219	2083.1768
1600.0541	2088.5403
1600.5864	2032.3298
1601.1188	2056.2275
1601.651	2103.6938
1602.1833	2086.7839
1602.7156	2058.7126
1603.2479	2055.9375
1603.7803	2052.3516
1604.3125	2035.5216
1604.8448	2018.6772
1605.3771	2021.0366
1605.9094	2010.8517
1606.4418	2026.8413
1606.974	2010.4253
1607.5063	2029.3185
1608.0386	1997.6204
1608.5709	2006.9801
1609.1033	1983.7241
1609.6355	1970.5695
1610.1678	1954.6949
1610.7001	1954.5812
1611.2324	1961.5811
1611.7646	1965.3354
1612.297	1939.6129
1612.8293	1935.3309
1613.3616	1923.537
1613.8939	1931.6823
1614.4261	1929.5903
1614.9585	1917.9841
1615.4908	1906.4702
1616.0231	1880.9741
1616.5554	1888.8365
1617.0876	1903.7347
1617.62	1889.2137
1618.1523	1872.0516
1618.6846	1892.3005
1619.2169	1869.2417
1619.7491	1865.0242
1620.2815	1869.8805
1620.8138	1829.8508
1621.3461	1806.9476
1621.8784	1822.4058
1622.4106	1811.11
1622.943	1802.3223
1623.4752	1816.4558
1624.0076	1822.0564
1624.5399	1815.1282
1625.0721	1799.2552
1625.6045	1830.7555
1626.1367	1822.252
1626.6691	1781.5284
1627.2014	1776.0254
1627.7336	1775.8024
1628.266	1757.8702
1628.7982	1763.319
1629.3306	1779.7958
1629.8629	1768.5651
1630.3951	1744.6455
1630.9275	1739.4148
1631.4597	1740.429
1631.9921	1766.724
1632.5244	1751.3947
1633.0566	1735.8096
1633.589	1734.4174
1634.1212	1703.9598
1634.6536	1693.8845
1635.1859	1705.7646
1635.7181	1680.4083
1636.2505	1715.7261
1636.7827	1730.275
1637.3151	1718.7236
1637.8473	1688.7894
1638.3796	1683.4753
1638.912	1685.6049
1639.4442	1694.0316
1639.9766	1683.9672
1640.5088	1686.0613
1641.0411	1678.2273
1641.5735	1656.4606
1642.1057	1652.9688
1642.6381	1643.478
1643.1703	1654.3531
1643.7026	1670.0947
1644.235	1627.6644
1644.7672	1628.9093
1645.2996	1634.6047
1645.8318	1626.7855
1646.3641	1628.4819
1646.8965	1621.8741
1647.4287	1611.6748
1647.9611	1606.6869
1648.4933	1607.1494
1649.0256	1610.3042
1649.5579	1604.4781
1650.0902	1602.2107
1650.6226	1618.4259
1651.1548	1617.7671
1651.6871	1577.7583
1652.2194	1603.6549
1652.7517	1618.8351
1653.2841	1577.9155
1653.8163	1590.9963
1654.3486	1596.9087
1654.8809	1598.2173
1655.4132	1574.6565
1655.9456	1569.9846
1656.4778	1574.2274
1657.0101	1549.7544
1657.5424	1576.3508
1658.0747	1563.0686
1658.6071	1576.1337
1659.1393	1582.9957
1659.6716	1571.2236
1660.2039	1556.8107
1660.7362	1538.2458
1661.2686	1569.1921
1661.8008	1511.2823
1662.3331	1531.2552
1662.8654	1548.1162
1663.3977	1526.3311
1663.9299	1518.512
1664.4623	1531.2904
1664.9946	1529.1019
1665.5269	1529.4203
1666.0592	1504.7854
1666.5914	1522.2235
1667.1238	1493.8137
1667.6561	1504.6637
1668.1884	1487.7146
1668.7207	1490.2435
1669.2529	1513.2727
1669.7853	1510.4319
1670.3176	1482.4987
1670.8499	1488.2813
1671.3822	1482.2693
1671.9144	1471.264
1672.4468	1476.7596
1672.9791	1480.1443
1673.5114	1478.8268
1674.0437	1475.387
1674.5759	1465.2668
1675.1083	1463.8223
1675.6405	1469.0277
1676.1729	1453.5861
1676.7052	1444.1316
1677.2374	1445.3629
1677.7698	1457.6022
1678.302	1458.7172
1678.8344	1448.265
1679.3667	1450.1143
1679.8989	1442.694
1680.4313	1429.2816
1680.9635	1421.0972
1681.4958	1413.1954
1682.0282	1414.8762
1682.5604	1416.5427
1683.0928	1417.6769
1683.625	1407.8584
1684.1573	1401.7723
1684.6897	1405.5972
1685.2219	1405.4056
1685.7543	1407.3346
1686.2865	1389.0194
1686.8188	1392.0337
1687.3512	1398.3324
1687.8834	1388.9139
1688.4158	1375.1559
1688.948	1359.9794
1689.4803	1380.8953
1690.0126	1388.3472
1690.5449	1384.8369
1691.0773	1359.1508
1691.6095	1352.7067
1692.1418	1362.3445
1692.6741	1366.2695
1693.2064	1353.1547
1693.7388	1357.6816
1694.271	1360.6816
1694.8033	1360.0762
1695.3356	1356.4352
1695.8679	1344.6194
1696.4003	1342.7739
1696.9325	1347.6902
1697.4648	1338.4746
1697.9971	1330.754
1698.5294	1318.2726
1699.0618	1327.0403
1699.594	1329.5146
1700.1263	1333.9203
1700.6586	1320.9828
1701.1909	1317.0771
1701.7231	1318.2263
1702.2555	1311.0555
1702.7878	1303.7128
1703.3201	1314.5024
1703.8524	1315.5469
1704.3846	1309.1842
1704.917	1312.2841
1705.4493	1301.6379
1705.9816	1306.5854
1706.5139	1299.3792
1707.0461	1308.7324
1707.5785	1302.0676
1708.1108	1293.1179
1708.6431	1298.8025
1709.1754	1284.6218
1709.7076	1281.8918
1710.24	1291.533
1710.7723	1279.2074
1711.3046	1261.9883
1711.8369	1259.0211
1712.3691	1249.8586
1712.9015	1274.0798
1713.4338	1267.5389
1713.9661	1274.0259
1714.4984	1266.0583
1715.0306	1264.88
1715.563	1235.5986
1716.0952	1263.061
1716.6276	1256.8228
1717.1599	1279.4144
1717.6921	1289.6412
1718.2245	1249.725
1718.7567	1252.5842
1719.2891	1258.1769
1719.8214	1262.8245
1720.3536	1255.4517
1720.886	1275.8884
1721.4182	1263.2931
1721.9506	1249.5739
1722.4829	1233.717
1723.0151	1268.9305
1723.5475	1228.2678
1724.0797	1257.9701
1724.6121	1268.8323
1725.1444	1237.6711
1725.6766	1246.8992
1726.209	1263.8212
1726.7412	1245.6833
1727.2736	1251.2716
1727.8058	1243.0574
1728.3381	1239.8163
1728.8705	1230.1235
1729.4027	1237.4551
1729.9351	1227.9167
1730.4673	1241.5441
1730.9996	1250.6753
1731.532	1231.2644
1732.0642	1223.3479
1732.5966	1215.9064
1733.1288	1225.7136
1733.6611	1254.1973
1734.1935	1239.6
1734.7257	1218.9722
1735.2581	1230.189
1735.7903	1234.2429
1736.3226	1228.2847
1736.855	1232.024
1737.3872	1229.1672
1737.9196	1218.9779
1738.4518	1224.0347
1738.9841	1229.3232
1739.5165	1243.2301
1740.0487	1232.1898
1740.5811	1226.6581
1741.1133	1233.0919
1741.6456	1230.869
1742.1779	1245.2429
1742.7102	1241.5382
1743.2426	1228.6708
1743.7748	1237.504
1744.3071	1229.881
1744.8394	1225.3319
1745.3717	1234.5476
1745.9041	1219.0137
1746.4363	1204.8864
1746.9686	1222.3131
1747.5009	1246.7714
1748.0332	1238.0078
1748.5656	1239.3472
1749.0978	1230.7646
1749.6301	1228.0177
1750.1624	1215.8114
1750.6947	1229.4603
1751.2271	1236.428
1751.7593	1231.644
1752.2916	1213.5214
1752.8239	1233.2948
1753.3562	1231.8318
1753.8884	1217.3534
1754.4208	1220.5986
1754.9531	1211.0316
1755.4854	1225.7074
1756.0177	1215.3911
1756.5499	1231.3713
1757.0823	1245.4885
1757.6146	1230.4904
1758.1469	1212.8286
1758.6792	1229.3242
1759.2114	1224.6672
1759.7438	1246.3135
1760.2761	1236.2186
1760.8083	1206.1449
1761.3407	1236.0916
1761.8729	1222.5553
1762.4053	1223.9119
1762.9376	1216.5983
1763.4698	1240.2827
1764.0022	1211.6106
1764.5344	1222.009
1765.0668	1222.5638
1765.5991	1234.5559
1766.1313	1231.7842
1766.6637	1228.3014
1767.1959	1243.7202
1767.7283	1242.8678
1768.2605	1227.0269
1768.7928	1224.6754
1769.3252	1224.3949
1769.8574	1229.0703
1770.3898	1235.5981
1770.922	1232.9312
1771.4543	1229.444
1771.9867	1237.6527
1772.5189	1255.5341
1773.0513	1253.7524
1773.5835	1244.9783
1774.1158	1241.7317
1774.6482	1237.6091
1775.1804	1239.0327
1775.7128	1239.9365
1776.245	1245.3423
1776.7773	1248.4246
1777.3097	1227.8695
1777.8419	1230.7489
1778.3743	1240.3247
1778.9065	1231.1368
1779.4388	1239.2454
1779.9711	1241.7787
1780.5034	1238.8644
1781.0358	1242.8596
1781.568	1238.0784
1782.1003	1241.2002
1782.6326	1238.3262
1783.1649	1225.6731
1783.6973	1249.4294
1784.2295	1230.2013
1784.7618	1243.004
1785.2941	1257.6927
1785.8264	1227.0132
1786.3588	1270.2427
1786.891	1232.3942
1787.4233	1251.5138
1787.9556	1259.6084
1788.4879	1278.002
1789.0203	1265.5945
1789.5525	1234.7135
1790.0848	1255.0671
1790.6171	1256.8175
1791.1494	1250.6742
1791.6818	1245.8201
1792.214	1234.2426
1792.7463	1259.5009
1793.2786	1257.5709
1793.8109	1267.2325
1794.3431	1252.0361
1794.8755	1250.0059
1795.4078	1253.6764
1795.9401	1267.0436
1796.4724	1253.5474
1797.0046	1269.9418
1797.537	1268.3566
1798.0693	1254.7125
1798.6016	1247.7185
1799.1339	1258.7643
1799.6661	1266.6947
1800.1985	1262.8226
1800.7308	1266.5031
1801.2631	1268.7616
1801.7954	1275.1472
1802.3276	1274.1925
1802.86	1290.5165
1803.3923	1276.7039
1803.9246	1274.6403
1804.4569	1277.2795
1804.9891	1275.6624
1805.5215	1274.5665
1806.0537	1279.1458
1806.5861	1279.2218
1807.1184	1298.7473
1807.6506	1292.6184
1808.183	1295.5552
1808.7152	1283.3401
1809.2476	1294.9252
1809.7799	1283.2336
1810.3121	1296.688
1810.8445	1295.8568
1811.3767	1294.5145
1811.9091	1319.3086
1812.4414	1288.386
1812.9736	1306.7208
1813.506	1301.8522
1814.0382	1315.0808
1814.5706	1310.015
1815.1029	1304.0215
1815.6351	1303.679
1816.1675	1293.5414
1816.6997	1323.7802
1817.2321	1317.0587
1817.7644	1318.1338
1818.2966	1320.7173
1818.829	1313.9215
1819.3612	1302.1968
1819.8936	1308.1278
1820.4258	1328.4161
1820.9581	1327.1616
1821.4905	1325.121
1822.0227	1332.7693
1822.5551	1333.9135
1823.0873	1342.2603
1823.6196	1327.5646
1824.152	1312.7136
1824.6842	1327.3339
1825.2166	1330.0996
1825.7488	1356.1238
1826.2811	1374.4615
1826.8135	1362.103
1827.3457	1360.5585
1827.8781	1362.432
1828.4103	1360.1262
1828.9426	1366.0608
1829.475	1355.7548
1830.0072	1376.7456
1830.5396	1372.578
1831.0718	1380.0436
1831.6041	1392.3065
1832.1364	1384.8434
1832.6687	1381.3295
1833.201	1388.819
1833.7333	1392.8475
1834.2656	1385.1758
1834.7979	1368.9911
1835.3302	1401.2618
1835.8625	1394.5201
1836.3948	1395.3467
1836.9271	1398.0382
1837.4594	1399.4371
1837.9917	1387.2627
1838.524	1397.3043
1839.0563	1402.0504
1839.5886	1397.6415
1840.1208	1398.848
1840.6532	1411.7673
1841.1855	1417.3767
1841.7178	1419.3606
1842.2501	1429.7194
1842.7823	1430.6067
1843.3147	1441.5549
1843.847	1445.5737
1844.3793	1462.0972
1844.9116	1450.5309
1845.4438	1441.3739
1845.9762	1443.8112
1846.5084	1452.6359
1847.0408	1482.5491
1847.5731	1459.6829
1848.1053	1462.8539
1848.6377	1467.6713
1849.1699	1475.359
1849.7023	1498.7124
1850.2346	1488.4966
1850.7668	1479.593
1851.2992	1476.2224
1851.8314	1490.8801
1852.3638	1499.3994
1852.8961	1479.4943
1853.4283	1497.4365
1853.9607	1540.6366
1854.4929	1508.0378
1855.0253	1514.0276
1855.5576	1538.7042
1856.0898	1539.636
1856.6222	1527.0487
1857.1544	1538.1329
1857.6868	1554.7433
1858.219	1547.2858
1858.7513	1556.3896
1859.2837	1548.0903
1859.8159	1571.4432
1860.3483	1596.2842
1860.8805	1596.7264
1861.4128	1601.4092
1861.9452	1591.3909
1862.4774	1634.5422
1863.0098	1623.3805
1863.542	1643.2916
1864.0743	1636.9508
1864.6067	1603.623
1865.1389	1641.6808
1865.6713	1653.9175
1866.2035	1647.3643
1866.7358	1665.3892
1867.2682	1670.0759
1867.8004	1683.2383
1868.3328	1661.3828
1868.865	1662.5193
1869.3973	1692.0167
1869.9297	1688.6476
1870.4619	1709.7877
1870.9943	1698.9761
1871.5265	1734.5271
1872.0588	1757.7363
1872.5911	1753.1189
1873.1234	1739.688
1873.6558	1766.4861
1874.188	1799.6987
1874.7203	1783.7454
1875.2526	1752.8286
1875.7849	1772.6781
1876.3173	1817.1882
1876.8495	1857.0189
1877.3818	1833.5018
1877.9141	1837.0013
1878.4464	1865.9401
1878.9788	1886.514
1879.511	1902.5308
1880.0433	1917.2297
1880.5756	1899.9407
1881.1079	1923.9316
1881.6403	1951.9053
1882.1725	1974.3499
1882.7048	2005.6874
1883.2371	1977.4689
1883.7694	2049.5352
1884.3016	2038.7625
1884.834	2034.0392
1885.3663	2063.6233
1885.8986	2091.0906
1886.4309	2097.7305
1886.9631	2125.2563
1887.4955	2154.2183
1888.0278	2202.1975
1888.5601	2196.042
1889.0924	2194.208
1889.6246	2244.5347
1890.157	2294.6125
1890.6893	2304.5745
1891.2216	2310.3542
1891.7539	2305.4448
1892.2861	2381.7727
1892.8185	2419.0579
1893.3508	2455.0952
1893.8831	2476.1428
1894.4154	2518.2632
1894.9476	2562.2622
1895.48	2598.738
1896.0123	2633.6096
1896.5446	2715.8147
1897.0769	2745.9248
1897.6091	2770.0476
1898.1415	2810.8049
1898.6737	2864.7607
1899.2061	2940.6604
1899.7384	3036.0508
1900.2706	3065.3857
1900.803	3101.2717
1901.3352	3207.4004
1901.8676	3276.322
1902.3999	3312.0581
1902.9321	3389.2239
1903.4645	3494.595
1903.9967	3565.2935
1904.5291	3624.8745
1905.0614	3723.2708
1905.5936	3823.322
1906.126	3885.5845
1906.6582	3990.1406
1907.1906	4077.6692
1907.7229	4238.3945
1908.2551	4432.8848
1908.7875	4446.3003
1909.3197	4566.2451
1909.8521	4637.8936
1910.3843	4923.5654
1910.9166	4870.4077
1911.449	5064.2446
1911.9812	5189.5923
1912.5135	5293.519
1913.0458	5424.0688
1913.5781	5636.4399
1914.1105	5782.0752
1914.6427	5817.7651
1915.175	5958.3545
1915.7073	6114.1895
1916.2396	6236.5322
1916.772	6385.6904
1917.3042	6481.0381
1917.8365	6601.3101
1918.3688	6742.8213
1918.9011	6841.6304
1919.4335	6987.5566
1919.9657	7122.9399
1920.498	7294.146
1921.0303	7444.793
1921.5626	7482.4888
1922.095	7565.4917
1922.6272	7723.2188
1923.1595	7845.856
1923.6918	7929.3198
1924.2241	8051.2651
1924.7563	8123.1362
1925.2887	8197.9326
1925.821	8304.7324
1926.3533	8390.623
1926.8856	8425.7412
1927.4178	8508.8174
1927.9502	8529.3066
1928.4825	8649.1445
1929.0148	8724.0117
1929.5471	8818.293
1930.0793	8842.459
1930.6117	8818.3848
1931.144	8872.709
1931.6763	8936.8945
1932.2086	8978.6963
1932.7408	9005.2783
1933.2732	9065.8965
1933.8055	8995.0313
1934.3378	9047.3555
1934.8701	9079.6719
1935.4023	9098.6084
1935.9347	9135.2979
1936.4669	9125.4629
1936.9993	9087.8008
1937.5316	9208.2715
1938.0638	9135.9736
1938.5962	9133.0527
1939.1284	9123.957
1939.6608	9143.3789
1940.1931	9108.9414
1940.7253	9084.3301
1941.2577	9111.4814
1941.7899	9173.6787
1942.3223	9136.6465
1942.8546	9084.9531
1943.3868	9038.916
1943.9192	8935.3555
1944.4514	8966.0635
1944.9838	8862.4414
1945.5161	8967.0029
1946.0483	8896.6172
1946.5807	8862.6367
1947.1129	8698.8242
1947.6453	8492.5488
1948.1776	8603.4766
1948.7098	8553.8535
1949.2422	8431.4775
1949.7744	8342.9072
1950.3068	8389.584
1950.839	8270.0957
1951.3713	8230.8809
1951.9037	8144.2036
1952.4359	8079.561
1952.9683	8035.2573
1953.5005	8014.3169
1954.0328	7957.1519
1954.5652	7894.7432
1955.0974	7859.6206
1955.6298	7762.5659
1956.162	7751.2188
1956.6943	7659.5332
1957.2267	7734.4653
1957.7589	7733.0054
1958.2913	7602.541
1958.8235	7640.3237
1959.3558	7605.3623
1959.8882	7513.085
1960.4204	7602.7666
1960.9528	7549.3931
1961.485	7527.2412
1962.0173	7530.7749
1962.5496	7591.8125
1963.0819	7549.4907
1963.6143	7586.916
1964.1465	7522.2871
1964.6788	7496.6475
1965.2111	7542.9312
1965.7434	7590.9077
1966.2758	7543.2373
1966.808	7479.3516
1967.3403	7451.6606
1967.8726	7387.5693
1968.4049	7497.0806
1968.9373	7415.229
1969.4695	7267.4893
1970.0018	7399.3984
1970.5341	7361.1436
1971.0664	7272.8481
1971.5988	7299.0659
1972.131	7224.4126
1972.6633	7239.6899
1973.1956	7156.1353
1973.7279	7182.3604
1974.2603	7163.3481
1974.7925	7137.0303
1975.3248	7090.3062
1975.8571	7114.2163
1976.3894	7120.2148
1976.9216	7075.9282
1977.454	7101.3286
1977.9863	7071.0117
1978.5186	7043.2627
1979.0509	7056.4272
1979.5831	7056.0957
1980.1155	6968.5859
1980.6478	6974.6411
1981.1801	7042.625
1981.7124	7000.7861
1982.2446	7094.417
1982.777	7063.812
1983.3093	7106.3755
1983.8416	7166.0454
1984.3739	7215.4683
1984.9061	7255.4985
1985.4385	7256.8354
1985.9708	7234.2549
1986.5031	7316.2744
1987.0354	7316.8291
1987.5676	7340.2324
1988.1	7313.0977
1988.6322	7380.8149
1989.1646	7446.646
1989.6969	7451.6299
1990.2291	7570.6064
1990.7615	7561.2773
1991.2937	7586.8159
1991.826	7623.9834
1992.3584	7542.168
1992.8906	7618.7007
1993.423	7599.2637
1993.9552	7620.2549
1994.4875	7524.7222
1995.0199	7518.1777
1995.5521	7547.2993
1996.0845	7580.8374
1996.6167	7477.3003
1997.149	7514.9307
1997.6814	7475.1108
1998.2136	7357.9043
1998.746	7288.0342
1999.2782	7444.749
1999.8105	7392.0254
2000.3429	7271.7437
2000.8751	7223.605
2001.4075	7183.6279
2001.9397	7103.6338
2002.472	6977.5078
2003.0043	6975.1919
2003.5366	6882.3247
2004.069	6781.8677
2004.6012	6669.9106
2005.1335	6642.333
2005.6658	6481.7559
2006.1981	6399.2246
2006.7305	6325.5933
2007.2627	6256.6685
2007.795	6097.2441
2008.3273	6034.8745
2008.8596	5945.2798
2009.392	5882.9819
2009.9242	5735.0835
2010.4565	5643.9526
2010.9888	5665.7334
2011.5211	5591.9536
2012.0535	5463.1548
2012.5857	5459.3525
2013.118	5413.1709
2013.6503	5327.5059
2014.1826	5298.3003
2014.7148	5331.062
2015.2472	5328.9766
2015.7795	5292.4849
2016.3118	5310.3271
2016.8441	5301.9976
2017.3763	5307.1948
2017.9087	5371.8599
2018.441	5286.728
2018.9733	5253.125
2019.5056	5477.0527
2020.0378	5576.9063
2020.5702	5583.3809
2021.1025	5596.937
2021.6348	5665.8462
2022.1671	5760.5024
2022.6993	5844.1045
2023.2317	5924.1191
2023.764	5968.0879
2024.2963	5958.623
2024.8286	6091.9985
2025.3608	6213.4873
2025.8932	6314.0894
2026.4255	6390.9595
2026.9578	6488.8394
2027.4901	6570.4092
2028.0223	6683.4409
2028.5547	6756.8267
2029.0869	6707.4365
2029.6193	6840.2939
2030.1516	6891.5659
2030.6838	7022.2041
2031.2162	7064.2998
2031.7484	7112.2588
2032.2808	7132.7705
2032.8131	7158.2397
2033.3453	7240.5864
2033.8777	7286.5825
2034.4099	7246.3228
2034.9423	7210.5474
2035.4746	7226.5469
2036.0068	7249.0981
2036.5392	7318.0811
2037.0714	7231.6133
2037.6038	7139.6572
2038.1361	7170.082
2038.6683	7140.1929
2039.2007	7082.6147
2039.7329	7038.5776
2040.2653	7068.7695
2040.7975	7025.9634
2041.3298	6927.0361
2041.8622	6794.7568
2042.3944	6817.9517
2042.9268	6742.729
2043.459	6602.9561
2043.9913	6572.7012
2044.5237	6491.0063
2045.0559	6496.1084
2045.5883	6421.9766
2046.1205	6379.4648
2046.6528	6258.6694
2047.1852	6197.1636
2047.7174	6060.6045
2048.2498	5981.8696
2048.782	5958.5679
2049.3142	5893.9277
2049.8467	5880.2305
2050.3789	5816.5635
2050.9111	5744.6992
2051.4436	5643.8657
2051.9758	5615.875
2052.5081	5579.1196
2053.0405	5518.3545
2053.5728	5473.6997
2054.105	5422.0972
2054.6372	5318.3584
2055.1697	5291.3208
2055.7019	5210.4365
2056.2341	5144.8608
2056.7666	5138.4092
2057.2988	5043.5913
2057.8311	4997.9565
2058.3635	4906.958
2058.8958	4899.1899
2059.428	4897.1421
2059.9602	4847.2676
2060.4927	4768.7163
2061.0249	4740.3931
2061.5571	4706.0942
2062.0896	4601.2739
2062.6218	4700.1426
2063.1541	4624.5151
2063.6863	4547.832
2064.2188	4564.7422
2064.751	4562.3516
2065.2832	4505.5659
2065.8157	4527.7939
2066.3479	4447.6738
2066.8801	4466.0864
2067.4126	4477.6313
2067.9448	4413.6348
2068.4771	4381.5146
2069.0093	4369.4307
2069.5417	4402.3037
2070.074	4387.4585
2070.6062	4391.3086
2071.1387	4349.4058
2071.6709	4300.8169
2072.2031	4317.8037
2072.7356	4288.8984
2073.2678	4271.2554
2073.8	4323.6792
2074.3323	4300.4316
2074.8647	4311.998
2075.397	4270.9458
2075.9292	4298.7842
2076.4617	4238.7993
2076.9939	4277.3726
2077.5261	4233.9028
2078.0583	4232.4595
2078.5908	4153.5635
2079.123	4166.7446
2079.6553	4144.2471
2080.1877	4130.1333
2080.72	4107.9966
2081.2522	4085.8611
2081.7847	4087.2134
2082.3169	4056.887
2082.8491	4062.4216
2083.3813	4072.7185
2083.9138	4074.5317
2084.446	3995.1758
2084.9783	3972.542
2085.5107	3978.2834
2086.043	3969.0427
2086.5752	3983.437
2087.1074	4028.4749
2087.6399	3893.2822
2088.1721	3920.6953
2088.7043	3878.8914
2089.2368	3892.3193
2089.769	3862.5095
2090.3013	3817.7202
2090.8337	3842.4856
2091.366	3847.2263
2091.8982	3831.2087
2092.4304	3852.7437
2092.9629	3793.5015
2093.4951	3834.2588
2094.0273	3827.6257
2094.5598	3776.9404
2095.092	3798.3142
2095.6243	3852.7373
2096.1567	3831.426
2096.689	3785.7559
2097.2212	3828.6404
2097.7534	3845.6531
2098.2859	3836.3921
2098.8181	3836.9336
2099.3503	3861.1157
2099.8828	3832.5906
2100.415	3827.45
2100.9473	3840.084
2101.4795	3853.043
2102.012	3770.7009
2102.5442	3857.6145
2103.0764	3825.1155
2103.6089	3869.7061
2104.1411	3880.6902
2104.6733	3857.3086
2105.2058	3867.2271
2105.738	3908.8811
2106.2703	3899.7554
2106.8025	3843.4138
2107.335	3800.8123
2107.8672	3912.8726
2108.3994	3877.5542
2108.9319	3887.9255
2109.4641	3870.3042
2109.9963	3880.6548
2110.5288	3883.7449
2111.061	3882.9517
2111.5933	3886.304
2112.1255	3810.0142
2112.658	3839.698
2113.1902	3876.468
2113.7224	3897.8691
2114.2549	3916.8992
2114.7871	3850.7087
2115.3193	3880.0759
2115.8516	3889.4177
2116.384	3894.637
2116.9163	3999.7759
2117.4485	3941.5569
2117.981	3942.0737
2118.5132	3972.1711
2119.0454	3977.9924
2119.5779	4011.3333
2120.1101	4027.8853
2120.6423	4015.4707
2121.1746	4064.3291
2121.707	4076.8713
2122.2393	4056.1589
2122.7715	4130.6104
2123.304	4126.2905
2123.8362	4149.9614
2124.3684	4188.6548
2124.9009	4186.23
2125.4331	4201.6787
2125.9653	4225.9741
2126.4976	4307.9917
2127.03	4317.6587
2127.5623	4291.1753
2128.0945	4362.9556
2128.627	4470.6421
2129.1592	4448.897
2129.6914	4452.3975
2130.2236	4533.2158
2130.7561	4599.7178
2131.2883	4560.7075
2131.8206	4583.5493
2132.353	4577.8672
2132.8853	4653.0713
2133.4175	4703.3096
2133.95	4779.6787
2134.4822	4771.1855
2135.0144	4745.9897
2135.5466	4801.3599
2136.0791	4888.9766
2136.6113	4824.3979
2137.1436	4868.603
2137.676	4925.3042
2138.2083	4923.6816
2138.7405	4963.5493
2139.2727	4944.2515
2139.8052	4924.4033
2140.3374	4921.2383
2140.8696	4938.8506
2141.4021	4974.1123
2141.9343	4955.9937
2142.4666	4950.4727
2142.999	4957.4312
2143.5313	4948.3267
2144.0635	4936.9224
2144.5957	4951.9204
2145.1282	4928.6157
2145.6604	4897.5986
2146.1926	4899.1089
2146.7251	4914.2505
2147.2573	4911.5713
2147.7896	4891.2627
2148.322	4864.96
2148.8542	4895.8159
2149.3865	4883.5249
2149.9187	4846.9375
2150.4512	4873.1016
2150.9834	4786.0986
2151.5156	4794.2339
2152.0481	4772.6479
2152.5803	4752.981
2153.1125	4790.6763
2153.6448	4707.6655
2154.1772	4681.0273
2154.7095	4691.7427
2155.2417	4692.3672
2155.7742	4634.2876
2156.3064	4619.813
2156.8386	4578.7471
2157.3711	4605.3286
2157.9033	4571.5029
2158.4355	4559.8906
2158.9678	4553.9531
2159.5002	4517.5518
2160.0325	4473.3931
2160.5647	4477.7051
2161.0972	4519.5146
2161.6294	4403.8643
2162.1616	4434.4097
2162.6941	4464.835
2163.2263	4400.6973
2163.7585	4426.9429
2164.2908	4438.7515
2164.8232	4443.0879
2165.3555	4462.603
2165.8877	4444.7275
2166.4202	4434.4683
2166.9524	4419.6841
2167.4846	4435.123
2168.0168	4419.2437
2168.5493	4415.6279
2169.0815	4390.0063
2169.6138	4442.376
2170.1462	4404.8164
2170.6785	4403.0596
2171.2107	4340.2085
2171.7432	4380.9102
2172.2754	4373.4614
2172.8076	4343.0996
2173.3398	4335.999
2173.8723	4336.6187
2174.4045	4316.6704
2174.9368	4327.0532
2175.4692	4288.8701
2176.0015	4286.3149
2176.5337	4297.5234
2177.0662	4321.9565
2177.5984	4218.0659
2178.1306	4140.104
2178.6628	4196.4551
2179.1953	4194.3926
2179.7275	4148.7754
2180.2598	4083.3076
2180.7922	4044.8105
2181.3245	4054.4209
2181.8567	4072.6006
2182.3889	4011.7793
2182.9214	3973.0562
2183.4536	3942.5261
2183.9858	3922.0598
2184.5183	3887.1008
2185.0505	3909.9407
2185.5828	3882.3684
2186.1152	3843.5254
2186.6475	3856.3367
2187.1797	3844.4988
2187.7119	3837.7029
2188.2444	3798.186
2188.7766	3772.7434
2189.3088	3774.5303
2189.8413	3759.0173
2190.3735	3712.1472
2190.9058	3734.1106
2191.438	3733.8569
2191.9705	3691.7722
2192.5027	3611.0059
2193.0349	3606.7808
2193.5674	3666.6523
2194.0996	3644.5496
2194.6318	3634.3191
2195.1643	3683.0203
2195.6965	3660.1052
2196.2288	3617.0825
2196.761	3604.8281
2197.2935	3575.1646
2197.8257	3571.4197
2198.3579	3590.7241
2198.8904	3605.759
2199.4226	3592.6973
2199.9548	3580.7273
2200.4873	3595.0142
2201.0195	3594.5159
2201.5518	3589.332
2202.084	3601.4443
2202.6165	3593.1384
2203.1487	3544.7375
2203.6809	3584.1599
2204.2134	3545.7415
2204.7456	3674.1721
2205.2778	3541.3206
2205.8101	3607.2856
2206.3425	3608.7483
2206.8748	3556.0381
2207.407	3608.8584
2207.9395	3644.7507
2208.4717	3625.8154
2209.0039	3597.312
2209.5364	3597.5386
2210.0686	3628.6899
2210.6008	3612.2515
2211.1331	3565.9216
2211.6655	3610.5828
2212.1978	3644.8508
2212.73	3615.3052
2213.2625	3659.282
2213.7947	3633.8591
2214.3269	3643.2971
2214.8594	3649.3435
2215.3916	3644.2795
2215.9238	3651.3672
2216.4561	3658.0269
2216.9885	3711.8975
2217.5208	3670.5422
2218.053	3607.2119
2218.5854	3694.3359
2219.1177	3774.0127
2219.6499	3669.0078
2220.1821	3609.3359
2220.7146	3658.5735
2221.2468	3659.9167
2221.7791	3654.877
2222.3115	3676.0837
2222.8438	3697.3328
2223.376	3697.5393
2223.9084	3695.6973
2224.4407	3708.4023
2224.9729	3769.2285
2225.5051	3708.1436
2226.0376	3649.9836
2226.5698	3712.4314
2227.1021	3710.9829
2227.6345	3706.3662
2228.1667	3735.5085
2228.699	3744.3318
2229.2314	3758.9939
2229.7637	3753.7422
2230.2959	3742.8801
2230.8281	3719.1528
2231.3606	3757.189
2231.8928	3806.832
2232.425	3819.2268
2232.9575	3781.6304
2233.4897	3771.4866
2234.022	3785.2405
2234.5542	3771.6299
2235.0867	3731.5923
2235.6189	3798.2156
2236.1511	3841.698
2236.6836	3830.0938
2237.2158	3790.877
2237.748	3846.541
2238.2805	3810.3608
2238.8127	3817.1279
2239.345	3768.606
2239.8772	3821.5566
2240.4097	3825.7212
2240.9419	3855.489
2241.4741	3832.3784
2242.0066	3887.342
2242.5388	3840.8557
2243.071	3827.282
2243.6033	3860.0723
2244.1357	3915.4109
2244.668	3861.0203
2245.2002	3879.1182
2245.7327	3888.1597
2246.2649	3848.9639
2246.7971	3932.2026
2247.3296	3952.4475
2247.8618	3952.5139
2248.394	3920.0991
2248.9263	3931.0608
2249.4587	3973.7424
2249.991	3932.5537
2250.5232	3962.6228
2251.0557	3973.3301
2251.5879	4023.9028
2252.1201	3936.2056
2252.6526	3990.8154
2253.1848	3962.946
2253.717	3988.2966
2254.2493	3990.2368
2254.7817	4014.4133
2255.314	3972.3403
2255.8462	4008.2034
2256.3787	3959.6614
2256.9109	4037.1304
2257.4431	4012.8037
2257.9753	4069.3125
2258.5078	4030.4714
2259.04	4051.6416
2259.5723	4047.4233
2260.1047	4013.3904
2260.637	4047.6877
2261.1692	4074.2585
2261.7017	4127.5244
2262.2339	4131.2222
2262.7661	4155.189
2263.2983	4099.7324
2263.8308	4198.417
2264.363	4177.7354
2264.8953	4150.0044
2265.4277	4204.3408
2265.96	4156.5537
2266.4922	4166.7358
2267.0247	4215.5386
2267.5569	4220.2935
2268.0891	4246.9165
2268.6213	4260.7983
2269.1538	4220.4512
2269.686	4279.0469
2270.2183	4262.6987
2270.7507	4327.5981
2271.283	4279.0127
2271.8152	4329.0811
2272.3474	4359.6704
2272.8799	4311.9087
2273.4121	4322.1704
2273.9443	4326.4199
2274.4768	4367.3843
2275.009	4330.6133
2275.5413	4426.2778
2276.0737	4375.3164
2276.606	4440.4614
2277.1382	4438.9204
2277.6704	4413.5127
2278.2029	4474.6431
2278.7351	4525.6816
2279.2673	4552.5488
2279.7998	4547.292
2280.332	4548.9985
2280.8643	4458.708
2281.3967	4500.4136
2281.929	4544.2983
2282.4612	4597.2744
2282.9934	4537.6055
2283.5259	4569.9336
2284.0581	4569.2627
2284.5903	4630.5303
2285.1228	4612.6509
2285.655	4594.2573
2286.1873	4640.4238
2286.7195	4626.1812
2287.252	4600.1226
2287.7842	4683.5566
2288.3164	4635.5073
2288.8489	4704.4209
2289.3811	4671.2651
2289.9133	4685.1528
2290.4458	4686.4233
2290.978	4689.6768
2291.5103	4721.3877
2292.0425	4722.9785
2292.575	4776.3413
2293.1072	4771.9087
2293.6394	4714.248
2294.1719	4755.666
2294.7041	4738.0107
2295.2363	4742.6885
2295.7686	4744.8394
2296.301	4741.3999
2296.8333	4742.2842
2297.3655	4760.0454
2297.8979	4766.874
2298.4302	4771.9092
2298.9624	4774.9717
2299.4949	4720.8809
2300.0271	4766.4214
2300.5593	4716.6909
2301.0916	4754.5972
2301.624	4751.0503
2302.1563	4775.3872
2302.6885	4696.1919
2303.2209	4683.4795
2303.7532	4723.8564
2304.2854	4685.9141
2304.8179	4708.54
2305.3501	4620.0874
2305.8823	4610.4487
2306.4146	4658.7163
2306.947	4655.0869
2307.4792	4575.6763
2308.0115	4561.4819
2308.5439	4560.9707
2309.0762	4535.0776
2309.6084	4507.6152
2310.1406	4531.0474
2310.6731	4530.5327
2311.2053	4451.896
2311.7375	4477.2324
2312.27	4431.5601
2312.8022	4436.1523
2313.3345	4381.0459
2313.8669	4382.791
2314.3992	4382.0747
2314.9314	4314.8384
2315.4636	4274.9512
2315.9961	4270.8647
2316.5283	4286.9521
2317.0605	4254.4668
2317.593	4230.5415
2318.1252	4211.7983
2318.6575	4210.0581
2319.1899	4142.8433
2319.7222	4128.8188
2320.2544	4078.8628
2320.7866	4081.5969
2321.3191	4098.875
2321.8513	3963.5774
2322.3835	4039.4504
2322.916	4022.8589
2323.4482	4025.3635
2323.9805	3977.2021
2324.5127	3962.2053
2325.0452	3958.1096
2325.5774	3948.1392
2326.1096	3922.9353
2326.6421	3918
2327.1743	3910.5452
2327.7065	3912.7827
2328.239	3902.6646
2328.7712	3807.1428
2329.3035	3788.4609
2329.8357	3756.9702
2330.3682	3798.6714
2330.9004	3775.0354
2331.4326	3747.7893
2331.9651	3719.3467
2332.4973	3739.635
2333.0295	3669.127
2333.562	3700.0493
2334.0942	3674.6838
2334.6265	3657.282
2335.1587	3618.2041
2335.6912	3619.5154
2336.2234	3586.4126
2336.7556	3549.2036
2337.2881	3584.426
2337.8203	3503.2146
2338.3525	3550.2622
2338.8848	3537.812
2339.4172	3464.3667
2339.9495	3479.0706
2340.4817	3476.3159
2341.0142	3475.637
2341.5464	3439.9482
2342.0786	3402.5078
2342.6111	3355.7671
2343.1433	3379.96
2343.6755	3348.3152
2344.2078	3362.0786
2344.7402	3320.7144
2345.2725	3326.0422
2345.8047	3295.9634
2346.3372	3259.3501
2346.8694	3246.4875
2347.4016	3241.2771
2347.9338	3261.03
2348.4663	3258.6394
2348.9985	3240.7371
2349.5308	3204.2087
2350.0632	3255.2605
2350.5955	3118.9326
2351.1277	3150.8665
2351.6602	3144.4155
2352.1924	3082.1228
2352.7246	3098.6672
2353.2568	3102.0239
2353.7893	3048.5969
2354.3215	3072.8599
2354.8538	3035.6929
2355.3862	3014.5066
2355.9185	3022.0266
2356.4507	3014.7954
2356.9832	2999.3052
2357.5154	3044.8562
2358.0476	2970.6824
2358.5798	2949.5244
2359.1123	2963.8987
2359.6445	2927.4133
2360.1768	2962.605
2360.7092	2904.2729
2361.2415	2912.009
2361.7737	2878.3398
2362.3059	2907.2388
2362.8384	2882.7712
2363.3706	2884.5518
2363.9028	2868.752
2364.4353	2802.8862
2364.9675	2842.8579
2365.4998	2809.4968
2366.0322	2786.9146
2366.5645	2829.032
2367.0967	2773.2522
2367.6289	2775.9861
2368.1614	2789.5352
2368.6936	2772.8013
2369.2258	2766.3801
2369.7583	2752.957
2370.2905	2715.011
2370.8228	2742.0833
2371.3552	2705.321
2371.8875	2712.6079
2372.4197	2704.0847
2372.9519	2694.3345
2373.4844	2691.2178
2374.0166	2665.4148
2374.5488	2661.3982
2375.0813	2672.7507
2375.6135	2658.6311
2376.1458	2610.2532
2376.678	2608.3159
2377.2104	2641.6824
2377.7427	2631.8291
2378.2749	2620.0002
2378.8074	2638.4646
2379.3396	2640.7991
2379.8718	2595.7246
2380.4043	2593.5833
2380.9365	2559.3472
2381.4688	2567.1372
2382.001	2565.7024
2382.5334	2516.238
2383.0657	2537.522
2383.5979	2549.6287
2384.1304	2529.3884
2384.6626	2520.2249
2385.1948	2474.4849
2385.7273	2480.7341
2386.2595	2517.7813
2386.7917	2521.1497
2387.324	2507.9463
2387.8564	2492.2188
2388.3887	2482.6331
2388.9209	2479.8455
2389.4534	2482.7405
2389.9856	2516.3994
2390.5178	2471.9861
2391.05	2445.9304
2391.5825	2440.7656
2392.1147	2452.3184
2392.647	2446.3745
2393.1794	2433.0244
2393.7117	2492.1685
2394.2439	2424.9612
2394.7764	2399.0354
2395.3086	2409.0046
2395.8408	2415.9473
2396.373	2405.6465
2396.9055	2426.6228
2397.4377	2405.6206
2397.97	2377.8674
2398.5024	2360.7112
2399.0347	2380.5771
2399.5669	2354.0437
2400.0991	2341.0681
2400.6316	2342.9421
2401.1638	2342.1628
2401.696	2291.2246
2402.2285	2279.1394
2402.7607	2276.71
2403.293	2300.3943
2403.8254	2337.3135
2404.3577	2277.5137
2404.8899	2321.9866
2405.4221	2293.3958
2405.9546	2282.1289
2406.4868	2278.6846
2407.019	2260.937
2407.5515	2236.2195
2408.0837	2254.6521
2408.616	2252.844
2409.1484	2198.9404
2409.6807	2202.1211
2410.2129	2247.637
2410.7451	2231.7886
2411.2776	2231.6016
2411.8098	2159.9949
2412.342	2174.8691
2412.8745	2196.7671
2413.4067	2181.7017
2413.939	2218.2656
2414.4712	2184.4011
2415.0037	2161.0928
2415.5359	2172.1807
2416.0681	2154.5063
2416.6006	2152.8572
2417.1328	2171.9258
2417.665	2155.4492
2418.1975	2143.2188
2418.7297	2157.0603
2419.262	2129.3562
2419.7942	2105.9846
2420.3267	2111.8535
2420.8589	2128.7439
2421.3911	2111.9395
2421.9236	2107.6648
2422.4558	2116.1809
2422.988	2095.8042
2423.5205	2063.1711
2424.0527	2108.718
2424.585	2078.2283
2425.1172	2060.0042
2425.6497	2052.8452
2426.1819	2051.0046
2426.7141	2075.2803
2427.2466	2087.803
2427.7788	2055.2764
2428.311	2036.9261
2428.8433	2037.5934
2429.3757	2019.3333
2429.908	2026.2545
2430.4402	2026.5778
2430.9727	2043.9224
2431.5049	2032.1804
2432.0371	2017.0494
2432.5696	2018.6429
2433.1018	2000.7009
2433.634	2021.155
2434.1663	1978.9994
2434.6987	1968.2336
2435.231	1971.9276
2435.7632	1967.7205
2436.2957	1952.1174
2436.8279	1944.7598
2437.3601	1924.5737
2437.8926	1985.1058
2438.4248	1951.5266
2438.957	1921.2268
2439.4893	1947.7531
2440.0217	1931.0764
2440.554	1914.7394
2441.0862	1892.1713
2441.6187	1900.2527
2442.1509	1929.9991
2442.6831	1902.6227
2443.2153	1877.6217
2443.7478	1853.7594
2444.28	1859.55
2444.8123	1883.6349
2445.3447	1881.5994
2445.877	1884.174
2446.4092	1859.0131
2446.9417	1898.4805
2447.4739	1868.7175
2448.0061	1850.1056
2448.5383	1884.3361
2449.0708	1882.579
2449.603	1880.7839
2450.1353	1872.183
2450.6677	1907.5334
2451.2	1865.668
2451.7322	1887.9291
2452.2644	1897.6036
2452.7969	1908.5251
2453.3291	1893.1685
2453.8613	1876.7296
2454.3938	1904.7118
2454.926	1864.5507
2455.4583	1868.3536
2455.9907	1892.0966
2456.5229	1909.684
2457.0552	1899.6189
2457.5874	1906.3013
2458.1199	1894.6565
2458.6521	1913.1439
2459.1843	1883.4572
2459.7168	1849.007
2460.249	1887.9603
2460.7813	1886.8275
2461.3137	1866.4351
2461.8459	1886.1904
2462.3782	1874.6101
2462.9104	1839.958
2463.4429	1861.5182
2463.9751	1835.8655
2464.5073	1844.1896
2465.0398	1811.1141
2465.572	1845.0885
2466.1042	1809.0281
2466.6365	1815.106
2467.1689	1845.6025
2467.7012	1825.8325
2468.2334	1778.4508
2468.7659	1784.7012
2469.2981	1803.8901
2469.8303	1804.3134
2470.3628	1792.7733
2470.895	1786.0145
2471.4272	1790.0219
2471.9595	1765.9519
2472.4919	1735.4882
2473.0242	1755.7124
2473.5564	1760.9803
2474.0889	1771.035
2474.6211	1757.6302
2475.1533	1761.4124
2475.6858	1764.2875
2476.218	1759.2013
2476.7502	1759.3925
2477.2825	1765.8794
2477.8149	1758.2538
2478.3472	1769.3551
2478.8794	1759.2534
2479.4119	1763.6318
2479.9441	1761.4044
2480.4763	1776.4586
2481.0085	1807.5718
2481.541	1784.0022
2482.0732	1794.0245
2482.6055	1838.2874
2483.1379	1836.1377
2483.6702	1820.8638
2484.2024	1838.0492
2484.7349	1820.3815
2485.2671	1834.4878
2485.7993	1793.772
2486.3315	1841.3207
2486.864	1885.3949
2487.3962	1844.8242
2487.9285	1856.9615
2488.4609	1870.5294
2488.9932	1847.5892
2489.5254	1856.485
2490.0579	1866.3057
2490.5901	1877.8605
2491.1223	1855.6926
2491.6545	1851.9226
2492.187	1851.4093
2492.7192	1875.4138
2493.2515	1891.1986
2493.7839	1899.8521
2494.3162	1868.1262
2494.8484	1883.1133
2495.3806	1883.8745
2495.9131	1922.4172
2496.4453	1893.0383
2496.9775	1900.8717
2497.51	1901.6678
2498.0422	1910.8252
2498.5745	1937.4598
2499.1069	1873.9705
2499.6392	1910.2268
2500.1714	1891.719
2500.7036	1907.3518
2501.2361	1897.6332
2501.7683	1917.2972
2502.3005	1920.3433
2502.833	1874.6005
2503.3652	1882.1332
2503.8975	1896.8264
2504.4297	1908.8226
2504.9622	1890.0258
2505.4944	1877.2928
2506.0266	1871.4205
2506.5591	1873.5935
2507.0913	1846.3202
2507.6235	1843.4476
2508.156	1862.5488
2508.6882	1890.2009
2509.2205	1870.8535
2509.7527	1883.9921
2510.2852	1845.4886
2510.8174	1836.4052
2511.3496	1813.927
2511.8821	1815.2688
2512.4143	1860.4607
2512.9465	1808.6403
2513.479	1803.7177
2514.0112	1814.5922
2514.5435	1815.8335
2515.0757	1825.3718
2515.6082	1808.0513
2516.1404	1802.947
2516.6726	1802.8951
2517.2051	1795.3584
2517.7373	1806.7009
2518.2695	1811.4629
2518.8018	1800.0396
2519.3342	1770.5485
2519.8665	1794.3005
2520.3987	1801.5631
2520.9312	1804.3564
2521.4634	1807.2803
2521.9956	1751.7233
2522.5281	1726.6796
2523.0603	1742.297
2523.5925	1733.9698
2524.1248	1729.0443
2524.6572	1712.6711
2525.1895	1702.4974
2525.7217	1702.1344
2526.2542	1733.3862
2526.7864	1666.6071
2527.3186	1667.7889
2527.8511	1666.9656
2528.3833	1668.5714
2528.9155	1659.8148
2529.4478	1630.7346
2529.9802	1636.9924
2530.5125	1621.824
2531.0447	1629.7203
2531.5771	1625.1559
2532.1094	1581.5679
2532.6416	1591.095
2533.1738	1600.1162
2533.7063	1592.0795
2534.2385	1593.1373
2534.7708	1537.0165
2535.3032	1577.2354
2535.8354	1558.5597
2536.3677	1555.8867
2536.9001	1569.3257
2537.4324	1543.3076
2537.9646	1548.6635
2538.4968	1524.7611
2539.0293	1520.1246
2539.5615	1530.6094
2540.0938	1504.2225
2540.6262	1525.0629
2541.1584	1509.5807
2541.6907	1510.1377
2542.2231	1539.3209
2542.7554	1512.447
2543.2876	1537.097
2543.8198	1538.4879
2544.3523	1506.3413
2544.8845	1493.6265
2545.4167	1500.3885
2545.9492	1491.8452
2546.4814	1507.51
2547.0137	1521.8181
2547.5459	1496.6143
2548.0784	1488.9629
2548.6106	1493.2997
2549.1428	1488.1506
2549.6753	1458.5931
2550.2075	1466.1699
2550.7397	1481.5967
2551.2722	1483.6373
2551.8044	1471.6202
2552.3367	1461.271
2552.8689	1476.1002
2553.4014	1451.9309
2553.9336	1443.8813
2554.4658	1438.5939
2554.9983	1455.6981
2555.5305	1415.8833
2556.0627	1442.9121
2556.595	1421.0122
2557.1274	1421.4302
2557.6597	1446.6794
2558.1919	1428.3921
2558.7244	1419.868
2559.2566	1422.9235
2559.7888	1421.3485
2560.3213	1440.9221
2560.8535	1431.9778
2561.3857	1414.7711
2561.918	1405.806
2562.4504	1423.5099
2562.9827	1413.3539
2563.5149	1422.3754
2564.0474	1409.3647
2564.5796	1405.5903
2565.1118	1405.504
2565.6443	1392.4297
2566.1765	1392.046
2566.7087	1399.6151
2567.241	1402.6658
2567.7734	1388.6874
2568.3057	1399.4144
2568.8379	1389.1019
2569.3704	1407.5482
2569.9026	1404.4497
2570.4348	1384.2461
2570.967	1398.007
2571.4995	1391.165
2572.0317	1388.2686
2572.564	1374.9814
2573.0964	1365.4355
2573.6287	1374.4329
2574.1609	1350.3015
2574.6934	1344.9403
2575.2256	1343.5948
2575.7578	1351.1538
2576.29	1326.801
2576.8225	1327.2434
2577.3547	1330.6835
2577.887	1334.6752
2578.4194	1322.1754
2578.9517	1333.1423
2579.4839	1325.5415
2580.0164	1305.3796
2580.5486	1299.5437
2581.0808	1309.526
2581.613	1319.8284
2582.1455	1302.3896
2582.6777	1291.3517
2583.21	1287.4072
2583.7424	1292.4872
2584.2747	1286.5559
2584.8069	1275.3485
2585.3391	1281.2629
2585.8716	1270.9664
2586.4038	1277.2424
2586.936	1265.0376
2587.4685	1264.4697
2588.0007	1271.4246
2588.533	1262.7784
2589.0654	1265.5457
2589.5977	1269.0785
2590.1299	1245.8921
2590.6621	1253.3411
2591.1946	1263.4299
2591.7268	1262.6222
2592.259	1257.2882
2592.7915	1247.5657
2593.3237	1251.2328
2593.856	1237.0979
2594.3884	1232.2692
2594.9207	1235.4436
2595.4529	1244.8165
2595.9851	1239.7998
2596.5176	1238.7035
2597.0498	1231.2502
2597.582	1232.7726
2598.1145	1238.3629
2598.6467	1230.8447
2599.179	1225.8016
2599.7112	1219.5535
2600.2437	1223.2103
2600.7759	1227.4232
2601.3081	1223.1787
2601.8406	1210.577
2602.3728	1198.9803
2602.905	1201.292
2603.4375	1216.5168
2603.9697	1198.5361
2604.502	1202.1906
2605.0342	1202.0746
2605.5667	1202.2397
2606.0989	1193.9595
2606.6311	1207.6097
2607.1636	1189.0388
2607.6958	1200.2467
2608.228	1197.639
2608.7603	1193.4684
2609.2927	1181.3254
2609.825	1183.6685
2610.3572	1178.439
2610.8896	1177.3209
2611.4219	1169.6172
2611.9541	1169.9828
2612.4866	1171.2445
2613.0188	1153.4515
2613.551	1168.5609
2614.0833	1161.9154
2614.6157	1162.5646
2615.1479	1157.3903
2615.6802	1164.2905
2616.2126	1155.3978
2616.7449	1159.927
2617.2771	1153.0387
2617.8096	1148.5499
2618.3418	1141.4434
2618.874	1138.4779
2619.4063	1153.3052
2619.9387	1142.917
2620.4709	1143.9463
2621.0032	1146.4553
2621.5356	1132.2451
2622.0679	1132.8988
2622.6001	1131.0303
2623.1323	1141.0621
2623.6648	1138.1875
2624.197	1128.2452
2624.7292	1115.6796
2625.2617	1146.0189
2625.7939	1135.6385
2626.3262	1122.6078
2626.8586	1132.0438
2627.3909	1131.5469
2627.9231	1114.3607
2628.4553	1126.7385
2628.9878	1125.4222
2629.52	1112.2263
2630.0522	1101.4728
2630.5847	1106.8079
2631.1169	1118.9241
2631.6492	1104.1051
2632.1816	1107.1145
2632.7139	1114.8307
2633.2461	1106.017
2633.7783	1093.3225
2634.3108	1117.6487
2634.843	1108.246
2635.3752	1095.0913
2635.9077	1095.2
2636.4399	1102.1941
2636.9722	1099.6522
2637.5044	1086.7849
2638.0369	1097.9403
2638.5691	1097.5996
2639.1013	1087.6636
2639.6338	1085.7408
2640.166	1104.053
2640.6982	1078.2118
2641.2307	1086.9902
2641.7629	1098.2271
2642.2952	1087.5623
2642.8274	1094.5105
2643.3599	1087.2592
2643.8921	1094.3711
2644.4243	1085.7734
2644.9568	1088.2156
2645.489	1095.3011
2646.0212	1097.496
2646.5537	1078.6825
2647.0859	1080.6912
2647.6182	1092.5326
2648.1504	1077.1803
2648.6829	1082.7112
2649.2151	1075.1285
2649.7473	1072.0211
2650.2798	1072.6201
2650.812	1089.7269
2651.3442	1085.7556
2651.8765	1070.5579
2652.4089	1081.585
2652.9412	1077.2319
2653.4734	1070.9355
2654.0059	1068.5638
2654.5381	1065.5911
2655.0703	1082.3416
2655.6028	1066.3081
2656.135	1068.8219
2656.6672	1079.7853
2657.1995	1073.6267
2657.7319	1066.3031
2658.2642	1068.7299
2658.7964	1072.3171
2659.3289	1061.4204
2659.8611	1057.036
2660.3933	1066.2507
2660.9255	1058.1461
2661.458	1063.3773
2661.9902	1059.7592
2662.5225	1068.0375
2663.0549	1062.7662
2663.5872	1073.4067
2664.1194	1064.0878
2664.6519	1061.8613
2665.1841	1052.4232
2665.7163	1055.1611
2666.2485	1065.3193
2666.781	1046.4108
2667.3132	1058.5955
2667.8455	1055.7874
2668.3779	1056.1511
2668.9102	1044.7308
2669.4424	1053.7351
2669.9749	1060.9102
2670.5071	1058.3334
2671.0393	1043.818
2671.5715	1042.3738
2672.104	1043.4408
2672.6362	1047.0929
2673.1685	1036.0408
2673.7009	1056.7623
2674.2332	1032.718
2674.7654	1048.3817
2675.2976	1039.152
2675.8301	1050.4503
2676.3623	1049.4977
2676.8945	1050.7577
2677.427	1051.5645
2677.9592	1027.3976
2678.4915	1038.9318
2679.0239	1047.7725
2679.5562	1033.1555
2680.0884	1031.5404
2680.6206	1046.8481
2681.1531	1041.1473
2681.6853	1028.8875
2682.2175	1044.609
2682.75	1041.9244
2683.2822	1028.6852
2683.8145	1032.2573
2684.3469	1015.3777
2684.8792	1033.6553
2685.4114	1043.9841
2685.9436	1035.6964
2686.4761	1030.9508
2687.0083	1036.0776
2687.5405	1027.6378
2688.073	1041.1654
2688.6052	1019.4736
2689.1375	1030.9686
2689.6697	1030.0504
2690.2021	1047.9166
2690.7344	1035.0309
2691.2666	1026.6985
2691.7991	1037.2595
2692.3313	1031.4408
2692.8635	1028.8031
2693.396	1028.6938
2693.9282	1039.0958
2694.4604	1028.7168
2694.9927	1030.7769
2695.5251	1026.2495
2696.0574	1039.0612
2696.5896	1023.3566
2697.1221	1030.0817
2697.6543	1041.4802
2698.1865	1017.803
2698.719	1024.479
2699.2512	1023.6987
2699.7834	1025.0441
2700.3157	1021.9261
2700.8481	1017.8542
2701.3804	1021.6983
2701.9126	1033.5713
2702.4451	1019.2602
2702.9773	1025.4772
2703.5095	1022.1469
2704.0417	1020.1612
2704.5742	1026.418
2705.1064	1030.7205
2705.6387	1029.3412
2706.1711	1017.9947
2706.7034	1021.2149
2707.2356	1017.6158
2707.7681	1009.669
2708.3003	1014.2563
2708.8325	1025.3943
2709.3647	1011.8911
2709.8972	1018.3002
2710.4294	1020.2996
2710.9617	1007.1395
2711.4941	1010.2352
2712.0264	1020.9955
2712.5586	1022.368
2713.0908	1005.1
2713.6233	1024.9897
2714.1555	1014.966
2714.6877	1014.9627
2715.2202	1023.7401
2715.7524	1012.8431
2716.2847	1013.1716
2716.8171	1006.5127
2717.3494	1010.6798
2717.8816	1014.7184
2718.4138	1013.8412
2718.9463	1010.1418
2719.4785	1017.7573
2720.0107	1005.8867
2720.5432	1002.9387
2721.0754	1003.7001
2721.6077	1003.0206
2722.1401	996.45544
2722.6724	1003.5769
2723.2046	1009.8101
2723.7368	1014.1311
2724.2693	1000.6637
2724.8015	1013.6634
2725.3337	1022.7966
2725.8662	1004.1268
2726.3984	998.72375
2726.9307	1005.8066
2727.4629	999.7207
2727.9954	1006.485
2728.5276	1009.2186
2729.0598	1017.9724
2729.5923	1007.3871
2730.1245	1008.1971
2730.6567	1001.376
2731.1892	1001.7406
2731.7214	1004.1844
2732.2537	1000.8809
2732.7859	1015.3849
2733.3184	1011.2053
2733.8506	1003.2701
2734.3828	1009.1085
2734.9153	1004.4653
2735.4475	1002.8601
2735.9797	1003.111
2736.5122	1009.1545
2737.0444	994.19757
2737.5767	998.92773
2738.1089	1005.1367
2738.6414	1007.1744
2739.1736	997.02667
2739.7058	1009.5504
2740.2383	991.03534
2740.7705	987.56598
2741.3027	989.89624
2741.835	1001.3658
2742.3674	1007.5842
2742.8997	1004.7857
2743.4319	1005.8907
2743.9644	1007.3101
2744.4966	1000.0195
2745.0288	996.8161
2745.5613	996.61633
2746.0935	999.32568
2746.6257	1000.4686
2747.158	988.34253
2747.6904	986.14252
2748.2227	988.00909
2748.7549	989.35675
2749.2874	1001.965
2749.8196	991.28253
2750.3518	994.86823
2750.8843	997.63403
2751.4165	995.55133
2751.9487	1004.3668
2752.481	1010.7092
2753.0134	997.77924
2753.5457	992.1347
2754.0779	1006.6532
2754.6104	997.31091
2755.1426	989.46497
2755.6748	991.16632
2756.207	988.91998
2756.7395	1000.5547
2757.2717	990.41907
2757.804	990.55957
2758.3364	987.42932
2758.8687	995.10852
2759.4009	999.39832
2759.9333	997.59454
2760.4656	993.68719
2760.9978	992.9339
2761.53	987.72211
2762.0625	982.11536
2762.5947	986.71558
2763.127	982.28864
2763.6594	976.71075
2764.1917	984.85071
2764.7239	985.88892
2765.2561	1000.5251
2765.7886	984.28931
2766.3208	985.96539
2766.853	986.2923
2767.3855	990.91614
2767.9177	987.11877
2768.45	992.19073
2768.9824	994.2066
2769.5146	990.46912
2770.0469	992.31476
2770.5791	988.20233
2771.1116	987.05463
2771.6438	990.33734
2772.176	974.36487
2772.7085	997.32965
2773.2407	994.58838
2773.7729	985.75208
2774.3054	987.84583
2774.8376	981.59912
2775.3699	970.70367
2775.9021	970.06268
2776.4346	986.53192
2776.9668	973.4162
2777.499	973.96558
2778.0315	978.86182
2778.5637	994.05914
2779.0959	984.38171
2779.6282	970.98389
2780.1606	979.8537
2780.6929	983.64429
2781.2251	978.68256
2781.7576	982.82343
2782.2898	988.94635
2782.822	981.43945
2783.3545	981.19427
2783.8867	977.79596
2784.4189	972.30432
2784.9512	978.14471
2785.4836	976.56091
2786.0159	991.76294
2786.5481	985.49536
2787.0806	982.45959
2787.6128	983.57007
2788.145	980.69897
2788.6775	966.74677
2789.2097	973.61285
2789.7419	981.58728
2790.2742	984.23163
2790.8066	983.67609
2791.3389	977.4436
2791.8711	982.98322
2792.4036	979.11554
2792.9358	985.6969
2793.468	978.56726
2794.0002	975.39917
2794.5327	989.5072
2795.0649	974.95691
2795.5972	978.94922
2796.1296	975.36511
2796.6619	976.61157
2797.1941	977.24426
2797.7266	964.38312
2798.2588	977.35071
2798.791	975.63916
2799.3232	970.31262
2799.8557	971.14673
2800.3879	984.0365
2800.9202	969.67596
2801.4526	979.66748
2801.9849	979.62646
2802.5171	964.95038
2803.0496	976.08514
2803.5818	973.77802
2804.114	968.45557
2804.6462	965.63983
2805.1787	959.43939
2805.7109	970.79718
2806.2432	977.16046
2806.7756	967.31494
2807.3079	983.31805
2807.8401	971.29071
2808.3723	959.31195
2808.9048	961.48096
2809.437	969.81757
2809.9692	967.78894
2810.5017	968.81921
2811.0339	969.71307
2811.5662	962.6474
2812.0986	959.55817
2812.6309	971.44067
2813.1631	972.22778
2813.6953	975.94128
2814.2278	975.43866
2814.76	974.0882
2815.2922	962.9668
2815.8247	968.05463
2816.3569	969.09039
2816.8892	974.33313
2817.4214	965.94305
2817.9539	963.59863
2818.4861	964.05286
2819.0183	962.33698
2819.5508	969.09595
2820.083	970.48712
2820.6152	971.46289
2821.1477	967.69165
2821.6799	968.58392
2822.2122	978.22467
2822.7444	964.14252
2823.2769	957.94647
2823.8091	960.30298
2824.3413	966.80426
2824.8738	960.51459
2825.406	970.04932
2825.9382	960.56885
2826.4707	965.09674
2827.0029	969.14349
2827.5352	966.69574
2828.0674	965.04889
2828.5999	963.36517
2829.1321	959.27679
2829.6643	962.367
2830.1968	967.61285
2830.729	972.20752
2831.2612	960.77887
2831.7935	962.14856
2832.3259	958.79602
2832.8582	959.49506
2833.3904	954.71265
2833.9229	975.31726
2834.4551	959.26337
2834.9873	969.711
2835.5198	966.86804
2836.052	963.32208
2836.5842	960.68658
2837.1165	964.96405
2837.6489	957.29889
2838.1812	968.91168
2838.7134	962.77881
2839.2458	955.70111
2839.7781	951.82324
2840.3103	958.74805
2840.8428	955.23395
2841.375	957.72614
2841.9072	951.97076
2842.4395	960.30719
2842.9719	958.42792
2843.5042	965.55426
2844.0364	964.841
2844.5688	961.03699
2845.1011	957.21246
2845.6333	958.05536
2846.1655	954.98505
2846.698	967.64172
2847.2302	951.25635
2847.7625	958.90198
2848.2949	959.5542
2848.8271	976.56555
2849.3594	967.9574
2849.8918	967.40564
2850.4241	957.54205
2850.9563	965.59393
2851.4885	959.0155
2852.021	947.6944
2852.5532	961.44275
2853.0854	962.19708
2853.6179	954.8808
2854.1501	959.72223
2854.6824	961.87781
2855.2148	959.61737
2855.7471	957.95313
2856.2793	965.83813
2856.8115	956.06732
2857.344	963.19568
2857.8762	972.70197
2858.4084	960.79242
2858.9409	960.92377
2859.4731	957.60193
2860.0054	951.00714
2860.5376	954.24255
2861.0701	953.09998
2861.6023	957.49542
2862.1345	955.62689
2862.667	950.61688
2863.1992	951.04242
2863.7314	973.70685
2864.2639	960.00549
2864.7961	960.61987
2865.3284	976.21625
2865.8606	957.74445
2866.3931	958.34564
2866.9253	969.19635
2867.4575	962.11133
2867.99	958.00958
2868.5222	961.3656
2869.0544	966.50879
2869.5867	959.45825
2870.1191	959.85419
2870.6514	964.39551
2871.1836	958.76825
2871.7161	946.38086
2872.2483	957.14893
2872.7805	956.70825
2873.313	956.50317
2873.8452	963.56836
2874.3774	967.34985
2874.9097	963.586
2875.4421	955.06549
2875.9744	967.20477
2876.5066	962.06311
2877.0391	958.85028
2877.5713	967.86096
2878.1035	952.33228
2878.636	959.36768
2879.1682	956.61932
2879.7004	958.57269
2880.2327	960.08148
2880.7651	956.34973
2881.2974	958.29047
2881.8296	968.98682
2882.3621	975.68292
2882.8943	971.60693
2883.4265	974.84204
2883.9587	964.04492
2884.4912	957.02655
2885.0234	964.49286
2885.5557	964.13031
2886.0881	962.4906
2886.6204	958.19946
2887.1526	970.2193
2887.6851	970.24799
2888.2173	960.55804
2888.7495	971.30273
2889.2817	965.34399
2889.8142	970.65192
2890.3464	974.45068
2890.8787	975.99341
2891.4111	972.53259
2891.9434	969.7934
2892.4756	965.90381
2893.0081	974.53967
2893.5403	968.15576
2894.0725	967.38275
2894.6047	960.02026
2895.1372	974.77264
2895.6694	962.71619
2896.2017	975.02362
2896.7341	970.12225
2897.2664	966.74762
2897.7986	973.19531
2898.3308	973.20557
2898.8633	968.96802
2899.3955	976.07294
2899.9277	962.22925
2900.4602	962.54211
2900.9924	971.81494
2901.5247	965.03699
2902.0571	964.20306
2902.5894	970.3075
2903.1216	975.96173
2903.6538	980.7511
2904.1863	975.25568
2904.7185	975.82764
2905.2507	979.20178
2905.7832	959.09991
2906.3154	974.80597
2906.8477	972.29193
2907.3801	971.5896
2907.9124	969.71246
2908.4446	973.61768
2908.9768	970.84399
2909.5093	970.77319
2910.0415	974.42792
2910.5737	971.14746
2911.1062	962.75854
2911.6384	969.01929
2912.1707	968.30377
2912.7029	961.27472
2913.2354	972.33093
2913.7676	975.66522
2914.2998	974.10785
2914.8323	960.79565
2915.3645	973.41827
2915.8967	973.81213
2916.4292	962.96899
2916.9614	965.81732
2917.4937	976.14355
2918.0259	971.26721
2918.5583	971.01007
2919.0906	972.99585
2919.6228	968.84686
2920.1553	973.84589
2920.6875	978.61371
2921.2197	969.45392
2921.752	968.24329
2922.2844	965.10236
2922.8167	969.07251
2923.3489	965.67828
2923.8813	966.19458
2924.4136	968.07068
2924.9458	962.41663
2925.4783	976.66998
2926.0105	971.58777
2926.5427	972.05133
2927.075	968.7049
2927.6074	974.77588
2928.1396	969.88885
2928.6719	961.64795
2929.2043	965.24774
2929.7366	963.88928
2930.2688	963.41431
2930.8013	960.05621
2931.3335	956.01959
2931.8657	965.81506
2932.3979	965.69263
2932.9304	964.15692
2933.4626	971.24597
2933.9949	966.14484
2934.5273	969.35333
2935.0596	967.70605
2935.5918	956.32153
2936.124	967.09351
2936.6565	968.27173
2937.1887	965.922
2937.7209	952.42584
2938.2534	958.44025
2938.7856	958.67908
2939.3179	959.8252
2939.8503	959.92603
2940.3826	960.44049
2940.9148	958.0531
2941.447	957.33093
2941.9795	962.07172
2942.5117	958.32617
2943.0439	960.31256
2943.5764	956.47546
2944.1086	947.81763
2944.6409	950.94037
2945.1733	960.86841
2945.7056	967.88593
2946.2378	969.51642
2946.77	958.35199
2947.3025	959.45349
2947.8347	956.03662
2948.3669	953.99219
2948.8994	962.0752
2949.4316	954.3916
2949.9639	953.94788
2950.4961	953.91937
2951.0286	965.07361
2951.5608	954.98279
2952.093	963.85992
2952.6255	960.86896
2953.1577	951.92804
2953.6899	949.73547
2954.2224	946.75
2954.7546	956.83392
2955.2869	953.7746
2955.8191	959.67212
2956.3516	957.16797
2956.8838	955.28156
2957.416	958.3399
2957.9485	959.0473
2958.4807	971.60358
2959.0129	959.20367
2959.5454	965.79211
2960.0776	963.58423
2960.6099	947.7309
2961.1421	960.27844
2961.6746	956.9209
2962.2068	959.87122
2962.739	959.80109
2963.2715	961.31787
2963.8037	958.44427
2964.3359	953.88568
2964.8682	955.58246
2965.4006	953.79797
2965.9329	945.35736
2966.4651	951.31915
2966.9976	953.26721
2967.5298	944.46216
2968.062	946.40466
2968.5945	956.48395
2969.1267	957.5459
2969.6589	960.83173
2970.1912	952.30786
2970.7236	952.48871
2971.2559	950.90436
2971.7881	950.97296
2972.3206	961.15308
2972.8528	962.44019
2973.385	948.85272
2973.9172	947.82343
2974.4497	952.25708
2974.9819	957.08124
2975.5142	953.90924
2976.0466	949.46979
2976.5789	944.04523
2977.1111	947.6983
2977.6436	961.7323
2978.1758	952.8855
2978.708	948.46527
2979.2402	946.23077
2979.7727	949.62683
2980.3049	948.33026
2980.8372	950.42242
2981.3696	951.75452
2981.9019	946.07355
2982.4341	945.47247
2982.9666	956.9007
2983.4988	934.47516
2984.031	953.96936
2984.5632	958.49292
2985.0957	943.43292
2985.6279	939.71442
2986.1602	953.2063
2986.6926	950.17468
2987.2249	951.2832
2987.7571	962.97119
2988.2893	957.52496
2988.8218	944.23218
2989.354	947.32672
2989.8862	942.79218
2990.4187	945.49969
2990.9509	950.08411
2991.4832	960.29193
2992.0156	957.47833
2992.5479	945.0246
2993.0801	949.59363
2993.6123	953.70038
2994.1448	939.24866
2994.677	952.43054
2995.2092	953.3299
2995.7417	942.79547
2996.2739	943.59888
2996.8062	944.20172
2997.3386	940.81183
2997.8708	947.09418
2998.4031	947.96753
2998.9353	943.93585
2999.4678	945.9939
3000	951.68677
