50	870.92603
50.052105	869.97919
50.104214	869.50934
50.156319	870.47705
50.208424	870.49841
50.260532	874.14648
50.312637	874.49524
50.364742	872.37427
50.416851	874.4386
50.468956	871.07465
50.521061	872.61731
50.57317	872.40955
50.625275	868.55444
50.67738	869.92731
50.729488	873.65875
50.781593	871.14984
50.833698	870.70819
50.885807	873.79022
50.937912	874.73016
50.990017	876.08594
51.042122	874.12122
51.094231	871.14844
51.146336	875.37897
51.198441	874.31854
51.250549	870.76086
51.302654	873.89868
51.354759	871.08118
51.406868	871.76563
51.458973	872.02625
51.511078	867.52802
51.563187	869.01166
51.615292	877.95605
51.667397	877.42267
51.719505	864.98767
51.77161	868.85693
51.823715	876.03125
51.875824	876.44818
51.927929	871.60822
51.980034	870.52124
52.032143	873.70453
52.084248	870.13507
52.136353	870.8172
52.188461	869.28302
52.240566	870.49622
52.292671	871.43561
52.34478	871.12299
52.396885	869.75317
52.44899	873.94824
52.501099	872.414
52.553204	868.90692
52.605309	871.57837
52.657417	870.99548
52.709522	871.79309
52.761627	876.19299
52.813736	871.93152
52.865841	867.5675
52.917946	873.02289
52.970051	874.82489
53.02216	866.92194
53.074265	869.42542
53.126369	871.841
53.178478	871.72925
53.230583	874.55652
53.282688	876.29974
53.334797	873.90424
53.386902	873.90265
53.439007	868.69867
53.491116	872.05444
53.543221	871.95715
53.595325	874.86926
53.647434	866.40515
53.699539	870.28137
53.751644	874.15051
53.803753	872.36725
53.855858	871.73279
53.907963	871.55872
53.960072	875.75592
54.012177	872.75775
54.064281	865.52173
54.11639	870.27209
54.168495	874.89569
54.2206	873.80505
54.272709	871.85498
54.324814	868.87286
54.376919	874.0462
54.429028	878.02496
54.481133	873.36963
54.533237	873.50354
54.585346	873.38879
54.637451	871.45154
54.689556	869.68884
54.741665	868.57684
54.79377	867.30182
54.845875	870.66284
54.89798	868.65771
54.950089	874.84845
55.002193	874.36298
55.054298	872.92743
55.106407	876.52228
55.158512	869.76306
55.210617	871.83563
55.262726	874.81097
55.314831	874.16016
55.366936	870.81311
55.419044	868.7533
55.471149	871.1131
55.523254	870.68518
55.575363	869.52216
55.627468	871.12646
55.679573	870.9209
55.731682	873.56293
55.783787	872.57263
55.835892	868.32886
55.888	869.41937
55.940105	870.01611
55.99221	867.14673
56.044319	867.21844
56.096424	873.12964
56.148529	874.51099
56.200638	875.58398
56.252743	872.9975
56.304848	871.63416
56.356956	871.4071
56.409061	874.05438
56.461166	868.60571
56.513275	871.91321
56.56538	873.76599
56.617485	871.82849
56.669594	867.97821
56.721699	870.1131
56.773804	872.53143
56.825909	868.06708
56.878017	864.81238
56.930122	875.44537
56.982227	873.32568
57.034336	871.06036
57.086441	871.14136
57.138546	871.95795
57.190655	873.87909
57.24276	873.57758
57.294865	872.4986
57.346973	871.47253
57.399078	870.27325
57.451183	874.06897
57.503292	875.22211
57.555397	869.12653
57.607502	869.05933
57.659611	874.16852
57.711716	874.23846
57.763821	868.77075
57.815929	870.15973
57.868034	873.82593
57.920139	872.26599
57.972248	871.32275
58.024353	866.32538
58.076458	867.08691
58.128567	870.32092
58.180672	871.41888
58.232777	876.74158
58.284885	875.30707
58.33699	874.32001
58.389095	868.39215
58.441204	871.22858
58.493309	869.6546
58.545414	871.66437
58.597523	868.76343
58.649628	868.85693
58.701733	873.85742
58.753838	874.72382
58.805946	871.65442
58.858051	873.92352
58.910156	875.65381
58.962265	873.30786
59.01437	873.0296
59.066475	871.55438
59.118584	872.14142
59.170689	873.47906
59.222794	869.72675
59.274902	870.26385
59.327007	871.8783
59.379112	872.33575
59.431221	870.87946
59.483326	872.3714
59.535431	870.41797
59.58754	867.38379
59.639645	867.94189
59.69175	866.57764
59.743858	869.8197
59.795963	871.22974
59.848068	871.65552
59.900177	865.84521
59.952282	876.57306
60.004387	874.00714
60.056496	871.49811
60.108601	869.92584
60.160706	869.28955
60.212814	872.73322
60.264919	875.95752
60.317024	868.74933
60.369133	870.17999
60.421238	874.16638
60.473343	870.80188
60.525452	870.86475
60.577557	872.1228
60.629662	872.74701
60.681767	871.43481
60.733875	869.18121
60.78598	869.6156
60.838085	870.1781
60.890194	871.47974
60.942299	872.82349
60.994404	871.63654
61.046513	873.6413
61.098618	874.69867
61.150723	870.38202
61.202831	871.16705
61.254936	871.09058
61.307041	871.07733
61.35915	873.47131
61.411255	866.46106
61.46336	871.78491
61.515469	877.10876
61.567574	871.87988
61.619678	867.48047
61.671787	874.7677
61.723892	873.05902
61.775997	873.06598
61.828106	874.74951
61.880211	874.76221
61.932316	873.90796
61.984425	872.93811
62.03653	877.35785
62.088634	874.50464
62.140743	875.30017
62.192848	871.2738
62.244953	866.08887
62.297062	869.23981
62.349167	872.14917
62.401272	870.50189
62.453377	869.75934
62.505486	871.40436
62.55759	875.6571
62.609695	875.76453
62.661804	867.4082
62.713909	873.99078
62.766014	874.19446
62.818123	874.43445
62.870228	867.36725
62.922333	866.65411
62.974442	870.88666
63.026546	877.54071
63.078651	876.43176
63.13076	872.08478
63.182865	869.17828
63.23497	871.94
63.287079	871.19116
63.339184	866.255
63.391289	874.52399
63.443398	876.09955
63.495502	874.13177
63.547607	865.67096
63.599716	867.43402
63.651821	869.43903
63.703926	871.57147
63.756035	871.96185
63.80814	871.29022
63.860245	873.62958
63.912354	874.78534
63.964458	872.82935
64.016563	869.7016
64.068672	868.01923
64.120773	870.41058
64.172882	873.82819
64.224991	873.01379
64.277092	872.19568
64.329201	877.10938
64.38131	872.19574
64.433411	872.46106
64.485519	872.53259
64.537628	874.25812
64.589729	872.62628
64.641838	873.01788
64.693947	872.8291
64.746048	876.92108
64.798157	872.07709
64.850266	867.23315
64.902367	871.72125
64.954475	874.30798
65.006584	873.24731
65.058685	874.30872
65.110794	868.90106
65.162903	873.36273
65.215004	869.0957
65.267113	869.18146
65.319221	869.02191
65.371323	873.41064
65.423431	873.87793
65.47554	870.48676
65.527641	871.25531
65.57975	875.6507
65.631859	876.31305
65.68396	872.23175
65.736069	871.6731
65.788177	873.73486
65.840279	871.79633
65.892387	870.3587
65.944496	870.93182
65.996597	873.97119
66.048706	874.96442
66.100815	870.64349
66.152916	872.57642
66.205025	871.09637
66.257133	874.11725
66.309235	870.97211
66.361343	870.84052
66.413452	876.93372
66.465553	873.05768
66.517662	875.39734
66.569771	867.18231
66.621872	870.07672
66.673981	873.94958
66.726089	872.83997
66.778191	866.1076
66.830299	871.78809
66.882408	872.89191
66.934509	876.36963
66.986618	875.97345
67.038727	874.99121
67.090828	877.12567
67.142937	877.90912
67.195045	875.29712
67.247147	871.67902
67.299255	871.92169
67.351357	875.79425
67.403465	873.97437
67.455574	868.28363
67.507675	872.10413
67.559784	877.51062
67.611893	873.91809
67.663994	874.31067
67.716103	872.35413
67.768211	872.27203
67.820313	873.63818
67.872421	874.88354
67.92453	877.24896
67.976631	875.15753
68.02874	871.05664
68.080849	862.57526
68.13295	870.80682
68.185059	877.61316
68.237167	870.59869
68.289268	869.95349
68.341377	867.81006
68.393486	879.0072
68.445587	875.88989
68.497696	874.06586
68.549805	873.21429
68.601906	873.29413
68.654015	876.4516
68.706123	874.11646
68.758224	873.75751
68.810333	875.2251
68.862442	873.5343
68.914543	874.2392
68.966652	875.23108
69.018761	873.03259
69.070862	875.27502
69.122971	875.4801
69.175079	869.31573
69.22718	872.38452
69.279289	875.42371
69.331398	873.98303
69.383499	870.49652
69.435608	872.91681
69.487717	874.91736
69.539818	873.89209
69.591927	867.88782
69.644035	872.02356
69.696136	873.58203
69.748245	877.3291
69.800354	870.54639
69.852455	877.99707
69.904564	876.1109
69.956673	879.89172
70.008774	871.85095
70.060883	872.87201
70.112991	881.72198
70.165092	880.47046
70.217201	876.10956
70.26931	876.99072
70.321411	875.88922
70.37352	873.61786
70.425629	871.67853
70.47773	870.31342
70.529839	873.14282
70.581947	875.3728
70.634048	874.16229
70.686157	871.80908
70.738266	870.71558
70.790367	871.68475
70.842476	869.77655
70.894585	869.63214
70.946686	875.95984
70.998795	875.40686
71.050903	871.13995
71.103004	874.67004
71.155113	871.7829
71.207214	871.57153
71.259323	872.38641
71.311432	868.88745
71.363533	875.55774
71.415642	879.7644
71.467751	872.49622
71.519852	877.10754
71.57196	877.81415
71.624069	880.51715
71.67617	876.56683
71.728279	870.06915
71.780388	870.43744
71.832489	877.33588
71.884598	878.2467
71.936707	874.68817
71.988808	876.35742
72.040916	878.47943
72.093025	877.92712
72.145126	872.72339
72.197235	872.06384
72.249344	874.33417
72.301445	873.60742
72.353554	869.89032
72.405663	868.85724
72.457764	874.47388
72.509872	875.67194
72.561981	871.4967
72.614082	870.37775
72.666191	870.65088
72.7183	874.43738
72.770401	874.20752
72.82251	872.33484
72.874619	874.95685
72.92672	875.20563
72.978828	870.63
73.030937	874.26215
73.083038	873.34369
73.135147	875.28027
73.187256	871.00714
73.239357	869.41791
73.291466	872.87543
73.343575	875.88776
73.395676	877.96204
73.447784	873.89746
73.499893	870.87372
73.551994	877.30701
73.604103	879.43982
73.656212	876.58759
73.708313	871.74243
73.760422	874.70117
73.812531	874.28851
73.864632	873.16571
73.91674	872.98132
73.968849	872.02728
74.02095	871.59222
74.073059	870.77917
74.125168	871.1748
74.177269	874.33862
74.229378	876.93109
74.281487	872.96863
74.333588	873.63788
74.385696	876.30054
74.437805	873.69086
74.489906	874.09436
74.542015	869.28796
74.594124	872.67841
74.646225	875.84949
74.698334	876.59064
74.750443	873.75879
74.802544	873.7572
74.854652	874.23749
74.906754	876.58649
74.958862	869.08569
75.010971	873.47693
75.063072	875.08954
75.115181	876.05701
75.16729	875.07874
75.219391	871.7547
75.2715	868.59351
75.323608	871.51257
75.37571	872.91254
75.427818	872.1145
75.479927	875.29468
75.532028	875.48663
75.584137	872.67126
75.636246	873.48328
75.688347	876.63898
75.740456	876.03577
75.792564	872.00397
75.844666	870.97961
75.896774	872.74323
75.948883	873.72266
76.000984	872.86829
76.053093	871.09973
76.105202	872.77448
76.157303	874.33282
76.209412	872.39301
76.26152	870.77838
76.313622	871.65887
76.36573	875.573
76.417839	873.78394
76.46994	875.70013
76.522049	874.72937
76.574158	877.53973
76.626259	876.33057
76.678368	873.99158
76.730476	869.86102
76.782578	877.82953
76.834686	875.34406
76.886795	874.57465
76.938896	876.51709
76.991005	873.34692
77.043114	871.35559
77.095215	874.37524
77.147324	875.5799
77.199432	876.04883
77.251534	876.13831
77.303642	874.13885
77.355751	872.43842
77.407852	872.63159
77.459961	875.07648
77.51207	875.32733
77.564171	872.75598
77.61628	875.82727
77.668388	878.61969
77.72049	875.77728
77.772598	867.0694
77.824707	874.20117
77.876808	877.45935
77.928917	873.7262
77.981026	871.96576
78.033127	877.99146
78.085236	875.97107
78.137344	872.53143
78.189445	867.19867
78.241554	878.69006
78.293663	874.03253
78.345764	868.69989
78.397873	873.79999
78.449982	872.55054
78.502083	872.14569
78.554192	874.86517
78.6063	869.6687
78.658401	867.28296
78.71051	873.30829
78.762611	874.50098
78.81472	867.0827
78.866829	869.36646
78.91893	874.75891
78.971039	873.50256
79.023148	871.63
79.075249	874.92523
79.127357	880.16803
79.179466	878.43744
79.231567	872.55493
79.283676	874.23578
79.335785	878.96167
79.387886	877.75696
79.439995	874.20526
79.492104	871.35938
79.544205	876.68964
79.596313	879.95801
79.648422	874.24554
79.700523	875.26532
79.752632	876.46155
79.804741	874.58508
79.856842	874.117
79.908951	875.0849
79.96106	879.38116
80.013161	878.67981
80.065269	875.48413
80.117378	868.65234
80.169479	872.15344
80.221588	876.2865
80.273697	875.9408
80.325798	872.64209
80.377907	868.76276
80.430016	870.96826
80.482117	871.61761
80.534225	872.62207
80.586334	874.75201
80.638435	871.97992
80.690544	870.91223
80.742653	870.85248
80.794754	870.69556
80.846863	873.22321
80.898972	875.2782
80.951073	875.77313
81.003181	872.71887
81.05529	872.92963
81.107391	876.64771
81.1595	873.69708
81.211609	868.06403
81.26371	870.03949
81.315819	877.61389
81.367928	873.13208
81.420029	877.25153
81.472137	878.79053
81.524246	875.05463
81.576347	875.01959
81.628456	869.20062
81.680565	869.04993
81.732666	871.79126
81.784775	870.27911
81.836884	873.45892
81.888985	874.86664
81.941093	874.64575
81.993202	873.01605
82.045303	873.27081
82.097412	871.43304
82.149521	872.21326
82.201622	874.31549
82.253731	872.59149
82.30584	873.64044
82.357941	875.2547
82.410049	874.24927
82.462158	874.25952
82.514259	873.42023
82.566368	873.44952
82.618469	875.62396
82.670578	878.14246
82.722687	881.328
82.774788	877.32355
82.826897	877.8772
82.879005	876.16083
82.931107	872.98242
82.983215	876.41803
83.035324	875.85406
83.087425	874.75812
83.139534	872.95886
83.191643	874.48846
83.243744	873.78522
83.295853	873.78522
83.347961	873.78522
83.400063	873.78528
83.452171	871.23993
83.50428	869.17157
83.556381	872.40131
83.60849	873.81342
83.660599	876.76007
83.7127	872.16107
83.764809	871.5835
83.816917	872.68616
83.869019	875.66541
83.921127	873.78198
83.973236	870.15125
84.025337	873.90613
84.077446	875.82965
84.129555	872.91876
84.181656	869.27441
84.233765	867.89026
84.285873	872.6134
84.337975	873.08929
84.390083	866.83636
84.442192	868.48004
84.494293	872.31067
84.546402	876.60217
84.598511	875.47894
84.650612	871.93701
84.702721	875.83264
84.754829	877.0658
84.806931	874.51312
84.859039	871.59857
84.911148	873.21704
84.963249	876.89703
85.015358	875.43243
85.067467	872.5213
85.119568	874.80969
85.171677	875.85992
85.223785	871.07532
85.275887	875.57098
85.327995	876.85242
85.380104	875.74622
85.432205	873.14307
85.484314	872.80255
85.536423	876.4552
85.588524	877.25806
85.640633	870.81195
85.692741	870.49884
85.744843	874.76276
85.796951	872.8266
85.84906	873.328
85.901161	877.9035
85.95327	875.24976
86.005379	872.58655
86.05748	876.02307
86.109589	873.55743
86.161697	868.77271
86.213799	872.60468
86.265907	877.12878
86.318016	875.90411
86.370117	873.62854
86.422226	872.44971
86.474327	877.92859
86.526436	873.69989
86.578545	878.38898
86.630646	873.68286
86.682755	870.85657
86.734863	869.96063
86.786964	874.80902
86.839073	872.03674
86.891182	873.27673
86.943283	875.62274
86.995392	873.7334
87.047501	874.63696
87.099602	871.67664
87.151711	874.36121
87.203819	876.49738
87.25592	872.25
87.308029	880.61914
87.360138	878.52686
87.412239	875.49982
87.464348	873.20868
87.516457	877.28284
87.568558	874.67981
87.620667	870.63348
87.672775	872.63287
87.724876	873.91785
87.776985	875.86621
87.829094	875.6731
87.881195	873.42084
87.933304	871.47717
87.985413	875.88647
88.037514	876.38312
88.089622	871.55682
88.141731	874.77106
88.193832	877.39862
88.245941	872.34894
88.29805	869.7489
88.350151	873.1424
88.40226	876.32037
88.454369	875.68915
88.50647	869.38184
88.558578	877.53955
88.610687	874.57037
88.662788	872.078
88.714897	873.15021
88.767006	876.29382
88.819107	878.46497
88.871216	873.72919
88.923325	872.33167
88.975426	877.04626
89.027534	876.04559
89.079643	875.82568
89.131744	869.64673
89.183853	871.88617
89.235962	877.83972
89.288063	876.8609
89.340172	873.26862
89.392281	872.06104
89.444382	874.60193
89.49649	876.88702
89.548599	874.32495
89.6007	870.94336
89.652809	871.6618
89.704918	872.92114
89.757019	869.6673
89.809128	869.80243
89.861237	871.96039
89.913338	874.58569
89.965446	875.95959
90.017555	876.08563
90.069656	872.24609
90.121765	880.58508
90.173874	877.65247
90.225975	874.24432
90.278084	869.87659
90.330185	880.25391
90.382294	872.49329
90.434402	876.24536
90.486504	872.04291
90.538612	875.86102
90.590721	870.35931
90.642822	870.71246
90.694931	876.85303
90.74704	875.20837
90.799141	871.03925
90.85125	869.44641
90.903358	872.08282
90.95546	875.85278
91.007568	871.33325
91.059677	868.64197
91.111778	869.50677
91.163887	873.52692
91.215996	876.30585
91.268097	871.80145
91.320206	870.34039
91.372314	871.97327
91.424416	872.7641
91.476524	873.09808
91.528633	874.10199
91.580734	870.76294
91.632843	877.80688
91.684952	872.53864
91.737053	866.02502
91.789162	873.42645
91.84127	874.97168
91.893372	876.87183
91.94548	871.16034
91.997589	868.75037
92.04969	873.11554
92.101799	877.48071
92.153908	873.62207
92.206009	871.02209
92.258118	879.7049
92.310226	876.69116
92.362328	872.14789
92.414436	876.58826
92.466545	880.06604
92.518646	876.1283
92.570755	876.25391
92.622864	875.60052
92.674965	875.02771
92.727074	871.38928
92.779182	869.83411
92.831284	871.24365
92.883392	872.96313
92.935501	874.44611
92.987602	872.72308
93.039711	871.44299
93.09182	873.01483
93.143921	874.64532
93.19603	875.29211
93.248138	869.20129
93.30024	869.06744
93.352348	869.63831
93.404457	871.66882
93.456558	868.57544
93.508667	873.5
93.560776	877.37073
93.612877	871.36609
93.664986	873.0719
93.717094	871.40411
93.769196	878.68256
93.821304	874.31836
93.873413	874.65277
93.925514	875.1366
93.977623	877.38403
94.029732	870.43115
94.081833	869.17615
94.133942	873.93713
94.186043	875.17297
94.238152	870.02679
94.29026	875.22626
94.342361	873.77301
94.39447	874.25409
94.446579	877.82642
94.49868	875.63452
94.550789	871.48572
94.602898	873.86609
94.654999	878.40912
94.707108	876.36212
94.759216	873.09717
94.811317	876.53876
94.863426	877.59058
94.915535	872.65106
94.967636	872.81152
95.019745	873.73743
95.071854	874.74799
95.123955	874.94434
95.176064	877.38409
95.228172	871.61847
95.280273	876.28833
95.332382	876.72162
95.384491	873.90631
95.436592	876.66565
95.488701	877.08685
95.54081	875.61859
95.592911	868.82129
95.64502	871.45978
95.697128	874.82745
95.749229	882.20624
95.801338	874.56696
95.853447	873.1228
95.905548	874.31732
95.957657	876.15594
96.009766	872.55432
96.061867	871.47131
96.113976	873.99652
96.166084	872.83398
96.218185	870.98975
96.270294	873.57458
96.322403	875.32684
96.374504	876.71057
96.426613	875.32623
96.478722	870.93762
96.530823	871.11359
96.582932	872.34747
96.63504	871.95929
96.687141	873.0191
96.73925	873.90393
96.791359	878.69098
96.84346	875.36841
96.895569	872.82007
96.947678	875.83789
96.999779	877.20319
97.051888	870.85339
97.103996	870.15411
97.156097	874.4726
97.208206	877.74084
97.260315	872.86499
97.312416	867.7135
97.364525	880.81982
97.416634	875.36438
97.468735	874.15125
97.520844	869.60425
97.572952	876.85229
97.625053	878.90491
97.677162	873.01917
97.729271	870.01135
97.781372	873.30664
97.833481	879.95813
97.885582	880.68097
97.937691	874.77008
97.989799	870.47797
98.041901	873.17566
98.094009	873.8327
98.146118	872.00854
98.198219	867.93921
98.250328	870.6391
98.302437	876.36182
98.354538	875.33289
98.406647	874.24561
98.458755	873.60101
98.510857	873.34509
98.562965	871.82416
98.615074	872.11859
98.667175	871.3457
98.719284	878.40527
98.771393	873.44958
98.823494	869.20172
98.875603	870.72845
98.927711	875.96887
98.979813	882.591
99.031921	871.81653
99.08403	868.09644
99.136131	871.00818
99.18824	874.8858
99.240349	874.0838
99.29245	876.28937
99.344559	874.75928
99.396667	877.91693
99.448769	873.1759
99.500877	877.16351
99.552986	876.60248
99.605087	875.27502
99.657196	871.52631
99.709305	872.78186
99.761406	873.97491
99.813515	875.73407
99.865623	876.76263
99.917725	874.72974
99.969833	870.85394
100.02194	871.91888
100.07404	871.66656
100.12615	871.11774
100.17826	874.71289
100.23036	875.43726
100.28247	873.56549
100.33458	869.69318
100.38668	873.66504
100.43879	874.02991
100.4909	872.1601
100.543	872.66516
100.59511	873.78058
100.64722	870.43365
100.69932	872.30176
100.75143	874.23389
100.80354	869.54236
100.85564	873.44507
100.90775	877.55786
100.95985	873.43237
101.01196	871.06635
101.06406	876.73846
101.11617	874.11639
101.16827	875.89777
101.22038	871.49011
101.27249	877.71625
101.32459	876.90094
101.3767	870.57867
101.42881	869.81879
101.48091	873.48669
101.53302	872.46991
101.58513	875.43268
101.63723	877.57861
101.68934	876.0387
101.74144	873.7713
101.79355	873.40607
101.84566	873.89905
101.89776	874.54437
101.94987	874.51178
102.00198	875.25385
102.05408	875.64777
102.10619	872.32483
102.15829	873.54114
102.2104	874.97607
102.2625	873.9043
102.31461	872.74762
102.36671	874.995
102.41882	876.2525
102.47093	874.8587
102.52303	874.97272
102.57514	872.06781
102.62725	873.66309
102.67935	874.62537
102.73146	872.8374
102.78357	873.99268
102.83567	874.55792
102.88778	875.1344
102.93989	871.02411
102.99199	872.63892
103.0441	875.78699
103.09621	874.05725
103.14831	872.96942
103.20042	873.13446
103.25253	875.3775
103.30463	873.47089
103.35674	873.01776
103.40884	870.65076
103.46095	872.69781
103.51305	874.95337
103.56516	872.76337
103.61726	871.83014
103.66937	872.84296
103.72148	874.72797
103.77358	874.37201
103.82569	872.32416
103.8778	874.73206
103.9299	878.58844
103.98201	877.01978
104.03412	872.96729
104.08622	873.42358
104.13833	873.40967
104.19044	877.00812
104.24254	873.37384
104.29465	871.48486
104.34676	874.78522
104.39886	871.6485
104.45097	872.96924
104.50307	871.41522
104.55518	882.40125
104.60728	873.20569
104.65939	870.32831
104.71149	871.3299
104.7636	874.43915
104.81571	879.40295
104.86781	871.57806
104.91992	873.48169
104.97203	874.7041
105.02413	874.81128
105.07624	869.01593
105.12835	870.96661
105.18045	874.79102
105.23256	875.79791
105.28467	874.89069
105.33677	873.71899
105.38888	874.37177
105.44099	876.56348
105.49309	876.09698
105.5452	873.15076
105.5973	873.66663
105.64941	876.46625
105.70152	876.58789
105.75362	873.95819
105.80573	871.35541
105.85783	875.18231
105.90993	873.80542
105.96204	878.75116
106.01415	878.48102
106.06625	877.39203
106.11836	877.30267
106.17047	870.1507
106.22257	869.51801
106.27468	874.3631
106.32679	879.20831
106.37889	871.01471
106.431	869.31769
106.48311	877.36499
106.53521	877.77686
106.58732	876.86627
106.63943	870.59973
106.69153	873.51685
106.74364	877.33929
106.79575	874.94135
106.84785	867.45404
106.89996	873.97394
106.95206	880.26959
107.00417	873.95435
107.05627	867.75018
107.10838	869.65887
107.16048	875.24481
107.21259	873.11481
107.2647	869.4729
107.3168	873.13806
107.36891	877.50616
107.42102	879.53491
107.47312	874.50684
107.52523	872.40198
107.57734	876.43292
107.62944	873.02429
107.68155	872.22162
107.73366	871.17529
107.78576	874.15607
107.83787	876.53662
107.88998	872.3493
107.94208	874.71198
107.99419	876.2478
108.0463	880.60895
108.0984	870.45068
108.15051	875.73737
108.20261	877.01489
108.25471	877.98132
108.30682	871.7467
108.35893	870.59735
108.41103	872.56128
108.46314	874.98254
108.51525	870.50134
108.56735	872.4137
108.61946	872.74835
108.67157	881.29883
108.72367	879.00122
108.77578	874.64642
108.82789	875.34015
108.87999	877.88367
108.9321	877.63379
108.98421	873.69171
109.03631	872.69141
109.08842	875.91992
109.14053	878.45288
109.19263	873.19653
109.24474	870.5
109.29684	879.53717
109.34895	876.23572
109.40105	867.3161
109.45316	873.49994
109.50526	880.10077
109.55737	878.78528
109.60947	866.98615
109.66158	871.76898
109.71369	875.59448
109.76579	877.98901
109.8179	873.13647
109.87001	868.2832
109.92211	874.84686
109.97422	873.72717
110.02633	868.79822
110.07843	872.51404
110.13054	877.4491
110.18265	875.04706
110.23475	871.41187
110.28686	871.17651
110.33897	876.51611
110.39107	879.28833
110.44318	875.17468
110.49529	871.29492
110.54739	874.32574
110.59949	877.19226
110.6516	875.22607
110.7037	875.75977
110.75581	876.92993
110.80792	875.34271
110.86002	873.70227
110.91213	870.4472
110.96424	871.43024
111.01634	874.39343
111.06845	879.5246
111.12056	872.3089
111.17266	873.07184
111.22477	877.50732
111.27688	875.21155
111.32898	873.80438
111.38109	872.93976
111.4332	873.54907
111.4853	876.85919
111.53741	873.94592
111.58952	871.50848
111.64162	878.76794
111.69373	874.02765
111.74583	872.086
111.79794	872.29309
111.85004	873.97906
111.90215	874.37006
111.95425	868.42316
112.00636	870.99756
112.05847	874.56763
112.11057	876.98938
112.16268	872.24506
112.21479	866.1803
112.26689	869.41632
112.319	873.60999
112.37111	871.82605
112.42321	868.65277
112.47532	870.88202
112.52743	876.15741
112.57953	875.79126
112.63164	872.08447
112.68375	871.27826
112.73585	873.87537
112.78796	872.28491
112.84007	871.39563
112.89217	872.99988
112.94427	873.54871
112.99638	880.49786
113.04848	872.62439
113.10059	871.63275
113.1527	875.59253
113.2048	880.59772
113.25691	873.3175
113.30901	872.797
113.36112	874.64777
113.41323	876.13184
113.46533	871.01428
113.51744	866.45868
113.56955	870.66089
113.62165	871.36652
113.67376	870.49976
113.72587	870.61646
113.77797	877.71906
113.83008	873.74121
113.88219	872.15503
113.93429	872.0246
113.9864	872.39178
114.03851	876.52051
114.09061	874.30774
114.14272	871.19116
114.19482	875.70313
114.24693	877.505
114.29903	873.82007
114.35114	870.05182
114.40324	869.92401
114.45535	876.13501
114.50746	877.08374
114.55956	874.19958
114.61167	873.7558
114.66378	872.57379
114.71588	874.83246
114.76799	877.20386
114.8201	870.93591
114.8722	873.78607
114.92431	881.34314
114.97642	873.66089
115.02852	872.68732
115.08063	872.18994
115.13274	877.23743
115.18484	876.32007
115.23695	871.40796
115.28905	871.90314
115.34116	872.14948
115.39326	874.08136
115.44537	874.64276
115.49747	876.42603
115.54958	880.90344
115.60169	875.09692
115.65379	870.81659
115.7059	875.09528
115.75801	881.23694
115.81011	880.40063
115.86222	875.58875
115.91433	874.80554
115.96643	877.00421
116.01854	874.76355
116.07065	869.13232
116.12275	870.64618
116.17486	876.75342
116.22697	876.29779
116.27907	872.35864
116.33118	874.40491
116.38329	876.901
116.43539	870.94019
116.4875	872.87756
116.5396	874.81506
116.59171	876.98181
116.64381	880.47638
116.69592	871.82111
116.74802	879.54565
116.80013	874.69025
116.85224	876.43951
116.90434	875.63525
116.95645	875.98804
117.00856	873.47821
117.06066	875.51453
117.11277	872.45605
117.16487	875.74493
117.21698	880.34247
117.26909	877.28558
117.32119	872.4754
117.3733	871.66656
117.42541	876.34204
117.47751	877.24701
117.52962	872.09717
117.58173	871.12292
117.63383	875.50122
117.68594	878.46906
117.73804	877.67377
117.79015	879.07568
117.84225	880.43695
117.89436	876.18951
117.94646	875.06396
117.99857	870.27191
118.05068	873.21436
118.10278	879.58917
118.15489	877.92542
118.207	870.49017
118.2591	873.97931
118.31121	880.07477
118.36332	880.17847
118.41542	871.98059
118.46753	872.55798
118.51964	876.43677
118.57174	879.34735
118.62385	871.45947
118.67596	867.29834
118.72806	874.41058
118.78017	878.40509
118.83228	873.58972
118.88438	869.65204
118.93649	873.49066
118.98859	878.94421
119.0407	872.67865
119.0928	869.0719
119.14491	871.48193
119.19701	874.13141
119.24912	874.60608
119.30123	873.56158
119.35333	877.10321
119.40544	877.16168
119.45755	871.74896
119.50965	871.19647
119.56176	876.14813
119.61387	882.39252
119.66597	882.24774
119.71808	877.04828
119.77019	876.51086
119.82229	878.17023
119.8744	879.88477
119.92651	874.77539
119.97861	878.53107
120.03072	871.00128
120.08282	877.15741
120.13493	871.92712
120.18703	872.92249
120.23914	874.44122
120.29124	878.3205
120.34335	876.87671
120.39546	872.13251
120.44756	878.63977
120.49967	880.19824
120.55178	875.63794
120.60388	871.93805
120.65599	874.8714
120.7081	876.56757
120.7602	876.43518
120.81231	873.13147
120.86442	875.16742
120.91652	872.92102
120.96863	870.78845
121.02073	873.71747
121.07284	874.11023
121.12495	877.79279
121.17705	874.54718
121.22916	869.58765
121.28127	874.74835
121.33337	876.23846
121.38548	874.95239
121.43758	874.37799
121.48969	874.36908
121.54179	877.45813
121.5939	875.4267
121.646	871.86249
121.69811	872.55035
121.75022	874.62079
121.80232	878.51398
121.85443	876.5827
121.90654	871.90582
121.95864	873.81427
122.01075	874.99445
122.06286	867.72321
122.11496	872.08844
122.16707	877.39575
122.21918	875.88147
122.27128	872.61011
122.32339	866.21643
122.3755	875.93237
122.4276	878.59314
122.47971	876.00592
122.53181	872.60474
122.58392	873.45709
122.63602	878.25989
122.68813	874.32312
122.74023	871.79614
122.79234	876.90887
122.84445	878.47919
122.89655	873.42767
122.94866	869.40417
123.00077	873.88922
123.05287	880.77069
123.10498	878.60474
123.15709	875.39465
123.20919	879.22156
123.2613	880.31689
123.31341	875.48145
123.36551	869.76385
123.41762	874.49487
123.46973	875.09473
123.52183	872.75635
123.57394	872.20673
123.62605	877.992
123.67815	877.21149
123.73026	878.17896
123.78236	878.87634
123.83447	873.12848
123.88657	875.55219
123.93868	887.01367
123.99078	876.5274
124.04289	876.48444
124.095	874.8598
124.1471	875.00195
124.19921	872.66345
124.25132	872.85474
124.30342	876.06573
124.35553	879.58679
124.40764	875.04999
124.45974	872.89471
124.51185	871.48206
124.56396	873.87201
124.61606	872.03979
124.66817	871.50122
124.72027	877.15619
124.77238	881.51746
124.82449	878.88135
124.87659	873.46667
124.9287	873.83173
124.9808	874.67877
125.03291	869.99139
125.08501	868.1178
125.13712	870.23755
125.18922	872.44366
125.24133	880.45062
125.29344	877.62689
125.34554	874.00769
125.39765	875.11237
125.44976	880.85046
125.50186	872.2627
125.55397	880.58136
125.60608	872.9682
125.65818	871.99396
125.71029	873.43134
125.7624	874.88464
125.8145	876.33783
125.86661	879.10822
125.91872	869.2832
125.97082	870.74762
126.02293	875.02429
126.07504	880.91528
126.12714	874.02448
126.17924	871.65857
126.23135	874.315
126.28345	878.35699
126.33556	875.62054
126.38767	876.17889
126.43977	875.63794
126.49188	874.76172
126.54399	874.42432
126.59609	874.11053
126.6482	877.64612
126.70031	879.79736
126.75241	876.59753
126.80452	872.73517
126.85663	873.06866
126.90873	875.30762
126.96084	875.23376
127.01295	870.00671
127.06505	873.07214
127.11716	877.67108
127.16927	877.79919
127.22137	872.2049
127.27348	875.16992
127.32558	882.06799
127.37769	877.93817
127.42979	879.26782
127.4819	870.5235
127.534	880.86389
127.58611	878.58746
127.63822	875.22253
127.69032	872.25391
127.74243	878.14642
127.79454	880.16077
127.84664	875.65851
127.89875	871.33313
127.95086	876.13177
128.00296	873.81879
128.05507	871.8338
128.10718	871.83051
128.15929	871.82715
128.21138	877.33575
128.26349	876.08081
128.3156	872.86267
128.36771	878.01282
128.41982	881.84521
128.47192	877.37897
128.52402	874.54657
128.57613	878.17963
128.62823	878.44666
128.68034	875.38141
128.73245	869.99738
128.78456	871.4021
128.83665	877.63708
128.88876	878.15991
128.94087	875.50989
128.99298	874.57275
129.04509	876.45154
129.0972	877.9516
129.14929	879.00122
129.2014	867.98627
129.25351	874.26636
129.30562	875.71985
129.35773	877.64825
129.40984	875.90649
129.46193	877.52698
129.51404	879.46619
129.56615	873.89594
129.61826	875.1507
129.67036	877.28455
129.72247	881.46906
129.77457	877.32452
129.82668	872.45551
129.87878	875.19238
129.93089	881.33502
129.983	877.35321
130.03511	873.49518
130.0872	874.25177
130.13931	875.99933
130.19142	873.02289
130.24353	870.54358
130.29564	873.99225
130.34775	876.90308
130.39984	877.92987
130.45195	873.37152
130.50406	869.25519
130.55617	874.40137
130.60828	874.98883
130.66037	871.08179
130.71248	869.5744
130.76459	871.86798
130.8167	875.00824
130.8688	874.21332
130.92091	874.60425
130.97301	874.39856
131.02512	878.00531
131.07722	874.15497
131.12933	876.58044
131.18144	872.36273
131.23355	871.66974
131.28564	876.08655
131.33775	877.05493
131.38986	880.87756
131.44197	876.77747
131.49408	874.05713
131.54619	874.73413
131.59828	872.94342
131.65039	873.48859
131.7025	872.43896
131.75461	871.91443
131.80672	876.95184
131.85883	877.19562
131.91092	878.66467
131.96303	876.10089
132.01514	873.05426
132.06725	876.4718
132.11935	878.29144
132.17146	876.11932
132.22356	880.54462
132.27567	887.58728
132.32777	876.55975
132.37988	876.2616
132.43199	876.3526
132.4841	877.95477
132.53619	876.57031
132.5883	877.00208
132.64041	871.18591
132.69252	877.72314
132.74463	878.93683
132.79674	877.7243
132.84883	873.72314
132.90094	878.48383
132.95305	875.08026
133.00516	879.31128
133.05727	870.71393
133.10938	875.84491
133.16147	877.37573
133.21358	867.82837
133.26569	874.94049
133.31779	873.07355
133.3699	879.55603
133.42201	873.61884
133.47411	875.73309
133.52621	882.3468
133.57832	879.33435
133.63043	874.63196
133.68254	876.11176
133.73465	876.85309
133.78674	875.70111
133.83885	871.95056
133.89096	870.35364
133.94307	872.67877
133.99518	874.82916
134.04729	875.70074
134.09938	872.94604
134.15149	872.61053
134.2036	872.54712
134.25571	875.72809
134.30782	878.70026
134.35991	873.86786
134.41202	875.23499
134.46413	874.09698
134.51624	872.82318
134.56834	875.46924
134.62045	876.10883
134.67255	878.10797
134.72466	872.40594
134.77676	872.40265
134.82887	874.81329
134.88098	874.896
134.93309	871.25507
134.98518	870.00812
135.03729	874.57709
135.0894	873.73322
135.14151	872.58258
135.19362	875.06586
135.24573	875.1322
135.29782	876.6496
135.34993	872.23517
135.40204	873.14246
135.45415	880.19672
135.50626	880.95654
135.55836	879.06665
135.61046	874.50092
135.66257	875.4848
135.71468	878.86768
135.76678	876.23169
135.81889	873.04224
135.871	873.75128
135.9231	876.5791
135.9752	875.49921
136.02731	877.41663
136.07942	879.80096
136.13153	876.00134
136.18364	872.07758
136.23573	872.44586
136.28784	876.6272
136.33995	875.87756
136.39206	875.50195
136.44417	870.315
136.49628	875.39203
136.54837	876.9046
136.60048	879.70093
136.65259	871.92334
136.7047	870.34735
136.75681	874.90802
136.80891	877.96783
136.86101	873.04541
136.91312	873.95093
136.96523	878.33453
137.01733	879.25879
137.06944	874.70428
137.12155	877.27039
137.17365	875.93829
137.22575	878.4563
137.27786	876.03827
137.32997	870.95428
137.38208	875.43958
137.43419	880.01355
137.48628	877.01898
137.53839	874.2254
137.5905	875.41986
137.64261	879.4256
137.69472	878.48224
137.74683	872.11877
137.79892	873.04675
137.85103	878.41302
137.90314	879.58514
137.95525	872.27307
138.00735	873.11456
138.05946	878.12164
138.11156	876.58911
138.16367	877.40997
138.21577	874.11572
138.26788	876.50372
138.31999	875.35284
138.37209	876.59192
138.42419	868.0824
138.4763	880.1524
138.52841	877.71826
138.58052	871.96124
138.63263	871.19427
138.68472	874.72772
138.73683	878.61261
138.78894	875.37286
138.84105	870.5899
138.89316	873.16064
138.94527	874.89026
138.99736	872.58685
139.04947	875.12549
139.10158	874.6106
139.15369	878.77209
139.2058	875.7655
139.2579	871.82104
139.31	875.255
139.36211	877.3092
139.41422	875.84766
139.46632	872.47723
139.51843	873.1947
139.57054	877.59509
139.62263	875.62134
139.67474	874.23651
139.72685	875.56152
139.77896	875.06897
139.83107	877.46271
139.88318	869.83057
139.93527	872.39435
139.98738	877.5686
140.03949	874.08185
140.0916	876.34473
140.14371	875.46765
140.19582	878.3764
140.24791	876.336
140.30002	872.94641
140.35213	870.09521
140.40424	877.87054
140.45634	881.84204
140.50845	879.26514
140.56055	873.20844
140.61266	876.86938
140.66476	874.16266
140.71687	869.05066
140.76898	871.15906
140.82109	872.77246
140.87318	874.8363
140.92529	873.75214
140.9774	875.36682
141.02951	878.11945
141.08162	876.51953
141.13373	868.77759
141.18582	869.57147
141.23793	874.83044
141.29004	875.22064
141.34215	873.51794
141.39426	873.61359
141.44637	876.25476
141.49846	876.77399
141.55057	873.6673
141.60268	869.74493
141.65479	869.62518
141.70689	876.60254
141.759	875.51746
141.8111	871.33441
141.8632	872.18689
141.91531	877.30243
141.96742	877.50281
142.01953	870.18079
142.07162	875.33838
142.12373	874.84534
142.17584	880.0766
142.22795	871.98047
142.28006	875.86749
142.33217	875.43854
142.38426	875.41461
142.43637	875.41125
142.48848	870.586
142.54059	874.99896
142.5927	880.42029
142.64481	873.85248
142.6969	877.646
142.74901	876.43329
142.80112	877.88013
142.85323	874.43408
142.90533	874.35309
142.95744	873.17377
143.00954	873.68115
143.06165	871.70953
143.11375	870.46271
143.16586	871.3645
143.21797	874.31793
143.27008	876.42664
143.32217	874.03992
143.37428	873.37811
143.42639	873.50592
143.4785	871.87842
143.53061	874.48419
143.58272	878.13898
143.63481	877.32788
143.68692	871.23395
143.73903	866.69202
143.79114	874.47595
143.84325	879.0741
143.89536	876.85559
143.94745	871.14441
143.99956	874.10022
144.05167	877.30762
144.10378	877.13525
144.15588	871.30249
144.20799	873.24487
144.26009	873.7674
144.31219	877.92596
144.3643	874.27472
144.41641	872.05548
144.46852	874.2926
144.52063	880.44678
144.57272	871.20746
144.62483	869.40399
144.67694	873.40857
144.72905	880.02246
144.78116	878.21808
144.83327	874.96436
144.88536	873.94458
144.93747	875.82312
144.98958	871.31543
145.04169	866.20624
145.0938	870.84668
145.1459	877.67084
145.198	877.90924
145.25011	876.80353
145.30222	876.21796
145.35432	875.65894
145.40643	877.11456
145.45854	874.13959
145.51064	876.60114
145.56274	872.84363
145.61485	873.80487
145.66696	875.06818
145.71907	874.45575
145.77116	881.33167
145.82327	876.30304
145.87538	873.69073
145.92749	874.21991
145.9796	880.63464
146.03171	879.52582
146.0838	872.71222
146.13591	870.25421
146.18802	874.87451
146.24013	871.51251
146.29224	876.03992
146.34435	873.65259
146.39644	875.23877
146.44855	876.0567
146.50066	869.92352
146.55276	872.65479
146.60487	873.05731
146.65698	875.42981
146.70908	873.62122
146.76118	874.06305
146.81329	877.59509
146.8654	880.89453
146.91751	877.6261
146.96962	871.97955
147.02171	871.38739
147.07382	876.94385
147.12593	877.97717
147.17804	873.60706
147.23015	874.20404
147.28226	875.66022
147.33435	875.03882
147.38646	871.77441
147.43857	871.96759
147.49068	875.41455
147.54279	877.65295
147.59489	871.17584
147.64699	867.21735
147.6991	880.52185
147.75121	877.047
147.80331	872.78735
147.85542	866.64014
147.90753	873.78546
147.95963	877.79022
148.01173	866.59552
148.06384	879.15405
148.11595	873.4212
148.16806	876.24805
148.22017	872.09656
148.27226	870.67499
148.32437	875.12628
148.37648	876.03021
148.42859	876.02679
148.4807	869.98718
148.53281	874.20563
148.5849	875.81598
148.63701	873.1543
148.68912	872.98102
148.74123	877.22894
148.79333	879.50342
148.84544	873.54987
148.89754	869.53662
148.94965	873.84216
149.00175	878.7063
149.05386	875.16064
149.10597	871.6474
149.15808	875.50763
149.21017	877.49945
149.26228	876.9895
149.31439	872.92188
149.3665	870.74786
149.41861	874.51715
149.47072	875.74548
149.52281	868.07629
149.57492	868.61975
149.62703	875.88263
149.67914	872.93982
149.73125	873.44739
149.78334	871.83905
149.83545	876.38953
149.88756	876.72839
149.93967	873.85962
149.99178	869.90625
150.04388	878.77216
150.09598	880.22906
150.14809	873.60797
150.2002	874.28156
150.2523	875.51672
150.30441	876.24237
150.35652	874.38342
150.40862	874.1416
150.46072	872.51215
150.51283	873.38184
150.56494	872.43152
150.61705	870.7746
150.66916	875.29407
150.72125	876.24164
150.77336	872.2691
150.82547	872.16864
150.87758	873.55566
150.92969	877.97852
150.9818	879.6463
151.03389	875.4541
151.086	874.79987
151.13811	878.03497
151.19022	877.3291
151.24232	874.51727
151.29443	876.87817
151.34653	877.17395
151.39864	877.79736
151.45074	871.87579
151.50285	873.09045
151.55496	874.40942
151.60707	877.84521
151.65916	875.32776
151.71127	870.56067
151.76338	874.67676
151.81549	873.5658
151.8676	876.63879
151.91971	872.72174
151.9718	875.53644
152.02391	875.49658
152.07602	874.24561
152.12813	872.68732
152.18024	877.39099
152.23235	876.75629
152.28444	874.58478
152.33655	873.4021
152.38866	870.68872
152.44077	878.17236
152.49287	877.56714
152.54498	880.586
152.59708	877.23822
152.64919	876.42944
152.70129	877.06464
152.7534	875.10181
152.80551	874.14478
152.85762	877.42889
152.90971	877.63135
152.96182	876.3869
153.01393	874.62677
153.06604	876.44708
153.11815	876.55847
153.17026	874.87622
153.22235	872.86334
153.27446	874.0976
153.32657	877.05035
153.37868	874.09436
153.43079	875.03925
153.48288	875.98889
153.53499	876.23993
153.5871	876.85101
153.63921	877.44135
153.69131	872.53998
153.74342	876.12885
153.79552	874.83997
153.84763	871.4455
153.89973	872.61963
153.95184	874.85632
154.00395	877.61017
154.05606	877.9754
154.10815	877.98822
154.16026	876.69379
154.21237	876.41125
154.26448	872.98535
154.31659	876.19525
154.3687	875.80054
154.42079	875.505
154.4729	877.38733
154.52501	875.85101
154.57712	873.97485
154.62923	874.84692
154.68134	879.65759
154.73343	878.95966
154.78554	874.67981
154.83765	874.38202
154.88976	876.54565
154.94186	875.75848
154.99397	874.45776
155.04607	876.30438
155.09818	876.54669
155.15028	875.43591
155.20239	875.73846
155.2545	874.12445
155.30661	875.17328
155.3587	874.87
155.41081	875.96362
155.46292	876.91309
155.51503	879.08099
155.56714	872.72101
155.61925	871.89392
155.67134	874.89771
155.72345	874.47858
155.77556	874.81555
155.82767	872.06354
155.87978	881.28949
155.93188	872.34229
155.98398	874.24707
156.03609	883.4223
156.0882	873.09167
156.1403	873.10309
156.19241	874.22809
156.24452	872.44397
156.29662	870.76935
156.34872	872.59265
156.40083	875.15375
156.45294	876.23322
156.50505	877.36047
156.55716	874.19067
156.60925	872.18066
156.66136	874.34302
156.71347	875.87988
156.76558	874.11481
156.81769	872.37323
156.8698	873.48645
156.92189	876.33099
156.974	876.41211
157.02611	873.54071
157.07822	872.0213
157.13033	869.11627
157.18243	873.06598
157.23453	878.47314
157.28664	877.01208
157.33875	874.87775
157.39085	871.3288
157.44296	873.15356
157.49506	869.52789
157.54716	875.24707
157.59927	874.52686
157.65138	878.27405
157.70349	876.32709
157.7556	879.21179
157.80769	874.61902
157.8598	873.85132
157.91191	879.09277
157.96402	874.2522
158.01613	873.70868
158.06824	876.58215
158.12033	876.52075
158.17244	875.54565
158.22455	877.77655
158.27666	874.33093
158.32877	871.29187
158.38087	875.79626
158.43297	876.97009
158.48508	875.76605
158.53719	876.03424
158.58929	873.42572
158.6414	870.51233
158.69351	873.00598
158.74561	877.11066
158.79771	876.83698
158.84982	875.67883
158.90193	877.2392
158.95404	876.91785
159.00615	876.23248
159.05824	875.44342
159.11035	874.39423
159.16246	877.29749
159.21457	874.0741
159.26668	875.49182
159.31879	874.3335
159.37088	875.58173
159.42299	878.81592
159.4751	873.35034
159.52721	877.177
159.57932	874.74426
159.63142	875.6449
159.68352	873.84009
159.73563	877.27136
159.78773	875.07751
159.83984	875.09906
159.89195	877.61182
159.94406	874.64374
159.99615	873.29083
160.04826	876.80548
160.10037	873.26227
160.15248	874.51801
160.20459	873.90216
160.2567	874.80762
160.30879	875.56104
160.3609	874.026
160.41301	873.67358
160.46512	876.65625
160.51723	875.8064
160.56934	875.93683
160.62143	878.32111
160.67354	875.32104
160.72565	876.5307
160.77776	877.11194
160.82986	875.73022
160.88197	876.5531
160.93407	875.36005
160.98618	875.88171
161.03828	875.5907
161.09039	877.93365
161.1425	879.2467
161.1946	876.75745
161.2467	874.25549
161.29881	875.77966
161.35092	870.45752
161.40303	866.07983
161.45514	873.36285
161.50723	873.09985
161.55934	875.35791
161.61145	876.89691
161.66356	877.06165
161.71567	872.89832
161.76778	875.67316
161.81987	878.10376
161.87198	880.04456
161.92409	874.4231
161.9762	875.50293
162.02831	878.69904
162.08041	881.12579
162.13251	879.59778
162.18462	875.12488
162.23672	871.91913
162.28883	872.59607
162.34094	874.2666
162.39305	877.32874
162.44514	876.54077
162.49725	872.33478
162.54936	874.66107
162.60147	876.14386
162.65358	875.1684
162.70569	873.58893
162.75778	871.62823
162.80989	871.74188
162.862	873.16589
162.91411	880.50519
162.96622	877.09662
163.01833	869.30054
163.07042	866.52063
163.12253	879.03369
163.17464	874.19513
163.22675	878.3562
163.27885	873.97742
163.33096	874.43829
163.38306	876.80054
163.43517	875.1236
163.48727	878.9231
163.53938	876.44342
163.59149	878.83759
163.6436	877.43231
163.69569	872.29205
163.7478	871.67297
163.79991	874.43573
163.85202	871.97253
163.90413	874.38916
163.95624	875.77997
164.00833	876.32056
164.06044	875.46094
164.11255	875.50616
164.16466	875.87775
164.21677	876.63586
164.26888	878.5957
164.32097	877.19135
164.37308	874.1814
164.42519	876.95923
164.47729	879.56201
164.5294	876.69324
164.58151	878.32013
164.63361	877.23785
164.68571	878.6554
164.73782	872.84546
164.78993	875.78937
164.84204	874.00836
164.89415	877.28638
164.94624	877.17206
164.99835	879.37042
165.05046	873.81805
165.10257	873.31635
165.15468	872.3407
165.20677	871.36505
165.25888	874.15393
165.31099	875.24048
165.3631	873.99506
165.41521	872.96234
165.46732	870.32568
165.51941	873.42627
165.57152	878.96118
165.62363	878.43781
165.67574	871.68286
165.72784	875.8783
165.77995	880.79132
165.83205	879.2453
165.88416	880.22797
165.93626	877.71472
165.98837	876.44629
166.04048	878.30695
166.09259	879.02649
166.14468	879.27356
166.19679	878.60443
166.2489	876.10162
166.30101	874.1521
166.35312	875.30176
166.40523	876.59039
166.45732	876.33563
166.50943	873.69336
166.56154	872.87396
166.61365	874.96649
166.66576	875.73999
166.71786	876.24115
166.76996	877.8902
166.82207	872.89972
166.87418	873.97021
166.92628	871.42645
166.97839	874.56793
167.0305	869.73615
167.0826	876.05292
167.1347	876.6839
167.18681	872.56531
167.23892	873.09613
167.29103	877.52594
167.34314	870.65631
167.39523	871.21851
167.44734	871.29846
167.49945	874.58551
167.55156	875.31921
167.60367	871.67834
167.65578	875.896
167.70787	878.67291
167.75998	874.96277
167.81209	873.55206
167.8642	873.0368
167.91631	874.03394
167.96841	874.13239
168.02051	871.93201
168.07262	872.28259
168.12473	872.58173
168.17683	870.94379
168.22894	870.45422
168.28105	871.68121
168.33315	875.26471
168.38525	877.63959
168.43736	879.08142
168.48947	876.59045
168.54158	877.80981
168.59369	877.06372
168.64578	878.43048
168.69789	874.48511
168.75	873.70282
168.80211	874.77631
168.85422	877.07843
168.90631	876.53003
168.95842	872.1499
169.01053	871.60938
169.06264	877.18079
169.11475	875.77234
169.16685	874.7016
169.21895	874.1507
169.27106	873.24933
169.32317	875.45673
169.37527	876.0658
169.42738	877.91504
169.47949	881.4137
169.53159	876.03448
169.58369	874.70032
169.6358	874.60144
169.68791	881.60248
169.74002	879.6153
169.79213	875.91376
169.84422	875.72949
169.89633	874.03717
169.94844	873.52899
170.00055	874.8479
170.05266	876.52228
170.10477	876.51892
170.15686	875.97736
170.20897	875.50964
170.26108	875.44391
170.31319	873.9754
170.3653	876.75189
170.4174	876.83112
170.4695	876.05756
170.52161	881.56757
170.57372	876.91846
170.62582	876.65588
170.67793	877.7226
170.73004	874.80127
170.78214	872.19946
170.83424	878.95355
170.88635	875.05865
170.93846	879.24213
170.99057	876.69299
171.04268	881.38599
171.09477	876.30829
171.14688	876.71405
171.19899	872.47021
171.2511	877.74243
171.30321	872.60162
171.35532	877.40125
171.40741	876.05444
171.45952	874.43188
171.51163	873.12592
171.56374	873.9856
171.61584	873.13055
171.66795	874.76819
171.72005	879.35785
171.77216	879.86462
171.82426	874.98907
171.87637	873.24988
171.92848	873.23126
171.98059	871.41583
172.03268	873.46484
172.08479	875.97906
172.1369	878.7254
172.18901	877.04114
172.24112	874.01746
172.29323	873.64453
172.34532	872.13605
172.39743	874.58606
172.44954	873.12329
172.50165	872.00092
172.55376	873.46106
172.60585	878.15338
172.65796	875.88232
172.71007	876.37939
172.76218	877.34521
172.81429	873.93671
172.86639	878.57581
172.91849	881.13751
172.9706	873.30066
173.02271	874.92804
173.07481	878.68274
173.12692	873.23749
173.17903	870.2522
173.23112	872.84839
173.28323	874.17993
173.33534	878.18134
173.38745	875.40991
173.43956	873.62939
173.49167	875.98053
173.54376	876.40442
173.59587	873.23566
173.64798	872.37439
173.70009	875.08905
173.7522	877.02832
173.80431	875.20721
173.8564	874.2962
173.90851	873.83289
173.96062	870.84088
174.01273	871.59119
174.06483	872.07971
174.11694	875.25659
174.16904	878.21307
174.22115	876.14087
174.27325	876.10651
174.32536	880.73712
174.37747	872.57343
174.42958	873.96588
174.48167	872.40356
174.53378	873.94379
174.58589	876.23077
174.638	876.13696
174.69011	873.22266
174.74222	872.73279
174.79431	873.66687
174.84642	873.71411
174.89853	875.50214
174.95064	874.40405
175.00275	877.99323
175.05486	873.80951
175.10695	874.66827
175.15906	872.90942
175.21117	879.17017
175.26328	874.96271
175.31538	874.22693
175.36749	879.4328
175.41959	878.22687
175.47169	872.57086
175.5238	871.31787
175.57591	875.72162
175.62802	878.66388
175.68013	876.68677
175.73222	874.42389
175.78433	876.57257
175.83644	877.99872
175.88855	874.48846
175.94066	875.34033
175.99277	877.14594
176.04486	872.3606
176.09697	875.55243
176.14908	875.11542
176.20119	872.6579
176.2533	878.43036
176.3054	873.96484
176.3575	876.19861
176.40961	878.24939
176.46172	868.38635
176.51382	871.56342
176.56593	877.87158
176.61803	872.13562
176.67014	875.05255
176.72224	876.052
176.77435	881.21545
176.82646	875.7041
176.87857	876.84033
176.93066	882.19
176.98277	871.93854
177.03488	878.35425
177.08699	875.55438
177.1391	876.302
177.19121	876.34503
177.2433	872.94739
177.29541	874.54974
177.34752	878.92603
177.39963	879.63239
177.45174	877.87628
177.50385	875.36743
177.55594	874.57178
177.60805	875.79437
177.66016	876.05457
177.71227	874.39966
177.76437	872.38824
177.81648	873.31848
177.86858	874.15771
177.92068	873.78247
177.97279	878.21558
178.0249	876.65594
178.07701	876.34167
178.12912	874.02441
178.18121	874.20184
178.23332	880.49634
178.28543	879.21582
178.33754	872.68927
178.38965	873.82648
178.44176	872.68292
178.49385	875.05975
178.54596	876.50342
178.59807	877.47522
178.65018	881.36566
178.70229	874.83392
178.75439	877.68597
178.80649	878.40662
178.8586	875.41803
178.91071	877.89813
178.96281	875.18964
179.01492	881.14746
179.06703	878.75146
179.11913	877.80713
179.17123	874.39099
179.22334	876.34503
179.27545	875.96118
179.32756	876.50006
179.37967	876.21625
179.43176	876.28442
179.48387	873.61462
179.53598	871.4364
179.58809	874.6449
179.6402	877.64142
179.69231	878.12482
179.7444	876.30859
179.79651	872.02478
179.84862	873.91046
179.90073	878.85522
179.95284	876.13623
180.00494	876.45032
180.05704	872.58728
180.10915	878.29248
180.16125	875.64789
180.21336	874.13373
180.26547	879.71149
180.31757	878.28699
180.36967	874.10504
180.42178	872.23077
180.47389	876.75488
180.526	874.82654
180.57811	873.84943
180.6302	876.75201
180.68231	877.31061
180.73442	876.87701
180.78653	872.3783
180.83864	875.71899
180.89075	875.90637
180.94284	877.85205
180.99495	872.81921
181.04706	869.79669
181.09917	873.71057
181.15128	876.72241
181.20338	873.22229
181.25548	871.9563
181.30759	876.69446
181.3597	877.79114
181.4118	879.38129
181.46391	874.15021
181.51602	871.94513
181.56812	875.28198
181.62022	875.7489
181.67233	884.49146
181.72444	888.08398
181.77655	877.78925
181.82866	876.81323
181.88075	876.23529
181.93286	873.25842
181.98497	874.40265
182.03708	876.8609
182.08919	875.63123
182.1413	875.3493
182.19339	876.92493
182.2455	881.38159
182.29761	877.51355
182.34972	882.57648
182.40182	880.80212
182.45393	875.52014
182.50603	871.79724
182.55814	874.71503
182.61024	877.63373
182.66235	873.92505
182.71446	877.39075
182.76657	881.72955
182.81866	876.55743
182.87077	872.32983
182.92288	873.3269
182.97499	876.85168
183.0271	879.21582
183.07921	875.99609
183.1313	876.46082
183.18341	877.17804
183.23552	879.48279
183.28763	877.18756
183.33974	875.16809
183.39185	877.19873
183.44394	878.38385
183.49605	877.09967
183.54816	873.8905
183.60027	875.9455
183.65237	877.71637
183.70448	875.20673
183.75658	876.24243
183.80869	876.01068
183.86079	874.72699
183.9129	871.77283
183.96501	874.89679
184.01712	877.3772
184.06921	875.29218
184.12132	881.88318
184.17343	875.23285
184.22554	874.9295
184.27765	879.94208
184.32974	870.50702
184.38185	877.33978
184.43396	874.68933
184.48607	875.91895
184.53818	871.15442
184.59029	877.96906
184.64238	875.69177
184.69449	876.04657
184.7466	878.7937
184.79871	874.23792
184.85081	870.58337
184.90292	877.10217
184.95502	874.15533
185.00713	875.00055
185.05923	878.18207
185.11134	874.71088
185.16345	873.7489
185.21556	875.39178
185.26765	877.01361
185.31976	874.74872
185.37187	873.92938
185.42398	876.52454
185.47609	877.75934
185.5282	879.33679
185.58029	877.83167
185.6324	876.38177
185.68451	876.7597
185.73662	875.75488
185.78873	876.34705
185.84084	877.22174
185.89293	878.13751
185.94504	871.43164
185.99715	873.6394
186.04926	873.34698
186.10136	873.12115
186.15347	878.17664
186.20557	876.07745
186.25768	872.75824
186.30978	876.52277
186.36189	873.42163
186.414	873.323
186.46611	877.12671
186.5182	870.88385
186.57031	867.96002
186.62242	867.46936
186.67453	873.62518
186.72664	876.25964
186.77875	873.75293
186.83084	876.93268
186.88295	880.82642
186.93506	879.79529
186.98717	875.85553
187.03928	875.69946
187.09138	875.92688
187.14348	875.92352
187.19559	873.84271
187.2477	875.58386
187.2998	877.23389
187.35191	877.71771
187.40402	876.43243
187.45612	877.65997
187.50822	878.05402
187.56033	874.07684
187.61244	871.39337
187.66455	871.62079
187.71666	872.75818
187.76875	875.52417
187.82086	876.72607
187.87297	877.21014
187.92508	879.53918
187.97719	872.79156
188.02928	867.84259
188.08139	872.22174
188.1335	871.74536
188.18561	875.74011
188.23772	873.26318
188.28983	873.31262
188.34192	875.20245
188.39403	871.1524
188.44614	874.07269
188.49825	876.78448
188.55035	875.79333
188.60246	874.33075
188.65456	875.3017
188.70667	879.12238
188.75877	875.62207
188.81088	875.31628
188.86299	874.43976
188.9151	871.76624
188.96719	875.41791
189.0193	877.09973
189.07141	876.91376
189.12352	871.94739
189.17563	870.6532
189.22774	873.22168
189.27983	876.29419
189.33194	876.63892
189.38405	877.20709
189.43616	875.40411
189.48827	874.34033
189.54037	874.22729
189.59247	876.60773
189.64458	876.56097
189.69669	872.5946
189.74879	872.57782
189.8009	877.57391
189.85301	879.32648
189.90511	876.56732
189.95721	877.54028
190.00932	874.33636
190.06143	875.87128
190.11354	874.91498
190.16565	877.63599
190.21774	874.98413
190.26985	872.78265
190.32196	875.8642
190.37407	879.21582
190.42618	879.43372
190.47829	881.03864
190.53038	878.81726
190.58249	872.87537
190.6346	877.67163
190.68671	874.74377
190.73882	873.73383
190.79092	873.68896
190.84302	866.87628
190.89513	875.00952
190.94724	878.75085
190.99934	877.92743
191.05145	875.25146
191.10356	878.96729
191.15565	875.62769
191.20776	875.98962
191.25987	874.18903
191.31198	879.62036
191.36409	877.73712
191.4162	874.20386
191.46829	873.94775
191.5204	873.56256
191.57251	873.41595
191.62462	875.22308
191.67673	874.61646
191.72884	875.50018
191.78093	875.67828
191.83304	873.19263
191.88515	874.61871
191.93726	877.63849
191.98936	879.08459
192.04146	873.42749
192.09357	874.50043
192.14568	874.48798
192.19778	876.58618
192.24989	871.75488
192.302	870.89447
192.3541	873.50085
192.4062	879.55511
192.45831	876.64508
192.51042	876.97723
192.56253	875.88477
192.61464	873.75031
192.66673	877.02966
192.71884	875.56238
192.77095	872.63446
192.82306	874.93481
192.87517	866.72614
192.92728	869.65375
192.97937	877.05121
193.03148	878.47003
193.08359	872.76471
193.1357	875.539
193.18781	872.65887
193.23991	875.28198
193.29201	873.62769
193.34412	874.27502
193.39622	874.00897
193.44833	873.51813
193.50044	875.07727
193.55255	877.51123
193.60464	877.35828
193.65675	877.60486
193.70886	875.35144
193.76097	872.24805
193.81308	874.84521
193.86519	877.31622
193.91728	873.72534
193.96939	873.98578
194.0215	878.10516
194.07361	875.85352
194.12572	877.14941
194.17783	875.87067
194.22992	874.60559
194.28203	875.21503
194.33414	875.0589
194.38625	872.45959
194.43835	874.45447
194.49046	875.50562
194.54256	880.6933
194.59467	875.34357
194.64677	875.20074
194.69888	883.95245
194.75099	874.94769
194.8031	875.43658
194.85519	878.84595
194.9073	876.54486
194.95941	875.49414
195.01152	878.12366
195.06363	876.2215
195.11574	873.35431
195.16783	871.66626
195.21994	871.00281
195.27205	876.3457
195.32416	874.88593
195.37627	873.89423
195.42838	874.24268
195.48047	875.0661
195.53258	873.74957
195.58469	870.99359
195.6368	873.50342
195.6889	874.71497
195.741	877.75452
195.79311	877.95203
195.84521	874.10114
195.89732	872.86072
195.94943	876.95966
196.00154	877.75879
196.05363	873.16327
196.10574	874.34729
196.15785	876.12787
196.20996	878.0119
196.26207	876.1059
196.31418	877.26862
196.36627	875.57257
196.41838	874.47717
196.47049	874.78363
196.5226	879.95264
196.57471	877.75952
196.62682	875.3526
196.67891	878.64532
196.73102	877.39233
196.78313	877.54657
196.83524	866.07013
196.88734	873.30273
196.93945	873.78711
196.99155	878.11993
197.04366	880.16205
197.09576	874.34985
197.14787	872.89197
197.19998	877.52722
197.25209	876.59552
197.30418	876.27026
197.35629	869.94812
197.4084	873.62018
197.46051	877.85309
197.51262	878.39874
197.56473	876.17853
197.61682	876.25079
197.66893	876.10437
197.72104	875.12549
197.77315	876.22388
197.82526	878.37457
197.87737	877.05627
197.92946	874.97015
197.98157	877.20331
198.03368	876.66284
198.08578	873.6665
198.13789	874.21674
198.19	872.42554
198.2421	873.62488
198.2942	878.29077
198.34631	873.89349
198.39842	873.54712
198.45053	876.00903
198.50264	874.94513
198.55473	877.08533
198.60684	876.67389
198.65895	876.935
198.71106	877.25177
198.76317	872.64478
198.81528	874.55115
198.86737	877.53192
198.91948	877.62933
198.97159	877.76599
199.0237	876.34357
199.07581	873.95264
199.12791	876.54565
199.18001	869.31335
199.23212	871.51239
199.28423	871.16583
199.33633	874.22601
199.38844	872.27063
199.44054	874.71387
199.49265	875.38843
199.54475	877.67987
199.59686	877.30579
199.64897	877.40674
199.70108	875.45844
199.75317	877.12531
199.80528	874.54926
199.85739	877.16321
199.9095	875.66663
199.96161	877.68433
200.01372	876.45215
200.06581	873.09033
200.11792	872.08502
200.17003	873.94348
200.22214	878.04004
200.27425	877.5921
200.32635	875.74902
200.37845	878.43365
200.43056	879.35394
200.48267	876.41193
200.53477	875.46118
200.58688	876.7002
200.63899	876.29358
200.69109	876.84692
200.74319	874.24286
200.7953	875.61816
200.84741	877.41241
200.89952	875.2171
200.95163	877.96729
201.00372	875.70593
201.05583	875.81647
201.10794	873.16693
201.16005	874.94513
201.21216	875.77673
201.26427	873.88361
201.31636	876.11475
201.36847	874.84546
201.42058	874.02032
201.47269	876.89093
201.5248	873.87134
201.5769	875.86426
201.629	875.68915
201.68111	874.8631
201.73322	876.73383
201.78532	875.80261
201.83743	874.5708
201.88954	874.91858
201.94164	875.50555
201.99374	875.11926
202.04585	872.74951
202.09796	874.36749
202.15007	874.62061
202.20218	877.01764
202.25427	876.06158
202.30638	873.76563
202.35849	874.57678
202.4106	877.68036
202.46271	874.33044
202.51482	872.33618
202.56691	874.89429
202.61902	876.14111
202.67113	876.30255
202.72324	874.63861
202.77534	876.94629
202.82745	875.0163
202.87955	874.45544
202.93166	871.93835
202.98376	876.73749
203.03587	881.34631
203.08798	874.10004
203.14009	875.70105
203.19218	876.45581
203.24429	874.0694
203.2964	878.19446
203.34851	868.84033
203.40062	874.72827
203.45271	882.76471
203.50482	873.32532
203.55693	875.24396
203.60904	878.77478
203.66115	877.11884
203.71326	879.33545
203.76535	873.40314
203.81746	871.52777
203.86957	874.13184
203.92168	874.44958
203.97379	873.586
204.02589	874.05115
204.07799	873.28491
204.1301	872.82391
204.18221	876.99493
204.23431	875.31445
204.28642	877.23663
204.33853	875.52319
204.39063	872.61395
204.44273	874.07141
204.49484	874.80212
204.54695	874.56995
204.59906	873.00018
204.65117	871.49567
204.70326	873.30713
204.75537	876.31647
204.80748	876.95642
204.85959	876.73157
204.9117	877.91455
204.96381	877.03302
205.0159	874.60315
205.06801	878.77814
205.12012	876.76489
205.17223	876.61841
205.22433	875.58295
205.27644	874.0733
205.32854	872.38208
205.38065	874.36499
205.43275	877.17712
205.48486	871.8186
205.53697	878.46002
205.58908	878.2699
205.64117	876.87225
205.69328	874.52704
205.74539	877.64917
205.7975	878.63898
205.84961	874.70587
205.90172	870.99921
205.95381	870.96594
206.00592	871.93671
206.05803	876.05078
206.11014	871.31873
206.16225	873.04944
206.21436	876.00958
206.26645	876.79047
206.31856	873.2179
206.37067	873.71185
206.42278	876.94495
206.47488	879.14215
206.52699	878.86432
206.57909	874.86584
206.6312	874.61395
206.6833	874.9389
206.73541	871.80945
206.78752	872.33069
206.83963	875.8894
206.89172	876.97473
206.94383	873.67505
206.99594	877.22485
207.04805	879.45398
207.10016	879.76459
207.15225	875.41809
207.20436	874.88715
207.25647	879.69446
207.30858	875.56183
207.36069	874.56165
207.4128	873.14825
207.46489	874.1192
207.517	874.12195
207.56911	873.1767
207.62122	873.11572
207.67332	870.88733
207.72543	880.54694
207.77753	877.91577
207.82964	873.44879
207.88174	874.56543
207.93385	872.05676
207.98596	872.19513
208.03807	873.29895
208.09016	873.58777
208.14227	876.53784
208.19438	877.7663
208.24649	874.55658
208.2986	874.59961
208.35071	876.34839
208.4028	873.93732
208.45491	873.06708
208.50702	875.03741
208.55913	876.90564
208.61124	874.96436
208.66335	872.03656
208.71544	873.75299
208.76755	873.4444
208.81966	875.13092
208.87177	871.04114
208.92387	871.17157
208.97598	873.34357
209.02808	878.49365
209.08018	875.01312
209.13229	869.42487
209.1844	874.09131
209.23651	873.90491
209.28862	869.65936
209.34071	876.0932
209.39282	869.68011
209.44493	874.52356
209.49704	876.46838
209.54915	871.71808
209.60126	872.42816
209.65335	881.54254
209.70546	877.6579
209.75757	871.4433
209.80968	872.55359
209.86179	878.19116
209.91389	872.88629
209.96599	872.10077
210.0181	873.55872
210.07021	874.66779
210.12231	877.32007
210.17442	875.87744
210.22653	871.35699
210.27863	873.32452
210.33073	873.39331
210.38284	872.80908
210.43495	872.65417
210.48706	875.13306
210.53917	877.07745
210.59126	874.49841
210.64337	873.72827
210.69548	877.31818
210.74759	879.98212
210.7997	876.11749
210.85181	877.15332
210.9039	872.34814
210.95601	876.72717
211.00812	871.91376
211.06023	872.32758
211.11234	874.91284
211.16443	879.01178
211.21654	877.03271
211.26865	877.63422
211.32076	875.39508
211.37286	875.52734
211.42497	877.71832
211.47707	871.91669
211.52917	883.11774
211.58128	873.86713
211.63339	874.302
211.6855	875.72339
211.73761	874.55872
211.7897	877.33728
211.84181	874.57251
211.89392	869.87506
211.94603	872.71613
211.99814	877.58472
212.05025	878.85156
212.10234	873.98657
212.15445	872.17987
212.20656	877.1676
212.25867	877.05963
212.31078	870.89526
212.36288	870.66541
212.41498	874.72253
212.46709	874.52362
212.5192	876.98523
212.5713	878.07245
212.62341	873.87903
212.67552	874.96564
212.72762	875.37488
212.77972	875.74377
212.83183	880.29254
212.88394	878.38843
212.93605	879.37402
212.98816	876.44385
213.04025	879.22754
213.09236	880.31244
213.14447	873.60828
213.19658	876.73315
213.24869	874.89764
213.3008	881.53485
213.35289	874.42804
213.405	865.2644
213.45711	873.97351
213.50922	880.76855
213.56133	881.73969
213.61343	873.18341
213.66553	873.68256
213.71764	881.41809
213.76974	878.74329
213.82185	873.56683
213.87396	875.63116
213.92607	876.63959
213.97816	877.51093
214.03027	876.61017
214.08238	878.40076
214.13449	875.38824
214.1866	873.05164
214.23871	872.39758
214.2908	872.21802
214.34291	878.47217
214.39502	876.72162
214.44713	873.84381
214.49924	875.98486
214.55135	875.46674
214.60344	875.8407
214.65555	875.7002
214.70766	874.44727
214.75977	876.38617
214.81187	876.31976
214.86397	875.51294
214.91608	873.91547
214.96819	873.21405
215.02029	876.71313
215.0724	873.51221
215.12451	876.81262
215.17661	878.97583
215.22871	877.75171
215.28082	875.79767
215.33293	876.146
215.38504	873.03119
215.43715	881.46027
215.48924	871.22107
215.54135	873.18457
215.59346	876.59338
215.64557	877.59839
215.69768	876.69812
215.74979	871.16766
215.80188	878.59369
215.85399	877.90497
215.9061	876.78717
215.95821	881.47424
216.01031	875.56042
216.06242	875.88824
216.11452	878.44232
216.16663	870.25555
216.21873	874.11444
216.27084	876.61365
216.32295	879.5741
216.37506	879.77301
216.42715	877.71814
216.47926	877.3656
216.53137	878.38104
216.58348	876.04633
216.63559	878.125
216.6877	882.2085
216.73979	880.14172
216.7919	876.93732
216.84401	873.44543
216.89612	876.01245
216.94823	879.2301
217.00034	876.57983
217.05243	873.44684
217.10454	877.05023
217.15665	876.93286
217.20876	875.93427
217.26086	873.98596
217.31297	875.88483
217.36507	875.22614
217.41718	876.32642
217.46928	874.64441
217.52139	876.12964
217.5735	877.92761
217.62561	874.52283
217.6777	876.46942
217.72981	876.03705
217.78192	879.25201
217.83403	876.8031
217.88614	871.68555
217.93825	873.12738
217.99034	876.38806
218.04245	876.19348
218.09456	872.88867
218.14667	871.98804
218.19878	873.7981
218.25089	874.83197
218.30298	871.94019
218.35509	876.65118
218.4072	879.3476
218.4593	874.77014
218.51141	871.39136
218.56351	872.33728
218.61562	879.49347
218.66772	878.96161
218.71983	872.24188
218.77194	874.14795
218.82405	879.35736
218.87614	880.94629
218.92825	880.37726
218.98036	879.49347
219.03247	876.07013
219.08458	878.13287
219.13669	876.74347
219.18878	874.42767
219.24089	874.60455
219.293	879.92145
219.34511	877.48114
219.39722	875.56268
219.44933	876.8446
219.50142	879.36157
219.55353	874.10693
219.60564	870.6712
219.65775	875.95844
219.70985	878.39319
219.76196	880.34058
219.81406	872.79425
219.86617	875.62085
219.91827	874.53314
219.97038	871.75543
220.02249	870.52637
220.0746	871.61035
220.12669	878.26764
220.1788	877.54248
220.23091	872.36438
220.28302	874.12299
220.33513	883.40851
220.38724	881.45282
220.43933	878.20099
220.49144	878.78619
220.54355	878.14404
220.59566	874.75159
220.64777	870.63586
220.69987	870.67621
220.75197	874.086
220.80408	875.35345
220.85619	876.85675
220.90829	878.47052
220.9604	878.3244
221.01251	878.12152
221.06461	873.73035
221.11671	871.13794
221.16882	873.46979
221.22093	877.30469
221.27304	875.28058
221.32515	870.89252
221.37724	877.00549
221.42935	879.34668
221.48146	877.36584
221.53357	877.27209
221.58568	873.99066
221.63779	876.13507
221.68988	880.14154
221.74199	877.65576
221.7941	873.79321
221.84621	878.66711
221.89832	874.94397
221.95042	875.22632
222.00252	877.06921
222.05463	871.96936
222.10674	873.39203
222.15884	875.41156
222.21095	878.97198
222.26306	883.65204
222.31516	877.5451
222.36726	870.47522
222.41937	875.10327
222.47148	877.38849
222.52359	875.91022
222.57568	870.78815
222.62779	871.26593
222.6799	873.80206
222.73201	876.1734
222.78412	875.57178
222.83623	877.53571
222.88832	879.50525
222.94043	876.77997
222.99254	877.00806
223.04465	878.69586
223.09676	878.30585
223.14886	879.32019
223.20096	880.32904
223.25307	875.11786
223.30518	874.56543
223.35728	882.46887
223.40939	881.68298
223.4615	873.35175
223.5136	878.42816
223.5657	880.67218
223.61781	875.59125
223.66992	875.21674
223.72203	876.2052
223.77414	881.31726
223.82623	876.69196
223.87834	877.60101
223.93045	875.15948
223.98256	877.56201
224.03467	878.58112
224.08678	872.65631
224.13887	873.47351
224.19098	878.8515
224.24309	879.20129
224.2952	877.06708
224.34731	876.61816
224.39941	878.93256
224.45151	878.86383
224.50362	870.64966
224.55573	872.49841
224.60783	875.61444
224.65994	880.32465
224.71205	871.96167
224.76414	871.30359
224.81625	871.63049
224.86836	873.50427
224.92047	875.23718
224.97258	874.08411
225.02469	878.16821
225.07678	877.98517
225.12889	875.43622
225.181	877.75763
225.23311	879.2323
225.28522	880.17572
225.33733	872.06635
225.38942	870.21069
225.44153	875.76147
225.49364	878.19702
225.54575	878.40509
225.59785	873.35895
225.64996	875.19086
225.70206	877.95685
225.75417	877.05518
225.80627	874.48138
225.85838	878.33691
225.91049	881.26935
225.9626	877.50208
226.01469	877.02643
226.0668	877.51111
226.11891	874.61365
226.17102	875.92236
226.22313	873.25354
226.27522	876.1297
226.32733	878.23853
226.37944	875.53992
226.43155	879.50702
226.48366	876.90784
226.53577	878.30341
226.58786	879.35834
226.63997	875.14209
226.69208	873.47839
226.74419	876.17346
226.7963	875.19568
226.8484	876.7868
226.9005	876.6604
226.95261	876.90662
227.00471	875.19305
227.05682	875.86676
227.10893	878.20111
227.16104	877.22955
227.21313	877.1319
227.26524	877.29608
227.31735	876.4411
227.36946	877.97266
227.42157	878.45782
227.47368	875.09937
227.52577	877.13934
227.57788	880.63861
227.62999	877.95245
227.6821	872.06152
227.73421	873.16608
227.78632	881.88855
227.83841	882.91479
227.89052	877.48145
227.94263	874.66833
227.99474	873.60138
228.04684	879.98138
228.09895	874.59833
228.15105	878.88086
228.20316	878.38977
228.25526	879.84442
228.30737	877.03558
228.35948	875.95441
228.41159	877.6767
228.46368	875.68188
228.51579	879.20496
228.5679	871.99823
228.62001	877.59906
228.67212	876.63086
228.72423	876.23505
228.77632	872.32953
228.82843	880.75848
228.88054	879.03699
228.93265	879.31287
228.98476	876.39301
229.03687	877.20154
229.08896	877.57318
229.14107	876.61401
229.19318	873.32379
229.24529	873.67615
229.29739	876.33154
229.3495	875.81995
229.4016	872.93488
229.4537	871.20062
229.50581	879.73932
229.55792	882.12408
229.61003	873.4101
229.66214	877.16949
229.71423	877.19269
229.76634	881.00537
229.81845	874.65717
229.87056	871.60876
229.92267	877.58203
229.97478	877.052
230.02687	878.2016
230.07898	877.90814
230.13109	878.82715
230.1832	878.80835
230.23531	873.70709
230.2874	872.85431
230.33951	875.29712
230.39162	878.22266
230.44373	872.95129
230.49583	877.45398
230.54794	872.24988
230.60004	877.99371
230.65215	877.00446
230.70425	875.89423
230.75636	874.91492
230.80847	879.91498
230.86058	877.36359
230.91267	875.85193
230.96478	874.27234
231.01689	882.84454
231.069	879.93854
231.12111	872.7901
231.17322	875.75305
231.22531	879.92102
231.27742	876.04346
231.32953	876.33478
231.38164	877.05823
231.43375	878.51941
231.48586	877.30426
231.53795	874.54462
231.59006	877.56635
231.64217	878.47504
231.69427	878.18005
231.74638	875.78046
231.79849	874.43323
231.85059	879.51019
231.90269	877.38336
231.9548	874.39575
232.00691	877.03687
232.05902	876.62762
232.11113	880.84583
232.16322	877.6521
232.21533	876.87396
232.26744	873.63
232.31955	879.82031
232.37166	876.76178
232.42377	872.9375
232.47586	877.56067
232.52797	875.62384
232.58008	875.13263
232.63219	874.15851
232.6843	876.94666
232.7364	874.36365
232.7885	878.14038
232.84061	872.08044
232.89272	877.88696
232.94482	874.57587
232.99693	872.00232
233.04904	877.80963
233.10114	875.07965
233.15324	878.33307
233.20535	879.38434
233.25746	878.74579
233.30957	879.24219
233.36168	877.67621
233.41377	877.4942
233.46588	878.36823
233.51799	876.87921
233.5701	875.29797
233.62221	877.64966
233.67432	879.56854
233.72641	878.82391
233.77852	878.1095
233.83063	876.28473
233.88274	875.14819
233.93484	876.04645
233.98694	877.80408
234.03905	881.5332
234.09116	881.16388
234.14326	878.03394
234.19537	877.90192
234.24748	876.4718
234.29958	873.86932
234.35168	876.08325
234.40379	872.83936
234.4559	877.08575
234.50801	877.16071
234.56012	874.93201
234.61221	878.86511
234.66432	876.97937
234.71643	876.34717
234.76854	869.99695
234.82065	874.38904
234.87276	876.87372
234.92485	885.35529
234.97696	872.39008
235.02907	873.63031
235.08118	876.5567
235.13329	871.95856
235.18539	875.03595
235.23749	876.36346
235.2896	874.16736
235.34171	878.66113
235.39381	876.14325
235.44592	873.41229
235.49803	874.29834
235.55013	878.19629
235.60223	877.44336
235.65434	875.94385
235.70645	877.09912
235.75856	876.26959
235.81067	871.47266
235.86276	873.52405
235.91487	878.42841
235.96698	876.80579
236.01909	873.60419
236.0712	873.99963
236.12331	877.89819
236.1754	878.8584
236.22751	878.25592
236.27962	878.26074
236.33173	877.20313
236.38383	875.82654
236.43594	870.39722
236.48804	871.7746
236.54015	875.97736
236.59225	874.02075
236.64436	871.90356
236.69647	869.38171
236.74858	870.63251
236.80067	880.14868
236.85278	877.33203
236.90489	870.04669
236.957	873.95068
237.00911	877.85474
237.06122	877.3725
237.11331	873.07526
237.16542	873.31793
237.21753	880.14056
237.26964	878.6424
237.32175	875.76776
237.37386	871.99866
237.42595	875.80792
237.47806	878.01941
237.53017	873.35114
237.58228	875.54535
237.63438	877.54596
237.68649	880.61121
237.73859	876.76459
237.7907	873.34033
237.8428	877.20752
237.89491	876.78711
237.94702	875.38873
237.99911	873.29083
238.05122	873.71027
238.10333	876.56659
238.15544	875.33716
238.20755	875.62317
238.25966	876.73712
238.31175	875.83575
238.36386	876.68646
238.41597	875.5921
238.46808	876.32983
238.52019	879.25732
238.5723	879.43884
238.62439	874.98456
238.6765	876.07819
238.72861	880.31622
238.78072	875.87201
238.83282	870.84937
238.88493	872.2547
238.93703	877.10376
238.98914	876.54846
239.04124	878.24963
239.09335	874.00305
239.14546	876.84137
239.19757	869.77704
239.24966	871.25287
239.30177	874.66949
239.35388	870.88
239.40599	874.94061
239.4581	875.6745
239.51021	880.61993
239.5623	873.82379
239.61441	876.0932
239.66652	876.29285
239.71863	875.80121
239.77074	883.86322
239.82285	880.15631
239.87494	871.60413
239.92705	873.08899
239.97916	872.62701
240.03127	874.66852
240.08337	874.89868
240.13548	872.01447
240.18758	875.13568
240.23969	877.02612
240.29179	876.44196
240.3439	874.03131
240.39601	874.68372
240.44812	875.49359
240.50021	877.27844
240.55232	880.19257
240.60443	880.94928
240.65654	881.74792
240.70865	873.99048
240.76076	872.86108
240.81285	877.74371
240.86496	880.83429
240.91707	878.47296
240.96918	874.50714
241.02129	875.73914
241.07339	877.16034
241.12549	879.82074
241.1776	874.84613
241.22971	878.26154
241.28181	876.69452
241.33392	880.06738
241.38603	870.81885
241.43813	880.24603
241.49023	882.99036
241.54234	879.06305
241.59445	871.24133
241.64656	878.27441
241.69865	878.58344
241.75076	879.95032
241.80287	872.9516
241.85498	870.33807
241.90709	874.29785
241.9592	871.77692
242.01129	869.4646
242.0634	868.67291
242.11551	878.75067
242.16762	880.59064
242.21973	874.37457
242.27184	873.7674
242.32393	877.53717
242.37604	874.54883
242.42815	874.20837
242.48026	873.44733
242.53236	872.8952
242.58447	874.3584
242.63657	875.82141
242.68867	876.01764
242.74078	878.18475
242.79289	879.63287
242.845	879.33276
242.89711	879.97015
242.9492	877.12872
243.00131	872.7746
243.05342	871.44763
243.10553	875.83594
243.15764	875.64868
243.20975	875.85236
243.26184	876.13898
243.31395	878.34271
243.36606	878.19592
243.41817	873.96106
243.47028	876.57166
243.52238	878.73816
243.57448	874.40906
243.62659	874.4812
243.6787	878.80499
243.7308	877.25104
243.78291	881.76593
243.83502	876.48145
243.88712	878.43365
243.93922	869.73785
243.99133	881.73956
244.04344	880.59656
244.09555	872.78076
244.14766	873.69489
244.19975	872.64978
244.25186	874.93323
244.30397	876.23969
244.35608	877.21411
244.40819	878.1889
244.4603	877.67395
244.51239	873.80365
244.5645	872.41241
244.61661	872.74823
244.66872	876.18396
244.72083	876.32019
244.77293	870.51251
244.82503	875.34442
244.87714	877.495
244.92924	875.1629
244.98135	876.43158
245.03346	876.63495
245.08557	879.22412
245.13766	883.33356
245.18977	879.11182
245.24188	874.10449
245.29399	877.81165
245.3461	880.31616
245.39819	877.12512
245.4503	874.30853
245.50241	878.40607
245.55452	879.88159
245.60663	875.69037
245.65874	871.89697
245.71083	875.87207
245.76294	877.93561
245.81505	877.08594
245.86716	871.26862
245.91927	874.56671
245.97137	879.32654
246.02347	874.59052
246.07558	871.90668
246.12769	873.52393
246.17979	879.29218
246.2319	877.33325
246.28401	867.14795
246.33611	871.06256
246.38821	885.1579
246.44032	877.73627
246.49243	877.23724
246.54454	876.00812
246.59665	880.3866
246.64874	878.44135
246.70085	878.57648
246.75296	878.78198
246.80507	880.64709
246.85718	879.09985
246.90929	877.21783
246.96138	871.65991
247.01349	875.5296
247.0656	876.85175
247.11771	877.60596
247.16982	876.38403
247.22192	873.89697
247.27402	871.8775
247.32613	874.17603
247.37823	878.25562
247.43034	877.30768
247.48245	875.70007
247.53456	873.15839
247.58665	873.82751
247.63876	879.4375
247.69087	876.73071
247.74298	876.33496
247.79509	879.22955
247.8472	877.28943
247.89929	876.27264
247.9514	873.70453
248.00351	873.46326
248.05562	874.34161
248.10773	876.32178
248.15984	877.79437
248.21193	880.6261
248.26404	876.77527
248.31615	873.29987
248.36826	879.62366
248.42036	875.68451
248.47247	879.03186
248.52457	872.95563
248.57668	873.49683
248.62878	877.815
248.68089	878.12
248.733	878.38519
248.78511	880.01685
248.8372	875.58264
248.88931	871.43628
248.94142	874.54364
248.99353	875.3631
249.04564	874.12134
249.09775	877.94617
249.14984	875.72235
249.20195	872.02826
249.25406	873.19025
249.30617	878.75208
249.35828	877.34656
249.41037	877.09375
249.46248	877.37842
249.51459	874.89246
249.5667	876.21899
249.6188	878.41174
249.67091	874.04492
249.72301	873.02942
249.77512	876.55371
249.82722	876.27197
249.87933	871.80231
249.93144	871.20361
249.98355	873.07257
250.03564	875.61566
250.08775	874.39459
250.13986	876.3396
250.19197	876.013
250.24408	876.66577
250.29619	874.96362
250.34828	872.97058
250.40039	875.33044
250.4525	874.36292
250.50461	873.91986
250.55672	874.03577
250.60883	876.32178
250.66092	877.45508
250.71303	872.78156
250.76514	875.78809
250.81725	876.24902
250.86935	875.80304
250.92146	876.0412
250.97356	872.38763
251.02567	879.75275
251.07777	877.2547
251.12988	874.73389
251.18199	874.44873
251.2341	879.62738
251.28619	879.505
251.3383	876.63257
251.39041	874.74591
251.44252	873.48218
251.49463	881.57458
251.54674	877.6842
251.59883	873.32965
251.65094	875.11035
251.70305	878.01398
251.75516	876.95087
251.80727	875.37769
251.85938	878.35193
251.91147	875.76538
251.96358	875.08167
252.01569	873.96191
252.06779	872.84351
252.1199	878.07068
252.17201	878.16791
252.22411	876.54199
252.27621	873.70959
252.32832	875.98456
252.38043	879.09082
252.43254	877.72186
252.48465	874.05969
252.53674	877.81415
252.58885	877.48212
252.64096	870.18103
252.69307	874.86536
252.74518	880.75812
252.79729	878.14203
252.84938	875.76611
252.90149	875.23871
252.9536	878.18268
253.00571	878.43958
253.05782	874.9021
253.10991	880.41138
253.16202	878.54547
253.21413	875.50543
253.26624	873.87274
253.31834	871.92621
253.37045	873.48895
253.42255	878.44873
253.47466	875.02985
253.52676	871.86493
253.57887	873.90295
253.63098	879.75726
253.68309	875.3783
253.73518	874.30957
253.78729	875.1839
253.8394	879.31714
253.89151	878.87231
253.94362	875.75574
253.99573	874.41412
254.04782	877.47205
254.09993	879.80627
254.15204	879.47675
254.20415	874.81842
254.25626	879.28278
254.30836	877.94299
254.36046	879.54541
254.41257	878.33942
254.46468	879.185
254.51678	876.86169
254.56889	874.21234
254.621	876.93463
254.6731	881.2915
254.7252	881.2135
254.77731	878.25299
254.82942	876.29755
254.88153	877.11218
254.93364	877.47833
254.98573	874.75641
255.03784	875.33063
255.08995	874.84802
255.14206	875.17944
255.19417	874.46777
255.24628	874.36169
255.29837	878.81653
255.35048	876.92487
255.40259	874.44708
255.4547	875.90845
255.50681	877.08807
255.55891	876.12744
255.61101	872.33966
255.66312	874.21942
255.71523	875.10052
255.76733	874.22144
255.81944	877.63623
255.87155	870.81268
255.92365	878.24426
255.97575	876.31293
256.02786	872.06085
256.07996	876.02655
256.13208	882.61731
256.18417	883.20325
256.2363	880.28571
256.28839	876.86432
256.34052	873.44409
256.39261	872.97668
256.4447	876.67627
256.49683	877.41077
256.54892	877.76593
256.60104	878.09564
256.65314	875.61365
256.70523	873.19513
256.75735	871.15466
256.80945	872.00525
256.86157	874.8938
256.91367	872.81635
256.96576	870.77039
257.01788	876.16199
257.06998	879.12946
257.1221	875.75073
257.17419	877.63263
257.22632	880.93903
257.27841	876.70984
257.33051	873.74066
257.38263	874.93164
257.43472	879.68079
257.48685	878.22815
257.53894	872.65106
257.59103	873.91724
257.64316	877.62152
257.69525	877.73627
257.74738	875.90527
257.79947	875.43195
257.85159	878.79132
257.90369	876.04773
257.95578	876.65521
258.0079	880.98114
258.06	876.0943
258.11212	872.64972
258.16422	878.125
258.21631	878.50287
258.26843	880.27887
258.32053	877.46661
258.37265	877.41516
258.42474	870.94037
258.47687	874.65869
258.52896	879.84631
258.58105	874.9928
258.63318	876.24268
258.68527	875.72174
258.7374	875.99036
258.78949	876.7973
258.84158	875.70447
258.89371	876.17999
258.9458	876.96094
258.99792	876.11639
259.05002	876.26172
259.10214	877.46631
259.15424	877.94904
259.20633	879.11499
259.25845	875.11359
259.31055	871.38403
259.36267	877.6225
259.41476	879.62524
259.46686	875.32904
259.51898	872.73663
259.57108	877.24756
259.6232	879.04095
259.67529	872.79059
259.72742	872.64978
259.77951	875.62183
259.8316	882.32324
259.88373	875.65222
259.93582	876.34308
259.98795	873.5448
260.04004	878.39813
260.09213	878.01001
260.14426	873.07941
260.19635	876.87738
260.24847	876.38501
260.30057	873.45172
260.35269	877.19586
260.40479	875.05164
260.45688	876.68805
260.509	872.45258
260.5611	872.72864
260.61322	873.28387
260.66531	876.61847
260.71741	874.59125
260.76953	873.08856
260.82162	872.10883
260.87375	878.7016
260.92584	876.46143
260.97794	872.99475
261.03006	871.68976
261.08215	877.62146
261.13428	879.82251
261.18637	873.88629
261.23849	875.6366
261.29059	880.36176
261.34268	881.59167
261.39481	878.1637
261.4469	875.21472
261.49902	875.70782
261.55112	874.94031
261.60321	876.79871
261.65533	877.55951
261.70743	876.30231
261.75955	877.60535
261.81165	877.71851
261.86377	872.91357
261.91586	877.84509
261.96796	881.80048
262.02008	874.86243
262.07217	874.4079
262.1243	878.78485
262.17639	876.8407
262.22849	880.21338
262.28061	880.00677
262.3327	881.61627
262.38483	873.45959
262.43692	877.27332
262.48904	877.75873
262.54114	878.24414
262.59323	875.38135
262.64536	874.31494
262.69745	871.51465
262.74957	873.01666
262.80167	880.1543
262.85376	882.0777
262.90588	877.7345
262.95798	875.14008
263.0101	879.74634
263.06219	877.85449
263.11432	876.35846
263.16641	873.75793
263.21851	877.81421
263.27063	878.57007
263.32272	876.44159
263.37485	875.40118
263.42694	876.67322
263.47903	876.85321
263.53116	872.67676
263.58325	873.58514
263.63538	875.95209
263.68747	878.70789
263.73959	877.11145
263.79169	872.24445
263.84378	877.70001
263.8959	877.4375
263.948	872.17358
264.00012	873.3432
264.05222	877.22748
264.10431	879.79742
264.15643	876.86365
264.20853	875.87573
264.26065	879.43506
264.31274	879.73914
264.36487	882.92645
264.41696	876.99512
264.46906	876.40161
264.52118	878.5108
264.57327	881.09808
264.6254	875.10498
264.67749	874.92932
264.72958	882.51257
264.78171	874.69537
264.8338	875.10712
264.88593	874.64716
264.93802	880.15326
264.99011	881.51398
265.04224	875.91077
265.09433	878.52466
265.14645	877.44183
265.19855	877.10187
265.25067	872.77765
265.30276	870.83289
265.35486	873.92444
265.40698	876.16577
265.45908	872.07294
265.5112	874.11469
265.56329	876.40552
265.61539	879.39545
265.66751	873.53448
265.7196	873.79724
265.77173	883.14813
265.82382	883.01617
265.87595	875.98907
265.92804	875.01752
265.98013	876.82355
266.03226	874.11169
266.08435	876.10779
266.13647	881.05432
266.18857	879.17267
266.24066	879.45416
266.29279	877.36456
266.34488	879.03607
266.397	879.88763
266.4491	878.88336
266.50122	870.74573
266.55331	873.56628
266.60541	876.20093
266.65753	878.50323
266.70963	875.34485
266.76175	872.6485
266.81384	880.61267
266.86594	881.26318
266.91806	878.59052
266.97015	879.94672
267.02228	878.5036
267.07437	878.98926
267.1265	874.63666
267.17859	873.54315
267.23068	874.40747
267.28281	874.48212
267.3349	876.67175
267.38702	877.40332
267.43912	879.96826
267.49121	884.1109
267.54333	877.49646
267.59543	878.13739
267.64755	874.14142
267.69965	881.08612
267.75177	877.1438
267.80386	875.97321
267.85596	875.97278
267.90808	879.53046
267.96017	880.12506
268.0123	875.73035
268.06439	876.242
268.11649	879.77997
268.16861	877.57965
268.2207	875.16821
268.27283	878.04431
268.32492	880.64642
268.37701	878.57861
268.42914	875.81946
268.48123	877.74615
268.53336	879.55212
268.58545	877.7323
268.63757	875.56104
268.68967	876.91901
268.74176	880.73969
268.79388	883.0423
268.84598	878.66895
268.8981	877.78894
268.9502	877.11841
269.00229	876.58527
269.05441	879.84686
269.10651	875.9325
269.15863	872.64026
269.21072	875.5708
269.26285	878.21497
269.31494	874.89716
269.36703	876.36096
269.41916	882.21783
269.47125	882.35638
269.52338	877.69507
269.57547	870.98376
269.62756	879.66003
269.67969	878.25012
269.73178	875.31494
269.78391	869.50854
269.836	873.91754
269.88812	881.53418
269.94022	877.30804
269.99231	875.32648
270.04443	877.80267
270.09653	876.07709
270.14865	873.82208
270.20074	873.95563
270.25284	879.8808
270.30496	878.53485
270.35706	873.5827
270.40918	874.78619
270.46127	878.38824
270.5134	880.30371
270.56549	878.85333
270.61758	874.93976
270.66971	874.32855
270.7218	877.33008
270.77393	876.40503
270.82602	874.27374
270.87811	876.95129
270.93024	876.44958
270.98233	875.8446
271.03445	878.12421
271.08655	877.89478
271.13867	877.41968
271.19077	874.8667
271.24286	875.05872
271.29498	874.51178
271.34708	876.2782
271.3992	879.05188
271.45129	877.31433
271.50339	874.92969
271.55551	886.95093
271.6076	875.25385
271.65973	875.82135
271.71182	880.70782
271.76395	877.80298
271.81604	868.67932
271.86813	871.93768
271.92026	883.10736
271.97235	874.47186
272.02448	877.09528
272.07657	877.70679
272.12866	874.42682
272.18079	879.28076
272.23288	877.21008
272.285	874.6889
272.3371	874.19183
272.38919	876.315
272.44131	883.36566
272.49341	882.1955
272.54553	876.64642
272.59763	875.60742
272.64975	878.56683
272.70184	874.98547
272.75394	875.04626
272.80606	878.43085
272.85815	880.44635
272.91028	877.03748
272.96237	874.91553
273.01447	878.65289
273.06659	877.80585
273.11868	877.24677
273.17081	877.01044
273.2229	875.49658
273.27502	874.46973
273.32712	874.56384
273.37921	880.39178
273.43134	876.26294
273.48343	877.60925
273.53555	879.83997
273.58765	877.42261
273.63974	878.61694
273.69186	877.90295
273.74396	874.51886
273.79608	876.82202
273.84818	874.42047
273.9003	872.56696
273.95239	872.31543
274.00449	876.56946
274.05661	875.62201
274.1087	881.97534
274.16083	876.80261
274.21292	873.76788
274.26501	877.24963
274.31714	878.47314
274.36923	878.13855
274.42136	876.36932
274.47345	879.3866
274.52557	881.27777
274.57767	876.84857
274.62976	875.56018
274.68188	873.3313
274.73398	876.87433
274.7861	880.29706
274.8382	879.69543
274.89029	877.40851
274.94241	879.07336
274.99451	881.15027
275.04663	879.17957
275.09872	879.5191
275.15085	882.3941
275.20294	878.55176
275.25504	875.02863
275.30716	874.33997
275.35925	876.41589
275.41138	880.14172
275.46347	879.01233
275.51556	880.18939
275.56769	879.03345
275.61978	876.97577
275.67191	879.54681
275.724	874.56989
275.77612	876.85205
275.82822	877.28027
275.88031	878.40247
275.93243	874.65637
275.98453	873.77899
276.03665	874.97937
276.08875	874.66803
276.14084	873.63635
276.19296	877.5816
276.24506	874.42267
276.29718	874.0318
276.34927	874.98431
276.40137	875.65308
276.45349	883.44696
276.50558	880.50867
276.55771	875.65082
276.6098	871.6958
276.66193	881.97821
276.71402	879.80957
276.76611	872.45355
276.81824	874.84033
276.87033	872.94165
276.92245	879.70386
276.97455	873.95477
277.02664	877.65802
277.07877	880.16266
277.13086	881.8598
277.18298	878.56293
277.23508	874.87476
277.2872	873.57904
277.33929	872.76904
277.39139	875.16437
277.44351	880.453
277.49561	883.18103
277.54773	876.52576
277.59982	873.52856
277.65192	876.646
277.70404	879.08014
277.75613	877.63818
277.80826	874.98242
277.86035	874.48145
277.91248	875.8631
277.96457	879.22528
278.01666	875.04358
278.06879	877.53717
278.12088	880.45111
278.173	877.06519
278.2251	876.75873
278.27719	877.7262
278.32932	877.23395
278.38141	877.56531
278.43353	878.77478
278.48563	873.38617
278.53775	880.62653
278.58984	876.27258
278.64194	875.82965
278.69406	876.1358
278.74615	879.65497
278.79828	876.99432
278.85037	881.78479
278.90247	879.33563
278.95459	880.28241
279.00668	884.10535
279.05881	879.66772
279.1109	874.31659
279.16302	878.66779
279.21512	877.56964
279.26721	878.13629
279.31934	876.64868
279.37143	876.28778
279.42355	878.23114
279.47565	879.53888
279.52774	875.73138
279.57986	876.06207
279.63196	881.27966
279.68408	879.90991
279.73618	874.68726
279.7883	875.91138
279.84039	879.58582
279.89249	878.11639
279.94461	872.29443
279.9967	873.88007
280.04883	879.5802
280.10092	877.73193
280.15302	873.52185
280.20514	883.53778
280.25723	887.47302
280.30936	877.69421
280.36145	876.7608
280.41354	873.16461
280.46567	876.3158
280.51776	879.88623
280.56989	879.97424
280.62198	877.21594
280.6741	878.15332
280.7262	879.22394
280.77829	874.25385
280.83041	874.65295
280.88251	881.92474
280.93463	880.12677
280.98672	876.91077
281.03882	875.73505
281.09094	879.43976
281.14304	876.94995
281.19516	874.03876
281.24725	871.69806
281.29938	872.30634
281.35147	880.625
281.40356	877.26471
281.45569	871.93048
281.50778	874.92279
281.55991	880.16571
281.612	877.104
281.66409	872.31714
281.71622	871.65314
281.76831	876.1922
281.82043	875.53748
281.87253	876.71185
281.92465	880.19098
281.97675	884.1037
282.02884	878.2915
282.08096	873.88361
282.13306	878.21729
282.18518	877.99634
282.23727	877.25958
282.28937	877.00476
282.34149	874.83362
282.39359	876.19507
282.44571	877.0061
282.4978	874.24768
282.54993	872.34985
282.60202	877.49121
282.65411	879.1109
282.70624	874.59625
282.75833	873.52509
282.81046	873.51227
282.86255	876.74316
282.91464	877.49115
282.96677	876.26794
283.01886	878.22339
283.07098	878.66937
283.12308	875.86969
283.1752	875.10938
283.22729	878.66388
283.27939	881.10846
283.33151	881.77838
283.38361	876.55737
283.43573	877.02148
283.48782	879.14722
283.53992	876.43451
283.59204	875.8255
283.64413	878.68713
283.69626	880.15363
283.74835	873.02087
283.80045	872.56842
283.85257	875.992
283.90466	880.87048
283.95679	878.18146
284.00888	873.388
284.061	871.20599
284.1131	878.09784
284.16519	876.41803
284.21732	872.21179
284.26941	874.38678
284.32153	872.99744
284.37363	877.9715
284.42572	876.83392
284.47784	878.21497
284.52994	877.55231
284.58206	877.33789
284.63416	877.14636
284.68628	875.99634
284.73837	880.57391
284.79047	881.01233
284.84259	876.19879
284.89468	875.69446
284.94681	876.41345
284.9989	877.29779
285.05099	877.94897
285.10312	873.52118
285.15521	873.22754
285.20734	877.00183
285.25943	875.15857
285.31155	876.31458
285.36365	878.88788
285.41574	876.25629
285.46786	875.76361
285.51996	875.27112
285.57208	875.2384
285.62418	876.50098
285.67627	876.8645
285.72839	875.14716
285.78049	878.13403
285.83261	875.72266
285.8847	876.8222
285.93683	876.00415
285.98892	873.97882
286.04102	874.34381
286.09314	873.90167
286.14523	873.8988
286.19736	874.16583
286.24945	878.49182
286.30154	880.7843
286.35367	875.39362
286.40576	878.31879
286.45789	881.73346
286.50998	874.38202
286.5621	874.33307
286.6142	883.78094
286.66629	881.80396
286.71841	873.6684
286.77051	876.53717
286.82263	877.3598
286.87473	882.51807
286.92682	878.4386
286.97894	877.60406
287.03104	876.74866
287.08316	880.26282
287.13525	873.88452
287.18738	871.68201
287.23947	872.987
287.29156	880.27057
287.34369	878.22351
287.39578	874.03168
287.44791	873.82391
287.5	876.29419
287.55209	877.78876
287.60422	878.84131
287.65631	877.13757
287.70844	875.91595
287.76053	877.40973
287.81262	876.30298
287.86475	876.91089
287.91684	880.11816
287.96896	881.22742
288.02106	877.83075
288.07318	877.34161
288.12527	873.81384
288.17737	877.56757
288.22949	877.74799
288.28159	876.03088
288.33371	875.49786
288.3858	876.67975
288.4379	876.14612
288.49002	869.14362
288.54211	880.97278
288.59424	878.76306
288.64633	874.58307
288.69846	869.2948
288.75055	875.46997
288.80264	878.46503
288.85477	872.27734
288.90686	873.76538
288.95898	884.05389
289.01108	874.13159
289.06317	875.14453
289.1153	876.61096
289.16739	879.43115
289.21951	883.68945
289.27161	876.0329
289.32373	872.61273
289.37582	872.6239
289.42792	879.92023
289.48004	879.75427
289.53214	876.159
289.58426	875.94226
289.63635	879.08228
289.68845	877.74255
289.74057	873.28851
289.79266	874.99365
289.84479	878.28784
289.89688	881.97595
289.94901	876.77167
290.0011	875.08008
290.05319	878.57544
290.10532	879.13068
290.15741	874.50458
290.20953	871.66595
290.26163	875.0647
290.31372	878.81085
290.36584	880.81708
290.41794	879.76172
290.47006	878.95251
290.52216	882.97955
290.57428	880.63452
290.62637	874.51544
290.67847	875.73456
290.73059	872.58954
290.78268	876.14954
290.83481	873.89032
290.8869	875.47021
290.939	877.7915
290.99112	875.81488
291.04321	872.70813
291.09534	873.9223
291.14743	878.39404
291.19955	879.68353
291.25165	876.25006
291.30374	873.18408
291.35587	874.03766
291.40796	872.8446
291.46008	867.2373
291.51218	873.60406
291.56427	879.48199
291.61639	880.06573
291.66849	879.60986
291.72061	879.57849
291.77271	880.479
291.8248	876.5957
291.87692	876.5014
291.92902	878.25458
291.98114	881.86023
292.03323	878.13678
292.08536	879.8031
292.13745	877.87677
292.18954	875.93353
292.24167	875.54858
292.29376	877.30957
292.34589	876.32819
292.39798	880.53687
292.45007	882.39001
292.5022	879.83978
292.55429	878.22711
292.60641	880.3772
292.65851	879.75342
292.71063	871.72021
292.76273	870.74585
292.81482	876.55096
292.86694	876.31226
292.91904	873.77496
292.97116	876.20557
293.02325	881.22357
293.07535	881.85913
293.12747	878.716
293.17957	876.75226
293.23169	878.83295
293.28378	882.49835
293.33591	876.70416
293.388	875.56812
293.44009	876.29718
293.49222	874.98395
293.54431	876.23981
293.59644	875.79242
293.64853	877.94135
293.70062	881.43848
293.75275	877.71332
293.80484	871.43573
293.85696	875.508
293.90906	882.72443
293.96118	876.02753
294.01328	877.17877
294.06537	880.75049
294.11749	875.88275
294.16959	872.93921
294.22171	870.97437
294.2738	871.89276
294.3259	878.04602
294.37802	875.66046
294.43011	870.45917
294.48224	874.77466
294.53433	872.82684
294.58646	879.58826
294.63855	878.02417
294.69064	874.99286
294.74277	879.11853
294.79486	877.33667
294.84698	875.65192
294.89908	876.12366
294.95117	877.45496
295.0033	876.85712
295.05539	878.72937
295.10751	876.30896
295.15961	877.84979
295.2117	879.87799
295.26382	876.02612
295.31592	876.80896
295.36804	879.92218
295.42014	878.23126
295.47226	875.59137
295.52435	876.34528
295.57645	878.09491
295.62857	877.89746
295.68066	875.82074
295.73279	876.5647
295.78488	879.14911
295.83698	876.58337
295.8891	874.43896
295.94119	874.71033
295.99332	877.68982
296.04541	876.48151
296.09753	876.96887
296.14963	877.32416
296.20172	877.93335
296.25385	879.70538
296.30594	877.76782
296.35806	872.46674
296.41016	876.73572
296.46225	882.53943
296.51437	875.56262
296.56647	877.24493
296.61859	877.2077
296.67068	881.14935
296.72281	878.97235
296.7749	873.38977
296.827	876.3653
296.87912	881.7594
296.93121	879.82611
296.98334	871.70404
297.03543	878.66034
297.08752	879.70337
297.13965	881.25482
297.19174	874.83539
297.24387	871.90704
297.29596	881.3067
297.34808	877.18579
297.40018	873.33044
297.45227	876.04395
297.50439	879.3869
297.55649	877.21625
297.60861	876.16351
297.66071	875.84589
297.7128	875.61151
297.76492	876.36133
297.81702	877.96381
297.86914	878.67517
297.92123	877.2182
297.97336	875.17975
298.02545	872.9646
298.07755	876.0517
298.12967	878.49915
298.18176	879.08179
298.23389	878.00098
298.28598	878.14911
298.33807	877.84515
298.3902	874.43695
298.44229	873.83661
298.49442	876.63245
298.54651	877.95496
298.59863	877.52777
298.65073	874.58136
298.70282	873.22052
298.75494	877.99011
298.80704	878.88562
298.85916	874.15491
298.91125	877.59094
298.96335	879.3175
299.01547	878.96307
299.06757	877.27325
299.11969	876.46411
299.17178	878.42133
299.22388	875.3855
299.276	876.5144
299.32809	875.65631
299.38022	874.81018
299.43231	874.99426
299.48444	876.13263
299.53653	872.52625
299.58862	874.9837
299.64075	879.76385
299.69284	877.09296
299.74496	877.15057
299.79706	876.10498
299.84915	876.24078
299.90128	876.82562
299.95337	876.96869
300.00549	874.22284
300.05759	875.84344
300.10971	878.73138
300.1618	879.31964
300.2139	875.36841
300.26602	878.76129
300.31812	877.05487
300.37024	879.22339
300.42233	878.83301
300.47443	877.42554
300.52655	875.58008
300.57864	876.55322
300.63077	876.63745
300.68286	874.9812
300.73499	875.0705
300.78708	875.61365
300.83917	877.54071
300.8913	877.24371
300.94339	876.78534
300.99551	874.65094
301.04761	874.19562
301.0997	877.89594
301.15182	877.42554
301.20392	874.06744
301.25604	875.81024
301.30814	879.06268
301.36026	878.00018
301.41235	875.22101
301.46445	875.25818
301.51657	876.4328
301.56866	875.32648
301.62079	874.14532
301.67288	874.62708
301.72498	876.64203
301.7771	875.66241
301.82919	881.45062
301.88132	883.29755
301.93341	875.09589
301.98553	878.36786
302.03763	876.36902
302.08972	876.32947
302.14185	874.19379
302.19394	877.97253
302.24606	875.40259
302.29816	880.10474
302.35025	874.22748
302.40237	879.56897
302.45447	876.84082
302.50659	880.42975
302.55869	876.13959
302.61081	872.57861
302.6629	878.70404
302.715	881.8042
302.76712	875.16132
302.81921	876.89862
302.87134	878.85223
302.92343	877.26831
302.97552	880.00342
303.02765	875.0517
303.07974	878.94739
303.13187	879.29175
303.18396	876.19122
303.23605	877.69269
303.28818	879.76483
303.34027	878.0769
303.3924	874.36316
303.44449	874.29053
303.49661	874.84705
303.54871	878.4444
303.6008	878.50305
303.65292	874.59448
303.70502	875.12665
303.75714	875.54572
303.80923	880.12866
303.86133	882.13123
303.91345	878.48047
303.96555	881.08118
304.01767	874.21088
304.06976	871.28387
304.12189	874.23846
304.17398	875.23022
304.22607	877.44226
304.2782	878.27673
304.33029	876.61603
304.38242	875.76038
304.43451	880.40845
304.4866	874.58557
304.53873	880.84656
304.59082	874.24017
304.64294	871.16229
304.69504	879.94312
304.74716	877.02441
304.79926	875.06323
304.85135	874.56879
304.90347	879.33887
304.95557	875.34241
305.00769	873.67676
305.05978	874.43854
305.11188	877.15912
305.164	877.96472
305.21609	874.71405
305.26822	877.26849
305.32031	874.87799
305.37244	878.24438
305.42453	876.91241
305.47662	879.64484
305.52875	880.31287
305.58084	879.33075
305.63297	875.03839
305.68506	873.96912
305.73715	876.98328
305.78928	878.50122
305.84137	877.34308
305.89349	875.66003
305.94559	876.33087
305.99771	876.97406
306.0498	876.4856
306.1019	876.24622
306.15402	875.97931
306.20612	875.3302
306.25824	874.47296
306.31033	878.94049
306.36243	881.18567
306.41455	874.00397
306.46664	876.44928
306.51877	877.91492
306.57086	877.38983
306.62299	873.45105
306.67508	873.69037
306.72717	873.66962
306.7793	872.04456
306.83139	875.63055
306.88351	873.20392
306.93561	879.3819
306.9877	875.9292
307.03983	876.59955
307.09192	882.24573
307.14404	874.13672
307.19614	877.89984
307.24823	877.40118
307.30035	876.4184
307.35245	872.5235
307.40457	878.57861
307.45667	881.22339
307.50879	878.21985
307.56088	878.78217
307.61298	878.45825
307.6651	880.07965
307.71719	876.25964
307.76932	877.79492
307.82141	880.33716
307.8735	878.58899
307.92563	875.64746
307.97772	875.23004
308.02985	879.56592
308.08194	878.64581
308.13406	876.7016
308.18616	874.12549
308.23825	875.9386
308.29037	875.16779
308.34247	875.93756
308.39459	877.84448
308.44669	873.30365
308.49878	874.46973
308.5509	877.36517
308.603	875.33191
308.65512	873.97565
308.70721	872.75604
308.75934	873.93707
308.81143	876.37512
308.86353	878.81616
308.91565	879.50824
308.96774	879.33868
309.01987	876.61304
309.07196	877.16089
309.12405	876.13873
309.17618	874.6637
309.22827	875.34766
309.2804	874.29816
309.33249	876.37897
309.38461	876.5426
309.43671	875.56372
309.4888	877.03845
309.54092	875.62415
309.59302	878.61493
309.64514	876.76917
309.69724	876.78497
309.74933	877.24603
309.80145	876.26337
309.85355	877.7207
309.90567	877.75354
309.95776	871.67523
310.00989	875.36121
310.06198	877.5307
310.11407	875.99536
310.1662	875.31171
310.21829	873.57074
310.27042	878.90924
310.32251	873.11328
310.3746	873.92084
310.42673	879.22064
310.47882	879.62561
310.53094	876.38251
310.58304	875.9007
310.63513	878.5459
310.68726	880.03003
310.73935	877.3833
310.79147	879.94159
310.84357	880.64862
310.89569	878.34668
310.94778	878.23523
310.99988	879.73572
311.052	879.67737
311.1041	878.92303
311.15622	877.55853
311.20831	874.56927
311.26041	875.70221
311.31253	878.1665
311.36462	876.09491
311.41675	876.60309
311.46884	878.14032
311.52097	875.83704
311.57306	875.30261
311.62515	874.95386
311.67728	873.92108
311.72937	875.31207
311.78149	873.83533
311.83359	877.94073
311.88568	877.39893
311.93781	878.94336
311.9899	879.81134
312.04202	874.74066
312.09412	876.05066
312.14624	880.11865
312.19833	879.81598
312.25043	874.69763
312.30255	877.05475
312.35464	873.1333
312.40677	879.9126
312.45886	876.28821
312.51096	882.15826
312.56308	871.19196
312.61517	874.99493
312.6673	873.84473
312.71939	879.11816
312.77151	874.67926
312.82361	875.60449
312.8757	878.05042
312.92783	880.49615
312.97992	881.44342
313.03204	878.64722
313.08414	877.56219
313.13623	877.90375
313.18835	877.72144
313.24045	874.63477
313.29257	873.04968
313.34467	872.4386
313.39679	874.68842
313.44888	878.24237
313.50098	877.89539
313.5531	876.79749
313.60519	877.79138
313.65732	879.74481
313.70941	880.79132
313.76151	880.2984
313.81363	879.80524
313.86572	879.51532
313.91785	879.70508
313.96994	878.54614
314.02206	875.66016
314.07416	878.41772
314.12625	882.90704
314.17838	877.70886
314.23047	878.96393
314.28259	877.61255
314.33469	878.32355
314.38678	878.66541
314.4389	875.2962
314.491	874.72412
314.54312	875.61353
314.59521	874.21539
314.64731	879.31201
314.69943	878.0069
314.75153	878.07849
314.80365	872.74481
314.85574	878.89655
314.90787	876.44879
314.95996	875.466
315.01205	873.51923
315.06418	874.38672
315.11627	881.36414
315.1684	873.80676
315.22049	877.79285
315.27258	872.38849
315.32471	876.48663
315.3768	877.83594
315.42892	874.70721
315.48102	877.44232
315.53314	879.94135
315.58524	876.69482
315.63733	872.15271
315.68945	876.88318
315.74155	876.66949
315.79367	878.71606
315.84576	877.82202
315.89786	877.95203
315.94998	877.6828
316.00208	877.47003
316.0542	878.44708
316.10629	880.51141
316.15842	881.35339
316.21051	880.62213
316.2626	880.12885
316.31473	877.54645
316.36682	877.3089
316.41895	880.14941
316.47104	877.23157
316.52313	876.81384
316.57526	879.9834
316.62735	876.71045
316.67947	876.23517
316.73157	873.06226
316.78369	876.55206
316.83578	877.54108
316.88788	875.08795
316.94	874.6684
316.9921	875.41589
317.04422	874.93835
317.09631	879.98663
317.14841	879.94086
317.20053	874.68781
317.25262	874.23914
317.30475	877.93878
317.35684	879.33875
317.40897	879.68353
317.46106	877.45013
317.51315	882.75372
317.56528	877.35968
317.61737	876.32092
317.66949	873.91461
317.72159	871.9256
317.77368	874.96143
317.82581	880.61145
317.8779	878.66608
317.93002	878.27057
317.98212	879.92767
318.03424	875.80786
318.08633	876.34204
318.13843	880.99854
318.19055	879.62549
318.24265	877.28894
318.29477	879.95258
318.34686	878.13025
318.39896	878.7597
318.45108	879.73926
318.50317	875.61963
318.5553	872.61957
318.60739	873.41772
318.65948	877.3855
318.71161	880.27802
318.7637	878.84821
318.81583	878.50562
318.86792	877.73108
318.92004	877.13965
318.97214	879.3924
319.02423	879.76801
319.07635	877.11554
319.12845	873.99969
319.18057	877.66522
319.23267	880.07025
319.28476	874.89221
319.33688	878.3877
319.38898	877.58228
319.4411	878.27905
319.49319	875.32825
319.54532	877.29395
319.59741	878.00281
319.64951	878.96484
319.70163	877.52515
319.75372	874.17145
319.80585	872.66132
319.85794	878.96478
319.91003	881.09906
319.96216	880.43604
320.01425	878.11243
320.06638	877.75653
320.11847	880.17865
320.17059	881.6106
320.22269	878.17499
320.27478	875.70935
320.3269	880.84448
320.379	878.33484
320.43112	874.93634
320.48322	875.95239
320.53531	877.85583
320.58743	875.12964
320.63953	875.85553
320.69165	877.32318
320.74374	875.6181
320.79587	874.71118
320.84796	879.12317
320.90005	879.85687
320.95218	874.22223
321.00427	878.0036
321.0564	877.87469
321.10849	881.18292
321.16058	879.10754
321.21271	876.88257
321.2648	876.47015
321.31693	871.71552
321.36902	871.08649
321.42114	877.93262
321.47324	880.75226
321.52533	879.5542
321.57745	881.00153
321.62955	880.9234
321.68167	877.93262
321.73376	879.09534
321.78586	878.4754
321.83798	874.08356
321.89008	876.16449
321.9422	876.92291
321.99429	879.52606
322.04639	879.36798
322.09851	879.01971
322.1506	878.47296
322.20273	877.51862
322.25482	879.24365
322.30695	877.86737
322.35904	872.0484
322.41113	879.97473
322.46326	877.10754
322.51535	875.81604
322.56747	881.1687
322.61957	881.89551
322.67166	876.9624
322.72379	882.24121
322.77588	878.23322
322.828	872.63141
322.8801	879.45361
322.93222	873.07581
322.98431	874.8952
323.03641	868.81677
323.08853	872.16553
323.14063	879.26001
323.19275	877.73315
323.24484	883.53412
323.29694	875.52509
323.34906	876.02185
323.40115	880.50012
323.45328	875.49469
323.50537	880.12408
323.5575	880.80023
323.60959	880.06122
323.66168	880.28387
323.71381	877.98248
323.7659	881.6673
323.81802	879.63165
323.87012	878.37341
323.92221	876.11487
323.97433	875.00903
324.02643	875.98688
324.07855	876.96442
324.13065	880.39429
324.18277	882.89435
324.23486	880.10193
324.28696	878.36432
324.33908	876.33557
324.39117	875.3573
324.4433	877.94751
324.49539	875.72723
324.54749	875.33795
324.59961	878.18219
324.6517	878.04376
324.70383	879.03571
324.75592	881.47028
324.80804	881.16968
324.86014	875.83234
324.91223	877.82941
324.96436	876.83081
325.01645	878.7901
325.06857	879.93347
325.12067	877.87518
325.17276	875.58527
325.22488	874.70038
325.27698	877.02094
325.3291	878.59937
325.3812	880.86761
325.43332	880.99475
325.48541	877.0271
325.53751	880.76166
325.58963	879.32501
325.64172	880.3031
325.69385	873.94702
325.74594	872.36145
325.79803	876.9967
325.85016	882.36035
325.90225	881.43719
325.95438	875.9856
326.00647	880.04181
326.05856	876.12708
326.11069	875.69202
326.16278	874.15759
326.2149	878.51239
326.267	880.15454
326.31912	879.51312
326.37122	879.99646
326.42331	877.75641
326.47543	877.80103
326.52753	875.20349
326.57965	875.06805
326.63174	874.46637
326.68384	877.16223
326.73596	880.74768
326.78806	877.9411
326.84018	877.77844
326.89227	880.00452
326.9444	879.96417
326.99649	876.41541
327.04858	878.61969
327.10071	881.14899
327.1528	877.94238
327.20493	876.90784
327.25702	877.28986
327.30911	880.20618
327.36124	878.87701
327.41333	873.99615
327.46545	873.46893
327.51755	879.10925
327.56967	875.06073
327.62177	877.32886
327.67386	876.78882
327.72598	882.17596
327.77808	883.56702
327.8302	879.12805
327.88229	881.12683
327.93439	876.06451
327.98651	881.80615
328.0386	877.02472
328.09073	876.57507
328.14282	879.35406
328.19495	876.98065
328.24704	880.29913
328.29913	875.25916
328.35126	877.84076
328.40335	885.11182
328.45547	881.67419
328.50757	881.14844
328.55966	880.17834
328.61179	878.25903
328.66388	876.29333
328.716	873.87793
328.7681	875.37585
328.82022	874.75464
328.87231	878.82159
328.92441	877.54987
328.97653	881.13086
329.02863	881.70929
329.08075	875.07031
329.13284	875.72089
329.18494	878.78839
329.23706	874.24182
329.28915	885.63531
329.34128	880.41956
329.39337	877.05499
329.4455	878.07758
329.49759	879.62836
329.54968	879.06372
329.60181	879.23749
329.6539	881.198
329.70602	874.11566
329.75812	873.11957
329.81021	878.82281
329.86234	877.33276
329.91443	874.33716
329.96655	877.19714
330.01865	878.47565
330.07074	872.22974
330.12286	875.26605
330.17496	881.65747
330.22708	878.67297
330.27917	880.487
330.3313	877.04535
330.38339	873.86578
330.43549	874.5412
330.48761	876.87769
330.5397	875.8717
330.59183	875.43573
330.64392	879.0174
330.69601	875.70337
330.74814	877.23035
330.80023	880.41376
330.85236	879.48029
330.90445	876.55396
330.95657	877.53729
331.00867	881.6615
331.06076	878.40656
331.11288	877.69971
331.16498	881.47406
331.2171	881.35156
331.2692	875.46948
331.32129	876.44824
331.37341	874.04803
331.42551	881.53638
331.47763	885.20709
331.52972	882.26392
331.58185	880.16351
331.63394	876.01019
331.68604	882.29816
331.73816	878.40656
331.79025	878.66754
331.84238	877.32831
331.89447	876.14581
331.94656	878.61035
331.99869	874.18365
332.05078	874.24689
332.10291	877.41058
332.155	875.98364
332.20712	876.60278
332.25922	876.09155
332.31131	880.8501
332.36343	877.36444
332.41553	873.39886
332.46765	880.14203
332.51974	879.48987
332.57184	876.76581
332.62396	877.35352
332.67606	874.82397
332.72818	874.37079
332.78027	876.83496
332.8324	878.10431
332.88449	876.59863
332.93658	874.79254
332.98871	875.56799
333.0408	878.00281
333.09293	880.6153
333.14502	879.88538
333.19711	879.50903
333.24924	878.43817
333.30133	881.0957
333.35345	880.1889
333.40555	882.33923
333.45767	880.61053
333.50977	875.90497
333.56186	878.4621
333.61398	880.92328
333.66608	880.27362
333.7182	876.57959
333.77029	882.47913
333.82239	877.31409
333.87451	876.58295
333.92661	871.30127
333.97873	881.32697
334.03082	874.87769
334.08292	876.46381
334.13504	881.164
334.18713	872.81519
334.23926	880.62665
334.29135	878.38074
334.34348	878.75507
334.39557	874.61102
334.44766	874.7309
334.49979	884.13019
334.55188	876.97174
334.604	878.3349
334.6561	879.60187
334.70819	877.71045
334.76031	876.45508
334.81241	879.39459
334.86453	876.03088
334.91663	879.24695
334.96875	880.37903
335.02084	876.66919
335.07294	877.67841
335.12506	877.37708
335.17715	877.06354
335.22928	878.8399
335.28137	880.03979
335.33347	879.91882
335.38559	879.42432
335.43768	879.79077
335.48981	877.98901
335.5419	878.09583
335.59402	878.40515
335.64612	875.69421
335.69821	875.90161
335.75034	877.69818
335.80243	878.59631
335.85455	877.74225
335.90665	877.26868
335.95874	881.3808
336.01086	882.23047
336.06296	879.7713
336.11508	878.00336
336.16718	878.00122
336.2193	878.98096
336.27139	878.49329
336.32349	877.31836
336.37561	880.62714
336.4277	875.96918
336.47983	871.32495
336.53192	875.50598
336.58401	881.70325
336.63614	878.07324
336.68823	881.29559
336.74036	885.45087
336.79245	872.82684
336.84457	881.3783
336.89667	879.42499
336.94876	881.75604
337.00089	869.91907
337.05298	875.84589
337.1051	882.58722
337.1572	880.6181
337.20929	877.18005
337.26141	879.99634
337.31351	877.74048
337.36563	876.67255
337.41772	875.23151
337.46982	873.75403
337.52194	877.09644
337.57404	881.02484
337.62616	876.95642
337.67825	878.5556
337.73038	879.88599
337.78247	876.52148
337.83456	876.34552
337.88669	877.70258
337.93878	876.22095
337.99091	878.44623
338.043	879.56018
338.09509	877.15424
338.14722	882.07916
338.19931	877.87811
338.25143	877.22174
338.30353	876.2644
338.35565	876.04242
338.40775	878.49609
338.45984	876.42139
338.51196	874.85565
338.56406	876.06055
338.61618	874.4679
338.66827	875.75586
338.72037	878.77924
338.77249	876.89453
338.82458	879.69952
338.87671	882.50671
338.9288	879.74194
338.98093	879.92511
339.03302	874.85724
339.08511	874.10339
339.13724	877.74585
339.18933	873.7973
339.24146	875.55957
339.29355	874.50854
339.34564	877.25726
339.39777	877.20349
339.44986	876.30298
339.50198	878.67767
339.55408	873.19489
339.6062	876.06128
339.65829	876.54956
339.71039	876.56927
339.76251	874.38708
339.81461	873.89246
339.86673	873.55554
339.91882	874.75562
339.97092	878.0152
340.02304	878.85913
340.07513	877.51306
340.12726	879.39368
340.17935	877.42462
340.23148	875.45557
340.28357	873.48645
340.33566	873.89874
340.38779	881.40662
340.43988	880.07819
340.492	876.30524
340.5441	879.8938
340.59619	877.80139
340.64832	880.80884
340.70041	876.39423
340.75253	878.25922
340.80463	881.69684
340.85675	881.99896
340.90884	878.81897
340.96094	876.75909
341.01306	882.2511
341.06516	881.86932
341.11728	881.92487
341.16937	878.95618
341.22147	876.03625
341.27359	874.71613
341.32568	876.26117
341.37781	879.20795
341.4299	874.96228
341.48199	873.6839
341.53412	874.21832
341.58621	877.46545
341.63834	881.10992
341.69043	879.79382
341.74255	878.33759
341.79465	880.74506
341.84674	880.3064
341.89886	875.258
341.95096	874.18927
342.00308	875.73737
342.05518	875.52161
342.10727	876.41748
342.15939	881.27448
342.21149	880.67139
342.26361	876.13501
342.3157	876.75195
342.36783	872.44934
342.41992	874.20795
342.47202	877.26239
342.52414	877.03418
342.57623	879.97443
342.62836	877.17633
342.68045	875.78455
342.73254	874.15375
342.78467	883.53113
342.83676	877.79437
342.88889	880.30353
342.94098	877.44006
342.9931	879.06207
343.0452	881.84265
343.09729	882.0528
343.14941	872.35278
343.20151	874.43402
343.25363	879.72955
343.30573	878.74292
343.35782	877.75623
343.40994	879.18878
343.46204	876.85614
343.51416	879.06769
343.56625	879.22772
343.61838	871.55951
343.67047	871.16425
343.72256	873.3905
343.77469	876.27246
343.82678	882.14551
343.87891	880.33923
343.931	879.30408
343.98309	877.62842
344.03522	878.35553
344.08731	877.94226
344.13943	874.00476
344.19153	879.18127
344.24365	878.16113
344.29575	873.92834
344.34784	876.37903
344.39996	878.17761
344.45206	878.8139
344.50418	877.30127
344.55627	875.5611
344.60837	877.52777
344.66049	877.43835
344.71259	880.06689
344.76471	883.69751
344.8168	878.37012
344.86893	875.44202
344.92102	878.13934
344.97311	876.25897
345.02524	876.63434
345.07733	880.58112
345.12946	879.20776
345.18155	878.27802
345.23364	879.04504
345.28577	877.57306
345.33786	876.94183
345.38998	875.72156
345.44208	880.61499
345.49417	877.62134
345.5463	873.19806
345.59839	877.54065
345.65051	878.89648
345.70261	884.59869
345.75473	878.71289
345.80682	879.96387
345.85892	881.78094
345.91104	877.05035
345.96313	878.06677
346.01526	873.41663
346.06735	875.26105
346.11945	876.8457
346.17157	883.62927
346.22366	871.25732
346.27579	875.62073
346.32788	875.9743
346.38	877.77057
346.4321	876.17126
346.48419	874.83093
346.53632	876.90674
346.58841	880.73865
346.64053	873.57593
346.69263	876.84174
346.74472	877.46265
346.79684	878.8877
346.84894	877.03937
346.90106	879.5517
346.95316	875.01404
347.00528	875.78265
347.05737	874.73285
347.10947	874.61969
347.16159	876.09912
347.21368	878.32501
347.26581	877.51929
347.3179	876.14575
347.37	876.5907
347.42212	876.38391
347.47421	874.28333
347.52634	875.66803
347.57843	879.00299
347.63055	877.41846
347.68265	878.56647
347.73474	877.68152
347.78687	874.61786
347.83896	875.44812
347.89108	877.13361
347.94318	875.80994
347.99527	875.83386
348.04739	878.17706
348.09949	880.3338
348.15161	880.55127
348.2037	880.0675
348.25583	878.41705
348.30792	877.04871
348.36002	876.53406
348.41214	878.94818
348.46423	881.03955
348.51636	877.7572
348.56845	874.87091
348.62054	878.0921
348.67267	877.7525
348.72476	876.74585
348.77689	879.79504
348.82898	880.18036
348.88107	877.72083
348.9332	877.0271
348.98529	875.46722
349.03741	879.25226
349.08951	882.66699
349.14163	879.24316
349.19373	876.07489
349.24582	879.38678
349.29794	880.58093
349.35004	875.55255
349.40216	876.76709
349.45425	879.4295
349.50635	880.87885
349.55847	878.52948
349.61057	876.15198
349.66269	876.42474
349.71478	881.13922
349.76691	877.28339
349.819	875.10944
349.87109	878.23108
349.92322	879.35596
349.97531	876.4696
350.02744	875.76422
350.07953	877.24524
350.13162	878.47736
350.18375	879.29059
350.23584	874.76904
350.28796	880.7926
350.34006	882.16888
350.39218	875.04883
350.44427	874.7384
350.49637	877.68536
350.54849	879.651
350.60059	878.57562
350.65271	877.75415
350.7048	874.60815
350.7569	875.72205
350.80902	875.61835
350.86111	875.67572
350.91324	873.91858
350.96533	875.5802
351.01746	877.28424
351.06955	872.3374
351.12164	874.8302
351.17377	877.6264
351.22586	879.16003
351.27798	875.13928
351.33008	875.17859
351.38217	879.591
351.4343	877.9137
351.48639	876.5144
351.53851	876.30127
351.59061	879.32007
351.64273	879.08588
351.69482	875.86542
351.74692	877.5473
351.79904	878.42047
351.85114	878.08398
351.90326	876.91626
351.95535	876.64044
352.00745	879.16949
352.05957	878.67535
352.11166	878.69128
352.16379	878.86548
352.21588	879.35999
352.26801	881.70227
352.3201	877.10785
352.37219	874.68945
352.42432	881.25812
352.47641	879.539
352.52853	879.36279
352.58063	875.93085
352.63272	878.89581
352.68484	878.21613
352.73694	872.14502
352.78906	878.50897
352.84116	880.46924
352.89325	882.1413
352.94537	879.48065
352.99747	872.82202
353.04959	873.85016
353.10168	880.2251
353.15381	881.25696
353.2059	877.94263
353.258	878.24591
353.31012	877.35785
353.36221	877.27161
353.41434	873.74731
353.46643	879.29901
353.51852	878.57397
353.57065	886.10229
353.62274	878.06476
353.67487	877.32953
353.72696	877.74841
353.77908	874.35907
353.83118	876.91321
353.88327	878.5965
353.93539	878.0376
353.98749	877.05261
354.03961	878.71167
354.09171	877.15363
354.1438	879.15796
354.19592	878.48883
354.24802	876.12677
354.30014	877.13757
354.35223	877.93256
354.40436	875.83759
354.45645	875.48999
354.50854	877.69275
354.56067	878.69531
354.61276	879.15271
354.66489	879.0249
354.71698	877.97321
354.76907	877.68207
354.8212	878.64886
354.87329	879.43567
354.92542	878.17212
354.97751	877.00128
355.02963	874.9809
355.08173	874.91913
355.13382	874.41547
355.18594	877.00171
355.23804	875.7605
355.29016	878.32434
355.34225	880.33502
355.39435	879.61432
355.44647	881.0415
355.49857	878.44061
355.55069	879.25842
355.60278	874.73816
355.65491	882.68188
355.707	878.66254
355.75909	878.99438
355.81122	877.02728
355.86331	875.32019
355.91544	883.04614
355.96753	875.67914
356.01962	881.92065
356.07175	882.09906
356.12384	874.13751
356.17596	878.18323
356.22806	874.98907
356.28018	877.23273
356.33228	878.44672
356.38437	873.92578
356.43649	880.11298
356.48859	878.73688
356.54071	875.69269
356.5928	879.32281
356.6449	877.15942
356.69702	880.48871
356.74911	878.0932
356.80124	876.90387
356.85333	877.39148
356.90543	880.87866
356.95755	880.92126
357.00964	877.20087
357.06177	876.4552
357.11386	875.84265
357.16599	879.93457
357.21808	882.12799
357.27017	878.85748
357.3223	880.68365
357.37439	883.5105
357.42651	879.59894
357.47861	878.59344
357.5307	878.1167
357.58282	878.56061
357.63492	880.12982
357.68704	875.78864
357.73914	876.4007
357.79126	875.16626
357.84335	877.43384
357.89545	875.30042
357.94757	878.68042
357.99966	881.8938
358.05179	880.06244
358.10388	878.84174
358.15598	878.22845
358.2081	877.35278
358.26019	875.54163
358.31232	871.15564
358.36441	876.87024
358.41653	878.87512
358.46863	878.11847
358.52072	876.17023
358.57285	878.61139
358.62494	884.89722
358.67706	883.95178
358.72916	876.47247
358.78125	877.4765
358.83337	879.39368
358.88547	875.46075
358.93759	870.55841
358.98969	877.09137
359.04181	876.94171
359.0939	875.06897
359.146	882.11304
359.19812	878.48181
359.25021	879.62872
359.30234	879.89337
359.35443	875.73871
359.40652	874.07404
359.45865	875.87103
359.51074	878.32373
359.56287	880.39648
359.61496	878.64661
359.66708	878.59479
359.71918	874.97784
359.77127	874.39771
359.82339	876.87579
359.87549	878.51111
359.92761	881.71857
359.97971	876.84973
360.0318	879.46326
360.08392	880.34021
360.13602	878.68964
360.18814	876.31909
360.24023	875.16132
360.29233	877.61401
360.34445	881.30792
360.39655	882.38696
360.44867	878.28326
360.50076	876.42621
360.55289	878.66589
360.60498	881.03583
360.65707	881.24347
360.7092	878.61694
360.76129	879.72552
360.81342	878.91034
360.86551	875.82562
360.9176	880.55914
360.96973	875.14526
361.02182	877.14935
361.07394	878.28809
361.12604	883.59546
361.17816	884.32397
361.23026	877.17096
361.28235	877.49304
361.33447	881.00983
361.38657	882.18713
361.43869	881.11108
361.49078	876.64221
361.54288	876.08179
361.595	879.17029
361.64709	877.70886
361.69922	869.68585
361.75131	879.79932
361.80344	882.21851
361.85553	880.25031
361.90762	874.87823
361.95975	877.59058
362.01184	882.41052
362.06396	881.33606
362.11606	879.40741
362.16815	878.32458
362.22028	879.51062
362.27237	877.57507
362.32449	873.44745
362.37659	876.3739
362.42871	878.79309
362.4808	877.23517
362.5329	878.59967
362.58502	876.9411
362.63712	880.19965
362.68924	882.03424
362.74133	880.08618
362.79343	880.52814
362.84555	881.82898
362.89764	879.26465
362.94977	877.3476
363.00186	879.29169
363.05399	882.13593
363.10608	882.28809
363.15817	879.97363
363.2103	878.64441
363.26239	880.21222
363.31451	878.85278
363.36661	875.40051
363.4187	877.46503
363.47083	881.3103
363.52292	877.96661
363.57504	873.04181
363.62714	875.2323
363.67926	880.70532
363.73135	885.24225
363.78345	881.96851
363.83557	876.60223
363.88766	877.66748
363.93979	882.24841
363.99188	880.32562
364.04398	876.05548
364.0961	878.34399
364.14819	873.43292
364.20032	874.58148
364.25241	874.47913
364.3045	875.52307
364.35663	882.39948
364.40872	883.77423
364.46085	881.73987
364.51294	879.61798
364.56506	879.96228
364.61716	879.21259
364.66925	880.58795
364.72137	873.83923
364.77347	880.08649
364.82559	881.48267
364.87769	876.073
364.92978	880.42987
364.9819	879.57202
365.034	879.52832
365.08612	877.67389
365.13821	876.15887
365.19034	880.92157
365.24243	878.45441
365.29453	873.72211
365.34665	878.0542
365.39874	881.065
365.45087	878.67755
365.50296	877.20856
365.55505	879.3136
365.60718	879.2356
365.65927	877.87946
365.7114	871.70648
365.76349	874.41895
365.81561	881.29913
365.86771	882.13159
365.9198	878.52539
365.97192	877.92517
366.02402	883.74432
366.07614	880.31512
366.12823	877.72028
366.18033	880.66675
366.23245	883.89014
366.28455	881.4234
366.33667	875.60547
366.38876	875.20325
366.44089	880.83038
366.49298	883.76111
366.54507	879.48956
366.5972	875.05688
366.64929	875.60217
366.70142	877.11731
366.75351	876.11163
366.8056	876.23102
366.85773	878.37769
366.90982	882.74109
366.96194	880.97113
367.01404	878.8078
367.06616	878.61676
367.11826	876.11609
367.17035	882.87811
367.22247	876.77148
367.27457	877.47693
367.32669	881.08026
367.37878	879.13977
367.43088	876.46313
367.483	880.2049
367.5351	884.5318
367.58722	881.59943
367.63931	876.26801
367.69144	879.51947
367.74353	875.65198
367.79562	873.21252
367.84775	879.81409
367.89984	878.90845
367.95197	882.33801
368.00406	879.38416
368.05615	875.94592
368.10828	880.11432
368.16037	883.60181
368.21249	878.77374
368.26459	875.16516
368.31668	878.35968
368.3688	880.98737
368.4209	880.46045
368.47302	877.38452
368.52512	880.49231
368.57724	881.30261
368.62933	877.37042
368.68143	875.14221
368.73355	879.3092
368.78564	878.94873
368.83777	879.36578
368.88986	877.67267
368.94196	877.80975
368.99408	879.95227
369.04617	878.15692
369.0983	877.0882
369.15039	880.37134
369.20251	880.75153
369.25461	882.99408
369.3067	878.96826
369.35883	876.19598
369.41092	877.74957
369.46304	879.31299
369.51514	879.47858
369.56723	879.46289
369.61935	879.0813
369.67145	878.60211
369.72357	879.56982
369.77567	878.93811
369.82779	881.46136
369.87988	881.59387
369.93198	875.2179
369.9841	873.07123
370.03619	876.95581
370.08832	882.39337
370.14041	879.77679
370.1925	876.52997
370.24463	875.76947
370.29672	881.06323
370.34885	880.20288
370.40094	879.14075
370.45306	880.99988
370.50516	881.59595
370.55725	877.66113
370.60938	872.0528
370.66147	879.16992
370.71359	879.16656
370.76569	878.93738
370.81778	877.45099
370.8699	880.23718
370.922	880.83008
370.97412	876.31866
371.02621	879.44043
371.07834	873.28583
371.13043	882.13428
371.18253	875.25244
371.23465	876.58386
371.28674	874.729
371.33887	876.49597
371.39096	876.62347
371.44305	881.58246
371.49518	875.91595
371.54727	879.02795
371.5994	880.89038
371.65149	873.98804
371.70361	875.0683
371.75571	883.24994
371.8078	879.57233
371.85992	876.54785
371.91202	879.49609
371.96414	883.54907
372.01624	880.599
372.06833	873.76605
372.12045	876.07678
372.17255	883.14514
372.22467	880.28796
372.27676	875.31299
372.32886	878.14526
372.38098	881.78448
372.43307	878.3866
372.4852	879.90118
372.53729	881.07727
372.58942	879.82098
372.64151	881.37286
372.6936	879.70538
372.74573	880.03467
372.79782	882.55011
372.84995	881.56274
372.90204	881.02722
372.95413	881.02393
373.00626	879.13275
373.05835	879.34253
373.11047	880.79993
373.16257	876.51056
373.21469	877.0412
373.26678	878.854
373.31888	878.88
373.371	876.1134
373.4231	879.09863
373.47522	882.43903
373.52731	880.33752
373.57941	878.48407
373.63153	878.59491
373.68362	877.81012
373.73575	873.57239
373.78784	874.78284
373.83997	878.38525
373.89206	877.51825
373.94415	875.49219
373.99628	878.72266
374.04837	877.15729
374.10049	878.35144
374.15259	872.22656
374.20468	875.89044
374.25681	875.16864
374.3089	880.90454
374.36102	879.39435
374.41312	872.99072
374.46524	878.77722
374.51733	878.92438
374.56943	877.03485
374.62155	872.28162
374.67365	876.92963
374.72577	877.41107
374.77786	882.24835
374.82996	876.42291
374.88208	879.64514
374.93417	876.64941
374.9863	872.6261
375.03839	880.30847
375.09052	879.24438
375.14261	880.69446
375.1947	879.11774
375.24683	877.26984
375.29892	881.93451
375.35104	880.68811
375.40314	880.05957
375.45523	875.97241
375.50735	874.52155
375.55945	875.82477
375.61157	877.92712
375.66367	876.39819
375.71576	878.43445
375.76788	882.29987
375.81998	885.04083
375.8721	880.00342
375.92419	876.70813
375.97632	874.69415
376.02841	877.12427
376.08051	877.94086
376.13263	873.76703
376.18472	879.16388
376.23685	880.11719
376.28894	873.31976
376.34103	874.388
376.39316	878.21246
376.44525	879.38947
376.49738	879.88556
376.54947	876.36267
376.60159	879.12506
376.65369	880.37604
376.70578	881.97406
376.7579	878.35461
376.81	880.4563
376.86212	881.508
376.91422	877.23236
376.96631	872.45276
377.01843	879.10205
377.07053	881.58344
377.12265	877.15631
377.17474	871.87
377.22687	882.23602
377.27896	879.11646
377.33105	877.89496
377.38318	876.10339
377.43527	883.91046
377.4874	885.59491
377.53949	883.40314
377.59158	877.78772
377.64371	879.34583
377.6958	884.19989
377.74792	881.73492
377.80002	875.8465
377.85214	878.11884
377.90424	890.052
377.95633	883.24823
378.00845	873.07556
378.06055	877.15686
378.11267	883.01227
378.16476	877.59631
378.21686	884.8158
378.26898	878.62402
378.32108	880.06891
378.3732	881.0835
378.42529	876.40784
378.47742	877.12061
378.52951	879.57892
378.5816	880.16553
378.63373	876.86188
378.68582	876.01788
378.73795	880.02289
378.79004	878.90027
378.84213	878.32166
378.89426	880.289
378.94635	876.96936
378.99847	877.46057
379.05057	878.5238
379.10269	877.83417
379.15479	878.79211
379.20688	881.3252
379.259	878.21307
379.3111	879.44434
379.36322	880.2287
379.41531	877.61816
379.46741	879.09052
379.51953	878.91669
379.57162	877.14227
379.62375	876.15393
379.67584	874.52026
379.72794	874.75305
379.78006	878.28973
379.83215	878.35321
379.88428	875.39746
379.93637	874.36975
379.98849	875.28345
380.04059	879.08539
380.09268	879.30896
380.14481	882.80273
380.1969	883.58325
380.24902	880.53015
380.30112	878.30682
380.35321	876.63904
380.40533	878.00024
380.45743	876.4549
380.50955	877.56854
380.56165	876.32605
380.61377	879.79688
380.66586	878.388
380.71796	876.94464
380.77008	873.59967
380.82217	878.02289
380.8743	877.76416
380.92639	875.64471
380.97849	883.59985
381.03061	876.5498
381.0827	877.57013
381.13483	879.98254
381.18692	878.00867
381.23904	878.48663
381.29114	882.8396
381.34323	877.28271
381.39536	878.39093
381.44745	880.78577
381.49957	879.62024
381.55167	875.91028
381.60376	873.71948
381.65588	874.33179
381.70798	885.05676
381.7601	880.30334
381.81219	878.95972
381.86432	875.74469
381.91641	878.10583
381.96851	877.40302
382.02063	875.80847
382.07272	880.65039
382.12485	884.62726
382.17694	882.5791
382.22903	878.98456
382.28116	878.95709
382.33325	877.41638
382.38538	879.69983
382.43747	878.53754
382.48959	876.60382
382.54169	880.38495
382.59378	880.52502
382.6459	875.99927
382.698	876.73865
382.75012	879.72882
382.80222	881.74115
382.85431	878.18628
382.90643	877.70197
382.95853	879.65851
383.01065	879.08167
383.06274	878.98645
383.11487	877.37677
383.16696	878.02637
383.21906	878.65979
383.27118	877.55469
383.32327	877.92963
383.3754	879.79462
383.42749	879.76282
383.47958	879.61462
383.53171	876.85034
383.5838	878.64355
383.63593	878.9754
383.68802	873.23303
383.74011	870.55072
383.79224	879.68182
383.84433	878.44568
383.89645	879.05225
383.94855	874.82379
384.00067	877.14789
384.05276	884.24823
384.10486	876.09424
384.15698	879.9696
384.20908	880.87958
384.2612	880.84796
384.31329	877.51062
384.36539	875.85431
384.41751	880.92438
384.4696	882.14594
384.52173	880.05469
384.57382	876.52545
384.62595	881.62024
384.67804	876.3222
384.73013	879.27283
384.78226	877.79163
384.83435	881.6546
384.88647	881.28516
384.93857	875.13196
384.99066	874.29303
385.04279	877.91187
385.09488	878.25073
385.147	880.4613
385.1991	874.64502
385.25122	881.45465
385.30331	884.84473
385.35541	881.09064
385.40753	871.27631
385.45963	873.62616
385.51175	882.57971
385.56384	881.24969
385.61594	877.18884
385.66806	875.47125
385.72015	879.58356
385.77228	875.84821
385.82437	872.30347
385.8765	876.50427
385.92859	879.36963
385.98068	877.39203
386.03281	881.66168
386.0849	880.5965
386.13702	878.18439
386.18912	879.38312
386.24121	877.53699
386.29333	873.38385
386.34543	876.41785
386.39755	880.98413
386.44965	878.48407
386.50177	878.49835
386.55386	882.66284
386.60596	880.2547
386.65808	879.22925
386.71017	877.1319
386.7623	874.43103
386.81439	876.9848
386.86649	874.34644
386.91861	875.84393
386.9707	880.94006
387.02283	883.8775
387.07492	877.77887
387.12701	875.87604
387.17914	880.45105
387.23123	883.9845
387.28336	884.6239
387.33545	873.41779
387.38757	878.1275
387.43967	882.10138
387.49176	880.72827
387.54388	876.71222
387.59598	877.75385
387.6481	880.60571
387.7002	882.77777
387.75229	883.04376
387.80441	880.74335
387.85651	880.96912
387.90863	877.02228
387.96072	874.18628
388.01285	878.89337
388.06494	881.03461
388.11703	876.58905
388.16916	882.24896
388.22125	878.10547
388.27338	879.0282
388.32547	878.57098
388.37756	879.56641
388.42969	881.53583
388.48178	878.08905
388.53391	879.4881
388.586	875.22058
388.63812	878.79761
388.69022	882.73969
388.74231	882.1026
388.79443	877.95746
388.84653	877.95587
388.89865	879.75726
388.95074	879.14441
389.00284	877.73187
389.05496	880.83032
389.10706	882.31458
389.15918	881.68616
389.21127	877.1347
389.2634	877.92999
389.31549	881.92108
389.36758	881.85266
389.41971	877.79028
389.4718	879.36554
389.52393	882.24304
389.57602	880.87695
389.62811	880.98572
389.68024	876.77917
389.73233	876.74677
389.78445	876.34949
389.83655	874.82129
389.88867	877.20752
389.94077	880.44257
389.99286	879.67914
390.04498	879.29486
390.09708	879.09277
390.1492	878.42883
390.20129	879.22449
390.25339	876.80823
390.30551	878.21454
390.3576	883.64496
390.40973	881.32629
390.46182	875.3186
390.51395	875.38556
390.56604	878.18353
390.61813	876.6264
390.67026	877.76965
390.72235	877.72437
390.77448	874.4574
390.82657	881.05194
390.87866	880.49414
390.93079	874.5506
390.98288	877.34772
391.035	880.79047
391.0871	878.42877
391.13919	879.99786
391.19131	879.24274
391.24341	883.38397
391.29553	883.9845
391.34763	880.05573
391.39975	876.51569
391.45184	878.84583
391.50394	878.35376
391.55606	876.70319
391.60815	879.34875
391.66028	883.24579
391.71237	876.83191
391.76447	874.34027
391.81659	878.05359
391.86868	879.8703
391.92081	880.22717
391.9729	879.65106
392.02502	883.28143
392.07712	875.42737
392.12921	877.76721
392.18134	876.76581
392.23343	875.39703
392.28555	886.74365
392.33765	881.38788
392.38974	876.44098
392.44186	876.28278
392.49396	879.10669
392.54608	878.81152
392.59818	874.64984
392.6503	881.0434
392.70239	880.87665
392.75449	884.26886
392.80661	879.57892
392.8587	876.63025
392.91083	880.01874
392.96292	884.86816
393.01501	880.07178
393.06714	875.95142
393.11923	880.33911
393.17136	878.65039
393.22345	874.69934
393.27557	876.70947
393.32767	878.82404
393.37976	877.78571
393.43188	876.16132
393.48398	873.29242
393.5361	877.64929
393.5882	882.20923
393.64029	877.65253
393.69241	877.26465
393.74451	878.38629
393.79663	873.58966
393.84872	872.49683
393.90085	876.33655
393.95294	878.47412
394.00504	876.15277
394.05716	876.37823
394.10925	878.71313
394.16138	884.40778
394.21347	884.83167
394.26556	878.17999
394.31769	876.63196
394.36978	878.36737
394.42191	880.76239
394.474	881.53918
394.52612	881.44806
394.57822	880.83771
394.63031	879.06836
394.68243	879.95801
394.73453	879.27979
394.78665	878.92456
394.83875	876.72986
394.89084	880.26294
394.94296	879.60132
394.99506	876.6062
395.04718	879.05505
395.09927	880.32733
395.15137	879.8949
395.20349	878.77429
395.25558	878.66748
395.30771	877.01569
395.3598	875.64606
395.41193	877.86255
395.46402	878.04449
395.51611	877.41504
395.56824	880.9892
395.62033	880.28204
395.67245	877.80005
395.72455	881.32349
395.77664	876.16925
395.82877	881.07715
395.88086	877.8371
395.93298	877.85004
395.98508	877.05072
396.0372	878.44379
396.08929	881.08179
396.14139	878.45801
396.19351	878.90912
396.24561	877.67468
396.29773	878.51343
396.34982	872.37793
396.40192	876.47742
396.45404	875.35919
396.50613	875.86353
396.55826	876.84253
396.61035	877.00092
396.66248	881.43579
396.71457	879.78552
396.76666	876.98938
396.81879	875.91315
396.87088	878.1449
396.923	878.70984
396.9751	878.84937
397.02719	876.5755
397.07932	877.44812
397.13141	879.18048
397.18353	875.4104
397.23563	877.21307
397.28775	878.22223
397.33984	880.14642
397.39194	882.09845
397.44406	880.32715
397.49615	879.5509
397.54828	882.49329
397.60037	881.87769
397.65247	877.05981
397.70459	878.74548
397.75668	877.38812
397.80881	873.33612
397.8609	875.36279
397.91302	877.47919
397.96512	880.29523
398.01721	877.78076
398.06934	876.42792
398.12143	874.47028
398.17355	874.42816
398.22565	875.00183
398.27774	875.87219
398.32986	877.94061
398.38196	878.57776
398.43408	877.77655
398.48618	878.30206
398.5383	878.41455
398.59039	875.62439
398.64249	875.71521
398.69461	879.68219
398.7467	880.26367
398.79883	878.67139
398.85092	875.75916
398.90302	874.51483
398.95514	875.32513
399.00723	875.83331
399.05936	878.28937
399.11145	876.53656
399.16354	877.29956
399.21567	877.94366
399.26776	877.85815
399.31989	876.13666
399.37198	876.94147
399.4241	879.93024
399.4762	879.35657
399.52829	876.62366
399.58041	881.99017
399.63251	880.68671
399.68463	881.33026
399.73672	885.07227
399.78882	882.90106
399.84094	882.72662
399.89304	876.75488
399.94516	872.63849
399.99725	877.89148
400.04938	878.8045
400.10147	877.91241
400.15356	870.87701
400.20569	870.50421
400.25778	873.48236
400.30991	877.88165
400.362	874.92462
400.41409	879.26611
400.46622	881.77704
400.51831	877.17139
400.57043	875.48798
400.62253	874.46344
400.67465	880.19507
400.72675	880.86865
400.77884	873.51526
400.83096	881.28064
400.88306	884.11053
400.93518	879.85376
400.98727	880.46008
401.03937	884.00244
401.09149	882.52924
401.14359	881.46558
401.19571	879.48621
401.2478	878.47498
401.29993	883.66595
401.35202	882.00708
401.40411	876.92841
401.45624	877.98505
401.50833	878.34869
401.56046	878.13696
401.61255	875.53229
401.66464	880.75348
401.71677	885.31067
401.76886	879.57391
401.82098	875.30457
401.87308	876.92963
401.9252	877.50739
401.97729	875.51526
402.02939	874.04401
402.08151	875.47406
402.13361	875.65509
402.18573	872.43097
402.23782	874.04742
402.28992	876.80487
402.34204	876.39526
402.39413	881.6958
402.44626	882.14691
402.49835	877.78143
402.55045	881.9173
402.60257	878.625
402.65466	874.19733
402.70679	877.89478
402.75888	882.45813
402.811	882.50146
402.8631	877.9967
402.91519	877.55072
402.96732	874.96417
403.01941	877.67645
403.07153	872.98254
403.12363	877.87292
403.17572	877.19904
403.22784	881.63391
403.27994	877.88861
403.33206	875.4823
403.38416	874.37354
403.43628	880.07977
403.48837	878.84991
403.54047	880.4201
403.59259	875.82495
403.64468	878.77594
403.69681	881.58167
403.7489	871.73193
403.80099	882.97241
403.85312	878.35602
403.90521	881.03583
403.95734	874.16089
404.00943	877.36029
404.06155	879.93756
404.11365	875.71582
404.16574	870.3512
404.21786	877.84161
404.26996	875.77698
404.32208	878.89661
404.37418	877.20721
404.42627	877.05225
404.47839	876.36304
404.53049	878.45898
404.58261	875.74133
404.6347	879.82642
404.68683	884.9046
404.73892	875.11285
404.79102	872.37079
404.84314	876.19354
404.89523	876.62524
404.94736	877.74945
404.99945	876.39075
405.05154	881.95404
405.10367	882.776
405.15576	878.53857
405.20789	878.54816
405.25998	878.47894
405.3121	878.96747
405.3642	877.70319
405.41629	876.62836
405.46841	876.08362
405.52051	876.53851
405.57263	877.16602
405.62473	878.55804
405.67682	882.07867
405.72894	880.14941
405.78104	878.60577
405.83316	877.47906
405.88525	875.29333
405.93738	877.50989
405.98947	875.67474
406.04156	873.3783
406.09369	872.37891
406.14578	875.99573
406.19791	881.21985
406.25	877.62445
406.30209	876.80768
406.35422	876.28448
406.40631	874.77917
406.45844	882.14349
406.51053	881.70343
406.56262	879.00641
406.61475	879.42999
406.66684	873.07568
406.71896	878.88647
406.77106	880.68256
406.82318	878.51154
406.87527	878.30078
406.92737	876.10455
406.97949	872.74548
407.03159	881.67181
407.08371	876.51862
407.1358	877.09833
407.1879	880.4743
407.24002	879.48291
407.29211	875.53882
407.34424	874.50946
407.39633	876.86993
407.44846	882.63031
407.50055	877.40479
407.55264	873.31653
407.60477	873.4151
407.65686	875.23096
407.70898	877.63293
407.76108	874.1109
407.81317	875.13409
407.8653	881.22998
407.91739	879.60931
407.96951	872.57172
408.02161	875.24188
408.07373	879.8924
408.12582	879.4292
408.17792	875.61017
408.23004	877.68652
408.28214	882.47229
408.33426	878.71118
408.38635	876.76007
408.43845	879.24768
408.49057	882.6936
408.54266	880.72589
408.59479	878.5965
408.64688	878.10065
408.69901	880.57227
408.7511	880.95093
408.80319	876.79065
408.85532	876.04266
408.90741	878.19275
408.95953	878.88635
409.01163	875.08142
409.06372	873.59625
409.11584	876.83313
409.16794	878.5694
409.22006	878.92212
409.27216	882.06378
409.32428	883.29199
409.37637	877.75317
409.42847	876.85889
409.48059	878.93176
409.53268	881.26367
409.58481	877.78162
409.6369	874.67957
409.689	876.90277
409.74112	880.50867
409.79321	878.37531
409.84534	881.39594
409.89743	876.72552
409.94955	878.57355
410.00165	881.40973
410.05374	881.45593
410.10587	875.22992
410.15796	877.38965
410.21008	880.25549
410.26218	881.25183
410.31427	876.32672
410.36639	879.77228
410.41849	882.26257
410.47061	877.50702
410.52271	871.06848
410.5748	874.0614
410.62692	877.32013
410.67902	877.4693
410.73114	871.50665
410.78323	877.82007
410.83536	879.77649
410.88745	879.77338
410.93954	872.43768
410.99167	879.01178
411.04376	879.73889
411.09589	875.55322
411.14798	879.86273
411.20007	881.16187
411.2522	881.69824
411.30429	879.99225
411.35641	880.17822
411.40851	876.41559
411.46063	882.84857
411.51273	877.2486
411.56482	876.13776
411.61694	875.83374
411.66904	880.40759
411.72116	878.66083
411.77325	875.84216
411.82535	876.32477
411.87747	880.33209
411.92957	879.93835
411.98169	877.47046
412.03378	878.06885
412.08591	881.03821
412.138	881.87335
412.19009	882.97577
412.24222	884.63165
412.29431	880.30048
412.34644	878.38257
412.39853	879.18488
412.45062	883.16681
412.50275	882.8468
412.55484	878.82202
412.60696	876.09015
412.65906	878.00623
412.71118	879.66827
412.76328	876.94977
412.81537	874.48145
412.86749	876.59003
412.91959	879.98871
412.97171	877.86163
413.0238	874.90051
413.0759	876.36182
413.12802	879.58966
413.18011	876.95197
413.23224	877.17645
413.28433	877.26678
413.33646	877.29218
413.38855	879.03363
413.44064	876.99457
413.49277	879.97522
413.54486	880.4494
413.59698	881.03558
413.64908	877.23547
413.70117	878.7547
413.7533	878.15985
413.80539	880.41455
413.85751	880.33606
413.90961	874.82593
413.9617	874.67645
414.01382	879.78436
414.06592	877.94836
414.11804	877.27191
414.17014	879.30621
414.22226	884.14807
414.27435	875.53308
414.32645	875.28223
414.37857	877.95587
414.43066	876.08734
414.48279	876.4751
414.53488	873.72357
414.58698	884.05884
414.6391	885.53528
414.69119	876.78314
414.74332	880.38959
414.79541	875.80988
414.84753	883.00769
414.89963	878.02045
414.95172	876.17627
415.00385	881.83301
415.05594	882.96857
415.10806	881.72839
415.16016	876.41388
415.21225	878.87177
415.26437	877.86835
415.31647	876.29791
415.36859	873.61975
415.42068	874.96637
415.47281	877.81409
415.5249	880.01404
415.577	876.41467
415.62912	879.00458
415.68121	880.13489
415.73334	883.14697
415.78543	877.60596
415.83752	876.50781
415.88965	880.78723
415.94174	877.94305
415.99387	875.47424
416.04596	875.47119
416.09808	880.32312
416.15018	881.09064
416.20227	875.40057
416.25439	875.29187
416.30649	883.26184
416.35861	884.44519
416.41071	880.6604
416.4628	876.61444
416.51492	879.18585
416.56702	881.53882
416.61914	875.57574
416.67123	875.68848
416.72336	879.82288
416.77545	880.06433
416.82755	876.20392
416.87967	876.67896
416.93176	880.17688
416.98389	876.67291
417.03598	877.36554
417.08807	876.05847
417.1402	876.76074
417.19229	879.56653
417.24442	877.87457
417.29651	875.18774
417.34863	878.25446
417.40073	876.2066
417.45282	877.87195
417.50494	876.63055
417.55704	877.73016
417.60916	879.42511
417.66125	881.06885
417.71335	879.49036
417.76547	878.22742
417.81757	879.4541
417.86969	876.83295
417.92178	874.62433
417.97388	879.60944
418.026	881.29913
418.07809	880.55511
418.13022	877.97791
418.18231	879.23755
418.23444	878.10968
418.28653	882.03967
418.33862	875.85309
418.39075	876.48999
418.44284	884.29517
418.49496	878.86395
418.54706	872.94586
418.59915	882.97229
418.65128	880.93439
418.70337	878.93427
418.75549	875.10211
418.80759	881.21094
418.85971	882.25684
418.9118	877.42029
418.9639	878.54968
419.01602	880.52063
419.06812	884.6131
419.12024	885.29114
419.17233	878.29633
419.22443	877.99921
419.27655	882.66229
419.32864	876.33661
419.38077	874.66095
419.43286	874.01544
419.48499	877.86285
419.53708	876.70746
419.58917	876.48163
419.6413	878.17059
419.69339	880.83344
419.74551	880.05701
419.79761	879.25134
419.8497	878.59546
419.90182	879.52484
419.95392	876.79517
420.00604	874.73914
420.05814	875.93848
420.11026	877.9093
420.16235	878.44244
420.21445	876.82184
420.26657	879.56683
420.31866	881.64838
420.37079	881.76465
420.42288	879.14197
420.47498	876.20905
420.5271	880.82745
420.57919	882.37476
420.63132	877.59692
420.68341	875.69946
420.73553	877.8609
420.78763	878.59253
420.83972	875.2832
420.89185	876.06732
420.94394	879.32904
420.99606	880.25934
421.04816	877.43195
421.10025	876.71863
421.15237	879.34186
421.20447	879.62122
421.25659	880.90436
421.30869	879.74664
421.36081	880.32263
421.4129	878.68958
421.465	879.77338
421.51712	878.16882
421.56921	878.24316
421.62134	883.64453
421.67343	882.02228
421.72552	877.72632
421.77765	885.6626
421.82974	880.63947
421.88187	877.297
421.93396	873.18146
421.98605	876.62317
422.03818	877.58301
422.09027	884.46185
422.1424	878.70227
422.19449	879.87433
422.24661	883.07654
422.29871	882.30334
422.3508	876.56458
422.40292	875.74713
422.45502	881.565
422.50714	879.0932
422.55923	873.6626
422.61133	876.50922
422.66345	882.35394
422.71555	878.78339
422.76767	876.70496
422.81976	881.19287
422.87189	882.93811
422.92398	879.47327
422.97607	879.95135
423.0282	880.93591
423.08029	879.33649
423.13242	881.60242
423.18451	881.2171
423.2366	878.16846
423.28873	882.0061
423.34082	880.24976
423.39294	872.46838
423.44504	875.17755
423.49716	879.95844
423.54926	877.28973
423.60135	878.60406
423.65347	879.16376
423.70557	877.24512
423.75769	881.40833
423.80978	876.65686
423.86188	872.83942
423.914	878.13336
423.96609	877.11279
424.01822	875.95898
424.07031	877.12512
424.12244	878.72125
424.17453	882.19104
424.22662	879.58948
424.27875	880.79944
424.33084	882.01788
424.38297	880.75763
424.43506	878.29321
424.48715	873.61365
424.53928	875.83319
424.59137	878.46924
424.64349	877.45538
424.69559	877.25092
424.74771	878.31555
424.7998	881.13489
424.8519	878.00574
424.90402	874.01892
424.95612	876.8988
425.00824	878.54419
425.06033	877.94299
425.11243	878.69501
425.16455	881.76398
425.21664	884.22797
425.26877	882.07916
425.32086	879.77063
425.37299	878.74091
425.42508	879.42169
425.47717	878.68896
425.5293	876.7757
425.58139	878.41827
425.63351	881.99414
425.68561	875.55579
425.7377	874.05829
425.78983	877.79095
425.84192	877.91406
425.89404	879.40753
425.94614	877.29999
425.99823	877.22864
426.05035	878.80597
426.10245	877.87103
426.15457	874.81189
426.20667	875.16626
426.25879	880.43414
426.31088	876.86975
426.36298	877.33868
426.4151	882.07019
426.46719	878.32996
426.51932	877.58508
426.57141	872.59894
426.6235	878.91425
426.67563	881.28223
426.72772	876.3526
426.77985	881.784
426.83194	878.41809
426.88406	888.95135
426.93616	881.23199
426.98825	893.06531
427.04037	875.70648
427.09247	881.20398
427.14459	876.38824
427.19669	877.15808
427.24878	875.99249
427.3009	879.72534
427.353	877.3064
427.40512	878.49738
427.45721	876.30072
427.50934	878.26575
427.56143	878.79651
427.61353	877.59613
427.66565	880.43561
427.71774	878.18976
427.76987	879.57178
427.82196	879.53064
427.87405	879.6474
427.92618	881.22864
427.97827	882.84424
428.0304	880.45734
428.08249	877.88318
428.13461	877.94269
428.18671	877.92603
428.2388	877.10095
428.29092	873.2121
428.34302	875.67749
428.39514	881.35114
428.44724	876.85236
428.49933	878.11346
428.55145	879.68994
428.60355	880.24316
428.65567	882.01337
428.70776	877.27832
428.75989	878.07251
428.81198	881.17023
428.86407	879.44781
428.9162	878.46552
428.96829	878.70544
429.02042	879.6908
429.07251	881.37836
429.1246	878.82471
429.17673	876.64886
429.22882	878.83228
429.28094	876.6416
429.33304	877.65259
429.38513	880.99042
429.43726	880.49323
429.48935	877.93268
429.54147	876.90643
429.59357	880.79761
429.64569	880.19495
429.69778	883.32159
429.74988	883.76666
429.802	879.35962
429.8541	878.5152
429.90622	877.87671
429.95831	879.05206
430.01041	882.85767
430.06253	878.4068
430.11462	877.09204
430.16675	879.13367
430.21884	876.70648
430.27097	880.43597
430.32306	879.53955
430.37515	878.06036
430.42728	875.5531
430.47937	886.53455
430.53149	879.68317
430.58359	875.05121
430.63568	881.11639
430.68781	881.1134
430.7399	880.66669
430.79202	876.82544
430.84412	879.21796
430.89624	881.08533
430.94833	887.51288
431.00043	877.09497
431.05255	877.16687
431.10464	879.57031
431.15677	878.54572
431.20886	873.10504
431.26096	874.55664
431.31308	878.95636
431.36517	874.745
431.4173	874.09528
431.46939	881.11188
431.52151	883.88422
431.57361	877.18719
431.6257	877.46411
431.67783	877.5553
431.72992	880.2016
431.78204	885.77997
431.83414	880.95337
431.88623	876.64673
431.93835	881.90436
431.99045	883.45026
432.04257	878.23291
432.09467	879.44385
432.14679	884.38916
432.19888	881.61658
432.25098	876.66797
432.3031	876.2782
432.35519	877.26385
432.40732	880.82849
432.45941	878.37982
432.51151	876.29175
432.56363	874.9483
432.61572	876.92401
432.66785	878.67865
432.71994	878.32434
432.77206	880.62726
432.82416	875.50946
432.87625	875.48804
432.92838	875.91754
432.98047	879.28253
433.03259	878.95758
433.08469	878.75085
433.13678	880.26056
433.1889	877.61395
433.241	873.22589
433.29312	874.20294
433.34521	878.60712
433.39731	876.77026
433.44943	876.02783
433.50153	877.44006
433.55365	877.92493
433.60574	883.78131
433.65787	884.43298
433.70996	877.86493
433.76205	876.78088
433.81418	876.01868
433.86627	874.20947
433.9184	877.79761
433.97049	877.98755
434.02258	878.95825
434.07471	883.612
434.1268	877.86206
434.17892	874.58978
434.23102	878.5929
434.28314	884.55225
434.33524	880.76086
434.38733	877.35144
434.43945	880.77734
434.49155	882.85193
434.54367	879.81555
434.59576	877.28357
434.64786	876.23132
434.69998	880.99866
434.75208	879.26941
434.8042	877.83527
434.85629	879.36914
434.90842	878.63098
434.96051	876.16187
435.0126	877.26575
435.06473	878.36749
435.11682	883.60083
435.16895	874.61652
435.22104	874.22028
435.27313	879.61395
435.32526	881.52747
435.37735	881.42377
435.42947	870.85016
435.48157	875.88544
435.53369	881.53296
435.58578	883.50854
435.63788	879.47296
435.69	881.94305
435.7421	883.89539
435.79422	873.30011
435.84631	872.93268
435.89841	879.80475
435.95053	879.30713
436.00262	880.7804
436.05475	880.31152
436.10684	878.36761
436.15897	883.06232
436.21106	879.98877
436.26315	877.92181
436.31528	882.85547
436.36737	877.35632
436.41949	882.63177
436.47159	883.71967
436.52368	879.37292
436.57581	880.9408
436.6279	877.40131
436.68002	878.45819
436.73212	873.31409
436.78424	880.52649
436.83633	877.76105
436.88843	874.7348
436.94055	875.04279
436.99265	878.3844
437.04477	876.52911
437.09686	878.41394
437.14896	879.2348
437.20108	874.76984
437.25317	875.79431
437.3053	881.06165
437.35739	877.73517
437.40948	880.63269
437.46161	878.56738
437.5137	874.3288
437.56583	874.55188
437.61792	878.83923
437.67004	878.42865
437.72214	878.16058
437.77423	876.81055
437.82635	883.12311
437.87845	881.60406
437.93057	874.39667
437.98267	878.06671
438.03476	882.76056
438.08688	880.6264
438.13898	875.89056
438.1911	875.04138
438.24319	878.85504
438.29532	879.32428
438.34741	876.37415
438.39951	878.70154
438.45163	881.41516
438.50372	879.44214
438.55585	876.4895
438.60794	876.74139
438.66003	880.05573
438.71216	879.36511
438.76425	876.48859
438.81638	877.33368
438.86847	880.25494
438.92059	878.10107
438.97269	873.82501
439.02478	874.31683
439.0769	876.67755
439.129	880.66406
439.18112	880.02557
439.23322	878.65704
439.28531	879.94373
439.33743	876.60657
439.38953	876.91669
439.44165	875.32806
439.49374	872.43976
439.54587	879.08411
439.59796	880.22638
439.65005	877.77087
439.70218	880.32733
439.75427	879.65869
439.8064	882.94965
439.85849	877.01959
439.91058	875.81683
439.96271	878.77283
440.0148	878.02527
440.06693	873.02771
440.11902	879.04242
440.17114	876.72034
440.22324	876.78973
440.27533	872.90887
440.32745	875.31494
440.37955	877.04553
440.43167	876.87244
440.48376	875.53955
440.53586	876.28473
440.58798	882.99109
440.64008	877.14087
440.6922	878.46356
440.74429	877.60504
440.79639	879.06537
440.84851	879.81311
440.9006	874.14984
440.95273	879.45233
441.00482	875.51355
441.05695	876.50092
441.10904	877.48828
441.16113	874.08624
441.21326	879.30774
441.26535	875.66949
441.31747	876.43646
441.36957	879.76422
441.42166	879.52112
441.47379	874.43811
441.52588	872.1637
441.578	870.62952
441.6301	877.12872
441.68222	876.21344
441.73431	876.40027
441.78641	883.76178
441.83853	876.8941
441.89063	876.71619
441.94275	874.46454
441.99484	884.6134
442.04694	878.8468
442.09906	878.94568
442.15115	878.25562
442.20328	879.50098
442.25537	879.93561
442.3075	878.78912
442.35959	873.53601
442.41168	876.38593
442.46381	877.18976
442.5159	880.54034
442.56802	873.34479
442.62012	878.01892
442.67221	881.41119
442.72433	880.37988
442.77643	873.48401
442.82855	875.06866
442.88065	878.05615
442.93277	878.07214
442.98486	874.70282
443.03696	872.88983
443.08908	878.15112
443.14117	878.64008
443.1933	878.68097
443.24539	877.5144
443.29749	879.36322
443.34961	879.58423
443.4017	873.64954
443.45383	871.74823
443.50592	878.84119
443.55804	880.92102
443.61014	880.51361
443.66223	879.8678
443.71436	878.25452
443.76645	876.04547
443.81857	874.79419
443.87067	877.17072
443.92276	879.59088
443.97488	880.18323
444.02698	878.50812
444.0791	877.38043
444.1312	877.80969
444.18332	879.83978
444.23541	875.36218
444.28751	872.71576
444.33963	876.815
444.39172	883.17639
444.44385	879.99194
444.49594	874.78015
444.54803	879.495
444.60016	882.19855
444.65225	879.57294
444.70438	875.7149
444.75647	874.62433
444.80856	880.51154
444.86069	878.44501
444.91278	877.27637
444.9649	878.09613
445.017	881.16272
445.06912	879.35852
445.12122	877.22705
445.17331	879.29822
445.22543	881.48126
445.27753	881.64288
445.32965	878.78363
445.38174	875.66925
445.43384	877.6615
445.48596	875.96289
445.53806	876.88745
445.59018	875.68976
445.64227	880.92487
445.6944	878.36169
445.74649	877.72833
445.79858	877.78436
445.85071	879.50513
445.9028	878.56793
445.95493	873.57196
446.00702	876.21808
446.05911	877.78296
446.11124	878.96985
446.16333	874.97333
446.21545	877.36121
446.26755	881.40295
446.31967	880.35022
446.37177	879.70276
446.42386	877.33264
446.47598	878.57526
446.52808	882.75208
446.5802	878.62933
446.63229	875.24219
446.68439	876.93427
446.73651	880.68188
446.7886	876.341
446.84073	876.99811
446.89282	882.55487
446.94495	880.59827
446.99704	876.38678
447.04913	877.3811
447.10126	876.58282
447.15335	882.58105
447.20547	879.92468
447.25757	874.93909
447.30966	879.64758
447.36179	878.07953
447.41388	879.60577
447.466	876.12299
447.5181	873.88751
447.57022	878.82269
447.62231	877.15137
447.67441	880.55035
447.72653	877.43365
447.77863	879.94324
447.83075	878.24878
447.88284	874.77246
447.93494	878.43134
447.98706	876.97125
448.03915	879.14417
448.09128	873.5451
448.14337	877.67438
448.1955	879.83569
448.24759	880.35565
448.29968	875.23175
448.35181	876.77234
448.4039	882.01581
448.45602	885.58038
448.50812	879.01514
448.56021	872.18799
448.61234	879.31158
448.66443	878.20569
448.71655	874.51843
448.76865	877.35321
448.82074	879.37286
448.87286	880.01611
448.92496	876.30475
448.97708	876.7182
449.02917	881.03094
449.0813	880.98877
449.13339	878.19043
449.18549	875.22437
449.23761	877.58887
449.2897	879.63635
449.34183	880.53766
449.39392	878.47168
449.44601	880.67792
449.49814	884.75757
449.55023	880.90814
449.60236	875.763
449.65445	875.41119
449.70657	875.59503
449.75867	875.61578
449.81076	875.61328
449.86288	876.79089
449.91498	876.25262
449.9671	873.14087
450.0192	874.37793
450.07129	879.19476
450.12341	880.48193
450.17551	877.17743
450.22763	876.9812
450.27972	877.96625
450.33185	881.19122
450.38394	881.96442
450.43604	874.87378
450.48816	874.24371
450.54025	874.59033
450.59238	873.81696
450.64447	877.31409
450.69656	879.92572
450.74869	881.36176
450.80078	877.96045
450.85291	873.802
450.905	876.23529
450.95712	880.39563
451.00922	876.53992
451.06131	876.53699
451.11343	877.11517
451.16553	879.71295
451.21765	879.84863
451.26974	876.84119
451.32184	878.74152
451.37396	880.22076
451.42606	880.8443
451.47818	875.51715
451.53027	872.44562
451.5824	880.92108
451.63449	879.74182
451.68658	876.69159
451.73871	879.52478
451.7908	879.99615
451.84293	879.91058
451.89502	876.95123
451.94711	874.50757
451.99924	879.94226
452.05133	876.05969
452.10345	875.97858
452.15555	880.2804
452.20767	879.52795
452.25977	876.66974
452.31186	875.08453
452.36398	871.7804
452.41608	881.78375
452.4682	875.42499
452.52029	873.58075
452.57239	876.47083
452.62451	881.63007
452.67661	874.89331
452.72873	875.09802
452.78082	875.44055
452.83292	881.0661
452.88504	886.39545
452.93713	877.28265
452.98926	873.27539
453.04135	877.84937
453.09348	874.94897
453.14557	874.88751
453.19766	872.16687
453.24979	878.72974
453.30188	880.16376
453.354	880.43927
453.4061	879.21606
453.45819	879.73053
453.51031	877.46338
453.56241	875.25592
453.61453	879.61285
453.66663	877.75659
453.71875	877.61572
453.77084	878.79034
453.82294	877.50757
453.87506	878.87897
453.92715	878.13605
453.97928	874.17981
454.03137	876.39606
454.08347	881.96796
454.13559	880.78345
454.18768	876.85724
454.23981	876.83978
454.2919	878.33466
454.34402	877.91766
454.39612	878.21863
454.44821	879.40228
454.50034	877.32861
454.55243	879.34656
454.60455	879.70959
454.65665	874.7276
454.70874	879.29999
454.76086	878.76312
454.81296	877.14825
454.86508	881.02948
454.91718	882.83313
454.9693	881.01154
455.02139	875.15558
455.07349	875.27252
455.12561	876.45679
455.1777	877.80145
455.22983	879.89355
455.28192	878.40759
455.33401	878.0484
455.38614	879.57721
455.43823	876.38062
455.49036	875.45209
455.54245	882.46558
455.59457	878.70166
455.64667	875.6416
455.69876	874.48669
455.75089	882.37476
455.80298	879.9743
455.8551	877.99402
455.9072	876.89319
455.95929	881.43365
456.01141	882.50189
456.06351	880.21051
456.11563	879.67303
456.16772	878.92426
456.21982	880.95667
456.27194	876.43195
456.32404	880.11755
456.37616	876.76294
456.42825	877.79352
456.48038	882.22064
456.53247	876.28577
456.58456	875.73743
456.63669	875.72412
456.68878	882.42194
456.74091	880.82648
456.793	875.10791
456.84509	881.63678
456.89722	877.19116
456.94931	877.15717
457.00143	879.42816
457.05353	878.3822
457.10565	879.93323
457.15775	878.05402
457.20984	876.8465
457.26196	881.27747
457.31406	878.89252
457.36618	879.40149
457.41827	874.87262
457.47037	876.44257
457.52249	877.17438
457.57458	882.54626
457.62671	875.84583
457.6788	878.75842
457.73093	876.62299
457.78302	876.60699
457.83511	877.51312
457.88724	880.10913
457.93933	881.84174
457.99146	877.05145
458.04355	879.32544
458.09564	883.28589
458.14777	881.87665
458.19986	876.50665
458.25198	877.5675
458.30408	879.93738
458.3562	877.11523
458.40829	874.53326
458.46039	876.15436
458.51251	879.61255
458.56461	878.04364
458.61673	875.61304
458.66882	875.61011
458.72092	879.02618
458.77304	882.36176
458.82513	880.08038
458.87726	877.10504
458.92935	879.2486
458.98148	880.67865
459.03357	876.5567
459.08566	877.63464
459.13779	883.90076
459.18988	884.29614
459.242	882.36932
459.2941	880.04437
459.34619	878.6535
459.39832	882.79987
459.45041	881.08051
459.50253	875.74164
459.55463	879.73657
459.60675	878.86212
459.65884	876.55457
459.71094	876.55164
459.76306	877.47638
459.81516	879.09802
459.86728	878.18671
459.91937	879.92444
459.97147	882.33942
460.02359	879.92792
460.07568	880.94116
460.12781	876.26208
460.1799	876.80231
460.23199	877.29626
460.28412	881.21283
460.33621	877.15552
460.38834	874.59711
460.44043	878.9162
460.49255	875.76917
460.54465	874.87555
460.59674	877.48364
460.64886	880.62634
460.70096	880.21393
460.75308	871.12793
460.80518	877.06049
460.85727	881.93933
460.90939	876.35474
460.96149	881.0448
461.01361	882.03113
461.0657	882.95435
461.11783	882.40948
461.16992	880.27191
461.22202	871.09436
461.27414	882.96222
461.32623	880.98279
461.37836	877.04248
461.43045	884.21625
461.48254	881.57849
461.53467	880.02844
461.58676	877.13702
461.63889	882.03748
461.69098	881.06738
461.7431	880.48499
461.7952	886.69617
461.84729	880.79993
461.89941	881.6759
461.95151	879.76782
462.00363	875.16016
462.05573	879.8952
462.10782	879.66968
462.15994	875.7182
462.21204	876.53357
462.26416	878.10907
462.31625	881.96136
462.36838	872.76855
462.42047	877.97644
462.47256	877.74017
462.52469	879.13898
462.57678	879.89081
462.62891	879.15997
462.681	878.88507
462.73309	882.4165
462.78522	876.21545
462.83731	878.71155
462.88943	879.68353
462.94153	882.53076
462.99365	876.83093
463.04575	877.70313
463.09784	878.77515
463.14996	881.60388
463.20206	880.78583
463.25418	880.3623
463.30627	881.9436
463.35837	881.76355
463.41049	882.20392
463.46259	876.93286
463.51471	875.37555
463.5668	879.73248
463.61893	881.33234
463.67102	878.1994
463.72311	877.1167
463.77524	880.07678
463.82733	881.56616
463.87946	880.37506
463.93155	876.93201
463.98364	879.64722
464.03577	883.73291
464.08786	879.16534
464.13998	877.3078
464.19208	881.6087
464.24417	881.31427
464.2963	876.29425
464.34839	876.29132
464.40051	878.75543
464.45261	882.41626
464.50473	881.42346
464.55682	880.08185
464.60892	879.28522
464.66104	879.12189
464.71313	874.53833
464.76526	873.62738
464.81735	882.56372
464.86945	882.82941
464.92157	880.64429
464.97366	877.0849
465.02579	876.80444
465.07788	880.50427
465.13	879.08252
465.1821	881.63031
465.23419	881.89801
465.28632	882.36188
465.33841	876.02972
465.39053	879.61041
465.44263	881.31927
465.49472	880.54791
465.54684	875.12103
465.59894	877.66711
465.65106	880.77411
465.70316	883.95782
465.75528	881.55731
465.80737	877.0365
465.85947	880.10388
465.91159	883.03491
465.96368	876.24054
466.01581	876.80188
466.0679	878.40405
466.12	881.56824
466.17212	879.08936
466.22421	876.86444
466.27634	882.66315
466.32843	881.6803
466.38055	881.67584
466.43265	876.22583
466.48474	882.54462
466.53687	877.81445
466.58896	877.18512
466.64108	874.78375
466.69318	877.9549
466.74527	879.5545
466.79739	883.80371
466.84949	876.85504
466.90161	877.50171
466.9537	878.53796
467.00583	883.49933
467.05792	877.15155
467.11002	875.70465
467.16214	873.49939
467.21423	878.19482
467.26636	879.12769
467.31845	873.76355
467.37054	879.14337
467.42267	880.6189
467.47476	880.21826
467.52689	875.00574
467.57898	879.81909
467.63107	883.52344
467.6832	882.59045
467.73529	878.73865
467.78741	876.86084
467.83951	879.8717
467.89163	876.42297
467.94373	876.36163
467.99582	878.83472
468.04794	878.89423
468.10004	874.50134
468.15216	873.58344
468.20425	880.35529
468.25635	884.22382
468.30847	880.07501
468.36057	879.46344
468.41269	883.36584
468.46478	883.83411
468.51691	877.92731
468.569	881.09155
468.62109	882.33478
468.67322	881.7746
468.72531	877.95502
468.77744	877.10278
468.82953	879.81348
468.88162	881.91785
468.93375	879.04816
468.98584	877.36414
469.03796	881.31012
469.09006	881.77673
469.14218	881.01251
469.19427	879.59625
469.24637	878.93024
469.29849	881.20636
469.35059	879.74811
469.40271	877.89417
469.4548	879.00488
469.5069	878.78992
469.55902	881.19574
469.61111	881.34576
469.66324	879.75702
469.71533	884.13599
469.76746	881.04346
469.81955	878.37958
469.87164	879.71124
469.92377	884.95416
469.97586	881.5943
470.02798	875.48254
470.08008	876.17181
470.13217	884.12311
470.1843	882.64441
470.23639	878.31409
470.28851	880.3786
470.34061	885.90411
470.39273	884.05316
470.44482	881.79266
470.49692	879.06598
470.54904	880.94348
470.60114	880.36725
470.65326	878.32745
470.70535	878.8847
470.75745	881.32294
470.80957	877.12146
470.86166	877.55884
470.91379	876.09735
470.96588	876.92004
471.01801	877.15088
471.0701	878.48761
471.12219	879.73755
471.17432	884.97278
471.22641	884.14941
471.27853	875.56567
471.33063	880.64722
471.38272	878.21283
471.43484	876.02087
471.48694	872.40759
471.53906	878.7583
471.59116	877.35883
471.64325	885.00854
471.69537	877.56744
471.74747	882.26184
471.79959	878.42224
471.85168	880.85986
471.90381	879.85938
471.9559	874.40619
472.008	874.36163
472.06012	880.69568
472.11221	875.06061
472.16434	883.94263
472.21643	874.87213
472.26852	879.51001
472.32065	878.91437
472.37274	879.76233
472.42487	886.67957
472.47696	876.94934
472.52908	881.64398
472.58118	883.65698
472.63327	882.51172
472.68539	875.81714
472.73749	875.24994
472.78961	878.71747
472.84171	882.67877
472.8938	882.896
472.94592	872.92865
472.99802	880.17194
473.05014	881.90039
473.10223	882.59698
473.15436	875.31256
473.20645	877.57788
473.25854	879.17664
473.31067	883.85638
473.36276	882.27484
473.41489	878.3075
473.46698	881.69086
473.51907	884.00311
473.5712	878.89142
473.62329	879.60614
473.67542	882.86859
473.72751	880.30878
473.77963	878.4209
473.83173	879.9436
473.88382	881.42145
473.93594	879.4552
473.98804	879.22217
474.04016	879.10852
474.09225	878.11395
474.14435	881.16174
474.19647	882.62561
474.24857	879.51495
474.30069	878.32874
474.35278	876.96863
474.40491	875.14844
474.457	877.5752
474.50909	880.00195
474.56122	879.66571
474.61331	878.39905
474.66544	878.78406
474.71753	879.18231
474.76962	879.48444
474.82175	878.16473
474.87384	877.70465
474.92596	878.70502
474.97806	878.92145
475.03018	878.74036
475.08228	878.8576
475.13437	880.41571
475.18649	884.06177
475.23859	885.52838
475.29071	881.09418
475.3428	882.43365
475.3949	882.01147
475.44702	877.39197
475.49911	880.16486
475.55124	888.11731
475.60333	890.88843
475.65543	879.71826
475.70755	879.92242
475.75964	879.72302
475.81177	879.90405
475.86386	876.4751
475.91599	876.30829
475.96808	878.90466
476.02017	882.5321
476.0723	879.67303
476.12439	878.18274
476.17651	879.73883
476.22861	886.26575
476.2807	885.93732
476.33282	883.58838
476.38492	883.01495
476.43704	882.75525
476.48914	875.43268
476.54126	878.79517
476.59335	877.55811
476.64545	882.27795
476.69757	880.78772
476.74966	878.89966
476.80179	877.33295
476.85388	882.31592
476.90598	879.8656
476.9581	874.58191
477.01019	878.26288
477.06232	883.68011
477.11441	878.57507
477.16653	877.70593
477.21863	874.00482
477.27072	886.28033
477.32285	876.34631
477.37494	875.31464
477.42706	882.33392
477.47916	884.97034
477.53125	883.51758
477.58337	877.08264
477.63547	878.02557
477.68759	884.97632
477.73969	874.6272
477.79181	876.41211
477.8439	873.27936
477.896	881.93445
477.94812	877.03986
478.00021	878.04181
478.05234	883.49548
478.10443	884.01318
478.15652	878.14075
478.20865	874.61566
478.26074	875.47369
478.31287	874.55267
478.36496	879.24066
478.41708	878.56268
478.46918	877.56769
478.52127	880.26495
478.57339	883.23822
478.62549	878.95483
478.67761	878.48737
478.72971	881.15839
478.7818	881.48157
478.83392	879.72754
478.88602	879.47565
478.93814	881.62207
478.99023	879.41431
479.04233	877.27899
479.09445	876.12787
479.14655	879.27362
479.19867	880.36835
479.25076	874.36237
479.30289	883.41064
479.35498	880.37329
479.40707	875.39728
479.4592	875.61469
479.51129	876.71393
479.56342	877.70325
479.61551	879.82904
479.6676	877.43262
479.71973	879.02563
479.77182	879.92596
479.82394	880.28632
479.87604	880.06061
479.92816	877.78442
479.98026	877.96887
480.03235	881.19366
480.08447	876.21802
480.13657	876.46539
480.18869	883.28204
480.24078	883.24072
480.29288	880.58307
480.345	879.56915
480.39709	880.67419
480.44922	879.16858
480.50131	877.25867
480.55344	877.50067
480.60553	883.98926
480.65762	885.46289
480.70975	881.78809
480.76184	883.89917
480.81396	882.88409
480.86606	878.93225
480.91815	878.99243
480.97028	877.07013
481.02237	878.70685
481.07449	881.58142
481.12659	881.0824
481.17871	881.90222
481.2308	881.28406
481.2829	883.42792
481.33502	882.79767
481.38712	876.09924
481.43924	877.25122
481.49133	878.91681
481.54343	876.08893
481.59555	876.2912
481.64764	881.65088
481.69977	884.60156
481.75186	879.08795
481.80399	876.53088
481.85608	878.74475
481.90817	880.88324
481.9603	880.0954
482.01239	879.59613
482.06451	880.29956
482.11661	882.77777
482.1687	880.62744
482.22083	875.7345
482.27292	877.84222
482.32504	878.23712
482.37714	877.10156
482.42926	877.47498
482.48135	880.31195
482.53345	882.43475
482.58557	880.9317
482.63766	880.78546
482.68979	879.13715
482.74188	879.59052
482.79398	880.1817
482.8461	873.35162
482.89819	878.38416
482.95032	880.55627
483.00241	877.93713
483.0545	876.13464
483.10663	877.49347
483.15872	877.24689
483.21085	874.95325
483.26294	876.88025
483.31506	877.42126
483.36716	882.13135
483.41925	877.37634
483.47137	874.62659
483.52347	877.20148
483.57559	880.64294
483.62769	877.11353
483.67978	873.52539
483.7319	880.125
483.784	882.84601
483.83612	885.34833
483.88821	881.13647
483.94034	883.55219
483.99243	882.22333
484.04453	878.99744
484.09665	878.69519
484.14874	886.1803
484.20087	885.23248
484.25296	877.51654
484.30505	880.62616
484.35718	880.12689
484.40927	879.39661
484.4614	876.23248
484.51349	877.15985
484.56561	877.54584
484.61771	884.03204
484.6698	881.37775
484.72192	875.26984
484.77402	878.71539
484.82614	881.04669
484.87823	876.68829
484.93033	880.14728
484.98245	881.63617
485.03455	887.09302
485.08667	878.74304
485.13876	881.5639
485.19089	874.32489
485.24298	877.49878
485.29507	871.86273
485.3472	873.99347
485.39929	884.03687
485.45142	883.66864
485.50351	879.87659
485.5556	874.97827
485.60773	878.26996
485.65982	883.15125
485.71194	881.33167
485.76404	878.39679
485.81616	876.75037
485.86826	881.0047
485.92035	882.45837
485.97247	877.78925
486.02457	877.93909
486.07669	879.78662
486.12878	882.19543
486.18088	876.23834
486.233	877.99292
486.2851	877.73022
486.33722	873.85168
486.38931	873.87152
486.44144	876.88855
486.49353	884.78375
486.54562	879.77014
486.59775	878.83331
486.64984	879.43182
486.70197	880.70245
486.75406	888.35516
486.80615	877.9248
486.85828	875.92163
486.91037	878.77704
486.96249	877.28986
487.01459	880.94543
487.06668	885.44031
487.1188	878.18085
487.1709	875.72882
487.22302	877.78601
487.27512	878.50494
487.32724	880.24799
487.37933	875.80872
487.43143	877.60907
487.48355	876.4389
487.53564	877.34369
487.58777	879.48608
487.63986	877.34644
487.69196	875.98157
487.74408	880.50476
487.79617	881.69562
487.8483	879.07178
487.90039	877.96985
487.95251	886.35034
488.00461	886.23969
488.0567	885.08942
488.10883	880.14008
488.16092	875.35968
488.21304	877.60309
488.26514	877.70148
488.31723	883.36438
488.36935	884.16858
488.42145	881.22241
488.47357	877.2569
488.52567	875.86426
488.57779	879.88342
488.62988	881.12146
488.68198	880.42596
488.7341	878.05597
488.78619	879.29932
488.83832	881.39026
488.89041	879.40033
488.9425	878.66193
488.99463	881.38177
489.04672	882.92853
489.09885	880.69684
489.15094	880.11389
489.20306	880.89673
489.25516	883.44501
489.30725	882.04285
489.35938	880.27448
489.41147	883.27167
489.46359	882.98016
489.51569	885.46185
489.56778	887.30316
489.6199	890.39764
489.672	894.69952
489.72412	896.88849
489.77621	902.38702
489.82834	902.61517
489.88043	896.59229
489.93253	898.5498
489.98465	900.33649
490.03674	907.6759
490.08887	906.67737
490.14096	905.1604
490.19305	898.78882
490.24518	903.03418
490.29727	903.65131
490.3494	899.13837
490.40149	896.13
490.45361	902.01642
490.50571	900.96027
490.5578	901.54034
490.60992	899.81775
490.66202	903.11945
490.71414	907.27887
490.76624	897.79865
490.81833	895.58862
490.87045	898.51532
490.92255	903.8941
490.97467	902.92963
491.02676	902.51727
491.07886	902.31567
491.13098	909.03052
491.18307	909.59674
491.2352	903.69348
491.28729	902.46973
491.33942	905.67267
491.39151	909.42871
491.4436	910.1795
491.49573	905.40448
491.54782	910.9707
491.59995	914.39819
491.65204	909.32721
491.70413	913.22607
491.75626	919.66449
491.80835	919.33655
491.86047	921.16187
491.91257	925.75232
491.96469	912.50916
492.01678	911.46246
492.06888	912.16211
492.121	909.70203
492.1731	914.1416
492.22522	905.39636
492.27731	904.81055
492.32941	904.05603
492.38153	917.45178
492.43362	909.71161
492.48575	910.75385
492.53784	901.53674
492.58997	905.97443
492.64206	905.31573
492.69415	902.56702
492.74628	904.46753
492.79837	906.16089
492.85049	897.63416
492.90259	901.89227
492.95468	900.18555
493.00681	903.17188
493.0589	902.31848
493.11102	898.95911
493.16312	903.30908
493.21524	904.23419
493.26733	899.21661
493.31943	900.76599
493.37155	899.51581
493.42365	899.75867
493.47577	905.1236
493.52786	898.58618
493.57996	898.09326
493.63208	904.01135
493.68417	902.4798
493.7363	897.68439
493.78839	896.37549
493.84052	896.185
493.89261	901.37506
493.9447	898.47937
493.99683	904.39185
494.04892	900.69751
494.10104	898.52124
494.15314	902.98138
494.20523	894.62744
494.25735	901.24432
494.30945	900.30981
494.36157	901.51886
494.41367	901.12805
494.46576	896.35541
494.51788	898.01807
494.56998	896.77704
494.6221	899.97626
494.67419	898.18829
494.72632	899.11096
494.77841	893.93506
494.83051	897.15936
494.88263	897.91943
494.93472	896.87219
494.98685	901.7525
495.03894	902.55701
495.09103	898.2605
495.14316	897.71478
495.19525	902.60522
495.24738	893.58093
495.29947	894.60992
495.35159	901.34351
495.40369	897.98053
495.45578	897.77289
495.5079	895.35382
495.56	896.81226
495.61212	894.09943
495.66422	896.22198
495.71631	895.63635
495.76843	896.29224
495.82053	901.02722
495.87265	896.33844
495.92474	895.97089
495.97687	896.91895
496.02896	898.35333
496.08105	897.82996
496.13318	897.17987
496.18527	897.82355
496.2374	900.93903
496.28949	896.46838
496.34158	899.38226
496.39371	896.50208
496.4458	895.45453
496.49792	895.96667
496.55002	898.94464
496.60214	897.20117
496.65424	897.21875
496.70633	898.98059
496.75845	899.94397
496.81055	895.39893
496.86267	895.65411
496.91476	902.12634
496.96686	900.79901
497.01898	896.33496
497.07108	894.97906
497.1232	899.185
497.17529	891.02441
497.22742	892.31268
497.27951	900.52478
497.3316	903.74432
497.38373	899.93744
497.43582	902.17371
497.48795	898.42615
497.54004	897.06482
497.59213	893.6546
497.64426	896.67493
497.69635	902.84283
497.74847	900.29083
497.80057	892.07349
497.85269	893.43036
497.90479	896.96533
497.95688	899.17474
498.009	901.10199
498.0611	900.81635
498.11322	899.95129
498.16531	893.35004
498.21741	892.28888
498.26953	897.96545
498.32162	900.60663
498.37375	901.38611
498.42584	899.12939
498.47794	899.25012
498.53006	900.24817
498.58215	897.0376
498.63428	893.63599
498.68637	900.0957
498.73849	903.24438
498.79059	895.39417
498.84268	898.2298
498.89481	896.93933
498.9469	899.86493
498.99902	899.53326
499.05112	900.44751
499.10321	895.91223
499.15533	893.4668
499.20743	902.17059
499.25955	891.79999
499.31165	890.33667
499.36377	895.64404
499.41586	901.83978
499.46796	895.9079
499.52008	893.20239
499.57217	887.2569
499.6243	896.63812
499.67639	898.17841
499.72849	896.95251
499.78061	890.82141
499.8327	895.37744
499.88483	890.95087
499.93692	887.77411
499.98904	891.03711
500.04114	901.91711
500.09323	894.27502
500.14536	891.2403
500.19745	892.47546
500.24957	893.22815
500.30167	896.10583
500.35376	899.7522
500.40588	895.00537
500.45798	898.57184
500.5101	904.22913
500.56219	895.43646
500.61432	892.65106
500.66641	895.94501
500.71851	897.55988
500.77063	892.58813
500.82272	898.4989
500.87485	898.37567
500.92694	891.63525
500.97903	896.57495
501.03116	893.80383
501.08325	897.05695
501.13538	896.13177
501.18747	883.25531
501.23959	900.78381
501.29169	895.26331
501.34378	894.19397
501.3959	892.138
501.448	899.36877
501.50012	899.94153
501.55222	901.32166
501.60431	892.71838
501.65643	895.53522
501.70853	900.33447
501.76065	902.89386
501.81274	887.78687
501.86487	895.09064
501.91696	902.17499
501.96906	900.51788
502.02118	890.40594
502.07327	900.99951
502.1254	900.78339
502.17749	900.88477
502.22958	889.73682
502.28171	892.89044
502.3338	900.8681
502.38593	906.72461
502.43802	896.83942
502.49011	898.57239
502.54224	899.41144
502.59433	895.3299
502.64645	898.22168
502.69855	903.10504
502.75067	897.88501
502.80276	902.17938
502.85486	897.85681
502.90698	903.40558
502.95908	902.06531
503.0112	897.02972
503.06329	893.08649
503.11539	899.99634
503.16751	904.41125
503.2196	902.0849
503.27173	898.7356
503.32382	896.02667
503.37595	902.34119
503.42804	900.20166
503.48013	898.1875
503.53226	899.10223
503.58435	909.12946
503.63647	904.32275
503.68857	894.58368
503.74066	898.40668
503.79279	898.64917
503.84488	900.1521
503.897	901.79871
503.9491	899.23883
504.00122	901.27814
504.05331	900.18646
504.10541	898.16687
504.15753	893.71222
504.20963	897.18445
504.26175	901.48761
504.31384	900.28479
504.36594	895.13232
504.41806	898.00317
504.47015	899.62225
504.52228	895.23132
504.57437	890.11151
504.6265	889.28448
504.67859	899.35626
504.73068	896.75952
504.78281	891.13556
504.8349	894.547
504.88702	892.79095
504.93912	889.55884
504.99121	890.59607
505.04333	897.52753
505.09543	895.79004
505.14755	891.27423
505.19965	890.85486
505.25177	887.31879
505.30386	895.7724
505.35596	898.18103
505.40808	890.54401
505.46017	891.646
505.5123	891.95831
505.56439	893.97949
505.61649	896.71808
505.66861	892.46393
505.7207	894.87549
505.77283	894.98535
505.82492	889.42102
505.87701	889.31934
505.92914	891.78613
505.98123	888.8009
506.03336	893.69769
506.08545	889.0838
506.13757	892.84393
506.18967	895.70648
506.24176	886.93073
506.29388	894.33331
506.34598	891.88837
506.3981	893.33582
506.4502	893.04291
506.50229	896.37616
506.55441	895.07825
506.60651	886.4903
506.65863	889.23395
506.71072	898.43878
506.76285	896.59131
506.81494	892.90527
506.86703	888.79504
506.91916	895.91187
506.97125	898.401
507.02338	885.19232
507.07547	885.69141
507.12756	892.15588
507.17969	895.85675
507.23178	898.0191
507.28391	896.95929
507.336	886.5495
507.38812	893.57422
507.44022	899.76361
507.49231	887.26337
507.54443	899.87836
507.59653	897.71332
507.64865	887.96179
507.70074	883.12823
507.75284	897.12805
507.80496	886.1922
507.85706	887.96259
507.90918	886.3067
507.96127	898.71851
508.0134	890.93719
508.06549	901.66205
508.11758	891.16162
508.16971	883.63446
508.2218	889.88525
508.27393	903.1037
508.32602	900.91187
508.37811	890.17212
508.43024	901.14978
508.48233	884.53339
508.53445	885.87976
508.58655	892.48999
508.63867	891.01849
508.69077	892.17499
508.74286	899.97784
508.79498	896.56543
508.84708	895.61426
508.8992	896.82373
508.95129	901.77545
509.00339	895.75031
509.05551	896.49615
509.1076	890.20117
509.15973	899.80859
509.21182	903.22174
509.26395	899.23242
509.31604	889.59674
509.36813	896.49097
509.42026	896.15924
509.47235	902.56073
509.52448	898.40509
509.57657	893.3797
509.62866	891.21423
509.68079	893.58185
509.73288	896.19965
509.785	894.35437
509.8371	900.10822
509.88919	902.01862
509.94131	903.82147
509.99341	896.53772
510.04553	894.89459
510.09763	904.71844
510.14975	909.94366
510.20184	906.96588
510.25394	897.65582
510.30606	900.38739
510.35815	900.38306
510.41028	898.55573
510.46237	905.34595
510.51447	913.3291
510.56659	911.4939
510.61868	905.78864
510.67081	904.5163
510.7229	906.08209
510.77502	909.92078
510.82712	905.58234
510.87921	908.97675
510.93134	917.33374
510.98343	904.49231
511.03555	903.96021
511.08765	905.82422
511.13974	912.99731
511.19186	919.29254
511.24396	906.77832
511.29608	899.65979
511.34818	901.99329
511.4003	901.09149
511.45239	902.47845
511.50449	905.44672
511.55661	913.36792
511.6087	913.3067
511.66083	914.24146
511.71292	915.11316
511.76501	905.06519
511.81714	913.91785
511.86923	918.28186
511.92136	914.95782
511.97345	920.43909
512.02557	919.12683
512.07764	922.3208
512.12976	922.23792
512.18188	917.35077
512.23401	920.50916
512.28607	917.44434
512.3382	911.6051
512.39032	914.96564
512.44238	914.22797
512.49451	920.20947
512.54663	929.82538
512.59875	929.02899
512.65082	929.81769
512.70294	922.47766
512.75507	913.55243
512.80713	920.07642
512.85925	922.93866
512.91138	919.86621
512.9635	926.43805
513.01556	924.76489
513.06769	931.48505
513.11981	929.69324
513.17188	930.70673
513.224	922.74414
513.27612	927.0166
513.32819	923.63715
513.38031	922.41492
513.43243	927.61511
513.48456	931.83905
513.53662	933.14551
513.58875	937.98718
513.64087	939.15338
513.69293	927.84613
513.74506	932.32806
513.79718	935.34808
513.8493	934.57825
513.90137	948.80432
513.95349	939.02643
514.00562	936.44031
514.05768	943.53424
514.1098	944.63129
514.16193	937.82703
514.21399	931.13049
514.26611	944.02917
514.31824	946.46771
514.37036	954.52118
514.42242	947.74207
514.47455	952.63397
514.52667	953.99359
514.57874	944.20764
514.63086	958.05627
514.68298	963.41113
514.73511	964.24567
514.78717	965.46552
514.83929	947.92749
514.89142	977.63599
514.94348	979.56055
514.99561	970.90167
515.04773	981.25537
515.09985	980.94617
515.15192	984.47015
515.20404	970.8277
515.25616	986.74207
515.30823	989.74713
515.36035	1004.4994
515.41248	1016.3951
515.46454	1005.2721
515.51666	1021.3145
515.56879	1046.8433
515.62091	1051.5529
515.67297	1062.5979
515.7251	1077.2939
515.77722	1076.9193
515.82928	1130.6499
515.88141	1169.7421
515.93353	1204.187
515.98566	1253.8403
516.03772	1309.4159
516.08984	1357.5399
516.14197	1416.0374
516.19403	1424.0428
516.24615	1479.7709
516.29828	1541.1957
516.3504	1605.6299
516.40247	1583.9038
516.45459	1653.326
516.50671	1642.0261
516.55878	1662.7729
516.6109	1672.9336
516.66302	1679.5189
516.71509	1722.8494
516.76721	1713.9346
516.81934	1702.7189
516.87146	1755.5883
516.92352	1694.9247
516.97565	1683.4886
517.02777	1663.3787
517.07983	1667.4791
517.13196	1607.7866
517.18408	1584.8219
517.23621	1580.4617
517.28827	1546.1021
517.34039	1511.8542
517.39252	1519.1935
517.44458	1551.6316
517.4967	1561.424
517.54883	1570.4713
517.60089	1578.2777
517.65302	1629.1034
517.70514	1639.9303
517.75726	1672.9968
517.80933	1655.9001
517.86145	1693.1467
517.91357	1736.9598
517.96564	1796.2439
518.01776	1811.5271
518.06989	1884.6428
518.12201	1910.809
518.17407	1949.9944
518.2262	1951.8098
518.27832	1966.2445
518.33038	1988.7964
518.38251	1988.5021
518.43463	2027.1519
518.48676	2015.5151
518.53882	2039.7234
518.59094	1997.676
518.64307	2017.7416
518.69513	2073.7483
518.74725	2098.6609
518.79938	2079.666
518.85144	2146.0715
518.90356	2201.7468
518.95569	2275.1294
519.00781	2309.0449
519.05988	2345.0579
519.112	2417.583
519.16412	2480.3208
519.21619	2514.5002
519.26831	2593.3115
519.32043	2627.3628
519.37256	2627.8213
519.42462	2652.7212
519.47675	2707.9204
519.52887	2774.5828
519.58093	2828.1155
519.63306	2912.0229
519.68518	3071.3564
519.7373	3217.6396
519.78937	3337.6338
519.84149	3408.335
519.89362	3505.0811
519.94568	3599.0349
519.9978	3647.4231
520.04993	3669.8372
520.10199	3678.085
520.15411	3674.0698
520.20624	3650.8621
520.25836	3585.3699
520.31042	3481.2834
520.36255	3415.0818
520.41467	3334.5503
520.46674	3198.0703
520.51886	3089.054
520.57098	3008.5249
520.62311	2899.1748
520.67517	2769.0488
520.72729	2696.7227
520.77942	2652.1096
520.83148	2590.1965
520.88361	2546.3271
520.93573	2546.05
520.98785	2547.8416
521.03992	2498.9958
521.09204	2505.2278
521.14417	2583.51
521.19623	2630.6055
521.24835	2656.7478
521.30048	2657.3987
521.35254	2632.5862
521.40466	2610.1599
521.45679	2574.9722
521.50891	2515.9343
521.56097	2453.5837
521.6131	2420.1465
521.66522	2330.9248
521.71729	2262.1846
521.76941	2212.9678
521.82153	2185.8894
521.87366	2161.4092
521.92572	2158.0242
521.97784	2152.0417
522.02997	2169.2014
522.08203	2196.3867
522.13416	2227.4487
522.18628	2266.3958
522.23834	2299.6689
522.29047	2354.7805
522.34259	2340.1267
522.39471	2375.2395
522.44678	2455.2659
522.4989	2515.0081
522.55103	2545.2454
522.60309	2543.9031
522.65521	2574.9104
522.70734	2636.9065
522.75946	2606.0166
522.81152	2590.5422
522.86365	2570.9382
522.91577	2573.093
522.96783	2545.6104
523.01996	2521.1575
523.07208	2538.657
523.12421	2539.5764
523.17627	2475.0415
523.22839	2452.3359
523.28052	2437.1094
523.33258	2397.8467
523.3847	2385.502
523.43683	2367.1135
523.48889	2370.7205
523.54102	2390.7566
523.59314	2365.3093
523.64526	2346.9263
523.69733	2369.325
523.74945	2369.136
523.80157	2312.0068
523.85364	2297.1753
523.90576	2331.7673
523.95789	2377.2173
524.01001	2372.7769
524.06207	2366.6277
524.1142	2305.5896
524.16632	2300.9207
524.21838	2308.5276
524.27051	2307.2273
524.32263	2294.6191
524.37476	2290.1079
524.42682	2266.4165
524.47894	2265.8792
524.53107	2244.0581
524.58313	2221.792
524.63525	2243.0923
524.68738	2233.9656
524.73944	2213.2986
524.79156	2171.4478
524.84369	2186.7461
524.89581	2194.4531
524.94788	2229.8748
525	2208.4421
525.05212	2192.7173
525.10419	2189.9104
525.15631	2238.0762
525.20844	2233.1318
525.26056	2212.6409
525.31262	2193.8022
525.36475	2262.7002
525.41687	2251.3267
525.46893	2252.9878
525.52106	2211.501
525.57318	2269.728
525.62524	2235.491
525.67737	2288.4849
525.72949	2244.2581
525.78162	2308.7988
525.83368	2263.5127
525.8858	2299.6736
525.93793	2313.2546
525.98999	2292.2727
526.04211	2299.271
526.09424	2315.0999
526.14636	2380.9915
526.19843	2399.3394
526.25055	2404.2429
526.30267	2392.2859
526.35474	2451.3621
526.40686	2517.9409
526.45898	2584.0403
526.51111	2549.3027
526.56317	2608.5034
526.6153	2682.1943
526.66742	2710.1414
526.71948	2713.4614
526.77161	2771.1702
526.82373	2818.5388
526.87579	2844.0029
526.92792	2882.886
526.98004	2915.1577
527.03217	2915.7024
527.08423	2985.2112
527.13635	2997.8411
527.18848	3034.7222
527.24054	3024.9624
527.29266	3066.6089
527.34479	3062.459
527.39691	3075.5713
527.44897	3071.134
527.5011	3082.5037
527.55322	3056.6162
527.60529	3081.2366
527.65741	3112.5061
527.70953	3066.8425
527.76166	2999.1582
527.81372	3015.7268
527.86584	2968.1521
527.91797	3080.4109
527.97003	2987.3662
528.02216	3008.0596
528.07428	3006.4675
528.12634	2977.0068
528.17847	2978.6526
528.23059	2956.3057
528.28271	2960.1091
528.33478	2959.1736
528.3869	2927.9404
528.43903	2944.1924
528.49109	2915.2874
528.54321	2910.312
528.59534	2899.4009
528.64746	2817.4014
528.69952	2879.9749
528.75165	2851.0583
528.80377	2829.0037
528.85583	2799.8032
528.90796	2736.7288
528.96008	2729.6052
529.01215	2667.905
529.06427	2648.5315
529.11639	2637.9412
529.16852	2601.7891
529.22058	2573.4497
529.27271	2510.1628
529.32483	2459.5527
529.37689	2451.0139
529.42902	2415.4707
529.48114	2377.6426
529.53326	2344.3054
529.58533	2305.054
529.63745	2262.1614
529.68958	2224.9868
529.74164	2196.9766
529.79376	2185.6519
529.84589	2140.2461
529.89801	2090.6362
529.95007	2092.0862
530.0022	2017.2772
530.05432	1987.4524
530.10638	1971.2957
530.15851	1967.121
530.21063	1945.7209
530.2627	1933.3843
530.31482	1913.61
530.36694	1884.5546
530.41907	1848.7736
530.47113	1864.3605
530.52325	1818.9858
530.57538	1769.3268
530.62744	1787.5421
530.67957	1749.8043
530.73169	1737.837
530.78381	1716.0726
530.83588	1699.98
530.888	1694.8276
530.94012	1679.9963
530.99219	1668.7188
531.04431	1639.244
531.09644	1601.1224
531.14856	1608.9265
531.20062	1620.291
531.25275	1610.4358
531.30487	1582.6212
531.35693	1532.5684
531.40906	1529.8661
531.46118	1515.963
531.51324	1487.8616
531.56537	1466.7244
531.61749	1446.6331
531.66962	1435.6235
531.72168	1429.8639
531.7738	1399.9547
531.82593	1391.3326
531.87799	1394.8927
531.93011	1380.6687
531.98224	1380.3881
532.03436	1364.5465
532.08643	1358.6508
532.13855	1358.0436
532.19067	1337.4863
532.24274	1320.1649
532.29486	1325.4031
532.34698	1329.0358
532.39911	1308.7227
532.45117	1303.8932
532.5033	1281.1078
532.55542	1268.4049
532.60748	1275.0848
532.65961	1286.7997
532.71173	1288.1953
532.76379	1283.1307
532.81592	1284.3798
532.86804	1258.8019
532.92017	1247.806
532.97223	1257.0549
533.02435	1259.5436
533.07648	1247.2583
533.12854	1245.8262
533.18066	1248.6011
533.23279	1242.6829
533.28491	1246.3348
533.33698	1248.9987
533.3891	1258.3528
533.44122	1243.1953
533.49329	1223.1963
533.54541	1239.8409
533.59753	1258.443
533.6496	1249.8508
533.70172	1232.8011
533.75385	1240.8435
533.80597	1243.3362
533.85803	1234.6534
533.91016	1236.6035
533.96228	1249.8253
534.01434	1244.9465
534.06647	1229.7115
534.11859	1240.8663
534.17072	1250.5171
534.22278	1258.9407
534.2749	1251.5095
534.32703	1256.2206
534.37909	1276.347
534.43121	1280.7242
534.48334	1274.2365
534.53546	1263.3296
534.58752	1269.6925
534.63965	1282.3033
534.69177	1282.2321
534.74384	1284.0142
534.79596	1296.5934
534.84808	1302.0858
534.90015	1299.7896
534.95227	1299.3132
535.00439	1315.9873
535.05652	1323.2823
535.10858	1321.031
535.16071	1320.0624
535.21283	1317.2533
535.26489	1327.7554
535.31702	1351.9181
535.36914	1363.1823
535.42126	1360.7878
535.47333	1371.1171
535.52545	1367.9442
535.57758	1380.0784
535.62964	1384.6094
535.68176	1395.4546
535.73389	1418.1714
535.78601	1420.1162
535.83807	1428.0918
535.8902	1428.1782
535.94232	1437.9222
535.99438	1462.5077
536.04651	1482.949
536.09863	1486.2251
536.1507	1523.8118
536.20282	1536.9647
536.25494	1541.7114
536.30707	1561.0271
536.35913	1598.5
536.41125	1587.0371
536.46338	1604.4713
536.51544	1641.1729
536.56757	1643.7472
536.61969	1657.3978
536.67181	1734.6818
536.72388	1765.8385
536.776	1781.177
536.82813	1831.5094
536.88019	1844.6193
536.93231	1878.9414
536.98444	1942.1403
537.0365	1961.9785
537.08862	2001.761
537.14075	2061.5972
537.19287	2120.6948
537.24493	2188.8984
537.29706	2266.9294
537.34918	2383.563
537.40125	2494.8914
537.45337	2586.9607
537.50549	2728.1157
537.55762	2901.5103
537.60968	3083.9097
537.6618	3308.0647
537.71393	3553.1997
537.76599	3826.3809
537.81812	4098.0649
537.87024	4482.4941
537.92236	4877.771
537.97443	5344.9116
538.02655	5835.6299
538.07867	6389.6592
538.13074	6966.7266
538.18286	7452.4746
538.23499	7945.4307
538.28705	8410.3379
538.33917	8814.1123
538.3913	9187.1641
538.44342	9501.958
538.49548	9753.3516
538.54761	10002.198
538.59973	10248.798
538.65179	10366.172
538.70392	10423.057
538.75604	10546.415
538.80817	10475.844
538.86023	10448.9
538.91235	10486.81
538.96448	10258.056
539.01654	10112.259
539.06866	9758.4639
539.12079	9596.1855
539.17291	9433.3916
539.22498	9173.9248
539.2771	8927.6563
539.32922	8784.0254
539.38129	8832.7041
539.43341	8799.0615
539.48553	8765.1934
539.5376	8831.5771
539.58972	8901.8535
539.64185	9003.4863
539.69397	9059.748
539.74603	9043.3896
539.79816	9085.7334
539.85028	9042.9922
539.90234	9124.1152
539.95447	9182.3867
540.00659	9390.8242
540.05872	9441.6846
540.11078	9575.3672
540.1629	9802.3672
540.21503	9997.042
540.26709	10142.093
540.31921	10410.131
540.37134	10505.962
540.4234	10546.541
540.47552	10484.553
540.52765	10480.455
540.57977	10280.055
540.63184	9868.8086
540.68396	9549.5088
540.73608	9078.0879
540.78815	8498.2744
540.84027	8020.4014
540.8924	7572.8608
540.94452	7231.3696
540.99658	6946.3271
541.04871	6850.6143
541.10083	6767.8604
541.15289	6833.0186
541.20502	6903.1118
541.25714	7173.4121
541.30927	7464.0425
541.36133	7650.979
541.41345	7842.8921
541.46558	8164.5703
541.51764	8337.3721
541.56976	8330.1494
541.62189	8431.5283
541.67395	8361.1357
541.72607	8274.5088
541.7782	8123.6094
541.83032	7947.189
541.88239	7652.2109
541.93451	7430.0771
541.98663	7149.0479
542.0387	6898.6855
542.09082	6648.4321
542.14294	6494.123
542.19507	6236.5835
542.24713	5965.1753
542.29926	5771.3804
542.35138	5582.938
542.40344	5415.4648
542.45557	5293.5771
542.50769	5205.165
542.55981	5087.1777
542.61188	5028.3223
542.664	5017.3945
542.71613	4979.2935
542.76819	4846.3413
542.82031	4867.6689
542.87244	4799.3203
542.9245	4760.519
542.97662	4695.4663
543.02875	4660.9111
543.08087	4627.1104
543.13293	4594.252
543.18506	4582.1782
543.23718	4614.812
543.28925	4621.5542
543.34137	4638.9385
543.39349	4676.9775
543.44562	4726.6509
543.49768	4800.9814
543.5498	4879.4258
543.60193	4891.8643
543.65399	4977.8848
543.70612	5027.4756
543.75824	5057.3379
543.81036	5030.2134
543.86243	5116.6035
543.91455	5217.3496
543.96667	5241.1821
544.01874	5294.6685
544.07086	5397.2832
544.12299	5480.5771
544.17505	5646.834
544.22717	5806.3608
544.2793	6067.7183
544.33142	6225.2354
544.38348	6412.6704
544.43561	6548.6372
544.48773	6718.7476
544.53979	6815.9863
544.59192	6894.5493
544.64404	6929.0986
544.69617	6981.5132
544.74823	6992.0415
544.80035	7022.2148
544.85248	6934.0864
544.90454	6911.6968
544.95667	6845.2227
545.00879	6749.7158
545.06085	6635.1704
545.11298	6624.8037
545.1651	6511.1104
545.21722	6375.5669
545.26929	6308.9146
545.32141	6275.3457
545.37354	6206.9399
545.4256	6184.1172
545.47772	6233.3149
545.52985	6183.9658
545.58197	6136.3027
545.63403	6121.7271
545.68616	6052.7803
545.73828	5952.0669
545.79034	5879.0869
545.84247	5756.8716
545.89459	5624.5269
545.94672	5412.7705
545.99878	5296.6958
546.0509	5158.2798
546.10303	5105.9292
546.15509	5018.2861
546.20721	4891.7603
546.25934	4869.5073
546.3114	4790.6157
546.36353	4790.5679
546.41565	4748.356
546.46777	4679.1606
546.51984	4651.4438
546.57196	4609.5791
546.62408	4571.5171
546.67615	4564.7573
546.72827	4516.9229
546.7804	4500.9238
546.83252	4655.2261
546.88458	4534.8833
546.93671	4583.1538
546.98883	4569.3857
547.04089	4525.2432
547.09302	4548.9941
547.14514	4583.9575
547.19727	4586.6494
547.24933	4637.5894
547.30145	4543.8906
547.35358	4615.3735
547.40564	4574.3755
547.45776	4656.7412
547.50989	4637.2026
547.56195	4703.1226
547.61407	4715.4785
547.6662	4705.9399
547.71832	4801.4678
547.77039	4706.2114
547.82251	4764.6338
547.87463	4812.9966
547.9267	4918.8555
547.97882	4912.3989
548.03094	4961.6084
548.08307	5051.8003
548.13513	5141.4429
548.18726	5140.9766
548.23938	5202.2319
548.29144	5290.686
548.34357	5300.4805
548.39569	5396.0054
548.44775	5469.5327
548.49988	5613.9873
548.552	5616.9854
548.60413	5705.8364
548.65619	5866.4766
548.70831	5897.5679
548.76044	5978.1045
548.8125	6044.6602
548.86462	6091.3306
548.91675	6117.3184
548.96887	6277.3398
549.02094	6350.1885
549.07306	6353.7173
549.12518	6412.1372
549.17725	6513.208
549.22937	6468.4976
549.28149	6481.5825
549.33362	6551.7876
549.38568	6595.543
549.43781	6608.2603
549.48993	6585.1367
549.54199	6583.1719
549.59412	6476.9902
549.64624	6333.7095
549.6983	6350.1592
549.75043	6245.3066
549.80255	6191.2627
549.85468	6133.5596
549.90674	5972.7168
549.95886	5892.689
550.01099	5812.4946
550.06305	5689.3457
550.11517	5598.8271
550.1673	5490.3745
550.21942	5385.957
550.27148	5299.7861
550.32361	5155.8613
550.37573	5089.5898
550.4278	4976.105
550.47992	4835.8071
550.53204	4802.3784
550.58417	4742.0571
550.63623	4615.4585
550.68835	4494.7075
550.74048	4406.7944
550.79254	4354.6011
550.84467	4294.5396
550.89679	4196.9351
550.94885	4117.9448
551.00098	4063.0237
551.0531	3985.0725
551.10522	3923.4116
551.15729	3849.7542
551.20941	3766.2283
551.26154	3735.1279
551.3136	3689.7505
551.36572	3652.7271
551.41785	3605.0088
551.46997	3550.2214
551.52203	3520.6101
551.57416	3461.7083
551.62628	3428.0378
551.67834	3391.446
551.73047	3346.8625
551.78259	3314.5396
551.83466	3257.6707
551.88678	3183.0305
551.9389	3175.7769
551.99103	3188.1543
552.04309	3130.8345
552.09521	3111.446
552.14734	3116.6602
552.1994	3057.0608
552.25153	3012.062
552.30365	3005.5081
552.35577	2997.3696
552.40784	2975.5078
552.45996	2905.3484
552.51208	2859.7981
552.56415	2867.915
552.61627	2827.7803
552.6684	2789.9465
552.72052	2751.8323
552.77258	2717.9363
552.82471	2696.1509
552.87683	2632.8445
552.92889	2599.5166
552.98102	2591.9851
553.03314	2560.9646
553.08521	2537.4353
553.13733	2519.9602
553.18945	2478.1077
553.24158	2441.425
553.29364	2415.3926
553.34576	2395.8945
553.39789	2360.2512
553.44995	2323.7051
553.50208	2305.3406
553.5542	2283.511
553.60632	2250.1831
553.65839	2211.3054
553.71051	2202.6191
553.76263	2185.5215
553.8147	2164.3882
553.86682	2140.7605
553.91895	2120.1746
553.97107	2118.0288
554.02313	2096.6497
554.07526	2078.8376
554.12738	2055.0474
554.17944	2049.2126
554.23157	2067.5671
554.28369	2034.9614
554.33575	1993.4287
554.38788	1999.9813
554.44	1998.0616
554.49213	1945.1781
554.54419	1917.8572
554.59631	1904.8126
554.64844	1857.0179
554.7005	1828.8339
554.75262	1836.7007
554.80475	1813.8523
554.85687	1805.3932
554.90894	1819.0911
554.96106	1820.829
555.01318	1805.6272
555.06525	1813.5839
555.11737	1806.9032
555.16949	1828.4143
555.22162	1813.9229
555.27368	1814.1379
555.32581	1816.5062
555.37793	1822.6198
555.42999	1855.2205
555.48212	1830.7061
555.53424	1818.0376
555.5863	1825.5747
555.63843	1796.0513
555.69055	1810.8047
555.74268	1793.371
555.79474	1783.0325
555.84686	1830.791
555.89899	1790.2764
555.95105	1797.4944
556.00317	1772.084
556.0553	1752.3909
556.10742	1711.2969
556.15948	1719.5334
556.21161	1741.519
556.26373	1711.4916
556.3158	1660.7455
556.36792	1651.7052
556.42004	1620.2789
556.47211	1578.7759
556.52423	1581.6523
556.57635	1561.1249
556.62848	1564.0858
556.68054	1554.8412
556.73267	1548.1686
556.78479	1538.012
556.83685	1514.4796
556.88898	1490.8363
556.9411	1491.4879
556.99323	1475.0856
557.04529	1494.6088
557.09741	1469.8516
557.14954	1413.0891
557.2016	1445.3911
557.25372	1451.5796
557.30585	1431.7719
557.35797	1409.7527
557.41003	1413.4424
557.46216	1389.698
557.51428	1383.0757
557.56635	1400.7565
557.61847	1385.657
557.67059	1385.3947
557.72266	1375.5195
557.77478	1356.499
557.8269	1333.2352
557.87903	1349.0767
557.93109	1334.3076
557.98322	1355.0251
558.03534	1345.7952
558.0874	1317.1156
558.13953	1303.7151
558.19165	1313.8506
558.24377	1295.9489
558.29584	1293.0444
558.34796	1310.8723
558.40009	1268.4712
558.45215	1278.9648
558.50427	1290.3877
558.5564	1279.26
558.60852	1288.0458
558.66058	1277.6887
558.71271	1251.032
558.76483	1269.2417
558.81689	1228.7635
558.86902	1242.6202
558.92114	1234.8065
558.97321	1237.4175
559.02533	1226.6442
559.07745	1211.4989
559.12958	1223.5842
559.18164	1208.5261
559.23376	1222.2422
559.28589	1182.7465
559.33795	1164.3591
559.39008	1183.6161
559.4422	1176.1066
559.49432	1181.3888
559.54639	1165.8788
559.59851	1186.3468
559.65063	1168.6219
559.7027	1157.7981
559.75482	1176.7601
559.80695	1177.4376
559.85901	1155.6473
559.91113	1178.8447
559.96326	1153.5714
560.01538	1135.1147
560.06744	1143.7743
560.11957	1132.4689
560.17169	1143.2672
560.22375	1134.8802
560.27588	1150.0929
560.328	1118.092
560.38013	1131.8749
560.43219	1113.8639
560.48431	1128.687
560.53644	1138.7305
560.5885	1114.8462
560.64063	1108.2725
560.69275	1099.2511
560.74487	1106.1533
560.79694	1112.0587
560.84906	1130.3893
560.90118	1121.9934
560.95325	1105.5275
561.00537	1119.5594
561.0575	1095.0992
561.10956	1104.9131
561.16168	1105.0249
561.21381	1098.5986
561.26593	1093.9846
561.31799	1097.1865
561.37012	1098.6613
561.42224	1095.2494
561.4743	1089.2653
561.52643	1080.798
561.57855	1092.3787
561.63068	1071.7764
561.68274	1086.4679
561.73486	1070.9904
561.78699	1072.4493
561.83905	1083.3839
561.89117	1073.5341
561.9433	1090.2534
561.99542	1068.7058
562.04749	1080.3008
562.09961	1074.5605
562.15173	1080.5452
562.2038	1056.7585
562.25592	1055.7922
562.30804	1066.4221
562.36011	1075.5066
562.41223	1062.7781
562.46436	1057.8761
562.51648	1068.9115
562.56854	1059.8387
562.62067	1051.9772
562.67279	1047.5981
562.72485	1053.9548
562.77698	1073.1127
562.8291	1046.1421
562.88123	1053.7161
562.93329	1062.0165
562.98541	1046.2042
563.03754	1054.4498
563.0896	1053.8185
563.14172	1056.632
563.19385	1044.5319
563.24597	1054.3508
563.29803	1051.3729
563.35016	1053.3429
563.40228	1043.9684
563.45435	1029.4158
563.50647	1042.3201
563.55859	1051.793
563.61066	1039.3317
563.66278	1041.5648
563.7149	1035.661
563.76703	1041.9055
563.81909	1041.701
563.87122	1030.681
563.92334	1018.5515
563.9754	1038.116
564.02753	1019.5054
564.07965	1033.4521
564.13177	1025.9115
564.18384	1022.2473
564.23596	1031.5702
564.28809	1037.0695
564.34015	1015.4379
564.39227	1035.0245
564.4444	1031.1825
564.49646	1018.1998
564.54858	1017.9658
564.60071	1029.9304
564.65283	1028.4983
564.7049	1014.0153
564.75702	1015.1924
564.80914	1025.8557
564.86121	1018.8875
564.91333	1016.8325
564.96545	1016.3453
565.01758	1016.5817
565.06964	1018.2216
565.12177	1010.3998
565.17389	1023.4069
565.22595	1023.2245
565.27808	1003.7426
565.3302	1006.8331
565.38232	1006.6165
565.43439	1010.4431
565.48651	998.68329
565.53864	998.17072
565.5907	1009.1335
565.64282	1015.2941
565.69495	1001.5037
565.74701	1001.5129
565.79913	998.9455
565.85126	1003.017
565.90338	992.56598
565.95544	996.29626
566.00757	999.34265
566.05969	1001.9288
566.11176	1001.737
566.16388	996.78162
566.216	994.96893
566.26813	1003.6611
566.32019	1000.8069
566.37231	998.3504
566.42444	995.73914
566.4765	997.25653
566.52863	994.82635
566.58075	990.37213
566.63287	1000.2549
566.68494	1004.7833
566.73706	1000.5187
566.78918	984.61737
566.84125	987.07727
566.89337	991.58521
566.9455	985.86938
566.99756	983.29553
567.04968	986.08105
567.10181	992.23395
567.15393	987.60455
567.20599	985.35376
567.25812	981.93799
567.31024	993.64514
567.3623	988.1474
567.41443	981.95819
567.46655	978.3844
567.51868	990.59009
567.57074	985.76776
567.62286	980.75708
567.67499	984.52557
567.72705	988.25024
567.77917	997.7146
567.8313	987.11047
567.88336	980.7392
567.93549	982.41589
567.98761	970.9024
568.03973	976.52856
568.0918	978.7135
568.14392	979.72516
568.19604	991.81757
568.24811	989.83661
568.30023	978.98712
568.35236	980.95508
568.40448	969.1792
568.45654	968.4256
568.50867	982.07117
568.56079	988.21259
568.61285	976.72229
568.66498	981.49872
568.7171	984.15405
568.76923	982.7796
568.82129	978.19788
568.87341	983.66663
568.92554	989.88849
568.9776	981.05249
569.02972	972.06299
569.08185	975.21582
569.13391	976.04108
569.18604	974.31055
569.23816	972.04272
569.29028	977.4046
569.34235	980.11224
569.39447	981.40863
569.44659	977.49384
569.49866	972.97589
569.55078	973.84906
569.60291	968.56427
569.65503	972.80408
569.70709	977.08032
569.75922	968.29626
569.81134	972.72931
569.8634	974.11127
569.91553	966.65057
569.96765	972.78625
570.01978	969.99652
570.07184	973.9184
570.12396	976.08154
570.17609	969.63812
570.22815	971.79724
570.28027	977.20337
570.3324	971.92322
570.38446	978.21643
570.43658	980.61804
570.48871	969.71448
570.54083	964.79388
570.5929	975.34271
570.64502	967.04163
570.69714	971.31732
570.74921	975.65509
570.80133	967.96295
570.85345	957.06586
570.90558	963.12067
570.95764	969.14771
571.00977	962.02887
571.06189	967.8504
571.11395	967.68121
571.16608	962.55396
571.2182	966.82098
571.27026	970.01337
571.32239	970.4342
571.37451	962.06171
571.42664	967.20844
571.4787	967.16888
571.53082	965.91443
571.58295	958.60791
571.63501	958.98816
571.68713	968.9895
571.73926	972.00616
571.79138	964.29224
571.84344	961.28442
571.89557	966.24615
571.94769	967.37195
571.99976	962.08234
572.05188	958.53839
572.104	954.3941
572.15613	957.4718
572.20819	966.34399
572.26031	960.41577
572.31244	961.81421
572.3645	972.87018
572.41663	968.02307
572.46875	959.04834
572.52081	962.83496
572.57294	962.07635
572.62506	958.36005
572.67719	956.60046
572.72925	961.99463
572.78137	962.54358
572.8335	967.14655
572.88556	966.62292
572.93768	967.95172
572.98981	969.76233
573.04193	965.71533
573.09399	960.58368
573.14612	958.21088
573.19824	963.11316
573.25031	959.57574
573.30243	959.69141
573.35455	955.73901
573.40668	958.2276
573.45874	961.23859
573.51086	960.47357
573.56299	958.95392
573.61505	965.33789
573.66718	967.98395
573.7193	960.39648
573.77136	953.88885
573.82349	956.06586
573.87561	959.17163
573.92773	955.59381
573.9798	957.13464
574.03192	951.69556
574.08405	952.53143
574.13611	958.02057
574.18823	955.8327
574.24036	954.30328
574.29248	956.15735
574.34454	953.91211
574.39667	957.53864
574.44879	959.62158
574.50085	950.09094
574.55298	953.08527
574.6051	959.67792
574.65723	960.54797
574.70929	952.39832
574.76141	957.3175
574.81354	962.07056
574.8656	962.78131
574.91772	963.9624
574.96985	963.45386
575.02191	964.54449
575.07404	962.62732
575.12616	954.33429
575.17828	951.18573
575.23035	951.98804
575.28247	951.78961
575.33459	956.16315
575.38666	954.61017
575.43878	950.00696
575.49091	956.20813
575.54303	964.72662
575.59509	957.5379
575.64722	957.42535
575.69934	959.10986
575.7514	944.89575
575.80353	943.91931
575.85565	955.65405
575.90771	955.81897
575.95984	953.38074
576.01196	953.80194
576.06409	952.98499
576.11615	952.02509
576.16827	950.20776
576.2204	955.67664
576.27246	957.42896
576.32458	949.51251
576.37671	946.67755
576.42883	953.86603
576.4809	954.99213
576.53302	959.40289
576.58514	953.50952
576.63721	946.30402
576.68933	946.70514
576.74146	955.14001
576.79358	956.08203
576.84564	949.38159
576.89777	950.68634
576.94989	951.82678
577.00195	950.36865
577.05408	953.64215
577.1062	954.27661
577.15826	957.60919
577.21039	954.56995
577.26251	944.24432
577.31464	949.36359
577.3667	956.18481
577.41882	953.42523
577.47095	947.5318
577.52301	949.88409
577.57513	949.18329
577.62726	945.16632
577.67938	947.71527
577.73145	950.5097
577.78357	945.48004
577.83569	945.04572
577.88776	949.7807
577.93988	952.19446
577.992	944.95093
578.04413	940.40906
578.09619	943.15857
578.14832	943.8067
578.20044	951.67023
578.2525	953.12836
578.30463	941.23743
578.35675	939.85565
578.40881	952.46216
578.46094	954.48425
578.51306	949.98236
578.56519	950.2027
578.61725	941.84924
578.66937	940.89978
578.7215	947.50891
578.77356	947.25861
578.82568	950.17474
578.87781	941.18988
578.92993	936.15796
578.98199	943.685
579.03412	951.23987
579.08624	953.32782
579.13831	949.09326
579.19043	946.66974
579.24255	945.62915
579.29462	950.78802
579.34674	942.36499
579.39886	946.14886
579.45099	950.80908
579.50305	944.39972
579.55518	939.18188
579.6073	949.0127
579.65936	951.07953
579.71149	942.40637
579.76361	943.66077
579.81573	953.68372
579.8678	952.44379
579.91992	944.35809
579.97205	946.36951
580.02411	947.60022
580.07623	947.80524
580.12836	941.70752
580.18048	941.11395
580.23254	943.57184
580.28467	944.33759
580.33679	942.45868
580.38885	946.94482
580.44098	951.41943
580.4931	951.20355
580.54517	939.0545
580.59729	938.98749
580.64941	939.96936
580.70154	947.16492
580.7536	946.31885
580.80573	944.05115
580.85785	947.13818
580.90991	945.22302
580.96204	943.81586
581.01416	943.90259
581.06628	938.1283
581.11835	942.95917
581.17047	946.66541
581.2226	946.92297
581.27466	943.6347
581.32678	944.96729
581.37891	950.06805
581.43103	945.33856
581.48309	945.92346
581.53522	945.23254
581.58734	944.03296
581.6394	945.99835
581.69153	946.53357
581.74365	945.95367
581.79572	946.05927
581.84784	941.33569
581.89996	944.55951
581.95209	945.25739
582.00415	941.64178
582.05627	938.94049
582.1084	948.62402
582.16046	946.23016
582.21259	944.12543
582.26471	938.591
582.31683	943.59265
582.3689	942.31122
582.42102	942.01654
582.47314	945.14099
582.52521	946.46088
582.57733	942.30988
582.62946	938.33881
582.68152	943.0202
582.73364	945.29352
582.78577	943.08813
582.83789	943.20044
582.88995	937.50757
582.94208	937.11566
582.9942	943.25037
583.04626	934.2323
583.09839	937.97925
583.15051	939.36572
583.20264	940.73987
583.2547	937.53772
583.30682	947.4776
583.35895	937.00708
583.41101	933.44055
583.46313	934.18671
583.51526	941.75824
583.56738	942.33923
583.61945	934.86627
583.67157	935.66718
583.72369	947.07166
583.77576	943.35791
583.82788	941.37048
583.88	948.57611
583.93207	946.90369
583.98419	939.46033
584.03632	941.40411
584.08844	946.83447
584.1405	936.20984
584.19263	932.82776
584.24475	937.12384
584.29681	935.03925
584.34894	939.11218
584.40106	938.87732
584.45319	943.47998
584.50525	949.65649
584.55737	939.63226
584.6095	941.27673
584.66156	939.43323
584.71368	935.61377
584.76581	930.1131
584.81793	937.84924
584.87	944.01782
584.92212	931.84583
584.97424	935.62683
585.02631	938.97742
585.07843	928.74603
585.13055	932.27856
585.18262	932.51556
585.23474	930.43439
585.28687	935.40656
585.33899	936.44751
585.39105	939.80695
585.44318	942.6571
585.4953	947.06268
585.54736	940.87921
585.59949	946.49731
585.65161	943.58582
585.70374	943.08575
585.7558	933.19897
585.80792	931.83301
585.86005	939.29266
585.91211	940.16406
585.96423	935.84796
586.01636	938.05573
586.06848	939.13995
586.12054	937.52496
586.17267	933.80847
586.22479	932.99646
586.27686	934.1485
586.32898	934.33826
586.3811	933.02209
586.43317	934.74713
586.48529	940.07385
586.53741	934.37567
586.58954	925.44781
586.6416	932.21204
586.69373	936.29535
586.74585	934.18933
586.79791	938.67169
586.85004	933.64795
586.90216	945.57898
586.95428	937.71344
587.00635	933.68555
587.05847	925.13733
587.1106	932.19263
587.16266	928.43719
587.21478	928.78131
587.26691	937.09515
587.31897	927.54596
587.37109	928.78534
587.42322	927.01007
587.47534	931.37976
587.5274	931.5838
587.57953	938.43616
587.63165	929.28308
587.68372	926.02594
587.73584	930.55176
587.78796	930.24103
587.84009	931.37402
587.89215	935.46075
587.94427	938.55939
587.9964	945.95068
588.04846	923.4646
588.10059	935.89594
588.15271	938.02118
588.20483	940.24707
588.2569	937.24915
588.30902	933.6593
588.36115	939.16455
588.41321	933.74622
588.46533	929.43939
588.51746	944.13776
588.56952	938.54285
588.62164	931.86169
588.67377	937.11719
588.72589	937.48077
588.77795	933.42377
588.83008	923.02887
588.8822	934.09113
588.93427	938.33075
588.98639	931.70258
589.03851	931.86694
589.09064	929.26477
589.1427	933.69043
589.19482	942.64551
589.24695	933.8819
589.29901	933.00891
589.35114	929.40051
589.40326	934.30292
589.45538	930.53699
589.50745	929.77014
589.55957	929.5611
589.61169	929.27594
589.66376	931.41968
589.71588	930.96704
589.76801	929.66113
589.82007	937.98352
589.87219	923.97485
589.92432	927.63544
589.97644	932.11603
590.0285	934.41748
590.08063	930.9726
590.13275	927.59424
590.18481	932.66193
590.23694	931.20538
590.28906	929.42352
590.34119	925.10455
590.39325	932.99591
590.44537	929.63245
590.4975	931.74567
590.54956	928.33685
590.60168	934.26831
590.65381	938.41541
590.70587	933.4436
590.758	930.31848
590.81012	927.62555
590.86224	928.41083
590.91431	926.15906
590.96643	926.9707
591.01855	926.66467
591.07062	926.00165
591.12274	931.02972
591.17487	929.91284
591.22699	932.0932
591.27905	924.96588
591.33118	930.38495
591.3833	929.49774
591.43536	928.11316
591.48749	925.6236
591.53961	928.85754
591.59174	925.54956
591.6438	931.95245
591.69592	926.58826
591.74805	931.26801
591.80011	928.51843
591.85223	930.81152
591.90436	924.14392
591.95642	927.27173
592.00854	931.00964
592.06067	925.30902
592.11279	928.96075
592.16486	925.29901
592.21698	933.18665
592.2691	934.99255
592.32117	928.78027
592.37329	932.67828
592.42542	929.98138
592.47754	930.37018
592.5296	926.53491
592.58173	928.86511
592.63385	930.82471
592.68591	932.37781
592.73804	924.24084
592.79016	927.5896
592.84229	927.97504
592.89435	927.22766
592.94647	931.99982
592.9986	929.90283
593.05066	932.65247
593.10278	932.91205
593.15491	924.41718
593.20697	924.3252
593.25909	929.81366
593.31122	928.71387
593.36334	926.73956
593.41541	934.82947
593.46753	918.62701
593.51965	917.15051
593.57172	928.88251
593.62384	931.06982
593.67596	931.26306
593.72809	933.56934
593.78015	927.35956
593.83228	927.31458
593.8844	936.19769
593.93646	930.58844
593.98859	922.85297
594.04071	933.41992
594.09277	927.21344
594.1449	929.19995
594.19702	923.60901
594.24915	932.2038
594.30121	928.07214
594.35333	924.14697
594.40546	932.27374
594.45752	924.82178
594.50964	932.24695
594.56177	928.20618
594.61389	926.73297
594.66595	929.2981
594.71808	932.66125
594.7702	930.24213
594.82227	922.59619
594.87439	920.04584
594.92651	919.82593
594.97864	921.65552
595.0307	922.26196
595.08282	925.43201
595.13495	926.2392
595.18701	933.47974
595.23914	935.02448
595.29126	936.99609
595.34332	931.97559
595.39545	925.16187
595.44757	931.11383
595.49969	933.28375
595.55176	930.17883
595.60388	931.53394
595.65601	928.6189
595.70807	923.50641
595.76019	934.06116
595.81232	933.45203
595.86444	928.00165
595.9165	931.79437
595.96863	926.35364
596.02075	922.46014
596.07281	933.07269
596.12494	926.83636
596.17706	924.22949
596.22919	915.61951
596.28125	926.11261
596.33337	923.72638
596.3855	924.84937
596.43756	928.30475
596.48969	927.77502
596.54181	939.1134
596.59387	932.57941
596.646	918.73694
596.69812	927.91077
596.75024	926.32135
596.80231	931.409
596.85443	926.81171
596.90656	929.10974
596.95862	930.49323
597.01074	934.63708
597.06287	924.97229
597.11499	935.61139
597.16705	932.11841
597.21918	926.81543
597.2713	924.08209
597.32336	927.99121
597.37549	929.88019
597.42761	931.91296
597.47974	929.27734
597.5318	930.32892
597.58392	925.17505
597.63605	926.21851
597.68811	922.57355
597.74023	925.4408
597.79236	929.04382
597.84442	924.39594
597.89655	930.70123
597.94867	920.09711
598.00079	927.9856
598.05286	928.13153
598.10498	930.74274
598.1571	925.33923
598.20917	928.26611
598.26129	929.99805
598.31342	934.24689
598.36554	927.78815
598.4176	928.33569
598.46973	935.39941
598.52185	926.32416
598.57391	930.9549
598.62604	937.05573
598.67816	930.43945
598.73022	932.78284
598.78235	934.74695
598.83447	923.46448
598.8866	927.83472
598.93866	921.49249
598.99078	919.8656
599.04291	925.42682
599.09497	926.64478
599.14709	927.76245
599.19922	932.64166
599.25134	932.07971
599.30341	931.87628
599.35553	938.18964
599.40765	923.32257
599.45972	925.34698
599.51184	930.91187
599.56396	929.24567
599.61609	917.84326
599.66815	923.40741
599.72028	925.92871
599.7724	929.39337
599.82446	921.11566
599.87659	930.13562
599.92871	938.60791
599.98077	928.55206
600.0329	931.21936
600.08502	924.46362
600.13715	923.01532
600.18921	929.11237
600.24133	929.2973
600.29346	929.9223
600.34552	928.17462
600.39764	924.013
600.44977	925.56964
600.50189	932.98108
600.55396	928.75824
600.60608	930.28912
600.6582	925.06641
600.71027	927.19086
600.76239	928.2522
600.81451	929.96442
600.86664	925.56274
600.9187	929.00629
600.97083	932.07489
601.02295	921.15881
601.07501	929.61401
601.12714	928.5285
601.17926	931.82562
601.23132	927.16217
601.28345	920.8902
601.33557	921.40668
601.3877	926.98181
601.43976	926.38519
601.49188	927.19781
601.54401	933.78491
601.59607	930.55951
601.64819	923.1261
601.70032	928.62384
601.75244	930.36932
601.8045	920.7973
601.85663	927.09747
601.90875	923.35107
601.96082	925.81995
602.01294	929.89185
602.06506	925.54272
602.11713	926.18933
602.16925	921.82623
602.22137	925.19373
602.2735	918.43384
602.32556	924.10852
602.37769	932.64618
602.42981	931.86084
602.48187	929.51263
602.534	936.56897
602.58612	925.83417
602.63824	930.24493
602.69031	926.73907
602.74243	925.63708
602.79456	925.43225
602.84662	925.14331
602.89874	932.22095
602.95087	929.05634
603.00299	934.69287
603.05505	928.67505
603.10718	940.00671
603.1593	934.28455
603.21136	928.96014
603.26349	933.90588
603.31561	931.00482
603.36768	929.84576
603.4198	932.70532
603.47192	930.16156
603.52405	924.80566
603.57611	925.05731
603.62823	928.69592
603.68036	925.82391
603.73242	920.24786
603.78455	922.36987
603.83667	920.85229
603.88879	923.68378
603.94086	925.49237
603.99298	933.71185
604.0451	924.25201
604.09717	927.42914
604.14929	928.34442
604.20142	926.97382
604.25354	929.94568
604.3056	929.6366
604.35773	935.4892
604.40985	932.1748
604.46191	922.69373
604.51404	929.59821
604.56616	928.26227
604.61823	932.13727
604.67035	922.07513
604.72247	918.73962
604.7746	929.86395
604.82666	927.4361
604.87878	920.35992
604.93091	922.36865
604.98297	928.29456
605.0351	922.58026
605.08722	928.19952
605.13934	930.47864
605.19141	932.77856
605.24353	926.18958
605.29565	931.93256
605.34772	926.48767
605.39984	924.8399
605.45197	924.21912
605.50403	924.88641
605.55615	927.41901
605.60828	920.35083
605.6604	919.41931
605.71246	923.1781
605.76459	925.56952
605.81671	926.4353
605.86877	928.43555
605.9209	926.86359
605.97302	918.67865
606.02515	919.07593
606.07721	913.06335
606.12933	926.94165
606.18146	929.54773
606.23352	926.20868
606.28564	932.4231
606.33777	931.56879
606.38989	933.68524
606.44196	934.29877
606.49408	930.30005
606.5462	921.87299
606.59827	929.24738
606.65039	931.67255
606.70251	925.10547
606.75458	928.55035
606.8067	929.97839
606.85883	930.3772
606.91095	923.41345
606.96301	925.2959
607.01514	928.51489
607.06726	924.35962
607.11932	928.2713
607.17145	931.63141
607.22357	930.35376
607.2757	928.76459
607.32776	925.06372
607.37988	919.47174
607.43201	928.66248
607.48407	931.75574
607.53619	929.83893
607.58832	927.88586
607.64044	929.74835
607.6925	923.04022
607.74463	922.85852
607.79675	918.43536
607.84882	926.61359
607.90094	927.06903
607.95306	923.14801
608.00513	923.88983
608.05725	930.62158
608.10938	929.10071
608.1615	921.52637
608.21356	925.18378
608.26569	932.41986
608.31781	927.27295
608.36987	920.77051
608.422	925.98987
608.47412	922.09613
608.52625	924.8623
608.57831	933.4635
608.63043	928.95453
608.68256	926.01825
608.73462	925.09656
608.78674	924.10144
608.83887	928.17554
608.89099	930.77863
608.94305	932.92267
608.99518	929.33777
609.0473	926.77063
609.09937	920.32874
609.15149	923.9906
609.20361	926.68524
609.25568	924.84692
609.3078	925.67694
609.35992	927.33051
609.41205	923.67596
609.46411	925.52216
609.51624	928.51636
609.56836	924.54694
609.62042	919.48102
609.67255	927.43567
609.72467	921.40826
609.77679	919.96094
609.82886	927.05231
609.88098	925.98151
609.93311	924.24426
609.98517	929.83868
610.03729	924.60742
610.08942	922.78131
610.14148	918.57404
610.1936	917.6994
610.24573	926.67871
610.29785	923.65631
610.34991	917.31195
610.40204	918.78925
610.45416	924.46484
610.50623	927.94452
610.55835	924.80573
610.61047	924.99237
610.6626	925.492
610.71466	925.61084
610.76678	926.44714
610.81891	927.52887
610.87097	926.29645
610.9231	924.93646
610.97522	922.59869
611.02734	918.96472
611.07941	915.95416
611.13153	921.46362
611.18365	925.18469
611.23572	928.78149
611.28784	931.07623
611.33997	926.97571
611.39203	924.5647
611.44415	925.42798
611.49628	929.68744
611.5484	929.45355
611.60046	923.31323
611.65259	920.84363
611.70471	930.19415
611.75677	927.97803
611.8089	922.85144
611.86102	927.55542
611.91315	926.8396
611.96521	927.76447
612.01733	927.17853
612.06946	923.11194
612.12152	920.30341
612.17365	922.12488
612.22577	924.68555
612.27789	926.04327
612.32996	927.44086
612.38208	922.0874
612.4342	919.49524
612.48627	919.64746
612.53839	924.21362
612.59052	918.79529
612.64258	917.75153
612.6947	920.05487
612.74683	922.46863
612.79895	926.70251
612.85101	924.67987
612.90314	924.0719
612.95526	922.50793
613.00732	912.77429
613.05945	911.02612
613.11157	916.18274
613.1637	916.98926
613.21576	921.06042
613.26788	924.75867
613.32001	923.48102
613.37207	922.97815
613.42419	924.43835
613.47632	924.00238
613.52838	927.66101
613.58051	927.74207
613.63263	924.71393
613.68475	925.70343
613.73682	924.2168
613.78894	927.5022
613.84106	928.42285
613.89313	926.19489
613.94525	923.38873
613.99738	919.39313
614.0495	919.78015
614.10156	918.04669
614.15369	918.89618
614.20581	922.17072
614.25787	920.37183
614.31	920.79193
614.36212	920.85583
614.41425	916.73492
614.46631	922.02228
614.51843	926.79108
614.57056	931.45221
614.62262	932.03314
614.67474	927.909
614.72687	925.19611
614.77893	929.56537
614.83105	932.16681
614.88318	926.81256
614.9353	929.24817
614.98737	929.21234
615.03949	928.44812
615.09161	924.45923
615.14368	925.90936
615.1958	925.26898
615.24792	918.77148
615.30005	926.27332
615.35211	927.3161
615.40424	921.10626
615.45636	926.74042
615.50842	925.14001
615.56055	925.42456
615.61267	927.16046
615.66479	925.55371
615.71686	922.43414
615.76898	920.95496
615.82111	919.93121
615.87317	927.11224
615.92529	927.22656
615.97742	920.43878
616.02948	925.59546
616.0816	925.77332
616.13373	923.76746
616.18585	919.41931
616.23792	920.4328
616.29004	918.18634
616.34216	916.27283
616.39423	925.9259
616.44635	930.48755
616.49847	930.77722
616.5506	923.33252
616.60266	913.25507
616.65479	918.32062
616.70691	923.94153
616.75897	922.96735
616.8111	929.09686
616.86322	926.9483
616.91534	918.41968
616.96741	918.98383
617.01953	919.93799
617.07166	925.73218
617.12372	924.51306
617.17584	918.14929
617.22797	918.51868
617.28003	921.33557
617.33215	920.36877
617.38428	914.3703
617.4364	926.82312
617.48846	926.76312
617.54059	920.56244
617.59271	920.16345
617.64478	930.58826
617.6969	927.42554
617.74902	923.15289
617.80115	925.84619
617.85321	926.36359
617.90533	926.08844
617.95746	924.62122
618.00952	922.98138
618.06165	924.4317
618.11377	918.02985
618.16583	924.15442
618.21796	924.45868
618.27008	919.06622
618.3222	917.95367
618.37427	919.59106
618.42639	912.4585
618.47852	917.34399
618.53058	924.56836
618.5827	925.68231
618.63483	920.91479
618.68695	926.5722
618.73901	924.65515
618.79114	921.20758
618.84326	930.01764
618.89532	923.44885
618.94745	923.84229
618.99957	929.74823
619.0517	930.65356
619.10376	928.94263
619.15588	922.88641
619.20801	924.80072
619.26007	916.57367
619.31219	914.13727
619.36432	923.10065
619.41638	926.28369
619.46851	924.88263
619.52063	930.37146
619.57275	926.93488
619.62482	921.41479
619.67694	928.55109
619.72906	926.22357
619.78113	929.36273
619.83325	928.74976
619.88538	919.52521
619.9375	926.21521
619.98956	924.06628
620.04169	921.78857
620.09381	918.03369
620.14587	921.4635
620.198	911.89984
620.25012	929.51202
620.30225	920.93536
620.35431	920.4068
620.40643	915.5968
620.45856	920.40302
620.51062	927.32288
620.56274	916.24707
620.61487	926.37189
620.66693	913.82123
620.71906	918.92157
620.77118	928.70276
620.8233	928.11578
620.87537	916.87122
620.92749	920.65771
620.97961	921.9325
621.03168	925.28345
621.0838	927.37946
621.13593	927.01947
621.18805	920.34088
621.24011	917.60382
621.29224	922.27625
621.34436	931.14386
621.39642	921.3512
621.44855	919.04474
621.50067	917.52136
621.55273	922.36572
621.60486	927.87659
621.65698	923.54688
621.70911	922.98151
621.76117	924.961
621.81329	921.48517
621.86542	933.45752
621.91748	916.97241
621.9696	917.48499
622.02173	919.46667
622.07385	919.40527
622.12592	916.26794
622.17804	930.82648
622.23016	925.27222
622.28223	918.73358
622.33435	912.45099
622.38647	925.57867
622.4386	928.11511
622.49066	920.75891
622.54279	917.08331
622.59491	919.27814
622.64697	916.50958
622.6991	917.77039
622.75122	922.79065
622.80328	927.44354
622.85541	927.13055
622.90753	923.07111
622.95966	919.53656
623.01172	924.99518
623.06384	916.23578
623.11597	922.85126
623.16803	913.96106
623.22015	922.82404
623.27228	923.15521
623.3244	932.06769
623.37646	926.0816
623.42859	930.06079
623.48071	923.60388
623.53278	920.23242
623.5849	913.99072
623.63702	924.05981
623.68915	924.11835
623.74121	920.4632
623.79333	926.87628
623.84546	927.82922
623.89752	921.60785
623.94965	931.15527
624.00177	922.32245
624.05383	921.8186
624.10596	922.12567
624.15808	924.29633
624.21021	919.59082
624.26227	920.40039
624.31439	921.58459
624.36652	924.68054
624.41858	918.82428
624.4707	922.28888
624.52283	923.93579
624.57495	930.18427
624.62701	923.76361
624.67914	916.84491
624.73126	918.50336
624.78333	921.6225
624.83545	928.323
624.88757	920.15454
624.93964	916.13605
624.99176	920.38977
625.04388	921.74719
625.09601	920.31415
625.14807	918.9928
625.2002	924.05798
625.25232	923.92181
625.30438	920.14392
625.35651	923.36798
625.40863	926.14746
625.46075	930.78516
625.51282	924.80713
625.56494	923.89691
625.61707	923.00122
625.66913	913.20087
625.72125	914.13916
625.77338	922.06586
625.8255	929.38922
625.87756	922.01782
625.92969	920.50134
625.98181	918.33325
626.03387	920.31476
626.086	924.60693
626.13812	922.52417
626.19019	920.66345
626.24231	914.63129
626.29443	916.05927
626.34656	922.38434
626.39862	921.01593
626.45074	925.52942
626.50287	922.88977
626.55493	919.32507
626.60706	924.24628
626.65918	924.85419
626.7113	920.38641
626.76337	922.28455
626.81549	922.3006
626.86761	923.47009
626.91968	923.40063
626.9718	922.63745
627.02393	919.59802
627.07605	916.41528
627.12811	916.87769
627.18024	922.4986
627.23236	926.54132
627.28442	927.0473
627.33655	920.48242
627.38867	918.49835
627.44073	919.56586
627.49286	920.27814
627.54498	919.82849
627.59711	916.31561
627.64917	918.0614
627.70129	923.82446
627.75342	919.14117
627.80548	920.80804
627.8576	922.5531
627.90973	919.13855
627.96185	923.71906
628.01392	922.52789
628.06604	917.9306
628.11816	923.9079
628.17023	924.25659
628.22235	917.82904
628.27448	918.53473
628.3266	919.99609
628.37866	923.79541
628.43079	927.35651
628.48291	921.64117
628.53497	920.51501
628.5871	921.58289
628.63922	921.67151
628.69128	917.73047
628.74341	918.73468
628.79553	927.73254
628.84766	924.61896
628.89972	914.62097
628.95184	913.47534
629.00397	920.17688
629.05603	916.1925
629.10815	924.56757
629.16028	929.62183
629.2124	928.09503
629.26447	921.77148
629.31659	921.09631
629.36871	925.28979
629.42078	921.98505
629.4729	928.3158
629.52502	923.26038
629.57709	923.77136
629.62921	922.93292
629.68134	922.09399
629.73346	921.88202
629.78552	927.48767
629.83765	930.4599
629.88977	922.70483
629.94183	927.45471
629.99396	924.67334
630.04608	920.11639
630.09821	920.73206
630.15027	918.95331
630.20239	925.09357
630.25452	922.61072
630.30658	921.99591
630.3587	928.06879
630.41083	921.86487
630.46295	920.11243
630.51501	925.39856
630.56714	924.30444
630.61926	925.32983
630.67133	919.60382
630.72345	922.30847
630.77557	928.98535
630.82764	923.97443
630.87976	926.05438
630.93188	920.37927
630.98401	927.26447
631.03607	935.10706
631.0882	924.591
631.14032	930.05249
631.19238	925.96387
631.24451	930.45972
631.29663	929.86761
631.34875	927.02466
631.40082	920.86975
631.45294	930.09863
631.50507	926.65356
631.55713	925.27252
631.60925	920.13031
631.66138	928.92493
631.7135	934.79443
631.76556	924.87659
631.81769	924.64795
631.86981	921.35846
631.92188	937.87531
631.974	924.27283
632.02612	932.36035
632.07819	933.15533
632.13031	935.12323
632.18243	941.0661
632.23456	918.88879
632.28662	928.61896
632.33875	929.66968
632.39087	933.0694
632.44293	921.70227
632.49506	924.78772
632.54718	931.02686
632.5993	926.76941
632.65137	945.07642
632.70349	942.50311
632.75562	928.2973
632.80768	923.12799
632.8598	947.67737
632.91193	948.17914
632.96399	947.48315
633.01611	933.30444
633.06824	934.61737
633.12036	929.13843
633.17242	929.8327
633.22455	936.45386
633.27667	938.79559
633.32874	936.48749
633.38086	938.6933
633.43298	936.34796
633.48511	941.33374
633.53717	942.33826
633.58929	939.87598
633.64142	936.79633
633.69348	944.01776
633.74561	948.62006
633.79773	947.56567
633.84985	944.52759
633.90192	949.5484
633.95404	934.79431
634.00616	940.02374
634.05823	950.33429
634.11035	953.74969
634.16248	953.68524
634.21454	943.85931
634.26666	941.58069
634.31879	946.54816
634.37091	940.86359
634.42297	936.83313
634.4751	936.50488
634.52722	950.06689
634.57928	949.81805
634.63141	949.05646
634.68353	940.44354
634.73566	944.79993
634.78772	946.17126
634.83984	949.26251
634.89197	947.5733
634.94403	951.8139
634.99615	951.84003
635.04828	958.2428
635.1004	960.75812
635.15247	960.84637
635.20459	959.37756
635.25671	962.4342
635.30878	957.30115
635.3609	955.81274
635.41302	955.93951
635.46509	954.26093
635.51721	960.81543
635.56934	963.01868
635.62146	956.41193
635.67352	965.20569
635.72565	970.06592
635.77777	965.07684
635.82983	960.45245
635.88196	968.02515
635.93408	968.49908
635.98621	966.14081
636.03827	963.44348
636.09039	974.55408
636.14252	971.44562
636.19458	965.28351
636.2467	968.39148
636.29883	970.95612
636.35089	972.54852
636.40302	972.34314
636.45514	977.8219
636.50726	975.14148
636.55933	975.48401
636.61145	974.49335
636.66357	981.11835
636.71564	995.65704
636.76776	985.38403
636.81989	977.49481
636.87201	983.33832
636.92407	985.19244
636.9762	986.37537
637.02832	979.15369
637.08038	981.55103
637.13251	986.88013
637.18463	988.94037
637.23676	993.66821
637.28882	986.12238
637.34094	991.68317
637.39307	984.77808
637.44513	978.08575
637.49725	990.57922
637.54938	994.72278
637.60144	991.78223
637.65356	993.3808
637.70569	995.60016
637.75781	998.80664
637.80988	995.52087
637.862	1003.6413
637.91412	1003.9323
637.96619	992.86932
638.01831	1007.0145
638.07043	1002.8878
638.12256	1012.3843
638.17462	1011.4636
638.22675	1010.8703
638.27887	1008.134
638.33093	1010.381
638.38306	1017.8719
638.43518	1018.0838
638.4873	1020.2521
638.53937	1014.4817
638.59149	1014.5453
638.64362	1013.8104
638.69568	1012.2023
638.7478	1023.3205
638.79993	1032.3409
638.85199	1021.6241
638.90411	1023.413
638.95624	1024.6353
639.00836	1029.9329
639.06042	1024.7922
639.11255	1021.2214
639.16467	1027.9713
639.21674	1031.2125
639.26886	1038.0094
639.32098	1040.3639
639.37311	1038.2039
639.42517	1032.3018
639.47729	1038.9673
639.52942	1043.6511
639.58148	1049.4402
639.63361	1049.028
639.68573	1040.0249
639.73785	1049.5233
639.78992	1050.5237
639.84204	1046.8202
639.89417	1057.8164
639.94623	1056.9537
639.99835	1062.9696
640.05048	1055.2866
640.10254	1050.7902
640.15466	1071.9559
640.20679	1071.8591
640.25891	1062.9408
640.31097	1068.1633
640.3631	1075.303
640.41522	1067.5955
640.46729	1074.965
640.51941	1078.3206
640.57153	1077.7112
640.62366	1083.5199
640.67572	1083.0107
640.72784	1074.0817
640.77997	1079.6829
640.83203	1083.179
640.88416	1065.2942
640.93628	1081.9839
640.98834	1097.7083
641.04047	1108.8242
641.09259	1093.3973
641.14471	1090.884
641.19678	1094.3456
641.2489	1081.3051
641.30103	1097.683
641.35309	1123.3492
641.40521	1115.3558
641.45734	1115.5327
641.50946	1124.3665
641.56152	1111.9493
641.61365	1104.2499
641.66577	1115.6924
641.71783	1149.4088
641.76996	1136.8002
641.82208	1137.9343
641.87421	1138.349
641.92627	1151.8108
641.97839	1140.077
642.03052	1132.2155
642.08258	1138.4937
642.1347	1164.0891
642.18683	1152.335
642.23889	1160.5264
642.29102	1160.5261
642.34314	1160.8896
642.39526	1162.7601
642.44733	1177.9052
642.49945	1182.525
642.55157	1171.7921
642.60364	1179.141
642.65576	1192.4653
642.70789	1213.2684
642.76001	1207.7966
642.81207	1218.2295
642.8642	1214.3654
642.91632	1215.5449
642.96838	1219.27
643.02051	1222.2291
643.07263	1239.887
643.12476	1249.1907
643.17682	1244.3188
643.22894	1256.4669
643.28107	1258.0787
643.33313	1253.1028
643.38525	1273.8354
643.43738	1286.3446
643.48944	1275.4144
643.54156	1293.8292
643.59369	1315.8191
643.64581	1345.8492
643.69788	1339.7144
643.75	1336.0039
643.80212	1361.4418
643.85419	1375.4296
643.90631	1396.5642
643.95844	1398.1321
644.01056	1385.5833
644.06262	1395.5878
644.11475	1437.1801
644.16687	1465.0898
644.21893	1494.7615
644.27106	1508.6289
644.32318	1505.7987
644.37524	1534.5446
644.42737	1551.8475
644.47949	1553.2617
644.53162	1566.1631
644.58368	1587.5858
644.6358	1617.3765
644.68793	1653.4321
644.73999	1673.0414
644.79211	1703.6536
644.84424	1706.251
644.89636	1718.8813
644.94843	1740.0088
645.00055	1753.2997
645.05267	1769.9591
645.10474	1808.9973
645.15686	1800.3187
645.20898	1801.5293
645.26111	1822.8822
645.31317	1849.0037
645.3653	1872.806
645.41742	1888.6908
645.46948	1905.1512
645.52161	1945.8624
645.57373	1948.9497
645.62579	1963.3969
645.67792	2004.3242
645.73004	2003.3903
645.78217	2038.0013
645.83423	2068.397
645.88635	2107.8577
645.93848	2139.7412
645.99054	2139.5581
646.04266	2191.623
646.09479	2307.2834
646.14691	2386.1343
646.19897	2415.4253
646.2511	2464.0466
646.30322	2486.8555
646.35529	2543.3059
646.40741	2613.9893
646.45953	2662.7065
646.51166	2772.3779
646.56372	2878.9863
646.61584	2972.7981
646.66797	3085.97
646.72003	3177.8269
646.77216	3234.7117
646.82428	3285.2849
646.87634	3396.7004
646.92847	3458.0415
646.98059	3474.7344
647.03271	3547.3298
647.08478	3583.9932
647.1369	3628.364
647.18903	3686.0139
647.24109	3659.2646
647.29321	3625.0327
647.34534	3599.8342
647.39746	3544.3147
647.44952	3565.4111
647.50165	3573.9102
647.55377	3575.3818
647.60583	3537.6113
647.65796	3522.4741
647.71008	3580.3374
647.76215	3634.1177
647.81427	3686.093
647.86639	3725.6785
647.91852	3721.3721
647.97058	3817.656
648.02271	3881.4871
648.07483	3965.0261
648.12689	4109.2275
648.17902	4234.4287
648.23114	4318.127
648.28326	4379.1519
648.33533	4528.5356
648.38745	4656.3506
648.43958	4758.146
648.49164	4802.6621
648.54376	4903.7822
648.59589	5077.0967
648.64801	5084.4316
648.70007	5078.6626
648.7522	5148.5869
648.80432	5183.2935
648.85638	5156.2612
648.90851	5173.7871
648.96063	5215.9741
649.0127	5212.2778
649.06482	5339.7588
649.11694	5354.5688
649.16907	5388.0098
649.22113	5365.6167
649.27325	5508.7935
649.32538	5654.5889
649.37744	5678.3359
649.42957	5734.457
649.48169	5773.5791
649.53381	5862.5137
649.58588	5910.9844
649.638	5968.1445
649.69012	6019.7896
649.74219	6094.9204
649.79431	6088.9229
649.84644	5970.6377
649.89856	5975.3096
649.95062	5960.9155
650.00275	5811.9697
650.05487	5826.1255
650.10693	5751.4731
650.15906	5724.7891
650.21118	5691.1021
650.26324	5646.1729
650.31537	5691.7729
650.36749	5548.7642
650.41962	5588.3154
650.47168	5545.9282
650.5238	5637.5938
650.57593	5663.1172
650.62799	5677.7974
650.68011	5702.8091
650.73224	5848.9448
650.78436	5831.0156
650.83643	5904.3081
650.88855	5985.8667
650.94067	5999.6196
650.99274	6143.2349
651.04486	6289.3438
651.09698	6336.5117
651.14911	6515.3389
651.20117	6485.9272
651.2533	6691.543
651.30542	6686.1626
651.35748	6820.3286
651.40961	6948.2085
651.46173	7016.0078
651.51379	7098.5728
651.56592	7294.1104
651.61804	7303.1685
651.67017	7345.5317
651.72223	7529.3638
651.77435	7558.1094
651.82648	7719.9307
651.87854	7765.4097
651.93066	7935.5195
651.98279	8022.0278
652.03491	8121.8423
652.08698	8068.1538
652.1391	8232.1729
652.19122	8170.333
652.24329	8339.873
652.29541	8272.791
652.34753	8353.4199
652.3996	8510.0391
652.45172	8474.7412
652.50385	8691.7861
652.55597	8738.7119
652.60803	8823.0518
652.66016	8892.8047
652.71228	8981.8867
652.76434	9117.3477
652.81647	9179.4043
652.86859	9419.3584
652.92072	9365.3711
652.97278	9467.9893
653.0249	9476.5391
653.07703	9559.4521
653.12909	9542.5078
653.18121	9501.9063
653.23334	9365.4414
653.28546	9295.167
653.33752	9302.9824
653.38965	9220.3867
653.44177	9116.8438
653.49384	9026.1963
653.54596	8866.5957
653.59808	8756.5195
653.65015	8655.4785
653.70227	8527.082
653.75439	8350.1279
653.80652	8276.9854
653.85858	8138.8335
653.91071	8096.3926
653.96283	8112.0015
654.01489	7957.0977
654.06702	7863.7813
654.11914	7707.6089
654.17126	7741.6943
654.22333	7634.5283
654.27545	7521.5381
654.32758	7460.6294
654.37964	7401.4497
654.43176	7356.5313
654.48389	7373.0225
654.53601	7233.002
654.58807	7230.4434
654.6402	7197.4463
654.69232	7151.3828
654.74438	7194.3945
654.79651	7183.5435
654.84863	7099.8774
654.9007	7119.4409
654.95282	7125.0244
655.00494	7152.6299
655.05707	7141.061
655.10913	7178.686
655.16125	7234.3999
655.21338	7225.7192
655.26544	7141.9023
655.31757	7136.0703
655.36969	7188.8101
655.42181	7243.4966
655.47388	7258.1797
655.526	7251.8013
655.57813	7275.6177
655.63019	7284.8159
655.68231	7321.7163
655.73444	7326.563
655.7865	7384.6616
655.83862	7474.6919
655.89075	7486.8687
655.94287	7514.3604
655.99493	7586.7266
656.04706	7601.623
656.09918	7615.4053
656.15125	7647.9771
656.20337	7692.875
656.25549	7707.7075
656.30762	7727.9985
656.35968	7796.2168
656.4118	7871.6836
656.46393	7911.1768
656.51599	7897.8877
656.56812	7913.0415
656.62024	7952.0146
656.67236	7988.8862
656.72443	8014.0107
656.77655	8089.5313
656.82867	8102.2676
656.88074	8103.3037
656.93286	8156.9058
656.98499	8194.7432
657.03705	8201.3477
657.08917	8158.3608
657.1413	8238.7393
657.19342	8252.0508
657.24548	8257.0703
657.29761	8312.666
657.34973	8291.0537
657.40179	8296.4238
657.45392	8336.9072
657.50604	8346.3682
657.55817	8336.8135
657.61023	8396.5137
657.66235	8342.25
657.71448	8375.0117
657.76654	8465.4541
657.81866	8470.7666
657.87079	8487.5039
657.92291	8492.6689
657.97498	8437.916
658.0271	8424.6699
658.07922	8490.7705
658.13129	8479.2471
658.18341	8383.1592
658.23553	8366.3838
658.2876	8423.6465
658.33972	8437.2402
658.39185	8432.1836
658.44397	8443.6963
658.49603	8412.7246
658.54816	8481.5918
658.60028	8356.5205
658.65234	8431.7979
658.70447	8417.002
658.75659	8416.042
658.80872	8404.0107
658.86078	8406.293
658.9129	8467.502
658.96503	8494.7852
659.01709	8532.6846
659.06921	8498.3438
659.12134	8534.3232
659.1734	8580.5127
659.22552	8585.3311
659.27765	8593.502
659.32977	8753.4355
659.38184	8724.707
659.43396	8842.0518
659.48608	8961.8525
659.53815	8953.0186
659.59027	9060.2305
659.6424	8974.9561
659.69452	9200.1182
659.74658	9260.6514
659.79871	9258.3877
659.85083	9220.1201
659.90289	9305.7285
659.95502	9514.7773
660.00714	9510.9512
660.05927	9532.542
660.11133	9614.0469
660.16345	9623.9668
660.21558	9697.5713
660.26764	9675.8223
660.31976	9850.041
660.37189	9807.124
660.42395	9893.3877
660.47607	9854.3193
660.5282	9816.5117
660.58032	9889.6182
660.63239	9908.5977
660.68451	9880.876
660.73663	9936.1572
660.7887	10039.874
660.84082	10116.629
660.89294	9948.3096
660.94507	9982.335
660.99713	9881.5625
661.04926	9921.623
661.10138	9883.707
661.15344	9823.8555
661.20557	9790.8291
661.25769	9765.9189
661.30981	9791.3711
661.36188	9702.4863
661.414	9590.71
661.46613	9602.9287
661.51819	9527.9307
661.57031	9449.2422
661.62244	9411.0303
661.6745	9321.5703
661.72662	9324.5918
661.77875	9245.9424
661.83087	9150.9707
661.88293	9076.2764
661.93506	9130.0029
661.98718	9033.3408
662.03925	8968.04
662.09137	8911.8555
662.14349	8790.2549
662.19562	8841.3818
662.24768	8790.4873
662.2998	8778.5557
662.35193	8743.3877
662.40399	8730.9365
662.45612	8678.0488
662.50824	8534.1807
662.56036	8552.4014
662.61243	8557.8516
662.66455	8549.1348
662.71667	8494.6865
662.76874	8478.7266
662.82086	8427.5654
662.87299	8343.6855
662.92505	8354.2354
662.97717	8287.9473
663.0293	8324.1563
663.08142	8307.7646
663.13348	8236.0889
663.18561	8199.6367
663.23773	8181.6875
663.28979	8101.4111
663.34192	8069.1636
663.39404	8053.6621
663.44617	8080.5752
663.49823	8058.3159
663.55035	7999.6968
663.60248	7935.8413
663.65454	7843.1055
663.70667	7859.5146
663.75879	7847.6108
663.81085	7735.1406
663.86298	7672.7954
663.9151	7694.6387
663.96722	7646.6094
664.01929	7541.9541
664.07141	7496.6826
664.12354	7440.8838
664.1756	7373.7808
664.22772	7257.9546
664.27985	7255.7036
664.33197	7310.0132
664.38403	7186.5171
664.43616	7101.6924
664.48828	7049.7314
664.54034	7007.374
664.59247	6968.0332
664.64459	6937.6338
664.69672	6842.3291
664.74878	6774.3018
664.8009	6661.4575
664.85303	6567.1011
664.90509	6569.7876
664.95721	6504.7217
665.00934	6436.7534
665.0614	6414.3301
665.11353	6324.645
665.16565	6345.1426
665.21777	6360.9224
665.26984	6261.854
665.32196	6122.9038
665.37408	6070.4678
665.42615	6056.3315
665.47827	5977.9976
665.5304	5962.1069
665.58252	5920.46
665.63458	5926.0864
665.68671	5853.5249
665.73883	5750.6069
665.79089	5803.936
665.84302	5749.4937
665.89514	5685.6187
665.94727	5655.3989
665.99933	5615.127
666.05145	5542.9517
666.10358	5567.1636
666.15564	5505.9502
666.20776	5444.4165
666.25989	5430.5146
666.31195	5358.6943
666.36407	5350.292
666.4162	5343.8628
666.46832	5309.4722
666.52039	5265.1182
666.57251	5251.019
666.62463	5251.0327
666.6767	5167.1875
666.72882	5171.5591
666.78094	5186.8838
666.83307	5108.8848
666.88513	5079.6519
666.93726	5055.9375
666.98938	4984.6636
667.04144	4916.6055
667.09357	4907.5342
667.14569	4958.3672
667.19775	4805.8525
667.24988	4779.2593
667.302	4796.2168
667.35413	4735.8521
667.40619	4671.8018
667.45831	4573.9146
667.51044	4637.7129
667.5625	4655.0376
667.61462	4575.8306
667.66675	4589.5693
667.71887	4379.8472
667.77094	4387.3477
667.82306	4360.0503
667.87518	4271.083
667.92725	4234.8584
667.97937	4211.9888
668.03149	4179.4189
668.08362	4198.7104
668.13568	4087.874
668.18781	4044.7993
668.23993	3975.7637
668.29199	3997.0725
668.34412	3910.6807
668.39624	3850.7212
668.4483	3813.1899
668.50043	3789.9897
668.55255	3747.2043
668.60468	3670.6265
668.65674	3620.501
668.70886	3588.8987
668.76099	3512.4792
668.81305	3475.2732
668.86517	3427.3611
668.9173	3395.3848
668.96942	3347.8823
669.02148	3310.6821
669.07361	3246.3743
669.12573	3315.9617
669.1778	3242.6897
669.22992	3156.1995
669.28204	3128.6128
669.33417	3088.7788
669.38623	3062.7732
669.43835	3025.2378
669.49048	3008.0911
669.54254	2970.5657
669.59467	2926.512
669.64679	2856.6772
669.69885	2853.6575
669.75098	2823.167
669.8031	2767.5735
669.85522	2709.4321
669.90729	2699.9233
669.95941	2694.5894
670.01154	2647.0369
670.0636	2606.0942
670.11572	2568.2449
670.16785	2583.8662
670.21997	2514.7644
670.27203	2459.1726
670.32416	2470.835
670.37628	2431.7202
670.42834	2393.2507
670.48047	2392.5247
670.53259	2359.9023
670.58466	2340.8833
670.63678	2304.3748
670.6889	2294.1853
670.74103	2284.8999
670.79309	2232.1936
670.84521	2183.2749
670.89734	2171.9863
670.9494	2156.2004
671.00153	2147.3359
671.05365	2135.7151
671.10577	2083.2087
671.15784	2054.4021
671.20996	2049.9001
671.26208	2057.0476
671.31415	2056.323
671.36627	2008.6549
671.4184	1953.5537
671.47052	1955.9053
671.52258	1944.7761
671.57471	1922.2113
671.62683	1920.52
671.67889	1929.8173
671.73102	1863.8322
671.78314	1845.103
671.83521	1848.192
671.88733	1830.287
671.93945	1806.1854
671.99158	1807.995
672.04364	1825.0552
672.09576	1822.3142
672.14789	1790.2706
672.19995	1763.0587
672.25208	1742.2542
672.3042	1735.7764
672.35632	1726.8274
672.40839	1721.5718
672.46051	1707.3973
672.51263	1708.9833
672.5647	1712.3164
672.61682	1725.8512
672.66895	1697.8706
672.72107	1640.0155
672.77313	1654.2484
672.82526	1648.1495
672.87738	1664.818
672.92944	1603.396
672.98157	1647.8888
673.03369	1639.308
673.08575	1617.5535
673.13788	1603.968
673.19	1590.8962
673.24213	1550.9067
673.29419	1581.007
673.34631	1536.5552
673.39844	1512.3497
673.4505	1567.6187
673.50262	1526.0758
673.55475	1549.8169
673.60687	1555.2549
673.65894	1507.8071
673.71106	1514.5712
673.76318	1490.0739
673.81525	1504.1544
673.86737	1498.9166
673.91949	1500.6786
673.97162	1477.5264
674.02368	1471.4049
674.07581	1451.9391
674.12793	1458.4709
674.17999	1446.0106
674.23212	1464.3257
674.28424	1437.1875
674.3363	1429.5313
674.38843	1435.2219
674.44055	1412.7021
674.49268	1401.2322
674.54474	1408.67
674.59686	1407.6758
674.64899	1418.7753
674.70105	1411.8832
674.75317	1395.3783
674.8053	1402.6046
674.85742	1389.3352
674.90948	1384.9064
674.96161	1379.9213
675.01373	1378.1067
675.0658	1387.9994
675.11792	1378.5773
675.17004	1368.7538
675.22211	1347.6345
675.27423	1358.3523
675.32635	1343.5726
675.37848	1344.532
675.43054	1337.8195
675.48267	1332.6285
675.53479	1337.5063
675.58685	1331.2365
675.63898	1340.1345
675.6911	1330.5305
675.74323	1311.1938
675.79529	1303.948
675.84741	1307.0247
675.89954	1304.5603
675.9516	1292.967
676.00372	1286.7899
676.05585	1269.9607
676.10797	1278.443
676.16003	1284.3594
676.21216	1283.2009
676.26428	1280.1716
676.31635	1273.6339
676.36847	1275.0854
676.42059	1262.2246
676.47266	1266.6776
676.52478	1268.684
676.5769	1262.858
676.62903	1274.8406
676.68109	1265.8982
676.73322	1237.688
676.78534	1230.7909
676.8374	1224.5021
676.88953	1236.5527
676.94165	1239.7006
676.99377	1232.2759
677.04584	1221.5891
677.09796	1228.5781
677.15009	1207.3063
677.20215	1213.2209
677.25427	1216.6329
677.3064	1217.2318
677.35852	1209.0016
677.41058	1203.6254
677.46271	1206.8678
677.51483	1204.7291
677.56689	1205.1479
677.61902	1202.131
677.67114	1201.1996
677.72321	1205.1208
677.77533	1186.7061
677.82745	1198.3693
677.87958	1170.541
677.93164	1175.0315
677.98376	1172.2471
678.03589	1173.7001
678.08795	1157.2872
678.14008	1185.3848
678.1922	1167.0505
678.24432	1164.9833
678.29639	1162.2747
678.34851	1153.001
678.40063	1153.1683
678.4527	1142.4886
678.50482	1140.8726
678.55695	1141.7535
678.60901	1149.7711
678.66113	1130.0216
678.71326	1150.7925
678.76538	1143.6265
678.81744	1135.5269
678.86957	1136.8097
678.92169	1130.3566
678.97375	1145.7258
679.02588	1129.1979
679.078	1121.8821
679.13013	1139.5424
679.18219	1108.2112
679.23431	1125.9241
679.28644	1134.3265
679.3385	1120.2747
679.39063	1116.1598
679.44275	1136.8466
679.49487	1113.8837
679.54694	1107.3726
679.59906	1113.9729
679.65118	1109.1984
679.70325	1113.1012
679.75537	1103.1271
679.8075	1087.4484
679.85956	1095.6462
679.91168	1115.6901
679.96381	1097.5533
680.01593	1080.3948
680.06799	1090.5365
680.12012	1090.2275
680.17224	1096.4645
680.2243	1091.9465
680.27643	1092.6003
680.32855	1092.689
680.38068	1080.9851
680.43274	1080.2762
680.48486	1079.098
680.53699	1078.264
680.58905	1068.8252
680.64117	1063.4525
680.6933	1065.8458
680.74542	1068.5739
680.79749	1059.1683
680.84961	1059.9744
680.90173	1055.0361
680.9538	1056.8082
681.00592	1063.6516
681.05804	1058.5251
681.11011	1049.0663
681.16223	1048.8971
681.21436	1051.9762
681.26648	1049.186
681.31854	1053.0874
681.37067	1048.3497
681.42279	1046.1503
681.47485	1054.3162
681.52698	1052.9589
681.5791	1045.7155
681.63123	1031.6045
681.68329	1024.7375
681.73541	1038.0057
681.78754	1037.3304
681.8396	1034.3396
681.89172	1030.2509
681.94385	1024.1742
681.99597	1022.5305
682.04803	1025.8821
682.10016	1030.1356
682.15228	1027.355
682.20435	1022.6432
682.25647	1022.3785
682.30859	1020.7519
682.36066	1026.9421
682.41278	1023.7241
682.4649	1014.3946
682.51703	1030.8092
682.56909	1015.102
682.62122	1011.6764
682.67334	1013.6266
682.7254	1002.4189
682.77753	1010.9484
682.82965	1009.3882
682.88177	1006.2961
682.93384	1000.0189
682.98596	1004.3418
683.03809	1006.2079
683.09015	1006.7858
683.14227	992.34558
683.1944	1002.8221
683.24646	1008.4077
683.29858	991.05896
683.35071	989.35321
683.40283	976.724
683.4549	995.26758
683.50702	1001.1466
683.55914	998.9292
683.61121	984.13171
683.66333	987.82684
683.71545	987.87988
683.76758	993.36322
683.81964	993.51135
683.87177	981.68762
683.92389	989.57806
683.97595	984.79047
684.02808	991.5036
684.0802	993.22931
684.13232	992.14673
684.18439	993.4527
684.23651	982.99329
684.28864	987.88501
684.3407	966.2998
684.39282	973.12091
684.44495	970.08905
684.49701	970.17255
684.54913	980.53186
684.60126	978.27148
684.65338	975.44586
684.70544	981.79626
684.75757	980.2616
684.80969	972.73071
684.86176	969.2746
684.91388	967.09106
684.966	970.06665
685.01813	971.64362
685.07019	965.80316
685.12231	964.39429
685.17444	962.5921
685.2265	965.2392
685.27863	968.08557
685.33075	968.73676
685.38287	973.52747
685.43494	968.67889
685.48706	966.03107
685.53918	960.67603
685.59125	960.55005
685.64337	961.73376
685.6955	953.93958
685.74756	957.11377
685.79968	960.10687
685.85181	955.86218
685.90393	960.28522
685.95599	956.51727
686.00812	958.77466
686.06024	964.13025
686.1123	952.2514
686.16443	953.54315
686.21655	951.91272
686.26868	950.21967
686.32074	948.30676
686.37286	958.39209
686.42499	952.85931
686.47705	948.10767
686.52917	950.70673
686.5813	950.54706
686.63336	954.68567
686.68549	949.97638
686.73761	956.3183
686.78973	949.42999
686.8418	951.62598
686.89392	950.19464
686.94604	963.40765
686.99811	949.63757
687.05023	939.37872
687.10236	949.75214
687.15448	948.33929
687.20654	946.91638
687.25867	948.70233
687.31079	944.86768
687.36285	948.58966
687.41498	949.03131
687.4671	952.38586
687.51923	949.30621
687.57129	954.21808
687.62341	950.91614
687.67554	950.32733
687.7276	939.91113
687.77972	951.15118
687.83185	953.77979
687.88391	950.11469
687.93604	947.53595
687.98816	949.43933
688.04028	937.57861
688.09235	954.97375
688.14447	953.02875
688.19659	944.47485
688.24866	946.33618
688.30078	952.242
688.35291	947.15454
688.40503	946.92352
688.45709	951.40485
688.50922	948.5481
688.56134	943.54913
688.6134	941.87592
688.66553	948.10413
688.71765	942.95813
688.76978	945.45685
688.82184	947.97101
688.87396	946.47375
688.92609	937.6936
688.97815	944.52844
689.03027	947.1087
689.0824	947.60791
689.13446	938.25806
689.18658	945.22858
689.23871	946.12329
689.29083	939.82861
689.3429	943.24451
689.39502	943.89545
689.44714	946.38477
689.49921	951.07788
689.55133	945.19427
689.60345	944.23987
689.65558	939.72992
689.70764	942.1875
689.75977	946.02899
689.81189	942.83191
689.86395	942.2027
689.91608	942.15167
689.9682	943.75128
690.02026	940.58032
690.07239	942.66187
690.12451	947.94232
690.17664	945.60645
690.2287	938.47992
690.28082	945.69958
690.33295	945.03546
690.38501	938.06781
690.43713	939.97119
690.48926	943.58655
690.54138	952.18085
690.59344	945.1427
690.64557	947.13483
690.69769	949.34619
690.74976	951.31708
690.80188	946.31531
690.854	946.39783
690.90613	948.56506
690.95819	955.90436
691.01031	949.88245
691.06244	949.56598
691.1145	944.84637
691.16663	939.70728
691.21875	943.41058
691.27081	949.95898
691.32294	941.35242
691.37506	934.33264
691.42719	932.43951
691.47925	931.81049
691.53137	936.32227
691.5835	929.88593
691.63556	926.10724
691.68768	934.04669
691.73981	935.77441
691.79193	941.77051
691.84399	941.52899
691.89612	930.39386
691.94824	934.02789
692.00031	930.50952
692.05243	935.63361
692.10455	933.63922
692.15668	943.59814
692.20874	935.04449
692.26086	937.19147
692.31299	938.0899
692.36505	940.84973
692.41718	935.21143
692.4693	941.5365
692.52136	927.27368
692.57349	933.14966
692.62561	930.31812
692.67773	941.08392
692.7298	947.86572
692.78192	937.92438
692.83405	930.76221
692.88611	927.15552
692.93823	933.07666
692.99036	937.06635
693.04248	926.68243
693.09454	934.21686
693.14667	939.8089
693.19879	930.14465
693.25085	931.72144
693.30298	934.31042
693.3551	929.17389
693.40723	923.68286
693.45929	932.08844
693.51141	937.02179
693.56354	927.02979
693.6156	934.44562
693.66772	921.80713
693.71985	932.46765
693.77191	938.59766
693.82404	934.02777
693.87616	925.28546
693.92828	929.15326
693.98035	927.12366
694.03247	926.32361
694.08459	920.08093
694.13666	918.9845
694.18878	924.1214
694.24091	927.48657
694.29303	923.84747
694.34509	925.13171
694.39722	922.82898
694.44934	916.67352
694.5014	921.62164
694.55353	915.53326
694.60565	924.05536
694.65771	915.30756
694.70984	915.64154
694.76196	919.3761
694.81409	915.49091
694.86615	915.79974
694.91827	915.20331
694.9704	915.11694
695.02246	917.77313
695.07458	912.12866
695.12671	912.00537
695.17883	914.79236
695.2309	914.97882
695.28302	912.25293
695.33514	914.7868
695.38721	912.95618
695.43933	914.58746
695.49146	914.03101
695.54358	907.81628
695.59564	908.42542
695.64777	913.60693
695.69989	915.79602
695.75195	916.28076
695.80408	918.69482
695.8562	921.00958
695.90826	922.34564
695.96039	923.18359
696.01251	924.47375
696.06464	930.21918
696.1167	929.2923
696.16882	930.64044
696.22095	940.14093
696.27301	946.50519
696.32513	945.1579
696.37726	942.82684
696.42938	947.31158
696.48145	947.06989
696.53357	953.3396
696.58569	963.32251
696.63776	964.0354
696.68988	957.88403
696.742	958.67407
696.79413	972.43433
696.84619	968.11804
696.89832	965.99823
696.95044	969.20117
697.0025	976.30756
697.05463	977.2915
697.10675	979.1405
697.15881	979.28979
697.21094	975.62714
697.26306	982.3111
697.31519	986.80664
697.36725	986.96515
697.41937	997.7334
697.4715	996.00427
697.52356	989.70728
697.57568	986.3739
697.62781	982.26862
697.67993	988.90302
697.73199	980.71967
697.78412	985.25311
697.83624	988.87262
697.88831	997.23657
697.94043	986.54895
697.99255	983.44434
698.04462	971.20758
698.09674	974.09131
698.14886	990.65887
698.20099	988.77283
698.25305	981.07465
698.30518	990.29156
698.3573	990.81683
698.40936	981.47864
698.46149	980.30103
698.51361	972.68488
698.56573	966.04419
698.6178	958.02362
698.66992	964.5918
698.72205	959.82745
698.77411	962.24066
698.82623	959.71936
698.87836	953.75201
698.93048	954.22992
698.98254	953.70544
699.03467	952.31073
699.08679	942.70612
699.13885	942.1366
699.19098	940.47742
699.2431	937.5481
699.29517	940.63239
699.34729	935.21466
699.39941	938.78058
699.45154	930.67487
699.5036	925.8031
699.55573	920.25781
699.60785	924.22089
699.65991	927.75031
699.71204	929.77087
699.76416	925.72278
699.81628	930.42535
699.86835	936.55023
699.92047	924.56384
699.9726	932.98016
700.02466	923.40106
700.07678	924.52551
700.12891	924.07898
700.18103	920.56879
700.23309	924.39813
700.28522	923.11108
700.33734	923.22089
700.3894	924.21509
700.44153	917.45422
700.49365	917.20758
700.54572	916.60022
700.59784	919.14081
700.64996	916.07983
700.70209	911.78186
700.75415	912.40015
700.80627	916.86487
700.8584	918.32971
700.91046	915.99475
700.96259	918.32025
701.01471	920.67737
701.06683	920.44843
701.1189	918.05444
701.17102	916.18646
701.22314	912.40979
701.27521	913.90723
701.32733	915.22198
701.37946	920.48566
701.43152	922.36145
701.48364	919.5816
701.53577	914.49841
701.58789	914.73492
701.63995	915.95117
701.69208	911.09381
701.7442	909.67633
701.79626	905.22369
701.84839	907.07404
701.90051	909.52515
701.95264	908.94769
702.0047	904.73474
702.05682	904.31116
702.10895	906.98456
702.16101	908.49579
702.21313	902.61646
702.26526	898.38721
702.31738	905.33331
702.36945	909.70758
702.42157	902.84967
702.47369	899.18048
702.52576	903.95618
702.57788	908.16583
702.63	909.74335
702.68207	905.60236
702.73419	900.65997
702.78632	907.05743
702.83844	895.73236
702.8905	898.09399
702.94263	902.74951
702.99475	901.10779
703.04681	902.10571
703.09894	903.30652
703.15106	902.24609
703.20319	900.30884
703.25525	905.92065
703.30737	903.54077
703.3595	899.93109
703.41156	905.18903
703.46368	895.73248
703.51581	891.76361
703.56793	893.73798
703.62	903.62811
703.67212	898.40216
703.72424	897.01038
703.77631	895.521
703.82843	899.29877
703.88055	900.4162
703.93262	903.39124
703.98474	904.43048
704.03687	898.00592
704.08899	913.71417
704.14105	899.37408
704.19318	897.49695
704.2453	899.58484
704.29736	902.63098
704.34949	898.35376
704.40161	904.41101
704.45374	904.18439
704.5058	900.80835
704.55792	892.33289
704.61005	903.41254
704.66211	900.02704
704.71423	900.89203
704.76636	901.11932
704.81848	901.64844
704.87054	897.79553
704.92267	898.11823
704.97479	900.78839
705.02686	897.96057
705.07898	896.47833
705.1311	896.75281
705.18317	895.05115
705.23529	890.48578
705.28741	891.95905
705.33954	897.72955
705.3916	893.63312
705.44373	897.12445
705.49585	901.7243
705.54791	898.56897
705.60004	901.68896
705.65216	898.82404
705.70428	896.00543
705.75635	896.50787
705.80847	898.11517
705.8606	899.9433
705.91266	899.51465
705.96478	897.81018
706.01691	895.22534
706.06897	898.77124
706.12109	899.98706
706.17322	897.86066
706.22534	899.80066
706.2774	899.09766
706.32953	896.862
706.38165	894.55853
706.43372	896.03491
706.48584	895.7309
706.53796	893.80347
706.59009	894.81116
706.64215	896.63416
706.69427	896.10901
706.7464	895.6181
706.79846	897.41956
706.85059	897.96893
706.90271	897.7597
706.95483	898.36664
707.0069	900.30603
707.05902	897.45477
707.11115	894.2821
707.16321	895.05273
707.21533	899.4032
707.26746	897.85468
707.31952	893.82745
707.37164	897.27631
707.42377	895.31921
707.47589	893.72504
707.52795	895.55322
707.58008	892.49847
707.6322	897.25995
707.68427	899.21246
707.73639	901.93097
707.78851	896.00067
707.84064	900.60602
707.8927	898.14044
707.94482	902.96039
707.99695	900.44098
708.04901	891.2384
708.10114	893.11401
708.15326	891.51361
708.20538	896.89905
708.25745	895.00409
708.30957	901.8963
708.36169	898.1004
708.41376	898.59296
708.46588	895.38898
708.51801	903.68976
708.57007	907.03589
708.62219	897.93561
708.67432	897.65259
708.72644	892.18488
708.7785	895.63867
708.83063	894.13477
708.88275	893.62585
708.93481	893.09723
708.98694	892.56757
709.03906	900.41156
709.09119	897.31244
709.14325	898.89691
709.19537	890.87836
709.2475	889.81201
709.29956	899.7948
709.35168	899.66437
709.40381	890.96783
709.45587	896.18317
709.508	896.1839
709.56012	892.8476
709.61224	887.85687
709.66431	892.20233
709.71643	896.90942
709.76855	898.19873
709.82062	898.70154
709.87274	899.45343
709.92487	899.79553
709.97699	897.70978
710.02905	899.62964
710.08118	903.27216
710.1333	899.02631
710.18536	895.52924
710.23749	901.25537
710.28961	894.06805
710.34174	895.75983
710.3938	899.42975
710.44592	900.71149
710.49805	894.4848
710.55011	895.24969
710.60223	896.7276
710.65436	893.73297
710.70642	896.02966
710.75854	894.90338
710.81067	892.60187
710.86279	895.53894
710.91486	895.41028
710.96698	893.98883
711.0191	896.74786
711.07117	896.78851
711.12329	897.50439
711.17542	898.31763
711.22754	898.71997
711.2796	897.92645
711.33173	893.13812
711.38385	891.4704
711.43591	894.60187
711.48804	892.59332
711.54016	894.24976
711.59229	895.19525
711.64435	898.71515
711.69647	893.65955
711.7486	887.25909
711.80066	895.95032
711.85278	897.30542
711.90491	898.09589
711.95697	889.52502
712.00909	892.58496
712.06122	897.19623
712.11334	898.70587
712.16541	896.62012
712.21753	895.15179
712.26965	896.53143
712.32172	895.71588
712.37384	893.784
712.42596	895.51276
712.47809	895.92249
712.53015	892.48224
712.58228	891.04443
712.6344	897.54675
712.68646	894.82532
712.73859	897.58722
712.79071	891.46124
712.84277	893.69922
712.8949	896.73413
712.94702	896.41492
712.99915	892.9964
713.05121	897.30927
713.10333	886.93451
713.15546	888.39502
713.20752	890.43677
713.25964	893.32697
713.31177	892.40985
713.36389	903.05121
713.41595	889.43481
713.46808	891.26227
713.5202	901.17041
713.57227	898.87445
713.62439	895.14996
713.67651	897.54706
713.72864	898.48651
713.7807	895.63794
713.83282	892.09473
713.88495	893.97528
713.93701	897.41833
713.98914	898.90204
714.04126	896.53326
714.09332	900.70892
714.14545	900.07703
714.19757	896.48865
714.24969	891.68976
714.30176	898.40955
714.35388	893.78577
714.40601	896.53564
714.45807	894.96313
714.51019	895.633
714.56232	896.64264
714.61444	898.72876
714.6665	897.01703
714.71863	892.28467
714.77075	896.68079
714.82281	895.8468
714.87494	893.77747
714.92706	896.60229
714.97919	896.01733
715.03125	894.22162
715.08337	896.1355
715.1355	892.0611
715.18756	891.50507
715.23969	890.71033
715.29181	889.53918
715.34387	888.36658
715.396	893.6283
715.44812	898.11621
715.50024	895.22369
715.55231	893.14777
715.60443	898.44653
715.65656	908.99323
715.70862	901.9234
715.76074	892.02051
715.81287	894.46777
715.86499	896.05151
715.91705	890.27765
715.96918	889.78937
716.0213	894.58777
716.07336	893.69165
716.12549	894.1651
716.17761	896.18799
716.22974	894.42346
716.2818	894.46338
716.33392	901.35297
716.38605	900.79602
716.43811	895.73132
716.49023	895.50287
716.54236	893.58667
716.59442	892.32483
716.64655	886.13367
716.69867	890.85626
716.75079	889.44147
716.80286	887.80804
716.85498	893.14496
716.9071	896.43958
716.95917	897.59253
717.01129	896.69336
717.06342	898.58051
717.11554	892.75934
717.1676	883.69006
717.21973	893.16724
717.27185	897.51752
717.32391	892.4826
717.37604	902.24634
717.42816	894.3819
717.48022	890.54578
717.53235	890.35516
717.58447	897.96259
717.6366	895.81592
717.68866	890.87988
717.74078	898.20288
717.79291	890.60223
717.84497	895.34302
717.89709	892.22705
717.94922	895.86884
718.00134	897.01556
718.05341	890.19116
718.10553	893.61249
718.15765	892.45062
718.20972	891.08954
718.26184	885.86194
718.31396	891.72272
718.36609	897.28644
718.41815	900.72131
718.47028	893.57343
718.5224	892.41388
718.57446	894.23181
718.62659	894.5506
718.67871	893.39746
718.73077	894.32465
718.7829	898.13049
718.83502	897.11414
718.88715	893.25189
718.93921	886.7735
718.99133	885.65582
719.04346	887.76447
719.09552	890.23694
719.14764	891.25385
719.19977	893.91559
719.25189	894.31329
719.30396	895.33569
719.35608	893.46204
719.4082	896.68323
719.46027	895.52881
719.51239	893.40576
719.56451	897.15015
719.61664	901.01068
719.6687	897.98547
719.72083	894.17108
719.77295	891.13434
719.82501	893.74255
719.87714	894.42749
719.92926	891.83508
719.98132	890.24243
720.03345	895.51599
720.08557	895.20038
720.1377	893.69128
720.18976	900.492
720.24188	898.87231
720.29401	890.25867
720.34607	888.03479
720.39819	893.38647
720.45032	892.73767
720.50244	891.13928
720.5545	891.37341
720.60663	894.10986
720.65875	891.70685
720.71082	897.87793
720.76294	890.93396
720.81506	892.31787
720.86713	890.00568
720.91925	894.31122
720.97137	896.88751
721.0235	895.42731
721.07556	899.15601
721.12769	887.57141
721.17981	892.66211
721.23187	897.61285
721.284	893.38983
721.33612	893.07104
721.38824	890.1463
721.44031	892.97571
721.49243	896.51294
721.54456	890.94757
721.59662	891.04694
721.64874	889.63147
721.70087	891.62366
721.75299	893.63806
721.80505	889.84277
721.85718	892.65717
721.9093	889.85828
721.96136	889.91882
722.01349	892.83008
722.06561	890.29169
722.11768	891.85968
722.1698	889.56555
722.22192	893.33472
722.27405	892.37231
722.32611	891.9751
722.37823	888.20007
722.43036	888.03882
722.48242	891.2774
722.53455	896.34644
722.58667	894.52789
722.63879	893.68695
722.69086	893.92462
722.74298	894.36945
722.7951	895.25763
722.84717	893.49121
722.89929	889.81299
722.95142	892.69812
723.00354	894.78577
723.0556	892.80743
723.10773	895.62152
723.15985	892.8429
723.21191	891.20502
723.26404	891.83539
723.31616	891.90436
723.36823	896.82855
723.42035	893.92914
723.47247	893.64148
723.5246	893.01361
723.57666	890.83008
723.62878	891.69849
723.68091	894.46344
723.73297	889.96136
723.7851	890.16211
723.83722	889.56
723.88934	893.62372
723.94141	895.54272
723.99353	890.33942
724.04565	887.95862
724.09772	889.43506
724.14984	894.08063
724.20197	893.383
724.25403	886.89716
724.30615	889.87488
724.35828	892.06799
724.4104	888.8855
724.46246	896.86737
724.51459	889.87274
724.56671	894.15216
724.61877	896.14301
724.6709	889.27106
724.72302	893.27051
724.77515	895.37518
724.82721	889.70831
724.87933	890.6571
724.93146	895.64166
724.98352	890.83258
725.03564	891.34296
725.08777	886.01282
725.13989	888.31293
725.19196	889.41034
725.24408	890.27942
725.2962	890.65204
725.34827	897.13477
725.40039	891.17938
725.45251	890.37518
725.50458	892.3736
725.5567	889.56104
725.60883	886.31177
725.66095	891.62506
725.71301	892.7467
725.76514	894.61401
725.81726	893.43982
725.86932	892.19458
725.92145	892.33282
725.97357	891.3241
726.0257	889.94189
726.07776	895.24316
726.12988	892.98804
726.18201	891.82288
726.23407	890.90619
726.28619	891.05359
726.33832	889.05273
726.39044	887.92175
726.4425	889.27484
726.49463	889.12506
726.54675	889.00592
726.59882	891.18127
726.65094	892.76691
726.70306	890.11383
726.75513	889.49963
726.80725	891.66132
726.85938	894.8562
726.9115	891.33368
726.96356	896.62292
727.01569	895.11584
727.06781	894.47968
727.11987	895.03674
727.172	890.15594
727.22412	890.06342
727.27625	890.91827
727.32831	896.60278
727.38043	890.70392
727.43256	891.91705
727.48462	887.03235
727.53674	887.73077
727.58887	891.0705
727.64099	889.72321
727.69305	895.84601
727.74518	887.74591
727.7973	892.62152
727.84937	894.89825
727.90149	890.62878
727.95361	890.97852
728.00568	894.9823
728.0578	892.94873
728.10992	891.08856
728.16205	894.19135
728.21411	888.62897
728.26624	891.47778
728.31836	896.13806
728.37042	884.12097
728.42255	889.3949
728.47467	889.37909
728.52679	892.58185
728.57886	895.25708
728.63098	891.56714
728.68311	889.22375
728.73517	888.75574
728.78729	895.63428
728.83942	891.68481
728.89148	892.29541
728.9436	891.78436
728.99573	890.224
729.04785	889.00104
729.09991	892.74921
729.15204	892.1972
729.20416	889.72876
729.25623	889.40771
729.30835	889.80048
729.36047	892.8714
729.4126	892.75995
729.46466	888.11713
729.51678	889.08191
729.56891	889.4129
729.62097	889.62372
729.6731	889.87396
729.72522	891.47565
729.77734	888.51727
729.82941	888.26617
729.88153	889.93854
729.93365	889.45538
729.98572	890.77118
730.03784	886.39453
730.08997	888.13159
730.14203	889.22168
730.19415	895.37775
730.24628	894.39172
730.2984	892.6955
730.35046	890.32782
730.40259	892.27618
730.45471	891.83344
730.50677	888.64697
730.5589	890.5708
730.61102	890.52588
730.66315	892.77075
730.71521	894.15173
730.76733	889.22388
730.81946	889.6106
730.87152	888.92853
730.92365	888.35785
730.97577	891.95959
731.02789	886.25323
731.07996	894.79034
731.13208	893.36823
731.1842	895.24951
731.23627	891.30542
731.28839	889.81445
731.34052	892.25323
731.39258	891.27844
731.4447	891.2442
731.49683	890.77209
731.54895	890.39014
731.60101	887.65399
731.65314	894.57153
731.70526	893.90668
731.75732	896.38629
731.80945	889.60815
731.86157	891.42828
731.9137	891.71814
731.96576	890.56055
732.01788	891.44879
732.07001	889.69708
732.12207	889.30963
732.17419	892.87933
732.22632	893.59546
732.27838	893.72559
732.33051	890.1203
732.38263	889.84143
732.43475	889.20844
732.48682	886.15686
732.53894	888.38751
732.59106	890.5993
732.64313	894.41901
732.69525	895.13232
732.74738	888.59631
732.7995	889.52832
732.85156	892.76898
732.90369	890.01752
732.95581	888.13843
733.00787	892.51196
733.06	892.71704
733.11212	889.99219
733.16425	887.62128
733.21631	887.87872
733.26843	891.80011
733.32056	889.26465
733.37262	888.14233
733.42474	890.13092
733.47687	891.85327
733.52893	888.43188
733.58105	891.17389
733.63318	890.34857
733.6853	885.38245
733.73737	889.13739
733.78949	889.12622
733.84161	885.88257
733.89368	886.70245
733.9458	890.10046
733.99792	894.50122
734.05005	893.81879
734.10211	889.71191
734.15424	887.18158
734.20636	889.67969
734.25842	894.47284
734.31055	893.23639
734.36267	889.81018
734.41479	892.82904
734.46686	891.58228
734.51898	891.46625
734.57111	891.88318
734.62317	890.53943
734.67529	891.7179
734.72742	890.47339
734.77948	890.6488
734.8316	887.95135
734.88373	890.34662
734.93585	893.11774
734.98792	892.31055
735.04004	888.4104
735.09216	893.20776
735.14423	892.65924
735.19635	892.6283
735.24847	892.37244
735.3006	893.43915
735.35266	893.12201
735.40479	887.37695
735.45691	891.2179
735.50897	895.61969
735.5611	890.8703
735.61322	885.70782
735.66534	888.40222
735.71741	894.82013
735.76953	891.54523
735.82166	889.09045
735.87372	888.85223
735.92584	890.87952
735.97797	892.19049
736.03003	888.08911
736.08215	888.84955
736.13428	894.02802
736.1864	891.0304
736.23846	889.13739
736.29059	889.72125
736.34271	890.42157
736.39478	894.56085
736.4469	893.32245
736.49902	892.59454
736.55115	899.16156
736.60321	891.76465
736.65533	889.00165
736.70746	890.53741
736.75952	893.50409
736.81165	892.43512
736.86377	895.28845
736.91583	891.8324
736.96796	894.66052
737.02008	887.91895
737.0722	884.3089
737.12427	893.27661
737.17639	891.77563
737.22852	891.34564
737.28058	893.10205
737.3327	889.4765
737.38483	892.66943
737.43695	891.02393
737.48901	888.26855
737.54114	888.96625
737.59326	894.16626
737.64532	889.49615
737.69745	888.11963
737.74957	890.72736
737.8017	893.93292
737.85376	895.05457
737.90588	885.54004
737.95801	887.36884
738.01007	890.62518
738.06219	891.40125
738.11432	883.98206
738.16638	887.45361
738.21851	894.41473
738.27063	890.37811
738.32275	886.91364
738.37482	888.9472
738.42694	890.28418
738.47906	894.3692
738.53113	889.88776
738.58325	891.11285
738.63538	894.01685
738.6875	891.55762
738.73956	889.40308
738.79169	895.96191
738.84381	893.3465
738.89587	891.31824
738.948	893.12219
739.00012	891.3584
739.05225	890.42493
739.10431	894.47021
739.15643	891.92657
739.20856	891.43579
739.26062	892.20361
739.31274	892.13165
739.36487	890.56122
739.41693	890.51831
739.46906	891.74457
739.52118	892.45807
739.5733	892.65881
739.62537	888.94171
739.67749	885.70514
739.72961	891.92224
739.78168	886.4411
739.8338	886.00751
739.88593	891.22131
739.93805	889.50366
739.99011	892.75488
740.04224	893.91064
740.09436	894.36768
740.14642	893.87885
740.19855	889.81201
740.25067	892.88849
740.30273	887.01825
740.35486	889.12817
740.40698	889.70758
740.45911	888.36951
740.51117	888.53015
740.56329	890.74457
740.61542	893.27399
740.66748	895.80292
740.7196	887.60138
740.77173	890.22473
740.82385	891.05353
740.87592	901.36267
740.92804	886.92462
740.98016	886.56506
741.03223	889.01495
741.08435	889.57288
741.13647	890.57635
741.1886	884.23053
741.24066	895.41296
741.29279	889.76935
741.34491	894.08881
741.39697	886.03107
741.4491	892.76196
741.50122	894.21588
741.55328	886.26917
741.60541	888.112
741.65753	889.21851
741.70966	893.1062
741.76172	890.78461
741.81384	890.99481
741.86597	886.97455
741.91803	889.52838
741.97015	884.06738
742.02228	887.39667
742.0744	892.63074
742.12646	894.90607
742.17859	892.93585
742.23071	884.51904
742.28278	888.79303
742.3349	896.38831
742.38702	890.83313
742.43915	891.00476
742.49121	891.22809
742.54333	892.23108
742.59546	887.73938
742.64752	888.09106
742.69965	894.49432
742.75177	891.5675
742.80383	888.1355
742.85596	891.87421
742.90808	895.25421
742.96021	894.50842
743.01227	888.63129
743.06439	886.72021
743.11652	890.98505
743.16858	891.4696
743.2207	890.11566
743.27283	892.56763
743.32495	892.90405
743.37701	892.41248
743.42914	890.77881
743.48126	892.60602
743.53333	896.8186
743.58545	893.80957
743.63757	888.19226
743.68964	890.76105
743.74176	890.22607
743.79388	892.74414
743.84601	888.78473
743.89807	890.02722
743.9502	891.79486
744.00232	893.04572
744.05438	890.38062
744.10651	901.03754
744.15863	892.59155
744.21075	891.01941
744.26282	884.06616
744.31494	890.71033
744.36707	886.07642
744.41913	885.76172
744.47125	885.46515
744.52338	887.6153
744.5755	894.65173
744.62756	888.98975
744.67969	886.06848
744.73181	889.18622
744.78387	894.16675
744.836	892.92633
744.88812	894.35547
744.94019	887.38928
744.99231	890.85553
745.04443	889.33014
745.09656	888.07343
745.14862	892.67297
745.20074	889.70697
745.25287	893.94604
745.30493	889.64752
745.35706	892.46619
745.40918	892.72333
745.4613	888.62811
745.51337	890.80664
745.56549	893.34344
745.61761	891.97205
745.66968	886.42712
745.7218	889.36084
745.77393	891.55695
745.82605	891.49225
745.87811	889.0802
745.93024	890.62646
745.98236	891.55164
746.03442	889.3551
746.08655	889.64606
746.13867	884.97546
746.19073	889.03943
746.24286	893.66101
746.29498	890.09039
746.34711	890.01093
746.39917	888.28088
746.45129	892.73492
746.50342	890.54614
746.55548	886.54822
746.6076	890.37683
746.65973	891.81757
746.71185	893.69702
746.76392	893.54858
746.81604	892.82239
746.86816	892.67212
746.92023	886.45026
746.97235	888.31622
747.02448	894.75909
747.0766	898.89056
747.12866	893.28235
747.18079	887.33942
747.23291	893.34253
747.28497	892.44043
747.3371	888.10919
747.38922	890.93616
747.44128	892.40198
747.49341	890.84259
747.54553	884.16663
747.59766	886.11371
747.64972	893.31201
747.70184	891.81732
747.75397	886.86456
747.80603	889.26965
747.85815	895.03912
747.91028	890.09363
747.9624	886.63794
748.01447	887.0614
748.06659	893.23822
748.11871	892.45721
748.17078	890.86981
748.2229	887.53601
748.27502	895.02106
748.32709	889.1521
748.37921	884.42444
748.43134	887.56714
748.48346	890.13788
748.53552	891.67682
748.58765	890.19678
748.63977	891.64642
748.69183	890.31366
748.74396	893.19391
748.79608	885.349
748.84821	894.50525
748.90027	892.47229
748.95239	890.38287
749.00452	889.88831
749.05658	901.021
749.1087	895.97919
749.16083	888.87964
749.21295	887.77301
749.26501	897.93457
749.31714	892.2771
749.36926	888.10199
749.42133	886.2428
749.47345	891.92255
749.52557	891.78284
749.57764	886.79962
749.62976	890.55035
749.68188	893.59302
749.73401	892.4209
749.78607	889.64398
749.8382	896.48584
749.89032	895.01208
749.94238	889.625
749.99451	887.22931
750.04663	888.1076
750.09875	886.99744
750.15082	889.72455
750.20294	892.94324
750.25507	891.5849
750.30713	894.10742
750.35925	895.83185
750.41138	892.11993
750.4635	889.08563
750.51556	894.72113
750.56769	897.9223
750.61981	892.62213
750.67188	891.40204
750.724	896.00543
750.77612	892.94806
750.82819	888.09937
750.88031	887.73444
750.93243	890.8045
750.98456	889.60468
751.03662	889.27155
751.08875	891.74902
751.14087	899.27765
751.19293	902.30988
751.24506	888.5451
751.29718	889.69531
751.3493	898.31921
751.40137	893.85425
751.45349	893.3728
751.50562	887.12213
751.55768	894.29901
751.6098	889.32404
751.66193	890.77496
751.71399	891.01978
751.76611	897.07721
751.81824	892.30298
751.87036	890.56757
751.92242	890.50879
751.97455	891.50006
752.02667	884.54449
752.07874	889.06421
752.13086	891.57892
752.18298	893.69012
752.23511	896.59656
752.28717	891.4024
752.33929	890.7453
752.39142	892.92487
752.44348	892.01312
752.49561	888.37903
752.54773	886.71057
752.59985	894.38525
752.65192	889.47034
752.70404	889.25488
752.75616	888.80707
752.80823	891.42694
752.86035	894.14252
752.91248	889.50775
752.96454	891.24493
753.01666	893.6394
753.06879	894.54645
753.12091	889.29156
753.17297	891.82776
753.2251	895.28906
753.27722	894.96936
753.32928	888.63239
753.38141	887.64038
753.43353	888.79535
753.48566	890.59991
753.53772	891.88831
753.58984	893.14148
753.64197	895.90222
753.69403	894.58551
753.74615	891.67682
753.79828	889.73505
753.8504	895.18842
753.90247	892.2688
753.95459	891.22565
754.00671	893.9873
754.05878	891.52612
754.1109	894.86871
754.16302	896.40753
754.21509	894.88025
754.26721	893.69788
754.31934	888.81067
754.37146	890.83832
754.42352	890.90509
754.47565	891.87732
754.52777	887.76691
754.57983	890.28784
754.63196	889.36584
754.68408	887.63892
754.73621	886.94476
754.78827	886.85797
754.84039	892.47241
754.89252	892.91229
754.94458	882.08777
754.9967	888.15222
755.04883	892.09735
755.10089	891.39575
755.15302	886.53394
755.20514	889.2677
755.25726	900.75909
755.30933	894.82062
755.36145	893.84088
755.41357	894.17621
755.46564	890.85168
755.51776	890.98132
755.56989	887.27411
755.62201	891.86792
755.67407	891.07031
755.7262	883.2915
755.77832	888.20868
755.83038	884.29315
755.88251	892.75879
755.93463	887.68054
755.98676	886.62689
756.03882	890.93463
756.09094	890.29858
756.14307	891.65112
756.19513	891.57111
756.24725	891.37036
756.29938	892.00098
756.35144	893.8952
756.40356	891.57916
756.45569	897.75452
756.50781	893.31293
756.55988	892.14032
756.612	888.01898
756.66412	891.28473
756.71619	892.57715
756.76831	889.64246
756.82043	887.00818
756.87256	889.50818
756.92462	891.20801
756.97675	891.31403
757.02887	890.03217
757.08093	892.21521
757.13306	893.77124
757.18518	887.91486
757.2373	884.4198
757.28937	887.08252
757.34149	887.41986
757.39362	887.05511
757.44568	888.9303
757.4978	889.01324
757.54993	891.94684
757.60199	888.79956
757.65411	891.72058
757.70624	893.58881
757.75836	892.9165
757.81042	891.89642
757.86255	891.28662
757.91467	896.2113
757.96674	893.7793
758.01886	894.05701
758.07098	891.52551
758.12311	892.53687
758.17517	893.59998
758.22729	884.77716
758.27942	888.9455
758.33148	896.45117
758.38361	886.78729
758.43573	883.20844
758.48785	892.67413
758.53992	893.06458
758.59204	890.29498
758.64417	884.87708
758.69623	894.19702
758.74835	894.01306
758.80048	888.27631
758.85254	887.04352
758.90466	895.40503
758.95679	893.52673
759.00891	890.92279
759.06097	891.50708
759.1131	889.80597
759.16522	892.37024
759.21729	891.30505
759.26941	887.36676
759.32153	890.6192
759.37366	891.86176
759.42572	892.48169
759.47784	886.90161
759.52997	886.42157
759.58203	889.2262
759.63416	887.21368
759.68628	885.10004
759.73834	889.19012
759.79047	894.37042
759.84259	893.85895
759.89471	890.20941
759.94678	891.83362
759.9989	893.72144
760.05103	890.04608
760.10309	896.75842
760.15521	898.59113
760.20734	894.98651
760.25946	886.41956
760.31152	886.3479
760.36365	888.6062
760.41577	889.37433
760.46783	889.72241
760.51996	889.90131
760.57208	892.17664
760.62421	895.95166
760.67627	893.33411
760.72839	889.38416
760.78052	890.09814
760.83258	886.56299
760.8847	889.60144
760.93683	893.85596
760.98889	894.95544
761.04102	889.83582
761.09314	892.99963
761.14526	889.92108
761.19733	889.52057
761.24945	891.38904
761.30157	890.08539
761.35364	890.98297
761.40576	889.52728
761.45789	890.5011
761.51001	889.42267
761.56207	886.10327
761.6142	888.93604
761.66632	895.1236
761.71838	884.49316
761.77051	885.43304
761.82263	892.7948
761.87476	890.45483
761.92682	885.47028
761.97894	890.47943
762.03107	890.67645
762.08313	891.25665
762.13525	889.88416
762.18738	887.21051
762.23944	885.77887
762.29156	887.81866
762.34369	888.99078
762.39581	888.73102
762.44788	883.18018
762.5	889.61151
762.55212	895.71381
762.60419	896.87628
762.65631	893.56427
762.70844	893.1474
762.76056	889.41895
762.81262	888.33594
762.86475	888.96283
762.91687	888.18127
762.96893	889.46863
763.02106	897.15936
763.07318	897.91486
763.12524	891.33368
763.17737	889.41626
763.22949	890.94055
763.28162	887.82355
763.33368	886.37762
763.3858	890.5611
763.43793	889.67218
763.48999	890.15222
763.54211	889.45941
763.59424	892.57635
763.64636	891.6272
763.69843	887.79834
763.75055	893.21497
763.80267	890.43451
763.85474	893.5177
763.90686	891.84253
763.95898	888.78412
764.01111	891.45728
764.06317	891.41962
764.1153	887.69196
764.16742	884.08685
764.21948	887.20404
764.27161	891.24915
764.32373	889.37329
764.37579	891.34442
764.42792	890.35046
764.48004	890.25507
764.53217	888.47284
764.58423	890.63159
764.63635	893.53571
764.68848	891.43164
764.74054	894.87006
764.79266	889.84698
764.84479	894.63251
764.89691	891.133
764.94897	889.79492
765.0011	888.16382
765.05322	889.19366
765.10529	890.41199
765.15741	892.68158
765.20953	885.18958
765.26166	883.20068
765.31372	889.64423
765.36584	889.0459
765.41797	886.61005
765.47003	888.86542
765.52216	892.79291
765.57428	887.8125
765.62634	884.4447
765.67847	889.9267
765.73059	891.5379
765.78271	891.02582
765.83478	891.82721
765.8869	894.13397
765.93903	894.70813
765.99109	893.10498
766.04321	888.66766
766.09534	894.60437
766.14746	895.30353
766.19952	892.10187
766.25165	890.40619
766.30377	892.17682
766.35583	894.67224
766.40796	891.22925
766.46008	889.74365
766.51215	893.96393
766.56427	890.51849
766.61639	887.62463
766.66852	892.58905
766.72058	893.30841
766.77271	887.19598
766.82483	891.06604
766.87689	891.27203
766.92902	892.1377
766.98114	888.93402
767.03326	888.23511
767.08533	886.74774
767.13745	885.21686
767.18958	889.63519
767.24164	884.40686
767.29376	890.69965
767.34589	890.6618
767.39801	890.14966
767.45007	890.28339
767.5022	895.12549
767.55432	894.25012
767.60638	891.35303
767.65851	890.59937
767.71063	893.96869
767.7627	891.17493
767.81482	889.97064
767.86694	887.85919
767.91907	891.41248
767.97113	889.35516
768.02325	891.36774
768.07538	888.81812
768.12744	888.75275
768.17957	889.59546
768.23169	886.93738
768.28381	890.20898
768.33588	892.92896
768.388	889.25958
768.44012	887.96112
768.49219	892.36084
768.54431	893.3797
768.59644	892.07556
768.64856	890.03406
768.70062	890.54199
768.75275	890.45117
768.80487	892.34369
768.85693	888.18481
768.90906	892.65485
768.96118	891.14703
769.01324	890.49579
769.06537	888.44971
769.11749	887.10358
769.16962	890.43176
769.22168	891.97784
769.2738	889.36914
769.32593	887.39429
769.37799	887.90771
769.43011	892.27527
769.48224	890.51471
769.53436	889.20532
769.58643	888.18365
769.63855	894.48175
769.69067	888.99573
769.74274	890.00146
769.79486	892.01556
769.84698	891.56836
769.89911	886.08752
769.95117	888.10846
770.0033	889.76648
770.05542	893.02026
770.10748	886.50732
770.15961	890.7713
770.21173	889.13049
770.26379	892.44391
770.31592	888.61609
770.36804	885.68488
770.42017	883.39056
770.47223	888.875
770.52435	889.90533
770.57648	890.59924
770.62854	890.93939
770.68066	884.98206
770.73279	885.36432
770.78491	886.27179
770.83698	890.88007
770.8891	890.35071
770.94122	891.95654
770.99329	893.38629
771.04541	889.17059
771.09753	889.06812
771.1496	887.99664
771.20172	889.25787
771.25385	888.65173
771.30597	886.17023
771.35803	889.44379
771.41016	891.60583
771.46228	888.26141
771.51434	888.974
771.56647	892.72906
771.61859	893.30786
771.67072	891.6012
771.72278	887.44653
771.7749	883.79187
771.82703	893.00372
771.87909	890.72241
771.93121	883.06781
771.98334	890.71008
772.03546	891.30011
772.08752	892.2146
772.13965	886.82288
772.19177	892.578
772.24384	899.77258
772.29596	892.57599
772.34808	886.26526
772.40015	892.69159
772.45227	893.42102
772.50439	886.9079
772.55652	883.94836
772.60858	884.96552
772.66071	886.27881
772.71283	890.76312
772.76489	884.76599
772.81702	891.65527
772.86914	889.75922
772.92126	888.90338
772.97333	888.3371
773.02545	887.35248
773.07758	891.18488
773.12964	885.51678
773.18176	886.96521
773.23389	891.62207
773.28601	893.55927
773.33807	888.21643
773.3902	888.40417
773.44232	891.78796
773.49438	893.33142
773.54651	891.01642
773.59863	891.85516
773.6507	889.86499
773.70282	890.57123
773.75494	889.87976
773.80707	890.66888
773.85913	893.65546
773.91125	894.07379
773.96338	890.68347
774.01544	888.34576
774.06757	888.65131
774.11969	890.7522
774.17181	889.20679
774.22388	888.8526
774.276	892.47693
774.32813	890.59094
774.38019	887.84668
774.43231	890.7475
774.48444	891.82104
774.5365	889.41241
774.58862	884.70465
774.64075	888.87183
774.69287	895.86041
774.74493	891.05853
774.79706	890.75739
774.84918	888.02515
774.90125	887.79913
774.95337	887.79651
775.00549	888.78149
775.05762	887.78638
775.10968	887.36353
775.1618	889.78546
775.21393	889.46161
775.26599	886.15912
775.31812	894.37964
775.37024	891.54181
775.42236	893.27173
775.47443	892.65277
775.52655	891.24384
775.57867	895.96008
775.63074	892.09521
775.68286	894.36859
775.73499	893.11487
775.78705	891.69696
775.83917	889.08893
775.8913	890.11957
775.94342	893.29077
775.99548	891.54303
776.04761	885.61212
776.09973	885.16132
776.15179	889.08044
776.20392	891.435
776.25604	892.22772
776.30817	892.2251
776.36023	893.28754
776.41235	887.57471
776.46448	887.10382
776.51654	890.1181
776.56866	889.7113
776.62079	892.58185
776.67291	891.23737
776.72498	891.40521
776.7771	891.49835
776.82922	888.30487
776.88129	889.05591
776.93341	891.98889
776.98553	890.32916
777.0376	885.64716
777.08972	888.41486
777.14185	895.56604
777.19397	889.69708
777.24603	887.33496
777.29816	893.12067
777.35028	890.39343
777.40234	891.12488
777.45447	888.71826
777.50659	890.67255
777.55872	901.43793
777.61078	891.52655
777.6629	888.58923
777.71503	888.8949
777.76709	900.79761
777.81921	890.03326
777.87134	892.86847
777.9234	893.71106
777.97552	891.44427
778.02765	889.98914
778.07977	890.94061
778.13184	900.33997
778.18396	894.66705
778.23608	888.72034
778.28815	889.20203
778.34027	893.58417
778.3924	892.52997
778.44452	892.17529
778.49658	890.74738
778.54871	891.6001
778.60083	889.15216
778.65289	886.23102
778.70502	887.07025
778.75714	893.44336
778.80927	891.77734
778.86133	885.28442
778.91345	886.58258
778.96558	891.5025
779.01764	894.02142
779.06976	887.12836
779.12189	888.18127
779.17395	895.02002
779.22607	894.54572
779.2782	889.84875
779.33032	893.59515
779.38239	895.70947
779.43451	890.97919
779.48663	889.55011
779.5387	890.17078
779.59082	889.44556
779.64294	887.99969
779.69507	889.25342
779.74713	890.96002
779.79926	892.97906
779.85138	892.19763
779.90344	885.00879
779.95557	893.23834
780.00769	889.00983
780.05981	894.41772
780.11188	894.57013
780.164	894.1308
780.21613	897.17706
780.26819	896.28351
780.32031	887.94409
780.37244	892.68512
780.4245	891.44177
780.47662	892.43872
780.52875	890.30652
780.58087	889.90045
780.63293	892.01874
780.68506	893.59198
780.73718	887.80463
780.78925	890.61743
780.84137	891.55994
780.89349	887.82495
780.94562	887.79492
780.99768	893.43964
781.0498	894.2428
781.10193	894.53723
781.15399	891.12988
781.20612	892.81934
781.25824	892.45911
781.31036	892.51514
781.36243	890.19818
781.41455	892.43817
781.46667	897.02094
781.51874	892.13824
781.57086	889.47748
781.62299	889.91998
781.67505	893.68567
781.72717	894.89807
781.7793	890.36749
781.83142	893.83563
781.88348	895.41705
781.93561	896.23352
781.98773	893.38977
782.03979	892.82428
782.09192	892.81433
782.14404	889.1311
782.19617	895.22632
782.24823	890.10406
782.30035	894.22919
782.35248	895.51587
782.40454	899.67706
782.45667	895.82098
782.50879	896.72504
782.56085	897.07776
782.61298	897.12366
782.6651	895.51111
782.71722	896.40704
782.76929	894.74969
782.82141	895.75165
782.87354	901.1217
782.9256	904.27167
782.97772	903.49701
783.02985	902.2428
783.08197	900.21869
783.13403	898.72986
783.18616	902.60956
783.23828	902.80615
783.29034	902.93665
783.34247	903.19989
783.39459	905.24548
783.44672	905.92566
783.49878	903.12714
783.5509	905.42426
783.60303	908.58038
783.65509	907.83655
783.70721	905.76941
783.75934	903.31085
783.8114	909.5329
783.86353	910.16608
783.91565	912.75317
783.96777	905.755
784.01984	902.94348
784.07196	904.45428
784.12408	903.63116
784.17615	903.49042
784.22827	906.11353
784.2804	907.32764
784.33252	901.38318
784.38458	914.14764
784.43671	908.64954
784.48883	907.91565
784.54089	907.90308
784.59302	909.44696
784.64514	912.41382
784.69727	913.24878
784.74933	919.10791
784.80145	908.77435
784.85358	912.42145
784.90564	909.34894
784.95776	915.41229
785.00989	910.00049
785.06195	913.46112
785.11407	913.87164
785.1662	913.86877
785.21832	913.63873
785.27039	912.25146
785.32251	911.53998
785.37463	914.29797
785.4267	911.66559
785.47882	911.21234
785.53094	916.01611
785.58307	913.59076
785.63513	912.73853
785.68726	914.33075
785.73938	910.94275
785.79144	913.73175
785.84357	915.67181
785.89569	914.6001
785.94775	913.13855
785.99988	908.12531
786.052	908.40955
786.10413	908.61646
786.15619	907.77246
786.20831	915.45593
786.26044	918.06134
786.3125	917.10583
786.36462	919.46698
786.41675	916.02832
786.46887	920.48907
786.52094	919.92566
786.57306	911.5813
786.62518	912.32672
786.67725	918.14172
786.72937	925.73358
786.78149	912.93378
786.83362	907.10754
786.88568	915.14941
786.93781	916.45551
786.98993	917.10266
787.04199	918.11725
787.09412	906.51855
787.14624	909.19843
787.1983	908.39795
787.25043	917.95532
787.30255	917.33783
787.35468	919.64917
787.40674	928.5556
787.45886	916.78619
787.51099	924.55884
787.56305	912.8844
787.61517	917.6712
787.6673	924.5589
787.71942	910.21838
787.77148	925.67328
787.82361	924.85138
787.87573	921.01678
787.9278	915.56104
787.97992	925.30383
788.03204	923.15552
788.08417	913.6767
788.13623	917.67175
788.18835	920.08386
788.24048	923.51044
788.29254	925.26538
788.34467	924.50079
788.39679	924.0567
788.44885	922.20319
788.50098	918.12158
788.5531	914.50348
788.60522	926.16541
788.65729	926.92639
788.70941	924.06696
788.76154	924.45319
788.8136	920.22516
788.86572	928.73187
788.91785	934.59344
788.96997	929.86993
789.02203	929.15735
789.07416	934.79797
789.12628	933.61877
789.17834	928.74786
789.23047	931.55249
789.28259	936.83362
789.33466	940.28235
789.38678	931.35254
789.4389	931.83319
789.49103	935.55554
789.54309	936.12885
789.59521	938.37415
789.64734	936.05048
789.6994	935.9071
789.75153	933.29761
789.80365	939.20166
789.85577	935.1391
789.90784	941.85486
789.95996	936.95001
790.01208	935.65393
790.06415	937.43396
790.11627	936.19379
790.1684	939.43488
790.22052	947.86328
790.27258	940.6496
790.32471	943.10193
790.37683	944.87677
790.42889	953.9787
790.48102	942.07739
790.53314	941.56091
790.58521	937.21942
790.63733	945.96088
790.68945	938.13684
790.74158	940.08856
790.79364	948.32916
790.84576	948.26984
790.89789	943.27161
790.94995	946.30072
791.00208	953.42102
791.0542	950.98907
791.10632	950.23083
791.15839	952.96759
791.21051	936.51587
791.26263	946.07434
791.3147	952.87372
791.36682	946.73163
791.41895	943.35583
791.47107	945.81036
791.52313	945.74225
791.57526	948.79791
791.62738	945.97931
791.67944	937.00378
791.73157	945.17505
791.78369	949.33911
791.83575	946.45959
791.88788	947.42242
791.94	942.82196
791.99213	943.07428
792.04419	942.76855
792.09631	937.56537
792.14844	929.7616
792.2005	938.75702
792.25262	941.13489
792.30475	941.07379
792.35687	942.59949
792.40894	941.04974
792.46106	943.6225
792.51318	941.63983
792.56525	939.72235
792.61737	938.61407
792.66949	934.99786
792.72162	941.5318
792.77368	944.25867
792.82581	947.68066
792.87793	930.98584
792.92999	933.30652
792.98212	938.83508
793.03424	938.4375
793.0863	942.35614
793.13843	938.66187
793.19055	944.0791
793.24268	938.54156
793.29474	939.97156
793.34686	941.75226
793.39899	950.15198
793.45105	941.24811
793.50317	951.29382
793.5553	938.71448
793.60742	938.01251
793.65948	939.45129
793.71161	942.90021
793.76373	944.39313
793.8158	943.58386
793.86792	937.48383
793.92004	952.53064
793.97211	957.7113
794.02423	949.07245
794.07635	940.12982
794.12848	952.45831
794.18054	960.72876
794.23267	958.94928
794.28479	960.57068
794.33685	958.17084
794.38898	952.44354
794.4411	951.52161
794.49323	955.72058
794.54529	961.8103
794.59741	953.70544
794.64954	951.4649
794.7016	950.97369
794.75372	952.74121
794.80585	958.65631
794.85797	948.88208
794.91003	945.09125
794.96216	945.8316
795.01428	956.22595
795.06635	953.34369
795.11847	955.62732
795.17059	957.22101
795.22266	953.21075
795.27478	953.99701
795.3269	957.75659
795.37903	956.98694
795.43109	952.75067
795.48322	949.53967
795.53534	949.77069
795.5874	954.12201
795.63953	959.69
795.69165	957.78723
795.74377	953.21564
795.79584	949.82556
795.84796	950.57428
795.90009	947.55878
795.95215	950.72748
796.00427	948.84003
796.0564	940.78259
796.10852	955.47144
796.16058	952.07416
796.21271	955.36194
796.26483	955.85529
796.31689	959.77008
796.36902	950.83813
796.42114	953.1062
796.47321	950.35718
796.52533	960.46021
796.57745	947.03101
796.62958	944.18134
796.68164	948.82867
796.73376	953.43652
796.78589	952.07153
796.83795	944.41895
796.89008	947.37561
796.9422	952.11383
796.99432	946.21552
797.04639	948.6524
797.09851	949.73181
797.15063	947.21161
797.2027	954.77777
797.25482	953.57385
797.30695	948.89142
797.35901	946.44861
797.41113	956.47296
797.46326	956.72198
797.51538	963.34875
797.56744	970.81049
797.61957	960.64899
797.67169	958.21344
797.72375	959.46564
797.77588	958.06659
797.828	954.78229
797.88013	958.82758
797.93219	967.4671
797.98431	966.89093
798.03644	953.95673
798.0885	971.23358
798.14063	953.68304
798.19275	975.41827
798.24487	966.25348
798.29694	961.13416
798.34906	959.5376
798.40118	955.53143
798.45325	945.61749
798.50537	963.90106
798.5575	957.02686
798.60956	958.46735
798.66168	946.47925
798.71381	942.91406
798.76593	955.92865
798.81799	953.93427
798.87012	952.10107
798.92224	957.41809
798.9743	950.02814
799.02643	951.10883
799.07855	948.71509
799.13068	946.65527
799.18274	951.34064
799.23486	950.61853
799.28699	951.0871
799.33905	948.09167
799.39117	948.53143
799.4433	946.30292
799.49542	943.80969
799.54749	941.80267
799.59961	943.2868
799.65173	944.61426
799.7038	943.13892
799.75592	948.8656
799.80804	942.8222
799.86011	946.63812
799.91223	944.42413
799.96436	940.39301
800.01648	947.82098
800.06854	945.70239
800.12067	953.09607
800.17279	952.39014
800.22485	950.26733
800.27698	949.64178
800.3291	961.39746
800.38123	957.74097
800.43329	959.97284
800.48541	954.80603
800.53754	964.84351
800.5896	963.25519
800.64172	954.05377
800.69385	961.23749
800.74597	967.92474
800.79803	964.99323
800.85016	962.30365
800.90228	955.66125
800.95435	968.50305
801.00647	969.1366
801.05859	974.76886
801.11066	969.72748
801.16278	975.10944
801.2149	978.48877
801.26703	979.37152
801.31909	979.49512
801.37122	969.01324
801.42334	976.1283
801.4754	978.25604
801.52753	979.12299
801.57965	976.06781
801.63177	974.65985
801.68384	985.27997
801.73596	982.05432
801.78809	977.04877
801.84015	979.67804
801.89227	984.85364
801.9444	983.82153
801.99646	980.7041
802.04858	977.62219
802.10071	977.3194
802.15283	975.0307
802.2049	980.62372
802.25702	989.93396
802.30914	985.7049
802.36121	977.09583
802.41333	971.76227
802.46545	968.36108
802.51758	969.89386
802.56964	979.30511
802.62177	971.14484
802.67389	971.65649
802.72595	965.76465
802.77808	965.53436
802.8302	978.45587
802.88232	976.60626
802.93439	959.18573
802.98651	976.72827
803.03864	968.27472
803.0907	965.02557
803.14282	961.01709
803.19495	961.37408
803.24701	952.953
803.29913	961.35889
803.35126	961.00275
803.40338	962.74219
803.45544	955.63403
803.50757	962.51105
803.55969	960.83722
803.61176	966.93781
803.66388	967.62769
803.716	968.23871
803.76813	964.04272
803.82019	957.35022
803.87231	954.63092
803.92444	955.71167
803.9765	965.39844
804.02863	960.15216
804.08075	955.07977
804.13287	962.81769
804.18494	967.62378
804.23706	962.58936
804.28918	961.65729
804.34125	968.56195
804.39337	972.51569
804.4455	969.91309
804.49756	971.32605
804.54968	972.51025
804.60181	967.96326
804.65393	974.93536
804.70599	979.15149
804.75812	981.7439
804.81024	980.81317
804.8623	978.44647
804.91443	982.52606
804.96655	977.35675
805.01868	971.40253
805.07074	976.84534
805.12286	977.97943
805.17499	977.36292
805.22705	981.88281
805.27917	978.46039
805.3313	992.34119
805.38336	993.80725
805.43549	994.22101
805.48761	974.789
805.53973	967.43402
805.5918	979.18103
805.64392	995.62927
805.69604	988.41388
805.74811	992.58929
805.80023	989.3269
805.85236	979.23456
805.90448	980.37854
805.95654	986.59216
806.00867	976.37006
806.06079	973.77191
806.11285	982.81219
806.16498	987.68774
806.2171	976.86584
806.26923	982.53864
806.32129	971.93127
806.37341	975.69006
806.42554	977.17749
806.4776	974.89532
806.52972	976.64972
806.58185	984.36511
806.63391	980.53107
806.68604	972.91998
806.73816	973.42841
806.79028	974.95123
806.84235	980.68231
806.89447	976.39642
806.94659	971.68512
806.99866	979.4389
807.05078	983.97839
807.10291	980.31586
807.15503	973.1825
807.20709	974.43591
807.25922	979.34741
807.31134	979.92328
807.3634	977.76514
807.41553	977.1488
807.46765	988.7417
807.51978	979.31134
807.57184	989.73029
807.62396	976.09924
807.67609	971.8537
807.72815	982.13037
807.78027	989.2085
807.8324	983.87946
807.88446	980.19257
807.93658	974.12775
807.98871	975.71198
808.04083	961.51282
808.0929	978.64984
808.14502	973.45984
808.19714	982.1908
808.24921	984.99835
808.30133	975.1817
808.35345	975.59741
808.40558	975.90662
808.45764	978.13293
808.50977	979.0509
808.56189	972.27734
808.61395	978.13037
808.66608	983.87048
808.7182	971.92773
808.77026	966.28375
808.82239	972.61377
808.87451	972.4267
808.92664	966.56592
808.9787	970.47498
809.03082	971.19458
809.08295	961.99506
809.13501	965.24841
809.18713	966.20715
809.23926	960.76154
809.29138	969.81122
809.34344	972.9361
809.39557	966.8526
809.44769	971.21185
809.49976	971.08331
809.55188	965.96411
809.604	964.52881
809.65613	959.58875
809.70819	965.45471
809.76031	953.42151
809.81244	962.87103
809.8645	962.53302
809.91663	947.56873
809.96875	951.80157
810.02081	946.97705
810.07294	966.34857
810.12506	956.84509
810.17719	974.3371
810.22925	964.43567
810.28137	960.85553
810.3335	970.01923
810.38556	970.19055
810.43768	965.47247
810.48981	953.24121
810.54193	955.28558
810.59399	955.55267
810.64612	951.08594
810.69824	957.33398
810.75031	951.07941
810.80243	955.68286
810.85455	957.1922
810.90668	955.02643
810.95874	958.08838
811.01086	949.43945
811.06299	945.73889
811.11505	957.88666
811.16718	953.41406
811.2193	948.61139
811.27136	954.38495
811.32349	955.42834
811.37561	951.22321
811.42773	955.66742
811.4798	961.06219
811.53192	956.52649
811.58405	952.05096
811.63611	956.7381
811.68823	952.20526
811.74036	949.79968
811.79248	950.40881
811.84454	954.85352
811.89667	958.31537
811.94879	955.74615
812.00085	953.6792
812.05298	953.39459
812.1051	962.85663
812.15723	953.33563
812.20929	950.07013
812.26141	957.33508
812.31354	952.14941
812.3656	956.2818
812.41772	958.37683
812.46985	959.37164
812.52191	959.07056
812.57404	953.06805
812.62616	949.31415
812.67828	947.88629
812.73035	943.2561
812.78247	956.25592
812.83459	948.82666
812.88666	944.26324
812.93878	956.53772
812.99091	955.60834
813.04303	964.7984
813.09509	954.99408
813.14722	954.1557
813.19934	946.42493
813.2514	944.9043
813.30353	954.75922
813.35565	945.9978
813.40771	941.00531
813.45984	946.38684
813.51196	944.50208
813.56409	946.53839
813.61615	955.4151
813.66827	954.57574
813.7204	943.68604
813.77246	945.74017
813.82458	951.77173
813.87671	944.54773
813.92883	947.77271
813.9809	951.87195
814.03302	944.82867
814.08514	947.28986
814.13721	951.16284
814.18933	946.8645
814.24146	949.56653
814.29358	954.17462
814.34564	952.98657
814.39777	940.86005
814.44989	945.8703
814.50195	948.1889
814.55408	940.84723
814.6062	948.30603
814.65826	952.04443
814.71039	946.90234
814.76251	949.849
814.81464	954.7594
814.8667	943.95331
814.91882	951.41864
814.97095	949.27631
815.02301	947.43982
815.07513	945.4361
815.12726	938.27936
815.17938	946.89758
815.23145	952.80219
815.28357	951.21252
815.33569	950.79498
815.38776	948.21167
815.43988	948.41052
815.492	947.42108
815.54413	940.492
815.59619	940.16803
815.64832	943.93829
815.70044	939.08838
815.7525	938.57019
815.80463	940.55328
815.85675	945.08832
815.90881	948.93262
815.96094	951.95386
816.01306	944.4093
816.06519	941.92291
816.11725	943.03369
816.16937	941.2984
816.2215	942.2113
816.27356	940.66919
816.32568	946.73969
816.37781	933.7536
816.42993	942.49243
816.48199	943.70325
816.53412	947.79724
816.58624	942.4657
816.63831	949.42993
816.69043	940.6723
816.74255	939.2652
816.79462	944.62677
816.84674	935.05487
816.89886	947.94379
816.95099	954.23743
817.00305	943.6864
817.05518	940.77942
817.1073	939.21509
817.15936	942.58685
817.21149	952.98914
817.26361	949.64001
817.31573	943.37665
817.3678	944.39496
817.41992	937.77313
817.47205	940.8764
817.52411	945.0014
817.57623	944.5119
817.62836	944.19861
817.68048	941.90967
817.73254	944.05524
817.78467	943.93408
817.83679	943.57904
817.88885	945.21863
817.94098	944.86981
817.9931	947.55493
818.04517	951.65155
818.09729	948.35876
818.14941	946.40887
818.20154	948.36285
818.2536	947.18695
818.30573	938.05078
818.35785	941.93225
818.40991	947.24854
818.46204	950.58911
818.51416	943.61371
818.56628	940.74023
818.61835	940.07227
818.67047	940.9812
818.7226	948.83301
818.77466	935.53265
818.82678	951.52313
818.87891	951.36627
818.93103	949.73798
818.98309	963.33868
819.03522	951.99359
819.08734	946.46399
819.1394	955.30811
819.19153	957.98273
819.24365	953.54181
819.29572	954.67505
819.34784	959.13208
819.39996	946.6676
819.45209	945.10931
819.50415	956.09595
819.55627	948.45441
819.6084	945.57196
819.66046	942.80829
819.71259	939.05609
819.76471	939.66827
819.81683	948.35687
819.8689	947.18951
819.92102	945.23779
819.97314	955.12677
820.02521	949.64331
820.07733	951.11902
820.12946	951.1333
820.18152	955.50818
820.23364	947.35284
820.28577	944.79669
820.33789	944.67273
820.38995	942.45343
820.44208	953.39667
820.4942	946.64117
820.54626	944.92883
820.59839	945.37439
820.65051	945.88397
820.70264	953.0285
820.7547	945.62665
820.80682	952.91412
820.85895	949.74249
820.91101	943.87732
820.96313	952.71405
821.01526	955.16602
821.06738	943.81879
821.11945	941.91614
821.17157	949.81122
821.22369	937.65509
821.27576	947.19147
821.32788	952.36139
821.38	942.74042
821.43207	947.06842
821.48419	946.88434
821.53632	946.41858
821.58844	940.75092
821.6405	940.23889
821.69263	941.94312
821.74475	941.04694
821.79681	944.62958
821.84894	942.33685
821.90106	945.95447
821.95319	943.91071
822.00525	949.43011
822.05737	944.59747
822.1095	940.1217
822.16156	941.34021
822.21368	944.15021
822.26581	943.50916
822.31793	939.80536
822.37	957.22162
822.42212	942.51135
822.47424	951.59814
822.52631	963.36017
822.57843	955.49237
822.63055	945.17139
822.68262	950.42444
822.73474	940.66058
822.78687	932.86145
822.83899	955.57428
822.89105	944.36932
822.94318	946.33856
822.9953	953.34424
823.04736	953.41522
823.09949	950.86456
823.15161	951.99744
823.20374	952.92633
823.2558	945.28192
823.30792	949.8913
823.36005	950.7655
823.41211	952.6629
823.46423	946.27557
823.51636	951.45074
823.56848	955.4444
823.62054	954.22424
823.67267	959.97943
823.72479	959.07788
823.77686	952.77826
823.82898	951.15509
823.8811	950.94525
823.93317	949.97382
823.98529	954.25781
824.03741	955.29187
824.08954	952.76379
824.1416	953.0993
824.19373	956.57349
824.24585	958.46344
824.29791	959.10547
824.35004	955.66089
824.40216	957.9895
824.45428	958.29236
824.50635	951.67566
824.55847	957.44983
824.6106	961.90607
824.66266	949.34778
824.71478	953.10834
824.76691	953.22876
824.81897	958.61194
824.87109	956.85486
824.92322	966.41058
824.97534	957.67389
825.0274	953.54224
825.07953	953.51648
825.13165	957.38556
825.18372	955.73083
825.23584	953.54944
825.28796	954.69769
825.34009	960.0932
825.39215	953.33813
825.44427	953.44696
825.4964	961.45972
825.54846	966.4845
825.60059	964.18506
825.65271	960.33099
825.70483	958.32715
825.7569	965.48352
825.80902	967.09351
825.86115	958.32129
825.91321	955.13879
825.96533	948.65131
826.01746	953.13367
826.06952	960.51587
826.12164	951.68091
826.17377	956.10339
826.22589	949.27942
826.27795	952.71783
826.33008	958.8667
826.3822	959.51776
826.43427	954.57941
826.48639	960.56128
826.53851	955.94012
826.59064	979.19299
826.6427	958.86047
826.69482	956.03149
826.74695	958.26843
826.79901	960.03705
826.85114	956.82733
826.90326	954.54388
826.95538	953.97766
827.00745	956.65576
827.05957	955.83832
827.11169	956.19495
827.16376	957.01843
827.21588	959.05359
827.26801	961.68732
827.32007	954.61853
827.37219	953.90131
827.42432	957.12592
827.47644	962.56866
827.5285	959.73932
827.58063	960.94464
827.63275	960.23737
827.68481	962.92053
827.73694	958.96826
827.78906	955.19189
827.84119	956.52795
827.89325	953.84009
827.94537	957.53955
827.9975	957.9903
828.04956	954.37451
828.10168	954.11578
828.15381	959.16815
828.20587	957.21356
828.258	953.26611
828.31012	961.7251
828.36224	959.0863
828.41431	957.96881
828.46643	947.93549
828.51855	948.41388
828.57062	955.41632
828.62274	954.8858
828.67487	952.94293
828.72699	955.54639
828.77905	952.263
828.83118	952.22083
828.8833	953.17932
828.93536	953.44641
828.98749	942.09839
829.03961	947.77307
829.09174	949.90881
829.1438	943.31543
829.19592	940.63733
829.24805	945.77942
829.30011	945.73352
829.35223	948.20612
829.40436	941.95477
829.45642	942.32379
829.50854	945.54755
829.56067	940.44568
829.61279	937.38696
829.66486	944.41974
829.71698	945.31854
829.7691	940.41125
829.82117	938.85651
829.87329	939.91608
829.92542	934.33478
829.97754	944.5545
830.0296	942.76276
830.08173	934.57996
830.13385	935.1897
830.18591	932.61517
830.23804	937.1889
830.29016	933.3891
830.34229	934.47333
830.39435	932.448
830.44647	932.41388
830.4986	933.43439
830.55066	939.85339
830.60278	934.80231
830.65491	931.19031
830.70697	938.69348
830.75909	935.26727
830.81122	933.97559
830.86334	939.11047
830.91541	935.93085
830.96753	932.45892
831.01965	928.66547
831.07172	932.71143
831.12384	935.19067
831.17596	930.39661
831.22809	929.56219
831.28015	926.59296
831.33228	926.60925
831.3844	929.3891
831.43646	925.26385
831.48859	926.37854
831.54071	930.09711
831.59277	931.46545
831.6449	928.30835
831.69702	923.18835
831.74915	923.26514
831.80121	928.36401
831.85333	926.6228
831.90546	924.9599
831.95752	926.01587
832.00964	926.69122
832.06177	924.56244
832.11389	922.45123
832.16595	931.03821
832.21808	930.80029
832.2702	934.14301
832.32227	921.82581
832.37439	932.58618
832.42651	923.61633
832.47864	921.32776
832.5307	930.31244
832.58282	931.33234
832.63495	932.74554
832.68701	935.13208
832.73914	929.03516
832.79126	928.91211
832.84332	931.48187
832.89545	931.56592
832.94757	933.25452
832.99969	931.57434
833.05176	929.5766
833.10388	927.30389
833.15601	938.73376
833.20807	934.44604
833.26019	929.22552
833.31232	929.77155
833.36444	934.0318
833.4165	933.86108
833.46863	939.17114
833.52075	934.50024
833.57281	930.21521
833.62494	939.1449
833.67706	940.08099
833.72919	932.08813
833.78125	937.60754
833.83337	948.6142
833.8855	942.69244
833.93756	944.31415
833.98969	955.06525
834.04181	951.6842
834.09387	941.41754
834.146	949.56421
834.19812	955.00671
834.25024	961.5636
834.30231	956.92084
834.35443	965.07056
834.40656	977.60315
834.45862	973.87317
834.51074	960.04181
834.56287	969.99573
834.61499	965.85278
834.66705	983.36713
834.71918	979.29681
834.7713	997.90265
834.82336	995.85187
834.87549	995.45038
834.92761	1005.2614
834.97974	1009.9537
835.0318	1014.764
835.08392	1020.2681
835.13605	1032.298
835.18811	1038.9009
835.24023	1043.6091
835.29236	1060.8632
835.34442	1055.4786
835.39655	1069.0256
835.44867	1081.2212
835.50079	1082.7682
835.55286	1090.2269
835.60498	1089.1844
835.6571	1089.7252
835.70917	1100.5072
835.76129	1096.2343
835.81342	1113.1199
835.86554	1123.3966
835.9176	1131.9906
835.96973	1125.0988
836.02185	1118.9188
836.07391	1125.8856
836.12604	1133.3778
836.17816	1132.5791
836.23022	1122.8745
836.28235	1128.4503
836.33447	1145.6676
836.3866	1162.9644
836.43866	1149.9385
836.49078	1128.3151
836.54291	1119.2159
836.59497	1130.787
836.64709	1135.2246
836.69922	1124.8505
836.75134	1148.105
836.80341	1131.8081
836.85553	1120.0652
836.90765	1137.1702
836.95972	1119.3386
837.01184	1145.8892
837.06396	1140.9608
837.11609	1134.7518
837.16815	1119.1831
837.22028	1131.0305
837.2724	1143.1377
837.32446	1132.0234
837.37659	1128.4613
837.42871	1140.371
837.48077	1130.6072
837.5329	1134.7809
837.58502	1138.0245
837.63715	1151.8738
837.68921	1155.4299
837.74133	1156.823
837.79346	1156.101
837.84552	1169.6971
837.89764	1182.9656
837.94977	1188.2397
838.00189	1208.1669
838.05396	1223.8146
838.10608	1245.0426
838.1582	1257.2015
838.21027	1295.1533
838.26239	1323.7318
838.31451	1361.5137
838.36664	1369.818
838.4187	1407.2358
838.47083	1421.7726
838.52295	1481.1842
838.57501	1481.1805
838.62714	1532.1653
838.67926	1542.6212
838.73132	1544.6071
838.78345	1567.0715
838.83557	1578.7974
838.8877	1570.9857
838.93976	1594.2612
838.99188	1580.1621
839.04401	1610.8009
839.09607	1573.0858
839.14819	1568.7273
839.20032	1547.9829
839.25244	1530.7242
839.3045	1519.6517
839.35663	1490.8058
839.40875	1474.9675
839.46082	1474.1204
839.51294	1446.7944
839.56506	1439.6548
839.61713	1413.2231
839.66925	1379.7162
839.72137	1375.0337
839.7735	1368.7261
839.82556	1353.4362
839.87769	1357.9108
839.92981	1357.9354
839.98187	1325.3995
840.034	1326.6029
840.08612	1319.3652
840.13824	1305.7856
840.19031	1298.1973
840.24243	1300.6569
840.29456	1296.7446
840.34662	1295.3501
840.39874	1317.5837
840.45087	1335.4042
840.50299	1309.8126
840.55505	1320.3253
840.60718	1329.8276
840.6593	1328.2208
840.71136	1336.0564
840.76349	1339.3865
840.81561	1352.1033
840.86768	1363.2483
840.9198	1357.1046
840.97192	1382.666
841.02405	1370.7869
841.07611	1329.407
841.12823	1385.2294
841.18036	1373.8639
841.23242	1354.6405
841.28455	1346.7975
841.33667	1328.9595
841.38879	1354.4061
841.44086	1343.3602
841.49298	1334.3513
841.5451	1335.3152
841.59717	1320.2521
841.64929	1302.1654
841.70142	1313.6407
841.75354	1303.3676
841.8056	1310.1426
841.85773	1288.3329
841.90985	1295.3843
841.96191	1299.7526
842.01404	1273.4005
842.06616	1259.7684
842.11823	1262.3932
842.17035	1264.3944
842.22247	1259.9409
842.2746	1245.4547
842.32666	1244.0038
842.37878	1237.7496
842.43091	1230.5422
842.48297	1240.8997
842.5351	1232.2966
842.58722	1257.0557
842.63934	1257.1801
842.69141	1266.6862
842.74353	1267.1604
842.79565	1247.1445
842.84772	1254.7864
842.89984	1270.3524
842.95197	1265.1207
843.00403	1266.3906
843.05615	1254.8712
843.10828	1272.8816
843.1604	1285.1013
843.21246	1288.7405
843.26459	1254.3529
843.31671	1289.3945
843.36877	1268.447
843.4209	1289.8778
843.47302	1272.2506
843.52515	1289.7463
843.57721	1296.1804
843.62933	1288.9822
843.68146	1275.4558
843.73352	1271.1062
843.78564	1263.3893
843.83777	1269.3217
843.88989	1267.3619
843.94196	1252.3839
843.99408	1246.6339
844.0462	1247.1842
844.09827	1247.6351
844.15039	1254.8652
844.20251	1242.026
844.25458	1230.9138
844.3067	1241.7512
844.35883	1252.4089
844.41095	1241.6461
844.46301	1230.4592
844.51514	1237.1355
844.56726	1251.3339
844.61932	1262.0155
844.67145	1255.6227
844.72357	1253.2773
844.7757	1250.5342
844.82776	1251.1353
844.87988	1230.6056
844.93201	1275.0017
844.98407	1268.0377
845.03619	1278.6417
845.08832	1292.4327
845.14044	1278.931
845.1925	1300.8983
845.24463	1252.9615
845.29675	1254.7352
845.34882	1248.1108
845.40094	1261.075
845.45306	1269.7583
845.50513	1269.5933
845.55725	1267.5114
845.60938	1254.4359
845.6615	1257.223
845.71356	1254.2655
845.76569	1227.7012
845.81781	1227.302
845.86987	1219.2964
845.922	1209.7383
845.97412	1232.1038
846.02625	1233.0295
846.07831	1207.1686
846.13043	1194.2986
846.18256	1181.9613
846.23462	1194.0021
846.28674	1204.1508
846.33887	1184.3347
846.39099	1198.647
846.44305	1193.1096
846.49518	1185.2784
846.5473	1175.2634
846.59937	1161.2092
846.65149	1162.2504
846.70361	1175.3882
846.75568	1187.9683
846.8078	1180.7144
846.85992	1174.4641
846.91205	1174.6128
846.96411	1181.082
847.01624	1187.3281
847.06836	1165.1632
847.12042	1170.134
847.17255	1158.2689
847.22467	1162.6912
847.27679	1162.4364
847.32886	1166.7109
847.38098	1176.1107
847.43311	1172.7836
847.48517	1177.3966
847.53729	1168.4919
847.58942	1173.1615
847.64148	1190.5532
847.6936	1182.9121
847.74573	1181.5848
847.79785	1196.326
847.84991	1196.3528
847.90204	1196.947
847.95416	1191.1472
848.00623	1185.5951
848.05835	1192.0973
848.11047	1190.3845
848.1626	1187.1755
848.21466	1177.5233
848.26678	1173.1018
848.31891	1183.6133
848.37097	1193.5769
848.4231	1182.5731
848.47522	1175.7738
848.52734	1171.2588
848.57941	1172.8956
848.63153	1162.7794
848.68365	1150.8992
848.73572	1159.5282
848.78784	1170.8738
848.83997	1148.8806
848.89203	1151.7609
848.94415	1159.0033
848.99628	1136.0067
849.0484	1151.0646
849.10046	1139.6205
849.15259	1115.1023
849.20471	1136.6208
849.25677	1118.8798
849.3089	1123.0846
849.36102	1129.0015
849.41315	1138.9519
849.46521	1136.1697
849.51733	1112.4351
849.56946	1103.8323
849.62152	1106.3175
849.67365	1122.3198
849.72577	1124.4061
849.77789	1105.713
849.82996	1104.7072
849.88208	1124.2169
849.9342	1115.3055
849.98627	1114.9766
850.03839	1113.9602
850.09052	1105.8475
850.14258	1089.8168
850.1947	1100.869
850.24683	1089.8342
850.29895	1102.295
850.35101	1104.0697
850.40314	1100.3623
850.45526	1099.4976
850.50732	1095.4464
850.55945	1081.3164
850.61157	1098.8031
850.6637	1102.1488
850.71576	1098.1324
850.76788	1087.5583
850.82001	1085.0732
850.87207	1078.5454
850.92419	1073.2374
850.97632	1092.3674
851.02838	1076.9774
851.08051	1083.6859
851.13263	1090.5649
851.18475	1050.1799
851.23682	1076.2019
851.28894	1075.5321
851.34106	1057.8175
851.39313	1060.3387
851.44525	1048.8177
851.49738	1035.3881
851.5495	1027.3895
851.60156	1044.6356
851.65369	1050.5465
851.70581	1033.337
851.75787	1027.42
851.81	1025.2013
851.86212	1024.2743
851.91425	1024.6963
851.96631	1008.5235
852.01843	1003.2311
852.07056	1017.0656
852.12262	1016.6278
852.17474	1008.7671
852.22687	995.784
852.27893	995.25287
852.33105	1000.2249
852.38318	1003.7014
852.4353	1004.8503
852.48737	1001.0123
852.53949	985.54755
852.59161	981.83948
852.64368	986.08612
852.6958	973.67169
852.74792	988.58582
852.80005	983.32581
852.85211	963.13
852.90424	982.09937
852.95636	967.25684
853.00842	963.85443
853.06055	966.07166
853.11267	980.85931
853.16479	966.4021
853.21686	958.03979
853.26898	961.9563
853.32111	950.55682
853.37317	956.59943
853.42529	959.44604
853.47742	957.8396
853.52948	957.61945
853.5816	949.7489
853.63373	947.51587
853.68585	943.49701
853.73792	953.22192
853.79004	949.94965
853.84216	948.3031
853.89423	944.453
853.94635	940.78687
853.99847	939.31665
854.0506	940.64197
854.10266	951.00568
854.15479	956.07312
854.20691	945.43335
854.25897	943.2262
854.3111	934.56769
854.36322	942.77863
854.41534	931.42548
854.46741	939.69995
854.51953	937.5022
854.57166	946.42462
854.62372	934.48505
854.67584	939.30371
854.72797	931.94519
854.78003	926.70972
854.83215	931.68451
854.88428	931.76007
854.9364	933.33984
854.98846	934.73883
855.04059	932.47437
855.09271	938.3446
855.14478	928.70422
855.1969	934.15271
855.24902	924.28149
855.30115	928.10437
855.35321	928.229
855.40533	919.32904
855.45746	923.6413
855.50952	929.33838
855.56165	930.97351
855.61377	925.17212
855.66583	927.26093
855.71796	921.84534
855.77008	920.95654
855.8222	922.39758
855.87427	922.31647
855.92639	918.07587
855.97852	919.49933
856.03058	923.97314
856.0827	921.92041
856.13483	924.26794
856.18695	916.0498
856.23901	920.60962
856.29114	922.17334
856.34326	924.62689
856.39532	916.73981
856.44745	921.00934
856.49957	915.96118
856.5517	920.86322
856.60376	921.55786
856.65588	914.6806
856.70801	920.78027
856.76007	924.85443
856.81219	920.67084
856.86432	906.94525
856.91638	918.95813
856.96851	916.99323
857.02063	913.97052
857.07275	927.78839
857.12482	927.56927
857.17694	913.21393
857.22906	912.85571
857.28113	912.05121
857.33325	912.67377
857.38538	917.9317
857.4375	911.2569
857.48956	909.01025
857.54169	914.72028
857.59381	912.95416
857.64587	912.77417
857.698	913.58386
857.75012	911.47791
857.80225	906.37341
857.85431	913.03223
857.90643	912.69324
857.95856	912.08209
858.01062	905.13605
858.06274	904.16248
858.11487	908.19141
858.16693	914.53296
858.21906	908.34656
858.27118	910.19666
858.3233	907.60394
858.37537	912.80188
858.42749	905.44293
858.47961	906.86548
858.53168	905.2757
858.5838	910.70032
858.63593	911.78217
858.68805	901.26935
858.74011	908.01538
858.79224	903.70203
858.84436	903.5022
858.89642	906.87177
858.94855	907.93195
859.00067	901.54858
859.05273	902.18219
859.10486	899.35089
859.15698	899.98718
859.20911	905.04688
859.26117	902.56976
859.31329	902.38708
859.36542	910.65533
859.41748	908.41901
859.4696	906.6087
859.52173	903.59186
859.57385	902.62738
859.62592	905.88757
859.67804	905.07928
859.73016	902.13226
859.78223	903.64221
859.83435	906.32916
859.88647	902.29187
859.9386	900.04749
859.99066	904.25055
860.04279	904.367
860.09491	907.15259
860.14697	901.96075
860.1991	906.80597
860.25122	904.69275
860.30328	901.27515
860.35541	901.30756
860.40753	905.81232
860.45966	902.14386
860.51172	901.38232
860.56384	901.78809
860.61597	904.67487
860.66803	909.72083
860.72015	898.92755
860.77228	902.90686
860.8244	905.04871
860.87646	896.15631
860.92859	898.65143
860.98071	902.15826
861.03278	904.21423
861.0849	903.97931
861.13702	905.71234
861.18915	906.5387
861.24121	907.03668
861.29333	895.35699
861.34546	898.26398
861.39752	901.66656
861.44965	898.93243
861.50177	898.59692
861.55383	896.38751
861.60596	904.19104
861.65808	904.53638
861.71021	899.8689
861.76227	900.10291
861.81439	897.88257
861.86652	906.79309
861.91858	897.32257
861.9707	897.8363
862.02283	905.68713
862.07495	905.48901
862.12701	902.74902
862.17914	899.59222
862.23126	900.90961
862.28333	893.97534
862.33545	892.87781
862.38757	899.18005
862.43964	899.50293
862.49176	897.77136
862.54388	897.17896
862.59601	895.63196
862.64807	901.93903
862.7002	901.86047
862.75232	895.5556
862.80438	892.88763
862.85651	897.36395
862.90863	899.0907
862.96075	899.73474
863.01282	901.91547
863.06494	903.289
863.11707	904.81738
863.16913	906.67743
863.22125	900.78748
863.27338	895.1181
863.3255	893.29309
863.37756	902.6933
863.42969	900.26599
863.48181	897.79492
863.53387	891.10352
863.586	897.75317
863.63812	895.60944
863.69019	905.86261
863.74231	894.52826
863.79443	903.83875
863.84656	906.29626
863.89862	899.29175
863.95074	894.12811
864.00287	894.06091
864.05493	901.23755
864.10706	898.01849
864.15918	895.80713
864.2113	896.29736
864.26337	899.79272
864.31549	895.22028
864.36761	891.73242
864.41968	891.35223
864.4718	890.27917
864.52393	892.55194
864.57605	893.66547
864.62811	895.06769
864.68024	890.70227
864.73236	889.02435
864.78442	894.46448
864.83655	895.45441
864.88867	896.07361
864.94073	896.10828
864.99286	892.05585
865.04498	896.28357
865.09711	897.89764
865.14917	891.39258
865.20129	893.64587
865.25342	897.72052
865.30548	900.38574
865.3576	899.95258
865.40973	896.95288
865.46185	896.9176
865.51392	896.16229
865.56604	893.00281
865.61816	890.48633
865.67023	892.5907
865.72235	890.89905
865.77448	897.55304
865.8266	895.86255
865.87866	893.79681
865.93079	891.90253
865.98291	893.71747
866.03497	895.77759
866.0871	891.90601
866.13922	893.53693
866.19128	895.64783
866.24341	895.63062
866.29553	894.2699
866.34766	891.01813
866.39972	890.00787
866.45184	891.68994
866.50397	892.03442
866.55603	890.79865
866.60815	891.11853
866.66028	890.58643
866.7124	895.63422
866.76447	889.28107
866.81659	892.2262
866.86871	893.30463
866.92078	895.68933
866.9729	889.07275
867.02502	897.83826
867.07709	897.59174
867.12921	889.98853
867.18134	892.37738
867.23346	892.57654
867.28552	891.29211
867.33765	894.66718
867.38977	898.53534
867.44183	897.43146
867.49396	891.95007
867.54608	891.67755
867.59821	892.02777
867.65027	897.93744
867.70239	899.84259
867.75452	894.74933
867.80658	892.78705
867.8587	893.79089
867.91083	893.44135
867.96295	888.0238
868.01501	888.66467
868.06714	895.36609
868.11926	892.13715
868.17133	892.38306
868.22345	891.58173
868.27557	898.32379
868.32764	892.46747
868.37976	890.65753
868.43188	888.6131
868.48401	892.22089
868.53607	893.65247
868.5882	888.99323
868.64032	889.21948
868.69238	898.22021
868.74451	897.48218
868.79663	892.02905
868.84875	889.87549
868.90082	891.48993
868.95294	891.49371
869.00507	885.02856
869.05713	893.37555
869.10925	894.92511
869.16138	890.9375
869.2135	893.54449
869.26556	890.0011
869.31769	896.34467
869.36981	894.55988
869.42188	887.05121
869.474	892.84467
869.52612	893.50555
869.57819	890.16455
869.63031	890.16095
869.68243	895.11218
869.73456	894.89777
869.78662	891.09967
869.83875	891.57806
869.89087	889.15063
869.94293	885.40802
869.99506	891.13715
870.04718	896.85693
870.0993	891.04913
870.15137	897.40125
870.20349	885.40637
870.25562	889.97565
870.30768	897.56903
870.3598	890.80426
870.41193	894.86108
870.46399	886.08478
870.51611	894.46411
870.56824	893.26025
870.62036	892.19312
870.67242	895.28638
870.72455	895.73169
870.77667	888.94769
870.82874	886.5603
870.88086	893.73883
870.93298	897.11896
870.98511	889.14355
871.03717	889.78204
871.08929	894.05212
871.14142	889.57501
871.19348	886.72485
871.24561	889.8197
871.29773	891.04565
871.34985	891.69672
871.40192	889.6308
871.45404	890.33612
871.50616	893.66614
871.55823	890.60187
871.61035	885.43188
871.66248	882.39307
871.71454	890.40741
871.76666	890.13818
871.81879	890.95862
871.87091	891.9873
871.92297	889.46527
871.9751	887.18719
872.02722	891.15424
872.07928	892.76575
872.13141	890.18829
872.18353	885.75238
872.23566	889.30188
872.28772	896.51556
872.33984	891.28156
872.39197	888.69623
872.44403	889.53589
872.49615	892.58588
872.54828	891.70544
872.6004	890.98438
872.65247	890.21979
872.70459	894.18762
872.75671	890.20459
872.80878	886.5816
872.8609	887.45209
872.91302	890.98938
872.96509	889.07611
873.01721	888.93439
873.06934	888.09973
873.12146	889.79376
873.17352	891.09882
873.22565	887.55621
873.27777	885.85809
873.32983	892.99799
873.38196	892.54382
873.43408	888.18311
873.48621	890.75751
873.53827	887.6889
873.59039	890.10181
873.64252	886.92133
873.69458	889.04974
873.7467	889.84149
873.79883	889.15314
873.85089	889.16754
873.90302	890.94568
873.95514	893.88171
874.00726	891.26349
874.05933	892.22894
874.11145	893.30328
874.16357	892.36487
874.21564	890.68268
874.26776	890.06818
874.31989	890.1391
874.37201	892.17902
874.42407	887.62286
874.4762	884.69781
874.52832	889.95563
874.58038	888.85596
874.63251	889.61938
874.68463	885.31915
874.73676	886.56012
874.78882	891.15515
874.84094	886.19513
874.89307	891.6261
874.94513	892.06531
874.99725	891.07385
875.04938	885.96594
875.10144	886.60773
875.15356	891.54303
875.20569	889.44818
875.25781	885.20001
875.30988	886.85687
875.362	888.46094
875.41412	887.77539
875.46619	886.065
875.51831	888.08716
875.57043	891.73096
875.62256	890.3783
875.67462	888.73297
875.72675	887.39929
875.77887	887.77313
875.83093	888.60425
875.88306	888.32819
875.93518	885.44098
875.9873	886.6767
876.03937	886.70081
876.09149	886.72522
876.14362	886.05029
876.19568	893.52094
876.2478	888.56531
876.29993	882.23071
876.35199	888.63849
876.40411	889.55969
876.45624	887.35065
876.50836	886.08612
876.56042	893.14691
876.61255	890.24915
876.66467	889.3186
876.71674	888.27557
876.76886	889.53625
876.82098	888.42456
876.87311	885.49683
876.92517	888.32196
876.97729	887.09845
877.02942	887.82861
877.08148	887.35187
877.13361	886.85132
877.18573	888.75385
877.23785	888.50977
877.28992	886.58313
877.34204	887.08252
877.39417	889.08557
877.44623	891.22772
877.49835	888.75098
877.55048	886.26495
877.60254	891.16339
877.65466	890.53436
877.70679	886.48889
877.75891	889.22089
877.81097	891.04419
877.8631	886.65094
877.91522	887.40918
877.96729	891.67303
878.01941	891.64893
878.07153	895.53046
878.12366	885.98987
878.17572	886.92303
878.22784	892.86011
878.27997	885.54297
878.33203	884.71478
878.38416	891.57813
878.43628	892.22504
878.48834	888.90338
878.54047	887.38116
878.59259	884.18103
878.64471	888.19281
878.69678	889.98383
878.7489	886.49524
878.80103	886.20886
878.85309	885.79755
878.90521	885.12866
878.95734	882.66321
879.00946	888.12122
879.06152	892.15247
879.11365	883.79736
879.16577	884.0567
879.21783	887.18494
879.26996	886.22546
879.32208	885.03424
879.37421	887.22498
879.42627	888.19574
879.47839	892.3371
879.53052	887.44073
879.58258	886.41779
879.6347	890.01379
879.68683	887.08923
879.73889	881.14685
879.79102	886.51123
879.84314	885.78107
879.89526	884.52783
879.94733	886.6803
879.99945	885.02441
880.05157	889.24939
880.10364	886.40668
880.15576	893.66107
880.20789	885.31763
880.26001	892.1803
880.31207	884.54468
880.3642	886.08362
880.41632	888.63342
880.46838	893.38129
880.52051	886.68274
880.57263	885.63409
880.62476	888.21979
880.67682	885.35065
880.72894	882.95258
880.78107	880.01044
880.83313	885.03424
880.88525	888.33502
880.93738	885.81494
880.98944	884.28534
881.04156	890.71204
881.09369	888.52155
881.14581	886.25305
881.19788	888.51068
881.25	891.46173
881.30212	888.68494
881.35419	885.95563
881.40631	884.00128
881.45844	886.27893
881.51056	888.45245
881.56262	885.56396
881.61475	883.52991
881.66687	888.88739
881.71893	888.88049
881.77106	882.77795
881.82318	883.69
881.87524	890.62091
881.92737	882.2439
881.97949	880.90192
882.03162	885.01691
882.08368	888.07556
882.1358	882.36755
882.18793	886.58325
882.23999	886.19238
882.29211	888.01691
882.34424	888.07336
882.39636	888.00452
882.44843	883.72424
882.50055	887.24829
882.55267	880.74854
882.60474	883.06525
882.65686	888.33295
882.70898	889.12018
882.76111	886.60028
882.81317	889.44891
882.8653	888.58008
882.91742	886.90021
882.96948	884.30322
883.02161	886.10486
883.07373	886.53906
883.12579	889.41821
883.17792	887.24774
883.23004	887.14069
883.28217	885.72955
883.33423	884.75128
883.38635	883.40259
883.43848	884.00214
883.49054	888.58099
883.54266	885.92236
883.59479	883.26196
883.64691	886.05737
883.69897	889.09875
883.7511	885.02979
883.80322	883.30811
883.85529	892.34741
883.90741	885.5434
883.95953	888.2962
884.01166	886.41656
884.06372	886.13086
884.11584	889.3103
884.16797	890.21881
884.22003	883.7973
884.27216	886.41455
884.32428	887.7074
884.37634	889.59479
884.42847	889.33264
884.48059	888.81055
884.53271	887.50366
884.58478	887.01526
884.6369	888.02551
884.68903	891.9751
884.74109	888.24597
884.79321	885.67157
884.84534	890.32513
884.89746	889.77655
884.94952	883.85541
885.00165	885.77112
885.05377	887.41174
885.10583	885.49451
885.15796	885.01447
885.21008	885.87994
885.26215	888.25476
885.31427	888.96729
885.36639	886.12238
885.41852	886.98358
885.47058	886.97266
885.52271	886.01184
885.57483	886.20581
885.62689	883.08844
885.67902	885.01685
885.73114	889.27887
885.78326	879.65985
885.83533	884.34894
885.88745	884.86725
885.93958	889.91302
885.99164	893.87665
886.04376	886.29889
886.09589	882.53247
886.14801	883.27844
886.20007	880.53595
886.2522	884.284
886.30432	885.92822
886.35638	886.5163
886.40851	883.71362
886.46063	882.77972
886.5127	887.51935
886.56482	890.06055
886.61694	884.6134
886.66907	883.3252
886.72113	887.97925
886.77325	890.55273
886.82538	885.26843
886.87744	881.80353
886.92957	887.85895
886.98169	882.62244
887.03381	880.02472
887.08588	886.07367
887.138	889.32227
887.19012	886.38489
887.24219	887.81189
887.29431	886.81616
887.34644	886.18982
887.39856	883.61298
887.45062	877.10168
887.50275	883.6355
887.55487	885.06335
887.60693	884.40729
887.65906	881.91919
887.71118	885.02374
887.76324	883.14368
887.81537	881.09912
887.86749	883.86841
887.91962	889.37543
887.97168	887.48474
888.0238	888.29596
888.07593	888.86365
888.12799	891.20288
888.18011	893.18097
888.23224	890.34192
888.28436	887.95178
888.33643	888.46344
888.38855	881.22791
888.44067	881.26282
888.49274	885.77167
888.54486	885.5448
888.59698	882.73206
888.64911	889.22455
888.70117	884.83435
888.7533	888.91193
888.80542	888.75867
888.85748	885.25684
888.90961	883.79639
888.96173	886.65228
889.01379	892.50098
889.06592	880.43243
889.11804	886.09137
889.17017	888.30377
889.22223	886.92096
889.27435	881.89606
889.32648	888.42828
889.37854	890.0282
889.43066	889.03839
889.48279	891.21613
889.53491	884.98779
889.58698	884.68231
889.6391	885.13708
889.69122	886.89905
889.74329	888.69153
889.79541	890.27063
889.84753	887.37305
889.8996	886.50092
889.95172	887.00983
890.00385	886.31299
890.05597	882.61108
890.10803	886.31091
890.16016	885.8313
890.21228	887.13617
890.26434	881.39587
890.31647	879.69635
890.36859	884.98456
890.42072	893.94055
890.47278	885.52679
890.5249	882.64227
890.57703	889.61749
890.62909	889.92932
890.68121	886.51923
890.73334	886.43756
890.78546	891.64941
890.83752	884.0528
890.88965	888.27502
890.94177	886.60577
890.99384	886.15204
891.04596	887.26837
891.09808	882.90308
891.15015	884.56061
891.20227	886.08929
891.25439	884.12256
891.30652	885.09613
891.35858	884.30493
891.41071	886.38776
891.46283	887.71429
891.51489	884.99615
891.56702	882.61145
891.61914	884.6134
891.67126	886.026
891.72333	881.76685
891.77545	882.61206
891.82758	890.85291
891.87964	888.99249
891.93176	893.43781
891.98389	888.43457
892.03601	886.15009
892.08807	884.59943
892.1402	883.04718
892.19232	887.9541
892.24438	889.82861
892.29651	884.00739
892.34863	884.96472
892.4007	889.7309
892.45282	887.20569
892.50494	883.60596
892.55707	886.67505
892.60913	888.073
892.66125	887.58069
892.71338	882.53394
892.76544	885.11523
892.81757	886.56348
892.86969	882.54865
892.92181	880.06122
892.97388	887.22406
893.026	885.67175
893.07813	887.05377
893.13019	886.09106
893.18231	887.49689
893.23444	887.39301
893.2865	880.9491
893.33862	886.71747
893.39075	889.67249
893.44287	883.34155
893.49493	883.75531
893.54706	883.56409
893.59918	886.36438
893.65125	884.22418
893.70337	885.24866
893.75549	884.42059
893.80762	887.80017
893.85968	886.78754
893.9118	881.0589
893.96393	885.66187
894.01599	888.74908
894.06812	883.70459
894.12024	883.19
894.17236	885.25006
894.22443	887.19019
894.27655	886.44385
894.32867	881.9303
894.38074	884.32495
894.43286	885.95239
894.48499	886.51099
894.53705	887.44897
894.58917	886.77032
894.6413	889.03766
894.69342	888.42377
894.74548	886.85553
894.79761	885.81018
894.84973	885.41217
894.90179	884.46948
894.95392	887.91577
895.00604	888.69336
895.05817	882.99426
895.11023	883.62665
895.16235	886.71967
895.21448	889.38727
895.26654	888.43146
895.31866	881.38666
895.37079	884.54382
895.42291	884.74457
895.47498	883.28113
895.5271	886.14514
895.57922	884.42804
895.63129	886.50781
895.68341	884.79694
895.73553	884.86859
895.7876	884.36383
895.83972	888.11133
895.89185	885.11566
895.94397	884.9646
895.99603	890.185
896.04816	886.89856
896.10028	885.0976
896.15234	887.43762
896.20447	888.04346
896.25659	887.18628
896.30872	887.37543
896.36078	888.65997
896.4129	886.26776
896.46503	885.24921
896.51709	882.16968
896.56921	884.6994
896.62134	888.84833
896.6734	888.50537
896.72552	882.96759
896.77765	882.05756
896.82977	888.17767
896.88184	883.76416
896.93396	887.30463
896.98608	886.18591
897.03815	889.59967
897.09027	885.13275
897.1424	885.67462
897.19452	886.75043
897.24658	887.67029
897.29871	884.36633
897.35083	883.76794
897.40289	886.14777
897.45502	884.84882
897.50714	884.57214
897.55927	883.86316
897.61133	887.93646
897.66345	887.79797
897.71558	884.25134
897.76764	882.66309
897.81976	886.76312
897.87189	885.41052
897.92395	883.16693
897.97607	884.34692
898.0282	887.6535
898.08032	889.87238
898.13239	887.63629
898.18451	889.05847
898.23663	891.91809
898.2887	887.02441
898.34082	879.37762
898.39294	885.70123
898.44507	885.2442
898.49713	886.85248
898.54926	886.05725
898.60138	885.513
898.65344	891.49231
898.70557	890.5722
898.75769	883.33704
898.80981	887.10962
898.86188	887.60461
898.914	885.76215
898.96613	886.0993
899.01819	883.73505
899.07031	886.83069
899.12244	888.80737
899.1745	886.34619
899.22662	883.81146
899.27875	887.21497
899.33087	887.13757
899.38293	886.65192
899.43506	889.22437
899.48718	886.61517
899.53925	883.93573
899.59137	886.4165
899.64349	886.94592
899.69562	884.01508
899.74768	880.0329
899.7998	885.71436
899.85193	889.88446
899.90399	885.47369
899.95612	883.12048
900.00824	882.01105
900.06036	892.97345
900.11243	883.35718
900.16455	884.37592
900.21667	885.87256
900.26874	885.52716
900.32086	888.01514
900.37299	888.93384
900.42505	886.586
900.47717	889.8808
900.5293	886.9519
900.58142	886.0755
900.63348	891.61743
900.68561	888.53607
900.73773	884.75751
900.78979	884.42731
900.84192	888.7724
900.89404	888.08618
900.94617	883.58295
900.99823	886.0166
901.05035	888.82239
901.10248	887.91846
901.15454	886.04749
901.20667	884.30872
901.25879	884.50861
901.31085	886.64136
901.36298	889.22357
901.4151	887.38391
901.46722	886.79108
901.51929	889.40271
901.57141	887.06665
901.62354	885.36914
901.6756	886.24939
901.72772	885.27594
901.77985	885.76764
901.83197	885.76379
901.88403	885.75995
901.93616	885.46759
901.98828	883.6626
902.04034	885.05475
902.09247	890.7561
902.14459	888.44263
902.19672	889.28918
902.24878	886.88239
902.3009	887.38092
902.35303	885.45905
902.40509	883.38818
902.45721	888.92029
902.50934	890.19202
902.5614	884.98584
902.61353	888.28217
902.66565	891.64117
902.71777	889.05017
902.76984	885.42212
902.82196	881.28058
902.87408	882.85272
902.92615	882.48798
902.97827	883.00818
903.0304	877.98254
903.08252	886.62006
903.13458	888.59967
903.18671	885.75696
903.23883	883.67902
903.29089	890.09741
903.34302	888.5788
903.39514	887.75287
903.44727	888.00732
903.49933	884.22662
903.55145	884.74017
903.60358	884.88568
903.65564	888.87231
903.70776	897.04187
903.75989	885.85236
903.81195	881.80695
903.86407	885.03961
903.9162	887.29492
903.96832	884.37164
904.02039	887.52002
904.07251	892.76819
904.12463	889.64935
904.1767	887.21503
904.22882	884.27435
904.28094	886.75525
904.33307	888.211
904.38513	885.39111
904.43726	882.96613
904.48938	884.65417
904.54144	889.84937
904.59357	886.93469
904.64569	885.61237
904.69775	886.03632
904.74988	889.46588
904.802	881.7196
904.85413	886.13312
904.90619	892.29034
904.95831	886.37994
905.01044	885.71045
905.0625	886.41156
905.11462	886.52692
905.16675	887.1452
905.21887	883.38831
905.27094	881.80334
905.32306	884.60681
905.37518	881.84857
905.42725	882.24683
905.47937	889.99078
905.53149	892.91522
905.58362	887.7052
905.63568	883.5708
905.68781	884.2558
905.73993	885.64655
905.79199	880.28131
905.84412	883.1875
905.89624	883.78662
905.9483	883.04681
906.00043	884.65527
906.05255	888.93909
906.10468	889.44318
906.15674	892.79193
906.20886	888.96466
906.26099	885.53204
906.31305	888.70508
906.36517	885.07544
906.4173	882.25598
906.46942	884.92682
906.52148	887.41199
906.57361	888.24884
906.62573	890.35236
906.6778	890.76678
906.72992	889.34192
906.78204	882.91113
906.83417	886.46234
906.88623	886.6933
906.93835	887.48041
906.99048	881.82813
907.04254	882.83234
907.09467	888.83813
907.14679	887.13129
907.19885	884.36115
907.25098	884.00629
907.3031	883.11572
907.35522	886.33118
907.40729	884.91919
907.45941	886.45313
907.51154	890.36047
907.5636	890.8338
907.61572	885.12067
907.66785	883.3446
907.71997	887.84576
907.77203	888.46722
907.82416	883.0033
907.87628	885.78986
907.92834	891.05798
907.98047	883.19055
908.03259	878.22382
908.08466	883.20514
908.13678	884.91022
908.1889	885.76831
908.24103	882.49518
908.29309	880.86218
908.34521	885.81219
908.39734	887.29382
908.4494	886.26733
908.50153	891.0304
908.55365	888.79083
908.60577	883.17334
908.65784	888.27258
908.70996	889.13275
908.76208	882.68579
908.81415	885.79138
908.86627	885.60968
908.9184	884.383
908.97052	886.44153
909.02258	878.43225
909.07471	883.46484
909.12683	887.69037
909.17889	887.06519
909.23102	881.91382
909.28314	878.67023
909.33521	887.47626
909.38733	889.02332
909.43945	887.77362
909.49158	886.80371
909.54364	889.10858
909.59576	886.35156
909.64789	881.0191
909.69995	884.60852
909.75208	884.09247
909.8042	885.2757
909.85632	881.4118
909.90839	882.6463
909.96051	887.08582
910.01263	884.19305
910.0647	883.90588
910.11682	888.21173
910.16895	887.48395
910.22107	884.37189
910.27313	883.63055
910.32526	889.41937
910.37738	892.34998
910.42944	886.31378
910.48157	887.48871
910.53369	894.90826
910.58575	889.01001
910.63788	879.92755
910.69	886.30688
910.74213	883.39441
910.79419	885.51355
910.84631	884.89459
910.89844	884.88605
910.9505	886.91418
911.00262	882.65454
911.05475	879.27899
911.10687	884.69623
911.15894	886.15125
911.21106	884.21173
911.26318	885.71661
911.31525	889.57532
911.36737	886.69141
911.41949	886.42975
911.47162	889.93921
911.52368	889.36255
911.57581	885.70819
911.62793	884.52893
911.67999	883.35437
911.73212	888.33002
911.78424	889.51721
911.8363	879.71075
911.88843	876.19116
911.94055	886.1333
911.99268	887.49042
912.04474	881.53564
912.09686	882.56903
912.14899	884.3894
912.20105	889.92474
912.25317	882.28406
912.3053	888.42474
912.35742	890.2345
912.40948	890.08014
912.46161	886.63031
912.51373	885.81927
912.5658	887.32397
912.61792	887.40454
912.67004	887.7995
912.72211	887.80347
912.77423	890.16455
912.82635	886.07819
912.87848	880.90997
912.93054	887.78894
912.98267	885.92694
913.03479	883.4234
913.08685	883.02979
913.13898	889.04047
913.1911	886.56885
913.24323	881.89703
913.29529	890.2254
913.34741	890.89996
913.39954	886.39124
913.4516	885.09479
913.50372	889.65479
913.55585	886.53888
913.60797	884.18542
913.66003	885.97137
913.71216	886.59967
913.76428	886.70685
913.81635	884.56189
913.86847	884.88159
913.92059	887.04572
913.97266	886.52338
914.02478	882.8623
914.0769	880.57953
914.12903	885.02893
914.18109	884.66632
914.23322	883.94269
914.28534	880.85004
914.3374	882.72778
914.38953	886.25098
914.44165	881.92462
914.49377	883.47559
914.54584	887.20715
914.59796	887.80615
914.65009	878.76782
914.70215	888.61835
914.75427	884.89264
914.8064	885.72369
914.85852	882.0296
914.91058	886.51135
914.96271	888.84375
915.01483	889.19135
915.06689	888.66858
915.11902	888.87469
915.17114	889.36151
915.22321	884.96417
915.27533	883.25531
915.32745	887.1911
915.37958	890.65546
915.43164	883.95435
915.48376	882.52502
915.53589	885.28168
915.58795	886.31555
915.64008	886.72797
915.6922	886.06451
915.74432	886.06897
915.79639	885.48096
915.84851	884.82562
915.90063	889.98126
915.9527	887.38153
916.00482	884.48315
916.05695	889.74951
916.10901	882.48035
916.16113	888.68817
916.21326	888.125
916.26538	886.56348
916.31744	885.75671
916.36957	889.0918
916.42169	882.97656
916.47375	882.05023
916.52588	883.67896
916.578	890.07928
916.63013	887.49731
916.68219	882.10132
916.73431	886.16858
916.78644	883.2218
916.8385	882.13824
916.89063	884.81702
916.94275	886.55505
916.99487	883.0578
917.04694	884.38
917.09906	883.70477
917.15118	888.07635
917.20325	886.6601
917.25537	885.2041
917.3075	884.25897
917.35956	890.27673
917.41168	891.09515
917.46381	880.54816
917.51593	885.57092
917.56799	889.86981
917.62012	883.70856
917.67224	879.30103
917.7243	881.44995
917.77643	883.18793
917.82855	882.13495
917.88068	884.46045
917.93274	886.32007
917.98486	887.53589
918.03699	885.39984
918.08905	884.38702
918.14117	886.92017
918.1933	889.78265
918.24542	884.57996
918.29749	883.06659
918.34961	888.48651
918.40173	889.03979
918.4538	886.43921
918.50592	888.07208
918.55804	884.77563
918.61011	881.48199
918.66223	876.76093
918.71436	883.97736
918.76648	889.61963
918.81854	890.4715
918.87067	890.4856
918.92279	890.22876
918.97485	885.04303
919.02698	890.39874
919.0791	883.74292
919.13123	888.68689
919.18329	883.35461
919.23541	887.24988
919.28754	882.24097
919.3396	885.54175
919.39172	887.66064
919.44385	883.85327
919.49597	883.75342
919.54803	886.89923
919.60016	886.43695
919.65228	882.13995
919.70435	886.29633
919.75647	889.79999
919.80859	882.18652
919.86066	885.25116
919.91278	885.99829
919.9649	884.53436
920.01703	885.17108
920.06909	884.01776
920.12122	886.60852
920.17334	884.87946
920.2254	886.26715
920.27753	884.83643
920.32965	887.125
920.38177	884.76581
920.43384	886.37598
920.48596	885.29919
920.53809	885.51263
920.59015	886.83777
920.64227	885.21606
920.6944	883.26807
920.74646	884.3269
920.79858	885.2547
920.85071	882.11597
920.90283	886.50818
920.9549	887.78448
921.00702	886.2627
921.05914	884.08795
921.11121	883.5791
921.16333	890.24585
921.21545	885.05676
921.26758	885.62708
921.31964	887.09485
921.37177	882.97137
921.42389	884.21191
921.47595	887.58765
921.52808	885.82111
921.5802	886.94
921.63232	883.34277
921.68439	884.31128
921.73651	887.13947
921.78864	886.526
921.8407	884.37012
921.89282	885.8866
921.94495	887.78424
921.99701	884.255
922.04913	882.81329
922.10126	884.24298
922.15338	886.98901
922.20544	884.98517
922.25757	884.10101
922.30969	885.49951
922.36176	886.13336
922.41388	880.99933
922.466	884.71405
922.51813	882.89606
922.57019	885.45679
922.62231	884.44946
922.67444	888.24921
922.7265	890.07068
922.77863	890.61365
922.83075	886.12018
922.88287	886.25354
922.93494	887.29199
922.98706	887.26099
923.03918	884.69617
923.09125	885.74316
923.14337	886.242
923.1955	885.95258
923.24756	886.55835
923.29968	886.41205
923.35181	887.47839
923.40393	883.89594
923.45599	881.73865
923.50812	887.07001
923.56024	882.6059
923.6123	884.56891
923.66443	882.14203
923.71655	885.91888
923.76868	883.68201
923.82074	881.80585
923.87286	884.10193
923.92499	886.75232
923.97705	882.77246
924.02917	884.40936
924.0813	889.56885
924.13336	889.06976
924.18549	885.65924
924.23761	884.73645
924.28973	884.89343
924.3418	886.87964
924.39392	885.87067
924.44604	887.56934
924.49811	892.61365
924.55023	888.57965
924.60236	887.19965
924.65448	885.45093
924.70654	885.80396
924.75867	887.26123
924.81079	882.03174
924.86285	881.69202
924.91498	884.05121
924.9671	884.17889
925.01923	884.4671
925.07129	882.45178
925.12341	886.00372
925.17554	888.82959
925.2276	888.10229
925.27972	891.96222
925.33185	891.49121
925.38391	887.84613
925.43604	884.19867
925.48816	886.90143
925.54028	892.01678
925.59235	884.17224
925.64447	885.37408
925.69659	881.92725
925.74866	886.42236
925.80078	880.97607
925.85291	883.36169
925.90503	885.36951
925.95709	887.92334
926.00922	888.03406
926.06134	887.24335
926.1134	885.92908
926.16553	887.51685
926.21765	885.59729
926.26978	883.92413
926.32184	887.46973
926.37396	885.81677
926.42609	885.56812
926.47815	882.4964
926.53027	888.29089
926.5824	887.0199
926.63446	885.14093
926.68658	887.67126
926.73871	887.47211
926.79083	886.95178
926.8429	883.94763
926.89502	885.13983
926.94714	889.1463
926.99921	886.27234
927.05133	888.54602
927.10345	886.97339
927.15558	887.44574
927.20764	881.93262
927.25977	886.26337
927.31189	887.03516
927.36395	887.61053
927.41608	884.39667
927.4682	886.31708
927.52026	889.12073
927.57239	888.14301
927.62451	886.08441
927.67664	883.39508
927.7287	884.58209
927.78082	888.28052
927.83295	886.68329
927.88501	883.24646
927.93713	887.54584
927.98926	888.9693
928.04138	881.96564
928.09344	888.37866
928.14557	890.28625
928.19769	894.00165
928.24976	889.1167
928.30188	887.35718
928.354	885.87256
928.40613	887.66284
928.45819	885.49902
928.51031	891.69745
928.56244	886.99835
928.6145	884.341
928.66663	880.42542
928.71875	881.20435
928.77081	883.95258
928.82294	885.79114
928.87506	882.90564
928.92719	887.83362
928.97925	890.52728
929.03137	887.09717
929.0835	885.01556
929.13556	887.00739
929.18768	889.85492
929.23981	889.96246
929.29193	888.78961
929.34399	889.63599
929.39612	887.3717
929.44824	885.12042
929.50031	889.90009
929.55243	889.59351
929.60455	887.0885
929.65668	885.39539
929.70874	886.63837
929.76086	887.21869
929.81299	883.72437
929.86505	882.36456
929.91718	885.49823
929.9693	882.8302
930.02136	884.51361
930.07349	888.76099
930.12561	885.9538
930.17773	882.95404
930.2298	882.05878
930.28192	882.50439
930.33405	884.73132
930.38611	886.67419
930.43823	887.54492
930.49036	886.91638
930.54248	885.93048
930.59454	885.74774
930.64667	890.38342
930.69879	889.22845
930.75085	886.98724
930.80298	890.21173
930.8551	888.09247
930.90723	887.40363
930.95929	887.25952
931.01141	885.50757
931.06354	889.42059
931.1156	883.90295
931.16772	891.01819
931.21985	883.45612
931.27191	886.12421
931.32404	880.84821
931.37616	886.91248
931.42828	884.38165
931.48035	886.40399
931.53247	885.55475
931.58459	887.39545
931.63666	886.23279
931.68878	885.10114
931.74091	886.37799
931.79303	888.02545
931.84509	886.48254
931.89722	888.79779
931.94934	887.84131
932.0014	887.07452
932.05353	888.20258
932.10565	888.85748
932.15771	891.47974
932.20984	885.63129
932.26196	883.42035
932.31409	886.20172
932.36615	888.55499
932.41827	891.0166
932.4704	883.32275
932.52246	887.98212
932.57458	886.80353
932.62671	882.34857
932.67883	892.66577
932.7309	887.52771
932.78302	887.14166
932.83514	889.61041
932.88721	884.24109
932.93933	882.38196
932.99146	884.78577
933.04358	886.11749
933.09564	886.88824
933.14777	887.70789
933.19989	885.68311
933.25195	884.633
933.30408	889.29169
933.3562	889.8031
933.40826	888.1637
933.46039	891.77032
933.51251	892.88312
933.56464	891.3894
933.6167	889.11371
933.66882	883.71265
933.72095	884.56995
933.77301	888.1391
933.82513	889.7168
933.87726	882.75421
933.92938	890.14844
933.98145	888.45117
934.03357	892.93781
934.08569	885.87585
934.13776	891.32477
934.18988	888.9007
934.242	887.17981
934.29413	883.56195
934.34619	890.04492
934.39832	890.91364
934.45044	890.10638
934.5025	887.14355
934.55463	888.03961
934.60675	888.39923
934.65881	887.87543
934.71094	887.85114
934.76306	889.80817
934.81519	889.70038
934.86725	887.15576
934.91937	886.17218
934.9715	891.40466
935.02356	888.53778
935.07568	884.047
935.12781	885.89288
935.17993	889.35498
935.23199	888.10626
935.28412	888.13879
935.33624	892.46552
935.38831	889.90668
935.44043	884.40942
935.49255	884.77216
935.54462	890.65564
935.59674	891.84955
935.64886	894.04401
935.70099	887.82361
935.75305	888.05603
935.80518	889.58496
935.8573	888.98346
935.90936	890.09436
935.96149	885.23315
936.01361	888.70905
936.06573	890.45917
936.1178	889.23114
936.16992	889.11719
936.22205	887.58539
936.27411	885.74512
936.32623	882.82831
936.37836	883.82642
936.43048	887.1748
936.48254	885.49963
936.53467	886.78131
936.58679	891.66241
936.63885	894.00513
936.69098	888.76904
936.7431	885.61133
936.79517	893.81927
936.84729	885.85248
936.89941	881.94543
936.95154	887.06702
937.0036	889.74622
937.05573	891.66431
937.10785	890.30725
937.15991	891.2818
937.21204	891.64191
937.26416	889.58569
937.31628	883.16992
937.36835	886.04004
937.42047	890.46381
937.4726	890.15515
937.52466	886.00824
937.57678	888.39526
937.62891	891.5108
937.68103	886.02942
937.73309	883.82074
937.78522	887.8761
937.83734	891.28754
937.8894	889.14844
937.94153	886.15155
937.99365	890.67224
938.04572	888.89819
938.09784	889.23779
938.14996	887.58606
938.20209	886.28601
938.25415	890.21033
938.30627	885.47113
938.3584	892.47272
938.41046	897.92572
938.46259	884.23718
938.51471	885.8147
938.56683	883.4585
938.6189	889.039
938.67102	888.0097
938.72314	885.01355
938.77521	886.87262
938.82733	894.86957
938.87946	889.69067
938.93152	890.22858
938.98364	892.09277
939.03577	892.05743
939.08789	889.27631
939.13995	884.52576
939.19208	888.61053
939.2442	890.38721
939.29626	886.97021
939.34839	882.29712
939.40051	888.01453
939.45264	891.33264
939.5047	885.91248
939.55682	882.8681
939.60895	890.05688
939.66101	883.2276
939.71313	885.90155
939.76526	888.53259
939.81738	890.84857
939.86945	885.57129
939.92157	886.14209
939.97369	887.84167
940.02576	892.61749
940.07788	891.67767
940.13	885.96869
940.18207	886.01154
940.23419	890.81317
940.28632	888.38513
940.33844	888.39545
940.3905	885.35614
940.44263	886.99548
940.49475	886.46381
940.54681	885.9884
940.59894	889.91553
940.65106	890.2323
940.70319	888.63721
940.75525	889.91248
940.80737	892.74103
940.8595	884.3222
940.91156	886.1319
940.96368	890.44885
941.01581	891.86572
941.06793	891.95233
941.12	881.09357
941.17212	894.74207
941.22424	886.94153
941.27631	887.03925
941.32843	888.354
941.38055	891.10913
941.43262	892.0354
941.48474	890.38812
941.53687	885.1524
941.58899	887.2478
941.64105	889.76337
941.69318	891.68292
941.7453	889.90546
941.79736	888.44427
941.84949	887.94708
941.90161	888.33234
941.95374	894.19495
942.0058	892.31757
942.05792	890.91638
942.11005	890.08997
942.16211	888.99933
942.21423	891.25275
942.26636	891.86945
942.31848	885.33795
942.37054	895.26959
942.42267	892.09473
942.47479	887.41754
942.52686	890.28955
942.57898	888.0412
942.6311	890.48346
942.68317	887.48218
942.73529	889.328
942.78741	893.61456
942.83954	893.60175
942.8916	892.71912
942.94373	887.66675
942.99585	891.75751
943.04791	891.43463
943.10004	891.40887
943.15216	889.81818
943.20428	894.06171
943.25635	893.75824
943.30847	888.77997
943.3606	892.63501
943.41266	895.29016
943.46478	895.64825
943.51691	896.92651
943.56897	891.27167
943.62109	893.13818
943.67322	895.97058
943.72534	884.33502
943.7774	893.32068
943.82953	891.27051
943.88165	892.15289
943.93372	889.2915
943.98584	889.35406
944.03796	887.46301
944.09009	894.24329
944.14215	893.20251
944.19427	890.41101
944.2464	892.23242
944.29846	891.35992
944.35059	891.07947
944.40271	892.15656
944.45483	888.39154
944.5069	886.47113
944.55902	889.92902
944.61115	891.62427
944.66321	891.51459
944.71533	889.71582
944.76746	889.74701
944.81952	890.93268
944.87164	891.96887
944.92377	890.95782
944.97589	892.82733
945.02795	895.42059
945.08008	892.86493
945.1322	889.74176
945.18427	890.70526
945.23639	893.02667
945.28851	890.47113
945.34064	888.99017
945.3927	891.93262
945.44482	895.64948
945.49695	894.51337
945.54901	891.28809
945.60114	891.96967
945.65326	892.26514
945.70538	889.17267
945.75745	890.79889
945.80957	893.94647
945.86169	891.67688
945.91376	890.34528
945.96588	889.22125
946.01801	889.93372
946.07007	890.45001
946.12219	890.96588
946.17432	892.24792
946.22644	891.78967
946.2785	898.77954
946.33063	895.21832
946.38275	891.34607
946.43481	895.90662
946.48694	894.55017
946.53906	889.00671
946.59119	887.73712
946.64325	889.99799
946.69537	892.8999
946.7475	891.85651
946.79956	891.66278
946.85168	893.6936
946.90381	894.69348
946.95587	897.13184
947.008	897.83502
947.06012	895.81653
947.11224	891.91144
947.16431	888.55334
947.21643	894.65405
947.26855	893.90167
947.32062	889.55615
947.37274	892.42731
947.42487	890.40222
947.47699	892.81848
947.52905	895.60876
947.58118	895.58038
947.6333	895.93945
947.68536	889.07599
947.73749	889.93445
947.78961	891.99597
947.84174	896.00525
947.8938	895.81573
947.94592	888.66083
947.99805	890.46173
948.05011	893.07117
948.10223	892.49115
948.15436	889.46204
948.20642	891.4007
948.25854	895.27264
948.31067	891.71771
948.36279	888.05908
948.41486	890.6568
948.46698	889.31586
948.5191	891.46051
948.57117	891.29828
948.62329	892.80835
948.67542	894.92609
948.72754	895.28564
948.7796	893.50049
948.83173	893.31897
948.88385	894.25995
948.93591	888.18951
948.98804	890.19238
949.04016	891.85461
949.09229	891.43323
949.14435	894.8183
949.19647	893.57245
949.2486	894.99274
949.30066	892.89911
949.35278	893.36328
949.40491	886.76111
949.45697	889.66516
949.50909	889.03113
949.56122	888.6145
949.61334	894.85297
949.66541	895.16272
949.71753	891.60242
949.76965	891.58167
949.82172	890.76892
949.87384	890.65234
949.92596	894.79651
949.97809	897.53656
950.03015	911.90765
950.08228	897.28882
950.1344	886.88892
950.18646	890.56677
950.23859	894.48083
950.29071	896.7038
950.34277	895.33191
950.3949	894.80707
950.44702	894.66968
950.49915	892.20587
950.55121	888.93652
950.60333	897.72205
950.65546	896.09778
950.70752	898.51422
950.75964	897.46954
950.81177	895.18781
950.86389	891.09094
950.91595	891.23151
950.96808	894.00586
951.0202	893.48694
951.07227	894.99609
951.12439	892.25598
951.17651	890.5354
951.22864	894.66095
951.2807	889.01184
951.33282	890.44696
951.38495	894.15546
951.43701	899.39191
951.48914	902.8949
951.54126	900.90546
951.59332	895.87396
951.64545	891.21503
951.69757	891.05658
951.74969	896.41974
951.80176	889.24768
951.85388	892.53058
951.90601	893.2193
951.95807	898.4408
952.01019	897.3952
952.06232	894.13257
952.11444	888.23236
952.1665	890.28375
952.21863	897.9682
952.27075	898.13965
952.32281	891.61188
952.37494	887.78644
952.42706	888.74194
952.47919	894.70386
952.53125	896.44568
952.58337	890.1178
952.6355	898.896
952.68756	897.45856
952.73969	894.44666
952.79181	894.60144
952.84387	898.48834
952.896	898.09589
952.94812	888.17529
953.00024	890.13025
953.05231	900.68756
953.10443	900.2663
953.15656	896.11597
953.20862	897.63165
953.26074	900.04224
953.31287	892.24292
953.36499	890.38806
953.41705	897.01825
953.46918	896.43921
953.5213	893.57941
953.57336	890.17786
953.62549	893.57599
953.67761	895.19318
953.72974	896.4245
953.7818	897.92896
953.83392	897.31482
953.88605	891.49463
953.93811	892.15692
953.99023	889.47717
954.04236	902.41772
954.09442	892.46667
954.14655	897.51624
954.19867	892.73358
954.25079	896.31616
954.30286	894.10217
954.35498	894.09991
954.4071	894.29437
954.45917	901.88153
954.51129	898.52612
954.56342	895.18951
954.61554	895.51508
954.6676	894.44867
954.71973	892.77423
954.77185	895.56366
954.82391	904.29956
954.87604	905.73047
954.92816	893.95618
954.98022	893.91541
955.03235	895.76563
955.08447	896.24561
955.1366	896.07648
955.18866	890.47211
955.24078	893.91626
955.29291	897.26196
955.34497	892.5965
955.39709	890.04108
955.44922	895.16168
955.50134	898.40344
955.55341	897.73553
955.60553	896.9104
955.65765	897.80359
955.70972	893.80432
955.76184	895.93695
955.81396	902.49719
955.86609	902.44171
955.91815	900.30463
955.97028	899.25171
956.0224	897.96692
956.07446	901.18188
956.12659	897.42694
956.17871	893.90698
956.23077	898.41467
956.2829	897.08173
956.33502	895.50616
956.38715	893.74768
956.43921	899.87476
956.49133	899.07098
956.54346	897.93219
956.59552	891.9267
956.64764	894.33899
956.69977	893.8772
956.75189	898.96527
956.80396	893.66656
956.85608	899.74133
956.9082	896.73492
956.96027	896.30792
957.01239	899.84924
957.06451	898.90326
957.11664	897.55176
957.1687	899.2254
957.22083	897.04932
957.27295	894.97339
957.32501	890.23871
957.37714	899.50226
957.42926	904.16107
957.48132	895.23236
957.53345	895.68823
957.58557	894.0415
957.6377	898.39362
957.68976	894.10712
957.74188	898.81378
957.79401	900.97937
957.84607	902.86749
957.89819	901.07501
957.95032	897.54303
958.00244	899.27881
958.0545	893.41962
958.10663	895.61346
958.15875	892.75836
958.21082	896.64044
958.26294	903.45667
958.31506	902.96893
958.36713	904.07068
958.41925	901.44714
958.47137	900.57977
958.5235	892.93341
958.57556	894.5188
958.62769	899.36609
958.67981	899.66107
958.73187	895.72192
958.784	893.05719
958.83612	895.09363
958.88824	902.64648
958.94031	896.82648
958.99243	897.53699
959.04456	906.77216
959.09662	904.89746
959.14874	898.11761
959.20087	902.70044
959.25299	896.90863
959.30505	900.85577
959.35718	900.10907
959.4093	899.51843
959.46136	898.8233
959.51349	898.12445
959.56561	899.92871
959.61768	901.36157
959.6698	899.995
959.72192	899.17603
959.77405	898.56042
959.82611	902.3974
959.87823	902.53522
959.93036	903.34314
959.98242	900.54279
960.03455	903.73651
960.08667	902.37616
960.13879	893.45605
960.19086	897.75513
960.24298	897.71716
960.2951	897.04553
960.34717	903.76965
960.39929	903.4939
960.45142	902.47614
960.50354	899.89099
960.5556	903.71234
960.60773	899.99414
960.65985	899.90167
960.71191	900.17242
960.76404	903.41919
960.81616	902.81744
960.86823	902.08771
960.92035	900.97449
960.97247	903.15302
961.0246	901.75623
961.07666	898.60565
961.12878	898.7287
961.18091	900.71472
961.23297	900.22583
961.2851	901.07605
961.33722	896.85016
961.38934	905.52875
961.44141	904.97528
961.49353	897.80481
961.54565	900.85675
961.59772	900.96747
961.64984	903.87201
961.70197	904.35492
961.75403	901.18463
961.80615	901.30719
961.85828	906.8681
961.9104	903.06842
961.96246	898.92627
962.01459	898.71301
962.06671	903.23071
962.11877	903.47137
962.1709	905.61743
962.22302	900.43829
962.27515	901.26337
962.32721	902.88922
962.37933	904.3609
962.43146	903.36377
962.48352	908.74603
962.53564	902.40955
962.58777	906.12579
962.63989	899.90283
962.69196	898.65497
962.74408	901.49561
962.7962	904.4577
962.84827	903.48645
962.90039	904.26331
962.95251	903.11414
963.00458	900.49829
963.0567	903.81512
963.10883	908.16565
963.16095	906.68646
963.21301	901.66925
963.26514	903.69037
963.31726	901.00427
963.36932	901.3678
963.42145	901.44122
963.47357	901.49774
963.5257	903.14032
963.57776	902.95636
963.62988	906.02667
963.68201	907.98016
963.73407	905.84161
963.78619	904.91718
963.83832	902.43018
963.89044	904.37
963.9425	905.56982
963.99463	905.43866
964.04675	903.25476
964.09882	905.45795
964.15094	908.45947
964.20306	911.83191
964.25513	908.57959
964.30725	904.63702
964.35938	908.50891
964.4115	910.99353
964.46356	902.49365
964.51569	904.12646
964.56781	904.55731
964.61987	908.06915
964.672	908.89337
964.72412	907.67267
964.77625	910.01495
964.82831	904.18518
964.88043	907.5462
964.93256	904.60107
964.98462	908.20026
965.03674	904.18256
965.08887	907.47943
965.14099	907.6922
965.19305	906.5835
965.24518	909.58936
965.2973	908.31787
965.34937	912.40381
965.40149	908.01355
965.45361	907.04901
965.50568	907.73865
965.5578	913.91357
965.60992	910.20184
965.66205	904.25909
965.71411	910.854
965.76624	910.38422
965.81836	910.67548
965.87042	906.05847
965.92255	904.65363
965.97467	903.46576
966.02679	914.36493
966.07886	909.74554
966.13098	905.54419
966.18311	907.73328
966.23517	904.44281
966.28729	909.48578
966.33942	912.19989
966.39148	907.59442
966.4436	906.16437
966.49573	906.05048
966.54785	910.16327
966.59991	913.37286
966.65204	910.48804
966.70416	911.90094
966.75623	913.11292
966.80835	909.66394
966.86047	905.87122
966.9126	910.74957
966.96466	916.33319
967.01678	911.68048
967.06891	906.56
967.12097	907.11603
967.1731	909.28735
967.22522	908.72461
967.27734	913.78033
967.32941	915.11511
967.38153	911.18927
967.43365	904.18994
967.48572	913.23639
967.53784	908.65619
967.58997	912.68085
967.64203	907.80658
967.69415	911.33563
967.74628	906.47552
967.7984	905.34521
967.85046	905.77228
967.90259	911.52728
967.95471	909.53717
968.00677	909.16943
968.0589	908.25586
968.11102	908.85626
968.16315	914.36719
968.21521	916.5636
968.26733	908.52747
968.31946	914.5246
968.37152	918.99805
968.42365	905.72546
968.47577	909.89429
968.52789	912.2309
968.57996	915.96643
968.63208	915.71631
968.6842	917.98053
968.73627	917.13708
968.78839	918.61359
968.84052	905.06281
968.89258	907.12659
968.9447	915.39008
968.99683	918.91058
969.04895	913.11542
969.10101	914.85626
969.15314	920.49969
969.20526	915.97705
969.25732	913.34033
969.30945	910.06555
969.36157	912.47717
969.4137	911.25873
969.46576	912.42468
969.51788	912.9209
969.57001	915.508
969.62207	917.71631
969.67419	916.56885
969.72632	923.17297
969.77838	918.10181
969.83051	909.1377
969.88263	919.41315
969.93475	919.17621
969.98682	921.45776
970.03894	920.00128
970.09106	924.77814
970.14313	919.98468
970.19525	919.15955
970.24738	916.83362
970.2995	921.02979
970.35156	920.57086
970.40369	925.61646
970.45581	921.45709
970.50787	923.95795
970.56	921.0542
970.61212	917.14581
970.66425	915.43823
970.71631	920.15125
970.76843	918.23566
970.82056	922.17798
970.87262	918.12158
970.92474	923.10541
970.97687	926.40186
971.02893	910.65875
971.08105	911.33447
971.13318	911.18665
971.1853	923.53052
971.23737	921.23462
971.28949	923.5481
971.34161	922.9455
971.39368	927.0694
971.4458	917.32092
971.49792	924.9809
971.55005	929.8772
971.60211	932.76819
971.65424	923.21198
971.70636	920.57025
971.75842	926.08563
971.81055	922.51355
971.86267	919.98309
971.91479	923.34296
971.96686	926.76965
972.01898	928.45911
972.07111	927.93811
972.12317	922.85553
972.17529	934.71796
972.22742	925.53949
972.27948	928.63824
972.3316	923.7652
972.38373	936.78766
972.43585	928.75696
972.48792	934.04071
972.54004	930.74774
972.59216	925.99786
972.64423	928.96295
972.69635	930.03967
972.74847	939.04694
972.8006	941.00378
972.85266	935.72418
972.90479	930.96503
972.95691	930.1994
973.00897	926.10834
973.0611	926.9939
973.11322	929.01935
973.16534	933.56445
973.21741	937.17963
973.26953	938.22461
973.32166	940.13361
973.37372	939.48706
973.42584	935.97803
973.47797	935.90753
973.53003	940.82391
973.58215	937.51764
973.63428	936.6095
973.6864	931.15118
973.73846	931.59399
973.79059	931.64636
973.84271	927.26379
973.89478	937.27411
973.9469	940.28119
973.99902	936.23114
974.05115	932.86591
974.10321	934.30579
974.15533	942.16467
974.20746	943.65649
974.25952	939.91498
974.31165	940.49005
974.36377	946.39581
974.41583	947.26959
974.46796	944.58252
974.52008	952.30005
974.5722	953.53931
974.62427	949.44348
974.67639	946.18732
974.72852	950.9425
974.78058	945.94067
974.8327	945.95966
974.88483	947.9574
974.93695	952.53906
974.98901	947.3103
975.04114	943.17328
975.09326	954.72217
975.14532	950.29297
975.19745	952.85724
975.24957	938.14722
975.3017	939.823
975.35376	947.15198
975.40588	940.57501
975.45801	941.77606
975.51007	949.48108
975.56219	953.26019
975.61432	945.09119
975.66638	933.38818
975.71851	942.21881
975.77063	946.1283
975.82275	947.75317
975.87482	954.35431
975.92694	957.21936
975.97906	945.63434
976.03113	947.06964
976.08325	942.84106
976.13538	947.3808
976.1875	958.67133
976.23956	940.85724
976.29169	931.72498
976.34381	939.02124
976.39587	945.94427
976.448	947.67395
976.50012	941.77863
976.55225	946.33209
976.60431	947.43109
976.65643	945.75873
976.70856	946.17157
976.76062	948.86401
976.81274	947.23193
976.86487	942.94244
976.91693	938.83093
976.96906	937.33685
977.02118	941.95258
977.0733	946.33838
977.12537	939.08508
977.17749	942.37585
977.22961	929.90918
977.28168	943.56427
977.3338	937.27887
977.38593	939.46155
977.43805	938.60437
977.49011	940.56689
977.54224	931.79248
977.59436	935.80182
977.64642	943.25262
977.69855	936.33868
977.75067	933.9848
977.80273	939.54059
977.85486	929.03668
977.90698	936.02191
977.95911	938.21741
978.01117	935.84894
978.06329	934.09015
978.11542	936.01404
978.16748	937.9903
978.2196	930.35272
978.27173	922.27869
978.32385	932.13
978.37592	934.19946
978.42804	929.599
978.48016	926.65765
978.53223	930.71637
978.58435	929.43274
978.63647	934.40576
978.6886	933.6767
978.74066	931.17474
978.79279	933.1756
978.84491	932.71173
978.89697	928.34344
978.9491	932.26855
979.00122	931.15979
979.05328	933.89832
979.10541	926.25195
979.15753	925.20251
979.20966	931.99353
979.26172	931.04486
979.31384	934.44324
979.36597	933.54651
979.41803	924.33514
979.47015	922.13446
979.52228	936.41064
979.5744	936.69678
979.62646	919.44489
979.67859	915.52899
979.73071	929.68781
979.78278	939.36053
979.8349	923.92859
979.88702	925.01263
979.93915	927.72577
979.99121	935.76959
980.04333	928.98413
980.09546	925.69061
980.14752	932.69226
980.19965	934.45502
980.25177	931.04541
980.30383	930.91833
980.35596	930.04547
980.40808	925.6087
980.46021	923.26135
980.51227	926.78064
980.56439	928.99921
980.61652	921.14343
980.66858	932.55829
980.7207	924.90912
980.77283	936.27338
980.82495	927.56757
980.87701	922.18713
980.92914	923.2951
980.98126	925.87665
981.03333	931.17816
981.08545	927.89551
981.13757	927.18488
981.18964	920.02722
981.24176	921.74469
981.29388	927.80267
981.34601	930.66559
981.39807	920.94708
981.4502	923.63684
981.50232	925.11926
981.55438	927.57941
981.60651	924.89374
981.65863	920.30804
981.71075	928.47699
981.76282	932.32813
981.81494	925.99323
981.86707	920.80426
981.91913	923.02167
981.97125	920.86871
982.02338	915.87799
982.0755	916.25012
982.12756	926.57452
982.17969	924.64935
982.23181	917.20624
982.28387	923.57666
982.336	928.57593
982.38812	922.90234
982.44019	924.99927
982.49231	919.52966
982.54443	923.63757
982.59656	921.23126
982.64862	922.85034
982.70074	927.93811
982.75287	922.99176
982.80493	920.57233
982.85706	924.38538
982.90918	926.79187
982.9613	928.16559
983.01337	921.10034
983.06549	922.17267
983.11761	923.28534
983.16968	927.6134
983.2218	931.4696
983.27393	927.4801
983.32605	927.27887
983.37811	926.68646
983.43024	914.49854
983.48236	917.71283
983.53442	923.95135
983.58655	923.09076
983.63867	918.74811
983.69073	924.17975
983.74286	927.62457
983.79498	927.2561
983.84711	923.078
983.89917	926.16138
983.95129	933.56512
984.00342	923.19562
984.05548	918.39166
984.1076	917.56604
984.15973	927.72473
984.21185	922.72693
984.26392	919.74939
984.31604	921.87726
984.36816	925.83307
984.42023	924.83203
984.47235	917.83685
984.52448	920.65088
984.5766	932.24475
984.62866	919.56378
984.68079	915.82526
984.73291	922.93433
984.78497	928.97577
984.8371	926.87109
984.88922	923.0354
984.94128	921.72821
984.99341	923.04156
985.04553	920.37567
985.09766	914.66687
985.14972	918.59314
985.20184	921.91064
985.25397	920.72217
985.30603	928.37177
985.35815	926.43677
985.41028	921.91364
985.4624	917.40875
985.51447	920.27057
985.56659	924.91614
985.61871	917.35791
985.67078	918.80975
985.7229	922.52594
985.77502	919.96777
985.82709	916.98322
985.87921	912.26068
985.93134	918.07056
985.98346	916.9494
986.03552	918.12018
986.08765	926.42004
986.13977	931.9967
986.19183	922.38861
986.24396	919.40009
986.29608	925.11462
986.34821	920.71594
986.40027	912.88922
986.45239	917.47156
986.50452	921.80951
986.55658	919.37958
986.6087	916.13904
986.66083	913.44745
986.71295	925.35175
986.76501	928.13477
986.81714	920.51538
986.86926	915.93457
986.92133	925.01038
986.97345	920.66022
987.02557	920.21686
987.07764	911.47107
987.12976	922.6969
987.18188	928.63605
987.23401	916.80695
987.28607	911.43488
987.3382	915.0351
987.39032	914.63409
987.44238	914.69348
987.49451	920.14063
987.54663	926.32855
987.59875	928.28735
987.65082	919.76917
987.70294	920.3717
987.75507	921.56635
987.80713	915.79694
987.85925	920.33374
987.91138	913.69745
987.9635	921.63348
988.01556	921.04791
988.06769	915.20856
988.11981	919.21594
988.17188	916.75482
988.224	909.29681
988.27612	917.40704
988.32819	917.50403
988.38031	916.24359
988.43243	916.81085
988.48456	917.3573
988.53662	920.11554
988.58875	912.14056
988.64087	913.93585
988.69293	914.35394
988.74506	918.80774
988.79718	918.39325
988.8493	908.97815
988.90137	915.349
988.95349	922.54407
989.00562	917.33905
989.05768	905.69049
989.1098	919.62457
989.16193	918.94409
989.21399	909.8385
989.26611	916.90015
989.31824	916.92682
989.37036	917.73462
989.42242	913.42023
989.47455	915.22211
989.52667	917.93427
989.57874	917.66968
989.63086	916.0813
989.68298	915.7973
989.73511	916.7998
989.78717	911.65485
989.83929	908.22241
989.89142	921.21185
989.94348	916.8045
989.99561	914.14771
990.04773	910.0603
990.09985	924.55615
990.15192	913.2616
990.20404	920.89532
990.25616	914.93817
990.30823	908.49115
990.36035	915.05841
990.41248	913.31439
990.46454	907.98035
990.51666	912.42218
990.56879	916.01477
990.62091	915.05023
990.67297	918.66345
990.7251	921.05206
990.77722	914.95325
990.82928	911.5437
990.88141	916.6571
990.93353	914.05219
990.98566	914.83783
991.03772	903.56244
991.08984	914.09271
991.14197	914.41077
991.19403	911.73047
991.24615	905.72174
991.29828	906.68762
991.3504	917.0321
991.40247	909.79895
991.45459	911.71277
991.50671	911.85095
991.55878	915.01025
991.6109	908.23059
991.66302	922.58417
991.71509	920.04932
991.76721	907.60046
991.81934	907.4267
991.87146	912.3772
991.92352	914.29974
991.97565	910.73883
992.02777	912.55511
992.07983	910.8949
992.13196	914.50415
992.18408	911.09979
992.23621	907.83856
992.28827	912.05756
992.34039	920.64117
992.39252	906.4834
992.44458	905.37018
992.4967	920.43787
992.54883	914.82318
992.60089	911.47723
992.65302	913.00031
992.70514	913.08337
992.75726	914.10925
992.80933	907.13196
992.86145	909.52765
992.91357	914.27692
992.96564	915.35327
993.01776	912.29486
993.06989	912.5235
993.12201	920.33649
993.17407	910.763
993.2262	906.73419
993.27832	911.43884
993.33038	916.34253
993.38251	903.32452
993.43463	909.13788
993.48676	904.46899
993.53882	906.63989
993.59094	908.86536
993.64307	900.79218
993.69513	912.13806
993.74725	913.13007
993.79938	905.12695
993.85144	901.98676
993.90356	910.04071
993.95569	912.34076
994.00781	906.05414
994.05988	903.73718
994.112	909.64172
994.16412	915.00262
994.21619	908.52692
994.26831	908.90472
994.32043	912.74158
994.37256	906.48328
994.42462	905.79633
994.47675	905.92938
994.52887	909.29291
994.58093	897.02985
994.63306	908.88629
994.68518	915.63281
994.7373	908.22845
994.78937	905.72894
994.84149	910.17029
994.89362	910.74408
994.94568	913.61346
994.9978	906.61005
995.04993	909.12097
995.10199	914.11792
995.15411	909.67316
995.20624	906.25464
995.25836	909.80994
995.31042	909.87823
995.36255	907.93921
995.41467	903.89142
995.46674	911.18304
995.51886	919.90613
995.57098	901.47437
995.62311	910.11609
995.67517	910.24396
995.72729	902.97076
995.77942	898.75195
995.83148	908.80383
995.88361	907.09521
995.93573	904.09851
995.98785	906.0722
996.03992	902.04132
996.09204	908.5368
996.14417	913.52142
996.19623	911.58734
996.24835	908.3739
996.30048	910.78351
996.35254	905.203
996.40466	902.0694
996.45679	905.73853
996.50891	904.47491
996.56097	907.66888
996.6131	917.75238
996.66522	908.01569
996.71729	911.32654
996.76941	909.03259
996.82153	901.31128
996.87366	902.37433
996.92572	910.8244
996.97784	904.34723
997.02997	902.40179
997.08203	912.18121
997.13416	907.31775
997.18628	906.56799
997.23834	906.20477
997.29047	908.88971
997.34259	904.89288
997.39471	899.58997
997.44678	898.64941
997.4989	901.81421
997.55103	903.33307
997.60309	907.03198
997.65521	903.47418
997.70734	902.82819
997.75946	904.2796
997.81152	908.72876
997.86365	903.35699
997.91577	903.41473
997.96783	901.22778
998.01996	905.17609
998.07208	904.66357
998.12421	907.47052
998.17627	903.03625
998.22839	905.13324
998.28052	903.54907
998.33258	905.1438
998.3847	904.78107
998.43683	905.05957
998.48889	908.1319
998.54102	901.24017
998.59314	899.43341
998.64526	904.22144
998.69733	912.55566
998.74945	907.0238
998.80157	908.67603
998.85364	904.30835
998.90576	913.01508
998.95789	899.39191
999.01001	904.48846
999.06207	904.77844
999.1142	909.18292
999.16632	900.66693
999.21838	907.49628
999.27051	907.59381
999.32263	904.72443
999.37476	907.01276
999.42682	910.68408
999.47894	908.70166
999.53107	901.11548
999.58313	895.84015
999.63525	898.48859
999.68738	913.64789
999.73944	903.77551
999.79156	907.0683
999.84369	907.76123
999.89581	904.28748
999.94788	896.2207
1000	906.80182
