50	853.39722
50.532299	854.95966
51.064598	853.71954
51.596897	849.06818
52.129196	849.29187
52.661495	851.5
53.193794	851.5
53.726093	851.5
54.258392	845.34454
54.790688	848.53705
55.322987	849.80951
55.855286	849.41315
56.387585	851.43408
56.919884	851.01959
57.452183	854.55347
57.984482	852.41302
58.516781	850.94568
59.04908	852.59656
59.581379	855.19464
60.113678	852.70721
60.645977	850.9798
61.178276	848.44141
61.710575	848.87482
62.242874	851.99188
62.775173	853.46246
63.307468	853.04858
63.839767	846.41083
64.37207	853.2666
64.904366	858.54816
65.436668	856.59357
65.968964	860.35504
66.501266	857.86609
67.033562	854.31537
67.565857	853.26819
68.09816	855.50879
68.630455	858.60986
69.162758	857.13715
69.695053	861.70172
70.227356	863.18347
70.759651	862.73077
71.291954	861.48566
71.824249	862.0567
72.356552	869.48761
72.888847	866.16687
73.42115	864.50671
73.953445	867.68829
74.485748	874.39862
75.018044	879.89032
75.550346	876.56879
76.082642	873.65363
76.614937	877.82794
77.14724	878.84015
77.679535	876.69586
78.211838	876.20013
78.744133	877.44611
79.276436	876.7052
79.808731	875.87445
80.341034	879.15045
80.873329	883.93073
81.405632	885.29504
81.937927	887.37219
82.47023	885.55035
83.002525	883.77826
83.534828	885.87238
84.067123	891.138
84.599426	894.71918
85.131721	888.48541
85.664017	889.14978
86.19632	887.40784
86.728615	886.85809
87.260918	888.13019
87.793213	889.64734
88.325516	900.04022
88.857811	892.32092
89.390114	888.32758
89.922409	888.54309
90.454712	892.24176
90.987007	897.7804
91.51931	885.30365
92.051605	887.72296
92.583908	892.17212
93.116203	893.67047
93.648499	891.8844
94.180801	889.39728
94.713097	882.7403
95.245399	892.31403
95.777695	891.71014
96.309998	889.4892
96.842293	892.63306
97.374596	897.94556
97.906891	897.52814
98.439194	888.31891
98.971489	882.43347
99.503792	887.63983
100.03609	894.41882
100.56839	881.74066
101.10069	891.72906
101.63299	887.13623
102.16528	891.15802
102.69758	892.79633
103.22988	889.45258
103.76218	893.81696
104.29448	885.0719
104.82677	890.15338
105.35908	884.31195
105.89137	880.12921
106.42368	887.56293
106.95597	900.7981
107.48827	892.05035
108.02057	889.13104
108.55287	888.16992
109.08517	893.10876
109.61747	899.22363
110.14977	893.289
110.68207	891.20032
111.21436	890.57867
111.74666	896.67169
112.27896	896.63611
112.81126	890.4931
113.34356	894.58051
113.87585	902.51337
114.40816	889.81226
114.94045	888.64777
115.47276	892.0423
116.00505	891.61316
116.53735	888.5199
117.06965	900.60828
117.60195	899.32379
118.13425	891.19513
118.66655	890.4718
119.19884	896.17914
119.73115	893.38635
120.26344	887.953
120.79574	894.56903
121.32804	893.39215
121.86034	893.24292
122.39264	894.74237
122.92493	889.58789
123.45724	886.66064
123.98953	896.72449
124.52184	893.01709
125.05413	891.45227
125.58643	893.11566
126.11873	887.64783
126.65103	893.50006
127.18333	897.01135
127.71563	889.01862
128.24792	882.95233
128.78023	884.53662
129.31252	890.55817
129.84482	895.15741
130.37712	884.29523
130.90942	889.87585
131.44171	893.26886
131.97401	893.49731
132.50632	897.49872
133.03862	892.06934
133.57091	893.91046
134.10321	894.70941
134.63551	891.02307
135.16782	889.59564
135.7001	896.46497
136.23241	902.32263
136.76471	886.63416
137.297	888.7049
137.8293	891.37701
138.3616	897.48615
138.89391	906.83118
139.42619	894.75903
139.9585	887.2218
140.4908	887.93231
141.0231	890.70557
141.55539	892.91083
142.08769	895.06195
142.62	899.54779
143.1523	892.00824
143.68459	891.57269
144.21689	892.68311
144.74919	891.23749
145.28149	890.09387
145.81378	897.67267
146.34608	895.15778
146.87839	893.37994
147.41068	896.30292
147.94298	899.05792
148.47528	897.46722
149.00758	892.20508
149.53987	895.55603
150.07217	898.14209
150.60448	896.73224
151.13678	895.7851
151.66907	895.92194
152.20137	895.13654
152.73367	897.23114
153.26598	898.133
153.79826	898.65326
154.33057	895.76636
154.86287	894.97467
155.39516	899.5636
155.92746	892.43414
156.45976	898.94244
156.99207	897.33447
157.52435	898.85138
158.05666	901.48279
158.58896	901.55121
159.12126	904.86432
159.65355	906.54419
160.18585	906.82031
160.71815	913.5636
161.25046	911.17688
161.78275	896.07416
162.31505	890.44092
162.84735	899.67084
163.37965	901.1806
163.91194	897.27435
164.44424	899.71729
164.97655	907.18042
165.50883	905.76398
166.04114	896.52863
166.57344	895.02881
167.10574	898.49469
167.63803	902.39362
168.17033	900.17633
168.70264	891.3075
169.23494	897.61664
169.76723	899.83527
170.29953	891.4444
170.83183	896.96973
171.36414	905.09937
171.89642	900.43604
172.42873	898.75452
172.96103	897.06982
173.49332	895.73737
174.02562	892.85742
174.55792	898.39252
175.09023	908.4527
175.62251	899.84625
176.15482	893.96259
176.68712	896.62769
177.21942	900.4104
177.75171	900.35663
178.28401	898.04242
178.81631	898.4472
179.34862	895.92413
179.88091	891.41772
180.41321	901.96887
180.94551	902.84174
181.4778	895.63446
182.0101	895.12817
182.5424	899.76062
183.07471	893.03943
183.60699	894.49121
184.1393	889.2066
184.6716	889.11365
185.2039	899.88153
185.73619	902.03284
186.26849	898.23877
186.8008	888.21484
187.3331	890.224
187.86539	895.50714
188.39769	893.58789
188.92999	884.63843
189.4623	896.01892
189.99458	892.01849
190.52689	893.26508
191.05919	895.68927
191.59148	895.63348
192.12378	891.97339
192.65608	885.23785
193.18839	885.23651
193.72067	887.63983
194.25298	891.64825
194.78528	891.80524
195.31758	889.78827
195.84987	896.84882
196.38217	891.36377
196.91447	894.45685
197.44678	898.0799
197.97906	896.91962
198.51137	893.49835
199.04367	893.32758
199.57596	886.99677
200.10826	895.9823
200.64056	893.34912
201.17287	888.74353
201.70515	885.70319
202.23746	885.70923
202.76976	894.68665
203.30206	893.84271
203.83435	891.57306
204.36665	888.48224
204.89896	883.901
205.43126	880.19592
205.96355	882.19745
206.49585	886.84076
207.02815	893.80731
207.56044	885.44824
208.09274	880.13062
208.62505	884.92499
209.15735	892.72992
209.68964	890.1947
210.22194	890.61578
210.75424	888.96747
211.28654	886.85382
211.81883	887.39752
212.35114	890.63708
212.88344	892.04724
213.41574	890.35577
213.94803	889.80389
214.48033	888.77496
215.01263	890.20697
215.54494	891.35022
216.07722	888.17841
216.60953	888.17706
217.14183	891.50171
217.67412	887.09753
218.20642	885.4566
218.73872	888.56305
219.27103	890.96252
219.80331	885.34839
220.33562	895.07202
220.86792	889.41235
221.40022	894.61713
221.93251	895.68591
222.46481	892.38892
222.99712	895.79211
223.52942	890.2923
224.06171	893.05328
224.59401	896.68774
225.12631	894.77808
225.6586	891.10559
226.1909	889.09357
226.72321	885.61554
227.25551	892.38397
227.7878	896.53278
228.3201	895.85083
228.8524	890.4165
229.3847	886.01947
229.91699	888.4884
230.4493	890.60327
230.9816	890.22418
231.5139	895.23676
232.04619	893.42749
232.57849	891.13147
233.11079	892.74841
233.64308	890.24976
234.17538	897.86981
234.70769	887.19934
235.23999	894.00378
235.77228	893.30109
236.30458	886.45667
236.83688	890.47345
237.36919	889.62903
237.90147	893.4397
238.43378	894.12164
238.96608	891.94586
239.49838	890.7066
240.03067	891.13849
240.56297	889.13019
241.09528	884.46808
241.62758	891.55414
242.15987	891.71631
242.69217	894.21246
243.22447	893.34705
243.75676	885.55945
244.28906	894.40619
244.82137	887.60968
245.35367	888.77148
245.88596	890.17419
246.41826	894.17212
246.95056	895.07251
247.48286	885.15961
248.01515	892.78992
248.54745	882.49493
249.07976	887.72931
249.61206	890.05426
250.14435	889.13519
250.67665	887.98315
251.20895	880.87616
251.74124	891.90259
252.27354	896.87988
252.80585	895.34595
253.33815	894.04169
253.87044	893.35443
254.40274	890.42426
254.93504	889.56079
255.46735	886.58337
255.99963	892.07843
256.53195	890.96643
257.06424	890.70581
257.59653	891.50934
258.12885	883.41632
258.66113	890.20581
259.19342	897.41101
259.72574	900.70667
260.25803	891.96539
260.79031	885.05029
261.32263	889.25476
261.85492	888.26031
262.38724	891.23706
262.91953	894.5871
263.45181	899.80969
263.98413	896.36865
264.51642	889.67432
265.04871	891.53552
265.58102	894.06433
266.11331	894.91254
266.64563	892.55774
267.17792	893.52039
267.71021	895.46198
268.24252	896.17889
268.77481	895.54669
269.3071	888.30792
269.83942	889.67932
270.3717	899.08453
270.90399	894.67371
271.43631	889.89594
271.9686	895.98602
272.50092	896.99976
273.0332	891.03601
273.56549	900.67316
274.09781	897.84381
274.6301	889.69147
275.16238	887.2146
275.6947	891.96393
276.22699	889.70465
276.75931	893.53772
277.2916	890.67505
277.82388	895.78131
278.3562	893.74298
278.88849	890.07758
279.42078	898.98248
279.95309	896.02155
280.48538	896.8725
281.01767	893.10797
281.54999	887.01141
282.08228	886.20917
282.61459	890.81256
283.14688	892.58722
283.67917	889.60138
284.21149	895.69781
284.74377	890.8985
285.27606	893.04913
285.80838	891.93262
286.34067	885.61151
286.87296	893.76917
287.40527	891.63525
287.93756	895.88428
288.46988	891.78723
289.00217	894.28558
289.53445	896.27728
290.06677	889.75281
290.59906	887.41595
291.13135	892.96082
291.66367	886.53638
292.19595	890.7417
292.72827	892.56757
293.26056	889.31622
293.79285	888.76776
294.32516	896.12598
294.85745	888.86914
295.38974	890.22815
295.92206	891.88257
296.45435	893.1618
296.98663	893.19275
297.51895	891.63782
298.05124	892.56848
298.58356	896.40973
299.11584	894.04889
299.64813	891.21167
300.18045	887.98602
300.71274	889.43799
301.24503	898.28735
301.77734	894.40698
302.30963	883.30017
302.84195	892.52686
303.37424	895.5343
303.90652	891.698
304.43884	891.17163
304.97113	898.84875
305.50342	895.00208
306.03574	891.99255
306.56802	883.39984
307.10031	888.00415
307.63263	892.18427
308.16492	888.54492
308.69724	887.01373
309.22952	884.02051
309.76181	896.03473
310.29413	890.85675
310.82642	894.52771
311.3587	895.42041
311.89102	889.98987
312.42331	895.59363
312.9556	893.02686
313.48792	893.75653
314.0202	887.44763
314.55252	888.46509
315.08481	888.57526
315.6171	885.80933
316.14941	892.97766
316.6817	893.40491
317.21399	893.83221
317.74631	893.92035
318.27859	899.78687
318.81091	901.7912
319.3432	898.7738
319.87549	903.37897
320.40781	894.80267
320.94009	890.72839
321.47238	889.57349
322.0047	891.53674
322.53699	891.46094
323.06927	888.03607
323.60159	888.58112
324.13388	902.27673
324.6662	896.76337
325.19849	892.0191
325.73077	892.80487
326.26309	896.26917
326.79538	898.39734
327.32767	898.12982
327.85999	895.98328
328.39227	894.24786
328.92459	901.04181
329.45688	899.27844
329.98917	895.08698
330.52148	895.51477
331.05377	895.83044
331.58606	895.3999
332.11838	893.72559
332.65067	893.0387
333.18295	892.88116
333.71527	892.87976
334.24756	893.53711
334.77988	895.74286
335.31216	898.31262
335.84445	896.28021
336.37677	902.14215
336.90906	897.09515
337.44135	890.24872
337.97366	889.09558
338.50595	888.56622
339.03824	889.85345
339.57056	895.39349
340.10284	896.36359
340.63516	892.3797
341.16745	893.64282
341.69974	899.79071
342.23206	900.41772
342.76434	897.8382
343.29663	895.25854
343.82895	896.30725
344.36124	898.02606
344.89355	900.19006
345.42584	902.00293
345.95813	900.69403
346.49045	892.56122
347.02274	899.86761
347.55502	890.79102
348.08734	891.27301
348.61963	894.07422
349.15192	894.82813
349.68423	896.58453
350.21652	899.74518
350.74884	898.02368
351.28113	897.83521
351.81342	896.8938
352.34573	895.35675
352.87802	894.68024
353.41031	895.43451
353.94263	895.82843
354.47491	895.82709
355.00723	895.42969
355.53952	895.3244
356.07181	895.83667
356.60413	898.37958
357.13641	901.34985
357.6687	899.03955
358.20102	892.15253
358.73331	889.7691
359.26559	896.46576
359.79791	898.99982
360.3302	896.49689
360.86252	895.79736
361.39481	901.43683
361.92709	902.29651
362.45941	897.21039
362.9917	896.66144
363.52399	897.95148
364.0563	896.40619
364.58859	893.45044
365.12088	893.16235
365.6532	889.8714
366.18549	892.89105
366.7178	893.66882
367.25009	892.27399
367.78238	895.99908
368.3147	897.6311
368.84698	890.58423
369.37927	892.30707
369.91159	900.07666
370.44388	897.65509
370.9762	896.78522
371.50848	892.97003
372.04077	890.02478
372.57309	891.86694
373.10538	893.87628
373.63766	894.73871
374.16998	891.06879
374.70227	893.36517
375.23456	896.14893
375.76688	896.24078
376.29916	893.39313
376.83148	891.51685
377.36377	902.22339
377.89606	891.87354
378.42838	894.28162
378.96066	901.41071
379.49295	900.68726
380.02527	893.65796
380.55756	890.53864
381.08987	892.27905
381.62216	901.33624
382.15445	899.53912
382.68677	898.1145
383.21906	893.21283
383.75134	892.06677
384.28366	899.73077
384.81595	904.68896
385.34824	890.85138
385.88055	900.1535
386.41284	896.03595
386.94516	898.51611
387.47745	903.58295
388.00974	901.3241
388.54205	891.91803
389.07434	887.49805
389.60663	904.79895
390.13895	906.86499
390.67123	901.56329
391.20352	901.31311
391.73584	908.63129
392.26813	911.22406
392.80045	892.81146
393.33273	906.22467
393.86502	897.63782
394.39734	895.22577
394.92963	898.13843
395.46191	897.95471
395.99423	896.20264
396.52652	902.64941
397.05884	898.7522
397.59113	902.15137
398.12341	894.74908
398.65573	895.25623
399.18802	901.36267
399.72031	902.32971
400.25262	896.3399
400.78491	900.63965
401.3172	891.54382
401.84952	898.57281
402.38181	903.9696
402.91412	904.92548
403.44641	905.74438
403.9787	906.43927
404.51102	902.85431
405.0433	914.98376
405.57559	898.56726
406.10791	903.97235
406.6402	902.79761
407.17252	899.01392
407.7048	901.86749
408.23709	908.94519
408.76941	905.90167
409.3017	909.36768
409.83398	901.40869
410.3663	900.82458
410.89859	896.19568
411.43088	892.74121
411.9632	898.64722
412.49548	908.36963
413.0278	906.19604
413.56009	901.87622
414.09238	898.26605
414.62469	899.85046
415.15698	902.13599
415.68927	903.50018
416.22159	906.065
416.75388	909.53619
417.28616	907.79633
417.81848	899.63263
418.35077	901.69073
418.88309	903.12494
419.41537	899.40509
419.94766	894.3847
420.47998	895.3894
421.01227	905.65814
421.54456	905.65686
422.07687	911.65149
422.60916	910.56061
423.14148	908.409
423.67377	906.5481
424.20605	901.61902
424.73837	895.3526
425.27066	901.86249
425.80295	900.06616
426.33527	909.10272
426.86755	902.02661
427.39984	900.45154
427.93216	909.75739
428.46445	909.80267
428.99677	903.75513
429.52905	905.9295
430.06134	907.70721
430.59366	904.85413
431.12595	911.27545
431.65823	911.91815
432.19055	899.3783
432.72284	893.8656
433.25516	898.63177
433.78745	899.50104
434.31973	897.39069
434.85205	900.61951
435.38434	906.02991
435.91663	906.81604
436.44894	903.29535
436.98123	906.19507
437.51352	911.40912
438.04584	911.61493
438.57813	903.47638
439.11044	905.31049
439.64273	907.54321
440.17502	905.92871
440.70734	907.17828
441.23962	909.99524
441.77191	915.65778
442.30423	900.05341
442.83652	903.51709
443.3688	910.64032
443.90112	915.88306
444.43341	915.22833
444.96573	906.46832
445.49802	911.38104
446.0303	919.64471
446.56262	911.33405
447.09491	909.23541
447.6272	907.52917
448.15952	911.39844
448.6918	919.55096
449.22412	917.1106
449.75641	920.56036
450.2887	904.42493
450.82101	912.89447
451.3533	909.47589
451.88559	908.02051
452.41791	917.78326
452.9502	922.65143
453.48248	902.54034
454.0148	922.60577
454.54709	931.16803
455.07941	924.2384
455.61169	913.00793
456.14398	916.47815
456.6763	919.24658
457.20859	905.38617
457.74088	906.26385
458.27319	903.20776
458.80548	906.80481
459.3378	913.56207
459.87009	917.79828
460.40237	916.79541
460.93469	918.1272
461.46698	923.77344
461.99927	913.4881
462.53159	924.83795
463.06387	919.00531
463.59616	921.6994
464.12848	920.15948
464.66077	921.71057
465.19308	923.92957
465.72537	918.43317
466.25766	924.54333
466.78998	924.54193
467.32227	922.11719
467.85455	930.73895
468.38687	926.1554
468.91916	920.96661
469.45145	922.01862
469.98376	916.74847
470.51605	909.31873
471.04837	922.42603
471.58066	917.92767
472.11295	922.26038
472.64526	924.20276
473.17755	922.03998
473.70984	921.66718
474.24216	925.26318
474.77444	923.84961
475.30676	920.78821
475.83905	922.11469
476.37134	922.51764
476.90366	926.07666
477.43594	933.66962
477.96823	935.99475
478.50055	924.87244
479.03284	917.4021
479.56512	924.39832
480.09744	919.80896
480.62973	921.88208
481.16205	924.05536
481.69434	920.24811
482.22662	917.67035
482.75894	924.29352
483.29123	921.10736
483.82352	922.85602
484.35583	925.81622
484.88812	922.75116
485.42044	920.71667
485.95273	922.87048
486.48502	924.9118
487.01733	923.68878
487.54962	929.63312
488.08191	938.82343
488.61423	935.41736
489.14651	935.52191
489.6788	936.55127
490.21112	936.31683
490.74341	938.68671
491.27573	943.31696
491.80801	934.44159
492.3403	934.00226
492.87262	942.66235
493.40491	932.4906
493.93719	929.21753
494.46951	929.55499
495.0018	931.15955
495.53409	933.69293
496.06641	924.99481
496.59869	939.91864
497.13101	928.62451
497.6633	930.79749
498.19559	933.66193
498.72791	932.07111
499.26019	932.83569
499.79248	940.58417
500.3248	945.62518
500.85709	942.98889
501.3894	935.14911
501.92169	932.83673
502.45398	937.1167
502.9863	943.95428
503.51859	940.17767
504.05087	930.53937
504.58319	939.17389
505.11548	937.34766
505.64777	930.75598
506.18008	932.63855
506.71237	931.49292
507.24469	932.55176
507.77698	936.47302
508.30927	937.15314
508.84158	931.92413
509.37387	935.10632
509.90616	949.17072
510.43848	946.02954
510.97076	941.87213
511.50308	948.80884
512.03534	950.60962
512.56769	943.63257
513.09998	940.54749
513.63226	935.95074
514.16455	947.82153
514.69684	942.992
515.22919	941.91901
515.76147	935.0835
516.29376	938.23663
516.82605	946.56134
517.35834	946.38037
517.89063	947.45941
518.42297	943.9389
518.95526	943.47308
519.48755	949.8078
520.01984	950.32458
520.55212	942.48077
521.08447	940.22742
521.61676	946.08173
522.14905	943.43549
522.68134	941.30872
523.21362	951.43091
523.74591	957.17426
524.27826	950.61609
524.81055	960.53906
525.34283	962.86505
525.87512	952.36975
526.40741	951.58655
526.93976	945.24017
527.47205	954.48578
528.00433	953.62305
528.53662	954.1098
529.06891	950.74835
529.60126	952.27667
530.13354	957.30023
530.66583	959.00433
531.19812	956.55066
531.73041	937.97748
532.2627	945.02429
532.79504	947.42389
533.32733	954.77356
533.85962	955.13715
534.39191	952.16016
534.92419	952.02014
535.45654	954.12524
535.98883	961.50006
536.52112	956.64136
537.05341	958.85785
537.58569	966.84814
538.11798	961.52106
538.65033	952.75177
539.18262	955.66736
539.7149	967.22217
540.24719	968.1676
540.77948	966.88623
541.31183	970.86145
541.84412	974.05676
542.3764	962.05334
542.90869	957.77399
543.44098	954.78546
543.97327	954.40607
544.50562	966.99884
545.0379	956.5932
545.57019	953.50421
546.10248	967.16272
546.63477	964.42603
547.16711	953.56946
547.6994	958.57599
548.23169	968.34851
548.76398	964.30566
549.29626	961.28955
549.82855	970.52411
550.3609	978.48248
550.89319	978.93335
551.42548	976.46973
551.95776	980.34308
552.49005	982.33496
553.0224	975.58295
553.55469	973.2135
554.08698	994.30164
554.61926	965.98755
555.15155	985.58179
555.6839	981.72083
556.21619	979.63092
556.74847	979.03821
557.28076	978.51276
557.81305	974.5354
558.34534	967.38452
558.87769	984.03296
559.40997	971.63733
559.94226	981.95648
560.47455	982.8844
561.00684	975.76172
561.53918	966.50055
562.07147	966.23596
562.60376	980.70129
563.13605	996.86517
563.66833	987.96893
564.20062	995.49573
564.73297	987.98004
565.26526	991.21198
565.79755	993.79059
566.32983	1005.6935
566.86212	1013.5848
567.39447	998.96008
567.92676	995.0882
568.45905	1001.7327
568.99133	985.51721
569.52362	980.60236
570.05591	999.65356
570.58826	1002.4796
571.12054	992.59595
571.65283	993.24359
572.18512	1005.1603
572.71741	1008.1068
573.24976	1001.0136
573.78204	1009.7618
574.31433	1002.7258
574.84662	1007.6367
575.37891	1008.1369
575.91119	1007.2866
576.44354	1010.605
576.97583	1007.7623
577.50812	1007.4759
578.04041	1003.4838
578.57269	1020.0022
579.10504	1026.5225
579.63733	1014.877
580.16962	1003.502
580.7019	1003.5466
581.23419	1012.3225
581.76654	1021.6693
582.29883	1021.0023
582.83112	1016.5554
583.3634	1008.3992
583.89569	1016.3753
584.42798	1009.127
584.96033	1006.636
585.49261	1006.4489
586.0249	1001.9895
586.55719	1013.3547
587.08948	1011.8931
587.62183	1026.1245
588.15411	1003.9053
588.6864	1012.1552
589.21869	1016.5402
589.75098	1014.5192
590.28326	1011.9254
590.81561	1012.8577
591.3479	1021.9515
591.88019	1023.2437
592.41248	1023.6865
592.94476	1016.3721
593.47711	1017.5419
594.0094	1027.9396
594.54169	1037.606
595.07397	1036.7468
595.60626	1024.639
596.13855	1015.3505
596.6709	1034.989
597.20319	1018.961
597.73547	1020.987
598.26776	1020.6439
598.80005	1016.0146
599.3324	1008.5632
599.86469	1016.5739
600.39697	1037.1669
600.92926	1035.6222
601.46155	1035.0575
601.99384	1032.3837
602.52618	1022.6804
603.05847	1020.696
603.59076	1022.522
604.12305	1024.1925
604.65533	1025.0812
605.18768	1025.9705
605.71997	1023.13
606.25226	1007.1445
606.78455	1028.5339
607.31683	1032.2102
607.84918	1018.3969
608.38147	1023.1682
608.91376	1025.5796
609.44604	1017.3196
609.97833	1013.7379
610.51062	1023.1165
611.04297	1027.3315
611.57526	1029.1135
612.10754	1027.8811
612.63983	1020.141
613.17212	1025.3939
613.70447	1030.2039
614.23676	1030.8811
614.76904	1029.0947
615.30133	1025.8245
615.83362	1030.2664
616.36591	1031.1553
616.89825	1016.5557
617.43054	1034.0936
617.96283	1034.3013
618.49512	1028.0042
619.0274	1022.8839
619.55975	1028.3029
620.09204	1040.7878
620.62433	1031.3271
621.15662	1029.3284
621.6889	1031.7322
622.22119	1022.5901
622.75354	1019.2659
623.28583	1027.7621
623.81812	1033.3734
624.3504	1034.9833
624.88269	1033.3199
625.41504	1022.4574
625.94733	1037.7484
626.47961	1029.7413
627.0119	1014.3173
627.54419	1022.1652
628.07648	1021.5165
628.60883	1019.4312
629.14111	1022.6511
629.6734	1023.1799
630.20569	1015.5112
630.73798	1018.4146
631.27032	1036.7753
631.80261	1029.5953
632.3349	1017.5204
632.86719	1014.8833
633.39948	1012.1998
633.93182	1011.3342
634.46411	1020.7872
634.9964	1026.0308
635.52869	1006.5193
636.06097	1001.2665
636.59326	1009.1266
637.12561	1010.3185
637.6579	1004.0551
638.19019	1002.6303
638.72247	1007.7952
639.25476	1002.207
639.78711	995.14276
640.3194	998.42249
640.85168	1000.1322
641.38397	998.97687
641.91626	994.16486
642.44855	1004.0122
642.9809	1005.0377
643.51318	999.50037
644.04547	1002.9276
644.57776	1004.0366
645.11005	999.35461
645.6424	1007.6157
646.17468	1000.9182
646.70697	991.13391
647.23926	992.49707
647.77155	997.79565
648.30383	996.89661
648.83618	1000.3154
649.36847	1004.2974
649.90076	991.15454
650.43304	993.40137
650.96533	1002.699
651.49768	990.62927
652.02997	986.75049
652.56226	992.89203
653.09454	989.47766
653.62683	984.98773
654.15912	984.94073
654.69147	993.48932
655.22375	985.16473
655.75604	988.2533
656.28833	987.33478
656.82062	988.0658
657.35297	991.46631
657.88525	987.98895
658.41754	977.67688
658.94983	975.93359
659.48212	968.31573
660.01447	985.85828
660.54675	980.43146
661.07904	976.97809
661.61133	982.59235
662.14362	982.45361
662.6759	980.27545
663.20825	968.33221
663.74054	975.58807
664.27283	974.74902
664.80511	981.68597
665.3374	975.34827
665.86975	973.32861
666.40204	975.57666
666.93433	984.75385
667.46661	980.55762
667.9989	972.55774
668.53119	970.03326
669.06354	974.78278
669.59583	967.35004
670.12811	973.24835
670.6604	966.29071
671.19269	961.33905
671.72504	963.08026
672.25732	963.67822
672.78961	962.68439
673.3219	975.26721
673.85419	970.23553
674.38647	959.28406
674.91882	960.23602
675.45111	964.01379
675.9834	970.63977
676.51569	969.26654
677.04797	958.24597
677.58032	955.65527
678.11261	967.16327
678.6449	956.40393
679.17719	957.20477
679.70947	950.90393
680.24176	958.2547
680.77411	963.45331
681.3064	958.5907
681.83868	954.39685
682.37097	959.64417
682.90326	960.42865
683.43561	952.42822
683.9679	964.07349
684.50018	967.33899
685.03247	958.99506
685.56476	962.25891
686.09711	967.77332
686.62939	963.59424
687.16168	954.7193
687.69397	945.63464
688.22626	963.41937
688.75854	956.75104
689.29089	954.79388
689.82318	952.11609
690.35547	958.13684
690.88776	956.13239
691.42004	949.48785
691.95239	953.55115
692.48468	952.81262
693.01697	939.14899
693.54926	956.11316
694.08154	953.15973
694.61383	955.67358
695.14618	948.80896
695.67847	946.12439
696.21075	952.45911
696.74304	953.72626
697.27533	944.74585
697.80768	953.27325
698.33997	968.45972
698.87225	944.37616
699.40454	951.25507
699.93683	956.9046
700.46912	952.86523
701.00146	946.69489
701.53375	947.63202
702.06604	955.61023
702.59833	957.7868
703.13062	952.00177
703.66296	948.42139
704.19525	951.07361
704.72754	947.96588
705.25983	946.00299
705.79211	943.2804
706.3244	948.98572
706.85675	962.75024
707.38904	953.1806
707.92133	947.67236
708.45361	949.92297
708.9859	950.53625
709.51825	947.79022
710.05054	952.43372
710.58282	956.9314
711.11511	953.35004
711.6474	943.96057
712.17975	939.16431
712.71204	948.10712
713.24432	952.14612
713.77661	954.02289
714.3089	949.34857
714.84119	951.75873
715.37354	948.87903
715.90582	950.43134
716.43811	954.47992
716.9704	949.71814
717.50269	951.04224
718.03503	942.25385
718.56732	953.448
719.09961	943.03839
719.6319	947.5882
720.16418	945.95215
720.69647	947.0351
721.22882	941.09015
721.76111	935.85968
722.2934	957.58813
722.82568	948.54529
723.35797	942.73645
723.89032	942.18463
724.42261	947.1524
724.9549	943.98767
725.48718	946.45807
726.01947	950.65179
726.55176	944.99756
727.08411	938.12585
727.61639	951.31989
728.14868	951.24365
728.68097	940.4989
729.21326	947.75238
729.74561	940.89197
730.27789	944.44049
730.81018	943.61731
731.34247	940.84906
731.87476	945.91302
732.40704	947.87891
732.93939	931.9314
733.47168	935.91595
734.00397	933.69025
734.53625	932.67346
735.06854	940.89856
735.60089	946.90363
736.13318	946.54828
736.66547	946.11938
737.19775	948.71039
737.73004	947.49982
738.26239	940.72668
738.79468	942.09113
739.32697	939.93701
739.85925	938.87628
740.39154	941.03564
740.92383	936.74146
741.45618	942.13641
741.98846	947.18146
742.52075	942.95074
743.05304	953.32959
743.58533	933.83606
744.11768	941.93805
744.64996	941.02521
745.18225	940.07379
745.71454	935.2608
746.24683	940.89697
746.77911	942.40839
747.31146	939.91071
747.84375	948.66522
748.37604	953.21448
748.90833	940.54865
749.44061	942.36371
749.97296	941.22357
750.50525	946.96606
751.03754	942.58386
751.56982	937.68549
752.10211	942.08777
752.6344	942.59656
753.16675	934.66138
753.69904	949.74127
754.23132	953.16919
754.76361	942.39563
755.2959	939.57458
755.82825	936.97119
756.36053	937.47839
756.89282	939.56372
757.42511	940.08295
757.9574	937.74261
758.48969	932.88293
759.02203	928.44098
759.55432	938.90198
760.08661	941.16882
760.6189	941.34436
761.15118	944.30817
761.68353	940.59729
762.21582	942.74219
762.74811	948.22998
763.2804	941.45911
763.81268	930.71765
764.34503	949.17889
764.87732	950.77039
765.40961	957.08948
765.94189	961.73529
766.47418	948.04321
767.00647	945.95367
767.53882	940.48615
768.07111	934.3689
768.60339	931.8493
769.13568	932.24554
769.66797	945.31885
770.20032	939.92419
770.7326	926.85516
771.26489	931.75171
771.79718	936.12122
772.32947	931.96991
772.86176	934.57172
773.3941	936.69104
773.92639	935.55682
774.45868	938.5979
774.99097	942.32434
775.52325	948.78375
776.0556	934.80487
776.58789	940.91876
777.12018	952.35938
777.65247	940.17615
778.18475	927.71173
778.71704	932.39691
779.24939	939.15161
779.78168	937.78174
780.31396	941.02386
780.84625	931.34796
781.37854	939.49695
781.91089	939.55261
782.44318	935.96655
782.97546	942.48486
783.50775	944.69537
784.04004	939.27972
784.57233	941.0528
785.10468	946.83197
785.63696	937.81262
786.16925	931.13269
786.70154	930.88824
787.23383	936.77057
787.76617	944.33008
788.29846	937.65411
788.83075	941.82599
789.36304	934.38049
789.89532	929.74695
790.42767	938.1264
790.95996	941.32874
791.49225	937.81458
792.02454	934.76178
792.55682	932.97064
793.08911	935.10614
793.62146	942.82593
794.15375	940.19641
794.68604	938.2699
795.21832	938.73999
795.75061	937.83057
796.28296	936.03064
796.81525	937.88324
797.34753	945.12061
797.87982	945.48743
798.41211	939.18219
798.9444	942.729
799.47675	937.82019
800.00903	940.39685
800.54132	944.24744
801.07361	941.64716
801.6059	938.25238
802.13824	942.50769
802.67053	947.09644
803.20282	936.14758
803.73511	941.59845
804.2674	949.67664
804.79968	936.75159
805.33203	941.4184
805.86432	935.57062
806.39661	932.60529
806.92889	935.17206
807.46118	932.62726
807.99353	933.94452
808.52582	943.96167
809.05811	937.24988
809.59039	946.78162
810.12268	951.27209
810.65497	940.43958
811.18732	935.87372
811.7196	942.26465
812.25189	938.91772
812.78418	935.61816
813.31647	944.77704
813.84882	938.99585
814.3811	934.55121
814.91339	938.64844
815.44568	947.74829
815.97797	937.27771
816.51031	933.62109
817.0426	942.64667
817.57489	940.47888
818.10718	938.40704
818.63947	939.88818
819.17175	931.53418
819.7041	933.28314
820.23639	945.10663
820.76868	936.03503
821.30096	938.9715
821.83325	938.58514
822.3656	940.86267
822.89789	936.71393
823.43018	931.87561
823.96246	936.43756
824.49475	944.30103
825.02704	942.52478
825.55939	938.08032
826.09167	938.43103
826.62396	937.08728
827.15625	935.74341
827.68854	937.93176
828.22089	939.28687
828.75317	938.40533
829.28546	936.86133
829.81775	937.40424
830.35004	942.28021
830.88232	945.95105
831.41467	937.19928
831.94696	937.57898
832.47925	943.49982
833.01154	944.62622
833.54382	941.24945
834.07617	937.51947
834.60846	939.91217
835.14075	943.59967
835.67303	947.15118
836.20532	946.90149
836.73761	937.24573
837.26996	931.18939
837.80225	944.49957
838.33453	945.88312
838.86682	948.58105
839.39911	953.69513
839.93146	939.28436
840.46375	936.75507
840.99603	936.92487
841.52832	940.3219
842.06061	945.3465
842.59296	938.07629
843.12524	934.64856
843.65753	947.58649
844.18982	940.77081
844.72211	945.99194
845.25439	944.65662
845.78674	948.80573
846.31903	940.72119
846.85132	937.92114
847.38361	937.61383
847.91589	935.17041
848.44824	943.77344
848.98053	957.96198
849.51282	946.44623
850.0451	937.82104
850.57739	943.76129
851.10968	952.99847
851.64203	943.47925
852.17432	944.88818
852.7066	941.20264
853.23889	939.4483
853.77118	945.3465
854.30353	945.82574
854.83582	938.76154
855.3681	935.87915
855.90039	935.49518
856.43268	950.5636
856.96497	938.74414
857.49731	939.24805
858.0296	949.2428
858.56189	954.48859
859.09418	951.84845
859.62646	948.43024
860.15881	946.68652
860.6911	948.57422
861.22339	961.61133
861.75568	947.17633
862.28796	946.73767
862.82025	948.07892
863.3526	944.24695
863.88489	939.69293
864.41718	944.92108
864.94946	946.91119
865.48175	947.38873
866.0141	948.55487
866.54639	948.6344
867.07867	955.95782
867.61096	960.15314
868.14325	942.38434
868.6756	960.66815
869.20789	947.08215
869.74017	954.01642
870.27246	952.9223
870.80475	947.75079
871.33704	946.03333
871.86938	948.22437
872.40167	951.56329
872.93396	952.83704
873.46625	950.27179
873.99854	949.03943
874.53088	954.08356
875.06317	959.12817
875.59546	951.06976
876.12775	951.75732
876.66003	943.94049
877.19232	953.02399
877.72467	960.62939
878.25696	953.31915
878.78925	951.89697
879.32153	959.5116
879.85382	950.42816
880.38617	954.32819
880.91846	954.34595
881.45074	954.80499
881.98303	951.28705
882.51532	950.39911
883.04761	947.58276
883.57996	956.84082
884.11224	959.97021
884.64453	952.59418
885.17682	950.82019
885.70911	948.73065
886.24146	951.58496
886.77374	951.8454
887.30603	947.27826
887.83832	964.50104
888.37061	965.51782
888.90289	957.3703
889.43524	947.31946
889.96753	944.21802
890.49982	946.52301
891.0321	949.84436
891.56439	952.70013
892.09674	954.13507
892.62903	959.38062
893.16132	957.28845
893.6936	971.04181
894.22589	959.62378
894.75824	971.93585
895.29053	958.96991
895.82281	954.63196
896.3551	959.84869
896.88739	960.60864
897.41968	952.1355
897.95203	947.03571
898.48431	958.22473
899.0166	958.80725
899.54889	968.54889
900.08118	970.39917
900.61353	962.61694
901.14581	965.49036
901.6781	958.35779
902.21039	954.73975
902.74268	959.22485
903.27496	966.58344
903.80731	968.11401
904.3396	965.77997
904.87189	970.08173
905.40417	969.86511
905.93646	959.2168
906.46881	967.94556
907.0011	971.33698
907.53339	970.10876
908.06567	962.08234
908.59796	960.88953
909.13025	960.93225
909.6626	964.19147
910.19489	971.14972
910.72717	974.36719
911.25946	970.89954
911.79175	966.53479
912.3241	966.13177
912.85638	951.92609
913.38867	979.52502
913.92096	979.84521
914.45325	965.42188
914.98553	956.23016
915.51788	967.15454
916.05017	972.90814
916.58246	977.46893
917.11475	983.65649
917.64703	972.30469
918.17938	963.40857
918.71167	982.2276
919.24396	975.23553
919.77625	965.59277
920.30853	971.73224
920.84088	973.86932
921.37317	978.13562
921.90546	981.30267
922.43774	979.71814
922.97003	977.26691
923.50232	970.59045
924.03467	966.05878
924.56696	974.74097
925.09924	971.10828
925.63153	977.99756
926.16382	979.81927
926.69617	969.24963
927.22845	962.4776
927.76074	965.61084
928.29303	966.92188
928.82532	969.37384
929.3576	977.31122
929.88995	983.87585
930.42224	982.75922
930.95453	974.29749
931.48682	961.84192
932.0191	959.46112
932.55145	971.47626
933.08374	970.10938
933.61603	974.61182
934.14832	976.35254
934.6806	978.49768
935.21289	983.16132
935.74524	982.21771
936.27753	978.65167
936.80981	980.89728
937.3421	980.00726
937.87439	970.02002
938.40674	972.17694
938.93903	979.70544
939.47131	992.55005
940.0036	977.78766
940.53589	995.62103
941.06818	994.17505
941.60052	991.88776
942.13281	988.40411
942.6651	997.71564
943.19739	993.75934
943.72968	981.5752
944.26202	981.69025
944.79431	981.7597
945.3266	973.28448
945.85889	964.16608
946.39117	976.80597
946.92352	992.07697
947.45581	980.4837
947.9881	983.17096
948.52039	992.99689
949.05267	992.78235
949.58496	991.71954
950.11731	993.68787
950.6496	992.31763
951.18188	983.06854
951.71417	975.48749
952.24646	981.11322
952.77881	983.92139
953.3111	1003.0189
953.84338	983.6109
954.37567	977.3811
954.90796	994.28998
955.44025	995.55267
955.9726	987.33282
956.50488	989.92828
957.03717	988.82971
957.56946	990.56342
958.10175	995.8103
958.63409	991.50739
959.16638	990.96619
959.69867	993.90668
960.23096	984.1958
960.76324	997.97272
961.29553	993.82422
961.82788	993.53741
962.36017	997.86719
962.89246	1001.2027
963.42474	992.86816
963.95703	989.57526
964.48938	991.12592
965.02167	997.77161
965.55396	1008.3528
966.08624	1006.0118
966.61853	994.74084
967.15082	999.84766
967.68317	989.94061
968.21545	994.59082
968.74774	991.63605
969.28003	994.15948
969.81232	997.42023
970.34467	983.14508
970.87695	986.35889
971.40924	990.98035
971.94153	992.73889
972.47382	996.62836
973.00616	993.86676
973.53845	994.07703
974.07074	1004.5634
974.60303	997.23853
975.13531	994.81409
975.6676	985.55981
976.19995	993.7605
976.73224	997.03882
977.26453	1013.9668
977.79681	1006.6009
978.3291	1000.1707
978.86145	998.30042
979.39374	994.14435
979.92603	1000.8124
980.45831	1015.3317
980.9906	1009.6192
981.52289	999.41803
982.05524	992.6377
982.58752	997.77728
983.11981	1006.1461
983.6521	997.25092
984.18439	1010.8533
984.71674	1009.7494
985.24902	1014.6354
985.78131	1003.3191
986.3136	995.13287
986.84589	999.60492
987.37817	1000.6198
987.91052	998.40491
988.44281	996.75092
988.9751	995.33026
989.50739	1019.2394
990.03967	1010.8425
990.57202	996.00293
991.10431	1006.6965
991.6366	1012.1175
992.16888	1014.137
992.70117	1007.6785
993.23346	1009.928
993.76581	1015.64
994.2981	1015.1184
994.83038	1012.4474
995.36267	1008.4993
995.89496	1003.5573
996.42731	1010.7668
996.95959	992.57697
997.49188	1010.1483
998.02417	1007.3782
998.55646	1015.6548
999.08881	1010.6536
999.62109	1006.3081
1000.1534	1002.9457
1000.6857	1008.19
1001.218	1013.4225
1001.7502	1005.2207
1002.2826	999.26831
1002.8149	1010.3345
1003.3472	1020.585
1003.8795	1020.6714
1004.4117	1007.93
1004.9441	1014.8151
1005.4764	1012.0314
1006.0087	1016.5872
1006.541	1001.3718
1007.0732	1014.9099
1007.6055	1022.4023
1008.1379	1016.529
1008.6702	1020.3362
1009.2025	1021.0584
1009.7347	1012.4259
1010.267	1010.9589
1010.7994	1012.7546
1011.3317	1009.4693
1011.864	1026.9117
1012.3962	1017.3807
1012.9285	1014.5402
1013.4608	1024.8379
1013.9932	1028.8448
1014.5255	1035.058
1015.0577	1027.2134
1015.59	1023.2909
1016.1223	1020.9732
1016.6547	1024.5869
1017.187	1025.1995
1017.7192	1021.0518
1018.2515	1028.9297
1018.7838	1037.8541
1019.3161	1019.2797
1019.8484	1019.2504
1020.3807	1014.1818
1020.913	1031.9935
1021.4453	1031.5436
1021.9776	1023.1247
1022.5099	1024.1073
1023.0422	1032.8563
1023.5745	1027.6852
1024.1068	1027.832
1024.6392	1031.5133
1025.1714	1036.7948
1025.7037	1040.9512
1026.236	1037.8301
1026.7683	1028.0659
1027.3007	1018.5101
1027.8329	1028.5829
1028.3652	1047.5814
1028.8975	1031.1802
1029.4298	1027.9221
1029.9622	1033.6124
1030.4944	1027.6853
1031.0267	1032.4401
1031.559	1029.4713
1032.0913	1037.4818
1032.6237	1039.9929
1033.1559	1038.6675
1033.6882	1032.0475
1034.2205	1030.8745
1034.7528	1040.431
1035.2852	1029.0658
1035.8174	1035.7002
1036.3497	1049.1462
1036.882	1038.463
1037.4143	1037.0756
1037.9465	1030.1898
1038.4789	1030.4409
1039.0112	1036.9315
1039.5435	1046.5973
1040.0758	1046.0045
1040.608	1046.8497
1041.1404	1042.2776
1041.6727	1041.3784
1042.205	1042.8552
1042.7373	1047.4836
1043.2695	1063.098
1043.8019	1053.0134
1044.3342	1056.4607
1044.8665	1059.6624
1045.3988	1052.522
1045.931	1040.3513
1046.4634	1040.2997
1046.9957	1049.5192
1047.528	1059.8522
1048.0603	1050.3804
1048.5925	1041.8887
1049.1249	1045.1542
1049.6571	1039.9061
1050.1895	1049.2357
1050.7218	1069.9065
1051.254	1066.064
1051.7864	1062.1566
1052.3186	1064.5781
1052.851	1051.4198
1053.3833	1053.698
1053.9155	1055.0164
1054.4479	1049.873
1054.9801	1058.5583
1055.5125	1056.3439
1056.0448	1075.1902
1056.577	1080.1329
1057.1094	1061.0664
1057.6416	1050.1429
1058.174	1061.9248
1058.7063	1070.5281
1059.2385	1065.5033
1059.7709	1071.6266
1060.3031	1081.5527
1060.8354	1062.2052
1061.3678	1069.0739
1061.9	1079.6377
1062.4324	1087.4945
1062.9646	1072.9551
1063.4969	1098.6254
1064.0292	1088.37
1064.5615	1083.2156
1065.0939	1083.1945
1065.6261	1076.5419
1066.1584	1078.0983
1066.6907	1077.7671
1067.223	1082.6455
1067.7554	1095.7246
1068.2876	1093.9187
1068.8199	1087.6472
1069.3522	1101.6002
1069.8845	1089.3361
1070.4169	1091.3146
1070.9491	1081.2513
1071.4814	1082.6792
1072.0137	1088.3212
1072.546	1111.5128
1073.0784	1102.0746
1073.6106	1089.4095
1074.1429	1085.2267
1074.6752	1095.0018
1075.2075	1100.8088
1075.7397	1104.7051
1076.2721	1101.7355
1076.8044	1092.6729
1077.3367	1089.3628
1077.869	1096.1215
1078.4012	1118.7806
1078.9336	1107.3064
1079.4659	1097.4436
1079.9982	1105.4465
1080.5305	1094.6405
1081.0627	1110.2721
1081.5951	1106.3099
1082.1274	1111.6119
1082.6597	1125.8225
1083.192	1122.8054
1083.7242	1130.9987
1084.2566	1126.9706
1084.7889	1126.6169
1085.3212	1141.8877
1085.8535	1139.8806
1086.3857	1117.5769
1086.9181	1117.6008
1087.4504	1137.5245
1087.9827	1133.9875
1088.515	1158.1592
1089.0472	1124.0834
1089.5796	1164.5991
1090.1118	1139.0193
1090.6442	1150.5172
1091.1765	1158.5026
1091.7087	1149.5477
1092.2411	1156.6105
1092.7733	1155.0363
1093.3057	1159.9354
1093.838	1168.6489
1094.3702	1170.009
1094.9026	1170.7814
1095.4348	1171.6163
1095.9672	1166.8839
1096.4995	1168.5532
1097.0317	1177.0457
1097.5641	1176.0897
1098.0963	1181.7996
1098.6287	1173.5886
1099.161	1193.4874
1099.6932	1195.0367
1100.2256	1215.2694
1100.7578	1212.2621
1101.2902	1212.913
1101.8224	1216.108
1102.3547	1222.5905
1102.8871	1226.8813
1103.4193	1236.0884
1103.9517	1242.1321
1104.4839	1248.6846
1105.0162	1262.5668
1105.5486	1263.8813
1106.0808	1266.176
1106.6132	1291.4846
1107.1454	1310.427
1107.6777	1314.4592
1108.2101	1280.9661
1108.7423	1304.108
1109.2747	1337.7142
1109.8069	1333.6692
1110.3392	1331.675
1110.8716	1340.4497
1111.4038	1381.2842
1111.9362	1391.0084
1112.4684	1413.8398
1113.0007	1426.9851
1113.5331	1426.5708
1114.0653	1442.7915
1114.5977	1460.3564
1115.1299	1478.0819
1115.6622	1509.6151
1116.1945	1513.6627
1116.7268	1497.012
1117.2592	1509.41
1117.7914	1584.6987
1118.3237	1617.3075
1118.856	1639.2865
1119.3883	1625.8009
1119.9207	1663.4392
1120.4529	1662.9133
1120.9852	1706.0363
1121.5175	1734.8633
1122.0498	1763.084
1122.5822	1784.4017
1123.1144	1790.9188
1123.6467	1830.2345
1124.179	1880.8417
1124.7113	1881.5377
1125.2437	1885.4982
1125.7759	1921.3696
1126.3082	1924.3181
1126.8405	1950.254
1127.3728	2022.9562
1127.905	2017.1938
1128.4374	2035.1797
1128.9697	2076.4502
1129.502	2097.5415
1130.0343	2092.719
1130.5665	2115.4165
1131.0989	2134.8945
1131.6312	2146.0151
1132.1635	2187.6309
1132.6958	2212.0022
1133.228	2229.8594
1133.7604	2248.1387
1134.2927	2241.1814
1134.825	2235.9312
1135.3573	2259.0581
1135.8895	2280.6807
1136.4219	2271.6863
1136.9542	2262.7798
1137.4865	2304.3289
1138.0188	2298.46
1138.551	2280.967
1139.0834	2361.5012
1139.6157	2282.7356
1140.1479	2325.3589
1140.6803	2359.2588
1141.2125	2369.9658
1141.7449	2391.9763
1142.2771	2393.3091
1142.8094	2384.3154
1143.3418	2386.2249
1143.874	2382.4558
1144.4064	2369.0222
1144.9386	2369.6726
1145.4709	2390.2356
1146.0033	2416.5637
1146.5355	2442.311
1147.0679	2457.6199
1147.6001	2433.5718
1148.1324	2430.2815
1148.6648	2437.0962
1149.197	2467.0913
1149.7294	2432.9006
1150.2616	2468.781
1150.7939	2442.4719
1151.3263	2459.5574
1151.8585	2442.9819
1152.3909	2463.5928
1152.9231	2472.9753
1153.4554	2452.2715
1153.9877	2440.8008
1154.52	2405.3997
1155.0524	2394.324
1155.5846	2424.9824
1156.1169	2409.5217
1156.6492	2367.7664
1157.1815	2354.9082
1157.7139	2405.4878
1158.2461	2395.2522
1158.7784	2358.3513
1159.3107	2323.6794
1159.843	2302.2004
1160.3754	2342.2151
1160.9076	2339.2708
1161.4399	2287.7131
1161.9722	2252.7576
1162.5045	2220.6565
1163.0369	2217.0266
1163.5691	2229.8406
1164.1014	2198.1223
1164.6337	2172.8506
1165.166	2158.7522
1165.6984	2154.0068
1166.2306	2156.4915
1166.7629	2144.002
1167.2952	2120.5947
1167.8275	2109.3162
1168.3597	2129.353
1168.8921	2121.3159
1169.4244	2103.874
1169.9567	2129.8337
1170.489	2140.6245
1171.0212	2151.3259
1171.5536	2146.1091
1172.0859	2147.052
1172.6182	2115.3115
1173.1505	2138.3591
1173.6827	2145.0212
1174.2151	2164.7415
1174.7474	2166.2148
1175.2797	2158.8647
1175.812	2185.6643
1176.3442	2190.6826
1176.8766	2200.8945
1177.4089	2230.8479
1177.9412	2253.605
1178.4735	2228.5496
1179.0057	2226.1794
1179.5381	2241.5066
1180.0703	2281.9446
1180.6027	2267.7312
1181.135	2283.2419
1181.6672	2301.7727
1182.1996	2296.3406
1182.7318	2319.311
1183.2642	2336.9783
1183.7965	2346.0007
1184.3287	2383.1687
1184.8611	2410.6648
1185.3933	2398.1885
1185.9257	2432.0327
1186.458	2420.135
1186.9902	2444.8474
1187.5226	2465.0508
1188.0548	2476.9856
1188.5872	2467.2742
1189.1195	2509.6865
1189.6517	2561.7314
1190.1841	2565.4343
1190.7163	2589.4717
1191.2487	2598.3523
1191.781	2591.7598
1192.3132	2625.0806
1192.8456	2630.939
1193.3778	2636.4434
1193.9102	2694.1003
1194.4424	2699.9641
1194.9747	2690.1482
1195.5071	2704.939
1196.0393	2726.5183
1196.5717	2774.0398
1197.1039	2769.9373
1197.6362	2787.665
1198.1686	2784.1118
1198.7008	2814.5925
1199.2332	2810.728
1199.7654	2830.198
1200.2977	2831.7427
1200.8301	2843.3174
1201.3623	2837.7354
1201.8947	2855.1982
1202.4269	2860.3604
1202.9592	2857.9666
1203.4916	2871.8052
1204.0238	2886.6648
1204.5562	2883.1257
1205.0884	2895.1873
1205.6207	2920.1636
1206.153	2958.8079
1206.6853	2966.7798
1207.2177	2930.344
1207.7499	2949.7844
1208.2822	2977.3826
1208.8145	3000.2937
1209.3468	2965.9348
1209.8792	2957.3833
1210.4114	2997.2971
1210.9437	3000.1882
1211.476	2974.6714
1212.0083	2950.6179
1212.5406	2983.2302
1213.0729	2986.4368
1213.6052	2972.8862
1214.1375	2976.6331
1214.6698	3012.4653
1215.2021	3016.8948
1215.7344	2992.7437
1216.2667	3012.2581
1216.799	2990.6541
1217.3313	3000.55
1217.8636	3056.2439
1218.3959	3030.5093
1218.9282	3045.6665
1219.4604	3072.4534
1219.9928	3106.5601
1220.525	3082.6287
1221.0574	3104.6199
1221.5897	3096.4949
1222.1219	3162.7046
1222.6543	3191.9988
1223.1865	3192.739
1223.7189	3168.5432
1224.2512	3196.3154
1224.7834	3218.0615
1225.3158	3253.8484
1225.848	3317.5
1226.3804	3358.2791
1226.9127	3400.2234
1227.4449	3401.0918
1227.9773	3390.9016
1228.5095	3447.604
1229.0419	3529.1851
1229.5742	3473.6025
1230.1064	3525.5125
1230.6388	3551.1245
1231.171	3623.0085
1231.7034	3648.969
1232.2356	3733.2644
1232.7679	3734.2339
1233.3003	3697.2727
1233.8325	3709.6602
1234.3649	3832.2021
1234.8971	3874.3728
1235.4294	3889.8931
1235.9618	3926.1272
1236.494	3953.8401
1237.0264	3956.041
1237.5586	3939.9866
1238.0909	3973.5435
1238.6233	4015.0793
1239.1555	4009.5449
1239.6879	4045.3499
1240.2201	4073.4697
1240.7524	4060.9983
1241.2848	4042.8062
1241.817	4073.7939
1242.3494	4098.27
1242.8816	4048.7727
1243.4139	4038.7141
1243.9463	4119.4932
1244.4785	4124.3662
1245.0109	4122.4468
1245.5431	4194.6816
1246.0754	4198.2446
1246.6077	4193.7695
1247.14	4229.8828
1247.6724	4212.4814
1248.2046	4203.3091
1248.7369	4276.0796
1249.2692	4325.0015
1249.8015	4364.5229
1250.3339	4419.1313
1250.8661	4394.332
1251.3984	4444.2163
1251.9307	4514.3677
1252.463	4652.7085
1252.9954	4748.6455
1253.5276	4644.6577
1254.0599	4683.8701
1254.5922	4760.0674
1255.1245	4762.6729
1255.6569	4851.2661
1256.1891	4899.668
1256.7214	4962.5664
1257.2537	5023.4673
1257.786	5082.5127
1258.3182	5173.4063
1258.8506	5155.5415
1259.3829	5177.7002
1259.9152	5281.4209
1260.4475	5350.0981
1260.9797	5456.1367
1261.5121	5515.647
1262.0444	5662.582
1262.5767	5638.5396
1263.109	5669.6343
1263.6412	5663.168
1264.1736	5790.4077
1264.7059	5848.1328
1265.2382	5821.292
1265.7705	5870.4263
1266.3027	5933.5693
1266.8351	5877.2593
1267.3674	5963.813
1267.8997	5995.0908
1268.432	5970.7949
1268.9642	6024.7505
1269.4966	6019.3823
1270.0289	6012.9141
1270.5612	6026.7129
1271.0935	6051.2607
1271.6257	6066.1177
1272.1581	6050.1099
1272.6903	6046.6606
1273.2227	6053.4346
1273.755	6024.1372
1274.2872	6000.1157
1274.8196	6040.7378
1275.3518	5985.3394
1275.8842	5988.9673
1276.4165	5871.1699
1276.9487	5715.6772
1277.4811	5837.6455
1278.0133	5786.0645
1278.5457	5732.5063
1279.078	5622.9282
1279.6102	5664.1841
1280.1426	5636.2202
1280.6748	5550.772
1281.2072	5531.9414
1281.7395	5507.8237
1282.2717	5410.4902
1282.8041	5320.4595
1283.3363	5253.1743
1283.8687	5197.8496
1284.4009	5151.085
1284.9332	5097.8306
1285.4656	4996.2852
1285.9978	4892.2803
1286.5302	4891.7402
1287.0624	4815.9014
1287.5947	4858.687
1288.1271	4814.5933
1288.6593	4655.29
1289.1917	4608.312
1289.7239	4551.6128
1290.2562	4540.6157
1290.7886	4436.1274
1291.3208	4449.0259
1291.8531	4327.6875
1292.3854	4279.2734
1292.9177	4287.0684
1293.4501	4281.2329
1293.9823	4192.0391
1294.5146	4176.3013
1295.0469	4171.2529
1295.5792	4100.9507
1296.1116	4047.3665
1296.6438	4005.9929
1297.1761	3999.6589
1297.7084	3968.9478
1298.2407	3890.0608
1298.7729	3919.1599
1299.3053	3961.9346
1299.8376	3907.2102
1300.3699	3906.885
1300.9022	3907.6714
1301.4344	3863.5583
1301.9668	3869.4468
1302.4991	3822.3933
1303.0314	3875.1116
1303.5637	3876.9089
1304.0959	3799.4028
1304.6283	3899.3206
1305.1606	3904.3816
1305.6929	3864.7019
1306.2252	3869.1099
1306.7574	3907.033
1307.2898	3948.1575
1307.8221	3904.4563
1308.3544	3946.6414
1308.8867	3963.4099
1309.4189	3978.3889
1309.9513	4022.6274
1310.4835	4037.8313
1311.0159	4063.5427
1311.5482	4066.4963
1312.0804	4006.7463
1312.6128	3998.6052
1313.145	4050.4871
1313.6774	4077.1563
1314.2097	4065.1443
1314.7419	4112.415
1315.2743	4037.5789
1315.8065	4074.5293
1316.3389	4077.1357
1316.8712	4068.5459
1317.4034	4104.9888
1317.9358	4037.5046
1318.468	4018.8813
1319.0004	4031.7698
1319.5327	4026.4084
1320.0649	3982.3591
1320.5973	4039.2151
1321.1295	3982.7644
1321.6619	3917.7378
1322.1942	3916.7913
1322.7264	3887.0076
1323.2588	3852.0078
1323.791	3836.2334
1324.3234	3803.8384
1324.8556	3768.9976
1325.3879	3760.3777
1325.9203	3747.7224
1326.4525	3712.3601
1326.9849	3661.0474
1327.5171	3602.6536
1328.0494	3560.1057
1328.5818	3505.9094
1329.114	3474.333
1329.6464	3468.4839
1330.1786	3465.2007
1330.7109	3401.5933
1331.2433	3366.0676
1331.7755	3332.7798
1332.3079	3367.2659
1332.8401	3344.6719
1333.3724	3304.7668
1333.9048	3260.0801
1334.437	3295.6226
1334.9694	3256.0627
1335.5016	3214.0496
1336.0339	3203.0142
1336.5662	3173.9165
1337.0985	3249.4749
1337.6309	3224.7351
1338.1631	3225.2178
1338.6954	3219.2085
1339.2277	3232.9536
1339.76	3217.8611
1340.2924	3216.7727
1340.8246	3238.1121
1341.3569	3214.1824
1341.8892	3229.7915
1342.4215	3282.7844
1342.9539	3274.9753
1343.4861	3273.28
1344.0184	3295.6863
1344.5507	3329.6299
1345.083	3351.8513
1345.6154	3348.2327
1346.1476	3337.6995
1346.6799	3370.7285
1347.2122	3369.7976
1347.7445	3376.4573
1348.2769	3424.0156
1348.8091	3478.2139
1349.3414	3457.0474
1349.8737	3491.0305
1350.406	3566.0667
1350.9382	3540.7463
1351.4706	3559.8105
1352.0029	3611.0696
1352.5352	3664.9446
1353.0675	3596.4722
1353.5997	3612.4775
1354.1321	3650.2708
1354.6644	3699.0605
1355.1967	3715.8625
1355.729	3752.719
1356.2612	3776.4475
1356.7936	3810.6594
1357.3259	3860.0454
1357.8582	3837.4714
1358.3905	3825.9473
1358.9227	3852.5288
1359.4551	3825.7258
1359.9874	3843.4424
1360.5197	3895.5752
1361.052	3898.6936
1361.5842	3860.0227
1362.1166	3918.6799
1362.6488	3973.9468
1363.1812	3963.6804
1363.7135	3976.0823
1364.2457	3991.7212
1364.7781	4016.0291
1365.3103	3966.938
1365.8427	4023.1707
1366.375	3943.0383
1366.9072	4030.9858
1367.4396	4005.7583
1367.9718	4058.4661
1368.5042	3994.7263
1369.0365	3997.9636
1369.5687	3983.0527
1370.1011	3990.7837
1370.6333	3944.0823
1371.1656	3994.5203
1371.698	4028.8494
1372.2302	3971.1467
1372.7626	4010.9736
1373.2948	4003.2668
1373.8271	3983.843
1374.3595	3980.1013
1374.8917	3965.4031
1375.4241	3952.855
1375.9563	3928.1353
1376.4886	3926.2673
1377.0209	3945.0012
1377.5532	3944.0906
1378.0856	3909.1155
1378.6178	3940.7437
1379.1501	3890.7813
1379.6824	3891.3352
1380.2147	3854.3091
1380.7471	3898.2734
1381.2793	3879.7161
1381.8116	3848.5159
1382.3439	3864.0654
1382.8762	3828.2854
1383.4086	3750.8979
1383.9408	3745.9653
1384.4731	3801.5625
1385.0054	3720.6995
1385.5377	3681.5469
1386.0701	3781.1624
1386.6023	3752.2021
1387.1346	3700.3015
1387.6669	3692.5457
1388.1992	3676.1677
1388.7314	3714.1777
1389.2638	3702.5959
1389.7961	3647.3831
1390.3284	3629.3389
1390.8607	3655.4265
1391.3929	3611.7632
1391.9253	3638.1794
1392.4576	3626.6841
1392.9899	3594.3555
1393.5222	3591.8621
1394.0544	3603.636
1394.5868	3623.1072
1395.1191	3626.981
1395.6514	3629.4866
1396.1837	3607.0466
1396.7159	3554.6758
1397.2483	3535.5276
1397.7806	3556.7637
1398.3129	3542.9482
1398.8452	3515.052
1399.3774	3529.2554
1399.9098	3557.6809
1400.4421	3563.2151
1400.9744	3632.166
1401.5067	3589.0955
1402.0389	3562.7175
1402.5713	3593.9714
1403.1035	3557.1465
1403.6359	3564.9465
1404.1682	3603.1902
1404.7004	3531.8667
1405.2328	3558.3262
1405.765	3554.1304
1406.2974	3568.0298
1406.8297	3530.4946
1407.3619	3563.74
1407.8943	3587.9675
1408.4265	3526.4771
1408.9589	3558.5928
1409.4912	3539.5156
1410.0234	3590.6389
1410.5558	3517.1436
1411.088	3523.2815
1411.6204	3536.26
1412.1527	3580.1467
1412.6849	3549.7449
1413.2173	3528.1658
1413.7495	3527.1831
1414.2819	3532.2371
1414.8141	3501.6836
1415.3464	3481.26
1415.8788	3506.6663
1416.411	3537.4683
1416.9434	3513.3914
1417.4756	3501.8301
1418.0079	3522.2639
1418.5403	3475.5874
1419.0725	3496.8315
1419.6049	3496.1152
1420.1371	3497.6218
1420.6694	3525.2139
1421.2018	3522.3806
1421.734	3464.9324
1422.2664	3469.2412
1422.7986	3425.4106
1423.3309	3426.408
1423.8633	3487.3218
1424.3955	3479.0227
1424.9279	3423.1968
1425.4601	3400.4666
1425.9924	3439.8093
1426.5248	3482.7424
1427.057	3423.2478
1427.5894	3433.4365
1428.1216	3404.553
1428.6539	3363.3254
1429.1862	3422.5315
1429.7185	3410.5281
1430.2509	3418.5291
1430.7831	3323.5554
1431.3154	3339.1692
1431.8477	3328.7419
1432.38	3314.2869
1432.9124	3321.6116
1433.4446	3317.2461
1433.9769	3364.7771
1434.5092	3338.5356
1435.0415	3309.9739
1435.5739	3300.6333
1436.1061	3300.1379
1436.6384	3294.946
1437.1707	3295.9229
1437.703	3285.8665
1438.2354	3264.8958
1438.7676	3284.9604
1439.2999	3267.7803
1439.8322	3265.96
1440.3645	3268.5942
1440.8967	3247.1846
1441.4291	3234.9937
1441.9614	3251.1479
1442.4937	3271.9084
1443.026	3246.2083
1443.5582	3235.4143
1444.0906	3252.0183
1444.6229	3275.041
1445.1552	3253.4949
1445.6875	3274.876
1446.2197	3247.4873
1446.7521	3246.0635
1447.2844	3305.2402
1447.8167	3266.9211
1448.349	3264.7209
1448.8812	3266.2764
1449.4136	3306.9526
1449.9459	3293.884
1450.4781	3286.2737
1451.0105	3284.7217
1451.5427	3305.6624
1452.0751	3268.5981
1452.6074	3254.2698
1453.1396	3270.9084
1453.672	3272.0635
1454.2042	3276.2195
1454.7366	3270.4348
1455.2688	3274.3975
1455.8011	3327.7407
1456.3335	3284.2778
1456.8657	3298.9736
1457.3981	3313.8743
1457.9303	3265.9375
1458.4626	3296.6724
1458.995	3329.4446
1459.5272	3327.1248
1460.0596	3292.4739
1460.5918	3328.054
1461.1241	3353.6248
1461.6565	3358.8054
1462.1887	3323.6226
1462.7211	3352.5903
1463.2533	3352.9187
1463.7856	3370.4707
1464.318	3371.9683
1464.8502	3324.5378
1465.3826	3324.0159
1465.9148	3346.4539
1466.4471	3363.8914
1466.9794	3386.7913
1467.5117	3344.5618
1468.0441	3336.9653
1468.5763	3351.8079
1469.1086	3373.571
1469.6409	3343.5356
1470.1732	3340.5854
1470.7056	3400.1086
1471.2378	3403.1516
1471.7701	3388.0586
1472.3024	3376.488
1472.8347	3366.3057
1473.3671	3384.5886
1473.8993	3359.595
1474.4316	3329.1777
1474.9639	3380.9771
1475.4962	3408.9563
1476.0286	3398.4099
1476.5608	3444.0229
1477.0931	3432.4805
1477.6254	3407.3469
1478.1577	3377.1045
1478.6901	3383.5398
1479.2223	3404.4197
1479.7546	3425.3577
1480.2869	3402.7019
1480.8192	3390.2219
1481.3514	3400.6555
1481.8838	3368.1089
1482.4161	3399.1428
1482.9484	3418.4851
1483.4807	3517.2437
1484.0129	3438.7727
1484.5453	3469.1829
1485.0776	3455.7876
1485.6099	3450.9673
1486.1422	3459.1902
1486.6744	3422.3101
1487.2068	3535.8457
1487.7391	3469.865
1488.2714	3448.7649
1488.8037	3441.5984
1489.3359	3514.7144
1489.8683	3573.5999
1490.4006	3455.5649
1490.9329	3504.8879
1491.4652	3580.5544
1491.9974	3556.7942
1492.5298	3568.6418
1493.062	3521.6558
1493.5944	3533.1946
1494.1267	3620.3171
1494.6589	3636.3188
1495.1913	3690.9443
1495.7235	3611.2532
1496.2559	3679.5447
1496.7882	3680.2793
1497.3204	3696.3643
1497.8528	3693.7976
1498.385	3652.8579
1498.9174	3711.0544
1499.4497	3769.1072
1499.9819	3763.3477
1500.5143	3811.0259
1501.0465	3788.2893
1501.5789	3851.9287
1502.1112	3827.4766
1502.6434	3855.6982
1503.1758	3885.5557
1503.708	3885.5471
1504.2404	3952.8591
1504.7727	3969.2554
1505.3049	4016.2498
1505.8373	4050.0242
1506.3695	4048.6563
1506.9019	4084.5112
1507.4341	4098.2114
1507.9664	4113.1831
1508.4988	4122.5024
1509.031	4119.0288
1509.5634	4147.6001
1510.0956	4218.7446
1510.6279	4249.7188
1511.1603	4263.5781
1511.6925	4279.6523
1512.2249	4286.9487
1512.7571	4302.0625
1513.2894	4322.2617
1513.8218	4322.4165
1514.354	4334.2197
1514.8864	4445.8398
1515.4186	4480.5713
1515.9509	4470.3442
1516.4833	4446.0259
1517.0155	4453.6699
1517.5479	4513.4683
1518.0801	4542.8242
1518.6124	4572.0674
1519.1447	4565.1616
1519.677	4604.3965
1520.2094	4637.5581
1520.7416	4654.1387
1521.2739	4653.9063
1521.8062	4636.4893
1522.3385	4648.1753
1522.8708	4667.3745
1523.4031	4688.4004
1523.9354	4726.6768
1524.4677	4723.8823
1525	4784.2388
1525.5323	4765.6943
1526.0646	4734.0923
1526.5969	4786.9912
1527.1292	4820.229
1527.6615	4797.0288
1528.1938	4791.9365
1528.7261	4841.9604
1529.2584	4885.6499
1529.7906	4889.458
1530.323	4844.96
1530.8553	4829.4248
1531.3876	4864.0459
1531.9199	4873.5894
1532.4521	4861.1597
1532.9845	4843.6455
1533.5167	4929.1147
1534.0491	4963.1509
1534.5814	4947.3838
1535.1136	4961.5288
1535.646	4957.0806
1536.1782	4979.7588
1536.7106	5030.0723
1537.2429	5007.0054
1537.7751	4987.4048
1538.3075	4900
1538.8397	4963.1421
1539.3721	4982.752
1539.9044	4916.6465
1540.4366	4920.0146
1540.969	4918.3228
1541.5012	4882.2041
1542.0336	4875.4131
1542.5659	4928.2095
1543.0981	4965.5303
1543.6305	4923.5532
1544.1627	4932.0024
1544.6951	4921.1343
1545.2273	4895.2192
1545.7596	4950.6616
1546.292	4905.0825
1546.8242	4878.1177
1547.3566	4948.3613
1547.8888	4926.8662
1548.4211	4807.9365
1548.9535	4833.1709
1549.4857	4885.6606
1550.0181	4872.2476
1550.5503	4948.3198
1551.0826	4859.2109
1551.615	4866.0166
1552.1472	4858.4956
1552.6796	4729.769
1553.2118	4864.8018
1553.7441	4803.4326
1554.2765	4844.291
1554.8087	4813.5444
1555.3411	4799.7119
1555.8733	4783.7358
1556.4056	4850.3057
1556.938	4788.0176
1557.4702	4842.5474
1558.0026	4826.4404
1558.5348	4819.2764
1559.0671	4772.0513
1559.5994	4723.2207
1560.1317	4741.376
1560.6641	4789.3867
1561.1963	4729.6255
1561.7286	4815.498
1562.2609	4709.373
1562.7932	4719.3906
1563.3256	4726.3149
1563.8578	4663.9829
1564.3901	4731.6577
1564.9224	4723.9336
1565.4547	4704.0693
1565.9871	4777.6211
1566.5193	4803.0259
1567.0516	4738.7339
1567.5839	4756.9629
1568.1162	4723.6211
1568.6486	4672.6284
1569.1808	4715.5513
1569.7131	4680.5078
1570.2454	4568.4443
1570.7777	4644.7549
1571.3099	4635.4731
1571.8423	4722.5254
1572.3746	4633.8984
1572.9069	4641.4624
1573.4392	4669.5928
1573.9714	4695.7485
1574.5038	4628.2021
1575.0361	4688.2842
1575.5684	4520.6929
1576.1007	4520.6929
1576.6329	4662.2861
1577.1653	4660.0181
1577.6976	4647.3418
1578.2299	4582.6123
1578.7622	4604.6313
1579.2944	4547.8887
1579.8268	4633.5166
1580.3591	4544.5405
1580.8914	4547.9263
1581.4237	4571.667
1581.9559	4508.8633
1582.4883	4559.0386
1583.0206	4521.6807
1583.5529	4522.8486
1584.0852	4470.2173
1584.6174	4535.5923
1585.1498	4401.2183
1585.682	4460.249
1586.2144	4465.8711
1586.7467	4528.3018
1587.2789	4450.959
1587.8113	4472.9243
1588.3435	4436.9546
1588.8759	4383.479
1589.4082	4408.4771
1589.9404	4342.9385
1590.4728	4417.7974
1591.005	4357.104
1591.5374	4351.3691
1592.0697	4401.3765
1592.6019	4324.4214
1593.1343	4366.7271
1593.6665	4256.2993
1594.1989	4289.7417
1594.7312	4222.3257
1595.2634	4254.7471
1595.7958	4260.02
1596.328	4179.6543
1596.8604	4198.5332
1597.3926	4099.1777
1597.9249	4182.7993
1598.4573	4116.4575
1598.9895	4112.856
1599.5219	4118.5649
1600.0541	4084.3755
1600.5864	4091.7595
1601.1188	4091.9988
1601.651	4008.9141
1602.1833	3984.5386
1602.7156	3970.3625
1603.2479	3989.5596
1603.7803	3997.1001
1604.3125	3951.0332
1604.8448	3911.1467
1605.3771	3901.8953
1605.9094	3843.2
1606.4418	3839.0278
1606.974	3791.2856
1607.5063	3771.616
1608.0386	3766.2222
1608.5709	3707.4897
1609.1033	3725.522
1609.6355	3741.8474
1610.1678	3618.5203
1610.7001	3599.7749
1611.2324	3579.3237
1611.7646	3584.2349
1612.297	3583.238
1612.8293	3564.917
1613.3616	3582.4744
1613.8939	3559.9397
1614.4261	3512.6672
1614.9585	3471.9153
1615.4908	3449.4773
1616.0231	3412.0369
1616.5554	3427.762
1617.0876	3424.073
1617.62	3422.8254
1618.1523	3350.9619
1618.6846	3363.7566
1619.2169	3363.8611
1619.7491	3349.7556
1620.2815	3282.5796
1620.8138	3298.613
1621.3461	3308.7581
1621.8784	3261.6274
1622.4106	3198.8511
1622.943	3204.4329
1623.4752	3197.5374
1624.0076	3198.9836
1624.5399	3217.9956
1625.0721	3229.4944
1625.6045	3170.9963
1626.1367	3106.3894
1626.6691	3106.542
1627.2014	3090.0898
1627.7336	3006.7046
1628.266	2994.8184
1628.7982	3037.5417
1629.3306	3044.1033
1629.8629	3020.5608
1630.3951	2999.2339
1630.9275	2971.2153
1631.4597	2995.9788
1631.9921	2948.2009
1632.5244	2910.3992
1633.0566	2909.2585
1633.589	2920.8979
1634.1212	2920.9136
1634.6536	2904.0188
1635.1859	2889.0781
1635.7181	2844.9771
1636.2505	2821.4814
1636.7827	2819.9971
1637.3151	2822.5239
1637.8473	2818.4771
1638.3796	2811.6389
1638.912	2818.5481
1639.4442	2787.7183
1639.9766	2761.5027
1640.5088	2763.6836
1641.0411	2766.4243
1641.5735	2703.022
1642.1057	2715.6738
1642.6381	2770.3245
1643.1703	2741.4636
1643.7026	2699.5088
1644.235	2694.9897
1644.7672	2710.7126
1645.2996	2672.2666
1645.8318	2640.155
1646.3641	2621.446
1646.8965	2611.7791
1647.4287	2601.2434
1647.9611	2615.4998
1648.4933	2599.5042
1649.0256	2556.3171
1649.5579	2631.3179
1650.0902	2540.9331
1650.6226	2545.0815
1651.1548	2598.7136
1651.6871	2536.3308
1652.2194	2503.3628
1652.7517	2498.9705
1653.2841	2529.8601
1653.8163	2526.9595
1654.3486	2497.2834
1654.8809	2484.1265
1655.4132	2500.4197
1655.9456	2422.8606
1656.4778	2448.512
1657.0101	2464.2229
1657.5424	2413.5854
1658.0747	2416.1694
1658.6071	2434.498
1659.1393	2346.054
1659.6716	2389.5837
1660.2039	2444.2815
1660.7362	2411.9211
1661.2686	2421.8496
1661.8008	2407.6372
1662.3331	2386.915
1662.8654	2347.1567
1663.3977	2360.4702
1663.9299	2319.8718
1664.4623	2351.0256
1664.9946	2318.6187
1665.5269	2301.9316
1666.0592	2316.644
1666.5914	2296.9695
1667.1238	2310.0874
1667.6561	2283.6868
1668.1884	2281.6987
1668.7207	2265.6814
1669.2529	2264.739
1669.7853	2241.1287
1670.3176	2221.3591
1670.8499	2230.6204
1671.3822	2237.3855
1671.9144	2239.2622
1672.4468	2225.4907
1672.9791	2206.457
1673.5114	2233.1584
1674.0437	2212.8813
1674.5759	2194.2666
1675.1083	2193.6589
1675.6405	2183.679
1676.1729	2168.4927
1676.7052	2150.3872
1677.2374	2127.7861
1677.7698	2117.675
1678.302	2120.6199
1678.8344	2115.0664
1679.3667	2096.6931
1679.8989	2121.3748
1680.4313	2111.0447
1680.9635	2079.584
1681.4958	2081.364
1682.0282	2065.3621
1682.5604	2088.7139
1683.0928	2066.4131
1683.625	2039.4133
1684.1573	2013.6857
1684.6897	2022.86
1685.2219	2030.8876
1685.7543	2037.679
1686.2865	2036.0527
1686.8188	2022.9885
1687.3512	1989.2209
1687.8834	1990.2616
1688.4158	1995.5037
1688.948	1973.807
1689.4803	1965.0834
1690.0126	1985.8207
1690.5449	1976.2308
1691.0773	1940.0583
1691.6095	1948.9902
1692.1418	1948.8773
1692.6741	1934.6136
1693.2064	1941.865
1693.7388	1922.8668
1694.271	1908.224
1694.8033	1885.0656
1695.3356	1889.5913
1695.8679	1898.2974
1696.4003	1892.1041
1696.9325	1863.635
1697.4648	1875.5453
1697.9971	1890.088
1698.5294	1876.4327
1699.0618	1871.7855
1699.594	1857.7716
1700.1263	1851.9949
1700.6586	1846.278
1701.1909	1830.5988
1701.7231	1812.3966
1702.2555	1828.6912
1702.7878	1824.7004
1703.3201	1803.4139
1703.8524	1803.7721
1704.3846	1803.0594
1704.917	1786.7212
1705.4493	1783.3676
1705.9816	1816.6505
1706.5139	1808.6097
1707.0461	1796.0791
1707.5785	1789.5464
1708.1108	1794.5681
1708.6431	1802.7651
1709.1754	1771.7112
1709.7076	1738.8555
1710.24	1765.6699
1710.7723	1753.6309
1711.3046	1721.6112
1711.8369	1752.0349
1712.3691	1739.5061
1712.9015	1748.7418
1713.4338	1766.0051
1713.9661	1741.4141
1714.4984	1735.9298
1715.0306	1731.1847
1715.563	1751.3052
1716.0952	1705.9872
1716.6276	1682.425
1717.1599	1681.662
1717.6921	1725.4545
1718.2245	1677.0518
1718.7567	1701.8604
1719.2891	1669.238
1719.8214	1648.9484
1720.3536	1703.9855
1720.886	1684.8346
1721.4182	1666.1063
1721.9506	1702.316
1722.4829	1671.4401
1723.0151	1700.2825
1723.5475	1676.2664
1724.0797	1680.901
1724.6121	1687.1313
1725.1444	1683.2089
1725.6766	1659.7319
1726.209	1659.6405
1726.7412	1700.3636
1727.2736	1660.3444
1727.8058	1670.4983
1728.3381	1669.0199
1728.8705	1640.71
1729.4027	1646.416
1729.9351	1659.214
1730.4673	1696.9264
1730.9996	1662.0226
1731.532	1661.1348
1732.0642	1647.4043
1732.5966	1658.6504
1733.1288	1653.3883
1733.6611	1638.0549
1734.1935	1633.8873
1734.7257	1645.5066
1735.2581	1633.0802
1735.7903	1650.9506
1736.3226	1652.7983
1736.855	1636.8196
1737.3872	1610.1466
1737.9196	1637.5325
1738.4518	1654.1818
1738.9841	1655.6405
1739.5165	1615.0946
1740.0487	1628.8571
1740.5811	1642.3818
1741.1133	1619.0332
1741.6456	1598.8936
1742.1779	1618.9554
1742.7102	1630.8051
1743.2426	1626.7407
1743.7748	1606.0323
1744.3071	1600.0916
1744.8394	1599.9563
1745.3717	1597.9681
1745.9041	1626.801
1746.4363	1631.5095
1746.9686	1614.0797
1747.5009	1595.7435
1748.0332	1561.8846
1748.5656	1591.9822
1749.0978	1610.3839
1749.6301	1595.7811
1750.1624	1623.3289
1750.6947	1617.521
1751.2271	1621.0956
1751.7593	1607.5243
1752.2916	1586.0594
1752.8239	1625.1702
1753.3562	1620.5813
1753.8884	1601.4552
1754.4208	1582.4456
1754.9531	1590.3069
1755.4854	1582.7378
1756.0177	1592.4857
1756.5499	1591.1548
1757.0823	1604.5243
1757.6146	1625.9019
1758.1469	1599.3679
1758.6792	1609.9747
1759.2114	1598.4994
1759.7438	1605.0161
1760.2761	1610.9489
1760.8083	1605.3652
1761.3407	1622.1624
1761.8729	1594.7036
1762.4053	1611.3289
1762.9376	1604.0236
1763.4698	1584.1879
1764.0022	1596.0176
1764.5344	1589.8683
1765.0668	1584.042
1765.5991	1622.5635
1766.1313	1617.6959
1766.6637	1636.3378
1767.1959	1629.0358
1767.7283	1622.1619
1768.2605	1588.6843
1768.7928	1589.6969
1769.3252	1596.1594
1769.8574	1580.8103
1770.3898	1583.0714
1770.922	1604.6238
1771.4543	1614.444
1771.9867	1607.8423
1772.5189	1592.4905
1773.0513	1598.5719
1773.5835	1611.9009
1774.1158	1615.895
1774.6482	1595.7396
1775.1804	1594.7472
1775.7128	1604.5509
1776.245	1613.2972
1776.7773	1629.574
1777.3097	1613.8646
1777.8419	1642.4446
1778.3743	1646.7781
1778.9065	1639.464
1779.4388	1638.3595
1779.9711	1633.7522
1780.5034	1626.6859
1781.0358	1617.3945
1781.568	1604.4926
1782.1003	1619.8883
1782.6326	1598.3979
1783.1649	1610.8928
1783.6973	1610.6769
1784.2295	1628.131
1784.7618	1601.4563
1785.2941	1686.3306
1785.8264	1648.1689
1786.3588	1627.2523
1786.891	1635.384
1787.4233	1625.3668
1787.9556	1674.0248
1788.4879	1620.3168
1789.0203	1640.4014
1789.5525	1638.9972
1790.0848	1652.5491
1790.6171	1676.8547
1791.1494	1650.1675
1791.6818	1634.8525
1792.214	1619.7479
1792.7463	1651.0657
1793.2786	1670.783
1793.8109	1652.3428
1794.3431	1630.843
1794.8755	1657.021
1795.4078	1647.6509
1795.9401	1643.9005
1796.4724	1654.1033
1797.0046	1667.2247
1797.537	1661.4565
1798.0693	1675.3517
1798.6016	1681.4794
1799.1339	1677.0519
1799.6661	1685.5713
1800.1985	1691.6711
1800.7308	1680.3335
1801.2631	1684.7568
1801.7954	1685.7405
1802.3276	1682.25
1802.86	1677.254
1803.3923	1663.3832
1803.9246	1673.7814
1804.4569	1661.0394
1804.9891	1677.2679
1805.5215	1697.2435
1806.0537	1697.1582
1806.5861	1712.0388
1807.1184	1683.1661
1807.6506	1698.0848
1808.183	1720.8495
1808.7152	1721.8258
1809.2476	1730.0626
1809.7799	1729.5255
1810.3121	1708.1127
1810.8445	1734.8363
1811.3767	1739.0765
1811.9091	1747.6924
1812.4414	1727.8368
1812.9736	1737.4199
1813.506	1740.802
1814.0382	1740.8521
1814.5706	1764.3121
1815.1029	1726.6797
1815.6351	1737.2281
1816.1675	1758.3037
1816.6997	1738.1755
1817.2321	1732.8982
1817.7644	1760.0498
1818.2966	1757.9557
1818.829	1748.4171
1819.3612	1750.0869
1819.8936	1785.4512
1820.4258	1793.827
1820.9581	1794.7894
1821.4905	1784.7802
1822.0227	1776.4
1822.5551	1799.02
1823.0873	1816.5665
1823.6196	1775.7655
1824.152	1792.4271
1824.6842	1813.8757
1825.2166	1803.5695
1825.7488	1815.446
1826.2811	1847.3867
1826.8135	1818.6383
1827.3457	1824.0035
1827.8781	1814.3978
1828.4103	1835.2264
1828.9426	1866.0724
1829.475	1811.3873
1830.0072	1826.9343
1830.5396	1898.7056
1831.0718	1851.3693
1831.6041	1873.6344
1832.1364	1856.7096
1832.6687	1843.9919
1833.201	1860.1764
1833.7333	1904.5796
1834.2656	1907.1782
1834.7979	1882.2645
1835.3302	1891.3959
1835.8625	1930.7957
1836.3948	1933.0358
1836.9271	1949.0653
1837.4594	1916.908
1837.9917	1902.3423
1838.524	1952.9491
1839.0563	1948.7753
1839.5886	1925.3374
1840.1208	1907.8741
1840.6532	1896.715
1841.1855	1938.8751
1841.7178	1987.6278
1842.2501	1959.9865
1842.7823	1962.8568
1843.3147	1993.6438
1843.847	1988.6436
1844.3793	2001.1017
1844.9116	2028.748
1845.4438	2003.7491
1845.9762	2001.767
1846.5084	2055.5876
1847.0408	2054.676
1847.5731	2060.7114
1848.1053	2080.5845
1848.6377	2056.3347
1849.1699	2023.8885
1849.7023	2103.9124
1850.2346	2078.5803
1850.7668	2142.802
1851.2992	2109.3147
1851.8314	2115.6804
1852.3638	2140.0266
1852.8961	2087.4709
1853.4283	2128.4812
1853.9607	2152.271
1854.4929	2146.9846
1855.0253	2172.0916
1855.5576	2161.1868
1856.0898	2146.7532
1856.6222	2196.604
1857.1544	2222.6936
1857.6868	2238.9951
1858.219	2229.1189
1858.7513	2204.6426
1859.2837	2213.5806
1859.8159	2197.1831
1860.3483	2235.1499
1860.8805	2265.9536
1861.4128	2239.4443
1861.9452	2278.8254
1862.4774	2290.1458
1863.0098	2336.6162
1863.542	2344.8645
1864.0743	2368.9438
1864.6067	2384.9485
1865.1389	2369.5483
1865.6713	2363.0959
1866.2035	2370.2747
1866.7358	2361.3569
1867.2682	2392.9263
1867.8004	2492.4175
1868.3328	2435.7581
1868.865	2435.5862
1869.3973	2420.8711
1869.9297	2458.7288
1870.4619	2495.8186
1870.9943	2520.9451
1871.5265	2521.4238
1872.0588	2523.3616
1872.5911	2561.5264
1873.1234	2573.5925
1873.6558	2592.8101
1874.188	2622.2126
1874.7203	2624.2305
1875.2526	2625.1287
1875.7849	2661.05
1876.3173	2700.8438
1876.8495	2700.5295
1877.3818	2698.2986
1877.9141	2768.7422
1878.4464	2794.051
1878.9788	2825.1143
1879.511	2848.113
1880.0433	2847.5024
1880.5756	2893.8911
1881.1079	2937.1658
1881.6403	2906.198
1882.1725	2969.6702
1882.7048	2962.9768
1883.2371	3042.6257
1883.7694	3085.6104
1884.3016	3113.9126
1884.834	3127.7441
1885.3663	3100.7952
1885.8986	3192.4258
1886.4309	3176.6643
1886.9631	3233.1526
1887.4955	3292.4758
1888.0278	3280.4148
1888.5601	3357.7686
1889.0924	3440.5159
1889.6246	3514.6619
1890.157	3528.8123
1890.6893	3598.437
1891.2216	3658.6765
1891.7539	3684.2378
1892.2861	3765.1743
1892.8185	3794.9961
1893.3508	3866.4368
1893.8831	3936.9167
1894.4154	4040.6377
1894.9476	4152.8931
1895.48	4126.6978
1896.0123	4292.6016
1896.5446	4307.3784
1897.0769	4429.0112
1897.6091	4494.2949
1898.1415	4544.1406
1898.6737	4670.4092
1899.2061	4752.1777
1899.7384	4931.4404
1900.2706	4998.5703
1900.803	5127.2661
1901.3352	5220.4478
1901.8676	5348.0918
1902.3999	5512.2251
1902.9321	5629.2607
1903.4645	5804.8237
1903.9967	6015.7598
1904.5291	6149.4717
1905.0614	6322.4199
1905.5936	6452.0859
1906.126	6608.3188
1906.6582	6865.2222
1907.1906	6980.7573
1907.7229	7272.8501
1908.2551	7450.6782
1908.7875	7572.4487
1909.3197	7890.981
1909.8521	8138.3052
1910.3843	8280.4463
1910.9166	8563.6289
1911.449	8767.042
1911.9812	9037.7686
1912.5135	9221.3086
1913.0458	9532.8457
1913.5781	9791.0645
1914.1105	10074.678
1914.6427	10260.265
1915.175	10482.318
1915.7073	10729.139
1916.2396	11014.066
1916.772	11350.297
1917.3042	11549.131
1917.8365	11788.739
1918.3688	12052.747
1918.9011	12301.518
1919.4335	12485.026
1919.9657	12799.505
1920.498	13020.844
1921.0303	13212.042
1921.5626	13397.362
1922.095	13540.783
1922.6272	14028.949
1923.1595	14124.489
1923.6918	14130
1924.2241	14299.308
1924.7563	14541.676
1925.2887	14766.878
1925.821	14884.905
1926.3533	15013.049
1926.8856	15250.436
1927.4178	15281.797
1927.9502	15438.265
1928.4825	15549.877
1929.0148	15745.168
1929.5471	15835.734
1930.0793	15868.405
1930.6117	15959.046
1931.144	16109.166
1931.6763	16239.525
1932.2086	16290.979
1932.7408	16323.246
1933.2732	16436.104
1933.8055	16633.072
1934.3378	16559.287
1934.8701	16515.26
1935.4023	16728.125
1935.9347	16850.35
1936.4669	16801.934
1936.9993	16631.65
1937.5316	16808.238
1938.0638	17035.537
1938.5962	16772.334
1939.1284	16984.434
1939.6608	17078.064
1940.1931	17075.973
1940.7253	16955.047
1941.2577	16988.883
1941.7899	16939.943
1942.3223	16839.07
1942.8546	16812.906
1943.3868	16734.061
1943.9192	16765.365
1944.4514	16749.117
1944.9838	16658.836
1945.5161	16550.623
1946.0483	16545.408
1946.5807	16597.447
1947.1129	16224.95
1947.6453	16222.739
1948.1776	16153.199
1948.7098	15948.306
1949.2422	15888.725
1949.7744	15720.315
1950.3068	15662.883
1950.839	15414
1951.3713	15354.407
1951.9037	15209.009
1952.4359	15043.043
1952.9683	14966.333
1953.5005	14859.513
1954.0328	14655.336
1954.5652	14598.747
1955.0974	14567.24
1955.6298	14487.313
1956.162	14424.367
1956.6943	14307.643
1957.2267	14376.255
1957.7589	14255.041
1958.2913	14296.271
1958.8235	14249.582
1959.3558	14157.336
1959.8882	14224.327
1960.4204	14199.17
1960.9528	14151.667
1961.485	14319.515
1962.0173	14264.999
1962.5496	14187.703
1963.0819	14362.461
1963.6143	14471.227
1964.1465	14417.751
1964.6788	14397.686
1965.2111	14424.932
1965.7434	14410.945
1966.2758	14472.498
1966.808	14475.389
1967.3403	14556.131
1967.8726	14688.645
1968.4049	14632.578
1968.9373	14493.517
1969.4695	14516.048
1970.0018	14607.157
1970.5341	14650.492
1971.0664	14589.037
1971.5988	14694.056
1972.131	14857.171
1972.6633	14838.15
1973.1956	14814.637
1973.7279	14701.697
1974.2603	14678.449
1974.7925	14752.75
1975.3248	14750.27
1975.8571	14811.112
1976.3894	14854.396
1976.9216	14865.203
1977.454	14901.293
1977.9863	14948.65
1978.5186	14986.214
1979.0509	15174.887
1979.5831	15285.038
1980.1155	15278.418
1980.6478	15320.563
1981.1801	15485.379
1981.7124	15510.708
1982.2446	15573.464
1982.777	15642.854
1983.3093	15745.603
1983.8416	15909.109
1984.3739	15942.309
1984.9061	16057.627
1985.4385	16259.515
1985.9708	16424.533
1986.5031	16529.08
1987.0354	16695.67
1987.5676	16823.998
1988.1	16875.654
1988.6322	16978.656
1989.1646	17068.365
1989.6969	17212.871
1990.2291	17380.396
1990.7615	17365.926
1991.2937	17497.438
1991.826	17601.809
1992.3584	17678.588
1992.8906	17798.25
1993.423	17750.973
1993.9552	17665.236
1994.4875	17812.832
1995.0199	17914.328
1995.5521	17844.574
1996.0845	17918.623
1996.6167	17839.088
1997.149	17662.527
1997.6814	17824.486
1998.2136	17586.977
1998.746	17690.867
1999.2782	17548.662
1999.8105	17290.002
2000.3429	17022.066
2000.8751	16956.498
2001.4075	16963.504
2001.9397	16811.543
2002.472	16481.098
2003.0043	16238.684
2003.5366	16051.006
2004.069	15864.232
2004.6012	15615.817
2005.1335	15323.852
2005.6658	14979.889
2006.1981	14732.301
2006.7305	14323.985
2007.2627	14084.078
2007.795	13797.521
2008.3273	13569.306
2008.8596	13186.894
2009.392	12849.386
2009.9242	12650.105
2010.4565	12433.226
2010.9888	12207.258
2011.5211	11983.518
2012.0535	11846.928
2012.5857	11593.539
2013.118	11391.186
2013.6503	11246.679
2014.1826	11137.935
2014.7148	11064.133
2015.2472	10991.046
2015.7795	10847.271
2016.3118	10772.515
2016.8441	10824.82
2017.3763	10797.758
2017.9087	10769.344
2018.441	10667.401
2018.9733	10793.231
2019.5056	10774.128
2020.0378	10799.681
2020.5702	10823.438
2021.1025	10893.76
2021.6348	11000.538
2022.1671	11073.148
2022.6993	11170.601
2023.2317	11313.561
2023.764	11366.61
2024.2963	11500.827
2024.8286	11574.069
2025.3608	11553.982
2025.8932	11688.882
2026.4255	11892.248
2026.9578	12160.684
2027.4901	12127.323
2028.0223	12305.046
2028.5547	12342.491
2029.0869	12562.454
2029.6193	12697.139
2030.1516	12701.176
2030.6838	12802.583
2031.2162	12863.142
2031.7484	12982.214
2032.2808	12947.04
2032.8131	13058.169
2033.3453	13086.26
2033.8777	13200.592
2034.4099	13268.864
2034.9423	13236.504
2035.4746	13302.563
2036.0068	13316.562
2036.5392	13282.091
2037.0714	13264.979
2037.6038	13263.271
2038.1361	13145.587
2038.6683	13187.667
2039.2007	13124.331
2039.7329	12929.352
2040.2653	12889.576
2040.7975	12823.917
2041.3298	12768.722
2041.8622	12648.783
2042.3944	12509.534
2042.9268	12473.556
2043.459	12276.538
2043.9913	12079.193
2044.5237	12015.754
2045.0559	12049.345
2045.5883	12005.96
2046.1205	11749.399
2046.6528	11584.124
2047.1852	11482.156
2047.7174	11370.346
2048.2498	11313.234
2048.782	11154.802
2049.3142	11049.62
2049.8467	11027.339
2050.3789	10933.555
2050.9111	10828.017
2051.4436	10620.614
2051.9758	10518.17
2052.5081	10418.65
2053.0405	10258.75
2053.5728	10082.381
2054.105	9927.543
2054.6372	9958.4688
2055.1697	9692.7334
2055.7019	9566.2168
2056.2341	9456.1953
2056.7666	9410.1416
2057.2988	9297.0244
2057.8311	9211.6094
2058.3635	9046.415
2058.8958	8981.3027
2059.428	8898.2656
2059.9602	8762.7588
2060.4927	8592.5918
2061.0249	8589.5391
2061.5571	8480.7705
2062.0896	8423.042
2062.6218	8288.1064
2063.1541	8136.7119
2063.6863	8141.6719
2064.2188	8103.833
2064.751	8100.6533
2065.2832	7947.8779
2065.8157	7879.7759
2066.3479	7845.418
2066.8801	7903.8281
2067.4126	7794.48
2067.9448	7678.4624
2068.4771	7676.0474
2069.0093	7649.2168
2069.5417	7663.1455
2070.074	7590.4922
2070.6062	7565.2173
2071.1387	7543.6743
2071.6709	7517.9189
2072.2031	7490.0098
2072.7356	7343.1094
2073.2678	7366.5361
2073.8	7439.7007
2074.3323	7351.0161
2074.8647	7303.6338
2075.397	7301.3252
2075.9292	7331.4644
2076.4617	7271.9106
2076.9939	7248.02
2077.5261	7204.8911
2078.0583	7161.4668
2078.5908	7189.9678
2079.123	7143.2197
2079.6553	7143.4316
2080.1877	7191.9341
2080.72	7094.4961
2081.2522	7093.4878
2081.7847	7012.1514
2082.3169	6962.6997
2082.8491	6932.7813
2083.3813	6884.0757
2083.9138	6920.8242
2084.446	6892.6411
2084.9783	6881.3052
2085.5107	6980.4146
2086.043	6988.8994
2086.5752	6916.231
2087.1074	6862.5405
2087.6399	6731.2769
2088.1721	6835.3179
2088.7043	6923.6592
2089.2368	6838.7476
2089.769	6874.0811
2090.3013	6852.4673
2090.8337	6876.583
2091.366	6882.5361
2091.8982	6856.2881
2092.4304	6900.9102
2092.9629	6933.7407
2093.4951	6961.0503
2094.0273	6951.1177
2094.5598	6985.7671
2095.092	6961.1377
2095.6243	6963.874
2096.1567	6979.2705
2096.689	7059.0757
2097.2212	7098.9434
2097.7534	7073.9956
2098.2859	7117.3872
2098.8181	7184.1118
2099.3503	7200.6387
2099.8828	7175.5308
2100.415	7349.9033
2100.9473	7424.3774
2101.4795	7358.0239
2102.012	7382.6221
2102.5442	7425.1738
2103.0764	7422.6138
2103.6089	7498.4121
2104.1411	7464.3608
2104.6733	7511.7539
2105.2058	7624.9644
2105.738	7638.4985
2106.2703	7610.2334
2106.8025	7699.9375
2107.335	7697.7266
2107.8672	7819.6572
2108.3994	7836.3765
2108.9319	7842.0933
2109.4641	7811.3979
2109.9963	7792.3262
2110.5288	7861.2925
2111.061	7827.0386
2111.5933	7901.7749
2112.1255	7950.7188
2112.658	7979.2959
2113.1902	8018.0371
2113.7224	7978.2471
2114.2549	7961.3149
2114.7871	8031.5791
2115.3193	8071.458
2115.8516	8025.0205
2116.384	8050.5537
2116.9163	8074.6304
2117.4485	8221.5439
2117.981	8238.3721
2118.5132	8305.0322
2119.0454	8348.0771
2119.5779	8403.3115
2120.1101	8461.2705
2120.6423	8480.335
2121.1746	8636.8838
2121.707	8652.5605
2122.2393	8710.7236
2122.7715	8738.0127
2123.304	8918.7002
2123.8362	9079.2529
2124.3684	8998.4043
2124.9009	9165.7441
2125.4331	9208.0283
2125.9653	9297.7861
2126.4976	9334.4199
2127.03	9440.8076
2127.5623	9543.0947
2128.0945	9774.0518
2128.627	9881.5957
2129.1592	9917.4453
2129.6914	9997.459
2130.2236	10075.933
2130.7561	10261.961
2131.2883	10371.664
2131.8206	10414.256
2132.353	10576.832
2132.8853	10653.476
2133.4175	10715.315
2133.95	10814.966
2134.4822	10809.351
2135.0144	10897.663
2135.5466	11043.428
2136.0791	11102.976
2136.6113	11201.018
2137.1436	11186.155
2137.676	11158.658
2138.2083	11257.067
2138.7405	11406.27
2139.2727	11327.726
2139.8052	11349.654
2140.3374	11394.14
2140.8696	11368.98
2141.4021	11329.405
2141.9343	11257.272
2142.4666	11230.867
2142.999	11319.851
2143.5313	11402.924
2144.0635	11426.982
2144.5957	11393.38
2145.1282	11286.271
2145.6604	11255.417
2146.1926	11293.817
2146.7251	11267.857
2147.2573	11293.278
2147.7896	11247.326
2148.322	11192.5
2148.8542	11171.875
2149.3865	11142.845
2149.9187	11056.513
2150.4512	10988.015
2150.9834	11050.529
2151.5156	11008.444
2152.0481	10927.513
2152.5803	10826.77
2153.1125	10805.234
2153.6448	10801.201
2154.1772	10748.259
2154.7095	10651.2
2155.2417	10562.307
2155.7742	10468.423
2156.3064	10445.581
2156.8386	10356.688
2157.3711	10250.44
2157.9033	10259.366
2158.4355	10193.042
2158.9678	10122.048
2159.5002	10083.625
2160.0325	10037.623
2160.5647	10044.677
2161.0972	9980.7188
2161.6294	9879.7275
2162.1616	9929.3145
2162.6941	9894.1123
2163.2263	9847.9473
2163.7585	9781.8047
2164.2908	9785.6445
2164.8232	9799.5352
2165.3555	9822.292
2165.8877	9736.3047
2166.4202	9770.0811
2166.9524	9812.8525
2167.4846	9757.6914
2168.0168	9742.0117
2168.5493	9691.1182
2169.0815	9710.9111
2169.6138	9691.6123
2170.1462	9671.6768
2170.6785	9722.5674
2171.2107	9670.7344
2171.7432	9620.5547
2172.2754	9583.9844
2172.8076	9496.8672
2173.3398	9481.5078
2173.8723	9453.4141
2174.4045	9433.2979
2174.9368	9360.8877
2175.4692	9343.2373
2176.0015	9359.334
2176.5337	9243.0049
2177.0662	9235.5586
2177.5984	9124.5918
2178.1306	9032.0654
2178.6628	9026.1602
2179.1953	8872.417
2179.7275	8815.0088
2180.2598	8755.7236
2180.7922	8736.9688
2181.3245	8646.957
2181.8567	8503.6924
2182.3889	8455.9492
2182.9214	8345.4111
2183.4536	8285.8643
2183.9858	8285.0078
2184.5183	8244.5967
2185.0505	8159.5928
2185.5828	8112.9292
2186.1152	8077.9272
2186.6475	7939.1353
2187.1797	7892.98
2187.7119	7865.5942
2188.2444	7774.6694
2188.7766	7716.2695
2189.3088	7720.5771
2189.8413	7692.9712
2190.3735	7733.4487
2190.9058	7580.1343
2191.438	7567.5142
2191.9705	7484.3052
2192.5027	7383.3525
2193.0349	7389.9043
2193.5674	7358.0396
2194.0996	7301.3979
2194.6318	7266.4067
2195.1643	7320.0566
2195.6965	7231.9648
2196.2288	7244.5649
2196.761	7279.4565
2197.2935	7161.3901
2197.8257	7137.1523
2198.3579	7192.9248
2198.8904	7148.8369
2199.4226	7122.7158
2199.9548	7182.4258
2200.4873	7148.9741
2201.0195	7097.1348
2201.5518	7158.9189
2202.084	7098.4282
2202.6165	7014.7007
2203.1487	7001.7021
2203.6809	7108.4028
2204.2134	7055.8218
2204.7456	7101.5796
2205.2778	7107.6313
2205.8101	7066.5381
2206.3425	7046.6494
2206.8748	6981.3877
2207.407	7072.062
2207.9395	7072.5298
2208.4717	7026.021
2209.0039	6969.0981
2209.5364	7006.2319
2210.0686	6971.4946
2210.6008	7007.9497
2211.1331	7023.0171
2211.6655	7033.3149
2212.1978	6919.2661
2212.73	6934.7544
2213.2625	7021.7275
2213.7947	6945.6289
2214.3269	6969.7285
2214.8594	6966.6855
2215.3916	6962.7993
2215.9238	7006.7329
2216.4561	6994.064
2216.9885	6930.9897
2217.5208	6949.3394
2218.053	6893.8057
2218.5854	6951.4688
2219.1177	7019.062
2219.6499	7030.3037
2220.1821	6959.8018
2220.7146	6955.3706
2221.2468	6933.7217
2221.7791	6955.27
2222.3115	6963.4653
2222.8438	7011.1973
2223.376	6953.3091
2223.9084	6878.2891
2224.4407	6929.7925
2224.9729	6944.6816
2225.5051	6935.7842
2226.0376	6894.2417
2226.5698	6981.9229
2227.1021	6980.646
2227.6345	6996.52
2228.1667	7015.4214
2228.699	6933.8784
2229.2314	6901.1836
2229.7637	6896.3394
2230.2959	6932.4424
2230.8281	6938.833
2231.3606	6924.6987
2231.8928	7055.6494
2232.425	7078.4785
2232.9575	6923.4653
2233.4897	7041.9702
2234.022	7019.0234
2234.5542	7051.5518
2235.0867	7041.5547
2235.6189	7032.8896
2236.1511	7045.396
2236.6836	7064.2661
2237.2158	7085.2432
2237.748	7165.1245
2238.2805	7143.4941
2238.8127	7038.9849
2239.345	7136.1226
2239.8772	7128.5322
2240.4097	7101.4121
2240.9419	7120.8291
2241.4741	7167.394
2242.0066	7201.812
2242.5388	7217.0166
2243.071	7161.9072
2243.6033	7235.1499
2244.1357	7242.186
2244.668	7316.959
2245.2002	7343.2339
2245.7327	7359.5845
2246.2649	7262.9419
2246.7971	7356.481
2247.3296	7423.9556
2247.8618	7439.4302
2248.394	7440.0425
2248.9263	7451.0693
2249.4587	7532.3164
2249.991	7464.0806
2250.5232	7505.2432
2251.0557	7595.7349
2251.5879	7615.3032
2252.1201	7687.8145
2252.6526	7705.4082
2253.1848	7643.5615
2253.717	7694.4097
2254.2493	7769.2754
2254.7817	7860.1646
2255.314	7857.7432
2255.8462	7867.4629
2256.3787	7889.5376
2256.9109	7956.396
2257.4431	7963.6943
2257.9753	8051.3364
2258.5078	8064.4507
2259.04	8169.9351
2259.5723	8153.4258
2260.1047	8245.7012
2260.637	8262.0049
2261.1692	8273.583
2261.7017	8293.7568
2262.2339	8371.7295
2262.7661	8516.5352
2263.2983	8529.3828
2263.8308	8478.9092
2264.363	8611.6279
2264.8953	8636.2813
2265.4277	8629.3721
2265.96	8625.5381
2266.4922	8724.418
2267.0247	8824.2188
2267.5569	8871.1338
2268.0891	8892.1992
2268.6213	8907.3984
2269.1538	8944.2764
2269.686	8870.5088
2270.2183	8976.2578
2270.7507	9023.1143
2271.283	9074.2559
2271.8152	9212.0957
2272.3474	9204.5576
2272.8799	9294.4248
2273.4121	9339.2324
2273.9443	9354.8057
2274.4768	9354.9248
2275.009	9383.4453
2275.5413	9402.3955
2276.0737	9644.8447
2276.606	9654.1592
2277.1382	9643.9238
2277.6704	9687.7021
2278.2029	9749.7217
2278.7351	9758.1611
2279.2673	9773.6934
2279.7998	9853.0293
2280.332	9971.3584
2280.8643	9964.8828
2281.3967	9971.8496
2281.929	10087.068
2282.4612	10138.938
2282.9934	10078.79
2283.5259	10180.104
2284.0581	10303.431
2284.5903	10420.147
2285.1228	10352.525
2285.655	10360.166
2286.1873	10464.363
2286.7195	10538.325
2287.252	10546.212
2287.7842	10571.997
2288.3164	10658.957
2288.8489	10621.478
2289.3811	10645.519
2289.9133	10671.605
2290.4458	10735.397
2290.978	10781.464
2291.5103	10734.993
2292.0425	10734.144
2292.575	10786.712
2293.1072	10810.688
2293.6394	10757.196
2294.1719	10930.564
2294.7041	10910.976
2295.2363	10927.916
2295.7686	10926.613
2296.301	10988.707
2296.8333	10919.075
2297.3655	11007.72
2297.8979	11016.376
2298.4302	11023.294
2298.9624	10900.687
2299.4949	10975.827
2300.0271	11055.033
2300.5593	10904.622
2301.0916	10955.808
2301.624	10904.605
2302.1563	10945.406
2302.6885	10903.238
2303.2209	10811.438
2303.7532	10833.967
2304.2854	10799.879
2304.8179	10714.817
2305.3501	10753.874
2305.8823	10754.942
2306.4146	10856.805
2306.947	10708.334
2307.4792	10540.389
2308.0115	10626.39
2308.5439	10615.442
2309.0762	10461.216
2309.6084	10489.983
2310.1406	10416.868
2310.6731	10414.801
2311.2053	10247.326
2311.7375	10216.228
2312.27	10244.273
2312.8022	10214.639
2313.3345	10162.418
2313.8669	10050.686
2314.3992	9935.8994
2314.9314	9860.5264
2315.4636	9820.0918
2315.9961	9813.2969
2316.5283	9769.1328
2317.0605	9641.9961
2317.593	9613.084
2318.1252	9538.209
2318.6575	9619.5977
2319.1899	9408.6914
2319.7222	9358.7461
2320.2544	9337.3105
2320.7866	9277.002
2321.3191	9269.9307
2321.8513	9207.3086
2322.3835	9166.2891
2322.916	9170.7715
2323.4482	9046.1621
2323.9805	9080.0225
2324.5127	9108.7578
2325.0452	9072.2666
2325.5774	8944.5146
2326.1096	8922.8506
2326.6421	8820.6582
2327.1743	8764.9482
2327.7065	8757.6689
2328.239	8772.8477
2328.7712	8726.6162
2329.3035	8642.2432
2329.8357	8601.3799
2330.3682	8594.5234
2330.9004	8556.3936
2331.4326	8510.0098
2331.9651	8511.1885
2332.4973	8418.002
2333.0295	8370.5693
2333.562	8295.9063
2334.0942	8369.3496
2334.6265	8331.7207
2335.1587	8297.5781
2335.6912	8275.3818
2336.2234	8240.1396
2336.7556	8144.7451
2337.2881	8155.7529
2337.8203	8073.418
2338.3525	8133.1919
2338.8848	8022.4351
2339.4172	7945.7773
2339.9495	7984.8291
2340.4817	7916.959
2341.0142	7857.499
2341.5464	7821.1191
2342.0786	7796.6284
2342.6111	7645.9971
2343.1433	7654.7739
2343.6755	7620.8599
2344.2078	7520.0688
2344.7402	7605.1465
2345.2725	7591.606
2345.8047	7506.7397
2346.3372	7429.5054
2346.8694	7391.7178
2347.4016	7406.5918
2347.9338	7374.748
2348.4663	7285.7529
2348.9985	7260.2173
2349.5308	7286.0415
2350.0632	7179.291
2350.5955	7186.5703
2351.1277	7159.4688
2351.6602	7124.0313
2352.1924	7009.6953
2352.7246	7007.7476
2353.2568	7051.0762
2353.7893	7028.4072
2354.3215	6990.3037
2354.8538	6906.2363
2355.3862	6870.998
2355.9185	6894.7061
2356.4507	6861.3354
2356.9832	6824.3555
2357.5154	6825.3306
2358.0476	6839.1553
2358.5798	6741.8188
2359.1123	6717.4326
2359.6445	6685.1978
2360.1768	6704.2817
2360.7092	6592.6948
2361.2415	6608.708
2361.7737	6681.0376
2362.3059	6629.3711
2362.8384	6488.0513
2363.3706	6455.48
2363.9028	6570.2944
2364.4353	6465.4541
2364.9675	6390.7026
2365.4998	6407.0918
2366.0322	6407.0596
2366.5645	6382.6064
2367.0967	6375.4038
2367.6289	6330.0938
2368.1614	6276.6479
2368.6936	6233.2686
2369.2258	6159.729
2369.7583	6201.7227
2370.2905	6300.2935
2370.8228	6178.9131
2371.3552	6131.7734
2371.8875	6083.8926
2372.4197	6078.1597
2372.9519	6109.9834
2373.4844	6016.9063
2374.0166	6033.7471
2374.5488	6042.0454
2375.0813	6081.8081
2375.6135	5990.4126
2376.1458	5939.7798
2376.678	5949.8506
2377.2104	5920.2417
2377.7427	5863.3628
2378.2749	5858.292
2378.8074	5917.4941
2379.3396	5837.5498
2379.8718	5765.1621
2380.4043	5841.104
2380.9365	5736.5308
2381.4688	5675.9692
2382.001	5715.042
2382.5334	5701.3994
2383.0657	5681.1631
2383.5979	5724.0093
2384.1304	5637.561
2384.6626	5618.3979
2385.1948	5756.0884
2385.7273	5657.6426
2386.2595	5600.0757
2386.7917	5642.3252
2387.324	5646.6147
2387.8564	5572.2397
2388.3887	5585.6768
2388.9209	5537.7119
2389.4534	5517.8955
2389.9856	5617.2954
2390.5178	5566.7178
2391.05	5479.606
2391.5825	5488.793
2392.1147	5555.8857
2392.647	5497.5029
2393.1794	5479.1382
2393.7117	5487.7529
2394.2439	5489.1611
2394.7764	5430.4312
2395.3086	5480.0259
2395.8408	5443.8325
2396.373	5449.0986
2396.9055	5438.541
2397.4377	5399.9849
2397.97	5389.1763
2398.5024	5365.3887
2399.0347	5357.562
2399.5669	5404.3066
2400.0991	5443.1011
2400.6316	5319.8369
2401.1638	5254.0117
2401.696	5273.8145
2402.2285	5251.0078
2402.7607	5195.1797
2403.293	5191.9751
2403.8254	5154.3701
2404.3577	5171.6333
2404.8899	5110.5708
2405.4221	5087.2212
2405.9546	5057.2627
2406.4868	5072.7319
2407.019	5070.5767
2407.5515	5045.5806
2408.0837	5060.9146
2408.616	5055.709
2409.1484	5007.8677
2409.6807	4936.8833
2410.2129	4977.7944
2410.7451	4932.9746
2411.2776	4961.335
2411.8098	4931.7749
2412.342	4846.0728
2412.8745	4887.7852
2413.4067	4927.8013
2413.939	4848.4263
2414.4712	4869.5645
2415.0037	4874.5708
2415.5359	4916.7446
2416.0681	4856.3262
2416.6006	4794.5283
2417.1328	4805.3789
2417.665	4805.3154
2418.1975	4867.1328
2418.7297	4784.1929
2419.262	4858.6768
2419.7942	4822.4951
2420.3267	4837.106
2420.8589	4780.0601
2421.3911	4751.4429
2421.9236	4801.2925
2422.4558	4786.812
2422.988	4778.0708
2423.5205	4760.0913
2424.0527	4839.1855
2424.585	4739.3296
2425.1172	4753.8154
2425.6497	4683.7134
2426.1819	4729.228
2426.7141	4780.6543
2427.2466	4769.7866
2427.7788	4712.6538
2428.311	4716.832
2428.8433	4723.4312
2429.3757	4767.3511
2429.908	4705.8223
2430.4402	4635.8325
2430.9727	4667.2783
2431.5049	4669.2979
2432.0371	4646.8716
2432.5696	4632.9146
2433.1018	4748.3618
2433.634	4635.311
2434.1663	4641.1963
2434.6987	4612.4165
2435.231	4578.229
2435.7632	4583.3911
2436.2957	4551.2783
2436.8279	4578.3442
2437.3601	4522.4858
2437.8926	4515.1748
2438.4248	4448.5459
2438.957	4474.5
2439.4893	4485.1558
2440.0217	4436.9766
2440.554	4447.8843
2441.0862	4472.6216
2441.6187	4490.6333
2442.1509	4448.9614
2442.6831	4486.9453
2443.2153	4375.7769
2443.7478	4413.8247
2444.28	4468.7617
2444.8123	4434.6016
2445.3447	4388.7402
2445.877	4444.4492
2446.4092	4490.334
2446.9417	4488.7822
2447.4739	4453.623
2448.0061	4455.0713
2448.5383	4471.4146
2449.0708	4570.5166
2449.603	4582.0566
2450.1353	4528.3433
2450.6677	4602.3867
2451.2	4689.6226
2451.7322	4662.269
2452.2644	4676.5288
2452.7969	4693.8711
2453.3291	4724.6206
2453.8613	4758.3472
2454.3938	4759.9531
2454.926	4758.7393
2455.4583	4717.5225
2455.9907	4831.7432
2456.5229	4805.6704
2457.0552	4803.1299
2457.5874	4813.1846
2458.1199	4808.4668
2458.6521	4792.0815
2459.1843	4798.9565
2459.7168	4821.2178
2460.249	4740.5151
2460.7813	4790.4058
2461.3137	4688.9414
2461.8459	4663.2075
2462.3782	4667.6333
2462.9104	4692.9194
2463.4429	4637.9165
2463.9751	4565.6064
2464.5073	4521.2783
2465.0398	4498.1299
2465.572	4419.9912
2466.1042	4427.4438
2466.6365	4357.0337
2467.1689	4365.665
2467.7012	4353.9595
2468.2334	4472.3843
2468.7659	4249.3994
2469.2981	4232.5562
2469.8303	4166.9087
2470.3628	4119.8955
2470.895	4129.29
2471.4272	4106.332
2471.9595	4092.866
2472.4919	4028.5479
2473.0242	4087.3767
2473.5564	4052.9531
2474.0889	4047.6118
2474.6211	4024.4875
2475.1533	4023.4473
2475.6858	4026.2227
2476.218	4050.6494
2476.7502	4025.6025
2477.2825	3972.1921
2477.8149	3978.2471
2478.3472	4004.5225
2478.8794	4048.8606
2479.4119	4060.9336
2479.9441	4046.5784
2480.4763	4112.5293
2481.0085	4124.4722
2481.541	4122.1475
2482.0732	4108.5303
2482.6055	4137.9453
2483.1379	4206.2305
2483.6702	4194.0464
2484.2024	4231.0591
2484.7349	4258.375
2485.2671	4307.6934
2485.7993	4261.2817
2486.3315	4325.8169
2486.864	4391.7813
2487.3962	4391.9971
2487.9285	4342.854
2488.4609	4403.498
2488.9932	4443.0195
2489.5254	4390.1431
2490.0579	4419.3193
2490.5901	4526.1255
2491.1223	4518.584
2491.6545	4577.7529
2492.187	4645.229
2492.7192	4668.2646
2493.2515	4673.791
2493.7839	4656.2271
2494.3162	4680.4419
2494.8484	4751.4375
2495.3806	4706.146
2495.9131	4847.1919
2496.4453	4839.5059
2496.9775	4880.5586
2497.51	4887.54
2498.0422	4894.9888
2498.5745	5001.6777
2499.1069	4964.6724
2499.6392	5018.0073
2500.1714	5052.0073
2500.7036	5037.8599
2501.2361	5036.749
2501.7683	5100.29
2502.3005	5104.397
2502.833	5089.8184
2503.3652	5090.7383
2503.8975	5080.6064
2504.4297	5123.1841
2504.9622	5173.1602
2505.4944	5132.1704
2506.0266	5082.6909
2506.5591	5175.1396
2507.0913	5080.5396
2507.6235	5087.9556
2508.156	5053.665
2508.6882	5090.6963
2509.2205	5077.3413
2509.7527	5055.2729
2510.2852	5040.2339
2510.8174	4970.1802
2511.3496	5040.9424
2511.8821	5030.4966
2512.4143	4947.7759
2512.9465	4950.4058
2513.479	4977.1807
2514.0112	4986.2451
2514.5435	4942.4546
2515.0757	4930.6255
2515.6082	4998.604
2516.1404	4895.2988
2516.6726	4849.4302
2517.2051	4848.4268
2517.7373	4823.9292
2518.2695	4820.8208
2518.8018	4820.8481
2519.3342	4759.4243
2519.8665	4733.0366
2520.3987	4706.8794
2520.9312	4690.5171
2521.4634	4691.0449
2521.9956	4592.8257
2522.5281	4541.8345
2523.0603	4479.1606
2523.5925	4521.8853
2524.1248	4473.9404
2524.6572	4381.2651
2525.1895	4296.1206
2525.7217	4271.9165
2526.2542	4211.876
2526.7864	4156.1304
2527.3186	4092.7993
2527.8511	4060.428
2528.3833	3990.428
2528.9155	3932.5457
2529.4478	3878.1394
2529.9802	3847.4045
2530.5125	3808.9604
2531.0447	3679.6704
2531.5771	3626.3345
2532.1094	3568.0691
2532.6416	3583.1633
2533.1738	3549.042
2533.7063	3531.6169
2534.2385	3507.3699
2534.7708	3447.2637
2535.3032	3393.427
2535.8354	3402.5286
2536.3677	3337.4492
2536.9001	3265.1611
2537.4324	3273.8572
2537.9646	3296.0723
2538.4968	3249.832
2539.0293	3210.7285
2539.5615	3315.2373
2540.0938	3257.4929
2540.6262	3203.8401
2541.1584	3147.5464
2541.6907	3171.3452
2542.2231	3166.9956
2542.7554	3096.635
2543.2876	3161.2236
2543.8198	3130.6858
2544.3523	3111.3584
2544.8845	3105.906
2545.4167	3133.2451
2545.9492	3099.3838
2546.4814	3060.3154
2547.0137	3077.9268
2547.5459	3070.0696
2548.0784	3020.9031
2548.6106	2991.3528
2549.1428	2979.3706
2549.6753	2972.4324
2550.2075	2952.7483
2550.7397	2931.6226
2551.2722	2962.8691
2551.8044	2877.95
2552.3367	2862.2917
2552.8689	2867.999
2553.4014	2849.417
2553.9336	2882.7449
2554.4658	2825.0454
2554.9983	2787.4053
2555.5305	2771.4031
2556.0627	2789.498
2556.595	2781.5149
2557.1274	2729.8545
2557.6597	2696.2307
2558.1919	2743.2505
2558.7244	2742.7012
2559.2566	2686.033
2559.7888	2706.6074
2560.3213	2667.198
2560.8535	2682.5132
2561.3857	2672.9465
2561.918	2705.3484
2562.4504	2675.3044
2562.9827	2645.5435
2563.5149	2658.7373
2564.0474	2623.2126
2564.5796	2574.2043
2565.1118	2576.1023
2565.6443	2569.6753
2566.1765	2612.7734
2566.7087	2577.8628
2567.241	2566.0532
2567.7734	2567.4539
2568.3057	2547.5923
2568.8379	2552.3281
2569.3704	2520.8555
2569.9026	2539.4827
2570.4348	2517.5149
2570.967	2497.2036
2571.4995	2513.5332
2572.0317	2483.3518
2572.564	2457.0588
2573.0964	2447.2773
2573.6287	2431.708
2574.1609	2420.353
2574.6934	2390.751
2575.2256	2403.8884
2575.7578	2356.9163
2576.29	2345.9607
2576.8225	2330.5249
2577.3547	2359.6572
2577.887	2333.6143
2578.4194	2299.8245
2578.9517	2310.4082
2579.4839	2309.7136
2580.0164	2293.9131
2580.5486	2277.3882
2581.0808	2270.3347
2581.613	2249.5491
2582.1455	2255.1792
2582.6777	2248.571
2583.21	2228.3662
2583.7424	2240.4175
2584.2747	2236.156
2584.8069	2208.4954
2585.3391	2212.8196
2585.8716	2209.7793
2586.4038	2199.4314
2586.936	2207.2195
2587.4685	2199.1365
2588.0007	2173.344
2588.533	2183.1243
2589.0654	2194.8306
2589.5977	2186.0217
2590.1299	2174.7734
2590.6621	2141.0381
2591.1946	2151.6406
2591.7268	2149.1431
2592.259	2155.9946
2592.7915	2158.8965
2593.3237	2113.679
2593.856	2139.6638
2594.3884	2120.6589
2594.9207	2093.1919
2595.4529	2086.238
2595.9851	2103.2776
2596.5176	2098.5527
2597.0498	2071.7927
2597.582	2107.4568
2598.1145	2076.7112
2598.6467	2076.1946
2599.179	2064.8967
2599.7112	2058.5679
2600.2437	2040.4825
2600.7759	2035.5465
2601.3081	2013.5111
2601.8406	1981.4802
2602.3728	1988.6957
2602.905	1998.5625
2603.4375	1983.5004
2603.9697	1997.4977
2604.502	1971.9363
2605.0342	1954.4946
2605.5667	1933.8308
2606.0989	1929.5322
2606.6311	1924.097
2607.1636	1902.3719
2607.6958	1890.1217
2608.228	1878.8684
2608.7603	1880.6764
2609.2927	1859.5048
2609.825	1834.5436
2610.3572	1857.416
2610.8896	1862.5313
2611.4219	1838.3306
2611.9541	1839.4423
2612.4866	1831.7711
2613.0188	1793.3539
2613.551	1805.8879
2614.0833	1782.1661
2614.6157	1770.4312
2615.1479	1760.389
2615.6802	1748.3094
2616.2126	1744.2465
2616.7449	1725.8949
2617.2771	1703.4883
2617.8096	1727.3923
2618.3418	1720.2766
2618.874	1701.1615
2619.4063	1699.0535
2619.9387	1681.2622
2620.4709	1690.0426
2621.0032	1675.5157
2621.5356	1683.2588
2622.0679	1673.0483
2622.6001	1653.0647
2623.1323	1661.4583
2623.6648	1637.7493
2624.197	1616.2065
2624.7292	1631.2944
2625.2617	1637.1744
2625.7939	1609.8152
2626.3262	1640.0776
2626.8586	1618.3955
2627.3909	1614.0604
2627.9231	1598.3223
2628.4553	1609.1154
2628.9878	1621.1022
2629.52	1569.7391
2630.0522	1614.4347
2630.5847	1599.2563
2631.1169	1572.0787
2631.6492	1575.0039
2632.1816	1574.3066
2632.7139	1568.0786
2633.2461	1576.6613
2633.7783	1545.7279
2634.3108	1571.0618
2634.843	1571.4022
2635.3752	1567.005
2635.9077	1547.8156
2636.4399	1556.5667
2636.9722	1520.7672
2637.5044	1538.1593
2638.0369	1551.4757
2638.5691	1521.6531
2639.1013	1530.2452
2639.6338	1544.2855
2640.166	1519.5903
2640.6982	1486.1865
2641.2307	1506.1077
2641.7629	1531.1895
2642.2952	1516.915
2642.8274	1508.9523
2643.3599	1519.8644
2643.8921	1504.0076
2644.4243	1485.5994
2644.9568	1479.9579
2645.489	1511.6803
2646.0212	1481.4735
2646.5537	1489.8987
2647.0859	1492.4193
2647.6182	1490.8428
2648.1504	1476.5029
2648.6829	1477.6069
2649.2151	1476.7758
2649.7473	1455.7231
2650.2798	1447.9081
2650.812	1469.4458
2651.3442	1453.2299
2651.8765	1472.7875
2652.4089	1467.0887
2652.9412	1440.4551
2653.4734	1454.6857
2654.0059	1441.2208
2654.5381	1444.9982
2655.0703	1428.7489
2655.6028	1439.2313
2656.135	1437.7706
2656.6672	1467.4691
2657.1995	1453.4701
2657.7319	1442.4363
2658.2642	1446.5984
2658.7964	1445.1561
2659.3289	1418.3046
2659.8611	1432.3401
2660.3933	1432.8984
2660.9255	1407.04
2661.458	1414.7222
2661.9902	1401.4364
2662.5225	1389.4705
2663.0549	1399.1909
2663.5872	1400.3851
2664.1194	1412.2064
2664.6519	1405.4401
2665.1841	1389.0791
2665.7163	1400.8365
2666.2485	1391.3643
2666.781	1390.9458
2667.3132	1377.5717
2667.8455	1371.9774
2668.3779	1359.8
2668.9102	1386.2905
2669.4424	1396.897
2669.9749	1370.6022
2670.5071	1373.043
2671.0393	1345.4065
2671.5715	1373.4778
2672.104	1359.1062
2672.6362	1361.9554
2673.1685	1347.088
2673.7009	1326.3917
2674.2332	1340.5795
2674.7654	1343.6212
2675.2976	1355.8188
2675.8301	1345.3297
2676.3623	1343.7053
2676.8945	1330.9316
2677.427	1345.5526
2677.9592	1330.4537
2678.4915	1314.5847
2679.0239	1302.4235
2679.5562	1325.3624
2680.0884	1320.1093
2680.6206	1309.478
2681.1531	1310.1747
2681.6853	1324.5726
2682.2175	1320.7468
2682.75	1303.3125
2683.2822	1291.838
2683.8145	1302.0055
2684.3469	1285.0593
2684.8792	1293.3469
2685.4114	1285.9216
2685.9436	1280.6696
2686.4761	1298.2216
2687.0083	1298.4596
2687.5405	1311.9955
2688.073	1292.6306
2688.6052	1261.5032
2689.1375	1283.4049
2689.6697	1281.5157
2690.2021	1278.9816
2690.7344	1257.4702
2691.2666	1285.4193
2691.7991	1260.3199
2692.3313	1258.4054
2692.8635	1255.6064
2693.396	1271.4857
2693.9282	1280.9686
2694.4604	1268.271
2694.9927	1255.7142
2695.5251	1264.2474
2696.0574	1267.2488
2696.5896	1248.6014
2697.1221	1256.3687
2697.6543	1249.3251
2698.1865	1238.5217
2698.719	1248.533
2699.2512	1249.9866
2699.7834	1258.9603
2700.3157	1262.3466
2700.8481	1245.1836
2701.3804	1235.7992
2701.9126	1240.8013
2702.4451	1232.9414
2702.9773	1237.4324
2703.5095	1241.2689
2704.0417	1238.3795
2704.5742	1227.7694
2705.1064	1241.3264
2705.6387	1250.3716
2706.1711	1241.9058
2706.7034	1244.1896
2707.2356	1227.5255
2707.7681	1218.4954
2708.3003	1218.5874
2708.8325	1213.132
2709.3647	1241.3523
2709.8972	1219.8173
2710.4294	1225.1663
2710.9617	1224.7401
2711.4941	1215.9868
2712.0264	1213.2465
2712.5586	1222.6865
2713.0908	1216.0087
2713.6233	1207.9554
2714.1555	1211.0292
2714.6877	1197.8179
2715.2202	1208.8789
2715.7524	1219.9611
2716.2847	1205.8475
2716.8171	1191.5682
2717.3494	1201.7983
2717.8816	1200.6213
2718.4138	1205.6631
2718.9463	1216.3916
2719.4785	1201.7791
2720.0107	1218.1318
2720.5432	1196.1799
2721.0754	1210.9186
2721.6077	1204.7795
2722.1401	1196.11
2722.6724	1190.4325
2723.2046	1188.6863
2723.7368	1192.5797
2724.2693	1181.2019
2724.8015	1195.0004
2725.3337	1194.1694
2725.8662	1207.3938
2726.3984	1197.3708
2726.9307	1202.7297
2727.4629	1202.0117
2727.9954	1204.0934
2728.5276	1190.3777
2729.0598	1184.9594
2729.5923	1189.4095
2730.1245	1177.8258
2730.6567	1191.5438
2731.1892	1191.3741
2731.7214	1194.0143
2732.2537	1197.7355
2732.7859	1197.8778
2733.3184	1172.5852
2733.8506	1185.8309
2734.3828	1190.8655
2734.9153	1183.9442
2735.4475	1171.494
2735.9797	1180.1764
2736.5122	1158.2681
2737.0444	1166.3944
2737.5767	1181.3021
2738.1089	1171.1558
2738.6414	1177.312
2739.1736	1158.2421
2739.7058	1182.611
2740.2383	1159.4414
2740.7705	1169.4355
2741.3027	1169.1096
2741.835	1164.7827
2742.3674	1168.4441
2742.8997	1172.4984
2743.4319	1175.8459
2743.9644	1173.2455
2744.4966	1171.8948
2745.0288	1168.8429
2745.5613	1147.2319
2746.0935	1154.2765
2746.6257	1172.1555
2747.158	1161.353
2747.6904	1172.1379
2748.2227	1151.1898
2748.7549	1145.8698
2749.2874	1144.1973
2749.8196	1138.2468
2750.3518	1148.624
2750.8843	1137.1841
2751.4165	1159.6436
2751.9487	1166.4648
2752.481	1156.0763
2753.0134	1158.1257
2753.5457	1135.1348
2754.0779	1152.4847
2754.6104	1153.5178
2755.1426	1147.3008
2755.6748	1150.9326
2756.207	1141.1881
2756.7395	1159.7223
2757.2717	1141.1063
2757.804	1141.9969
2758.3364	1137.6259
2758.8687	1140.2552
2759.4009	1133.1176
2759.9333	1145.3141
2760.4656	1136.021
2760.9978	1147.7123
2761.53	1141.0007
2762.0625	1141.3549
2762.5947	1152.899
2763.127	1149.1771
2763.6594	1131.8824
2764.1917	1130.7156
2764.7239	1132.5325
2765.2561	1114.8757
2765.7886	1123.3311
2766.3208	1143.6776
2766.853	1129.484
2767.3855	1130.2611
2767.9177	1115.6814
2768.45	1134.436
2768.9824	1152.6979
2769.5146	1103.8318
2770.0469	1124.8408
2770.5791	1145.1487
2771.1116	1134.062
2771.6438	1115.5386
2772.176	1117.8148
2772.7085	1114.2681
2773.2407	1110.7963
2773.7729	1108.3308
2774.3054	1106.6248
2774.8376	1134.3783
2775.3699	1130.6782
2775.9021	1132.5248
2776.4346	1128.2234
2776.9668	1122.1552
2777.499	1115.1853
2778.0315	1130.6097
2778.5637	1119.7283
2779.0959	1118.809
2779.6282	1117.8029
2780.1606	1112.8319
2780.6929	1123.338
2781.2251	1115.3727
2781.7576	1121.5933
2782.2898	1105.058
2782.822	1109.5883
2783.3545	1082.1693
2783.8867	1089.324
2784.4189	1096.9276
2784.9512	1101.2949
2785.4836	1096.3015
2786.0159	1101.5206
2786.5481	1107.0452
2787.0806	1105.9282
2787.6128	1097.9861
2788.145	1128.6072
2788.6775	1091.991
2789.2097	1099.9625
2789.7419	1101.3367
2790.2742	1098.1049
2790.8066	1110.1071
2791.3389	1085.4287
2791.8711	1109.371
2792.4036	1105.8672
2792.9358	1099.1816
2793.468	1087.135
2794.0002	1072.6792
2794.5327	1104.4344
2795.0649	1103.9476
2795.5972	1083.8472
2796.1296	1098.2531
2796.6619	1087.6322
2797.1941	1087.2142
2797.7266	1084.8988
2798.2588	1097.074
2798.791	1091.197
2799.3232	1088.7875
2799.8557	1090.1476
2800.3879	1089.8046
2800.9202	1088.3209
2801.4526	1079.0238
2801.9849	1084.8948
2802.5171	1079.4858
2803.0496	1081.932
2803.5818	1077.1597
2804.114	1083.0944
2804.6462	1077.3254
2805.1787	1077.8278
2805.7109	1074.6843
2806.2432	1078.8695
2806.7756	1085.0267
2807.3079	1066.7518
2807.8401	1064.5182
2808.3723	1076.2422
2808.9048	1087.4819
2809.437	1069.1432
2809.9692	1071.7712
2810.5017	1072.1611
2811.0339	1070.7025
2811.5662	1069.1658
2812.0986	1074.0289
2812.6309	1067.1627
2813.1631	1065.3733
2813.6953	1067.2366
2814.2278	1071.5675
2814.76	1063.4619
2815.2922	1074.8135
2815.8247	1059.5675
2816.3569	1077.548
2816.8892	1053.3658
2817.4214	1065.8694
2817.9539	1063.8469
2818.4861	1060.8914
2819.0183	1062.2222
2819.5508	1068.0594
2820.083	1054.8876
2820.6152	1050.911
2821.1477	1055.129
2821.6799	1064.1711
2822.2122	1067.2759
2822.7444	1061.1704
2823.2769	1074.5886
2823.8091	1061.0615
2824.3413	1054.2336
2824.8738	1062.8956
2825.406	1059.9517
2825.9382	1056.2913
2826.4707	1056.4586
2827.0029	1051.2565
2827.5352	1053.5624
2828.0674	1057.7445
2828.5999	1056.9597
2829.1321	1058.478
2829.6643	1058.1705
2830.1968	1067.5536
2830.729	1060.7424
2831.2612	1049.3506
2831.7935	1056.3594
2832.3259	1059.3347
2832.8582	1050.344
2833.3904	1044.6971
2833.9229	1056.9534
2834.4551	1052.6055
2834.9873	1046.2396
2835.5198	1049.9354
2836.052	1049.8724
2836.5842	1046.55
2837.1165	1055.281
2837.6489	1048.7887
2838.1812	1044.8077
2838.7134	1040.2086
2839.2458	1038.8804
2839.7781	1034.8333
2840.3103	1038.9694
2840.8428	1030.2153
2841.375	1036.9852
2841.9072	1025.3093
2842.4395	1036.9097
2842.9719	1060.58
2843.5042	1041.4393
2844.0364	1026.1071
2844.5688	1028.0247
2845.1011	1036.6965
2845.6333	1047.439
2846.1655	1030.3639
2846.698	1024.6523
2847.2302	1043.4806
2847.7625	1033.118
2848.2949	1032.6661
2848.8271	1044.1779
2849.3594	1042.6053
2849.8918	1040.5894
2850.4241	1035.0383
2850.9563	1032.496
2851.4885	1030.9714
2852.021	1017.0625
2852.5532	1042.2576
2853.0854	1032.4307
2853.6179	1023.2117
2854.1501	1037.353
2854.6824	1019.0684
2855.2148	1033.1288
2855.7471	1038.7123
2856.2793	1027.0656
2856.8115	1014.5707
2857.344	1027.3767
2857.8762	1038.5308
2858.4084	1031.7239
2858.9409	1034.084
2859.4731	1020.6552
2860.0054	1019.623
2860.5376	1034.5508
2861.0701	1030.6545
2861.6023	1016.4657
2862.1345	1018.9253
2862.667	1025.0571
2863.1992	1014.2339
2863.7314	1018.1883
2864.2639	1016.9704
2864.7961	1019.006
2865.3284	1023.3179
2865.8606	1026.8279
2866.3931	1027.5663
2866.9253	1017.3506
2867.4575	1026.712
2867.99	1028.3448
2868.5222	1027.8679
2869.0544	1024.5818
2869.5867	1023.6657
2870.1191	1016.0461
2870.6514	1011.3148
2871.1836	1022.7336
2871.7161	1027.4034
2872.2483	1020.4307
2872.7805	1023.9606
2873.313	1013.6498
2873.8452	1018.9528
2874.3774	1018.5263
2874.9097	1014.7927
2875.4421	1016.4056
2875.9744	1019.1514
2876.5066	1021.7567
2877.0391	1020.6742
2877.5713	1006.5927
2878.1035	1009.1038
2878.636	1003.0961
2879.1682	1015.7726
2879.7004	1012.3194
2880.2327	1012.627
2880.7651	1011.6536
2881.2974	1015.8934
2881.8296	1002.1531
2882.3621	1016.6703
2882.8943	1014.3511
2883.4265	1013.1226
2883.9587	1018.9022
2884.4912	1012.7625
2885.0234	1016.9634
2885.5557	1023.9483
2886.0881	1014.7802
2886.6204	1006.3057
2887.1526	993.70532
2887.6851	1010.9626
2888.2173	1006.2682
2888.7495	1005.8286
2889.2817	999.23749
2889.8142	1004.3871
2890.3464	999.76038
2890.8787	1005.9487
2891.4111	1017.5258
2891.9434	991.57709
2892.4756	1009.7607
2893.0081	1004.068
2893.5403	1004.5391
2894.0725	1004.1075
2894.6047	1008.0101
2895.1372	1000.5387
2895.6694	1005.5721
2896.2017	1006.4676
2896.7341	1000.9202
2897.2664	1007.6045
2897.7986	998.74036
2898.3308	1015.2549
2898.8633	1001.7548
2899.3955	1002.4289
2899.9277	997.44916
2900.4602	1005.5439
2900.9924	1015.67
2901.5247	1002.9298
2902.0571	1009.299
2902.5894	997.78735
2903.1216	993.41809
2903.6538	1003.5907
2904.1863	1006.8131
2904.7185	994.6955
2905.2507	1000.7217
2905.7832	1003.7714
2906.3154	993.57098
2906.8477	991.33014
2907.3801	1005.7529
2907.9124	1014.8652
2908.4446	998.63776
2908.9768	1001.9981
2909.5093	996.79987
2910.0415	1004.2503
2910.5737	992.56946
2911.1062	996.026
2911.6384	1003.5912
2912.1707	987.65479
2912.7029	988.57941
2913.2354	999.55267
2913.7676	988.80682
2914.2998	999.13239
2914.8323	1010.4462
2915.3645	998.63214
2915.8967	985.64447
2916.4292	990.67627
2916.9614	989.6441
2917.4937	994.32306
2918.0259	996.14398
2918.5583	1003.2258
2919.0906	997.85455
2919.6228	991.91943
2920.1553	998.55579
2920.6875	1001.5176
2921.2197	997.41943
2921.752	999.64545
2922.2844	992.71509
2922.8167	986.90137
2923.3489	984.51422
2923.8813	989.72076
2924.4136	986.70441
2924.9458	994.71753
2925.4783	995.16577
2926.0105	995.8952
2926.5427	994.54242
2927.075	994.89539
2927.6074	984.53839
2928.1396	986.66199
2928.6719	999.14551
2929.2043	992.04956
2929.7366	997.51581
2930.2688	995.54852
2930.8013	993.72137
2931.3335	993.41888
2931.8657	983.25006
2932.3979	981.88617
2932.9304	986.5603
2933.4626	987.68158
2933.9949	995.99353
2934.5273	988.71429
2935.0596	981.25281
2935.5918	987.87817
2936.124	993.39417
2936.6565	986.15649
2937.1887	987.33801
2937.7209	975.17432
2938.2534	991.07697
2938.7856	985.73035
2939.3179	992.15631
2939.8503	989.64935
2940.3826	983.79779
2940.9148	990.78967
2941.447	996.56482
2941.9795	984.33252
2942.5117	985.20227
2943.0439	988.36414
2943.5764	981.34662
2944.1086	982.76166
2944.6409	985.80347
2945.1733	982.84485
2945.7056	988.1853
2946.2378	973.04028
2946.77	990.52844
2947.3025	988.98779
2947.8347	975.00732
2948.3669	979.25861
2948.8994	988.30609
2949.4316	984.2486
2949.9639	981.8963
2950.4961	989.76312
2951.0286	989.62482
2951.5608	978.66821
2952.093	975.52441
2952.6255	980.45453
2953.1577	972.19171
2953.6899	976.37311
2954.2224	974.01459
2954.7546	961.64557
2955.2869	994.33441
2955.8191	990.86438
2956.3516	981.92072
2956.8838	986.92657
2957.416	988.26953
2957.9485	975.05695
2958.4807	977.71783
2959.0129	973.90369
2959.5454	973.06
2960.0776	972.59583
2960.6099	982.43451
2961.1421	972.01056
2961.6746	972.42749
2962.2068	979.96631
2962.739	983.5282
2963.2715	975.96875
2963.8037	969.50836
2964.3359	976.4082
2964.8682	961.08313
2965.4006	974.52051
2965.9329	968.16376
2966.4651	970.48804
2966.9976	972.80042
2967.5298	973.30756
2968.062	978.71411
2968.5945	977.49933
2969.1267	976.75958
2969.6589	976.32056
2970.1912	966.9035
2970.7236	979.93896
2971.2559	972.44403
2971.7881	972.41058
2972.3206	978.67755
2972.8528	974.88989
2973.385	967.70984
2973.9172	961.91852
2974.4497	962.98352
2974.9819	973.47473
2975.5142	974.36981
2976.0466	966.62701
2976.5789	977.22845
2977.1111	978.66907
2977.6436	963.80927
2978.1758	959.0636
2978.708	977.69916
2979.2402	963.60736
2979.7727	963.01807
2980.3049	971.24384
2980.8372	970.39105
2981.3696	972.96301
2981.9019	974.93854
2982.4341	965.73352
2982.9666	970.2016
2983.4988	957.23175
2984.031	962.55963
2984.5632	970.00543
2985.0957	975.75073
2985.6279	956.55463
2986.1602	976.09875
2986.6926	970.9975
2987.2249	968.93512
2987.7571	967.15381
2988.2893	970.07391
2988.8218	979.19269
2989.354	970.70764
2989.8862	970.29456
2990.4187	959.94073
2990.9509	970.80048
2991.4832	953.88788
2992.0156	965.74982
2992.5479	964.776
2993.0801	962.48126
2993.6123	956.04309
2994.1448	969.30878
2994.677	964.49292
2995.2092	957.18945
2995.7417	970.87952
2996.2739	958.52307
2996.8062	950.32294
2997.3386	957.98914
2997.8708	972.29388
2998.4031	962.56
2998.9353	955.47089
2999.4678	967.1012
3000	968.17938
