50	912.80145
50.532299	912.06726
51.064598	914.13416
51.596897	908.70453
52.129196	906
52.661495	907.68433
53.193794	911.1651
53.726093	911.99207
54.258392	907.48596
54.790688	908.44446
55.322987	909.7381
55.855286	910.91315
56.387585	912.07709
56.919884	906.27496
57.452183	909.15857
57.984482	917.71729
58.516781	918.26648
59.04908	911.90344
59.581379	908.79645
60.113678	907.13812
60.645977	916.12128
61.178276	916.35327
61.710575	917.41638
62.242874	921.5
62.775173	921.98834
63.307468	927.36871
63.839767	921.41083
64.37207	921.2464
64.904366	922.80487
65.436668	924.14044
65.968964	930.14496
66.501266	932.63391
67.033562	934.06152
67.565857	931.28174
68.09816	931.42194
68.630455	937.47528
69.162758	941.36285
69.695053	936.79828
70.227356	940.78418
70.759651	946.58984
71.291954	950
71.824249	948.52985
72.356552	941.59265
72.888847	966.49817
73.42115	965.20929
73.953445	967.16364
74.485748	969.60138
75.018044	965.17657
75.550346	974.31085
76.082642	982.22583
76.614937	993.65588
77.14724	1007.7736
77.679535	1018.5648
78.211838	1023.8022
78.744133	1041.2458
79.276436	1043.1921
79.808731	1049.4425
80.341034	1047.9806
80.873329	1044.4406
81.405632	1049.792
81.937927	1044.8065
82.47023	1058.5375
83.002525	1038.0656
83.534828	1025.8142
84.067123	1026.0417
84.599426	1017.0096
85.131721	1029.0615
85.664017	1026.1675
86.19632	1023.8045
86.728615	1019.1384
87.260918	1012.1772
87.793213	1006.4952
88.325516	1001.9223
88.857811	999.2359
89.390114	1013.1555
89.922409	1019.3183
90.454712	1015.1132
90.987007	1018.8536
91.51931	1007.2062
92.051605	998.89392
92.583908	1005.7281
93.116203	1011.6525
93.648499	1007.4447
94.180801	998.8136
94.713097	1008.3772
95.245399	1013.1458
95.777695	1014.7378
96.309998	1013.3382
96.842293	1012.1252
97.374596	1015.8049
97.906891	1014.1365
98.439194	1006.9733
98.971489	1012.9036
99.503792	1008.2794
100.03609	992.11658
100.56839	994.60999
101.10069	997.10358
101.63299	1000.6907
102.16528	995.15265
102.69758	990.8927
103.22988	991.13922
103.76218	988.27942
104.29448	1007.0123
104.82677	998.82251
105.35908	988.42065
105.89137	984.76007
106.42368	989.04163
106.95597	996.37061
107.48827	996.3667
108.02057	982.1543
108.55287	985.58282
109.08517	998.30737
109.61747	1006.7761
110.14977	1005.0688
110.68207	1007.9872
111.21436	999.92407
111.74666	999.66644
112.27896	1003.8339
112.81126	1004.3715
113.34356	995.41223
113.87585	984.13342
114.40816	992.38953
114.94045	998.95337
115.47276	997.65668
116.00505	996.1416
116.53735	1008.4503
117.06965	1010.1139
117.60195	1000.9901
118.13425	993.44916
118.66655	991.31757
119.19884	992.53204
119.73115	993.30383
120.26344	1008.7601
120.79574	1009.14
121.32804	1004.6502
121.86034	1004.9318
122.39264	1006.2955
122.92493	999.01422
123.45724	1010.2958
123.98953	1001.3148
124.52184	996.44293
125.05413	997.62805
125.58643	1001.6774
126.11873	1003.4354
126.65103	997.15985
127.18333	998.27527
127.71563	1002.7003
128.24792	1005.8874
128.78023	1003.0065
129.31252	995.0849
129.84482	1004.7005
130.37712	1000.0442
130.90942	998.69421
131.44171	1001.475
131.97401	1007.3933
132.50632	1011.4183
133.03862	997.63568
133.57091	1005.6694
134.10321	1003.1495
134.63551	1007.184
135.16782	1007.9416
135.7001	995.66406
136.23241	1001.1006
136.76471	1012.7531
137.297	1015.1472
137.8293	1019.9214
138.3616	1020.0565
138.89391	1010.2584
139.42619	1006.0681
139.9585	1001.8776
140.4908	1009.0282
141.0231	1006.8474
141.55539	1004.8755
142.08769	1011.1102
142.62	1012.5264
143.1523	998.70264
143.68459	996.24493
144.21689	996.91833
144.74919	1005.309
145.28149	1017.8119
145.81378	1018.0015
146.34608	1010.038
146.87839	1021.976
147.41068	1027.1477
147.94298	1025.9166
148.47528	1023.0627
149.00758	1021.16
149.53987	1017.3847
150.07217	1038.8657
150.60448	1035.5906
151.13678	1033.9049
151.66907	1040.1813
152.20137	1040.4781
152.73367	1040.0551
153.26598	1053.1499
153.79826	1041.9521
154.33057	1041.7842
154.86287	1054.28
155.39516	1060.7676
155.92746	1056.5704
156.45976	1057.3325
156.99207	1065.8185
157.52435	1078.8195
158.05666	1088.3514
158.58896	1091.3533
159.12126	1097.5897
159.65355	1101.7889
160.18585	1115.0885
160.71815	1125.8704
161.25046	1128.7668
161.78275	1128.9065
162.31505	1140.1459
162.84735	1150.2124
163.37965	1159.1918
163.91194	1156.7614
164.44424	1178.7385
164.97655	1206.5161
165.50883	1182.4607
166.04114	1187.0739
166.57344	1187.4315
167.10574	1174.8136
167.63803	1173.0651
168.17033	1175.2651
168.70264	1163.9247
169.23494	1170.2313
169.76723	1154.9087
170.29953	1171.071
170.83183	1169.238
171.36414	1156.2216
171.89642	1157.0197
172.42873	1166.5944
172.96103	1152.2814
173.49332	1143.2366
174.02562	1143.6135
174.55792	1143.5194
175.09023	1132.9891
175.62251	1113.4521
176.15482	1128.1538
176.68712	1128.3685
177.21942	1131.0717
177.75171	1138.0403
178.28401	1138.7158
178.81631	1122.744
179.34862	1118.1169
179.88091	1139.2003
180.41321	1125.2242
180.94551	1119.9885
181.4778	1127.1377
182.0101	1128.6812
182.5424	1133.311
183.07471	1125.7468
183.60699	1132.8389
184.1393	1136.0157
184.6716	1124.5021
185.2039	1104.7529
185.73619	1100.4689
186.26849	1094.9866
186.8008	1085.8452
187.3331	1088.5393
187.86539	1092.7747
188.39769	1087.4103
188.92999	1072.6791
189.4623	1076.0475
189.99458	1073.1083
190.52689	1063.4288
191.05919	1062.0405
191.59148	1067.6707
192.12378	1070.8225
192.65608	1071.2158
193.18839	1058.5609
193.72067	1063.4454
194.25298	1058.5143
194.78528	1046.7427
195.31758	1037.4874
195.84987	1032.3
196.38217	1047.9036
196.91447	1042.9943
197.44678	1033.6416
197.97906	1032.3679
198.51137	1034.443
199.04367	1027.3712
199.57596	1028.6332
200.10826	1025.8652
200.64056	1025.1807
201.17287	1020.2449
201.70515	1017.1965
202.23746	1019.4454
202.76976	1012.0869
203.30206	1025.985
203.83435	1029.9375
204.36665	1013.4027
204.89896	1006.8641
205.43126	1016.0514
205.96355	1011.0069
206.49585	1009.7363
207.02815	1003.8048
207.56044	1011.7601
208.09274	1013.8981
208.62505	1013.0389
209.15735	1017.4331
209.68964	1000.1146
210.22194	1005.1796
210.75424	1011.6243
211.28654	1010.6268
211.81883	1007.0288
212.35114	1007.6666
212.88344	1012.3244
213.41574	1003.0247
213.94803	1001.7026
214.48033	1000.9737
215.01263	1001.9254
215.54494	999.13904
216.07722	991.52258
216.60953	1009.2707
217.14183	1014.1323
217.67412	998.80933
218.20642	992.61829
218.73872	993.49542
219.27103	992.75702
219.80331	993.83484
220.33562	998.05927
220.86792	992.5282
221.40022	988.14301
221.93251	985.41882
222.46481	989.34406
222.99712	1001.5804
223.52942	995.65503
224.06171	990.13135
224.59401	994.39258
225.12631	994.922
225.6586	992.81354
226.1909	989.95038
226.72321	981.70697
227.25551	999.47375
227.7878	990.20044
228.3201	988.87225
228.8524	992.25378
229.3847	993.30249
229.91699	989.36047
230.4493	982.58472
230.9816	984.95532
231.5139	980.35571
232.04619	985.58063
232.57849	991.698
233.11079	992.43677
233.64308	998.54785
234.17538	987.5354
234.70769	984.14331
235.23999	985.86664
235.77228	985.81897
236.30458	984.07043
236.83688	983.57666
237.36919	978.93231
237.90147	997.14166
238.43378	978.15198
238.96608	978.4552
239.49838	984.15204
240.03067	978.45319
240.56297	975.47772
241.09528	990.72687
241.62758	976.6059
242.15987	973.00677
242.69217	975.29175
243.22447	979.1734
243.75676	983.3952
244.28906	985.83405
244.82137	984.98071
245.35367	972.20807
245.88596	972.48993
246.41826	978.44397
246.95056	981.3396
247.48286	980.80511
248.01515	976.98547
248.54745	984.98248
249.07976	984.83215
249.61206	980.99829
250.14435	977.04858
250.67665	975.33899
251.20895	977.3385
251.74124	977.75861
252.27354	984.24902
252.80585	987.20953
253.33815	981.15259
253.87044	977.12585
254.40274	983.66693
254.93504	972.27814
255.46735	971.84888
255.99963	971.06683
256.53195	975.48901
257.06424	975.62158
257.59653	972.81421
258.12885	980.09882
258.66113	978.82159
259.19342	976.33441
259.72574	976.72876
260.25803	974.71503
260.79031	970.99493
261.32263	968.21906
261.85492	967.19269
262.38724	981.6532
262.91953	977.16681
263.45181	974.61072
263.98413	974.67242
264.51642	974.28174
265.04871	973.4903
265.58102	980.14423
266.11331	975.89282
266.64563	973.05823
267.17792	971.06384
267.71021	974.54034
268.24252	981.08179
268.77481	981.00476
269.3071	972.48621
269.83942	961.11798
270.3717	979.09973
270.90399	980.81909
271.43631	971.66675
271.9686	970.16681
272.50092	974.18677
273.0332	980.14532
273.56549	974.40302
274.09781	974.2193
274.6301	974.16809
275.16238	974.13922
275.6947	975.65851
276.22699	973.90234
276.75931	979.86304
277.2916	978.38416
277.82388	974.03522
278.3562	972.50482
278.88849	973.30365
279.42078	971.83582
279.95309	967.59656
280.48538	967.59253
281.01767	975.04474
281.54999	973.02142
282.08228	975.93036
282.61459	981.56146
283.14688	972.37738
283.67917	985.16376
284.21149	978.95984
284.74377	975.86517
285.27606	973.72925
285.80838	974.66565
286.34067	977.69336
286.87296	975.30548
287.40527	963.78638
287.93756	974.20795
288.46988	976.70825
289.00217	975.01782
289.53445	976.02618
290.06677	978.30853
290.59906	970.87146
291.13135	981.95996
291.66367	973.35712
292.19595	967.37799
292.72827	971.01178
293.26056	977.83148
293.79285	980.81104
294.32516	986.17841
294.85745	979.77258
295.38974	975.23102
295.92206	971.56055
296.45435	971.80817
296.98663	973.1908
297.51895	971.96576
298.05124	974.49597
298.58356	975.77277
299.11584	977.77954
299.64813	969.67847
300.18045	968.06464
300.71274	969.96918
301.24503	963.06396
301.77734	977.90045
302.30963	970.63525
302.84195	970.14203
303.37424	970.13947
303.90652	971.40479
304.43884	972.71667
304.97113	970.37531
305.50342	966.95331
306.03574	975.35437
306.56802	975.1507
307.10031	969.11792
307.63263	967.1543
308.16492	971.58801
308.69724	974.14832
309.22952	969.0155
309.76181	982.6391
310.29413	966.41656
310.82642	964.14093
311.3587	965.35229
311.89102	961.92963
312.42331	967.08929
312.9556	949.98254
313.48792	973.69843
314.0202	969.63416
314.55252	963.45782
315.08481	964.59796
315.6171	968.58289
316.14941	967.72339
316.6817	966.8623
317.21399	972.15778
317.74631	970.9494
318.27859	966.61346
318.81091	965.95972
319.3432	968.93481
319.87549	969.14917
320.40781	980.29266
320.94009	972.1991
321.47238	969.61578
322.0047	970.3504
322.53699	969.7251
323.06927	965.7959
323.60159	962.21747
324.13388	969.91821
324.6662	966.17426
325.19849	967.63086
325.73077	967.95776
326.26309	969.21332
326.79538	971.87891
327.32767	971.17352
327.85999	974.60193
328.39227	971.03741
328.92459	961.38354
329.45688	966.37994
329.98917	971.06403
330.52148	968.25452
331.05377	973.32239
331.58606	966.45105
332.11838	965.38312
332.65067	961.77008
333.18295	972.4942
333.71527	980.06909
334.24756	973.56177
334.77988	967.96063
335.31216	980.38361
335.84445	976.07733
336.37677	969.26013
336.90906	967.23248
337.44135	971.60986
337.97366	974.29883
338.50595	967.26099
339.03824	971.1228
339.57056	974.98486
340.10284	974.23401
340.63516	979.33893
341.16745	980.86237
341.69974	978.86658
342.23206	980.93567
342.76434	968.19586
343.29663	976.78644
343.82895	968.3175
344.36124	964.32874
344.89355	969.91876
345.42584	976.80841
345.95813	973.54559
346.49045	960.98383
347.02274	973.87598
347.55502	980.81158
348.08734	972.92163
348.61963	978.43433
349.15192	982.82373
349.68423	964.60767
350.21652	969.70477
350.74884	981.31189
351.28113	987.55359
351.81342	982.48688
352.34573	977.58752
352.87802	982.14569
353.41031	992.76489
353.94263	992.50482
354.47491	979.59534
355.00723	988.04974
355.53952	993.1521
356.07181	982.97986
356.60413	972.40607
357.13641	975.49805
357.6687	983.4267
358.20102	982.56201
358.73331	974.32733
359.26559	977.96051
359.79791	980.50842
360.3302	983.53003
360.86252	987.20593
361.39481	982.76892
361.92709	967.69733
362.45941	984.90155
362.9917	988.34082
363.52399	985.61255
364.0563	978.466
364.58859	971.37695
365.12088	973.15753
365.6532	989.92371
366.18549	988.19354
366.7178	974.90985
367.25009	981.09833
367.78238	985.59674
368.3147	982.7793
368.84698	981.07141
369.37927	975.23645
369.91159	972.21051
370.44388	984.45587
370.9762	986.31122
371.50848	977.54022
372.04077	969.91821
372.57309	972.96051
373.10538	982.95868
373.63766	983.3866
374.16998	985.87476
374.70227	985.02557
375.23456	989.06805
375.76688	984.83911
376.29916	974.62756
376.83148	976.55554
377.36377	968.474
377.89606	990.02942
378.42838	982.05524
378.96066	975.19293
379.49295	973.82098
380.02527	976.44495
380.55756	980.39252
381.08987	977.83203
381.62216	968.76959
382.15445	983.37341
382.68677	980.46814
383.21906	978.60657
383.75134	978.62256
384.28366	974.94452
384.81595	976.00714
385.34824	982.05658
385.88055	980.66528
386.41284	977.20734
386.94516	977.75067
387.47745	975.73602
388.00974	969.66132
388.54205	967.24536
389.07434	969.83807
389.60663	972.86206
390.13895	980.34564
390.67123	980.34717
391.20352	976.64539
391.73584	975.45978
392.26813	976.54297
392.80045	972.14917
393.33273	976.90527
393.86502	967.66821
394.39734	970.89948
394.92963	973.48474
395.46191	976.40955
395.99423	977.84686
396.52652	967.98413
397.05884	966.24872
397.59113	976.53113
398.12341	974.60468
398.65573	975.87817
399.18802	975.4375
399.72031	972.23108
400.25262	972.62177
400.78491	978.02814
401.3172	967.19739
401.84952	974.85126
402.38181	975.88916
402.91412	968.70215
403.44641	966.1557
403.9787	971.30536
404.51102	971.65607
405.0433	982.48322
405.57559	985.22974
406.10791	986.38696
406.6402	977.86914
407.17252	973.01825
407.7048	974.97522
408.23709	976.76965
408.76941	981.1698
409.3017	973.36438
409.83398	980.91779
410.3663	981.49664
410.89859	974.62109
411.43088	973.41473
411.9632	979.35388
412.49548	976.62396
413.0278	973.14447
413.56009	976.98322
414.09238	975.78998
414.62469	981.64624
415.15698	987.4895
415.68927	986.27979
416.22159	978.80347
416.75388	973.01727
417.28616	991.70221
417.81848	980.22717
418.35077	978.75458
418.88309	975.80286
419.41537	973.99438
419.94766	975.37524
420.47998	976.5166
421.01227	993.78394
421.54456	976.42181
422.07687	979.29614
422.60916	976.40546
423.14148	975.97937
423.67377	979.60687
424.20605	980.63129
424.73837	978.0932
425.27066	983.29828
425.80295	976.86664
426.33527	974.81775
426.86755	981.9256
427.39984	991.68408
427.93216	993.61475
428.46445	984.84424
428.99677	979.49872
429.52905	979.49487
430.06134	981.45581
430.59366	978.37927
431.12595	986.72729
431.65823	990.45074
432.19055	978.39923
432.72284	970.34766
433.25516	982.45801
433.78745	980.71277
434.31973	984.927
434.85205	987.0705
435.38434	982.84711
435.91663	977.5932
436.44894	979.08551
436.98123	985.81445
437.51352	980.16046
438.04584	979.93207
438.57813	986.29645
439.11044	980.54932
439.64273	977.77972
440.17502	980.16113
440.70734	977.45758
441.23962	982.56573
441.77191	992.14697
442.30423	978.85626
442.83652	984.15906
443.3688	988.39288
443.90112	985.69092
444.43341	981.88507
444.96573	982.27698
445.49802	984.34717
446.0303	983.47321
446.56262	985.6842
447.09491	981.86127
447.6272	983.22656
448.15952	986.66406
448.6918	985.57599
449.22412	984.92175
449.75641	995.32642
450.2887	982.67676
450.82101	979.34674
451.3533	985.93939
451.88559	990.5752
452.41791	988.65179
452.9502	984.9397
453.48248	985.80072
454.0148	989.72278
454.54709	986.40216
455.07941	994.86456
455.61169	995.91394
456.14398	998.28448
456.6763	999.73016
457.20859	991.01862
457.74088	982.12048
458.27319	995.64459
458.80548	995.86334
459.3378	995.4223
459.87009	992.0838
460.40237	986.59943
460.93469	983.74036
461.46698	987.84613
461.99927	995.86053
462.53159	991.05426
463.06387	1006.7039
463.59616	996.06726
464.12848	999.06042
464.66077	1001.4154
465.19308	1001.4653
465.72537	1014.0248
466.25766	1008.019
466.78998	997.51147
467.32227	1008.0259
467.85455	1012.4161
468.38687	1017.3724
468.91916	1014.0566
469.45145	1002.0159
469.98376	995.76807
470.51605	1000.9288
471.04837	1004.8574
471.58066	1005.9854
472.11295	1007.8671
472.64526	1006.2045
473.17755	1006.0837
473.70984	1011.2082
474.24216	1014.9132
474.77444	1004.2599
475.30676	1006.0046
475.83905	1000.9679
476.37134	1007.7162
476.90366	1004.5253
477.43594	1006.0472
477.96823	1015.245
478.50055	1013.9109
479.03284	1017.508
479.56512	1015.3173
480.09744	1017.5221
480.62973	1014.0681
481.16205	1016.7884
481.69434	1018.4826
482.22662	1010.0258
482.75894	1001.8807
483.29123	1024.1525
483.82352	1025.0237
484.35583	1009.3861
484.88812	1027.3759
485.42044	1026.7394
485.95273	1016.5665
486.48502	1014.5753
487.01733	1013.2811
487.54962	1008.3034
488.08191	1018.8043
488.61423	1014.2697
489.14651	1016.1658
489.6788	1022.0903
490.21112	1025.5479
490.74341	1023.7809
491.27573	1022.3996
491.80801	1030.7411
492.3403	1015.4108
492.87262	1022.8011
493.40491	1030.5164
493.93719	1024.2983
494.46951	1016.8706
495.0018	1019.7143
495.53409	1028.329
496.06641	1028.0226
496.59869	1013.5323
497.13101	1025.2603
497.6633	1028.9377
498.19559	1025.2903
498.72791	1024.158
499.26019	1031.312
499.79248	1040.8612
500.3248	1038.7043
500.85709	1024.6475
501.3894	1034.8723
501.92169	1036.8337
502.45398	1041.623
502.9863	1041.7008
503.51859	1037.0544
504.05087	1034.9766
504.58319	1038.4181
505.11548	1041.464
505.64777	1043.2175
506.18008	1027.6364
506.71237	1033.3142
507.24469	1038.6584
507.77698	1039.6395
508.30927	1042.1281
508.84158	1042.8514
509.37387	1037.1967
509.90616	1032.7971
510.43848	1031.1985
510.97076	1032.2539
511.50308	1037.64
512.03534	1040.7302
512.56769	1040.9937
513.09998	1043.3793
513.63226	1042.1194
514.16455	1027.605
514.69684	1046.493
515.22919	1058.2247
515.76147	1053.9313
516.29376	1050.5146
516.82605	1055.7114
517.35834	1061.8479
517.89063	1059.2965
518.42297	1039.4977
518.95526	1050.2479
519.48755	1048.0677
520.01984	1047.4613
520.55212	1048.8503
521.08447	1049.2311
521.61676	1051.0536
522.14905	1059.0115
522.68134	1062.6666
523.21362	1059.1415
523.74591	1049.2472
524.27826	1048.4883
524.81055	1051.5208
525.34283	1051.3212
525.87512	1049.7407
526.40741	1056.6924
526.93976	1075.8317
527.47205	1070.9841
528.00433	1064.4519
528.53662	1065.8015
529.06891	1062.5203
529.60126	1062.6783
530.13354	1066.1216
530.66583	1065.8782
531.19812	1066.3368
531.73041	1086.6355
532.2627	1079.1429
532.79504	1069.3248
533.32733	1070.0162
533.85962	1073.3439
534.39191	1080.1875
534.92419	1082.1265
535.45654	1069.0295
535.98883	1067.8112
536.52112	1062.5083
537.05341	1077.168
537.58569	1084.1201
538.11798	1081.5251
538.65033	1081.0818
539.18262	1080.4425
539.7149	1072.3695
540.24719	1066.996
540.77948	1079.7573
541.31183	1089.9159
541.84412	1081.1194
542.3764	1077.8356
542.90869	1079.2766
543.44098	1081.0778
543.97327	1084.2455
544.50562	1087.6144
545.0379	1077.1444
545.57019	1083.3158
546.10248	1086.1493
546.63477	1084.467
547.16711	1083.6284
547.6994	1082.4042
548.23169	1084.6515
548.76398	1089.9797
549.29626	1090.0555
549.82855	1101.7765
550.3609	1088.0642
550.89319	1100.0367
551.42548	1095.5145
551.95776	1088.8058
552.49005	1089.905
553.0224	1098.9778
553.55469	1104.89
554.08698	1091.4358
554.61926	1113.5511
555.15155	1100.7039
555.6839	1091.0967
556.21619	1109.098
556.74847	1117.4393
557.28076	1120.4724
557.81305	1123.9218
558.34534	1107.8651
558.87769	1104.5975
559.40997	1105.4789
559.94226	1098.9264
560.47455	1106.4037
561.00684	1115.9729
561.53918	1116.662
562.07147	1121.6107
562.60376	1131.9935
563.13605	1118.6471
563.66833	1119.4763
564.20062	1118.1439
564.73297	1136.6051
565.26526	1138.1075
565.79755	1137.0546
566.32983	1132.7705
566.86212	1130.8376
567.39447	1138.0372
567.92676	1137.3319
568.45905	1144.4169
568.99133	1129.0815
569.52362	1138.4446
570.05591	1140.9824
570.58826	1135.8842
571.12054	1143.4043
571.65283	1153.0487
572.18512	1143.5864
572.71741	1158.7733
573.24976	1162.3153
573.78204	1148.7312
574.31433	1142.714
574.84662	1147.0903
575.37891	1153.0016
575.91119	1155.0139
576.44354	1159.337
576.97583	1173.0856
577.50812	1179.733
578.04041	1163.3225
578.57269	1173.2806
579.10504	1164.5078
579.63733	1157.3229
580.16962	1156.1359
580.7019	1160.175
581.23419	1163.8666
581.76654	1165.1356
582.29883	1191.9999
582.83112	1185.3276
583.3634	1163.7992
583.89569	1172.1989
584.42798	1190.5735
584.96033	1183.2001
585.49261	1175.4177
586.0249	1184.4982
586.55719	1167.4951
587.08948	1163.9421
587.62183	1187.9562
588.15411	1177.9575
588.6864	1184.1533
589.21869	1200.6227
589.75098	1188.4905
590.28326	1171.1506
590.81561	1181.2634
591.3479	1190.4897
591.88019	1210.9904
592.41248	1203.8809
592.94476	1191.45
593.47711	1181.3811
594.0094	1190.7759
594.54169	1195.6492
595.07397	1196.0587
595.60626	1200.2646
596.13855	1192.8285
596.6709	1199.6477
597.20319	1219.2319
597.73547	1189.2117
598.26776	1197.861
598.80005	1207.2426
599.3324	1200.9369
599.86469	1192.2402
600.39697	1193.4423
600.92926	1193.7227
601.46155	1177.8236
601.99384	1179.6013
602.52618	1175.9967
603.05847	1182.3981
603.59076	1187.6492
604.12305	1188.4601
604.65533	1194.1271
605.18768	1198.7454
605.71997	1185.3751
606.25226	1187.267
606.78455	1166.318
607.31683	1176.1265
607.84918	1174.1519
608.38147	1174.5498
608.91376	1189.8228
609.44604	1203.5747
609.97833	1202.0896
610.51062	1195.3771
611.04297	1188.4753
611.57526	1197.8339
612.10754	1195.1355
612.63983	1195.7758
613.17212	1200.6475
613.70447	1201.5338
614.23676	1192.6665
614.76904	1187.5707
615.30133	1196.4402
615.83362	1190.8923
616.36591	1197.5664
616.89825	1203.811
617.43054	1205.3882
617.96283	1199.2455
618.49512	1207.3423
619.0274	1209.9656
619.55975	1200.168
620.09204	1195.1138
620.62433	1193.2631
621.15662	1191.2527
621.6889	1182.8273
622.22119	1193.9906
622.75354	1199.7255
623.28583	1200.0511
623.81812	1186.5817
624.3504	1173.5332
624.88269	1180.3882
625.41504	1196.8831
625.94733	1203.0675
626.47961	1211.1406
627.0119	1193.3665
627.54419	1198.8225
628.07648	1192.5288
628.60883	1182.5585
629.14111	1187.0511
629.6734	1191.3159
630.20569	1181.2378
630.73798	1204.4894
631.27032	1189.8988
631.80261	1183.7935
632.3349	1188.8268
632.86719	1182.2495
633.39948	1183.5317
633.93182	1192.7754
634.46411	1191.2021
634.9964	1173.2952
635.52869	1165.7629
636.06097	1167.9553
636.59326	1186.9379
637.12561	1164.166
637.6579	1167.2905
638.19019	1164.4386
638.72247	1154.7585
639.25476	1145.9382
639.78711	1148.9353
640.3194	1153.2421
640.85168	1141.6019
641.38397	1154.2242
641.91626	1157.5634
642.44855	1146.9681
642.9809	1140.6708
643.51318	1136.7067
644.04547	1148.1105
644.57776	1152.5739
645.11005	1140.0986
645.6424	1144.7666
646.17468	1143.9113
646.70697	1149.9535
647.23926	1138.8743
647.77155	1131.4109
648.30383	1130.3276
648.83618	1142.9772
649.36847	1141.6909
649.90076	1135.9828
650.43304	1119.6058
650.96533	1120.8856
651.49768	1126.8473
652.02997	1118.0409
652.56226	1121.0625
653.09454	1127.5781
653.62683	1126.0583
654.15912	1123.9308
654.69147	1118.8627
655.22375	1122.1362
655.75604	1116.275
656.28833	1106.665
656.82062	1107.1093
657.35297	1101.6464
657.88525	1104.8446
658.41754	1113.7865
658.94983	1111.2582
659.48212	1101.3253
660.01447	1094.9277
660.54675	1106.1533
661.07904	1108.6388
661.61133	1099.2053
662.14362	1097.5336
662.6759	1092.2032
663.20825	1097.0394
663.74054	1110.457
664.27283	1099.5455
664.80511	1090.3489
665.3374	1090.985
665.86975	1097.3768
666.40204	1087.5316
666.93433	1078.2477
667.46661	1083.1442
667.9989	1096.4188
668.53119	1092.6061
669.06354	1086.4453
669.59583	1080.0114
670.12811	1089.0319
670.6604	1088.484
671.19269	1076.0193
671.72504	1072.8245
672.25732	1081.4016
672.78961	1089.1055
673.3219	1080.4886
673.85419	1067.0885
674.38647	1083.3282
674.91882	1082.261
675.45111	1083.4861
675.9834	1087.7509
676.51569	1087.3665
677.04797	1082.4866
677.58032	1076.0491
678.11261	1068.7535
678.6449	1057.9036
679.17719	1057.9698
679.70947	1058.3693
680.24176	1062.9851
680.77411	1064.0895
681.3064	1063.1588
681.83868	1062.2126
682.37097	1059.2939
682.90326	1061.2699
683.43561	1060.8501
683.9679	1058.6859
684.50018	1068.3163
685.03247	1065.5283
685.56476	1059.7158
686.09711	1052.8827
686.62939	1051.0964
687.16168	1059.5205
687.69397	1059.1583
688.22626	1056.0706
688.75854	1055.6504
689.29089	1062.2969
689.82318	1053.6377
690.35547	1039.2626
690.88776	1041.902
691.42004	1049.1573
691.95239	1046.7827
692.48468	1060.6285
693.01697	1050.0687
693.54926	1042.9589
694.08154	1056.5796
694.61383	1062.6982
695.14618	1049.2783
695.67847	1049.7202
696.21075	1052.4077
696.74304	1044.5757
697.27533	1055.8271
697.80768	1046.02
698.33997	1060.7683
698.87225	1039.6245
699.40454	1041.8857
699.93683	1048.8705
700.46912	1044.5851
701.00146	1047.142
701.53375	1056.9224
702.06604	1050.4305
702.59833	1049.2617
703.13062	1049.2875
703.66296	1036.0812
704.19525	1035.8916
704.72754	1037.7037
705.25983	1037.5454
705.79211	1036.915
706.3244	1039.2216
706.85675	1047.3702
707.38904	1056.7441
707.92133	1039.3718
708.45361	1035.3781
708.9859	1032.2026
709.51825	1045.509
710.05054	1041.7031
710.58282	1035.3948
711.11511	1034.9733
711.6474	1033.5364
712.17975	1033.0211
712.71204	1042.5747
713.24432	1035.0042
713.77661	1045.2188
714.3089	1030.8146
714.84119	1035.3643
715.37354	1033.2104
715.90582	1037.4347
716.43811	1042.4338
716.9704	1027.3622
717.50269	1025.9987
718.03503	1029.6074
718.56732	1033.2095
719.09961	1033.9624
719.6319	1033.0138
720.16418	1035.0303
720.69647	1038.8915
721.22882	1045.7307
721.76111	1045.2163
722.2934	1030.6987
722.82568	1044.6077
723.35797	1032.5317
723.89032	1035.7891
724.42261	1030.5267
724.9549	1035.8408
725.48718	1039.9236
726.01947	1032.1359
726.55176	1022.7673
727.08411	1025.8247
727.61639	1031.2783
728.14868	1021.8359
728.68097	1029.0365
729.21326	1023.2615
729.74561	1027.1941
730.27789	1026.2601
730.81018	1025.6689
731.34247	1025.7974
731.87476	1027.2151
732.40704	1032.0466
732.93939	1029.5496
733.47168	1028.2241
734.00397	1026.4551
734.53625	1034.7299
735.06854	1036.4709
735.60089	1029.7701
736.13318	1031.3169
736.66547	1027.5742
737.19775	1021.5579
737.73004	1040.5966
738.26239	1026.6047
738.79468	1033.3639
739.32697	1015.933
739.85925	1023.2701
740.39154	1026.4144
740.92383	1029.1829
741.45618	1022.8771
741.98846	1016.425
742.52075	1018.7751
743.05304	1012.3683
743.58533	1013.8194
744.11768	1022.3784
744.64996	1029.6504
745.18225	1016.4241
745.71454	1013.7985
746.24683	1021.2271
746.77911	1027.062
747.31146	1022.119
747.84375	1012.0584
748.37604	1013.9601
748.90833	1013.8685
749.44061	1011.6472
749.97296	1018.7145
750.50525	1018.9453
751.03754	1020.8427
751.56982	1018.3116
752.10211	1020.4447
752.6344	1023.0706
753.16675	1016.752
753.69904	1021.5067
754.23132	1020.1643
754.76361	1018.3913
755.2959	1019.9667
755.82825	1016.9975
756.36053	1013.9301
756.89282	1006.9587
757.42511	1007.136
757.9574	1015.4335
758.48969	1018.2095
759.02203	1018.2963
759.55432	1023.4969
760.08661	1023.5225
760.6189	1013.5079
761.15118	1015.9928
761.68353	1023.3381
762.21582	1021.7802
762.74811	1019.6226
763.2804	1024.3792
763.81268	1022.6942
764.34503	1003.5164
764.87732	1003.0854
765.40961	1021.5652
765.94189	1013.9546
766.47418	1014.1877
767.00647	1007.4518
767.53882	1011.0141
768.07111	1019.6392
768.60339	1017.5623
769.13568	1008.2075
769.66797	1009.8869
770.20032	1022.9987
770.7326	1013.9988
771.26489	1002.88
771.79718	1010.5433
772.32947	1011.9654
772.86176	1012.816
773.3941	1015.0852
773.92639	1015.4615
774.45868	1013.4196
774.99097	1012.6568
775.52325	1020.0023
776.0556	1023.1885
776.58789	1011.5372
777.12018	1017.981
777.65247	1013.9336
778.18475	1007.124
778.71704	1002.9684
779.24939	1004.7188
779.78168	1012.412
780.31396	1015.0661
780.84625	1001.3503
781.37854	1009.5071
781.91089	1010.468
782.44318	1011.7974
782.97546	1017.053
783.50775	1012.471
784.04004	1010.2122
784.57233	1009.5095
785.10468	1004.7735
785.63696	1004.8328
786.16925	1011.5973
786.70154	1007.2211
787.23383	1021.2314
787.76617	1008.1864
788.29846	995.42297
788.83075	1008.8707
789.36304	1014.0781
789.89532	1006.8694
790.42767	1004.9462
790.95996	1013.3481
791.49225	1021.9855
792.02454	1008.1748
792.55682	1002.7734
793.08911	1009.5887
793.62146	1012.1875
794.15375	1017.0817
794.68604	1011.8767
795.21832	1005.2416
795.75061	1002.7498
796.28296	1006.0441
796.81525	1015.9612
797.34753	1011.7369
797.87982	1019.2204
798.41211	1011.5679
798.9444	1015.4094
799.47675	1001.5089
800.00903	1001.9466
800.54132	1009.2283
801.07361	1006.0694
801.6059	1002.0208
802.13824	1007.8937
802.67053	1003.783
803.20282	1007.5287
803.73511	1006.6487
804.2674	999.6394
804.79968	1008.8259
805.33203	1012.0388
805.86432	1013.7025
806.39661	1012.005
806.92889	1006.8465
807.46118	1006.5535
807.99353	1013.7151
808.52582	1013.2267
809.05811	1012.29
809.59039	1009.5974
810.12268	1006.0646
810.65497	1014.7809
811.18732	1010.7973
811.7196	1007.002
812.25189	1000.486
812.78418	999.21814
813.31647	1009.0188
813.84882	1007.1381
814.3811	1005.6879
814.91339	1011.1528
815.44568	1014.3591
815.97797	1012.6693
816.51031	1006.8201
817.0426	1006.6427
817.57489	1012.3322
818.10718	1007.6724
818.63947	1001.3959
819.17175	1009.9889
819.7041	1009.561
820.23639	1005.5192
820.76868	1006.9081
821.30096	1011.4031
821.83325	1005.2268
822.3656	1011.6105
822.89789	1008.0009
823.43018	1006.6805
823.96246	1001.8936
824.49475	999.17987
825.02704	1008.9025
825.55939	995.01599
826.09167	1008.8312
826.62396	1018.3867
827.15625	1014.3626
827.68854	1000.8085
828.22089	998.68195
828.75317	1008.06
829.28546	1016.9142
829.81775	1016.097
830.35004	1004.9923
830.88232	995.53412
831.41467	1004.4583
831.94696	1007.1672
832.47925	1002.1978
833.01154	1006.3937
833.54382	1006.6589
834.07617	1008.652
834.60846	1007.1968
835.14075	1005.8821
835.67303	1006.7824
836.20532	1009.4888
836.73761	1012.0077
837.26996	1007.6367
837.80225	1004.6644
838.33453	1011.0638
838.86682	1020.5246
839.39911	1016.3127
839.93146	1014.8569
840.46375	1004.8531
840.99603	1008.2618
841.52832	1011.4332
842.06061	1003.1207
842.59296	1002.7341
843.12524	1006.15
843.65753	1018.4756
844.18982	998.0011
844.72211	1010.9619
845.25439	1004.6006
845.78674	1007.9786
846.31903	1008.2935
846.85132	1011.1996
847.38361	1008.0359
847.91589	1004.3624
848.44824	1009.4284
848.98053	1000.9166
849.51282	1004.942
850.0451	1016.3398
850.57739	1031.863
851.10968	1007.4616
851.64203	1004.8593
852.17432	1009.5026
852.7066	1016.2197
853.23889	1010.3663
853.77118	1003.8995
854.30353	1006.9484
854.83582	1001.1693
855.3681	1014.4675
855.90039	994.95929
856.43268	1005.4747
856.96497	1013.858
857.49731	1012.1363
858.0296	1007.4949
858.56189	1005.4561
859.09418	999.99249
859.62646	1004.5556
860.15881	1015.8799
860.6911	1011.332
861.22339	1013.0311
861.75568	1013.4214
862.28796	1006.6016
862.82025	1004.676
863.3526	1010.5037
863.88489	1010.2139
864.41718	1012.6871
864.94946	1012.1109
865.48175	1008.4846
866.0141	1008.645
866.54639	1015.5347
867.07867	1022.1953
867.61096	1013.6922
868.14325	1009.897
868.6756	1017.229
869.20789	1005.0134
869.74017	1021.8727
870.27246	1018.6572
870.80475	1011.6731
871.33704	1014.9266
871.86938	1019.2608
872.40167	1018.4161
872.93396	1019.0612
873.46625	1021.7831
873.99854	1024.7601
874.53088	1010.1636
875.06317	1011.4014
875.59546	1014.0265
876.12775	1020.8384
876.66003	1028.9633
877.19232	1018.6259
877.72467	1018.4598
878.25696	1022.6086
878.78925	1010.4904
879.32153	1010.7523
879.85382	1022.7836
880.38617	1032.0592
880.91846	1027.9694
881.45074	1025.6444
881.98303	1022.1813
882.51532	1025.6847
883.04761	1023.019
883.57996	1022.9069
884.11224	1017.616
884.64453	1015.7675
885.17682	1028.1971
885.70911	1026.2887
886.24146	1008.8859
886.77374	1014.5478
887.30603	1013.1979
887.83832	1011.8506
888.37061	1023.8975
888.90289	1017.7079
889.43524	1024.2583
889.96753	1031.2953
890.49982	1028.1631
891.0321	1020.3024
891.56439	1017.9042
892.09674	1024.5337
892.62903	1015.6241
893.16132	1016.8065
893.6936	1001.2652
894.22589	1018.7114
894.75824	1034.4419
895.29053	1023.6191
895.82281	1025.6016
896.3551	1031.9086
896.88739	1029.0087
897.41968	1023.746
897.95203	1023.8655
898.48431	1024.7438
899.0166	1024.0365
899.54889	1043.7828
900.08118	1034.1875
900.61353	1028.0768
901.14581	1036.4312
901.6781	1033.488
902.21039	1033.2346
902.74268	1024.2463
903.27496	1022.8867
903.80731	1032.8424
904.3396	1034.5959
904.87189	1032.9022
905.40417	1036.5509
905.93646	1027.4698
906.46881	1026.5785
907.0011	1039.0712
907.53339	1038.1694
908.06567	1034.3431
908.59796	1038.3473
909.13025	1038.0554
909.6626	1033.5178
910.19489	1033.6566
910.72717	1038.8739
911.25946	1040.8264
911.79175	1035.4985
912.3241	1031.4146
912.85638	1032.3618
913.38867	1036.9843
913.92096	1036.1508
914.45325	1028.726
914.98553	1027.1395
915.51788	1040.6443
916.05017	1043.2994
916.58246	1034.6945
917.11475	1033.564
917.64703	1037.2579
918.17938	1034.8192
918.71167	1034.3405
919.24396	1040.0876
919.77625	1050.6937
920.30853	1045.5176
920.84088	1041.953
921.37317	1042.3436
921.90546	1039.2882
922.43774	1036.2039
922.97003	1035.8224
923.50232	1036.3701
924.03467	1037.0328
924.56696	1039.02
925.09924	1039.4926
925.63153	1032.9579
926.16382	1044.0007
926.69617	1044.9469
927.22845	1042.0946
927.76074	1045.0165
928.29303	1039.5734
928.82532	1047.2756
929.3576	1045.6794
929.88995	1041.1049
930.42224	1046.0054
930.95453	1046.608
931.48682	1041.2438
932.0191	1036.1211
932.55145	1039.1188
933.08374	1052.0674
933.61603	1045.1353
934.14832	1051.7971
934.6806	1050.4254
935.21289	1046.4255
935.74524	1050.2717
936.27753	1052.4479
936.80981	1049.2716
937.3421	1047.5706
937.87439	1049.3988
938.40674	1052.4978
938.93903	1055.1156
939.47131	1047.951
940.0036	1044.2816
940.53589	1056.6803
941.06818	1043.5271
941.60052	1054.6375
942.13281	1060.0957
942.6651	1056.198
943.19739	1050.2747
943.72968	1052.717
944.26202	1058.9834
944.79431	1058.9127
945.3266	1059.5131
945.85889	1046.4355
946.39117	1049.8744
946.92352	1048.0511
947.45581	1055.6235
947.9881	1049.9956
948.52039	1051.168
949.05267	1043.7721
949.58496	1056.1284
950.11731	1062.2579
950.6496	1049.2872
951.18188	1043.7274
951.71417	1050.4386
952.24646	1052.5199
952.77881	1068.549
953.3111	1045.2722
953.84338	1052.698
954.37567	1060.1246
954.90796	1060.462
955.44025	1046.392
955.9726	1058.6556
956.50488	1064.3312
957.03717	1068.2946
957.56946	1068.4375
958.10175	1065.7084
958.63409	1073.1364
959.16638	1074.3632
959.69867	1054.6576
960.23096	1050.5627
960.76324	1061.1821
961.29553	1064.4481
961.82788	1073.7208
962.36017	1070.9241
962.89246	1054.8516
963.42474	1052.6035
963.95703	1051.4406
964.48938	1057.6241
965.02167	1064.1714
965.55396	1057.4956
966.08624	1055.9156
966.61853	1069.8358
967.15082	1080.1836
967.68317	1067.5756
968.21545	1080.5723
968.74774	1071.201
969.28003	1062.6776
969.81232	1064.4591
970.34467	1063.259
970.87695	1065.151
971.40924	1072.4501
971.94153	1068.1017
972.47382	1064.4717
973.00616	1073.7794
973.53845	1069.2151
974.07074	1071.811
974.60303	1068.3396
975.13531	1058.7396
975.6676	1080.5542
976.19995	1065.7223
976.73224	1070.246
977.26453	1072.6815
977.79681	1072.3204
978.3291	1082.2302
978.86145	1077.243
979.39374	1072.145
979.92603	1075.9933
980.45831	1071.0507
980.9906	1074.1309
981.52289	1064.0546
982.05524	1084.6277
982.58752	1066.2874
983.11981	1079.7671
983.6521	1095.4596
984.18439	1081.1254
984.71674	1077.8918
985.24902	1073.7894
985.78131	1081.4672
986.3136	1082.3131
986.84589	1075.9121
987.37817	1079.921
987.91052	1083.0261
988.44281	1077.9467
988.9751	1092.9088
989.50739	1087.903
990.03967	1069.1112
990.57202	1074.244
991.10431	1084.1377
991.6366	1086.8383
992.16888	1091.5294
992.70117	1084.3402
993.23346	1082.3494
993.76581	1080.3933
994.2981	1072.3274
994.83038	1077.684
995.36267	1090.1882
995.89496	1078.0474
996.42731	1083.1499
996.95959	1097.0619
997.49188	1093.7599
998.02417	1087.7452
998.55646	1091.4513
999.08881	1087.5096
999.62109	1086.5255
1000.1534	1086.213
1000.6857	1091.8309
1001.218	1087.5402
1001.7502	1090.0068
1002.2826	1094.8727
1002.8149	1088.6421
1003.3472	1092.2787
1003.8795	1087.8459
1004.4117	1087.8417
1004.9441	1099.2551
1005.4764	1098.8137
1006.0087	1096.0841
1006.541	1097.973
1007.0732	1100.7217
1007.6055	1096.4352
1008.1379	1096.6774
1008.6702	1095.9532
1009.2025	1096.5074
1009.7347	1095.0242
1010.267	1092.0081
1010.7994	1095.3146
1011.3317	1103.1046
1011.864	1120.2656
1012.3962	1103.897
1012.9285	1087.7886
1013.4608	1092.0197
1013.9932	1106.9519
1014.5255	1096.3818
1015.0577	1099.072
1015.59	1103.8967
1016.1223	1112.1753
1016.6547	1111.0616
1017.187	1103.6898
1017.7192	1103.9846
1018.2515	1117.0519
1018.7838	1123.0811
1019.3161	1103.0626
1019.8484	1111.1053
1020.3807	1114.74
1020.913	1117.0573
1021.4453	1117.5505
1021.9776	1102.9863
1022.5099	1107.6896
1023.0422	1110.6561
1023.5745	1102.2384
1024.1068	1109.3705
1024.6392	1106.2435
1025.1714	1102.8911
1025.7037	1108.6217
1026.236	1103.748
1026.7683	1098.7634
1027.3007	1113.3547
1027.8329	1111.809
1028.3652	1105.0751
1028.8975	1121.4063
1029.4298	1120.496
1029.9622	1108.4186
1030.4944	1127.7462
1031.0267	1117.5442
1031.559	1116.8979
1032.0913	1132.4823
1032.6237	1139.194
1033.1559	1133.1058
1033.6882	1128.5992
1034.2205	1130.6752
1034.7528	1131.215
1035.2852	1127.8231
1035.8174	1130.8191
1036.3497	1128.3896
1036.882	1125.2676
1037.4143	1124.3563
1037.9465	1122.0728
1038.4789	1132.1381
1039.0112	1148.943
1039.5435	1145.6929
1040.0758	1132.0614
1040.608	1126.1948
1041.1404	1130.5513
1041.6727	1133.6079
1042.205	1128.1058
1042.7373	1122.2798
1043.2695	1126.9403
1043.8019	1137.895
1044.3342	1147.0779
1044.8665	1150.5841
1045.3988	1133.292
1045.931	1136.1302
1046.4634	1151.9265
1046.9957	1140.4933
1047.528	1131.2855
1048.0603	1137.1329
1048.5925	1151.6248
1049.1249	1147.4768
1049.6571	1142.5146
1050.1895	1142.6771
1050.7218	1146.0525
1051.254	1147.316
1051.7864	1133.9869
1052.3186	1143.6582
1052.851	1145.0039
1053.3833	1151.2595
1053.9155	1159.0182
1054.4479	1152.0059
1054.9801	1175.3281
1055.5125	1157.5242
1056.0448	1173.9022
1056.577	1163.011
1057.1094	1146.4661
1057.6416	1150.3276
1058.174	1155.5414
1058.7063	1164.1521
1059.2385	1167.8057
1059.7709	1156.9136
1060.3031	1161.8456
1060.8354	1170.0313
1061.3678	1180.1405
1061.9	1173.2878
1062.4324	1181.5419
1062.9646	1181.5674
1063.4969	1175.7192
1064.0292	1176.3831
1064.5615	1173.9052
1065.0939	1188.3352
1065.6261	1188.2395
1066.1584	1190.0118
1066.6907	1180.0917
1067.223	1182.1168
1067.7554	1185.5557
1068.2876	1178.3737
1068.8199	1197.254
1069.3522	1200.6521
1069.8845	1184.6073
1070.4169	1183.9432
1070.9491	1206.7826
1071.4814	1203.9877
1072.0137	1183.3999
1072.546	1200.8752
1073.0784	1226.0206
1073.6106	1236.7592
1074.1429	1235.813
1074.6752	1259.1995
1075.2075	1300.6429
1075.7397	1313.182
1076.2721	1298.2305
1076.8044	1292.6957
1077.3367	1295.2186
1077.869	1276.3362
1078.4012	1247.1747
1078.9336	1252.9347
1079.4659	1248.0986
1079.9982	1246.8832
1080.5305	1267.6152
1081.0627	1230.3704
1081.5951	1222.6851
1082.1274	1217.5339
1082.6597	1233.0338
1083.192	1216.7316
1083.7242	1227.0258
1084.2566	1227.663
1084.7889	1236.4019
1085.3212	1250.3093
1085.8535	1246.3693
1086.3857	1237.0424
1086.9181	1229.8701
1087.4504	1239.6454
1087.9827	1225.3531
1088.515	1237.3828
1089.0472	1269.2817
1089.5796	1259.8892
1090.1118	1254.714
1090.6442	1251.7576
1091.1765	1268.6775
1091.7087	1269.0111
1092.2411	1257.0323
1092.7733	1265.5142
1093.3057	1271.9301
1093.838	1288.9943
1094.3702	1299.2847
1094.9026	1291.5729
1095.4348	1289.946
1095.9672	1296.9983
1096.4995	1308.5875
1097.0317	1315.9316
1097.5641	1312.4575
1098.0963	1322.4434
1098.6287	1314.2816
1099.161	1354.0695
1099.6932	1337.9744
1100.2256	1365.479
1100.7578	1359.5883
1101.2902	1366.9723
1101.8224	1384.5719
1102.3547	1386.2131
1102.8871	1384.9244
1103.4193	1402.9531
1103.9517	1413.8705
1104.4839	1406.9219
1105.0162	1414.6556
1105.5486	1433.4104
1106.0808	1442.8104
1106.6132	1473.4188
1107.1454	1491.0746
1107.6777	1499.3436
1108.2101	1489.5143
1108.7423	1500.866
1109.2747	1527.236
1109.8069	1543.9689
1110.3392	1580.8418
1110.8716	1605.4113
1111.4038	1623.3684
1111.9362	1624.4504
1112.4684	1626.0217
1113.0007	1653.8226
1113.5331	1673.8584
1114.0653	1702.5443
1114.5977	1738.0647
1115.1299	1744.4122
1115.6622	1793.6632
1116.1945	1823.9999
1116.7268	1866.9534
1117.2592	1862.8682
1117.7914	1890.1951
1118.3237	1923.2841
1118.856	1989.7322
1119.3883	1999.5631
1119.9207	2014.3428
1120.4529	2051.3821
1120.9852	2099.1411
1121.5175	2129.5659
1122.0498	2164.4197
1122.5822	2199.394
1123.1144	2243.1887
1123.6467	2287.1711
1124.179	2322.5222
1124.7113	2359.6943
1125.2437	2385.3882
1125.7759	2406.4836
1126.3082	2447.2969
1126.8405	2471.4822
1127.3728	2526.2227
1127.905	2555.3337
1128.4374	2587.9856
1128.9697	2626.8047
1129.502	2641.5679
1130.0343	2688.1816
1130.5665	2672.0068
1131.0989	2726.1924
1131.6312	2768.3545
1132.1635	2821.3518
1132.6958	2822.1958
1133.228	2819.3176
1133.7604	2861.5786
1134.2927	2898.9719
1134.825	2906.7703
1135.3573	2926.9648
1135.8895	2979.4565
1136.4219	2958.2539
1136.9542	2972.8972
1137.4865	2964.6006
1138.0188	2979.2183
1138.551	3008.1128
1139.0834	3000.6401
1139.6157	3014.1177
1140.1479	2998.874
1140.6803	3050.7104
1141.2125	3076.3506
1141.7449	3055.3894
1142.2771	3104.9324
1142.8094	3074.9788
1143.3418	3062.0564
1143.874	3085.9802
1144.4064	3091.9429
1144.9386	3135.4641
1145.4709	3141.4663
1146.0033	3093.7256
1146.5355	3182.9197
1147.0679	3148.9119
1147.6001	3129.4243
1148.1324	3142.4734
1148.6648	3136.6213
1149.197	3157.584
1149.7294	3238.7556
1150.2616	3220.0808
1150.7939	3201.6484
1151.3263	3236.2737
1151.8585	3160.061
1152.3909	3122.1528
1152.9231	3144.0066
1153.4554	3171.3711
1153.9877	3142.8625
1154.52	3132.4907
1155.0524	3135.1023
1155.5846	3103.1863
1156.1169	3090.8872
1156.6492	3076.0215
1157.1815	3027.0149
1157.7139	3012.3188
1158.2461	3001.4375
1158.7784	2968.4382
1159.3107	2990.022
1159.843	2921.5493
1160.3754	2922.6853
1160.9076	2855.6565
1161.4399	2829.9001
1161.9722	2841.8596
1162.5045	2831.5857
1163.0369	2811.3052
1163.5691	2767.344
1164.1014	2741.6128
1164.6337	2711.5249
1165.166	2688.6191
1165.6984	2685.0815
1166.2306	2671.782
1166.7629	2644.2476
1167.2952	2644.4329
1167.8275	2645.1074
1168.3597	2625.6384
1168.8921	2618.0906
1169.4244	2645.3752
1169.9567	2640.1157
1170.489	2630.3831
1171.0212	2637.7944
1171.5536	2633.9395
1172.0859	2641.4805
1172.6182	2638.6348
1173.1505	2645.9817
1173.6827	2642.3032
1174.2151	2680.5386
1174.7474	2680.656
1175.2797	2683.8494
1175.812	2697.7358
1176.3442	2733.248
1176.8766	2728.3613
1177.4089	2722.1382
1177.9412	2740.0881
1178.4735	2752.4336
1179.0057	2788.9697
1179.5381	2771.5234
1180.0703	2777.542
1180.6027	2807.4629
1181.135	2824.5322
1181.6672	2837.6323
1182.1996	2849.1921
1182.7318	2891.2578
1183.2642	2912.334
1183.7965	2910.124
1184.3287	2958.4336
1184.8611	2973.2983
1185.3933	2988.6885
1185.9257	2983.4805
1186.458	2975.2532
1186.9902	3030.4939
1187.5226	3065.5952
1188.0548	3061.4639
1188.5872	3106.8616
1189.1195	3131.6426
1189.6517	3160.4326
1190.1841	3156.8462
1190.7163	3187.6118
1191.2487	3222.3596
1191.781	3238.5288
1192.3132	3265.1836
1192.8456	3314.3877
1193.3778	3311.3066
1193.9102	3331.0352
1194.4424	3365.3464
1194.9747	3391.667
1195.5071	3376.8926
1196.0393	3436.7827
1196.5717	3454.3149
1197.1039	3443.5769
1197.6362	3492.2493
1198.1686	3515.9709
1198.7008	3478.6362
1199.2332	3547.2971
1199.7654	3622.6643
1200.2977	3567.5217
1200.8301	3571.9446
1201.3623	3617.1528
1201.8947	3654.5691
1202.4269	3641.365
1202.9592	3671.1609
1203.4916	3695.1333
1204.0238	3700.157
1204.5562	3716.3464
1205.0884	3736.4766
1205.6207	3732.2961
1206.153	3759.1602
1206.6853	3774.5847
1207.2177	3764.2856
1207.7499	3796.6565
1208.2822	3820.0305
1208.8145	3808.7515
1209.3468	3828.1699
1209.8792	3789.0496
1210.4114	3781.7434
1210.9437	3786.105
1211.476	3836.7898
1212.0083	3845.6497
1212.5406	3853.8162
1213.0729	3830.8477
1213.6052	3823.1479
1214.1375	3839.3337
1214.6698	3850.5532
1215.2021	3877.4329
1215.7344	3900.2969
1216.2667	3889.1667
1216.799	3901.6543
1217.3313	3907.0315
1217.8636	3929.9978
1218.3959	3968.1191
1218.9282	3923.2861
1219.4604	3938.1819
1219.9928	3959.5178
1220.525	3928.2607
1221.0574	3932.7256
1221.5897	3992.3745
1222.1219	4035.0229
1222.6543	4078.3738
1223.1865	4081.9644
1223.7189	4085.3523
1224.2512	4117.8779
1224.7834	4174.2485
1225.3158	4219.6084
1225.848	4224.3359
1226.3804	4243.9395
1226.9127	4305.4565
1227.4449	4319.8481
1227.9773	4349.1436
1228.5095	4449.3345
1229.0419	4454.2349
1229.5742	4459.9336
1230.1064	4530.2388
1230.6388	4555.8638
1231.171	4602.5801
1231.7034	4643.98
1232.2356	4679.5107
1232.7679	4774.6226
1233.3003	4756.6851
1233.8325	4809.6313
1234.3649	4860.2402
1234.8971	4884.7676
1235.4294	4926.0923
1235.9618	4938.3716
1236.494	4967.1733
1237.0264	5032.7334
1237.5586	5062.165
1238.0909	5106.2002
1238.6233	5169.3545
1239.1555	5165.9473
1239.6879	5148.4746
1240.2201	5158.1538
1240.7524	5202.437
1241.2848	5135.582
1241.817	5291.8916
1242.3494	5281.5742
1242.8816	5301.3438
1243.4139	5258.895
1243.9463	5304.6685
1244.4785	5369.3516
1245.0109	5395.0508
1245.5431	5434.8057
1246.0754	5479.5972
1246.6077	5487.0859
1247.14	5531.1216
1247.6724	5614.5938
1248.2046	5606.1968
1248.7369	5548.0298
1249.2692	5611.2881
1249.8015	5726.5679
1250.3339	5747.5649
1250.8661	5749.667
1251.3984	5855.0093
1251.9307	5946.4746
1252.463	5946.6001
1252.9954	5966.2759
1253.5276	6201.5103
1254.0599	6220.8003
1254.5922	6253.0122
1255.1245	6371.8506
1255.6569	6452.4678
1256.1891	6564.7612
1256.7214	6666.0029
1257.2537	6723.6157
1257.786	6757.7925
1258.3182	6887.9561
1258.8506	7025.6465
1259.3829	7069.3271
1259.9152	7134.7788
1260.4475	7259.8008
1260.9797	7358.6387
1261.5121	7447.3633
1262.0444	7500.6768
1262.5767	7530.1943
1263.109	7622.2031
1263.6412	7703.7266
1264.1736	7818.9946
1264.7059	7872.9092
1265.2382	7943.4409
1265.7705	7847.4355
1266.3027	8013.4824
1266.8351	8041.1821
1267.3674	7887.0371
1267.8997	7962.8394
1268.432	8064.2168
1268.9642	7991.2886
1269.4966	7990.1504
1270.0289	8066.376
1270.5612	8020.7134
1271.0935	8034.3359
1271.6257	8049.25
1272.1581	7961.2046
1272.6903	7928.186
1273.2227	7907.9795
1273.755	7917.332
1274.2872	7884.9741
1274.8196	7846.6411
1275.3518	7798.5801
1275.8842	7772.4189
1276.4165	7718.9238
1276.9487	7627.0981
1277.4811	7646.2568
1278.0133	7581.0776
1278.5457	7563.9766
1279.078	7411.7544
1279.6102	7364.1875
1280.1426	7247.2949
1280.6748	7204.2607
1281.2072	7158.0894
1281.7395	7033.4165
1282.2717	6877.0117
1282.8041	6858.373
1283.3363	6846.2588
1283.8687	6774.5693
1284.4009	6676.9951
1284.9332	6613.8267
1285.4656	6617.9712
1285.9978	6547.2749
1286.5302	6426.4702
1287.0624	6313.9756
1287.5947	6332.8105
1288.1271	6156.0654
1288.6593	6027.2271
1289.1917	5935.5747
1289.7239	5885.6978
1290.2562	5849.333
1290.7886	5806.5864
1291.3208	5723.6528
1291.8531	5684.6821
1292.3854	5677.8154
1292.9177	5593.1313
1293.4501	5539.6392
1293.9823	5453.623
1294.5146	5408.9131
1295.0469	5399.1138
1295.5792	5320.896
1296.1116	5242.6167
1296.6438	5161.3711
1297.1761	5147.5586
1297.7084	5189.9658
1298.2407	5191.6206
1298.7729	5181.7544
1299.3053	5134.98
1299.8376	5100.3789
1300.3699	5076.6777
1300.9022	5092.8408
1301.4344	5048.6611
1301.9668	5092.8242
1302.4991	5068.687
1303.0314	5074.0386
1303.5637	5116.3154
1304.0959	5164.0151
1304.6283	5121.3413
1305.1606	5092.1465
1305.6929	5119.0249
1306.2252	5058.4092
1306.7574	5133.1514
1307.2898	5156.0693
1307.8221	5151.3276
1308.3544	5171.3184
1308.8867	5143.1318
1309.4189	5194.4351
1309.9513	5249.2739
1310.4835	5261.0439
1311.0159	5309.5425
1311.5482	5286.2588
1312.0804	5213.5742
1312.6128	5274.0454
1313.145	5346.9438
1313.6774	5331.5337
1314.2097	5260.2446
1314.7419	5221.4595
1315.2743	5355.3511
1315.8065	5332.4702
1316.3389	5242.3267
1316.8712	5250.7314
1317.4034	5286.5737
1317.9358	5230.1914
1318.468	5204.9956
1319.0004	5269.4048
1319.5327	5216.23
1320.0649	5084.7446
1320.5973	5089.8745
1321.1295	5026.1577
1321.6619	5073.6333
1322.1942	5056.3896
1322.7264	5008.6899
1323.2588	4891.8335
1323.791	4887.8955
1324.3234	4870.4746
1324.8556	4861.9702
1325.3879	4828.5903
1325.9203	4768.4302
1326.4525	4764.7954
1326.9849	4694.2305
1327.5171	4611.4351
1328.0494	4582.2617
1328.5818	4533.3413
1329.114	4479.6685
1329.6464	4418.7407
1330.1786	4349.6909
1330.7109	4327.8931
1331.2433	4247.7515
1331.7755	4300.3872
1332.3079	4217.3477
1332.8401	4244.3188
1333.3724	4224.5146
1333.9048	4156.2734
1334.437	4179.1138
1334.9694	4171.5796
1335.5016	4124.9683
1336.0339	4131.4009
1336.5662	4126.7734
1337.0985	4104.4736
1337.6309	4060.3164
1338.1631	4063.8228
1338.6954	4078.2893
1339.2277	4064.998
1339.76	4047.6475
1340.2924	4061.3167
1340.8246	4070.8191
1341.3569	4061.6016
1341.8892	4088.9692
1342.4215	4151.1968
1342.9539	4181.3726
1343.4861	4163.5981
1344.0184	4157.7817
1344.5507	4166.4712
1345.083	4175.8359
1345.6154	4215.5112
1346.1476	4271.4297
1346.6799	4247.8574
1347.2122	4317.751
1347.7445	4255.355
1348.2769	4335.437
1348.8091	4233.394
1349.3414	4300.6816
1349.8737	4386.5166
1350.406	4385.9946
1350.9382	4409.0898
1351.4706	4397.8486
1352.0029	4490.5986
1352.5352	4497.0298
1353.0675	4533.479
1353.5997	4573.9761
1354.1321	4602.0562
1354.6644	4661.7744
1355.1967	4657.6382
1355.729	4664.6938
1356.2612	4653.7842
1356.7936	4659.9917
1357.3259	4718.3472
1357.8582	4741.4414
1358.3905	4784.7651
1358.9227	4841.1816
1359.4551	4846.0269
1359.9874	4857.4961
1360.5197	4812.8936
1361.052	4861.5371
1361.5842	4858.564
1362.1166	4867.2134
1362.6488	4962.499
1363.1812	4978.9395
1363.7135	4946.0527
1364.2457	4896.105
1364.7781	4914.1885
1365.3103	4972.9536
1365.8427	5037.437
1366.375	4963.1938
1366.9072	4949.7627
1367.4396	4973.2393
1367.9718	5058.8608
1368.5042	4980.7705
1369.0365	4984.4619
1369.5687	5040.6592
1370.1011	5016.9048
1370.6333	5039.8027
1371.1656	4997.8633
1371.698	5024.4985
1372.2302	5025.3608
1372.7626	4988.8755
1373.2948	4962.2095
1373.8271	4944.1597
1374.3595	4930.9561
1374.8917	4944.6929
1375.4241	4949.8237
1375.9563	4899.6167
1376.4886	4860.7129
1377.0209	4869.8379
1377.5532	4893.4897
1378.0856	4907.7295
1378.6178	4864.7065
1379.1501	4859.001
1379.6824	4816.8687
1380.2147	4845.1753
1380.7471	4852.7969
1381.2793	4785.2544
1381.8116	4811.5317
1382.3439	4706.4839
1382.8762	4727.1758
1383.4086	4779.981
1383.9408	4699.5166
1384.4731	4636.6533
1385.0054	4704.5601
1385.5377	4671.0493
1386.0701	4744.9043
1386.6023	4648.6387
1387.1346	4598.9829
1387.6669	4622.4585
1388.1992	4590.0811
1388.7314	4564.021
1389.2638	4621.1123
1389.7961	4585.8491
1390.3284	4569.1089
1390.8607	4579.8535
1391.3929	4558.604
1391.9253	4540.2407
1392.4576	4528.9648
1392.9899	4530.958
1393.5222	4543.9858
1394.0544	4526.5479
1394.5868	4522.1929
1395.1191	4538.7974
1395.6514	4537.7881
1396.1837	4550.498
1396.7159	4551.9336
1397.2483	4531.1885
1397.7806	4545.292
1398.3129	4584.3892
1398.8452	4562.9277
1399.3774	4548.5903
1399.9098	4464.3398
1400.4421	4540.3071
1400.9744	4515.9214
1401.5067	4549.5796
1402.0389	4458.9707
1402.5713	4462.0244
1403.1035	4526.2637
1403.6359	4507.7705
1404.1682	4490.5176
1404.7004	4488.5928
1405.2328	4442.7529
1405.765	4444.4346
1406.2974	4501.4609
1406.8297	4465.6089
1407.3619	4480.3149
1407.8943	4468.894
1408.4265	4441.6299
1408.9589	4443.4785
1409.4912	4510.6597
1410.0234	4516.415
1410.5558	4470.6045
1411.088	4426.1318
1411.6204	4473.2559
1412.1527	4521.7739
1412.6849	4464.188
1413.2173	4404.042
1413.7495	4468.5112
1414.2819	4460.5654
1414.8141	4476.3691
1415.3464	4481.4136
1415.8788	4478.6646
1416.411	4496.7227
1416.9434	4443.5332
1417.4756	4414.7104
1418.0079	4415.8086
1418.5403	4440.0957
1419.0725	4462.2026
1419.6049	4440.9937
1420.1371	4417.3828
1420.6694	4405.8931
1421.2018	4359.8516
1421.734	4426.4824
1422.2664	4418.5635
1422.7986	4382.9546
1423.3309	4414.2974
1423.8633	4400.6802
1424.3955	4400.5869
1424.9279	4406.4434
1425.4601	4327.1924
1425.9924	4367.5234
1426.5248	4365.3887
1427.057	4388.5039
1427.5894	4354.1855
1428.1216	4296.9033
1428.6539	4286.8062
1429.1862	4328.6426
1429.7185	4315.4082
1430.2509	4378.1665
1430.7831	4344.2939
1431.3154	4310.3833
1431.8477	4273.0898
1432.38	4291.8335
1432.9124	4286.1411
1433.4446	4242.5586
1433.9769	4315.918
1434.5092	4265.0259
1435.0415	4221.9126
1435.5739	4214.2227
1436.1061	4235.4761
1436.6384	4206.2676
1437.1707	4183.3096
1437.703	4177.8481
1438.2354	4160.7959
1438.7676	4135.0088
1439.2999	4132.6445
1439.8322	4170.5762
1440.3645	4181.9385
1440.8967	4180.4268
1441.4291	4208.04
1441.9614	4165.6631
1442.4937	4158.0781
1443.026	4185.9561
1443.5582	4130.4517
1444.0906	4158.3076
1444.6229	4162.3574
1445.1552	4155.0742
1445.6875	4118.4014
1446.2197	4181.8589
1446.7521	4175.3872
1447.2844	4170.7349
1447.8167	4138.4897
1448.349	4166.4482
1448.8812	4168.3032
1449.4136	4153.4346
1449.9459	4159.9043
1450.4781	4148.2881
1451.0105	4231.5015
1451.5427	4176.8457
1452.0751	4124.0347
1452.6074	4224.8237
1453.1396	4235.812
1453.672	4211.9556
1454.2042	4173.4727
1454.7366	4214.2993
1455.2688	4154.1626
1455.8011	4121.6426
1456.3335	4203.0894
1456.8657	4153.187
1457.3981	4217.1455
1457.9303	4149.3984
1458.4626	4187.082
1458.995	4228.4375
1459.5272	4242.1997
1460.0596	4148.3286
1460.5918	4223.5835
1461.1241	4227.6001
1461.6565	4271.0903
1462.1887	4230.1152
1462.7211	4235.1606
1463.2533	4213.2412
1463.7856	4229.5015
1464.318	4239.0405
1464.8502	4237.5391
1465.3826	4266.3726
1465.9148	4248.8174
1466.4471	4250.5264
1466.9794	4252.9893
1467.5117	4298.0562
1468.0441	4269.5518
1468.5763	4185.6719
1469.1086	4206.2383
1469.6409	4264.6143
1470.1732	4308.9399
1470.7056	4279.167
1471.2378	4204.9873
1471.7701	4201.6689
1472.3024	4248.4341
1472.8347	4300.8569
1473.3671	4304.9282
1473.8993	4278.085
1474.4316	4285.3242
1474.9639	4252.0601
1475.4962	4232.0391
1476.0286	4278.7314
1476.5608	4228.9053
1477.0931	4204.4561
1477.6254	4249.5146
1478.1577	4253.5879
1478.6901	4236.5986
1479.2223	4266.7236
1479.7546	4283.7075
1480.2869	4322.5195
1480.8192	4275.9844
1481.3514	4246.0684
1481.8838	4257.8447
1482.4161	4315.0952
1482.9484	4244.7827
1483.4807	4247.8911
1484.0129	4327.4414
1484.5453	4347.917
1485.0776	4337.2109
1485.6099	4340.0005
1486.1422	4309.2217
1486.6744	4322.1733
1487.2068	4358.2407
1487.7391	4342.7627
1488.2714	4335.3564
1488.8037	4309.6484
1489.3359	4358.2471
1489.8683	4399.3296
1490.4006	4399.2666
1490.9329	4343.5815
1491.4652	4414.9282
1491.9974	4447.0688
1492.5298	4461.4497
1493.062	4511.3765
1493.5944	4478.458
1494.1267	4488.0962
1494.6589	4469.9116
1495.1913	4539.4639
1495.7235	4554.7109
1496.2559	4574.603
1496.7882	4568.5254
1497.3204	4558.2227
1497.8528	4577.896
1498.385	4666.6904
1498.9174	4684.6436
1499.4497	4690.1187
1499.9819	4649.3438
1500.5143	4744.5703
1501.0465	4791.2432
1501.5789	4833.2852
1502.1112	4754.3784
1502.6434	4847.0781
1503.1758	4878.9883
1503.708	4827.396
1504.2404	4906.0063
1504.7727	4957.667
1505.3049	4985.3901
1505.8373	4994.52
1506.3695	4999.9727
1506.9019	5055.332
1507.4341	5051.6841
1507.9664	5104.207
1508.4988	5140.9028
1509.031	5129.4453
1509.5634	5156.415
1510.0956	5192.2734
1510.6279	5229.1577
1511.1603	5266.5874
1511.6925	5256.6294
1512.2249	5267.1055
1512.7571	5296.1904
1513.2894	5330.1748
1513.8218	5362.6675
1514.354	5431.8535
1514.8864	5421.4414
1515.4186	5395.6982
1515.9509	5443.2339
1516.4833	5534.5874
1517.0155	5571.291
1517.5479	5545.5215
1518.0801	5581.4395
1518.6124	5616.4106
1519.1447	5634.3652
1519.677	5675.1406
1520.2094	5753.5801
1520.7416	5772.1021
1521.2739	5769.2285
1521.8062	5785.4033
1522.3385	5763.4014
1522.8708	5773.0439
1523.4031	5804.4824
1523.9354	5851.2358
1524.4677	5861.0728
1525	5931.2461
1525.5323	5973.3462
1526.0646	5966.7349
1526.5969	5927.2368
1527.1292	5911.6357
1527.6615	5948.167
1528.1938	6015.9717
1528.7261	6000.5347
1529.2584	6039.9639
1529.7906	6043.1094
1530.323	6033.3403
1530.8553	5999.0488
1531.3876	6065.1279
1531.9199	6056.2607
1532.4521	6064.4224
1532.9845	6135.7983
1533.5167	6116.0688
1534.0491	6143.1597
1534.5814	6148.6084
1535.1136	6041.0127
1535.646	6060.9053
1536.1782	6076.751
1536.7106	6064.2876
1537.2429	6049.5981
1537.7751	6079.9067
1538.3075	6078.0244
1538.8397	6130.3267
1539.3721	6166.395
1539.9044	6140.9668
1540.4366	6149.7505
1540.969	6138.7666
1541.5012	6139.0244
1542.0336	6114.4819
1542.5659	6114.0962
1543.0981	6182.6235
1543.6305	6161.397
1544.1627	6137.4351
1544.6951	6083.5024
1545.2273	6060.8604
1545.7596	6125.9741
1546.292	6077.4873
1546.8242	5999.4629
1547.3566	6022.7861
1547.8888	6020.1489
1548.4211	6067.605
1548.9535	6004.8252
1549.4857	6072.8569
1550.0181	6027.2632
1550.5503	6020.2041
1551.0826	6099.1709
1551.615	5984.5444
1552.1472	5963.6133
1552.6796	5910.8311
1553.2118	5933.6885
1553.7441	5937.751
1554.2765	6037.3145
1554.8087	5982.5059
1555.3411	5965.5063
1555.8733	5946.7363
1556.4056	5915.3877
1556.938	5870.3076
1557.4702	6017.9458
1558.0026	5879.9072
1558.5348	5950.0122
1559.0671	5883.2188
1559.5994	5906.0645
1560.1317	5890.9927
1560.6641	5943.8892
1561.1963	5899.2041
1561.7286	5802.5518
1562.2609	5808.686
1562.7932	5845.0122
1563.3256	5864.7876
1563.8578	5805.6064
1564.3901	5951.8301
1564.9224	5899.7451
1565.4547	5846.6392
1565.9871	5782.7383
1566.5193	5871.2085
1567.0516	5798.5747
1567.5839	5865.9927
1568.1162	5862.4219
1568.6486	5881.0376
1569.1808	5832.0049
1569.7131	5779.084
1570.2454	5744.8906
1570.7777	5848.5039
1571.3099	5865.4702
1571.8423	5742.3691
1572.3746	5776.481
1572.9069	5811.397
1573.4392	5718.8096
1573.9714	5746.23
1574.5038	5735.6255
1575.0361	5686.8354
1575.5684	5732.1064
1576.1007	5666.3906
1576.6329	5661.6357
1577.1653	5765.0078
1577.6976	5715.7637
1578.2299	5812.2695
1578.7622	5746.9473
1579.2944	5732.6855
1579.8268	5626.877
1580.3591	5686.936
1580.8914	5612.2266
1581.4237	5608.9214
1581.9559	5635.2832
1582.4883	5590.9619
1583.0206	5642.8335
1583.5529	5685.5542
1584.0852	5593.2007
1584.6174	5484.1875
1585.1498	5521.2134
1585.682	5532.6885
1586.2144	5491.5317
1586.7467	5480.9517
1587.2789	5530.6758
1587.8113	5421.144
1588.3435	5478.415
1588.8759	5396.8677
1589.4082	5417.522
1589.9404	5464.9971
1590.4728	5391.6333
1591.005	5409.4785
1591.5374	5396.9072
1592.0697	5314.2744
1592.6019	5327.4351
1593.1343	5272.1816
1593.6665	5234.4141
1594.1989	5282.4883
1594.7312	5258.7939
1595.2634	5262.9028
1595.7958	5230.686
1596.328	5194.4839
1596.8604	5130.0313
1597.3926	5111.0757
1597.9249	5228.874
1598.4573	5066.2007
1598.9895	5084.1616
1599.5219	5036.4058
1600.0541	5016.7109
1600.5864	5010.8398
1601.1188	4974.3975
1601.651	4921.0146
1602.1833	4881.4932
1602.7156	4967.2993
1603.2479	4916.4121
1603.7803	4854.2837
1604.3125	4789.1504
1604.8448	4846.0649
1605.3771	4815.9375
1605.9094	4716.6357
1606.4418	4763.0234
1606.974	4678.356
1607.5063	4654.2485
1608.0386	4666.6514
1608.5709	4538.2837
1609.1033	4538.7773
1609.6355	4562.687
1610.1678	4540.7227
1610.7001	4447.1514
1611.2324	4496.6758
1611.7646	4452.709
1612.297	4461.7593
1612.8293	4381.3418
1613.3616	4413.8071
1613.8939	4388.3706
1614.4261	4356.8809
1614.9585	4344.5967
1615.4908	4279.6929
1616.0231	4274.2778
1616.5554	4241.0552
1617.0876	4237.0107
1617.62	4196.5293
1618.1523	4185.7842
1618.6846	4166.6729
1619.2169	4112.6738
1619.7491	4103.6821
1620.2815	4082.5535
1620.8138	4041.4783
1621.3461	3996.6042
1621.8784	3998.6924
1622.4106	4004.6284
1622.943	3948.2637
1623.4752	3937.6516
1624.0076	3962.3193
1624.5399	3942.8818
1625.0721	3892.7346
1625.6045	3858.6406
1626.1367	3853.3596
1626.6691	3856.7781
1627.2014	3814.8447
1627.7336	3773.0085
1628.266	3775.415
1628.7982	3808.0681
1629.3306	3793.969
1629.8629	3794.0281
1630.3951	3717.9883
1630.9275	3642.5935
1631.4597	3646.7971
1631.9921	3668.9089
1632.5244	3657.7585
1633.0566	3654.2458
1633.589	3643.6243
1634.1212	3599.2478
1634.6536	3583.2424
1635.1859	3518.927
1635.7181	3506.5637
1636.2505	3518.9534
1636.7827	3517.5032
1637.3151	3514.457
1637.8473	3477.137
1638.3796	3417.8171
1638.912	3446.0881
1639.4442	3476.2839
1639.9766	3453.5566
1640.5088	3388.3882
1641.0411	3333.4714
1641.5735	3310.4036
1642.1057	3351.6738
1642.6381	3345.0051
1643.1703	3326.0349
1643.7026	3331.9121
1644.235	3306.3464
1644.7672	3305.5896
1645.2996	3293.9104
1645.8318	3245.0403
1646.3641	3289.3933
1646.8965	3222.9424
1647.4287	3196.0874
1647.9611	3196.1169
1648.4933	3181.0479
1649.0256	3200.5398
1649.5579	3169.8638
1650.0902	3173.3264
1650.6226	3131.2993
1651.1548	3155.5278
1651.6871	3147.0503
1652.2194	3160.2004
1652.7517	3074.8762
1653.2841	3144.8857
1653.8163	3161.2324
1654.3486	3088.1411
1654.8809	3144.6082
1655.4132	3033.1296
1655.9456	3013.6301
1656.4778	3001.4558
1657.0101	3022.3081
1657.5424	3016.1667
1658.0747	2978.5808
1658.6071	2968.8313
1659.1393	2998.2058
1659.6716	3012.1177
1660.2039	2956.9805
1660.7362	2935.8542
1661.2686	2957.708
1661.8008	2907.2971
1662.3331	2922.4131
1662.8654	2874.5825
1663.3977	2862.1301
1663.9299	2889.0479
1664.4623	2839.8118
1664.9946	2874.6057
1665.5269	2849.9377
1666.0592	2807.4927
1666.5914	2865.6079
1667.1238	2792.6458
1667.6561	2799.0791
1668.1884	2798.3342
1668.7207	2785.98
1669.2529	2778.3638
1669.7853	2771.957
1670.3176	2760.1614
1670.8499	2753.428
1671.3822	2732.2363
1671.9144	2708.2285
1672.4468	2726.2744
1672.9791	2714.2141
1673.5114	2687.248
1674.0437	2668.4844
1674.5759	2663.2786
1675.1083	2635.1992
1675.6405	2626.8193
1676.1729	2626.5637
1676.7052	2604.6636
1677.2374	2607.5444
1677.7698	2622.7844
1678.302	2610.9495
1678.8344	2595.2957
1679.3667	2577.0093
1679.8989	2559.9463
1680.4313	2543.8989
1680.9635	2516.2742
1681.4958	2520.4299
1682.0282	2540.5601
1682.5604	2504.4673
1683.0928	2504.4558
1683.625	2483.3162
1684.1573	2473.9048
1684.6897	2469.0032
1685.2219	2468.8137
1685.7543	2452.0903
1686.2865	2427.0249
1686.8188	2394.856
1687.3512	2409.1167
1687.8834	2428.8625
1688.4158	2403.4094
1688.948	2374.8853
1689.4803	2376.012
1690.0126	2366.5374
1690.5449	2366.4556
1691.0773	2374.6721
1691.6095	2345.582
1692.1418	2316.1802
1692.6741	2324.4319
1693.2064	2308.1575
1693.7388	2309.2813
1694.271	2283.7102
1694.8033	2285.3923
1695.3356	2275.9128
1695.8679	2286.0942
1696.4003	2256.1304
1696.9325	2241.856
1697.4648	2242.0874
1697.9971	2232.5225
1698.5294	2241.4055
1699.0618	2219.9258
1699.594	2187.4504
1700.1263	2198.3347
1700.6586	2201.6111
1701.1909	2224.2783
1701.7231	2211.3591
1702.2555	2174.5586
1702.7878	2175.7188
1703.3201	2172.1838
1703.8524	2156.6079
1704.3846	2149.0864
1704.917	2129.6121
1705.4493	2143.3123
1705.9816	2138.5598
1706.5139	2133.7495
1707.0461	2120.6533
1707.5785	2103.7822
1708.1108	2115.5688
1708.6431	2120.5115
1709.1754	2076.8223
1709.7076	2077.2307
1710.24	2109.3845
1710.7723	2107.0669
1711.3046	2041.7385
1711.8369	2062.7585
1712.3691	2079.1106
1712.9015	2102.4595
1713.4338	2074.4031
1713.9661	2034.3583
1714.4984	2005.2174
1715.0306	2047.4969
1715.563	2029.8651
1716.0952	2060.6099
1716.6276	2007.9166
1717.1599	2017.1281
1717.6921	1982.2423
1718.2245	1971.4054
1718.7567	1970.8987
1719.2891	1967.8988
1719.8214	1995.8824
1720.3536	1962.7261
1720.886	1978.3737
1721.4182	1954.353
1721.9506	1973.0763
1722.4829	1977.5746
1723.0151	1960.1919
1723.5475	1977.5085
1724.0797	1971.6196
1724.6121	1927.4639
1725.1444	1912.4918
1725.6766	1968.9659
1726.209	1937.8267
1726.7412	1946.2775
1727.2736	1975.6075
1727.8058	1966.0878
1728.3381	1919.254
1728.8705	1940.8979
1729.4027	1953.7969
1729.9351	1955.9396
1730.4673	1967.3057
1730.9996	1950.0422
1731.532	1948.858
1732.0642	1939.088
1732.5966	1926.7329
1733.1288	1939.0232
1733.6611	1923.1212
1734.1935	1899.7028
1734.7257	1890.4919
1735.2581	1904.0294
1735.7903	1894.272
1736.3226	1912.403
1736.855	1923.6738
1737.3872	1895.2025
1737.9196	1903.571
1738.4518	1892.0128
1738.9841	1902.4097
1739.5165	1918.3461
1740.0487	1915.235
1740.5811	1904.6027
1741.1133	1922.8468
1741.6456	1925.4363
1742.1779	1909.5048
1742.7102	1892.296
1743.2426	1893.0557
1743.7748	1902.9424
1744.3071	1896.3893
1744.8394	1885.0151
1745.3717	1896.639
1745.9041	1909.4698
1746.4363	1911.7019
1746.9686	1902.6263
1747.5009	1900.5037
1748.0332	1899.6038
1748.5656	1910.4452
1749.0978	1875.6611
1749.6301	1898.7183
1750.1624	1889.1293
1750.6947	1898.4103
1751.2271	1898.731
1751.7593	1904.3102
1752.2916	1881.1864
1752.8239	1851.9862
1753.3562	1858.2689
1753.8884	1886.7455
1754.4208	1891.9224
1754.9531	1890.5956
1755.4854	1854.5511
1756.0177	1890.6998
1756.5499	1850.6271
1757.0823	1853.6804
1757.6146	1869.8462
1758.1469	1870.9136
1758.6792	1884.7499
1759.2114	1904.7949
1759.7438	1845.7043
1760.2761	1882.0464
1760.8083	1857.4329
1761.3407	1857.8208
1761.8729	1880.7211
1762.4053	1879.6626
1762.9376	1881.296
1763.4698	1873.7687
1764.0022	1884.2622
1764.5344	1873.2733
1765.0668	1880.8181
1765.5991	1881.3754
1766.1313	1844.5815
1766.6637	1892.6665
1767.1959	1855.5823
1767.7283	1880.5345
1768.2605	1880.4325
1768.7928	1898.2021
1769.3252	1882.9396
1769.8574	1860.1509
1770.3898	1869.5067
1770.922	1902.4791
1771.4543	1914.3536
1771.9867	1883.4226
1772.5189	1872.6838
1773.0513	1883.2126
1773.5835	1908.4849
1774.1158	1906.9292
1774.6482	1895.5626
1775.1804	1880.4575
1775.7128	1902.2924
1776.245	1916.5696
1776.7773	1898.1461
1777.3097	1901.3403
1777.8419	1890.8126
1778.3743	1880.0388
1778.9065	1879.8047
1779.4388	1864.7548
1779.9711	1875.7987
1780.5034	1883.6508
1781.0358	1918.3281
1781.568	1926.921
1782.1003	1922.6854
1782.6326	1909.3619
1783.1649	1910.8567
1783.6973	1920.6086
1784.2295	1909.1631
1784.7618	1926.8491
1785.2941	1938.5385
1785.8264	1914.1028
1786.3588	1904.9224
1786.891	1874.9476
1787.4233	1900.0804
1787.9556	1909.4851
1788.4879	1897.8811
1789.0203	1926.1353
1789.5525	1932.8859
1790.0848	1946.0765
1790.6171	1924.833
1791.1494	1957.5186
1791.6818	1939.6448
1792.214	1954.5604
1792.7463	1961.6809
1793.2786	1953.988
1793.8109	1949.614
1794.3431	1937.5786
1794.8755	1924.5138
1795.4078	1939.5175
1795.9401	1974.7522
1796.4724	1971.1233
1797.0046	1936.4529
1797.537	1935.4425
1798.0693	1966.1106
1798.6016	1966.3878
1799.1339	1972.1071
1799.6661	1977.4572
1800.1985	1964.9318
1800.7308	1981.3302
1801.2631	1966.0187
1801.7954	1953.1871
1802.3276	1953.7578
1802.86	1967.0258
1803.3923	1963.8789
1803.9246	1965.1508
1804.4569	1973.3214
1804.9891	1988.3582
1805.5215	1965.0713
1806.0537	2013.3278
1806.5861	1993.7947
1807.1184	2016.2495
1807.6506	1991.6707
1808.183	2049.4705
1808.7152	2076.0442
1809.2476	2000.5336
1809.7799	2000.9059
1810.3121	2064.3416
1810.8445	2075.7434
1811.3767	2061.4172
1811.9091	2049.021
1812.4414	2034.5464
1812.9736	2077.155
1813.506	2057.8982
1814.0382	2084.4055
1814.5706	2071.8091
1815.1029	2043.7401
1815.6351	2065.5449
1816.1675	2101.6716
1816.6997	2102.9722
1817.2321	2109.9824
1817.7644	2128.6208
1818.2966	2115.0222
1818.829	2088.7397
1819.3612	2081.9907
1819.8936	2096.842
1820.4258	2096.8315
1820.9581	2135.543
1821.4905	2123.7314
1822.0227	2120.0564
1822.5551	2114.9102
1823.0873	2118.9302
1823.6196	2137.3643
1824.152	2134.8923
1824.6842	2127.9387
1825.2166	2164.7234
1825.7488	2182.1401
1826.2811	2182.2168
1826.8135	2167.0583
1827.3457	2201.6143
1827.8781	2237.6721
1828.4103	2206.7991
1828.9426	2224.9602
1829.475	2212.834
1830.0072	2254.2847
1830.5396	2207.6206
1831.0718	2245.9131
1831.6041	2260.4993
1832.1364	2279.1326
1832.6687	2253.3994
1833.201	2246.6401
1833.7333	2284.4929
1834.2656	2246.4084
1834.7979	2272.0056
1835.3302	2264.9419
1835.8625	2289.2461
1836.3948	2303.4199
1836.9271	2309.6655
1837.4594	2322.6458
1837.9917	2367.646
1838.524	2355.7229
1839.0563	2348.7913
1839.5886	2355.1697
1840.1208	2337.1218
1840.6532	2355.4658
1841.1855	2350.5542
1841.7178	2338.3445
1842.2501	2365.4736
1842.7823	2407.52
1843.3147	2404.2517
1843.847	2416.1401
1844.3793	2453.7529
1844.9116	2417.0293
1845.4438	2420.7695
1845.9762	2438.2932
1846.5084	2479.0103
1847.0408	2469.7961
1847.5731	2498.9211
1848.1053	2499.4856
1848.6377	2487.176
1849.1699	2570.2129
1849.7023	2509.1301
1850.2346	2531.0923
1850.7668	2506.0754
1851.2992	2568.865
1851.8314	2546.7808
1852.3638	2577.2063
1852.8961	2597.1062
1853.4283	2607.0769
1853.9607	2636.3025
1854.4929	2662.3657
1855.0253	2673.9263
1855.5576	2702.074
1856.0898	2703.3086
1856.6222	2690.864
1857.1544	2715.2407
1857.6868	2748.9314
1858.219	2741.6846
1858.7513	2745.72
1859.2837	2762.749
1859.8159	2778.0222
1860.3483	2795.6335
1860.8805	2824.3901
1861.4128	2833.5522
1861.9452	2839.1711
1862.4774	2841.4983
1863.0098	2877.8118
1863.542	2877.9048
1864.0743	2888.2478
1864.6067	2918.937
1865.1389	2922.1765
1865.6713	3023.0369
1866.2035	2927.3086
1866.7358	3001.874
1867.2682	3055.2314
1867.8004	3081.4734
1868.3328	3061.7771
1868.865	3062.6748
1869.3973	3097.3975
1869.9297	3108.5632
1870.4619	3114.2292
1870.9943	3171.6033
1871.5265	3196.7759
1872.0588	3216.0415
1872.5911	3233.3606
1873.1234	3277.5854
1873.6558	3284.7517
1874.188	3322.4753
1874.7203	3348.3975
1875.2526	3396.6252
1875.7849	3430.4651
1876.3173	3450.2764
1876.8495	3441.3833
1877.3818	3465.7073
1877.9141	3520.3323
1878.4464	3565.9287
1878.9788	3615.9595
1879.511	3606.3745
1880.0433	3673.2385
1880.5756	3699.6001
1881.1079	3717.7437
1881.6403	3735.6829
1882.1725	3821.2241
1882.7048	3814.8225
1883.2371	3855.2542
1883.7694	3917.593
1884.3016	3938.6865
1884.834	4005.5654
1885.3663	4090.9075
1885.8986	4043.3066
1886.4309	4114.2935
1886.9631	4256.3281
1887.4955	4320.6772
1888.0278	4329.0195
1888.5601	4397.8022
1889.0924	4475.9058
1889.6246	4527.0518
1890.157	4593.5361
1890.6893	4633.1797
1891.2216	4796.5015
1891.7539	4825.356
1892.2861	4903.979
1892.8185	5043.6226
1893.3508	5042.771
1893.8831	5196.0439
1894.4154	5241.6211
1894.9476	5382.8589
1895.48	5561.5557
1896.0123	5625.2183
1896.5446	5717.6123
1897.0769	5843.7622
1897.6091	5905.0244
1898.1415	6064.7544
1898.6737	6232.269
1899.2061	6406.2393
1899.7384	6517.7891
1900.2706	6648.2593
1900.803	6803.5796
1901.3352	6955.6118
1901.8676	7150.1563
1902.3999	7309.4277
1902.9321	7489.1025
1903.4645	7771.0659
1903.9967	8037.4927
1904.5291	8210.3701
1905.0614	8419.5449
1905.5936	8720.2588
1906.126	8892.1494
1906.6582	9084.6123
1907.1906	9426.1211
1907.7229	9678.9355
1908.2551	9896.3662
1908.7875	10257.727
1909.3197	10483.213
1909.8521	10866.715
1910.3843	11081.07
1910.9166	11488.984
1911.449	11861.864
1911.9812	12150.231
1912.5135	12559.256
1913.0458	12839.681
1913.5781	13144.292
1914.1105	13481.338
1914.6427	13874.912
1915.175	14227.258
1915.7073	14561.889
1916.2396	14995.269
1916.772	15423.983
1917.3042	15602.581
1917.8365	16008.945
1918.3688	16481.625
1918.9011	16862.768
1919.4335	17043.793
1919.9657	17469.156
1920.498	17686.268
1921.0303	17952.994
1921.5626	18236.256
1922.095	18582.158
1922.6272	18944.816
1923.1595	19086.809
1923.6918	19407.322
1924.2241	19738.816
1924.7563	20006.344
1925.2887	20172.166
1925.821	20449.912
1926.3533	20611.732
1926.8856	21001.461
1927.4178	21066.227
1927.9502	21223.514
1928.4825	21357.631
1929.0148	21476.184
1929.5471	21683.418
1930.0793	21796.408
1930.6117	21931.92
1931.144	22197.395
1931.6763	22285.684
1932.2086	22491.543
1932.7408	22553.641
1933.2732	22654.656
1933.8055	22762.932
1934.3378	22858.248
1934.8701	22964.195
1935.4023	23108.229
1935.9347	23116.65
1936.4669	23132.734
1936.9993	23328.326
1937.5316	23141.342
1938.0638	23203.465
1938.5962	23294.91
1939.1284	23326.627
1939.6608	23485.539
1940.1931	23480.053
1940.7253	23422.17
1941.2577	23386.859
1941.7899	23403.658
1942.3223	23345.189
1942.8546	23292.889
1943.3868	23367.611
1943.9192	23326.695
1944.4514	23371.498
1944.9838	23200.121
1945.5161	23073.551
1946.0483	22892.678
1946.5807	23105.027
1947.1129	22698.768
1947.6453	22570.439
1948.1776	22387.939
1948.7098	22323.686
1949.2422	22219.369
1949.7744	21877.857
1950.3068	21748.279
1950.839	21537.834
1951.3713	21485.121
1951.9037	21249.094
1952.4359	21079.223
1952.9683	20924.82
1953.5005	20718.758
1954.0328	20472.113
1954.5652	20402.543
1955.0974	20380.938
1955.6298	20101.688
1956.162	19957.875
1956.6943	19783.674
1957.2267	19782.068
1957.7589	19619.496
1958.2913	19612.547
1958.8235	19531.775
1959.3558	19621.924
1959.8882	19462.156
1960.4204	19383.281
1960.9528	19467.555
1961.485	19526.191
1962.0173	19555.305
1962.5496	19516.93
1963.0819	19497.303
1963.6143	19509.398
1964.1465	19592.279
1964.6788	19596.988
1965.2111	19486.336
1965.7434	19519.611
1966.2758	19542.027
1966.808	19422.439
1967.3403	19386.676
1967.8726	19429.578
1968.4049	19386.945
1968.9373	19440.578
1969.4695	19437.629
1970.0018	19164.564
1970.5341	19371.859
1971.0664	19394.607
1971.5988	19150.129
1972.131	19156.752
1972.6633	19282.846
1973.1956	19196.262
1973.7279	19057.244
1974.2603	18974.643
1974.7925	19065.176
1975.3248	19100.893
1975.8571	18978.355
1976.3894	18941.471
1976.9216	18992.813
1977.454	19077.449
1977.9863	18942.779
1978.5186	18996.393
1979.0509	19037.338
1979.5831	19259.508
1980.1155	19096.889
1980.6478	19339.984
1981.1801	19458.975
1981.7124	19491.803
1982.2446	19492.014
1982.777	19451.547
1983.3093	19627.078
1983.8416	19888.482
1984.3739	20000.418
1984.9061	20041.166
1985.4385	20188.461
1985.9708	20326.648
1986.5031	20431.828
1987.0354	20434.301
1987.5676	20415.795
1988.1	20826.557
1988.6322	20926.959
1989.1646	20967.105
1989.6969	21122.85
1990.2291	21210.164
1990.7615	21376.793
1991.2937	21506.436
1991.826	21401.83
1992.3584	21542.432
1992.8906	21543.934
1993.423	21769.863
1993.9552	21759.123
1994.4875	21812.807
1995.0199	21828.287
1995.5521	21760.209
1996.0845	21718.936
1996.6167	21760.984
1997.149	21706.629
1997.6814	21511.633
1998.2136	21495.229
1998.746	21457.242
1999.2782	21299.748
1999.8105	21331.186
2000.3429	20915.338
2000.8751	20892.365
2001.4075	20525.115
2001.9397	20455.543
2002.472	20207.389
2003.0043	19976.494
2003.5366	19691.326
2004.069	19366.355
2004.6012	19019.791
2005.1335	18757.617
2005.6658	18440.266
2006.1981	18194.551
2006.7305	17812.004
2007.2627	17306.705
2007.795	16971.426
2008.3273	16847.082
2008.8596	16435.887
2009.392	16256.833
2009.9242	15831.705
2010.4565	15521.798
2010.9888	15301.198
2011.5211	15219.074
2012.0535	14890.014
2012.5857	14636.264
2013.118	14562.737
2013.6503	14345.597
2014.1826	14139.67
2014.7148	14016.526
2015.2472	13973.237
2015.7795	13849.081
2016.3118	13877.146
2016.8441	13840.925
2017.3763	13873.41
2017.9087	13873.138
2018.441	13951.081
2018.9733	13936.781
2019.5056	14149.829
2020.0378	14181.473
2020.5702	14227.835
2021.1025	14252.697
2021.6348	14467.908
2022.1671	14589.37
2022.6993	14712.844
2023.2317	14825.408
2023.764	15000.275
2024.2963	15267.543
2024.8286	15401.645
2025.3608	15527.916
2025.8932	15888.239
2026.4255	15985.506
2026.9578	16169.574
2027.4901	16337.214
2028.0223	16553.51
2028.5547	16653.766
2029.0869	16779.5
2029.6193	17114.877
2030.1516	17287.105
2030.6838	17345.412
2031.2162	17448.982
2031.7484	17622.199
2032.2808	17685.98
2032.8131	17759.32
2033.3453	17894.725
2033.8777	17982.561
2034.4099	17954.061
2034.9423	17980.447
2035.4746	18041.889
2036.0068	18030.512
2036.5392	18012.846
2037.0714	18104.535
2037.6038	17866.24
2038.1361	18049.445
2038.6683	17853.547
2039.2007	17712.039
2039.7329	17686.959
2040.2653	17599.83
2040.7975	17475.398
2041.3298	17280.91
2041.8622	17159.701
2042.3944	17037.867
2042.9268	16790.316
2043.459	16730.576
2043.9913	16572.643
2044.5237	16349.845
2045.0559	16213.604
2045.5883	16052.345
2046.1205	15771.947
2046.6528	15708.973
2047.1852	15560.375
2047.7174	15371.229
2048.2498	15122.429
2048.782	15049.913
2049.3142	14892.866
2049.8467	14702.014
2050.3789	14511.454
2050.9111	14254.771
2051.4436	14133.395
2051.9758	14029.47
2052.5081	13945.437
2053.0405	13807.479
2053.5728	13549.893
2054.105	13293.186
2054.6372	13119.937
2055.1697	13134.275
2055.7019	12856.04
2056.2341	12685.511
2056.7666	12558.237
2057.2988	12427.482
2057.8311	12346.644
2058.3635	12162.126
2058.8958	11974.203
2059.428	11837.948
2059.9602	11856.682
2060.4927	11669.496
2061.0249	11563.982
2061.5571	11396.813
2062.0896	11233.63
2062.6218	11143.889
2063.1541	11013.69
2063.6863	10979.37
2064.2188	10925.382
2064.751	10875.296
2065.2832	10744.834
2065.8157	10653.307
2066.3479	10589.551
2066.8801	10515.692
2067.4126	10462.317
2067.9448	10384.356
2068.4771	10367.947
2069.0093	10301.056
2069.5417	10225.263
2070.074	10100.093
2070.6062	10032.508
2071.1387	10182.395
2071.6709	10234.219
2072.2031	10150.336
2072.7356	10015.317
2073.2678	9994.5488
2073.8	9915.8438
2074.3323	9899.9014
2074.8647	9849.8936
2075.397	9843.0479
2075.9292	9813.1914
2076.4617	9789.8965
2076.9939	9703.3496
2077.5261	9669.3418
2078.0583	9647.6748
2078.5908	9666.1416
2079.123	9604.5039
2079.6553	9568.3643
2080.1877	9462.9766
2080.72	9506.0918
2081.2522	9518.0918
2081.7847	9442.4053
2082.3169	9382.7666
2082.8491	9401.1133
2083.3813	9353.4121
2083.9138	9351.7627
2084.446	9301.1592
2084.9783	9359.9668
2085.5107	9321.9268
2086.043	9289.6738
2086.5752	9192.7793
2087.1074	9084.8564
2087.6399	9132.5166
2088.1721	9074.1396
2088.7043	9070.0264
2089.2368	9016.1553
2089.769	8944.3867
2090.3013	8947.459
2090.8337	9047.2266
2091.366	9015.7344
2091.8982	8937.7646
2092.4304	8969.2793
2092.9629	9001.126
2093.4951	8985.583
2094.0273	8982.5225
2094.5598	9028.2451
2095.092	8950.959
2095.6243	9023.6855
2096.1567	9074.1309
2096.689	9058.5137
2097.2212	9027.8799
2097.7534	9076.0381
2098.2859	9096.377
2098.8181	9116
2099.3503	9193.3936
2099.8828	9145.1182
2100.415	9124.833
2100.9473	9254.9707
2101.4795	9267.7578
2102.012	9288.0713
2102.5442	9431.6172
2103.0764	9373.8809
2103.6089	9385.3662
2104.1411	9407.3096
2104.6733	9472.2383
2105.2058	9522.292
2105.738	9592.1592
2106.2703	9655.9512
2106.8025	9663.1826
2107.335	9596.9648
2107.8672	9611.7393
2108.3994	9598.4482
2108.9319	9620.3027
2109.4641	9695.8857
2109.9963	9687.8135
2110.5288	9738.0098
2111.061	9773.9463
2111.5933	9785.2051
2112.1255	9751.9736
2112.658	9766.5068
2113.1902	9770.4248
2113.7224	9874.376
2114.2549	9857.7803
2114.7871	9874.7822
2115.3193	10017.218
2115.8516	10036.788
2116.384	10070.92
2116.9163	10005.402
2117.4485	10183.19
2117.981	10140.994
2118.5132	10202.49
2119.0454	10239.273
2119.5779	10284.019
2120.1101	10320.306
2120.6423	10446.623
2121.1746	10603.087
2121.707	10645.96
2122.2393	10648.246
2122.7715	10780.187
2123.304	10895.729
2123.8362	10972.623
2124.3684	11144.849
2124.9009	11130.544
2125.4331	11256.978
2125.9653	11324.271
2126.4976	11521.771
2127.03	11571.318
2127.5623	11696.009
2128.0945	11915.844
2128.627	11967.876
2129.1592	12047.823
2129.6914	12196.223
2130.2236	12356.844
2130.7561	12433.78
2131.2883	12490.057
2131.8206	12660.494
2132.353	12745.813
2132.8853	12774.745
2133.4175	12931.787
2133.95	13041.399
2134.4822	13076.468
2135.0144	13206.407
2135.5466	13280.841
2136.0791	13317.448
2136.6113	13437.83
2137.1436	13420.435
2137.676	13399.291
2138.2083	13594.832
2138.7405	13566.702
2139.2727	13692.989
2139.8052	13640.927
2140.3374	13660.71
2140.8696	13803.154
2141.4021	13764.633
2141.9343	13751.305
2142.4666	13682.22
2142.999	13668.178
2143.5313	13713.101
2144.0635	13723.872
2144.5957	13687.798
2145.1282	13629.05
2145.6604	13486.98
2146.1926	13482.148
2146.7251	13524.179
2147.2573	13472.815
2147.7896	13364.202
2148.322	13375.63
2148.8542	13415.648
2149.3865	13311.662
2149.9187	13193.338
2150.4512	13170.899
2150.9834	13124.659
2151.5156	13220.913
2152.0481	13056.176
2152.5803	13051.521
2153.1125	12962.271
2153.6448	12886.723
2154.1772	12783.112
2154.7095	12746.85
2155.2417	12623.179
2155.7742	12563.24
2156.3064	12486.831
2156.8386	12361.765
2157.3711	12408.372
2157.9033	12328.876
2158.4355	12225.298
2158.9678	12219.49
2159.5002	12202.883
2160.0325	12069.407
2160.5647	12109.49
2161.0972	11910.812
2161.6294	12044.518
2162.1616	11919.753
2162.6941	11930.891
2163.2263	11875.063
2163.7585	11907.989
2164.2908	11896.192
2164.8232	11833.441
2165.3555	11810.742
2165.8877	11804.07
2166.4202	11820.779
2166.9524	11765.011
2167.4846	11831.609
2168.0168	11803.435
2168.5493	11776.909
2169.0815	11708.478
2169.6138	11661.935
2170.1462	11812.303
2170.6785	11753.737
2171.2107	11737.86
2171.7432	11699.641
2172.2754	11553.705
2172.8076	11552.589
2173.3398	11563.045
2173.8723	11493.444
2174.4045	11406.58
2174.9368	11419.851
2175.4692	11370.399
2176.0015	11108.677
2176.5337	11178.825
2177.0662	11071.386
2177.5984	11041.165
2178.1306	10969.423
2178.6628	10921.846
2179.1953	10770.341
2179.7275	10735.011
2180.2598	10701.064
2180.7922	10637.756
2181.3245	10417.878
2181.8567	10375.451
2182.3889	10392.52
2182.9214	10204.729
2183.4536	10217.07
2183.9858	10067.162
2184.5183	10055.727
2185.0505	9928.8398
2185.5828	9920.4678
2186.1152	9817.6592
2186.6475	9678.1367
2187.1797	9634.3311
2187.7119	9569.6689
2188.2444	9468.168
2188.7766	9385.6699
2189.3088	9399.373
2189.8413	9257.2822
2190.3735	9365.3613
2190.9058	9209.8633
2191.438	9242.2412
2191.9705	9181.7109
2192.5027	9129.6035
2193.0349	9055.2021
2193.5674	9138.3311
2194.0996	9068.9824
2194.6318	9024.0732
2195.1643	8935.5215
2195.6965	8994.1484
2196.2288	8989.8867
2196.761	8984.7061
2197.2935	9030.3447
2197.8257	8896.3857
2198.3579	8997.6035
2198.8904	8926.8369
2199.4226	8830.5225
2199.9548	8921.8857
2200.4873	8894.918
2201.0195	8793.3721
2201.5518	8818.9551
2202.084	8834.249
2202.6165	8874.1758
2203.1487	8784.1416
2203.6809	8828.9365
2204.2134	8752.5264
2204.7456	8822.042
2205.2778	8812.5801
2205.8101	8749.7598
2206.3425	8762.3096
2206.8748	8786.6084
2207.407	8721.7139
2207.9395	8766.0303
2208.4717	8842.626
2209.0039	8831.5879
2209.5364	8791.2168
2210.0686	8863.3848
2210.6008	8820.9414
2211.1331	8852.7979
2211.6655	8874.9346
2212.1978	8781.2305
2212.73	8829.2588
2213.2625	8821.4932
2213.7947	8824.5088
2214.3269	8822.1514
2214.8594	8927.626
2215.3916	8920.3164
2215.9238	8930.9658
2216.4561	8806.7646
2216.9885	8841.5078
2217.5208	8829.2412
2218.053	8877.6406
2218.5854	8800.293
2219.1177	8876.6152
2219.6499	8801.5732
2220.1821	8887.0898
2220.7146	8936.7666
2221.2468	8895.7695
2221.7791	8905.1338
2222.3115	8937.4443
2222.8438	8918.4775
2223.376	8868.1074
2223.9084	8925.4482
2224.4407	9017.9102
2224.9729	8896.8096
2225.5051	8943.0078
2226.0376	9026.5889
2226.5698	8951.4756
2227.1021	8943.1396
2227.6345	8867.4883
2228.1667	8873.9268
2228.699	8950.8467
2229.2314	9032.4238
2229.7637	8946.4424
2230.2959	9058.791
2230.8281	9022.5781
2231.3606	9058.8447
2231.8928	9158.4883
2232.425	9093.8369
2232.9575	9014.6074
2233.4897	8959.0947
2234.022	9064.1992
2234.5542	9093.0029
2235.0867	9040.8076
2235.6189	9106.6963
2236.1511	9059.7275
2236.6836	8997.2637
2237.2158	9103.1006
2237.748	9176.0137
2238.2805	9086.3975
2238.8127	9180.0225
2239.345	9244.3926
2239.8772	9168.6836
2240.4097	9166.0313
2240.9419	9190.6533
2241.4741	9184.4385
2242.0066	9292.4814
2242.5388	9307.8721
2243.071	9409.957
2243.6033	9338.502
2244.1357	9391.2842
2244.668	9338.8877
2245.2002	9418.3506
2245.7327	9495.4814
2246.2649	9326.584
2246.7971	9507.5137
2247.3296	9573.7285
2247.8618	9556.1104
2248.394	9553.5361
2248.9263	9539.1797
2249.4587	9637.7656
2249.991	9726.3252
2250.5232	9614.8867
2251.0557	9724.9883
2251.5879	9782.6152
2252.1201	9636.8203
2252.6526	9881.5508
2253.1848	9917.6836
2253.717	9940.3965
2254.2493	9975.9678
2254.7817	9965.1055
2255.314	10029.167
2255.8462	10076.727
2256.3787	10163.374
2256.9109	10194.853
2257.4431	10177.325
2257.9753	10206.36
2258.5078	10219.705
2259.04	10386.549
2259.5723	10401.617
2260.1047	10454.46
2260.637	10456.089
2261.1692	10574.386
2261.7017	10577.506
2262.2339	10603.038
2262.7661	10617.405
2263.2983	10747.522
2263.8308	10678.097
2264.363	10816.756
2264.8953	10852.171
2265.4277	10804.112
2265.96	10922.344
2266.4922	10988.678
2267.0247	11027.396
2267.5569	11114.384
2268.0891	11166.076
2268.6213	11138.445
2269.1538	11283.541
2269.686	11136.528
2270.2183	11265.428
2270.7507	11431.39
2271.283	11389.594
2271.8152	11343.18
2272.3474	11551.917
2272.8799	11540.268
2273.4121	11551.819
2273.9443	11681.381
2274.4768	11604.602
2275.009	11676.173
2275.5413	11808.132
2276.0737	11915.294
2276.606	12022.538
2277.1382	12033.973
2277.6704	12016.518
2278.2029	12123.932
2278.7351	12207.207
2279.2673	12160.435
2279.7998	12232.483
2280.332	12311.653
2280.8643	12365.665
2281.3967	12406.262
2281.929	12419.031
2282.4612	12532.892
2282.9934	12487.785
2283.5259	12568.311
2284.0581	12597.989
2284.5903	12668.872
2285.1228	12780.306
2285.655	12829.926
2286.1873	12855.544
2286.7195	12969.846
2287.252	12916.136
2287.7842	13053.649
2288.3164	13120.564
2288.8489	13040.641
2289.3811	13116.992
2289.9133	13221.956
2290.4458	13303.085
2290.978	13273.825
2291.5103	13417.477
2292.0425	13472.596
2292.575	13288.229
2293.1072	13270.385
2293.6394	13440.653
2294.1719	13581.834
2294.7041	13560.142
2295.2363	13335.776
2295.7686	13505.135
2296.301	13671.722
2296.8333	13578.376
2297.3655	13470.815
2297.8979	13499.055
2298.4302	13560.819
2298.9624	13544.954
2299.4949	13604.717
2300.0271	13468.463
2300.5593	13440.409
2301.0916	13468.241
2301.624	13468.343
2302.1563	13450.562
2302.6885	13423.718
2303.2209	13318.404
2303.7532	13324.782
2304.2854	13376.607
2304.8179	13388.585
2305.3501	13347.891
2305.8823	13291.225
2306.4146	13344.266
2306.947	13240.723
2307.4792	13170.687
2308.0115	13125.294
2308.5439	13057.076
2309.0762	12937.301
2309.6084	12851.604
2310.1406	12788.775
2310.6731	12840.457
2311.2053	12711.979
2311.7375	12631.033
2312.27	12696.849
2312.8022	12647.229
2313.3345	12574.894
2313.8669	12444.019
2314.3992	12350.079
2314.9314	12194.114
2315.4636	12188.465
2315.9961	12290.52
2316.5283	11913.92
2317.0605	12073.933
2317.593	11850.501
2318.1252	11784.29
2318.6575	11710.242
2319.1899	11702.663
2319.7222	11689.279
2320.2544	11581.703
2320.7866	11509.491
2321.3191	11395.434
2321.8513	11334.69
2322.3835	11305.72
2322.916	11288.585
2323.4482	11188.783
2323.9805	11225.021
2324.5127	11133.06
2325.0452	11118.443
2325.5774	11072.858
2326.1096	11014.885
2326.6421	10958.399
2327.1743	10976.384
2327.7065	10911.28
2328.239	10935.854
2328.7712	10803.634
2329.3035	10742.904
2329.8357	10743.562
2330.3682	10788.91
2330.9004	10710.784
2331.4326	10669.951
2331.9651	10616.081
2332.4973	10592.824
2333.0295	10502.59
2333.562	10521.481
2334.0942	10611.606
2334.6265	10539.802
2335.1587	10443.677
2335.6912	10348.465
2336.2234	10392.006
2336.7556	10318.536
2337.2881	10317.86
2337.8203	10209.588
2338.3525	10155.573
2338.8848	10159.392
2339.4172	10223.012
2339.9495	10166.828
2340.4817	10022.32
2341.0142	9973.7666
2341.5464	9970.2051
2342.0786	9892.6025
2342.6111	9785.4619
2343.1433	9690.0586
2343.6755	9722.7041
2344.2078	9659.2598
2344.7402	9690.1074
2345.2725	9558.5664
2345.8047	9506.7002
2346.3372	9491.8721
2346.8694	9468.3301
2347.4016	9402.3818
2347.9338	9420.9482
2348.4663	9343.3145
2348.9985	9258.3799
2349.5308	9297.8281
2350.0632	9141.4316
2350.5955	9146.1104
2351.1277	9047.7041
2351.6602	9071.3701
2352.1924	9045.8711
2352.7246	9005.4658
2353.2568	8994.7979
2353.7893	9002.0752
2354.3215	8902.3789
2354.8538	8716.9912
2355.3862	8759.3281
2355.9185	8773.1035
2356.4507	8700.626
2356.9832	8761
2357.5154	8701.7695
2358.0476	8571.9443
2358.5798	8620.8662
2359.1123	8542.3584
2359.6445	8509.3174
2360.1768	8500.4229
2360.7092	8470.3936
2361.2415	8385.5693
2361.7737	8373.4863
2362.3059	8295.7246
2362.8384	8252.9854
2363.3706	8307.5234
2363.9028	8278.6885
2364.4353	8203.3428
2364.9675	8065.0376
2365.4998	8153.479
2366.0322	8128.1372
2366.5645	8084.9453
2367.0967	8051.5601
2367.6289	8010.2578
2368.1614	7962.9438
2368.6936	8051.3682
2369.2258	7914.0776
2369.7583	7920.3647
2370.2905	7946.7827
2370.8228	7835.0908
2371.3552	7781.8735
2371.8875	7821.4897
2372.4197	7804.7749
2372.9519	7742.769
2373.4844	7704.2246
2374.0166	7688.4551
2374.5488	7648.8984
2375.0813	7624.4634
2375.6135	7595.6118
2376.1458	7601.7813
2376.678	7564.1504
2377.2104	7541.3477
2377.7427	7503.7524
2378.2749	7448.312
2378.8074	7454.5547
2379.3396	7346.2412
2379.8718	7314.8545
2380.4043	7376.2856
2380.9365	7341.7754
2381.4688	7285.7114
2382.001	7269.251
2382.5334	7269.9038
2383.0657	7263.3174
2383.5979	7277.71
2384.1304	7221.0435
2384.6626	7158.2271
2385.1948	7208.4556
2385.7273	7153.2148
2386.2595	7107.5254
2386.7917	7173.4434
2387.324	7141.8984
2387.8564	7125.9019
2388.3887	7152.3643
2388.9209	7113.7471
2389.4534	7063.2866
2389.9856	7005.5303
2390.5178	6956.4922
2391.05	7018.3179
2391.5825	7128.0044
2392.1147	7088.3003
2392.647	6991.8306
2393.1794	6999.3413
2393.7117	7033.2588
2394.2439	7077.3901
2394.7764	7104.002
2395.3086	6939.1821
2395.8408	7006.0962
2396.373	6953.1934
2396.9055	6914.3232
2397.4377	6919.6191
2397.97	6872.7349
2398.5024	6857.9966
2399.0347	6886.8306
2399.5669	6847.7349
2400.0991	6817.9844
2400.6316	6776.7681
2401.1638	6759.6685
2401.696	6686.9175
2402.2285	6680.8613
2402.7607	6619.6929
2403.293	6619.9253
2403.8254	6579.9556
2404.3577	6626.9219
2404.8899	6565.6382
2405.4221	6546.4712
2405.9546	6505.583
2406.4868	6485.8203
2407.019	6466.5806
2407.5515	6430.5391
2408.0837	6368.5063
2408.616	6456.6396
2409.1484	6443.252
2409.6807	6366.0938
2410.2129	6380.709
2410.7451	6386.1851
2411.2776	6360.915
2411.8098	6344.2119
2412.342	6317.0732
2412.8745	6288.5781
2413.4067	6256.1953
2413.939	6256.4336
2414.4712	6197.9976
2415.0037	6269.7285
2415.5359	6226.7705
2416.0681	6247.2471
2416.6006	6250.8159
2417.1328	6289.9165
2417.665	6235.606
2418.1975	6163.2222
2418.7297	6191.1943
2419.262	6181.9536
2419.7942	6259.5742
2420.3267	6187.6963
2420.8589	6158.9102
2421.3911	6190.5039
2421.9236	6169.5781
2422.4558	6212.2832
2422.988	6198.459
2423.5205	6174.0474
2424.0527	6152.1094
2424.585	6090.6421
2425.1172	6170.9004
2425.6497	6187.2783
2426.1819	6187.4146
2426.7141	6115.1504
2427.2466	6065.729
2427.7788	6158.4878
2428.311	6150.7134
2428.8433	6081.2573
2429.3757	6047.1167
2429.908	6086.1128
2430.4402	6063.0977
2430.9727	6100.3149
2431.5049	6110.1064
2432.0371	6110.7007
2432.5696	6049.582
2433.1018	6040.5396
2433.634	6086.8403
2434.1663	6053.0952
2434.6987	5982.9697
2435.231	5971.2261
2435.7632	6007.3042
2436.2957	5988.1602
2436.8279	5965.2422
2437.3601	5883.8413
2437.8926	5909.4292
2438.4248	5863.5439
2438.957	5834.8203
2439.4893	5827.814
2440.0217	5859.0708
2440.554	5850.9199
2441.0862	5796.0435
2441.6187	5810.5493
2442.1509	5814.126
2442.6831	5774.396
2443.2153	5735.1201
2443.7478	5777.3521
2444.28	5786.9233
2444.8123	5749.1909
2445.3447	5823.2646
2445.877	5800.5352
2446.4092	5887.7251
2446.9417	5853.7104
2447.4739	5878.0884
2448.0061	5825.1802
2448.5383	5939.3931
2449.0708	6005.0142
2449.603	6000.9873
2450.1353	5993.4087
2450.6677	6110.417
2451.2	6131.2573
2451.7322	6147.5327
2452.2644	6217.0176
2452.7969	6246.0063
2453.3291	6339.6396
2453.8613	6294.9067
2454.3938	6335.4424
2454.926	6350.8022
2455.4583	6413.8242
2455.9907	6400.7852
2456.5229	6402.2319
2457.0552	6395.6421
2457.5874	6434.084
2458.1199	6490.9814
2458.6521	6481.5
2459.1843	6385.1445
2459.7168	6414.4639
2460.249	6537.814
2460.7813	6403.5898
2461.3137	6280.6099
2461.8459	6242.2432
2462.3782	6258.7388
2462.9104	6243.2715
2463.4429	6182.1479
2463.9751	6128.9883
2464.5073	6218.7808
2465.0398	6079.6221
2465.572	6028.0317
2466.1042	5984.1816
2466.6365	5945.1079
2467.1689	5923.9951
2467.7012	5851.0864
2468.2334	5804.8979
2468.7659	5789.7192
2469.2981	5706.5532
2469.8303	5727.855
2470.3628	5732.5562
2470.895	5670.4678
2471.4272	5690.4722
2471.9595	5666.2046
2472.4919	5549.4883
2473.0242	5614.1416
2473.5564	5593.2871
2474.0889	5590.7744
2474.6211	5568.269
2475.1533	5577.7642
2475.6858	5626.1875
2476.218	5538.9702
2476.7502	5587.8413
2477.2825	5716.5566
2477.8149	5698.1196
2478.3472	5743.9053
2478.8794	5713.0273
2479.4119	5743.6382
2479.9441	5756.689
2480.4763	5801.1582
2481.0085	5798.8735
2481.541	5853.417
2482.0732	5890.8076
2482.6055	5943.6631
2483.1379	6038.1201
2483.6702	6086.0269
2484.2024	6112.3032
2484.7349	6064.5718
2485.2671	6184.6714
2485.7993	6212.894
2486.3315	6244.1411
2486.864	6281.8203
2487.3962	6388.7417
2487.9285	6407.3345
2488.4609	6415.4155
2488.9932	6355.1533
2489.5254	6496.4204
2490.0579	6565.2847
2490.5901	6571.3804
2491.1223	6589.3647
2491.6545	6626.8911
2492.187	6771.042
2492.7192	6791.0439
2493.2515	6748.4644
2493.7839	6683.5688
2494.3162	6811.04
2494.8484	6885.2642
2495.3806	6943.0723
2495.9131	6961.0762
2496.4453	6998.4736
2496.9775	7075.4365
2497.51	7110.7256
2498.0422	7094.6953
2498.5745	7016.208
2499.1069	7138.0571
2499.6392	7276.2515
2500.1714	7250.332
2500.7036	7248.1304
2501.2361	7245.1816
2501.7683	7231.4282
2502.3005	7278.0938
2502.833	7257.5552
2503.3652	7296.6377
2503.8975	7235.0332
2504.4297	7242.3232
2504.9622	7285.7661
2505.4944	7208.3584
2506.0266	7240.5215
2506.5591	7087.6001
2507.0913	7176.9429
2507.6235	7209.127
2508.156	7108.1421
2508.6882	7099.3599
2509.2205	7196.3408
2509.7527	7080.2964
2510.2852	7046.3838
2510.8174	7006.4717
2511.3496	7071.0278
2511.8821	7012.7666
2512.4143	6960.8525
2512.9465	6954.6211
2513.479	7003.5962
2514.0112	7024.1846
2514.5435	6855.0039
2515.0757	6858.3105
2515.6082	6888.7886
2516.1404	6812.2354
2516.6726	6782.5586
2517.2051	6758.9507
2517.7373	6737.7524
2518.2695	6774.5781
2518.8018	6666.8765
2519.3342	6598.4551
2519.8665	6509.229
2520.3987	6469.4653
2520.9312	6440.1113
2521.4634	6446.9004
2521.9956	6387.9619
2522.5281	6337.6748
2523.0603	6346.2334
2523.5925	6179.3525
2524.1248	6183.2549
2524.6572	6068.8877
2525.1895	5986.7969
2525.7217	5985.9385
2526.2542	5832.4517
2526.7864	5803.2642
2527.3186	5586.4541
2527.8511	5652.8291
2528.3833	5580.9263
2528.9155	5561.1001
2529.4478	5440.1841
2529.9802	5357.8711
2530.5125	5244.1343
2531.0447	5137.7827
2531.5771	5144.9375
2532.1094	5039.5044
2532.6416	4946.8389
2533.1738	4955.522
2533.7063	4901.6597
2534.2385	4836.4746
2534.7708	4821.9629
2535.3032	4769.1045
2535.8354	4727.6348
2536.3677	4714.9243
2536.9001	4711.6313
2537.4324	4677.3613
2537.9646	4608.5957
2538.4968	4594.4326
2539.0293	4543.7876
2539.5615	4585.0483
2540.0938	4549.75
2540.6262	4507.6987
2541.1584	4495.3535
2541.6907	4464.1021
2542.2231	4418.4873
2542.7554	4468.3511
2543.2876	4386.4717
2543.8198	4364.7412
2544.3523	4385.0479
2544.8845	4308.3237
2545.4167	4360.584
2545.9492	4327.9736
2546.4814	4250.5811
2547.0137	4283.3052
2547.5459	4198.4224
2548.0784	4222.2974
2548.6106	4223.4692
2549.1428	4133.5972
2549.6753	4138.5928
2550.2075	4128.5273
2550.7397	4122.0029
2551.2722	4064.5493
2551.8044	4058.9773
2552.3367	4026.2981
2552.8689	3964.4063
2553.4014	3953.9045
2553.9336	3924.7131
2554.4658	3916.8298
2554.9983	3868.1941
2555.5305	3894.6282
2556.0627	3839.5503
2556.595	3826.022
2557.1274	3743.8743
2557.6597	3739.283
2558.1919	3804.9351
2558.7244	3791.1765
2559.2566	3730.1736
2559.7888	3693.0881
2560.3213	3709.5732
2560.8535	3729.6394
2561.3857	3666.0752
2561.918	3686.6992
2562.4504	3750.5518
2562.9827	3689.2195
2563.5149	3688.7634
2564.0474	3661.5703
2564.5796	3656.2961
2565.1118	3614.0352
2565.6443	3646.0195
2566.1765	3600.8169
2566.7087	3582.6724
2567.241	3596.9854
2567.7734	3590.9048
2568.3057	3551.1511
2568.8379	3525.395
2569.3704	3552.9526
2569.9026	3467.1489
2570.4348	3452.2173
2570.967	3419.2288
2571.4995	3402.0388
2572.0317	3386.5271
2572.564	3373.0024
2573.0964	3389.6682
2573.6287	3298.9431
2574.1609	3288.1311
2574.6934	3265.3606
2575.2256	3252.6956
2575.7578	3200.5667
2576.29	3185.6799
2576.8225	3171.7148
2577.3547	3137.0752
2577.887	3116.5103
2578.4194	3077.0061
2578.9517	3085.3723
2579.4839	3062.1965
2580.0164	3039.9285
2580.5486	3030.0466
2581.0808	3001.5393
2581.613	2952.5847
2582.1455	2964.1582
2582.6777	2946.2007
2583.21	2928.6453
2583.7424	2914.0525
2584.2747	2887.2527
2584.8069	2910.8044
2585.3391	2888.657
2585.8716	2869.3953
2586.4038	2831.9983
2586.936	2838.7559
2587.4685	2831.7356
2588.0007	2813.5396
2588.533	2785.2419
2589.0654	2830.4485
2589.5977	2813.3252
2590.1299	2786.5193
2590.6621	2800.5969
2591.1946	2762.0122
2591.7268	2749.4976
2592.259	2762.8462
2592.7915	2740.7949
2593.3237	2740.5393
2593.856	2718.5984
2594.3884	2701.1621
2594.9207	2684.3118
2595.4529	2689.3032
2595.9851	2667.197
2596.5176	2684.3237
2597.0498	2680.5369
2597.582	2655.6274
2598.1145	2633.2625
2598.6467	2585.7991
2599.179	2592.7917
2599.7112	2618.4167
2600.2437	2583.7607
2600.7759	2565.1543
2601.3081	2559.1658
2601.8406	2559.2363
2602.3728	2535.2166
2602.905	2484.1775
2603.4375	2478.4688
2603.9697	2476.8425
2604.502	2466.4795
2605.0342	2447.5686
2605.5667	2460.1111
2606.0989	2436.1699
2606.6311	2390.7112
2607.1636	2372.698
2607.6958	2360.7317
2608.228	2364.4414
2608.7603	2352.4778
2609.2927	2352.8401
2609.825	2319.696
2610.3572	2303.3386
2610.8896	2270.481
2611.4219	2254.1106
2611.9541	2246.8384
2612.4866	2237.0203
2613.0188	2229.2395
2613.551	2194.2151
2614.0833	2155.1375
2614.6157	2162.2009
2615.1479	2179.1611
2615.6802	2148.0842
2616.2126	2122.0664
2616.7449	2139.9319
2617.2771	2110.7795
2617.8096	2061.624
2618.3418	2080.6396
2618.874	2053.5647
2619.4063	2062.9436
2619.9387	2060.3157
2620.4709	2050.9194
2621.0032	2024.2509
2621.5356	2066.3323
2622.0679	2011.0886
2622.6001	2015.2103
2623.1323	1999.1719
2623.6648	1992.006
2624.197	1956.9664
2624.7292	1981.9789
2625.2617	1967.1982
2625.7939	1984.6561
2626.3262	1965.8938
2626.8586	1975.7141
2627.3909	1945.7195
2627.9231	1942.9987
2628.4553	1935.1058
2628.9878	1945.0696
2629.52	1943.1116
2630.0522	1919.2065
2630.5847	1896.9857
2631.1169	1882.2179
2631.6492	1894.5017
2632.1816	1916.9397
2632.7139	1859.3853
2633.2461	1899.0498
2633.7783	1879.7863
2634.3108	1885.5315
2634.843	1863.511
2635.3752	1882.505
2635.9077	1837.0383
2636.4399	1832.9733
2636.9722	1840.3755
2637.5044	1843.7157
2638.0369	1858.1722
2638.5691	1867.2112
2639.1013	1860.0087
2639.6338	1820.0616
2640.166	1809.1329
2640.6982	1820.3229
2641.2307	1836.3713
2641.7629	1834.5443
2642.2952	1800.297
2642.8274	1790.0732
2643.3599	1799.5244
2643.8921	1781.5471
2644.4243	1755.8536
2644.9568	1795.4513
2645.489	1794.2512
2646.0212	1787.1964
2646.5537	1775.6925
2647.0859	1788.6561
2647.6182	1771.6543
2648.1504	1753.203
2648.6829	1731.6019
2649.2151	1743.0555
2649.7473	1713.5441
2650.2798	1724.8794
2650.812	1745.5858
2651.3442	1757.1553
2651.8765	1725.8479
2652.4089	1711.6545
2652.9412	1709.4097
2653.4734	1718.3959
2654.0059	1702.4811
2654.5381	1694.3512
2655.0703	1682.0894
2655.6028	1713.2192
2656.135	1704.7554
2656.6672	1685.4895
2657.1995	1682.1731
2657.7319	1690.2271
2658.2642	1683.3149
2658.7964	1681.2277
2659.3289	1662.3499
2659.8611	1661.0002
2660.3933	1633.3273
2660.9255	1664.8163
2661.458	1668.3489
2661.9902	1692.2429
2662.5225	1669.9088
2663.0549	1633.3765
2663.5872	1615.3959
2664.1194	1645.9674
2664.6519	1638.7493
2665.1841	1619.7946
2665.7163	1629.7433
2666.2485	1603.9182
2666.781	1618.002
2667.3132	1590.8054
2667.8455	1577.3781
2668.3779	1587.2323
2668.9102	1611.4738
2669.4424	1623.3544
2669.9749	1602.3577
2670.5071	1575.2622
2671.0393	1604.4633
2671.5715	1582.5642
2672.104	1567.1033
2672.6362	1565.124
2673.1685	1566.571
2673.7009	1587.693
2674.2332	1532.8458
2674.7654	1545.3004
2675.2976	1537.4805
2675.8301	1539.1501
2676.3623	1551.7297
2676.8945	1567.842
2677.427	1519.2598
2677.9592	1532.8213
2678.4915	1548.1251
2679.0239	1525.2821
2679.5562	1529.1471
2680.0884	1557.3646
2680.6206	1506.0839
2681.1531	1477.7833
2681.6853	1496.6412
2682.2175	1503.4298
2682.75	1499.6819
2683.2822	1502.3511
2683.8145	1512.2146
2684.3469	1507.0912
2684.8792	1508.1565
2685.4114	1491.3317
2685.9436	1492.775
2686.4761	1487.4781
2687.0083	1483.2008
2687.5405	1454.3495
2688.073	1491.3499
2688.6052	1478.6504
2689.1375	1462.0494
2689.6697	1459.1537
2690.2021	1452.4851
2690.7344	1444.6184
2691.2666	1456.952
2691.7991	1452.4847
2692.3313	1467.4552
2692.8635	1443.8273
2693.396	1430.1843
2693.9282	1431.855
2694.4604	1432.5948
2694.9927	1448.8683
2695.5251	1428.954
2696.0574	1421.509
2696.5896	1413.4036
2697.1221	1430.8312
2697.6543	1418.0801
2698.1865	1406.0278
2698.719	1385.2819
2699.2512	1420.7561
2699.7834	1417.5159
2700.3157	1429.3271
2700.8481	1420.6161
2701.3804	1439.9149
2701.9126	1433.3324
2702.4451	1403.9696
2702.9773	1412.2081
2703.5095	1384.2491
2704.0417	1385.5256
2704.5742	1413.712
2705.1064	1374.235
2705.6387	1360.5087
2706.1711	1374.2192
2706.7034	1392.9866
2707.2356	1401.7345
2707.7681	1403.2787
2708.3003	1386.6689
2708.8325	1364.1321
2709.3647	1395.4819
2709.8972	1391.7346
2710.4294	1388.7332
2710.9617	1372.7546
2711.4941	1365.0059
2712.0264	1372.4476
2712.5586	1351.2236
2713.0908	1369.2531
2713.6233	1378.6361
2714.1555	1370.2999
2714.6877	1354.3713
2715.2202	1355.6128
2715.7524	1367.4764
2716.2847	1330.9672
2716.8171	1342.3864
2717.3494	1355.9063
2717.8816	1359.7506
2718.4138	1346.5642
2718.9463	1335.6881
2719.4785	1372.2351
2720.0107	1350.8438
2720.5432	1347.5913
2721.0754	1343.8973
2721.6077	1341.79
2722.1401	1345.3159
2722.6724	1343.3817
2723.2046	1327.7994
2723.7368	1339.4564
2724.2693	1343.7728
2724.8015	1335.4641
2725.3337	1321.0736
2725.8662	1340.6481
2726.3984	1345.7118
2726.9307	1316.6423
2727.4629	1313.1609
2727.9954	1334.5629
2728.5276	1318.3989
2729.0598	1324.8265
2729.5923	1332.9728
2730.1245	1318.7168
2730.6567	1312.641
2731.1892	1307.8765
2731.7214	1304.798
2732.2537	1309.2076
2732.7859	1318.3719
2733.3184	1309.4966
2733.8506	1330.7585
2734.3828	1317.7219
2734.9153	1296.551
2735.4475	1303.1453
2735.9797	1310.9702
2736.5122	1303.0221
2737.0444	1295.7737
2737.5767	1296.5612
2738.1089	1308.1198
2738.6414	1296.5328
2739.1736	1307.9199
2739.7058	1301.7482
2740.2383	1289.2345
2740.7705	1303.6531
2741.3027	1294.3159
2741.835	1317.5365
2742.3674	1302.942
2742.8997	1305.8767
2743.4319	1291.752
2743.9644	1283.3457
2744.4966	1293.1702
2745.0288	1293.639
2745.5613	1266.8085
2746.0935	1269.8759
2746.6257	1260.4242
2747.158	1271.1536
2747.6904	1275.8912
2748.2227	1278.1456
2748.7549	1273.4865
2749.2874	1285.5948
2749.8196	1261.6027
2750.3518	1277.5298
2750.8843	1264.0924
2751.4165	1269.5823
2751.9487	1298.8602
2752.481	1293.6071
2753.0134	1259.9481
2753.5457	1273.7144
2754.0779	1265.9193
2754.6104	1251.6743
2755.1426	1250.7769
2755.6748	1251.2999
2756.207	1268.8263
2756.7395	1253.316
2757.2717	1262.9778
2757.804	1248.0594
2758.3364	1251.8545
2758.8687	1251.7639
2759.4009	1269.5973
2759.9333	1256.5486
2760.4656	1249.65
2760.9978	1254.049
2761.53	1261.2484
2762.0625	1249.7769
2762.5947	1259.2684
2763.127	1254.0364
2763.6594	1266.6996
2764.1917	1257.959
2764.7239	1243.9148
2765.2561	1242.2775
2765.7886	1237.0598
2766.3208	1242.1799
2766.853	1236.9641
2767.3855	1239.8118
2767.9177	1248.9358
2768.45	1253.7134
2768.9824	1238.844
2769.5146	1243.6368
2770.0469	1234.181
2770.5791	1229.9196
2771.1116	1251.3959
2771.6438	1248.2394
2772.176	1225.693
2772.7085	1232.938
2773.2407	1216.5304
2773.7729	1220.8457
2774.3054	1223.3555
2774.8376	1211.7213
2775.3699	1205.8354
2775.9021	1217.7925
2776.4346	1204.8892
2776.9668	1206.1879
2777.499	1199.1725
2778.0315	1227.3638
2778.5637	1210.7883
2779.0959	1209.9427
2779.6282	1204.3406
2780.1606	1209.0129
2780.6929	1222.1041
2781.2251	1212.8295
2781.7576	1214.6821
2782.2898	1201.7675
2782.822	1197.3939
2783.3545	1214.5732
2783.8867	1210.7146
2784.4189	1204.8314
2784.9512	1217.0494
2785.4836	1198.8419
2786.0159	1200.8446
2786.5481	1203.5444
2787.0806	1200.6666
2787.6128	1203.7952
2788.145	1195.5077
2788.6775	1218.616
2789.2097	1198.8795
2789.7419	1190.4791
2790.2742	1196.3982
2790.8066	1190.5845
2791.3389	1192.4244
2791.8711	1211.8428
2792.4036	1207.98
2792.9358	1196.4154
2793.468	1200.8473
2794.0002	1196.3452
2794.5327	1186.0574
2795.0649	1175.042
2795.5972	1187.791
2796.1296	1186.5557
2796.6619	1185.8862
2797.1941	1197.5153
2797.7266	1185.7112
2798.2588	1197.9073
2798.791	1180.4016
2799.3232	1179.9941
2799.8557	1176.8584
2800.3879	1176.4407
2800.9202	1170.2634
2801.4526	1174.9783
2801.9849	1161.7145
2802.5171	1170.7045
2803.0496	1177.6669
2803.5818	1175.9189
2804.114	1186.3618
2804.6462	1179.875
2805.1787	1167.7883
2805.7109	1144.0798
2806.2432	1154.2781
2806.7756	1175.8239
2807.3079	1178.2516
2807.8401	1169.6362
2808.3723	1155.8209
2808.9048	1156.3799
2809.437	1148.1501
2809.9692	1158.7997
2810.5017	1159.8297
2811.0339	1161.9586
2811.5662	1156.4406
2812.0986	1157.8868
2812.6309	1164.1444
2813.1631	1175.4965
2813.6953	1169.7245
2814.2278	1160.6924
2814.76	1162.3741
2815.2922	1151.6768
2815.8247	1148.2052
2816.3569	1149.7079
2816.8892	1147.567
2817.4214	1158.7202
2817.9539	1154.7332
2818.4861	1156.7112
2819.0183	1153.3533
2819.5508	1152.9077
2820.083	1157.2687
2820.6152	1141.6057
2821.1477	1142.8943
2821.6799	1146.4397
2822.2122	1142.8756
2822.7444	1149.4589
2823.2769	1148.76
2823.8091	1144.033
2824.3413	1136.8418
2824.8738	1143.4691
2825.406	1141.9082
2825.9382	1122.552
2826.4707	1128.3112
2827.0029	1145.6035
2827.5352	1148.1808
2828.0674	1115.873
2828.5999	1125.884
2829.1321	1131.1331
2829.6643	1131.9623
2830.1968	1131.8438
2830.729	1130.2892
2831.2612	1146.4921
2831.7935	1121.3373
2832.3259	1131.1943
2832.8582	1132.3945
2833.3904	1129.7489
2833.9229	1145.5673
2834.4551	1119.2942
2834.9873	1123.575
2835.5198	1127.3765
2836.052	1135.6886
2836.5842	1120.9707
2837.1165	1133.3748
2837.6489	1124.9371
2838.1812	1118.2589
2838.7134	1123.6676
2839.2458	1117.8156
2839.7781	1116.329
2840.3103	1128.9923
2840.8428	1127.4844
2841.375	1127.9406
2841.9072	1112.8711
2842.4395	1102.8751
2842.9719	1118.4502
2843.5042	1117.8177
2844.0364	1115.2013
2844.5688	1118.1599
2845.1011	1118.2291
2845.6333	1123.7361
2846.1655	1119.1188
2846.698	1121.063
2847.2302	1121.9229
2847.7625	1118.0933
2848.2949	1120.3007
2848.8271	1127.8785
2849.3594	1107.1465
2849.8918	1116.0933
2850.4241	1115.6726
2850.9563	1100.4517
2851.4885	1110.3964
2852.021	1115.6639
2852.5532	1100.7406
2853.0854	1106.2408
2853.6179	1108.9126
2854.1501	1096.9532
2854.6824	1112.8182
2855.2148	1092.5193
2855.7471	1107.4934
2856.2793	1099.3607
2856.8115	1111.3103
2857.344	1107.6924
2857.8762	1123.1353
2858.4084	1090.1583
2858.9409	1099.7075
2859.4731	1107.1656
2860.0054	1098.3726
2860.5376	1104.9148
2861.0701	1096.0826
2861.6023	1093.4763
2862.1345	1111.1227
2862.667	1101.5718
2863.1992	1088.3894
2863.7314	1084.835
2864.2639	1084.295
2864.7961	1081.2126
2865.3284	1091.1833
2865.8606	1114.8403
2866.3931	1095.4224
2866.9253	1102.4631
2867.4575	1095.647
2867.99	1088.3363
2868.5222	1086.8975
2869.0544	1087.6384
2869.5867	1091.717
2870.1191	1090.1217
2870.6514	1089.3469
2871.1836	1091.9265
2871.7161	1091.5388
2872.2483	1095.9574
2872.7805	1082.8927
2873.313	1085.8232
2873.8452	1090.2405
2874.3774	1091.582
2874.9097	1089.7996
2875.4421	1101.0216
2875.9744	1080.9172
2876.5066	1078.8088
2877.0391	1082.1539
2877.5713	1070.7344
2878.1035	1087.9189
2878.636	1094.2628
2879.1682	1081.7341
2879.7004	1078.2213
2880.2327	1088.7944
2880.7651	1083.8983
2881.2974	1075.5956
2881.8296	1082.4835
2882.3621	1077.2074
2882.8943	1068.582
2883.4265	1072.7371
2883.9587	1087.0188
2884.4912	1082.9136
2885.0234	1090.3145
2885.5557	1084.0093
2886.0881	1074.2418
2886.6204	1097.3689
2887.1526	1084.9572
2887.6851	1075.335
2888.2173	1078.3655
2888.7495	1077.8395
2889.2817	1063.8031
2889.8142	1075.3243
2890.3464	1072.6133
2890.8787	1065.3717
2891.4111	1073.2992
2891.9434	1075.4122
2892.4756	1074.073
2893.0081	1068.6687
2893.5403	1074.6825
2894.0725	1079.0656
2894.6047	1078.915
2895.1372	1068.162
2895.6694	1075.051
2896.2017	1069.2489
2896.7341	1078.0222
2897.2664	1071.8319
2897.7986	1088.0111
2898.3308	1055.4626
2898.8633	1064.4352
2899.3955	1058.896
2899.9277	1063.163
2900.4602	1056.472
2900.9924	1080.9222
2901.5247	1063.7418
2902.0571	1072.1604
2902.5894	1068.0477
2903.1216	1048.4614
2903.6538	1073.5134
2904.1863	1074.1984
2904.7185	1075.2518
2905.2507	1070.5919
2905.7832	1074.7483
2906.3154	1076.7692
2906.8477	1074.8502
2907.3801	1064.8135
2907.9124	1073.5096
2908.4446	1064.7422
2908.9768	1067.2983
2909.5093	1074.3433
2910.0415	1067.3269
2910.5737	1058.0717
2911.1062	1082.1804
2911.6384	1082.126
2912.1707	1057.6803
2912.7029	1074.1506
2913.2354	1068.4683
2913.7676	1059.5381
2914.2998	1076.1646
2914.8323	1065.0249
2915.3645	1052.1106
2915.8967	1054.8141
2916.4292	1075.2427
2916.9614	1074.2268
2917.4937	1050.6649
2918.0259	1057.0208
2918.5583	1065.1002
2919.0906	1071.4398
2919.6228	1059.2922
2920.1553	1052.5789
2920.6875	1056.9458
2921.2197	1054.6545
2921.752	1050.0122
2922.2844	1061.4384
2922.8167	1051.5708
2923.3489	1063.3546
2923.8813	1065.946
2924.4136	1057.1528
2924.9458	1047.4437
2925.4783	1039.571
2926.0105	1052.691
2926.5427	1047.6799
2927.075	1055.1774
2927.6074	1046.5134
2928.1396	1034.1907
2928.6719	1052.8416
2929.2043	1051.9579
2929.7366	1050.7283
2930.2688	1050.8152
2930.8013	1051.7108
2931.3335	1050.0698
2931.8657	1058.3752
2932.3979	1048.1213
2932.9304	1041.661
2933.4626	1040.8373
2933.9949	1056.0197
2934.5273	1048.8894
2935.0596	1048.162
2935.5918	1052.3589
2936.124	1043.5492
2936.6565	1046.894
2937.1887	1052.7919
2937.7209	1052.8293
2938.2534	1059.5386
2938.7856	1039.4396
2939.3179	1057.9039
2939.8503	1039.0118
2940.3826	1044.5061
2940.9148	1045.8865
2941.447	1058.4628
2941.9795	1050.9083
2942.5117	1048.6855
2943.0439	1048.9581
2943.5764	1045.4041
2944.1086	1043.6194
2944.6409	1032.4092
2945.1733	1042.7405
2945.7056	1036.3877
2946.2378	1037.9667
2946.77	1044.7734
2947.3025	1042.4457
2947.8347	1031.6797
2948.3669	1034.9232
2948.8994	1040.1813
2949.4316	1045.818
2949.9639	1037.0815
2950.4961	1034.8137
2951.0286	1036.2313
2951.5608	1045.1509
2952.093	1035.6687
2952.6255	1031.777
2953.1577	1036.3446
2953.6899	1044.7169
2954.2224	1096.5688
2954.7546	1033.2004
2955.2869	1033.2004
2955.8191	1044.5149
2956.3516	1037.861
2956.8838	1041.9218
2957.416	1037.7389
2957.9485	1034.2776
2958.4807	1032.937
2959.0129	1037.1982
2959.5454	1024.9448
2960.0776	1038.2019
2960.6099	1046.6362
2961.1421	1033.8193
2961.6746	1037.9253
2962.2068	1036.3069
2962.739	1029.4375
2963.2715	1031.9496
2963.8037	1020.2396
2964.3359	1039.1934
2964.8682	1020.3341
2965.4006	1025.0914
2965.9329	1045.2935
2966.4651	1034.6702
2966.9976	1033.8436
2967.5298	1026.2562
2968.062	1035.8779
2968.5945	1025.056
2969.1267	1010.8242
2969.6589	1018.0341
2970.1912	1033.5255
2970.7236	1016.1434
2971.2559	1017.6832
2971.7881	1020.0571
2972.3206	1020.0678
2972.8528	1020.3121
2973.385	1026.177
2973.9172	1020.3479
2974.4497	1025.1857
2974.9819	1027.6603
2975.5142	1013.1746
2976.0466	1017.2889
2976.5789	1022.7813
2977.1111	1025.0419
2977.6436	1012.9406
2978.1758	1023.1571
2978.708	1022.6487
2979.2402	1027.8527
2979.7727	1022.9921
2980.3049	1019.255
2980.8372	1022.8123
2981.3696	1010.4248
2981.9019	1026.5366
2982.4341	1023.0214
2982.9666	1011.2164
2983.4988	1016.4413
2984.031	1022.5202
2984.5632	1018.7249
2985.0957	1025.2424
2985.6279	1013.7559
2986.1602	1009.75
2986.6926	1013.8043
2987.2249	1018.6614
2987.7571	998.96057
2988.2893	1015.599
2988.8218	1009.769
2989.354	1004.0118
2989.8862	1011.662
2990.4187	1014.3838
2990.9509	1016.0784
2991.4832	1009.2048
2992.0156	1010.5558
2992.5479	1011.1843
2993.0801	1008.8793
2993.6123	1015.7947
2994.1448	1013.617
2994.677	1009.7584
2995.2092	1013.9324
2995.7417	1025.7257
2996.2739	1014.5996
2996.8062	1011.4946
2997.3386	1011.8875
2997.8708	1004.5603
2998.4031	1003.9258
2998.9353	1000.5992
2999.4678	998.6098
3000	1011.7006
