50	885.40424
50.532299	883.12097
51.064598	886.84149
51.596897	884.43182
52.129196	883.76398
52.661495	883.48944
53.193794	882.1604
53.726093	885.46832
54.258392	889.1933
54.790688	885.13885
55.322987	884.16675
55.855286	886.45654
56.387585	887.76367
56.919884	889.42145
57.452183	887.13104
57.984482	887.73474
58.516781	888.72284
59.04908	887.90344
59.581379	885
60.113678	885
60.645977	886.14014
61.178276	892.38165
61.710575	894.00031
62.242874	889.27039
62.775173	885.76288
63.307468	888.6601
63.839767	892.29462
64.37207	895.18481
64.904366	899.03741
65.436668	901.90643
65.968964	898.12079
66.501266	900.19495
67.033562	900.14618
67.565857	904.02283
68.09816	905.85645
68.630455	903
69.162758	903.13715
69.695053	907.70172
70.227356	908.15826
70.759651	914.92328
71.291954	922.35718
71.824249	922.61627
72.356552	916.00934
72.888847	918.49976
73.42115	925.29071
73.953445	933.66364
74.485748	937.87274
75.018044	936.33838
75.550346	940.90546
76.082642	942.21991
76.614937	950.22473
77.14724	959.7168
77.679535	969.30267
78.211838	982.00311
78.744133	1006.9225
79.276436	1007.2052
79.808731	998.24268
80.341034	995.966
80.873329	994.76233
81.405632	986.7168
81.937927	1012.8903
82.47023	995.00348
83.002525	994.08148
83.534828	995.67426
84.067123	991.13367
84.599426	983.96857
85.131721	987.70874
85.664017	988.76648
86.19632	985.71234
86.728615	980.0675
87.260918	973.28662
87.793213	967.87195
88.325516	975.77051
88.857811	971.9718
89.390114	963.75848
89.922409	958.78894
90.454712	962.48578
90.987007	973.56146
91.51931	963.99487
92.051605	967.83765
92.583908	966.88483
93.116203	961.29413
93.648499	958.03876
94.180801	964.66492
94.713097	966.74255
95.245399	963.65582
95.777695	957.9151
96.309998	958.09564
96.842293	964.64935
97.374596	967.92169
97.906891	961.26172
98.439194	962.29419
98.971489	966.06763
99.503792	968.85626
100.03609	967.25531
100.56839	960.43457
101.10069	966.67596
101.63299	961.98132
102.16528	959.38446
102.69758	954.19019
103.22988	947.40063
103.76218	948.8175
104.29448	947.14996
104.82677	952.40027
105.35908	951.34369
105.89137	952.68213
106.42368	955.92041
106.95597	947.39618
107.48827	946.97754
108.02057	945.8302
108.55287	955.552
109.08517	962.22821
109.61747	957.08154
110.14977	946.67444
110.68207	956.69116
111.21436	959.37335
111.74666	953.39618
112.27896	952.41028
112.81126	956.29816
113.34356	950.00873
113.87585	957.52307
114.40816	964.28827
114.94045	955.25641
115.47276	952.16626
116.00505	958.57092
116.53735	955.70203
117.06965	970.29095
117.60195	964.81396
118.13425	951.09973
118.66655	946.80536
119.19884	951.63184
119.73115	950.53064
120.26344	962.22809
120.79574	954.34045
121.32804	964.29974
121.86034	972.30908
122.39264	968.2887
122.92493	960.86163
123.45724	960.85944
123.98953	963.53076
124.52184	957.16156
125.05413	957.56909
125.58643	962.86731
126.11873	958.05438
126.65103	951.78058
127.18333	965.71533
127.71563	968.61646
128.24792	960.20587
128.78023	952.68915
129.31252	958.17456
129.84482	964.02777
130.37712	950.85144
130.90942	948.58514
131.44171	953.50354
131.97401	958.62506
132.50632	959.93951
133.03862	963.69519
133.57091	957.74988
134.10321	961.15955
134.63551	958.0202
135.16782	955.95868
135.7001	965.65942
136.23241	970.26086
136.76471	957.87378
137.297	960.2959
137.8293	967.07526
138.3616	966.37567
138.89391	957.49719
139.42619	960.86951
139.9585	965.89124
140.4908	965.41449
141.0231	964.52448
141.55539	966.45782
142.08769	968.38928
142.62	960.9389
143.1523	964.70587
143.68459	961.01324
144.21689	969.41406
144.74919	973.33453
145.28149	965.48694
145.81378	963.38086
146.34608	971.7572
146.87839	969.81427
147.41068	973.64844
147.94298	972.30206
148.47528	965.13062
149.00758	966.8924
149.53987	987.00439
150.07217	976.50397
150.60448	972.44556
151.13678	984.17358
151.66907	994.06183
152.20137	982.51654
152.73367	995.08997
153.26598	982.21844
153.79826	986.97131
154.33057	990.5517
154.86287	991.55994
155.39516	998.89197
155.92746	1011.0498
156.45976	1012.463
156.99207	1012.3884
157.52435	1015.7473
158.05666	1027.1028
158.58896	1040.0338
159.12126	1030.1917
159.65355	1029.3489
160.18585	1053.7271
160.71815	1056.1121
161.25046	1057.9121
161.78275	1068.7173
162.31505	1057.9635
162.84735	1083.9764
163.37965	1085.7211
163.91194	1095.5721
164.44424	1104.6462
164.97655	1108.2203
165.50883	1113.1599
166.04114	1117.355
166.57344	1105.6642
167.10574	1096.6415
167.63803	1095.9066
168.17033	1101.8258
168.70264	1107.7692
169.23494	1105.2427
169.76723	1083.551
170.29953	1070.4716
170.83183	1074.8511
171.36414	1075.7347
171.89642	1059.8937
172.42873	1058.8822
172.96103	1069.8223
173.49332	1064.6593
174.02562	1063.2693
174.55792	1069.4039
175.09023	1071.9323
175.62251	1054.2655
176.15482	1062.6665
176.68712	1055.0806
177.21942	1065.3043
177.75171	1064.187
178.28401	1052.9479
178.81631	1060.3595
179.34862	1058.2559
179.88091	1055.3568
180.41321	1077.3918
180.94551	1069.5261
181.4778	1051.4896
182.0101	1061.7836
182.5424	1054.6201
183.07471	1060.4958
183.60699	1050.3479
184.1393	1051.924
184.6716	1052.4342
185.2039	1038.5432
185.73619	1023.6218
186.26849	1032.4694
186.8008	1021.8591
187.3331	1029.4052
187.86539	1033.4844
188.39769	1024.9995
188.92999	1018.9348
189.4623	1017.6678
189.99458	1013.6463
190.52689	1015.7349
191.05919	1015.2121
191.59148	1006.8849
192.12378	997.97797
192.65608	1016.0504
193.18839	1003.3972
193.72067	1003.4741
194.25298	994.49915
194.78528	989.11255
195.31758	994.52148
195.84987	991.35931
196.38217	974.06238
196.91447	976.15906
197.44678	980.79102
197.97906	982.4046
198.51137	981.41193
199.04367	981.70319
199.57596	986.34253
200.10826	984.5293
200.64056	981.76892
201.17287	968.20923
201.70515	961.10156
202.23746	972.66931
202.76976	975.72388
203.30206	982.04077
203.83435	974.48193
204.36665	974.64252
204.89896	972.91382
205.43126	968.71863
205.96355	974.82141
206.49585	954.12933
207.02815	962.22919
207.56044	966.56567
208.09274	964.71436
208.62505	963.06116
209.15735	967.0495
209.68964	970.00256
210.22194	961.97467
210.75424	963.25824
211.28654	963.42755
211.81883	960.4068
212.35114	957.66638
212.88344	960.7912
213.41574	970.50739
213.94803	957.04926
214.48033	954.6012
215.01263	955.08118
215.54494	954.86572
216.07722	955.92157
216.60953	949.57935
217.14183	958.6192
217.67412	958.77838
218.20642	960.31915
218.73872	958.60321
219.27103	952.81793
219.80331	955.72552
220.33562	952.3407
220.86792	956.46008
221.40022	961.83038
221.93251	963.56915
222.46481	960.14856
222.99712	953.9809
223.52942	951.01801
224.06171	945.56757
224.59401	948.14655
225.12631	945.78308
225.6586	946.32611
226.1909	951.7113
226.72321	943.31732
227.25551	941.62268
227.7878	941.05292
228.3201	947.2146
228.8524	946.74976
229.3847	941.79706
229.91699	943.64398
230.4493	941.94879
230.9816	946.91223
231.5139	950.6322
232.04619	947.70087
232.57849	944.65649
233.11079	947.01532
233.64308	950.73376
234.17538	948.61438
234.70769	946.8761
235.23999	944.26227
235.77228	949.99426
236.30458	954.12469
236.83688	945.00055
237.36919	948.39545
237.90147	953.47607
238.43378	939.7832
238.96608	941.2652
239.49838	945.13812
240.03067	940.99811
240.56297	942.08331
241.09528	948.86029
241.62758	941.53955
242.15987	934.94574
242.69217	938.61011
243.22447	943.88715
243.75676	942.5481
244.28906	950.14758
244.82137	942.92554
245.35367	941.85638
245.88596	944.99689
246.41826	941.47083
246.95056	933.48407
247.48286	933.96552
248.01515	934.81122
248.54745	942.59009
249.07976	940.3576
249.61206	938.85181
250.14435	940.42297
250.67665	941.91278
251.20895	940.33221
251.74124	940.33008
252.27354	945.63849
252.80585	938.80322
253.33815	936.98676
253.87044	940.55377
254.40274	937.48572
254.93504	930.35754
255.46735	936.73248
255.99963	939.9306
256.53195	940.81018
257.06424	937.97412
257.59653	935.21002
258.12885	938.40619
258.66113	931.18866
259.19342	934.42151
259.72574	934.96918
260.25803	935.55273
260.79031	936.11505
261.32263	936.51086
261.85492	939.14673
262.38724	937.01733
262.91953	938.29773
263.45181	934.22638
263.98413	936.32172
264.51642	937.63574
265.04871	927.11456
265.58102	926.48792
266.11331	942.20111
266.64563	941.56403
267.17792	938.29456
267.71021	933.03241
268.24252	928.42694
268.77481	930.43579
269.3071	931.71088
269.83942	931.75537
270.3717	936.10767
270.90399	942.16217
271.43631	943.13696
271.9686	935.7121
272.50092	925.62689
273.0332	929.88348
273.56549	930.63007
274.09781	928.52612
274.6301	933.76733
275.16238	939.22241
275.6947	936.2312
276.22699	936.20911
276.75931	935.78088
277.2916	931.63263
277.82388	930.52057
278.3562	929.82355
278.88849	930.37158
279.42078	933.45123
279.95309	929.27155
280.48538	938.64551
281.01767	939.14404
281.54999	937.58185
282.08228	928.60986
282.61459	920.41492
283.14688	929.50116
283.67917	931.63068
284.21149	930.04468
284.74377	928.67621
285.27606	931.37897
285.80838	940.14221
286.34067	946.12628
286.87296	934.31769
287.40527	930.90356
287.93756	933.07428
288.46988	936.93311
289.00217	939.93634
289.53445	939.03107
290.06677	936.3313
290.59906	940.604
291.13135	939.7486
291.66367	926.92322
292.19595	927.85547
292.72827	933.77484
293.26056	936.15912
293.79285	935.00281
294.32516	938.44611
294.85745	934.17596
295.38974	932.14911
295.92206	931.3454
296.45435	925.646
296.98663	921.17175
297.51895	927.88519
298.05124	938.82288
298.58356	926.43872
299.11584	926.09387
299.64813	931.31122
300.18045	933.97052
300.71274	933.86389
301.24503	934.42603
301.77734	927.60492
302.30963	923.75842
302.84195	928.11792
303.37424	936.09143
303.90652	937.00885
304.43884	932.53223
304.97113	932.33527
305.50342	924.21509
306.03574	940.58344
306.56802	940.8042
307.10031	934.0451
307.63263	926.92651
308.16492	925.49554
308.69724	933.44501
309.22952	942.84576
309.76181	937.25208
310.29413	930.57373
310.82642	935.9942
311.3587	937.16656
311.89102	932.16382
312.42331	940.34241
312.9556	934.78186
313.48792	932.92438
314.0202	928.479
314.55252	923.34149
315.08481	923.92035
315.6171	929.31732
316.14941	929.21204
316.6817	922.35254
317.21399	926.16425
317.74631	932.47192
318.27859	931.05457
318.81091	927.55322
319.3432	926.1889
319.87549	922.87762
320.40781	929.73541
320.94009	927.99786
321.47238	931.59137
322.0047	929.28577
322.53699	924.36951
323.06927	925.62543
323.60159	934.35278
324.13388	928.78613
324.6662	930.57556
325.19849	927.3064
325.73077	928.19666
326.26309	931.10986
326.79538	931.02679
327.32767	928.07135
327.85999	928.49817
328.39227	932.216
328.92459	928.58545
329.45688	923.54974
329.98917	925.35754
330.52148	930.60895
331.05377	927.17596
331.58606	932.32434
332.11838	934.98578
332.65067	925.1814
333.18295	930.87201
333.71527	936.86035
334.24756	931.93573
334.77988	929.17023
335.31216	930.45361
335.84445	935.09045
336.37677	932.14966
336.90906	934.08911
337.44135	935.94037
337.97366	933.79077
338.50595	932.36914
339.03824	934.94409
339.57056	934.11707
340.10284	933.61053
340.63516	933.74768
341.16745	934.81732
341.69974	934.52142
342.23206	932.05768
342.76434	938.44818
343.29663	937.58655
343.82895	930.18445
344.36124	927.74115
344.89355	934.63873
345.42584	943.09631
345.95813	943.11023
346.49045	941.18738
347.02274	932.58783
347.55502	930.68994
348.08734	944.63971
348.61963	947.19562
349.15192	938.77802
349.68423	938.63684
350.21652	943.5528
350.74884	936.66998
351.28113	933.23633
351.81342	928.34344
352.34573	930.30573
352.87802	941.02271
353.41031	949.79242
353.94263	939.73383
354.47491	937.58069
355.00723	943.34515
355.53952	940.65668
356.07181	937.11548
356.60413	936.4585
357.13641	939.74744
357.6687	946.71094
358.20102	940.68372
358.73331	940.38849
359.26559	935.95966
359.79791	941.20795
360.3302	947.3819
360.86252	943.93634
361.39481	935.90509
361.92709	946.23505
362.45941	943.40015
362.9917	936.10748
363.52399	933.36871
364.0563	935.76312
364.58859	940.35486
365.12088	943.46356
365.6532	941.39105
366.18549	942.68359
366.7178	942.48273
367.25009	942.04919
367.78238	941.14526
368.3147	939.84973
368.84698	937.67212
369.37927	932.93085
369.91159	934.22382
370.44388	942.95178
370.9762	933.38806
371.50848	933.95502
372.04077	941.01917
372.57309	941.21423
373.10538	941.31177
373.63766	945.62823
374.16998	935.11194
374.70227	931.10632
375.23456	937.74268
375.76688	941.13434
376.29916	938.00531
376.83148	941.63025
377.36377	952.7547
377.89606	939.81689
378.42838	942.18762
378.96066	936.97076
379.49295	934.591
380.02527	937.94232
380.55756	939.29852
381.08987	939.02411
381.62216	934.27698
382.15445	940.00372
382.68677	940.18713
383.21906	941.55817
383.75134	943.04883
384.28366	940.3858
384.81595	936.36627
385.34824	941.55273
385.88055	936.41071
386.41284	933.20428
386.94516	931.71722
387.47745	934.62848
388.00974	937.98602
388.54205	935.21417
389.07434	937.79559
389.60663	939.95624
390.13895	941.74536
390.67123	935.56354
391.20352	934.33374
391.73584	936.56573
392.26813	932.20642
392.80045	925.53894
393.33273	941.54767
393.86502	926.76135
394.39734	926.39459
394.92963	928.23914
395.46191	927.44598
395.99423	928.19336
396.52652	934.49377
397.05884	939.6861
397.59113	939.29895
398.12341	933.7937
398.65573	937.03552
399.18802	944.82697
399.72031	944.24298
400.25262	932.71716
400.78491	932.95923
401.3172	936.85468
401.84952	930.52448
402.38181	930.34039
402.91412	931.72528
403.44641	929.69885
403.9787	928.47101
404.51102	936.52234
405.0433	935.2204
405.57559	939.0329
406.10791	936.0946
406.6402	931.17316
407.17252	931.85901
407.7048	934.88739
408.23709	933.09094
408.76941	932.28375
409.3017	925.78033
409.83398	930.69611
410.3663	929.22461
410.89859	933.42279
411.43088	934.96899
411.9632	931.22278
412.49548	937.78705
413.0278	942.12915
413.56009	921.08783
414.09238	928.93524
414.62469	938.51007
415.15698	940.07239
415.68927	938.64764
416.22159	941.54596
416.75388	945.4812
417.28616	949.82526
417.81848	941.70929
418.35077	935.95215
418.88309	934.67889
419.41537	939.41315
419.94766	942.73712
420.47998	935.78235
421.01227	939.55621
421.54456	934.78058
422.07687	940.12317
422.60916	941.81561
423.14148	939.18524
423.67377	935.01715
424.20605	932.68262
424.73837	934.38147
425.27066	932.20892
425.80295	941.26331
426.33527	944.5108
426.86755	942.2569
427.39984	933.07593
427.93216	927.80322
428.46445	937.883
428.99677	945.62976
429.52905	936.92468
430.06134	936.4873
430.59366	929.70453
431.12595	942.11292
431.65823	946.91302
432.19055	932.61517
432.72284	934.88733
433.25516	940.06927
433.78745	937.89044
434.31973	944.65015
434.85205	935.69965
435.38434	934.14618
435.91663	938.65198
436.44894	934.2644
436.98123	928.16187
437.51352	929.02887
438.04584	934.91656
438.57813	934.99762
439.11044	937.4447
439.64273	941.34637
440.17502	941.47797
440.70734	938.76038
441.23962	945.89862
441.77191	943.71802
442.30423	942.74109
442.83652	944.90051
443.3688	942.50037
443.90112	944.10303
444.43341	947.66791
444.96573	941.16608
445.49802	944.39532
446.0303	940.47821
446.56262	938.09705
447.09491	940.41943
447.6272	940.73328
448.15952	945.13495
448.6918	951.81354
449.22412	944.33606
449.75641	936.51697
450.2887	939.13104
450.82101	946.59216
451.3533	950.85986
451.88559	945.14264
452.41791	936.7334
452.9502	936.26038
453.48248	942.26544
454.0148	944.44434
454.54709	944.4931
455.07941	947.75177
455.61169	947.79419
456.14398	945.81427
456.6763	943.46271
457.20859	944.46771
457.74088	954.92065
458.27319	949.24554
458.80548	946.48041
459.3378	943.14935
459.87009	941.97119
460.40237	944.45819
460.93469	947.14111
461.46698	945.76898
461.99927	943.07013
462.53159	944.37769
463.06387	947.3219
463.59616	948.64722
464.12848	949.23602
464.66077	946.60278
465.19308	942.32587
465.72537	941.59491
466.25766	944.29779
466.78998	942.10736
467.32227	945.97949
467.85455	960.90808
468.38687	961.32922
468.91916	954.50372
469.45145	953.59973
469.98376	956.71521
470.51605	953.53192
471.04837	955.27753
471.58066	953.82208
472.11295	946.34009
472.64526	949.78729
473.17755	957.53894
473.70984	958.47266
474.24216	953.30554
474.77444	950.40967
475.30676	950.40747
475.83905	954.39441
476.37134	955.7392
476.90366	953.7099
477.43594	950.84076
477.96823	952.52234
478.50055	961.0163
479.03284	966.07428
479.56512	960.38654
480.09744	950.6889
480.62973	956.82373
481.16205	958.40894
481.69434	956.3811
482.22662	955.47382
482.75894	953.46521
483.29123	953.92822
483.82352	954.8009
484.35583	958.89709
484.88812	964.29382
485.42044	963.30713
485.95273	959.35083
486.48502	957.82422
487.01733	959.31982
487.54962	962.12347
488.08191	973.06378
488.61423	962.4588
489.14651	958.46814
489.6788	960.96832
490.21112	962.90216
490.74341	963.46564
491.27573	965.35004
491.80801	962.71039
492.3403	955.26398
492.87262	968.48541
493.40491	975.56232
493.93719	980.52869
494.46951	976.64044
495.0018	967.98169
495.53409	964.46979
496.06641	961.86084
496.59869	967.12634
497.13101	969.00885
497.6633	976.53845
498.19559	975.71399
498.72791	963.99078
499.26019	957.00708
499.79248	964.08398
500.3248	970.01794
500.85709	983.62958
501.3894	972.52588
501.92169	966.7049
502.45398	977.11414
502.9863	980.78961
503.51859	975.77466
504.05087	972.00055
504.58319	967.67456
505.11548	964.03033
505.64777	980.72369
506.18008	984.70612
506.71237	985.92712
507.24469	980.46667
507.77698	972.62781
508.30927	972.19617
508.84158	979.62823
509.37387	973.49359
509.90616	967.77728
510.43848	978.86646
510.97076	979.0423
511.50308	987.25586
512.03534	992.34711
512.56769	985.60492
513.09998	979.32507
513.63226	985.17847
514.16455	978.58051
514.69684	983.25562
515.22919	983.88538
515.76147	976.01489
516.29376	978.79559
516.82605	990.21161
517.35834	994.85052
517.89063	993.92957
518.42297	983.81012
518.95526	978.48962
519.48755	978.10168
520.01984	986.45062
520.55212	990.19482
521.08447	990.59418
521.61676	996.27454
522.14905	1002.4525
522.68134	985.52917
523.21362	1005.7741
523.74591	995.36731
524.27826	996.26447
524.81055	999.03857
525.34283	1000.357
525.87512	994.66937
526.40741	984.70569
526.93976	999.80298
527.47205	990.11353
528.00433	993.48059
528.53662	997.81061
529.06891	1000.0945
529.60126	995.08563
530.13354	988.07831
530.66583	990.28864
531.19812	1003.4659
531.73041	1008.6809
532.2627	1009.1192
532.79504	994.06299
533.32733	990.65381
533.85962	994.93951
534.39191	1000.2655
534.92419	998.47626
535.45654	988.39923
535.98883	991.9234
536.52112	995.45386
537.05341	999.39392
537.58569	994.09039
538.11798	997.00958
538.65033	997.53827
539.18262	995.76624
539.7149	999.85944
540.24719	1004.6418
540.77948	1011.6017
541.31183	1007.181
541.84412	1004.7005
542.3764	995.92761
542.90869	998.36517
543.44098	996.53333
543.97327	988.10736
544.50562	994.02942
545.0379	1001.6567
545.57019	1020.6213
546.10248	993.13336
546.63477	1002.4094
547.16711	1004.1802
547.6994	1002.0969
548.23169	1011.1549
548.76398	1021.9109
549.29626	1010.547
549.82855	1007.3786
550.3609	1018.8738
550.89319	1008.2404
551.42548	1011.492
551.95776	1015.9848
552.49005	1013.9941
553.0224	1009.5974
553.55469	1009.318
554.08698	1011.5163
554.61926	1006.2055
555.15155	1015.9944
555.6839	1019.0696
556.21619	1021.4692
556.74847	1020.7621
557.28076	1018.8687
557.81305	1017.2843
558.34534	1014.3201
558.87769	1016.3101
559.40997	1028.2596
559.94226	1025.7543
560.47455	1022.5715
561.00684	1031.3655
561.53918	1032.2905
562.07147	1026.2323
562.60376	1025.2914
563.13605	1022.7045
563.66833	1029.8802
564.20062	1022.7927
564.73297	1008.1828
565.26526	1016.3926
565.79755	1027.104
566.32983	1031.2565
566.86212	1033.373
567.39447	1037.4696
567.92676	1039.3464
568.45905	1042.0026
568.99133	1027.514
569.52362	1036.2341
570.05591	1044.4034
570.58826	1045.1317
571.12054	1041.6034
571.65283	1043.3568
572.18512	1051.5311
572.71741	1045.5055
573.24976	1045.5033
573.78204	1049.3546
574.31433	1051.4847
574.84662	1049.1638
575.37891	1041.8164
575.91119	1039.1111
576.44354	1045.1626
576.97583	1047.5756
577.50812	1035.0626
578.04041	1050.1367
578.57269	1058.0975
579.10504	1051.8594
579.63733	1060.629
580.16962	1062.4709
580.7019	1059.4912
581.23419	1060.0366
581.76654	1053.1539
582.29883	1064.0469
582.83112	1056.4873
583.3634	1058.0265
583.89569	1049.542
584.42798	1050.4639
584.96033	1052.7208
585.49261	1056.2996
586.0249	1064.1146
586.55719	1067.1747
587.08948	1073.4128
587.62183	1061.8464
588.15411	1057.6676
588.6864	1062.238
589.21869	1060.2687
589.75098	1063.2466
590.28326	1069.433
590.81561	1066.0394
591.3479	1059.7391
591.88019	1077.7897
592.41248	1063.1323
592.94476	1066.4136
593.47711	1064.951
594.0094	1066.5946
594.54169	1072.7717
595.07397	1077.0408
595.60626	1075.3651
596.13855	1072.333
596.6709	1072.3285
597.20319	1081.6752
597.73547	1071.3413
598.26776	1067.8358
598.80005	1067.3978
599.3324	1072.7709
599.86469	1074.2297
600.39697	1069.1332
600.92926	1073.6514
601.46155	1071.5553
601.99384	1055.9636
602.52618	1057.3651
603.05847	1066.1387
603.59076	1064.8097
604.12305	1063.1238
604.65533	1064.1791
605.18768	1065.4103
605.71997	1071.6575
606.25226	1081.5016
606.78455	1061.4456
607.31683	1054.8922
607.84918	1063.3851
608.38147	1071.2271
608.91376	1069.74
609.44604	1070.3092
609.97833	1077.4449
610.51062	1078.3798
611.04297	1074.9849
611.57526	1059.3789
612.10754	1062.7189
612.63983	1060.705
613.17212	1060.804
613.70447	1073.6371
614.23676	1070.6786
614.76904	1056.7939
615.30133	1065.5919
615.83362	1064.6747
616.36591	1080.6992
616.89825	1067.9882
617.43054	1067.8756
617.96283	1067.649
618.49512	1074.9031
619.0274	1076.7252
619.55975	1079.2672
620.09204	1088.4155
620.62433	1074.235
621.15662	1083.5197
621.6889	1079.174
622.22119	1077.9208
622.75354	1070.6825
623.28583	1081.0262
623.81812	1083.3455
624.3504	1075.7819
624.88269	1075.2848
625.41504	1076.0754
625.94733	1076.0287
626.47961	1068.6482
627.0119	1067.6704
627.54419	1071.8655
628.07648	1073.6804
628.60883	1071.5958
629.14111	1069.3511
629.6734	1072.5554
630.20569	1076.4479
630.73798	1062.1833
631.27032	1061.5835
631.80261	1067.1288
632.3349	1059.5966
632.86719	1066.7042
633.39948	1057.0645
633.93182	1054.9978
634.46411	1062.8682
634.9964	1057.2289
635.52869	1051.4858
636.06097	1049.5422
636.59326	1057.2253
637.12561	1053.6455
637.6579	1053.1046
638.19019	1044.8856
638.72247	1046.0111
639.25476	1049.0919
639.78711	1049.2982
640.3194	1051.2129
640.85168	1055.3997
641.38397	1041.5708
641.91626	1051.8135
642.44855	1047.4658
642.9809	1047.2458
643.51318	1041.5453
644.04547	1035.7281
644.57776	1037.1072
645.11005	1038.0588
645.6424	1037.4928
646.17468	1038.5979
646.70697	1040.9675
647.23926	1045.571
647.77155	1043.2319
648.30383	1033.9603
648.83618	1027.9779
649.36847	1028.7661
649.90076	1042.6011
650.43304	1025.4331
650.96533	1025.0192
651.49768	1026.9332
652.02997	1029.7744
652.56226	1026.7776
653.09454	1025.4512
653.62683	1020.9543
654.15912	1026.5392
654.69147	1030.1578
655.22375	1028.0139
655.75604	1023.9066
656.28833	1023.9545
656.82062	1025.798
657.35297	1018.6875
657.88525	1014.7815
658.41754	1021.171
658.94983	1019.3847
659.48212	1016.738
660.01447	1018.8284
660.54675	1011.9332
661.07904	1012.3707
661.61133	1008.6824
662.14362	1002.7853
662.6759	1010.8625
663.20825	1012.8903
663.74054	1008.3003
664.27283	1009.4249
664.80511	1014.5161
665.3374	1015.61
665.86975	1013.2799
666.40204	1011.3396
666.93433	1007.5637
667.46661	1007.9034
667.9989	1001.5486
668.53119	996.99255
669.06354	1014.5925
669.59583	1004.9761
670.12811	1005.3978
670.6604	1005.8797
671.19269	1004.7309
671.72504	1006.3148
672.25732	1009.4675
672.78961	1009.1863
673.3219	1003.1758
673.85419	1009.6712
674.38647	1010.1252
674.91882	1002.8557
675.45111	1005.9957
675.9834	1008.0753
676.51569	1003.884
677.04797	996.94385
677.58032	992.58313
678.11261	1009.4053
678.6449	998.72601
679.17719	995.27393
679.70947	987.06189
680.24176	982.57898
680.77411	987.45374
681.3064	993.92462
681.83868	989.19098
682.37097	975.52466
682.90326	977.70123
683.43561	994.65271
683.9679	986.27124
684.50018	986.92877
685.03247	983.29065
685.56476	994.98126
686.09711	994.79822
686.62939	981.58539
687.16168	984.43402
687.69397	980.94055
688.22626	987.18683
688.75854	986.31946
689.29089	993.30396
689.82318	991.19269
690.35547	992.42255
690.88776	986.49316
691.42004	975.5957
691.95239	977.89893
692.48468	990.85217
693.01697	984.18756
693.54926	977.52228
694.08154	971.66998
694.61383	971.53577
695.14618	981.25531
695.67847	989.24158
696.21075	981.85352
696.74304	972.99585
697.27533	986.50366
697.80768	976.69196
698.33997	985.19275
698.87225	977.64789
699.40454	992.81183
699.93683	997.14056
700.46912	985.23865
701.00146	976.72559
701.53375	978.48175
702.06604	976.28662
702.59833	971.88446
703.13062	986.1925
703.66296	974.03845
704.19525	971.63562
704.72754	974.11591
705.25983	969.55078
705.79211	964.75616
706.3244	968.19281
706.85675	975.64264
707.38904	977.21326
707.92133	974.93524
708.45361	970.93994
708.9859	973.90442
709.51825	988.56805
710.05054	975.04022
710.58282	967.2099
711.11511	971.33026
711.6474	972.48944
712.17975	977.60138
712.71204	980.46655
713.24432	971.10718
713.77661	967.80688
714.3089	965.46423
714.84119	968.83124
715.37354	966.78473
715.90582	965.67212
716.43811	969.48834
716.9704	971.84454
717.50269	973.53589
718.03503	976.99969
718.56732	975.68262
719.09961	976.81116
719.6319	966.45032
720.16418	952.7392
720.69647	956.20392
721.22882	967.47339
721.76111	969.03644
722.2934	966.42035
722.82568	967.33911
723.35797	968.25964
723.89032	971.37054
724.42261	973.75574
724.9549	972.35065
725.48718	967.43774
726.01947	965.31708
726.55176	969.62
727.08411	970.29773
727.61639	957.09717
728.14868	969.51855
728.68097	969.99097
729.21326	969.20782
729.74561	953.68353
730.27789	959.10229
730.81018	961.9342
731.34247	962.4433
731.87476	964.79993
732.40704	959.44415
732.93939	963.45471
733.47168	973.16168
734.00397	966.45581
734.53625	964.58118
735.06854	962.55927
735.60089	966.31824
736.13318	964.65216
736.66547	961.45422
737.19775	962.31165
737.73004	960.01373
738.26239	966.5766
738.79468	962.56055
739.32697	956.34558
739.85925	968.3559
740.39154	966.30975
740.92383	962.42834
741.45618	963.72101
741.98846	962.61279
742.52075	959.05139
743.05304	966.40863
743.58533	968.92419
744.11768	950.53406
744.64996	955.75446
745.18225	959.41754
745.71454	956.6875
746.24683	956.20087
746.77911	959.82819
747.31146	967.07532
747.84375	975.26288
748.37604	974.70874
748.90833	964.96027
749.44061	965.43372
749.97296	960.41846
750.50525	959.13672
751.03754	954.52393
751.56982	958.57495
752.10211	964.9657
752.6344	967.12903
753.16675	968.04846
753.69904	963.53882
754.23132	956.63928
754.76361	955.7641
755.2959	958.23737
755.82825	957.64319
756.36053	957.27423
756.89282	958.64166
757.42511	964.62701
757.9574	967.65198
758.48969	961.72516
759.02203	963.51343
759.55432	967.60492
760.08661	972.12732
760.6189	951.13171
761.15118	957.30231
761.68353	965.1601
762.21582	960.5415
762.74811	957.19312
763.2804	959.40125
763.81268	956.75128
764.34503	957.25061
764.87732	966.9162
765.40961	961.53906
765.94189	964.57916
766.47418	951.85138
767.00647	954.65936
767.53882	960.96149
768.07111	961.24127
768.60339	958.80688
769.13568	958.10236
769.66797	957.97522
770.20032	953.1557
770.7326	957.69244
771.26489	948.97845
771.79718	945.58154
772.32947	943.02332
772.86176	954.90179
773.3941	959.7345
773.92639	955.74652
774.45868	957.47876
774.99097	953.20319
775.52325	960.73303
776.0556	955.33911
776.58789	955.19019
777.12018	943.58514
777.65247	948.36359
778.18475	952.55231
778.71704	959.30566
779.24939	964.96179
779.78168	960.39111
780.31396	954.73975
780.84625	956.24445
781.37854	954.91339
781.91089	954.03375
782.44318	950.3515
782.97546	963.21649
783.50775	963.23779
784.04004	959.78253
784.57233	960.0517
785.10468	959.12537
785.63696	956.55182
786.16925	954.31586
786.70154	952.03955
787.23383	948.45471
787.76617	953.61255
788.29846	960.25067
788.83075	963.20496
789.36304	955.06781
789.89532	952.04944
790.42767	959.60736
790.95996	962.81622
791.49225	960.18317
792.02454	961.53955
792.55682	956.58893
793.08911	960.36432
793.62146	947.74829
794.15375	952.49188
794.68604	958.84808
795.21832	957.35284
795.75061	952.87555
796.28296	951.23151
796.81525	954.05237
797.34753	962.86841
797.87982	956.72998
798.41211	961.72217
798.9444	949.87323
799.47675	959.22357
800.00903	954.89844
800.54132	951.11877
801.07361	949.19891
801.6059	948.97919
802.13824	955.59351
802.67053	953.44012
803.20282	946.34644
803.73511	952.70935
804.2674	952.06787
804.79968	941.42096
805.33203	951.5437
805.86432	953.66364
806.39661	948.04932
806.92889	944.45776
807.46118	947.61932
807.99353	956.93634
808.52582	958.38043
809.05811	960.23053
809.59039	962.5199
810.12268	953.88635
810.65497	956.33801
811.18732	952.20923
811.7196	954.32147
812.25189	950.36169
812.78418	947.12048
813.31647	959.37366
813.84882	962.52014
814.3811	947.99457
814.91339	948.92517
815.44568	946.22565
815.97797	952.4928
816.51031	955.4411
817.0426	949.42419
817.57489	953.84125
818.10718	961.73456
818.63947	958.38373
819.17175	950.48956
819.7041	950.96704
820.23639	955.49109
820.76868	959.60529
821.30096	960.15887
821.83325	949.50104
822.3656	951.69165
822.89789	958.9892
823.43018	961.27258
823.96246	954.13538
824.49475	949.38947
825.02704	955.28717
825.55939	952.21075
826.09167	954.29681
826.62396	959.7666
827.15625	953.40881
827.68854	956.43152
828.22089	960.99658
828.75317	954.4151
829.28546	952.91205
829.81775	957.85852
830.35004	957.16437
830.88232	952.97974
831.41467	954.72498
831.94696	949.97644
832.47925	962.71497
833.01154	962.80811
833.54382	952.59851
834.07617	954.98383
834.60846	956.11523
835.14075	952.53339
835.67303	956.37628
836.20532	962.42651
836.73761	957.84857
837.26996	961.10516
837.80225	953.31567
838.33453	951.06342
838.86682	951.88818
839.39911	957.55292
839.93146	959.40729
840.46375	957.75909
840.99603	960.23706
841.52832	963.41644
842.06061	959.60199
842.59296	954.54913
843.12524	959.32318
843.65753	954.5885
844.18982	952.79041
844.72211	956.34204
845.25439	953.19409
845.78674	952.67957
846.31903	954.71783
846.85132	954.53491
847.38361	954.50897
847.91589	953.96448
848.44824	953.51453
848.98053	963.12903
849.51282	967.8623
850.0451	961.51794
850.57739	959.71759
851.10968	960.7995
851.64203	960.35364
852.17432	964.64087
852.7066	963.22565
853.23889	959.45636
853.77118	956.40088
854.30353	953.29474
854.83582	956.88403
855.3681	965.66669
855.90039	968.47522
856.43268	958.92157
856.96497	957.90289
857.49731	963.59912
858.0296	968.76984
858.56189	963.01703
859.09418	961.19757
859.62646	958.43237
860.15881	956.17664
860.6911	967.44446
861.22339	963.12964
861.75568	965.9342
862.28796	957.28735
862.82025	958.875
863.3526	957.91455
863.88489	960.87091
864.41718	961.85187
864.94946	964.68268
865.48175	964.01678
866.0141	957.64893
866.54639	955.81335
867.07867	962.87732
867.61096	966.13501
868.14325	972.55804
868.6756	961.62238
869.20789	965.98383
869.74017	959.65613
870.27246	958.11072
870.80475	959.64148
871.33704	966.55444
871.86938	972.50458
872.40167	967.02533
872.93396	959.52167
873.46625	968.52692
873.99854	960.98621
874.53088	965.57977
875.06317	962.02966
875.59546	968.2251
876.12775	967.12671
876.66003	965.24774
877.19232	965.30896
877.72467	962.65942
878.25696	960.08154
878.78925	961.16388
879.32153	960.84204
879.85382	961.07202
880.38617	962.47052
880.91846	963.86633
881.45074	960.40833
881.98303	959.56311
882.51532	960.91431
883.04761	964.65967
883.57996	964.62628
884.11224	967.66052
884.64453	971.20435
885.17682	968.83685
885.70911	969.69879
886.24146	966.65094
886.77374	970.10132
887.30603	968.2915
887.83832	971.27716
888.37061	974.11584
888.90289	974.0722
889.43524	975.96674
889.96753	971.96899
890.49982	970.51764
891.0321	972.71039
891.56439	970.32458
892.09674	971.82544
892.62903	974.27271
893.16132	980.09406
893.6936	970.5033
894.22589	963.93457
894.75824	972.85333
895.29053	976.96973
895.82281	970.14868
896.3551	968.02905
896.88739	972.63281
897.41968	975.47577
897.95203	974.31885
898.48431	973.75134
899.0166	978.7453
899.54889	971.17548
900.08118	958.37164
900.61353	974.01245
901.14581	977.52179
901.6781	986.38867
902.21039	985.7901
902.74268	974.0968
903.27496	975.04504
903.80731	985.14252
904.3396	983.06775
904.87189	977.38928
905.40417	975.50397
905.93646	966.38739
906.46881	971.91327
907.0011	980.57312
907.53339	979.59131
908.06567	978.77856
908.59796	969.58008
909.13025	959.0108
909.6626	962.49469
910.19489	971.14441
910.72717	971.27899
911.25946	972.83594
911.79175	980.48865
912.3241	977.49634
912.85638	962.36884
913.38867	975.26416
913.92096	976.82849
914.45325	989.83417
914.98553	976.3175
915.51788	975.15796
916.05017	978.19312
916.58246	979.37274
917.11475	977.69519
917.64703	970.84747
918.17938	980.8576
918.71167	990.95837
919.24396	982.29657
919.77625	986.00092
920.30853	979.18365
920.84088	978.62048
921.37317	987.70978
921.90546	988.72107
922.43774	983.67029
922.97003	978.19031
923.50232	978.3291
924.03467	985.09674
924.56696	990.60944
925.09924	990.97601
925.63153	980.7337
926.16382	978.43964
926.69617	970.63837
927.22845	969.58923
927.76074	982.92041
928.29303	985.68549
928.82532	982.34509
929.3576	981.13727
929.88995	986.36182
930.42224	990.85309
930.95453	987.06
931.48682	983.52771
932.0191	986.02795
932.55145	994.80475
933.08374	1003.5981
933.61603	996.12872
934.14832	981.729
934.6806	985.18457
935.21289	994.05511
935.74524	995.03546
936.27753	998.54022
936.80981	999.53583
937.3421	990.00403
937.87439	982.27283
938.40674	988.08411
938.93903	1006.1121
939.47131	992.68188
940.0036	995.01532
940.53589	987.52948
941.06818	984.19031
941.60052	992.89178
942.13281	998.83344
942.6651	990.8562
943.19739	987.78253
943.72968	994.91388
944.26202	998.89899
944.79431	993.57568
945.3266	988.43768
945.85889	1005.4409
946.39117	995.2843
946.92352	993.45941
947.45581	998.79413
947.9881	996.58551
948.52039	990.78253
949.05267	999.65552
949.58496	1002.6657
950.11731	1003.6146
950.6496	1000.157
951.18188	1000.2031
951.71417	1019.1936
952.24646	998.04053
952.77881	998.04053
953.3111	998.04053
953.84338	998.04053
954.37567	1065.8583
954.90796	1004.1021
955.44025	1002.91
955.9726	995.9859
956.50488	987.07233
957.03717	985.75232
957.56946	994.73816
958.10175	1001.9534
958.63409	999.04791
959.16638	996.4245
959.69867	997.7439
960.23096	996.90955
960.76324	1001.5363
961.29553	1002.4862
961.82788	1010.3012
962.36017	1010.0341
962.89246	1013.8864
963.42474	1008.6541
963.95703	997.36798
964.48938	997.31165
965.02167	1007.5723
965.55396	1012.2147
966.08624	1004.737
966.61853	995.47955
967.15082	1007.274
967.68317	996.3645
968.21545	1007.9698
968.74774	1015.5491
969.28003	1007.3821
969.81232	1016.2826
970.34467	1013.5562
970.87695	1007.7825
971.40924	1007.3318
971.94153	1008.5361
972.47382	1006.2706
973.00616	1003.047
973.53845	1008.1117
974.07074	1021.9448
974.60303	1024.2771
975.13531	1005.33
975.6676	1013.6989
976.19995	1010.7308
976.73224	1008.2472
977.26453	1006.6827
977.79681	1008.6004
978.3291	1023.851
978.86145	1021.5638
979.39374	1006.7978
979.92603	999.77869
980.45831	999.87061
980.9906	1015.1679
981.52289	1021.0208
982.05524	1010.3436
982.58752	1014.5126
983.11981	1013.6088
983.6521	1022.6462
984.18439	1012.1912
984.71674	1010.1965
985.24902	1007.3916
985.78131	1014.0364
986.3136	1011.591
986.84589	1007.9833
987.37817	1017.6752
987.91052	1023.03
988.44281	1019.2771
988.9751	1015.1077
989.50739	1029.5938
990.03967	1015.3723
990.57202	1017.2534
991.10431	1015.6725
991.6366	1007.4531
992.16888	1014.1756
992.70117	1015.8366
993.23346	1014.7078
993.76581	1014.5242
994.2981	1009.8837
994.83038	1009.8922
995.36267	1019.7488
995.89496	1021.522
996.42731	1025.4912
996.95959	1022.4088
997.49188	1024.6427
998.02417	1022.8083
998.55646	1027.6018
999.08881	1025.4078
999.62109	1025.1627
1000.1534	1020.9185
1000.6857	1026.1062
1001.218	1025.4871
1001.7502	1026.9822
1002.2826	1023.9433
1002.8149	1013.532
1003.3472	1022.8284
1003.8795	1022.7703
1004.4117	1024.4333
1004.9441	1027.2434
1005.4764	1022.1319
1006.0087	1023.9106
1006.541	1019.4492
1007.0732	1023.3033
1007.6055	1032.4668
1008.1379	1033.4321
1008.6702	1028.1855
1009.2025	1025.2233
1009.7347	1031.3497
1010.267	1035.2255
1010.7994	1030.4017
1011.3317	1034.6254
1011.864	1033.4015
1012.3962	1039.0614
1012.9285	1040.8644
1013.4608	1039.954
1013.9932	1036.3678
1014.5255	1028.1367
1015.0577	1036.3408
1015.59	1038.1327
1016.1223	1028.4974
1016.6547	1027.2306
1017.187	1038.6554
1017.7192	1043.0966
1018.2515	1037.6329
1018.7838	1036.7993
1019.3161	1037.6531
1019.8484	1047.5968
1020.3807	1043.2288
1020.913	1032.8925
1021.4453	1039.9318
1021.9776	1048.2723
1022.5099	1043.1714
1023.0422	1039.5909
1023.5745	1033.0303
1024.1068	1042.8082
1024.6392	1038.775
1025.1714	1031.6436
1025.7037	1041.3525
1026.236	1044.7264
1026.7683	1035.1239
1027.3007	1039.86
1027.8329	1035.7169
1028.3652	1045.8893
1028.8975	1058.5269
1029.4298	1055.2751
1029.9622	1055.1632
1030.4944	1045.6477
1031.0267	1066.9707
1031.559	1058.881
1032.0913	1050.6804
1032.6237	1054.8827
1033.1559	1055.7898
1033.6882	1053.9264
1034.2205	1054.798
1034.7528	1053.7264
1035.2852	1049.7875
1035.8174	1041.9858
1036.3497	1057.425
1036.882	1049.4293
1037.4143	1048.5166
1037.9465	1040.728
1038.4789	1043.8914
1039.0112	1048.5272
1039.5435	1063.0094
1040.0758	1061.1803
1040.608	1053.458
1041.1404	1052.0022
1041.6727	1056.7073
1042.205	1060.7177
1042.7373	1061.0836
1043.2695	1059.0002
1043.8019	1054.3589
1044.3342	1063.3616
1044.8665	1061.2205
1045.3988	1065.0101
1045.931	1050.502
1046.4634	1047.6746
1046.9957	1075.2968
1047.528	1065.9541
1048.0603	1052.2869
1048.5925	1050.7563
1049.1249	1052.6101
1049.6571	1056.9349
1050.1895	1068.548
1050.7218	1067.3284
1051.254	1059.3076
1051.7864	1075.955
1052.3186	1074.1041
1052.851	1078.7067
1053.3833	1073.6448
1053.9155	1084.5183
1054.4479	1070.4669
1054.9801	1071.5804
1055.5125	1067.683
1056.0448	1089.8077
1056.577	1084.5472
1057.1094	1079.3926
1057.6416	1074.4723
1058.174	1077.6801
1058.7063	1086.9242
1059.2385	1081.8147
1059.7709	1072.6787
1060.3031	1079.4034
1060.8354	1076.8586
1061.3678	1085.1606
1061.9	1093.3379
1062.4324	1084.9828
1062.9646	1079.3719
1063.4969	1074.6633
1064.0292	1099.9185
1064.5615	1083.6001
1065.0939	1092.5585
1065.6261	1110.8513
1066.1584	1102.6299
1066.6907	1097.3901
1067.223	1102.7803
1067.7554	1102.9174
1068.2876	1101.6111
1068.8199	1099.9617
1069.3522	1092.3567
1069.8845	1092.8481
1070.4169	1105.7943
1070.9491	1120.276
1071.4814	1132.9929
1072.0137	1135.4084
1072.546	1122.0035
1073.0784	1119.7072
1073.6106	1127.9711
1074.1429	1140.0839
1074.6752	1150.5697
1075.2075	1160.2882
1075.7397	1180.5094
1076.2721	1202.3248
1076.8044	1200.4786
1077.3367	1181.1011
1077.869	1173.1379
1078.4012	1168.2833
1078.9336	1156.1541
1079.4659	1149.6434
1079.9982	1146.7714
1080.5305	1133.1479
1081.0627	1151.9922
1081.5951	1133.9585
1082.1274	1133.4545
1082.6597	1140.8077
1083.192	1143.7659
1083.7242	1146.9492
1084.2566	1144.8837
1084.7889	1148.8605
1085.3212	1147.1566
1085.8535	1144.0846
1086.3857	1150.99
1086.9181	1150.9708
1087.4504	1162.36
1087.9827	1152.2881
1088.515	1140.1909
1089.0472	1181.0626
1089.5796	1150.0068
1090.1118	1163.9517
1090.6442	1181.1848
1091.1765	1153.033
1091.7087	1161.3513
1092.2411	1174.1007
1092.7733	1177.8328
1093.3057	1166.1433
1093.838	1172.8162
1094.3702	1176.2379
1094.9026	1174.11
1095.4348	1182.5808
1095.9672	1183.8445
1096.4995	1196.4231
1097.0317	1200.5914
1097.5641	1220.7935
1098.0963	1220.2345
1098.6287	1208.9514
1099.161	1216.0758
1099.6932	1239.6155
1100.2256	1215.2922
1100.7578	1222.8624
1101.2902	1235.2119
1101.8224	1234.9688
1102.3547	1246.0969
1102.8871	1264.1202
1103.4193	1264.9517
1103.9517	1266.4446
1104.4839	1282.9152
1105.0162	1291.2654
1105.5486	1292.0022
1106.0808	1301.4114
1106.6132	1298.2018
1107.1454	1314.186
1107.6777	1320.2161
1108.2101	1349.9005
1108.7423	1357.9473
1109.2747	1345.0547
1109.8069	1392.2386
1110.3392	1407.1224
1110.8716	1414.4235
1111.4038	1432.2911
1111.9362	1438.4176
1112.4684	1465.2732
1113.0007	1493.9125
1113.5331	1490.0731
1114.0653	1486.1946
1114.5977	1514.1426
1115.1299	1544.7308
1115.6622	1554.8163
1116.1945	1574.4907
1116.7268	1641.9426
1117.2592	1644.2347
1117.7914	1674.8236
1118.3237	1689.9622
1118.856	1707.0347
1119.3883	1747.8586
1119.9207	1761.4957
1120.4529	1770.6135
1120.9852	1794.3774
1121.5175	1856.2114
1122.0498	1881.6052
1122.5822	1900.2245
1123.1144	1916.6519
1123.6467	1940.5767
1124.179	1976.1368
1124.7113	2000.9855
1125.2437	2043.3326
1125.7759	2091.0515
1126.3082	2101.957
1126.8405	2115.4468
1127.3728	2126.5757
1127.905	2185.0847
1128.4374	2142.0793
1128.9697	2218.6743
1129.502	2301.1863
1130.0343	2257.4163
1130.5665	2278.459
1131.0989	2297.5928
1131.6312	2297.2695
1132.1635	2325.4182
1132.6958	2345.4402
1133.228	2358.3418
1133.7604	2398.2004
1134.2927	2428.7278
1134.825	2436.6912
1135.3573	2460.8418
1135.8895	2467.0796
1136.4219	2468.9253
1136.9542	2485.0029
1137.4865	2510.2312
1138.0188	2508.9504
1138.551	2535.0039
1139.0834	2529.417
1139.6157	2519.2859
1140.1479	2551.9524
1140.6803	2556.187
1141.2125	2576.8926
1141.7449	2581.4512
1142.2771	2583.1479
1142.8094	2580.624
1143.3418	2567.2263
1143.874	2568.9243
1144.4064	2611.9253
1144.9386	2637.4985
1145.4709	2625.5244
1146.0033	2617.2197
1146.5355	2565.0898
1147.0679	2631.1023
1147.6001	2642.9028
1148.1324	2610.7908
1148.6648	2625.458
1149.197	2668.3076
1149.7294	2639.3811
1150.2616	2602.3157
1150.7939	2648.8481
1151.3263	2683.665
1151.8585	2681.2324
1152.3909	2651.0354
1152.9231	2672.3093
1153.4554	2683.3765
1153.9877	2648.3345
1154.52	2620.5496
1155.0524	2626.6582
1155.5846	2620.5417
1156.1169	2590.1824
1156.6492	2585.0742
1157.1815	2586.9507
1157.7139	2562.7207
1158.2461	2555.7888
1158.7784	2490.3276
1159.3107	2490.1272
1159.843	2485.3213
1160.3754	2462.5647
1160.9076	2428.0017
1161.4399	2402.8752
1161.9722	2398.9707
1162.5045	2364.2351
1163.0369	2400.3638
1163.5691	2348.5254
1164.1014	2294.0068
1164.6337	2295.0715
1165.166	2291.8914
1165.6984	2292.0103
1166.2306	2291.3835
1166.7629	2267.1648
1167.2952	2259.8445
1167.8275	2256.0659
1168.3597	2239.8271
1168.8921	2241.5435
1169.4244	2248.3943
1169.9567	2238.282
1170.489	2244.6489
1171.0212	2242.7419
1171.5536	2241.1743
1172.0859	2292.0125
1172.6182	2267.4438
1173.1505	2284.7483
1173.6827	2262.3079
1174.2151	2250.5586
1174.7474	2284.5977
1175.2797	2303.5349
1175.812	2296.3584
1176.3442	2309.3464
1176.8766	2331.3555
1177.4089	2320.6558
1177.9412	2344.519
1178.4735	2368.2546
1179.0057	2376.6707
1179.5381	2399.0046
1180.0703	2412.6431
1180.6027	2393.8457
1181.135	2406.8997
1181.6672	2394.5669
1182.1996	2401.1592
1182.7318	2439.0525
1183.2642	2468.9773
1183.7965	2456.0557
1184.3287	2476.6096
1184.8611	2513.3977
1185.3933	2504.4373
1185.9257	2519.1792
1186.458	2549.5791
1186.9902	2560.0664
1187.5226	2567.595
1188.0548	2584.1699
1188.5872	2622.3584
1189.1195	2616.9009
1189.6517	2628.363
1190.1841	2648.7454
1190.7163	2669.3364
1191.2487	2726.1582
1191.781	2736.1079
1192.3132	2735.3354
1192.8456	2791.2305
1193.3778	2804.4263
1193.9102	2825.5664
1194.4424	2829.2109
1194.9747	2844.1497
1195.5071	2844.5376
1196.0393	2868.626
1196.5717	2897.9258
1197.1039	2891.3267
1197.6362	2894.3291
1198.1686	2922.3657
1198.7008	2961.4644
1199.2332	2945.2532
1199.7654	2963.6509
1200.2977	2985.6118
1200.8301	3022.1272
1201.3623	3053.9302
1201.8947	3046.5378
1202.4269	3043.2207
1202.9592	3075.3403
1203.4916	3073.3193
1204.0238	3071.8237
1204.5562	3105.1936
1205.0884	3137.8291
1205.6207	3134.9651
1206.153	3117.7441
1206.6853	3135.8828
1207.2177	3104.1396
1207.7499	3114.3245
1208.2822	3129.6294
1208.8145	3134.4822
1209.3468	3152.9292
1209.8792	3176.5112
1210.4114	3137.9189
1210.9437	3128.051
1211.476	3143.7825
1212.0083	3216.7307
1212.5406	3226.6594
1213.0729	3205.1606
1213.6052	3181.4268
1214.1375	3189.9453
1214.6698	3209.5703
1215.2021	3211.9653
1215.7344	3219.5232
1216.2667	3231.8835
1216.799	3218.2959
1217.3313	3179.083
1217.8636	3214.1252
1218.3959	3230.6575
1218.9282	3276.9333
1219.4604	3282.0728
1219.9928	3305.2974
1220.525	3244.7888
1221.0574	3311.6025
1221.5897	3306.7673
1222.1219	3336.6978
1222.6543	3345.3345
1223.1865	3387.4973
1223.7189	3378.5151
1224.2512	3414.5347
1224.7834	3440.5
1225.3158	3469.6116
1225.848	3485.2092
1226.3804	3454.3604
1226.9127	3517.4946
1227.4449	3602.9614
1227.9773	3613.4695
1228.5095	3642.04
1229.0419	3714.603
1229.5742	3733.0305
1230.1064	3712.7317
1230.6388	3803.2861
1231.171	3757.6057
1231.7034	3838.2173
1232.2356	3906.9382
1232.7679	3936.7747
1233.3003	3925.47
1233.8325	3957.2126
1234.3649	3986.074
1234.8971	4007.178
1235.4294	4071.0203
1235.9618	4096.3081
1236.494	4059.6873
1237.0264	4092.3728
1237.5586	4146.3906
1238.0909	4116.5576
1238.6233	4171.0889
1239.1555	4227.0747
1239.6879	4237.6357
1240.2201	4283.7476
1240.7524	4302.2856
1241.2848	4243.666
1241.817	4378.0537
1242.3494	4383.0522
1242.8816	4321.334
1243.4139	4408.6704
1243.9463	4332.4131
1244.4785	4380.9058
1245.0109	4433.8413
1245.5431	4438.3613
1246.0754	4399.96
1246.6077	4435.043
1247.14	4504.4009
1247.6724	4526.7056
1248.2046	4555.7822
1248.7369	4572.708
1249.2692	4578.791
1249.8015	4681.6416
1250.3339	4713.0757
1250.8661	4725.5908
1251.3984	4773.7324
1251.9307	4907.2925
1252.463	4910.8809
1252.9954	5032.104
1253.5276	5020.2017
1254.0599	5041.6978
1254.5922	5168.4917
1255.1245	5210.8506
1255.6569	5247.478
1256.1891	5285.0513
1256.7214	5350.2808
1257.2537	5439.4126
1257.786	5513.8965
1258.3182	5567.9321
1258.8506	5663.5474
1259.3829	5745.6499
1259.9152	5814.8755
1260.4475	5872.7969
1260.9797	5882.9395
1261.5121	5995.1279
1262.0444	6081.854
1262.5767	6125.5215
1263.109	6223.8999
1263.6412	6146.1143
1264.1736	6226.1118
1264.7059	6242.083
1265.2382	6387.4292
1265.7705	6372.0205
1266.3027	6396.6787
1266.8351	6350.2568
1267.3674	6429.6978
1267.8997	6468.1416
1268.432	6448.627
1268.9642	6436.9121
1269.4966	6415.4927
1270.0289	6508.7173
1270.5612	6570.2378
1271.0935	6506.9038
1271.6257	6440.8003
1272.1581	6459.3101
1272.6903	6462.6333
1273.2227	6393.7188
1273.755	6399.1348
1274.2872	6366.8999
1274.8196	6326.9868
1275.3518	6294.9741
1275.8842	6180.585
1276.4165	6248.564
1276.9487	6199.8994
1277.4811	6111.9282
1278.0133	6136.4668
1278.5457	6061.8438
1279.078	6064.6802
1279.6102	5957.1064
1280.1426	5900.7207
1280.6748	5908.7842
1281.2072	5860.0156
1281.7395	5784.999
1282.2717	5719.2393
1282.8041	5646.6465
1283.3363	5548.6597
1283.8687	5520.5039
1284.4009	5466.7002
1284.9332	5336.3149
1285.4656	5301.2104
1285.9978	5307.9438
1286.5302	5269.8848
1287.0624	5190.9067
1287.5947	5111.8882
1288.1271	5051.4976
1288.6593	5007.0322
1289.1917	4866.8281
1289.7239	4849.0278
1290.2562	4864.376
1290.7886	4717.8159
1291.3208	4725.2271
1291.8531	4602.6846
1292.3854	4601.0059
1292.9177	4567.5039
1293.4501	4570.9282
1293.9823	4424.5933
1294.5146	4434.9165
1295.0469	4396.5313
1295.5792	4355.4756
1296.1116	4331.2334
1296.6438	4304.2368
1297.1761	4289.6187
1297.7084	4253.2798
1298.2407	4215.5103
1298.7729	4215.6943
1299.3053	4204.7075
1299.8376	4166.1836
1300.3699	4172.8911
1300.9022	4225.0142
1301.4344	4195.7705
1301.9668	4106.9912
1302.4991	4120.3247
1303.0314	4153.3223
1303.5637	4207.8745
1304.0959	4120.2642
1304.6283	4122.7148
1305.1606	4122.6802
1305.6929	4214.2412
1306.2252	4155.4214
1306.7574	4215.3828
1307.2898	4193.6372
1307.8221	4258.5322
1308.3544	4232.2827
1308.8867	4203.3643
1309.4189	4215.2012
1309.9513	4270.9092
1310.4835	4319.3198
1311.0159	4314.8398
1311.5482	4290.3755
1312.0804	4325.4775
1312.6128	4385.6514
1313.145	4356.522
1313.6774	4342.3135
1314.2097	4350.5581
1314.7419	4364.5049
1315.2743	4357.8896
1315.8065	4342.9697
1316.3389	4329.2378
1316.8712	4324.561
1317.4034	4304.5459
1317.9358	4179.2109
1318.468	4331.2251
1319.0004	4289.689
1319.5327	4262.8022
1320.0649	4244.1587
1320.5973	4170.2261
1321.1295	4170.3608
1321.6619	4111.2725
1322.1942	4118.832
1322.7264	4104.1118
1323.2588	4053.8713
1323.791	4028.0503
1324.3234	4020.2986
1324.8556	3996.8206
1325.3879	3927.7229
1325.9203	3894.9495
1326.4525	3863.6572
1326.9849	3784.5403
1327.5171	3785.7922
1328.0494	3783.4246
1328.5818	3758.1333
1329.114	3665.9707
1329.6464	3621.7358
1330.1786	3651.7205
1330.7109	3580.9624
1331.2433	3543.6018
1331.7755	3496.946
1332.3079	3527.5522
1332.8401	3516.0308
1333.3724	3527.9043
1333.9048	3494.3274
1334.437	3467.9365
1334.9694	3434.6663
1335.5016	3411.0674
1336.0339	3424.791
1336.5662	3425.0894
1337.0985	3372.4033
1337.6309	3373.3091
1338.1631	3384.1431
1338.6954	3379.1519
1339.2277	3358.2458
1339.76	3321.0354
1340.2924	3333.0022
1340.8246	3400.4465
1341.3569	3400.9978
1341.8892	3385.3108
1342.4215	3409.4985
1342.9539	3364.6833
1343.4861	3368.7485
1344.0184	3426.1082
1344.5507	3448.2747
1345.083	3473.8193
1345.6154	3494.0181
1346.1476	3486.4309
1346.6799	3522.6277
1347.2122	3547.7983
1347.7445	3607.2625
1348.2769	3554.907
1348.8091	3568.4773
1349.3414	3568.6917
1349.8737	3611.1147
1350.406	3666.3279
1350.9382	3691.1995
1351.4706	3663.7622
1352.0029	3670.4009
1352.5352	3728.6299
1353.0675	3704.6829
1353.5997	3754.9089
1354.1321	3813.3477
1354.6644	3778.4077
1355.1967	3800.291
1355.729	3814.9028
1356.2612	3844.374
1356.7936	3900.6023
1357.3259	3909.7029
1357.8582	3913.5178
1358.3905	3922.6252
1358.9227	3957.1416
1359.4551	4000.366
1359.9874	3965.5613
1360.5197	4022.4089
1361.052	4050.4158
1361.5842	3989.6809
1362.1166	3984.2307
1362.6488	4045.001
1363.1812	3990.0493
1363.7135	4064.332
1364.2457	4056.781
1364.7781	4070.3408
1365.3103	4129.4233
1365.8427	4098.4331
1366.375	4087.4436
1366.9072	4104.1846
1367.4396	4119.0029
1367.9718	4097.5786
1368.5042	4122.1196
1369.0365	4103.4199
1369.5687	4092.5723
1370.1011	4096.0366
1370.6333	4075.7378
1371.1656	4048.9412
1371.698	4142.2764
1372.2302	4105.6636
1372.7626	4054.6917
1373.2948	4091.7334
1373.8271	4115.3027
1374.3595	4094.8225
1374.8917	4063.0149
1375.4241	4061.5764
1375.9563	4074.6499
1376.4886	4035.9102
1377.0209	4002.3616
1377.5532	4015.4194
1378.0856	3999.603
1378.6178	4016.1196
1379.1501	4009.9922
1379.6824	4018.3186
1380.2147	3974.3215
1380.7471	3965.5479
1381.2793	3943.2463
1381.8116	3913.302
1382.3439	3923.5381
1382.8762	3903.0862
1383.4086	3857.1179
1383.9408	3866.1741
1384.4731	3845.2349
1385.0054	3963.9619
1385.5377	3800.3274
1386.0701	3763.0347
1386.6023	3837.9343
1387.1346	3850.7219
1387.6669	3800.3125
1388.1992	3798.0869
1388.7314	3752.7686
1389.2638	3744.3213
1389.7961	3828.428
1390.3284	3811.2104
1390.8607	3798.4612
1391.3929	3756.218
1391.9253	3733.9224
1392.4576	3720.1355
1392.9899	3777.4214
1393.5222	3751.8936
1394.0544	3714.1777
1394.5868	3729.1082
1395.1191	3710.7593
1395.6514	3719.5674
1396.1837	3718.5022
1396.7159	3714.9348
1397.2483	3712.0881
1397.7806	3715.0991
1398.3129	3709.542
1398.8452	3688.0374
1399.3774	3700.4092
1399.9098	3659.4832
1400.4421	3704.7668
1400.9744	3665.5916
1401.5067	3734.5735
1402.0389	3692.1704
1402.5713	3698.0498
1403.1035	3720.0859
1403.6359	3767.3008
1404.1682	3722.3733
1404.7004	3696.9888
1405.2328	3670.7405
1405.765	3653.3364
1406.2974	3726.0962
1406.8297	3736.8987
1407.3619	3672.1038
1407.8943	3645.9561
1408.4265	3668.4299
1408.9589	3692.2898
1409.4912	3691.2063
1410.0234	3734.7625
1410.5558	3678.6882
1411.088	3623.8315
1411.6204	3663.2651
1412.1527	3649.0261
1412.6849	3658.5688
1413.2173	3669.5083
1413.7495	3684.7795
1414.2819	3685.5583
1414.8141	3651.3616
1415.3464	3674.0493
1415.8788	3708.9041
1416.411	3682.2422
1416.9434	3692.635
1417.4756	3723.093
1418.0079	3689.7256
1418.5403	3657.3379
1419.0725	3638.5166
1419.6049	3632.7603
1420.1371	3666.1704
1420.6694	3693.9722
1421.2018	3665.5986
1421.734	3639.0845
1422.2664	3653.1484
1422.7986	3656.2622
1423.3309	3647.1787
1423.8633	3648.6704
1424.3955	3637.981
1424.9279	3603.7188
1425.4601	3601.4316
1425.9924	3538.8889
1426.5248	3570.8501
1427.057	3636.9163
1427.5894	3619.7888
1428.1216	3598.7505
1428.6539	3541.8584
1429.1862	3580.2207
1429.7185	3553.1228
1430.2509	3563.0386
1430.7831	3466.238
1431.3154	3546.0134
1431.8477	3517.8845
1432.38	3506.2271
1432.9124	3526.6277
1433.4446	3562.6833
1433.9769	3502.5779
1434.5092	3519.4612
1435.0415	3495.8364
1435.5739	3452.9385
1436.1061	3471.9609
1436.6384	3500.635
1437.1707	3475.9983
1437.703	3448.1902
1438.2354	3431.1475
1438.7676	3423.0874
1439.2999	3408.2966
1439.8322	3427.2639
1440.3645	3462.3933
1440.8967	3448.2505
1441.4291	3434.5066
1441.9614	3437.2471
1442.4937	3434.0232
1443.026	3455.8853
1443.5582	3450.1445
1444.0906	3427.8772
1444.6229	3471.5554
1445.1552	3472.696
1445.6875	3424.0388
1446.2197	3419.7166
1446.7521	3457
1447.2844	3419.1079
1447.8167	3415.9382
1448.349	3422.1013
1448.8812	3457.5813
1449.4136	3446.0256
1449.9459	3400.0894
1450.4781	3465.6211
1451.0105	3438.7336
1451.5427	3480.8303
1452.0751	3398.8979
1452.6074	3463.1599
1453.1396	3465.5708
1453.672	3391.8821
1454.2042	3421.1948
1454.7366	3461.248
1455.2688	3475.0813
1455.8011	3467.8328
1456.3335	3453.7637
1456.8657	3498.0225
1457.3981	3498.8914
1457.9303	3431.9873
1458.4626	3460.5012
1458.995	3498.0349
1459.5272	3480.9871
1460.0596	3456.7903
1460.5918	3536.8254
1461.1241	3510.9976
1461.6565	3495.708
1462.1887	3494.0813
1462.7211	3508.78
1463.2533	3471.1821
1463.7856	3469.6101
1464.318	3521.0317
1464.8502	3544.9417
1465.3826	3549.4834
1465.9148	3543.7146
1466.4471	3528.2654
1466.9794	3525.1536
1467.5117	3487.8757
1468.0441	3499.7498
1468.5763	3553.9609
1469.1086	3548.4036
1469.6409	3525.8911
1470.1732	3547.1255
1470.7056	3517.7864
1471.2378	3490.6084
1471.7701	3512.3281
1472.3024	3501.5205
1472.8347	3466.5044
1473.3671	3478.1252
1473.8993	3524.3384
1474.4316	3540.9795
1474.9639	3545.9595
1475.4962	3527.2485
1476.0286	3498.2444
1476.5608	3481.6729
1477.0931	3489.7695
1477.6254	3485.5369
1478.1577	3526.2542
1478.6901	3502.8052
1479.2223	3488.1279
1479.7546	3497.1597
1480.2869	3494.2754
1480.8192	3523.6951
1481.3514	3546.5916
1481.8838	3490.5503
1482.4161	3516.7202
1482.9484	3496.6758
1483.4807	3544.7571
1484.0129	3543.0854
1484.5453	3567.7756
1485.0776	3546.9363
1485.6099	3633.1687
1486.1422	3594.9753
1486.6744	3565.3682
1487.2068	3599.7483
1487.7391	3642.3616
1488.2714	3626.6011
1488.8037	3544.9331
1489.3359	3591.1221
1489.8683	3657.8752
1490.4006	3642.3994
1490.9329	3653.2712
1491.4652	3668.1335
1491.9974	3639.1738
1492.5298	3682.209
1493.062	3714.2991
1493.5944	3681.3044
1494.1267	3704.4336
1494.6589	3712.4192
1495.1913	3671.0132
1495.7235	3725.7415
1496.2559	3782.3677
1496.7882	3733.1162
1497.3204	3740.9121
1497.8528	3736.8718
1498.385	3817.2285
1498.9174	3841.5002
1499.4497	3873.6003
1499.9819	3878.332
1500.5143	3917.5786
1501.0465	3922.8315
1501.5789	3888.3279
1502.1112	3921.8792
1502.6434	3989.5486
1503.1758	4017.8213
1503.708	4021.0461
1504.2404	4034.8765
1504.7727	4081.28
1505.3049	4133.8853
1505.8373	4110.0732
1506.3695	4100.1318
1506.9019	4143.3159
1507.4341	4176.8286
1507.9664	4195.7197
1508.4988	4238.6133
1509.031	4264.3452
1509.5634	4281.6279
1510.0956	4257.4155
1510.6279	4263.2158
1511.1603	4337.8379
1511.6925	4337.1211
1512.2249	4362.3271
1512.7571	4381.2104
1513.2894	4397.2471
1513.8218	4454.1211
1514.354	4464.0039
1514.8864	4438.0723
1515.4186	4477.229
1515.9509	4529.79
1516.4833	4513.3862
1517.0155	4543.2515
1517.5479	4560.7563
1518.0801	4549.1807
1518.6124	4615.9653
1519.1447	4646.6914
1519.677	4645.2808
1520.2094	4681.8018
1520.7416	4722.0635
1521.2739	4727.7505
1521.8062	4711.9639
1522.3385	4751.1455
1522.8708	4796.1675
1523.4031	4781.9351
1523.9354	4807.7603
1524.4677	4831.375
1525	4848.3735
1525.5323	4836.1597
1526.0646	4831.5024
1526.5969	4866.4722
1527.1292	4865.3916
1527.6615	4919.9502
1528.1938	4934.0645
1528.7261	4906.6494
1529.2584	4927.8428
1529.7906	4962.3213
1530.323	4988.1455
1530.8553	4934.1499
1531.3876	4905.4429
1531.9199	4939.3989
1532.4521	4955.1211
1532.9845	4966.9126
1533.5167	4963.6245
1534.0491	4982.9878
1534.5814	4975.8154
1535.1136	5022.6841
1535.646	5010.438
1536.1782	5016.3486
1536.7106	5051.7954
1537.2429	5060.0635
1537.7751	5013.7598
1538.3075	5006.8916
1538.8397	4981.9204
1539.3721	5011.7471
1539.9044	4967.5698
1540.4366	4982.2358
1540.969	4997.2314
1541.5012	4980.4575
1542.0336	5004.229
1542.5659	5029.6909
1543.0981	4925.6812
1543.6305	5026.4219
1544.1627	4909.6777
1544.6951	4979.3066
1545.2273	5062.8223
1545.7596	4935.7495
1546.292	5008.0049
1546.8242	5074.8018
1547.3566	4946.5938
1547.8888	4899.1602
1548.4211	4920.4243
1548.9535	4895.4019
1549.4857	4899.6792
1550.0181	4929.895
1550.5503	4878.7168
1551.0826	4972.1587
1551.615	4937.6968
1552.1472	4920.5073
1552.6796	4886.396
1553.2118	4954.481
1553.7441	4917.9316
1554.2765	4911.1631
1554.8087	4873.1714
1555.3411	4871.2563
1555.8733	4867.647
1556.4056	4898.5181
1556.938	4870.0078
1557.4702	4877.6797
1558.0026	4871.7651
1558.5348	4831.3408
1559.0671	4794.624
1559.5994	4827.7251
1560.1317	4830.042
1560.6641	4814.2412
1561.1963	4836.5107
1561.7286	4884.4639
1562.2609	4835.1016
1562.7932	4814.792
1563.3256	4809.7939
1563.8578	4865.0005
1564.3901	4868.6177
1564.9224	4806.3701
1565.4547	4784.9238
1565.9871	4752.5093
1566.5193	4747.7388
1567.0516	4818.2012
1567.5839	4678.1807
1568.1162	4729.8657
1568.6486	4731.9434
1569.1808	4830.0649
1569.7131	4788.7441
1570.2454	4810.0771
1570.7777	4729.4409
1571.3099	4743.1147
1571.8423	4790.5
1572.3746	4720.6045
1572.9069	4719.3887
1573.4392	4693.5703
1573.9714	4753.4814
1574.5038	4659.1152
1575.0361	4621.4414
1575.5684	4684.1064
1576.1007	4680.5215
1576.6329	4738.2817
1577.1653	4684.7134
1577.6976	4695.1021
1578.2299	4656.6812
1578.7622	4730.2773
1579.2944	4658.9761
1579.8268	4674.6812
1580.3591	4663.8721
1580.8914	4599.5864
1581.4237	4627.7036
1581.9559	4589.3218
1582.4883	4557.6318
1583.0206	4632.7427
1583.5529	4597.396
1584.0852	4575.6357
1584.6174	4506.439
1585.1498	4503.2964
1585.682	4559.709
1586.2144	4519.896
1586.7467	4559.9941
1587.2789	4482.7646
1587.8113	4478.5425
1588.3435	4418.0879
1588.8759	4424.2778
1589.4082	4463.0747
1589.9404	4440.2939
1590.4728	4428.3135
1591.005	4394.6196
1591.5374	4376.3579
1592.0697	4384.3032
1592.6019	4340.1538
1593.1343	4419.9819
1593.6665	4369.6855
1594.1989	4309.7832
1594.7312	4344.5122
1595.2634	4332.3623
1595.7958	4323.4326
1596.328	4215.6641
1596.8604	4209.7925
1597.3926	4247.3823
1597.9249	4207.2119
1598.4573	4159.874
1598.9895	4128.3794
1599.5219	4141.9883
1600.0541	4154.1138
1600.5864	4140.186
1601.1188	4052.4744
1601.651	4037.8118
1602.1833	4073.1028
1602.7156	4034.9202
1603.2479	3957.8486
1603.7803	3989.0776
1604.3125	3981.3352
1604.8448	3949.9949
1605.3771	3912.8245
1605.9094	3855.7349
1606.4418	3893.4583
1606.974	3893.2825
1607.5063	3884.1377
1608.0386	3812.9819
1608.5709	3808.1274
1609.1033	3865.6702
1609.6355	3738.3657
1610.1678	3728.9854
1610.7001	3669.5239
1611.2324	3718.5549
1611.7646	3687.2136
1612.297	3667.6204
1612.8293	3650.5479
1613.3616	3678.1379
1613.8939	3592.0479
1614.4261	3594.5867
1614.9585	3593.1506
1615.4908	3576.0713
1616.0231	3552.4407
1616.5554	3517.6826
1617.0876	3494.9114
1617.62	3439.2417
1618.1523	3424.5901
1618.6846	3424.199
1619.2169	3397.6602
1619.7491	3399.9443
1620.2815	3418.3428
1620.8138	3384.5923
1621.3461	3331.5054
1621.8784	3330.7671
1622.4106	3360.1775
1622.943	3305.0728
1623.4752	3266.7537
1624.0076	3239.71
1624.5399	3235.4414
1625.0721	3206.5015
1625.6045	3212.8926
1626.1367	3185.1648
1626.6691	3169.3511
1627.2014	3167.8892
1627.7336	3146.0728
1628.266	3141.0117
1628.7982	3098.564
1629.3306	3088.697
1629.8629	3116.5493
1630.3951	3101.2798
1630.9275	3064.4109
1631.4597	3052.5437
1631.9921	3043.605
1632.5244	3026.1812
1633.0566	3001.1177
1633.589	2990.0242
1634.1212	3000.2458
1634.6536	2997.9653
1635.1859	2968.3994
1635.7181	2927.0771
1636.2505	2921.8721
1636.7827	2928.6978
1637.3151	2902.2268
1637.8473	2870.333
1638.3796	2895.6631
1638.912	2887.6787
1639.4442	2864.9036
1639.9766	2803.9241
1640.5088	2795.3701
1641.0411	2846.0876
1641.5735	2826.9077
1642.1057	2821.561
1642.6381	2796.377
1643.1703	2746.53
1643.7026	2771.1143
1644.235	2762.6047
1644.7672	2728.6238
1645.2996	2746.5352
1645.8318	2782.4758
1646.3641	2763.3979
1646.8965	2757.9128
1647.4287	2692.2778
1647.9611	2675.7874
1648.4933	2655.6184
1649.0256	2628.0469
1649.5579	2668.053
1650.0902	2696.052
1650.6226	2619.6541
1651.1548	2662.5413
1651.6871	2688.3982
1652.2194	2625.0818
1652.7517	2570.5676
1653.2841	2613.0349
1653.8163	2560.1106
1654.3486	2527.2256
1654.8809	2561.8853
1655.4132	2542.2664
1655.9456	2545.3359
1656.4778	2578.5176
1657.0101	2540.1567
1657.5424	2498.7026
1658.0747	2451.4019
1658.6071	2533.0684
1659.1393	2549.9836
1659.6716	2495.0139
1660.2039	2462.8042
1660.7362	2480.1104
1661.2686	2501.0928
1661.8008	2436.6372
1662.3331	2437.7087
1662.8654	2456.3621
1663.3977	2439.5308
1663.9299	2424.5281
1664.4623	2414.085
1664.9946	2416.2378
1665.5269	2421.6687
1666.0592	2377.7808
1666.5914	2390.4382
1667.1238	2394.6831
1667.6561	2355.6711
1668.1884	2372.9258
1668.7207	2339.3218
1669.2529	2333.9019
1669.7853	2352.1355
1670.3176	2357.8069
1670.8499	2344.5383
1671.3822	2299.4636
1671.9144	2288.7454
1672.4468	2291.1563
1672.9791	2291.814
1673.5114	2293.0579
1674.0437	2241.9968
1674.5759	2243.4739
1675.1083	2250.8933
1675.6405	2228.9363
1676.1729	2226.0176
1676.7052	2236.2009
1677.2374	2233.0144
1677.7698	2214.3357
1678.302	2188.0854
1678.8344	2191.5898
1679.3667	2190.3132
1679.8989	2161.7114
1680.4313	2157.1187
1680.9635	2175.886
1681.4958	2162.3547
1682.0282	2133.9385
1682.5604	2120.0903
1683.0928	2104.2188
1683.625	2112.1367
1684.1573	2125.4319
1684.6897	2107.9373
1685.2219	2092.2156
1685.7543	2061.9641
1686.2865	2041.113
1686.8188	2049.7473
1687.3512	2046.9703
1687.8834	2044.9911
1688.4158	2031.4109
1688.948	2028.917
1689.4803	2025.109
1690.0126	2021.8
1690.5449	1998.6056
1691.0773	1996.0654
1691.6095	1990.0973
1692.1418	1991.0991
1692.6741	2000.3455
1693.2064	1980.3403
1693.7388	1972.366
1694.271	1938.4463
1694.8033	1948.6497
1695.3356	1946.238
1695.8679	1941.8618
1696.4003	1933.4617
1696.9325	1938.2247
1697.4648	1925.397
1697.9971	1922.012
1698.5294	1911.8451
1699.0618	1917.4492
1699.594	1917.1851
1700.1263	1900.0844
1700.6586	1871.8199
1701.1909	1889.6948
1701.7231	1889.541
1702.2555	1890.7019
1702.7878	1888.9623
1703.3201	1869.3763
1703.8524	1856.9279
1704.3846	1865.3552
1704.917	1839.9344
1705.4493	1835.9824
1705.9816	1843.8983
1706.5139	1826.6211
1707.0461	1800.6456
1707.5785	1824.1088
1708.1108	1805.5708
1708.6431	1817.5393
1709.1754	1827.3889
1709.7076	1818.7238
1710.24	1785.1912
1710.7723	1793.0023
1711.3046	1767.7297
1711.8369	1785.3783
1712.3691	1761.5316
1712.9015	1760.6548
1713.4338	1772.1836
1713.9661	1753.9073
1714.4984	1737.6202
1715.0306	1759.9225
1715.563	1742.917
1716.0952	1734.347
1716.6276	1739.6895
1717.1599	1782.5806
1717.6921	1729.0575
1718.2245	1725.5709
1718.7567	1728.9006
1719.2891	1760.1283
1719.8214	1751.5665
1720.3536	1744.9209
1720.886	1717.854
1721.4182	1716.0054
1721.9506	1699.4462
1722.4829	1704.384
1723.0151	1696.9968
1723.5475	1720.736
1724.0797	1715.0024
1724.6121	1718.2732
1725.1444	1706.4486
1725.6766	1718.2546
1726.209	1675.2374
1726.7412	1703.4685
1727.2736	1710.0894
1727.8058	1691.385
1728.3381	1689.639
1728.8705	1668.6824
1729.4027	1685.0161
1729.9351	1721.9227
1730.4673	1723.7062
1730.9996	1667.4249
1731.532	1689.766
1732.0642	1726.9159
1732.5966	1692.1401
1733.1288	1657.5864
1733.6611	1656.0313
1734.1935	1668.1038
1734.7257	1656.9432
1735.2581	1667.9294
1735.7903	1661.2603
1736.3226	1654.662
1736.855	1660.1584
1737.3872	1648.7378
1737.9196	1654.9733
1738.4518	1650.5081
1738.9841	1644.0891
1739.5165	1648.2103
1740.0487	1628.684
1740.5811	1640.4764
1741.1133	1656.5031
1741.6456	1656.551
1742.1779	1677.778
1742.7102	1683.782
1743.2426	1672.6571
1743.7748	1649.421
1744.3071	1649.1921
1744.8394	1646.9362
1745.3717	1640.0697
1745.9041	1652.5098
1746.4363	1639.5989
1746.9686	1629.0398
1747.5009	1631.1248
1748.0332	1633.9622
1748.5656	1648.5278
1749.0978	1629.3475
1749.6301	1622.9808
1750.1624	1625.3508
1750.6947	1633.4403
1751.2271	1636.7997
1751.7593	1645.1887
1752.2916	1659.4172
1752.8239	1637.6323
1753.3562	1610.2969
1753.8884	1632.4246
1754.4208	1634.2714
1754.9531	1617.0913
1755.4854	1636.621
1756.0177	1641.8923
1756.5499	1657.8868
1757.0823	1643.0725
1757.6146	1634.3628
1758.1469	1653.9821
1758.6792	1673.827
1759.2114	1624.8304
1759.7438	1614.1608
1760.2761	1642.4233
1760.8083	1634.7186
1761.3407	1663.8544
1761.8729	1654.4004
1762.4053	1666.2015
1762.9376	1634.165
1763.4698	1662.2982
1764.0022	1644.4945
1764.5344	1631.4026
1765.0668	1608.5952
1765.5991	1650.6445
1766.1313	1633.5911
1766.6637	1636.4462
1767.1959	1632.7539
1767.7283	1656.1157
1768.2605	1653.1639
1768.7928	1661.5812
1769.3252	1654.9957
1769.8574	1633.4823
1770.3898	1627.6136
1770.922	1621.6429
1771.4543	1634.5724
1771.9867	1639.5109
1772.5189	1662.8993
1773.0513	1645.0505
1773.5835	1633.4489
1774.1158	1654.5619
1774.6482	1640.403
1775.1804	1642.9275
1775.7128	1658.2866
1776.245	1663.5044
1776.7773	1652.0536
1777.3097	1644.7177
1777.8419	1651.781
1778.3743	1653.2888
1778.9065	1661.2969
1779.4388	1663.6096
1779.9711	1669.6798
1780.5034	1664.4847
1781.0358	1674.7268
1781.568	1657.2029
1782.1003	1670.8098
1782.6326	1639.3873
1783.1649	1646.783
1783.6973	1668.9431
1784.2295	1687.4551
1784.7618	1688.0979
1785.2941	1703.665
1785.8264	1696.8138
1786.3588	1664.944
1786.891	1649.9686
1787.4233	1623.2151
1787.9556	1672.6318
1788.4879	1670.6432
1789.0203	1681.1482
1789.5525	1706.5171
1790.0848	1691.6185
1790.6171	1659.3569
1791.1494	1672.0797
1791.6818	1678.5562
1792.214	1686.0809
1792.7463	1697.3988
1793.2786	1673.1354
1793.8109	1677.958
1794.3431	1687.4519
1794.8755	1721.644
1795.4078	1722.4138
1795.9401	1699.2053
1796.4724	1697.5551
1797.0046	1691.724
1797.537	1684.662
1798.0693	1693.3862
1798.6016	1697.8805
1799.1339	1705.64
1799.6661	1695.1772
1800.1985	1693.3873
1800.7308	1709.3864
1801.2631	1713.9438
1801.7954	1719.772
1802.3276	1715.7422
1802.86	1711.255
1803.3923	1705.0986
1803.9246	1725.9867
1804.4569	1737.0244
1804.9891	1702.7665
1805.5215	1739.2853
1806.0537	1764.9136
1806.5861	1761.2465
1807.1184	1764.7778
1807.6506	1754.0277
1808.183	1751.2662
1808.7152	1741.0338
1809.2476	1753.2437
1809.7799	1771.8864
1810.3121	1755.6704
1810.8445	1772.2916
1811.3767	1761.8623
1811.9091	1786.6517
1812.4414	1795.2374
1812.9736	1767.7543
1813.506	1803.4934
1814.0382	1780.1876
1814.5706	1789.2611
1815.1029	1818.2278
1815.6351	1807.1582
1816.1675	1779.5502
1816.6997	1809.9395
1817.2321	1815.7839
1817.7644	1811.7865
1818.2966	1810.8159
1818.829	1810.4452
1819.3612	1825.4113
1819.8936	1825.1246
1820.4258	1822.9438
1820.9581	1830.6282
1821.4905	1834.1316
1822.0227	1834.0905
1822.5551	1823.7428
1823.0873	1818.1029
1823.6196	1826.9564
1824.152	1852.3101
1824.6842	1855.5675
1825.2166	1843.7284
1825.7488	1812.1289
1826.2811	1854.0542
1826.8135	1881.7429
1827.3457	1871.2454
1827.8781	1878.2273
1828.4103	1883.1333
1828.9426	1890.7338
1829.475	1903.0626
1830.0072	1914.4276
1830.5396	1884.1733
1831.0718	1899.527
1831.6041	1941.3124
1832.1364	1924.6011
1832.6687	1910.6399
1833.201	1955.8474
1833.7333	1920.5511
1834.2656	1954.8284
1834.7979	1968.5132
1835.3302	1926.3887
1835.8625	1972.1588
1836.3948	1973.199
1836.9271	1945.9185
1837.4594	1959.7516
1837.9917	1975.0258
1838.524	1983.1365
1839.0563	1983.2001
1839.5886	1990.8176
1840.1208	2013.2841
1840.6532	2000.5212
1841.1855	2013.0259
1841.7178	2043.1074
1842.2501	2057.5061
1842.7823	2066.5798
1843.3147	2074.4209
1843.847	2058.8962
1844.3793	2046.0364
1844.9116	2060.4954
1845.4438	2113.5635
1845.9762	2125.5308
1846.5084	2070.3464
1847.0408	2112.989
1847.5731	2073.7463
1848.1053	2128.8101
1848.6377	2123.4199
1849.1699	2147.3828
1849.7023	2183.2014
1850.2346	2190.0852
1850.7668	2145.229
1851.2992	2172.8604
1851.8314	2191.6367
1852.3638	2186.1672
1852.8961	2183.946
1853.4283	2207.0234
1853.9607	2229.1663
1854.4929	2250.5884
1855.0253	2245.0818
1855.5576	2274.0012
1856.0898	2275.6965
1856.6222	2303.4763
1857.1544	2317.833
1857.6868	2301.043
1858.219	2305.7549
1858.7513	2313.3323
1859.2837	2321.8542
1859.8159	2340.6763
1860.3483	2376.4863
1860.8805	2387.1326
1861.4128	2380.9783
1861.9452	2374.6599
1862.4774	2404.2239
1863.0098	2421.093
1863.542	2425.0146
1864.0743	2440.7605
1864.6067	2492.9229
1865.1389	2476.5085
1865.6713	2466.907
1866.2035	2559.0994
1866.7358	2550.491
1867.2682	2558.6731
1867.8004	2573.0671
1868.3328	2577.9224
1868.865	2549.2371
1869.3973	2610.8423
1869.9297	2626.7466
1870.4619	2662.1448
1870.9943	2624.1382
1871.5265	2628.2537
1872.0588	2671.5608
1872.5911	2709.918
1873.1234	2699.5754
1873.6558	2727.2712
1874.188	2732.4082
1874.7203	2779.4272
1875.2526	2807.521
1875.7849	2819.449
1876.3173	2816.9617
1876.8495	2842.9658
1877.3818	2906.7097
1877.9141	2951.1367
1878.4464	2976.7668
1878.9788	2951.79
1879.511	2916.2844
1880.0433	3030.9551
1880.5756	3055.7991
1881.1079	3105.0068
1881.6403	3136.0679
1882.1725	3146.5476
1882.7048	3142.3706
1883.2371	3207.7021
1883.7694	3224.5581
1884.3016	3267.634
1884.834	3307.9863
1885.3663	3388.0071
1885.8986	3397.3066
1886.4309	3401.1584
1886.9631	3430.9875
1887.4955	3475.603
1888.0278	3566.8796
1888.5601	3608.7703
1889.0924	3660.561
1889.6246	3686.4551
1890.157	3726.4197
1890.6893	3777.0134
1891.2216	3802.676
1891.7539	3885.0649
1892.2861	3971.3015
1892.8185	4048.7849
1893.3508	4063.2742
1893.8831	4136.377
1894.4154	4218.7329
1894.9476	4257.8398
1895.48	4419.7202
1896.0123	4566.6445
1896.5446	4564.8491
1897.0769	4659.2666
1897.6091	4750.5415
1898.1415	4832.1812
1898.6737	5010.2524
1899.2061	5138.418
1899.7384	5210.4111
1900.2706	5289.1118
1900.803	5439.9971
1901.3352	5550.7451
1901.8676	5702.0967
1902.3999	5907.0737
1902.9321	6057.9761
1903.4645	6161.3809
1903.9967	6366.418
1904.5291	6512.6641
1905.0614	6634.1914
1905.5936	6837.9443
1906.126	7084.3608
1906.6582	7272.6807
1907.1906	7409.292
1907.7229	7552.7295
1908.2551	7803.8232
1908.7875	8241.8262
1909.3197	8298.5088
1909.8521	8497.5391
1910.3843	8810.749
1910.9166	9113.8184
1911.449	9257.3311
1911.9812	9562.2119
1912.5135	9804.2627
1913.0458	10048.084
1913.5781	10337.73
1914.1105	10542.972
1914.6427	10871.792
1915.175	11191.087
1915.7073	11427.637
1916.2396	11753.063
1916.772	12022.202
1917.3042	12212.163
1917.8365	12511.526
1918.3688	12845.69
1918.9011	13054.846
1919.4335	13275.787
1919.9657	13540.834
1920.498	13926.171
1921.0303	14084.012
1921.5626	14295.426
1922.095	14630.803
1922.6272	14837.567
1923.1595	14934.474
1923.6918	15220.054
1924.2241	15427.307
1924.7563	15698.125
1925.2887	15728.016
1925.821	15910.977
1926.3533	16070.021
1926.8856	16320.491
1927.4178	16440.617
1927.9502	16468.641
1928.4825	16667.055
1929.0148	16730.361
1929.5471	16857.672
1930.0793	17142.795
1930.6117	17201.563
1931.144	17308.633
1931.6763	17390.67
1932.2086	17469.896
1932.7408	17527.174
1933.2732	17528.352
1933.8055	17637.049
1934.3378	17792.887
1934.8701	17792.174
1935.4023	17967.291
1935.9347	17833.412
1936.4669	17875.773
1936.9993	18104.951
1937.5316	18140.498
1938.0638	18150.662
1938.5962	18188.408
1939.1284	18192.463
1939.6608	18144.434
1940.1931	18184.133
1940.7253	18163.588
1941.2577	18152.693
1941.7899	18199.625
1942.3223	18313.369
1942.8546	18263.143
1943.3868	18039.412
1943.9192	18083.979
1944.4514	18143.863
1944.9838	18080.104
1945.5161	18085.234
1946.0483	17889.996
1946.5807	17840.314
1947.1129	17634.055
1947.6453	17519.965
1948.1776	17392.965
1948.7098	17220.443
1949.2422	17224.424
1949.7744	17158.572
1950.3068	16978.736
1950.839	16819.057
1951.3713	16599.822
1951.9037	16366.269
1952.4359	16295.04
1952.9683	16211.27
1953.5005	16039.719
1954.0328	15982.527
1954.5652	15910.96
1955.0974	15857.909
1955.6298	15803.65
1956.162	15538.821
1956.6943	15506.47
1957.2267	15505.872
1957.7589	15536.688
1958.2913	15431.638
1958.8235	15198.897
1959.3558	15321.562
1959.8882	15272.907
1960.4204	15376.081
1960.9528	15269.629
1961.485	15409.389
1962.0173	15402.827
1962.5496	15324.603
1963.0819	15330.434
1963.6143	15376.589
1964.1465	15296.37
1964.6788	15276.599
1965.2111	15237.34
1965.7434	15256.205
1966.2758	15227.246
1966.808	15205.8
1967.3403	15246.463
1967.8726	15234.296
1968.4049	15153.021
1968.9373	14995.887
1969.4695	15172.08
1970.0018	15155.699
1970.5341	15140.094
1971.0664	15136.961
1971.5988	15059.969
1972.131	14998.75
1972.6633	15008.827
1973.1956	14966.576
1973.7279	15046.06
1974.2603	15070.09
1974.7925	15059.51
1975.3248	15018.71
1975.8571	14901.869
1976.3894	14832.529
1976.9216	14931.593
1977.454	15007.408
1977.9863	15077.912
1978.5186	14883.712
1979.0509	15078.565
1979.5831	15066.275
1980.1155	15008.936
1980.6478	15060.771
1981.1801	15319.564
1981.7124	15247.93
1982.2446	15310.143
1982.777	15442.953
1983.3093	15428.084
1983.8416	15506.49
1984.3739	15625.108
1984.9061	15800.272
1985.4385	16037.944
1985.9708	16050.446
1986.5031	16100.521
1987.0354	16227.828
1987.5676	16268.471
1988.1	16372.487
1988.6322	16426.371
1989.1646	16476.984
1989.6969	16522.096
1990.2291	16825.063
1990.7615	16794.742
1991.2937	16890.277
1991.826	16956.27
1992.3584	16953.406
1992.8906	17043.127
1993.423	17085.771
1993.9552	17137.168
1994.4875	17124.33
1995.0199	17142.346
1995.5521	17148.672
1996.0845	17157.563
1996.6167	17219.777
1997.149	17143.773
1997.6814	17010.037
1998.2136	16963.84
1998.746	16888.199
1999.2782	16871.902
1999.8105	16891.232
2000.3429	16608.711
2000.8751	16476.242
2001.4075	16388.518
2001.9397	16107.442
2002.472	15910.909
2003.0043	15717.981
2003.5366	15561.688
2004.069	15342.123
2004.6012	15099.753
2005.1335	14764.885
2005.6658	14520.539
2006.1981	14317.126
2006.7305	14109.365
2007.2627	13776.086
2007.795	13522.675
2008.3273	13323.302
2008.8596	13139.919
2009.392	12653.885
2009.9242	12483.993
2010.4565	12368.593
2010.9888	12114.872
2011.5211	12044.631
2012.0535	11780.349
2012.5857	11560.096
2013.118	11370.992
2013.6503	11254.177
2014.1826	11178.835
2014.7148	11074.837
2015.2472	10996.717
2015.7795	10975.416
2016.3118	11017.473
2016.8441	10846.052
2017.3763	10938.854
2017.9087	11042.688
2018.441	10925.901
2018.9733	11002.773
2019.5056	11164.238
2020.0378	11162.354
2020.5702	11202.182
2021.1025	11313.957
2021.6348	11399.68
2022.1671	11442.396
2022.6993	11561.258
2023.2317	11683.027
2023.764	11817.627
2024.2963	12015.756
2024.8286	12178.256
2025.3608	12244.463
2025.8932	12410.614
2026.4255	12549.445
2026.9578	12648.957
2027.4901	12888.869
2028.0223	12933.593
2028.5547	13052.623
2029.0869	13185.93
2029.6193	13369.68
2030.1516	13410.683
2030.6838	13574.087
2031.2162	13719.183
2031.7484	13767.796
2032.2808	13817.956
2032.8131	13954.791
2033.3453	14022.485
2033.8777	14062.1
2034.4099	14029.972
2034.9423	14148.152
2035.4746	14062.108
2036.0068	14076.209
2036.5392	14132.601
2037.0714	14041.691
2037.6038	13957.185
2038.1361	14034.967
2038.6683	13987.577
2039.2007	13717.324
2039.7329	13734.03
2040.2653	13689.544
2040.7975	13641.196
2041.3298	13525.618
2041.8622	13410.544
2042.3944	13319.024
2042.9268	13171.717
2043.459	12973.871
2043.9913	12879.023
2044.5237	12669.339
2045.0559	12557.436
2045.5883	12595.555
2046.1205	12308.267
2046.6528	12224.104
2047.1852	12165.043
2047.7174	11994.737
2048.2498	11936.304
2048.782	11749.84
2049.3142	11674.945
2049.8467	11589.247
2050.3789	11410.252
2050.9111	11194.021
2051.4436	11085.494
2051.9758	11083.909
2052.5081	10962.594
2053.0405	10720.852
2053.5728	10637.595
2054.105	10505.998
2054.6372	10423.51
2055.1697	10171.328
2055.7019	10132.314
2056.2341	9972.1543
2056.7666	9865.5762
2057.2988	9783.4668
2057.8311	9686.9775
2058.3635	9510.1484
2058.8958	9466.1816
2059.428	9402.4902
2059.9602	9329.9219
2060.4927	9243.0771
2061.0249	9078.1963
2061.5571	8947.6875
2062.0896	8919.2119
2062.6218	8742.6338
2063.1541	8677.2686
2063.6863	8666.9785
2064.2188	8610.1504
2064.751	8500.2881
2065.2832	8412.1494
2065.8157	8382.1143
2066.3479	8361.3896
2066.8801	8312.8662
2067.4126	8241.8721
2067.9448	8177.5073
2068.4771	8159.5127
2069.0093	8184.3242
2069.5417	8149.27
2070.074	8038.062
2070.6062	8007.6538
2071.1387	7881.7451
2071.6709	7955.7412
2072.2031	7976.3228
2072.7356	7868.7363
2073.2678	7845.7612
2073.8	7884
2074.3323	7897.7729
2074.8647	7873.4604
2075.397	7721.0063
2075.9292	7692.709
2076.4617	7715.5161
2076.9939	7721.5786
2077.5261	7677.4907
2078.0583	7660.2563
2078.5908	7583.4141
2079.123	7645.5347
2079.6553	7578.5938
2080.1877	7488.2856
2080.72	7521.8784
2081.2522	7515.6558
2081.7847	7551.4839
2082.3169	7526.4028
2082.8491	7441.3804
2083.3813	7458.5342
2083.9138	7395.3315
2084.446	7309.2896
2084.9783	7312.1597
2085.5107	7235.231
2086.043	7257.3354
2086.5752	7264.6826
2087.1074	7231.9033
2087.6399	7215.0469
2088.1721	7140.2559
2088.7043	7176.2295
2089.2368	7181.8242
2089.769	7120.3032
2090.3013	7127.0757
2090.8337	7163.1914
2091.366	7133.3965
2091.8982	7077.6514
2092.4304	7128.0278
2092.9629	7164.9668
2093.4951	7060.4253
2094.0273	7163.7256
2094.5598	7090.0664
2095.092	7110.0005
2095.6243	7164.4424
2096.1567	7252.1807
2096.689	7196.4907
2097.2212	7279.3989
2097.7534	7304.5908
2098.2859	7290.2017
2098.8181	7308.689
2099.3503	7361.9917
2099.8828	7370.2373
2100.415	7400.395
2100.9473	7365.2524
2101.4795	7408.4414
2102.012	7402.7803
2102.5442	7516.7729
2103.0764	7530.1221
2103.6089	7506.2744
2104.1411	7514.9331
2104.6733	7495.0869
2105.2058	7590.8853
2105.738	7656.8633
2106.2703	7598.0806
2106.8025	7585.5898
2107.335	7692.0962
2107.8672	7737.0308
2108.3994	7715.3257
2108.9319	7832.1416
2109.4641	7685.1909
2109.9963	7741.6392
2110.5288	7761.5591
2111.061	7831.5791
2111.5933	7820.7925
2112.1255	7797.1226
2112.658	7904.5298
2113.1902	7925.9736
2113.7224	7851.7036
2114.2549	7839.0669
2114.7871	7852.0361
2115.3193	7978.4106
2115.8516	8072.5552
2116.384	7979.3662
2116.9163	8043.252
2117.4485	8016.5962
2117.981	8093.5693
2118.5132	8096.2339
2119.0454	8149.3574
2119.5779	8233.999
2120.1101	8239.7588
2120.6423	8306.8926
2121.1746	8360.3604
2121.707	8429.3066
2122.2393	8517.0615
2122.7715	8500.7441
2123.304	8552.3018
2123.8362	8773.1777
2124.3684	8858.3398
2124.9009	8875.8213
2125.4331	8948.7061
2125.9653	9028.0127
2126.4976	9162.9473
2127.03	9206.1807
2127.5623	9279.2012
2128.0945	9380.2891
2128.627	9488.7813
2129.1592	9645.0654
2129.6914	9661.4072
2130.2236	9762.7471
2130.7561	9936.1963
2131.2883	9850.5654
2131.8206	10030.343
2132.353	10116.169
2132.8853	10173.725
2133.4175	10328.715
2133.95	10338.397
2134.4822	10383.318
2135.0144	10390.622
2135.5466	10529.284
2136.0791	10569.107
2136.6113	10565.761
2137.1436	10691.929
2137.676	10706.814
2138.2083	10761.313
2138.7405	10835.658
2139.2727	10875.442
2139.8052	10891.657
2140.3374	10868.745
2140.8696	10910.83
2141.4021	10898.196
2141.9343	10826.107
2142.4666	10837.817
2142.999	10846.206
2143.5313	10810.953
2144.0635	10913.69
2144.5957	10880.063
2145.1282	10834.677
2145.6604	10830.534
2146.1926	10766.658
2146.7251	10775.722
2147.2573	10656.88
2147.7896	10706.396
2148.322	10724.182
2148.8542	10680.217
2149.3865	10502.609
2149.9187	10510.763
2150.4512	10528.885
2150.9834	10505.408
2151.5156	10428.648
2152.0481	10452.937
2152.5803	10354.026
2153.1125	10278.473
2153.6448	10285.184
2154.1772	10266.338
2154.7095	10120.805
2155.2417	10041.719
2155.7742	10020.37
2156.3064	9974.9404
2156.8386	9972.415
2157.3711	9910.3271
2157.9033	9843.9131
2158.4355	9791.7119
2158.9678	9726.1885
2159.5002	9667.2119
2160.0325	9655.9727
2160.5647	9589.3486
2161.0972	9607.3369
2161.6294	9523.9482
2162.1616	9475.4932
2162.6941	9508.1777
2163.2263	9504.9941
2163.7585	9451.2588
2164.2908	9446.877
2164.8232	9430.8623
2165.3555	9462.1523
2165.8877	9454.5381
2166.4202	9419.6797
2166.9524	9436.2383
2167.4846	9379.2041
2168.0168	9422.8857
2168.5493	9391.8838
2169.0815	9351.2324
2169.6138	9348.998
2170.1462	9396.4863
2170.6785	9339.3564
2171.2107	9287.8857
2171.7432	9247.333
2172.2754	9205.3154
2172.8076	9146.167
2173.3398	9162.4199
2173.8723	9122.4268
2174.4045	9072.709
2174.9368	9102.1611
2175.4692	8974.8115
2176.0015	8950.2295
2176.5337	8795.9844
2177.0662	8882.9102
2177.5984	8742.458
2178.1306	8716.4961
2178.6628	8635.0947
2179.1953	8645.7383
2179.7275	8519.3076
2180.2598	8451.9131
2180.7922	8397.1826
2181.3245	8339.7109
2181.8567	8272.8232
2182.3889	8250.457
2182.9214	8210.4258
2183.4536	8119.9272
2183.9858	8022.7388
2184.5183	7986.4727
2185.0505	7986.1084
2185.5828	7927.2593
2186.1152	7887.5684
2186.6475	7809.4766
2187.1797	7703.2891
2187.7119	7689.2935
2188.2444	7648.4688
2188.7766	7542.0122
2189.3088	7574.2129
2189.8413	7559.7788
2190.3735	7442.498
2190.9058	7403.7246
2191.438	7317.2305
2191.9705	7419.5166
2192.5027	7315.4614
2193.0349	7323.0225
2193.5674	7263.498
2194.0996	7248.083
2194.6318	7209.3247
2195.1643	7184.0522
2195.6965	7147.3169
2196.2288	7186.2144
2196.761	7177.8721
2197.2935	7152.8496
2197.8257	7144.7549
2198.3579	7192.5894
2198.8904	7062.0288
2199.4226	7100.1885
2199.9548	7036.9854
2200.4873	7061.3125
2201.0195	7072.251
2201.5518	7027.228
2202.084	7025.6035
2202.6165	7105.0181
2203.1487	7056.8149
2203.6809	6995.9878
2204.2134	7112.8506
2204.7456	7040.3735
2205.2778	6976.2549
2205.8101	7014.5059
2206.3425	6964.3389
2206.8748	6958.3311
2207.407	7036.771
2207.9395	7129.7979
2208.4717	7015.9141
2209.0039	6984.1006
2209.5364	6972.2085
2210.0686	6974.7437
2210.6008	6993.1079
2211.1331	7036.0825
2211.6655	6964.8979
2212.1978	7063.3984
2212.73	7088.4971
2213.2625	6998.3813
2213.7947	7033.9551
2214.3269	7026.4741
2214.8594	7028.6772
2215.3916	7102.5371
2215.9238	7113.02
2216.4561	7056.8569
2216.9885	7072.9824
2217.5208	7143.8486
2218.053	7046.9146
2218.5854	7079.0688
2219.1177	7026.5474
2219.6499	6944.873
2220.1821	6999.4155
2220.7146	7086.8887
2221.2468	7037.8809
2221.7791	7050.7139
2222.3115	7118.0552
2222.8438	7147.6509
2223.376	7083.2412
2223.9084	7065.6499
2224.4407	7146.0371
2224.9729	7078.1958
2225.5051	7060.8164
2226.0376	7151.3379
2226.5698	7020.9829
2227.1021	7102.5513
2227.6345	7101.4302
2228.1667	7052.6646
2228.699	7083.9048
2229.2314	7083.0107
2229.7637	7132.1333
2230.2959	7089.3975
2230.8281	7075.4385
2231.3606	7088.7998
2231.8928	7206.2344
2232.425	7143.5977
2232.9575	7130.3901
2233.4897	7201.2036
2234.022	7239.0444
2234.5542	7189.8325
2235.0867	7148.4844
2235.6189	7217.7861
2236.1511	7287.5229
2236.6836	7176.5879
2237.2158	7236.6265
2237.748	7236.1597
2238.2805	7321.1182
2238.8127	7286.7261
2239.345	7279.1523
2239.8772	7283.8555
2240.4097	7263.7339
2240.9419	7321.981
2241.4741	7363.1777
2242.0066	7387.4277
2242.5388	7371.3052
2243.071	7396.2788
2243.6033	7444.1187
2244.1357	7402.4463
2244.668	7385.9087
2245.2002	7524.1343
2245.7327	7558.3198
2246.2649	7454.7461
2246.7971	7498.1484
2247.3296	7562.6997
2247.8618	7558.4644
2248.394	7618.4189
2248.9263	7652.0684
2249.4587	7644.46
2249.991	7704.4497
2250.5232	7792.8989
2251.0557	7691.7461
2251.5879	7812.3687
2252.1201	7720.3682
2252.6526	7817.7832
2253.1848	7842.1523
2253.717	7916.5884
2254.2493	7936.6753
2254.7817	7920.0947
2255.314	7968.8057
2255.8462	7967.1602
2256.3787	8055.2515
2256.9109	7949.999
2257.4431	7941.9673
2257.9753	8126.293
2258.5078	8178.6797
2259.04	8218.167
2259.5723	8205.4326
2260.1047	8162.5439
2260.637	8263.8047
2261.1692	8273.9668
2261.7017	8269.7168
2262.2339	8290.6885
2262.7661	8422.7705
2263.2983	8384.8037
2263.8308	8526.042
2264.363	8581.2666
2264.8953	8522.6846
2265.4277	8636.1982
2265.96	8645.416
2266.4922	8687.8828
2267.0247	8636.8916
2267.5569	8699.3525
2268.0891	8813.1523
2268.6213	8843.3105
2269.1538	8958.0518
2269.686	8885.0508
2270.2183	8889.7539
2270.7507	9069.8584
2271.283	8987.7559
2271.8152	9047.3916
2272.3474	9126.1035
2272.8799	9210.207
2273.4121	9135.2627
2273.9443	9130.8008
2274.4768	9282.415
2275.009	9288.5518
2275.5413	9257.3672
2276.0737	9239.9531
2276.606	9501.5107
2277.1382	9494.0576
2277.6704	9559.0664
2278.2029	9572.9131
2278.7351	9619.4619
2279.2673	9689.3125
2279.7998	9652.666
2280.332	9697.7207
2280.8643	9738.0088
2281.3967	9720.998
2281.929	9874.8096
2282.4612	9886.2734
2282.9934	9824.542
2283.5259	9938.249
2284.0581	9922.9766
2284.5903	10031.614
2285.1228	10059.53
2285.655	10072.711
2286.1873	10129.14
2286.7195	10180.695
2287.252	10318.555
2287.7842	10265.654
2288.3164	10311.8
2288.8489	10360.17
2289.3811	10353.089
2289.9133	10401.562
2290.4458	10370.483
2290.978	10449.662
2291.5103	10440.045
2292.0425	10551.925
2292.575	10695.432
2293.1072	10615.826
2293.6394	10454.956
2294.1719	10572.818
2294.7041	10637.069
2295.2363	10620.043
2295.7686	10564.72
2296.301	10616.17
2296.8333	10665.403
2297.3655	10663.992
2297.8979	10649.518
2298.4302	10628.904
2298.9624	10612.378
2299.4949	10599.355
2300.0271	10685.283
2300.5593	10669.273
2301.0916	10582.679
2301.624	10558.909
2302.1563	10499.53
2302.6885	10475.014
2303.2209	10470.686
2303.7532	10463.013
2304.2854	10413.785
2304.8179	10487.592
2305.3501	10397.773
2305.8823	10404.427
2306.4146	10483.254
2306.947	10424.193
2307.4792	10231.805
2308.0115	10299.657
2308.5439	10282.81
2309.0762	10182.036
2309.6084	10155.417
2310.1406	10221.154
2310.6731	10054.232
2311.2053	10001.976
2311.7375	10031.483
2312.27	9840.4492
2312.8022	9833.9082
2313.3345	9755.1074
2313.8669	9739.7705
2314.3992	9711.9707
2314.9314	9701.0273
2315.4636	9629.4883
2315.9961	9581.7813
2316.5283	9538.2256
2317.0605	9402.6914
2317.593	9397.1094
2318.1252	9389.0684
2318.6575	9317.6611
2319.1899	9244.3145
2319.7222	9176.1572
2320.2544	9115.6221
2320.7866	9094.4736
2321.3191	9011.9834
2321.8513	8985.7979
2322.3835	8966.9248
2322.916	8997.8926
2323.4482	8820.7998
2323.9805	8823.2051
2324.5127	8763.8418
2325.0452	8729.4658
2325.5774	8700.4844
2326.1096	8607.4199
2326.6421	8592.9189
2327.1743	8564.1904
2327.7065	8555.1514
2328.239	8579.374
2328.7712	8466.8643
2329.3035	8399.7305
2329.8357	8396.5488
2330.3682	8436.9551
2330.9004	8409.0723
2331.4326	8373.7783
2331.9651	8369.8164
2332.4973	8330.332
2333.0295	8307.6953
2333.562	8201.8838
2334.0942	8252.9082
2334.6265	8255.3125
2335.1587	8185.0942
2335.6912	8134.0903
2336.2234	8092.3711
2336.7556	8075.4604
2337.2881	8131.5908
2337.8203	8145.3223
2338.3525	7978.4204
2338.8848	7943.3218
2339.4172	7877.7627
2339.9495	7798.0078
2340.4817	7875.5635
2341.0142	7816.2197
2341.5464	7676.6787
2342.0786	7670.9785
2342.6111	7642.6807
2343.1433	7555.2798
2343.6755	7551.3735
2344.2078	7482.897
2344.7402	7594.0474
2345.2725	7422.4839
2345.8047	7486.1162
2346.3372	7401.2437
2346.8694	7342.1846
2347.4016	7389.8633
2347.9338	7311.5073
2348.4663	7287.6108
2348.9985	7169.3115
2349.5308	7195.8809
2350.0632	7142.8867
2350.5955	7154.1357
2351.1277	7137.0605
2351.6602	7088.7764
2352.1924	7037.7856
2352.7246	7051.3643
2353.2568	7069.5073
2353.7893	6973.4658
2354.3215	6931.5767
2354.8538	6911.1533
2355.3862	6881.3301
2355.9185	6868.9575
2356.4507	6851.6201
2356.9832	6800.6504
2357.5154	6758.27
2358.0476	6753.6094
2358.5798	6760.5864
2359.1123	6700.6851
2359.6445	6567.8047
2360.1768	6647.1245
2360.7092	6591.1641
2361.2415	6563.6987
2361.7737	6568.8428
2362.3059	6522.9785
2362.8384	6473.853
2363.3706	6469.1548
2363.9028	6509.9272
2364.4353	6443.0654
2364.9675	6388.4517
2365.4998	6348.604
2366.0322	6351.793
2366.5645	6364.2666
2367.0967	6324.6899
2367.6289	6295.2524
2368.1614	6295.4385
2368.6936	6251.8198
2369.2258	6215.3521
2369.7583	6110.1299
2370.2905	6231.084
2370.8228	6165.6064
2371.3552	6143.1694
2371.8875	6007.3008
2372.4197	6066.5908
2372.9519	6085.0435
2373.4844	6046.4009
2374.0166	5969.1938
2374.5488	5980.0332
2375.0813	5943.4668
2375.6135	5896.7793
2376.1458	5938.6768
2376.678	5902.0737
2377.2104	5859.748
2377.7427	5817.5239
2378.2749	5805.0488
2378.8074	5793.5391
2379.3396	5764.5752
2379.8718	5663.5605
2380.4043	5751.8281
2380.9365	5701.3535
2381.4688	5630.1113
2382.001	5671.4478
2382.5334	5732.5986
2383.0657	5691.1763
2383.5979	5634.6045
2384.1304	5635.6162
2384.6626	5557.5981
2385.1948	5688.3706
2385.7273	5503.4199
2386.2595	5599.4277
2386.7917	5504.792
2387.324	5510.8306
2387.8564	5568.3784
2388.3887	5526.4434
2388.9209	5495.79
2389.4534	5545.583
2389.9856	5529.2529
2390.5178	5491.2559
2391.05	5402.2349
2391.5825	5492.6274
2392.1147	5520.4766
2392.647	5468.4082
2393.1794	5435.9824
2393.7117	5431.4346
2394.2439	5464.3359
2394.7764	5477.5903
2395.3086	5445.5034
2395.8408	5432.6035
2396.373	5413.5986
2396.9055	5385.5059
2397.4377	5373.7925
2397.97	5311.9814
2398.5024	5331.9604
2399.0347	5291.5005
2399.5669	5301.9009
2400.0991	5367.7642
2400.6316	5305.7676
2401.1638	5281.5513
2401.696	5275.7324
2402.2285	5225.8818
2402.7607	5222.4819
2403.293	5144.0313
2403.8254	5130.7539
2404.3577	5056.6489
2404.8899	5148.0767
2405.4221	5075.271
2405.9546	5076.6182
2406.4868	5068.3594
2407.019	5048.4819
2407.5515	5047.1987
2408.0837	5049.8179
2408.616	5088.4434
2409.1484	5021.6255
2409.6807	5027.3657
2410.2129	4902.7773
2410.7451	4897.1294
2411.2776	4974.8857
2411.8098	4893.4907
2412.342	4849.1465
2412.8745	4877.1387
2413.4067	4923.9521
2413.939	4917.3511
2414.4712	4867.356
2415.0037	4893.6372
2415.5359	4843.6943
2416.0681	4890.124
2416.6006	4872.436
2417.1328	4836.4331
2417.665	4835.4116
2418.1975	4768.6226
2418.7297	4852.127
2419.262	4798.4004
2419.7942	4788.52
2420.3267	4766.0698
2420.8589	4763.2686
2421.3911	4812.9326
2421.9236	4776.3428
2422.4558	4713.5967
2422.988	4770.0605
2423.5205	4746.4292
2424.0527	4791.5859
2424.585	4676.8228
2425.1172	4718.7085
2425.6497	4744.7446
2426.1819	4743.144
2426.7141	4755.0259
2427.2466	4750.4209
2427.7788	4736.9697
2428.311	4690.6055
2428.8433	4723.0103
2429.3757	4663.0488
2429.908	4688.521
2430.4402	4668.0864
2430.9727	4691.1802
2431.5049	4703.0537
2432.0371	4619.48
2432.5696	4635.0786
2433.1018	4650.106
2433.634	4643.9917
2434.1663	4616.2051
2434.6987	4653.0034
2435.231	4634.2354
2435.7632	4570.3271
2436.2957	4567.1567
2436.8279	4497.9834
2437.3601	4585.9072
2437.8926	4563.4126
2438.4248	4550.7505
2438.957	4558.1245
2439.4893	4547.1421
2440.0217	4515.6021
2440.554	4519.2305
2441.0862	4482.4204
2441.6187	4446.46
2442.1509	4420.5864
2442.6831	4459.4751
2443.2153	4426.6089
2443.7478	4455.5498
2444.28	4378.8521
2444.8123	4406.4058
2445.3447	4418.498
2445.877	4503.625
2446.4092	4494.5708
2446.9417	4394.5972
2447.4739	4543.1606
2448.0061	4569.457
2448.5383	4553.3013
2449.0708	4565.7852
2449.603	4555.4956
2450.1353	4554.3931
2450.6677	4686.355
2451.2	4663.3877
2451.7322	4662.1479
2452.2644	4714.376
2452.7969	4723.6758
2453.3291	4749.6333
2453.8613	4776.103
2454.3938	4795.2856
2454.926	4788.0884
2455.4583	4829.0884
2455.9907	4826.126
2456.5229	4858.0503
2457.0552	4897.7407
2457.5874	4888.7832
2458.1199	4865.8901
2458.6521	4898.311
2459.1843	4832.249
2459.7168	4876.3501
2460.249	4797.6616
2460.7813	4786.9648
2461.3137	4784.3076
2461.8459	4729.9072
2462.3782	4728.3877
2462.9104	4741.7373
2463.4429	4746.3726
2463.9751	4698.5449
2464.5073	4638.5601
2465.0398	4642.6343
2465.572	4529.9248
2466.1042	4481.7524
2466.6365	4502.3105
2467.1689	4508.1851
2467.7012	4439.0737
2468.2334	4390.5083
2468.7659	4350.5313
2469.2981	4368.4097
2469.8303	4390.9512
2470.3628	4369.4331
2470.895	4336.6899
2471.4272	4321.7222
2471.9595	4316.3271
2472.4919	4234.9468
2473.0242	4331.3818
2473.5564	4282.9619
2474.0889	4240.9854
2474.6211	4231.3418
2475.1533	4204.3516
2475.6858	4204.6143
2476.218	4200.5903
2476.7502	4250.7446
2477.2825	4301.8745
2477.8149	4252.8213
2478.3472	4266.4004
2478.8794	4287.5132
2479.4119	4328.6465
2479.9441	4333.4053
2480.4763	4274.4917
2481.0085	4362.2056
2481.541	4441.647
2482.0732	4423.8389
2482.6055	4428.8037
2483.1379	4522.1406
2483.6702	4512.2979
2484.2024	4523.6055
2484.7349	4607.4365
2485.2671	4591.6577
2485.7993	4655.8447
2486.3315	4663.4897
2486.864	4613.9014
2487.3962	4656.8862
2487.9285	4697.0439
2488.4609	4706.8809
2488.9932	4796.6152
2489.5254	4860.8066
2490.0579	4845.8936
2490.5901	4910.8286
2491.1223	4871.3984
2491.6545	4867.7354
2492.187	4906.416
2492.7192	4941.6387
2493.2515	4996.3462
2493.7839	4973.9419
2494.3162	5030.187
2494.8484	5049.4199
2495.3806	5129.0801
2495.9131	5130.0688
2496.4453	5135.4712
2496.9775	5206.6855
2497.51	5222.1104
2498.0422	5203.5332
2498.5745	5278.3208
2499.1069	5360.4824
2499.6392	5317.9629
2500.1714	5312.6992
2500.7036	5346.9761
2501.2361	5312.7437
2501.7683	5316.561
2502.3005	5375.2544
2502.833	5336.7896
2503.3652	5411.3677
2503.8975	5337.082
2504.4297	5378.8794
2504.9622	5325.6709
2505.4944	5286.355
2506.0266	5355.9883
2506.5591	5255.7524
2507.0913	5290.6758
2507.6235	5264.2271
2508.156	5283.4131
2508.6882	5269.5923
2509.2205	5304.4326
2509.7527	5282.4878
2510.2852	5259.9346
2510.8174	5237.1206
2511.3496	5226.6929
2511.8821	5214.9287
2512.4143	5116.9111
2512.9465	5139.0972
2513.479	5106.8086
2514.0112	5115.8564
2514.5435	5097.2681
2515.0757	5048.8857
2515.6082	5048.7822
2516.1404	5087.7153
2516.6726	5062.1309
2517.2051	5031.085
2517.7373	5004.373
2518.2695	4988.5522
2518.8018	4895.8521
2519.3342	4844.4985
2519.8665	4842.9888
2520.3987	4878.8599
2520.9312	4799.7251
2521.4634	4816.7178
2521.9956	4739.7339
2522.5281	4748.6992
2523.0603	4685.9443
2523.5925	4670.5317
2524.1248	4615.9292
2524.6572	4532.5361
2525.1895	4498.5376
2525.7217	4459.2471
2526.2542	4469.0098
2526.7864	4308.8267
2527.3186	4242.21
2527.8511	4229.1436
2528.3833	4179.6543
2528.9155	4090.3059
2529.4478	4053.8076
2529.9802	3996.2493
2530.5125	3980.2229
2531.0447	3974.8223
2531.5771	3807.8083
2532.1094	3836.3184
2532.6416	3782.8708
2533.1738	3742.4092
2533.7063	3718.6487
2534.2385	3685.4915
2534.7708	3624.6978
2535.3032	3595.2405
2535.8354	3638.4229
2536.3677	3591.9839
2536.9001	3563.5208
2537.4324	3536.427
2537.9646	3513.1113
2538.4968	3513.5803
2539.0293	3418.8127
2539.5615	3448.0347
2540.0938	3459.5664
2540.6262	3399.2615
2541.1584	3391.9683
2541.6907	3391.7734
2542.2231	3383.8274
2542.7554	3390.4294
2543.2876	3365.3535
2543.8198	3425.95
2544.3523	3355.115
2544.8845	3294.7434
2545.4167	3304.8545
2545.9492	3318.0981
2546.4814	3298.1187
2547.0137	3281.7444
2547.5459	3244.1804
2548.0784	3199.5771
2548.6106	3195.3738
2549.1428	3230.1948
2549.6753	3184.8613
2550.2075	3155.7131
2550.7397	3153.7217
2551.2722	3076.1194
2551.8044	3115.1936
2552.3367	3045.481
2552.8689	3042.0212
2553.4014	3006.7427
2553.9336	3019.0801
2554.4658	3005.3137
2554.9983	2925.2109
2555.5305	2958.4077
2556.0627	2958.3345
2556.595	2928.9585
2557.1274	2933.4753
2557.6597	2911.7722
2558.1919	2927.7927
2558.7244	2926.301
2559.2566	2927.1299
2559.7888	2909.679
2560.3213	2886.6943
2560.8535	2901.3489
2561.3857	2875.7495
2561.918	2847.2539
2562.4504	2864.8606
2562.9827	2862.0737
2563.5149	2838.4409
2564.0474	2820.0493
2564.5796	2812.1169
2565.1118	2819.1892
2565.6443	2848.8442
2566.1765	2812.3098
2566.7087	2732.7864
2567.241	2746.1592
2567.7734	2744.2834
2568.3057	2748.7522
2568.8379	2732.2407
2569.3704	2721.811
2569.9026	2713.7207
2570.4348	2680.6819
2570.967	2680.4592
2571.4995	2706.3059
2572.0317	2612.0818
2572.564	2600.6411
2573.0964	2597.4978
2573.6287	2607.2141
2574.1609	2588.0608
2574.6934	2572.7317
2575.2256	2544.3379
2575.7578	2521.0496
2576.29	2501.8982
2576.8225	2479.9224
2577.3547	2477.7815
2577.887	2480.0073
2578.4194	2443.1743
2578.9517	2425.7832
2579.4839	2430.6348
2580.0164	2419.5559
2580.5486	2412.759
2581.0808	2405.6401
2581.613	2388.0007
2582.1455	2350.8701
2582.6777	2334.8269
2583.21	2341.3472
2583.7424	2349.0757
2584.2747	2313.5393
2584.8069	2339.6528
2585.3391	2287.2686
2585.8716	2262.0879
2586.4038	2272.9995
2586.936	2282.1807
2587.4685	2275.5029
2588.0007	2255.3738
2588.533	2255.7632
2589.0654	2279.1311
2589.5977	2239.5493
2590.1299	2203.5708
2590.6621	2204.3118
2591.1946	2229.2466
2591.7268	2232.9868
2592.259	2218.7456
2592.7915	2210.2583
2593.3237	2195.3352
2593.856	2204.7415
2594.3884	2177.906
2594.9207	2168.0012
2595.4529	2161.51
2595.9851	2173.3228
2596.5176	2159.6753
2597.0498	2127.1389
2597.582	2121.1064
2598.1145	2126.8154
2598.6467	2102.8982
2599.179	2111.2407
2599.7112	2110.1946
2600.2437	2080.687
2600.7759	2080.4146
2601.3081	2067.4028
2601.8406	2084.252
2602.3728	2062.925
2602.905	2057.0098
2603.4375	2011.4618
2603.9697	2022.9398
2604.502	2018.536
2605.0342	2003.8176
2605.5667	1984.8668
2606.0989	1971.7054
2606.6311	1960.4946
2607.1636	1979.9844
2607.6958	1962.5958
2608.228	1922.4735
2608.7603	1909.8746
2609.2927	1898.4679
2609.825	1870.6292
2610.3572	1879.6914
2610.8896	1839.126
2611.4219	1827.2574
2611.9541	1843.292
2612.4866	1826.1542
2613.0188	1809.1241
2613.551	1821.3705
2614.0833	1813.1945
2614.6157	1808.618
2615.1479	1778.6154
2615.6802	1784.3571
2616.2126	1764.0627
2616.7449	1748.7828
2617.2771	1748.3232
2617.8096	1756.8303
2618.3418	1760.3602
2618.874	1720.0841
2619.4063	1721.4984
2619.9387	1709.5453
2620.4709	1698.262
2621.0032	1710.8972
2621.5356	1705.5554
2622.0679	1676.157
2622.6001	1663.1846
2623.1323	1674.9822
2623.6648	1669.0793
2624.197	1648.5363
2624.7292	1636.167
2625.2617	1675.2512
2625.7939	1650.0698
2626.3262	1634.9216
2626.8586	1630.3206
2627.3909	1627.8356
2627.9231	1617.9642
2628.4553	1624.7566
2628.9878	1604.8677
2629.52	1592.2947
2630.0522	1603.8284
2630.5847	1605.2323
2631.1169	1597.1172
2631.6492	1588.8763
2632.1816	1597.8221
2632.7139	1616.9689
2633.2461	1582.6387
2633.7783	1557.9678
2634.3108	1574.6359
2634.843	1579.1859
2635.3752	1555.6404
2635.9077	1575.4817
2636.4399	1566.2556
2636.9722	1579.6012
2637.5044	1566.9349
2638.0369	1562.0995
2638.5691	1557.3855
2639.1013	1543.4318
2639.6338	1543.8051
2640.166	1519.9441
2640.6982	1552.4745
2641.2307	1534.9247
2641.7629	1524.4246
2642.2952	1516.8896
2642.8274	1540.8739
2643.3599	1539.26
2643.8921	1533.2046
2644.4243	1513.0237
2644.9568	1514.2966
2645.489	1508.1104
2646.0212	1535.0958
2646.5537	1513.1385
2647.0859	1507.0177
2647.6182	1505.4048
2648.1504	1492.2482
2648.6829	1493.6227
2649.2151	1469.7501
2649.7473	1506.7286
2650.2798	1500.2399
2650.812	1475.1169
2651.3442	1478.5757
2651.8765	1499.7559
2652.4089	1458.7196
2652.9412	1494.5775
2653.4734	1450.0149
2654.0059	1445.425
2654.5381	1454.6193
2655.0703	1464.199
2655.6028	1454.4187
2656.135	1429.8547
2656.6672	1455.0452
2657.1995	1452.0748
2657.7319	1429.6819
2658.2642	1433.225
2658.7964	1421.1946
2659.3289	1423.6708
2659.8611	1420.2301
2660.3933	1417.3982
2660.9255	1438.7495
2661.458	1443.9071
2661.9902	1418.1294
2662.5225	1407.4299
2663.0549	1414.649
2663.5872	1414.1425
2664.1194	1418.9631
2664.6519	1409.77
2665.1841	1403.1545
2665.7163	1407.7927
2666.2485	1384.886
2666.781	1414.3987
2667.3132	1390.455
2667.8455	1384.2307
2668.3779	1379.3981
2668.9102	1377.0845
2669.4424	1366.4402
2669.9749	1365.7322
2670.5071	1381.073
2671.0393	1381.541
2671.5715	1367.6608
2672.104	1361.2386
2672.6362	1377.5042
2673.1685	1364.8889
2673.7009	1350.057
2674.2332	1339.4799
2674.7654	1354.2439
2675.2976	1371.4891
2675.8301	1357.9771
2676.3623	1342.5059
2676.8945	1331.6803
2677.427	1316.0792
2677.9592	1338.8438
2678.4915	1324.707
2679.0239	1320.2758
2679.5562	1331.3378
2680.0884	1310.1071
2680.6206	1303.6365
2681.1531	1319.6985
2681.6853	1330.4255
2682.2175	1318.6605
2682.75	1324.8981
2683.2822	1302.66
2683.8145	1292.4678
2684.3469	1321.9324
2684.8792	1304.4286
2685.4114	1319.5905
2685.9436	1302.8091
2686.4761	1301.8447
2687.0083	1301.0699
2687.5405	1280.3389
2688.073	1321.9419
2688.6052	1285.0688
2689.1375	1288.4174
2689.6697	1295.4528
2690.2021	1310.7285
2690.7344	1280.1947
2691.2666	1274.3027
2691.7991	1288.3737
2692.3313	1253.4778
2692.8635	1281.1379
2693.396	1278.678
2693.9282	1261.7698
2694.4604	1242.0068
2694.9927	1244.0101
2695.5251	1282.2902
2696.0574	1259.5898
2696.5896	1259.96
2697.1221	1246.7094
2697.6543	1256.1576
2698.1865	1246.7438
2698.719	1250.4254
2699.2512	1242.1907
2699.7834	1230.7466
2700.3157	1236.6567
2700.8481	1242.6868
2701.3804	1237.2937
2701.9126	1204.9875
2702.4451	1240.7487
2702.9773	1240.5447
2703.5095	1228.8815
2704.0417	1231.2443
2704.5742	1246.528
2705.1064	1231.4816
2705.6387	1239
2706.1711	1220.6694
2706.7034	1214.8148
2707.2356	1240.7296
2707.7681	1227.7412
2708.3003	1224.9221
2708.8325	1239.2869
2709.3647	1233.5156
2709.8972	1212.6182
2710.4294	1214.5131
2710.9617	1217.9883
2711.4941	1216.2413
2712.0264	1208.6047
2712.5586	1208.3856
2713.0908	1213.0288
2713.6233	1217.7253
2714.1555	1203.0782
2714.6877	1226.5165
2715.2202	1217.4462
2715.7524	1217.0944
2716.2847	1202.863
2716.8171	1211.6274
2717.3494	1188.9899
2717.8816	1186.5698
2718.4138	1210.7078
2718.9463	1201.077
2719.4785	1208.8853
2720.0107	1199.0228
2720.5432	1203.1249
2721.0754	1205.4856
2721.6077	1200.0659
2722.1401	1196.5778
2722.6724	1180.0203
2723.2046	1180.6605
2723.7368	1171.6195
2724.2693	1179.926
2724.8015	1186.6403
2725.3337	1188.204
2725.8662	1183.6361
2726.3984	1180.5709
2726.9307	1177.9585
2727.4629	1186.7693
2727.9954	1170.8995
2728.5276	1160.3179
2729.0598	1183.2573
2729.5923	1198.0198
2730.1245	1180.2235
2730.6567	1175.575
2731.1892	1170.6749
2731.7214	1177.345
2732.2537	1181.1901
2732.7859	1191.3425
2733.3184	1167.6361
2733.8506	1188.2117
2734.3828	1199.0298
2734.9153	1184.3306
2735.4475	1172.3879
2735.9797	1182.0355
2736.5122	1170.9369
2737.0444	1178.1024
2737.5767	1181.3086
2738.1089	1170.4236
2738.6414	1168.4225
2739.1736	1160.5752
2739.7058	1161.6379
2740.2383	1177.4346
2740.7705	1165.2191
2741.3027	1156.0348
2741.835	1166.2018
2742.3674	1170.869
2742.8997	1139.8204
2743.4319	1162.369
2743.9644	1170.8026
2744.4966	1149.4424
2745.0288	1160.7333
2745.5613	1154.5575
2746.0935	1159.1259
2746.6257	1154.5748
2747.158	1151.0382
2747.6904	1159.0438
2748.2227	1150.0984
2748.7549	1152.8131
2749.2874	1153.3689
2749.8196	1152.8959
2750.3518	1146.7208
2750.8843	1143.7402
2751.4165	1146.8489
2751.9487	1139.8435
2752.481	1152.0494
2753.0134	1133.918
2753.5457	1142.9727
2754.0779	1141.1011
2754.6104	1130.7587
2755.1426	1141.417
2755.6748	1131.2294
2756.207	1139.5399
2756.7395	1150.0995
2757.2717	1149.4014
2757.804	1138.2081
2758.3364	1120.9382
2758.8687	1145.0104
2759.4009	1128.2721
2759.9333	1119.4954
2760.4656	1133.9392
2760.9978	1122.616
2761.53	1119.6647
2762.0625	1117.907
2762.5947	1141.5674
2763.127	1141.5645
2763.6594	1139.3625
2764.1917	1124.2659
2764.7239	1121.8115
2765.2561	1127.2131
2765.7886	1123.0685
2766.3208	1129.0132
2766.853	1127.5131
2767.3855	1118.1896
2767.9177	1125.0693
2768.45	1130.7266
2768.9824	1116.1573
2769.5146	1121.1423
2770.0469	1124.5865
2770.5791	1116.2714
2771.1116	1122.3844
2771.6438	1102.87
2772.176	1122.4259
2772.7085	1125.8152
2773.2407	1120.2222
2773.7729	1103.3898
2774.3054	1106.4923
2774.8376	1108.3639
2775.3699	1110.0564
2775.9021	1127.5864
2776.4346	1110.4706
2776.9668	1112.8577
2777.499	1117.7852
2778.0315	1103.0377
2778.5637	1099.8258
2779.0959	1093.8284
2779.6282	1106.6656
2780.1606	1086.8451
2780.6929	1097.0098
2781.2251	1096.647
2781.7576	1095.4165
2782.2898	1114.8171
2782.822	1098.0546
2783.3545	1094.8079
2783.8867	1101.1252
2784.4189	1092.4949
2784.9512	1114.6742
2785.4836	1098.1084
2786.0159	1097.7466
2786.5481	1088.3463
2787.0806	1079.6228
2787.6128	1088.1318
2788.145	1102.7522
2788.6775	1087.661
2789.2097	1094.8474
2789.7419	1090.8038
2790.2742	1091.1923
2790.8066	1102.2874
2791.3389	1096.7603
2791.8711	1083.8081
2792.4036	1097.7748
2792.9358	1082.9825
2793.468	1079.859
2794.0002	1071.7719
2794.5327	1077.1628
2795.0649	1091.083
2795.5972	1085.7755
2796.1296	1078.5125
2796.6619	1077.4506
2797.1941	1092.4905
2797.7266	1072.2441
2798.2588	1075.0571
2798.791	1079.5756
2799.3232	1079.4354
2799.8557	1076.3406
2800.3879	1081.1527
2800.9202	1085.1248
2801.4526	1081.698
2801.9849	1068.7552
2802.5171	1084.4192
2803.0496	1076.2699
2803.5818	1058.9445
2804.114	1083.5909
2804.6462	1073.256
2805.1787	1063.3618
2805.7109	1067.7201
2806.2432	1075.678
2806.7756	1065.9155
2807.3079	1072.892
2807.8401	1072.3839
2808.3723	1071.9065
2808.9048	1061.9005
2809.437	1073.1587
2809.9692	1056.2234
2810.5017	1057.3625
2811.0339	1058.2683
2811.5662	1064.2427
2812.0986	1057.7362
2812.6309	1058.0197
2813.1631	1049.3702
2813.6953	1054.0055
2814.2278	1060.7008
2814.76	1063.0852
2815.2922	1058.9451
2815.8247	1065.1052
2816.3569	1061.4397
2816.8892	1063.153
2817.4214	1060.3494
2817.9539	1061.0415
2818.4861	1049.6628
2819.0183	1068.0183
2819.5508	1049.0847
2820.083	1054.9275
2820.6152	1052.782
2821.1477	1065.6422
2821.6799	1050.5072
2822.2122	1066.72
2822.7444	1053.278
2823.2769	1053.3002
2823.8091	1031.3405
2824.3413	1051.8948
2824.8738	1045.892
2825.406	1043.4371
2825.9382	1052.864
2826.4707	1050.8822
2827.0029	1057.4336
2827.5352	1057.496
2828.0674	1052.729
2828.5999	1033.7848
2829.1321	1039.2633
2829.6643	1039.2903
2830.1968	1043.2469
2830.729	1040.192
2831.2612	1043.7863
2831.7935	1058.7651
2832.3259	1041.1342
2832.8582	1037.307
2833.3904	1044.1207
2833.9229	1068.3033
2834.4551	1036.5529
2834.9873	1038.0403
2835.5198	1047.6702
2836.052	1032.8632
2836.5842	1033.3767
2837.1165	1038.4449
2837.6489	1040.3594
2838.1812	1029.0022
2838.7134	1032.9327
2839.2458	1034.9751
2839.7781	1038.2433
2840.3103	1030.6672
2840.8428	1052.7946
2841.375	1028.5659
2841.9072	1027.222
2842.4395	1047.182
2842.9719	1042.9182
2843.5042	1028.7192
2844.0364	1035.0344
2844.5688	1033.8765
2845.1011	1026.7712
2845.6333	1024.3119
2846.1655	1034.4485
2846.698	1018.9484
2847.2302	1021.4735
2847.7625	1021.9811
2848.2949	1029.392
2848.8271	1035.4292
2849.3594	1027.2891
2849.8918	1034.0267
2850.4241	1018.7539
2850.9563	1015.9277
2851.4885	1021.0796
2852.021	1021.8486
2852.5532	1036.6655
2853.0854	1025.6235
2853.6179	1025.4108
2854.1501	1025.958
2854.6824	1023.3552
2855.2148	1028.4189
2855.7471	1021.9551
2856.2793	1016.006
2856.8115	1010.6298
2857.344	1018.4073
2857.8762	1020.6769
2858.4084	1018.5153
2858.9409	1020.8687
2859.4731	1019.4077
2860.0054	1029.511
2860.5376	1017.6745
2861.0701	1022.1201
2861.6023	1035.1389
2862.1345	1032.8275
2862.667	1028.6311
2863.1992	1020.3885
2863.7314	1016.6237
2864.2639	1022.522
2864.7961	1017.4506
2865.3284	1015.8591
2865.8606	1018.7294
2866.3931	1015.7683
2866.9253	1015.1142
2867.4575	1018.0868
2867.99	1014.6021
2868.5222	1018.3234
2869.0544	1013.5974
2869.5867	1025.4481
2870.1191	1016.5375
2870.6514	1014.3013
2871.1836	1017.1008
2871.7161	1009.9874
2872.2483	1029.0696
2872.7805	1019.467
2873.313	1027.816
2873.8452	1013.9398
2874.3774	1009.9404
2874.9097	1016.7038
2875.4421	1014.5844
2875.9744	1012.6544
2876.5066	1007.7397
2877.0391	1007.8742
2877.5713	996.01129
2878.1035	1022.8034
2878.636	1005.6642
2879.1682	1016.7457
2879.7004	1022.3632
2880.2327	1022.0517
2880.7651	1011.1315
2881.2974	1006.8448
2881.8296	1015.2375
2882.3621	1009.4957
2882.8943	1010.6431
2883.4265	1015.9802
2883.9587	1017.6121
2884.4912	1008.5835
2885.0234	1021.407
2885.5557	1019.9833
2886.0881	1005.3272
2886.6204	1015.8916
2887.1526	1016.0131
2887.6851	1016.6801
2888.2173	1014.4807
2888.7495	1011.7387
2889.2817	1014.2144
2889.8142	1018.077
2890.3464	1015.0001
2890.8787	1007.0825
2891.4111	1013.1009
2891.9434	1017.1208
2892.4756	1018.3783
2893.0081	1016.6132
2893.5403	1015.087
2894.0725	1007.4055
2894.6047	1023.233
2895.1372	1011.5338
2895.6694	1008.812
2896.2017	1011.7883
2896.7341	1013.2813
2897.2664	1007.2543
2897.7986	1011.2127
2898.3308	1018.6309
2898.8633	1010.454
2899.3955	1007.0923
2899.9277	1017.1256
2900.4602	1000.8006
2900.9924	1011.03
2901.5247	1005.8833
2902.0571	999.52869
2902.5894	1013.5744
2903.1216	1022.8418
2903.6538	999.34528
2904.1863	1007.3539
2904.7185	1003.6911
2905.2507	1011.8044
2905.7832	1014.8665
2906.3154	1009.8363
2906.8477	1009.4322
2907.3801	1008.1221
2907.9124	1011.0771
2908.4446	1010.5521
2908.9768	998.80292
2909.5093	1007.3962
2910.0415	1005.9083
2910.5737	1008.6126
2911.1062	1010.4662
2911.6384	994.89252
2912.1707	1013.36
2912.7029	1013.3516
2913.2354	1009.207
2913.7676	1012.1924
2914.2998	1006.8867
2914.8323	1006.7231
2915.3645	1013.2639
2915.8967	1007.4715
2916.4292	996.2511
2916.9614	988.89618
2917.4937	996.97705
2918.0259	998.8042
2918.5583	1001.4241
2919.0906	996.53241
2919.6228	994.64203
2920.1553	997.73145
2920.6875	998.41071
2921.2197	996.25763
2921.752	997.62469
2922.2844	989.93677
2922.8167	998.47144
2923.3489	1003.551
2923.8813	997.12964
2924.4136	991.33356
2924.9458	1003.8706
2925.4783	998.60712
2926.0105	1001.0362
2926.5427	1002.3235
2927.075	996.6991
2927.6074	1009.3719
2928.1396	1002.14
2928.6719	1003.3547
2929.2043	990.80896
2929.7366	1000.8839
2930.2688	1002.2695
2930.8013	997.22717
2931.3335	994.54132
2931.8657	994.57684
2932.3979	1002.5126
2932.9304	999.45197
2933.4626	999.15753
2933.9949	1008.1364
2934.5273	995.35596
2935.0596	997.02002
2935.5918	998.07965
2936.124	995.95892
2936.6565	991.2066
2937.1887	994.69202
2937.7209	999.91071
2938.2534	988.49579
2938.7856	984.19232
2939.3179	1004.6589
2939.8503	996.80121
2940.3826	1004.7366
2940.9148	983.34277
2941.447	995.77319
2941.9795	985.68958
2942.5117	989.13043
2943.0439	987.64539
2943.5764	992.76978
2944.1086	985.87683
2944.6409	985.17615
2945.1733	988.03235
2945.7056	985.87201
2946.2378	986.54987
2946.77	977.42633
2947.3025	980.56763
2947.8347	984.93585
2948.3669	978.25238
2948.8994	976.25958
2949.4316	983.8291
2949.9639	984.59052
2950.4961	979.68469
2951.0286	983.49982
2951.5608	976.45264
2952.093	973.40747
2952.6255	978.68353
2953.1577	987.68329
2953.6899	991.07605
2954.2224	977.95544
2954.7546	973.78687
2955.2869	973.5285
2955.8191	968.20721
2956.3516	984.91278
2956.8838	970.08063
2957.416	974.43164
2957.9485	976.52307
2958.4807	981.8244
2959.0129	967.16528
2959.5454	967.08203
2960.0776	974.01147
2960.6099	978.0542
2961.1421	985.32776
2961.6746	976.46497
2962.2068	973.51062
2962.739	981.84015
2963.2715	966.04053
2963.8037	978.44641
2964.3359	974.23425
2964.8682	965.85614
2965.4006	971.8728
2965.9329	972.18134
2966.4651	975.22363
2966.9976	979.16144
2967.5298	977.01141
2968.062	960.80591
2968.5945	968.47406
2969.1267	975.06354
2969.6589	976.29669
2970.1912	979.17322
2970.7236	960.84534
2971.2559	968.28204
2971.7881	975.77588
2972.3206	967.66669
2972.8528	975.09039
2973.385	972.8645
2973.9172	968.05737
2974.4497	970.17023
2974.9819	975.62036
2975.5142	965.55603
2976.0466	966.38269
2976.5789	968.31348
2977.1111	964.57788
2977.6436	969.68982
2978.1758	967.3172
2978.708	980.60083
2979.2402	978.51678
2979.7727	971.97388
2980.3049	977.28412
2980.8372	960.65149
2981.3696	973.45758
2981.9019	979.49011
2982.4341	970.80548
2982.9666	970.17889
2983.4988	969.11023
2984.031	968.46906
2984.5632	965.9873
2985.0957	966.8598
2985.6279	956.12158
2986.1602	962.78558
2986.6926	978.70972
2987.2249	965.79468
2987.7571	955.16699
2988.2893	964.67151
2988.8218	958.80377
2989.354	963.38068
2989.8862	960.51691
2990.4187	974.45502
2990.9509	965.65295
2991.4832	965.74011
2992.0156	956.77893
2992.5479	959.47717
2993.0801	965.37695
2993.6123	957.76233
2994.1448	967.81433
2994.677	962.75592
2995.2092	969.48126
2995.7417	966.78894
2996.2739	961.21545
2996.8062	956.7616
2997.3386	957.10712
2997.8708	966.20807
2998.4031	962.6109
2998.9353	966.96179
2999.4678	964.81097
3000	963.86078
