50	901.07397
50.052105	902.33337
50.104214	909.95801
50.156319	905.60333
50.208424	904.0816
50.260532	901.71625
50.312637	902.3761
50.364742	906.73352
50.416851	903.00812
50.468956	903.16675
50.521061	904.99249
50.57317	905.12994
50.625275	902.58594
50.67738	902.46759
50.729488	904.53955
50.781593	904.59973
50.833698	902.86823
50.885807	906.70502
50.937912	908.27057
50.990017	905.70862
51.042122	904.47906
51.094231	902.67371
51.146336	902.24738
51.198441	901.80127
51.250549	903.77075
51.302654	904.0705
51.354759	902.26575
51.406868	900.57428
51.458973	903.30627
51.511078	904.82739
51.563187	904.17456
51.615292	905.59644
51.667397	901.00195
51.719505	901.96838
51.77161	902.93475
51.823715	902.95703
51.875824	906.60358
51.927929	901.67615
51.980034	897.56305
52.032143	900.62036
52.084248	902.62482
52.136353	905.95209
52.188461	903.35474
52.240566	902.97571
52.292671	901.48248
52.34478	901.99835
52.396885	906.18555
52.44899	903.98102
52.501099	904.37897
52.553204	909.4173
52.605309	907.71075
52.657417	903.50684
52.709522	902.33942
52.761627	902.70776
52.813736	904.93146
52.865841	904.03058
52.917946	901.39337
52.970051	901.34033
53.02216	905.62115
53.074265	903.82581
53.126369	900.64545
53.178478	899.40259
53.230583	903.42072
53.282688	903.22858
53.334797	898.95905
53.386902	902.82886
53.439007	901.49652
53.491116	904.61212
53.543221	906.23505
53.595325	899.19147
53.647434	904.44788
53.699539	901.59064
53.751644	903.0426
53.803753	903.90594
53.855858	901.49432
53.907963	900.40326
53.960072	901.3385
54.012177	902.78888
54.064281	903.95923
54.11639	905.45386
54.168495	902.92554
54.2206	901.94543
54.272709	903.5993
54.324814	902.29187
54.376919	903.44226
54.429028	905.39532
54.481133	908.44922
54.533237	909.53223
54.585346	906.24402
54.637451	907.1778
54.689556	905.68469
54.741665	902.80939
54.79377	905.65643
54.845875	907.48755
54.89798	903.13208
54.950089	908.3623
55.002193	907.39294
55.054298	904.9989
55.106407	906.70813
55.158512	901.99927
55.210617	903.07709
55.262726	907.06567
55.314831	902.73511
55.366936	899.85077
55.419044	900.08966
55.471149	905.21619
55.523254	902.40234
55.575363	902.06226
55.627468	900.67181
55.679573	901.40039
55.731682	904.95526
55.783787	903.59979
55.835892	902.0257
55.888	904.66278
55.940105	903.92206
55.99221	900.90863
56.044319	903.04059
56.096424	906.58142
56.148529	907.9624
56.200638	904.711
56.252743	904.88617
56.304848	902.06348
56.356956	904.96881
56.409061	903.82898
56.461166	910.61932
56.513275	903.04572
56.56538	906.70215
56.617485	900.40881
56.669594	903.67938
56.721699	902.44415
56.773804	904.11407
56.825909	899.59607
56.878017	904.62506
56.930122	909.01086
56.982227	901.03339
57.034336	899.78741
57.086441	903.1228
57.138546	902.98309
57.190655	902.95502
57.24276	908.75708
57.294865	906.59131
57.346973	903.12531
57.399078	902.7962
57.451183	903.47974
57.503292	905.97736
57.555397	905.57135
57.607502	903.61755
57.659611	901.56317
57.711716	900.20551
57.763821	904.73102
57.815929	907.82507
57.868034	912.47614
57.920139	906.57196
57.972248	900.90613
58.024353	898.79712
58.076458	899.07495
58.128567	901.64148
58.180672	899.46826
58.232777	905.27527
58.284885	901.91168
58.33699	901.32233
58.389095	904.44299
58.441204	902.61249
58.493309	900.60974
58.545414	899.47797
58.597523	906.63348
58.649628	901.73267
58.701733	900.34473
58.753838	903.82977
58.805946	904.30768
58.858051	904.38989
58.910156	909.72491
58.962265	906.94196
59.01437	902.29022
59.066475	901.79681
59.118584	903.72565
59.170689	904.94135
59.222794	900.00641
59.274902	898.70154
59.327007	903.71838
59.379112	908.46667
59.431221	906.57483
59.483326	902.91187
59.535431	901.45831
59.58754	901.01288
59.639645	904.55127
59.69175	903.20203
59.743858	902.82507
59.795963	903.95404
59.848068	908.72394
59.900177	905.81818
59.952282	903.38458
60.004387	904.61584
60.056496	902.10052
60.108601	902.16809
60.160706	905.92169
60.212814	905.16895
60.264919	898.70709
60.317024	898.54352
60.369133	903.03406
60.421238	905.06458
60.473343	907.74097
60.525452	905.36548
60.577557	905.26532
60.629662	907.76123
60.681767	907.47931
60.733875	906.96112
60.78598	904.82825
60.838085	903.34106
60.890194	905.72321
60.942299	902.99707
60.994404	898.18372
61.046513	901.01978
61.098618	904.98206
61.150723	904.5307
61.202831	910.12512
61.254936	905.36365
61.307041	905.79907
61.35915	902.58154
61.411255	901.34625
61.46336	903.77698
61.515469	906.68042
61.567574	905.26672
61.619678	903.34924
61.671787	904.99475
61.723892	904.76965
61.775997	907.19751
61.828106	905.69745
61.880211	900.96881
61.932316	902.27643
61.984425	903.90045
62.03653	906.88849
62.088634	905.62439
62.140743	908.46259
62.192848	905.40466
62.244953	902.00842
62.297062	903.45966
62.349167	903.70227
62.401272	904.31335
62.453377	906.10291
62.505486	905.71094
62.55759	904.35852
62.609695	903.86682
62.661804	901.8844
62.713909	902.74493
62.766014	905.91101
62.818123	901.77252
62.870228	903.17047
62.922333	907.6319
62.974442	904.16943
63.026546	904.34656
63.078651	906.50781
63.13076	902.65332
63.182865	901.19946
63.23497	902.57983
63.287079	907.68323
63.339184	905.95654
63.391289	905.23376
63.443398	901.06665
63.495502	903.30188
63.547607	908.30609
63.599716	907.12213
63.651821	905.11469
63.703926	904.98059
63.756035	902.32202
63.80814	902.73627
63.860245	903.86407
63.912354	902.57849
63.964458	905.15649
64.016563	908.87769
64.068672	906.94843
64.120773	901.90149
64.172882	899.20154
64.224991	899.79352
64.277092	902.41315
64.329201	908.51251
64.38131	905.63318
64.433411	905.84912
64.485519	906.5376
64.537628	906.28339
64.589729	907.00525
64.641838	906.12646
64.693947	905.94702
64.746048	903.36047
64.798157	911.59113
64.850266	901.97321
64.902367	903.01947
64.954475	906.72479
65.006584	907.55212
65.058685	904.68085
65.110794	903.3075
65.162903	903.11304
65.215004	906.08691
65.267113	906.04193
65.319221	906.28973
65.371323	907.2569
65.423431	907.60632
65.47554	904.96722
65.527641	904.21289
65.57975	907.19482
65.631859	909.59253
65.68396	908.71936
65.736069	905.16992
65.788177	904.38336
65.840279	903.98871
65.892387	902.60321
65.944496	908.77765
65.996597	904.18512
66.048706	903.44952
66.100815	903.75684
66.152916	901.64709
66.205025	906.51361
66.257133	906.1416
66.309235	906.74786
66.361343	908.63275
66.413452	909.51398
66.465553	906.12256
66.517662	905.59998
66.569771	904.65192
66.621872	908.59509
66.673981	906.4884
66.726089	905.24225
66.778191	907.06873
66.830299	906.80255
66.882408	907.67267
66.934509	902.07825
66.986618	903.94122
67.038727	906.06464
67.090828	906.67358
67.142937	905.61505
67.195045	905.10791
67.247147	905.55927
67.299255	906.76947
67.351357	906.24408
67.403465	903.63354
67.455574	904.02954
67.507675	906.98816
67.559784	908.8963
67.611893	905.32904
67.663994	899.38684
67.716103	899.4137
67.768211	905.34387
67.820313	904.97089
67.872421	906.83441
67.92453	905.43402
67.976631	904.34955
68.02874	902.26404
68.080849	906.9223
68.13295	898.68781
68.185059	905.19165
68.237167	901.85547
68.289268	907.74951
68.341377	907.67426
68.393486	907.94244
68.445587	905.646
68.497696	901.97607
68.549805	905.41437
68.601906	908.07452
68.654015	905.1795
68.706123	903.52173
68.758224	905.03552
68.810333	902.85791
68.862442	900.24597
68.914543	901.29657
68.966652	905.15924
69.018761	907.33942
69.070862	906.93036
69.122971	907.12421
69.175079	906.68744
69.22718	904.25208
69.279289	900.11798
69.331398	903.6131
69.383499	902.84973
69.435608	904.10242
69.487717	905.25647
69.539818	908.93195
69.591927	907.91998
69.644035	902.9234
69.696136	902.10297
69.748245	904.55798
69.800354	909.88477
69.852455	907.14563
69.904564	908.36713
69.956673	906.27356
70.008774	908.12573
70.060883	906.83875
70.112991	907.27802
70.165092	902.15387
70.217201	906.68933
70.26931	904.08868
70.321411	903.64917
70.37352	905.11511
70.425629	907.5957
70.47773	907.25366
70.529839	904.07477
70.581947	904.51953
70.634048	906.95227
70.686157	908.14435
70.738266	909.17822
70.790367	909.08124
70.842476	908.82214
70.894585	907.03247
70.946686	902.55023
70.998795	903.30762
71.050903	904.23138
71.103004	911.76294
71.155113	905.88513
71.207214	909.49634
71.259323	904.51721
71.311432	912.40442
71.363533	899.91254
71.415642	909.9328
71.467751	908.47815
71.519852	907.4989
71.57196	901.47333
71.624069	906.27472
71.67617	910.37274
71.728279	903.09857
71.780388	901.8396
71.832489	908.04846
71.884598	906.27814
71.936707	905.99023
71.988808	907.44214
72.040916	903.78241
72.093025	903.25781
72.145126	905.29803
72.197235	903.74915
72.249344	902.44482
72.301445	903.41235
72.353554	903.24902
72.405663	903.05823
72.457764	903.14459
72.509872	903.35986
72.561981	906.57825
72.614082	907.9209
72.666191	906.32446
72.7183	902.97449
72.770401	907.12964
72.82251	908.87964
72.874619	903.41864
72.92672	901.242
72.978828	907.83203
73.030937	906.71631
73.083038	902.86542
73.135147	900.44147
73.187256	903.74957
73.239357	902.98059
73.291466	906.92279
73.343575	909.5575
73.395676	904.49799
73.447784	904.19952
73.499893	906.3208
73.551994	900.99164
73.604103	905.9657
73.656212	906.86591
73.708313	902.66742
73.760422	901.1983
73.812531	901.97302
73.864632	904.59705
73.91674	905.08466
73.968849	906.09094
74.02095	905.85992
74.073059	902.24115
74.125168	903.96283
74.177269	907.14838
74.229378	904.20343
74.281487	903.31207
74.333588	907.23676
74.385696	903.3598
74.437805	904.76819
74.489906	905.54486
74.542015	909.52649
74.594124	902.46252
74.646225	906.69336
74.698334	904.98035
74.750443	906.92987
74.802544	909.35138
74.854652	906.95355
74.906754	906.86176
74.958862	903.2525
75.010971	901.11707
75.063072	906.31866
75.115181	905.33344
75.16729	903.68756
75.219391	906.71735
75.2715	902.47833
75.323608	908.57886
75.37571	906.78455
75.427818	905.40784
75.479927	903.38214
75.532028	904.71844
75.584137	906.28186
75.636246	906.09344
75.688347	907.07635
75.740456	906.90161
75.792564	907.3584
75.844666	908.83765
75.896774	908.4903
75.948883	907.20465
76.000984	905.83356
76.053093	906.2124
76.105202	906.32916
76.157303	902.92542
76.209412	903.73053
76.26152	905.50128
76.313622	903.82245
76.36573	907.84436
76.417839	901.43591
76.46994	904.30774
76.522049	902.36804
76.574158	910.8266
76.626259	906.28778
76.678368	906.69977
76.730476	906.38831
76.782578	903.4361
76.834686	904.39459
76.886795	904.43048
76.938896	905.7688
76.991005	905.95856
77.043114	904.13629
77.095215	904.89893
77.147324	904.28735
77.199432	903.59058
77.251534	904.89148
77.303642	903.99976
77.355751	902.29858
77.407852	905.01434
77.459961	906.81866
77.51207	905.38159
77.564171	904.85052
77.61628	903.44672
77.668388	906.38898
77.72049	908.59442
77.772598	910.07471
77.824707	907.3725
77.876808	905.87329
77.928917	906.35663
77.981026	906.95483
78.033127	907.98645
78.085236	904.83325
78.137344	905.83539
78.189445	908.25726
78.241554	906.35297
78.293663	901.15497
78.345764	901.22314
78.397873	907.7923
78.449982	907.51239
78.502083	906.86499
78.554192	908.32257
78.6063	905.03265
78.658401	903.76501
78.71051	904.44904
78.762611	903.45276
78.81472	905.88171
78.866829	908.0564
78.91893	905.72534
78.971039	904.28925
79.023148	904.75562
79.075249	902.39941
79.127357	902.61505
79.179466	904.81744
79.231567	903.31903
79.283676	906.68835
79.335785	910.13483
79.387886	907.02783
79.439995	905.11652
79.492104	904.96954
79.544205	906.32874
79.596313	907.42133
79.648422	902.41931
79.700523	912.771
79.752632	908.91992
79.804741	910.95801
79.856842	904.76434
79.908951	907.18665
79.96106	913.88843
80.013161	906.40656
80.065269	903.94897
80.117378	902.43842
80.169479	905.12653
80.221588	903.72931
80.273697	904.37494
80.325798	902.14203
80.377907	905.8136
80.430016	907.38129
80.482117	906.8952
80.534225	906.71667
80.586334	905.25391
80.638435	904.21399
80.690544	904.99799
80.742653	905.46472
80.794754	904.05347
80.846863	903.35669
80.898972	901.79779
80.951073	900.06122
81.003181	904.90735
81.05529	906.80762
81.107391	904.8205
81.1595	907.32678
81.211609	905.54303
81.26371	902.82123
81.315819	902.38019
81.367928	908.63147
81.420029	908.92023
81.472137	915.16101
81.524246	907.72711
81.576347	908.66467
81.628456	904.30029
81.680565	903.71466
81.732666	900.48566
81.784775	903.27789
81.836884	907.9502
81.888985	907.44733
81.941093	904.01013
81.993202	907.7525
82.045303	906.98212
82.097412	907.57916
82.149521	907.16858
82.201622	905.71265
82.253731	906.39288
82.30584	906.01117
82.357941	906.26862
82.410049	908.98529
82.462158	907.00104
82.514259	903.16565
82.566368	903.59229
82.618469	902.37317
82.670578	908.66125
82.722687	918.0943
82.774788	904.77911
82.826897	902.21008
82.879005	904.76318
82.931107	908.04706
82.983215	907.37555
83.035324	905.76459
83.087425	903.96252
83.139534	906.008
83.191643	904.52014
83.243744	902.5625
83.295853	900.17108
83.347961	907.4425
83.400063	904.34283
83.452171	901.86005
83.50428	908.25702
83.556381	907.43481
83.60849	907.95905
83.660599	904.17914
83.7127	908.8429
83.764809	906.97882
83.816917	903.52997
83.869019	902.96588
83.921127	904.72943
83.973236	904.10339
84.025337	903.7063
84.077446	906.59741
84.129555	906.80701
84.181656	906.8338
84.233765	908.39197
84.285873	906.62036
84.337975	907.20703
84.390083	908.54102
84.442192	904.79144
84.494293	905.96069
84.546402	905.75183
84.598511	906.4826
84.650612	907.06793
84.702721	904.36176
84.754829	902.51691
84.806931	909.60077
84.859039	906.68268
84.911148	911.77307
84.963249	906.92255
85.015358	902.13507
85.067467	907.95288
85.119568	902.42627
85.171677	906.21552
85.223785	904.383
85.275887	904.94934
85.327995	902.61841
85.380104	908.84698
85.432205	903.32672
85.484314	904.76117
85.536423	908.55267
85.588524	904.86731
85.640633	901.94086
85.692741	906.80231
85.744843	908.62274
85.796951	907.30414
85.84906	904.72321
85.901161	908.00745
85.95327	908.24689
86.005379	905.10938
86.05748	908.6709
86.109589	906.7666
86.161697	904.39996
86.213799	903.44409
86.265907	903.48401
86.318016	908.07935
86.370117	910.62048
86.422226	908.10046
86.474327	904.79608
86.526436	908.89386
86.578545	910.49628
86.630646	905.88623
86.682755	909.73846
86.734863	902.60077
86.786964	905.99451
86.839073	906.5304
86.891182	905.63007
86.943283	907.33649
86.995392	906.25623
87.047501	908.54626
87.099602	903.83118
87.151711	900.22845
87.203819	898.05951
87.25592	898.96863
87.308029	906.02655
87.360138	909.69324
87.412239	907.23743
87.464348	902.87097
87.516457	906.10126
87.568558	907.10486
87.620667	903.27698
87.672775	901.08704
87.724876	900.91711
87.776985	906.15924
87.829094	908.96417
87.881195	905.26312
87.933304	906.87964
87.985413	905.67108
88.037514	905.75983
88.089622	905.72186
88.141731	908.12219
88.193832	907.651
88.245941	902.29584
88.29805	896.49646
88.350151	908.01501
88.40226	908.22961
88.454369	911.89185
88.50647	907.03992
88.558578	901.70575
88.610687	907.11517
88.662788	904.79333
88.714897	913.69141
88.767006	904.01971
88.819107	906.48602
88.871216	907.89435
88.923325	905.73438
88.975426	909.35242
89.027534	906.82324
89.079643	906.328
89.131744	905.08673
89.183853	906.11548
89.235962	907.49225
89.288063	908.31091
89.340172	905.37177
89.392281	904.42322
89.444382	906.30109
89.49649	904.84442
89.548599	905.17694
89.6007	906.61499
89.652809	904.46027
89.704918	903.94586
89.757019	907.6687
89.809128	902.23126
89.861237	899.53815
89.913338	899.01556
89.965446	903.9516
90.017555	906.66656
90.069656	907.57117
90.121765	904.2851
90.173874	908.38727
90.225975	906.41333
90.278084	901.56067
90.330185	896.7074
90.382294	912.12988
90.434402	910.33984
90.486504	908.66687
90.538612	907.62628
90.590721	907.05597
90.642822	905.40991
90.694931	904.21136
90.74704	906.45111
90.799141	904.71613
90.85125	906.06787
90.903358	905.57538
90.95546	901.77057
91.007568	901.92511
91.059677	905.31995
91.111778	903.65521
91.163887	903.53839
91.215996	906.27118
91.268097	903.56329
91.320206	902.87518
91.372314	905.04285
91.424416	903.76392
91.476524	905.77789
91.528633	907.31976
91.580734	903.76892
91.632843	906.64001
91.684952	907.24902
91.737053	906.27734
91.789162	905.54718
91.84127	906.51624
91.893372	907.362
91.94548	906.22961
91.997589	900.43237
92.04969	904.79779
92.101799	902.08844
92.153908	906.02917
92.206009	906.41559
92.258118	903.8504
92.310226	903.41296
92.362328	907.38953
92.414436	906.87823
92.466545	906.40894
92.518646	906.40759
92.570755	906.74493
92.622864	904.31348
92.674965	905.6861
92.727074	904.75226
92.779182	906.53662
92.831284	907.01538
92.883392	906.8996
92.935501	906.30701
92.987602	903.39551
93.039711	904.62958
93.09182	905.43701
93.143921	904.77368
93.19603	908.00726
93.248138	908.89026
93.30024	903.81317
93.352348	905.44604
93.404457	903.00153
93.456558	905.55951
93.508667	906.82202
93.560776	908.85284
93.612877	904.87933
93.664986	904.87805
93.717094	904.9201
93.769196	906.37476
93.821304	914.62018
93.873413	905.46606
93.925514	908.51666
93.977623	905.34247
94.029732	904.01611
94.081833	903.45575
94.133942	902.96912
94.186043	905.15759
94.238152	903.65851
94.29026	901.80347
94.342361	905.75592
94.39447	904.94849
94.446579	902.74036
94.49868	905.88568
94.550789	903.88507
94.602898	901.94196
94.654999	907.85309
94.707108	910.46826
94.759216	907.46704
94.811317	905.1123
94.863426	904.68683
94.915535	907.37598
94.967636	906.88586
95.019745	903.69574
95.071854	905.06818
95.123955	909.48602
95.176064	907.61475
95.228172	904.12726
95.280273	900.98468
95.332382	901.77539
95.384491	901.73773
95.436592	905.83234
95.488701	905.78406
95.54081	904.34418
95.592911	911.6239
95.64502	902.86298
95.697128	907.81104
95.749229	914.51965
95.801338	900.34747
95.853447	906.08685
95.905548	907.02289
95.957657	905.28253
96.009766	901.86224
96.061867	900.81628
96.113976	908.64001
96.166084	908.73157
96.218185	908.05627
96.270294	904.06781
96.322403	903.90985
96.374504	902.29938
96.426613	900.82806
96.478722	906.8526
96.530823	907.05823
96.582932	903.8916
96.63504	906.4129
96.687141	903.64288
96.73925	900.62457
96.791359	904.8576
96.84346	909.9798
96.895569	908.15918
96.947678	908.6521
96.999779	906.01508
97.051888	905.49048
97.103996	909.28937
97.156097	908.75299
97.208206	903.75256
97.260315	903.20703
97.312416	901.34888
97.364525	907.65869
97.416634	904.92566
97.468735	902.93433
97.520844	905.01276
97.572952	910.03253
97.625053	914.1181
97.677162	909.53241
97.729271	909.05072
97.781372	905.15576
97.833481	904.84955
97.885582	901.1275
97.937691	907.86395
97.989799	910.37
98.041901	908.0589
98.094009	904.10596
98.146118	903.67065
98.198219	905.26117
98.250328	903.31152
98.302437	903.09088
98.354538	905.25714
98.406647	905.05573
98.458755	905.49677
98.510857	905.89771
98.562965	905.81781
98.615074	907.68738
98.667175	904.00433
98.719284	905.65259
98.771393	908.15436
98.823494	906.67108
98.875603	911.31335
98.927711	910.52753
98.979813	901.35242
99.031921	908.5553
99.08403	914.15533
99.136131	910.75519
99.18824	906.87207
99.240349	907.20276
99.29245	905.41681
99.344559	902.59412
99.396667	908.60693
99.448769	912.19287
99.500877	909.95404
99.552986	909.2262
99.605087	903.34735
99.657196	903.38593
99.709305	903.90338
99.761406	907.34509
99.813515	908.08325
99.865623	906.57727
99.917725	906.66974
99.969833	906.09509
100.02194	904.03589
100.07404	904.53638
100.12615	906.8916
100.17826	906.51263
100.23036	907.00171
100.28247	908.70404
100.33458	907.35254
100.38668	907.88531
100.43879	905.86188
100.4909	907.13568
100.543	906.7796
100.59511	906.64777
100.64722	907.00464
100.69932	903.17804
100.75143	903.2677
100.80354	905.74976
100.85564	904.43469
100.90775	906.24976
100.95985	906.19751
101.01196	907.22961
101.06406	904.62469
101.11617	907.10767
101.16827	907.22809
101.22038	905.72375
101.27249	906.81512
101.32459	907.49884
101.3767	903.10724
101.42881	903.09723
101.48091	906.24548
101.53302	906.59644
101.58513	904.57324
101.63723	905.2229
101.68934	904.06403
101.74144	905.3833
101.79355	905.41858
101.84566	903.51477
101.89776	903.39746
101.94987	905.91193
102.00198	906.1889
102.05408	905.08679
102.10619	904.69348
102.15829	906.31
102.2104	906.97424
102.2625	902.69482
102.31461	902.78558
102.36671	903.54822
102.41882	906.37
102.47093	907.40765
102.52303	907.51495
102.57514	907.98499
102.62725	907.15558
102.67935	903.65314
102.73146	902.13348
102.78357	905.30792
102.83567	909.69507
102.88778	904.03632
102.93989	903.53448
102.99199	904.86108
103.0441	909.01996
103.09621	907.77014
103.14831	904.59241
103.20042	905.40076
103.25253	904.3183
103.30463	908.31458
103.35674	906.51306
103.40884	904.39795
103.46095	909.19598
103.51305	908.01611
103.56516	904.80817
103.61726	905.06506
103.66937	903.89447
103.72148	902.75659
103.77358	903.38916
103.82569	901.72406
103.8778	904.08484
103.9299	909.43134
103.98201	905.90283
104.03412	901.7583
104.08622	902.31067
104.13833	906.00238
104.19044	906.65027
104.24254	902.70074
104.29465	904.10614
104.34676	905.27264
104.39886	904.49628
104.45097	904.23804
104.50307	906.599
104.55518	910.86627
104.60728	909.08844
104.65939	904.07611
104.71149	904.97113
104.7636	906.29504
104.81571	911.26764
104.86781	905.29596
104.91992	904.89954
104.97203	909.01727
105.02413	905.21326
105.07624	903.61426
105.12835	900.48975
105.18045	903.7514
105.23256	906.10553
105.28467	903.99359
105.33677	905.46075
105.38888	907.05487
105.44099	903.26868
105.49309	901.77527
105.5452	902.23547
105.5973	904.36951
105.64941	909.38721
105.70152	906.5603
105.75362	903.55902
105.80573	906.87274
105.85783	906.62946
105.90993	904.18713
105.96204	906.12689
106.01415	911.43933
106.06625	907.74725
106.11836	903.11469
106.17047	903.68372
106.22257	905.16364
106.27468	906.96802
106.32679	904.05603
106.37889	902.1098
106.431	908.11963
106.48311	904.4621
106.53521	907.09521
106.58732	905.41821
106.63943	902.99109
106.69153	907.22864
106.74364	905.50598
106.79575	901.9856
106.84785	904.48212
106.89996	908.33319
106.95206	905.08002
107.00417	902.80786
107.05627	905.00671
107.10838	906.2298
107.16048	905.74207
107.21259	904.77271
107.2647	905.79736
107.3168	910.0946
107.36891	911.42267
107.42102	907.72119
107.47312	902.50739
107.52523	900.07935
107.57734	907.12518
107.62944	903.47174
107.68155	904.30701
107.73366	907.46588
107.78576	906.86646
107.83787	903.1629
107.88998	901.66693
107.94208	908.98364
107.99419	909.19714
108.0463	900.4657
108.0984	905.76923
108.15051	901.25372
108.20261	906.83856
108.25471	909.63013
108.30682	901.03845
108.35893	902.69916
108.41103	906.57562
108.46314	905.53333
108.51525	900.56281
108.56735	901.70477
108.61946	908.24554
108.67157	903.91785
108.72367	899.91064
108.77578	905.37726
108.82789	911.3147
108.87999	908.0047
108.9321	903.8844
108.98421	904.39612
109.03631	904.60577
109.08842	905.48267
109.14053	904.56335
109.19263	902.05389
109.24474	904.75214
109.29684	907.4671
109.34895	906.2536
109.40105	906.0871
109.45316	905.94946
109.50526	902.63696
109.55737	906.12048
109.60947	900.81433
109.66158	900.42206
109.71369	901.47314
109.76579	904.86517
109.8179	908.25671
109.87001	908.34668
109.92211	908.34381
109.97422	907.01599
110.02633	903.85205
110.07843	904.98132
110.13054	904.93561
110.18265	904.82916
110.23475	905.5592
110.28686	903.36328
110.33897	899.96576
110.39107	902.03119
110.44318	902.58929
110.49529	909.38672
110.54739	910.38763
110.59949	907.58997
110.6516	906.57886
110.7037	905.26276
110.75581	905.36475
110.80792	903.38574
110.86002	901.66394
110.91213	904.51428
110.96424	908.47321
111.01634	907.07635
111.06845	904.396
111.12056	903.44568
111.17266	907.83032
111.22477	902.74591
111.27688	907.23834
111.32898	903.97009
111.38109	906.01636
111.4332	909.19562
111.4853	907.66248
111.53741	900.38477
111.58952	906.44293
111.64162	903.51849
111.69373	905.4765
111.74583	900.99701
111.79794	905.23541
111.85004	907.039
111.90215	904.52832
111.95425	903.35895
112.00636	906.07928
112.05847	905.17542
112.11057	908.46661
112.16268	906.35675
112.21479	902.5293
112.26689	907.62762
112.319	907.94312
112.37111	906.22107
112.42321	905.83649
112.47532	903.64484
112.52743	907.71503
112.57953	909.81671
112.63164	905.54645
112.68375	906.67584
112.73585	907.24554
112.78796	906.448
112.84007	907.53235
112.89217	908.37134
112.94427	907.26245
112.99638	907.31049
113.04848	904.82489
113.10059	902.8457
113.1527	910.05341
113.2048	908.03467
113.25691	903.18054
113.30901	898.80981
113.36112	903.3302
113.41323	905.46051
113.46533	903.45618
113.51744	909.06628
113.56955	907.69135
113.62165	905.95764
113.67376	907.90436
113.72587	909.35834
113.77797	909.28021
113.83008	906.45709
113.88219	902.25482
113.93429	902.74628
113.9864	907.00549
114.03851	906.37445
114.09061	903.33398
114.14272	903.0965
114.19482	905.66846
114.24693	908.53107
114.29903	905.90808
114.35114	902.38861
114.40324	907.13855
114.45535	912.40033
114.50746	910.84961
114.55956	906.83466
114.61167	910.7608
114.66378	907.12671
114.71588	910.37079
114.76799	904.59729
114.8201	908.37415
114.8722	910.78204
114.92431	906.91895
114.97642	903.55579
115.02852	903.06769
115.08063	905.91315
115.13274	906.97571
115.18484	907.05011
115.23695	911.36365
115.28905	907.8764
115.34116	904.62982
115.39326	903.65143
115.44537	907.62958
115.49747	910.10468
115.54958	909.84473
115.60169	907.23328
115.65379	904.77277
115.7059	902.53131
115.75801	904.63239
115.81011	905.13751
115.86222	905.79285
115.91433	910.39514
115.96643	909.65045
116.01854	905.71246
116.07065	906.38873
116.12275	906.99774
116.17486	907.32361
116.22697	905.59882
116.27907	902.81793
116.33118	910.72601
116.38329	910.85266
116.43539	907.48767
116.4875	904.10883
116.5396	910.47443
116.59171	910.60913
116.64381	911.87561
116.69592	910.23944
116.74802	903.46692
116.80013	904.91968
116.85224	906.37225
116.90434	903.7124
116.95645	905.66199
117.00856	909.36713
117.06066	908.2951
117.11277	905.95367
117.16487	906.58844
117.21698	908.7774
117.26909	908.37366
117.32119	903.52966
117.3733	901.75171
117.42541	904.08813
117.47751	909.83539
117.52962	905.93378
117.58173	901.21021
117.63383	903.16278
117.68594	904.17535
117.73804	904.12793
117.79015	906.04913
117.84225	908.40173
117.89436	906.28717
117.94646	902.71832
117.99857	903.68597
118.05068	904.78522
118.10278	905.77032
118.15489	906.09949
118.207	908.26941
118.2591	905.81427
118.31121	907.97021
118.36332	904.70001
118.41542	903.12506
118.46753	907.25769
118.51964	903.37262
118.57174	902.3927
118.62385	901.41931
118.67596	911.35742
118.72806	910.59271
118.78017	904.82214
118.83228	903.02551
118.88438	906.40497
118.93649	909.24561
118.98859	908.37286
119.0407	903.61664
119.0928	904.86304
119.14491	908.26129
119.19701	906.5603
119.24912	901.31165
119.30123	902.98926
119.35333	907.37024
119.40544	907.56903
119.45755	905.17529
119.50965	906.59491
119.56176	909.9884
119.61387	909.18225
119.66597	907.87561
119.71808	905.09821
119.77019	907.66724
119.82229	909.00623
119.8744	905.85938
119.92651	902.7854
119.97861	904.25665
120.03072	911.06348
120.08282	909.66211
120.13493	908.56055
120.18703	906.52283
120.23914	910.66199
120.29124	906.77637
120.34335	905.79437
120.39546	903.41296
120.44756	907.8017
120.49967	908.69336
120.55178	911.30176
120.60388	901.48413
120.65599	905.97467
120.7081	912.31647
120.7602	906.77429
120.81231	904.58789
120.86442	908.10535
120.91652	907.14966
120.96863	904.80359
121.02073	901.87842
121.07284	904.12158
121.12495	910.3855
121.17705	908.47925
121.22916	904.41675
121.28127	907.40979
121.33337	906.92163
121.38548	901.82263
121.43758	902.60974
121.48969	905.19818
121.54179	904.16797
121.5939	902.88184
121.646	907.12958
121.69811	909.46631
121.75022	906.86017
121.80232	907.09161
121.85443	904.79871
121.90654	912.55334
121.95864	906.41046
122.01075	910.01776
122.06286	905.16345
122.11496	902.73358
122.16707	911.14368
122.21918	904.35034
122.27128	904.09668
122.32339	905.86169
122.3755	906.1488
122.4276	910.52661
122.47971	908.19006
122.53181	906.40198
122.58392	906.13721
122.63602	905.79437
122.68813	904.98077
122.74023	906.80322
122.79234	909.01379
122.84445	904.83722
122.89655	900.85272
122.94866	902.63586
123.00077	906.27832
123.05287	906.54865
123.10498	904.39941
123.15709	904.1051
123.20919	906.07654
123.2613	908.44519
123.31341	905.04425
123.36551	902.32202
123.41762	903.89319
123.46973	909.38129
123.52183	902.71655
123.57394	901.77972
123.62605	906.08258
123.67815	909.18878
123.73026	905.70844
123.78236	907.64752
123.83447	909.51477
123.88657	904.17236
123.93868	910.24512
123.99078	901.336
124.04289	905.02173
124.095	913.32916
124.1471	905.78271
124.19921	904.85291
124.25132	905.43256
124.30342	905.91504
124.35553	906.75708
124.40764	904.96619
124.45974	905.68414
124.51185	906.52954
124.56396	906.52667
124.61606	906.237
124.66817	901.66504
124.72027	903.17285
124.77238	908.98804
124.82449	907.26733
124.87659	905.50861
124.9287	906.90723
124.9808	904.89197
125.03291	903.68323
125.08501	906.55963
125.13712	910.4198
125.18922	910.34686
125.24133	907.32709
125.29344	908.09296
125.34554	906.98566
125.39765	908.44135
125.44976	902.41547
125.50186	906.45752
125.55397	911.8681
125.60608	909.75281
125.65818	900.52582
125.71029	902.87451
125.7624	901.08813
125.8145	910.02606
125.86661	908.75891
125.91872	904.20618
125.97082	903.03809
126.02293	906.50525
126.07504	907.06122
126.12714	909.13928
126.17924	907.8233
126.23135	911.66193
126.28345	909.40466
126.33556	906.92773
126.38767	906.33612
126.43977	910.68115
126.49188	908.31177
126.54399	903.16718
126.59609	903.6499
126.6482	904.79913
126.70031	906.94629
126.75241	907.24463
126.80452	906.29608
126.85663	908.72107
126.90873	910.24579
126.96084	908.2652
127.01295	903.88995
127.06505	905.1687
127.11716	909.42236
127.16927	906.75757
127.22137	904.64862
127.27348	913.4245
127.32558	913.28204
127.37769	905.18701
127.42979	900.99042
127.4819	911.18536
127.534	910.88373
127.58611	906.23065
127.63822	907.64819
127.69032	903.94714
127.74243	901.67133
127.79454	904.58722
127.84664	905.34344
127.89875	905.71692
127.95086	905.83759
128.00296	902.70667
128.05507	902.99774
128.10718	908.29193
128.15929	906.86871
128.21138	906.93396
128.26349	909.09589
128.3156	905.91925
128.36771	905.03741
128.41982	907.07886
128.47192	910.08191
128.52402	911.24719
128.57613	908.31952
128.62823	908.34698
128.68034	904.27936
128.73245	904.70819
128.78456	905.00952
128.83665	907.19647
128.88876	898.68188
128.94087	900.59772
128.99298	910.68121
129.04509	906.97449
129.0972	904.40442
129.14929	900.86603
129.2014	902.54596
129.25351	910.23358
129.30562	905.37457
129.35773	902.41217
129.40984	906.39728
129.46193	900.95721
129.51404	908.44855
129.56615	909.33026
129.61826	909.24457
129.67036	908.07587
129.72247	906.9903
129.77457	904.21631
129.82668	904.61523
129.87878	906.22394
129.93089	906.09302
129.983	906.32965
130.03511	908.45172
130.0872	907.79926
130.13931	906.47534
130.19142	904.25739
130.24353	903.79108
130.29564	905.77277
130.34775	905.81201
130.39984	907.0777
130.45195	905.26019
130.50406	903.41315
130.55617	910.35699
130.60828	911.35193
130.66037	907.82434
130.71248	912.56708
130.76459	909.4726
130.8167	905.73218
130.8688	903.65479
130.92091	907.35486
130.97301	909.42102
131.02512	912.87274
131.07722	904.69305
131.12933	909.54785
131.18144	913.92786
131.23355	908.63129
131.28564	906.36743
131.33775	905.71674
131.38986	906.06323
131.44197	901.70691
131.49408	902.19586
131.54619	909.38275
131.59828	907.6684
131.65039	910.28741
131.7025	904.82068
131.75461	903.66864
131.80672	906.3371
131.85883	905.67249
131.91092	904.06616
131.96303	903.09161
132.01514	906.55975
132.06725	909.67767
132.11935	906.4212
132.17146	902.98944
132.22356	910.64728
132.27567	917.91742
132.32777	904.62372
132.37988	904.65399
132.43199	908.38831
132.4841	904.37061
132.53619	903.33911
132.5883	906.90045
132.64041	902.64569
132.69252	908.44836
132.74463	907.23376
132.79674	904.16901
132.84883	905.87927
132.90094	913.44977
132.95305	903.73193
133.00516	899.73779
133.05727	901.40503
133.10938	904.69177
133.16147	912.43744
133.21358	903.86945
133.26569	902.85382
133.31779	907.35303
133.3699	909.2915
133.42201	906.25677
133.47411	905.729
133.52621	906.69788
133.57832	913.13342
133.63043	910.6806
133.68254	903.49927
133.73465	906.5968
133.78674	907.56714
133.83885	906.26514
133.89096	905.87518
133.94307	905.72974
133.99518	909.12573
134.04729	906.50006
134.09938	902.79633
134.15149	905.99158
134.2036	908.4201
134.25571	912.19373
134.30782	907.11157
134.35991	905.97992
134.41202	906.35907
134.46413	907.6485
134.51624	905.50006
134.56834	903.31958
134.62045	909.79865
134.67255	901.98755
134.72466	902.48151
134.77676	903.4505
134.82887	911.66095
134.88098	915.23151
134.93309	902.71674
134.98518	905.85101
135.03729	910.28046
135.0894	905.99078
135.14151	904.53784
135.19362	903.28052
135.24573	907.0025
135.29782	907.35938
135.34993	907.95099
135.40204	904.1579
135.45415	908.51221
135.50626	909.7168
135.55836	904.76929
135.61046	902.68188
135.66257	907.80396
135.71468	909.72382
135.76678	906.21252
135.81889	903.02698
135.871	904.93451
135.9231	911.2677
135.9752	909.56311
136.02731	907.97375
136.07942	905.04761
136.13153	908.14386
136.18364	907.35248
136.23573	902.9953
136.28784	905.72949
136.33995	906.31525
136.39206	901.04095
136.44417	905.7691
136.49628	904.82751
136.54837	904.3963
136.60048	905.30725
136.65259	900.93134
136.7047	908.00726
136.75681	906.49323
136.80891	902.2998
136.86101	908.80499
136.91312	908.99475
136.96523	904.76215
137.01733	904.22504
137.06944	900.91534
137.12155	909.68854
137.17365	911.21503
137.22575	908.63336
137.27786	908.46375
137.32997	906.02966
137.38208	910.21985
137.43419	909.80511
137.48628	906.30542
137.53839	906.55609
137.5905	906.56012
137.64261	907.65002
137.69472	908.23553
137.74683	904.81329
137.79892	903.2583
137.85103	905.7851
137.90314	906.24969
137.95525	906.99554
138.00735	908.06757
138.05946	910.99194
138.11156	903.17053
138.16367	903.54303
138.21577	907.77087
138.26788	909.59528
138.31999	901.46893
138.37209	908.72546
138.42419	908.20349
138.4763	906.76056
138.52841	908.70227
138.58052	907.32019
138.63263	904.47589
138.68472	904.68549
138.73683	903.43665
138.78894	896.52643
138.84105	909.41199
138.89316	904.11737
138.94527	902.85651
138.99736	904.67542
139.04947	912.56183
139.10158	909.67145
139.15369	905.10297
139.2058	902.97723
139.2579	902.20654
139.31	906.40735
139.36211	907.03668
139.41422	902.17285
139.46632	903.03534
139.51843	906.24249
139.57054	902.52515
139.62263	900.55072
139.67474	906.19763
139.72685	909.34186
139.77896	907.43384
139.83107	904.24976
139.88318	903.68286
139.93527	906.19403
139.98738	908.76611
140.03949	905.24908
140.0916	906.02155
140.14371	908.56647
140.19582	910.94
140.24791	903.52814
140.30002	901.88605
140.35213	908.65491
140.40424	910.11053
140.45634	904.43408
140.50845	900.44366
140.56055	904.16528
140.61266	907.2356
140.66476	905.10632
140.71687	902.99939
140.76898	902.62225
140.82109	904.89203
140.87318	903.42676
140.92529	904.72076
140.9774	907.29773
141.02951	910.3728
141.08162	908.50641
141.13373	904.82556
141.18582	903.88123
141.23793	908.39154
141.29004	909.8009
141.34215	905.66333
141.39426	904.26868
141.44637	905.08447
141.49846	904.2832
141.55057	902.89288
141.60268	904.29547
141.65479	908.52191
141.70689	909.99213
141.759	908.17499
141.8111	907.06409
141.8632	908.50659
141.91531	912.62738
141.96742	905.07111
142.01953	900.60468
142.07162	908.09772
142.12373	908.51215
142.17584	907.73364
142.22795	900.48511
142.28006	896.59167
142.33217	908.52118
142.38426	904.84045
142.43637	900.00873
142.48848	905.66321
142.54059	907.37244
142.5927	905.05554
142.64481	903.32617
142.6969	905.31525
142.74901	909.33942
142.80112	905.88031
142.85323	906.06006
142.90533	905.03113
142.95744	908.4082
143.00954	906.48047
143.06165	903.49426
143.11375	907.0498
143.16586	907.90814
143.21797	908.20325
143.27008	908.15485
143.32217	904.16522
143.37428	903.09302
143.42639	904.3573
143.4785	905.68304
143.53061	905.81799
143.58272	904.21826
143.63481	905.27765
143.68692	903.33606
143.73903	903.39508
143.79114	905.81738
143.84325	907.9693
143.89536	900.92889
143.94745	904.10999
143.99956	905.44196
144.05167	905.35614
144.10378	903.82349
144.15588	899.93585
144.20799	903.33813
144.26009	905.32001
144.31219	905.88391
144.3643	904.58392
144.41641	910.03711
144.46852	911.33435
144.52063	905.74365
144.57272	900.88763
144.62483	902.92871
144.67694	907.18109
144.72905	911.20563
144.78116	905.32355
144.83327	902.86542
144.88536	903.70215
144.93747	902.11334
144.98958	902.01666
145.04169	902.07709
145.0938	904.44434
145.1459	905.203
145.198	905.38428
145.25011	910.30316
145.30222	910.05603
145.35432	905.3045
145.40643	903.84216
145.45854	903.82166
145.51064	905.12445
145.56274	905.21765
145.61485	908.67865
145.66696	902.92517
145.71907	901.5307
145.77116	902.97272
145.82327	905.55841
145.87538	900.75
145.92749	904.86694
145.9796	911.18378
146.03171	908.18481
146.0838	901.85815
146.13591	899.8869
146.18802	910.1684
146.24013	906.24866
146.29224	907.14386
146.34435	908.60028
146.39644	907.14313
146.44855	907.61066
146.50066	903.9104
146.55276	902.04822
146.60487	911.93762
146.65698	909.86633
146.70908	906.28546
146.76118	905.14478
146.81329	906.32532
146.8654	904.92535
146.91751	900.18701
146.96962	902.59308
147.02171	906.2652
147.07382	906.97321
147.12593	905.08838
147.17804	901.69177
147.23015	906.664
147.28226	909.34009
147.33435	903.62152
147.38646	904.29517
147.43857	903.85834
147.49068	906.81787
147.54279	903.88654
147.59489	904.22266
147.64699	909.64606
147.6991	908.6048
147.75121	904.57849
147.80331	900.85333
147.85542	906.18842
147.90753	905.59882
147.95963	903.23248
148.01173	903.71625
148.06384	909.53229
148.11595	903.58655
148.16806	904.5827
148.22017	903.81763
148.27226	907.58191
148.32437	906.94806
148.37648	899.01965
148.42859	899.92963
148.4807	904.08734
148.53281	903.73352
148.5849	903.1861
148.63701	909.24933
148.68912	908.94421
148.74123	906.55701
148.79333	908.84521
148.84544	908.9715
148.89754	904.6994
148.94965	906.271
149.00175	907.97369
149.05386	902.67224
149.10597	900.45538
149.15808	905.76764
149.21017	909.17706
149.26228	905.18829
149.31439	903.3429
149.3665	907.56226
149.41861	912.57025
149.47072	904.03131
149.52281	903.96582
149.57492	907.30878
149.62703	906.55054
149.67914	904.17365
149.73125	905.64081
149.78334	903.0025
149.83545	907.78607
149.88756	908.22205
149.93967	902.89404
149.99178	902.54114
150.04388	906.29498
150.09598	906.90344
150.14809	899.72205
150.2002	905.59485
150.2523	905.06622
150.30441	906.85657
150.35652	902.92059
150.40862	905.9704
150.46072	906.98352
150.51283	906.9021
150.56494	908.03162
150.61705	904.82086
150.66916	904.6925
150.72125	906.44812
150.77336	904.22607
150.82547	904.19189
150.87758	904.96112
150.92969	906.42969
150.9818	905.24585
151.03389	903.46509
151.086	906.00464
151.13811	906.20105
151.19022	906.47571
151.24232	904.12231
151.29443	904.5423
151.34653	905.77783
151.39864	907.27289
151.45074	907.20496
151.50285	904.88916
151.55496	904.73181
151.60707	905.93018
151.65916	907.98029
151.71127	902.89154
151.76338	905.39642
151.81549	907.69324
151.8676	905.04974
151.91971	906.48322
151.9718	907.40765
152.02391	908.32642
152.07602	904.55157
152.12813	908.00201
152.18024	905.54004
152.23235	904.35291
152.28444	906.60962
152.33655	900.76544
152.38866	901.7066
152.44077	903.34088
152.49287	907.17279
152.54498	908.38361
152.59708	906.75763
152.64919	906.55383
152.70129	904.15045
152.7534	901.47559
152.80551	903.98932
152.85762	905.79102
152.90971	907.28015
152.96182	906.99713
153.01393	907.25714
153.06604	907.93372
153.11815	910.59705
153.17026	907.85699
153.22235	902.13611
153.27446	904.24921
153.32657	907.28027
153.37868	906.98535
153.43079	903.96118
153.48288	906.31433
153.53499	908.4115
153.5871	908.12677
153.63921	906.61584
153.69131	908.26251
153.74342	911.34473
153.79552	905.40417
153.84763	905.04388
153.89973	903.36279
153.95184	905.61993
154.00395	912.36981
154.05606	911.59674
154.10815	900.42236
154.16026	904.26685
154.21237	913.76855
154.26448	905.29132
154.31659	904.73767
154.3687	906.01813
154.42079	911.66437
154.4729	906.93774
154.52501	904.45825
154.57712	906.40155
154.62923	905.6474
154.68134	904.17242
154.73343	903.80731
154.78554	907.2901
154.83765	907.59021
154.88976	903.70056
154.94186	903.28198
154.99397	905.02509
155.04607	905.94684
155.09818	908.42737
155.15028	908.29749
155.20239	906.40198
155.2545	909.62463
155.30661	906.49042
155.3587	902.53772
155.41081	903.02576
155.46292	903.9566
155.51503	909.15875
155.56714	905.18646
155.61925	910.50671
155.67134	911.8078
155.72345	907.60675
155.77556	905.63983
155.82767	903.2605
155.87978	904.71454
155.93188	907.60394
155.98398	902.16217
156.03609	912.97632
156.0882	906.38184
156.1403	908.17249
156.19241	903.82996
156.24452	898.78296
156.29662	907.5686
156.34872	910.70868
156.40083	903.69067
156.45294	900.02924
156.50505	906.7915
156.55716	908.53809
156.60925	904.83948
156.66136	902.34967
156.71347	903.81281
156.76558	906.94171
156.81769	906.99268
156.8698	904.78363
156.92189	904.92896
156.974	905.89014
157.02611	904.30536
157.07822	903.33051
157.13033	902.20306
157.18243	904.06665
157.23453	908.91785
157.28664	900.54114
157.33875	901.591
157.39085	907.64508
157.44296	907.77777
157.49506	908.26282
157.54716	905.09595
157.59927	904.60699
157.65138	904.19745
157.70349	907.10962
157.7556	902.77448
157.80769	904.02686
157.8598	902.29675
157.91191	899.90918
157.96402	904.30402
158.01613	908.40778
158.06824	908.70532
158.12033	901.68164
158.17244	903.30017
158.22455	908.15692
158.27666	908.56451
158.32877	905.13513
158.38087	902.95679
158.43297	904.08093
158.48508	905.36414
158.53719	906.66174
158.58929	907.82959
158.6414	904.65894
158.69351	904.50739
158.74561	906.40912
158.79771	902.95532
158.84982	904.67773
158.90193	907.32141
158.95404	904.68591
159.00615	904.16199
159.05824	900.06726
159.11035	904.22772
159.16246	910.67322
159.21457	902.06653
159.26668	904.60529
159.31879	905.20923
159.37088	906.33801
159.42299	904.45624
159.4751	903.46234
159.52721	902.04553
159.57932	905.4436
159.63142	903.12689
159.68352	899.76984
159.73563	904.43243
159.78773	905.43304
159.83984	904.23529
159.89195	902.77435
159.94406	905.23364
159.99615	907.12042
160.04826	906.02698
160.10037	902.67987
160.15248	903.82806
160.20459	909.15814
160.2567	907.46722
160.30879	903.20386
160.3609	903.92285
160.41301	908.11871
160.46512	907.43652
160.51723	903.50323
160.56934	903.57031
160.62143	906.20667
160.67354	905.98767
160.72565	902.75989
160.77776	904.28406
160.82986	907.47406
160.88197	905.73364
160.93407	903.04889
160.98618	901.09625
161.03828	904.7915
161.09039	908.07355
161.1425	897.46155
161.1946	904.58167
161.2467	909.9516
161.29881	910.15674
161.35092	905.9035
161.40303	905.90033
161.45514	909.78394
161.50723	909.42212
161.55934	907.10126
161.61145	908.21948
161.66356	903.22479
161.71567	903.62927
161.76778	901.06396
161.81987	906.19562
161.87198	904.87909
161.92409	906.02917
161.9762	905.82703
162.02831	906.35858
162.08041	910.35907
162.13251	909.92206
162.18462	906.32037
162.23672	908.16638
162.28883	907.95947
162.34094	907.82782
162.39305	908.69849
162.44514	904.85144
162.49725	907.08765
162.54936	910.93958
162.60147	904.89722
162.65358	903.47791
162.70569	907.02844
162.75778	908.03705
162.80989	903.68353
162.862	904.26599
162.91411	903.06976
162.96622	906.87378
163.01833	909.19519
163.07042	905.19171
163.12253	904.41388
163.17464	905.68976
163.22675	903.92896
163.27885	909.7597
163.33096	902.04108
163.38306	904.12891
163.43517	912.48505
163.48727	906.64203
163.53938	904.05713
163.59149	904.5954
163.6436	910.36945
163.69569	907.50806
163.7478	905.88464
163.79991	902.16644
163.85202	905.57867
163.90413	908.0788
163.95624	903.48761
164.00833	902.86383
164.06044	907.13141
164.11255	908.68402
164.16466	904.30823
164.21677	904.93915
164.26888	908.9917
164.32097	904.32336
164.37308	902.01563
164.42519	909.21454
164.47729	912.67773
164.5294	910.06464
164.58151	905.20081
164.63361	902.52368
164.68571	905.56024
164.73782	907.10638
164.78993	904.52673
164.84204	909.86505
164.89415	908.18738
164.94624	908.23779
164.99835	908.36304
165.05046	904.72961
165.10257	905.81952
165.15468	911.65033
165.20677	905.85547
165.25888	902.37103
165.31099	905.35907
165.3631	910.5307
165.41521	905.57758
165.46732	907.1438
165.51941	908.85339
165.57152	906.43304
165.62363	904.52136
165.67574	904.85968
165.72784	907.21375
165.77995	904.14478
165.83205	906.27118
165.88416	906.79865
165.93626	907.95074
165.98837	908.51221
166.04048	908.14404
166.09259	909.11328
166.14468	909.13965
166.19679	908.60791
166.2489	905.69055
166.30101	901.01855
166.35312	902.26471
166.40523	907.42957
166.45732	908.25647
166.50943	902.9754
166.56154	902.59448
166.61365	909.97083
166.66576	907.72107
166.71786	901.00098
166.76996	905.64313
166.82207	906.01312
166.87418	905.56665
166.92628	905.44733
166.97839	903.74255
167.0305	909.56158
167.0826	911.01685
167.1347	913.42053
167.18681	907.56567
167.23892	906.15143
167.29103	906.04108
167.34314	908.55139
167.39523	904.98383
167.44734	906.37982
167.49945	903.25165
167.55156	906.39166
167.60367	907.32184
167.65578	903.65442
167.70787	906.21027
167.75998	910.67493
167.81209	907.58112
167.8642	907.60291
167.91631	907.05768
167.96841	903.2298
168.02051	902.47717
168.07262	905.0329
168.12473	910.258
168.17683	910.60162
168.22894	904.74249
168.28105	904.68243
168.33315	906.81952
168.38525	906.0415
168.43736	904.31818
168.48947	903.87067
168.54158	908.98071
168.59369	910.33514
168.64578	906.92786
168.69789	903.95526
168.75	904.33948
168.80211	907.70593
168.85422	904.48779
168.90631	905.4718
168.95842	907.41388
169.01053	912.23553
169.06264	904.50677
169.11475	903.02478
169.16685	903.3656
169.21895	909.37573
169.27106	906.71606
169.32317	908.30457
169.37527	910.06665
169.42738	907.81714
169.47949	905.12341
169.53159	907.15021
169.58369	909.71954
169.6358	909.13464
169.68791	905.97675
169.74002	901.21674
169.79213	906.86163
169.84422	913.38538
169.89633	911.15369
169.94844	909.58093
170.00055	907.95184
170.05266	908.18048
170.10477	911.90424
170.15686	908.39276
170.20897	907.3501
170.26108	912.81635
170.31319	909.56165
170.3653	899.85229
170.4174	904.90692
170.4695	907.04248
170.52161	907.25562
170.57372	904.48157
170.62582	906.13318
170.67793	912.29126
170.73004	911.09216
170.78214	899.36011
170.83424	900.35504
170.88635	906.67554
170.93846	905.86823
170.99057	909.96899
171.04268	906.28076
171.09477	906.24335
171.14688	905.88507
171.19899	905.39563
171.2511	905.29956
171.30321	905.29626
171.35532	908.9577
171.40741	904.29242
171.45952	902.80432
171.51163	906.21448
171.56374	910.58923
171.61584	905.41107
171.66795	904.19373
171.72005	905.1424
171.77216	905.57269
171.82426	904.3338
171.87637	904.48981
171.92848	910.64569
171.98059	911.31317
172.03268	908.13171
172.08479	907.16125
172.1369	905.22235
172.18901	909.33258
172.24112	911.11462
172.29323	903.34729
172.34532	905.34149
172.39743	906.87177
172.44954	910.74695
172.50165	905.65515
172.55376	905.38361
172.60585	906.92169
172.65796	908.88324
172.71007	903.25238
172.76218	904.71075
172.81429	908.59906
172.86639	909.17444
172.91849	903.67908
172.9706	908.55072
173.02271	909.62421
173.07481	902.55939
173.12692	903.21411
173.17903	909.56567
173.23112	907.0119
173.28323	908.96301
173.33534	907.00598
173.38745	905.33087
173.43956	908.0896
173.49167	908.72876
173.54376	904.88409
173.59587	899.81342
173.64798	903.34021
173.70009	908.66473
173.7522	908.65912
173.80431	908.1438
173.8564	908.79138
173.90851	908.82355
173.96062	906.11462
174.01273	905.21985
174.06483	907.3125
174.11694	906.9707
174.16904	908.48785
174.22115	904.60907
174.27325	904.80524
174.32536	902.12244
174.37747	910.19733
174.42958	907.89929
174.48167	906.93445
174.53378	909.55731
174.58589	908.78259
174.638	903.7135
174.69011	907.5943
174.74222	909.05078
174.79431	907.6593
174.84642	908.96399
174.89853	905.49414
174.95064	906.37714
175.00275	910.78076
175.05486	907.49152
175.10695	907.74683
175.15906	907.29956
175.21117	907.05792
175.26328	904.93121
175.31538	905.07306
175.36749	906.20258
175.41959	908.11353
175.47169	907.54071
175.5238	906.82574
175.57591	911.1369
175.62802	910.63141
175.68013	903.8219
175.73222	905.89215
175.78433	910.04388
175.83644	907.51978
175.88855	907.90277
175.94066	905.81683
175.99277	903.67194
176.04486	909.77173
176.09697	908.15448
176.14908	901.14178
176.20119	904.86932
176.2533	901.78979
176.3054	904.47437
176.3575	902.64233
176.40961	906.4848
176.46172	906.75781
176.51382	909.28278
176.56593	906.24335
176.61803	900.60211
176.67014	911.30676
176.72224	910.98657
176.77435	905.83728
176.82646	906.81689
176.87857	902.5639
176.93066	909.19202
176.98277	908.79974
177.03488	904.85455
177.08699	912.43164
177.1391	908.97968
177.19121	905.50049
177.2433	904.93396
177.29541	905.92841
177.34752	905.15082
177.39963	902.28333
177.45174	901.50641
177.50385	908.90057
177.55594	909.89374
177.60805	906.92206
177.66016	904.31866
177.71227	906.28247
177.76437	910.4234
177.81648	906.39899
177.86858	905.83716
177.92068	905.92987
177.97279	907.57037
178.0249	905.57025
178.07701	903.04773
178.12912	907.1535
178.18121	913.10016
178.23332	907.16315
178.28543	902.42914
178.33754	905.89954
178.38965	908.99115
178.44176	905.66083
178.49385	903.30426
178.54596	902.46301
178.59807	906.35016
178.65018	904.40002
178.70229	901.5025
178.75439	905.94629
178.80649	911.25745
178.8586	906.6272
178.91071	907.93597
178.96281	905.47668
179.01492	907.97943
179.06703	913.01398
179.11913	908.06726
179.17123	907.58881
179.22334	908.31311
179.27545	906.34174
179.32756	904.67719
179.37967	902.19232
179.43176	905.70313
179.48387	910.94788
179.53598	906.27026
179.58809	904.76996
179.6402	907.13934
179.69231	907.06281
179.7444	907.39984
179.79651	905.75745
179.84862	907.27496
179.90073	908.96674
179.95284	910.70557
180.00494	906.40704
180.05704	906.4704
180.10915	912.29254
180.16125	910.65234
180.21336	908.71704
180.26547	902.75159
180.31757	908.75793
180.36967	911.17676
180.42178	902.30273
180.47389	909.26117
180.526	909.68878
180.57811	907.73816
180.6302	905.78748
180.68231	905.72412
180.73442	907.55505
180.78653	906.82703
180.83864	902.39215
180.89075	901.2923
180.94284	909.32751
180.99495	906.09839
181.04706	907.73938
181.09917	906.49939
181.15128	907.81598
181.20338	906.99103
181.25548	905.862
181.30759	903.802
181.3597	905.08954
181.4118	907.54266
181.46391	906.25452
181.51602	906.2417
181.56812	907.91833
181.62022	909.57776
181.67233	918.04749
181.72444	918.09161
181.77655	906.35321
181.82866	907.56781
181.88075	907.2851
181.93286	904.74384
181.98497	908.14868
182.03708	909.33856
182.08919	904.81799
182.1413	903.90582
182.19339	909.08472
182.2455	903.06348
182.29761	907.34711
182.34972	902.32941
182.40182	904.23547
182.45393	905.97449
182.50603	912.46173
182.55814	906.61615
182.61024	905.14722
182.66235	902.73682
182.71446	909.50482
182.76657	907.41388
182.81866	904.92297
182.87077	903.32751
182.92288	905.9436
182.97499	903.02911
183.0271	900.55341
183.07921	906.34869
183.1313	908.57465
183.18341	909.59985
183.23552	904.46307
183.28763	906.31592
183.33974	910.5802
183.39185	907.78137
183.44394	905.61072
183.49605	905.25879
183.54816	907.8197
183.60027	909.61469
183.65237	905.78796
183.70448	905.37622
183.75658	910.13196
183.80869	910.29633
183.86079	904.96948
183.9129	903.79169
183.96501	907.8186
184.01712	907.44543
184.06921	904.39606
184.12132	904.55634
184.17343	906.12952
184.22554	905.24957
184.27765	908.38013
184.32974	905.0094
184.38185	908.51953
184.43396	903.25092
184.48607	899.63232
184.53818	903.51147
184.59029	905.94336
184.64238	908.37506
184.69449	907.54797
184.7466	904.76013
184.79871	908.86969
184.85081	906.05542
184.90292	909.60468
184.95502	904.0506
185.00713	904.01196
185.05923	910.08118
185.11134	909.78229
185.16345	906.15845
185.21556	903.93927
185.26765	904.09076
185.31976	906.92291
185.37187	904.57306
185.42398	905.63153
185.47609	907.88879
185.5282	907.42847
185.58029	906.44318
185.6324	907.2832
185.68451	911.17651
185.73662	909.48602
185.78873	904.68823
185.84084	907.35712
185.89293	908.72955
185.94504	906.71338
185.99715	906.97321
186.04926	905.24982
186.10136	904.79114
186.15347	908.35522
186.20557	904.47778
186.25768	904.65063
186.30978	904.48438
186.36189	911.14893
186.414	904.7569
186.46611	903.63318
186.5182	908.26154
186.57031	904.36768
186.62242	907.28741
186.67453	907.83331
186.72664	906.46979
186.77875	914.43427
186.83084	906.62616
186.88295	907.8855
186.93506	909.57391
186.98717	912.22479
187.03928	905.14252
187.09138	906.92438
187.14348	907.25256
187.19559	909.25049
187.2477	902.65582
187.2998	901.70514
187.35191	909.16278
187.40402	908.09601
187.45612	902.27228
187.50822	903.53821
187.56033	908.61157
187.61244	907.63507
187.66455	906.14435
187.71666	903.50116
187.76875	900.9834
187.82086	908.78882
187.87297	908.6568
187.92508	901.78247
187.97719	904.47205
188.02928	907.7113
188.08139	905.63123
188.1335	903.19226
188.18561	901.98541
188.23772	905.75299
188.28983	909.87427
188.34192	906.85522
188.39403	901.37231
188.44614	906.98334
188.49825	909.53955
188.55035	905.65143
188.60246	902.24921
188.65456	910.04016
188.70667	908.80981
188.75877	898.56299
188.81088	904.02087
188.86299	909.52789
188.9151	905.13525
188.96719	907.0968
189.0193	905.32489
189.07141	905.48376
189.12352	906.45508
189.17563	904.54431
189.22774	903.00787
189.27983	904.70764
189.33194	906.34033
189.38405	907.31171
189.43616	907.39349
189.48827	905.20044
189.54037	907.47852
189.59247	907.83887
189.64458	904.68616
189.69669	907.20251
189.74879	908.0274
189.8009	905.70569
189.85301	905.02124
189.90511	905.12195
189.95721	910.31128
190.00932	906.30408
190.06143	902.44885
190.11354	905.51733
190.16565	906.33215
190.21774	907.81128
190.26985	899.88605
190.32196	904.42603
190.37407	910.31775
190.42618	905.07434
190.47829	904.54126
190.53038	903.7428
190.58249	905.67194
190.6346	907.09412
190.68671	904.65387
190.73882	899.81793
190.79092	910.34088
190.84302	911.55823
190.89513	903.21521
190.94724	904.66974
190.99934	905.92682
191.05145	910.5296
191.10356	910.41608
191.15565	907.05988
191.20776	906.08197
191.25987	905.37317
191.31198	905.75604
191.36409	904.43408
191.4162	906.40424
191.46829	907.15906
191.5204	904.82422
191.57251	905.2229
191.62462	905.76263
191.67673	907.82477
191.72884	908.15729
191.78093	905.547
191.83304	906.61444
191.88515	912.07135
191.93726	912.74683
191.98936	903.3288
192.04146	902.52246
192.09357	903.37677
192.14568	902.88611
192.19778	903.27765
192.24989	905.8587
192.302	908.02386
192.3541	910.68793
192.4062	904.20605
192.45831	902.88507
192.51042	905.9079
192.56253	908.62347
192.61464	898.35303
192.66673	904.90259
192.71884	901.49677
192.77095	908.80481
192.82306	904.70581
192.87517	904.94293
192.92728	907.67859
192.97937	906.66089
193.03148	903.06995
193.08359	904.11804
193.1357	904.86438
193.18781	903.41077
193.23991	903.70801
193.29201	904.31738
193.34412	905.15161
193.39622	907.13611
193.44833	909.2453
193.50044	903.69226
193.55255	903.8385
193.60464	912.47247
193.65675	911.15723
193.70886	906.95428
193.76097	905.42639
193.81308	906.03595
193.86519	906.66956
193.91728	904.12921
193.96939	905.01367
194.0215	906.66077
194.07361	905.9809
194.12572	902.56659
194.17783	903.35114
194.22992	904.9483
194.28203	904.89154
194.33414	902.98553
194.38625	912.59052
194.43835	914.68195
194.49046	910.47784
194.54256	905.00134
194.59467	902.67786
194.64677	905.94183
194.69888	912.38367
194.75099	903.43188
194.8031	905.87134
194.85519	911.2312
194.9073	902.79022
194.95941	906.52405
195.01152	898.73187
195.06363	905.30219
195.11574	909.75238
195.16783	902.89227
195.21994	902.94269
195.27205	905.66754
195.32416	910.47198
195.37627	903.4527
195.42838	901.73145
195.48047	905.37482
195.53258	904.85651
195.58469	903.18591
195.6368	901.60303
195.6889	902.83704
195.741	907.07959
195.79311	905.59167
195.84521	903.05676
195.89732	907.39905
195.94943	906.27881
196.00154	900.28949
196.05363	901.099
196.10574	903.04626
196.15785	906.42078
196.20996	908.28375
196.26207	902.73627
196.31418	901.95581
196.36627	909.67041
196.41838	909.93042
196.47049	901.84381
196.5226	902.28094
196.57471	910.21899
196.62682	905.02081
196.67891	906.19788
196.73102	902.25616
196.78313	908.16577
196.83524	914.25311
196.88734	901.26392
196.93945	903.69916
196.99155	903.24805
197.04366	906.50726
197.09576	903.07117
197.14787	901.83124
197.19998	909.48944
197.25209	908.61554
197.30418	904.95221
197.35629	908.15607
197.4084	911.11676
197.46051	908.73724
197.51262	908.05548
197.56473	907.5025
197.61682	904.18921
197.66893	909.1123
197.72104	908.66748
197.77315	907.96198
197.82526	908.60931
197.87737	906.81433
197.92946	907.49127
197.98157	911.15009
198.03368	910.34039
198.08578	908.94794
198.13789	905.46503
198.19	901.62891
198.2421	905.97498
198.2942	904.1947
198.34631	906.30841
198.39842	903.20032
198.45053	897.75305
198.50264	906.01544
198.55473	909.16925
198.60684	905.84637
198.65895	905.49255
198.71106	909.72589
198.76317	912.16425
198.81528	901.85321
198.86737	901.71295
198.91948	903.36267
198.97159	909.73938
199.0237	902.40649
199.07581	906.96295
199.12791	906.02954
199.18001	910.75275
199.23212	901.03827
199.28423	907.396
199.33633	907.10498
199.38844	906.30096
199.44054	905.27905
199.49265	905.15576
199.54475	905.86884
199.59686	907.43109
199.64897	904.46704
199.70108	904.61853
199.75317	904.40173
199.80528	904.19495
199.85739	904.63879
199.9095	902.86896
199.96161	903.35938
200.01372	906.53497
200.06581	904.84406
200.11792	905.55176
200.17003	907.82245
200.22214	908.44232
200.27425	908.73187
200.32635	905.65527
200.37845	904.82111
200.43056	905.60773
200.48267	905.42236
200.53477	904.88739
200.58688	905.33923
200.63899	909.02295
200.69109	908.03595
200.74319	905.70929
200.7953	906.85364
200.84741	906.84149
200.89952	905.69043
200.95163	903.95605
201.00372	904.08063
201.05583	905.72809
201.10794	908.68335
201.16005	906.87708
201.21216	904.01453
201.26427	909.63818
201.31636	905.81299
201.36847	907.69482
201.42058	907.55096
201.47269	907.04138
201.5248	905.70099
201.5769	907.30792
201.629	907.04315
201.68111	903.29303
201.73322	905.10138
201.78532	905.48584
201.83743	907.52161
201.88954	906.92017
201.94164	905.87048
201.99374	904.6319
202.04585	906.39172
202.09796	907.66925
202.15007	908.24689
202.20218	906.91083
202.25427	907.53522
202.30638	907.08759
202.35849	905.99805
202.4106	904.41815
202.46271	905.46423
202.51482	906.93964
202.56691	904.49506
202.61902	903.41675
202.67113	903.79089
202.72324	903.33905
202.77534	901.51019
202.82745	902.33252
202.87955	903.93518
202.93166	906.03711
202.98376	905.42761
203.03587	904.42212
203.08798	905.63763
203.14009	908.93768
203.19218	906.9646
203.24429	902.40057
203.2964	908.0379
203.34851	907.62567
203.40062	905.99561
203.45271	911.58618
203.50482	907.61975
203.55693	907.565
203.60904	902.85675
203.66115	901.2998
203.71326	907.35339
203.76535	905.81311
203.81746	906.17041
203.86957	906.33496
203.92168	904.01996
203.97379	903.711
204.02589	906.35742
204.07799	906.98303
204.1301	904.48737
204.18221	907.49768
204.23431	904.89288
204.28642	904.17505
204.33853	904.68652
204.39063	902.4671
204.44273	904.37085
204.49484	905.12262
204.54695	904.40308
204.59906	904.35229
204.65117	903.00946
204.70326	904.40967
204.75537	904.13867
204.80748	907.72583
204.85959	913.32751
204.9117	911.03992
204.96381	908.02002
205.0159	907.54724
205.06801	904.73456
205.12012	909.91302
205.17223	905.54291
205.22433	904.72308
205.27644	907.70441
205.32854	902.11804
205.38065	900.88049
205.43275	916.60889
205.48486	906.38141
205.53697	901.91394
205.58908	900.79639
205.64117	907.08087
205.69328	901.99414
205.74539	905.92474
205.7975	907.54572
205.84961	902.89453
205.90172	906.37091
205.95381	905.82922
206.00592	904.11591
206.05803	900.90527
206.11014	901.37665
206.16225	907.68536
206.21436	904.79858
206.26645	903.2644
206.31856	909.22559
206.37067	909.15723
206.42278	903.08142
206.47488	900.4165
206.52699	904.14337
206.57909	906.85284
206.6312	903.92767
206.6833	904.66071
206.73541	905.96179
206.78752	904.31403
206.83963	909.42065
206.89172	905.66162
206.94383	905.17871
206.99594	909.99341
207.04805	904.71503
207.10016	899.65973
207.15225	903.02954
207.20436	907.43903
207.25647	903.35828
207.30858	910.18903
207.36069	910.8811
207.4128	906.17017
207.46489	909.08862
207.517	903.77789
207.56911	906.89673
207.62122	905.26355
207.67332	908.65295
207.72543	905.63245
207.77753	907.59985
207.82964	907.26996
207.88174	908.65088
207.93385	909.07513
207.98596	903.93298
208.03807	906.31689
208.09016	908.06488
208.14227	904.77997
208.19438	906.20978
208.24649	907.45007
208.2986	905.31592
208.35071	900.45734
208.4028	900.70227
208.45491	905.29187
208.50702	905.61377
208.55913	904.03375
208.61124	904.03027
208.66335	905.81171
208.71544	907.59662
208.76755	905.50269
208.81966	905.47308
208.87177	906.34119
208.92387	903.9104
208.97598	903.80035
209.02808	901.40173
209.08018	907.06763
209.13229	908.92371
209.1844	905.57928
209.23651	903.26825
209.28862	905.91412
209.34071	910.09204
209.39282	904.1145
209.44493	907.94611
209.49704	904.53369
209.54915	907.81616
209.60126	903.31207
209.65335	903.41376
209.70546	903.01849
209.75757	906.79321
209.80968	906.62366
209.86179	904.44409
209.91389	906.271
209.96599	907.31561
210.0181	905.98932
210.07021	904.73566
210.12231	903.75787
210.17442	907.62915
210.22653	907.75098
210.27863	905.52747
210.33073	902.64026
210.38284	907.16003
210.43495	912.15082
210.48706	906.74255
210.53917	903.73279
210.59126	907.71985
210.64337	905.87415
210.69548	900.11517
210.74759	902.33606
210.7997	908.72266
210.85181	909.84912
210.9039	909.16461
210.95601	903.57538
211.00812	901.51123
211.06023	905.72137
211.11234	901.45612
211.16443	902.88214
211.21654	907.89819
211.26865	905.69916
211.32076	912.49152
211.37286	908.2663
211.42497	906.81561
211.47707	905.83258
211.52917	902.90631
211.58128	903.78497
211.63339	904.75586
211.6855	909.32709
211.73761	908.51184
211.7897	909.16858
211.84181	905.20197
211.89392	911.48761
211.94603	907.52216
211.99814	906.17908
212.05025	905.22223
212.10234	905.49384
212.15445	903.78864
212.20656	902.47064
212.25867	904.45068
212.31078	908.74591
212.36288	909.93225
212.41498	906.84509
212.46709	905.03265
212.5192	906.74048
212.5713	905.71613
212.62341	904.73767
212.67552	905.81647
212.72762	903.75787
212.77972	905.0202
212.83183	907.5871
212.88394	907.62653
212.93605	906.95636
212.98816	908.22198
213.04025	906.50336
213.09236	905.31744
213.14447	904.36951
213.19658	907.38391
213.24869	907.96039
213.3008	906.37897
213.35289	907.67615
213.405	907.13074
213.45711	905.44495
213.50922	896.77722
213.56133	914.31073
213.61343	908.9826
213.66553	906.84113
213.71764	908.49609
213.76974	904.745
213.82185	912.69275
213.87396	906.3421
213.92607	903.87866
213.97816	909.4826
214.03027	905.92932
214.08238	906.33856
214.13449	906.11774
214.1866	905.99744
214.23871	908.422
214.2908	905.30469
214.34291	903.24683
214.39502	905.92938
214.44713	906.82642
214.49924	905.10144
214.55135	907.59705
214.60344	909.49231
214.65555	906.2998
214.70766	902.74548
214.75977	901.10486
214.81187	904.45581
214.86397	907.78729
214.91608	909.6944
214.96819	912.23676
215.02029	908.91052
215.0724	905.72284
215.12451	905.02527
215.17661	901.85327
215.22871	904.9281
215.28082	904.22754
215.33293	905.08527
215.38504	904.95026
215.43715	903.51587
215.48924	902.70544
215.54135	906.08929
215.59346	907.54803
215.64557	905.64233
215.69768	907.90112
215.74979	905.32605
215.80188	905.93945
215.85399	907.3407
215.9061	906.71295
215.95821	906.94867
216.01031	903.12109
216.06242	904.31299
216.11452	906.13354
216.16663	904.40613
216.21873	903.1853
216.27084	904.99585
216.32295	907.28436
216.37506	908.31989
216.42715	909.96692
216.47926	907.6709
216.53137	907.39612
216.58348	909.24963
216.63559	906.59589
216.6877	903.08478
216.73979	902.8526
216.7919	904.79852
216.84401	905.60565
216.89612	904.80469
216.94823	906.45453
217.00034	910.62708
217.05243	909.57794
217.10454	905.84137
217.15665	905.35052
217.20876	905.4693
217.26086	907.63586
217.31297	907.69
217.36507	903.89789
217.41718	907.1012
217.46928	908.40521
217.52139	907.78381
217.5735	904.92352
217.62561	904.44
217.6777	907.84851
217.72981	904.12054
217.78192	909.01813
217.83403	906.26563
217.88614	911.1723
217.93825	909.78583
217.99034	908.58362
218.04245	906.00378
218.09456	910.44409
218.14667	915.65137
218.19878	902.39008
218.25089	909.4978
218.30298	910.16217
218.35509	905.93524
218.4072	902.06995
218.4593	905.47736
218.51141	908.58765
218.56351	906.72253
218.61562	903.0072
218.66772	903.86224
218.71983	906.86115
218.77194	906.85779
218.82405	903.45929
218.87614	902.04547
218.92825	906.66016
218.98036	905.47076
219.03247	905.29974
219.08458	909.68347
219.13669	910.77692
219.18878	906.07751
219.24089	908.21466
219.293	907.52429
219.34511	906.4939
219.39722	907.46558
219.44933	908.06476
219.50142	906.35901
219.55353	906.50879
219.60564	902.99902
219.65775	906.61719
219.70985	899.30042
219.76196	909.52411
219.81406	906.94086
219.86617	904.47437
219.91827	904.73169
219.97038	906.09039
220.02249	902.8761
220.0746	907.22052
220.12669	903.46985
220.1788	902.65204
220.23091	903.51099
220.28302	910.28253
220.33513	906.45331
220.38724	905.4389
220.43933	907.54791
220.49144	906.36774
220.54355	905.24048
220.59566	904.66138
220.64777	906.43658
220.69987	908.75604
220.75197	910.479
220.80408	909.1048
220.85619	906.6709
220.90829	907.21643
220.9604	906.81122
221.01251	906.7746
221.06461	907.35406
221.11671	907.19305
221.16882	906.83917
221.22093	902.8631
221.27304	903.59735
221.32515	912.41644
221.37724	910.75061
221.42935	902.073
221.48146	907.78845
221.53357	915.90405
221.58568	909.633
221.63779	900.98383
221.68988	905.07013
221.74199	912.05804
221.7941	908.63489
221.84621	903.75452
221.89832	905.08344
221.95042	907.47339
222.00252	904.47443
222.05463	901.49756
222.10674	908.84161
222.15884	909.30212
222.21095	907.11365
222.26306	904.67181
222.31516	907.53107
222.36726	904.22491
222.41937	905.09351
222.47148	911.23663
222.52359	909.9884
222.57568	906.52179
222.62779	908.3432
222.6799	907.76135
222.73201	908.05444
222.78412	910.39453
222.83623	911.85419
222.88832	910.88531
222.94043	907.69861
222.99254	907.16919
223.04465	907.34021
223.09676	904.604
223.14886	905.60443
223.20096	910.90887
223.25307	910.05609
223.30518	903.98065
223.35728	904.40149
223.40939	909.43115
223.4615	908.61792
223.5136	906.28357
223.5657	903.53674
223.61781	906.67078
223.66992	910.24298
223.72203	907.61786
223.77414	903.76123
223.82623	907.00183
223.87834	906.60999
223.93045	911.48352
223.98256	897.46472
224.03467	907.86798
224.08678	903.44806
224.13887	908.37396
224.19098	906.38702
224.24309	911.91797
224.2952	908.88373
224.34731	909.18433
224.39941	905.23645
224.45151	907.72235
224.50362	907.53119
224.55573	909.77075
224.60783	907.26154
224.65994	905.46802
224.71205	909.21808
224.76414	909.05682
224.81625	910.91736
224.86836	910.14136
224.92047	908.7699
224.97258	909.44409
225.02469	904.87469
225.07678	903.62103
225.12889	907.00702
225.181	907.24438
225.23311	905.19165
225.28522	902.77838
225.33733	909.41779
225.38942	911.65015
225.44153	909.20776
225.49364	906.24799
225.54575	904.08197
225.59785	906.85492
225.64996	903.73859
225.70206	907.3183
225.75417	906.96393
225.80627	907.7298
225.85838	909.81512
225.91049	904.20465
225.9626	908.94104
226.01469	910.23364
226.0668	900.96143
226.11891	901.83777
226.17102	900.92603
226.22313	909.58179
226.27522	905.448
226.32733	908.76898
226.37944	904.70728
226.43155	907.133
226.48366	902.67181
226.53577	903.27356
226.58786	904.21423
226.63997	907.59143
226.69208	903.5918
226.74419	899.64362
226.7963	903.37939
226.8484	907.38849
226.9005	908.01874
226.95261	906.37244
227.00471	906.41943
227.05682	908.10303
227.10893	907.03906
227.16104	907.46509
227.21313	906.8324
227.26524	904.80786
227.31735	907.81177
227.36946	906.60284
227.42157	902.46497
227.47368	902.78174
227.52577	902.31165
227.57788	901.70514
227.62999	903.55939
227.6821	907.67627
227.73421	911.51465
227.78632	903.64136
227.83841	905.00879
227.89052	903.96686
227.94263	905.25073
227.99474	905.38739
228.04684	906.98663
228.09895	910.33093
228.15105	912.03766
228.20316	902.76276
228.25526	906.6214
228.30737	904.35455
228.35948	905.14764
228.41159	906.12012
228.46368	906.65436
228.51579	907.99115
228.5679	906.96686
228.62001	911.52954
228.67212	907.63336
228.72423	905.44318
228.77632	904.46375
228.82843	904.54584
228.88054	905.37231
228.93265	903.70648
228.98476	905.85931
229.03687	907.67822
229.08896	903.85663
229.14107	907.36823
229.19318	908.93219
229.24529	907.96832
229.29739	904.99207
229.3495	906.70135
229.4016	911.05048
229.4537	906.94104
229.50581	907.24011
229.55792	904.43073
229.61003	903.00427
229.66214	909.06494
229.71423	902.33405
229.76634	904.24573
229.81845	911.75519
229.87056	911.00677
229.92267	902.62878
229.97478	905.15497
230.02687	907.45715
230.07898	906.34576
230.13109	904.82135
230.1832	906.85431
230.23531	909.59894
230.2874	909.6496
230.33951	910.97113
230.39162	901.20551
230.44373	903.97784
230.49583	910.19476
230.54794	911.03638
230.60004	903.48737
230.65215	905.17786
230.70425	909.79205
230.75636	908.10132
230.80847	901.58173
230.86058	906.24353
230.91267	908.42877
230.96478	906.37372
231.01689	914.67126
231.069	908.71442
231.12111	905.67523
231.17322	909.37286
231.22531	909.21399
231.27742	903.95111
231.32953	903.54156
231.38164	905.25549
231.43375	903.22986
231.48586	904.19788
231.53795	909.33167
231.59006	908.70898
231.64217	905.13013
231.69427	906.59106
231.74638	906.02411
231.79849	904.18536
231.85059	905.65259
231.90269	906.43457
231.9548	908.16913
232.00691	909.60693
232.05902	908.36517
232.11113	908.37933
232.16322	910.50757
232.21533	912.03784
232.26744	906.505
232.31955	903.89087
232.37166	906.99573
232.42377	902.16473
232.47586	905.37781
232.52797	903.38904
232.58008	898.99261
232.63219	911.49365
232.6843	908.64026
232.7364	906.59723
232.7885	906.42999
232.84061	911.21606
232.89272	907.68652
232.94482	905.2724
232.99693	902.11615
233.04904	907.23486
233.10114	906.2746
233.15324	907.95813
233.20535	906.78571
233.25746	907.94476
233.30957	907.57843
233.36168	907.20935
233.41377	906.16614
233.46588	911.55585
233.51799	911.0874
233.5701	903.86554
233.62221	903.20087
233.67432	901.42401
233.72641	902.30206
233.77852	906.9718
233.83063	905.86096
233.88274	908.25244
233.93484	910.16364
233.98694	905.58978
234.03905	904.97638
234.09116	910.95404
234.14326	911.07281
234.19537	908.61127
234.24748	909.42542
234.29958	905.35779
234.35168	907.42029
234.40379	908.31543
234.4559	910.53815
234.50801	908.46448
234.56012	905.81256
234.61221	905.77399
234.66432	905.49371
234.71643	909.185
234.76854	904.29901
234.82065	906.7373
234.87276	904.40875
234.92485	904.28839
234.97696	909.72272
235.02907	908.95703
235.08118	909.20795
235.13329	905.93042
235.18539	912.58649
235.23749	909.1369
235.2896	902.0188
235.34171	908.05878
235.39381	907.52032
235.44592	905.90613
235.49803	905.75055
235.55013	904.77325
235.60223	909.25104
235.65434	908.32379
235.70645	903.99921
235.75856	904.95721
235.81067	909.39288
235.86276	907.39764
235.91487	901.27881
235.96698	903.15234
236.01909	909.2536
236.0712	908.50787
236.12331	906.47723
236.1754	909.02087
236.22751	909.39459
236.27962	910.37592
236.33173	909.09601
236.38383	906.58588
236.43594	904.19507
236.48804	905.80011
236.54015	905.56097
236.59225	904.37177
236.64436	908.87256
236.69647	904.94562
236.74858	906.04083
236.80067	901.30048
236.85278	902.89728
236.90489	906.48993
236.957	913.42163
237.00911	902.67358
237.06122	908.49512
237.11331	909.59503
237.16542	906.85461
237.21753	901.65753
237.26964	905.10272
237.32175	909.92426
237.37386	903.52332
237.42595	902.93561
237.47806	904.69867
237.53017	907.03186
237.58228	906.12598
237.63438	904.16882
237.68649	909.18274
237.73859	908.90631
237.7907	906.62256
237.8428	904.83984
237.89491	909.83582
237.94702	910.97131
237.99911	905.17566
238.05122	904.49091
238.10333	903.75952
238.15544	904.01111
238.20755	907.77069
238.25966	907.90295
238.31175	907.06433
238.36386	905.67059
238.41597	905.05457
238.46808	906.6759
238.52019	904.23016
238.5723	904.68329
238.62439	908.41461
238.6765	905.15131
238.72861	904.86298
238.78072	907.95953
238.83282	908.76904
238.88493	905.19183
238.93703	903.73938
238.98914	904.89807
239.04124	904.26215
239.09335	906.62585
239.14546	907.9566
239.19757	907.12427
239.24966	910.96881
239.30177	906.08002
239.35388	905.51495
239.40599	908.77448
239.4581	904.4137
239.51021	908.44501
239.5623	902.4635
239.61441	901.05493
239.66652	902.20984
239.71863	906.47388
239.77074	904.74609
239.82285	908.87097
239.87494	910.09479
239.92705	908.18475
239.97916	907.45392
240.03127	905.12836
240.08337	910.03217
240.13548	906.95691
240.18758	909.18713
240.23969	910.86194
240.29179	907.83453
240.3439	905.08673
240.39601	906.44897
240.44812	905.09412
240.50021	901.79395
240.55232	905.81055
240.60443	909.53143
240.65654	908.46027
240.70865	907.79181
240.76076	910.18048
240.81285	906.73798
240.86496	904.75171
240.91707	903.65369
240.96918	910.12805
241.02129	905.80975
241.07339	900.23303
241.12549	906.48969
241.1776	910.23633
241.22971	905.14087
241.28181	909.22278
241.33392	905.02472
241.38603	911.03827
241.43813	907.02893
241.49023	910.32751
241.54234	909.33386
241.59445	904.93225
241.64656	904.36438
241.69865	901.5329
241.75076	907.27338
241.80287	904.71582
241.85498	906.9339
241.90709	907.74896
241.9592	907.00012
242.01129	910.01971
242.0634	908.87244
242.11551	902.65033
242.16762	906.30188
242.21973	910.0799
242.27184	910.80212
242.32393	908.47229
242.37604	906.97424
242.42815	905.86249
242.48026	905.58679
242.53236	903.77472
242.58447	903.66107
242.63657	907.95386
242.68867	906.21344
242.74078	901.77112
242.79289	905.23077
242.845	908.38574
242.89711	911.01111
242.9492	909.75092
243.00131	902.7287
243.05342	907.57587
243.10553	908.88147
243.15764	909.80798
243.20975	905.79028
243.26184	908.82843
243.31395	905.28473
243.36606	901.69305
243.41817	900.78259
243.47028	906.07117
243.52238	909.55646
243.57448	905.77838
243.62659	906.26385
243.6787	906.90948
243.7308	908.80115
243.78291	902.43048
243.83502	908.737
243.88712	911.66638
243.93922	903.94794
243.99133	913.14441
244.04344	900.29407
244.09555	905.03888
244.14766	910.51117
244.19975	906.89264
244.25186	899.49915
244.30397	909.93616
244.35608	911.08575
244.40819	907.59241
244.4603	906.28485
244.51239	907.59863
244.5645	908.8504
244.61661	908.80804
244.66872	902.41583
244.72083	906.42151
244.77293	908.49823
244.82503	906.54456
244.87714	902.44757
244.92924	902.61957
244.98135	904.0788
245.03346	903.86896
245.08557	906.76477
245.13766	904.33203
245.18977	901.85669
245.24188	905.07849
245.29399	903.21344
245.3461	903.69794
245.39819	908.52124
245.4503	911.51611
245.50241	905.48859
245.55452	904.77911
245.60663	907.47528
245.65874	909.61145
245.71083	906.27954
245.76294	901.84009
245.81505	911.40063
245.86716	909.91345
245.91927	905.81567
245.97137	904.10742
246.02347	904.90613
246.07558	908.90985
246.12769	906.46167
246.17979	904.09149
246.2319	907.99969
246.28401	909.00446
246.33611	902.88605
246.38821	906.22418
246.44032	905.62482
246.49243	909.91986
246.54454	905.37402
246.59665	906.18695
246.64874	906.10577
246.70085	908.38293
246.75296	903.62103
246.80507	902.00208
246.85718	901.63599
246.90929	904.30798
246.96138	905.15112
247.01349	905.64758
247.0656	906.30341
247.11771	908.94244
247.16982	908.40143
247.22192	900.97546
247.27402	899.49255
247.32613	906.71436
247.37823	910.96411
247.43034	908.78503
247.48245	906.91882
247.53456	905.69562
247.58665	905.74799
247.63876	908.74896
247.69087	909.19098
247.74298	910.26404
247.79509	908.45111
247.8472	906.82697
247.89929	909.69434
247.9514	909.73956
248.00351	910.50922
248.05562	904.73853
248.10773	902.26105
248.15984	905.71692
248.21193	906.55652
248.26404	909.50482
248.31615	900.38287
248.36826	904.45679
248.42036	906.16174
248.47247	910.05304
248.52457	903.20581
248.57668	905.86786
248.62878	907.96704
248.68089	905.12738
248.733	907.37537
248.78511	905.86456
248.8372	905.88843
248.88931	904.01538
248.94142	902.65259
248.99353	903.04559
249.04564	905.15747
249.09775	905.71533
249.14984	906.73315
249.20195	904.95874
249.25406	905.54871
249.30617	910.03302
249.35828	907.91724
249.41037	908.20764
249.46248	907.883
249.51459	907.90076
249.5667	905.04565
249.6188	901.89661
249.67091	903.1051
249.72301	907.03027
249.77512	907.58618
249.82722	907.3501
249.87933	909.80939
249.93144	907.71423
249.98355	906.133
250.03564	907.2489
250.08775	906.08875
250.13986	908.54407
250.19197	906.46545
250.24408	903.34033
250.29619	906.3996
250.34828	907.62897
250.40039	908.97205
250.4525	906.16638
250.50461	905.17371
250.55672	906.29205
250.60883	905.84625
250.66092	904.84045
250.71303	907.09076
250.76514	906.00714
250.81725	906.76538
250.86935	907.56
250.92146	907.27393
250.97356	904.52197
251.02567	906.98578
251.07777	904.5415
251.12988	906.01843
251.18199	906.03088
251.2341	908.48877
251.28619	910.00024
251.3383	910.40735
251.39041	906.83124
251.44252	907.04755
251.49463	906.95215
251.54674	907.00842
251.59883	908.73419
251.65094	909.64789
251.70305	906.18652
251.75516	907.4118
251.80727	906.50134
251.85938	905.35785
251.91147	903.724
251.96358	903.57861
252.01569	903.59045
252.06779	907.89777
252.1199	907.19269
252.17201	904.65039
252.22411	905.11768
252.27621	906.92126
252.32832	907.94678
252.38043	906.21991
252.43254	904.91888
252.48465	906.17328
252.53674	905.6546
252.58885	905.79108
252.64096	905.30609
252.69307	904.8429
252.74518	908.82678
252.79729	910.96875
252.84938	908.9024
252.90149	906.58728
252.9536	905.10956
253.00571	908.41675
253.05782	906.59265
253.10991	907.2171
253.16202	905.73163
253.21413	908.62958
253.26624	902.71533
253.31834	904.04291
253.37045	907.21948
253.42255	908.53894
253.47466	907.97449
253.52676	900.97198
253.57887	909.9281
253.63098	905.53156
253.68309	903.57233
253.73518	905.41907
253.78729	902.27106
253.8394	906.97626
253.89151	908.38623
253.94362	902.09088
253.99573	905.15619
254.04782	909.22632
254.09993	906.85931
254.15204	901.81177
254.20415	904.53296
254.25626	908.11859
254.30836	907.94678
254.36046	905.48273
254.41257	907.03357
254.46468	906.00171
254.51678	908.61493
254.56889	908.33209
254.621	905.68518
254.6731	909.36365
254.7252	909.71698
254.77731	907.15778
254.82942	906.36884
254.88153	905.71857
254.93364	907.43652
254.98573	906.67584
255.03784	905.07471
255.08995	905.91577
255.14206	908.7688
255.19417	907.4267
255.24628	904.91534
255.29837	904.6759
255.35048	904.3327
255.40259	906.8468
255.4547	910.24274
255.50681	906.82721
255.55891	906.39423
255.61101	905.9696
255.66312	902.41064
255.71523	909.26862
255.76733	906.91351
255.81944	908.37457
255.87155	904.96063
255.92365	905.34509
255.97575	910.00305
256.02786	906.29468
256.07996	901.45807
256.13208	903.85272
256.18417	908.09863
256.2363	904.80414
256.28839	900.70276
256.34052	908.98352
256.39261	907.77814
256.4447	908.12
256.49683	907.79437
256.54892	905.99243
256.60104	906.61072
256.65314	905.15082
256.70523	902.922
256.75735	905.74982
256.80945	912.42706
256.86157	909.50311
256.91367	904.05322
256.96576	902.38586
257.01788	905.52197
257.06998	909.20612
257.1221	904.97327
257.17419	906.27893
257.22632	910.82141
257.27841	910.59906
257.33051	904.51855
257.38263	899.59827
257.43472	907.76715
257.48685	906.3103
257.53894	902.52484
257.59103	905.35419
257.64316	905.75305
257.69525	905.00824
257.74738	901.3064
257.79947	905.6474
257.85159	909.23889
257.90369	908.77856
257.95578	900.79272
258.0079	902.73499
258.06	903.70825
258.11212	905.16083
258.16422	905.68597
258.21631	906.62689
258.26843	907.1554
258.32053	910.23737
258.37265	900.1723
258.42474	901.47534
258.47687	899.81
258.52896	906.14343
258.58105	911.55823
258.63318	906.15845
258.68527	909.64642
258.7374	907.43103
258.78949	904.84796
258.84158	902.77808
258.89371	904.10034
258.9458	906.24921
258.99792	904.41711
259.05002	906.15344
259.10214	905.81116
259.15424	904.85919
259.20633	906.91327
259.25845	904.20087
259.31055	902.19147
259.36267	904.43115
259.41476	906.7547
259.46686	907.75348
259.51898	907.27081
259.57108	910.38171
259.6232	911.55859
259.67529	907.5462
259.72742	900.46222
259.77951	903.81696
259.8316	911.63788
259.88373	908.5387
259.93582	903.51843
259.98795	905.86005
260.04004	903.90308
260.09213	902.15704
260.14426	903.36432
260.19635	909.15082
260.24847	912.07538
260.30057	909.14142
260.35269	902.39178
260.40479	902.06586
260.45688	907.05042
260.509	906.67505
260.5611	906.55524
260.61322	902.78394
260.66531	906.52551
260.71741	905.96301
260.76953	904.00586
260.82162	902.04883
260.87375	908.38538
260.92584	907.88965
260.97794	903.1532
261.03006	905.75854
261.08215	907.70587
261.13428	906.30621
261.18637	908.13135
261.23849	904.70203
261.29059	907.46667
261.34268	911.70953
261.39481	906.57568
261.4469	904.39264
261.49902	908.86847
261.55112	908.50415
261.60321	902.58856
261.65533	903.6593
261.70743	905.60333
261.75955	904.30054
261.81165	905.57709
261.86377	907.52716
261.91586	907.93616
261.96796	904.25867
262.02008	902.27289
262.07217	904.29779
262.1243	907.12665
262.17639	902.8045
262.22849	903.18237
262.28061	911.86908
262.3327	906.25464
262.38483	904.20129
262.43692	909.2088
262.48904	900.94531
262.54114	908.75604
262.59323	909.87427
262.64536	906.17999
262.69745	904.54504
262.74957	907.06818
262.80167	909.1322
262.85376	907.71753
262.90588	906.16937
262.95798	906.68805
263.0101	913.06635
263.06219	906.27338
263.11432	903.7453
263.16641	908.80005
263.21851	908.15588
263.27063	906.2146
263.32272	905.23425
263.37485	905.47534
263.42694	908.80048
263.47903	906.62085
263.53116	903.08313
263.58325	905.96313
263.63538	907.60748
263.68747	908.7077
263.73959	906.16547
263.79169	903.67896
263.84378	909.03485
263.8959	909.71045
263.948	906.74359
264.00012	901.49469
264.05222	906.15833
264.10431	911.31512
264.15643	910.7796
264.20853	909.18646
264.26065	907.92218
264.31274	905.09735
264.36487	906.73444
264.41696	908.33911
264.46906	905.91943
264.52118	906.94556
264.57327	907.70215
264.6254	901.7287
264.67749	908.66473
264.72958	905.83093
264.78171	909.73462
264.8338	901.53235
264.88593	905.04395
264.93802	908.48822
264.99011	910.55536
265.04224	906.367
265.09433	904.46686
265.14645	906.73926
265.19855	905.21997
265.25067	900.80914
265.30276	901.64148
265.35486	907.41284
265.40698	908.86816
265.45908	904.55664
265.5112	909.10187
265.56329	909.94434
265.61539	906.52142
265.66751	901.28821
265.7196	905.0921
265.77173	909.42322
265.82382	908.39575
265.87595	908.46362
265.92804	908.70227
265.98013	907.95471
266.03226	905.46423
266.08435	906.26294
266.13647	907.3894
266.18857	903.74133
266.24066	907.69977
266.29279	908.33667
266.34488	908.586
266.397	908.95044
266.4491	907.67188
266.50122	912.67926
266.55331	903.16754
266.60541	907.57733
266.65753	904.00006
266.70963	907.98981
266.76175	906.44067
266.81384	902.25323
266.86594	907.50665
266.91806	906.00793
266.97015	904.17444
267.02228	905.6369
267.07437	907.09943
267.1265	904.2074
267.17859	900.79932
267.23068	904.29272
267.28281	906.84912
267.3349	903.14972
267.38702	903.01996
267.43912	907.6637
267.49121	903.3269
267.54333	903.26172
267.59543	903.57867
267.64755	907.65338
267.69965	905.47656
267.75177	906.15704
267.80386	906.39087
267.85596	908.33954
267.90808	906.41571
267.96017	904.25092
268.0123	903.75867
268.06439	906.35162
268.11649	909.0816
268.16861	907.21942
268.2207	904.04968
268.27283	903.97455
268.32492	907.71857
268.37701	910.1745
268.42914	909.62683
268.48123	908.80493
268.53336	906.37323
268.58545	908.18652
268.63757	909.25433
268.68967	906.64984
268.74176	906.33038
268.79388	905.97357
268.84598	908.37195
268.8981	902.19525
268.9502	906.80823
269.00229	906.29535
269.05441	907.37964
269.10651	903.47626
269.15863	903.73859
269.21072	906.66858
269.26285	909.26849
269.31494	904.98334
269.36703	905.95776
269.41916	913.76636
269.47125	904.40857
269.52338	900.22131
269.57547	904.49207
269.62756	907.15826
269.67969	909.59924
269.73178	906.56519
269.78391	903.4704
269.836	908.11011
269.88812	905.15961
269.94022	905.04871
269.99231	899.20746
270.04443	903.64197
270.09653	902.63696
270.14865	902.23279
270.20074	903.54315
270.25284	908.849
270.30496	907.1214
270.35706	904.17865
270.40918	904.38794
270.46127	905.44354
270.5134	906.63458
270.56549	905.66479
270.61758	907.15015
270.66971	909.04938
270.7218	907.36682
270.77393	905.18481
270.82602	903.54181
270.87811	906.70752
270.93024	905.54187
270.98233	901.38843
271.03445	903.7641
271.08655	911.03027
271.13867	907.69897
271.19077	906.98065
271.24286	901.50726
271.29498	905.89453
271.34708	903.74884
271.3992	904.67749
271.45129	913.1748
271.50339	907.68628
271.55551	906.34167
271.6076	906.44476
271.65973	897.93927
271.71182	905.2699
271.76395	908.70496
271.81604	900.2262
271.86813	908.1568
271.92026	900.61694
271.97235	909.0802
272.02448	907.25647
272.07657	906.77502
272.12866	910.86761
272.18079	907.38367
272.23288	906.65198
272.285	904.50214
272.3371	905.21899
272.38919	906.46252
272.44131	911.2135
272.49341	908.59491
272.54553	905.60077
272.59763	903.06848
272.64975	906.52216
272.70184	906.85193
272.75394	906.11426
272.80606	909.88544
272.85815	911.9671
272.91028	908.5481
272.96237	904.98212
273.01447	906.48676
273.06659	907.65283
273.11868	906.40436
273.17081	906.70087
273.2229	909.54321
273.27502	910.52332
273.32712	903.59302
273.37921	907.55676
273.43134	909.68323
273.48343	909.06519
273.53555	906.84058
273.58765	905.67267
273.63974	905.66907
273.69186	905.50757
273.74396	905.06995
273.79608	907.71564
273.84818	908.20105
273.9003	908.23035
273.95239	902.81622
274.00449	906.11774
274.05661	905.17639
274.1087	912.99609
274.16083	912.65338
274.21292	905.12042
274.26501	901.87524
274.31714	906.5462
274.36923	905.81012
274.42136	902.63629
274.47345	909.9917
274.52557	911.2052
274.57767	907.17676
274.62976	903.4292
274.68188	924.48682
274.73398	906.6817
274.7861	906.6817
274.8382	937.47675
274.89029	904.1203
274.94241	904.97913
274.99451	906.68829
275.04663	904.71716
275.09872	904.20502
275.15085	906.97607
275.20294	909.34875
275.25504	909.80853
275.30716	906.91406
275.35925	907.95013
275.41138	908.83667
275.46347	905.29022
275.51556	904.87848
275.56769	905.81183
275.61978	911.81097
275.67191	908.38281
275.724	907.1004
275.77612	908.24396
275.82822	905.15222
275.88031	903.82819
275.93243	899.50079
275.98453	903.60364
276.03665	905.03784
276.08875	900.73431
276.14084	902.52997
276.19296	906.88464
276.24506	913.27679
276.29718	906.0564
276.34927	907.00842
276.40137	907.56714
276.45349	910.96869
276.50558	907.54053
276.55771	904.59222
276.6098	906.81201
276.66193	906.50629
276.71402	907.35535
276.76611	906.58429
276.81824	904.32507
276.87033	907.68481
276.92245	908.85077
276.97455	905.01117
277.02664	905.46906
277.07877	912.62482
277.13086	909.52014
277.18298	906.02875
277.23508	910.17548
277.2872	909.79376
277.33929	905.55872
277.39139	903.30096
277.44351	905.87341
277.49561	907.05151
277.54773	908.05231
277.59982	907.02563
277.65192	906.9223
277.70404	906.7124
277.75613	905.31659
277.80826	906.16565
277.86035	907.14514
277.91248	908.08136
277.96457	906.30969
278.01666	906.61884
278.06879	907.69806
278.12088	905.52191
278.173	906.00769
278.2251	907.16864
278.27719	907.73663
278.32932	902.39648
278.38141	901.87714
278.43353	905.75214
278.48563	905.66656
278.53775	907.47906
278.58984	908.21344
278.64194	907.33014
278.69406	907.13348
278.74615	905.24506
278.79828	912.16339
278.85037	907.80286
278.90247	906.82086
278.95459	907.77948
279.00668	913.02576
279.05881	901.24316
279.1109	915.25696
279.16302	904.84607
279.21512	907.60913
279.26721	904.49652
279.31934	901.73169
279.37143	901.2807
279.42355	909.84119
279.47565	910.75958
279.52774	909.90222
279.57986	908.69482
279.63196	908.95642
279.68408	908.25153
279.73618	906.45428
279.7883	907.64093
279.84039	909.05304
279.89249	910.41949
279.94461	905.58411
279.9967	908.58899
280.04883	914.21155
280.10092	907.20544
280.15302	901.44873
280.20514	913.48175
280.25723	917.95685
280.30936	907.1344
280.36145	906.32764
280.41354	907.02026
280.46567	912.06012
280.51776	909.87976
280.56989	905.44434
280.62198	907.61597
280.6741	907.67004
280.7262	911.68896
280.77829	909.75952
280.83041	903.59216
280.88251	906.28339
280.93463	910.11395
280.98672	904.31592
281.03882	902.22809
281.09094	903.11285
281.14304	907.35736
281.19516	909.45526
281.24725	906.09943
281.29938	904.70325
281.35147	908.12634
281.40356	909.11627
281.45569	905.33044
281.50778	909.78986
281.55991	903.76416
281.612	904.01776
281.66409	903.25757
281.71622	908.20276
281.76831	908.70538
281.82043	907.005
281.87253	904.65149
281.92465	906.3952
281.97675	906.36285
282.02884	906.46082
282.08096	907.6463
282.13306	906.73663
282.18518	909.04852
282.23727	908.99542
282.28937	905.00562
282.34149	904.56573
282.39359	903.2818
282.44571	905.44037
282.4978	906.97418
282.54993	906.33124
282.60202	910.00128
282.65411	907.89679
282.70624	903.39954
282.75833	904.83759
282.81046	904.14148
282.86255	903.54419
282.91464	902.62982
282.96677	904.81403
283.01886	912.03351
283.07098	912.03009
283.12308	909.21643
283.1752	902.6731
283.22729	906.0733
283.27939	911.56104
283.33151	911.54034
283.38361	904.92236
283.43573	910.96045
283.48782	908.2713
283.53992	909.14459
283.59204	903.19489
283.64413	909.91888
283.69626	908.67908
283.74835	903.12366
283.80045	907.49561
283.85257	908.96063
283.90466	910.91083
283.95679	905.75793
284.00888	904.53979
284.061	900.83807
284.1131	904.88593
284.16519	908.91528
284.21732	904.81085
284.26941	906.00629
284.32153	910.05621
284.37363	903.12622
284.42572	903.22131
284.47784	903.19458
284.52994	910.48718
284.58206	912.03009
284.63416	904.98108
284.68628	906.52252
284.73837	910.19061
284.79047	908.14142
284.84259	905.2193
284.89468	906.13043
284.94681	907.12598
284.9989	905.83282
285.05099	902.58929
285.10312	906.05237
285.15521	909.53137
285.20734	907.336
285.25943	904.65417
285.31155	905.49951
285.36365	912.68036
285.41574	912.73975
285.46786	910.41046
285.51996	904.70056
285.57208	907.27423
285.62418	911.56799
285.67627	906.11877
285.72839	906.11536
285.78049	903.62201
285.83261	904.06653
285.8847	907.83258
285.93683	904.14917
285.98892	908.19012
286.04102	907.87708
286.09314	911.67322
286.14523	910.04028
286.19736	907.05829
286.24945	910.7356
286.30154	908.76318
286.35367	906.31073
286.40576	903.85822
286.45789	914.81671
286.50998	905.92743
286.5621	903.0022
286.6142	907.27051
286.66629	906.91077
286.71841	908.49353
286.77051	902.93549
286.82263	901.36865
286.87473	909.60962
286.92682	912.15558
286.97894	905.10992
287.03104	905.32642
287.08316	907.32678
287.13525	907.40875
287.18738	907.25116
287.23947	904.96869
287.29156	906.26685
287.34369	907.7406
287.39578	900.65173
287.44791	902.85889
287.5	906.03156
287.55209	903.96185
287.60422	901.94214
287.65631	903.3938
287.70844	907.88641
287.76053	907.86798
287.81262	904.71185
287.86475	904.53796
287.91684	906.42798
287.96896	903.54828
288.02106	901.73444
288.07318	904.01727
288.12527	906.21643
288.17737	908.11365
288.22949	904.04779
288.28159	905.2702
288.33371	908.375
288.3858	902.57959
288.4379	904.99628
288.49002	908.00647
288.54211	905.66852
288.59424	910.72766
288.64633	904.15228
288.69846	904.10699
288.75055	904.1817
288.80264	911.68774
288.85477	901.68384
288.90686	903.64789
288.95898	909.03516
289.01108	906.72217
289.06317	910.39319
289.1153	902.78442
289.16739	904.82294
289.21951	907.31757
289.27161	906.74823
289.32373	903.66156
289.37582	902.6922
289.42792	911.81213
289.48004	910.58063
289.53214	900.45667
289.58426	905.73993
289.63635	905.3407
289.68845	905.83356
289.74057	908.96069
289.79266	909.41376
289.84479	908.43042
289.89688	904.96448
289.94901	903.96521
290.0011	905.14111
290.05319	905.83716
290.10532	905.24249
290.15741	905.07031
290.20953	906.04669
290.26163	907.50378
290.31372	909.46063
290.36584	907.23193
290.41794	903.87292
290.47006	908.03247
290.52216	911.19299
290.57428	906.49615
290.62637	903.72174
290.67847	908.29663
290.73059	909.05682
290.78268	904.92877
290.83481	905.7431
290.8869	906.20593
290.939	908.5589
290.99112	903.29193
291.04321	902.94373
291.09534	905.87512
291.14743	909.49408
291.19955	903.96484
291.25165	907.42499
291.30374	906.72717
291.35587	903.96875
291.40796	903.77631
291.46008	899.63873
291.51218	907.44781
291.56427	903.03363
291.61639	909.68896
291.66849	900.51495
291.72061	907.33154
291.77271	912.00659
291.8248	906.69275
291.87692	905.5014
291.92902	904.58582
291.98114	911.01978
292.03323	905.58606
292.08536	907.84161
292.13745	909.68079
292.18954	908.04889
292.24167	909.22235
292.29376	903.20178
292.34589	906.9165
292.39798	904.2345
292.45007	906.89093
292.5022	907.38391
292.55429	904.37012
292.60641	904.85254
292.65851	904.46094
292.71063	903.10291
292.76273	904.19427
292.81482	906.64178
292.86694	907.13281
292.91904	904.95459
292.97116	905.60834
293.02325	906.42084
293.07535	903.85223
293.12747	906.58459
293.17957	908.98907
293.23169	906.72089
293.28378	906.01367
293.33591	901.49084
293.388	903.00195
293.44009	906.64661
293.49222	907.1756
293.54431	902.78821
293.59644	903.35181
293.64853	901.46844
293.70062	908.48529
293.75275	908.37006
293.80484	903.50714
293.85696	906.08527
293.90906	914.4845
293.96118	902.44775
294.01328	904.43359
294.06537	906.66907
294.11749	903.99463
294.16959	914.77283
294.22171	903.01178
294.2738	909.01715
294.3259	911.14972
294.37802	905.73315
294.43011	902.55292
294.48224	903.58093
294.53433	905.48004
294.58646	905.32788
294.63855	906.89575
294.69064	903.21765
294.74277	906.16718
294.79486	906.46942
294.84698	904.36462
294.89908	904.09253
294.95117	905.28717
295.0033	906.41016
295.05539	904.04089
295.10751	904.33954
295.15961	908.04913
295.2117	904.20471
295.26382	903.36847
295.31592	904.34113
295.36804	904.80334
295.42014	905.69336
295.47226	904.40381
295.52435	904.17645
295.57645	906.37219
295.62857	909.50525
295.68066	908.83374
295.73279	904.12726
295.78488	903.66528
295.83698	906.4928
295.8891	907.94135
295.94119	908.53229
295.99332	911.02863
296.04541	908.65094
296.09753	907.79694
296.14963	904.1908
296.20172	902.58929
296.25385	909.57281
296.30594	907.8396
296.35806	908.34924
296.41016	907.88141
296.46225	911.1756
296.51437	907.84082
296.56647	903.22308
296.61859	907.97534
296.67068	906.75342
296.72281	908.57843
296.7749	908.08453
296.827	907.55426
296.87912	904.60693
296.93121	908.98535
296.98334	902.44373
297.03543	900.71838
297.08752	904.18909
297.13965	909.51147
297.19174	906.62451
297.24387	908.2854
297.29596	909.86053
297.34808	906.81213
297.40018	905.85815
297.45227	904.30255
297.50439	904.28699
297.55649	908.81647
297.60861	907.29004
297.66071	905.09326
297.7128	904.76422
297.76492	905.59277
297.81702	906.55908
297.86914	909.43842
297.92123	908.3418
297.97336	906.00568
298.02545	906.10046
298.07755	907.80389
298.12967	907.92102
298.18176	907.29657
298.23389	904.30475
298.28598	906.01031
298.33807	907.37402
298.3902	905.70984
298.44229	904.67755
298.49442	905.0163
298.54651	909.00378
298.59863	909.75861
298.65073	906.95337
298.70282	905.65302
298.75494	905.0174
298.80704	906.62073
298.85916	905.16125
298.91125	904.09265
298.96335	907.22742
299.01547	908.01538
299.06757	906.48889
299.11969	903.65625
299.17178	905.63739
299.22388	908.88678
299.276	903.48169
299.32809	901.48199
299.38022	905.14941
299.43231	905.81268
299.48444	903.06274
299.53653	902.29749
299.58862	905.97327
299.64075	905.5835
299.69284	906.77924
299.74496	907.40778
299.79706	900.86249
299.84915	908.33197
299.90128	910.117
299.95337	905.64777
300.00549	911.38416
300.05759	907.79169
300.10971	908.5506
300.1618	903.93384
300.2139	905.12537
300.26602	909.02051
300.31812	910.98462
300.37024	908.45941
300.42233	906.02478
300.47443	907.98022
300.52655	907.57227
300.57864	903.09119
300.63077	903.11688
300.68286	906.39362
300.73499	908.30157
300.78708	904.5379
300.83917	903.06189
300.8913	903.65765
300.94339	906.28125
300.99551	906.58228
301.04761	905.1626
301.0997	904.53772
301.15182	906.56537
301.20392	907.29285
301.25604	905.56982
301.30814	906.83826
301.36026	907.20813
301.41235	905.65906
301.46445	903.5166
301.51657	902.79999
301.56866	908.63281
301.62079	907.13464
301.67288	901.2771
301.72498	902.40161
301.7771	906.27307
301.82919	905.18195
301.88132	909.25439
301.93341	909.1496
301.98553	909.0083
302.03763	908.58154
302.08972	905.84412
302.14185	904.60724
302.19394	900.09198
302.24606	908.02594
302.29816	910.28662
302.35025	901.47223
302.40237	911.68024
302.45447	907.16827
302.50659	902.73645
302.55869	905.61957
302.61081	910.37561
302.6629	907.0152
302.715	903.03229
302.76712	902.4176
302.81921	908.04706
302.87134	905.88513
302.92343	902.24054
302.97552	902.51575
303.02765	904.70032
303.07974	906.0965
303.13187	906.7337
303.18396	907.54761
303.23605	909.15765
303.28818	908.0462
303.34027	906.58643
303.3924	904.38202
303.44449	904.52405
303.49661	907.72119
303.54871	907.08868
303.6008	902.92279
303.65292	905.50952
303.70502	909.75153
303.75714	906.87927
303.80923	905.85559
303.86133	906.40125
303.91345	905.74286
303.96555	904.81403
304.01767	901.26337
304.06976	906.40106
304.12189	910.51288
304.17398	908.20471
304.22607	907.24976
304.2782	906.27106
304.33029	909.91608
304.38242	908.80823
304.43451	901.60864
304.4866	904.12921
304.53873	909.1308
304.59082	903.30542
304.64294	903.42688
304.69504	905.4436
304.74716	908.77606
304.79926	907.79388
304.85135	904.85583
304.90347	903.82941
304.95557	905.65363
305.00769	906.237
305.05978	902.25653
305.11188	907.44379
305.164	913.80432
305.21609	908.1236
305.26822	905.9549
305.32031	908.51813
305.37244	906.57312
305.42453	908.36499
305.47662	905.62616
305.52875	904.2478
305.58084	907.31805
305.63297	910.72742
305.68506	904.68652
305.73715	902.90387
305.78928	905.72797
305.84137	909.90503
305.89349	909.44244
305.94559	905.07971
305.99771	906.5639
306.0498	907.49432
306.1019	904.9762
306.15402	903.58014
306.20612	903.28284
306.25824	905.52234
306.31033	905.33905
306.36243	902.82867
306.41455	903.92719
306.46664	907.67877
306.51877	908.83936
306.57086	907.76147
306.62299	904.97083
306.67508	906.93475
306.72717	906.06323
306.7793	905.26978
306.83139	904.20624
306.88351	907.21942
306.93561	909.26685
306.9877	903.8913
307.03983	905.36615
307.09192	903.25342
307.14404	910.18719
307.19614	902.31152
307.24823	907.12964
307.30035	906.14691
307.35245	905.65009
307.40457	903.25745
307.45667	899.87769
307.50879	905.07391
307.56088	908.28534
307.61298	906.01965
307.6651	903.92499
307.71719	909.38904
307.76932	907.79504
307.82141	908.28162
307.8735	903.6485
307.92563	905.06726
307.97772	910.78308
308.02985	905.94446
308.08194	904.10968
308.13406	910.51447
308.18616	911.35278
308.23825	906.68781
308.29037	904.27972
308.34247	908.3913
308.39459	910.7392
308.44669	906.33136
308.49878	903.32159
308.5509	904.79297
308.603	909.59674
308.65512	908.81909
308.70721	905.41919
308.75934	909.16357
308.81143	910.43469
308.86353	906.80707
308.91565	900.2345
308.96774	904.15161
309.01987	909.53296
309.07196	907.67371
309.12405	903.02655
309.17618	904.00006
309.22827	907.69019
309.2804	909.00305
309.33249	904.37701
309.38461	903.60999
309.43671	913.8728
309.4888	909.88403
309.54092	908.70203
309.59302	906.39111
309.64514	910.76141
309.69724	906.74536
309.74933	900.58087
309.80145	905.96545
309.85355	906.46973
309.90567	907.43353
309.95776	901.86749
310.00989	901.9292
310.06198	904.64874
310.11407	913.25739
310.1662	908.49561
310.21829	907.87524
310.27042	907.55048
310.32251	911.4057
310.3746	906.6734
310.42673	902.32233
310.47882	904.72327
310.53094	911.60675
310.58304	907.05756
310.63513	905.60236
310.68726	903.84204
310.73935	906.8139
310.79147	907.90924
310.84357	904.28705
310.89569	906.65399
310.94778	909.36987
310.99988	907.07709
311.052	903.89709
311.1041	901.92151
311.15622	903.25269
311.20831	904.73474
311.26041	907.47961
311.31253	911.38953
311.36462	910.07898
311.41675	908.22479
311.46884	904.55212
311.52097	904.55981
311.57306	906.41638
311.62515	910.70197
311.67728	905.46625
311.72937	902.98517
311.78149	903.03723
311.83359	902.64709
311.88568	905.59204
311.93781	905.28979
311.9899	909.87384
312.04202	906.84705
312.09412	906.70087
312.14624	905.67767
312.19833	909.72845
312.25043	907.76611
312.30255	905.80377
312.35464	903.84137
312.40677	907.71588
312.45886	909.25073
312.51096	904.18921
312.56308	905.18323
312.61517	908.87848
312.6673	914.97198
312.71939	905.58893
312.77151	906.71082
312.82361	904.86713
312.8757	905.086
312.92783	907.98688
312.97992	908.03961
313.03204	911.43378
313.08414	913.13757
313.13623	906.38873
313.18835	903.27649
313.24045	904.89435
313.29257	907.34027
313.34467	908.26691
313.39679	907.96979
313.44888	906.3421
313.50098	907.44635
313.5531	906.88208
313.60519	905.25775
313.65732	905.74774
313.70941	905.74457
313.76151	903.50995
313.81363	903.08197
313.86572	906.23486
313.91785	907.00354
313.96994	906.5827
314.02206	903.20673
314.07416	902.3847
314.12625	905.15881
314.17838	909.86072
314.23047	907.84479
314.28259	908.69867
314.33469	908.1861
314.38678	902.73718
314.4389	908.42273
314.491	907.03217
314.54312	905.11041
314.59521	900.11627
314.64731	909.30182
314.69943	902.60461
314.75153	912.39288
314.80365	908.04504
314.85574	905.11493
314.90787	902.71771
314.95996	914.95917
315.01205	905.52966
315.06418	909.40741
315.11627	898.57904
315.1684	901.26794
315.22049	912.25348
315.27258	905.01685
315.32471	910.39081
315.3768	907.52509
315.42892	911.45972
315.48102	906.7616
315.53314	905.89557
315.58524	907.98749
315.63733	909.71112
315.68945	904.84821
315.74155	902.96112
315.79367	907.42822
315.84576	906.71722
315.89786	903.86249
315.94998	907.02917
316.00208	905.81134
316.0542	907.04492
316.10629	906.2912
316.15842	903.61768
316.21051	906.10645
316.2626	909.0556
316.31473	909.38776
316.36682	909.24768
316.41895	909.01697
316.47104	909.1911
316.52313	911.76355
316.57526	908.60608
316.62735	904.11566
316.67947	908.3606
316.73157	909.99164
316.78369	907.5553
316.83578	907.94983
316.88788	910.03015
316.94	911.80579
316.9921	907.74817
317.04422	908.53931
317.09631	909.03375
317.14841	910.51013
317.20053	905.0368
317.25262	908.90076
317.30475	911.54449
317.35684	906.28485
317.40897	902.94574
317.46106	901.76117
317.51315	910.53723
317.56528	913.96454
317.61737	903.35052
317.66949	903.00085
317.72159	909.49927
317.77368	911.35785
317.82581	907.93488
317.8779	909.66107
317.93002	903.61072
317.98212	910.36768
318.03424	906.71167
318.08633	904.68481
318.13843	905.24292
318.19055	909.60083
318.24265	905.47992
318.29477	904.53046
318.34686	905.65137
318.39896	906.9646
318.45108	908.43219
318.50317	907.36639
318.5553	908.28668
318.60739	912.41278
318.65948	910.99408
318.71161	904.27826
318.7637	906.0152
318.81583	908.11139
318.86792	906.67078
318.92004	905.28107
318.97214	904.97424
319.02423	908.07257
319.07635	911.41766
319.12845	910.5376
319.18057	906.36542
319.23267	909.867
319.28476	906.8678
319.33688	901.94049
319.38898	900.9444
319.4411	907.03351
319.49319	915.21558
319.54532	911.64447
319.59741	910.4389
319.64951	907.86768
319.70163	903.96704
319.75372	904.53583
319.80585	906.44464
319.85794	912.74213
319.91003	911.07751
319.96216	904.3598
320.01425	904.61902
320.06638	908.33051
320.11847	907.82373
320.17059	906.82898
320.22269	904.37408
320.27478	908.69684
320.3269	912.15802
320.379	906.75745
320.43112	904.05688
320.48322	911.84033
320.53531	905.42096
320.58743	905.599
320.63953	908.72998
320.69165	908.09607
320.74374	907.4151
320.79587	908.08252
320.84796	907.92804
320.90005	901.18732
320.95218	905.95422
321.00427	909.14386
321.0564	907.9386
321.10849	909.59106
321.16058	912.06287
321.21271	911.5448
321.2648	907.48083
321.31693	909.33759
321.36902	915.63715
321.42114	909.60858
321.47324	905.66022
321.52533	908.26086
321.57745	909.9361
321.62955	908.5437
321.68167	902.91937
321.73376	902.10205
321.78586	906.90442
321.83798	910.30933
321.89008	907.42505
321.9422	909.65448
321.99429	913.07025
322.04639	912.11182
322.09851	907.82098
322.1506	904.66711
322.20273	913.70654
322.25482	907.93573
322.30695	905.74835
322.35904	911.7522
322.41113	906.41077
322.46326	908.5351
322.51535	902.54498
322.56747	905.23102
322.61957	909.54218
322.67166	912.65332
322.72379	911.1358
322.77588	895.28076
322.828	909.20569
322.8801	910.15234
322.93222	900.83252
322.98431	901.63824
323.03641	907.3443
323.08853	909.98334
323.14063	903.81482
323.19275	903.60522
323.24484	911.0448
323.29694	910.88
323.34906	907.32758
323.40115	903.40118
323.45328	908.58856
323.50537	912.46271
323.5575	905.21674
323.60959	907.414
323.66168	909.84857
323.71381	907.68896
323.7659	905.6084
323.81802	905.12256
323.87012	908.00043
323.92221	910.54785
323.97433	909.60748
324.02643	901.32043
324.07855	902.87286
324.13065	908.64825
324.18277	908.04785
324.23486	903.2934
324.28696	901.79028
324.33908	905.26343
324.39117	904.33685
324.4433	903.30865
324.49539	905.16888
324.54749	904.97083
324.59961	904.6394
324.6517	903.24896
324.70383	906.09106
324.75592	909.63708
324.80804	906.71094
324.86014	906.77887
324.91223	907.87897
324.96436	913.29388
325.01645	912.59973
325.06857	906.83246
325.12067	903.94989
325.17276	905.03601
325.22488	911.2085
325.27698	903.72528
325.3291	905.24872
325.3812	907.52606
325.43332	911.94666
325.48541	904.41437
325.53751	902.82361
325.58963	911.51367
325.64172	911.51038
325.69385	904.66187
325.74594	908.3407
325.79803	908.50085
325.85016	911.26105
325.90225	904.7262
325.95438	905.31665
326.00647	911.54279
326.05856	907.83038
326.11069	902.43018
326.16278	904.30908
326.2149	907.74036
326.267	913.09991
326.31912	907.31897
326.37122	902.76398
326.42331	904.823
326.47543	912.22699
326.52753	907.16229
326.57965	905.42957
326.63174	912.21179
326.68384	911.71716
326.73596	908.84027
326.78806	909.60803
326.84018	909.58862
326.89227	909.7533
326.9444	906.73505
326.99649	902.40875
327.04858	903.38672
327.10071	906.60138
327.1528	907.01038
327.20493	905.26202
327.25702	907.53174
327.30911	911.51038
327.36124	907.68427
327.41333	904.56439
327.46545	907.20197
327.51755	905.5412
327.56967	908.1098
327.62177	909.45782
327.67386	906.0191
327.72598	907.00397
327.77808	908.4187
327.8302	906.1344
327.88229	905.01392
327.93439	910.29907
327.98651	903.33484
328.0386	905.45038
328.09073	903.63226
328.14282	909.75903
328.19495	912.82062
328.24704	906.8501
328.29913	907.04962
328.35126	911.35687
328.40335	911.76318
328.45547	902.43787
328.50757	905.24792
328.55966	902.94958
328.61179	912.63824
328.66388	908.28833
328.716	903.78278
328.7681	911.22711
328.82022	905.86072
328.87231	906.07452
328.92441	905.073
328.97653	908.02533
329.02863	914.70264
329.08075	909.76965
329.13284	907.79565
329.18494	907.42651
329.23706	906.21954
329.28915	916.20782
329.34128	907.92712
329.39337	905.07001
329.4455	906.77643
329.49759	905.53009
329.54968	902.05615
329.60181	902.02069
329.6539	908.92865
329.70602	909.6983
329.75812	904.10925
329.81021	907.12402
329.86234	910.27771
329.91443	906.34821
329.96655	904.4726
330.01865	906.49396
330.07074	908.94794
330.12286	909.03381
330.17496	907.96448
330.22708	907.45831
330.27917	908.37842
330.3313	904.76398
330.38339	901.04736
330.43549	908.1156
330.48761	911.75269
330.5397	909.3371
330.59183	910.18164
330.64392	910.05603
330.69601	904.60138
330.74814	904.82538
330.80023	899.51624
330.85236	903.8363
330.90445	905.19983
330.95657	908.62836
331.00867	908.0423
331.06076	906.56635
331.11288	905.53558
331.16498	911.23932
331.2171	900.16742
331.2692	900.17365
331.32129	905.57062
331.37341	909.51941
331.42551	902.07654
331.47763	905.83228
331.52972	910.24725
331.58185	912.87683
331.63394	904.39575
331.68604	909.13708
331.73816	908.87714
331.79025	906.1701
331.84238	902.41888
331.89447	903.58661
331.94656	907.18915
331.99869	911.86243
332.05078	904.35065
332.10291	902.89362
332.155	909.51324
332.20712	911.09174
332.25922	905.99463
332.31131	905.20154
332.36343	909.5213
332.41553	910.08246
332.46765	907.62396
332.51974	907.15601
332.57184	908.68518
332.62396	908.5155
332.67606	907.83502
332.72818	905.34137
332.78027	905.92456
332.8324	910.02899
332.88449	907.02094
332.93658	902.98676
332.98871	905.39081
333.0408	907.66583
333.09293	907.98065
333.14502	907.95746
333.19711	905.54907
333.24924	905.11188
333.30133	905.18817
333.35345	910.41998
333.40555	905.03278
333.45767	905.89246
333.50977	908.64081
333.56186	908.91779
333.61398	908.13379
333.66608	906.77924
333.7182	907.62012
333.77029	904.53235
333.82239	899.78412
333.87451	908.79584
333.92661	906.95746
333.97873	906.46332
334.03082	906.17163
334.08292	909.52429
334.13504	910.34106
334.18713	901.01044
334.23926	904.41034
334.29135	910.73193
334.34348	917.11438
334.39557	906.81854
334.44766	907.78613
334.49979	912.86664
334.55188	906.47406
334.604	902.46313
334.6561	904.88843
334.70819	907.50311
334.76031	912.36353
334.81241	909.91382
334.86453	903.95514
334.91663	908.81281
334.96875	909.10614
335.02084	903.07416
335.07294	904.06665
335.12506	909.16357
335.17715	912.57819
335.22928	908.26709
335.28137	902.91107
335.33347	902.32764
335.38559	905.27649
335.43768	906.90778
335.48981	905.51404
335.5419	905.47858
335.59402	907.70068
335.64612	905.37109
335.69821	905.04944
335.75034	907.6861
335.80243	906.88538
335.85455	905.58234
335.90665	904.29498
335.95874	904.67645
336.01086	906.65735
336.06296	910.73248
336.11508	909.46527
336.16718	905.20648
336.2193	907.28052
336.27139	911.48248
336.32349	903.07745
336.37561	903.64178
336.4277	907.94977
336.47983	907.71967
336.53192	900.6496
336.58401	902.87653
336.63614	907.93378
336.68823	910.60004
336.74036	908.23376
336.79245	901.92017
336.84457	906.93085
336.89667	912.10669
336.94876	909.31293
337.00089	902.58307
337.05298	907.85687
337.1051	909.29047
337.1572	908.30432
337.20929	906.33862
337.26141	906.7771
337.31351	907.73773
337.36563	910.11017
337.41772	906.64258
337.46982	910.75159
337.52194	909.96527
337.57404	902.90338
337.62616	905.13953
337.67825	906.59436
337.73038	905.95978
337.78247	903.78894
337.83456	904.03314
337.88669	904.25708
337.93878	904.99213
337.99091	905.61102
338.043	905.7475
338.09509	908.14703
338.14722	913.25787
338.19931	909.69531
338.25143	908.00433
338.30353	907.49585
338.35565	908.52954
338.40775	908.26715
338.45984	906.37268
338.51196	908.46411
338.56406	912.5766
338.61618	908.55322
338.66827	901.96545
338.72037	902.38721
338.77249	906.51935
338.82458	909.42255
338.87671	907.97998
338.9288	905.48712
338.98093	907.16309
339.03302	907.35437
339.08511	902.86371
339.13724	904.03906
339.18933	906.65649
339.24146	909.60217
339.29355	908.30725
339.34564	901.2691
339.39777	905.71448
339.44986	908.35077
339.50198	903.10645
339.55408	906.00208
339.6062	910.19995
339.65829	905.54181
339.71039	902.64496
339.76251	902.8504
339.81461	905.35992
339.86673	913.03162
339.91882	903.76422
339.97092	905.34204
340.02304	908.18024
340.07513	908.95343
340.12726	904.66034
340.17935	906.63348
340.23148	911.54523
340.28357	909.18597
340.33566	906.24762
340.38779	905.63531
340.43988	908.81622
340.492	914.95905
340.5441	908.51068
340.59619	904.55103
340.64832	909.62103
340.70041	907.66388
340.75253	904.6275
340.80463	898.87219
340.85675	901.10156
340.90884	909.35974
340.96094	906.69086
341.01306	903.23047
341.06516	906.50409
341.11728	910.85754
341.16937	903.17401
341.22147	902.38342
341.27359	906.6474
341.32568	912.79169
341.37781	910.30505
341.4299	907.03912
341.48199	907.61859
341.53412	908.59857
341.58621	907.65674
341.63834	904.13068
341.69043	905.11682
341.74255	906.02441
341.79465	904.25769
341.84674	906.60773
341.89886	910.58038
341.95096	911.85895
342.00308	907.26489
342.05518	904.99036
342.10727	909.11536
342.15939	910.13904
342.21149	910.72479
342.26361	906.48779
342.3157	906.48462
342.36783	906.63074
342.41992	905.56714
342.47202	902.2406
342.52414	902.97174
342.57623	902.85242
342.62836	903.00494
342.68045	904.66327
342.73254	904.46411
342.78467	909.20453
342.83676	909.33246
342.88889	903.21509
342.94098	905.4118
342.9931	908.64319
343.0452	905.68933
343.09729	903.13745
343.14941	905.95837
343.20151	906.49713
343.25363	908.32465
343.30573	902.42493
343.35782	904.38873
343.40994	901.51434
343.46204	904.74329
343.51416	902.57404
343.56625	905.16241
343.61838	908.56079
343.67047	906.2453
343.72256	905.0293
343.77469	908.73065
343.82678	908.13776
343.87891	912.39807
343.931	904.54602
343.98309	902.77563
344.03522	904.80542
344.08731	903.11316
344.13943	903.11023
344.19153	905.53296
344.24365	906.71863
344.29575	903.41846
344.34784	900.17859
344.39996	898.37244
344.45206	903.28888
344.50418	913.20721
344.55627	910.97192
344.60837	904.18561
344.66049	906.93671
344.71259	912.29126
344.76471	908.14465
344.8168	902.01654
344.86893	903.62976
344.92102	910.26849
344.97311	909.5528
345.02524	903.62695
345.07733	905.25787
345.12946	907.02765
345.18155	906.33795
345.23364	908.992
345.28577	911.1814
345.33786	910.89063
345.38998	907.73346
345.44208	904.29608
345.49417	904.39087
345.5463	908.42755
345.59839	909.88202
345.65051	903.1142
345.70261	902.15149
345.75473	905.59106
345.80682	908.48761
345.85892	907.25305
345.91104	900.37622
345.96313	905.93811
346.01526	907.82312
346.06735	900.5199
346.11945	902.38129
346.17157	908.87201
346.22366	909.83545
346.27579	907.02112
346.32788	904.27118
346.38	911.00299
346.4321	914.50934
346.48419	903.38965
346.53632	907.02313
346.58841	906.92419
346.64053	907.24902
346.69263	907.26874
346.74472	905.52155
346.79684	902.53204
346.84894	906.92627
346.90106	905.45642
346.95316	905.4386
347.00528	908.44598
347.05737	908.75281
347.10947	906.15808
347.16159	902.50629
347.21368	908.73639
347.26581	910.91412
347.3179	906.85846
347.37	904.07245
347.42212	910.76086
347.47421	910.46576
347.52634	908.74353
347.57843	905.56116
347.63055	906.96088
347.68265	910.07819
347.73474	906.8808
347.78687	905.79224
347.83896	910.15302
347.89108	912.33508
347.94318	910.01495
347.99527	905.45605
348.04739	910.84729
348.09949	909.30908
348.15161	906.02063
348.2037	907.86072
348.25583	908.27643
348.30792	908.01166
348.36002	907.03503
348.41214	907.11725
348.46423	907.25641
348.51636	906.46924
348.56845	905.6933
348.62054	907.10815
348.67267	910.30884
348.72476	911.51593
348.77689	907.81451
348.82898	903.69666
348.88107	905.45044
348.9332	907.94623
348.98529	906.36255
349.03741	902.84113
349.08951	905.52441
349.14163	908.49835
349.19373	904.53888
349.24582	902.75031
349.29794	904.83527
349.35004	908.62408
349.40216	908.16541
349.45425	905.03998
349.50635	907.76135
349.55847	910.14777
349.61057	907.44366
349.66269	904.85406
349.71478	904.44214
349.76691	907.98145
349.819	910.46973
349.87109	909.53485
349.92322	907.73407
349.97531	905.08716
350.02744	904.7124
350.07953	896.60876
350.13162	905.75262
350.18375	908.03522
350.23584	909.58453
350.28796	907.32843
350.34006	903.37756
350.39218	907.26349
350.44427	906.61194
350.49637	906.43781
350.54849	906.25598
350.60059	907.79889
350.65271	912.28467
350.7048	907.8042
350.7569	906.87048
350.80902	907.5838
350.86111	908.33746
350.91324	910.29364
350.96533	905.72607
351.01746	903.56635
351.06955	903.11658
351.12164	906.27209
351.17377	907.67194
351.22586	909.99054
351.27798	909.34583
351.33008	903.03479
351.38217	902.77094
351.4343	912.0271
351.48639	910.25244
351.53851	904.49835
351.59061	904.52954
351.64273	908.05359
351.69482	909.79877
351.74692	906.61664
351.79904	903.40375
351.85114	905.2113
351.90326	909.12964
351.95535	907.25897
352.00745	908.00592
352.05957	908.87366
352.11166	902.71906
352.16379	902.66595
352.21588	907.64264
352.26801	910.86951
352.3201	912.13062
352.37219	907.97272
352.42432	908.72205
352.47641	908.29724
352.52853	907.29358
352.58063	908.32062
352.63272	902.48822
352.68484	907.39453
352.73694	910.93103
352.78906	905.95551
352.84116	912.24707
352.89325	907.26074
352.94537	908.12573
352.99747	906.77264
353.04959	909.66107
353.10168	906.71448
353.15381	912.51526
353.2059	907.43292
353.258	906.24164
353.31012	909.84235
353.36221	906.12616
353.41434	907.42896
353.46643	905.07965
353.51852	908.46008
353.57065	908.74713
353.62274	907.84967
353.67487	907.25989
353.72696	905.99561
353.77908	907.15369
353.83118	908.01306
353.88327	905.99469
353.93539	904.09393
353.98749	907.37323
354.03961	905.49866
354.09171	903.95331
354.1438	906.62781
354.19592	908.73273
354.24802	908.53473
354.30014	902.98822
354.35223	902.43018
354.40436	909.11694
354.45645	907.71765
354.50854	906.3399
354.56067	906.01483
354.61276	904.40704
354.66489	905.77307
354.71698	904.94678
354.76907	907.31384
354.8212	909.67438
354.87329	911.14441
354.92542	909.62451
354.97751	905.58411
355.02963	908.00043
355.08173	909.146
355.13382	903.45837
355.18594	904.10272
355.23804	913.21802
355.29016	909.44098
355.34225	905.77106
355.39435	906.18353
355.44647	905.15582
355.49857	907.82684
355.55069	906.41827
355.60278	905.66681
355.65491	907.33594
355.707	913.45825
355.75909	901.19708
355.81122	903.71521
355.86331	907.48383
355.91544	905.55396
355.96753	908.00562
356.01962	905.59723
356.07175	905.04755
356.12384	906.42627
356.17596	908.3551
356.22806	909.86609
356.28018	912.21906
356.33228	906.46082
356.38437	905.93066
356.43649	907.2467
356.48859	902.64075
356.54071	907.44025
356.5928	906.28741
356.6449	902.84662
356.69702	907.89655
356.74911	912.86975
356.80124	911.52637
356.85333	903.63892
356.90543	907.1449
356.95755	912.4223
357.00964	908.42755
357.06177	905.47089
357.11386	909.93066
357.16599	912.38812
357.21808	910.84406
357.27017	905.62903
357.3223	902.74213
357.37439	906.23462
357.42651	908.46356
357.47861	905.83417
357.5307	905.93115
357.58282	906.77234
357.63492	906.64496
357.68704	910.83545
357.73914	910.29309
357.79126	909.15704
357.84335	908.35864
357.89545	905.73383
357.94757	907.95911
357.99966	906.77454
358.05179	906.28052
358.10388	905.5307
358.15598	905.60107
358.2081	909.07849
358.26019	908.10864
358.31232	907.88849
358.36441	903.31696
358.41653	903.27063
358.46863	905.32922
358.52072	905.40289
358.57285	909.00531
358.62494	905.73871
358.67706	909.79321
358.72916	908.23169
358.78125	904.84039
358.83337	903.375
358.88547	903.37219
358.93759	904.34106
358.98969	909.13666
359.04181	908.42737
359.0939	910.65796
359.146	909.95679
359.19812	904.55353
359.25021	906.01746
359.30234	906.34961
359.35443	905.9317
359.40652	907.4693
359.45865	909.03369
359.51074	911.28204
359.56287	905.37665
359.61496	907.04407
359.66708	903.98181
359.71918	907.9837
359.77127	908.25586
359.82339	902.61829
359.87549	904.24426
359.92761	905.67914
359.97971	907.17017
360.0318	907.40796
360.08392	908.26703
360.13602	911.56976
360.18814	913.02728
360.24023	908.01898
360.29233	905.59326
360.34445	907.78943
360.39655	907.81146
360.44867	904.98114
360.50076	906.49982
360.55289	909.22534
360.60498	904.96216
360.65707	904.36267
360.7092	908.44836
360.76129	911.8111
360.81342	909.79187
360.86551	911.15955
360.9176	907.15521
360.96973	907.33258
361.02182	910.98773
361.07394	909.2486
361.12604	908.12128
361.17816	913.59814
361.23026	909.55328
361.28235	903.83105
361.33447	907.75592
361.38657	904.2785
361.43869	912.78162
361.49078	909.4519
361.54288	906.99182
361.595	904.80243
361.64709	905.63354
361.69922	904.09253
361.75131	901.25421
361.80344	902.75702
361.85553	908.15723
361.90762	902.85938
361.95975	910.35004
362.01184	908.35803
362.06396	909.12097
362.11606	912.35901
362.16815	902.50244
362.22028	910.31323
362.27237	912.11456
362.32449	905.93024
362.37659	903.04919
362.42871	902.68036
362.4808	907.37158
362.5329	909.05719
362.58502	908.42413
362.63712	909.63037
362.68924	910.52289
362.74133	909.96741
362.79343	904.91034
362.84555	910.59436
362.89764	909.82227
362.94977	905.89819
363.00186	906.06384
363.05399	906.05389
363.10608	906.79431
363.15817	905.12964
363.2103	901.24445
363.26239	904.87201
363.31451	907.60687
363.36661	904.65076
363.4187	904.80756
363.47083	907.03394
363.52292	909.43408
363.57504	909.43573
363.62714	906.30829
363.67926	904.53308
363.73135	904.90125
363.78345	907.98682
363.83557	908.26465
363.88766	906.8728
363.93979	910.80194
363.99188	910.05011
364.04398	903.35559
364.0961	909.59003
364.14819	909.12311
364.20032	906.93915
364.25241	904.28448
364.3045	903.71228
364.35663	906.98596
364.40872	908.48523
364.46085	905.13525
364.51294	905.68048
364.56506	907.04407
364.61716	911.28601
364.66925	907.84265
364.72137	904.3324
364.77347	899.78918
364.82559	908.09344
364.87769	912.02246
364.92978	901.7901
364.9819	904.90082
365.034	915.40778
365.08612	908.63196
365.13821	911.2135
365.19034	909.30206
365.24243	910.33978
365.29453	905.80664
365.34665	905.86334
365.39874	903.54773
365.45087	905.43744
365.50296	907.19867
365.55505	910.98889
365.60718	912.38641
365.65927	910.65704
365.7114	908.19684
365.76349	907.49976
365.81561	905.43097
365.86771	908.18909
365.9198	912.28302
365.97192	911.25635
366.02402	907.50146
366.07614	904.47223
366.12823	906.70984
366.18033	908.40668
366.23245	904.92889
366.28455	906.22852
366.33667	908.42889
366.38876	908.724
366.44089	908.74701
366.49298	909.10437
366.54507	910.50476
366.5972	908.86487
366.64929	910.1767
366.70142	910.93085
366.75351	907.60339
366.8056	906.86102
366.85773	903.32111
366.90982	905.77625
366.96194	907.43488
367.01404	905.77179
367.06616	904.21124
367.11826	911.13416
367.17035	913.79425
367.22247	910.62915
367.27457	906.63617
367.32669	907.31445
367.37878	906.26563
367.43088	903.74524
367.483	906.1637
367.5351	910.67365
367.58722	911.28113
367.63931	903.20251
367.69144	906.1925
367.74353	909.69818
367.79562	913.52972
367.84775	907.07922
367.89984	912.33038
367.95197	909.38861
368.00406	914.30347
368.05615	908.56445
368.10828	902.6637
368.16037	911.25281
368.21249	908.19293
368.26459	903.80487
368.31668	907.3446
368.3688	910.03015
368.4209	909.0777
368.47302	910.52435
368.52512	907.57349
368.57724	906.44604
368.62933	908.70203
368.68143	907.03406
368.73355	906.33899
368.78564	907.07245
368.83777	910.57257
368.88986	913.58887
368.94196	909.51947
368.99408	907.99524
369.04617	906.36017
369.0983	908.50677
369.15039	908.76385
369.20251	906.60443
369.25461	906.39886
369.3067	907.09381
369.35883	904.80701
369.41092	903.07166
369.46304	907.73846
369.51514	908.76202
369.56723	904.32593
369.61935	905.15521
369.67145	908.70087
369.72357	907.80591
369.77567	906.12939
369.82779	907.07629
369.87988	907.55835
369.93198	908.58679
369.9841	909.3457
370.03619	910.58502
370.08832	908.94037
370.14041	907.02777
370.1925	903.82129
370.24463	906.3504
370.29672	912.89502
370.34885	905.36017
370.40094	907.24872
370.45306	906.08478
370.50516	903.88416
370.55725	912.20544
370.60938	908.84485
370.66147	905.03668
370.71359	909.86108
370.76569	910.55957
370.81778	909.22614
370.8699	909.42474
370.922	911.49426
370.97412	908.26575
371.02621	908.96094
371.07834	901.37817
371.13043	911.70251
371.18253	906.2973
371.23465	905.72009
371.28674	905.70074
371.33887	902.42682
371.39096	907.70422
371.44305	904.58331
371.49518	909.06152
371.54727	901.85785
371.5994	908.79187
371.65149	905.15607
371.70361	905.41052
371.75571	908.09113
371.8078	911.43481
371.85992	907.91895
371.91202	909.31586
371.96414	904.23993
372.01624	906.50806
372.06833	907.80414
372.12045	907.30945
372.17255	904.448
372.22467	910.08313
372.27676	909.46088
372.32886	904.94653
372.38098	907.00763
372.43307	909.13867
372.4852	910.00531
372.53729	910.06927
372.58942	908.80841
372.64151	908.65906
372.6936	909.38226
372.74573	908.3728
372.79782	909.05365
372.84995	909.71271
372.90204	906.75836
372.95413	903.36884
373.00626	903.62469
373.05835	907.10486
373.11047	909.62213
373.16257	909.88104
373.21469	905.73181
373.26678	910.27362
373.31888	908.99774
373.371	905.2821
373.4231	909.23096
373.47522	908.06506
373.52731	904.07941
373.57941	904.07654
373.63153	905.55676
373.68362	910.35864
373.73575	910.54987
373.78784	913.30212
373.83997	907.72705
373.89206	908.48529
373.94415	908.25616
373.99628	909.37781
374.04837	908.00043
374.10049	907.7196
374.15259	909.58038
374.20468	909.63892
374.25681	902.93829
374.3089	912.88275
374.36102	906.06195
374.41312	910.49005
374.46524	902.72925
374.51733	903.96436
374.56943	910.15332
374.62155	908.66571
374.67365	905.7818
374.72577	905.06653
374.77786	907.21198
374.82996	904.91626
374.88208	904.5061
374.93417	903.67023
374.9863	909.62854
375.03839	908.19183
375.09052	906.31598
375.14261	908.68683
375.1947	906.09381
375.24683	907.57196
375.29892	904.14636
375.35104	906.01746
375.40314	907.47784
375.45523	911.86725
375.50735	911.6615
375.55945	907.89142
375.61157	901.43481
375.66367	904.28998
375.71576	905.27112
375.76788	907.82355
375.81998	913.50446
375.8721	912.97375
375.92419	909.07629
375.97632	907.7066
376.02841	909.45605
376.08051	910.45276
376.13263	908.04724
376.18472	906.62164
376.23685	907.87451
376.28894	908.00366
376.34103	907.01642
376.39316	907.41162
376.44525	910.81958
376.49738	910.45972
376.54947	904.41583
376.60159	905.24561
376.65369	909.60931
376.70578	913.14362
376.7579	907.47479
376.81	907.07953
376.86212	909.15454
376.91422	908.45648
376.96631	905.57764
377.01843	911.18115
377.07053	908.83716
377.12265	903.71985
377.17474	908.25513
377.22687	901.42639
377.27896	911.36639
377.33105	917.11493
377.38318	910.30634
377.43527	901.34076
377.4874	906.71552
377.53949	911.19781
377.59158	908.10284
377.64371	902.01337
377.6958	908.31415
377.74792	903.88037
377.80002	904.33716
377.85214	909.15924
377.90424	908.39496
377.95633	912.53424
378.00845	907.79437
378.06055	901.02362
378.11267	905.64807
378.16476	905.89288
378.21686	919.51318
378.26898	909.6405
378.32108	911.85638
378.3732	909.17438
378.42529	907.12231
378.47742	904.0835
378.52951	905.21869
378.5816	909.54944
378.63373	908.60266
378.68582	908.87714
378.73795	908.24255
378.79004	910.54633
378.84213	908.76465
378.89426	904.65942
378.94635	907.77997
378.99847	908.08862
379.05057	911.06378
379.10269	908.10992
379.15479	905.43787
379.20688	909.10437
379.259	910.99353
379.3111	907.81738
379.36322	905.26349
379.41531	905.51343
379.46741	906.49377
379.51953	909.6333
379.57162	910.87115
379.62375	909.69452
379.67584	909.60107
379.72794	907.70575
379.78006	908.84186
379.83215	909.46515
379.88428	903.49506
379.93637	904.36078
379.98849	907.38055
380.04059	906.53882
380.09268	909.61847
380.14481	909.62634
380.1969	903.47748
380.24902	907.11249
380.30112	908.96179
380.35321	910.97528
380.40533	910.5365
380.45743	911.60193
380.50955	911.2962
380.56165	910.21283
380.61377	903.83392
380.66586	907.77216
380.71796	911.32001
380.77008	911.6712
380.82217	907.98425
380.8743	910.29858
380.92639	906.10895
380.97849	905.12097
381.03061	904.23358
381.0827	905.72137
381.13483	907.66748
381.18692	907.66461
381.23904	899.81641
381.29114	905.45447
381.34323	905.65619
381.39536	908.46252
381.44745	902.66351
381.49957	904.41345
381.55167	909.54822
381.60376	904.88147
381.65588	904.57037
381.70798	909.71979
381.7601	906.47119
381.81219	905.22192
381.86432	903.52209
381.91641	909.82471
381.96851	910.84894
382.02063	910.2403
382.07272	903.79364
382.12485	907.08234
382.17694	905.89648
382.22903	907.75647
382.28116	910.4751
382.33325	908.08734
382.38538	911.18701
382.43747	908.79285
382.48959	905.78119
382.54169	907.72986
382.59378	910.28101
382.6459	913.12097
382.698	908.62878
382.75012	904.08002
382.80222	909.45502
382.85431	908.8443
382.90643	904.83392
382.95853	906.0625
383.01065	908.24347
383.06274	911.22461
383.11487	908.51221
383.16696	902.68689
383.21906	905.55255
383.27118	910.64581
383.32327	909.07013
383.3754	906.60345
383.42749	908.12329
383.47958	911.97546
383.53171	908.20422
383.5838	905.73822
383.63593	907.8327
383.68802	914.64624
383.74011	909.33868
383.79224	908.04504
383.84433	909.64386
383.89645	908.97491
383.94855	905.62366
384.00067	905.20282
384.05276	903.32617
384.10486	909.52698
384.15698	910.88928
384.20908	906.30554
384.2612	913.60742
384.31329	910.29938
384.36539	904.73944
384.41751	902.79431
384.4696	906.20392
384.52173	908.95508
384.57382	908.28375
384.62595	904.12427
384.67804	908.96082
384.73013	907.97394
384.78226	909.4491
384.83435	902.66449
384.88647	911.56177
384.93857	910.54724
384.99066	903.4939
385.04279	903.8703
385.09488	909.80475
385.147	908.23639
385.1991	909.69
385.25122	903.51636
385.30331	907.07776
385.35541	907.52466
385.40753	907.02911
385.45963	905.33386
385.51175	902.57379
385.56384	906.55591
385.61594	908.30341
385.66806	902.10681
385.72015	903.92755
385.77228	911.49042
385.82437	910.76184
385.8765	905.9798
385.92859	912.13599
385.98068	910.97162
386.03281	908.08051
386.0849	903.17889
386.13702	902.54993
386.18912	906.89899
386.24121	908.89099
386.29333	905.16602
386.34543	906.01526
386.39755	912.42017
386.44965	911.66937
386.50177	908.37689
386.55386	904.10992
386.60596	905.47717
386.65808	908.29034
386.71017	904.8656
386.7623	905.08551
386.81439	909.67267
386.86649	910.97784
386.91861	904.85431
386.9707	905.63013
387.02283	909.47424
387.07492	912.40234
387.12701	907.76178
387.17914	905.50555
387.23123	908.19965
387.28336	906.98706
387.33545	907.76831
387.38757	907.58307
387.43967	906.03448
387.49176	910.8233
387.54388	909.88104
387.59598	906.59686
387.6481	905.81488
387.7002	908.22412
387.75229	917.23376
387.80441	912.8017
387.85651	914.92499
387.90863	912.04547
387.96072	907.85419
388.01285	911.57611
388.06494	909.50488
388.11703	906.83026
388.16916	907.04871
388.22125	903.99908
388.27338	907.70068
388.32547	905.77808
388.37756	905.84967
388.42969	911.76508
388.48178	909.30829
388.53391	911.20868
388.586	906.47748
388.63812	901.07391
388.69022	906.33527
388.74231	910.41901
388.79443	907.5968
388.84653	904.14185
388.89865	911.17963
388.95074	904.49725
389.00284	906.20477
389.05496	906.32214
389.10706	911.15179
389.15918	909.81586
389.21127	903.68884
389.2634	901.44946
389.31549	904.6637
389.36758	908.72424
389.41971	907.13947
389.4718	907.30121
389.52393	909.48749
389.57602	910.90656
389.62811	905.40643
389.68024	903.37335
389.73233	908.612
389.78445	909.91711
389.83655	909.19635
389.88867	908.88666
389.94077	908.09058
389.99286	910.03412
390.04498	910.53918
390.09708	908.2832
390.1492	908.27191
390.20129	907.57874
390.25339	908.24982
390.30551	909.16022
390.3576	908.90564
390.40973	909.18713
390.46182	909.12701
390.51395	907.63074
390.56604	905.15686
390.61813	907.48712
390.67026	910.2406
390.72235	908.65601
390.77448	906.57013
390.82657	907.67938
390.87866	907.75159
390.93079	901.63708
390.98288	902.7879
391.035	907.34601
391.0871	910.16083
391.13919	906.34906
391.19131	908.81317
391.24341	911.27631
391.29553	912.24597
391.34763	907.96417
391.39975	903.05597
391.45184	905.02612
391.50394	906.89935
391.55606	907.10248
391.60815	903.19116
391.66028	906.17535
391.71237	906.31055
391.76447	904.72064
391.81659	905.82007
391.86868	908.04474
391.92081	911.81714
391.9729	908.81744
392.02502	905.39148
392.07712	902.93896
392.12921	909.93036
392.18134	906.05823
392.23343	905.59723
392.28555	909.04883
392.33765	909.06091
392.38974	904.21295
392.44186	908.83521
392.49396	907.16772
392.54608	904.72638
392.59818	905.00494
392.6503	910.46313
392.70239	912.82043
392.75449	909.09418
392.80661	904.65009
392.8587	903.60754
392.91083	904.3667
392.96292	907.8219
393.01501	909.3349
393.06714	903.93829
393.11923	909.57941
393.17136	911.13007
393.22345	906.84161
393.27557	905.51013
393.32767	908.06842
393.37976	910.44189
393.43188	909.23755
393.48398	907.80634
393.5361	909.53461
393.5882	907.49414
393.64029	907.95068
393.69241	906.74634
393.74451	904.54376
393.79663	907.66742
393.84872	909.67853
393.90085	907.41785
393.95294	905.97345
394.00504	907.9389
394.05716	907.81915
394.10925	906.73322
394.16138	906.70044
394.21347	906.45935
394.26556	907.94855
394.31769	908.24298
394.36978	907.18665
394.42191	911.80615
394.474	911.81976
394.52612	904.79346
394.57822	906.24866
394.63031	911.06512
394.68243	910.67566
394.73453	904.52612
394.78665	901.42834
394.83875	904.98022
394.89084	910.5672
394.94296	907.06982
394.99506	903.99042
395.04718	906.02753
395.09927	907.89355
395.15137	906.97174
395.20349	906.80994
395.25558	909.4046
395.30771	908.41571
395.3598	910.21777
395.41193	903.95612
395.46402	903.75879
395.51611	908.35394
395.56824	905.42847
395.62033	908.12238
395.67245	906.53625
395.72455	908.4176
395.77664	906.31476
395.82877	905.71295
395.88086	904.43896
395.93298	909.42657
395.98508	907.99365
396.0372	909.40863
396.08929	908.26337
396.14139	912.82312
396.19351	905.74152
396.24561	901.49005
396.29773	908.99042
396.34982	904.65558
396.40192	902.11444
396.45404	905.06519
396.50613	905.40607
396.55826	906.56158
396.61035	908.75488
396.66248	903.97894
396.71457	907.52917
396.76666	908.28436
396.81879	908.51355
396.87088	906.74719
396.923	908.31348
396.9751	911.15784
397.02719	908.04523
397.07932	906.07721
397.13141	905.5575
397.18353	910.08643
397.23563	907.61835
397.28775	906.7301
397.33984	905.62677
397.39194	908.87964
397.44406	908.20032
397.49615	907.73987
397.54828	907.60248
397.60037	907.37903
397.65247	907.23456
397.70459	906.12561
397.75668	906.26495
397.80881	905.25983
397.8609	903.72278
397.91302	904.39789
397.96512	907.73291
398.01721	909.48755
398.06934	905.69495
398.12143	904.24371
398.17355	908.74225
398.22565	910.26422
398.27774	910.02887
398.32986	906.88147
398.38196	904.68207
398.43408	907.91516
398.48618	907.32758
398.5383	906.73114
398.59039	908.35327
398.64249	908.5639
398.69461	909.15765
398.7467	906.61786
398.79883	907.68744
398.85092	909.2265
398.90302	903.87091
398.95514	905.42987
399.00723	910.03308
399.05936	909.70099
399.11145	908.06195
399.16354	902.97522
399.21567	906.42859
399.26776	909.48175
399.31989	907.09198
399.37198	904.4787
399.4241	909.96075
399.4762	912.97809
399.52829	907.48273
399.58041	905.4043
399.63251	908.78192
399.68463	905.78961
399.73672	914.3681
399.78882	906.25342
399.84094	905.21741
399.89304	908.14087
399.94516	904.80695
399.99725	905.45612
400.04938	908.37317
400.10147	911.69989
400.15356	906.79602
400.20569	901.78027
400.25778	907.55768
400.30991	907.06622
400.362	907.55573
400.41409	900.74658
400.46622	907.25647
400.51831	908.02368
400.57043	911.75616
400.62253	904.75708
400.67465	908.9715
400.72675	904.25769
400.77884	909.15906
400.83096	908.76135
400.88306	914.78748
400.93518	908.66162
400.98727	907.02667
401.03937	901.90167
401.09149	906.31598
401.14359	910.29004
401.19571	907.30505
401.2478	907.46472
401.29993	907.29852
401.35202	909.78821
401.40411	907.94299
401.45624	904.17389
401.50833	904.29657
401.56046	909.75073
401.61255	911.87311
401.66464	910.5838
401.71677	910.28033
401.76886	909.62317
401.82098	910.09637
401.87308	905.55035
401.9252	905.45721
401.97729	908.19147
402.02939	905.72693
402.08151	908.31683
402.13361	909.2005
402.18573	905.91071
402.23782	906.89276
402.28992	906.19232
402.34204	905.05927
402.39413	907.70325
402.44626	910.25824
402.49835	907.42603
402.55045	905.35162
402.60257	909.11365
402.65466	907.74792
402.70679	906.49036
402.75888	901.36127
402.811	901.80444
402.8631	906.28943
402.91519	903.94348
402.96732	903.42029
403.01941	908.05609
403.07153	911.35193
403.12363	906.81903
403.17572	905.51221
403.22784	902.66681
403.27994	911.77521
403.33206	904.98077
403.38416	908.98682
403.43628	905.78107
403.48837	909.81604
403.54047	908.62946
403.59259	904.52655
403.64468	907.7876
403.69681	904.39844
403.7489	906.36487
403.80099	901.95471
403.85312	905.73077
403.90521	907.29102
403.95734	913.44409
404.00943	906.95099
404.06155	910.43134
404.11365	908.18011
404.16574	907.84979
404.21786	904.83423
404.26996	906.8822
404.32208	908.172
404.37418	904.66644
404.42627	906.23743
404.47839	909.19
404.53049	911.75726
404.58261	908.92523
404.6347	910.41711
404.68683	910.59467
404.73892	906.05194
404.79102	907.09937
404.84314	904.2243
404.89523	904.3078
404.94736	908.88812
404.99945	908.57587
405.05154	911.96332
405.10367	910.55157
405.15576	905.42841
405.20789	905.81085
405.25998	904.75964
405.3121	905.2475
405.3642	907.54919
405.41629	906.4873
405.46841	903.01636
405.52051	906.13892
405.57263	910.82581
405.62473	910.91333
405.67682	909.83038
405.72894	906.33484
405.78104	906.79321
405.83316	907.85858
405.88525	905.14355
405.93738	903.96527
405.98947	907.74847
406.04156	905.70868
406.09369	901.41779
406.14578	902.5993
406.19791	907.17963
406.25	908.93488
406.30209	909.26996
406.35422	905.85529
406.40631	907.37103
406.45844	907.32916
406.51053	910.49634
406.56262	906.37372
406.61475	902.48431
406.66684	909.73682
406.71896	904.48657
406.77106	903.33777
406.82318	904.79254
406.87527	908.93958
406.92737	906.33997
406.97949	903.13922
407.03159	908.75
407.08371	909.70996
407.1358	910.13959
407.1879	908.69757
407.24002	909.67133
407.29211	902.77179
407.34424	904.13037
407.39633	901.2998
407.44846	904.9375
407.50055	909.33954
407.55264	906.00916
407.60477	905.20911
407.65686	902.94531
407.70898	910.91162
407.76108	908.30414
407.81317	904.70581
407.8653	903.31842
407.91739	907.60095
407.96951	908.63818
408.02161	905.50763
408.07373	907.70288
408.12582	905.99414
408.17792	902.54297
408.23004	905.24316
408.28214	908.03937
408.33426	908.27057
408.38635	907.43475
408.43845	912.10675
408.49057	908.4212
408.54266	909.56525
408.59479	908.68018
408.64688	907.81659
408.69901	902.95972
408.7511	904.5957
408.80319	909.43872
408.85532	908.1637
408.90741	908.99615
408.95953	909.51984
409.01163	907.06641
409.06372	906.32355
409.11584	909.20325
409.16794	912.07153
409.22006	908.92584
409.27216	903.97882
409.32428	902.56287
409.37637	906.82117
409.42847	913.44873
409.48059	910.27985
409.53268	904.77734
409.58481	906.39679
409.6369	908.21545
409.689	908.78314
409.74112	905.03967
409.79321	906.78345
409.84534	911.17242
409.89743	910.61151
409.94955	906.16522
410.00165	901.2265
410.05374	904.94952
410.10587	909.3006
410.15796	907.66364
410.21008	911.80566
410.26218	908.75494
410.31427	909.2652
410.36639	905.47327
410.41849	908.80121
410.47061	911.68457
410.52271	916.21893
410.5748	903.87854
410.62692	908.36469
410.67902	906.51184
410.73114	906.93292
410.78323	905.49182
410.83536	906.00616
410.88745	910.43933
410.93954	908.02881
410.99167	899.29871
411.04376	905.61224
411.09589	906.89941
411.14798	910.64508
411.20007	907.33167
411.2522	908.74066
411.30429	907.19611
411.35641	904.78821
411.40851	909.12482
411.46063	909.10773
411.51273	909.76324
411.56482	907.91846
411.61694	902.27606
411.66904	906.78247
411.72116	908.81262
411.77325	908.55078
411.82535	907.31744
411.87747	911.98431
411.92957	912.85364
411.98169	909.63287
412.03378	906.36816
412.08591	905.7428
412.138	905.90637
412.19009	906.54279
412.24222	907.83832
412.29431	907.17511
412.34644	909.97876
412.39853	909.76788
412.45062	909.5968
412.50275	905.88818
412.55484	906.75616
412.60696	907.71515
412.65906	906.67401
412.71118	908.12469
412.76328	909.08533
412.81537	911.54761
412.86749	911.26379
412.91959	906.92218
412.97171	906.0094
413.0238	910.10486
413.0759	910.4469
413.12802	906.02271
413.18011	902.53546
413.23224	906.44824
413.28433	911.63013
413.33646	910.17084
413.38855	910.88098
413.44064	908.52924
413.49277	907.83105
413.54486	909.35278
413.59698	913.45685
413.64908	913.3233
413.70117	912.29102
413.7533	911.71014
413.80539	905.45819
413.85751	908.64459
413.90961	904.97949
413.9617	909.55511
414.01382	906.49017
414.06592	910.29913
414.11804	909.04431
414.17014	900.90686
414.22226	905.79047
414.27435	906.12244
414.32645	909.46912
414.37857	905.28174
414.43066	905.79315
414.48279	916.95428
414.53488	906.30432
414.58698	908.26947
414.6391	907.77325
414.69119	910.68677
414.74332	913.16278
414.79541	906.15668
414.84753	912.75531
414.89963	907.27484
414.95172	904.03168
415.00385	907.76276
415.05594	907.36536
415.10806	909.40411
415.16016	912.71869
415.21225	907.37
415.26437	909.5296
415.31647	911.04022
415.36859	908.03851
415.42068	908.79059
415.47281	909.60577
415.5249	910.85223
415.577	910.10126
415.62912	910.07666
415.68121	906.63275
415.73334	911.87225
415.78543	909.88721
415.83752	906.68842
415.88965	906.52838
415.94174	907.66644
415.99387	907.87482
416.04596	905.20697
416.09808	905.81012
416.15018	909.55756
416.20227	910.01996
416.25439	908.32758
416.30649	906.5686
416.35861	910.25848
416.41071	912.32666
416.4628	908.61523
416.51492	905.41461
416.56702	906.3468
416.61914	907.24005
416.67123	905.65411
416.72336	908.1026
416.77545	909.4201
416.82755	905.68018
416.87967	906.68298
416.93176	909.76862
416.98389	907.06921
417.03598	908.14185
417.08807	909.16931
417.1402	907.33545
417.19229	912.9502
417.24442	910.97247
417.29651	906.31256
417.34863	908.11877
417.40073	906.021
417.45282	906.72308
417.50494	904.99554
417.55704	903.56836
417.60916	904.77472
417.66125	905.13708
417.71335	911.47931
417.76547	913.36115
417.81757	914.67303
417.86969	914.10083
417.92178	907.61334
417.97388	902.27264
418.026	907.30292
418.07809	909.07593
418.13022	908.64349
418.18231	904.28705
418.23444	907.24506
418.28653	910.20288
418.33862	912.86591
418.39075	907.15607
418.44284	912.04272
418.49496	910.06598
418.54706	903.19128
418.59915	901.59686
418.65128	906.78925
418.70337	913.15527
418.75549	909.3642
418.80759	907.2063
418.85971	910.18573
418.9118	907.42224
418.9639	909.65106
419.01602	903.56091
419.06812	907.61292
419.12024	907.68237
419.17233	909.16016
419.22443	912.3454
419.27655	907.4342
419.32864	906.78979
419.38077	907.38861
419.43286	906.36462
419.48499	905.62555
419.53708	912.44086
419.58917	911.76031
419.6413	907.31616
419.69339	905.98602
419.74551	912.09369
419.79761	912.64966
419.8497	906.90753
419.90182	905.43408
419.95392	905.97156
420.00604	909.03882
420.05814	910.06396
420.11026	909.16882
420.16235	908.67242
420.21445	908.7381
420.26657	908.13074
420.31866	907.71942
420.37079	907.94843
420.42288	908.71112
420.47498	907.45325
420.5271	906.65118
420.57919	907.93683
420.63132	907.01642
420.68341	905.03955
420.73553	904.79395
420.78763	908.65631
420.83972	910.18317
420.89185	907.70801
420.94394	908.53491
420.99606	908.28235
421.04816	909.97888
421.10025	909.50684
421.15237	907.38092
421.20447	913.67181
421.25659	913.81012
421.30869	905.9986
421.36081	902.36993
421.4129	905.29004
421.465	907.52826
421.51712	910.28247
421.56921	908.15375
421.62134	907.16351
421.67343	906.8819
421.72552	908.87305
421.77765	909.48914
421.82974	912.20288
421.88187	911.13733
421.93396	909.93091
421.98605	909.72723
422.03818	905.24237
422.09027	904.90717
422.1424	909.67334
422.19449	907.54596
422.24661	904.31488
422.29871	911.03967
422.3508	905.15216
422.40292	900.57043
422.45502	909.79572
422.50714	906.83026
422.55923	909.29352
422.61133	903.47839
422.66345	904.28259
422.71555	911.91205
422.76767	909.50635
422.81976	902.84613
422.87189	910.51031
422.92398	912.65454
422.97607	907.04279
423.0282	905.42676
423.08029	907.88153
423.13242	906.59711
423.18451	903.36639
423.2366	907.72852
423.28873	910.00226
423.34082	912.27887
423.39294	908.45831
423.44504	907.664
423.49716	907.77448
423.54926	913.01013
423.60135	911.8252
423.65347	910.40411
423.70557	910.61835
423.75769	908.31549
423.80978	907.94312
423.86188	906.90649
423.914	905.92059
423.96609	908.66925
424.01822	909.60889
424.07031	907.99438
424.12244	906.01648
424.17453	902.54071
424.22662	903.08185
424.27875	905.01837
424.33084	910.85071
424.38297	910.55212
424.43506	908.33423
424.48715	908.40662
424.53928	906.96014
424.59137	907.96466
424.64349	907.99091
424.69559	908.37286
424.74771	910.2049
424.7998	911.10406
424.8519	910.88257
424.90402	906.42279
424.95612	906.21399
425.00824	910.78851
425.06033	910.57727
425.11243	911.56213
425.16455	912.1817
425.21664	911.64941
425.26877	910.16492
425.32086	909.17303
425.37299	908.53772
425.42508	908.53583
425.47717	909.91339
425.5293	905.38171
425.58139	905.72827
425.63351	907.76184
425.68561	905.63885
425.7377	907.84277
425.78983	909.6004
425.84192	908.36755
425.89404	910.07031
425.94614	905.72937
425.99823	906.13538
426.05035	906.05347
426.10245	905.77551
426.15457	906.02362
426.20667	902.30609
426.25879	904.66278
426.31088	913.16681
426.36298	912.9715
426.4151	906.11212
426.46719	906.53943
426.51932	913.05682
426.57141	912.00946
426.6235	909.52515
426.67563	906.68353
426.72772	913.09351
426.77985	912.10248
426.83194	905.24658
426.88406	910.87622
426.93616	907.27081
426.98825	920.25659
427.04037	904.35071
427.09247	908.57861
427.14459	909.97711
427.19669	906.94135
427.24878	907.88818
427.3009	908.4978
427.353	910.27557
427.40512	907.59656
427.45721	907.0542
427.50934	911.1615
427.56143	911.23834
427.61353	909.84821
427.66565	904.03845
427.71774	905.25018
427.76987	909.08679
427.82196	907.78217
427.87405	911.46289
427.92618	910.12115
427.97827	908.66779
428.0304	911.68555
428.08249	909.21667
428.13461	906.49701
428.18671	911.02179
428.2388	907.60797
428.29092	905.47369
428.34302	907.26965
428.39514	912.65723
428.44724	912.45514
428.49933	908.10876
428.55145	907.37122
428.60355	910.28497
428.65567	907.21295
428.70776	904.58478
428.75989	908.17401
428.81198	909.95227
428.86407	908.70355
428.9162	907.72137
428.96829	911.40143
429.02042	911.86902
429.07251	909.60297
429.1246	906.89642
429.17673	904.12793
429.22882	907.02246
429.28094	908.5611
429.33304	908.37494
429.38513	904.14612
429.43726	907.7312
429.48935	910.12744
429.54147	904.5296
429.59357	905.39874
429.64569	909.76245
429.69778	908.93658
429.74988	908.8775
429.802	910.46533
429.8541	910.59729
429.90622	912.28851
429.95831	908.06085
430.01041	907.26208
430.06253	914.04669
430.11462	910.37885
430.16675	910.55658
430.21884	906.00714
430.27097	907.40668
430.32306	910.25269
430.37515	905.74902
430.42728	907.80707
430.47937	910.27563
430.53149	911.22699
430.58359	904.91272
430.63568	908.25604
430.68781	907.64929
430.7399	909.62518
430.79202	907.41229
430.84412	907.94177
430.89624	908.73376
430.94833	906.91327
431.00043	907.87769
431.05255	908.42908
431.10464	910.86987
431.15677	911.82654
431.20886	908.85767
431.26096	901.9505
431.31308	903.29968
431.36517	911.9942
431.4173	910.90802
431.46939	906.13483
431.52151	908.61169
431.57361	906.53375
431.6257	908.58667
431.67783	905.24146
431.72992	910.55676
431.78204	911.74963
431.83414	907.07837
431.88623	911.82697
431.93835	913.22388
431.99045	909.58307
432.04257	910.83801
432.09467	907.2746
432.14679	903.51788
432.19888	905.52618
432.25098	907.05823
432.3031	903.86688
432.35519	905.7746
432.40732	906.77881
432.45941	909.67975
432.51151	911.48779
432.56363	909.65991
432.61572	906.68982
432.66785	907.12701
432.71994	906.75641
432.77206	905.92889
432.82416	911.26263
432.87625	907.88373
432.92838	902.3725
432.98047	906.16534
433.03259	911.65881
433.08469	909.09247
433.13678	904.49353
433.1889	901.23834
433.241	907.28528
433.29312	908.84192
433.34521	904.42065
433.39731	907.40814
433.44943	910.72083
433.50153	909.45746
433.55365	904.26971
433.60574	902.14056
433.65787	907.03729
433.70996	907.67468
433.76205	905.60187
433.81418	909.3313
433.86627	908.42322
433.9184	903.11108
433.97049	906.53082
434.02258	909.1098
434.07471	908.41327
434.1268	910.43787
434.17892	908.99933
434.23102	906.74603
434.28314	904.70538
434.33524	907.01355
434.38733	907.41931
434.43945	909.16705
434.49155	906.44336
434.54367	910.08801
434.59576	908.3819
434.64786	906.46497
434.69998	905.30261
434.75208	912.49658
434.8042	912.13519
434.85629	904.46088
434.90842	912.53467
434.96051	911.73834
435.0126	910.41663
435.06473	910.56464
435.11682	906.21246
435.16895	909.51563
435.22104	910.89514
435.27313	906.55212
435.32526	907.23145
435.37735	914.09497
435.42947	906.52246
435.48157	909.73914
435.53369	906.38977
435.58578	909.81384
435.63788	911.94061
435.69	901.76807
435.7421	905.15088
435.79422	906.75928
435.84631	912.48328
435.89841	906.60779
435.95053	910.0672
436.00262	911.55731
436.05475	915.47546
436.10684	907.37805
436.15897	908.97797
436.21106	907.18091
436.26315	908.9292
436.31528	905.37286
436.36737	906.88141
436.41949	910.65833
436.47159	913.27875
436.52368	906.51215
436.57581	909.02277
436.6279	908.25604
436.68002	905.07318
436.73212	905.7948
436.78424	906.0354
436.83633	910.52454
436.88843	907.49915
436.94055	905.7309
436.99265	906.70142
437.04477	909.34521
437.09686	911.16486
437.14896	904.35229
437.20108	907.21765
437.25317	908.64276
437.3053	908.50635
437.35739	906.36609
437.40948	904.44775
437.46161	904.68921
437.5137	902.95087
437.56583	905.01019
437.61792	908.47009
437.67004	909.16113
437.72214	908.66339
437.77423	910.36792
437.82635	907.45392
437.87845	904.36572
437.93057	908.46112
437.98267	906.7641
438.03476	903.75458
438.08688	909.35358
438.13898	912.62408
438.1911	907.30713
438.24319	906.13855
438.29532	910.29468
438.34741	913.23889
438.39951	908.62988
438.45163	907.89777
438.50372	909.05719
438.55585	907.78754
438.60794	906.28461
438.66003	902.97742
438.71216	909.65125
438.76425	911.4505
438.81638	906.49817
438.86847	908.19623
438.92059	911.4165
438.97269	909.44281
439.02478	907.75458
439.0769	909.34723
439.129	910.76813
439.18112	914.19525
439.23322	909.63898
439.28531	903.896
439.33743	907.48029
439.38953	911.63782
439.44165	908.88763
439.49374	907.56708
439.54587	905.08862
439.59796	906.74237
439.65005	905.58759
439.70218	903.12042
439.75427	905.40192
439.8064	913.8197
439.85849	909.2514
439.91058	906.42401
439.96271	910.66272
440.0148	911.3739
440.06693	908.34631
440.11902	905.23206
440.17114	911.35883
440.22324	909.2265
440.27533	910.98401
440.32745	908.03918
440.37955	903.94275
440.43167	911.37903
440.48376	907.67468
440.53586	906.42017
440.58798	907.40717
440.64008	908.39459
440.6922	909.1272
440.74429	906.34204
440.79639	906.76794
440.84851	905.75806
440.9006	904.42902
440.95273	909.28857
441.00482	908.27948
441.05695	903.81976
441.10904	908.72217
441.16113	908.30426
441.21326	903.46082
441.26535	913.80231
441.31747	905.29755
441.36957	905.71655
441.42166	906.24072
441.47379	907.6499
441.52588	907.77155
441.578	905.97424
441.6301	905.76581
441.68222	909.7135
441.73431	906.78687
441.78641	908.40375
441.83853	901.96179
441.89063	902.01044
441.94275	903.07825
441.99484	908.98682
442.04694	907.81232
442.09906	910.44116
442.15115	908.86456
442.20328	905.49994
442.25537	906.27405
442.3075	903.29755
442.35959	907.87158
442.41168	907.12097
442.46381	906.2193
442.5159	912.37042
442.56802	908.64136
442.62012	906.91547
442.67221	905.47003
442.72433	910.18909
442.77643	911.68823
442.82855	909.19916
442.88065	912.13965
442.93277	911.27893
442.98486	909.3714
443.03696	904.47198
443.08908	903.85229
443.14117	911.5838
443.1933	908.77771
443.24539	905.94843
443.29749	906.3009
443.34961	907.95746
443.4017	909.1048
443.45383	905.89856
443.50592	906.10736
443.55804	908.69281
443.61014	909.15503
443.66223	906.31519
443.71436	905.51215
443.76645	908.09839
443.81857	907.77728
443.87067	904.51556
443.92276	905.97345
443.97488	912.49298
444.02698	910.74213
444.0791	904.63684
444.1312	907.42371
444.18332	909.9834
444.23541	911.15723
444.28751	909.25433
444.33963	903.56073
444.39172	910.55359
444.44385	912.62756
444.49594	904.36768
444.54803	905.48584
444.60016	909.49432
444.65225	908.49078
444.70438	907.54077
444.75647	908.32574
444.80856	908.34229
444.86069	910.64331
444.91278	908.54785
444.9649	906.21777
445.017	911.09192
445.06912	912.09509
445.12122	906.71558
445.17331	906.67102
445.22543	907.68542
445.27753	911.38483
445.32965	906.0025
445.38174	905.93585
445.43384	906.98492
445.48596	910.29022
445.53806	908.09827
445.59018	903.98938
445.64227	907.86469
445.6944	909.21973
445.74649	908.492
445.79858	906.54462
445.85071	909.21967
445.9028	909.26483
445.95493	907.66974
446.00702	907.4256
446.05911	911.43927
446.11124	911.74835
446.16333	907.15009
446.21545	910.31744
446.26755	908.36078
446.31967	909.88495
446.37177	906.61841
446.42386	906.89392
446.47598	905.29803
446.52808	907.21307
446.5802	906.35571
446.63229	905.88531
446.68439	905.66187
446.73651	908.35974
446.7886	910.43219
446.84073	907.64392
446.89282	909.61328
446.94495	911.8761
446.99704	910.61108
447.04913	906.2912
447.10126	906.03162
447.15335	907.9903
447.20547	905.94598
447.25757	912.49701
447.30966	909.19159
447.36179	910.60596
447.41388	906.7146
447.466	906.00592
447.5181	906.67328
447.57022	904.22186
447.62231	908.31329
447.67441	907.6217
447.72653	906.0191
447.77863	911.66541
447.83075	909.23767
447.88284	910.83527
447.93494	905.74921
447.98706	910.86725
448.03915	909.60944
448.09128	904.3205
448.14337	913.01801
448.1955	907.49072
448.24759	907.38074
448.29968	905.12634
448.35181	912.18384
448.4039	917.79858
448.45602	910.27515
448.50812	908.08325
448.56021	910.81073
448.61234	903.92242
448.66443	905.20856
448.71655	908.11176
448.76865	905.54517
448.82074	907.60785
448.87286	907.07098
448.92496	907.04968
448.97708	906.31433
449.02917	904.82959
449.0813	904.67261
449.13339	908.74738
449.18549	908.91724
449.23761	904.06915
449.2897	903.36664
449.34183	906.43628
449.39392	906.05109
449.44601	908.00323
449.49814	909.75153
449.55023	909.86969
449.60236	911.39703
449.65445	909.92377
449.70657	907.80664
449.75867	908.30957
449.81076	907.31946
449.86288	906.28009
449.91498	910.55316
449.9671	910.90356
450.0192	906.73529
450.07129	906.85303
450.12341	906.49469
450.17551	908.2135
450.22763	908.88745
450.27972	908.31726
450.33185	913.38586
450.38394	914.15906
450.43604	906.37024
450.48816	904.60712
450.54025	908.70111
450.59238	910.15405
450.64447	906.02423
450.69656	912.8714
450.74869	908.66541
450.80078	908.95142
450.85291	905.73102
450.905	904.31012
450.95712	909.35315
451.00922	909.8443
451.06131	909.51306
451.11343	906.92358
451.16553	908.27246
451.21765	910.2146
451.26974	907.4054
451.32184	905.64551
451.37396	905.34979
451.42606	906.3963
451.47818	907.93066
451.53027	909.55945
451.5824	908.1178
451.63449	907.20148
451.68658	906.97717
451.73871	903.6958
451.7908	903.81122
451.84293	906.67633
451.89502	906.14038
451.94711	903.20471
451.99924	908.63953
452.05133	910.14935
452.10345	912.59729
452.15555	904.54169
452.20767	907.00439
452.25977	908.10071
452.31186	906.78229
452.36398	908.48077
452.41608	908.65887
452.4682	906.44043
452.52029	901.78113
452.57239	907.18768
452.62451	907.72192
452.67661	907.64465
452.72873	911.36469
452.78082	910.09924
452.83292	908.02789
452.88504	906.44501
452.93713	905.74005
452.98926	911.39441
453.04135	908.20129
453.09348	911.09583
453.14557	908.21655
453.19766	908.06061
453.24979	912.16589
453.30188	908.36798
453.354	909.20038
453.4061	909.59119
453.45819	907.77386
453.51031	908.73035
453.56241	908.95557
453.61453	912.0542
453.66663	911.31012
453.71875	908.98157
453.77084	907.69299
453.82294	908.83093
453.87506	911.79333
453.92715	910.55627
453.97928	908.57355
454.03137	906.42358
454.08347	903.25507
454.13559	905.40283
454.18768	906.80463
454.23981	905.79517
454.2919	910.14825
454.34402	912.18341
454.39612	906.17291
454.44821	903.54877
454.50034	904.96271
454.55243	907.75861
454.60455	910.25714
454.65665	904.73914
454.70874	905.46887
454.76086	911.34863
454.81296	913.47754
454.86508	907.78973
454.91718	905.00983
454.9693	905.83521
455.02139	909.6759
455.07349	909.55322
455.12561	907.91956
455.1777	907.0769
455.22983	908.23218
455.28192	906.32483
455.33401	903.50037
455.38614	905.83344
455.43823	908.83557
455.49036	909.4502
455.54245	907.6933
455.59457	909.35687
455.64667	912.80029
455.69876	910.7829
455.75089	905.45575
455.80298	907.3067
455.8551	903.81354
455.9072	905.15179
455.95929	900.55127
456.01141	908.75684
456.06351	907.14307
456.11563	908.83649
456.16772	907.4541
456.21982	907.30597
456.27194	905.08899
456.32404	908.15851
456.37616	913.87036
456.42825	910.95905
456.48038	912.4187
456.53247	903.51788
456.58456	911.75604
456.63669	906.12036
456.68878	904.01123
456.74091	906.28766
456.793	904.5509
456.84509	905.34045
456.89722	910.43274
456.94931	904.15295
457.00143	905.18823
457.05353	908.04266
457.10565	908.40302
457.15775	905.83105
457.20984	909.20203
457.26196	906.97455
457.31406	905.97986
457.36618	907.51312
457.41827	907.48529
457.47037	910.54327
457.52249	909.43347
457.57458	908.87738
457.62671	908.87457
457.6788	907.00745
457.73093	902.69629
457.78302	906.06934
457.83511	910.00037
457.88724	902.09192
457.93933	908.02747
457.99146	910.65576
458.04355	908.1803
458.09564	904.3905
458.14777	907.04834
458.19986	908.70801
458.25198	905.21857
458.30408	909.7804
458.3562	909.01483
458.40829	908.78925
458.46039	910.8291
458.51251	910.54144
458.56461	910.32336
458.61673	910.04663
458.66882	907.40082
458.72092	906.62988
458.77304	908.58441
458.82513	907.04034
458.87726	907.02667
458.92935	910.26819
458.98148	907.29462
459.03357	905.33075
459.08566	909.41943
459.13779	912.32861
459.18988	910.00696
459.242	905.32947
459.2941	905.97131
459.34619	904.97839
459.39832	904.12415
459.45041	905.26563
459.50253	909.00153
459.55463	906.24084
459.60675	906.46185
459.65884	907.77142
459.71094	905.92072
459.76306	906.56726
459.81516	908.89661
459.86728	912.46466
459.91937	910.22644
459.97147	906.64581
460.02359	906.33923
460.07568	904.44238
460.12781	911.2381
460.1799	910.00842
460.23199	906.15698
460.28412	907.93134
460.33621	908.05701
460.38834	905.76563
460.44043	907.71149
460.49255	906.01349
460.54465	909.17737
460.59674	904.24451
460.64886	910.20038
460.70096	906.70685
460.75308	907.07422
460.80518	910.01105
460.85727	908.24054
460.90939	908.47327
460.96149	906.04083
461.01361	911.34747
461.0657	913.9541
461.11783	908.74731
461.16992	910.66046
461.22202	909.63599
461.27414	905.67609
461.32623	906.1673
461.37836	911.55383
461.43045	908.27856
461.48254	909.60114
461.53467	906.81982
461.58676	908.53131
461.63889	909.11871
461.69098	905.0332
461.7431	903.74475
461.7952	911.25037
461.84729	908.6073
461.89941	912.50916
461.95151	909.25385
462.00363	909.91461
462.05573	909.29065
462.10782	909.96179
462.15994	905.1991
462.21204	903.31323
462.26416	903.52191
462.31625	906.3844
462.36838	907.89539
462.42047	912.34381
462.47256	915.50775
462.52469	907.875
462.57678	906.58063
462.62891	903.46234
462.681	901.38159
462.73309	909.22522
462.78522	907.3678
462.83731	908.17963
462.88943	908.57349
462.94153	907.0863
462.99365	909.20313
463.04575	907.67572
463.09784	909.88361
463.14996	909.26434
463.20206	908.49127
463.25418	910.57697
463.30627	910.67438
463.35837	912.39551
463.41049	912.62592
463.46259	907.05463
463.51471	908.24744
463.5668	912.86353
463.61893	911.4201
463.67102	906.67566
463.72311	905.57642
463.77524	909.04419
463.82733	909.80859
463.87946	909.25476
463.93155	908.14783
463.98364	911.0932
464.03577	912.52185
464.08786	907.02203
464.13998	909.16882
464.19208	909.91772
464.24417	907.83307
464.2963	909.81055
464.34839	910.03351
464.40051	906.98682
464.45261	905.24078
464.50473	908.11554
464.55682	909.60065
464.60892	907.50201
464.66104	908.32617
464.71313	908.62579
464.76526	907.82391
464.81735	903.43005
464.86945	908.086
464.92157	914.04968
464.97366	907.54791
465.02579	911.2464
465.07788	911.47803
465.13	904.86884
465.1821	903.41937
465.23419	905.83453
465.28632	909.16522
465.33841	909.55695
465.39053	907.95099
465.44263	908.216
465.49472	908.60297
465.54684	904.4425
465.59894	904.36523
465.65106	904.00623
465.70316	904.56274
465.75528	905.84802
465.80737	908.81927
465.85947	908.47168
465.91159	912.97662
465.96368	908.41974
466.01581	908.59027
466.0679	911.09308
466.12	913.61395
466.17212	907.96814
466.22421	909.30151
466.27634	905.9328
466.32843	907.41034
466.38055	908.39661
466.43265	906.90814
466.48474	908.362
466.53687	909.35925
466.58896	913.23053
466.64108	910.05219
466.69318	912.70422
466.74527	910.08173
466.79739	905.72455
466.84949	909.47546
466.90161	909.86853
466.9537	912.54388
467.00583	905.35657
467.05792	914.40509
467.11002	905.92859
467.16214	907.76898
467.21423	907.08539
467.26636	909.35193
467.31845	908.60858
467.37054	909.97333
467.42267	911.54846
467.47476	910.64404
467.52689	907.19153
467.57898	905.55542
467.63107	911.46075
467.6832	910.67682
467.73529	907.9549
467.78741	906.95142
467.83951	908.27344
467.89163	913.48413
467.94373	912.47656
467.99582	907.46344
468.04794	903.7373
468.10004	909.26245
468.15216	915.65186
468.20425	913.33105
468.25635	911.29462
468.30847	909.04468
468.36057	908.10516
468.41269	906.10645
468.46478	902.63721
468.51691	906.41052
468.569	910.66895
468.62109	911.85968
468.67322	908.24506
468.72531	906.68323
468.77744	909.1571
468.82953	907.52838
468.88162	906.87262
468.93375	908.78552
468.98584	907.95874
469.03796	908.27924
469.09006	909.99884
469.14218	908.77594
469.19427	907.9646
469.24637	908.97626
469.29849	909.0069
469.35059	906.9248
469.40271	904.51056
469.4548	908.78491
469.5069	913.87793
469.55902	912.51611
469.61111	912.42352
469.66324	911.5293
469.71533	909.52155
469.76746	909.02344
469.81955	910.73486
469.87164	911.69446
469.92377	905.28082
469.97586	905.10272
470.02798	912.02911
470.08008	912.69513
470.13217	911.59863
470.1843	908.73456
470.23639	907.53973
470.28851	907.32611
470.34061	907.95654
470.39273	909.07715
470.44482	911.97461
470.49692	916.8006
470.54904	914.00085
470.60114	908.43744
470.65326	908.65515
470.70535	911.94989
470.75745	909.04126
470.80957	902.48468
470.86166	909.14313
470.91379	906.21899
470.96588	912.74017
471.01801	909.23462
471.0701	913.82025
471.12219	905.9317
471.17432	905.15015
471.22641	908.63251
471.27853	908.68494
471.33063	908.87451
471.38272	907.22156
471.43484	912.74829
471.48694	908.76605
471.53906	910.6803
471.59116	911.13892
471.64325	903.31995
471.69537	907.77643
471.74747	911.96118
471.79959	907.08179
471.85168	906.15631
471.90381	911.59637
471.9559	912.08899
472.008	911.10596
472.06012	910.59973
472.11221	911.55011
472.16434	904.40521
472.21643	911.18689
472.26852	905.47394
472.32065	906.00256
472.37274	910.67596
472.42487	911.06726
472.47696	909.70972
472.52908	914.03198
472.58118	906.59326
472.63327	906.87061
472.68539	911.82446
472.73749	911.69171
472.78961	912.39716
472.84171	909.1806
472.8938	916.02899
472.94592	912.59863
472.99802	906.24219
473.05014	909.06
473.10223	906.04633
473.15436	910.54248
473.20645	913.58228
473.25854	906.70465
473.31067	909.08679
473.36276	910.8924
473.41489	911.01318
473.46698	905.86407
473.51907	905.82324
473.5712	909.37531
473.62329	908.72986
473.67542	910.79956
473.72751	913.37866
473.77963	910.5802
473.83173	912.02234
473.88382	909.16443
473.93594	907.64136
473.98804	909.60138
474.04016	908.24219
474.09225	907.60687
474.14435	907.66248
474.19647	908.08374
474.24857	907.56067
474.30069	911.1358
474.35278	912.4942
474.40491	908.85522
474.457	910.09247
474.50909	909.64648
474.56122	910.49036
474.61331	910.771
474.66544	910.01648
474.71753	910.94214
474.76962	912.23553
474.82175	912.16217
474.87384	907.17395
474.92596	904.66296
474.97806	909.80267
475.03018	913.44928
475.08228	909.65039
475.13437	909.13184
475.18649	911.56519
475.23859	911.01868
475.29071	909.81116
475.3428	907.68146
475.3949	907.5332
475.44702	905.7179
475.49911	906.10016
475.55124	912.72021
475.60333	917.81366
475.65543	907.51367
475.70755	908.10785
475.75964	907.4931
475.81177	910.7312
475.86386	909.33746
475.91599	906.37238
475.96808	909.02112
476.02017	909.89777
476.0723	909.02173
476.12439	908.17096
476.17651	904.63721
476.22861	903.84607
476.2807	907.58875
476.33282	909.79279
476.38492	908.7774
476.43704	913.72705
476.48914	910.88354
476.54126	907.26263
476.59335	906.45807
476.64545	909.90576
476.69757	908.7486
476.74966	909.83423
476.80179	907.16058
476.85388	905.60278
476.90598	911.32275
476.9581	910.98792
477.01019	910.18396
477.06232	914.44006
477.11441	911.46387
477.16653	906.17523
477.21863	906.24225
477.27072	912.15979
477.32285	907.13721
477.37494	905.74683
477.42706	905.84717
477.47916	911.08081
477.53125	909.05573
477.58337	911.67499
477.63547	903.70258
477.68759	909.94525
477.73969	904.3006
477.79181	915.43518
477.8439	906.39429
477.896	910.66229
477.94812	905.23151
478.00021	902.28241
478.05234	908.72827
478.10443	906.28931
478.15652	904.78558
478.20865	913.97467
478.26074	907.02686
478.31287	905.31342
478.36496	903.34888
478.41708	909.34552
478.46918	910.66888
478.52127	908.88879
478.57339	912.8493
478.62549	907.78625
478.67761	909.92377
478.72971	909.33191
478.7818	908.77863
478.83392	906.52875
478.88602	910.11914
478.93814	911.14178
478.99023	906.5238
479.04233	907.81616
479.09445	906.53119
479.14655	909.92737
479.19867	907.00647
479.25076	907.00726
479.30289	907.99658
479.35498	909.38403
479.40707	907.32025
479.4592	906.68341
479.51129	903.20044
479.56342	905.24017
479.61551	905.03833
479.6676	909.92072
479.71973	911.66919
479.77182	908.36328
479.82394	906.43701
479.87604	909.03601
479.92816	912.64606
479.98026	905.21863
480.03235	904.43427
480.08447	908.4007
480.13657	909.98651
480.18869	910.47986
480.24078	910.64081
480.29288	907.02533
480.345	906.75836
480.39709	911.16125
480.44922	909.32483
480.50131	909.63226
480.55344	909.26825
480.60553	913.00891
480.65762	910.08466
480.70975	907.30676
480.76184	904.87769
480.81396	906.96375
480.86606	906.09631
480.91815	906.77869
480.97028	913.22607
481.02237	913.89758
481.07449	908.29559
481.12659	906.69812
481.17871	908.08966
481.2308	906.26678
481.2829	907.4021
481.33502	908.56586
481.38712	907.07819
481.43924	907.81024
481.49133	909.29639
481.54343	908.88165
481.59555	910.37274
481.64764	912.64398
481.69977	909.29761
481.75186	908.33978
481.80399	911.65021
481.85608	912.19238
481.90817	908.72412
481.9603	905.75482
482.01239	907.26892
482.06451	910.04364
482.11661	910.16168
482.1687	907.64996
482.22083	906.65442
482.27292	908.44177
482.32504	908.16223
482.37714	903.37567
482.42926	906.77582
482.48135	903.00586
482.53345	902.68463
482.58557	904.83075
482.63766	906.8299
482.68979	908.44476
482.74188	910.19916
482.79398	911.43774
482.8461	913.67413
482.89819	909.55469
482.95032	912.52515
483.00241	918.20093
483.0545	908.59106
483.10663	908.59106
483.15872	908.59106
483.21085	906.93909
483.26294	909.50952
483.31506	908.76367
483.36716	911.25165
483.41925	908.883
483.47137	904.1889
483.52347	908.07434
483.57559	905.0285
483.62769	908.18671
483.67978	911.27734
483.7319	910.02905
483.784	908.67334
483.83612	912.21295
483.88821	910.64746
483.94034	908.72906
483.99243	907.83539
484.04453	909.9928
484.09665	907.70428
484.14874	912.92456
484.20087	909.08221
484.25296	909.98212
484.30505	906.14642
484.35718	908.41626
484.40927	908.41339
484.4614	908.82825
484.51349	913.71643
484.56561	903.65491
484.61771	908.02405
484.6698	910.56738
484.72192	913.94446
484.77402	901.68768
484.82614	911.92261
484.87823	913.33899
484.93033	909.89575
484.98245	911.38501
485.03455	917.33826
485.08667	910.47156
485.13876	911.84314
485.19089	903.11426
485.24298	909.14459
485.29507	905.52954
485.3472	909.17078
485.39929	907.94128
485.45142	910.20325
485.50351	906.62598
485.5556	907.27545
485.60773	911.01947
485.65982	905.42279
485.71194	907.55542
485.76404	912.32764
485.81616	907.93665
485.86826	913.52301
485.92035	910.82129
485.97247	911.63409
486.02457	909.66541
486.07669	907.17944
486.12878	904.26819
486.18088	911.41034
486.233	904.86243
486.2851	903.3111
486.33722	909.07288
486.38931	909.0802
486.44144	903.53418
486.49353	907.12299
486.54562	910.68823
486.59775	912.87476
486.64984	907.02179
486.70197	908.00763
486.75406	909.94141
486.80615	913.72076
486.85828	910.23602
486.91037	908.02637
486.96249	911.49536
487.01459	912.77118
487.06668	910.21027
487.1188	910.35254
487.1709	909.68567
487.22302	904.99219
487.27512	907.83923
487.32724	908.00818
487.37933	907.9433
487.43143	907.22034
487.48355	907.76385
487.53564	906.89801
487.58777	906.90576
487.63986	907.89667
487.69196	908.88727
487.74408	911.49457
487.79617	914.6488
487.8483	911.92365
487.90039	913.48804
487.95251	914.47809
488.00461	912.48804
488.0567	908.97784
488.10883	908.41492
488.16092	908.91095
488.21304	907.82227
488.26514	904.58105
488.31723	906.73572
488.36935	908.84241
488.42145	907.91278
488.47357	909.64258
488.52567	912.56702
488.57779	912.59637
488.62988	909.52972
488.68198	907.14813
488.7341	907.20343
488.78619	910.01404
488.83832	910.11798
488.89041	908.42242
488.9425	907.41412
488.99463	908.38922
489.04672	909.19501
489.09885	906.45166
489.15094	908.48792
489.20306	910.50696
489.25516	909.57666
489.30725	908.81543
489.35938	906.19183
489.41147	907.64459
489.46359	910.79639
489.51569	912.93396
489.56778	918.47388
489.6199	920.26337
489.672	917.07721
489.72412	921.9823
489.77621	924.10944
489.82834	925.67529
489.88043	932.61493
489.93253	935.11023
489.98465	934.76025
490.03674	929.09448
490.08887	928.3089
490.14096	924.58221
490.19305	927.56665
490.24518	927.63892
490.29727	931.30212
490.3494	934.08496
490.40149	931.10614
490.45361	927.73181
490.50571	929.39911
490.5578	931.17047
490.60992	934.03442
490.66202	934.02081
490.71414	929.95007
490.76624	925.63354
490.81833	927.53021
490.87045	933.40179
490.92255	928.65186
490.97467	928.21716
491.02676	931.0885
491.07886	932.40491
491.13098	928.65955
491.18307	930.11365
491.2352	925.4552
491.28729	931.53302
491.33942	933.51208
491.39151	925.65131
491.4436	935.77234
491.49573	938.32019
491.54782	937.72473
491.59995	937.44934
491.65204	931.88245
491.70413	928.66882
491.75626	937.16974
491.80835	942.85358
491.86047	944.75641
491.91257	944.71759
491.96469	938.46661
492.01678	940.17859
492.06888	935.2085
492.121	934.88135
492.1731	942.37848
492.22522	934.45715
492.27731	937.01654
492.32941	935.55084
492.38153	937.39325
492.43362	937.5874
492.48575	933.46954
492.53784	937.05188
492.58997	932.33759
492.64206	935.93518
492.69415	928.67017
492.74628	930.32318
492.79837	929.53149
492.85049	929.4483
492.90259	929.02893
492.95468	930.77576
493.00681	930.88733
493.0589	929.2514
493.11102	936.56964
493.16312	932.10645
493.21524	933.93774
493.26733	932.38696
493.31943	937.28003
493.37155	937.93536
493.42365	934.89331
493.47577	932.45605
493.52786	934.47986
493.57996	930.92554
493.63208	926.56769
493.68417	936.33795
493.7363	936.27985
493.78839	931.59412
493.84052	934.74738
493.89261	925.81512
493.9447	932.53815
493.99683	928.93573
494.04892	932.69452
494.10104	934.48328
494.15314	936.32312
494.20523	934.96246
494.25735	932.43048
494.30945	937.23389
494.36157	934.42401
494.41367	934.14117
494.46576	930.7948
494.51788	936.60889
494.56998	934.24359
494.6221	936.13654
494.67419	935.12054
494.72632	929.08221
494.77841	933.82806
494.83051	934.92157
494.88263	933.64575
494.93472	933.37909
494.98685	933.38995
495.03894	929.43378
495.09103	936.29443
495.14316	931.98712
495.19525	936.62286
495.24738	933.3017
495.29947	927.64069
495.35159	935.68964
495.40369	937.48737
495.45578	930.55957
495.5079	934.59558
495.56	933.82202
495.61212	934.69861
495.66422	930.70953
495.71631	931.05438
495.76843	932.75897
495.82053	935.74268
495.87265	934.69855
495.92474	934.59326
495.97687	933.20062
496.02896	933.61774
496.08105	933.91156
496.13318	934.92383
496.18527	930.7923
496.2374	932.11377
496.28949	937.55066
496.34158	929.67944
496.39371	933.00903
496.4458	938.14575
496.49792	934.27063
496.55002	930.8479
496.60214	937.17188
496.65424	934.60608
496.70633	931.9967
496.75845	931.61267
496.81055	940.50098
496.86267	938.51947
496.91476	938.40326
496.96686	936.9295
497.01898	931.0108
497.07108	933.79968
497.1232	931.13562
497.17529	940.21893
497.22742	941.19781
497.27951	938.08044
497.3316	934.85089
497.38373	934.17871
497.43582	933.44482
497.48795	931.43024
497.54004	935.4986
497.59213	940.10004
497.64426	937.22791
497.69635	940.36066
497.74847	936.76385
497.80057	933.23535
497.85269	935.22186
497.90479	932.9469
497.95688	936.00171
498.009	935.04279
498.0611	931.10065
498.11322	934.60944
498.16531	935.74048
498.21741	930.50165
498.26953	934.73792
498.32162	941.48248
498.37375	937.7464
498.42584	939.05933
498.47794	938.75952
498.53006	935.97968
498.58215	937.4751
498.63428	936.54004
498.68637	933.74548
498.73849	927.08569
498.79059	928.89386
498.84268	934.52612
498.89481	937.08374
498.9469	938.8468
498.99902	936.43304
499.05112	932.51849
499.10321	934.10455
499.15533	933.38531
499.20743	936.95422
499.25955	932.81952
499.31165	932.46149
499.36377	944.6474
499.41586	944.19281
499.46796	937.77362
499.52008	933.28583
499.57217	935.67816
499.6243	936.77185
499.67639	936.54468
499.72849	932.30719
499.78061	932.229
499.8327	935.46033
499.88483	931.43878
499.93692	932.39886
499.98904	932.83734
500.04114	932.42017
500.09323	934.91614
500.14536	931.32202
500.19745	928.55072
500.24957	932.66272
500.30167	939.69238
500.35376	933.08032
500.40588	933.4007
500.45798	930.43372
500.5101	932.0304
500.56219	940.71423
500.61432	944.31671
500.66641	947.27625
500.71851	934.7182
500.77063	939.00049
500.82272	932.63599
500.87485	944.24182
500.92694	938.87354
500.97903	935.80811
501.03116	940.41119
501.08325	937.97076
501.13538	937.18585
501.18747	927.55554
501.23959	934.46326
501.29169	940.85529
501.34378	937.84735
501.3959	943.22455
501.448	940.33344
501.50012	940.72095
501.55222	938.78107
501.60431	941.05719
501.65643	939.72253
501.70853	933.5166
501.76065	931.68402
501.81274	931.08594
501.86487	929.64539
501.91696	934.46228
501.96906	938.09265
502.02118	932.64258
502.07327	934.97229
502.1254	943.65149
502.17749	938.76971
502.22958	932.65375
502.28171	930.91406
502.3338	942.0835
502.38593	932.12115
502.43802	932.96857
502.49011	947.11298
502.54224	940.80457
502.59433	936.97192
502.64645	936.54205
502.69855	941.22089
502.75067	937.81598
502.80276	935.29358
502.85486	934.91595
502.90698	943.92633
502.95908	942.00641
503.0112	938.47809
503.06329	934.50818
503.11539	938.30762
503.16751	938.7998
503.2196	935.72571
503.27173	937.80493
503.32382	939.13208
503.37595	938.07684
503.42804	933.85889
503.48013	939.70416
503.53226	943.50592
503.58435	943.7998
503.63647	942.65686
503.68857	936.83057
503.74066	934.50702
503.79279	940.42529
503.84488	945.65271
503.897	939.23383
503.9491	930.97443
504.00122	936.9585
504.05331	941.8194
504.10541	939.15314
504.15753	939.04053
504.20963	941.21057
504.26175	942.8891
504.31384	940.00909
504.36594	941.27502
504.41806	941.54663
504.47015	940.25482
504.52228	939.09552
504.57437	940.15167
504.6265	941.36407
504.67859	937.59204
504.73068	937.48163
504.78281	938.03979
504.8349	942.33466
504.88702	946.12665
504.93912	939.60693
504.99121	938.82269
505.04333	939.09442
505.09543	938.96283
505.14755	945.4317
505.19965	942.08508
505.25177	941.26318
505.30386	937.76215
505.35596	930.17822
505.40808	931.02203
505.46017	940.08685
505.5123	938.37646
505.56439	937.7597
505.61649	944.33893
505.66861	938.7901
505.7207	934.02173
505.77283	939.59363
505.82492	946.65546
505.87701	942.3913
505.92914	939.08673
505.98123	942.07544
506.03336	941.86542
506.08545	942.11597
506.13757	940.60663
506.18967	946.07745
506.24176	939.14966
506.29388	941.71533
506.34598	945.3924
506.3981	951.2384
506.4502	945.78113
506.50229	948.42395
506.55441	946.00195
506.60651	945.57434
506.65863	938.40082
506.71072	934.06915
506.76285	937.17572
506.81494	940.57751
506.86703	936.31989
506.91916	946.87866
506.97125	942.82086
507.02338	937.04321
507.07547	938.362
507.12756	941.46552
507.17969	942.23407
507.23178	941.10083
507.28391	936.80402
507.336	940.93738
507.38812	939.02118
507.44022	942.51019
507.49231	945.8963
507.54443	943.18878
507.59653	938.93341
507.64865	943.66724
507.70074	938.76196
507.75284	943.59692
507.80496	946.211
507.85706	941.2677
507.90918	938.07373
507.96127	945.7262
508.0134	940.79987
508.06549	941.27075
508.11758	942.72821
508.16971	947.65479
508.2218	952.58661
508.27393	948.23914
508.32602	943.74048
508.37811	942.12921
508.43024	950.16461
508.48233	943.87122
508.53445	942.53729
508.58655	941.51239
508.63867	944.19629
508.69077	941.62463
508.74286	935.41821
508.79498	937.99036
508.84708	945.92938
508.8992	931.15454
508.95129	939.84363
509.00339	940.31683
509.05551	939.7276
509.1076	944.81238
509.15973	942.6015
509.21182	937.39636
509.26395	945.38428
509.31604	946.58759
509.36813	936.53113
509.42026	941.01666
509.47235	939.15204
509.52448	949.68768
509.57657	945.54285
509.62866	950.95929
509.68079	943.73438
509.73288	947.88092
509.785	939.67371
509.8371	938.22223
509.88919	945.86865
509.94131	944.36621
509.99341	946.4494
510.04553	946.45581
510.09763	944.20349
510.14975	935.8927
510.20184	936.19934
510.25394	948.10382
510.30606	945.36261
510.35815	942.37457
510.41028	947.17487
510.46237	945.21014
510.51447	944.29498
510.56659	948.76868
510.61868	945.74176
510.67081	948.10968
510.7229	956.17749
510.77502	951.7265
510.82712	951.09076
510.87921	951.48492
510.93134	956.13354
510.98343	950.25372
511.03555	948.73047
511.08765	947.81689
511.13974	948.97705
511.19186	955.19965
511.24396	948.51898
511.29608	948.71558
511.34818	949.50793
511.4003	947.64923
511.45239	945.65686
511.50449	948.66827
511.55661	952.06451
511.6087	955.40442
511.66083	951.41364
511.71292	951.86798
511.76501	957.23383
511.81714	958.53741
511.86923	956.43512
511.92136	950.19226
511.97345	948.88605
512.02557	950.57233
512.07764	953.26202
512.12976	957.38348
512.18188	958.8811
512.23401	956.09796
512.28607	953.35846
512.3382	949.90192
512.39032	953.32361
512.44238	956.74249
512.49451	954.76062
512.54663	955.70813
512.59875	956.56793
512.65082	955.99799
512.70294	944.4505
512.75507	948.46814
512.80713	950.08459
512.85925	946.92828
512.91138	950.435
512.9635	958.08862
513.01556	963.22797
513.06769	959.06091
513.11981	955.80139
513.17188	955.56708
513.224	951.64728
513.27612	964.26196
513.32819	962.85132
513.38031	959.71832
513.43243	961.96802
513.48456	956.39948
513.53662	960.17676
513.58875	957.65118
513.64087	961.0401
513.69293	958.57965
513.74506	957.55426
513.79718	958.1131
513.8493	960.85889
513.90137	957.09851
513.95349	954.79816
514.00562	961.50201
514.05768	969.23444
514.1098	960.95923
514.16193	966.6709
514.21399	971.50177
514.26611	974.698
514.31824	971.36432
514.37036	961.58044
514.42242	958.65417
514.47455	969.46918
514.52667	963.85028
514.57874	957.58698
514.63086	961.4527
514.68298	963.8382
514.73511	973.66901
514.78717	979.65234
514.83929	971.36298
514.89142	992.72906
514.94348	982.89886
514.99561	978.37054
515.04773	980.53607
515.09985	980.93982
515.15192	985.08905
515.20404	987.98004
515.25616	966.71716
515.30823	985.38361
515.36035	990.8468
515.41248	991.06702
515.46454	994.51404
515.51666	997.08429
515.56879	988.112
515.62091	1011.8988
515.67297	1006.5166
515.7251	1014.7885
515.77722	1019.274
515.82928	1025.3718
515.88141	1038.4191
515.93353	1060.233
515.98566	1078.6133
516.03772	1100.9359
516.08984	1097.4259
516.14197	1121.5787
516.19403	1161.1598
516.24615	1195.5103
516.29828	1189.4846
516.3504	1209.9838
516.40247	1224.6116
516.45459	1226.6145
516.50671	1238.4927
516.55878	1233.9459
516.6109	1260.2327
516.66302	1261.5935
516.71509	1263.3741
516.76721	1280.9282
516.81934	1300.2352
516.87146	1288.7916
516.92352	1278.8489
516.97565	1281.8926
517.02777	1269.004
517.07983	1272.6034
517.13196	1222.4249
517.18408	1207.8346
517.23621	1220.5604
517.28827	1228.6957
517.34039	1217.2621
517.39252	1199.8486
517.44458	1214.769
517.4967	1210.9402
517.54883	1211.1841
517.60089	1206.5364
517.65302	1232.1016
517.70514	1260.7085
517.75726	1259.4291
517.80933	1246.229
517.86145	1271.6343
517.91357	1277.6146
517.96564	1301.6372
518.01776	1309.0186
518.06989	1333.2
518.12201	1355.5493
518.17407	1354.0413
518.2262	1370.6718
518.27832	1358.9167
518.33038	1378.7986
518.38251	1399.3656
518.43463	1415.9844
518.48676	1414.9845
518.53882	1403.1488
518.59094	1395.0824
518.64307	1415.1019
518.69513	1401.5311
518.74725	1410.9006
518.79938	1427.4739
518.85144	1441.5968
518.90356	1433.1776
518.95569	1473.7311
519.00781	1505.4171
519.05988	1532.8649
519.112	1563.651
519.16412	1572.5573
519.21619	1580.8203
519.26831	1599.3918
519.32043	1636.1604
519.37256	1660.0535
519.42462	1668.8026
519.47675	1685.1233
519.52887	1701.075
519.58093	1713.4753
519.63306	1731.6729
519.68518	1779.1831
519.7373	1834.3221
519.78937	1867.2227
519.84149	1910.2261
519.89362	1969.9144
519.94568	2031.9413
519.9978	2055.106
520.04993	2042.8755
520.10199	2046.9797
520.15411	2045.9351
520.20624	2071.532
520.25836	2066.9717
520.31042	2027.1219
520.36255	1983.4551
520.41467	1941.774
520.46674	1917.4343
520.51886	1892.2177
520.57098	1840.4036
520.62311	1772.118
520.67517	1747.927
520.72729	1722.6765
520.77942	1653.3384
520.83148	1623.7996
520.88361	1614.4417
520.93573	1615.941
520.98785	1620.5648
521.03992	1615.0406
521.09204	1622.2759
521.14417	1600.2051
521.19623	1616.8503
521.24835	1663.0056
521.30048	1673.6753
521.35254	1662.2014
521.40466	1624.6278
521.45679	1598.7938
521.50891	1616.8079
521.56097	1616.5084
521.6131	1590.9425
521.66522	1532.4786
521.71729	1502.9785
521.76941	1490.4004
521.82153	1468.1071
521.87366	1443.6432
521.92572	1442.7499
521.97784	1432.7013
522.02997	1434.9083
522.08203	1462.7347
522.13416	1492.0161
522.18628	1501.261
522.23834	1492.4811
522.29047	1497.0403
522.34259	1515.9719
522.39471	1536.1344
522.44678	1567.5951
522.4989	1600.0936
522.55103	1584.4034
522.60309	1595.6415
522.65521	1606.1984
522.70734	1646.015
522.75946	1637.0839
522.81152	1622.5591
522.86365	1644.4517
522.91577	1634.9993
522.96783	1611.5897
523.01996	1613.9882
523.07208	1614.1337
523.12421	1613.0507
523.17627	1605.5479
523.22839	1568.1355
523.28052	1537.923
523.33258	1553.8093
523.3847	1535.9354
523.43683	1555.3643
523.48889	1530.4354
523.54102	1515.4399
523.59314	1520.9523
523.64526	1558.3552
523.69733	1543.2211
523.74945	1530.9272
523.80157	1512.9924
523.85364	1556.7335
523.90576	1522.2762
523.95789	1504.2399
524.01001	1540.1166
524.06207	1513.2711
524.1142	1515.6039
524.16632	1504.9821
524.21838	1516.2748
524.27051	1506.246
524.32263	1517.9446
524.37476	1494.7689
524.42682	1505.3846
524.47894	1479.6019
524.53107	1488.2609
524.58313	1461.8596
524.63525	1470.1285
524.68738	1475.4246
524.73944	1456.1824
524.79156	1494.6385
524.84369	1439.1069
524.89581	1441.3346
524.94788	1459.0698
525	1454.5562
525.05212	1452.8927
525.10419	1474.6166
525.15631	1466.4617
525.20844	1467.8486
525.26056	1478.0396
525.31262	1477.0551
525.36475	1510.4771
525.41687	1506.1611
525.46893	1502.8962
525.52106	1474.7827
525.57318	1478.6725
525.62524	1522.9255
525.67737	1498.8853
525.72949	1495.137
525.78162	1520.9357
525.83368	1516.5671
525.8858	1471.8105
525.93793	1503.2262
525.98999	1493.9436
526.04211	1523.2842
526.09424	1553.5806
526.14636	1524.2214
526.19843	1500.7917
526.25055	1516.6986
526.30267	1538.5359
526.35474	1567.8265
526.40686	1587.3442
526.45898	1576.8628
526.51111	1603.8953
526.56317	1614.2767
526.6153	1629.0261
526.66742	1685.3118
526.71948	1645.303
526.77161	1700.6454
526.82373	1693.4382
526.87579	1738.2699
526.92792	1750.2529
526.98004	1758.777
527.03217	1748.0865
527.08423	1782.5587
527.13635	1762.5756
527.18848	1798.4203
527.24054	1795.6992
527.29266	1843.4937
527.34479	1821.2842
527.39691	1788.7334
527.44897	1823.777
527.5011	1829.7905
527.55322	1858.0726
527.60529	1831.2299
527.65741	1834.4722
527.70953	1811.1844
527.76166	1815.2844
527.81372	1797.5641
527.86584	1813.4406
527.91797	1811.9253
527.97003	1795.2982
528.02216	1767.8733
528.07428	1784.9388
528.12634	1791.1628
528.17847	1761.6332
528.23059	1775.7964
528.28271	1751.9331
528.33478	1747.3262
528.3869	1740.8348
528.43903	1772.8271
528.49109	1762.2528
528.54321	1746.9308
528.59534	1729.7009
528.64746	1738.8478
528.69952	1760.2975
528.75165	1741.0957
528.80377	1739.5975
528.85583	1703.3667
528.90796	1675.4763
528.96008	1694.5942
529.01215	1674.0929
529.06427	1657.2103
529.11639	1640.5769
529.16852	1646.8954
529.22058	1615.8271
529.27271	1604.2816
529.32483	1619.0807
529.37689	1574.0031
529.42902	1562.717
529.48114	1561.6798
529.53326	1528.7294
529.58533	1519.9607
529.63745	1480.1476
529.68958	1472.6428
529.74164	1462.3721
529.79376	1450.7148
529.84589	1454.2168
529.89801	1418.4384
529.95007	1404.9473
530.0022	1406.9081
530.05432	1373.8303
530.10638	1367.6658
530.15851	1372.993
530.21063	1373.8586
530.2627	1349.2025
530.31482	1352.0916
530.36694	1327.0159
530.41907	1330.1563
530.47113	1312.7214
530.52325	1318.2351
530.57538	1324.2839
530.62744	1290.3207
530.67957	1277.0684
530.73169	1292.4329
530.78381	1273.8365
530.83588	1270.9584
530.888	1274.8209
530.94012	1264.8455
530.99219	1254.407
531.04431	1253.9167
531.09644	1257.554
531.14856	1247.0586
531.20062	1232.0651
531.25275	1206.2156
531.30487	1197.751
531.35693	1203.8889
531.40906	1202.738
531.46118	1205.2025
531.51324	1196.1686
531.56537	1195.8219
531.61749	1199.6012
531.66962	1193.8718
531.72168	1180.8875
531.7738	1179.7577
531.82593	1167.135
531.87799	1155.8494
531.93011	1146.1891
531.98224	1118.9728
532.03436	1116.6611
532.08643	1135.479
532.13855	1135.2749
532.19067	1131.0785
532.24274	1130.9993
532.29486	1128.4131
532.34698	1123.7167
532.39911	1117.1503
532.45117	1117.0363
532.5033	1104.3927
532.55542	1096.0275
532.60748	1104.0129
532.65961	1109.4919
532.71173	1103.3423
532.76379	1107.465
532.81592	1106.9884
532.86804	1108.2456
532.92017	1105.7159
532.97223	1104.5499
533.02435	1103.3347
533.07648	1086.4194
533.12854	1089.0562
533.18066	1096.53
533.23279	1086.2061
533.28491	1085.7751
533.33698	1099.6976
533.3891	1098.0109
533.44122	1098.5229
533.49329	1100.7582
533.54541	1084.8373
533.59753	1085.9425
533.6496	1088.3845
533.70172	1078.2675
533.75385	1087.2094
533.80597	1097.6825
533.85803	1094.3693
533.91016	1086.4243
533.96228	1084.1339
534.01434	1085.2179
534.06647	1082.3392
534.11859	1083.083
534.17072	1086.0906
534.22278	1087.8789
534.2749	1092.6326
534.32703	1100.9636
534.37909	1104.6156
534.43121	1110.2036
534.48334	1108.6515
534.53546	1098.2516
534.58752	1105.5715
534.63965	1110.9746
534.69177	1107.5902
534.74384	1106.5345
534.79596	1103.3293
534.84808	1098.6733
534.90015	1104.6669
534.95227	1108.1025
535.00439	1099.8156
535.05652	1102.9902
535.10858	1111.3888
535.16071	1117.1261
535.21283	1127.5612
535.26489	1120.7449
535.31702	1114.8163
535.36914	1119.4891
535.42126	1125.5453
535.47333	1131.7291
535.52545	1145.874
535.57758	1133.5833
535.62964	1157.2417
535.68176	1163.0558
535.73389	1148.66
535.78601	1159.9414
535.83807	1160.9039
535.8902	1177.3082
535.94232	1172.8657
535.99438	1173.1477
536.04651	1171.2202
536.09863	1188.3074
536.1507	1200.3134
536.20282	1195.1509
536.25494	1204.9388
536.30707	1199.0096
536.35913	1214.8964
536.41125	1239.2228
536.46338	1230.0758
536.51544	1229.2352
536.56757	1227.9144
536.61969	1244.8925
536.67181	1266.24
536.72388	1299.3822
536.776	1304.0297
536.82813	1298.5327
536.88019	1315.4897
536.93231	1313.8137
536.98444	1337.9863
537.0365	1368.0387
537.08862	1373.9591
537.14075	1400.3981
537.19287	1414.9341
537.24493	1435.7939
537.29706	1467.7319
537.34918	1509.015
537.40125	1559.3477
537.45337	1574.6924
537.50549	1620.2201
537.55762	1696.0979
537.60968	1733.3134
537.6618	1803.3754
537.71393	1869.2527
537.76599	1969.0056
537.81812	2123.9705
537.87024	2232.7878
537.92236	2378.5117
537.97443	2531.0437
538.02655	2755.8499
538.07867	2951.3743
538.13074	3108.2056
538.18286	3362.3279
538.23499	3576.3394
538.28705	3713.3623
538.33917	3882.6936
538.3913	4053.4077
538.44342	4188.7368
538.49548	4355.5742
538.54761	4463.5127
538.59973	4534.3022
538.65179	4616.8315
538.70392	4628.4541
538.75604	4649.832
538.80817	4716.2266
538.86023	4728.8105
538.91235	4771.7065
538.96448	4734.9639
539.01654	4715.5063
539.06866	4677.0415
539.12079	4553.8442
539.17291	4492.2759
539.22498	4399.0225
539.2771	4235.8125
539.32922	4147.498
539.38129	4118.2153
539.43341	4106.5073
539.48553	4163.1299
539.5376	4142.5352
539.58972	4151.0093
539.64185	4111.6523
539.69397	4119.104
539.74603	4143.5586
539.79816	4148.9658
539.85028	4126.1484
539.90234	4126.8159
539.95447	4192.8882
540.00659	4203.4282
540.05872	4332.5249
540.11078	4335.585
540.1629	4369.1685
540.21503	4459.3115
540.26709	4618.0083
540.31921	4663.0859
540.37134	4683.5264
540.4234	4724.1382
540.47552	4759.6143
540.52765	4773.2085
540.57977	4705.5537
540.63184	4616.9438
540.68396	4457.5454
540.73608	4318.998
540.78815	4097.9922
540.84027	3941.6619
540.8924	3729.6155
540.94452	3553.8862
540.99658	3411.5303
541.04871	3324.9668
541.10083	3253.8804
541.15289	3293.6316
541.20502	3302.2681
541.25714	3330.7632
541.30927	3448.147
541.36133	3533.8118
541.41345	3620.8789
541.46558	3700.1897
541.51764	3780.5625
541.56976	3869.8713
541.62189	3920.4177
541.67395	3846.9863
541.72607	3851.9177
541.7782	3860.2729
541.83032	3706.2739
541.88239	3585.4495
541.93451	3594.6809
541.98663	3451.844
542.0387	3364.5298
542.09082	3344.6721
542.14294	3194.9263
542.19507	3094.0278
542.24713	2979.3799
542.29926	2903.3364
542.35138	2806.853
542.40344	2744.1694
542.45557	2663.1118
542.50769	2622.6003
542.55981	2602.4292
542.61188	2577.0176
542.664	2544.2803
542.71613	2541.6008
542.76819	2526.7883
542.82031	2462.4204
542.87244	2476.4026
542.9245	2447.6099
542.97662	2438.8953
543.02875	2422.1465
543.08087	2408.7009
543.13293	2409.0684
543.18506	2404.2468
543.23718	2392.9873
543.28925	2387.2068
543.34137	2402.7356
543.39349	2435.8445
543.44562	2425.8005
543.49768	2443.9563
543.5498	2466.9473
543.60193	2497.0049
543.65399	2519.2935
543.70612	2548.8982
543.75824	2561.7175
543.81036	2569.6533
543.86243	2603.7456
543.91455	2626.6436
543.96667	2659.9368
544.01874	2668.1877
544.07086	2749.3257
544.12299	2721.4661
544.17505	2812.0598
544.22717	2875.0327
544.2793	2955.0442
544.33142	3024.2302
544.38348	3091.6201
544.43561	3153.4934
544.48773	3248.968
544.53979	3290.6003
544.59192	3277.2585
544.64404	3326.3398
544.69617	3369.1038
544.74823	3344.5525
544.80035	3347.1929
544.85248	3362.2493
544.90454	3365.2122
544.95667	3368.3713
545.00879	3272.0681
545.06085	3253.7971
545.11298	3213.3679
545.1651	3189.5522
545.21722	3153.1885
545.26929	3080.3435
545.32141	3083.8735
545.37354	3096.833
545.4256	3043.979
545.47772	3067.5027
545.52985	3025.303
545.58197	3019.5425
545.63403	2977.3818
545.68616	2978.7903
545.73828	2977.3188
545.79034	2896.2234
545.84247	2834.2112
545.89459	2755.6628
545.94672	2714.8716
545.99878	2690.2573
546.0509	2626.5903
546.10303	2626.1646
546.15509	2565.4309
546.20721	2546.3894
546.25934	2480.1426
546.3114	2467.8657
546.36353	2482.6912
546.41565	2440.3464
546.46777	2430.1108
546.51984	2410.6863
546.57196	2441.6875
546.62408	2386.897
546.67615	2425.4734
546.72827	2426.4336
546.7804	2418.4402
546.83252	2434.2095
546.88458	2378.6096
546.93671	2406.2578
546.98883	2387.7295
547.04089	2356.6384
547.09302	2388.0703
547.14514	2447.3914
547.19727	2413.729
547.24933	2424.9573
547.30145	2407.0908
547.35358	2399.8992
547.40564	2380.2576
547.45776	2402.3052
547.50989	2433.1821
547.56195	2388.2405
547.61407	2457.0247
547.6662	2490.7734
547.71832	2473.26
547.77039	2484.853
547.82251	2495.6899
547.87463	2473.3765
547.9267	2475.5696
547.97882	2495.2017
548.03094	2516.5828
548.08307	2545.4097
548.13513	2607.9717
548.18726	2593.4614
548.23938	2606.3855
548.29144	2663.499
548.34357	2727.9944
548.39569	2722.4773
548.44775	2765.1172
548.49988	2748.0439
548.552	2755.8113
548.60413	2885.2085
548.65619	2875.9243
548.70831	2957.2202
548.76044	2940.4998
548.8125	2973.3416
548.86462	3000.7891
548.91675	3009.4548
548.96887	3067.7717
549.02094	3088.3301
549.07306	3149.345
549.12518	3092.8369
549.17725	3180.6851
549.22937	3223.9517
549.28149	3248.7046
549.33362	3234.3584
549.38568	3228.6074
549.43781	3181.8914
549.48993	3139.5327
549.54199	3167.1028
549.59412	3153.2844
549.64624	3156.4636
549.6983	3100.2578
549.75043	3089.2844
549.80255	3011.4927
549.85468	2987.5977
549.90674	2972.5669
549.95886	2935.3574
550.01099	2887.9907
550.06305	2829.825
550.11517	2791.3127
550.1673	2768.0164
550.21942	2700.0862
550.27148	2687.6917
550.32361	2660.7732
550.37573	2595.3594
550.4278	2573.7529
550.47992	2507.0298
550.53204	2479.1821
550.58417	2430.7734
550.63623	2395.4868
550.68835	2364.7246
550.74048	2322.8975
550.79254	2307.8196
550.84467	2270.3584
550.89679	2250.3938
550.94885	2199.7092
551.00098	2160.5566
551.0531	2146.1633
551.10522	2147.3677
551.15729	2139.2844
551.20941	2111.3975
551.26154	2085.967
551.3136	2053.9524
551.36572	2022.1278
551.41785	2008.1172
551.46997	1995.7566
551.52203	1991.5134
551.57416	1986.8483
551.62628	1952.1978
551.67834	1927.5613
551.73047	1906.8055
551.78259	1909.7555
551.83466	1918.4592
551.88678	1892.2174
551.9389	1836.8444
551.99103	1808.1045
552.04309	1810.4456
552.09521	1814.9913
552.14734	1800.8732
552.1994	1781.2485
552.25153	1794.3281
552.30365	1759.848
552.35577	1726.903
552.40784	1742.2844
552.45996	1735.0177
552.51208	1719.839
552.56415	1705.1566
552.61627	1699.2202
552.6684	1682.7029
552.72052	1664.8289
552.77258	1649.1875
552.82471	1637.4044
552.87683	1624.9392
552.92889	1600.5677
552.98102	1617.5663
553.03314	1629.4078
553.08521	1603.3873
553.13733	1567.632
553.18945	1544.3118
553.24158	1536.8198
553.29364	1526.6503
553.34576	1513.0559
553.39789	1512.6949
553.44995	1512.08
553.50208	1491.7979
553.5542	1481.2697
553.60632	1472.3035
553.65839	1475.4512
553.71051	1468.0165
553.76263	1451.3147
553.8147	1434.6646
553.86682	1423.925
553.91895	1404.7668
553.97107	1405.4313
554.02313	1409.6567
554.07526	1405.9391
554.12738	1405.3026
554.17944	1387.1133
554.23157	1377.2384
554.28369	1372.1699
554.33575	1356.0288
554.38788	1337.8866
554.44	1342.6166
554.49213	1348.1338
554.54419	1332.9888
554.59631	1312.3345
554.64844	1316.4697
554.7005	1313.3865
554.75262	1295.8518
554.80475	1289.907
554.85687	1303.7683
554.90894	1309.0823
554.96106	1308.3572
555.01318	1291.1912
555.06525	1284.0858
555.11737	1292.0824
555.16949	1281.0238
555.22162	1280.4231
555.27368	1279.7568
555.32581	1286.1267
555.37793	1306.3965
555.42999	1279.6205
555.48212	1272.6779
555.53424	1275.1639
555.5863	1278.672
555.63843	1287.6906
555.69055	1284.7324
555.74268	1289.3903
555.79474	1277.6129
555.84686	1270.1344
555.89899	1280.8057
555.95105	1271.288
556.00317	1265.1385
556.0553	1265.8162
556.10742	1247.118
556.15948	1262.6655
556.21161	1254.3484
556.26373	1248.2533
556.3158	1248.4451
556.36792	1215.6021
556.42004	1215.8733
556.47211	1203.7205
556.52423	1187.2976
556.57635	1185.7712
556.62848	1186.7837
556.68054	1179.0137
556.73267	1182.0829
556.78479	1173.1366
556.83685	1166.5704
556.88898	1171.859
556.9411	1167.2109
556.99323	1161.9182
557.04529	1175.0752
557.09741	1157.7477
557.14954	1158.5139
557.2016	1170.6228
557.25372	1143.1085
557.30585	1149.4135
557.35797	1149.1975
557.41003	1143.3369
557.46216	1145.2509
557.51428	1149.38
557.56635	1150.76
557.61847	1137.9274
557.67059	1133.9476
557.72266	1116.5884
557.77478	1126.9391
557.8269	1121.7375
557.87903	1118.2141
557.93109	1115.5305
557.98322	1116.0713
558.03534	1110.4658
558.0874	1113.6957
558.13953	1103.8292
558.19165	1096.3334
558.24377	1096.8208
558.29584	1092.4003
558.34796	1111.5544
558.40009	1091.1251
558.45215	1109.9518
558.50427	1108.9861
558.5564	1098.8821
558.60852	1099.9728
558.66058	1103.2211
558.71271	1086.4012
558.76483	1083.7421
558.81689	1084.7676
558.86902	1088.7485
558.92114	1075.4208
558.97321	1069.0092
559.02533	1067.4406
559.07745	1058.1063
559.12958	1073.6849
559.18164	1060.0428
559.23376	1062.053
559.28589	1068.9855
559.33795	1058.5031
559.39008	1061.2788
559.4422	1067.5176
559.49432	1063.4106
559.54639	1052.1748
559.59851	1058.9824
559.65063	1049.205
559.7027	1066.9771
559.75482	1056.0526
559.80695	1056.0906
559.85901	1056.4745
559.91113	1035.5649
559.96326	1049.2998
560.01538	1046.0897
560.06744	1038.899
560.11957	1053.7028
560.17169	1034.9722
560.22375	1041.0546
560.27588	1033.8232
560.328	1038.2047
560.38013	1039.114
560.43219	1037.1477
560.48431	1039.0831
560.53644	1039.0649
560.5885	1040.5498
560.64063	1044.9039
560.69275	1028.4534
560.74487	1030.4144
560.79694	1032.8739
560.84906	1035.8307
560.90118	1044.7375
560.95325	1044.2872
561.00537	1043.755
561.0575	1030.9309
561.10956	1029.6991
561.16168	1041.3973
561.21381	1034.7784
561.26593	1038.9624
561.31799	1023.0231
561.37012	1023.966
561.42224	1026.8771
561.4743	1030.8031
561.52643	1027.5471
561.57855	1039.3655
561.63068	1025.5022
561.68274	1029.58
561.73486	1020.7454
561.78699	1017.3972
561.83905	1030.4651
561.89117	1025.5139
561.9433	1024.2031
561.99542	1023.1712
562.04749	1030.1061
562.09961	1022.6009
562.15173	1029.4647
562.2038	1019.2797
562.25592	1024.4728
562.30804	1023.0599
562.36011	1011.3483
562.41223	1026.454
562.46436	1022.7599
562.51648	1021.3603
562.56854	1024.4404
562.62067	1021.975
562.67279	1023.0379
562.72485	1019.514
562.77698	1014.5864
562.8291	1021.7385
562.88123	1018.0409
562.93329	1014.8151
562.98541	1006.8683
563.03754	1014.4254
563.0896	1011.8446
563.14172	1017.1515
563.19385	1024.9312
563.24597	1015.6434
563.29803	1016.919
563.35016	1010.2029
563.40228	1018.4235
563.45435	1010.0433
563.50647	1026.5494
563.55859	1005.148
563.61066	1004.1801
563.66278	1006.7055
563.7149	1011.7637
563.76703	1009.4512
563.81909	1001.6179
563.87122	1014.5709
563.92334	1017.7273
563.9754	1003.3118
564.02753	1003.3616
564.07965	1018.2238
564.13177	1017.7664
564.18384	1011.7035
564.23596	1011.5136
564.28809	1002.7963
564.34015	1005.7231
564.39227	1000.2788
564.4444	1003.634
564.49646	1007.4222
564.54858	1011.712
564.60071	1011.1891
564.65283	999.29846
564.7049	1010.501
564.75702	1003.8516
564.80914	1011.2545
564.86121	1002.6022
564.91333	996.95807
564.96545	1001.5064
565.01758	1006.3323
565.06964	998.18817
565.12177	1003.4041
565.17389	996.16479
565.22595	990.3988
565.27808	1000.3789
565.3302	994.93036
565.38232	1000.9491
565.43439	991.2948
565.48651	990.36145
565.53864	998.79388
565.5907	998.01672
565.64282	998.05707
565.69495	991.8985
565.74701	998.48218
565.79913	1003.0254
565.85126	993.41449
565.90338	985.49847
565.95544	996.19586
566.00757	993.67664
566.05969	990.04938
566.11176	994.90173
566.16388	990.99976
566.216	997.13574
566.26813	991.63629
566.32019	989.32813
566.37231	997.74652
566.42444	998.72742
566.4765	987.89563
566.52863	990.04071
566.58075	1006.5255
566.63287	992.86798
566.68494	987.47308
566.73706	990.2121
566.78918	981.95135
566.84125	989.18195
566.89337	993.96405
566.9455	998.55389
566.99756	988.65662
567.04968	993.45538
567.10181	988.86499
567.15393	983.68597
567.20599	987.95917
567.25812	992.69055
567.31024	985.92145
567.3623	981.31146
567.41443	993.52069
567.46655	1003.6063
567.51868	993.81421
567.57074	989.5235
567.62286	994.61444
567.67499	997.18701
567.72705	990.86145
567.77917	990.57196
567.8313	984.45856
567.88336	982.90912
567.93549	996.66443
567.98761	984.80011
568.03973	988.66144
568.0918	987.65894
568.14392	984.93695
568.19604	984.62115
568.24811	994.24158
568.30023	1005.1901
568.35236	991.64252
568.40448	991.73743
568.45654	987.70953
568.50867	992.0072
568.56079	993.11841
568.61285	987.76587
568.66498	990.39661
568.7171	988.76837
568.76923	990.41284
568.82129	979.10406
568.87341	985.92322
568.92554	994.64484
568.9776	993.32831
569.02972	992.08466
569.08185	988.23175
569.13391	990.67999
569.18604	983.82684
569.23816	980.29608
569.29028	989.04663
569.34235	991.16052
569.39447	985.87994
569.44659	984.15955
569.49866	988.39587
569.55078	990.24945
569.60291	985.08875
569.65503	979.61121
569.70709	986.3205
569.75922	983.99298
569.81134	981.76086
569.8634	985.43628
569.91553	984.64563
569.96765	984.8327
570.01978	985.78522
570.07184	975.80554
570.12396	990.71625
570.17609	997.32458
570.22815	980.72638
570.28027	976.62915
570.3324	982.59302
570.38446	990.0567
570.43658	986.34448
570.48871	986.47644
570.54083	985.78497
570.5929	982.58606
570.64502	980.21912
570.69714	981.16779
570.74921	986.27655
570.80133	987.78424
570.85345	980.15753
570.90558	986.91656
570.95764	987.08356
571.00977	989.56519
571.06189	982.42993
571.11395	978.55426
571.16608	983.79242
571.2182	981.60193
571.27026	969.02496
571.32239	965.2406
571.37451	982.03339
571.42664	988.26538
571.4787	972.7038
571.53082	982.50183
571.58295	990.32086
571.63501	981.96466
571.68713	982.72369
571.73926	979.52557
571.79138	984.70361
571.84344	986.37286
571.89557	981.52075
571.94769	985.17816
571.99976	979.8205
572.05188	971.61017
572.104	980.19037
572.15613	976.45654
572.20819	996.31982
572.26031	991.00897
572.31244	979.33356
572.3645	983.08954
572.41663	980.94312
572.46875	979.3269
572.52081	982.70203
572.57294	977.94464
572.62506	972.04639
572.67719	981.8432
572.72925	976.16162
572.78137	972.33813
572.8335	980.46851
572.88556	985.68561
572.93768	981.19421
572.98981	981.19342
573.04193	980.48059
573.09399	981.17542
573.14612	978.34161
573.19824	978.73547
573.25031	980.05426
573.30243	983.92322
573.35455	982.84485
573.40668	975.1145
573.45874	983.66425
573.51086	981.91608
573.56299	979.17651
573.61505	980.94769
573.66718	984.54651
573.7193	984.06268
573.77136	979.71747
573.82349	985.5058
573.87561	985.59076
573.92773	978.55963
573.9798	971.21625
574.03192	971.48651
574.08405	978.94623
574.13611	976.99994
574.18823	972.83087
574.24036	975.34564
574.29248	984.35583
574.34454	988.66492
574.39667	977.44073
574.44879	974.6366
574.50085	974.58014
574.55298	973.03076
574.6051	969.89557
574.65723	968.58435
574.70929	971.72382
574.76141	970.91473
574.81354	974.0141
574.8656	978.06909
574.91772	981.89337
574.96985	981.59308
575.02191	982.08881
575.07404	983.50531
575.12616	984.28119
575.17828	990.81744
575.23035	982.51868
575.28247	982.80389
575.33459	989.69464
575.38666	986.354
575.43878	984.07904
575.49091	977.0022
575.54303	973.01251
575.59509	977.38055
575.64722	974.5661
575.69934	973.76917
575.7514	980.82764
575.80353	980.51611
575.85565	976.33655
575.90771	972.68378
575.95984	971.74402
576.01196	976.73328
576.06409	975.22577
576.11615	972.83423
576.16827	973.9198
576.2204	979.41052
576.27246	975.61017
576.32458	975.10828
576.37671	976.7381
576.42883	984.37885
576.4809	975.03656
576.53302	967.49701
576.58514	977.83643
576.63721	988.02863
576.68933	979.18146
576.74146	974.91418
576.79358	979.69275
576.84564	985.59094
576.89777	980.56732
576.94989	974.74585
577.00195	972.4007
577.05408	976.70679
577.1062	974.59912
577.15826	977.2663
577.21039	980.50946
577.26251	973.43665
577.31464	969.56537
577.3667	969.4082
577.41882	974.49158
577.47095	977.96539
577.52301	977.80743
577.57513	984.14838
577.62726	977.11377
577.67938	980.21375
577.73145	978.78314
577.78357	971.94641
577.83569	976.05957
577.88776	980.32532
577.93988	978.65601
577.992	964.75586
578.04413	977.07239
578.09619	984.97931
578.14832	978.62616
578.20044	980.59027
578.2525	974.3316
578.30463	973.84723
578.35675	974.05707
578.40881	969.39142
578.46094	972.88855
578.51306	977.56482
578.56519	974.32983
578.61725	977.93652
578.66937	979.47943
578.7215	978.03101
578.77356	976.22528
578.82568	968.28607
578.87781	971.56573
578.92993	982.40466
578.98199	973.10181
579.03412	972.3551
579.08624	976.11377
579.13831	970.96558
579.19043	974.12823
579.24255	971.10352
579.29462	969.40509
579.34674	974.62323
579.39886	973.37366
579.45099	969.7702
579.50305	972.06531
579.55518	978.32556
579.6073	979.16467
579.65936	980.18427
579.71149	972.14966
579.76361	970.09436
579.81573	973.26678
579.8678	971.51184
579.91992	976.25806
579.97205	974.33246
580.02411	975.42383
580.07623	971.92554
580.12836	976.79016
580.18048	980.90973
580.23254	981.8595
580.28467	969.54285
580.33679	969.38153
580.38885	977.38208
580.44098	975.7887
580.4931	975.02808
580.54517	968.07874
580.59729	971.41669
580.64941	965.17474
580.70154	964.71576
580.7536	969.69641
580.80573	977.32202
580.85785	977.14233
580.90991	971.43518
580.96204	975.08789
581.01416	967.50085
581.06628	959.99469
581.11835	974.57117
581.17047	980.59351
581.2226	974.01617
581.27466	973.56647
581.32678	967.24329
581.37891	968.37183
581.43103	972.29761
581.48309	975.44672
581.53522	978.23755
581.58734	983.42877
581.6394	974.90784
581.69153	982.90155
581.74365	973.17291
581.79572	972.03674
581.84784	982.03967
581.89996	979.4585
581.95209	973.67023
582.00415	975.68445
582.05627	976.85748
582.1084	973.55469
582.16046	969.36243
582.21259	972.26697
582.26471	970.24188
582.31683	968.88354
582.3689	964.46594
582.42102	969.81219
582.47314	977.13831
582.52521	978.54987
582.57733	976.25708
582.62946	972.86884
582.68152	971.44739
582.73364	971.26691
582.78577	975.84045
582.83789	974.505
582.88995	969.96405
582.94208	966.138
582.9942	974.37622
583.04626	989.15259
583.09839	982.42731
583.15051	976.56244
583.20264	968.41272
583.2547	968.31537
583.30682	980.59082
583.35895	971.11249
583.41101	969.45563
583.46313	967.16437
583.51526	976.69342
583.56738	971.24329
583.61945	974.64581
583.67157	969.83722
583.72369	978.14435
583.77576	972.53552
583.82788	976.06561
583.88	976.31195
583.93207	972.90479
583.98419	968.2522
584.03632	972.50201
584.08844	971.41589
584.1405	965.13391
584.19263	971.55548
584.24475	972.04565
584.29681	962.61688
584.34894	975.91217
584.40106	972.89465
584.45319	978.86011
584.50525	973.28345
584.55737	978.18951
584.6095	973.70782
584.66156	966.18298
584.71368	972.51947
584.76581	981.85486
584.81793	975.85986
584.87	978.78345
584.92212	977.65607
584.97424	971.41223
585.02631	964.36652
585.07843	964.31219
585.13055	969.3988
585.18262	972.25317
585.23474	963.27209
585.28687	977.08508
585.33899	980.0188
585.39105	979.95087
585.44318	971.72961
585.4953	969.09393
585.54736	973.32281
585.59949	977.20514
585.65161	968.32855
585.70374	967.45325
585.7558	977.03064
585.80792	983.30237
585.86005	971.78174
585.91211	974.36884
585.96423	971.23999
586.01636	963.66852
586.06848	964.9657
586.12054	971.29095
586.17267	969.69525
586.22479	975.16138
586.27686	972.38318
586.32898	973.09906
586.3811	971.77039
586.43317	968.49268
586.48529	966.60968
586.53741	976.70428
586.58954	974.62189
586.6416	969.16089
586.69373	969.474
586.74585	970.10461
586.79791	969.73132
586.85004	979.31067
586.90216	973.04932
586.95428	974.09509
587.00635	965.59241
587.05847	966.54004
587.1106	964.81549
587.16266	970.40924
587.21478	979.10577
587.26691	970.87842
587.31897	977.94855
587.37109	966.73724
587.42322	969.51904
587.47534	980.21191
587.5274	972.95978
587.57953	969.02557
587.63165	968.6153
587.68372	973.41296
587.73584	964.35211
587.78796	966.99091
587.84009	966.59546
587.89215	973.54852
587.94427	977.97668
587.9964	976.1485
588.04846	972.71515
588.10059	975.00391
588.15271	968.53101
588.20483	974.06024
588.2569	970.19299
588.30902	975.1217
588.36115	961.09918
588.41321	971.01538
588.46533	973.45032
588.51746	971.71259
588.56952	973.35059
588.62164	971.61273
588.67377	968.31549
588.72589	972.03796
588.77795	960.5733
588.83008	960.10571
588.8822	971.79218
588.93427	971.66888
588.98639	968.00305
589.03851	964.77667
589.09064	978.58142
589.1427	974.55627
589.19482	968.56036
589.24695	977.08148
589.29901	968.91077
589.35114	970.61176
589.40326	973.30859
589.45538	962.22565
589.50745	965.7608
589.55957	967.75281
589.61169	971.87347
589.66376	963.75085
589.71588	974.32172
589.76801	972.5177
589.82007	972.8576
589.87219	967.55859
589.92432	963.03857
589.97644	968.07611
590.0285	965.87939
590.08063	962.08875
590.13275	967.27875
590.18481	970.71625
590.23694	965.30292
590.28906	964.44336
590.34119	967.25781
590.39325	965.54425
590.44537	968.27673
590.4975	962.93018
590.54956	971.10468
590.60168	973.72723
590.65381	967.09973
590.70587	965.04169
590.758	973.86047
590.81012	972.15808
590.86224	966.08514
590.91431	965.11047
590.96643	968.2124
591.01855	967.00214
591.07062	965.05182
591.12274	966.42993
591.17487	967.9671
591.22699	964.66638
591.27905	965.04449
591.33118	963.79053
591.3833	970.51196
591.43536	965.10321
591.48749	965.98456
591.53961	967.25208
591.59174	963.95142
591.6438	967.03204
591.69592	971.91571
591.74805	974.75763
591.80011	967.08441
591.85223	970.68982
591.90436	965.40076
591.95642	966.81268
592.00854	968.85278
592.06067	967.27667
592.11279	959.2821
592.16486	971.4425
592.21698	972.91241
592.2691	961.31781
592.32117	959.37799
592.37329	964.25208
592.42542	967.07526
592.47754	963.7511
592.5296	965.92853
592.58173	971.89288
592.63385	969.87286
592.68591	965.27991
592.73804	970.02777
592.79016	965.94006
592.84229	966.05884
592.89435	972.07678
592.94647	971.89276
592.9986	968.34827
593.05066	969.38232
593.10278	976.24188
593.15491	970.45911
593.20697	968.21588
593.25909	964.48834
593.31122	967.16125
593.36334	974.84747
593.41541	975.64014
593.46753	976.04718
593.51965	963.83533
593.57172	960.59924
593.62384	963.25867
593.67596	964.41656
593.72809	970.6817
593.78015	967.86224
593.83228	958.35651
593.8844	959.19202
593.93646	975.26208
593.98859	966.38287
594.04071	961.68799
594.09277	965.74542
594.1449	962.63678
594.19702	966.25293
594.24915	956.84448
594.30121	965.11938
594.35333	966.34595
594.40546	967.99365
594.45752	970.56738
594.50964	975.34332
594.56177	969.49945
594.61389	975.17194
594.66595	964.24347
594.71808	963.85291
594.7702	963.17188
594.82227	963.76953
594.87439	973.28088
594.92651	970.77826
594.97864	966.72388
595.0307	961.211
595.08282	967.93408
595.13495	968.3194
595.18701	967.10876
595.23914	962.81104
595.29126	964.43811
595.34332	969.21686
595.39545	963.78259
595.44757	958.83264
595.49969	961.64996
595.55176	967.79065
595.60388	975.35736
595.65601	965.43701
595.70807	975.59204
595.76019	975.71021
595.81232	970.60699
595.86444	966.89154
595.9165	969.36163
595.96863	969.22925
596.02075	969.32849
596.07281	974.02496
596.12494	962.98413
596.17706	968.04626
596.22919	966.44489
596.28125	956.54785
596.33337	962.59039
596.3855	972.28778
596.43756	969.67462
596.48969	977.54706
596.54181	962.90308
596.59387	960.7937
596.646	960.72577
596.69812	973.88898
596.75024	970.1875
596.80231	967.88489
596.85443	967.58228
596.90656	968.78156
596.95862	959.76819
597.01074	963.85193
597.06287	970.26929
597.11499	969.25244
597.16705	970.27747
597.21918	964.16058
597.2713	963.12946
597.32336	964.59637
597.37549	958.73651
597.42761	977.04956
597.47974	974.24133
597.5318	970.97302
597.58392	964.51135
597.63605	967.47601
597.68811	973.59839
597.74023	973.87128
597.79236	967.37762
597.84442	970.02435
597.89655	969.42365
597.94867	974.79138
598.00079	966.71735
598.05286	972.72498
598.10498	970.51215
598.1571	973.71967
598.20917	963.56921
598.26129	972.82764
598.31342	976.06433
598.36554	975.01996
598.4176	970.46155
598.46973	970.80646
598.52185	972.24969
598.57391	964.82678
598.62604	965.00208
598.67816	960.81738
598.73022	962.31268
598.78235	962.58893
598.83447	960.20923
598.8866	969.11676
598.93866	972.63568
598.99078	961.38226
599.04291	976.0058
599.09497	976.46826
599.14709	976.16559
599.19922	965.43176
599.25134	964.95068
599.30341	973.01874
599.35553	969.67627
599.40765	963.78955
599.45972	961.94592
599.51184	959.33093
599.56396	966.71936
599.61609	961.87225
599.66815	957.56537
599.72028	967.74194
599.7724	964.86456
599.82446	974.04382
599.87659	967.93884
599.92871	970.354
599.98077	979.71698
600.0329	973.21497
600.08502	966.24597
600.13715	959.94556
600.18921	966.83832
600.24133	975.73212
600.29346	969.43384
600.34552	973.1546
600.39764	972.41522
600.44977	980.67938
600.50189	969.54321
600.55396	973.51019
600.60608	975.10284
600.6582	960.3147
600.71027	959.56189
600.76239	966.77393
600.81451	967.30487
600.86664	970.23059
600.9187	965.82703
600.97083	968.79309
601.02295	973.22339
601.07501	971.44275
601.12714	957.97107
601.17926	964.53864
601.23132	970.78918
601.28345	967.27521
601.33557	969.04498
601.3877	962.07758
601.43976	972.8623
601.49188	967.56738
601.54401	964.12585
601.59607	971.80084
601.64819	972.94952
601.70032	973.27985
601.75244	957.46686
601.8045	970.20654
601.85663	966.13843
601.90875	961.88141
601.96082	971.60858
602.01294	966.47571
602.06506	965.36041
602.11713	966.34448
602.16925	967.87402
602.22137	965.71796
602.2735	970.76532
602.32556	966.84039
602.37769	967.43512
602.42981	966.35724
602.48187	959.91443
602.534	963.43689
602.58612	959.91174
602.63824	966.51849
602.69031	967.80872
602.74243	973.40308
602.79456	963.91327
602.84662	970.39911
602.89874	969.09552
602.95087	965.75488
603.00299	957.43854
603.05505	971.7066
603.10718	975.13116
603.1593	964.76605
603.21136	963.27399
603.26349	964.38519
603.31561	967.67792
603.36768	970.07227
603.4198	971.44672
603.47192	971.17102
603.52405	971.6889
603.57611	969.17255
603.62823	980.323
603.68036	975.23633
603.73242	962.63861
603.78455	969.06494
603.83667	965.12103
603.88879	965.22327
603.94086	966.89459
603.99298	968.28424
604.0451	956.53497
604.09717	958.53247
604.14929	960.74689
604.20142	962.7652
604.25354	960.71307
604.3056	960.10712
604.35773	966.7663
604.40985	960.01056
604.46191	962.42163
604.51404	956.61224
604.56616	967.17188
604.61823	962.0094
604.67035	965.70972
604.72247	961.04993
604.7746	960.25562
604.82666	961.16669
604.87878	972.51404
604.93091	968.23438
604.98297	966.21625
605.0351	966.79871
605.08722	962.87592
605.13934	969.83093
605.19141	971.81165
605.24353	966.92987
605.29565	959.20959
605.34772	961.97192
605.39984	962.66656
605.45197	961.65521
605.50403	966.51019
605.55615	965.94055
605.60828	967.29553
605.6604	963.6701
605.71246	969.57806
605.76459	968.29626
605.81671	961.39838
605.86877	968.49377
605.9209	960.72937
605.97302	957.18188
606.02515	964.43878
606.07721	967.3161
606.12933	959.31659
606.18146	962.80371
606.23352	959.53839
606.28564	956.82422
606.33777	961.94159
606.38989	966.70923
606.44196	968.69586
606.49408	961.47961
606.5462	967.14374
606.59827	963.6626
606.65039	957.72772
606.70251	966.57983
606.75458	974.24384
606.8067	967.28082
606.85883	965.70703
606.91095	960.38403
606.96301	967.2157
607.01514	965.99152
607.06726	954.89911
607.11932	963.2218
607.17145	968.10876
607.22357	961.53741
607.2757	963.48334
607.32776	965.78778
607.37988	967.06628
607.43201	958.31586
607.48407	962.37799
607.53619	965.0509
607.58832	963.38531
607.64044	965.45813
607.6925	958.36829
607.74463	953.89484
607.79675	958.96442
607.84882	963.98236
607.90094	966.95648
607.95306	960.11487
608.00513	956.54871
608.05725	958.04688
608.10938	966.2251
608.1615	963.37909
608.21356	960.43604
608.26569	970.07776
608.31781	959.1095
608.36987	961.35211
608.422	968.93854
608.47412	971.82343
608.52625	967.729
608.57831	961.52838
608.63043	959.92688
608.68256	964.41803
608.73462	960.88605
608.78674	958.68591
608.83887	966.74115
608.89099	966.51691
608.94305	968.05035
608.99518	969.48798
609.0473	970.11127
609.09937	961.73877
609.15149	955.8869
609.20361	957.80493
609.25568	964.71106
609.3078	957.01587
609.35992	958.00226
609.41205	955.68256
609.46411	959.86859
609.51624	965.35504
609.56836	965.27295
609.62042	961.17157
609.67255	963.18695
609.72467	965.66742
609.77679	966.12225
609.82886	964.96521
609.88098	963.75586
609.93311	961.24774
609.98517	962.11163
610.03729	965.90961
610.08942	964.43982
610.14148	967.17883
610.1936	966.46191
610.24573	956.51593
610.29785	955.35968
610.34991	959.0556
610.40204	966.56952
610.45416	957.93158
610.50623	966.56616
610.55835	969.52155
610.61047	965.13605
610.6626	960.73395
610.71466	957.21075
610.76678	963.08191
610.81891	965.71497
610.87097	959.74976
610.9231	962.76923
610.97522	964.3222
611.02734	963.37103
611.07941	967.16272
611.13153	961.67444
611.18365	959.51221
611.23572	963.02863
611.28784	960.9209
611.33997	963.04474
611.39203	965.28473
611.44415	960.17688
611.49628	956.27795
611.5484	955.53076
611.60046	954.9306
611.65259	957.18719
611.70471	962.40216
611.75677	957.17822
611.8089	954.82416
611.86102	957.88275
611.91315	962.17682
611.96521	961.03931
612.01733	960.55591
612.06946	961.41718
612.12152	953.5
612.17365	952.91699
612.22577	956.98322
612.27789	961.14709
612.32996	961.72595
612.38208	958.0448
612.4342	959.61835
612.48627	963.15179
612.53839	959.80756
612.59052	960.86536
612.64258	972.42932
612.6947	970.84564
612.74683	955.45068
612.79895	954.1535
612.85101	965.11829
612.90314	961.4527
612.95526	956.14648
613.00732	959.20435
613.05945	959.77802
613.11157	964.25818
613.1637	960.88672
613.21576	954.36829
613.26788	957.02325
613.32001	965.2066
613.37207	962.54852
613.42419	954.09692
613.47632	954.83997
613.52838	959.55292
613.58051	959.10938
613.63263	961.58282
613.68475	962.04755
613.73682	953.05377
613.78894	957.16785
613.84106	968.67548
613.89313	967.15491
613.94525	959.26532
613.99738	956.25336
614.0495	954.54169
614.10156	960.03961
614.15369	960.57166
614.20581	962.35187
614.25787	962.48688
614.31	958.31293
614.36212	958.24133
614.41425	957.77209
614.46631	958.57819
614.51843	956.55304
614.57056	962.9762
614.62262	959.85608
614.67474	956.20105
614.72687	958.31329
614.77893	959.24115
614.83105	962.63458
614.88318	962.05188
614.9353	963.26624
614.98737	963.52795
615.03949	958.52527
615.09161	954.57538
615.14368	959.16583
615.1958	957.7334
615.24792	957.17987
615.30005	962.03021
615.35211	958.72626
615.40424	964.88605
615.45636	961.9541
615.50842	953.70264
615.56055	958.04272
615.61267	962.57336
615.66479	959.56555
615.71686	959.28235
615.76898	962.48352
615.82111	960.61218
615.87317	961.41174
615.92529	962.22833
615.97742	958.86664
616.02948	962.42059
616.0816	961.26935
616.13373	965.21332
616.18585	965.03931
616.23792	964.8396
616.29004	956.90399
616.34216	955.7652
616.39423	960.67682
616.44635	958.56671
616.49847	955.95764
616.5506	953.00201
616.60266	958.12079
616.65479	955.03613
616.70691	958.17609
616.75897	961.58398
616.8111	963.24072
616.86322	958.40466
616.91534	954.56592
616.96741	951.7099
617.01953	958.34528
617.07166	962.05884
617.12372	951.12549
617.17584	957.37372
617.22797	953.93842
617.28003	957.99384
617.33215	958.06476
617.38428	957.23151
617.4364	958.93164
617.48846	962.34216
617.54059	958.21606
617.59271	958.85919
617.64478	960.72662
617.6969	955.27344
617.74902	967.40619
617.80115	969.38403
617.85321	965.81683
617.90533	962.07343
617.95746	959.1557
618.00952	955.53961
618.06165	958.91443
618.11377	954.53638
618.16583	961.0448
618.21796	964.34125
618.27008	961.45508
618.3222	963.85632
618.37427	957.37158
618.42639	952.66577
618.47852	956.15631
618.53058	963.20917
618.5827	952.19672
618.63483	966.26642
618.68695	955.85852
618.73901	960.80566
618.79114	959.49628
618.84326	961.56909
618.89532	960.82813
618.94745	959.61273
618.99957	965.39514
619.0517	962.48907
619.10376	963.00604
619.15588	965.01019
619.20801	961.73029
619.26007	958.02759
619.31219	959.83624
619.36432	954.61237
619.41638	966.18298
619.46851	968.03668
619.52063	952.86884
619.57275	965.34515
619.62482	962.4704
619.67694	968.09918
619.72906	960.87689
619.78113	963.17108
619.83325	954.43866
619.88538	957.5498
619.9375	953.58905
619.98956	956.28516
620.04169	960.72791
620.09381	956.51746
620.14587	964.13281
620.198	960.90765
620.25012	970.46277
620.30225	963.8205
620.35431	957.896
620.40643	958.63245
620.45856	952.49866
620.51062	966.20917
620.56274	953.75372
620.61487	960.45624
620.66693	962.18268
620.71906	952.18317
620.77118	963.22076
620.8233	949.00891
620.87537	961.20154
620.92749	952.00049
620.97961	963.86755
621.03168	958.63574
621.0838	952.58173
621.13593	960.28064
621.18805	956.45325
621.24011	963.38208
621.29224	968.02942
621.34436	965.33026
621.39642	966.65936
621.44855	961.86029
621.50067	955.86047
621.55273	951.79108
621.60486	959.54608
621.65698	961.6601
621.70911	955.25873
621.76117	966.60529
621.81329	947.24707
621.86542	961.16992
621.91748	956.16223
621.9696	954.70337
622.02173	959.20624
622.07385	962.47803
622.12592	952.27496
622.17804	957.98883
622.23016	951.9491
622.28223	962.0119
622.33435	958.55688
622.38647	969.14124
622.4386	957.51508
622.49066	955.46332
622.54279	961.77643
622.59491	955.72998
622.64697	957.70361
622.6991	958.78351
622.75122	954.31036
622.80328	956.87842
622.85541	954.01678
622.90753	952.84412
622.95966	951.15344
623.01172	962.49237
623.06384	961.20166
623.11597	957.81989
623.16803	959.8125
623.22015	957.72614
623.27228	958.8941
623.3244	957.04077
623.37646	953.23151
623.42859	956.70923
623.48071	969.74371
623.53278	954.10645
623.5849	954.26312
623.63702	953.72961
623.68915	960.80981
623.74121	958.92511
623.79333	954.90338
623.84546	952.86115
623.89752	958.79065
623.94965	952.17279
624.00177	950.93127
624.05383	954.22906
624.10596	961.07538
624.15808	963.68365
624.21021	953.95819
624.26227	954.91888
624.31439	951.16919
624.36652	952.05457
624.41858	946.84204
624.4707	954.91156
624.52283	951.17596
624.57495	953.38293
624.62701	959.12384
624.67914	960.53473
624.73126	955.57458
624.78333	953.01062
624.83545	961.28448
624.88757	951.55499
624.93964	953.05762
624.99176	957.95612
625.04388	962.80933
625.09601	960.19928
625.14807	951.25958
625.2002	954.3584
625.25232	954.29462
625.30438	957.33167
625.35651	955.46136
625.40863	952.92603
625.46075	948.04858
625.51282	948.65424
625.56494	957.22382
625.61707	957.34009
625.66913	957.42157
625.72125	954.56354
625.77338	952.04651
625.8255	952.50122
625.87756	955.34576
625.92969	956.42664
625.98181	959.69635
626.03387	948.3963
626.086	948.43945
626.13812	959.16156
626.19019	961.6922
626.24231	954.03351
626.29443	950.85126
626.34656	956.86011
626.39862	955.48914
626.45074	956.89984
626.50287	955.44257
626.55493	957.12225
626.60706	955.10608
626.65918	954.81409
626.7113	953.4314
626.76337	958.69733
626.81549	954.30121
626.86761	953.55273
626.91968	956.56317
626.9718	952.8075
627.02393	956.13391
627.07605	962.336
627.12811	954.20313
627.18024	962.96179
627.23236	967.43896
627.28442	957.74237
627.33655	952.79266
627.38867	955.77814
627.44073	960.7077
627.49286	962.68237
627.54498	957.58185
627.59711	952.2038
627.64917	956.21741
627.70129	957.1864
627.75342	954.67761
627.80548	954.73126
627.8576	963.78271
627.90973	965.38696
627.96185	956.99066
628.01392	954.71808
628.06604	960.60559
628.11816	961.88544
628.17023	958.33893
628.22235	954.59283
628.27448	952.44141
628.3266	958.90668
628.37866	955.04407
628.43079	953.28217
628.48291	959.27203
628.53497	957.89783
628.5871	956.52686
628.63922	954.42877
628.69128	953.53412
628.74341	952.90155
628.79553	954.5813
628.84766	963.57019
628.89972	959.3327
628.95184	952.84039
629.00397	951.78265
629.05603	955.77252
629.10815	952.2616
629.16028	948.43524
629.2124	952.03851
629.26447	954.4126
629.31659	947.87512
629.36871	950.9906
629.42078	956.10901
629.4729	952.95026
629.52502	953.82385
629.57709	955.4035
629.62921	955.9021
629.68134	955.33905
629.73346	959.32245
629.78552	947.38074
629.83765	947.10492
629.88977	943.92065
629.94183	954.16113
629.99396	956.29871
630.04608	952.90466
630.09821	953.89374
630.15027	954.88818
630.20239	958.05774
630.25452	955.9259
630.30658	959.6424
630.3587	962.16223
630.41083	960.5249
630.46295	954.44775
630.51501	952.5813
630.56714	959.30286
630.61926	956.92792
630.67133	958.41016
630.72345	961.42267
630.77557	950.40387
630.82764	946.70856
630.87976	949.80042
630.93188	959.72144
630.98401	958.89618
631.03607	947.33258
631.0882	948.44324
631.14032	948.49701
631.19238	960.19666
631.24451	954.46155
631.29663	949.44299
631.34875	962.24377
631.40082	955.85089
631.45294	954.45428
631.50507	954.40057
631.55713	959.41284
631.60925	952.54248
631.66138	950.96362
631.7135	954.13831
631.76556	958.59399
631.81769	964.52838
631.86981	953.02496
631.92188	957.61609
631.974	957.38281
632.02612	956.39313
632.07819	950.52136
632.13031	950.35028
632.18243	963.62115
632.23456	957.40674
632.28662	954.84875
632.33875	957.83008
632.39087	956.25061
632.44293	946.42731
632.49506	953.55255
632.54718	964.75262
632.5993	962.2641
632.65137	960.44763
632.70349	951.66162
632.75562	959.52631
632.80768	963.68195
632.8598	961.00995
632.91193	949.97955
632.96399	959.09631
633.01611	957.96051
633.06824	969.66333
633.12036	953.75507
633.17242	963.51508
633.22455	965.44403
633.27667	961.6311
633.32874	952.69501
633.38086	953.74988
633.43298	963.65759
633.48511	958.91693
633.53717	953.52136
633.58929	953.73035
633.64142	962.3855
633.69348	960.86176
633.74561	950.91406
633.79773	962.94464
633.84985	966.98358
633.90192	958.55103
633.95404	957.35693
634.00616	963.19495
634.05823	957.54156
634.11035	952.25867
634.16248	960.151
634.21454	970.44287
634.26666	958.02771
634.31879	957.61975
634.37091	955.86786
634.42297	968.82111
634.4751	975.70886
634.52722	969.85022
634.57928	970.02924
634.63141	959.70044
634.68353	953.5061
634.73566	954.42047
634.78772	961.55493
634.83984	958.76208
634.89197	965.80499
634.94403	967.44812
634.99615	961.43121
635.04828	965.43109
635.1004	970.61688
635.15247	966.45709
635.20459	960.97998
635.25671	966.24463
635.30878	964.91278
635.3609	971.96136
635.41302	970.70166
635.46509	968.54205
635.51721	967.73553
635.56934	965.46466
635.62146	965.34833
635.67352	962.88733
635.72565	963.43567
635.77777	962.55756
635.82983	964.27686
635.88196	968.95605
635.93408	967.37946
635.98621	965.14935
636.03827	968.85004
636.09039	971.2843
636.14252	974.08582
636.19458	972.54614
636.2467	969.83606
636.29883	968.99365
636.35089	970.01221
636.40302	971.78497
636.45514	975.54187
636.50726	971.28387
636.55933	968.36316
636.61145	969.40051
636.66357	972.54041
636.71564	978.8446
636.76776	979.51959
636.81989	974.79858
636.87201	970.29755
636.92407	972.72083
636.9762	972.90375
637.02832	973.24994
637.08038	979.50964
637.13251	975.04681
637.18463	976.57483
637.23676	981.49731
637.28882	980.46191
637.34094	977.91541
637.39307	973.27094
637.44513	969.06256
637.49725	968.48865
637.54938	973.33716
637.60144	976.47021
637.65356	968.91986
637.70569	967.03064
637.75781	972.07233
637.80988	975.65717
637.862	977.47571
637.91412	973.30322
637.96619	978.74658
638.01831	975.82849
638.07043	975.34247
638.12256	977.07251
638.17462	978.9928
638.22675	981.30029
638.27887	977.40839
638.33093	978.90527
638.38306	986.72565
638.43518	985.21313
638.4873	980.01001
638.53937	971.03143
638.59149	980.5968
638.64362	982.90289
638.69568	977.81952
638.7478	981.94867
638.79993	983.9859
638.85199	985.94897
638.90411	983.93652
638.95624	985.91711
639.00836	988.67963
639.06042	984.65741
639.11255	984.05676
639.16467	987.47394
639.21674	989.23047
639.26886	980.07294
639.32098	985.33167
639.37311	992.03815
639.42517	989.40076
639.47729	991.5752
639.52942	993.92859
639.58148	992.56793
639.63361	989.6908
639.68573	991.70966
639.73785	986.16022
639.78992	988.14984
639.84204	992.09906
639.89417	985.94043
639.94623	989.02557
639.99835	999.8042
640.05048	992.82129
640.10254	988.51617
640.15466	988.90161
640.20679	1000.0434
640.25891	998.91461
640.31097	995.53693
640.3631	1001.2626
640.41522	1008.8635
640.46729	993.05536
640.51941	997.70233
640.57153	995.65161
640.62366	1003.3051
640.67572	994.88647
640.72784	1006.3868
640.77997	1010.9027
640.83203	1011.4704
640.88416	1004.1479
640.93628	1011.6823
640.98834	1011.0291
641.04047	1018.6051
641.09259	1011.8665
641.14471	1002.5186
641.19678	1001.5243
641.2489	1018.9342
641.30103	1017.7299
641.35309	1011.1598
641.40521	1010.9155
641.45734	1018.7012
641.50946	1012.1945
641.56152	1023.4423
641.61365	1030.3107
641.66577	1022.5048
641.71783	1016.8187
641.76996	1016.4669
641.82208	1010.7651
641.87421	1025.2925
641.92627	1023.4079
641.97839	1017.4022
642.03052	1024.2235
642.08258	1028.0258
642.1347	1025.0879
642.18683	1014.8512
642.23889	1022.7927
642.29102	1023.7901
642.34314	1028.2565
642.39526	1023.6837
642.44733	1027.1746
642.49945	1031.5594
642.55157	1038.1775
642.60364	1031.8453
642.65576	1027.5616
642.70789	1035.6935
642.76001	1045.6096
642.81207	1045.3711
642.8642	1034.0052
642.91632	1040.5236
642.96838	1041.5953
643.02051	1037.9038
643.07263	1052.7456
643.12476	1061.5797
643.17682	1060.9236
643.22894	1059.3047
643.28107	1063.7994
643.33313	1058.6442
643.38525	1050.0797
643.43738	1060.5929
643.48944	1076.9508
643.54156	1069.9286
643.59369	1063.297
643.64581	1076.4331
643.69788	1096.0757
643.75	1096.4203
643.80212	1083.7262
643.85419	1091.964
643.90631	1098.0861
643.95844	1100.6184
644.01056	1104.166
644.06262	1095.7401
644.11475	1099.2065
644.16687	1122.6879
644.21893	1127.7657
644.27106	1138.7633
644.32318	1135.2606
644.37524	1138.8949
644.42737	1147.0281
644.47949	1158.1493
644.53162	1164.0266
644.58368	1157.6477
644.6358	1171.4227
644.68793	1183.3461
644.73999	1181.5006
644.79211	1196.0449
644.84424	1194.5525
644.89636	1192.7548
644.94843	1213.3995
645.00055	1226.0487
645.05267	1208.0328
645.10474	1215.5887
645.15686	1233.322
645.20898	1248.9578
645.26111	1254.61
645.31317	1248.2279
645.3653	1253.8514
645.41742	1267.282
645.46948	1264.4165
645.52161	1278.6451
645.57373	1288.1545
645.62579	1290.1074
645.67792	1304.7112
645.73004	1300.6021
645.78217	1309.3604
645.83423	1331.2349
645.88635	1335.98
645.93848	1325.8751
645.99054	1330.2545
646.04266	1364.6654
646.09479	1397.6794
646.14691	1406.9114
646.19897	1413.126
646.2511	1430.8767
646.30322	1438.6006
646.35529	1448.8354
646.40741	1473.9189
646.45953	1509.4819
646.51166	1555.5291
646.56372	1599.704
646.61584	1619.9795
646.66797	1640.8596
646.72003	1658.2982
646.77216	1683.3444
646.82428	1696.9935
646.87634	1722.0222
646.92847	1770.3118
646.98059	1792.2108
647.03271	1794.0343
647.08478	1804.5916
647.1369	1816.5457
647.18903	1830.2271
647.24109	1814.061
647.29321	1792.058
647.34534	1803.2002
647.39746	1769.0055
647.44952	1777.8646
647.50165	1803.3407
647.55377	1796.0695
647.60583	1819.4988
647.65796	1813.0642
647.71008	1792.3097
647.76215	1811.39
647.81427	1827.8445
647.86639	1845.1058
647.91852	1858.5554
647.97058	1874.1226
648.02271	1898.5961
648.07483	1936.567
648.12689	1949.3655
648.17902	1986.684
648.23114	2014.95
648.28326	2016.403
648.33533	2077.5566
648.38745	2105.4346
648.43958	2153.0249
648.49164	2198.4111
648.54376	2211.3828
648.59589	2255.384
648.64801	2268.5911
648.70007	2261.873
648.7522	2283.7927
648.80432	2321.9875
648.85638	2314.1016
648.90851	2307.8533
648.96063	2342.5266
649.0127	2351.5742
649.06482	2361.1526
649.11694	2367.8003
649.16907	2368.8413
649.22113	2375.0532
649.27325	2433.8616
649.32538	2443.9429
649.37744	2458.5437
649.42957	2480.3286
649.48169	2532.4141
649.53381	2545.1287
649.58588	2572.8115
649.638	2591.5266
649.69012	2607.0024
649.74219	2610.2261
649.79431	2588.8066
649.84644	2605.5383
649.89856	2554.9812
649.95062	2539.2566
650.00275	2514.5933
650.05487	2574.1479
650.10693	2530.9631
650.15906	2540.2859
650.21118	2508.6768
650.26324	2497.636
650.31537	2509.0281
650.36749	2471.1995
650.41962	2445.4468
650.47168	2468.5791
650.5238	2474.0137
650.57593	2510.6631
650.62799	2496.6958
650.68011	2500.6753
650.73224	2533.6702
650.78436	2564.311
650.83643	2538.6243
650.88855	2590.0894
650.94067	2640.8845
650.99274	2653.6365
651.04486	2722.1084
651.09698	2751.3413
651.14911	2669.9026
651.20117	2774.3301
651.2533	2812.9204
651.30542	2847.106
651.35748	2867.6812
651.40961	2898.0198
651.46173	2907.5728
651.51379	2953.106
651.56592	2977.0398
651.61804	3012.0974
651.67017	3035.8169
651.72223	3086.3032
651.77435	3099.7073
651.82648	3141.0718
651.87854	3162.395
651.93066	3216.4873
651.98279	3242.0803
652.03491	3180.6785
652.08698	3284.1531
652.1391	3292.1111
652.19122	3253.717
652.24329	3326.7109
652.29541	3337.3513
652.34753	3366.9424
652.3996	3335.3079
652.45172	3408.1167
652.50385	3351.3997
652.55597	3450.7952
652.60803	3439.7734
652.66016	3527.2302
652.71228	3564.3833
652.76434	3579.0725
652.81647	3685.0723
652.86859	3684.635
652.92072	3663.7009
652.97278	3692.6721
653.0249	3660.8062
653.07703	3733.3298
653.12909	3730.4395
653.18121	3762.637
653.23334	3680.2876
653.28546	3721.9607
653.33752	3630.6694
653.38965	3584.3403
653.44177	3601.4333
653.49384	3578.657
653.54596	3496.1616
653.59808	3514.4727
653.65015	3486.2217
653.70227	3394.282
653.75439	3390.9065
653.80652	3336.8682
653.85858	3322.0056
653.91071	3285.0537
653.96283	3253.3296
654.01489	3272.9727
654.06702	3169.0884
654.11914	3134.1516
654.17126	3126.8931
654.22333	3134.1533
654.27545	3104.2886
654.32758	3048.6812
654.37964	3053.4207
654.43176	3015.6675
654.48389	3026.3733
654.53601	2993.5151
654.58807	2972.8271
654.6402	2978.207
654.69232	2956.7388
654.74438	2962.4146
654.79651	2965.3015
654.84863	2956.9695
654.9007	2958.9216
654.95282	2925.9575
655.00494	2969.9541
655.05707	2985.7207
655.10913	2927.624
655.16125	2975.3281
655.21338	2989.4722
655.26544	2982.3381
655.31757	2965.502
655.36969	2999.8945
655.42181	3022.9951
655.47388	2983.3386
655.526	2967.8865
655.57813	2988.2327
655.63019	3022.6147
655.68231	3008.3599
655.73444	3017.1685
655.7865	3023.3704
655.83862	3038.3157
655.89075	3064.5352
655.94287	3083.2473
655.99493	3080.574
656.04706	3085.9478
656.09918	3123.9314
656.15125	3151.135
656.20337	3163.5125
656.25549	3166.23
656.30762	3129.6492
656.35968	3121.6611
656.4118	3164.2795
656.46393	3207.5303
656.51599	3234.3647
656.56812	3242.1272
656.62024	3255.7529
656.67236	3257.905
656.72443	3262.1921
656.77655	3270.6099
656.82867	3273.8662
656.88074	3282.7305
656.93286	3254.9053
656.98499	3300.5354
657.03705	3321.574
657.08917	3340.3604
657.1413	3365.9607
657.19342	3320.0642
657.24548	3331.3354
657.29761	3357.3696
657.34973	3345.6829
657.40179	3331.3257
657.45392	3324.6079
657.50604	3314.1172
657.55817	3364.3804
657.61023	3368.2524
657.66235	3335.7498
657.71448	3372.8804
657.76654	3415.2451
657.81866	3391.4753
657.87079	3413.6846
657.92291	3395.1558
657.97498	3385.5779
658.0271	3355.738
658.07922	3416.1453
658.13129	3441.0266
658.18341	3368.0427
658.23553	3335.7305
658.2876	3368.7441
658.33972	3369.7974
658.39185	3392.1904
658.44397	3386.6448
658.49603	3405.6875
658.54816	3364.7681
658.60028	3363.3242
658.65234	3349.812
658.70447	3340.4536
658.75659	3373.3313
658.80872	3391.1707
658.86078	3366.3269
658.9129	3386.1521
658.96503	3435.2148
659.01709	3424.5918
659.06921	3479.2651
659.12134	3410.9875
659.1734	3484.083
659.22552	3500.5569
659.27765	3487.7646
659.32977	3456.3374
659.38184	3508.5459
659.43396	3497.0625
659.48608	3549.3057
659.53815	3551.8547
659.59027	3555.6636
659.6424	3584.5369
659.69452	3609.1821
659.74658	3626.1375
659.79871	3612.552
659.85083	3704.6619
659.90289	3680.5547
659.95502	3739.8938
660.00714	3705.5391
660.05927	3731.699
660.11133	3749.7942
660.16345	3771.6348
660.21558	3759.4946
660.26764	3843.707
660.31976	3758.948
660.37189	3815.1477
660.42395	3847.6665
660.47607	3872.4736
660.5282	3863.8787
660.58032	3853.8276
660.63239	3826.9902
660.68451	3862.812
660.73663	3864.4053
660.7887	3921.6147
660.84082	3875.7346
660.89294	3873.3706
660.94507	3862.5894
660.99713	3858.2654
661.04926	3860.0269
661.10138	3891.291
661.15344	3827.863
661.20557	3833.4209
661.25769	3811.2139
661.30981	3803.4023
661.36188	3786.0781
661.414	3793.6472
661.46613	3794.5483
661.51819	3777.3276
661.57031	3771.2681
661.62244	3716.0332
661.6745	3647.2529
661.72662	3657.2759
661.77875	3695.5005
661.83087	3679.9272
661.88293	3647.6296
661.93506	3579.3965
661.98718	3602.3171
662.03925	3555.197
662.09137	3476.699
662.14349	3514.1174
662.19562	3518.8928
662.24768	3533.1382
662.2998	3463.4216
662.35193	3461.25
662.40399	3431.697
662.45612	3437.5015
662.50824	3388.3733
662.56036	3430.3691
662.61243	3409.0488
662.66455	3394.1609
662.71667	3395.605
662.76874	3410.7605
662.82086	3404.4114
662.87299	3395.3792
662.92505	3366.2991
662.97717	3352.1135
663.0293	3350.561
663.08142	3317.4841
663.13348	3334.0925
663.18561	3346.7991
663.23773	3323.9827
663.28979	3262.5601
663.34192	3242.7803
663.39404	3234.6189
663.44617	3230.6257
663.49823	3237.3218
663.55035	3242.2285
663.60248	3230.936
663.65454	3219.8584
663.70667	3197.1082
663.75879	3180.3352
663.81085	3146.5571
663.86298	3158.6658
663.9151	3127.3062
663.96722	3098.2886
664.01929	3115.1089
664.07141	3141.3508
664.12354	3104.4678
664.1756	3063.5527
664.22772	3033.4128
664.27985	3013.7988
664.33197	3012.885
664.38403	2992.71
664.43616	2967.519
664.48828	2936.614
664.54034	2936.4087
664.59247	2886.9553
664.64459	2861.094
664.69672	2880.5244
664.74878	2834.7371
664.8009	2770.2073
664.85303	2792.7725
664.90509	2814.2075
664.95721	2775.4734
665.00934	2732.199
665.0614	2726.9502
665.11353	2702.9529
665.16565	2658.6365
665.21777	2663.0266
665.26984	2657.627
665.32196	2643.2292
665.37408	2645.8367
665.42615	2632.6685
665.47827	2613.8516
665.5304	2600.0977
665.58252	2564.8394
665.63458	2572.7991
665.68671	2525.395
665.73883	2534.7554
665.79089	2490.1282
665.84302	2498.9653
665.89514	2516.5605
665.94727	2506.3523
665.99933	2476.2683
666.05145	2439.2261
666.10358	2422.8018
666.15564	2392.7844
666.20776	2374.0295
666.25989	2378.9185
666.31195	2419.5598
666.36407	2391.0549
666.4162	2362.5105
666.46832	2362.9431
666.52039	2354.1277
666.57251	2342.447
666.62463	2347.261
666.6767	2317.5269
666.72882	2319.7405
666.78094	2330.9719
666.83307	2328.5911
666.88513	2300.7065
666.93726	2248.5688
666.98938	2273.0059
667.04144	2234.8909
667.09357	2221.8376
667.14569	2212.7202
667.19775	2262.6077
667.24988	2200.95
667.302	2166.2786
667.35413	2153.5447
667.40619	2218.7676
667.45831	2127.0994
667.51044	2142.0667
667.5625	2128.6941
667.61462	2102.1677
667.66675	2129.9644
667.71887	2111.8159
667.77094	2037.4886
667.82306	2009.073
667.87518	2014.4104
667.92725	2054.2131
667.97937	1993.3265
668.03149	2035.1814
668.08362	1983.2637
668.13568	2003.9232
668.18781	1938.559
668.23993	1917.2738
668.29199	1913.0421
668.34412	1890.6309
668.39624	1888.6399
668.4483	1882.2919
668.50043	1806.7919
668.55255	1855.2312
668.60468	1847.6368
668.65674	1809.7957
668.70886	1803.0688
668.76099	1810.2069
668.81305	1788.5342
668.86517	1778.4015
668.9173	1791.1053
668.96942	1713.333
669.02148	1713.0975
669.07361	1707.1965
669.12573	1708.4121
669.1778	1698.9862
669.22992	1685.7767
669.28204	1669.7014
669.33417	1624.6799
669.38623	1643.5776
669.43835	1626.1021
669.49048	1622.3872
669.54254	1607.9995
669.59467	1598.9844
669.64679	1578.0295
669.69885	1558.7728
669.75098	1541.5552
669.8031	1529.845
669.85522	1517.2708
669.90729	1509.1912
669.95941	1481.4893
670.01154	1487.2476
670.0636	1489.0203
670.11572	1478.5166
670.16785	1461.9685
670.21997	1462.7946
670.27203	1446.0435
670.32416	1431.4176
670.37628	1427.8917
670.42834	1420.4058
670.48047	1423.481
670.53259	1414.0216
670.58466	1392.4192
670.63678	1386.1703
670.6889	1376.7089
670.74103	1361.0986
670.79309	1345.9628
670.84521	1342.5938
670.89734	1357.5524
670.9494	1352.2473
671.00153	1336.5869
671.05365	1318.2137
671.10577	1319.791
671.15784	1329.3191
671.20996	1316.3922
671.26208	1310.3154
671.31415	1298.9011
671.36627	1287.5077
671.4184	1282.9537
671.47052	1272.7603
671.52258	1268.7429
671.57471	1273.4326
671.62683	1281.2793
671.67889	1279.7164
671.73102	1251.7607
671.78314	1236.7733
671.83521	1235.4473
671.88733	1234.5958
671.93945	1234.632
671.99158	1241.1482
672.04364	1232.3115
672.09576	1225.5983
672.14789	1217.7919
672.19995	1216.0146
672.25208	1207.994
672.3042	1233.804
672.35632	1209.2628
672.40839	1192.6375
672.46051	1190.7585
672.51263	1180.7878
672.5647	1194.7885
672.61682	1177.1357
672.66895	1164.4132
672.72107	1191.0991
672.77313	1179.8837
672.82526	1158.4209
672.87738	1157.8229
672.92944	1161.283
672.98157	1166.5713
673.03369	1158.7905
673.08575	1158.6271
673.13788	1175.9561
673.19	1157.1168
673.24213	1144.5719
673.29419	1146.058
673.34631	1163.2169
673.39844	1156.5868
673.4505	1134.0718
673.50262	1147.3005
673.55475	1139.3704
673.60687	1127.3257
673.65894	1130.2042
673.71106	1135.6113
673.76318	1126.0686
673.81525	1119.4716
673.86737	1129.1564
673.91949	1127.7441
673.97162	1118.4918
674.02368	1115.1207
674.07581	1114.2206
674.12793	1114.4722
674.17999	1111.1942
674.23212	1102.1389
674.28424	1105.1089
674.3363	1097.8328
674.38843	1106.366
674.44055	1107.3152
674.49268	1103.9659
674.54474	1098.0409
674.59686	1099.3639
674.64899	1087.1687
674.70105	1105.5602
674.75317	1101.2019
674.8053	1088.8729
674.85742	1102.6049
674.90948	1098.3817
674.96161	1091.8237
675.01373	1090.8542
675.0658	1079.705
675.11792	1086.4275
675.17004	1076.8181
675.22211	1079.9093
675.27423	1082.9808
675.32635	1081.1071
675.37848	1074.6519
675.43054	1070.6982
675.48267	1073.627
675.53479	1065.5405
675.58685	1061.5468
675.63898	1069.8049
675.6911	1072.7233
675.74323	1064.9403
675.79529	1067.4944
675.84741	1065.0962
675.89954	1054.2399
675.9516	1048.2466
676.00372	1053.0236
676.05585	1053.8112
676.10797	1057.6818
676.16003	1059.3301
676.21216	1052.3309
676.26428	1052.8701
676.31635	1051.7205
676.36847	1053.308
676.42059	1057.506
676.47266	1051.2371
676.52478	1047.748
676.5769	1041.4534
676.62903	1049.134
676.68109	1054.5963
676.73322	1041.9716
676.78534	1040.8408
676.8374	1041.2334
676.88953	1041.2426
676.94165	1042.7461
676.99377	1037.2917
677.04584	1032.7894
677.09796	1031.0863
677.15009	1039.2899
677.20215	1029.5532
677.25427	1032.0664
677.3064	1037.0332
677.35852	1034.2783
677.41058	1038.2667
677.46271	1033.0842
677.51483	1040.0902
677.56689	1036.3629
677.61902	1036.1045
677.67114	1023.9126
677.72321	1015.7185
677.77533	1015.6655
677.82745	1021.077
677.87958	1036.7268
677.93164	1037.7031
677.98376	1023.2214
678.03589	1017.1261
678.08795	1028.5497
678.14008	1021.3169
678.1922	1021.6216
678.24432	1013.3682
678.29639	1015.4769
678.34851	1020.8399
678.40063	1009.4261
678.4527	1003.9149
678.50482	1011.2437
678.55695	1018.4429
678.60901	1004.4915
678.66113	1012.4437
678.71326	1025.8586
678.76538	1009.5746
678.81744	1021.1567
678.86957	1013.5742
678.92169	1005.9874
678.97375	1006.8436
679.02588	989.67914
679.078	1003.2611
679.13013	1013.5057
679.18219	1002.1288
679.23431	996.12091
679.28644	998.87177
679.3385	997.61951
679.39063	993.61707
679.44275	991.04303
679.49487	996.76691
679.54694	1000.4671
679.59906	1004.3466
679.65118	982.79529
679.70325	992.07104
679.75537	985.70374
679.8075	1002.8163
679.85956	992.63507
679.91168	994.16492
679.96381	1002.8199
680.01593	992.25201
680.06799	987.04572
680.12012	980.86847
680.17224	991.27588
680.2243	987.18054
680.27643	982.25067
680.32855	987.58325
680.38068	990.27924
680.43274	989.1203
680.48486	995.7002
680.53699	996.22046
680.58905	991.01239
680.64117	983.63257
680.6933	987.33942
680.74542	987.1106
680.79749	987.04309
680.84961	981.15961
680.90173	979.77393
680.9538	982.6601
681.00592	974.82629
681.05804	974.60864
681.11011	977.96777
681.16223	974.80585
681.21436	976.08472
681.26648	980.34912
681.31854	969.84473
681.37067	970.08026
681.42279	975.72876
681.47485	973.20587
681.52698	975.30493
681.5791	975.92047
681.63123	970.4621
681.68329	966.46063
681.73541	968.19177
681.78754	971.76117
681.8396	980.40869
681.89172	979.02942
681.94385	971.90466
681.99597	974.23981
682.04803	975.52716
682.10016	973.17572
682.15228	961.66174
682.20435	963.40436
682.25647	960.61823
682.30859	961.99292
682.36066	968.0545
682.41278	973.39844
682.4649	967.10706
682.51703	960.94507
682.56909	962.4281
682.62122	972.85303
682.67334	976.56061
682.7254	962.19666
682.77753	952.27991
682.82965	964.56958
682.88177	960.37701
682.93384	957.93842
682.98596	957.76923
683.03809	962.90387
683.09015	971.13971
683.14227	960.39282
683.1944	963.65826
683.24646	959.3009
683.29858	957.84222
683.35071	970.22638
683.40283	960.49133
683.4549	954.06525
683.50702	955.18274
683.55914	958.15265
683.61121	962.65704
683.66333	964.72375
683.71545	958.69904
683.76758	950.90912
683.81964	961.78546
683.87177	963.78656
683.92389	965.07397
683.97595	962.09906
684.02808	960.25751
684.0802	959.82538
684.13232	951.37439
684.18439	960.8089
684.23651	950.04785
684.28864	956.27423
684.3407	956.98956
684.39282	957.25385
684.44495	951.2887
684.49701	960.93555
684.54913	959.64728
684.60126	950.47736
684.65338	955.55255
684.70544	955.70538
684.75757	953.73145
684.80969	952.75037
684.86176	947.2713
684.91388	947.70032
684.966	950.27094
685.01813	948.29321
685.07019	946.96503
685.12231	952.29822
685.17444	954.10095
685.2265	954.5744
685.27863	947.76294
685.33075	950.83472
685.38287	950.08069
685.43494	943.14807
685.48706	947.90588
685.53918	948.4696
685.59125	944.05212
685.64337	946.23932
685.6955	944.06384
685.74756	949.54578
685.79968	948.96545
685.85181	942.22504
685.90393	941.88287
685.95599	945.93799
686.00812	947.94983
686.06024	949.50049
686.1123	943.37714
686.16443	939.43494
686.21655	939.34625
686.26868	945.06677
686.32074	946.94092
686.37286	943.99298
686.42499	945.16107
686.47705	945.8725
686.52917	947.33264
686.5813	943.80499
686.63336	946.80084
686.68549	948.69019
686.73761	943.46729
686.78973	944.60278
686.8418	941.4389
686.89392	944.88574
686.94604	946.82922
686.99811	941.34369
687.05023	944.66803
687.10236	947.98193
687.15448	940.94751
687.20654	941.92285
687.25867	941.33136
687.31079	942.90015
687.36285	949.5675
687.41498	941.56531
687.4671	943.42529
687.51923	941.21344
687.57129	949.99615
687.62341	943.89374
687.67554	946.16797
687.7276	947.66278
687.77972	941.59186
687.83185	939.9353
687.88391	948.84515
687.93604	941.44159
687.98816	942.14508
688.04028	944.33453
688.09235	943.39392
688.14447	940.25543
688.19659	937.71497
688.24866	944.96423
688.30078	944.44434
688.35291	938.26678
688.40503	934.11566
688.45709	937.34076
688.50922	942.14661
688.56134	946.50549
688.6134	936.48456
688.66553	936.54883
688.71765	944.69006
688.76978	945.03955
688.82184	943.46442
688.87396	944.76123
688.92609	942.6427
688.97815	941.36682
689.03027	943.71509
689.0824	948.05768
689.13446	942.11163
689.18658	934.80518
689.23871	936.21973
689.29083	934.54889
689.3429	937.8573
689.39502	942.54358
689.44714	941.03094
689.49921	939.74316
689.55133	945.01971
689.60345	946.31982
689.65558	947.00146
689.70764	944.93121
689.75977	939.91339
689.81189	941.04749
689.86395	943.81012
689.91608	941.45862
689.9682	944.03162
690.02026	942.15289
690.07239	938.33807
690.12451	941.27026
690.17664	936.82306
690.2287	931.14978
690.28082	933.46509
690.33295	939.84375
690.38501	944.33032
690.43713	935.78235
690.48926	935.1347
690.54138	938.0097
690.59344	936.68469
690.64557	939.93274
690.69769	942.11859
690.74976	938.20929
690.80188	938.74719
690.854	939.77484
690.90613	941.63129
690.95819	945.67841
691.01031	936.72156
691.06244	936.64215
691.1145	940.35992
691.16663	940.37195
691.21875	942.61597
691.27081	943.94617
691.32294	940.38074
691.37506	941.69177
691.42719	936.51984
691.47925	936.47711
691.53137	940.53772
691.5835	941.94977
691.63556	937.32837
691.68768	934.45905
691.73981	946.12415
691.79193	939.69751
691.84399	936.31122
691.89612	928.58032
691.94824	941.27545
692.00031	937.68878
692.05243	933.96753
692.10455	939.55634
692.15668	932.25146
692.20874	935.85059
692.26086	934.29846
692.31299	938.04108
692.36505	929.92395
692.41718	944.49933
692.4693	941.85876
692.52136	934.99792
692.57349	937.30322
692.62561	940.79559
692.67773	927.16296
692.7298	934.65503
692.78192	934.98016
692.83405	937.91174
692.88611	938.46619
692.93823	929.51117
692.99036	933.49103
693.04248	940.96277
693.09454	940.88818
693.14667	937.38525
693.19879	935.21381
693.25085	941.72223
693.30298	937.10846
693.3551	939.31854
693.40723	930.6167
693.45929	939.35583
693.51141	937.77661
693.56354	931.79504
693.6156	939.03754
693.66772	931.47791
693.71985	932.09985
693.77191	932.17584
693.82404	925.64142
693.87616	936.25983
693.92828	935.16919
693.98035	933.90045
694.03247	934.85126
694.08459	939.30273
694.13666	938.4137
694.18878	934.49908
694.24091	929.37659
694.29303	937.68817
694.34509	933.37622
694.39722	934.54114
694.44934	935.34589
694.5014	925.48932
694.55353	926.44055
694.60565	931.2868
694.65771	929.32538
694.70984	930.99426
694.76196	929.58392
694.81409	930.89014
694.86615	930.77765
694.91827	934.11951
694.9704	934.03448
695.02246	927.82397
695.07458	925.44183
695.12671	924.60211
695.17883	931.28546
695.2309	932.27698
695.28302	927.44037
695.33514	930.57452
695.38721	927.50684
695.43933	930.73364
695.49146	931.13214
695.54358	928.5835
695.59564	927.85791
695.64777	929.95569
695.69989	932.83331
695.75195	929.97589
695.80408	927.74982
695.8562	930.19415
695.90826	937.40369
695.96039	936.79517
696.01251	933.55341
696.06464	937.55054
696.1167	935.35278
696.16882	932.52155
696.22095	930.04071
696.27301	931.88281
696.32513	938.60712
696.37726	940.10217
696.42938	941.84155
696.48145	939.62018
696.53357	938.22296
696.58569	938.6214
696.63776	938.53143
696.68988	939.65668
696.742	944.01666
696.79413	943.64392
696.84619	938.62671
696.89832	943.64307
696.95044	948.54266
697.0025	950.55731
697.05463	948.10046
697.10675	946.69275
697.15881	950.22015
697.21094	952.40106
697.26306	943.98956
697.31519	949.1142
697.36725	956.25983
697.41937	950.53058
697.4715	945.88599
697.52356	951.70966
697.57568	954.05164
697.62781	949.422
697.67993	952.94543
697.73199	954.15112
697.78412	957.0061
697.83624	949.79919
697.88831	951.06299
697.94043	947.83472
697.99255	946.70667
698.04462	948.78894
698.09674	952.18085
698.14886	946.45197
698.20099	958.10535
698.25305	962.31964
698.30518	954.87677
698.3573	948.1344
698.40936	960.61896
698.46149	949.86926
698.51361	942.93866
698.56573	945.46643
698.6178	953.32953
698.66992	945.29028
698.72205	942.12927
698.77411	948.55402
698.82623	937.12897
698.87836	947.48444
698.93048	941.04736
698.98254	940.21802
699.03467	944.26721
699.08679	937.45575
699.13885	935.61945
699.19098	936.69647
699.2431	937.69769
699.29517	928.72504
699.34729	935.69318
699.39941	937.25989
699.45154	938.38232
699.5036	933.14594
699.55573	930.1839
699.60785	928.47217
699.65991	932.75964
699.71204	940.50781
699.76416	932.75061
699.81628	931.41956
699.86835	930.91107
699.92047	929.88831
699.9726	929.01355
700.02466	932.69672
700.07678	926.37762
700.12891	925.13544
700.18103	924.01855
700.23309	929.54492
700.28522	932.06995
700.33734	929.12952
700.3894	925.35608
700.44153	931.1167
700.49365	938.37115
700.54572	932.40479
700.59784	925.12744
700.64996	928.88751
700.70209	932.27789
700.75415	928.26251
700.80627	931.07422
700.8584	932.93042
700.91046	939.09692
700.96259	935.39325
701.01471	927.40686
701.06683	934.30493
701.1189	931.57867
701.17102	923.91162
701.22314	927.99988
701.27521	931.07056
701.32733	930.99548
701.37946	929.64972
701.43152	929.16797
701.48364	927.64886
701.53577	929.45984
701.58789	927.98022
701.63995	924.39142
701.69208	925.74316
701.7442	928.26544
701.79626	927.41193
701.84839	927.59436
701.90051	926.255
701.95264	928.51727
702.0047	929.5592
702.05682	929.58972
702.10895	929.42548
702.16101	926.64197
702.21313	924.06805
702.26526	930.20648
702.31738	936.49976
702.36945	931.7807
702.42157	921.65851
702.47369	930.13794
702.52576	930.7533
702.57788	925.61249
702.63	921.42511
702.68207	926.20593
702.73419	929.06366
702.78632	923.27643
702.83844	923.22485
702.8905	925.35938
702.94263	920.69733
702.99475	922.48578
703.04681	922.49164
703.09894	922.29456
703.15106	923.11816
703.20319	922.86914
703.25525	924.9057
703.30737	930.43536
703.3595	925.19147
703.41156	915.91656
703.46368	916.55042
703.51581	929.37134
703.56793	923.93372
703.62	926.48315
703.67212	919.77228
703.72424	930.08087
703.77631	930.27362
703.82843	925.42963
703.88055	929.13727
703.93262	929.23914
703.98474	929.73279
704.03687	927.6958
704.08899	919.87018
704.14105	929.26489
704.19318	930.28204
704.2453	919.14105
704.29736	927.7149
704.34949	927.33936
704.40161	922.64282
704.45374	927.65991
704.5058	927.25085
704.55792	927.47742
704.61005	926.48376
704.66211	931.33423
704.71423	925.18939
704.76636	922.41412
704.81848	924.08997
704.87054	925.82855
704.92267	924.1734
704.97479	924.65985
705.02686	926.46027
705.07898	925.33777
705.1311	924.3877
705.18317	924.08221
705.23529	920.02795
705.28741	918.79956
705.33954	921.99963
705.3916	926.77008
705.44373	929.05438
705.49585	925.9693
705.54791	922.44592
705.60004	924.58978
705.65216	927.62494
705.70428	927.10168
705.75635	927.72736
705.80847	926.74658
705.8606	922.19806
705.91266	925.41254
705.96478	925.10419
706.01691	925.30676
706.06897	925.59729
706.12109	926.67834
706.17322	925.42145
706.22534	926.87128
706.2774	930.48364
706.32953	925.69257
706.38165	923.07648
706.43372	923.82202
706.48584	923.54797
706.53796	922.04449
706.59009	921.56256
706.64215	926.72217
706.69427	929.66962
706.7464	925.72247
706.79846	921.53015
706.85059	923.86578
706.90271	928.9389
706.95483	922.60785
707.0069	917.84546
707.05902	921.51062
707.11115	926.74463
707.16321	924.27094
707.21533	920.02332
707.26746	927.47522
707.31952	927.38782
707.37164	923.06342
707.42377	920.9411
707.47589	924.11066
707.52795	920.3725
707.58008	919.24091
707.6322	930.07104
707.68427	929.27106
707.73639	926.43115
707.78851	925.19415
707.84064	926.58032
707.8927	926.97607
707.94482	917.91541
707.99695	920.55554
708.04901	924.42389
708.10114	922.82043
708.15326	926.36572
708.20538	919.91766
708.25745	918.50629
708.30957	926.1214
708.36169	927.40198
708.41376	923.2807
708.46588	917.78979
708.51801	927.38354
708.57007	921.69739
708.62219	919.9718
708.67432	924.83435
708.72644	922.43683
708.7785	919.94745
708.83063	925.8476
708.88275	922.00848
708.93481	925.4859
708.98694	926.94391
709.03906	918.80658
709.09119	925.34076
709.14325	930.42242
709.19537	924.80719
709.2475	920.47168
709.29956	929.0224
709.35168	925.2608
709.40381	917.94727
709.45587	918.06067
709.508	918.20862
709.56012	926.9184
709.61224	923.43488
709.66431	918.16541
709.71643	921.56818
709.76855	922.12665
709.82062	921.34796
709.87274	921.34448
709.92487	922.1225
709.97699	924.20166
710.02905	922.55853
710.08118	920.36432
710.1333	920.82745
710.18536	918.39832
710.23749	921.33228
710.28961	918.65894
710.34174	921.96887
710.3938	925.34454
710.44592	917.13873
710.49805	910.33374
710.55011	916.70746
710.60223	920.08929
710.65436	918.30487
710.70642	921.31531
710.75854	930.48102
710.81067	927.33197
710.86279	920.96075
710.91486	923.48761
710.96698	924.77179
711.0191	921.20868
711.07117	919.06641
711.12329	921.59167
711.17542	922.48578
711.22754	923.08893
711.2796	925.17224
711.33173	923.63531
711.38385	924.70764
711.43591	922.50787
711.48804	919.42908
711.54016	921.11902
711.59229	926.07245
711.64435	923.98456
711.69647	924.71387
711.7486	925.88147
711.80066	925.02765
711.85278	922.25916
711.90491	925.48712
711.95697	922.12897
712.00909	927.20532
712.06122	927.07581
712.11334	924.2923
712.16541	923.6922
712.21753	926.04803
712.26965	921.49701
712.32172	918.96582
712.37384	926.90216
712.42596	924.50055
712.47809	924.94275
712.53015	923.44946
712.58228	927.52344
712.6344	924.18079
712.68646	923.20953
712.73859	920.42798
712.79071	918.31
712.84277	925.14417
712.8949	928.95343
712.94702	915.72357
712.99915	918.53137
713.05121	924.03748
713.10333	926.12042
713.15546	919.19409
713.20752	928.93793
713.25964	919.81256
713.31177	925.39191
713.36389	920.86633
713.41595	924.59088
713.46808	918.21906
713.5202	925.19666
713.57227	926.31293
713.62439	927.62042
713.67651	923.96039
713.72864	922.58392
713.7807	920.83942
713.83282	927.49664
713.88495	925.89343
713.93701	920.86652
713.98914	921.96783
714.04126	922.22491
714.09332	924.79602
714.14545	923.11511
714.19757	916.71484
714.24969	919.6488
714.30176	919.53955
714.35388	921.16071
714.40601	918.27319
714.45807	920.38904
714.51019	927.7027
714.56232	927.41754
714.61444	927.33795
714.6665	922.15442
714.71863	924.21234
714.77075	927.12964
714.82281	920.71405
714.87494	915.99054
714.92706	920.40161
714.97919	917.68408
715.03125	917.409
715.08337	923.60559
715.1355	921.73779
715.18756	916.25763
715.23969	919.69116
715.29181	929.00909
715.34387	930.01892
715.396	925.52234
715.44812	924.00885
715.50024	923.95465
715.55231	924.82196
715.60443	923.45673
715.65656	930.68256
715.70862	931.4328
715.76074	922.68713
715.81287	919.77649
715.86499	917.61511
715.91705	918.14191
715.96918	919.97845
716.0213	919.73059
716.07336	916.56018
716.12549	925.30634
716.17761	927.0639
716.22974	923.77142
716.2818	921.76221
716.33392	921.80725
716.38605	921.51349
716.43811	918.98029
716.49023	922.52008
716.54236	924.65533
716.59442	924.04919
716.64655	916.56415
716.69867	919.32965
716.75079	922.99902
716.80286	927.44232
716.85498	921.9361
716.9071	920.91302
716.95917	926.04993
717.01129	915.38806
717.06342	916.80219
717.11554	925.68707
717.1676	922.3797
717.21973	915.87036
717.27185	917.89471
717.32391	920.0177
717.37604	924.94092
717.42816	926.1795
717.48022	916.17242
717.53235	920.68311
717.58447	923.37573
717.6366	915.453
717.68866	920.07068
717.74078	918.67212
717.79291	920.3562
717.84497	918.06647
717.89709	920.12433
717.94922	924.77954
718.00134	927.76813
718.05341	924.13281
718.10553	924.35828
718.15765	920.55066
718.20972	919.07587
718.26184	921.4248
718.31396	920.48627
718.36609	919.24475
718.41815	921.72418
718.47028	917.27332
718.5224	916.07013
718.57446	919.64441
718.62659	924.9068
718.67871	917.86755
718.73077	921.6532
718.7829	921.22595
718.83502	919.96094
718.88715	921.12103
718.93921	921.11298
718.99133	919.97119
719.04346	917.84399
719.09552	911.78668
719.14764	912.78271
719.19977	920.60455
719.25189	918.65558
719.30396	912.03149
719.35608	914.41815
719.4082	923.74213
719.46027	919.97125
719.51239	913.60181
719.56451	914.12469
719.61664	917.21716
719.6687	916.12091
719.72083	915.01849
719.77295	921.55688
719.82501	919.89221
719.87714	918.3783
719.92926	917.96399
719.98132	918.76208
720.03345	919.53955
720.08557	923.05878
720.1377	918.78741
720.18976	923.41315
720.24188	921.17719
720.29401	921.36658
720.34607	924.11914
720.39819	922.97046
720.45032	918.81085
720.50244	912.9469
720.5545	914.33246
720.60663	918.64996
720.65875	918.22095
720.71082	918.58545
720.76294	919.55688
720.81506	920.56738
720.86713	920.61407
720.91925	921.09937
720.97137	922.09857
721.0235	919.10901
721.07556	919.97699
721.12769	914.0451
721.17981	912.61749
721.23187	913.46332
721.284	918.81976
721.33612	915.76312
721.38824	917.99988
721.44031	922.1712
721.49243	926.63892
721.54456	925.37799
721.59662	915.48456
721.64874	916.2052
721.70087	920.13538
721.75299	915.68646
721.80505	921.6142
721.85718	920.16455
721.9093	921.40887
721.96136	921.68634
722.01349	916.96686
722.06561	921.88953
722.11768	920.92188
722.1698	920.64209
722.22192	921.69293
722.27405	918.15192
722.32611	915.9743
722.37823	915.20178
722.43036	920.78638
722.48242	923.33026
722.53455	917.1001
722.58667	919.34906
722.63879	920.51392
722.69086	921.1416
722.74298	919.94409
722.7951	919.01849
722.84717	916.47607
722.89929	913.89545
722.95142	917.06146
723.00354	919.82239
723.0556	919.87952
723.10773	924.72833
723.15985	922.41821
723.21191	916.83026
723.26404	917.6355
723.31616	918.31378
723.36823	919.25208
723.42035	921.94373
723.47247	919.19458
723.5246	924.40009
723.57666	921.74982
723.62878	917.61725
723.68091	916.927
723.73297	919.18652
723.7851	916.4577
723.83722	911.10687
723.88934	915.10321
723.94141	925.76587
723.99353	916.71899
724.04565	914.40283
724.09772	918.25909
724.14984	922.38721
724.20197	918.90143
724.25403	913.87976
724.30615	921.63824
724.35828	925.17828
724.4104	914.95953
724.46246	916.77802
724.51459	914.43109
724.56671	925.27277
724.61877	919.83899
724.6709	915.9043
724.72302	917.85785
724.77515	917.9809
724.82721	920.15387
724.87933	917.87268
724.93146	922.88489
724.98352	914.89526
725.03564	922.51715
725.08777	916.90424
725.13989	918.19
725.19196	922.48413
725.24408	920.73053
725.2962	919.31726
725.34827	917.79578
725.40039	923.92883
725.45251	913.5719
725.50458	914.30664
725.5567	920.45599
725.60883	914.00787
725.66095	913.60181
725.71301	918.47003
725.76514	924.93317
725.81726	916.7691
725.86932	913.586
725.92145	920.61871
725.97357	923.37189
726.0257	922.20508
726.07776	916.91193
726.12988	914.65125
726.18201	917.82446
726.23407	918.36279
726.28619	914.54321
726.33832	918.29987
726.39044	919.58551
726.4425	913.60242
726.49463	917.24426
726.54675	925.12982
726.59882	926.28162
726.65094	921.35272
726.70306	920.25641
726.75513	918.71423
726.80725	921.39404
726.85938	922.3996
726.9115	913.96515
726.96356	915.71924
727.01569	918.90948
727.06781	919.20203
727.11987	916.99268
727.172	919.57196
727.22412	919.15869
727.27625	922.59729
727.32831	918.50464
727.38043	913.92914
727.43256	917.73376
727.48462	920.78302
727.53674	912.14526
727.58887	911.97974
727.64099	915.28253
727.69305	919.28558
727.74518	914.58942
727.7973	918.3728
727.84937	924.8432
727.90149	917.39417
727.95361	913.20636
728.00568	914.638
728.0578	911.27704
728.10992	920.19653
728.16205	922.15289
728.21411	922.49915
728.26624	920.22974
728.31836	915.61896
728.37042	915.94531
728.42255	919.49506
728.47467	924.40656
728.52679	916.39606
728.57886	915.10809
728.63098	925.20624
728.68311	916.99207
728.73517	916.26031
728.78729	915.20624
728.83942	914.95404
728.89148	914.95959
728.9436	918.93988
728.99573	915.77399
729.04785	916.177
729.09991	918.89905
729.15204	918.86823
729.20416	917.56012
729.25623	918.3172
729.30835	918.76111
729.36047	915.07953
729.4126	915.39832
729.46466	917.87671
729.51678	916.3797
729.56891	917.10858
729.62097	915.28638
729.6731	917.57098
729.72522	919.76343
729.77734	917.63251
729.82941	914.62811
729.88153	918.95386
729.93365	920.65631
729.98572	915.07477
730.03784	916.84967
730.08997	917.59149
730.14203	921.06812
730.19415	918.80975
730.24628	914.4342
730.2984	918.40045
730.35046	916.89301
730.40259	908.87
730.45471	915.86218
730.50677	917.43927
730.5589	920.49561
730.61102	919.46716
730.66315	922.63562
730.71521	921.79492
730.76733	915.0907
730.81946	916.98041
730.87152	918.7713
730.92365	922.53656
730.97577	921.57141
731.02789	915.85706
731.07996	918.27539
731.13208	922.28381
731.1842	919.98041
731.23627	916.93829
731.28839	913.92761
731.34052	914.58759
731.39258	920.41467
731.4447	920.41125
731.49683	920.6037
731.54895	922.57281
731.60101	917.95758
731.65314	908.3075
731.70526	920.8905
731.75732	916.84283
731.80945	912.98431
731.86157	919.03424
731.9137	914.84454
731.96576	917.3822
732.01788	910.59772
732.07001	913.32397
732.12207	917.92877
732.17419	914.90247
732.22632	913.88428
732.27838	913.63995
732.33051	919.88483
732.38263	921.59991
732.43475	915.95709
732.48682	917.19269
732.53894	921.79309
732.59106	923.20752
732.64313	917.13348
732.69525	912.7052
732.74738	915.81665
732.7995	916.52905
732.85156	915.41095
732.90369	913.73279
732.95581	913.46729
733.00787	916.63916
733.06	915.94177
733.11212	919.16656
733.16425	918.38281
733.21631	917.05652
733.26843	918.28174
733.32056	920.48132
733.37262	919.18396
733.42474	917.7442
733.47687	918.90332
733.52893	918.08386
733.58105	919.49048
733.63318	916.70282
733.6853	914.05011
733.73737	915.00031
733.78949	918.09314
733.84161	916.38708
733.89368	916.59174
733.9458	917.14594
733.99792	918.5575
734.05005	921.14514
734.10211	913.45258
734.15424	917.63141
734.20636	918.47919
734.25842	916.8728
734.31055	916.80908
734.36267	918.42487
734.41479	917.29016
734.46686	919.1524
734.51898	916.97076
734.57111	919.23529
734.62317	918.95056
734.67529	916.99603
734.72742	915.10175
734.77948	917.48505
734.8316	919.99707
734.88373	919.56036
734.93585	918.94299
734.98792	919.32288
735.04004	920.68634
735.09216	917.6662
735.14423	917.30383
735.19635	915.33472
735.24847	916.36078
735.3006	916.13416
735.35266	918.64117
735.40479	915.70105
735.45691	919.17773
735.50897	922.47803
735.5611	917.55182
735.61322	915.09088
735.66534	914.58344
735.71741	918.74933
735.76953	919.66907
735.82166	915.33356
735.87372	911.901
735.92584	918.21094
735.97797	916.9491
736.03003	916.48938
736.08215	919.21008
736.13428	914.66864
736.1864	913.06964
736.23846	916.33765
736.29059	917.74597
736.34271	916.67621
736.39478	913.25018
736.4469	914.19238
736.49902	918.53625
736.55115	919.63849
736.60321	914.58337
736.65533	911.05432
736.70746	922.21924
736.75952	921.90924
736.81165	920.80432
736.86377	924.27625
736.91583	917.89343
736.96796	915.68683
737.02008	919.04041
737.0722	907.66003
737.12427	916.0849
737.17639	914.66833
737.22852	918.5412
737.28058	917.06299
737.3327	916.60992
737.38483	916.38
737.43695	908.1051
737.48901	919.80853
737.54114	921.09711
737.59326	913.24231
737.64532	915.55029
737.69745	921.54913
737.74957	918.55225
737.8017	917.953
737.85376	915.8681
737.90588	920.22595
737.95801	922.10034
738.01007	917.42902
738.06219	914.46527
738.11432	917.65002
738.16638	916.46844
738.21851	913.92224
738.27063	919.72711
738.32275	918.6886
738.37482	912.62842
738.42694	917.06982
738.47906	920.98633
738.53113	916.17163
738.58325	917.03503
738.63538	918.17731
738.6875	917.51837
738.73956	916.18298
738.79169	915.65399
738.84381	917.6665
738.89587	918.90515
738.948	915.19385
739.00012	915.00122
739.05225	914.69922
739.10431	915.69171
739.15643	912.68268
739.20856	913.84778
739.26062	916.06958
739.31274	917.45905
739.36487	916.5592
739.41693	915.98938
739.46906	917.35181
739.52118	915.74255
739.5733	912.80499
739.62537	915.13544
739.67749	918.99799
739.72961	917.33405
739.78168	918.86938
739.8338	920.07098
739.88593	916.13971
739.93805	917.88379
739.99011	916.55371
740.04224	913.94482
740.09436	917.80542
740.14642	913.38617
740.19855	920.53448
740.25067	918.33655
740.30273	918.05737
740.35486	913.95844
740.40698	914.49597
740.45911	914.03424
740.51117	923.95569
740.56329	916.4494
740.61542	915.71973
740.66748	912.32544
740.7196	915.4223
740.77173	919.46985
740.82385	923.5213
740.87592	920.56506
740.92804	920.32996
740.98016	913.60321
741.03223	913.32257
741.08435	919.24097
741.13647	915.31628
741.1886	918.3526
741.24066	921.11035
741.29279	913.68378
741.34491	911.17157
741.39697	917.73022
741.4491	917.23712
741.50122	921.44824
741.55328	913.07172
741.60541	911.40265
741.65753	913.14905
741.70966	918.62848
741.76172	918.65515
741.81384	922.2218
741.86597	916.70239
741.91803	915.26532
741.97015	919.36389
742.02228	917.81702
742.0744	912.45673
742.12646	915.10114
742.17859	913.08392
742.23071	915.61127
742.28278	914.79974
742.3349	919.88593
742.38702	920.22778
742.43915	921.5661
742.49121	919.32916
742.54333	913.66809
742.59546	919.71326
742.64752	921.07422
742.69965	917.55255
742.75177	912.54407
742.80383	916.98303
742.85596	914.91766
742.90808	915.66998
742.96021	916.11877
743.01227	915.60034
743.06439	915.18488
743.11652	913.72754
743.16858	913.83014
743.2207	915.68256
743.27283	918.66589
743.32495	917.24152
743.37701	912.08795
743.42914	914.50916
743.48126	916.93359
743.53333	919.26123
743.58545	922.7356
743.63757	919.41187
743.68964	918.13336
743.74176	915.24133
743.79388	914.32159
743.84601	914.97882
743.89807	914.76245
743.9502	919.01514
744.00232	917.25476
744.05438	911.16736
744.10651	918.90143
744.15863	914.90253
744.21075	915.50714
744.26282	918.54523
744.31494	917.0177
744.36707	919.54333
744.41913	917.51196
744.47125	917.08197
744.52338	917.52173
744.5755	916.22339
744.62756	916.98584
744.67969	921.71051
744.73181	915.93726
744.78387	914.12549
744.836	917.45264
744.88812	918.53711
744.94019	921.54364
744.99231	916.57568
745.04443	919.02838
745.09656	918.57928
745.14862	919.36975
745.20074	916.18665
745.25287	912.02386
745.30493	917.47528
745.35706	916.57294
745.40918	913.64471
745.4613	918.57104
745.51337	921.93231
745.56549	921.50543
745.61761	921.50177
745.66968	920.71265
745.7218	917.38934
745.77393	917.77643
745.82605	919.64978
745.87811	917.99628
745.93024	919.91028
745.98236	917.54065
746.03442	919.71289
746.08655	919.45404
746.13867	914.64105
746.19073	916.1651
746.24286	920.81091
746.29498	917.41473
746.34711	912.93304
746.39917	917.73962
746.45129	920.58704
746.50342	918.69183
746.55548	914.69318
746.6076	917.38635
746.65973	916.52405
746.71185	917.09778
746.76392	917.18652
746.81604	914.15118
746.86816	915.77979
746.92023	917.10028
746.97235	914.74292
747.02448	917.10358
747.0766	921.65076
747.12866	918.40881
747.18079	912.63531
747.23291	914.96643
747.28497	916.42255
747.3371	914.89691
747.38922	913.37183
747.44128	917.672
747.49341	915.32263
747.54553	915.86737
747.59766	913.94501
747.64972	915.46271
747.70184	916.35602
747.75397	912.10217
747.80603	918.72473
747.85815	916.43011
747.91028	919.42566
747.9624	924.4964
748.01447	917.71246
748.06659	912.45624
748.11871	923.21332
748.17078	917.24982
748.2229	920.39209
748.27502	920.35577
748.32709	916.57166
748.37921	912.03748
748.43134	910.3587
748.48346	912.74945
748.53552	918.75684
748.58765	918.2981
748.63977	918.68494
748.69183	914.36383
748.74396	916.25623
748.79608	915.88068
748.84821	917.27576
748.90027	916.97876
748.95239	914.77655
749.00452	918.44525
749.05658	915.76447
749.1087	913.77826
749.16083	917.87677
749.21295	911.62469
749.26501	914.25842
749.31714	917.15686
749.36926	914.28046
749.42133	916.99615
749.47345	915.12445
749.52557	915.53656
749.57764	914.01648
749.62976	918.55792
749.68188	924.96295
749.73401	920.38232
749.78607	919.47717
749.8382	915.55328
749.89032	913.46783
749.94238	918.07886
749.99451	918.44934
750.04663	913.83105
750.09875	915.35938
750.15082	913.9137
750.20294	916.07355
750.25507	918.90979
750.30713	916.90509
750.35925	916.50317
750.41138	917.06549
750.4635	915.11407
750.51556	916.91443
750.56769	915.7608
750.61981	917.21613
750.67188	917.21155
750.724	920.95062
750.77612	919.33984
750.82819	919.58771
750.88031	919.12122
750.93243	915.0434
750.98456	912.92529
751.03662	919.06769
751.08875	921.25293
751.14087	921.86285
751.19293	916.77332
751.24506	912.38599
751.29718	916.36151
751.3493	916.79181
751.40137	912.06366
751.45349	920.74634
751.50562	916.60846
751.55768	916.89209
751.6098	923.28381
751.66193	915.51935
751.71399	915.03333
751.76611	916.46997
751.81824	917.9892
751.87036	915.17639
751.92242	917.50787
751.97455	913.58081
752.02667	921.96631
752.07874	912.81702
752.13086	923.06647
752.18298	923.0686
752.23511	915.11072
752.28717	916.07867
752.33929	916.42804
752.39142	915.6463
752.44348	917.19299
752.49561	920.3963
752.54773	914.9256
752.59985	919.33197
752.65192	917.91968
752.70404	916.56958
752.75616	918.90552
752.80823	913.49872
752.86035	914.40344
752.91248	916.57806
752.96454	916.21521
753.01666	917.06323
753.06879	917.56
753.12091	922.30011
753.17297	919.38068
753.2251	914.25079
753.27722	912.00726
753.32928	913.05811
753.38141	913.8761
753.43353	919.25427
753.48566	916.68677
753.53772	913.07367
753.58984	917.34558
753.64197	917.70837
753.69403	917.2298
753.74615	918.14105
753.79828	924.22644
753.8504	922.36462
753.90247	917.28571
753.95459	916.14386
754.00671	910.96381
754.05878	917.1391
754.1109	921.44855
754.16302	917.29791
754.21509	917.41608
754.26721	919.77148
754.31934	915.82098
754.37146	921.44617
754.42352	916.65747
754.47565	915.38483
754.52777	917.79706
754.57983	917.59094
754.63196	920.17145
754.68408	915.15253
754.73621	918.85431
754.78827	919.01221
754.84039	921.8811
754.89252	918.83081
754.94458	909.38098
754.9967	918.3902
755.04883	919.34192
755.10089	912.71777
755.15302	913.77606
755.20514	920.18298
755.25726	922.81122
755.30933	921.3089
755.36145	919.68909
755.41357	914.73132
755.46564	913.10687
755.51776	917.77148
755.56989	917.39697
755.62201	917.92462
755.67407	914.86023
755.7262	915.01367
755.77832	914.62311
755.83038	919.79712
755.88251	912.17725
755.93463	919.04578
755.98676	914.72034
756.03882	915.20013
756.09094	912.91492
756.14307	916.80725
756.19513	918.54895
756.24725	917.13287
756.29938	911.77405
756.35144	910.24457
756.40356	912.25403
756.45569	916.07813
756.50781	915.75134
756.55988	918.72931
756.612	918.07062
756.66412	917.48547
756.71619	915.90448
756.76831	914.84485
756.82043	915.63092
756.87256	916.2052
756.92462	918.63879
756.97675	918.11841
757.02887	913.70337
757.08093	912.56317
757.13306	919.01221
757.18518	918.47229
757.2373	916.85327
757.28937	916.91571
757.34149	916.18152
757.39362	913.5036
757.44568	919.70807
757.4978	918.25623
757.54993	915.44818
757.60199	915.53082
757.65411	916.03571
757.70624	917.69379
757.75836	920.50787
757.81042	914.32782
757.86255	915.5116
757.91467	916.55951
757.96674	915.78491
758.01886	918.67615
758.07098	919.57373
758.12311	922.33582
758.17517	918.02118
758.22729	912.93542
758.27942	915.4787
758.33148	919.98016
758.38361	915.16791
758.43573	917.59827
758.48785	916.11224
758.53992	916.42505
758.59204	911.98236
758.64417	910.63196
758.69623	917.09369
758.74835	911.81793
758.80048	910.19672
758.85254	914.78564
758.90466	916.93829
758.95679	919.38348
759.00891	909.9259
759.06097	914.08276
759.1131	916.84583
759.16522	918.46155
759.21729	914.92023
759.26941	916.34454
759.32153	919.42517
759.37366	914.76105
759.42572	914.67572
759.47784	918.3775
759.52997	917.39648
759.58203	913.38647
759.63416	912.71185
759.68628	913.68951
759.73834	913.59082
759.79047	913.88934
759.84259	913.90405
759.89471	914.53717
759.94678	916.24768
759.9989	918.21973
760.05103	918.02673
760.10309	920.69757
760.15521	918.78497
760.20734	913.04999
760.25946	912.48663
760.31152	913.7843
760.36365	913.65057
760.41577	918.71698
760.46783	916.75146
760.51996	917.21985
760.57208	917.0401
760.62421	920.078
760.67627	919.96271
760.72839	914.88269
760.78052	919.27466
760.83258	918.94885
760.8847	911.52399
760.93683	916.98853
760.98889	915.88239
761.04102	909.36426
761.09314	911.50958
761.14526	914.16681
761.19733	917.62494
761.24945	912.76227
761.30157	915.26379
761.35364	912.97406
761.40576	917.8382
761.45789	913.91351
761.51001	917.57593
761.56207	924.87634
761.6142	913.05743
761.66632	915.5376
761.71838	912.02893
761.77051	918.42712
761.82263	918.41785
761.87476	915.51147
761.92682	915.61957
761.97894	911.76587
762.03107	911.15363
762.08313	911.43622
762.13525	914.40686
762.18738	910.33191
762.23944	907.74542
762.29156	912.73114
762.34369	920.34167
762.39581	915.50385
762.44788	914.65302
762.5	915.04041
762.55212	917.2605
762.60419	916.24298
762.65631	912.93018
762.70844	915.74646
762.76056	916.95605
762.81262	912.96454
762.86475	910.05267
762.91687	914.31421
762.96893	919.82916
763.02106	926.17188
763.07318	924.38293
763.12524	916.97876
763.17737	912.90295
763.22949	909.74249
763.28162	916.94049
763.33368	913.03656
763.3858	914.90527
763.43793	917.57239
763.48999	917.25128
763.54211	912.2157
763.59424	914.66229
763.64636	916.99512
763.69843	911.82831
763.75055	911.02423
763.80267	914.46497
763.85474	918.12177
763.90686	917.87701
763.95898	919.44592
764.01111	917.07068
764.06317	919.86115
764.1153	915.61389
764.16742	916.14032
764.21948	915.72278
764.27161	914.72406
764.32373	912.2146
764.37579	919.20703
764.42792	920.97858
764.48004	913.63574
764.53217	912.96606
764.58423	916.92688
764.63635	913.76587
764.68848	910.40533
764.74054	912.64575
764.79266	915.89465
764.84479	916.89557
764.89691	915.65289
764.94897	916.17731
765.0011	916.6568
765.05322	912.01367
765.10529	914.4693
765.15741	917.42444
765.20953	915.02533
765.26166	912.98419
765.31372	911.96405
765.36584	915.13043
765.41797	916.60352
765.47003	914.38025
765.52216	916.95282
765.57428	913.52332
765.62634	913.00397
765.67847	912.92535
765.73059	910.37494
765.78271	913.65051
765.83478	916.51117
765.8869	916.44391
765.93903	915.89136
765.99109	913.41309
766.04321	915.5708
766.09534	916.02429
766.14746	914.42877
766.19952	919.30481
766.25165	919.69867
766.30377	917.51514
766.35583	913.49268
766.40796	913.1427
766.46008	909.79791
766.51215	913.53094
766.56427	915.03625
766.61639	910.60321
766.66852	915.29742
766.72058	919.89655
766.77271	917.07526
766.82483	915.63763
766.87689	917.76208
766.92902	914.79456
766.98114	914.50702
767.03326	913.54694
767.08533	915.93781
767.13745	917.98407
767.18958	914.02429
767.24164	916.37878
767.29376	912.85956
767.34589	910.9024
767.39801	916.12225
767.45007	913.01239
767.5022	917.09143
767.55432	914.61224
767.60638	915.9585
767.65851	918.09204
767.71063	916.65863
767.7627	918.22687
767.81482	919.1463
767.86694	915.3949
767.91907	920.10522
767.97113	915.70416
768.02325	912.49725
768.07538	916.59442
768.12744	916.10419
768.17957	915.30096
768.23169	914.4035
768.28381	914.67902
768.33588	912.91223
768.388	912.68304
768.44012	915.46191
768.49219	915.2287
768.54431	912.41461
768.59644	914.44965
768.64856	912.65485
768.70062	914.35242
768.75275	916.79724
768.80487	914.56366
768.85693	912.43903
768.90906	915.0882
768.96118	916.20575
769.01324	909.72772
769.06537	909.66711
769.11749	915.18109
769.16962	915.00336
769.22168	921.18365
769.2738	917.89404
769.32593	913.14734
769.37799	911.52142
769.43011	912.17328
769.48224	911.90369
769.53436	917.96283
769.58643	921.06281
769.63855	916.74573
769.69067	913.04486
769.74274	918.53705
769.79486	913.45435
769.84698	915.29401
769.89911	910.89661
769.95117	917.97461
770.0033	908.32178
770.05542	909.64624
770.10748	920.4693
770.15961	917.0072
770.21173	914.78101
770.26379	915.82629
770.31592	920.41534
770.36804	913.0119
770.42017	910.7049
770.47223	913.46301
770.52435	911.25598
770.57648	912.21924
770.62854	911.75696
770.68066	915.32324
770.73279	916.59967
770.78491	915.2821
770.83698	915.95264
770.8891	915.47296
770.94122	914.98395
770.99329	911.50348
771.04541	915.00543
771.09753	916.98615
771.1496	916.2298
771.20172	914.19507
771.25385	919.01434
771.30597	920.88605
771.35803	914.87354
771.41016	913.86664
771.46228	917.41235
771.51434	918.56573
771.56647	914.64368
771.61859	913.01465
771.67072	912.49493
771.72278	918.15918
771.7749	911.98431
771.82703	912.38751
771.87909	914.81152
771.93121	914.37567
771.98334	915.76709
772.03546	915.32849
772.08752	914.72736
772.13965	905.9975
772.19177	915.26044
772.24384	915.28168
772.29596	912.82324
772.34808	908.85266
772.40015	917.32043
772.45227	911.70929
772.50439	916.6438
772.55652	920.47534
772.60858	915.09039
772.66071	914.34662
772.71283	910.77966
772.76489	912.54895
772.81702	912.60571
772.86914	916.31543
772.92126	916.16449
772.97333	909.83917
773.02545	914.22705
773.07758	916.87024
773.12964	912.32141
773.18176	915.66986
773.23389	914.71411
773.28601	913.51593
773.33807	911.87708
773.3902	916.60968
773.44232	919.29712
773.49438	916.44543
773.54651	910.04767
773.59863	911.34045
773.6507	912.81433
773.70282	914.89996
773.75494	915.06689
773.80707	914.32788
773.85913	913.88837
773.91125	914.797
773.96338	913.56567
774.01544	914.88989
774.06757	913.19507
774.11969	915.92468
774.17181	913.74231
774.22388	909.98248
774.276	913.34015
774.32813	915.71265
774.38019	913.39966
774.43231	917.05066
774.48444	914.57678
774.5365	913.87946
774.58862	911.50824
774.64075	912.65741
774.69287	914.26398
774.74493	914.46381
774.79706	915.36572
774.84918	916.3822
774.90125	908.87958
774.95337	916.67596
775.00549	916.94562
775.05762	913.45996
775.10968	915.34784
775.1618	912.43469
775.21393	912.21698
775.26599	909.65863
775.31812	912.54846
775.37024	917.48694
775.42236	917.60669
775.47443	916.08881
775.52655	915.72711
775.57867	911.55713
775.63074	915.45148
775.68286	917.28314
775.73499	909.23694
775.78705	914.70844
775.83917	922.22632
775.8913	922.22681
775.94342	921.2406
775.99548	917.02698
776.04761	915.8894
776.09973	916.08545
776.15179	913.2428
776.20392	913.74036
776.25604	915.61304
776.30817	914.33167
776.36023	910.68793
776.41235	909.73169
776.46448	913.43073
776.51654	911.46527
776.56866	911.92267
776.62079	916.06732
776.67291	914.03064
776.72498	908.92108
776.7771	913.99084
776.82922	916.81799
776.88129	920.53632
776.93341	915.68622
776.98553	912.62695
777.0376	917.95886
777.08972	916.8125
777.14185	916.29614
777.19397	916.72882
777.24603	910.08502
777.29816	917.06293
777.35028	914.9729
777.40234	909.51221
777.45447	912.69928
777.50659	912.27728
777.55872	919.22272
777.61078	917.39331
777.6629	920.22742
777.71503	919.32709
777.76709	914.75232
777.81921	914.4256
777.87134	912.54596
777.9234	914.06982
777.97552	914.10632
778.02765	915.58258
778.07977	909.26666
778.13184	916.41846
778.18396	920.06415
778.23608	911.56366
778.28815	911.1037
778.34027	916.48901
778.3924	912.65997
778.44452	914.22351
778.49658	918.61072
778.54871	916.82965
778.60083	913.69409
778.65289	913.45337
778.70502	915.66626
778.75714	911.97089
778.80927	908.87708
778.86133	913.70142
778.91345	917.12823
778.96558	916.35553
779.01764	915.79083
779.06976	912.27362
779.12189	910.50922
779.17395	910.11597
779.22607	911.31342
779.2782	912.52637
779.33032	914.06512
779.38239	911.24725
779.43451	912.51813
779.48663	914.07147
779.5387	918.47284
779.59082	910.76776
779.64294	911.07837
779.69507	914.58374
779.74713	916.22778
779.79926	911.70581
779.85138	916.08478
779.90344	913.98322
779.95557	910.99353
780.00769	913.74036
780.05981	915.95465
780.11188	916.60638
780.164	912.52325
780.21613	912.01428
780.26819	917.15027
780.32031	913.29523
780.37244	914.0047
780.4245	911.21179
780.47662	913.0506
780.52875	910.05853
780.58087	912.47357
780.63293	917.01013
780.68506	916.96216
780.73718	915.38055
780.78925	913.03625
780.84137	913.69
780.89349	914.62549
780.94562	911.66803
780.99768	911.93896
781.0498	913.72882
781.10193	914.34424
781.15399	911.56885
781.20612	914.06274
781.25824	912.36377
781.31036	913.57849
781.36243	915.64319
781.41455	915.95264
781.46667	914.20862
781.51874	914.26465
781.57086	909.1153
781.62299	912.36414
781.67505	920.36249
781.72717	918.71539
781.7793	915.38422
781.83142	911.59357
781.88348	914.13428
781.93561	916.6972
781.98773	916.02466
782.03979	919.65167
782.09192	916.68579
782.14404	914.18323
782.19617	914.78815
782.24823	916.38983
782.30035	915.14667
782.35248	917.22052
782.40454	918.29987
782.45667	917.71094
782.50879	918.57947
782.56085	918.43903
782.61298	915.79706
782.6651	916.71356
782.71722	918.66937
782.76929	912.54053
782.82141	915.01642
782.87354	914.17603
782.9256	913.87097
782.97772	915.58093
783.02985	917.67334
783.08197	917.20776
783.13403	916.83649
783.18616	916.64575
783.23828	919.19318
783.29034	919.81592
783.34247	918.22461
783.39459	922.85626
783.44672	920.0705
783.49878	922.72717
783.5509	920.70514
783.60303	918.20526
783.65509	922.71613
783.70721	917.15643
783.75934	922.4729
783.8114	924.33795
783.86353	917.42932
783.91565	919.50269
783.96777	922.96332
784.01984	914.12811
784.07196	912.96533
784.12408	914.23352
784.17615	914.37518
784.22827	914.37018
784.2804	924.80072
784.33252	916.54852
784.38458	919.60553
784.43671	923.67194
784.48883	915.48193
784.54089	919.30444
784.59302	917.36298
784.64514	920.83777
784.69727	921.85144
784.74933	923.13776
784.80145	926.5509
784.85358	913.39258
784.90564	915.1911
784.95776	922.19659
785.00989	923.92102
785.06195	919.62073
785.11407	922.41669
785.1662	925.90424
785.21832	921.44397
785.27039	923.51416
785.32251	921.31299
785.37463	920.32782
785.4267	924.97772
785.47882	917.7157
785.53094	917.90796
785.58307	918.51733
785.63513	925.1275
785.68726	929.22815
785.73938	927.2063
785.79144	924.00964
785.84357	926.79565
785.89569	926.82507
785.94775	922.92139
785.99988	924.69128
786.052	920.58966
786.10413	919.66272
786.15619	920.18939
786.20831	916.56104
786.26044	920.63708
786.3125	921.48218
786.36462	920.29663
786.41675	921.31085
786.46887	922.97839
786.52094	919.97028
786.57306	923.68347
786.62518	922.6214
786.67725	919.70349
786.72937	924.3584
786.78149	923.10223
786.83362	917.46503
786.88568	926.50909
786.93781	918.11877
786.98993	923.13721
787.04199	922.07446
787.09412	915.10016
787.14624	921.66595
787.1983	930.32031
787.25043	925.10803
787.30255	926.49463
787.35468	929.48608
787.40674	935.96436
787.45886	922.64661
787.51099	922.13953
787.56305	925.18842
787.61517	927.80408
787.6673	922.68622
787.71942	923.94745
787.77148	923.9964
787.82361	934.08917
787.87573	920.91687
787.9278	925.74304
787.97992	924.68573
788.03204	925.49146
788.08417	918.55792
788.13623	922.41785
788.18835	919.56104
788.24048	926.90558
788.29254	925.67297
788.34467	924.75824
788.39679	925.90796
788.44885	924.2403
788.50098	927.70233
788.5531	929.53784
788.60522	929.42664
788.65729	925.09332
788.70941	925.81116
788.76154	928.18195
788.8136	926.87531
788.86572	925.96637
788.91785	932.57782
788.96997	930.37457
789.02203	925.34729
789.07416	928.17249
789.12628	931.80518
789.17834	935.87439
789.23047	932.51282
789.28259	933.29291
789.33466	935.46033
789.38678	934.10675
789.4389	929.98676
789.49103	932.00836
789.54309	935.6369
789.59521	931.57001
789.64734	929.93726
789.6994	929.14661
789.75153	926.91559
789.80365	928.89606
789.85577	930.68488
789.90784	936.51251
789.95996	929.93927
790.01208	936.99402
790.06415	926.90387
790.11627	936.6629
790.1684	928.80945
790.22052	937.64001
790.27258	930.45221
790.32471	930.45129
790.37683	936.2663
790.42889	931.995
790.48102	925.61298
790.53314	942.57263
790.58521	938.95099
790.63733	934.81061
790.68945	932.70459
790.74158	941.84967
790.79364	931.26349
790.84576	930.55219
790.89789	929.9967
790.94995	935.06427
791.00208	941.41052
791.0542	933.37415
791.10632	932.00214
791.15839	936.8526
791.21051	941.32251
791.26263	941.66791
791.3147	937.15717
791.36682	931.02631
791.41895	933.68066
791.47107	932.7923
791.52313	934.79956
791.57526	934.33228
791.62738	935.72314
791.67944	936.03253
791.73157	937.92633
791.78369	940.20099
791.83575	941.23303
791.88788	940.46185
791.94	938.4707
791.99213	932.7215
792.04419	930.53162
792.09631	926.68005
792.14844	930.9881
792.2005	928.01654
792.25262	935.56024
792.30475	933.52911
792.35687	933.86334
792.40894	937.80951
792.46106	933.60583
792.51318	933.43805
792.56525	937.44525
792.61737	929.3349
792.66949	925.9856
792.72162	934.55811
792.77368	927.12396
792.82581	933.12933
792.87793	930.40222
792.92999	930.19623
792.98212	929.21149
793.03424	927.68915
793.0863	933.23364
793.13843	935.37384
793.19055	927.91016
793.24268	931.67328
793.29474	931.96033
793.34686	934.89728
793.39899	934.69263
793.45105	924.56934
793.50317	937.21783
793.5553	933.20764
793.60742	926.95917
793.65948	932.59436
793.71161	929.64276
793.76373	932.08673
793.8158	935.21423
793.86792	934.9187
793.92004	933.93048
793.97211	938.74628
794.02423	935.63837
794.07635	933.69525
794.12848	935.62842
794.18054	935.6062
794.23267	935.83813
794.28479	931.59509
794.33685	929.67712
794.38898	938.87592
794.4411	938.42896
794.49323	934.49048
794.54529	934.99109
794.59741	938.12256
794.64954	934.1286
794.7016	936.18292
794.75372	936.66412
794.80585	939.37451
794.85797	933.35675
794.91003	930.60492
794.96216	937.55133
795.01428	930.75995
795.06635	935.92822
795.11847	940.10071
795.17059	936.12299
795.22266	939.95563
795.27478	939.76202
795.3269	938.22833
795.37903	943.30359
795.43109	932.29742
795.48322	941.14099
795.53534	934.00574
795.5874	933.50104
795.63953	933.49719
795.69165	929.00836
795.74377	944.35364
795.79584	938.02539
795.84796	938.71344
795.90009	934.07996
795.95215	930.22119
796.00427	937.80713
796.0564	942.92041
796.10852	937.41962
796.16058	941.02197
796.21271	933.75305
796.26483	932.60529
796.31689	937.36517
796.36902	935.37622
796.42114	937.33673
796.47321	932.83716
796.52533	936.37372
796.57745	938.57758
796.62958	937.64502
796.68164	935.87878
796.73376	936.72668
796.78589	943.51703
796.83795	938.92328
796.89008	936.17474
796.9422	940.71387
796.99432	939.88336
797.04639	933.89386
797.09851	934.16125
797.15063	934.66736
797.2027	934.00897
797.25482	936.99603
797.30695	934.07617
797.35901	934.08752
797.41113	938.18866
797.46326	936.62708
797.51538	934.65497
797.56744	935.07996
797.61957	935.35181
797.67169	938.02625
797.72375	945.12769
797.77588	938.78644
797.828	938.90234
797.88013	944.4118
797.93219	933.63147
797.98431	945.5813
798.03644	934.61499
798.0885	937.4964
798.14063	941.13403
798.19275	935.98212
798.24487	947.68365
798.29694	941.27264
798.34906	938.26727
798.40118	937.65106
798.45325	943.85822
798.50537	938.37878
798.5575	938.83447
798.60956	936.27759
798.66168	942.92847
798.71381	941.15753
798.76593	930.80945
798.81799	938.07776
798.87012	933.99646
798.92224	934.88452
798.9743	935.11346
799.02643	935.49341
799.07855	937.72278
799.13068	936.70605
799.18274	931.65741
799.23486	931.82483
799.28699	932.01746
799.33905	929.12524
799.39117	929.72974
799.4433	928.6095
799.49542	930.69843
799.54749	933.48273
799.59961	934.12781
799.65173	932.70258
799.7038	935.25183
799.75592	936.90063
799.80804	939.12708
799.86011	943.20605
799.91223	940.1272
799.96436	931.63831
800.01648	935.25024
800.06854	934.60571
800.12067	937.57458
800.17279	936.89752
800.22485	936.93628
800.27698	930.78259
800.3291	935.28735
800.38123	929.93597
800.43329	938.96869
800.48541	942.40228
800.53754	943.08838
800.5896	941.74969
800.64172	938.32654
800.69385	939.57355
800.74597	938.14288
800.79803	937.19568
800.85016	947.46405
800.90228	942.18365
800.95435	943.85095
801.00647	946.78491
801.05859	944.10364
801.11066	947.89551
801.16278	947.1322
801.2149	949.034
801.26703	943.88715
801.31909	943.18909
801.37122	944.77209
801.42334	949.74408
801.4754	949.12701
801.52753	943.00018
801.57965	953.35657
801.63177	954.50433
801.68384	952.65216
801.73596	949.70648
801.78809	941.63702
801.84015	940.39709
801.89227	943.37152
801.9444	946.61597
801.99646	945.77222
802.04858	946.0108
802.10071	940.69049
802.15283	941.2627
802.2049	945.59442
802.25702	942.40851
802.30914	944.36407
802.36121	947.9696
802.41333	953.48877
802.46545	941.92511
802.51758	937.61475
802.56964	941.4068
802.62177	937.60217
802.67389	939.45593
802.72595	939.68335
802.77808	941.10425
802.8302	942.30615
802.88232	942.46527
802.93439	938.94385
802.98651	944.76941
803.03864	935.30115
803.0907	939.64276
803.14282	942.84564
803.19495	937.01605
803.24701	945.34955
803.29913	935.45032
803.35126	936.32428
803.40338	942.83728
803.45544	935.5672
803.50757	937.38861
803.55969	940.28748
803.61176	937.29584
803.66388	942.27222
803.716	943.2912
803.76813	941.12604
803.82019	939.54169
803.87231	934.68225
803.92444	939.57733
803.9765	939.04535
804.02863	939.52136
804.08075	933.69135
804.13287	941.8056
804.18494	941.87012
804.23706	942.94366
804.28918	941.25244
804.34125	938.92688
804.39337	937.36694
804.4455	940.41504
804.49756	945.17426
804.54968	942.19202
804.60181	940.56451
804.65393	945.11902
804.70599	946.40216
804.75812	943.9043
804.81024	943.48682
804.8623	936.63098
804.91443	943.56293
804.96655	952.18677
805.01868	951.1814
805.07074	944.89575
805.12286	948.46893
805.17499	950.20563
805.22705	954.06818
805.27917	948.33087
805.3313	945.51843
805.38336	945.28162
805.43549	948.52313
805.48761	944.50104
805.53973	947.67194
805.5918	948.76062
805.64392	954.65356
805.69604	947.62585
805.74811	944.22461
805.80023	944.41321
805.85236	951.32648
805.90448	947.87079
805.95654	948.96271
806.00867	949.89325
806.06079	947.45758
806.11285	944.01208
806.16498	945.13147
806.2171	948.74274
806.26923	944.26544
806.32129	950.8656
806.37341	949.40479
806.42554	947.98285
806.4776	948.47302
806.52972	943.97601
806.58185	948.9906
806.63391	948.00934
806.68604	944.07324
806.73816	950.04578
806.79028	949.35217
806.84235	944.96899
806.89447	942.35828
806.94659	945.98596
806.99866	946.78326
807.05078	945.39771
807.10291	949.36383
807.15503	947.16699
807.20709	943.0882
807.25922	945.68829
807.31134	941.28961
807.3634	944.0412
807.41553	938.63654
807.46765	937.42828
807.51978	942.14636
807.57184	950.29932
807.62396	945.54858
807.67609	942.8324
807.72815	938.50122
807.78027	951.66797
807.8324	948.77069
807.88446	946.63763
807.93658	947.08282
807.98871	944.01184
808.04083	941.1593
808.0929	943.43518
808.14502	953.44403
808.19714	941.87317
808.24921	939.08282
808.30133	953.83398
808.35345	948.02429
808.40558	940.2038
808.45764	944.44006
808.50977	945.0672
808.56189	948.87775
808.61395	946.84723
808.66608	941.07281
808.7182	944.86835
808.77026	940.81958
808.82239	945.90045
808.87451	942.47498
808.92664	941.67999
808.9787	939.6283
809.03082	941.51373
809.08295	941.00366
809.13501	938.9201
809.18713	935.84717
809.23926	933.92371
809.29138	933.19574
809.34344	932.68011
809.39557	935.0639
809.44769	937.48431
809.49976	946.60742
809.55188	943.69708
809.604	944.65302
809.65613	937.23273
809.70819	938.76654
809.76031	935.12634
809.81244	938.10266
809.8645	938.52661
809.91663	945.88904
809.96875	937.9552
810.02081	929.56915
810.07294	936.96991
810.12506	938.88635
810.17719	954.78705
810.22925	946.65356
810.28137	928.63257
810.3335	934.34351
810.38556	940.53436
810.43768	936.08679
810.48981	933.08038
810.54193	930.44049
810.59399	927.81006
810.64612	929.61011
810.69824	938.84076
810.75031	938.65552
810.80243	933.11255
810.85455	930.75903
810.90668	927.98999
810.95874	933.61676
811.01086	936.77118
811.06299	934.66248
811.11505	939.03741
811.16718	934.37469
811.2193	933.52417
811.27136	933.02393
811.32349	933.66614
811.37561	938.54688
811.42773	936.45581
811.4798	935.33386
811.53192	935.03033
811.58405	936.38397
811.63611	944.43658
811.68823	939.6037
811.74036	936.00879
811.79248	940.25793
811.84454	938.10071
811.89667	932.97876
811.94879	938.1076
812.00085	936.14087
812.05298	934.03809
812.1051	936.36926
812.15723	934.13141
812.20929	942.40515
812.26141	936.29022
812.31354	933.86243
812.3656	937.68384
812.41772	935.79614
812.46985	948.30573
812.52191	931.87885
812.57404	943.0459
812.62616	934.74017
812.67828	938.88062
812.73035	936.38745
812.78247	936.64667
812.83459	934.50586
812.88666	936.20825
812.93878	930.00348
812.99091	927.59052
813.04303	928.6626
813.09509	934.09442
813.14722	937.53778
813.19934	937.82953
813.2514	938.20422
813.30353	932.56433
813.35565	934.08899
813.40771	937.59369
813.45984	934.96692
813.51196	933.17535
813.56409	930.85858
813.61615	935.20789
813.66827	933.32916
813.7204	931.67468
813.77246	936.79144
813.82458	934.76422
813.87671	934.34186
813.92883	941.78607
813.9809	934.90192
814.03302	931.89203
814.08514	935.99402
814.13721	937.13873
814.18933	933.85968
814.24146	932.28839
814.29358	937.33118
814.34564	937.2323
814.39777	942.15674
814.44989	932.75031
814.50195	930.18323
814.55408	932.57825
814.6062	928.14282
814.65826	931.21344
814.71039	934.06586
814.76251	933.76514
814.81464	935.80872
814.8667	936.91132
814.91882	933.69739
814.97095	938.38611
815.02301	932.44922
815.07513	929.60431
815.12726	928.45111
815.17938	928.29535
815.23145	925.05835
815.28357	923.56934
815.33569	923.56738
815.38776	930.75372
815.43988	934.55164
815.492	938.60901
815.54413	936.59772
815.59619	933.85101
815.64832	937.77686
815.70044	933.83832
815.7525	928.86591
815.80463	929.53302
815.85675	932.51337
815.90881	928.51062
815.96094	930.37689
816.01306	931.65192
816.06519	930.99707
816.11725	932.80383
816.16937	935.35986
816.2215	939.8493
816.27356	930.21466
816.32568	932.41254
816.37781	935.59241
816.42993	935.97028
816.48199	931.48157
816.53412	928.1972
816.58624	929.85236
816.63831	933.35553
816.69043	930.46185
816.74255	938.83026
816.79462	933.14343
816.84674	927.29474
816.89886	931.74414
816.95099	930.59613
817.00305	934.19073
817.05518	927.94714
817.1073	932.13934
817.15936	930.12769
817.21149	934.04541
817.26361	931.69458
817.31573	930.02838
817.3678	931.49536
817.41992	926.5705
817.47205	923.9295
817.52411	922.84387
817.57623	931.19751
817.62836	933.49213
817.68048	930.02582
817.73254	931.83887
817.78467	931.94324
817.83679	929.50421
817.88885	934.00153
817.94098	928.31097
817.9931	928.76007
818.04517	934.93726
818.09729	935.00372
818.14941	934.34406
818.20154	933.97913
818.2536	937.198
818.30573	937.17334
818.35785	928.45038
818.40991	928.3819
818.46204	932.64014
818.51416	927.63812
818.56628	938.49493
818.61835	930.56415
818.67047	932.6543
818.7226	935.24084
818.77466	939.79395
818.82678	929.80695
818.87891	930.59845
818.93103	935.98157
818.98309	932.2829
819.03522	931.6427
819.08734	929.11322
819.1394	938.91479
819.19153	937.87976
819.24365	937.74219
819.29572	931.55499
819.34784	938.67639
819.39996	941.58789
819.45209	941.60852
819.50415	932.8877
819.55627	930.90308
819.6084	925.87909
819.66046	927.8067
819.71259	936.18854
819.76471	937.93732
819.81683	936.92566
819.8689	932.8407
819.92102	930.09045
819.97314	927.74194
820.02521	935.90698
820.07733	938.18958
820.12946	939.8526
820.18152	939.27826
820.23364	933.539
820.28577	935.76501
820.33789	938.71844
820.38995	933.62421
820.44208	933.81317
820.4942	931.63806
820.54626	929.862
820.59839	926.07715
820.65051	930.26917
820.70264	935.39539
820.7547	930.29651
820.80682	944.64801
820.85895	932.77521
820.91101	937.22473
820.96313	929.44489
821.01526	927.64911
821.06738	932.06512
821.11945	932.0141
821.17157	934.21283
821.22369	933.37347
821.27576	928.2641
821.32788	928.14911
821.38	931.10687
821.43207	933.75348
821.48419	935.71313
821.53632	927.36731
821.58844	928.8222
821.6405	930.79858
821.69263	930.90094
821.74475	934.37744
821.79681	930.60944
821.84894	930.69574
821.90106	932.47516
821.95319	932.71021
822.00525	934.75848
822.05737	935.24469
822.1095	934.07678
822.16156	932.53375
822.21368	933.10034
822.26581	925.1449
822.31793	929.2254
822.37	928.40338
822.42212	935.21344
822.47424	935.77423
822.52631	944.99304
822.57843	929.64484
822.63055	937.11536
822.68262	943.18347
822.73474	940.12451
822.78687	934.04785
822.83899	931.36047
822.89105	925.07056
822.94318	936.77563
822.9953	934.28625
823.04736	937.04712
823.09949	936.57129
823.15161	932.98853
823.20374	937.92358
823.2558	928.8139
823.30792	928.18298
823.36005	935.32825
823.41211	933.22168
823.46423	940.45367
823.51636	938.8125
823.56848	935.1651
823.62054	936.23724
823.67267	936.10919
823.72479	937.11176
823.77686	937.21136
823.82898	928.80676
823.8811	929.17377
823.93317	936.89996
823.98529	936.38904
824.03741	930.25989
824.08954	934.64832
824.1416	937.22009
824.19373	938.67798
824.24585	938.28998
824.29791	930.24664
824.35004	931.05249
824.40216	934.74792
824.45428	942.13568
824.50635	934.22675
824.55847	928.82874
824.6106	937.61969
824.66266	944.07922
824.71478	936.52527
824.76691	938.3324
824.81897	934.00287
824.87109	938.41077
824.92322	939.08722
824.97534	936.05829
825.0274	933.6275
825.07953	932.00055
825.13165	930.91498
825.18372	933.99316
825.23584	937.56824
825.28796	939.2547
825.34009	932.75653
825.39215	932.45715
825.44427	935.55762
825.4964	938.10681
825.54846	941.48749
825.60059	936.61121
825.65271	938.99115
825.70483	938.55731
825.7569	935.7251
825.80902	933.73474
825.86115	934.42468
825.91321	937.97772
825.96533	937.57147
826.01746	932.00543
826.06952	930.44519
826.12164	939.2804
826.17377	942.47296
826.22589	931.45581
826.27795	932.3576
826.33008	936.17419
826.3822	940.28601
826.43427	935.99451
826.48639	937.76563
826.53851	939.56708
826.59064	939.27112
826.6427	942.03693
826.69482	933.13507
826.74695	938.98431
826.79901	935.26678
826.85114	938.74799
826.90326	938.0885
826.95538	932.25684
827.00745	937.435
827.05957	942.89868
827.11169	936.97791
827.16376	938.10126
827.21588	933.75574
827.26801	935.38898
827.32007	937.51819
827.37219	936.72705
827.42432	936.56274
827.47644	936.09161
827.5285	931.66541
827.58063	931.96155
827.63275	932.5882
827.68481	935.49396
827.73694	936.8139
827.78906	938.39734
827.84119	934.64532
827.89325	940.41461
827.94537	936.62628
827.9975	935.25983
828.04956	935.64355
828.10168	934.99249
828.15381	935.09814
828.20587	931.91528
828.258	934.65393
828.31012	939.06573
828.36224	936.64825
828.41431	935.35822
828.46643	940.16095
828.51855	934.96075
828.57062	934.82996
828.62274	937.45245
828.67487	934.12048
828.72699	927.84052
828.77905	938.1908
828.83118	934.66492
828.8833	929.97742
828.93536	930.85931
828.98749	929.04504
829.03961	930.2038
829.09174	930.2287
829.1438	933.14081
829.19592	932.83228
829.24805	930.09009
829.30011	928.74023
829.35223	931.67688
829.40436	935.52429
829.45642	932.07642
829.50854	930.09729
829.56067	928.40796
829.61279	932.92242
829.66486	927.10321
829.71698	926.03845
829.7691	926.7749
829.82117	929.74103
829.87329	935.10321
829.92542	934.53943
829.97754	922.89032
830.0296	928.11572
830.08173	927.315
830.13385	923.14813
830.18591	929.08978
830.23804	931.63232
830.29016	924.66083
830.34229	925.55713
830.39435	920.30597
830.44647	925.30402
830.4986	928.15491
830.55066	925.43719
830.60278	930.15997
830.65491	928.24768
830.70697	927.6452
830.75909	918.53119
830.81122	923.70477
830.86334	931.64172
830.91541	925.50281
830.96753	923.25714
831.01965	928.88147
831.07172	924.30878
831.12384	923.01801
831.17596	925.09656
831.22809	930.20947
831.28015	932.19226
831.33228	927.14917
831.3844	922.30927
831.43646	927.73077
831.48859	926.02618
831.54071	928.52698
831.59277	923.5824
831.6449	922.79315
831.69702	928.47229
831.74915	922.73212
831.80121	924.73419
831.85333	931.65765
831.90546	927.46588
831.95752	922.38672
832.00964	922.91431
832.06177	931.47437
832.11389	933.97455
832.16595	925.79309
832.21808	924.638
832.2702	928.49109
832.32227	920.16064
832.37439	930.91345
832.42651	920.21234
832.47864	923.18427
832.5307	924.15869
832.58282	920.12531
832.63495	924.44519
832.68701	924.7337
832.73914	930.71271
832.79126	929.06323
832.84332	928.72345
832.89545	927.92468
832.94757	926.89294
832.99969	922.95154
833.05176	927.54102
833.10388	928.21521
833.15601	927.1759
833.20807	923.02771
833.26019	927.31256
833.31232	928.12585
833.36444	926.47498
833.4165	928.70679
833.46863	929.26721
833.52075	933.71381
833.57281	931.62726
833.62494	927.06714
833.67706	924.48767
833.72919	925.71783
833.78125	922.63568
833.83337	930.76843
833.8855	934.25043
833.93756	935.24176
833.98969	926.78815
834.04181	934.4397
834.09387	934.04663
834.146	931.34015
834.19812	930.11603
834.25024	934.19257
834.30231	933.18536
834.35443	931.13586
834.40656	941.05048
834.45862	939.0885
834.51074	933.59393
834.56287	940.35156
834.61499	936.90009
834.66705	937.13611
834.71918	954.75757
834.7713	944.97894
834.82336	947.46039
834.87549	959.65967
834.92761	953.63623
834.97974	948.0412
835.0318	952.25635
835.08392	951.03809
835.13605	962.4884
835.18811	964.3587
835.24023	963.61084
835.29236	965.22015
835.34442	972.00079
835.39655	972.44562
835.44867	973.35669
835.50079	974.74054
835.55286	978.60797
835.60498	976.24072
835.6571	977.95319
835.70917	980.01898
835.76129	986.88202
835.81342	995.0838
835.86554	989.78204
835.9176	988.21454
835.96973	993.24683
836.02185	998.54657
836.07391	994.87939
836.12604	995.77814
836.17816	998.36005
836.23022	999.14349
836.28235	994.63824
836.33447	990.8764
836.3866	996.39453
836.43866	1002.8104
836.49078	996.81232
836.54291	1002.4219
836.59497	990.44049
836.64709	1001.894
836.69922	997.43549
836.75134	997.22522
836.80341	996.11713
836.85553	986.15234
836.90765	998.59521
836.95972	997.07623
837.01184	1000.5167
837.06396	995.3454
837.11609	997.46039
837.16815	985.18964
837.22028	987.80542
837.2724	998.06763
837.32446	999.54962
837.37659	1004.3506
837.42871	999.18506
837.48077	994.4187
837.5329	1002.9721
837.58502	1007.9321
837.63715	1003.3607
837.68921	1008.4269
837.74133	1012.0469
837.79346	1009.1406
837.84552	1006.4971
837.89764	1009.4257
837.94977	1017.0049
838.00189	1025.7639
838.05396	1033.3201
838.10608	1033.1096
838.1582	1040.7401
838.21027	1045.1007
838.26239	1052.6281
838.31451	1061.4108
838.36664	1077.9014
838.4187	1090.6628
838.47083	1077.0359
838.52295	1095.9612
838.57501	1110.7115
838.62714	1115.1299
838.67926	1119.079
838.73132	1148.9512
838.78345	1135.3439
838.83557	1145.0066
838.8877	1151.8911
838.93976	1154.5475
838.99188	1160.1785
839.04401	1146.8295
839.09607	1143.4742
839.14819	1148.3234
839.20032	1142.3864
839.25244	1141.3053
839.3045	1123.6426
839.35663	1136.1583
839.40875	1116.3875
839.46082	1110.8176
839.51294	1097.4316
839.56506	1097.7721
839.61713	1085.8594
839.66925	1088.8735
839.72137	1087.0371
839.7735	1087.8534
839.82556	1073.6465
839.87769	1071.1665
839.92981	1068.9686
839.98187	1054.5372
840.034	1046.6337
840.08612	1049.551
840.13824	1062.7848
840.19031	1065.2042
840.24243	1057.0009
840.29456	1045.5945
840.34662	1046.575
840.39874	1063.9111
840.45087	1060.3964
840.50299	1057.145
840.55505	1070.7869
840.60718	1068.9725
840.6593	1058.4304
840.71136	1057.2266
840.76349	1061.2723
840.81561	1060.5443
840.86768	1065.4012
840.9198	1067.7473
840.97192	1085.2134
841.02405	1062.1324
841.07611	1087.1733
841.12823	1073.6021
841.18036	1068.2959
841.23242	1083.3118
841.28455	1090.6271
841.33667	1071.6768
841.38879	1084.0518
841.44086	1070.5432
841.49298	1063.5647
841.5451	1064.2891
841.59717	1062.1564
841.64929	1073.1544
841.70142	1062.7898
841.75354	1054.2388
841.8056	1065.2539
841.85773	1051.8458
841.90985	1046.3873
841.96191	1056.0427
842.01404	1053.0447
842.06616	1043.9713
842.11823	1046.267
842.17035	1047.8801
842.22247	1043.6178
842.2746	1035.1265
842.32666	1043.9333
842.37878	1040.0481
842.43091	1038.0659
842.48297	1032.9832
842.5351	1032.5938
842.58722	1037.0631
842.63934	1039.7555
842.69141	1037.4484
842.74353	1038.7567
842.79565	1049.7378
842.84772	1041.7327
842.89984	1047.7915
842.95197	1035.843
843.00403	1050.7404
843.05615	1046.3575
843.10828	1049.661
843.1604	1039.3771
843.21246	1048.972
843.26459	1044.6338
843.31671	1043.9731
843.36877	1042.1603
843.4209	1043.11
843.47302	1045.1118
843.52515	1034.9695
843.57721	1062.1953
843.62933	1059.7675
843.68146	1049.7222
843.73352	1037.1725
843.78564	1049.069
843.83777	1036.2886
843.88989	1033.13
843.94196	1043.5437
843.99408	1046.0458
844.0462	1041.7756
844.09827	1039.3743
844.15039	1029.8169
844.20251	1030.8011
844.25458	1034.9185
844.3067	1034.7073
844.35883	1034.0758
844.41095	1029.3247
844.46301	1035.7926
844.51514	1036.7991
844.56726	1027.6034
844.61932	1038.9066
844.67145	1042.1437
844.72357	1037.2146
844.7757	1044.5781
844.82776	1036.8848
844.87988	1048.8762
844.93201	1039.0074
844.98407	1038.4387
845.03619	1048.4131
845.08832	1031.5809
845.14044	1041.4519
845.1925	1027.5005
845.24463	1051.8398
845.29675	1038.6403
845.34882	1046.8934
845.40094	1045.0582
845.45306	1040.6559
845.50513	1052.5385
845.55725	1048.5651
845.60938	1041.5364
845.6615	1038.5298
845.71356	1026.4725
845.76569	1031.8873
845.81781	1029.7825
845.86987	1029.1958
845.922	1025.6001
845.97412	1024.6667
846.02625	1028.8298
846.07831	1030.0818
846.13043	1031.0958
846.18256	1024.3975
846.23462	1017.8862
846.28674	1012.4849
846.33887	1014.4021
846.39099	1018.0472
846.44305	1008.5202
846.49518	1012.6102
846.5473	1020.0237
846.59937	1009.4455
846.65149	997.38
846.70361	1006.517
846.75568	1013.481
846.8078	1004.4274
846.85992	1007.0612
846.91205	1005.2165
846.96411	1001.2228
847.01624	990.57672
847.06836	1016.2426
847.12042	998.60565
847.17255	1007.4264
847.22467	1014.9886
847.27679	1018.2372
847.32886	1010.2343
847.38098	1013.8465
847.43311	1012.198
847.48517	1022.0259
847.53729	1013.8329
847.58942	1008.3704
847.64148	1014.2891
847.6936	1009.3022
847.74573	1016.7559
847.79785	1009.1222
847.84991	1006.7095
847.90204	1007.2606
847.95416	1016.7969
848.00623	1022.5864
848.05835	1015.831
848.11047	1010.0331
848.1626	1013.3921
848.21466	1010.9673
848.26678	1012.9252
848.31891	1017.2484
848.37097	1011.8805
848.4231	1005.0124
848.47522	1001.374
848.52734	1013.0074
848.57941	1021.4941
848.63153	1011.3773
848.68365	1013.1805
848.73572	1012.275
848.78784	1002.0911
848.83997	1005.7994
848.89203	998.24573
848.94415	992.14667
848.99628	1004.8855
849.0484	996.466
849.10046	1000.6561
849.15259	1002.3355
849.20471	988.23737
849.25677	989.85114
849.3089	993.65546
849.36102	1004.8834
849.41315	993.37988
849.46521	994.08673
849.51733	991.00024
849.56946	991.49591
849.62152	997.57721
849.67365	989.12213
849.72577	990.55499
849.77789	993.78613
849.82996	986.64374
849.88208	980.31329
849.9342	990.88202
849.98627	992.5954
850.03839	992.8316
850.09052	992.06921
850.14258	992.95581
850.1947	987.83209
850.24683	980.80481
850.29895	989.43719
850.35101	985.90265
850.40314	983.58118
850.45526	980.16992
850.50732	975.87622
850.55945	987.83392
850.61157	981.51837
850.6637	961.59357
850.71576	973.79968
850.76788	976.16718
850.82001	986.69019
850.87207	969.23853
850.92419	980.72412
850.97632	987.82111
851.02838	979.52234
851.08051	967.21844
851.13263	975.52393
851.18475	975.43225
851.23682	969.95557
851.28894	976.43433
851.34106	966.23657
851.39313	962.03931
851.44525	952.83026
851.49738	963.99011
851.5495	962.18323
851.60156	963.96387
851.65369	961.59424
851.70581	962.71173
851.75787	963.87042
851.81	963.52344
851.86212	953.62769
851.91425	955.17798
851.96631	954.01428
852.01843	949.95892
852.07056	953.91962
852.12262	957.27283
852.17474	957.90857
852.22687	956.01703
852.27893	952.60242
852.33105	952.07892
852.38318	955.95007
852.4353	942.22565
852.48737	947.23462
852.53949	949.58325
852.59161	947.72797
852.64368	941.41821
852.6958	945.62842
852.74792	942.73651
852.80005	942.3551
852.85211	946.19293
852.90424	945.85175
852.95636	942.30896
853.00842	940.11847
853.06055	935.33295
853.11267	935.62726
853.16479	939.15002
853.21686	945.36365
853.26898	944.47229
853.32111	928.89545
853.37317	934.56738
853.42529	933.66821
853.47742	933.00287
853.52948	932.45404
853.5816	932.96362
853.63373	934.79639
853.68585	937.27948
853.73792	937.05798
853.79004	934.46039
853.84216	927.35657
853.89423	927.68774
853.94635	934.9895
853.99847	932.94452
854.0506	925.53247
854.10266	923.37433
854.15479	930.65009
854.20691	931.48993
854.25897	925.22662
854.3111	925.82501
854.36322	932.888
854.41534	925.12518
854.46741	931.39539
854.51953	928.50433
854.57166	925.93634
854.62372	922.50995
854.67584	924.07452
854.72797	920.31732
854.78003	924.16888
854.83215	924.87561
854.88428	932.30768
854.9364	925.42908
854.98846	923.64679
855.04059	930.56561
855.09271	924.32288
855.14478	928.14105
855.1969	930.93005
855.24902	933.02026
855.30115	929.74713
855.35321	923.67749
855.40533	920.98901
855.45746	927.35748
855.50952	923.51282
855.56165	917.3042
855.61377	925.453
855.66583	929.74469
855.71796	920.53174
855.77008	921.28619
855.8222	925.97052
855.87427	923.909
855.92639	923.08826
855.97852	921.13684
856.03058	923.80609
856.0827	923.80951
856.13483	913.51923
856.18695	918.84369
856.23901	931.06366
856.29114	921.25116
856.34326	922.79749
856.39532	922.67072
856.44745	922.09076
856.49957	924.84332
856.5517	918.77399
856.60376	925.96893
856.65588	921.96497
856.70801	919.02155
856.76007	918.93848
856.81219	917.85181
856.86432	917.79834
856.91638	924.85315
856.96851	918.32404
857.02063	920.04108
857.07275	930.96509
857.12482	916.12592
857.17694	918.02356
857.22906	921.30865
857.28113	921.15558
857.33325	921.07306
857.38538	920.88763
857.4375	924.17706
857.48956	926.00836
857.54169	921.13055
857.59381	919.8335
857.64587	918.03015
857.698	919.62054
857.75012	920.86707
857.80225	921.23926
857.85431	921.2392
857.90643	918.06683
857.95856	914.68713
858.01062	915.45319
858.06274	917.10736
858.11487	919.0611
858.16693	917.25122
858.21906	920.88843
858.27118	916.80481
858.3233	920.6424
858.37537	916.97925
858.42749	917.41998
858.47961	926.48657
858.53168	915.58667
858.5838	918.40253
858.63593	914.7677
858.68805	920.97711
858.74011	917.85938
858.79224	913.96942
858.84436	916.22021
858.89642	916.50226
858.94855	916.25287
859.00067	912.30444
859.05273	918.0509
859.10486	922.50983
859.15698	918.1922
859.20911	915.97797
859.26117	915.72137
859.31329	917.04822
859.36542	915.46576
859.41748	914.00995
859.4696	915.2608
859.52173	916.59125
859.57385	915.15485
859.62592	915.62897
859.67804	917.68408
859.73016	918.26361
859.78223	912.8924
859.83435	915.23584
859.88647	919.14124
859.9386	915.89459
859.99066	913.02997
860.04279	915.93671
860.09491	925.67273
860.14697	913.56805
860.1991	919.19617
860.25122	911.90271
860.30328	916.74927
860.35541	910.90424
860.40753	922.21918
860.45966	920.29163
860.51172	926.93121
860.56384	916.58685
860.61597	916.30835
860.66803	917.08954
860.72015	918.62982
860.77228	919.01398
860.8244	917.13007
860.87646	916.16571
860.92859	918.46954
860.98071	919.18451
861.03278	914.71442
861.0849	913.14789
861.13702	915.83807
861.18915	918.70776
861.24121	916.44128
861.29333	919.02838
861.34546	917.67688
861.39752	913.2135
861.44965	912.11682
861.50177	919.21405
861.55383	921.2193
861.60596	917.47131
861.65808	916.599
861.71021	912.68878
861.76227	915.68109
861.81439	914.69427
861.86652	913.62384
861.91858	914.56396
861.9707	920.39941
862.02283	911.01996
862.07495	910.49127
862.12701	915.34351
862.17914	914.10895
862.23126	917.12903
862.28333	914.0545
862.33545	910.61194
862.38757	912.79572
862.43964	912.52136
862.49176	912.58008
862.54388	916.97443
862.59601	913.88055
862.64807	912.42426
862.7002	913.2301
862.75232	914.68091
862.80438	914.49969
862.85651	914.8548
862.90863	917.33429
862.96075	915.0293
863.01282	914.84778
863.06494	913.04437
863.11707	915.22723
863.16913	914.47461
863.22125	913.46564
863.27338	911.91333
863.3255	915.87842
863.37756	914.44781
863.42969	912.65057
863.48181	917.36945
863.53387	918.86444
863.586	920.84753
863.63812	911.55914
863.69019	914.48657
863.74231	917.50946
863.79443	909.29913
863.84656	907.63904
863.89862	905.47729
863.95074	907.60596
864.00287	915.59723
864.05493	912.19849
864.10706	906.98749
864.15918	911.86035
864.2113	910.02722
864.26337	912.08484
864.31549	913.37213
864.36761	913.16016
864.41968	912.86328
864.4718	912.38171
864.52393	914.89972
864.57605	918.1189
864.62811	911.80133
864.68024	910.44159
864.73236	915.99231
864.78442	912.87164
864.83655	912.0578
864.88867	914.26941
864.94073	912.93341
864.99286	911.52917
865.04498	915.39099
865.09711	913.7666
865.14917	913.30096
865.20129	908.75568
865.25342	912.04889
865.30548	910.83221
865.3576	916.27728
865.40973	911.55225
865.46185	905.24988
865.51392	912.4115
865.56604	913.13788
865.61816	908.91754
865.67023	911.16351
865.72235	918.45459
865.77448	919.75128
865.8266	910.88354
865.87866	911.55042
865.93079	911.89142
865.98291	911.79059
866.03497	912.11792
866.0871	912.74689
866.13922	917.51862
866.19128	918.22162
866.24341	912.53284
866.29553	912.22699
866.34766	918.64185
866.39972	913.27722
866.45184	908.8443
866.50397	916.04114
866.55603	914.16449
866.60815	917.04205
866.66028	919.4519
866.7124	911.55774
866.76447	915.55719
866.81659	914.47333
866.86871	907.3642
866.92078	910.86346
866.9729	921.30322
867.02502	913.64337
867.07709	913.51349
867.12921	909.84845
867.18134	913.26868
867.23346	914.68567
867.28552	915.27502
867.33765	916.6792
867.38977	918.01257
867.44183	913.6037
867.49396	913.23169
867.54608	916.72394
867.59821	916.3656
867.65027	912.52185
867.70239	911.37872
867.75452	911.7392
867.80658	912.33813
867.8587	909.80304
867.91083	908.63605
867.96295	913.81329
868.01501	915.26001
868.06714	909.9549
868.11926	909.53394
868.17133	914.01093
868.22345	916.26404
868.27557	915.77716
868.32764	916.31848
868.37976	914.47461
868.43188	909.75928
868.48401	904.59344
868.53607	913.62738
868.5882	914.03339
868.64032	911.06219
868.69238	914.95886
868.74451	911.62494
868.79663	914.48962
868.84875	913.52203
868.90082	906.17737
868.95294	911.33319
869.00507	914.86371
869.05713	911.40985
869.10925	910.50201
869.16138	915.96234
869.2135	910.47003
869.26556	907.17542
869.31769	912.79291
869.36981	916.23785
869.42188	910.78961
869.474	909.18628
869.52612	913.89789
869.57819	917.03406
869.63031	912.09772
869.68243	907.86554
869.73456	908.53754
869.78662	910.43036
869.83875	908.03748
869.89087	907.64435
869.94293	910.62305
869.99506	910.16827
870.04718	913.68512
870.0993	910.86932
870.15137	911.28357
870.20349	915.13684
870.25562	910.00726
870.30768	905.38953
870.3598	909.97235
870.41193	912.70972
870.46399	911.31232
870.51611	915.61407
870.56824	916.49872
870.62036	911.93353
870.67242	909.05066
870.72455	905.487
870.77667	909.54871
870.82874	913.00446
870.88086	908.94958
870.93298	910.67834
870.98511	910.24176
871.03717	907.55701
871.08929	907.59552
871.14142	906.91125
871.19348	910.95703
871.24561	912.28058
871.29773	911.03113
871.34985	910.92639
871.40192	912.29895
871.45404	910.60107
871.50616	905.61768
871.55823	909.35724
871.61035	906.65729
871.66248	908.72327
871.71454	911.00702
871.76666	906.19458
871.81879	912.37482
871.87091	910.76453
871.92297	909.34143
871.9751	917.31256
872.02722	918.77649
872.07928	912.80597
872.13141	906.14105
872.18353	908.07489
872.23566	907.62268
872.28772	916.08252
872.33984	913.91028
872.39197	913.02795
872.44403	912.16431
872.49615	911.9245
872.54828	913.37366
872.6004	913.22369
872.65247	910.05231
872.70459	907.40961
872.75671	907.65161
872.80878	915.09607
872.8609	916.09906
872.91302	910.58276
872.96509	907.77728
873.01721	913.03601
873.06934	912.51318
873.12146	907.99939
873.17352	909.99664
873.22565	911.68262
873.27777	911.48596
873.32983	908.48096
873.38196	911.11682
873.43408	911.41248
873.48621	912.44897
873.53827	910.08026
873.59039	914.09125
873.64252	917.42712
873.69458	907.73108
873.7467	911.76111
873.79883	916.45953
873.85089	909.08972
873.90302	910.28564
873.95514	909.58777
874.00726	912.34906
874.05933	917.25006
874.11145	912.06464
874.16357	911.97504
874.21564	916.9245
874.26776	913.32245
874.31989	912.83453
874.37201	906.90973
874.42407	910.43579
874.4762	912.69763
874.52832	910.88373
874.58038	907.00934
874.63251	911.27216
874.68463	915.29407
874.73676	910.13342
874.78882	910.85596
874.84094	912.87189
874.89307	915.85956
874.94513	913.64862
874.99725	911.50952
875.04938	912.84229
875.10144	910.41638
875.15356	911.7431
875.20569	912.51929
875.25781	913.92297
875.30988	913.7467
875.362	913.00037
875.41412	910.64331
875.46619	909.07581
875.51831	911.65295
875.57043	907.97723
875.62256	908.63513
875.67462	911.56677
875.72675	912.89227
875.77887	911.30695
875.83093	909.11914
875.88306	912.35583
875.93518	912.19263
875.9873	911.49768
876.03937	909.15607
876.09149	911.24646
876.14362	913.74316
876.19568	909.29852
876.2478	910.56549
876.29993	910.37567
876.35199	914.74817
876.40411	907.33575
876.45624	910.94086
876.50836	913.62128
876.56042	911.74829
876.61255	911.88
876.66467	909.17615
876.71674	913.54773
876.76886	909.74817
876.82098	908.20862
876.87311	909.68597
876.92517	911.41809
876.97729	906.42517
877.02942	906.55603
877.08148	910.81659
877.13361	913.25269
877.18573	912.1557
877.23785	911.3233
877.28992	913.42352
877.34204	912.44073
877.39417	912.18835
877.44623	911.53436
877.49835	910.54376
877.55048	911.83276
877.60254	914.69897
877.65466	914.13196
877.70679	912.77032
877.75891	915.17804
877.81097	910.06921
877.8631	909.98523
877.91522	914.30823
877.96729	912.81299
878.01941	906.82294
878.07153	902.34082
878.12366	906.9043
878.17572	908.78741
878.22784	913.23883
878.27997	906.87598
878.33203	915.33386
878.38416	914.05151
878.43628	908.64233
878.48834	907.1275
878.54047	913.97314
878.59259	916.82813
878.64471	911.14502
878.69678	908.78168
878.7489	910.83447
878.80103	912.18054
878.85309	911.04218
878.90521	908.12775
878.95734	909.66486
879.00946	913.53381
879.06152	908.66357
879.11365	910.28693
879.16577	914.49518
879.21783	908.39124
879.26996	906.39972
879.32208	912.19641
879.37421	913.86987
879.42627	911.46027
879.47839	911.72406
879.53052	910.37598
879.58258	911.74176
879.6347	910.16742
879.68683	906.56305
879.73889	908.52863
879.79102	911.30005
879.84314	911.73511
879.89526	911.73071
879.94733	910.36151
879.99945	913.0376
880.05157	910.80005
880.10364	905.23743
880.15576	916.62024
880.20789	912.88086
880.26001	907.77814
880.31207	914.08502
880.3642	912.98218
880.41632	911.35059
880.46838	909.7821
880.52051	910.97174
880.57263	913.92944
880.62476	912.5423
880.67682	909.0415
880.72894	913.50336
880.78107	914.15704
880.83313	913.15485
880.88525	909.29315
880.93738	907.74524
880.98944	910.61176
881.04156	910.09149
881.09369	908.63098
881.14581	909.19958
881.19788	909.02094
881.25	909.87964
881.30212	910.61365
881.35419	909.57678
881.40631	909.46393
881.45844	910.34735
881.51056	909.04388
881.56262	910.20215
881.61475	911.42126
881.66687	910.28851
881.71893	908.74109
881.77106	912.72205
881.82318	910.21948
881.87524	906.14587
881.92737	909.05731
881.97949	908.79938
882.03162	914.85217
882.08368	911.33142
882.1358	905.60925
882.18793	912.42377
882.23999	910.41284
882.29211	915.04425
882.34424	909.28479
882.39636	909.33777
882.44843	910.3158
882.50055	909.65936
882.55267	915.4458
882.60474	917.8111
882.65686	913.74402
882.70898	908.72034
882.76111	910.89832
882.81317	911.2182
882.8653	909.7514
882.91742	909.41473
882.96948	911.35046
883.02161	910.16418
883.07373	909.77167
883.12579	905.6875
883.17792	907.72888
883.23004	912.41644
883.28217	908.44226
883.33423	912.94525
883.38635	910.29083
883.43848	914.15851
883.49054	908.71368
883.54266	908.38635
883.59479	909.37079
883.64691	907.46558
883.69897	904.41431
883.7511	904.789
883.80322	914.83966
883.85529	912.99304
883.90741	904.58344
883.95953	906.50909
884.01166	910.62396
884.06372	911.96051
884.11584	906.21893
884.16797	911.46857
884.22003	914.97711
884.27216	913.20374
884.32428	905.59424
884.37634	908.64099
884.42847	914.53729
884.48059	911.57477
884.53271	908.47974
884.58478	908.41449
884.6369	911.29596
884.68903	907.98102
884.74109	908.82739
884.79321	912.08282
884.84534	917.10614
884.89746	910.35266
884.94952	908.46777
885.00165	911.17841
885.05377	915.30615
885.10583	914.27325
885.15796	909.59479
885.21008	913.57031
885.26215	912.48572
885.31427	908.09924
885.36639	905.85785
885.41852	911.20868
885.47058	918.59149
885.52271	908.99054
885.57483	903.91669
885.62689	906.57178
885.67902	911.93036
885.73114	902.98621
885.78326	900.92987
885.83533	908.08075
885.88745	907.80615
885.93958	906.04053
885.99164	910.60596
886.04376	910.66846
886.09589	912.55688
886.14801	906.77716
886.20007	909.76434
886.2522	916.90735
886.30432	914.44666
886.35638	909.86676
886.40851	910.93256
886.46063	909.43536
886.5127	908.11212
886.56482	910.63049
886.61694	910.30878
886.66907	911.09125
886.72113	914.26044
886.77325	910.90741
886.82538	914.07062
886.87744	912.65137
886.92957	907.39545
886.98169	905.7475
887.03381	911.18402
887.08588	912.10968
887.138	904.73743
887.19012	907.21539
887.24219	913.32758
887.29431	917.00592
887.34644	908.91479
887.39856	905.02502
887.45062	916.85034
887.50275	914.31128
887.55487	908.29297
887.60693	906.10669
887.65906	910.19037
887.71118	912.58411
887.76324	903.90076
887.81537	907.57587
887.86749	912.4209
887.91962	909.84204
887.97168	910.74005
888.0238	910.79541
888.07593	911.68591
888.12799	909.59442
888.18011	907.1369
888.23224	909.72736
888.28436	915.95581
888.33643	910.62274
888.38855	905.58704
888.44067	906.51703
888.49274	909.35358
888.54486	914.46851
888.59698	906.67114
888.64911	911.10278
888.70117	915.15637
888.7533	913.16022
888.80542	903.34473
888.85748	911.43671
888.90961	915.2652
888.96173	907.06104
889.01379	908.69061
889.06592	910.84918
889.11804	910.18768
889.17017	910.55713
889.22223	906.98083
889.27435	910.27856
889.32648	912.12952
889.37854	907.15601
889.43066	909.26807
889.48279	909.03003
889.53491	910.73041
889.58698	908.28558
889.6391	910.69647
889.69122	914.95618
889.74329	911.86963
889.79541	908.42328
889.84753	907.27728
889.8996	909.43347
889.95172	907.49097
890.00385	910.28473
890.05597	917.33588
890.10803	914.5824
890.16016	911.33813
890.21228	912.47308
890.26434	910.78949
890.31647	912.95105
890.36859	910.67877
890.42072	908.96814
890.47278	914.59119
890.5249	914.35242
890.57703	908.21924
890.62909	902.26221
890.68121	910.0094
890.73334	906.8338
890.78546	910.82471
890.83752	911.52167
890.88965	916.57031
890.94177	918.56293
890.99384	905.72668
891.04596	912.90448
891.09808	912.9715
891.15015	910.65717
891.20227	912.27582
891.25439	912.08112
891.30652	914.58179
891.35858	912.2113
891.41071	904.55347
891.46283	909.40491
891.51489	910.13922
891.56702	912.2561
891.61914	907.65051
891.67126	911.88409
891.72333	912.55518
891.77545	909.76001
891.82758	909.62427
891.87964	914.55493
891.93176	910.29785
891.98389	910.95868
892.03601	910.77112
892.08807	913.04169
892.1402	915.13672
892.19232	904.27954
892.24438	912.21606
892.29651	912.89789
892.34863	915.08185
892.4007	904.29132
892.45282	908.30511
892.50494	908.3847
892.55707	914.72729
892.60913	904.51923
892.66125	911.66864
892.71338	912.44019
892.76544	914.50262
892.81757	913.09583
892.86969	909.04224
892.92181	910.33594
892.97388	913.14252
893.026	910.88055
893.07813	910.76727
893.13019	916.58508
893.18231	916.33966
893.23444	910.34747
893.2865	910.09882
893.33862	911.45874
893.39075	911.97009
893.44287	909.07776
893.49493	909.28229
893.54706	910.82635
893.59918	914.07349
893.65125	903.53113
893.70337	916.29065
893.75549	913.30701
893.80762	909.14801
893.85968	907.10602
893.9118	910.04218
893.96393	909.71411
894.01599	911.33734
894.06812	909.9054
894.12024	911.69952
894.17236	909.73401
894.22443	909.13153
894.27655	909.95605
894.32867	907.18073
894.38074	907.69257
894.43286	908.20441
894.48499	910.51038
894.53705	913.51245
894.58917	911.19171
894.6413	907.76038
894.69342	911.48651
894.74548	916.33545
894.79761	913.43604
894.84973	909.11224
894.90179	911.9245
894.95392	912.25439
895.00604	906.78278
895.05817	906.47705
895.11023	910.896
895.16235	913.18829
895.21448	908.77655
895.26654	909.27655
895.31866	909.44745
895.37079	915.13629
895.42291	910.53271
895.47498	906.48853
895.5271	910.40717
895.57922	909.30103
895.63129	902.9162
895.68341	911.27692
895.73553	913.14856
895.7876	911.5957
895.83972	910.52448
895.89185	911.44666
895.94397	913.04883
895.99603	913.05225
896.04816	911.64441
896.10028	912.60419
896.15234	914.78571
896.20447	912.66986
896.25659	911.36731
896.30872	911.93524
896.36078	912.86078
896.4129	913.75702
896.46503	911.50293
896.51709	910.51318
896.56921	910.84338
896.62134	911.93597
896.6734	903.55408
896.72552	903.61926
896.77765	913.86359
896.82977	911.50836
896.88184	909.9223
896.93396	911.20428
896.98608	912.75012
897.03815	910.32135
897.09027	904.10754
897.1424	915.00024
897.19452	910.52277
897.24658	912.09967
897.29871	907.91614
897.35083	911.08759
897.40289	910.04999
897.45502	909.26971
897.50714	910.13629
897.55927	911.29071
897.61133	909.79095
897.66345	908.80621
897.71558	906.5921
897.76764	912.29962
897.81976	911.1441
897.87189	907.62463
897.92395	912.67328
897.97607	913.3446
898.0282	908.06537
898.08032	907.83551
898.13239	909.90051
898.18451	909.1286
898.23663	911.72015
898.2887	906.802
898.34082	911.34406
898.39294	917.8114
898.44507	908.93231
898.49713	908.60229
898.54926	912.01318
898.60138	914.64001
898.65344	913.59088
898.70557	909.58582
898.75769	908.58972
898.80981	913.45508
898.86188	915.11804
898.914	912.98676
898.96613	914.88519
899.01819	908.513
899.07031	909.42499
899.12244	911.35388
899.1745	909.50867
899.22662	911.31555
899.27875	909.30853
899.33087	909.74121
899.38293	911.43091
899.43506	910.42688
899.48718	912.37775
899.53925	908.48291
899.59137	910.87201
899.64349	908.52258
899.69562	904.55084
899.74768	905.88354
899.7998	908.8407
899.85193	906.02032
899.90399	905.88843
899.95612	912.48151
900.00824	919.33923
900.06036	909.89917
900.11243	910.00641
900.16455	911.53137
900.21667	911.32819
900.26874	903.591
900.32086	912.71539
900.37299	914.77808
900.42505	915.1687
900.47717	908.11517
900.5293	909.76465
900.58142	913.74872
900.63348	911.38574
900.68561	907.82941
900.73773	908.31525
900.78979	907.39783
900.84192	906.70282
900.89404	907.21558
900.94617	909.97009
900.99823	913.27246
901.05035	913.4046
901.10248	909.06616
901.15454	909.94647
901.20667	908.28406
901.25879	907.50598
901.31085	911.25824
901.36298	913.59937
901.4151	915.14581
901.46722	909.99384
901.51929	909.80341
901.57141	910.8327
901.62354	912.80328
901.6756	907.56244
901.72772	904.4873
901.77985	912.93097
901.83197	913.25397
901.88403	911.73254
901.93616	913.89233
901.98828	910.62439
902.04034	909.06934
902.09247	906.89581
902.14459	905.70563
902.19672	910.53302
902.24878	911.0459
902.3009	910.21417
902.35303	908.98981
902.40509	912.1203
902.45721	913.15015
902.50934	911.08875
902.5614	911.95612
902.61353	911.36615
902.66565	905.34369
902.71777	903.979
902.76984	906.55957
902.82196	914.23193
902.87408	909.57947
902.92615	905.32483
902.97827	912.28394
903.0304	913.80585
903.08252	912.90149
903.13458	912.33032
903.18671	912.29285
903.23883	915.77106
903.29089	910.28418
903.34302	910.49457
903.39514	913.16913
903.44727	911.63593
903.49933	908.55859
903.55145	913.42169
903.60358	915.18292
903.65564	912.55743
903.70776	921.54041
903.75989	909.67584
903.81195	909.04205
903.86407	910.22644
903.9162	907.18524
903.96832	908.70367
904.02039	910.50757
904.07251	909.82532
904.12463	908.41864
904.1767	907.89691
904.22882	912.67053
904.28094	909.63483
904.33307	910.48376
904.38513	910.16101
904.43726	909.68872
904.48938	912.61011
904.54144	904.90851
904.59357	908.65594
904.64569	910.58191
904.69775	903.84149
904.74988	914.5589
904.802	904.49365
904.85413	911.69391
904.90619	911.57837
904.95831	907.14539
905.01044	908.43677
905.0625	914.02686
905.11462	910.70367
905.16675	903.86505
905.21887	910.23157
905.27094	913.1814
905.32306	909.62744
905.37518	907.25098
905.42725	910.28845
905.47937	911.85162
905.53149	907.25909
905.58362	911.7962
905.63568	910.64337
905.68781	906.12378
905.73993	911.66339
905.79199	913.51001
905.84412	910.08618
905.89624	912.1933
905.9483	908.57349
906.00043	910.5412
906.05255	907.5061
906.10468	905.2041
906.15674	908.39844
906.20886	911.02319
906.26099	915.23572
906.31305	905.09631
906.36517	906.77472
906.4173	913.92755
906.46942	914.56122
906.52148	905.52814
906.57361	907.63123
906.62573	909.24841
906.6778	913.74677
906.72992	912.5058
906.78204	906.71606
906.83417	910.32544
906.88623	908.76385
906.93835	906.94751
906.99048	911.09821
907.04254	914.31177
907.09467	910.79669
907.14679	907.64783
907.19885	908.79266
907.25098	912.26263
907.3031	912.71271
907.35522	909.73804
907.40729	911.36804
907.45941	911.51508
907.51154	905.70874
907.5636	912.71143
907.61572	910.56964
907.66785	912.88904
907.71997	907.89203
907.77203	907.08685
907.82416	910.04889
907.87628	910.55371
907.92834	905.8139
907.98047	910.29327
908.03259	912.14642
908.08466	915.82843
908.13678	905.29718
908.1889	905.6424
908.24103	912.96954
908.29309	913.6601
908.34521	908.95831
908.39734	912.25775
908.4494	916.59265
908.50153	911.30328
908.55365	906.45105
908.60577	908.69019
908.65784	907.99628
908.70996	908.24329
908.76208	905.49402
908.81415	910.54169
908.86627	910.69379
908.9184	909.04205
908.97052	909.25421
909.02258	907.00397
909.07471	914.94086
909.12683	905.86078
909.17889	907.82373
909.23102	908.92096
909.28314	910.88727
909.33521	911.50586
909.38733	909.86371
909.43945	909.85303
909.49158	908.63702
909.54364	908.77618
909.59576	907.21704
909.64789	911.38647
909.69995	913.68591
909.75208	909.32373
909.8042	907.66888
909.85632	908.73792
909.90839	912.75867
909.96051	912.79279
910.01263	906.57208
910.0647	910.99957
910.11682	912.3288
910.16895	909.77557
910.22107	906.56775
910.27313	912.82428
910.32526	910.14746
910.37738	915.67145
910.42944	909.93469
910.48157	911.52814
910.53369	907.78973
910.58575	907.68231
910.63788	908.38141
910.69	913.00269
910.74213	915.52808
910.79419	907.47156
910.84631	910.40955
910.89844	914.16107
910.9505	909.14685
911.00262	908.23456
911.05475	909.70355
911.10687	912.87317
911.15894	906.21661
911.21106	906.52411
911.26318	908.59326
911.31525	910.92371
911.36737	910.99316
911.41949	912.19489
911.47162	910.43933
911.52368	908.59918
911.57581	906.82947
911.62793	907.57672
911.67999	908.08618
911.73212	907.26508
911.78424	903.23529
911.8363	911.93011
911.88843	915.38715
911.94055	903.02533
911.99268	910.04987
912.04474	904.74561
912.09686	909.55145
912.14899	909.04114
912.20105	905.56329
912.25317	909.46851
912.3053	911.30115
912.35742	905.35199
912.40948	910.37714
912.46161	911.02325
912.51373	910.60315
912.5658	909.1687
912.61792	909.66748
912.67004	909.60132
912.72211	913.73975
912.77423	911.82513
912.82635	907.52087
912.87848	911.7995
912.93054	913.47632
912.98267	907.53625
913.03479	907.32935
913.08685	910.30707
913.13898	911.78143
913.1911	905.98267
913.24323	906.73865
913.29529	914.84479
913.34741	906.75433
913.39954	910.96881
913.4516	918.85773
913.50372	916.23401
913.55585	907.46954
913.60797	905.45038
913.66003	913.73169
913.71216	911.66815
913.76428	906.61865
913.81635	906.6803
913.86847	910.37299
913.92059	908.15485
913.97266	905.2467
914.02478	902.3302
914.0769	907.84473
914.12903	907.77533
914.18109	906.16046
914.23322	906.67511
914.28534	909.74921
914.3374	913.05829
914.38953	907.78699
914.44165	913.2608
914.49377	911.90002
914.54584	905.46747
914.59796	907.80359
914.65009	909.24255
914.70215	909.33466
914.75427	907.37402
914.8064	909.40967
914.85852	914.29462
914.91058	913.36017
914.96271	908.74811
915.01483	907.72369
915.06689	906.33997
915.11902	910.11292
915.17114	903.85651
915.22321	906.56354
915.27533	910.71173
915.32745	910.91913
915.37958	906.41437
915.43164	908.79828
915.48376	912.76971
915.53589	913.85699
915.58795	912.13452
915.64008	914.91992
915.6922	909.17859
915.74432	908.9342
915.79639	907.80219
915.84851	905.57898
915.90063	916.59186
915.9527	902.23987
916.00482	905.43567
916.05695	911.7749
916.10901	915.1098
916.16113	906.71619
916.21326	908.86884
916.26538	912.43018
916.31744	909.664
916.36957	912.96436
916.42169	911.59521
916.47375	911.07214
916.52588	909.20355
916.578	904.56415
916.63013	905.07135
916.68219	913.0802
916.73431	916.78906
916.78644	910.32092
916.8385	909.40186
916.89063	912.26227
916.94275	908.47192
916.99487	908.63318
917.04694	913.09418
917.09906	909.99725
917.15118	905.58221
917.20325	914.21173
917.25537	909.06854
917.3075	906.69592
917.35956	907.93744
917.41168	905.34937
917.46381	914.21033
917.51593	912.60651
917.56799	909.98944
917.62012	907.01782
917.67224	905.97485
917.7243	905.76422
917.77643	909.1991
917.82855	908.03156
917.88068	909.43671
917.93274	908.14905
917.98486	905.71741
918.03699	907.54523
918.08905	913.44897
918.14117	909.60974
918.1933	903.78894
918.24542	906.61536
918.29749	911.28516
918.34961	909.72321
918.40173	907.02692
918.4538	908.40765
918.50592	911.94287
918.55804	907.62585
918.61011	906.41425
918.66223	908.20142
918.71436	911.60419
918.76648	908.29565
918.81854	905.10083
918.87067	921.9483
918.92279	910.70947
918.97485	904.51953
919.02698	906.04999
919.0791	913.97052
919.13123	912.38477
919.18329	905.84363
919.23541	906.00964
919.28754	909.02631
919.3396	909.97351
919.39172	907.21301
919.44385	909.07715
919.49597	910.48175
919.54803	908.67889
919.60016	908.24011
919.65228	908.38977
919.70435	909.53766
919.75647	908.80853
919.80859	909.16125
919.86066	910.45142
919.91278	912.65424
919.9649	911.72241
920.01703	910.21783
920.06909	912.77759
920.12122	909.24078
920.17334	905.16888
920.2254	909.49945
920.27753	906.4519
920.32965	910.00372
920.38177	909.02942
920.43384	909.39868
920.48596	911.72809
920.53809	912.18457
920.59015	906.78192
920.64227	907.6427
920.6944	907.50006
920.74646	909.11597
920.79858	911.55133
920.85071	910.55762
920.90283	911.19824
920.9549	911.35272
921.00702	909.42273
921.05914	909.5766
921.11121	913.5177
921.16333	908.90967
921.21545	908.11005
921.26758	911.39459
921.31964	911.30688
921.37177	908.87079
921.42389	908.18378
921.47595	909.94897
921.52808	912.38831
921.5802	910.86737
921.63232	908.21002
921.68439	909.68768
921.73651	912.83807
921.78864	906.96069
921.8407	909.53925
921.89282	907.66888
921.94495	910.5932
921.99701	908.07068
922.04913	908.46173
922.10126	907.03217
922.15338	910.81879
922.20544	905.15082
922.25757	910.3175
922.30969	907.91687
922.36176	909.20935
922.41388	907.11115
922.466	908.27173
922.51813	913.44873
922.57019	909.60455
922.62231	904.9176
922.67444	906.17151
922.7265	911.86591
922.77863	910.09393
922.83075	911.45032
922.88287	909.88232
922.93494	913.25214
922.98706	911.49506
923.03918	908.1131
923.09125	907.43182
923.14337	911.10089
923.1955	909.57898
923.24756	906.8833
923.29968	910.02631
923.35181	908.94598
923.40393	905.72058
923.45599	905.97839
923.50812	911.64374
923.56024	911.84747
923.6123	907.93018
923.66443	904.27655
923.71655	909.80286
923.76868	911.72443
923.82074	910.59833
923.87286	909.91956
923.92499	908.55585
923.97705	912.12378
924.02917	906.20551
924.0813	906.6535
924.13336	914.98804
924.18549	910.18231
924.23761	903.7796
924.28973	906.67883
924.3418	914.42786
924.39392	913.07526
924.44604	909.41357
924.49811	907.24548
924.55023	908.65063
924.60236	907.61096
924.65448	902.98737
924.70654	906.95953
924.75867	912.03687
924.81079	908.4082
924.86285	911.05713
924.91498	911.62836
924.9671	913.42981
925.01923	904.3938
925.07129	908.84167
925.12341	910.09528
925.17554	912.82501
925.2276	908.83173
925.27972	900.25909
925.33185	907.10199
925.38391	908.60095
925.43604	908.86713
925.48816	907.4411
925.54028	913.53778
925.59235	910.37695
925.64447	909.44922
925.69659	909.68988
925.74866	910.83221
925.80078	908.88666
925.85291	907.47357
925.90503	909.0589
925.95709	916.23993
926.00922	913.01392
926.06134	906.03564
926.1134	908.96393
926.16553	909.77045
926.21765	911.30383
926.26978	907.1944
926.32184	910.17218
926.37396	912.45728
926.42609	910.53375
926.47815	906.53534
926.53027	909.51636
926.5824	907.55878
926.63446	904.80658
926.68658	905.39404
926.73871	910.19647
926.79083	910.96704
926.8429	902.53674
926.89502	908.1554
926.94714	911.64465
926.99921	908.13757
927.05133	908.93408
927.10345	906.9743
927.15558	911.23456
927.20764	909.30853
927.25977	905.51349
927.31189	906.05823
927.36395	911.04962
927.41608	913.34595
927.4682	907.30066
927.52026	906.4386
927.57239	909.69543
927.62451	905.38849
927.67664	908.034
927.7287	911.01483
927.78082	913.00049
927.83295	908.20117
927.88501	902.22559
927.93713	906.82458
927.98926	907.73163
928.04138	907.3913
928.09344	912.45856
928.14557	915.58398
928.19769	914.9657
928.24976	908.70508
928.30188	906.40216
928.354	913.97113
928.40613	918.45245
928.45819	910.73279
928.51031	904.7951
928.56244	908.33362
928.6145	909.78131
928.66663	905.23248
928.71875	904.84412
928.77081	905.74017
928.82294	908.17139
928.87506	908.09314
928.92719	907.43781
928.97925	911.84845
929.03137	911.80853
929.0835	908.09491
929.13556	909.58801
929.18768	910.68243
929.23981	912.84833
929.29193	909.89484
929.34399	908.82983
929.39612	911.10168
929.44824	907.25031
929.50031	905.78937
929.55243	905.37195
929.60455	902.26257
929.65668	904.47113
929.70874	907.57538
929.76086	913.09711
929.81299	913.73938
929.86505	907.12683
929.91718	904.13611
929.9693	909.36145
930.02136	913.6734
930.07349	909.25519
930.12561	905.93274
930.17773	910.7453
930.2298	909.80145
930.28192	906.15265
930.33405	912.84045
930.38611	913.95819
930.43823	909.29572
930.49036	903.46844
930.54248	902.96661
930.59454	909.96112
930.64667	912.92401
930.69879	911.18982
930.75085	911.48682
930.80298	912.19843
930.8551	907.55841
930.90723	907.93646
930.95929	909.07959
931.01141	914.92548
931.06354	907.62781
931.1156	906.17657
931.16772	907.56372
931.21985	911.51758
931.27191	907.17438
931.32404	907.40088
931.37616	914.26349
931.42828	915.33966
931.48035	912.22791
931.53247	909.47034
931.58459	908.53741
931.63666	907.89221
931.68878	906.14233
931.74091	905.39355
931.79303	910.01971
931.84509	909.07617
931.89722	905.33588
931.94934	906.54456
932.0014	909.36169
932.05353	910.30829
932.10565	909.60742
932.15771	907.17444
932.20984	904.63507
932.26196	907.49365
932.31409	906.94904
932.36615	909.4657
932.41827	914.12427
932.4704	906.03522
932.52246	907.08301
932.57458	908.46918
932.62671	912.75873
932.67883	907.75085
932.7309	902.59064
932.78302	912.63763
932.83514	913.95801
932.88721	906.66364
932.93933	907.76959
932.99146	909.04553
933.04358	908.82172
933.09564	908.93518
933.14777	913.28864
933.19989	918.18781
933.25195	914.9718
933.30408	906.82343
933.3562	907.82971
933.40826	912.58826
933.46039	910.66534
933.51251	907.14685
933.56464	906.46857
933.6167	912.72717
933.66882	912.2655
933.72095	907.42163
933.77301	909.03687
933.82513	909.22382
933.87726	908.58386
933.92938	905.552
933.98145	908.46771
934.03357	913.97162
934.08569	910.68945
934.13776	908.99219
934.18988	904.14435
934.242	913.52313
934.29413	906.04602
934.34619	907.39758
934.39832	910.36523
934.45044	910.245
934.5025	911.44
934.55463	911.43628
934.60675	911.74298
934.65881	908.09424
934.71094	902.80273
934.76306	907.63159
934.81519	911.11224
934.86725	911.70984
934.91937	908.94043
934.9715	912.23883
935.02356	913.19727
935.07568	909.20172
935.12781	909.08771
935.17993	913.81403
935.23199	909.76453
935.28412	911.03052
935.33624	912.2934
935.38831	907.65027
935.44043	912.25494
935.49255	903.99713
935.54462	910.15857
935.59674	908.9231
935.64886	916.53302
935.70099	909.39667
935.75305	910.26581
935.80518	912.73175
935.8573	909.44116
935.90936	909.49866
935.96149	907.80804
936.01361	907.39252
936.06573	909.66113
936.1178	909.51501
936.16992	913.54089
936.22205	917.24353
936.27411	913.85498
936.32623	910.47943
936.37836	911.05322
936.43048	914.89966
936.48254	912.1745
936.53467	907.78259
936.58679	909.98529
936.63885	914.27643
936.69098	910.97644
936.7431	904.8631
936.79517	908.06543
936.84729	920.40411
936.89941	908.26184
936.95154	911.14514
937.0036	912.23328
937.05573	907.28345
937.10785	907.79846
937.15991	908.84521
937.21204	913.40503
937.26416	913.95947
937.31628	913.31604
937.36835	913.77472
937.42047	910.95081
937.4726	911.17511
937.52466	907.74194
937.57678	909.18622
937.62891	908.85382
937.68103	910.70819
937.73309	906.9939
937.78522	908.30048
937.83734	914.31885
937.8894	913.1405
937.94153	906.95355
937.99365	909.70325
938.04572	906.80029
938.09784	909.92847
938.14996	907.46246
938.20209	913.59796
938.25415	920.09564
938.30627	910.32971
938.3584	913.58142
938.41046	912.14435
938.46259	910.61096
938.51471	909.56982
938.56683	909.04059
938.6189	912.4798
938.67102	914.62061
938.72314	907.24609
938.77521	910.25604
938.82733	912.03204
938.87946	909.28082
938.93152	908.04388
938.98364	910.98883
939.03577	912.85834
939.08789	908.86737
939.13995	909.42938
939.19208	913.58972
939.2442	914.87335
939.29626	907.87872
939.34839	904.60138
939.40051	906.79144
939.45264	912.20551
939.5047	906.32874
939.55682	907.96448
939.60895	914.32129
939.66101	916.4599
939.71313	907.94751
939.76526	906.07813
939.81738	909.77631
939.86945	915.349
939.92157	912.28522
939.97369	910.87128
940.02576	916.11292
940.07788	916.53552
940.13	909.80896
940.18207	908.59448
940.23419	906.40515
940.28632	909.72076
940.33844	908.15363
940.3905	908.80243
940.44263	911.71143
940.49475	911.06006
940.54681	907.80072
940.59894	910.43298
940.65106	913.93805
940.70319	916.02765
940.75525	910.74908
940.80737	912.28387
940.8595	917.0741
940.91156	907.15344
940.96368	908.47784
941.01581	910.8045
941.06793	911.45538
941.12	909.99738
941.17212	910.974
941.22424	911.19
941.27631	914.46667
941.32843	914.39313
941.38055	912.79919
941.43262	909.19012
941.48474	914.18011
941.53687	910.59497
941.58899	910.94482
941.64105	910.94122
941.69318	912.57233
941.7453	913.5921
941.79736	912.90204
941.84949	912.09113
941.90161	909.29846
941.95374	907.51874
942.0058	912.9856
942.05792	912.34705
942.11005	907.54413
942.16211	905.65009
942.21423	909.76398
942.26636	907.57031
942.31848	907.32904
942.37054	909.66266
942.42267	914.15039
942.47479	915.86206
942.52686	907.03992
942.57898	912.98883
942.6311	907.88721
942.68317	911.51874
942.73529	907.62604
942.78741	912.37671
942.83954	909.11481
942.8916	907.19055
942.94373	903.36188
942.99585	908.53363
943.04791	909.66864
943.10004	911.74213
943.15216	908.91565
943.20428	910.91058
943.25635	915.19269
943.30847	911.89691
943.3606	909.99829
943.41266	915.63214
943.46478	914.33435
943.51691	913.19135
943.56897	907.69934
943.62109	917.23083
943.67322	914.02295
943.72534	907.78784
943.7774	913.99585
943.82953	910.30304
943.88165	914.45276
943.93372	905.50507
943.98584	908.73047
944.03796	912.57776
944.09009	911.87476
944.14215	902.57312
944.19427	906.74768
944.2464	911.83911
944.29846	912.86523
944.35059	909.86493
944.40271	913.0824
944.45483	916.61603
944.5069	911.20959
944.55902	912.3584
944.61115	913.31897
944.66321	911.23004
944.71533	907.58875
944.76746	910.62543
944.81952	911.23938
944.87164	915.39368
944.92377	908.93567
944.97589	906.77917
945.02795	913.87976
945.08008	913.29602
945.1322	913.68549
945.18427	915.22375
945.23639	917.13513
945.28851	915.94977
945.34064	912.54895
945.3927	906.04523
945.44482	909.21783
945.49695	907.68524
945.54901	912.79364
945.60114	912.31927
945.65326	915.66089
945.70538	916.27197
945.75745	914.90527
945.80957	915.08337
945.86169	913.12921
945.91376	907.50671
945.96588	906.94293
946.01801	911.66876
946.07007	915.1629
946.12219	912.35919
946.17432	908.44373
946.22644	910.03809
946.2785	914.84515
946.33063	911.62903
946.38275	907.87134
946.43481	912.91443
946.48694	915.07281
946.53906	908.83051
946.59119	903.63757
946.64325	909.77655
946.69537	910.84344
946.7475	908.97559
946.79956	907.30908
946.85168	910.56628
946.90381	914.04083
946.95587	914.43951
947.008	911.56622
947.06012	912.44757
947.11224	913.80048
947.16431	913.53241
947.21643	912.77026
947.26855	912.24677
947.32062	910.43842
947.37274	909.54071
947.42487	913.86951
947.47699	920.8667
947.52905	911.7063
947.58118	909.44751
947.6333	908.19855
947.68536	914.4762
947.73749	902.02399
947.78961	914.51917
947.84174	917.81354
947.8938	913.08911
947.94592	909.17657
947.99805	913.01953
948.05011	909.82739
948.10223	916.62433
948.15436	912.65149
948.20642	907.74835
948.25854	913.75403
948.31067	916.17731
948.36279	911.13666
948.41486	907.86353
948.46698	911.46429
948.5191	906.93695
948.57117	904.06287
948.62329	910.27148
948.67542	911.0462
948.72754	910.67261
948.7796	909.40778
948.83173	907.7276
948.88385	915.91846
948.93591	907.21545
948.98804	911.96844
949.04016	909.51642
949.09229	913.40509
949.14435	911.66595
949.19647	907.5061
949.2486	913.34399
949.30066	911.95953
949.35278	907.4024
949.40491	908.41064
949.45697	910.5155
949.50909	909.39429
949.56122	913.26251
949.61334	914.51532
949.66541	913.70624
949.71753	912.15009
949.76965	911.86633
949.82172	914.00293
949.87384	913.98438
949.92596	909.74591
949.97809	908.40961
950.03015	909.59583
950.08228	916.495
950.1344	914.64563
950.18646	908.6676
950.23859	911.45526
950.29071	916.56085
950.34277	912.39667
950.3949	906.62646
950.44702	917.15857
950.49915	914.22821
950.55121	909.69147
950.60333	912.1955
950.65546	912.65613
950.70752	907.72278
950.75964	904.33557
950.81177	908.60199
950.86389	917.50775
950.91595	914.33276
950.96808	913.45813
951.0202	914.25018
951.07227	914.12067
951.12439	909.37793
951.17651	909.94269
951.22864	911.58899
951.2807	912.35278
951.33282	906.64801
951.38495	909.99689
951.43701	915.06702
951.48914	914.42139
951.54126	918.42969
951.59332	910.50043
951.64545	906.79785
951.69757	911.34668
951.74969	904.74841
951.80176	910.2019
951.85388	913.2276
951.90601	912.68237
951.95807	910.2041
952.01019	911.86798
952.06232	918.87189
952.11444	916.29767
952.1665	910.6651
952.21863	907.89899
952.27075	907.93921
952.32281	907.19489
952.37494	910.43121
952.42706	913.94794
952.47919	913.33972
952.53125	910.89618
952.58337	913.19556
952.6355	916.9585
952.68756	915.57446
952.73969	908.57117
952.79181	909.96307
952.84387	911.60248
952.896	914.14337
952.94812	911.17365
953.00024	911.95294
953.05231	914.24426
953.10443	907.54285
953.15656	904.00122
953.20862	906.95032
953.26074	919.08667
953.31287	910.96246
953.36499	908.9715
953.41705	909.24158
953.46918	918.38727
953.5213	915.31348
953.57336	913.74438
953.62549	915.5481
953.67761	917.24506
953.72974	917.41949
953.7818	917.66144
953.83392	913.94
953.88605	911.39191
953.93811	908.56818
953.99023	908.51855
954.04236	908.57471
954.09442	911.94458
954.14655	912.52686
954.19867	906.20599
954.25079	909.82245
954.30286	917.1637
954.35498	914.55292
954.4071	914.8728
954.45917	915.01453
954.51129	910.99469
954.56342	909.05078
954.61554	912.33575
954.6676	916.6687
954.71973	911.44965
954.77185	905.28851
954.82391	909.88617
954.87604	914.20435
954.92816	912.78741
954.98022	911.17004
955.03235	914.60834
955.08447	920.57947
955.1366	916.76367
955.18866	912.10797
955.24078	914.15753
955.29291	910.29681
955.34497	906.08923
955.39709	909.1001
955.44922	916.30127
955.50134	912.86823
955.55341	907.68402
955.60553	909.33649
955.65765	910.73401
955.70972	909.68799
955.76184	910.98682
955.81396	914.56335
955.86609	915.33179
955.91815	913.00659
955.97028	910.74377
956.0224	914.86285
956.07446	914.84998
956.12659	914.10114
956.17871	910.9704
956.23077	914.43298
956.2829	916.0495
956.33502	913.96436
956.38715	911.76605
956.43921	917.02838
956.49133	912.00708
956.54346	912.82428
956.59552	914.38416
956.64764	917.75061
956.69977	913.85016
956.75189	913.20496
956.80396	911.63745
956.85608	910.99689
956.9082	912.6286
956.96027	909.4978
957.01239	909.53693
957.06451	914.05206
957.11664	911.84375
957.1687	912.28583
957.22083	915.3233
957.27295	913.86365
957.32501	912.74243
957.37714	911.54791
957.42926	909.36786
957.48132	914.15582
957.53345	911.52924
957.58557	911.90857
957.6377	913.05096
957.68976	918.33862
957.74188	912.37158
957.79401	911.90088
957.84607	917.69604
957.89819	913.85168
957.95032	909.26996
958.00244	911.48096
958.0545	916.29919
958.10663	914.25159
958.15875	909.53156
958.21082	911.82172
958.26294	916.9917
958.31506	915.4209
958.36713	909.25641
958.41925	911.14215
958.47137	916.03674
958.5235	913.91772
958.57556	913.95807
958.62769	913.54932
958.67981	917.17297
958.73187	913.76074
958.784	912.58087
958.83612	914.9469
958.88824	917.74414
958.94031	910.80334
958.99243	915.21655
959.04456	918.75403
959.09662	921.39923
959.14874	912.25146
959.20087	911.67432
959.25299	915.25623
959.30505	913.89014
959.35718	913.88708
959.4093	915.17108
959.46136	916.10052
959.51349	916.08948
959.56561	915.98755
959.61768	916.63031
959.6698	915.81354
959.72192	915.07019
959.77405	913.76489
959.82611	915.06836
959.87823	916.07629
959.93036	911.87665
959.98242	916.13751
960.03455	911.39447
960.08667	920.59393
960.13879	916.64435
960.19086	910.32941
960.24298	919.80017
960.2951	910.04016
960.34717	917.77747
960.39929	913.15765
960.45142	915.84662
960.50354	912.37946
960.5556	908.6507
960.60773	908.49402
960.65985	915.883
960.71191	916.60651
960.76404	913.28687
960.81616	913.93945
960.86823	916.60822
960.92035	917.87408
960.97247	913.5918
961.0246	913.44598
961.07666	918.7088
961.12878	913.65417
961.18091	911.24921
961.23297	915.97021
961.2851	917.27393
961.33722	912.5733
961.38934	913.06744
961.44141	914.29584
961.49353	918.52606
961.54565	913.80231
961.59772	914.62451
961.64984	913.7113
961.70197	911.67578
961.75403	911.81769
961.80615	912.909
961.85828	912.64178
961.9104	915.13788
961.96246	911.68896
962.01459	913.40704
962.06671	913.40131
962.11877	915.32245
962.1709	914.02917
962.22302	915.23236
962.27515	915.98785
962.32721	910.36475
962.37933	912.13208
962.43146	916.42969
962.48352	914.68152
962.53564	915.09216
962.58777	915.93152
962.63989	918.37939
962.69196	915.9187
962.74408	911.81891
962.7962	917.92773
962.84827	916.31299
962.90039	916.61865
962.95251	915.30029
963.00458	916.44427
963.0567	915.14539
963.10883	915.5564
963.16095	914.32971
963.21301	915.41168
963.26514	915.7962
963.31726	912.67914
963.36932	909.74799
963.42145	914.83734
963.47357	917.74988
963.5257	912.96112
963.57776	914.72742
963.62988	916.42139
963.68201	918.67511
963.73407	917.60376
963.78619	911.77325
963.83832	912.75073
963.89044	917.64398
963.9425	915.15381
963.99463	915.56848
964.04675	918.99738
964.09882	917.71893
964.15094	914.84784
964.20306	915.44775
964.25513	915.61224
964.30725	915.14862
964.35938	912.21625
964.4115	911.44531
964.46356	913.84021
964.51569	915.75671
964.56781	912.97827
964.61987	911.29077
964.672	915.18994
964.72412	918.69531
964.77625	914.48065
964.82831	915.66864
964.88043	917.09021
964.93256	917.22943
964.98462	911.93347
965.03674	919.29572
965.08887	917.93475
965.14099	913.98035
965.19305	914.30573
965.24518	917.54828
965.2973	915.08331
965.34937	914.26215
965.40149	911.7431
965.45361	914.44598
965.50568	918.3465
965.5578	917.7627
965.60992	915.30994
965.66205	916.52216
965.71411	915.86877
965.76624	913.68036
965.81836	913.40948
965.87042	914.60986
965.92255	919.21942
965.97467	917.54211
966.02679	918.24927
966.07886	920.89014
966.13098	921.78033
966.18311	916.42822
966.23517	916.47119
966.28729	918.00537
966.33942	918.12018
966.39148	914.26569
966.4436	916.51801
966.49573	921.34821
966.54785	919.06018
966.59991	917.87689
966.65204	913.39819
966.70416	913.71344
966.75623	915.09271
966.80835	918.76306
966.86047	918.99872
966.9126	922.57501
966.96466	917.1225
967.01678	916.19141
967.06891	921.55225
967.12097	922.72107
967.1731	920.55511
967.22522	919.58826
967.27734	917.19775
967.32941	918.55121
967.38153	919.07281
967.43365	916.5838
967.48572	918.01025
967.53784	917.78149
967.58997	917.60016
967.64203	918.83972
967.69415	918.45886
967.74628	917.45062
967.7984	917.68402
967.85046	915.44592
967.90259	917.69141
967.95471	918.33954
968.00677	918.20386
968.0589	919.76837
968.11102	921.08813
968.16315	918.02765
968.21521	921.23297
968.26733	919.27197
968.31946	916.80377
968.37152	921.50299
968.42365	923.12555
968.47577	921.43726
968.52789	925.94324
968.57996	921.7395
968.63208	919.95624
968.6842	916.75146
968.73627	916.05701
968.78839	914.96844
968.84052	920.21411
968.89258	917.47803
968.9447	922.81854
968.99683	918.68097
969.04895	915.81946
969.10101	917.83331
969.15314	920.61823
969.20526	922.68451
969.25732	919.36243
969.30945	919.58752
969.36157	917.36658
969.4137	920.9696
969.46576	921.64764
969.51788	918.83966
969.57001	921.85059
969.62207	920.15369
969.67419	923.6427
969.72632	925.66113
969.77838	919.3739
969.83051	911.3858
969.88263	921.68762
969.93475	921.59552
969.98682	921.04095
970.03894	919.13776
970.09106	921.78076
970.14313	923.53241
970.19525	919.73602
970.24738	923.12799
970.2995	923.36157
970.35156	922.75891
970.40369	923.24548
970.45581	919.62646
970.50787	919.93781
970.56	919.65247
970.61212	918.96216
970.66425	921.11774
970.71631	920.93488
970.76843	920.16608
970.82056	925.06958
970.87262	925.30829
970.92474	919.96356
970.97687	924.42798
971.02893	925.65802
971.08105	926.1095
971.13318	928.52606
971.1853	920.73553
971.23737	919.47498
971.28949	929.29028
971.34161	924.4787
971.39368	921.6806
971.4458	915.80597
971.49792	924.64331
971.55005	924.36304
971.60211	920.76215
971.65424	920.23901
971.70636	928.52399
971.75842	926.80176
971.81055	924.47833
971.86267	920.86841
971.91479	916.36395
971.96686	920.75336
972.01898	923.67151
972.07111	924.70569
972.12317	925.62384
972.17529	925.23395
972.22742	920.62201
972.27948	929.92755
972.3316	928.46301
972.38373	924.81714
972.43585	917.22827
972.48792	923.24213
972.54004	928.07733
972.59216	927.0625
972.64423	923.28552
972.69635	927.49152
972.74847	929.92395
972.8006	929.28821
972.85266	922.66626
972.90479	927.2793
972.95691	928.80157
973.00897	926.38696
973.0611	927.88159
973.11322	931.1441
973.16534	927.30719
973.21741	924.03625
973.26953	922.08813
973.32166	928.33459
973.37372	922.99219
973.42584	934.47186
973.47797	928.3299
973.53003	932.54108
973.58215	928.60822
973.63428	926.65771
973.6864	928.05597
973.73846	925.57355
973.79059	925.35632
973.84271	923.92773
973.89478	933.5578
973.9469	928.85852
973.99902	931.34546
974.05115	929.34521
974.10321	929.09082
974.15533	928.15906
974.20746	929.65088
974.25952	931.08099
974.31165	935.77008
974.36377	930.03711
974.41583	927.09033
974.46796	930.66925
974.52008	934.02081
974.5722	928.16864
974.62427	923.92828
974.67639	928.26941
974.72852	928.29785
974.78058	927.16882
974.8327	922.92352
974.88483	938.3288
974.93695	936.53766
974.98901	934.20032
975.04114	927.45752
975.09326	936.90472
975.14532	932.36194
975.19745	930.47772
975.24957	927.03198
975.3017	930.44916
975.35376	933.33105
975.40588	928.30798
975.45801	926.78949
975.51007	932.94116
975.56219	934.71503
975.61432	932.06537
975.66638	939.92218
975.71851	939.29614
975.77063	934.31653
975.82275	929.18951
975.87482	931.32269
975.92694	935.72858
975.97906	933.95917
976.03113	927.71338
976.08325	923.73511
976.13538	930.32611
976.1875	932.44989
976.23956	930.3327
976.29169	935.44214
976.34381	934.62671
976.39587	931.92175
976.448	931.57739
976.50012	936.83893
976.55225	931.05475
976.60431	925.64166
976.65643	926.71863
976.70856	934.03528
976.76062	933.96814
976.81274	930.75977
976.86487	924.60504
976.91693	927.10272
976.96906	927.6618
977.02118	924.7135
977.0733	929.56055
977.12537	929.49597
977.17749	928.5506
977.22961	929.3396
977.28168	929.92175
977.3338	931.40295
977.38593	927.95813
977.43805	927.24677
977.49011	923.49347
977.54224	928.75549
977.59436	926.83887
977.64642	924.93695
977.69855	927.53436
977.75067	928.15021
977.80273	931.10028
977.85486	926.46332
977.90698	928.47314
977.95911	929.19403
978.01117	933.37891
978.06329	929.12097
978.11542	929.97314
978.16748	928.36017
978.2196	926.43384
978.27173	928.2746
978.32385	929.3205
978.37592	927.37146
978.42804	923.89404
978.48016	921.15277
978.53223	928.06976
978.58435	929.91711
978.63647	921.48096
978.6886	934.50684
978.74066	930.23297
978.79279	930.88794
978.84491	922.98755
978.89697	925.13605
978.9491	931.26849
979.00122	920.75275
979.05328	922.375
979.10541	926.05865
979.15753	930.56415
979.20966	929.81726
979.26172	926.84119
979.31384	926.70172
979.36597	931.10706
979.41803	928.90387
979.47015	923.95551
979.52228	927.56421
979.5744	929.71375
979.62646	926.42688
979.67859	919.97705
979.73071	929.39423
979.78278	930.8819
979.8349	921.64606
979.88702	927.8819
979.93915	928.39105
979.99121	930.33649
980.04333	924.81207
980.09546	931.61676
980.14752	931.93188
980.19965	929.70166
980.25177	923.60114
980.30383	927.65167
980.35596	924.02026
980.40808	921.93103
980.46021	922.79858
980.51227	927.53979
980.56439	924.97882
980.61652	923.60327
980.66858	928.06396
980.7207	924.25385
980.77283	921.19708
980.82495	920.41602
980.87701	929.52216
980.92914	923.14362
980.98126	919.36102
981.03333	922.17365
981.08545	919.63458
981.13757	927.41132
981.18964	926.38953
981.24176	920.74017
981.29388	923.43433
981.34601	923.90466
981.39807	925.54834
981.4502	925.94617
981.50232	931.7774
981.55438	928.16425
981.60651	924.62982
981.65863	925.03766
981.71075	927.93719
981.76282	931.82306
981.81494	921.80029
981.86707	920.71802
981.91913	925.01733
981.97125	927.92596
982.02338	926.53864
982.0755	920.25488
982.12756	925.67389
982.17969	921.34149
982.23181	922.97266
982.28387	925.36182
982.336	925.72839
982.38812	924.80664
982.44019	924.13812
982.49231	928.01318
982.54443	927.46484
982.59656	925.16229
982.64862	923.11053
982.70074	926.75928
982.75287	928.31256
982.80493	925.96533
982.85706	922.69067
982.90918	925.82733
982.9613	926.06689
983.01337	928.9455
983.06549	928.72858
983.11761	922.93774
983.16968	922.64557
983.2218	932.34039
983.27393	920.37518
983.32605	923.77551
983.37811	924.95496
983.43024	918.49451
983.48236	921.37341
983.53442	925.26819
983.58655	925.6026
983.63867	925.68927
983.69073	923.39099
983.74286	927.99078
983.79498	924.88928
983.84711	918.69348
983.89917	927.50299
983.95129	925.87476
984.00342	925.12683
984.05548	923.87054
984.1076	925.77466
984.15973	930.1167
984.21185	926.29462
984.26392	921.11462
984.31604	927.05811
984.36816	926.00037
984.42023	923.8573
984.47235	924.72559
984.52448	922.28455
984.5766	923.73572
984.62866	924.04059
984.68079	924.80853
984.73291	918.79315
984.78497	924.40216
984.8371	927.56488
984.88922	925.11493
984.94128	926.93909
984.99341	923.75024
985.04553	922.91254
985.09766	927.36041
985.14972	932.29688
985.20184	925.86237
985.25397	920.7146
985.30603	920.71295
985.35815	924.8587
985.41028	921.80994
985.4624	926.20154
985.51447	921.86603
985.56659	916.99731
985.61871	916.70319
985.67078	921.27985
985.7229	924.23547
985.77502	924.69836
985.82709	923.72296
985.87921	920.5694
985.93134	926.17438
985.98346	919.30408
986.03552	917.64935
986.08765	926.74731
986.13977	927.66327
986.19183	925.68536
986.24396	922.78833
986.29608	921.03918
986.34821	925.99988
986.40027	924.37292
986.45239	920.76074
986.50452	920.92914
986.55658	917.17682
986.6087	925.05176
986.66083	923.99847
986.71295	931.16388
986.76501	925.2854
986.81714	919.83392
986.86926	925.73724
986.92133	926.1261
986.97345	920.83905
987.02557	915.422
987.07764	921.82599
987.12976	924.23633
987.18188	920.56769
987.23401	925.92621
987.28607	926.4527
987.3382	922.19391
987.39032	920.11658
987.44238	918.49103
987.49451	922.94122
987.54663	925.13983
987.59875	935.01007
987.65082	925.05615
987.70294	922.65704
987.75507	926.5473
987.80713	922.64154
987.85925	917.88135
987.91138	923.08289
987.9635	924.61151
988.01556	924.17023
988.06769	925.14093
988.11981	928.5379
988.17188	926.24567
988.224	919.62207
988.27612	921.8139
988.32819	928.23682
988.38031	927.26227
988.43243	923.87549
988.48456	923.62469
988.53662	919.5235
988.58875	918.90594
988.64087	915.60645
988.69293	922.487
988.74506	924.41809
988.79718	923.60419
988.8493	920.31586
988.90137	926.97797
988.95349	924.44287
989.00562	924.57782
989.05768	923.08948
989.1098	922.17542
989.16193	922.79156
989.21399	917.49402
989.26611	928.39697
989.31824	923.76727
989.37036	912.72766
989.42242	915.41852
989.47455	917.92291
989.52667	923.64362
989.57874	919.66254
989.63086	916.9447
989.68298	924.5943
989.73511	925.93665
989.78717	919.63873
989.83929	916.01483
989.89142	924.57953
989.94348	921.9895
989.99561	923.09949
990.04773	922.67456
990.09985	923.50043
990.15192	926.02264
990.20404	920.99921
990.25616	919.25354
990.30823	921.99158
990.36035	923.94672
990.41248	919.75177
990.46454	922.86273
990.51666	921.10773
990.56879	924.36987
990.62091	923.23712
990.67297	920.23834
990.7251	921.78455
990.77722	922.26874
990.82928	922.50275
990.88141	924.85889
990.93353	924.00854
990.98566	917.67084
991.03772	925.28021
991.08984	923.07135
991.14197	924.6543
991.19403	919.96533
991.24615	922.91644
991.29828	925.38922
991.3504	915.9317
991.40247	915.67035
991.45459	925.41046
991.50671	927.1134
991.55878	923.88879
991.6109	919.31427
991.66302	920.70374
991.71509	922.99304
991.76721	920.56177
991.81934	917.2099
991.87146	918.47516
991.92352	918.29712
991.97565	921.64587
992.02777	919.45453
992.07983	920.75049
992.13196	921.61554
992.18408	917.00562
992.23621	911.24274
992.28827	918.70245
992.34039	919.01465
992.39252	925.92987
992.44458	915.36261
992.4967	921.83789
992.54883	920.26508
992.60089	919.67041
992.65302	922.84869
992.70514	924.5636
992.75726	924.45917
992.80933	921.47906
992.86145	924.29272
992.91357	923.41016
992.96564	917.68213
993.01776	918.41162
993.06989	920.71716
993.12201	918.78705
993.17407	915.31354
993.2262	919.82507
993.27832	917.80579
993.33038	919.54773
993.38251	920.41589
993.43463	918.54608
993.48676	919.98358
993.53882	925.41296
993.59094	915.6532
993.64307	918.04089
993.69513	921.35376
993.74725	919.49207
993.79938	915.52917
993.85144	917.79254
993.90356	920.02502
993.95569	919.64087
994.00781	919.38678
994.05988	919.08582
994.112	916.8606
994.16412	913.93542
994.21619	917.15112
994.26831	917.62964
994.32043	918.08563
994.37256	918.43042
994.42462	914.96759
994.47675	925.83704
994.52887	914.90723
994.58093	918.91486
994.63306	917.83563
994.68518	916.26263
994.7373	917.22821
994.78937	927.60083
994.84149	919.66193
994.89362	922.37231
994.94568	919.22137
994.9978	916.13849
995.04993	914.07208
995.10199	919.56915
995.15411	920.09558
995.20624	921.10059
995.25836	924.72028
995.31042	921.48438
995.36255	916.97461
995.41467	917.84711
995.46674	915.91089
995.51886	916.27081
995.57098	913.15625
995.62311	922.62726
995.67517	921.85809
995.72729	920.70276
995.77942	924.0567
995.83148	918.05115
995.88361	919.74341
995.93573	919.97974
995.98785	912.19226
996.03992	915.03931
996.09204	915.40088
996.14417	915.63879
996.19623	921.11475
996.24835	919.26385
996.30048	918.06891
996.35254	920.14929
996.40466	917.51495
996.45679	917.73834
996.50891	920.7547
996.56097	928.1261
996.6131	920.41779
996.66522	922.65967
996.71729	920.37769
996.76941	914.83533
996.82153	914.97986
996.87366	920.24701
996.92572	913.25726
996.97784	912.37769
997.02997	912.83923
997.08203	918.34589
997.13416	916.4787
997.18628	913.99707
997.23834	920.43842
997.29047	923.81104
997.34259	916.41125
997.39471	916.03113
997.44678	918.83453
997.4989	914.12982
997.55103	915.8111
997.60309	918.88556
997.65521	907.56787
997.70734	911.80591
997.75946	912.32483
997.81152	914.94562
997.86365	921.78784
997.91577	920.85492
997.96783	916.74072
998.01996	915.31531
998.07208	918.96826
998.12421	914.28241
998.17627	914.40833
998.22839	916.0957
998.28052	920.34833
998.33258	915.73529
998.3847	913.75983
998.43683	915.6076
998.48889	917.44348
998.54102	910.17926
998.59314	913.21918
998.64526	921.73004
998.69733	921.58777
998.74945	913.61926
998.80157	911.83948
998.85364	913.79669
998.90576	917.10809
998.95789	914.23962
999.01001	918.8089
999.06207	921.98346
999.1142	920.05066
999.16632	912.22809
999.21838	916.75208
999.27051	919.90039
999.32263	913.21204
999.37476	913.50763
999.42682	915.77289
999.47894	915.47363
999.53107	918.49182
999.58313	917.83875
999.63525	920.85913
999.68738	927.42084
999.73944	920.33252
999.79156	919.20813
999.84369	920.67291
999.89581	911.3338
999.94788	913.29871
1000	914.48242
