X	Y
400.156862048283	0.313985468318906
400.638978749546	0.301788322092604
401.121095450809	0.28777281227229
401.603212152072	0.27648226409281
402.085328853335	0.271553883902315
402.567445554598	0.273431443976912
403.049562255861	0.279375940546702
403.531678957124	0.284909491430395
404.013795658387	0.286519309274769
404.49591235965	0.283341447824739
404.978029060913	0.27744848994821
405.460145762176	0.27253748393395
405.942262463439	0.271820628650916
406.424379164702	0.27616549521582
406.906495865965	0.283616699976259
407.388612567228	0.290677901319689
407.870729268491	0.294378213101549
408.352845969754	0.294022055625221
408.834962671017	0.291390004150763
409.31707937228	0.289769661594794
409.799196073543	0.291761536243073
410.281312774806	0.297795816785466
410.763429476069	0.305598972889216
411.245546177332	0.31179100015162
411.727662878595	0.313617993913617
412.209779579858	0.310689281547986
412.691896281121	0.305045624471351
413.174012982384	0.300279814240101
413.656129683647	0.299418946421782
414.13824638491	0.303330744766647
414.620363086173	0.310364924276332
415.102479787436	0.317556578263044
415.584596488699	0.322384570891037
416.066713189962	0.324111346800871
416.548829891225	0.324207510350293
417.030946592488	0.32571952693366
417.513063293751	0.331733503406437
417.995179995014	0.34328694202537
418.477296696277	0.358328213335058
418.95941339754	0.37253507270874
419.441530098803	0.382273670426691
419.923646800066	0.386637498900602
420.405763501329	0.387900146460887
420.887880202592	0.389520717220148
421.369996903855	0.394274786304975
421.852113605118	0.402646151924438
422.334230306381	0.413003158379737
422.816347007644	0.42259345646165
423.298463708907	0.429274969178029
423.78058041017	0.432670870709631
424.262697111433	0.434461534415213
424.744813812696	0.4374453713749
425.226930513959	0.444010264540623
425.709047215222	0.45482973829425
426.191163916485	0.468563043717151
426.673280617748	0.482794898379636
427.155397319011	0.495440610311022
427.637514020273	0.505933904072292
428.119630721537	0.515305586738392
428.6017474228	0.525542333160152
429.083864124063	0.538230295269708
429.565980825325	0.553675173134121
430.048097526588	0.570556672593752
430.530214227852	0.58681317443098
431.012330929114	0.600659985218745
431.494447630377	0.611720127713062
431.97656433164	0.621128988820874
432.458681032903	0.630995040349513
432.940797734166	0.643130479887966
433.422914435429	0.658110440768844
433.905031136692	0.675058840640808
434.387147837955	0.692333811599933
434.869264539218	0.708581789006511
435.351381240481	0.723574351555298
435.833497941744	0.738416783653996
436.315614643007	0.754965106949037
436.79773134427	0.774750394764213
437.279848045533	0.797962691473252
437.761964746796	0.823398178907582
438.244081448059	0.849127124949254
438.726198149322	0.873690215099099
439.208314850585	0.896666101204465
439.690431551848	0.918859573932966
440.172548253111	0.941664382956745
440.654664954374	0.96632323853267
441.136781655637	0.99310114247573
441.6188983569	1.02118953674873
442.101015058163	1.04911190850607
442.583131759426	1.0756622554673
443.065248460689	1.1005524884465
443.547365161952	1.12453330626276
444.029481863215	1.14886159785725
444.511598564478	1.17453451183264
444.993715265741	1.20172036418329
445.475831967004	1.22967999176513
445.957948668267	1.25723994130994
446.44006536953	1.28348429670539
446.922182070793	1.30830248861476
447.404298772056	1.33240004872226
447.886415473319	1.3568978123843
448.368532174582	1.38261594479459
448.850648875845	1.40967228716056
449.332765577108	1.43738140059763
449.814882278371	1.46474974950328
450.296998979634	1.49093941694507
450.779115680897	1.5157653635687
451.26123238216	1.53970336164874
451.743349083423	1.56363156690256
452.225465784686	1.58827367422098
452.707582485949	1.61378310918078
453.189699187212	1.63966387995775
453.671815888475	1.66509694242605
454.153932589738	1.68942891284397
454.636049291001	1.71253504969211
455.118165992264	1.73496411133872
455.600282693527	1.75776550951813
456.08239939479	1.78216787352658
456.564516096053	1.80907696158779
457.046632797316	1.83883362917928
457.528749498579	1.87108249507674
458.010866199842	1.90496444981772
458.492982901105	1.93945018134843
458.975099602368	1.97365022075556
459.457216303631	2.00699051391155
459.939333004894	2.03920873439482
460.421449706157	2.07034763416799
460.90356640742	2.10069930097349
461.385683108683	2.13074545779114
461.867799809946	2.16103932328533
462.349916511209	2.1920193315593
462.832033212472	2.2238350656881
463.314149913735	2.25624076393949
463.796266614998	2.28867789685138
464.278383316261	2.32050303197787
464.760500017524	2.35135576939274
465.242616718787	2.38131806175674
465.72473342005	2.41093628476434
466.206850121313	2.44093538739125
466.688966822576	2.47192944842866
467.171083523839	2.50409326812355
467.653200225102	2.53707552521179
468.135316926365	2.57013364779871
468.617433627628	2.6024792511383
469.099550328891	2.63365544413963
469.581667030154	2.66361686667592
470.063783731417	2.69269817113179
470.54590043268	2.72139403200078
471.028017133943	2.75019973267673
471.510133835206	2.77946853872798
471.992250536469	2.80939119281161
472.474367237732	2.84008874037609
472.956483938995	2.87159027601587
473.438600640258	2.90382747658537
473.920717341521	2.93657626175881
474.402834042784	2.96944915720231
474.884950744047	3.0019688560106
475.36706744531	3.03372828031627
475.849184146573	3.06461452042374
476.331300847836	3.09482736848891
476.813417549099	3.12476615496815
477.295534250362	3.15473112048656
477.777650951625	3.18465028153522
478.259767652888	3.21394744544111
478.741884354151	3.24176407518445
479.224001055414	3.26728042335908
479.706117756677	3.29020971287667
480.18823445794	3.31096754529915
480.670351159203	3.33056821736036
481.152467860466	3.35013458883901
481.634584561729	3.37040522403706
482.116701262992	3.39146663972639
482.598817964255	3.41278823249373
483.080934665518	3.43361035041585
483.563051366781	3.4534484208682
484.045168068043	3.47247481570519
484.527284769307	3.49149343298818
485.00940147057	3.51156714794397
485.491518171832	3.53339420474381
485.973634873095	3.55698887438856
486.455751574358	3.58160932555539
486.937868275621	3.6061816629323
487.419984976884	3.62971454553075
487.902101678147	3.6517761909648
488.38421837941	3.67255268519522
488.866335080673	3.69259091928476
489.348451781936	3.71236962089323
489.830568483199	3.73201217499186
490.312685184462	3.75128875891775
490.794801885725	3.76991947212907
491.276918586988	3.78797541038514
491.759035288251	3.80614988139476
492.241151989514	3.82558246726855
492.723268690777	3.84743317780039
493.20538539204	3.87239183627432
493.687502093303	3.90029420393431
494.169618794566	3.93020649469737
494.651735495829	3.96083010038209
495.133852197092	3.99119580899375
495.615968898355	4.02099729682269
496.098085599618	4.05065882041299
496.580202300881	4.08090884613154
497.062319002144	4.11228473979107
497.544435703407	4.14469524675667
498.02655240467	4.17747978086163
498.508669105933	4.20974704140795
498.990785807196	4.24101620897002
499.472902508459	4.27158439294693
499.955019209722	4.30256114283859
500.437135910985	4.33538077047088
500.919252612248	4.37115302417703
501.401369313511	4.41017888845112
501.883486014774	4.45175141255875
502.365602716037	4.49452266251572
502.8477194173	4.53710323356727
503.329836118563	4.57874915203608
503.811952819826	4.61945182139631
504.294069521089	4.65962746397624
504.776186222352	4.69956574199676
505.258302923615	4.73905439719111
505.740419624878	4.77735821505927
506.222536326141	4.81368202275392
506.704653027404	4.84761340586619
507.186769728667	4.87953463591698
507.66888642993	4.91040429204076
508.151003131193	4.94132961210121
508.633119832456	4.9728617910016
509.115236533719	5.00470727225685
509.597353234982	5.03584536797277
510.079469936245	5.06512054473384
510.561586637508	5.09188371577496
511.043703338771	5.11628646914527
511.525820040034	5.13912863429534
512.007936741297	5.16128004096893
512.49005344256	5.18306445350741
512.972170143823	5.20395413251614
513.454286845086	5.22276858658158
513.936403546349	5.23829124804478
514.418520247612	5.25002331417465
514.900636948875	5.25846999064348
515.382753650138	5.26498460184471
515.864870351401	5.27099339387137
516.346987052664	5.27741104842769
516.829103753927	5.28412870629734
517.31122045519	5.29023374984348
517.793337156453	5.29454439280719
518.275453857716	5.29642031375716
518.757570558979	5.29611976879623
519.239687260242	5.29462665104285
519.721803961505	5.29297069928962
520.203920662768	5.29156228155153
520.686037364031	5.28987362851919
521.168154065294	5.28667765613103
521.650270766557	5.28064332320401
522.13238746782	5.27094358510351
522.614504169083	5.25763803003276
523.096620870346	5.24147919917059
523.578737571609	5.22343713431156
524.060854272872	5.20406157646797
524.542970974135	5.18330002572953
525.025087675398	5.16060678255812
525.507204376661	5.13547016548933
525.989321077924	5.10784591318378
526.471437779187	5.07836641956489
526.95355448045	5.04798535410011
527.435671181713	5.0174828049747
527.917787882976	4.9869258473422
528.399904584239	4.95565720426231
528.882021285502	4.92258710061105
529.364137986765	4.88685221350716
529.846254688028	4.84829443009511
530.328371389291	4.80760736592939
530.810488090554	4.76598354304077
531.292604791817	4.72451011719468
531.77472149308	4.68366948273407
532.256838194343	4.64309339470931
532.738954895606	4.60181202703702
533.221071596869	4.55877200247021
533.703188298132	4.51345070776503
534.185304999395	4.46607764799901
534.667421700658	4.41750576267648
535.149538401921	4.36870321477585
535.631655103184	4.32037887309602
536.113771804447	4.27266989790605
536.59588850571	4.22525539974377
537.078005206973	4.17765861037461
537.560121908236	4.12966570558572
538.042238609499	4.08147423333999
538.524355310762	4.03364671899163
539.006472012025	3.98678950714024
539.488588713288	3.94124127039157
539.97070541455	3.89694080066583
540.452822115814	3.85348722204375
540.934938817076	3.81042217424353
541.417055518339	3.76748184134772
541.899172219603	3.72479593996707
542.381288920865	3.68282919612317
542.863405622128	3.64218300858231
543.345522323391	3.60328907178407
543.827639024654	3.56630388346486
544.309755725918	3.53111347958678
544.79187242718	3.4974979932748
545.273989128443	3.46535331620119
545.756105829706	3.43486174435037
546.238222530969	3.40646211491343
546.720339232232	3.38073976765634
547.202455933495	3.35817090137592
547.684572634758	3.338958278039
548.166689336021	3.32300005793618
548.648806037284	3.31000743803336
549.130922738547	3.29972576498053
549.61303943981	3.2921225252662
550.095156141073	3.2874706129497
550.577272842336	3.28625492744355
551.059389543599	3.28899111204797
551.541506244862	3.29596664178603
552.023622946125	3.30716296830062
552.505739647388	3.32230670481906
552.987856348651	3.34109970043883
553.469973049914	3.36343366281625
553.952089751177	3.38953131810822
554.43420645244	3.41983706888186
554.916323153703	3.45480448510795
555.398439854966	3.49459598469464
555.880556556229	3.53894254765028
556.362673257492	3.58719770422124
556.844789958755	3.638659655945
557.326906660018	3.69293588805475
557.809023361281	3.75012714527827
558.291140062544	3.81075501538344
558.773256763807	3.87546165211887
559.25537346507	3.94465527866991
559.737490166333	4.01825178199154
560.219606867596	4.09574090347756
560.701723568859	4.17644785969633
561.183840270122	4.25994031476926
561.665956971385	4.34614556427077
562.148073672648	4.43529037214553
562.630190373911	4.52752643004884
563.112307075174	4.62259402587654
563.594423776437	4.71969182666716
564.0765404777	4.817797277229
564.558657178963	4.91604608769872
565.040773880226	5.01419403001191
565.522890581489	5.1127299785165
566.005007282752	5.21257167938378
566.487123984015	5.31447466559961
566.969240685278	5.41854972790116
567.451357386541	5.52411745316331
567.933474087804	5.63005904917075
568.415590789067	5.73539381131429
568.89770749033	5.83980400948125
569.379824191593	5.9437163657771
569.861940892856	6.04790110076866
570.344057594119	6.15285361685386
570.826174295382	6.25828879833105
571.308290996645	6.3631266524433
571.790407697908	6.46596720850265
572.272524399171	6.56590201844446
572.754641100434	6.66301514161781
573.236757801697	6.75842132615918
573.71887450296	6.85362175721362
574.200991204223	6.94983053852851
574.683107905486	7.04728442285804
575.165224606749	7.14524014381992
575.647341308012	7.24237413241698
576.129458009275	7.33768081285571
576.611574710538	7.43099699241927
577.093691411801	7.52303871246105
577.575808113064	7.61479631523335
578.057924814327	7.70678914687405
578.54004151559	7.79863748467815
579.022158216853	7.88921369818878
579.504274918116	7.97736268138718
579.986391619379	8.06266828308529
580.468508320642	8.14589775217615
580.950625021905	8.2287325829471
581.432741723168	8.31290839268734
581.914858424431	8.39912992054455
582.396975125694	8.48662195130501
582.879091826957	8.57339844833179
583.36120852822	8.65739966938408
583.843325229483	8.7374285133205
584.325441930746	8.81395032697949
584.807558632009	8.88872064072895
585.289675333272	8.96397737359151
585.771792034535	9.04107981449621
586.253908735798	9.11987237767047
586.736025437061	9.19879096415129
587.218142138324	9.27587074685129
587.700258839587	9.34993492934707
588.18237554085	9.42126827061343
588.664492242113	9.49148307058937
589.146608943376	9.56256442017756
589.628725644639	9.6358178120488
590.110842345902	9.71107368088221
590.592959047165	9.78686116420941
591.075075748428	9.86126744925538
591.557192449691	9.93319867211808
592.039309150954	10.0029660897839
592.521425852217	10.0721475474128
593.00354255348	10.1424103379201
593.485659254743	10.2145477738502
593.967775956006	10.2877099413942
594.449892657268	10.3598854033573
594.932009358532	10.4287794204741
595.414126059795	10.4932308617244
595.896242761057	10.5538141772613
596.378359462321	10.612585182757
596.860476163583	10.6718954653161
597.342592864846	10.7330920199785
597.82470956611	10.7958646171225
598.306826267372	10.8584959854257
598.788942968635	10.9189600164209
599.271059669898	10.9761536430392
599.753176371161	11.0306537058626
600.235293072424	11.0844284195144
600.717409773687	11.1397292295908
601.19952647495	11.1976458371694
601.681643176213	11.2575339828122
602.163759877476	11.317256860958
602.645876578739	11.3745684460186
603.127993280002	11.4282235681575
603.610109981265	11.4788814197028
604.092226682528	11.5285824867196
604.574343383791	11.5797388390047
605.056460085054	11.6335834599549
605.538576786317	11.6895002081632
606.02069348758	11.7452838138251
606.502810188843	11.7984735689149
606.984926890106	11.8478077267029
607.467043591369	11.8939549698025
607.949160292632	11.9391772119667
608.431276993895	11.9860667457619
608.913393695158	12.0361575728993
609.395510396421	12.0890018784986
609.877627097684	12.1424763632182
610.359743798947	12.1939736303238
610.84186050021	12.2420274903992
611.323977201473	12.2869816907223
611.806093902736	12.3307563618228
612.288210603999	12.3753566029495
612.770327305262	12.4215101121414
613.252444006525	12.4676536647546
613.734560707788	12.5105596687943
614.216677409051	12.5465183083553
614.698794110314	12.573499530398
615.180910811577	12.5923566793781
615.66302751284	12.6070716345131
616.145144214103	12.623391016076
616.627260915366	12.6468188824704
617.109377616629	12.6812191515755
617.591494317892	12.7274734106025
618.073611019155	12.7839465959606
618.555727720418	12.8474869287911
619.037844421681	12.9149633656453
619.519961122944	12.983782542566
620.002077824207	13.051853639749
620.48419452547	13.1173642333203
620.966311226733	13.1783345682991
621.448427927996	13.2329588049914
621.930544629259	13.2804313088507
622.412661330522	13.3215387916126
622.894778031785	13.358831565413
623.376894733048	13.3956055813015
623.859011434311	13.434910297409
624.341128135574	13.4780454045853
624.823244836837	13.5241812884905
625.3053615381	13.5708398566367
625.787478239363	13.6153837735988
626.269594940626	13.6564359570345
626.751711641889	13.6945157946151
627.233828343152	13.7316104407856
627.715945044415	13.7699099729081
628.198061745678	13.8104956071506
628.680178446941	13.8526101091507
629.162295148204	13.8940548129815
629.644411849467	13.9323689260659
630.12652855073	13.9663549051257
630.608645251993	13.9966531061941
631.090761953256	14.0254921537903
631.572878654519	14.0552658715501
632.054995355782	14.0874215938094
632.537112057045	14.1215699254489
633.019228758308	14.1559420902227
633.501345459571	14.1883662588682
633.983462160834	14.2177240504525
634.465578862097	14.2445561665794
634.94769556336	14.2707669221852
635.429812264623	14.2983438982074
635.911928965886	14.3280821091526
636.394045667149	14.3589763134249
636.876162368412	14.388710532217
637.358279069675	14.414918866599
637.840395770938	14.4364925305198
638.322512472201	14.4542927945177
638.804629173464	14.4706838607157
639.286745874727	14.4882960552056
639.76886257599	14.5084670559609
640.250979277253	14.5306915465697
640.733095978516	14.5529172825414
641.215212679779	14.5729993343667
641.697329381042	14.5898917379421
642.179446082305	14.6044875515659
642.661562783568	14.6189878399363
643.143679484831	14.6357700981787
643.625796186094	14.6557185829375
644.107912887357	14.6775708807213
644.59002958862	14.698184133757
645.072146289883	14.7141471702439
645.554262991146	14.7234629364996
646.036379692409	14.7265114264875
646.518496393672	14.7259495459207
647.000613094935	14.7255318234451
647.482729796198	14.7287435184203
647.964846497461	14.737352596387
648.446963198724	14.7513459689802
648.929079899987	14.7695440411081
649.41119660125	14.7907958915149
649.893313302513	14.8146466593616
650.375430003776	14.8413540978312
650.857546705039	14.8711403882608
651.339663406301	14.9033325874283
651.821780107565	14.9360222649237
652.303896808828	14.9667871249534
652.78601351009	14.9936085622263
653.268130211354	15.0161841486098
653.750246912616	15.0361322931893
654.232363613879	15.0564548704439
654.714480315143	15.079921245063
655.196597016405	15.1077274457619
655.678713717668	15.1389855174
656.160830418931	15.1713519383019
656.642947120194	15.202481490118
657.125063821457	15.2314397048173
657.60718052272	15.2593418115912
658.089297223983	15.2887252865183
658.571413925246	15.3220845826618
659.053530626509	15.3602264709491
659.535647327772	15.401731541002
660.017764029035	15.443507944199
660.499880730298	15.482653068338
660.981997431561	15.5177772781458
661.464114132824	15.5498419281918
661.946230834087	15.5811622864236
662.42834753535	15.6136976315126
662.910464236613	15.6467727769343
663.392580937876	15.6762046488313
663.874697639139	15.6940022556487
664.356814340402	15.6899875600786
664.838931041665	15.6526730400782
665.321047742928	15.5682044641711
665.803164444191	15.4198763563776
666.285281145454	15.1877777616604
666.767397846717	14.8554184904179
667.24951454798	14.4257587848726
667.731631249243	13.9486626516501
668.213747950506	13.5269616678234
668.695864651769	13.2602839521095
669.177981353032	13.1797202352041
669.660098054295	13.2446262367699
670.142214755558	13.3954714253036
670.624331456821	13.5869463093803
671.106448158084	13.7959108133324
671.588564859347	14.0149300578116
672.07068156061	14.2420992188954
672.552798261873	14.4763432443156
673.034914963136	14.7142588694382
673.517031664399	14.9481835036357
673.999148365662	15.1683809987152
674.481265066925	15.3654415866603
674.963381768188	15.5317895538636
675.445498469451	15.6640236749146
675.927615170714	15.7632288406147
676.409731871977	15.8348483606954
676.89184857324	15.8866975289634
677.373965274503	15.927178227473
677.856081975766	15.9629203584312
678.338198677029	15.996855118459
678.820315378292	16.0286773049214
679.302432079555	16.0560944671966
679.784548780818	16.0770658496288
680.266665482081	16.091229254446
680.748782183344	16.100404507407
681.230898884607	16.1073170880105
681.71301558587	16.1140381278203
682.195132287133	16.1202766673745
682.677248988396	16.1232381937275
683.159365689659	16.1181419869377
683.641482390922	16.099963981462
684.123599092185	16.0645027943246
684.605715793448	16.0078984610493
685.087832494711	15.9259587899254
685.569949195974	15.8126879805182
686.052065897237	15.6597784324306
686.5341825985	15.4593319895286
687.016299299763	15.207392733375
687.498416001026	14.9093045579337
687.980532702289	14.5818479596651
688.462649403552	14.2544333524385
688.944766104815	13.9646724161784
689.426882806078	13.7481303754766
689.908999507341	13.6349797026215
690.391116208604	13.642568931311
690.873232909867	13.7731029998036
691.35534961113	14.0145261491482
691.837466312393	14.3430824005049
692.319583013656	14.7295914176045
692.801699714919	15.1415057577638
693.283816416182	15.5505853140487
693.765933117445	15.9354842649645
694.248049818708	16.281004081111
694.730166519971	16.5796434388987
695.212283221234	16.8299091176484
695.694399922497	17.035372843181
696.17651662376	17.2028698825028
696.658633325023	17.3410728211099
697.140750026286	17.458495483383
697.622866727549	17.5611654099144
698.104983428812	17.6525863743908
698.587100130075	17.7339424872305
699.069216831338	17.8053808896507
699.551333532601	17.8675237617898
700.033450233864	17.9222656161203
700.515566935127	17.9723716054074
700.99768363639	18.0207383039226
701.479800337653	18.0690311322227
701.961917038916	18.1172118212969
702.444033740179	18.1639387935548
702.926150441442	18.2077242203917
703.408267142705	18.2480906488424
703.890383843968	18.2861061464475
704.372500545231	18.3238473023729
704.854617246493	18.3632227547721
705.336733947757	18.4047986528104
705.81885064902	18.4473019829753
706.300967350283	18.4881499613658
706.783084051546	18.5247094288951
707.265200752809	18.5558192053135
707.747317454072	18.5822651623831
708.229434155335	18.6063980406872
708.711550856598	18.630614259476
709.193667557861	18.6562351728331
709.675784259123	18.682705287081
710.157900960387	18.7081652722607
710.640017661649	18.7304952164766
711.122134362912	18.7487674661834
711.604251064176	18.7637811639042
712.086367765438	18.7777254357802
712.568484466701	18.79286805105
713.050601167964	18.8103292953694
713.532717869227	18.8295755835969
714.01483457049	18.8488084370964
714.496951271753	18.8660134896562
714.979067973016	18.879882782651
715.461184674279	18.8902374993978
715.943301375542	18.8974009401834
716.425418076805	18.9011691223462
716.907534778068	18.9002365993018
717.389651479331	18.8924152687971
717.871768180594	18.876108722386
718.353884881857	18.8520995119129
718.83600158312	18.824951210113
719.318118284383	18.8026988593699
719.800234985646	18.7940216888176
720.282351686909	18.8058370168113
720.764468388172	18.8397616753989
721.246585089435	18.8915902432339
721.728701790698	18.9523634979503
722.210818491961	19.0121288019177
722.692935193224	19.0633899600692
723.175051894487	19.1026627613903
723.65716859575	19.1310113520024
724.139285297013	19.1521322881065
724.621401998276	19.1701748045206
725.103518699539	19.1875314097922
725.585635400802	19.2044911112994
726.067752102065	19.2199294856046
726.549868803328	19.2328329668235
727.031985504591	19.2433752441841
727.514102205854	19.2531388841605
727.996218907117	19.2640564820642
728.47833560838	19.2773169681995
728.960452309643	19.2923951170304
729.442569010906	19.3073765095497
729.924685712169	19.3198640229675
730.406802413432	19.3285194004964
730.888919114695	19.3338299284843
731.371035815958	19.3379204857169
731.853152517221	19.3432901992408
732.335269218484	19.3514226976471
732.817385919747	19.3620574678729
733.29950262101	19.3734120848964
733.781619322273	19.3833766873457
734.263736023536	19.3907949639722
734.745852724799	19.3963054073251
735.227969426062	19.4019717351983
735.710086127325	19.4101412664886
736.192202828588	19.4219037758306
736.674319529851	19.436471710549
737.156436231114	19.4514560517987
737.638552932377	19.4643360389072
738.12066963364	19.4736976626519
738.602786334903	19.4802238712584
739.084903036166	19.48622356007
739.567019737429	19.4945992400285
740.049136438692	19.5071572330493
740.531253139955	19.5238015150308
741.013369841218	19.5426824013242
741.495486542481	19.5613873812729
741.977603243744	19.5783239340281
742.459719945007	19.5934621814376
742.94183664627	19.6081832054342
743.423953347533	19.6241802395874
743.906070048796	19.6422611396302
744.388186750059	19.6616321746435
744.870303451322	19.6802369724232
745.352420152585	19.6958460470051
745.834536853848	19.7074905478227
746.316653555111	19.7160119286619
746.798770256374	19.7237534167637
747.280886957637	19.7331431258378
747.7630036589	19.7455631057469
748.245120360163	19.7605069226703
748.727237061426	19.776074444635
749.209353762689	19.7900073232493
749.691470463952	19.8012007287103
750.173587165215	19.8103335931425
750.655703866478	19.8196161829832
751.137820567741	19.8314524004917
751.619937269004	19.8471231882499
752.102053970267	19.8661305457696
752.58417067153	19.8865572480977
753.066287372793	19.9062537545279
753.548404074056	19.9241221442799
754.030520775319	19.940867779625
754.512637476582	19.9585958868225
754.994754177845	19.9796458163089
755.476870879108	20.005067560571
755.958987580371	20.034023370932
756.441104281634	20.0640335047355
756.923220982897	20.0924274447406
757.40533768416	20.1174867065967
757.887454385423	20.1394227470819
758.369571086686	20.1599540986941
758.851687787949	20.1812900386011
759.333804489212	20.2046273018867
759.815921190475	20.2294490982173
760.298037891738	20.2537375842759
760.780154593001	20.2751953646699
761.262271294264	20.2925628112178
761.744387995526	20.306294720729
762.22650469679	20.3182485382565
762.708621398053	20.3305431699523
763.190738099315	20.3443053872395
763.672854800579	20.3589472900437
764.154971501841	20.3725295557579
764.637088203104	20.38288446675
765.119204904368	20.3890834140806
765.601321605631	20.3919977050474
766.083438306893	20.394059069585
766.565555008156	20.3977994488258
767.04767170942	20.404795464974
767.529788410682	20.4147653255044
768.011905111945	20.4260192606737
768.494021813209	20.4364642488783
768.976138514471	20.4450209263964
769.458255215734	20.4522697644919
769.940371916997	20.4601576958313
770.42248861826	20.4707799760661
770.904605319523	20.4851017415501
771.386722020786	20.5023390200573
771.868838722049	20.5203625464715
772.350955423312	20.5368530902158
772.833072124575	20.5505571196299
773.315188825838	20.5620352051783
773.797305527101	20.5733021729576
774.279422228364	20.5866979794217
774.761538929627	20.6034128479333
775.24365563089	20.6229279246476
775.725772332153	20.6431968785409
776.207889033416	20.6619653761568
776.690005734679	20.6778164089954
777.172122435942	20.6910388269907
777.654239137205	20.7032040775781
778.136355838468	20.7162317269438
778.618472539731	20.7310446349631
779.100589240994	20.747002976249
779.582705942257	20.7621952957151
780.06482264352	20.7746205690143
780.546939344783	20.7833999052503
781.029056046046	20.7893278360899
781.511172747309	20.7944200249284
781.993289448572	20.8007706982248
782.475406149835	20.8093357068536
782.957522851098	20.8193282318738
783.439639552361	20.8286302257142
783.921756253624	20.8349748633453
784.403872954887	20.8373770076184
784.88598965615	20.8366489584539
785.368106357413	20.8351284084262
785.850223058676	20.835219654438
786.332339759939	20.8383596372528
786.814456461202	20.8441335977916
787.296573162465	20.8507836752174
787.778689863728	20.8561543330512
788.260806564991	20.8590979177929
788.742923266254	20.8601091151608
789.225039967517	20.861029098031
789.70715666878	20.8638975336566
790.189273370043	20.8697018309081
790.671390071306	20.8778223056092
791.153506772569	20.8863504900181
791.635623473832	20.8931489010825
792.117740175095	20.8969871191731
792.599856876358	20.8981960444353
793.081973577621	20.8983343555119
793.564090278884	20.899144363587
794.046206980147	20.9013609382198
794.52832368141	20.9042549260662
795.010440382673	20.9059339530679
795.492557083936	20.9045966294419
795.974673785199	20.8994325925184
796.456790486462	20.8912937304697
796.938907187725	20.8820658149356
797.421023888988	20.8738019029406
797.903140590251	20.8673904029255
798.385257291514	20.8621851116906
798.867373992777	20.8563387516878
799.34949069404	20.8479607934094
799.831607395303	20.8362575525849
800.313724096566	20.8219428116397
800.795840797829	20.8068665235093
801.277957499092	20.7929199252343
801.760074200355	20.7811124359629
802.242190901618	20.7710505114563
802.724307602881	20.7613517942383
803.206424304144	20.7506279678126
803.688541005407	20.738433149575
804.17065770667	20.725580291387
804.652774407933	20.7136460921329
805.134891109196	20.7039174817588
805.617007810459	20.6966140417106
806.099124511722	20.6905399989761
806.581241212985	20.6838295579221
807.063357914248	20.6747244917129
807.545474615511	20.6626536352307
808.027591316774	20.6483188740725
808.509708018037	20.6332223872091
808.9918247193	20.6185337579083
809.473941420563	20.6042394699661
809.956058121826	20.5889607606654
810.438174823089	20.5705401546241
810.920291524352	20.5470483799309
811.402408225615	20.5174779863675
811.884524926878	20.4820918534105
812.366641628141	20.4418539882692
812.848758329404	20.3974801695989
813.330875030667	20.3486784841505
813.81299173193	20.293583219254
814.295108433193	20.2287434027185
814.777225134456	20.1495538081618
815.259341835719	20.0499893148711
815.741458536982	19.9230683202825
816.223575238245	19.7620253514223
816.705691939508	19.5615890890985
817.187808640771	19.3212183635965
817.669925342034	19.0481762694731
818.152042043297	18.7605722465495
818.634158744559	18.4861793236184
819.116275445823	18.257312311938
819.598392147086	18.1059474559672
820.080508848348	18.0524667246209
820.562625549612	18.1004007978988
821.044742250874	18.2338438896657
821.526858952137	18.4225797915822
822.008975653401	18.6280359157741
822.491092354663	18.8121843958977
822.973209055926	18.9489698283977
823.455325757189	19.0256076259477
823.937442458452	19.0434945199446
824.419559159715	19.0126946282058
824.901675860978	18.9465980473261
825.383792562241	18.8563468246389
825.865909263504	18.7481257594187
826.348025964767	18.6244435972222
826.83014266603	18.4859587153704
827.312259367293	18.3333518694669
827.794376068556	18.1683851187107
828.276492769819	17.9928301940388
828.758609471082	17.8073891730604
829.240726172345	17.6107414563657
829.722842873608	17.3997565472311
830.204959574871	17.1710354081498
830.687076276134	16.9218868185397
831.169192977397	16.6516555672482
831.65130967866	16.3607385250249
832.133426379923	16.0496057753731
832.615543081186	15.7173142140045
833.097659782449	15.3606253350575
833.579776483712	14.9749373651505
834.061893184975	14.5554504345543
834.544009886238	14.0984947498958
835.026126587501	13.6016199747289
835.508243288764	13.0636866177038
835.990359990027	12.4833049248371
836.47247669129	11.8577968417634
836.954593392553	11.1842900029639
837.436710093816	10.4598175259022
837.918826795079	9.68435300290429
838.400943496342	8.86104632212044
838.883060197605	7.99844153719609
839.365176898868	7.10826865141259
839.847293600131	6.20593393754841
840.329410301394	5.31046869765259
840.811527002657	4.44148810994969
841.29364370392	3.621054693166
841.775760405183	2.87118525249588
842.257877106446	2.21060360200176
842.739993807709	1.65311411284983
843.222110508972	1.2064545774962
843.704227210235	0.872545287697063
844.186343911498	0.651078081285454
844.668460612761	0.544414022823947
845.150577314024	0.560806791082347
845.632694015287	0.717746526092958
846.11481071655	1.04025630331551
846.596927417813	1.55522571915871
847.079044119076	2.28784819129777
847.561160820339	3.25278716764146
848.043277521602	4.44812588012036
848.525394222865	5.85214257801496
849.007510924128	7.42324932763804
849.489627625391	9.10570642129675
849.971744326654	10.8319152139222
850.453861027917	12.5398148038198
850.93597772918	14.178119929492
851.418094430443	15.7096384172869
851.900211131706	17.1167720882127
852.382327832969	18.3932642063085
852.864444534232	19.5421522205003
853.346561235495	20.5692272721019
853.828677936758	21.4819005906517
854.310794638021	22.2884598446436
854.792911339284	22.9963261523797
855.275028040547	23.6139720084415
855.75714474181	24.1487287341833
856.239261443073	24.6069799189374
856.721378144336	24.99438108752
857.203494845599	25.3165650726956
857.685611546862	25.5803932777536
858.167728248125	25.7949830191738
858.649844949388	25.970600124392
859.131961650651	26.1170740699978
859.614078351914	26.2425818654674
860.096195053177	26.3515741216392
860.57831175444	26.4456111714594
861.060428455703	26.5248553725674
861.542545156966	26.5899026129288
862.024661858229	26.6432800317596
862.506778559492	26.6893836288467
862.988895260755	26.7327267310491
863.471011962018	26.7765602764568
863.953128663281	26.821378780202
864.435245364544	26.8652666549741
864.917362065807	26.9051657369302
865.39947876707	26.9389762251957
865.881595468333	26.9667908094062
866.363712169596	26.9908304061497
866.845828870859	27.0139889789693
867.327945572122	27.0379792861789
867.810062273385	27.0622272956778
868.292178974648	27.084064149639
868.774295675911	27.1001819701551
869.256412377174	27.1084279648818
869.738529078437	27.1091381860247
870.2206457797	27.1049229767056
870.702762480963	27.0992990305181
871.184879182226	27.094535298748
871.666995883489	27.0907387281838
872.149112584752	27.0858121377032
872.631229286015	27.0771467163837
873.113345987278	27.063153225978
873.595462688541	27.0446707181344
874.077579389804	27.0245170013496
874.559696091067	27.0062880462012
875.04181279233	26.9923520849598
875.523929493593	26.9826847430023
876.006046194856	26.9751326785227
876.488162896119	26.9668420182633
876.970279597381	26.9561612918276
877.452396298645	26.9436955432389
877.934512999907	26.9320732130176
878.41662970117	26.9245345567234
878.898746402434	26.9231505582772
879.380863103696	26.9275868760115
879.862979804959	26.9352966339206
880.345096506222	26.9428711516431
880.827213207485	26.9480717954986
881.309329908748	26.9508361751839
881.791446610011	26.9532886438819
882.273563311274	26.9581335330498
882.755680012537	26.9671679965555
883.2377967138	26.9798811992305
883.719913415063	26.9938052497348
884.202030116326	27.0055430090666
884.684146817589	27.01274513004
885.166263518852	27.0152124480065
885.648380220115	27.0147450299517
886.130496921378	27.0138487734292
886.612613622641	27.0139845993815
887.094730323904	27.0146279778014
887.576847025167	27.0134081925456
888.05896372643	27.007504084884
888.541080427693	26.9952389960975
889.023197128956	26.9772216362339
889.505313830219	26.9561552389728
889.987430531482	26.9354964940299
890.469547232745	26.9175611283507
890.951663934008	26.9026016406776
891.433780635271	26.8888836736226
891.915897336534	26.8741201132069
892.398014037797	26.8568841596867
892.88013073906	26.8378589953677
893.362247440323	26.8193965289563
893.844364141586	26.8045519182446
894.326480842849	26.7952090217043
894.808597544112	26.7912182588568
895.290714245375	26.7905483228048
895.772830946638	26.7906059024581
896.254947647901	26.7898768025919
896.737064349164	26.7887574723753
897.219181050427	26.7893814127997
897.70129775169	26.7942525306445
898.183414452953	26.8047834203714
898.665531154216	26.8202521052631
899.147647855479	26.8380741769902
899.629764556742	26.855042621502
900.111881258005	26.8691384547571
900.593997959268	26.8803241834772
901.076114660531	26.8904166782724
901.558231361794	26.901632612589
902.040348063057	26.9151906915122
902.52246476432	26.9301950533611
903.004581465583	26.9441214678713
903.486698166846	26.9538507593482
903.968814868109	26.9575368650722
904.450931569372	26.9554804944224
904.933048270635	26.9499584135059
905.415164971898	26.9437983600283
905.897281673161	26.9387213229908
906.379398374424	26.9345327493562
906.861515075687	26.9292798719673
907.34363177695	26.9206448431242
907.825748478213	26.9074148035131
908.307865179476	26.8905329635819
908.789981880739	26.8727783598641
909.272098582002	26.857463898384
909.754215283265	26.846627571817
910.236331984528	26.8401932996998
910.718448685791	26.8361133549815
911.200565387054	26.8318084408726
911.682682088317	26.8255814578332
912.16479878958	26.8177857762222
912.646915490843	26.8104602553557
913.129032192106	26.8063466397131
913.611148893369	26.8071054641669
914.093265594632	26.8124634968201
914.575382295895	26.8202952030182
915.057498997158	26.8279443006704
915.539615698421	26.8337375009406
916.021732399684	26.837816521646
916.503849100947	26.8420224597838
916.98596580221	26.8486213001441
917.468082503473	26.8589224781161
917.950199204736	26.8722620720611
918.432315905999	26.8862703902909
918.914432607262	26.897989056116
919.396549308525	26.9055777035485
919.878666009788	26.9090808181627
920.360782711051	26.9103167921304
920.842899412314	26.9115335472536
921.325016113577	26.9140930762583
921.80713281484	26.917462715248
922.289249516103	26.919584938828
922.771366217366	26.9178634768458
923.253482918629	26.9108699872418
923.735599619892	26.8991206114756
924.217716321155	26.8849745980479
924.699833022418	26.8712495974123
925.181949723681	26.8597773624635
925.664066424944	26.8505432439916
926.146183126207	26.8418824180532
926.62829982747	26.8316527498073
927.110416528733	26.8185808661954
927.592533229996	26.8032600546017
928.074649931259	26.7878405286407
928.556766632522	26.7750018089016
929.038883333784	26.7662807534955
929.521000035048	26.7614519589581
930.003116736311	26.7586069263045
930.485233437573	26.7554813706961
930.967350138837	26.7506999911077
931.4494668401	26.7447290496844
931.931583541362	26.7395460340399
932.413700242626	26.7376086649291
932.895816943889	26.7403157253958
933.377933645151	26.7471963610054
933.860050346414	26.756043066931
934.342167047678	26.7641806868474
934.82428374894	26.7698700048145
935.306400450203	26.7731254738529
935.788517151467	26.7755582681755
936.270633852729	26.779271936412
936.752750553992	26.7855350132367
937.234867255255	26.7938460939695
937.716983956518	26.8021722105675
938.199100657781	26.8079349541833
938.681217359044	26.8095845897553
939.163334060307	26.8072465892889
939.64545076157	26.8027063628371
940.127567462833	26.7981437658699
940.609684164096	26.7949970156968
941.091800865359	26.7930579760012
941.573917566622	26.7907283838926
942.056034267885	26.7859649175678
942.538150969148	26.7776436619177
943.020267670411	26.7663040956407
943.502384371674	26.7539690889973
943.984501072937	26.7429526205421
944.4666177742	26.734631934269
944.948734475463	26.7287370286922
945.430851176726	26.7236427295329
945.912967877989	26.7174232997162
946.395084579252	26.7091321954652
946.877201280515	26.6995499655717
947.359317981778	26.6908597303789
947.841434683041	26.6856190125029
948.323551384304	26.6851919740593
948.805668085567	26.6891794458842
949.28778478683	26.6954839682449
949.769901488093	26.7016500979493
950.252018189356	26.7059398224745
950.734134890619	26.7083016449153
951.216251591882	26.7101286225469
951.698368293145	26.7133176986209
952.180484994408	26.7189355978007
952.662601695671	26.7264799341284
953.144718396934	26.7340432414024
953.626835098197	26.7393954461896
954.10895179946	26.7412074159834
954.591068500723	26.7397306675383
955.073185201986	26.7365446523056
955.555301903249	26.7335397883488
956.037418604512	26.7316909642246
956.519535305775	26.7303556629507
957.001652007038	26.7275275511079
957.483768708301	26.7208238759295
957.965885409564	26.7089543076594
958.448002110827	26.692251143427
958.93011881209	26.6726062590067
959.412235513353	26.6521712654275
959.894352214616	26.6324015904124
960.376468915879	26.6131715349719
960.858585617142	26.5930946663193
961.340702318405	26.5704645502375
961.822819019668	26.54447808439
962.304935720931	26.5158964922939
962.787052422194	26.4867608278068
963.269169123457	26.459309522681
963.75128582472	26.4347440074863
964.233402525983	26.4126147422253
964.715519227246	26.3911694218066
965.197635928509	26.3683462902158
965.679752629772	26.3430063508141
966.161869331035	26.3156041635499
966.643986032298	26.2879809758016
967.126102733561	26.2622983498247
967.608219434824	26.2397655941202
968.090336136087	26.2200629194808
968.57245283735	26.2014626438984
969.054569538613	26.1820605495288
969.536686239876	26.1606933196263
970.018802941139	26.1378180378949
970.500919642402	26.1150674505534
970.983036343665	26.0944903327521
971.465153044928	26.0772245692132
971.947269746191	26.0628756666685
972.429386447454	26.0497627793005
972.911503148717	26.0358877853656
973.39361984998	26.020146178099
973.875736551243	26.0028396110999
974.357853252506	25.9855172363915
974.839969953769	25.9699722460606
975.322086655032	25.9571633126808
975.804203356295	25.9466070375357
976.286320057558	25.9365833837676
976.768436758821	25.9251060483873
977.250553460084	25.9111013191088
977.732670161347	25.8949611272418
978.21478686261	25.8783571777399
978.696903563873	25.8630962424091
979.179020265136	25.8502552219928
979.661136966399	25.8393803641549
980.143253667662	25.8289209371259
980.625370368925	25.8169568169941
981.107487070188	25.8024764016674
981.589603771451	25.7859052414395
982.071720472714	25.7688830711862
982.553837173977	25.7533099479428
983.03595387524	25.7401899095668
983.518070576503	25.7291642654467
984.000187277766	25.7186788452611
984.482303979029	25.7069702829558
984.964420680292	25.6930485399823
985.446537381555	25.6773120203422
985.928654082818	25.6613272994801
986.410770784081	25.6468776178275
986.892887485344	25.634861925805
987.375004186606	25.6247629907376
987.85712088787	25.6148798471035
988.339237589133	25.6033853122519
988.821354290395	25.5891767441451
989.303470991659	25.5726291887801
989.785587692922	25.5551590497303
990.267704394184	25.538504735819
990.749821095447	25.5234898564857
991.231937796711	25.5095829147759
991.714054497973	25.4950598752904
992.196171199236	25.4779749617169
992.6782879005	25.4572653541398
993.160404601762	25.433185190958
993.642521303025	25.4071549157792
994.124638004288	25.3807709230347
994.606754705551	25.3549276398678
995.088871406814	25.3292147490607
995.570988108077	25.3021869203156
996.05310480934	25.2723112515568
996.535221510603	25.2389795789109
997.017338211866	25.2030456270694
997.499454913129	25.1665176317934
997.981571614392	25.1315316621945
998.463688315655	25.0995123112375
998.945805016918	25.0704659667942
999.427921718181	25.0433974743909
999.910038419444	25.0170079588877
1000.39215512071	24.9908344652228
1000.87427182197	24.9655971053647
1001.35638852323	24.943065787277
1001.8385052245	24.9250298613225
1002.32062192576	24.9122944137878
1002.80273862702	24.9042663547456
1003.28485532829	24.8991746568306
1003.76697202955	24.8950257938172
1004.24908873081	24.8904790672435
1004.73120543207	24.8855457060361
1005.21332213334	24.8813053194581
1005.6954388346	24.8790933543137
1006.17755553586	24.8795157747609
1006.65967223713	24.8819702498593
1007.14178893839	24.8848552225119
1007.62390563965	24.8865065471288
1008.10602234092	24.8860077030436
1008.58813904218	24.8837804961955
1009.07025574344	24.881188868215
1009.5523724447	24.8798439257245
1010.03448914597	24.8804773949268
1010.51660584723	24.8825443021309
1010.99872254849	24.884368609636
1011.48083924976	24.8841292471918
1011.96295595102	24.8807945362065
1012.44507265228	24.87462974745
1012.92718935355	24.8669673277793
1013.40930605481	24.8593275025281
1013.89142275607	24.8525726272116
1014.37353945733	24.8463058453894
1014.8556561586	24.8391933188635
1015.33777285986	24.829714944659
1015.81988956112	24.817241546197
1016.30200626239	24.8024346024191
1016.78412296365	24.787029983962
1017.26623966491	24.7728820752453
1017.74835636617	24.7611370279941
1018.23047306744	24.7516723500201
1018.7125897687	24.743357302118
1019.19470646996	24.7348036618029
1019.67682317123	24.7253344288416
1020.15893987249	24.7153700854984
1020.64105657375	24.7062575378817
1021.12317327502	24.6993226549029
1021.60528997628	24.695042899895
1022.08740667754	24.6925674862956
1022.5695233788	24.6900964920833
1023.05164008007	24.685717864551
1023.53375678133	24.6782606209293
1024.01587348259	24.6679171633272
1024.49799018386	24.6559165260691
1024.98010688512	24.6438356190643
1025.46222358638	24.6325703257355
1025.94434028765	24.6220735041945
1026.42645698891	24.6115568702963
1026.90857369017	24.6003187267373
1027.39069039143	24.5885511567357
1027.8728070927	24.5776509546372
1028.35492379396	24.5696915373285
1028.83704049522	24.566613714552
1029.31915719649	24.5691353553541
1029.80127389775	24.5763738536867
1030.28339059901	24.5860758490286
1030.76550730028	24.5957183833637
1031.24762400154	24.6035506653455
1031.7297407028	24.6091059685915
1032.21185740406	24.6131105311613
1032.69397410533	24.6167036358347
1033.17609080659	24.6205699074094
1033.65820750785	24.6243952223655
1034.14032420912	24.6271022003348
1034.62244091038	24.6275135035035
1035.10455761164	24.6252612543073
1035.58667431291	24.6210806088804
1036.06879101417	24.6166020049736
1036.55090771543	24.6133811813161
1037.03302441669	24.6121835553504
1037.51514111796	24.6125245012416
1037.99725781922	24.6130396855499
1038.47937452048	24.6122255032251
1038.96149122175	24.6093807859317
1039.44360792301	24.6049991045128
1039.92572462427	24.6005008928771
1040.40784132554	24.5973081300338
1040.8899580268	24.596021615014
1041.37207472806	24.5959946049331
1041.85419142932	24.5957106731699
1042.33630813059	24.5935868501898
1042.81842483185	24.5888620350967
1043.30054153311	24.5820640963779
1043.78265823438	24.5746913834547
1044.26477493564	24.5684753625394
1044.7468916369	24.564327076151
1045.22900833817	24.5620494880421
1045.71112503943	24.5604604468849
1046.19324174069	24.5582972652023
1046.67535844195	24.554887511746
1047.15747514322	24.5505971958669
1047.63959184448	24.5465067548227
1048.12170854574	24.543699555855
1048.60382524701	24.5424477404236
1049.08594194827	24.5419193475894
1049.56805864953	24.5404763695254
1050.0501753508	24.5365734840395
1050.53229205206	24.5295419531054
1051.01440875332	24.5199419390571
1051.49652545458	24.5091517796708
1051.97864215585	24.4985920670533
1052.46075885711	24.4888917736739
1052.94287555837	24.4795642885043
1053.42499225964	24.4692942314401
1053.9071089609	24.4567540366312
1054.38922566216	24.4414491943398
1054.87134236343	24.4239365621105
1055.35345906469	24.405568379701
1055.83557576595	24.3875037864534
1056.31769246721	24.3701017548212
1056.79980916848	24.3524597703276
1057.28192586974	24.3329543313759
1057.764042571	24.3098449421797
1058.24615927227	24.2821472148282
1058.72827597353	24.249962078356
1059.21039267479	24.2140289100249
1059.69250937606	24.1749802391248
1060.17462607732	24.1324669545712
1060.65674277858	24.0847951944633
1061.13885947984	24.0292461843273
1061.62097618111	23.9626647659114
1062.10309288237	23.8821607118538
1062.58520958363	23.7858058446921
1063.0673262849	23.67293676872
1063.54944298616	23.5443812946382
1064.03155968742	23.4029735905714
1064.51367638869	23.2546150609934
1064.99579308995	23.1091395087491
1065.47790979121	22.979475197296
1065.96002649247	22.8815891359055
1066.44214319374	22.8312360188562
1066.924259895	22.8394518401286
1067.40637659626	22.9106745367472
1067.88849329753	23.0400685885986
1068.37060999879	23.2151002144533
1068.85272670005	23.416577464871
1069.33484340132	23.6242313501085
1069.81696010258	23.8207550822744
1070.29907680384	23.9935487931171
1070.7811935051	24.1368904116466
1071.26331020637	24.2504388864303
1071.74542690763	24.3372279786664
1072.22754360889	24.4011802244401
1072.70966031016	24.4460615946397
1073.19177701142	24.475213776919
1073.67389371268	24.4916314167753
1074.15601041395	24.4986981691871
1074.63812711521	24.5000490277889
1075.12024381647	24.4986682425477
1075.60236051773	24.4965310761538
1076.084477219	24.4940093064141
1076.56659392026	24.4903260416854
1077.04871062152	24.4843465651849
1077.53082732279	24.4756666399866
1078.01294402405	24.4650478544741
1078.49506072531	24.454222868622
1078.97717742657	24.4449855322074
1079.45929412784	24.4381816630532
1079.9414108291	24.4333080374209
1080.42352753036	24.4287197003874
1080.90564423163	24.4225467872917
1081.38776093289	24.4135804611851
1081.86987763415	24.4018822960805
1082.35199433542	24.3885915602653
1082.83411103668	24.375122107668
1083.31622773794	24.3622386352861
1083.7983444392	24.3496125588699
1084.28046114047	24.3360510597033
1084.76257784173	24.3203616447354
1085.24469454299	24.3020754394624
1085.72681124426	24.2820133848267
1086.20892794552	24.2618034828498
1086.69104464678	24.2432927440694
1087.17316134805	24.2274596029658
1087.65527804931	24.2140840312126
1088.13739475057	24.2019540753655
1088.61951145183	24.1896746145074
1089.1016281531	24.1765669391909
1089.58374485436	24.1629776404368
1090.06586155562	24.1500655858505
1090.54797825689	24.1389497605148
1091.03009495815	24.1299667987327
1091.51221165941	24.1222779331873
1091.99432836068	24.1141561295939
1092.47644506194	24.1038180403382
1092.9585617632	24.0903525983937
1093.44067846446	24.0740788011313
1093.92279516573	24.0562615850167
1094.40491186699	24.038240193196
1094.88702856825	24.0206784566769
1095.36914526952	24.0030458614121
1095.85126197078	23.9840621602477
1096.33337867204	23.962299908846
1096.81549537331	23.9372078409551
1097.29761207457	23.9093849328337
1097.77972877583	23.8804583314949
1098.26184547709	23.8521415192173
1098.74396217836	23.8254679195622
1099.22607887962	23.8004156690654
1099.70819558088	23.7760696920644
1100.19031228215	23.7514141437273
1100.67242898341	23.725975647014
1101.15454568467	23.7002696074413
1101.63666238594	23.6754546280386
1102.1187790872	23.652714067648
1102.60089578846	23.6324360844829
1103.08301248972	23.6139318389494
1103.56512919099	23.595741083053
1104.04724589225	23.5764170374584
1104.52936259351	23.5551870820685
1105.01147929478	23.5323048745683
1105.49359599604	23.508754064748
1105.9757126973	23.4856060804888
1106.45782939857	23.4632096689253
1106.93994609983	23.4410196799011
1107.42206280109	23.4177641628689
1107.90417950235	23.3922876558062
1108.38629620362	23.3641528994482
1108.86841290488	23.3339583376795
1109.35052960614	23.3029696314477
1109.83264630741	23.2723744836135
1110.31476300867	23.2427155690614
1110.79687970993	23.2135275254913
1111.2789964112	23.183767015966
1111.76111311246	23.1524310853372
1112.24322981372	23.1193573828741
1112.72534651498	23.0854055809404
1113.20746321625	23.052117494041
1113.68957991751	23.0209311948314
1114.17169661877	22.9925411813306
1114.65381332004	22.9666122284085
1115.1359300213	22.9420788219682
1115.61804672256	22.9177829735933
1116.10016342383	22.8931706309631
1116.58228012509	22.8684676142452
1117.06439682635	22.844454912554
1117.54651352761	22.8217096604094
1118.02863022888	22.80010925936
1118.51074693014	22.7785702559088
1118.9928636314	22.7555803445447
1119.47498033267	22.729902765864
1119.95709703393	22.7012109609693
1120.43921373519	22.6704049074845
1120.92133043646	22.6391920137413
1121.40344713772	22.6094632820734
1121.88556383898	22.5823464760076
1122.36768054024	22.5580870214284
1122.84979724151	22.5361806103149
1123.33191394277	22.5159978397345
1123.81403064403	22.4973893457296
1124.2961473453	22.4808936014297
1124.77826404656	22.4674637544743
1125.26038074782	22.4579078021583
1125.74249744909	22.452313021674
1126.22461415035	22.4499055443004
1126.70673085161	22.4492615276028
1127.18884755287	22.4490504834389
1127.67096425414	22.4485693148831
1128.1530809554	22.4479445875866
1128.63519765666	22.4478373650777
1129.11731435793	22.4488779133256
1129.59943105919	22.4511254889064
1130.08154776045	22.4539167924923
1130.56366446172	22.4562137345562
1131.04578116298	22.4571861432537
1131.52789786424	22.4568278384294
1132.0100145655	22.4560388202444
1132.49213126677	22.45631604063
1132.97424796803	22.4589335610144
1133.45636466929	22.4644448203213
1133.93848137056	22.4724052065112
1134.42059807182	22.481727597571
1134.90271477308	22.4912352209434
1135.38483147434	22.5003276122056
1135.86694817561	22.5092095313204
1136.34906487687	22.518645826127
1136.83118157813	22.5293448555552
1137.3132982794	22.5414472276933
1137.79541498066	22.5543164690261
1138.27753168192	22.5668846446429
1138.75964838319	22.5782155623036
1139.24176508445	22.5880492978416
1139.72388178571	22.5969642139141
1140.20599848697	22.6060877106956
1140.68811518824	22.6164822199317
1141.1702318895	22.6285007153945
1141.65234859076	22.6416571669083
1142.13446529203	22.6548556622762
1142.61658199329	22.6671024025924
1143.09869869455	22.6779419330005
1143.58081539582	22.6877350353576
1144.06293209708	22.697289336544
1144.54504879834	22.7073244132993
1145.0271654996	22.7178900852548
1145.50928220087	22.7282406670986
1145.99139890213	22.7370999040188
1146.47351560339	22.7433350820587
1146.95563230466	22.7465268342804
1147.43774900592	22.7471257513729
1147.91986570718	22.7461166398644
1148.40198240845	22.7444325765087
1148.88409910971	22.7423717346426
1149.36621581097	22.7394271603673
1149.84833251223	22.7345293337398
1150.3304492135	22.7266536913857
1150.81256591476	22.7154225637645
1151.29468261602	22.701233724233
1151.77679931729	22.6850932714857
1152.25891601855	22.6679387065085
1152.74103271981	22.6503258927176
1153.22314942108	22.6321896597051
1153.70526612234	22.6132313105217
1154.1873828236	22.5934152915494
1154.66949952486	22.5733831564494
1155.15161622613	22.5544452161645
1155.63373292739	22.5382114758927
1156.11584962865	22.5258649485167
1156.59796632992	22.5176136510631
1157.08008303118	22.5126491300374
1157.56219973244	22.5095633954576
1158.04431643371	22.5070040024628
1158.52643313497	22.5042464555887
1159.00854983623	22.5014011210985
1159.49066653749	22.499130287017
1159.97278323876	22.4980424053853
1160.45489994002	22.4981971034977
1160.93701664128	22.4989714797642
1161.41913334255	22.4993419585284
1161.90125004381	22.4985596814542
1162.38336674507	22.4965221590423
1162.86548344634	22.4939697255711
1163.3476001476	22.491997555388
1163.82971684886	22.4915801164839
1164.31183355012	22.4929408126684
1164.79395025139	22.4954610094608
1165.27606695265	22.4979721019526
1165.75818365391	22.4993792817714
1166.24030035518	22.4991958171458
1166.72241705644	22.4976158076915
1167.2045337577	22.4952513596416
1167.68665045897	22.4925785685359
1168.16876716023	22.4894912844022
1168.65088386149	22.4853028268486
1169.13300056275	22.479056153864
1169.61511726402	22.4701564920069
1170.09723396528	22.4587883062339
1170.57935066654	22.4459907545101
1171.06146736781	22.4332225627638
1171.54358406907	22.42156301754
1172.02570077033	22.411340172361
1172.5078174716	22.4018880678951
1172.98993417286	22.3920648211853
1173.47205087412	22.3807197198559
1173.95416757538	22.367367003023
1174.43628427665	22.3522743469613
1174.91840097791	22.3361355714825
1175.40051767917	22.3195137479028
1175.88263438044	22.3023237472662
1176.3647510817	22.2837916781436
1176.84686778296	22.262801051567
1177.32898448423	22.2385298587869
1177.81110118549	22.2108996536261
1178.29321788675	22.1806229090473
1178.77533458801	22.148911322382
1179.25745128928	22.1167950729655
1179.73956799054	22.084642589667
1180.2216846918	22.0520227754311
1180.70380139307	22.0181072458985
1181.18591809433	21.9822357202245
1181.66803479559	21.9443919214238
1182.15015149685	21.9053062320814
1182.63226819812	21.8659912995418
1183.11438489938	21.8273713570641
1183.59650160064	21.7896885407542
1184.07861830191	21.7525882215496
1184.56073500317	21.7153550664091
1185.04285170443	21.6775558202055
1185.5249684057	21.6393709698658
1186.00708510696	21.6015962497685
1186.48920180822	21.5652838854674
1186.97131850948	21.531124399968
1187.45343521075	21.4991608979434
1187.93555191201	21.4687111839997
1188.41766861327	21.438818649833
1188.89978531454	21.4087583314263
1189.3819020158	21.3784359615631
1189.86401871706	21.3484215847825
1190.34613541833	21.3194963105368
1190.82825211959	21.2921396816722
1191.31036882085	21.266122487789
1191.79248552211	21.2405464954182
1192.27460222338	21.2142980565619
1192.75671892464	21.1864550295121
1193.2388356259	21.1568288686836
1193.72095232717	21.1258552159502
1194.20306902843	21.0943460613972
1194.68518572969	21.0628488535231
1195.16730243096	21.0313788053753
1195.64941913222	20.9993912978963
1196.13153583348	20.9661366398891
1196.61365253474	20.9312021218555
1197.09576923601	20.8947375410421
1197.57788593727	20.8574631329822
1198.06000263853	20.8202081688635
1198.5421193398	20.7834907509031
1199.02423604106	20.7471730922297
1199.50635274232	20.7105162571885
1199.98846944359	20.6726640603526
1200.47058614485	20.6331084051955
1200.95270284611	20.5920208484522
1201.43481954737	20.5501042154817
1201.91693624864	20.5081809633431
1202.3990529499	20.4667300796601
1202.88116965116	20.4255111457464
1203.36328635243	20.3838176036551
1203.84540305369	20.3407649923807
1204.32751975495	20.2959712279749
1204.80963645622	20.2497165480229
1205.29175315748	20.2029548938195
1205.77386985874	20.1567651561251
1206.25598656	20.1118134252235
1206.73810326127	20.0681639017875
1207.22021996253	20.0252775953345
1207.70233666379	19.982530516256
1208.18445336506	19.9396152881914
1208.66657006632	19.8968822215524
1209.14868676758	19.8551944496445
1209.63080346885	19.8154516618277
1210.11292017011	19.7781246281953
1210.59503687137	19.7429510150756
1211.07715357263	19.7091023044992
1211.5592702739	19.6755989867484
1212.04138697516	19.6417662383565
1212.52350367642	19.6075426105837
1213.00562037769	19.5733103651897
1213.48773707895	19.539612381013
1213.96985378021	19.5066121408452
1214.45197048148	19.4739977942871
1214.93408718274	19.4410116144678
1215.416203884	19.406965848368
1215.89832058526	19.3715984563111
1216.38043728653	19.3352156489402
1216.86255398779	19.2985518722164
1217.34467068905	19.2622830691646
1217.82678739032	19.2266839804145
1218.30890409158	19.1913967573125
1218.79102079284	19.1557016014303
1219.27313749411	19.118943084161
1219.75525419537	19.0809460257172
1220.23737089663	19.0422132966337
1220.71948759789	19.0036223602212
1221.20160429916	18.9659715176497
1221.68372100042	18.9295254278681
1222.16583770168	18.8938843841163
1222.64795440295	18.8582427945267
1223.13007110421	18.8217630525465
1223.61218780547	18.7841606992348
1224.09430450674	18.7457389044406
1224.576421208	18.7072763121384
1225.05853790926	18.6694181605227
1225.54065461052	18.6323457919055
1226.02277131179	18.5955284982204
1226.50488801305	18.5580770233734
1226.98700471431	18.5191434175539
1227.46912141558	18.4783300265074
1227.95123811684	18.435919376504
1228.4333548181	18.3925674227686
1228.91547151937	18.3489427279063
1229.39758822063	18.3052054507528
1229.87970492189	18.2610000068476
1230.36182162315	18.2156456739935
1230.84393832442	18.1685858229627
1231.32605502568	18.1198005433468
1231.80817172694	18.069822398641
1232.29028842821	18.0195071617573
1232.77240512947	17.9695454847745
1233.25452183073	17.9201164268323
1233.736638532	17.8708333905892
1234.21875523326	17.8209692244101
1234.70087193452	17.7700540774255
1235.18298863578	17.7181009208323
1235.66510533705	17.665754053087
1236.14722203831	17.6138080837639
1236.62933873957	17.5628548993999
1237.11145544084	17.512872077725
1237.5935721421	17.4632107337643
1238.07568884336	17.4129936547369
1238.55780554463	17.3615252682126
1239.03992224589	17.3087581848021
1239.52203894715	17.2551687428074
1240.00415564841	17.2014984936332
1240.48627234968	17.1481891495
1240.96838905094	17.095057670192
1241.4505057522	17.0414060773031
1241.93262245347	16.9863604981909
1242.41473915473	16.9294118946778
1242.89685585599	16.8706874792492
1243.37897255725	16.8109337061455
1243.86108925852	16.7511117191296
1244.34320595978	16.691750280149
1244.82532266104	16.6327579031277
1245.30743936231	16.5733606301288
1245.78955606357	16.5127111308949
1246.27167276483	16.450262201983
1246.7537894661	16.3862049887105
1247.23590616736	16.3212875442086
1247.71802286862	16.2563592964274
1248.20013956988	16.1919061990454
1248.68225627115	16.1276451291523
1249.16437297241	16.0627656814555
1249.64648967367	15.9963165497523
1250.12860637494	15.927899522919
1250.6107230762	15.8578810569418
1251.09283977746	15.7872064031621
1251.57495647873	15.7169201421302
1252.05707317999	15.6475411211951
1252.53918988125	15.5788198117987
1253.02130658251	15.5098391323627
1253.50342328378	15.4395960412438
1253.98553998504	15.3676190353255
1254.4676566863	15.2941647724214
1254.94977338757	15.2201838770274
1255.43189008883	15.1465640683337
1255.91400679009	15.073725531345
1256.39612349136	15.001191660125
1256.87824019262	14.9279917649435
1257.36035689388	14.8531512388837
1257.84247359514	14.7762926192574
1258.32459029641	14.6979903873401
1258.80670699767	14.6194456102633
1259.28882369893	14.5419565983803
1259.7709404002	14.4660935576112
1260.25305710146	14.3915884058236
1260.73517380272	14.3175087571449
1261.21729050399	14.2429102024894
1261.69940720525	14.1674851331498
1262.18152390651	14.0917291336255
1262.66364060777	14.0167055141964
1263.14575730904	13.9433141603783
1263.6278740103	13.8717150488208
1264.10999071156	13.8011344538786
1264.59210741283	13.730121079705
1265.07422411409	13.6574845435152
1265.55634081535	13.5827369259136
1266.03845751662	13.5064644150196
1266.52057421788	13.4297539666226
1267.00269091914	13.3536699673599
1267.4848076204	13.2784214449004
1267.96692432167	13.203348122871
1268.44904102293	13.1272421098492
1268.93115772419	13.0491113629354
1269.41327442546	12.9689576039208
1269.89539112672	12.8878062768983
1270.37750782798	12.8073639628403
1270.85962452925	12.7289650986943
1271.34174123051	12.6530736782505
1271.82385793177	12.578951193185
1272.30597463303	12.5051502879699
1272.7880913343	12.4303505865686
1273.27020803556	12.3540726425115
1273.75232473682	12.2769354735523
1274.23444143809	12.2001388270546
1274.71655813935	12.1246858634775
1275.19867484061	12.0507268296635
1275.68079154188	11.9773299050902
1276.16290824314	11.9031780702765
1276.6450249444	11.8271756303071
1277.12714164566	11.7493123151215
1277.60925834693	11.670563797966
1278.09137504819	11.5925519347625
1278.57349174945	11.5165486737677
1279.05560845072	11.4427203669704
1279.53772515198	11.3701785781075
1280.01984185324	11.2974412496752
1280.50195855451	11.2235380993623
1280.98407525577	11.1484537364056
1281.46619195703	11.0733892408377
1281.94830865829	10.9999754081285
1282.43042535956	10.9293638222014
1282.91254206082	10.8614960556055
1283.39465876208	10.7950100767213
1283.87677546335	10.7279496288104
1284.35889216461	10.6588261165438
1284.84100886587	10.5873943206271
1285.32312556714	10.5147701598669
1285.8052422684	10.4426054494224
1286.28735896966	10.3722998970339
1286.76947567092	10.3040100503732
1287.25159237219	10.2367513465991
1287.73370907345	10.1688642426528
1288.21582577471	10.0992004957203
1288.69794247598	10.0278343943293
1289.18005917724	9.95604040674225
1289.6621758785	9.88564692765416
1290.14429257977	9.81778820224248
1290.62640928103	9.75235630941806
1291.10852598229	9.68784853968814
1291.59064268355	9.62234669373575
1292.07275938482	9.55445016469241
1292.55487608608	9.48414307891336
1293.03699278734	9.41280455352615
1293.51910948861	9.34237492906648
1294.00122618987	9.27417651813175
1294.48334289113	9.2080960049473
1294.9654595924	9.14263117071683
1295.44757629366	9.07584630684907
1295.92969299492	9.00636585486661
1296.41180969618	8.93440099926775
1296.89392639745	8.86149500779771
1297.37604309871	8.78988185360343
1297.85815979997	8.72101771016839
1298.34027650124	8.65482262718282
1298.8223932025	8.58965101551292
1299.30450990376	8.5231929319081
1299.78662660503	8.45392268629451
1300.26874330629	8.38174794652819
1300.75086000755	8.30820725890305
1301.23297670881	8.23535215488451
1301.71509341008	8.16473142499615
1302.19721011134	8.09631853842936
1302.6793268126	8.0285881237749
1303.16144351387	7.95947544498806
1303.64356021513	7.88761883204177
1304.12567691639	7.8132882682652
1304.60779361765	7.73827422223451
1305.08991031892	7.66482082800082
1305.57202702018	7.5944194707099
1306.05414372144	7.52675798193667
1306.53626042271	7.46004977109377
1307.01837712397	7.39180921262627
1307.50049382523	7.3204658451284
1307.9826105265	7.24615611322287
1308.46472722776	7.17073032270646
1308.94684392902	7.0965942405304
1309.42896063028	7.025149752262
1309.91107733155	6.95608929852965
1310.39319403281	6.88735541468892
1310.87531073407	6.81650575928238
1311.35742743534	6.74193060876806
1311.8395441366	6.66409250857239
1312.32166083786	6.58519363079036
1312.80377753913	6.508223962317
1313.28589424039	6.43507291217392
1313.76801094165	6.3655373258182
1314.25012764291	6.29740218243791
1314.73224434418	6.22778475258799
1315.21436104544	6.15465569432884
1315.6964777467	6.07798007848701
1316.17859444797	5.99964379228293
1316.66071114923	5.92244381558159
1317.14282785049	5.84832266125845
1317.62494455176	5.77735888787959
1318.10706125302	5.70768613379397
1318.58917795428	5.63679010885654
1319.07129465554	5.56309005521291
1319.55341135681	5.48693951493167
1320.03552805807	5.41053023980162
1320.51764475933	5.33644995977754
1320.9997614606	5.26631685856976
1321.48187816186	5.19951655715712
1321.96399486312	5.13365708044346
1322.44611156439	5.06565945307662
1322.92822826565	4.99373545533382
1323.41034496691	4.91824481490579
1323.89246166817	4.84157339778834
1324.37457836944	4.76664983754511
1324.8566950707	4.69531957863727
1325.33881177196	4.62719488092515
1325.82092847323	4.55991342290722
1326.30304517449	4.49041551489923
1326.78516187575	4.41680469425172
1327.26727857702	4.33944248400601
1327.74939527828	4.26088806742448
1328.23151197954	4.18431439668947
1328.7136286808	4.11169104631814
1329.19574538207	4.04265459515943
1329.67786208333	3.97470510835449
1330.15997878459	3.9047531044453
1330.64209548586	3.83070841892719
1331.12421218712	3.7529484437052
1331.60632888838	3.67388971822922
1332.08844558965	3.59680739453401
1332.57056229091	3.52360462472732
1333.05267899217	3.45391596188303
1333.53479569343	3.38518014685956
1334.0169123947	3.31432707504463
1334.49902909596	3.23952578258512
1334.98114579722	3.16140510063406
1335.46326249849	3.08270380150488
1335.94537919975	3.00688122404237
1336.42749590101	2.93603782893693
1336.90961260228	2.86964688758733
1337.39172930354	2.80472545432413
1337.8738460048	2.73767687884721
1338.35596270606	2.66649487305728
1338.83807940733	2.59211655293793
1339.32019610859	2.51815273635302
1339.80231280985	2.44888667241451
1340.28442951112	2.38697081450684
1340.76654621238	2.33170713506126
1341.24866291364	2.27970986011238
1341.73077961491	2.22660294671363
1342.21289631617	2.1697468743698
1342.69501301743	2.10922704067087
1343.17712971869	2.04776048143433
1343.65924641996	1.98869596222798
1344.14136312122	1.93418926587052
1344.62347982248	1.88379166175603
1345.10559652375	1.83479811369282
1345.58771322501	1.78378046350641
1346.06982992627	1.72878280659868
1346.55194662754	1.67059604366022
1347.0340633288	1.61249363592675
1347.51618003006	1.55834686912529
1347.99829673132	1.5104058582874
1348.48041343259	1.46809627266739
1348.96253013385	1.42835538446091
1349.44464683511	1.38758689084229
1349.92676353638	1.34370655246085
1350.40888023764	1.2976366589369
1350.8909969389	1.25270293848792
1351.37311364017	1.21296975849544
1351.85523034143	1.18057329113167
1352.33734704269	1.15466034572069
1352.81946374395	1.13161275542282
1353.30158044522	1.10737255536904
1353.78369714648	1.07941919184171
1354.26581384774	1.04840932580915
1354.74793054901	1.01755522912302
1355.23004725027	0.990911489605799
1355.71216395153	0.970794481149155
1356.19428065279	0.956407536308523
1356.67639735406	0.944256330520243
1357.15851405532	0.930233366922975
1357.64063075658	0.912100506311413
1358.12274745785	0.890618808895354
1358.60486415911	0.869166568911004
1359.08698086037	0.851605693831904
1359.56909756164	0.840123230236076
1360.0512142629	0.833572502219132
1360.53333096416	0.827959260506746
1361.01544766542	0.818223464373106
1361.49756436669	0.801285380283955
1361.97968106795	0.777575579048825
1362.46179776921	0.751014248575313
1362.94391447048	0.726333630970598
1363.42603117174	0.706458418203229
1363.908147873	0.690533536511593
1364.39026457427	0.674896187242051
1364.87238127553	0.655176962727442
1365.35449797679	0.62910229262829
1365.83661467805	0.597697723434545
1366.31873137932	0.564776703285255
1366.80084808058	0.534819041981842
1367.28296478184	0.5103422397855
1367.76508148311	0.490673947265322
1368.24719818437	0.472190114300753
1368.72931488563	0.450670819193436
1369.2114315869	0.423691811979639
1369.69354828816	0.392352155470334
1370.17566498942	0.360569164895418
1370.65778169068	0.333004474817388
1371.13989839195	0.312135338953966
1371.62201509321	0.297005670796711
1372.10413179447	0.283489997701142
1372.58624849574	0.266863414880069
1373.068365197	0.244208424960817
1373.55048189826	0.216593160285218
1374.03259859953	0.188450423232511
1374.51471530079	0.165427974792326
1374.99683200205	0.150777344406628
1375.47894870331	0.143552640104318
1375.96106540458	0.139306621617249
1376.44318210584	0.132904760583781
1376.9252988071	0.121563942341676
1377.40741550837	0.106068152766902
1377.88953220963	0.0903205746859917
1378.37164891089	0.0788163509241778
1378.85376561216	0.0741835340560561
1379.33588231342	0.0752982019571128
1379.81799901468	0.0780147013076403
1380.30011571594	0.0773342847249327
1380.78223241721	0.0705962135231214
1381.26434911847	0.0588033089202902
1381.74646581973	0.0462733737543869
1382.228582521	0.0378406852271259
1382.71069922226	0.0363701383616273
1383.19281592352	0.040811568637118
1383.67493262479	0.0470824215519654
1384.15704932605	0.0501621163816318
1384.63916602731	0.0472104896238968
1385.12128272857	0.0391636423587144
1385.60339942984	0.0304441510898347
1386.0855161311	0.026488515265519
1386.56763283236	0.0303777124747596
1387.04974953363	0.0408975825955125
1387.53186623489	0.0529231521579244
1388.01398293615	0.0607335081011242
1388.49609963742	0.0612194480313932
1388.97821633868	0.0558811685007421
1389.46033303994	0.0494694028515348
1389.9424497412	0.047302122559644
1390.42456644247	0.0519614863930668
1390.90668314373	0.0622358309800039
1391.38879984499	0.0737094796264602
1391.87091654626	0.0815848164171303
1392.35303324752	0.0830612318231449
1392.83514994878	0.0793587354333338
1393.31726665005	0.0750854381293804
1393.79938335131	0.0761959799947522
1394.28150005257	0.0861247134993782
1394.76361675383	0.103476158763344
1395.2457334551	0.122503720714656
1395.72785015636	0.136759333495124
1396.20996685762	0.143096443452124
1396.69208355889	0.143202631224112
1397.17420026015	0.142623632044531
1397.65631696141	0.147426941265358
1398.13843366268	0.161193296655785
1398.62055036394	0.182592293134048
1399.1026670652	0.20624163788951
1399.58478376646	0.225642817497281
1400.06690046773	0.237546349918331
1400.54901716899	0.243540990962564
1401.03113387025	0.249143814660752
1401.51325057152	0.260121326366959
1401.99536727278	0.279829656506422
1402.47748397404	0.307349921508286
1402.95960067531	0.338474222731264
1403.44171737657	0.367821436647495
1403.92383407783	0.392253650067429
1404.40595077909	0.412880509470815
1404.88806748036	0.434664898584373
1405.37018418162	0.463332296892803
1405.85230088288	0.501572282967914
1406.33441758415	0.547479109875058
1406.81653428541	0.595555552262555
1407.29865098667	0.640098661113737
1407.78076768793	0.678147427299877
1408.2628843892	0.711340276931105
1408.74500109046	0.744826530062396
1409.22711779172	0.784639811427567
1409.70923449299	0.833969933460767
1410.19135119425	0.891601606143558
1410.67346789551	0.952332761966632
1411.15558459678	1.01050375805757
1411.63770129804	1.0629599000396
1412.1198179993	1.1112974458799
1412.60193470056	1.16051703641676
1413.08405140183	1.21636197788008
1413.56616810309	1.2815179885088
1414.04828480435	1.35391599271949
1414.53040150562	1.42749777762111
1415.01251820688	1.49551497850313
1415.49463490814	1.5544722356888
1415.97675160941	1.6058690457848
1416.45886831067	1.6561203620529
1416.94098501193	1.71351725362721
1417.42310171319	1.78475086870229
1417.90521841446	1.87085760993413
1418.38733511572	1.96630506192851
1418.86945181698	2.06140910668232
1419.35156851825	2.14820807640255
1419.83368521951	2.22478287735305
1420.31580192077	2.29565390826417
1420.79791862204	2.36709054665421
1421.2800353233	2.44343966292428
1421.76215202456	2.52475813849224
1422.24426872582	2.60807500361929
1422.72638542709	2.68937311880594
1423.20850212835	2.76661659422347
1423.69061882961	2.84128500396898
1424.17273553088	2.91769429967606
1424.65485223214	3.00021807737818
1425.1369689334	3.08994397719406
1425.61908563467	3.18366552482594
1426.10120233593	3.2752500678101
1426.58331903719	3.35908510450952
1427.06543573845	3.43265623797313
1427.54755243972	3.49826777546559
1428.02966914098	3.56200901390829
1428.51178584224	3.63101996698169
1428.99390254351	3.70927290066233
1429.47601924477	3.79543560105598
1429.95813594603	3.88325719181844
1430.4402526473	3.96553949855586
1430.92236934856	4.03759907864056
1431.40448604982	4.09990380805515
1431.88660275108	4.15680974596468
1432.36871945235	4.21383305105646
1432.85083615361	4.27390204912453
1433.33295285487	4.33590997709362
1433.81506955614	4.39533049662956
1434.2971862574	4.44699092617673
1434.77930295866	4.48846852208383
1435.26141965993	4.52221682323324
1435.74353636119	4.55566781992752
1436.22565306245	4.59729374453257
1436.70776976371	4.65147944850186
1437.18988646498	4.71431134394938
1437.67200316624	4.77610147605797
1438.1541198675	4.8272898557472
1438.63623656877	4.86406117310598
1439.11835327003	4.88900634813779
1439.60046997129	4.90910905708243
1440.08258667256	4.93154530678839
1440.56470337382	4.96068624633609
1441.04682007508	4.99574432112348
1441.52893677634	5.03182251830258
1442.01105347761	5.06236756830374
1442.49317017887	5.08332234747581
1442.97528688013	5.09540625838649
1443.4574035814	5.10370203336563
1443.93952028266	5.11453165523337
1444.42163698392	5.13154597904682
1444.90375368519	5.15380056794104
1445.38587038645	5.17608610820912
1445.86798708771	5.19221348680453
1446.35010378897	5.19841574449026
1446.83222049024	5.19633965536184
1447.3143371915	5.19247774260674
1447.79645389276	5.19509405938939
1448.27857059403	5.20876493063088
1448.76068729529	5.23181243258475
1449.24280399655	5.25699849088103
1449.72492069782	5.2763188531363
1450.20703739908	5.28485217987884
1450.68915410034	5.28343913125709
1451.1712708016	5.27752402487789
1451.65338750287	5.27429616328179
1452.13550420413	5.2782547391733
1452.61762090539	5.28861809586547
1453.09973760666	5.29963859872148
1453.58185430792	5.30384331595108
1454.06397100918	5.29625646989902
1454.54608771045	5.27709218457446
1455.02820441171	5.25286634573173
1455.51032111297	5.23430626125703
1455.99243781423	5.23260309631733
1456.4745545155	5.25213265890473
1456.95667121676	5.28697671341883
1457.43878791802	5.32422398024955
1457.92090461929	5.35439410357793
1458.40302132055	5.37707403534524
1458.88513802181	5.39917085172846
1459.36725472308	5.42786411566183
1459.84937142434	5.46600900163398
1460.3314881256	5.51026503226414
1460.81360482686	5.55360618880684
1461.29572152813	5.58845509881858
1461.77783822939	5.61102676922372
1462.25995493065	5.6233624975103
1462.74207163192	5.63312215863332
1463.22418833318	5.650456320171
1463.70630503444	5.68286667685986
1464.18842173571	5.7316356554876
1464.67053843697	5.79052164603857
1465.15265513823	5.85009446289528
1465.63477183949	5.90358923802489
1466.11688854076	5.95130370489122
1466.59900524202	5.99927849161327
1467.08112194328	6.05492547972444
1467.56323864455	6.12173967022665
1468.04535534581	6.19735444661817
1468.52747204707	6.27451574697074
1469.00958874834	6.34572479295912
1469.4917054496	6.4069422552684
1469.97382215086	6.46133203805871
1470.45593885212	6.51876044491293
1470.93805555339	6.59343397354669
1471.42017225465	6.69703980836966
1471.90228895591	6.83176219873817
1472.38440565718	6.98800856311517
1472.86652235844	7.14937275899017
1473.3486390597	7.30365755947806
1473.83075576096	7.44995262395975
1474.31287246223	7.59813891676498
1474.79498916349	7.76079429690437
1475.27710586475	7.9466173675717
1475.75922256602	8.15492608115822
1476.24133926728	8.37679251150346
1476.72345596854	8.59985480989378
1477.20557266981	8.8155254395864
1477.68768937107	9.02310748803006
1478.16980607233	9.22978751305929
1478.65192277359	9.44561993827597
1479.13403947486	9.6789727273071
1479.61615617612	9.93206244452929
1480.09827287738	10.2014032153837
1480.58038957865	10.4800356347324
1481.06250627991	10.7627059337658
1481.54462298117	11.0485559908597
1482.02673968244	11.3414137872564
1482.5088563837	11.6461965655425
1482.99097308496	11.9644245871845
1483.47308978622	12.2925046831541
1483.95520648749	12.6224723975825
1484.43732318875	12.946812053789
1484.91943989001	13.2619136469209
1485.40155659128	13.5712875843816
1485.88367329254	13.8844934483544
1486.3657899938	14.2125019554764
1486.84790669507	14.5620935612878
1487.33002339633	14.933107616901
1487.81214009759	15.3203263745867
1488.29425679885	15.7185231278862
1488.77637350012	16.1287835429427
1489.25849020138	16.5608041552273
1489.74060690264	17.0258896478222
1490.22272360391	17.5301190461858
1490.70484030517	18.0642520007173
1491.18695700643	18.605997036731
1491.6690737077	19.1283803572492
1492.15119040896	19.6119079069294
1492.63330711022	20.0528322598523
1493.11542381148	20.4611622995802
1493.59754051275	20.8580433331107
1494.07965721401	21.267738977307
1494.56177391527	21.7113156931912
1495.04389061654	22.1984874246206
1495.5260073178	22.7257349417513
1496.00812401906	23.2785822742186
1496.49024072033	23.8406006841299
1496.97235742159	24.4032077562101
1497.45447412285	24.9687704797409
1497.93659082411	25.5449667771467
1498.41870752538	26.1382046234252
1498.90082422664	26.7468325078788
1499.3829409279	27.3621405080731
1499.86505762917	27.9713795986129
1500.34717433043	28.5645247780929
1500.82929103169	29.1376828015123
1501.31140773296	29.6916372926212
1501.79352443422	30.2272870686421
1502.27564113548	30.7431635093973
1502.75775783674	31.2318065757069
1503.23987453801	31.6836942496549
1503.72199123927	32.0935588855512
1504.20410794053	32.4659523035703
1504.6862246418	32.8243441624847
1505.16834134306	33.2138154908443
1505.65045804432	33.697187166408
1506.13257474559	34.3221575966224
1506.61469144685	35.0895302079128
1507.09680814811	35.9412224400634
1507.57892484937	36.7938775737288
1508.06104155064	37.5897323104955
1508.5431582519	38.3155584756689
1509.02527495316	38.9900567720979
1509.50739165443	39.6425382034828
1509.98950835569	40.2959199306443
1510.47162505695	40.9608007645815
1510.95374175822	41.6328039174615
1511.43585845948	42.2986147761016
1511.91797516074	42.9440305084409
1512.400091862	43.5590276702433
1512.88220856327	44.141352093966
1513.36432526453	44.6955523629554
1513.84644196579	45.2290030269705
1514.32855866706	45.7493991876132
1514.81067536832	46.2652777356689
1515.29279206958	46.7867424234514
1515.77490877085	47.3259597384834
1516.25702547211	47.8942033014625
1516.73914217337	48.4948695398954
1517.22125887463	49.1182045105957
1517.7033755759	49.741132899572
1518.18549227716	50.3358608391217
1518.66760897842	50.8831435761677
1519.14972567969	51.3799886481041
1519.63184238095	51.8464579865371
1520.11395908221	52.3230095110504
1520.59607578348	52.8628537094122
1521.07819248474	53.503937618336
1521.560309186	54.2430435142977
1522.04242588726	55.0325646793079
1522.52454258853	55.8067687370167
1523.00665928979	56.5175308850602
1523.48877599105	57.1489088702413
1523.97089269232	57.7173924519636
1524.45300939358	58.2560722046994
1524.93512609484	58.8018087765477
1525.41724279611	59.3794004340121
1525.89935949737	59.995549998248
1526.38147619863	60.6376545156604
1526.86359289989	61.2849494393662
1527.34570960116	61.9198048049853
1527.82782630242	62.534645795785
1528.30994300368	63.1305694842529
1528.79205970495	63.7080542166022
1529.27417640621	64.2606131634015
1529.75629310747	64.77495737582
1530.23840980873	65.2336054133527
1530.72052651	65.6265785655857
1531.20264321126	65.9593214905384
1531.68475991252	66.2592642503399
1532.16687661379	66.573307517483
1532.64899331505	66.9540812423238
1533.13111001631	67.4402253373832
1533.61322671758	68.0290055066447
1534.09534341884	68.6742077522359
1534.5774601201	69.3060950320858
1535.05957682136	69.8680526725674
1535.54169352263	70.3288462698624
1536.02381022389	70.6820379043456
1536.50592692515	70.9370087413991
1536.98804362642	71.1087695030589
1537.47016032768	71.2155378766468
1537.95227702894	71.2781762901401
1538.43439373021	71.3301799688358
1538.91651043147	71.4218793155721
1539.39862713273	71.6117119224622
1539.88074383399	71.9503049016703
1540.36286053526	72.4495841369155
1540.84497723652	73.0740424685963
1541.32709393778	73.7579668188133
1541.80921063905	74.4382926989911
1542.29132734031	75.0763671363658
1542.77344404157	75.6634837318819
1543.25556074284	76.2170250801743
1543.7376774441	76.7663481806983
1544.21979414536	77.3388857278426
1544.70191084662	77.9430564539224
1545.18402754789	78.5640209393034
1545.66614424915	79.1678969019088
1546.14826095041	79.720589283076
1546.63037765168	80.1980987283143
1547.11249435294	80.5961284887878
1547.5946110542	80.9290628952133
1548.07672775547	81.2236599431534
1548.55884445673	81.5108504948542
1549.04096115799	81.8141508598528
1549.52307785925	82.1445305092936
1550.00519456052	82.4959645172371
1550.48731126178	82.8518627536819
1550.96942796304	83.1923305826213
1551.45154466431	83.5040175522284
1551.93366136557	83.7829330968258
1552.41577806683	84.0325117321864
1552.8978947681	84.2603678080227
1553.38001146936	84.4733032032603
1553.86212817062	84.6735323067402
1554.34424487188	84.8556537575105
1554.82636157315	85.0062205432566
1555.30847827441	85.1051613003612
1555.79059497567	85.1304330984605
1556.27271167694	85.0613963107583
1556.7548283782	84.8892191508122
1557.23694507946	84.6303343239978
1557.71906178073	84.3582094152357
1558.20117848199	84.2197524815859
1558.68329518325	84.3865814095076
1559.16541188451	84.9529991936097
1559.64752858578	85.8393801610205
1560.12964528704	86.8533318787474
1560.6117619883	87.8143249812637
1561.09387868957	88.6263201949867
1561.57599539083	89.2669643636721
1562.05811209209	89.751377273698
1562.54022879336	90.1137319226687
1563.02234549462	90.3936108709332
1563.50446219588	90.6301576447792
1563.98657889714	90.8539601877173
1564.46869559841	91.0822978078484
1564.95081229967	91.3156268209305
1565.43292900093	91.5405994317928
1565.9150457022	91.7370726234853
1566.39716240346	91.8875610346442
1566.87927910472	91.9844903864856
1567.36139580599	92.0328491864907
1567.84351250725	92.0522314359194
1568.32562920851	92.0734143719241
1568.80774590977	92.1370225064362
1569.28986261104	92.2799605737565
1569.7719793123	92.5197021485918
1570.25409601356	92.8460433158112
1570.73621271483	93.2235996541014
1571.21832941609	93.6066358859422
1571.70044611735	93.9498341157943
1572.18256281862	94.2205191299719
1572.66467951988	94.399185211615
1573.14679622114	94.4784599372436
1573.6289129224	94.464216211538
1574.11102962367	94.3773929468849
1574.59314632493	94.2583047385837
1575.07526302619	94.1603598861889
1575.55737972746	94.1435179768085
1576.03949642872	94.2516845755942
1576.52161312998	94.4909543306444
1577.00372983124	94.8289183720548
1577.48584653251	95.2136503636184
1577.96796323377	95.5994576314492
1578.45007993503	95.9548444398733
1578.9321966363	96.2652251749666
1579.41431333756	96.5277198495005
1579.89643003882	96.7451976704107
1580.37854674009	96.9242100394061
1580.86066344135	97.0734699960483
1581.34278014261	97.2034464491843
1581.82489684387	97.3239439624861
1582.30701354514	97.4424102029796
1582.7891302464	97.5627194857334
1583.27124694766	97.684602962638
1583.75336364893	97.805039972169
1584.23548035019	97.9202547798559
1584.71759705145	98.0279726223929
1585.19971375272	98.1282870685219
1585.68183045398	98.2234310472487
1586.16394715524	98.3160692121793
1586.6460638565	98.4078856133524
1587.12818055777	98.4986047743664
1587.61029725903	98.5865817253894
1588.09241396029	98.6701012855977
1588.57453066156	98.7490298056066
1589.05664736282	98.8252386134079
1589.53876406408	98.9020335076251
1590.02088076535	98.9820574978195
1590.50299746661	99.0655135143878
1590.98511416787	99.1493388432766
1591.46723086913	99.2283278696294
1591.9493475704	99.2973234555399
1592.43146427166	99.3535475346389
1592.91358097292	99.3983977238174
1593.39569767419	99.4371072312972
1593.87781437545	99.4772458729012
1594.35993107671	99.5253112148264
1594.84204777798	99.5851347866646
1595.32416447924	99.6566804813567
1595.8062811805	99.737027381717
1596.28839788176	99.8216985714624
1596.77051458303	99.9064474133166
1597.25263128429	99.9883418816481
1597.73474798555	100.065211170296
1598.21686468682	100.135233418007
1598.69898138808	100.196502983442
1599.18109808934	100.247076525829
1599.66321479061	100.286103457854
1600.14533149187	100.314680747081
1600.62744819313	100.336679331636
1601.10956489439	100.357717396792
1601.59168159566	100.38354079131
1602.07379829692	100.418221121351
1602.55591499818	100.462535520612
1603.03803169945	100.51376609413
1603.52014840071	100.566452114654
1604.00226510197	100.61469333489
1604.48438180324	100.653307237054
1604.9664985045	100.679254198705
1605.44861520576	100.69189893575
1605.93073190702	100.692529507829
1606.41284860829	100.683929645567
1606.89496530955	100.669506151961
1607.37708201081	100.653750358398
1607.85919871208	100.64146136608
1608.34131541334	100.637004237095
1608.8234321146	100.643685821454
1609.30554881587	100.662784190433
1609.78766551713	100.693017717977
1610.26978221839	100.730257493326
1610.75189891965	100.768172203728
1611.23401562092	100.798662977973
1611.71613232218	100.812021838806
1612.19824902344	100.798441929252
1612.68036572471	100.747957464163
1613.16248242597	100.651167376811
1613.64459912723	100.500459395954
1614.1267158285	100.29293412821
1614.60883252976	100.035446257329
1615.09094923102	99.7483078999836
1615.57306593228	99.471551763089
1616.05518263355	99.2597329248153
1616.53729933481	99.161025935798
1617.01941603607	99.1964865174342
1617.50153273734	99.3460920623382
1617.9836494386	99.5620589554679
1618.46576613986	99.7863273673734
1618.94788284113	99.9717759445148
1619.42999954239	100.08866088106
1619.91211624365	100.12095119767
1620.39423294491	100.066478546824
1620.87634964618	99.9343904673658
1621.35846634744	99.7467593784075
1621.8405830487	99.5352040463318
1622.32269974997	99.3384526049229
1622.80481645123	99.1945363201499
1623.28693315249	99.125871057801
1623.76904985376	99.1326303900742
1624.25116655502	99.1923608540796
1624.73328325628	99.2726801900821
1625.21539995754	99.340731283951
1625.69751665881	99.3744977498242
1626.17963336007	99.3676941443374
1626.66175006133	99.3290824602405
1627.1438667626	99.2791919566003
1627.62598346386	99.2420464976261
1628.10810016512	99.2383133467838
1628.59021686639	99.2754197410416
1629.07233356765	99.3456468433995
1629.55445026891	99.4288480359608
1630.03656697017	99.500923834826
1630.51868367144	99.5401645413681
1631.0008003727	99.5295091265588
1631.48291707396	99.4580758889618
1631.96503377523	99.3185943612648
1632.44715047649	99.106043438234
1632.92926717775	98.8171496319267
1633.41138387902	98.4548428883661
1633.89350058028	98.038007403026
1634.37561728154	97.6070908390405
1634.8577339828	97.2323190207732
1635.33985068407	96.9962867783889
1635.82196738533	96.9552574161234
1636.30408408659	97.1097453668221
1636.78620078786	97.4031364804084
1637.26831748912	97.7585600498918
1637.75043419038	98.1064692355467
1638.23255089164	98.4053921439252
1638.71466759291	98.6392649663698
1639.19678429417	98.8080495099876
1639.67890099543	98.9216292426512
1640.1610176967	98.9925184878628
1640.64313439796	99.0314647158098
1641.12525109922	99.043565927079
1641.60736780049	99.0279313540861
1642.08948450175	98.9786368025273
1642.57160120301	98.8869551146824
1643.05371790427	98.7433910195916
1643.53583460554	98.5398266956349
1644.0179513068	98.271552961315
1644.50006800806	97.9426137755735
1644.98218470933	97.5713885131192
1645.46430141059	97.1945354067043
1645.94641811185	96.870542374304
1646.42853481312	96.6645592507004
1646.91065151438	96.6211931892034
1647.39276821564	96.7426767198243
1647.8748849169	96.9831479859807
1648.35700161817	97.2713966596329
1648.83911831943	97.5311095755117
1649.32123502069	97.7036013590307
1649.80335172196	97.7473046074906
1650.28546842322	97.6324622639389
1650.76758512448	97.3408943707444
1651.24970182575	96.873720844279
1651.73181852701	96.2786448015428
1652.21393522827	95.6727237831082
1652.69605192953	95.2477873873406
1653.1781686308	95.1774239071251
1653.66028533206	95.4888362936747
1654.14240203332	96.0559507289241
1654.62451873459	96.7092091002701
1655.10663543585	97.3329194829338
1655.58875213711	97.8685532908596
1656.07086883838	98.2999933577724
1656.55298553964	98.630963469069
1657.0351022409	98.8707612985876
1657.51721894216	99.0317109298954
1657.99933564343	99.1263264689457
1658.48145234469	99.1664593588973
1658.96356904595	99.1610882215077
1659.44568574722	99.115826603352
1659.92780244848	99.0346506789701
1660.40991914974	98.9219730109736
1660.89203585101	98.788163906235
1661.37415255227	98.6539267014734
1661.85626925353	98.5477702259767
1662.33838595479	98.501370956263
1662.82050265606	98.5358107384905
1663.30261935732	98.6500434549663
1663.78473605858	98.8182734525258
1664.26685275985	98.9988344737794
1664.74896946111	99.1513278217341
1665.23108616237	99.2425707281469
1665.71320286364	99.253901397831
1666.1953195649	99.1804489827118
1666.67743626616	99.0294728087031
1667.15955296742	98.8183272348828
1667.64166966869	98.5727001431256
1668.12378636995	98.3283514707723
1668.60590307121	98.1241205922494
1669.08801977248	97.9959686333163
1669.57013647374	97.9679145755443
1670.052253175	98.0427471412226
1670.53436987627	98.1997424672633
1671.01648657753	98.3992545659784
1671.49860327879	98.5976190359268
1671.98071998005	98.754465673775
1672.46283668132	98.841342189165
1672.94495338258	98.8478694854657
1673.42707008384	98.783721032858
1673.90918678511	98.6816714580048
1674.39130348637	98.5903970333662
1674.87342018763	98.5651360449386
1675.3555368889	98.6398549710068
1675.83765359016	98.8099398608022
1676.31977029142	99.0353028872539
1676.80188699268	99.2633364649948
1677.28400369395	99.4522611679495
1677.76612039521	99.5776582601547
1678.24823709647	99.6353239604466
1678.73035379774	99.6338488518784
1679.212470499	99.5876894898327
1679.69458720026	99.5077061638381
1680.17670390153	99.3955538082681
1680.65882060279	99.2409246353441
1681.14093730405	99.0259592070389
1681.62305400531	98.7331716497583
1682.10517070658	98.3592813401395
1682.58728740784	97.927992027731
1683.0694041091	97.5084903260682
1683.55152081037	97.2119980391117
1684.03363751163	97.1433997396051
1684.51575421289	97.3393432247239
1684.99787091416	97.7355997056286
1685.47998761542	98.2171963864916
1685.96210431668	98.6766871014456
1686.44422101794	99.0534703454882
1686.92633771921	99.3293625939775
1687.40845442047	99.5111759779038
1687.89057112173	99.6204496252798
1688.372687823	99.6843637340095
1688.85480452426	99.7313012216874
1689.33692122552	99.782952736847
1689.81903792679	99.8513222071617
1690.30115462805	99.9360845002394
1690.78327132931	100.025883489181
1691.26538803057	100.101335394143
1691.74750473184	100.139528756689
1692.2296214331	100.119750690758
1692.71173813436	100.024196514451
1693.19385483563	99.8420642865475
1693.67597153689	99.5726255020236
1694.15808823815	99.2339790453712
1694.64020493941	98.8694179704308
1695.12232164068	98.5405471489502
1695.60443834194	98.3096279287942
1696.0865550432	98.2018436177862
1696.56867174447	98.1916008677341
1697.05078844573	98.2152715193869
1697.53290514699	98.2069067450085
1698.01502184826	98.1201179127357
1698.49713854952	97.9399820248
1698.97925525078	97.6937310185654
1699.46137195204	97.4566302427864
1699.94348865331	97.3363155647368
1700.42560535457	97.4091116877115
1700.90772205583	97.6689336706301
1701.3898387571	98.0292593869835
1701.87195545836	98.3892600210632
1702.35407215962	98.6734365053347
1702.83618886089	98.8475503881412
1703.31830556215	98.9111426896782
1703.80042226341	98.8860014160792
1704.28253896467	98.8114712003666
1704.76465566594	98.7335145293816
1705.2467723672	98.6967385168015
1705.72888906846	98.7258518169539
1706.21100576973	98.8193378885215
1706.69312247099	98.9544299113336
1707.17523917225	99.1013861884366
1707.65735587352	99.2351512698286
1708.13947257478	99.339406134944
1708.62158927604	99.4083085179705
1709.1037059773	99.4422707693989
1709.58582267857	99.4442172315709
1710.06793937983	99.4159807007854
1710.55005608109	99.3569287000309
1711.03217278236	99.2637927980734
1711.51428948362	99.1322734387521
1711.99640618488	98.9586271387796
1712.47852288615	98.7421338232816
1712.96063958741	98.4850398339977
1713.44275628867	98.1934551866996
1713.92487298993	97.8755136239988
1714.4069896912	97.5384188811271
1714.88910639246	97.190077368224
1715.37122309372	96.8389601834128
1715.85333979499	96.4978787791397
1716.33545649625	96.1895239827491
1716.81757319751	95.9453358106534
1717.29968989878	95.7992569664707
1717.78180660004	95.7730627604681
1718.2639233013	95.862390658868
1718.74604000256	96.0356037376048
1719.22815670383	96.2436483256605
1719.71027340509	96.439113909051
1720.19239010635	96.5823550099418
1720.67450680762	96.6468202191889
1721.15662350888	96.6215830482447
1721.63874021014	96.5086552084495
1722.12085691141	96.3231013436036
1722.60297361267	96.087486967431
1723.08509031393	95.827769237455
1723.56720701519	95.5639669335601
1724.04932371646	95.3033742046074
1724.53144041772	95.039943089626
1725.01355711898	94.7583208248929
1725.49567382025	94.4407702133428
1725.97779052151	94.0719452451773
1726.45990722277	93.641764690046
1726.94202392404	93.1436269277079
1727.4241406253	92.5720507480467
1727.90625732656	91.920384098962
1728.38837402782	91.1837363732199
1728.87049072909	90.3620250341834
1729.35260743035	89.462567563101
1729.83472413161	88.4982778930477
1730.31684083288	87.4836640404781
1730.79895753414	86.4230237134611
1731.2810742354	85.3090385725297
1731.76319093667	84.1271392156366
1732.24530763793	82.8700295113651
1732.72742433919	81.5754735017622
1733.20954104045	80.3556809841294
1733.69165774172	79.3897369175282
1734.17377444298	78.8668041937377
1734.65589114424	78.8728827610325
1735.13800784551	79.3509907107196
1735.62012454677	80.1515366491111
1736.10224124803	81.124855758844
1736.5843579493	82.1723893137749
1737.06647465056	83.2461151993543
1737.54859135182	84.3429563579386
1738.03070805308	85.4780001806837
1738.51282475435	86.6617448250823
1738.99494145561	87.884810409969
1739.47705815687	89.1057076583209
1739.95917485814	90.2612934716312
1740.4412915594	91.2919676878574
1740.92340826066	92.1570183577522
1741.40552496193	92.84443351883
1741.88764166319	93.3636050384521
1742.36975836445	93.7374142543183
1742.85187506571	93.99329266731
1743.33399176698	94.1554946668597
1743.81610846824	94.2420965880486
1744.2982251695	94.2606049727274
1744.78034187077	94.2088654982033
1745.26245857203	94.0786609260786
1745.74457527329	93.8614093944024
1746.22669197456	93.5540287810377
1746.70880867582	93.1625231649274
1747.19092537708	92.7000377979267
1747.67304207834	92.1827119407247
1748.15515877961	91.6214713277521
1748.63727548087	91.0167896483999
1749.11939218213	90.3582633063874
1749.6015088834	89.6316413925467
1750.08362558466	88.8305007009632
1750.56574228592	87.9668572312602
1751.04785898719	87.0733144979213
1751.52997568845	86.192646627127
1752.01209238971	85.3638536866634
1752.49420909097	84.6086397923394
1752.97632579224	83.9341469888562
1753.4584424935	83.3449789234349
1753.94055919476	82.8563857430885
1754.42267589603	82.5029904300128
1754.90479259729	82.3451178512866
1755.38690929855	82.4523988304701
1755.86902599981	82.8812174052286
1756.35114270108	83.6474528111306
1756.83325940234	84.7103769052183
1757.3153761036	85.9799975376602
1757.79749280487	87.345440845294
1758.27960950613	88.7171371693369
1758.76172620739	90.0362705092911
1759.24384290866	91.2798849890412
1759.72595960992	92.4497344715854
1760.20807631118	93.5580190911354
1760.69019301244	94.6160265241892
1761.17230971371	95.6269109697031
1761.65442641497	96.5821554133107
1762.13654311623	97.4645622597074
1762.6186598175	98.2541548960755
1763.10077651876	98.9335130949552
1763.58289322002	99.4921218639075
1764.06500992129	99.92563271087
1764.54712662255	100.234983877606
1765.02924332381	100.426854855358
1765.51136002507	100.513841567298
1765.99347672634	100.516703415039
1766.4755934276	100.461610110776
1766.95771012886	100.377794020762
1767.43982683013	100.290756244406
1767.92194353139	100.212431640901
1768.40406023265	100.139763736288
1768.88617693392	100.057471693617
1769.36829363518	99.9484677084471
1769.85041033644	99.8023922429218
1770.3325270377	99.6239846555334
1770.81464373897	99.4348864321968
1771.29676044023	99.2730999099013
1771.77887714149	99.179961475152
1772.26099384276	99.1821954001084
1772.74311054402	99.2801599692854
1773.22522724528	99.4475312833447
1773.70734394655	99.646679330097
1774.18946064781	99.8418680343411
1774.67157734907	100.011270004883
1775.15369405033	100.145725072412
1775.6358107516	100.243894792184
1776.11792745286	100.307786186146
1776.60004415412	100.338930981437
1777.08216085539	100.337281856361
1777.56427755665	100.30252472466
1778.04639425791	100.236603346451
1778.52851095918	100.146397809326
1779.01062766044	100.043567804317
1779.4927443617	99.9440918682446
1779.97486106296	99.8640304644206
1780.45697776423	99.8133303462779
1780.93909446549	99.7929158121984
1781.42121116675	99.7935985707184
1781.90332786802	99.8011349252174
1782.38544456928	99.8004092987359
1782.86756127054	99.7820762699624
1783.34967797181	99.7451825623807
1783.83179467307	99.6971678550476
1784.31391137433	99.6508714191896
1784.79602807559	99.6192570563634
1785.27814477686	99.6104146277949
1785.76026147812	99.6233720345472
1786.24237817938	99.6482219913158
1786.72449488065	99.6687644318239
1787.20661158191	99.668294059751
1787.68872828317	99.6319117115826
1788.17084498444	99.5491837658302
1788.6529616857	99.4157231542329
1789.13507838696	99.2334160695231
1789.61719508822	99.01129665513
1790.09931178949	98.764617963971
1790.58142849075	98.5171660649536
1791.06354519201	98.2991024236776
1791.54566189328	98.1403944807191
1792.02777859454	98.0645447505155
1792.5098952958	98.0778424949616
1792.99201199707	98.1669455899198
1793.47412869833	98.302443994913
1793.95624539959	98.4513212808799
1794.43836210085	98.5860442117435
1794.92047880212	98.6880046222539
1795.40259550338	98.7497924323432
1795.88471220464	98.7717661045678
1796.36682890591	98.7591517382383
1796.84894560717	98.7184099658106
1797.33106230843	98.6553817807314
1797.8131790097	98.5747589456363
1798.29529571096	98.4803215153596
1798.77741241222	98.3776312502089
1799.25952911348	98.2757165282102
1799.74164581475	98.1861003823
1800.22376251601	98.1222774482351
1800.70587921727	98.0945015379572
1801.18799591854	98.1059811792214
1801.6701126198	98.1513469114849
1802.15222932106	98.2187270862262
1802.63434602232	98.2942986487319
1803.11646272359	98.3652609742019
1803.59857942485	98.4235925734769
1804.08069612611	98.4658229645109
1804.56281282738	98.4915950140845
1805.04492952864	98.5017755514278
1805.5270462299	98.4968397711501
1806.00916293117	98.4761691530133
1806.49127963243	98.4388374581127
1806.97339633369	98.3846811217913
1807.45551303495	98.3155540641971
1807.93762973622	98.2354138349447
1808.41974643748	98.1501387285612
1808.90186313874	98.0667253757646
1809.38397984001	97.9915666522735
1809.86609654127	97.9306621151743
1810.34821324253	97.889038367108
1810.8303299438	97.8702641842583
1811.31244664506	97.8762814765798
1811.79456334632	97.9057506863478
1812.27668004758	97.9533603604594
1812.75879674885	98.0091843594493
1813.24091345011	98.0612529182178
1813.72303015137	98.0982445451466
1814.20514685264	98.1120443454334
1814.6872635539	98.1007261530376
1815.16938025516	98.0685044846979
1815.65149695643	98.0248777316523
1816.13361365769	97.9803196060078
1816.61573035895	97.9434326187108
1817.09784706021	97.9178929396309
1817.57996376148	97.9020014061499
1818.06208046274	97.8908996559768
1818.544197164	97.8795425702984
1819.02631386527	97.8653113801322
1819.50843056653	97.847854606122
1819.99054726779	97.8278067800157
1820.47266396906	97.8041297021795
1820.95478067032	97.7722481764898
1821.43689737158	97.7246950707548
1821.91901407284	97.6537760464274
1822.40113077411	97.5554364627677
1822.88324747537	97.4329801747252
1823.36536417663	97.2983405361134
1823.8474808779	97.1713638928772
1824.32959757916	97.0717962315873
1824.81171428042	97.0126124005997
1825.29383098169	96.9927735352084
1825.77594768295	96.9976542384938
1826.25806438421	97.0037056038614
1826.74018108547	96.9875681631439
1827.22229778674	96.9350826719664
1827.704414488	96.8444186346009
1828.18653118926	96.7284826093826
1828.66864789053	96.6103026692383
1829.15076459179	96.5200746829986
1829.63288129305	96.4836112794468
1830.11499799432	96.5128339007215
1830.59711469558	96.602188223014
1831.07923139684	96.7312585426145
1831.5613480981	96.8740520757029
1832.04346479937	97.0051126861042
1832.52558150063	97.1071924246837
1833.00769820189	97.1720563311287
1833.48981490316	97.1994493337252
1833.97193160442	97.1954219449734
1834.45404830568	97.169825006688
1834.93616500695	97.1340300826219
1835.41828170821	97.0971871432688
1835.90039840947	97.0658038127238
1836.38251511073	97.0428886305077
1836.864631812	97.0287137521973
1837.34674851326	97.0221973102411
1837.82886521452	97.0215452652774
1838.31098191579	97.0245577403705
1838.79309861705	97.0272320825854
1839.27521531831	97.0229828998197
1839.75733201958	97.0028256150099
1840.23944872084	96.9557618326967
1840.7215654221	96.8718670148656
1841.20368212336	96.745305595291
1841.68579882463	96.5780050570831
1842.16791552589	96.3816954590762
1842.65003222715	96.1791092306136
1843.13214892842	96.0024903481356
1843.61426562968	95.8827298456791
1844.09638233094	95.8396967933535
1844.57849903221	95.8733486692043
1845.06061573347	95.9657645563746
1845.54273243473	96.0887619569832
1846.02484913599	96.2150110947513
1846.50696583726	96.3269883001374
1846.98908253852	96.4164146444742
1847.47119923978	96.4834837672277
1847.95331594105	96.532925947625
1848.43543264231	96.5709289416547
1848.91754934357	96.6022269070245
1849.39966604484	96.6290068650959
1849.8817827461	96.6513589106494
1850.36389944736	96.6682688518047
1850.84601614862	96.6787829598401
1851.32813284989	96.6828347065158
1851.81024955115	96.6812377161353
1852.29236625241	96.675317631056
1852.77448295368	96.666531771818
1853.25659965494	96.6558121926211
1853.7387163562	96.6437204433462
1854.22083305747	96.6303611190609
1854.70294975873	96.6155695954064
1855.18506645999	96.5991214773307
1855.66718316125	96.5807459455853
1856.14929986252	96.5605022960581
1856.63141656378	96.5387938737468
1857.11353326504	96.5165220084213
1857.59564996631	96.4947461421523
1858.07776666757	96.4747608699346
1858.55988336883	96.4574582455822
1859.04200007009	96.4430430367958
1859.52411677136	96.4309768993682
1860.00623347262	96.4200359490971
1860.48835017388	96.4089805418945
1860.97046687515	96.3966745223638
1861.45258357641	96.3823754971985
1861.93470027767	96.3654953432125
1862.41681697894	96.3448451850686
1862.8989336802	96.3184515942904
1863.38105038146	96.2830659720568
1863.86316708272	96.2343658530351
1864.34528378399	96.1678548318182
1864.82740048525	96.0799233124947
1865.30951718651	95.9690468462055
1865.79163388778	95.8366606699491
1866.27375058904	95.6885886441803
1866.7558672903	95.5353572044537
1867.23798399157	95.3915251452717
1867.72010069283	95.2756639969084
1868.20221739409	95.2059948149638
1868.68433409535	95.195088606182
1869.16645079662	95.2458762909139
1869.64856749788	95.3494063610383
1870.13068419914	95.487796823473
1870.61280090041	95.6378464806894
1871.09491760167	95.7787192571695
1871.57703430293	95.8953535202939
1872.0591510042	95.9796312841195
1872.54126770546	96.0312220827655
1873.02338440672	96.0554897289992
1873.50550110798	96.0611794060826
1873.98761780925	96.0567933671823
1874.46973451051	96.048866473946
1874.95185121177	96.0406059491668
1875.43396791304	96.0322578563801
1875.9160846143	96.0226354679296
1876.39820131556	96.0109677142422
1876.88031801683	95.9976830155193
1877.36243471809	95.9843857912285
1877.84455141935	95.9727184450957
1878.32666812061	95.9634769745803
1878.80878482188	95.9560281286641
1879.29090152314	95.9486713461474
1879.7730182244	95.9396907601835
1880.25513492567	95.9280123531507
1880.73725162693	95.913899323452
1881.21936832819	95.8984005193747
1881.70148502946	95.8826741441578
1882.18360173072	95.8672768426643
1882.66571843198	95.8519737148707
1883.14783513324	95.8364133630522
1883.62995183451	95.8205995715582
1884.11206853577	95.805127111604
1884.59418523703	95.7903984910268
1885.0763019383	95.7757202361075
1885.55841863956	95.7580739583673
1886.04053534082	95.7322061211601
1886.52265204209	95.6926050191446
1887.00476874335	95.6355073390369
1887.48688544461	95.5624526847803
1887.96900214587	95.4811755290672
1888.45111884714	95.4059253404604
1888.9332355484	95.3528959663739
1889.41535224966	95.3341164055638
1889.89746895093	95.3532241581506
1890.37958565219	95.402842931097
1890.86170235345	95.4677188609709
1891.34381905472	95.529260493329
1891.82593575598	95.5731236478807
1892.30805245724	95.5919570241207
1892.7901691585	95.5866102817188
1893.27228585977	95.5641921293381
1893.75440256103	95.5350552397044
1894.23651926229	95.5093193936821
1894.71863596356	95.4932833796276
1895.20075266482	95.4892336625899
1895.68286936608	95.4956718767151
1896.16498606735	95.5094982234066
1896.64710276861	95.5270511074579
1897.12921946987	95.5451018405835
1897.61133617113	95.560995127877
1898.0934528724	95.5720191193482
1898.57556957366	95.5759234566405
1899.05768627492	95.57136575428
1899.53980297619	95.5585601494997
1900.02191967745	95.5395871514267
1900.50403637871	95.517633714417
1900.98615307998	95.4961922161465
1901.46826978124	95.4772319022529
1901.9503864825	95.4606663371987
1902.43250318376	95.4443561768955
1902.91461988503	95.4256968803135
1903.39673658629	95.4026876228725
1903.87885328755	95.3749186998298
1904.36096998882	95.3433626660653
1904.84308669008	95.3091673144781
1905.32520339134	95.2725617235233
1905.80732009261	95.232210968986
1906.28943679387	95.1858188518318
1906.77155349513	95.1320193888976
1907.25367019639	95.0719648172275
1907.73578689766	95.0108932007905
1908.21790359892	94.957040423085
1908.70002030018	94.9191299415259
1909.18213700145	94.9037983247787
1909.66425370271	94.9127775301453
1910.14637040397	94.9425238685808
1910.62848710524	94.9855115406603
1911.1106038065	95.033786262985
1911.59272050776	95.081063844291
1912.07483720902	95.1238518337701
1912.55695391029	95.1609674383226
1913.03907061155	95.1914256839899
1913.52118731281	95.2126142687651
1914.00330401408	95.2199804923223
1914.48542071534	95.2079093850825
1914.9675374166	95.1723977341835
1915.44965411787	95.1137377544349
1915.93177081913	95.0383735055239
1916.41388752039	94.959028933372
1916.89600422165	94.891020115031
1917.37812092292	94.8491858734091
1917.86023762418	94.8414066433943
1918.34235432544	94.8657948041622
1918.82447102671	94.9110635261826
1919.30658772797	94.9613830987616
1919.78870442923	95.0018309828362
1920.27082113049	95.0220027079279
1920.75293783176	95.0190505835062
1921.23505453302	94.9973028626476
1921.71717123428	94.9670093612981
1922.19928793555	94.9403433366638
1922.68140463681	94.9285629519585
1923.16352133807	94.9384613995743
1923.64563803934	94.9702164110106
1924.1277547406	95.0179523040827
1924.60987144186	95.0719622841165
1925.09198814312	95.1225900529301
1925.57410484439	95.1619583908336
1926.05622154565	95.1863313031643
1926.53833824691	95.1962391667769
1927.02045494818	95.1955924671333
1927.50257164944	95.1895645363478
1927.9846883507	95.1825870261973
1928.46680505197	95.1771566171914
1928.94892175323	95.1732327652344
1929.43103845449	95.1690470813031
1929.91315515575	95.1625823987595
1930.39527185702	95.1528761064944
1930.87738855828	95.1405264853101
1931.35950525954	95.1274567336682
1931.84162196081	95.1156076711918
1932.32373866207	95.1062491706516
1932.80585536333	95.0992001176492
1933.2879720646	95.0932059246279
1933.77008876586	95.0865232679818
1934.25220546712	95.0781300604487
1934.73432216838	95.0681415610497
1935.21643886965	95.0577235056726
1935.69855557091	95.0484132882183
1936.18067227217	95.0410302580647
1936.66278897344	95.0352697981511
1937.1449056747	95.0293313267202
1937.62702237596	95.0203942754218
1938.10913907723	95.0049935539881
1938.59125577849	94.9798599094122
1939.07337247975	94.9426734168696
1939.55548918101	94.8924906132256
1940.03760588228	94.8304928083026
1940.51972258354	94.7604489344692
1941.0018392848	94.6896697434796
1941.48395598607	94.6274219833748
1941.96607268733	94.5838779684154
1942.44818938859	94.5669954620049
1942.93030608986	94.5792674472328
1943.41242279112	94.6168226252252
1943.89453949238	94.6700307459905
1944.37665619364	94.7274582678267
1944.85877289491	94.7782444920302
1945.34088959617	94.8158185317114
1945.82300629743	94.8390641729423
1946.3051229987	94.851377631619
1946.78723969996	94.8583779449172
1947.26935640122	94.86474285353
1947.75147310249	94.8726404846281
1948.23358980375	94.8808692708376
1948.71570650501	94.8863324557626
1949.19782320627	94.8860618872339
1949.67993990754	94.8791395578965
1950.1620566088	94.8672911029494
1950.64417331006	94.8539419349969
1951.12629001133	94.8421030465192
1951.60840671259	94.8330022368918
1952.09052341385	94.8253031693048
1952.57264011512	94.8164325174671
1953.05475681638	94.8040385716922
1953.53687351764	94.7878581956469
1954.0189902189	94.7699055601984
1954.50110692017	94.7539639587802
1954.98322362143	94.7433841128279
1955.46534032269	94.739305708579
1955.94745702396	94.7401092574934
1956.42957372522	94.7420827749262
1956.91169042648	94.7415749897529
1957.39380712775	94.7364309505424
1957.87592382901	94.7271530338085
1958.35804053027	94.7162894873584
1958.84015723153	94.7069163189964
1959.3222739328	94.7009408664686
1959.80439063406	94.6982681639793
1960.28650733532	94.6971680766101
1960.76862403659	94.6955694872334
1961.25074073785	94.6923239291829
1961.73285743911	94.6875656872126
1962.21497414038	94.6820036272948
1962.69709084164	94.6756702605148
1963.1792075429	94.6666854551133
1963.66132424416	94.6517859477891
1964.14344094543	94.6273089761124
1964.62555764669	94.5916560612397
1965.10767434795	94.5469385086616
1965.58979104922	94.4994978761253
1966.07190775048	94.4583225244594
1966.55402445174	94.4316129369249
1967.03614115301	94.4242891913012
1967.51825785427	94.4355321556441
1968.00037455553	94.4598002660858
1968.48249125679	94.4887143380275
1968.96460795806	94.5149957519119
1969.44672465932	94.5343298575763
1969.92884136058	94.5459236900513
1970.41095806185	94.5515794902037
1970.89307476311	94.5537745756591
1971.37519146437	94.5540489549771
1971.85730816564	94.5524455491198
1972.3394248669	94.548070697228
1972.82154156816	94.5404759540272
1973.30365826942	94.5303896358768
1973.78577497069	94.5198539459002
1974.26789167195	94.5110947262009
1974.75000837321	94.5054100962135
1975.23212507448	94.5023908479327
1975.71424177574	94.5001313494045
1976.196358477	94.4965020245458
1976.67847517826	94.490226251088
1977.16059187953	94.4819628242213
1977.64270858079	94.4737798106803
1978.12482528205	94.4681156273423
1978.60694198332	94.4660327381889
1979.08905868458	94.4667219947139
1979.57117538584	94.4676123640482
1980.05329208711	94.4659664768607
1980.53540878837	94.4602734124733
1981.01752548963	94.4511820371456
1981.49964219089	94.4412231223842
1981.98175889216	94.4335367808659
1982.46387559342	94.4300368489553
1982.94599229468	94.430343986416
1983.42810899595	94.431723540934
1983.91022569721	94.4305604372484
1984.39234239847	94.4241477903374
1984.87445909974	94.4117908832122
1985.356575801	94.3950362551881
1985.83869250226	94.3767218761079
1986.32080920352	94.3594960760036
1986.80292590479	94.3442511696062
1987.28504260605	94.3298417397886
1987.76715930731	94.3134698751947
1988.24927600858	94.2924487289672
1988.73139270984	94.2652626582433
1989.2135094111	94.232420525044
1989.69562611237	94.196300646292
1990.17774281363	94.1605154706711
1990.65985951489	94.1293652822446
1991.14197621615	94.1066248405961
1991.62409291742	94.0955154214062
1992.10620961868	94.0979301082986
1992.58832631994	94.1141773275142
1993.07044302121	94.1423695809327
1993.55255972247	94.1783175702035
1994.03467642373	94.2163978125236
1994.516793125	94.2500417658475
1994.99890982626	94.2739840298238
1995.48102652752	94.2856697648634
1995.96314322878	94.2859076030999
1996.44525993005	94.2785475072378
1996.92737663131	94.2686788774117
1997.40949333257	94.2610136533108
1997.89161003384	94.2576205604014
1998.3737267351	94.2577158477922
1998.85584343636	94.2583263687115
1999.33796013763	94.2565088015402
1999.82007683889	94.2507122851656
2000.30219354015	94.2416962834943
2000.78431024141	94.2318372123938
2001.26642694268	94.2237204355303
2001.74854364394	94.2186877366618
2002.2306603452	94.2160723782624
2002.71277704647	94.2136818281323
2003.19489374773	94.2092357825879
2003.67701044899	94.2016676074567
2004.15912715026	94.1918159565318
2004.64124385152	94.1818198579265
2005.12336055278	94.1737770212903
2005.60547725404	94.1684686256519
2006.08759395531	94.1649418385953
2006.56971065657	94.1610724169575
2007.05182735783	94.1548225147843
2007.5339440591	94.145694033618
2008.01606076036	94.134933734803
2008.49817746162	94.1251173984415
2008.98029416289	94.1183758108736
2009.46241086415	94.1152597637208
2009.94452756541	94.1142028485688
2010.42664426667	94.1123688731309
2010.90876096794	94.1070644389761
2011.3908776692	94.0971554240392
2011.87299437046	94.0834943277808
2012.35511107173	94.0680791781013
2012.83722777299	94.0526620744367
2013.31934447425	94.0372962233504
2013.80146117552	94.0200950076429
2014.28357787678	93.9983547979795
2014.76569457804	93.9703049618658
2015.2478112793	93.936931848722
2015.72992798057	93.902274066557
2016.21204468183	93.8722207146539
2016.69416138309	93.8525840203353
2017.17627808436	93.8461342429626
2017.65839478562	93.8519121223187
2018.14051148688	93.8654614134798
2018.62262818815	93.881352789713
2019.10474488941	93.8949724355088
2019.58686159067	93.9042929246252
2020.06897829193	93.90980714639
2020.5510949932	93.9132851244809
2021.03321169446	93.9161482026733
2021.51532839572	93.9183050664658
2021.99744509699	93.9184454095098
2022.47956179825	93.9150350082818
2022.96167849951	93.9077112444255
2023.44379520078	93.8978073882678
2023.92591190204	93.8880617629244
2024.4080286033	93.8810471081472
2024.89014530456	93.8779548400205
2025.37226200583	93.8778162564947
2025.85437870709	93.8780464262339
2026.33649540835	93.8759165909457
2026.81861210962	93.8701830432248
2027.30072881088	93.8617108192335
2027.78284551214	93.8530981377882
2028.2649622134	93.8468657471778
2028.74707891467	93.8442798821678
2029.22919561593	93.8443421566145
2029.71131231719	93.8445638227596
2030.19342901846	93.8421139164331
2030.67554571972	93.8357166800466
2031.15766242098	93.8262155791777
2031.63977912225	93.8161536142589
2032.12189582351	93.8082447029237
2032.60401252477	93.8036161140724
2033.08612922603	93.8013734691834
2033.5682459273	93.7989762064488
2034.05036262856	93.7939008316565
2034.53247932982	93.785073006167
2035.01459603109	93.7735921897944
2035.49671273235	93.7621920610216
2035.97882943361	93.753660613994
2036.46094613488	93.7490034757154
2036.94306283614	93.7466813698795
2037.4251795374	93.7432862095737
2037.90729623866	93.7354427483803
2038.38941293993	93.7214516419493
2038.87152964119	93.7025127610081
2039.35364634245	93.6819040152907
2039.83576304372	93.6638720852199
2040.31787974498	93.6513532398209
2040.79999644624	93.6447498221273
2041.28211314751	93.6421462686514
2041.76422984877	93.6405105622389
2042.24634655003	93.6377216477095
2042.72846325129	93.6333152059656
2043.21057995256	93.6285655033123
2043.69269665382	93.6250829900904
2044.17481335508	93.6236698733842
2044.65693005635	93.6233302578121
2045.13904675761	93.6217511770448
2045.62116345887	93.6165143301755
2046.10328016014	93.6066307475803
2046.5853968614	93.5933497160751
2047.06751356266	93.5796874016077
2047.54963026392	93.5687203489396
2048.03174696519	93.5622262712719
2048.51386366645	93.559541525436
2048.99598036771	93.5583055485585
2049.47809706898	93.5555657488053
2049.96021377024	93.5496227084395
2050.4423304715	93.5408013501981
2050.92444717277	93.5313454908188
2051.40656387403	93.5239198434354
2051.88868057529	93.5199959054788
2052.37079727655	93.5191627149706
2052.85291397782	93.519290112264
2053.33503067908	93.518144256859
2053.81714738034	93.5146088485087
2054.29926408161	93.5096026554071
2054.78138078287	93.5055529723233
2055.26349748413	93.5050047506682
2055.7456141854	93.5090551909302
2056.22773088666	93.5166019225413
2056.70984758792	93.5248020530157
2057.19196428918	93.5307461045981
2057.67408099045	93.5330479757888
2058.15619769171	93.5327465593596
2058.63831439297	93.5326182850928
2059.12043109424	93.5358501595909
2059.6025477955	93.5439363116183
2060.08466449676	93.5558883282222
2060.56678119803	93.5683768033608
2061.04889789929	93.5774280473856
2061.53101460055	93.5803868789442
2062.01313130181	93.5770837893991
2062.49524800308	93.5698939364142
2062.97736470434	93.562364144743
2063.4594814056	93.5578865817161
2063.94159810687	93.5580323515985
2064.42371480813	93.562659915888
2064.90583150939	93.5705375145681
2065.38794821066	93.5806049389545
2065.87006491192	93.5926704403993
2066.35218161318	93.6071842058021
2066.83429831444	93.6244901494845
2067.31641501571	93.6437786070742
2067.79853171697	93.6627451144584
2068.28064841823	93.6784194432769
2068.7627651195	93.6883649542935
2069.24488182076	93.692076468356
2069.72699852202	93.6912982693961
2070.20911522329	93.6894778626985
2070.69123192455	93.6898913796792
2071.17334862581	93.6941244766184
2071.65546532707	93.7013723800775
2072.13758202834	93.7089615137341
2072.6196987296	93.7140676701241
2073.10181543086	93.7150570270319
2073.58393213213	93.7126720757873
2074.06604883339	93.7093868469048
2074.54816553465	93.7082056236792
2075.03028223591	93.7107352546223
2075.51239893718	93.7166684788281
2075.99451563844	93.7239500603048
2076.4766323397	93.7303099031718
2076.95874904097	93.7345840781744
2077.44086574223	93.7374397829149
2077.92298244349	93.7409282075692
2078.40509914476	93.7471823447313
2078.88721584602	93.7568711919883
2079.36933254728	93.7686952014898
2079.85144924855	93.7797552900651
2080.33356594981	93.7872994349988
2080.81568265107	93.7902348912884
2081.29779935233	93.7897567980067
2081.7799160536	93.7886742179202
2082.26203275486	93.7898858668016
2082.74414945612	93.7948411603013
2083.22626615739	93.8026120948224
2083.70838285865	93.8105717506696
2084.19049955991	93.8156502778994
2084.67261626117	93.8163531324101
2085.15473296244	93.8133257409799
2085.6368496637	93.8090091973123
2086.11896636496	93.80599095353
2086.60108306623	93.8055082188447
2087.08319976749	93.8067475394968
2087.56531646875	93.8074353621394
2088.04743317002	93.8052338411631
2088.52954987128	93.7993828691562
2089.01166657254	93.7914807111716
2089.4937832738	93.7849103259695
2089.97589997507	93.7830758374712
2090.45801667633	93.7875810957095
2090.94013337759	93.7973981893739
2091.42225007886	93.8094985139746
2091.90436678012	93.8205540495167
2092.38648348138	93.8285189240447
2092.86860018265	93.8338496223539
2093.35071688391	93.8388609590115
2093.83283358517	93.8465352360502
2094.31495028643	93.8584667144451
2094.7970669877	93.874098025909
2095.27918368896	93.8908820260756
2095.76130039022	93.9060710473143
2096.24341709149	93.9180679481872
2096.72553379275	93.9274698747886
2097.20765049401	93.936539146738
2097.68976719528	93.947845439193
2098.17188389654	93.962636288726
2098.6540005978	93.9799478306266
2099.13611729906	93.9969682436346
2099.61823400033	94.0106236664357
2100.10035070159	94.0192381282838
2100.58246740285	94.0234022363321
2101.06458410412	94.0255653060275
2101.54670080538	94.02849696037
2102.02881750664	94.0337594672222
2102.51093420791	94.0408344737851
2102.99305090917	94.0475514681048
2103.47516761043	94.0514276030729
2103.95728431169	94.0514734473974
2104.43940101296	94.0487598476559
2104.92151771422	94.0462137658003
2105.40363441548	94.0467369463374
2105.88575111675	94.0518152736177
2106.36786781801	94.0604173310615
2106.84998451927	94.0698318993887
2107.33210122054	94.07687277102
2107.8142179218	94.079791632376
2108.29633462306	94.07917967344
2108.77845132432	94.0774754226272
2109.26056802559	94.0775795751644
2109.74268472685	94.0809608424647
2110.22480142811	94.0869132483318
2110.70691812938	94.0929343819332
2111.18903483064	94.0962532083668
2111.6711515319	94.0954665935119
2112.15326823317	94.0914911701842
2112.63538493443	94.087057906037
2113.11750163569	94.0852540361129
2113.59961833695	94.0877327197572
2114.08173503822	94.0938141810053
2114.56385173948	94.1007942807363
2115.04596844074	94.1057139450578
2115.52808514201	94.1067527089152
2116.01020184327	94.1044808836274
2116.49231854453	94.1012355324173
2116.9744352458	94.0998805833033
2117.45655194706	94.1020021186192
2117.93866864832	94.1069112462459
2118.42078534958	94.112116554152
2118.90290205085	94.1147182326409
2119.38501875211	94.1132249918495
2119.86713545337	94.1082325041875
2120.34925215464	94.1023110373187
2120.8313688559	94.0983269023129
2121.31348555716	94.0980395810165
2121.79560225843	94.1010250102425
2122.27771895969	94.1050488039553
2122.75983566095	94.1074707345775
2123.24195236221	94.1069279485309
2123.72406906348	94.1040751855917
2124.20618576474	94.1012970908717
2124.688302466	94.1009631373052
2125.17041916727	94.1041854884776
2125.65253586853	94.109761240686
2126.13465256979	94.1149229664827
2126.61676927106	94.1165306981189
2127.09888597232	94.1130750827643
2127.58100267358	94.1054103463171
2128.06311937484	94.0964313973771
2128.54523607611	94.0895319458034
2129.02735277737	94.0866686896936
2129.50946947863	94.0878162728364
2129.9915861799	94.0910945206656
2130.47370288116	94.0943387927015
2130.95581958242	94.0965632272651
2131.43793628368	94.0987698264628
2131.92005298495	94.1035146855229
2132.40216968621	94.1134405584542
2132.88428638747	94.1294823872703
2133.36640308874	94.1501059246074
2133.84851979	94.1718427453052
2134.33063649126	94.191136276375
2134.81275319253	94.2058671960739
2135.29486989379	94.2164896003755
2135.77698659505	94.225349211566
2136.25910329632	94.2354668156116
2136.74121999758	94.2485229819458
2137.22333669884	94.2639324847361
2137.7054534001	94.279183089791
2138.18757010137	94.2912871059368
2138.66968680263	94.2987192751004
2139.15180350389	94.3021469342614
2139.63392020516	94.3041928916898
2140.11603690642	94.3077273689382
2140.59815360768	94.3145678078667
2141.08027030894	94.3242440579862
2141.56238701021	94.3345125439275
2142.04450371147	94.3426592579105
2142.52662041273	94.3472408634687
2143.008737114	94.3489777342102
2143.49085381526	94.3503695736669
2143.97297051652	94.3540663985348
2144.45508721779	94.3614774224293
2144.93720391905	94.3717058364343
2145.41932062031	94.3823299740805
2145.90143732157	94.3905822881754
2146.38355402284	94.395187801787
2146.8656707241	94.3970058985673
2147.34778742536	94.39875246342
2147.82990412663	94.4032577862741
2148.31202082789	94.4117254257883
2148.79413752915	94.4230087819207
2149.27625423042	94.4340177810957
2149.75837093168	94.4416148079481
2150.24048763294	94.4440625562605
2150.7226043342	94.4422016953025
2151.20472103547	94.4387292044077
2151.68683773673	94.4369564599238
2152.16895443799	94.4386442690612
2152.65107113926	94.4432213708531
2153.13318784052	94.448116445903
2153.61530454178	94.450441916098
2154.09742124305	94.44871371063
2154.57953794431	94.443863224305
2155.06165464557	94.4386437357961
2155.54377134683	94.4363254064928
2156.0258880481	94.4386063263029
2156.50800474936	94.4448202836436
2156.99012145062	94.4521424660997
2157.47223815189	94.4572542575658
2157.95435485315	94.45817497358
2158.43647155441	94.4552849543244
2158.91858825568	94.4510329104487
2159.40070495694	94.4483452646381
2159.8828216582	94.4491340208473
2160.36493835946	94.4529808820011
2160.84705506073	94.4577272856894
2161.32917176199	94.460632667391
2161.81128846325	94.4602753074328
2162.29340516452	94.4573817205369
2162.77552186578	94.4544584992082
2163.25763856704	94.4542887259365
2163.73975526831	94.4583501010887
2164.22187196957	94.4658127454532
2164.70398867083	94.4740305320513
2165.18610537209	94.4799469801295
2165.66822207336	94.4818521644793
2166.15033877462	94.4802971185101
2166.63245547588	94.4777734229465
2167.11457217715	94.4770739676515
2167.59668887841	94.4796899274376
2168.07880557967	94.4849282685272
2168.56092228094	94.4902894570496
2169.0430389822	94.4931219964479
2169.52515568346	94.4919994583053
2170.00727238472	94.4879035479344
2170.48938908599	94.4835265937455
2170.97150578725	94.481939477148
2171.45362248851	94.4845130486444
2171.93573918978	94.4903305232475
2172.41785589104	94.4964385406307
2172.8999725923	94.4997259132847
2173.38208929357	94.4985174096724
2173.86420599483	94.4935832505252
2174.34632269609	94.4876780110444
2174.82843939735	94.4840810668662
2175.31055609862	94.4846416509636
2175.79267279988	94.488834377569
2176.27478950114	94.4940127601567
2176.75690620241	94.4971707489927
2177.23902290367	94.4967435459779
2177.72113960493	94.4935317523527
2178.2032563062	94.4902783242252
2178.68537300746	94.4901241218872
2179.16748970872	94.4949021815851
2179.64960640998	94.5039168116835
2180.13172311125	94.5144509971526
2180.61383981251	94.5230146808589
2181.09595651377	94.5275797271344
2181.57807321504	94.5284043997209
2182.0601899163	94.5279017119111
2182.54230661756	94.5290017056791
2183.02442331883	94.5334949455631
2183.50654002009	94.5410018495966
2183.98865672135	94.549272610462
2184.47077342261	94.5554469261187
2184.95289012388	94.5577748611712
2185.43500682514	94.5567217408175
2185.9171235264	94.5546090577808
2186.39924022767	94.5542006984487
2186.88135692893	94.5569842826549
2187.36347363019	94.5622691532895
2187.84559033146	94.5676211365829
2188.32770703272	94.5703246777709
2188.80982373398	94.5688625355923
2189.29194043524	94.5640217111281
2189.77405713651	94.558267953647
2190.25617383777	94.5546271197955
2190.73829053903	94.5546665131169
2191.2204072403	94.5577892988298
2191.70252394156	94.5614321456105
2192.18464064282	94.5629222072928
2192.66675734408	94.5608695304135
2193.14887404535	94.5562464271565
2193.63099074661	94.55179806311
2194.11310744787	94.5506438115655
2194.59522414914	94.5545368219106
2195.0773408504	94.562843871718
2195.55945755166	94.5729156926332
2196.04157425293	94.581558687836
2196.52369095419	94.5870250115514
2197.00580765545	94.5897448212588
2197.48792435671	94.5921161851332
2197.97004105798	94.5969426541267
2198.45215775924	94.6058554724336
2198.9342744605	94.6183263779746
2199.41639116177	94.6320186557108
2199.89850786303	94.6440479618637
2200.38062456429	94.6528440166885
2200.86274126556	94.658792099266
2201.34485796682	94.6640927090833
2201.82697466808	94.6710896216647
2202.30909136934	94.6809276990854
2202.79120807061	94.6925645757237
2203.27332477187	94.7035899448669
2203.75544147313	94.7114250418264
2204.2375581744	94.71510854212
2204.71967487566	94.7159686265787
2205.20179157692	94.7170386438243
2205.68390827819	94.7214626238712
2206.16602497945	94.7305711337304
2206.64814168071	94.7431812684882
2207.13025838197	94.756145864755
2207.61237508324	94.7661104517186
2208.0944917845	94.7712235698761
2208.57660848576	94.7722091170357
2209.05872518703	94.7717806915869
2209.54084188829	94.7730784539154
2210.02295858955	94.7777625213744
2210.50507529082	94.7851030347803
2210.98719199208	94.7923660695731
2211.46930869334	94.7967084423639
2211.9514253946	94.7967020556619
2212.43354209587	94.7936135856042
2212.91565879713	94.7905949825241
2213.39777549839	94.7913039014024
2213.87989219966	94.7978015760117
2214.36200890092	94.8093977417886
2214.84412560218	94.823088971273
2215.32624230345	94.8351010685601
2215.80835900471	94.8430013722455
2216.29047570597	94.8465267076954
2216.77259240723	94.8476838501062
2217.2547091085	94.8491116478364
2217.73682580976	94.8526042420654
2218.21894251102	94.8579446744644
2218.70105921229	94.8631860775094
2219.18317591355	94.8660245165841
2219.66529261481	94.8654416257557
2220.14740931608	94.8624510505532
2220.62952601734	94.8597860770381
2221.1116427186	94.8600765362497
2221.59375941986	94.8645863522785
2222.07587612113	94.8721557915419
2222.55799282239	94.8800074809318
2223.04010952365	94.8850225193076
2223.52222622492	94.885803087837
2224.00434292618	94.8833716069366
2224.48645962744	94.8807367551101
2224.96857632871	94.881150993422
2225.45069302997	94.8860691495991
2225.93280973123	94.8944740599892
2226.41492643249	94.9031979276415
2226.89704313376	94.9088010843865
2227.37915983502	94.9092504760093
2227.86127653628	94.905115486584
2228.34339323755	94.8992039368613
2228.82550993881	94.8950780230456
2229.30762664007	94.8949533384472
2229.78974334134	94.8986734048901
2230.2718600426	94.9040395618673
2230.75397674386	94.9083481901421
2231.23609344512	94.9099499582853
2231.71821014639	94.9093750290535
2232.20032684765	94.908728255507
2232.68244354891	94.910572126614
2233.16456025018	94.916019994562
2233.64667695144	94.9240014693905
2234.1287936527	94.9315518342586
2234.61091035397	94.9356205464633
2235.09302705523	94.934803319786
2235.57514375649	94.930135434968
2236.05726045775	94.9246698071415
2236.53937715902	94.9215672507537
2237.02149386028	94.9226825606166
2237.50361056154	94.9272696795826
2237.98572726281	94.9326058331892
2238.46784396407	94.9354456741058
2238.94996066533	94.9339995002477
2239.43207736659	94.928912116115
2239.91419406786	94.9228563280933
2240.39631076912	94.9187673961903
2240.87842747038	94.9181404771918
2241.36054417165	94.9200787940931
2241.84266087291	94.9218229008919
2242.32477757417	94.9201485744573
2242.80689427544	94.9133857654724
2243.2890109767	94.9022280773558
2243.77112767796	94.8895199260682
2244.25324437923	94.8784550574579
2244.73536108049	94.8706578212459
2245.21747778175	94.8653571273144
2245.69959448301	94.8596370424285
2246.18171118428	94.8503929118291
2246.66382788554	94.8358577202717
2247.1459445868	94.8169013479728
2247.62806128807	94.7963544582782
2248.11017798933	94.7778096789669
2248.59229469059	94.7633397256677
2249.07441139185	94.7526395314276
2249.55652809312	94.7432840767642
2250.03864479438	94.7323492651734
2250.52076149564	94.7181584791133
2251.00287819691	94.7012788976031
2251.48499489817	94.6839925860118
2251.96711159943	94.6689702201467
2252.4492283007	94.6572499898339
2252.93134500196	94.6476190888038
2253.41346170322	94.6368927355562
2253.89557840448	94.6217702873847
2254.37769510575	94.6006688148739
2254.85981180701	94.5747646598379
2255.34192850827	94.5474316256471
2255.82404520954	94.5223620587646
2256.3061619108	94.5019085185134
2256.78827861206	94.4855765889242
2257.27039531333	94.4707509460537
2257.75251201459	94.453992632119
2258.23462871585	94.4332605632308
2258.71674541711	94.4089034396412
2259.19886211838	94.3833317288922
2259.68097881964	94.3594918278609
2260.1630955209	94.3391350025427
2260.64521222217	94.3217323242127
2261.12732892343	94.3048859713389
2261.60944562469	94.2858704440412
2262.09156232596	94.26341963772
2262.57367902722	94.2386139234787
2263.05579572848	94.2145379857535
2263.53791242974	94.1943893778439
2264.02002913101	94.1797725346293
2264.50214583227	94.1697552423076
2264.98426253353	94.1613558542051
2265.4663792348	94.1514476303894
2265.94849593606	94.1383146862734
2266.43061263732	94.12301472871
2266.91272933859	94.1085952777035
2267.39484603985	94.0985945081103
2267.87696274111	94.094678178886
2268.35907944237	94.0959259621206
2268.84119614364	94.099059952992
2269.3233128449	94.1005394341178
2269.80542954616	94.098362671215
2270.28754624743	94.0932817343205
2270.76966294869	94.0883490808452
2271.25177964995	94.0873486359379
2271.73389635122	94.0926007415442
2272.21601305248	94.1037883471926
2272.69812975374	94.1181639713989
2273.180246455	94.1323331301926
2273.66236315627	94.1442685992097
2274.14447985753	94.1543443536209
2274.62659655879	94.1650795942031
2275.10871326006	94.1795502664156
2275.59082996132	94.199645065917
2276.07294666258	94.2247809691872
2276.55506336385	94.2523937138739
2277.03718006511	94.2792793918767
2277.51929676637	94.3038082857985
2278.00141346763	94.3267856839292
2278.4835301689	94.3512209334068
2278.96564687016	94.3803265154095
2279.44776357142	94.4158196526374
2279.92988027269	94.4563675177576
2280.41199697395	94.4980191638008
2280.89411367521	94.5352627522567
2281.37623037648	94.5630065860897
2281.85834707774	94.5781922193088
2282.340463779	94.5794598058534
2282.82258048026	94.5664246909467
2283.30469718153	94.5384860406277
2283.78681388279	94.4940142006195
2284.26893058405	94.4311648074506
2284.75104728532	94.3491117290433
2285.23316398658	94.2495610212719
2285.71528068784	94.1368241668854
2286.19739738911	94.0171396790536
2286.67951409037	93.8968022211281
2287.16163079163	93.7795983776982
2287.64374749289	93.6661059901457
2288.12586419416	93.5537931695659
2288.60798089542	93.4394073354704
2289.09009759668	93.3205474713925
2289.57221429795	93.1970771166081
2290.05433099921	93.070840430318
2290.53644770047	92.9440420390439
2291.01856440174	92.8178205117023
2291.500681103	92.6911209201738
2291.98279780426	92.5612472915928
2292.46491450552	92.4253151497288
2292.94703120679	92.2825318655592
2293.42914790805	92.1347451599824
2293.91126460931	91.9858621226461
2294.39338131058	91.8398789221381
2294.87549801184	91.6988049249122
2295.3576147131	91.5617498455267
2295.83973141436	91.425255136082
2296.32184811563	91.2849081643593
2296.80396481689	91.137867949887
2297.28608151815	90.9835969765274
2297.76819821942	90.8242362491149
2298.25031492068	90.6626526159096
2298.73243162194	90.5010936759413
2299.21454832321	90.3398182107467
2299.69666502447	90.1779748294364
2300.17878172573	90.0145357964728
2300.660898427	89.8496727488914
2301.14301512826	89.6848687809258
2301.62513182952	89.5213827039948
2302.10724853078	89.3584270274642
2302.58936523205	89.1914282683641
2303.07148193331	89.0115563432802
2303.55359863457	88.8084297962594
2304.03571533584	88.573420156345
2304.5178320371	88.3030407552396
2304.99994873836	88.0005136969529
2305.48206543962	87.6745646238592
2305.96418214089	87.3363811813578
2306.44629884215	86.9954690033092
2306.92841554341	86.6570860188585
2307.41053224468	86.3221034746374
2307.89264894594	85.9891634160756
2308.3747656472	85.6572642917547
2308.85688234847	85.3291710817526
2309.33899904973	85.0106655361799
2309.82111575099	84.7094480437138
2310.30323245225	84.4321147912064
2310.78534915352	84.1812577301014
2311.26746585478	83.9558418559945
2311.74958255604	83.7517989792152
2312.23169925731	83.5645938725863
2312.71381595857	83.3893676382399
2313.19593265983	83.2215486784854
2313.6780493611	83.0549469754502
2314.16016606236	82.8793540681581
2314.64228276362	82.6814364011613
2315.12439946488	82.446427994066
2315.60651616615	82.1616467118055
2316.08863286741	81.8207329174469
2316.57074956867	81.4250726114708
2317.05286626994	80.9836939754716
2317.5349829712	80.5079360448081
2318.01709967246	80.0098223843753
2318.49921637373	79.4983793430206
2318.98133307499	78.9791761321751
2319.46344977625	78.4567311698352
2319.94556647751	77.938851484516
2320.42768317878	77.4369639512998
2320.90979988004	76.9661269411094
2321.3919165813	76.5404072016214
2321.87403328257	76.1670793440953
2322.35614998383	75.8444852511506
2322.83826668509	75.561650388771
2323.32038338636	75.3034293448412
2323.80250008762	75.0539165545862
2324.28461678888	74.8031090479569
2324.76673349014	74.5468968959528
2325.24885019141	74.2847335303191
2325.73096689267	74.0164907098905
2326.21308359393	73.7395914820805
2326.6952002952	73.4500556128545
2327.17731699646	73.1451129416503
2327.65943369772	72.8270170476264
2328.14155039899	72.5057548995107
2328.62366710025	72.1961633868782
2329.10578380151	71.9159742997667
2329.58790050277	71.6790151071503
2330.07001720404	71.4911642925055
2330.5521339053	71.3497314878074
2331.03425060656	71.2464812280118
2331.51636730783	71.172086351868
2331.99848400909	71.1176708051697
2332.48060071035	71.0757361556105
2332.96271741162	71.0381394334263
2333.44483411288	70.9935020584673
2333.92695081414	70.9287431176479
2334.4090675154	70.8326112019538
2334.89118421667	70.7005770842386
2335.37330091793	70.5385874093476
2335.85541761919	70.3628284279679
2336.33753432046	70.1944657715697
2336.81965102172	70.0490468478236
2337.30176772298	69.9297294430813
2337.78388442425	69.8243580638879
2338.26600112551	69.711984549413
2338.74811782677	69.5717653994653
2339.23023452803	69.3957195072161
2339.7123512293	69.1939233059735
2340.19446793056	68.9939806015778
2340.67658463182	68.8301835655754
2341.15870133309	68.7294572716871
2341.64081803435	68.7057802906773
2342.12293473561	68.7589403309297
2342.60505143688	68.8853236436199
2343.08716813814	69.0920027001848
2343.5692848394	69.4047836485143
2344.05140154066	69.8642290825298
2344.53351824193	70.5106947054583
2345.01563494319	71.3537754945818
2345.49775164445	72.3566565968323
2345.97986834572	73.4339476963625
2346.46198504698	74.4804749786741
2346.94410174824	75.3905147999965
2347.42621844951	76.0801931297552
2347.90833515077	76.502682508263
2348.39045185203	76.6341594109061
2348.87256855329	76.4726164748958
2349.35468525456	76.0302583713299
2349.83680195582	75.3354331523369
2350.31891865708	74.4333441127875
2350.80103535835	73.3787454951724
2351.28315205961	72.2453397911026
2351.76526876087	71.104199012165
2352.24738546214	70.0084286584909
2352.7295021634	68.9839439696382
2353.21161886466	68.0248856342994
2353.69373556592	67.1093910104753
2354.17585226719	66.2134938489309
2354.65796896845	65.3315239435119
2355.14008566971	64.479564888416
2355.62220237098	63.6877240587472
2356.10431907224	62.9864844047123
2356.5864357735	62.3923060486581
2357.06855247477	61.9021353711951
2357.55066917603	61.5007411695474
2358.03278587729	61.1713939386665
2358.51490257855	60.9069853092285
2358.99701927982	60.7130399595382
2359.47913598108	60.6010856958453
2359.96125268234	60.5776032425129
2360.44336938361	60.6368395399376
2360.92548608487	60.7597023533439
2361.40760278613	60.9228291472715
2361.88971948739	61.1103304337874
2362.37183618866	61.3202466810383
2362.85395288992	61.5653750916289
2363.33606959118	61.8648408091326
2363.81818629245	62.2342711416361
2364.30030299371	62.6763860902464
2364.78241969497	63.180387435756
2365.26453639624	63.7281172896134
2365.7466530975	64.3040595296929
2366.22876979876	64.9011966731172
2366.71088650003	65.523498285362
2367.19300320129	66.178898772176
2367.67511990255	66.874185149768
2368.15723660381	67.6084188336037
2368.63935330508	68.3734776680334
2369.12147000634	69.1566062909756
2369.6035867076	69.9474361410736
2370.08570340887	70.7419047685919
2370.56782011013	71.54228896396
2371.04993681139	72.3545413522624
2371.53205351265	73.1812877013282
2372.01417021392	74.0198938448476
2372.49628691518	74.861602505265
2372.97840361644	75.6947714860777
2373.46052031771	76.5100373918273
2373.94263701897	77.3027872712159
2374.42475372023	78.0744758756345
2374.9068704215	78.8300127924146
2375.38898712276	79.5745512197927
2375.87110382402	80.3093542491433
2376.35322052528	81.0318121900902
2376.83533722655	81.7373101537118
2377.31745392781	82.4216520826768
2377.79957062907	83.0847758290017
2378.28168733034	83.7298128514412
2378.7638040316	84.3624974240025
2379.24592073286	84.987840925886
2379.72803743413	85.6072941311053
2380.21015413539	86.2185177861181
2380.69227083665	86.8152078549787
2381.17438753791	87.3905679490162
2381.65650423918	87.9382214516551
2382.13862094044	88.4549682003516
2382.6207376417	88.9390277692668
2383.10285434297	89.3888170002129
2383.58497104423	89.8018986465075
2384.06708774549	90.1740277115026
2384.54920444676	90.5002273099739
2385.03132114802	90.7767420947384
2385.51343784928	91.0027762820337
2385.99555455054	91.181491558203
2386.47767125181	91.3188687013188
2386.95978795307	91.4221966095711
2387.44190465433	91.497451812921
2387.9240213556	91.5478207914676
2388.40613805686	91.5742929787668
2388.88825475812	91.5769462408146
2389.37037145939	91.5568958237266
2389.85248816065	91.5175724687392
2390.33460486191	91.4642485107721
2390.81672156317	91.4023087838095
2391.29883826444	91.3356451474081
2391.7809549657	91.2653927358486
2392.26307166696	91.1902917253243
2392.74518836823	91.108240717815
2393.22730506949	91.0183617874126
2393.70942177075	90.9217779160581
2394.19153847202	90.8217303039963
2394.67365517328	90.7215112421022
2395.15577187454	90.6230074798941
2395.6378885758	90.5253407074563
2396.12000527707	90.4258983463903
2396.60212197833	90.3215817376658
2397.08423867959	90.2109395348655
2397.56635538086	90.095151427978
2398.04847208212	89.9773375989114
2398.53058878338	89.8610771524443
2399.01270548465	89.748056890087
2399.49482218591	89.6372466343148
2399.97693888717	89.5254304221505
2400.45905558843	89.4089677724499
2400.9411722897	89.2860158445581
2401.42328899096	89.1576026475246
2401.90540569222	89.0271314937582
2402.38752239349	88.8985186583675
2402.86963909475	88.7741908891208
2403.35175579601	88.6538227304982
2403.83387249728	88.5347109336203
2404.31598919854	88.4138460457867
2404.7981058998	88.2895124100549
2405.28022260106	88.1630303595496
2405.76233930233	88.0378391334402
2406.24445600359	87.918176787869
2406.72657270485	87.8065713177461
2407.20868940612	87.7030614931153
2407.69080610738	87.6053817596835
2408.17292280864	87.5108102142515
2408.65503950991	87.4183640089543
2409.13715621117	87.3296893901329
2409.61927291243	87.2490177999036
2410.10138961369	87.1809863210009
2410.58350631496	87.1290246087344
2411.06562301622	87.0938349185803
2411.54773971748	87.0737845753275
2412.02985641875	87.0666489690923
2412.51197312001	87.0715302082095
2412.99408982127	87.0898446619509
2413.47620652253	87.1248995091857
2413.9583232238	87.1799423284298
2414.44043992506	87.2563227493969
2414.92255662632	87.3522313831257
2415.40467332759	87.4634823212179
2415.88679002885	87.5849914773631
2416.36890673011	87.7129289893676
2416.85102343138	87.846065445074
2417.33314013264	87.9851740737317
2417.8152568339	88.1313851758734
2418.29737353516	88.2843543656139
2418.77949023643	88.4408775892378
2419.26160693769	88.5955518757738
2419.74372363895	88.742651868538
2420.22584034022	88.8777239129042
2420.70795704148	88.9990144344317
2421.19007374274	89.1070914939081
2421.67219044401	89.2033663273284
2422.15430714527	89.2883574150067
2422.63642384653	89.3610439521358
2423.11854054779	89.4195323890487
2423.60065724906	89.4631077159754
2424.08277395032	89.4941010534301
2424.56489065158	89.5188780035283
2425.04700735285	89.5459281250775
2425.52912405411	89.584175703613
2426.01124075537	89.639524384074
2426.49335745664	89.712922912578
2426.9754741579	89.8006319215301
2427.45759085916	89.8959942050099
2427.93970756042	89.9925228677744
2428.42182426169	90.0852158947896
2428.90394096295	90.171617687624
2429.38605766421	90.250807420662
2429.86817436548	90.321616337642
2430.35029106674	90.3817308408541
2430.832407768	90.427860342504
2431.31452446927	90.4568525796911
2431.79664117053	90.4675109093498
2432.27875787179	90.4613871399512
2432.76087457305	90.4424037624238
2433.24299127432	90.4148313224859
2433.72510797558	90.3815127523652
2434.20722467684	90.3427629131148
2434.68934137811	90.296685537624
2435.17145807937	90.2407029655869
2435.65357478063	90.1736597514151
2436.1356914819	90.0966611267641
2436.61780818316	90.0131069360646
2437.09992488442	89.926763629425
2437.58204158568	89.8397339227565
2438.06415828695	89.7516236496297
2438.54627498821	89.6596424853733
2439.02839168947	89.5608439838394
2439.51050839074	89.4537642640781
2439.992625092	89.3399217202444
2440.47474179326	89.2230493088194
2440.95685849453	89.1080476086404
2441.43897519579	88.9982217099724
2441.92109189705	88.8942760847095
2442.40320859831	88.794484775633
2442.88532529958	88.6961724498314
2443.36744200084	88.5978736979468
2443.8495587021	88.5004678721739
2444.33167540337	88.406841714508
2444.81379210463	88.3207320202389
2445.29590880589	88.2445570670053
2445.77802550716	88.1786476273932
2446.26014220842	88.1214335302035
2446.74225890968	88.0710607492917
2447.22437561094	88.0270399571104
2447.70649231221	87.9914198017129
2448.18860901347	87.9680971005962
2448.67072571473	87.9610054311661
2449.152842416	87.9725622573974
2449.63495911726	88.0023488370085
2450.11707581852	88.0478881299411
2450.59919251979	88.1060927201636
2451.08130922105	88.175394494024
2451.56342592231	88.2565481843156
2452.04554262357	88.3521148039092
2452.52765932484	88.4644619604421
2453.0097760261	88.5939445268083
2453.49189272736	88.7377060995011
2453.97400942863	88.890851038263
2454.45612612989	89.0477563073552
2454.93824283115	89.2046628117359
2455.42035953242	89.3609601564457
2455.90247623368	89.5186340469156
2456.38459293494	89.6806400783246
2456.8667096362	89.8484228212703
2457.34882633747	90.0208636918389
2457.83094303873	90.1944119536839
2458.31305973999	90.3650968834259
2458.79517644126	90.5299850007381
2459.27729314252	90.6889064263967
2459.75940984378	90.8440119737872
2460.24152654505	90.998348445212
2460.72364324631	91.153835046006
2461.20575994757	91.310032373639
2461.68787664883	91.4644209012003
2462.1699933501	91.6140979368431
2462.65211005136	91.7573809598177
2463.13422675262	91.8951217323392
2463.61634345389	92.0299767888134
2464.09846015515	92.1651590335058
2464.58057685641	92.3023418742138
2465.06269355768	92.4407647055401
2465.54481025894	92.5774110238288
2466.0269269602	92.7088360575239
2466.50904366146	92.8331955533868
2466.99116036273	92.9511645684918
2467.47327706399	93.0657418995672
2467.95539376525	93.1803142025095
2468.43751046652	93.2970648482581
2468.91962716778	93.4155887990276
2469.40174386904	93.5333609067975
2469.8838605703	93.6472431071998
2470.36597727157	93.7555051163093
2470.84809397283	93.8588546283892
2471.33021067409	93.9601783642352
2471.81232737536	94.062743491666
2472.29444407662	94.1684579545953
2472.77656077788	94.2766897495123
2473.25867747915	94.3847955855408
2473.74079418041	94.489487996699
2474.22291088167	94.5889242306844
2474.70502758294	94.6836439601906
2475.1871442842	94.7762788628334
2475.66926098546	94.8698758412542
2476.15137768672	94.9659215893206
2476.63349438799	95.0635161542392
2477.11561108925	95.1597050344219
2477.59772779051	95.2513861361081
2478.07984449178	95.3370017188546
2478.56196119304	95.4177998202916
2479.0440778943	95.4971405479414
2479.52619459556	95.5789795843723
2480.00831129683	95.6654726894168
2480.49042799809	95.7559713705905
2480.97254469935	95.8472951848848
2481.45466140062	95.9356853510851
2481.93677810188	96.0186519970425
2482.41889480314	96.0963882532498
2482.90101150441	96.1713639149001
2483.38312820567	96.2469473534801
2483.86524490693	96.325279207796
2484.34736160819	96.4060886123103
2484.82947830946	96.4869298857247
2485.31159501072	96.564770267519
2485.79371171198	96.6379447767639
2486.27582841325	96.7071381763977
2486.75794511451	96.7751289060075
2487.24006181577	96.8450331690757
2487.72217851704	96.9186501468876
2488.2042952183	96.9951495493719
2488.68641191956	97.0715868545951
2489.16852862082	97.1443040164174
2489.65064532209	97.2111416195012
2490.13276202335	97.2723804125777
2490.61487872461	97.3305216109055
2491.09699542588	97.388502338264
2491.57911212714	97.4480349406831
2492.0612288284	97.5084144612435
2492.54334552967	97.5671055323314
2493.02546223093	97.6211520216106
2493.50757893219	97.6692119486134
2493.98969563345	97.7124903175424
2494.47181233472	97.7543261112561
2494.95392903598	97.798399964383
2495.43604573724	97.8465914105175
2495.91816243851	97.8980728101216
2496.40027913977	97.9496567998974
2496.88239584103	97.9977861606392
2497.3645125423	98.040296463176
2497.84662924356	98.0778375242714
2498.32874594482	98.1133254384275
2498.81086264608	98.1503668940797
2499.29297934735	98.1909796733323
2499.77509604861	98.2345168094238
2500.25721274987	98.2779043985585
2500.73932945114	98.3176465462061
2501.2214461524	98.3516169487429
2501.70356285366	98.3805230211754
2502.18567955493	98.4073574985831
2502.66779625619	98.4359786567421
2503.14991295745	98.4688043196816
2503.63202965871	98.50560172518
2504.11414635998	98.5436542739538
2504.59626306124	98.5793867775802
2505.0783797625	98.6105271157858
2505.56049646377	98.6370751399809
2506.04261316503	98.6613019475037
2506.52472986629	98.6860259956189
2507.00684656756	98.7129807474182
2507.48896326882	98.7415661704863
2507.97107997008	98.7693072022493
2508.45319667134	98.7933941142544
2508.93531337261	98.8127221603371
2509.41743007387	98.8288031399263
2509.89954677513	98.8453141213078
2510.3816634764	98.866048916783
2510.86378017766	98.8930163551478
2511.34589687892	98.9250761307731
2511.82801358019	98.9586456499243
2512.31013028145	98.9892058211392
2512.79224698271	99.0138087813035
2513.27436368397	99.0324498077673
2513.75648038524	99.047838429493
2514.2385970865	99.0637411405742
2514.72071378776	99.0825989551994
2515.20283048903	99.1044947540858
2515.68494719029	99.1270602497409
2516.16706389155	99.147239879701
2516.64918059282	99.1629861010265
2517.13129729408	99.1748371649449
2517.61341399534	99.185502174299
2518.0955306966	99.1985279914855
2518.57764739787	99.2160775382629
2519.05976409913	99.2378146613693
2519.54188080039	99.2611375986577
2520.02399750166	99.2829052010374
2520.50611420292	99.3011788483765
2520.98823090418	99.3165488338496
2521.47034760545	99.3315689576263
2521.95246430671	99.349437700855
2522.43458100797	99.3717768180443
2522.91669770923	99.3975604972061
2523.3988144105	99.4233361202295
2523.88093111176	99.4451378667748
2524.36304781302	99.460709657708
2524.84516451429	99.4706372999114
2525.32728121555	99.4782518885506
2525.80939791681	99.4876324355532
2526.29151461807	99.5019001939229
2526.77363131934	99.5213619954974
2527.2557480206	99.5437557366778
2527.73786472186	99.5655429428332
2528.21998142313	99.5840977434919
2528.70209812439	99.5989845351607
2529.18421482565	99.6119616728506
2529.66633152692	99.6255404221964
2530.14844822818	99.6413075429201
2530.63056492944	99.6588095037179
2531.11268163071	99.6758374458659
2531.59479833197	99.6896778179788
2532.07691503323	99.6989929485986
2532.55903173449	99.7046513067982
2533.04114843576	99.7095177378454
2533.52326513702	99.7166992358192
2534.00538183828	99.7276525826668
2534.48749853955	99.7412608458094
2534.96961524081	99.754414672273
2535.45173194207	99.7638827831465
2535.93384864333	99.7681295505394
2536.4159653446	99.7686415109814
2536.89808204586	99.7691588847482
2537.38019874712	99.7741849517988
2537.86231544839	99.7862676041143
2538.34443214965	99.8048471957749
2538.82654885091	99.8263575187814
2539.30866555218	99.846252777825
2539.79078225344	99.8610427141505
2540.2728989547	99.8699425288527
2540.75501565597	99.8748629042231
2541.23713235723	99.8790393713704
2541.71924905849	99.8851117392601
2542.20136575975	99.8936081190731
2542.68348246102	99.903036275203
2543.16559916228	99.9111468006966
2543.64771586354	99.9166456097106
2544.12983256481	99.9202638352638
2544.61194926607	99.9244595824979
2545.09406596733	99.9318472722077
2545.57618266859	99.9436546309197
2546.05829936986	99.9585310984239
2546.54041607112	99.973261948637
2547.02253277238	99.9841509993244
2547.50464947365	99.9893168904589
2547.98676617491	99.9895357002972
2548.46888287617	99.9881126126354
2548.95099957744	99.9887858371982
2549.4331162787	99.9939550589303
2549.91523297996	100.003295248948
2550.39734968122	100.014121409086
2550.87946638249	100.02291877396
2551.36158308375	100.027422152899
2551.84369978501	100.027887339719
2552.32581648628	100.026904131296
2552.80793318754	100.027740767357
2553.2900498888	100.032430675005
2553.77216659007	100.040691931826
2554.25428329133	100.050115909813
2554.73639999259	100.057781087991
2555.21851669385	100.062013245317
2555.70063339512	100.063570755756
2556.18275009638	100.065150409303
2556.66486679764	100.069965069734
2557.14698349891	100.079496166549
2557.62910020017	100.092698299089
2558.11121690143	100.106202559309
2558.5933336027	100.116370422068
2559.07545030396	100.121096014804
2559.55756700522	100.121077929687
2560.03968370648	100.119383400768
2560.52180040775	100.119891897398
2561.00391710901	100.125059134314
2561.48603381027	100.134552751419
2561.96815051154	100.145607477932
2562.4502672128	100.154575207072
2562.93238391406	100.159132512872
2563.41450061533	100.159356794649
2563.89661731659	100.157579174355
2564.37873401785	100.156827907712
2564.86085071911	100.159061506568
2565.34296742038	100.163825679384
2565.82508412164	100.168704266139
2566.3072008229	100.170628804375
2566.78931752417	100.168129729743
2567.27143422543	100.162216711399
2567.75355092669	100.156196580818
2568.23566762796	100.153621527173
2568.71778432922	100.156714850913
2569.19990103048	100.164926793818
2569.68201773174	100.175464841867
2570.16413443301	100.184722897391
2570.64625113427	100.190346771989
2571.12836783553	100.192556734002
2571.6104845368	100.193793139227
2572.09260123806	100.19714114757
2572.57471793932	100.204315820237
2573.05683464059	100.214609381423
2573.53895134185	100.225267309681
2574.02106804311	100.233182513064
2574.50318474437	100.236617519785
2574.98530144564	100.236401555961
2575.4674181469	100.235498529041
2575.94953484816	100.237431907481
2576.43165154943	100.244037926765
2576.91376825069	100.254519424145
2577.39588495195	100.265640660762
2577.87800165322	100.273858008216
2578.36011835448	100.277054252337
2578.84223505574	100.275969208121
2579.324351757	100.27357225163
2579.80646845827	100.273762196145
2580.28858515953	100.279030808561
2580.77070186079	100.289192738709
2581.25281856206	100.301621499279
2581.73493526332	100.312744899037
2582.21705196458	100.32025553337
2582.69916866585	100.324002500744
2583.18128536711	100.325935395045
2583.66340206837	100.328477020213
2584.14551876963	100.332854813545
2584.6276354709	100.338109255782
2585.10975217216	100.341586732599
2585.59186887342	100.340465581829
2586.07398557469	100.333718857775
2586.55610227595	100.323040762704
2587.03821897721	100.312286751892
2587.52033567848	100.305276858732
2588.00245237974	100.304020992118
2588.484569081	100.307348982983
2588.96668578226	100.311855896001
2589.44880248353	100.313465275387
2589.93091918479	100.309890971344
2590.41303588605	100.301906954389
2590.89515258732	100.292898092274
2591.37726928858	100.287094506382
2591.85938598984	100.287036857946
2592.3415026911	100.292466690729
2592.82361939237	100.300331347904
2593.30573609363	100.30683359121
2593.78785279489	100.3091923996
2594.26996949616	100.307328311637
2594.75208619742	100.303553092635
2595.23420289868	100.301082049261
2595.71631959995	100.301948788568
2596.19843630121	100.305827400763
2596.68055300247	100.310200248033
2597.16266970373	100.31216701442
2597.644786405	100.310071876928
2598.12690310626	100.30488113249
2598.60901980752	100.299488947637
2599.09113650879	100.297296462838
2599.57325321005	100.299942593521
2600.05536991131	100.306402209086
2600.53748661258	100.313265770028
2601.01960331384	100.316671460686
2601.5017200151	100.314596259299
2601.98383671636	100.307793175305
2602.46595341763	100.299631643576
2602.94807011889	100.293961979546
2603.43018682015	100.293233302015
2603.91230352142	100.296912971131
2604.39442022268	100.301890563913
2604.87653692394	100.304139036905
2605.35865362521	100.301140138875
2605.84077032647	100.29312831357
2606.32288702773	100.282895813327
2606.80500372899	100.274042470288
2607.28712043026	100.269025335964
2607.76923713152	100.267704606991
2608.25135383278	100.267723195728
2608.73347053405	100.265842598572
2609.21558723531	100.260236389856
2609.69770393657	100.251594879242
2610.17982063784	100.242897691043
2610.6619373391	100.237693498488
2611.14405404036	100.237807852325
2611.62617074162	100.242412518973
2612.10828744289	100.248159411576
2612.59040414415	100.251182439066
2613.07252084541	100.248861388901
2613.55463754668	100.241584342778
2614.03675424794	100.232261452744
2614.5188709492	100.224906692055
2615.00098765047	100.222212499758
2615.48310435173	100.22426100256
2615.96522105299	100.228680801741
2616.44733775425	100.232292100814
2616.92945445552	100.232900925886
2617.41157115678	100.230707085714
2617.89368785804	100.22786250267
2618.37580455931	100.227233031497
2618.85792126057	100.230237308743
2619.34003796183	100.23580927975
2619.8221546631	100.240568644217
2620.30427136436	100.240726187358
2620.78638806562	100.234205227061
2621.26850476688	100.221730714636
2621.75062146815	100.206680749747
2622.23273816941	100.193063199051
2622.71485487067	100.183905127017
2623.19697157194	100.179473668943
2623.6790882732	100.177659358047
2624.16120497446	100.175260109042
2624.64332167573	100.170326714708
2625.12543837699	100.163177323329
2625.60755507825	100.15632554371
2626.08967177951	100.152758223801
2626.57178848078	100.154124598995
2627.05390518204	100.159567363482
2627.5360218833	100.166127464839
2628.01813858457	100.170121622126
2628.50025528583	100.169300363804
2628.98237198709	100.163948306612
2629.46448868836	100.156740903601
2629.94660538962	100.151067524871
2630.42872209088	100.148985652896
2630.91083879214	100.150154231087
2631.39295549341	100.15213762498
2631.87507219467	100.152036417082
2632.35718889593	100.148170262051
2632.8393055972	100.14136907294
2633.32142229846	100.134343538124
2633.80353899972	100.13039017056
2634.28565570098	100.131124794628
2634.76777240225	100.135602347641
2635.24988910351	100.140651891167
2635.73200580477	100.142792666163
2636.21412250604	100.140092486989
2636.6962392073	100.133338011606
2637.17835590856	100.125425776876
2637.66047260983	100.119724630924
2638.14258931109	100.118010461223
2638.62470601235	100.119289823376
2639.10682271362	100.120197790407
2639.58893941488	100.11691498699
2640.07105611614	100.107329481622
2640.5531728174	100.092205664031
2641.03528951867	100.074817139777
2641.51740621993	100.058979469348
2641.99952292119	100.047251114868
2642.48163962246	100.039293343361
2642.96375632372	100.032534362173
2643.44587302498	100.023595876895
2643.92798972624	100.010681913972
2644.41010642751	99.9945351148657
2644.89222312877	99.9783725164835
2645.37433983003	99.9657518818162
2645.8564565313	99.9587393558971
2646.33857323256	99.9565207633793
2646.82068993382	99.9558887876594
2647.30280663509	99.952892748177
2647.78492333635	99.9450882266107
2648.26704003761	99.9328744902759
2648.74915673887	99.9192661790806
2649.23127344014	99.9080396279971
2649.7133901414	99.9015868333224
2650.19550684266	99.8996660639138
2650.67762354393	99.8994919293259
2651.15974024519	99.8974429798068
2651.64185694645	99.8909281916408
2652.12397364772	99.8798499384114
2652.60609034898	99.8662852941037
2653.08820705024	99.8531597337735
2653.5703237515	99.842052120398
2654.05244045277	99.8323877527142
2654.53455715403	99.8215802442819
2655.01667385529	99.8068882480083
2655.49879055656	99.7871503455863
2655.98090725782	99.7638442625801
2656.46302395908	99.7404883255088
2656.94514066035	99.7210142767916
2657.42725736161	99.7075329723976
2657.90937406287	99.6991257765307
2658.39149076413	99.6924040316986
2658.8736074654	99.6833217298737
2659.35572416666	99.6695472783174
2659.83784086792	99.6515598370548
2660.31995756919	99.6323314874716
2660.80207427045	99.6155271659687
2661.28419097171	99.6035277593291
2661.76630767298	99.5959199983794
2662.24842437424	99.5898609265803
2662.7305410755	99.5817152917443
2663.21265777676	99.569328547508
2663.69477447803	99.5531425785157
2664.17689117929	99.5360413814285
2664.65900788055	99.5212945254731
2665.14112458182	99.5108785215304
2665.62324128308	99.5039684031393
2666.10535798434	99.4975125110252
2666.58747468561	99.4877413387126
2667.06959138687	99.4723539358932
2667.55170808813	99.4519211109807
2668.03382478939	99.4295128078794
2668.51594149066	99.4089773707472
2668.99805819192	99.3925321484385
2669.48017489318	99.3798315652044
2669.96229159445	99.3679680301785
2670.44440829571	99.3533811084149
2670.92652499697	99.3337115137898
2671.40864169824	99.3092647811137
2671.8907583995	99.282801654322
2672.37287510076	99.2580179168134
2672.85499180202	99.2372314288404
2673.33710850329	99.2202804779667
2673.81922520455	99.2044910849268
2674.30134190581	99.1866287606298
2674.78345860708	99.164540989748
2675.26557530834	99.138595375208
2675.7476920096	99.1111663748437
2676.22980871087	99.0854835634745
2676.71192541213	99.0634653642919
2677.19404211339	99.0446279500685
2677.67615881465	99.0263944428027
2678.15827551592	99.00560877144
2678.64039221718	98.9807117073095
2679.12250891844	98.9525787257771
2679.60462561971	98.9242380015108
2680.08674232097	98.8990614394769
2680.56885902223	98.8789461890444
2681.0509757235	98.8631565658712
2681.53309242476	98.8487482502657
2682.01520912602	98.8320839057223
2682.49732582728	98.8109831756118
2682.97944252855	98.7858430824792
2683.46155922981	98.7592818248847
2683.94367593107	98.7343117702686
2684.42579263234	98.712665824391
2684.9079093336	98.6934970182952
2685.39002603486	98.6741830036969
2685.87214273613	98.6516831925329
2686.35425943739	98.6246407052013
2686.83637613865	98.5943184188523
2687.31849283991	98.5640151619462
2687.80060954118	98.537335239455
2688.28272624244	98.5159223141501
2688.7648429437	98.4986145096341
2689.24695964497	98.4818328696761
2689.72907634623	98.4618414305608
2690.21119304749	98.4364769424804
2690.69330974875	98.4065852345926
2691.17542645002	98.3753687526086
2691.65754315128	98.3465926055312
2692.13965985254	98.3223086236322
2692.62177655381	98.3016897690529
2693.10389325507	98.2813749532178
2693.58600995633	98.2576654014526
2694.0681266576	98.2283473073539
2694.55024335886	98.1943236873516
2695.03236006012	98.1588941472755
2695.51447676139	98.126266162377
2695.99659346265	98.0990419502736
2696.47871016391	98.0770743981666
2696.96082686517	98.0576227957919
2697.44294356644	98.0370969706452
2697.9250602677	98.0133587399153
2698.40717696896	97.9866369029674
2698.88929367023	97.9595480264113
2699.37141037149	97.9351458428508
2699.85352707275	97.9151718896937
2700.33564377401	97.8987178933625
2700.81776047528	97.8826566927261
2701.29987717654	97.8632941340307
2701.7819938778	97.8385864481724
2702.26411057907	97.8091903830962
2702.74622728033	97.7780841610219
2703.22834398159	97.748785416493
2703.71046068286	97.723458367171
2704.19257738412	97.7016652863506
2704.67469408538	97.6809624300066
2705.15681078665	97.658302332149
2705.63892748791	97.6323108064996
2706.12104418917	97.6041344836397
2706.60316089043	97.5770555508978
2707.0852775917	97.5544324372394
2707.56739429296	97.5377297283676
2708.04951099422	97.5254419551195
2708.53162769549	97.5136585954454
2709.01374439675	97.498262638745
2709.49586109801	97.4767170159227
2709.97797779927	97.4497515520881
2710.46009450054	97.4206167324123
2710.9422112018	97.3934638793774
2711.42432790306	97.3708123698058
2711.90644460433	97.3523130252079
2712.38856130559	97.3351194452247
2712.87067800685	97.3157702840849
2713.35279470812	97.2921313123433
2713.83491140938	97.264675951072
2714.31702811064	97.2361490143932
2714.7991448119	97.2099612455806
2715.28126151317	97.1880224793812
2715.76337821443	97.1696378458963
2716.24549491569	97.1517408210731
2716.72761161696	97.1308314236232
2717.20972831822	97.1050008513215
2717.69184501948	97.0748817548029
2718.17396172075	97.0433264850673
2718.65607842201	97.013358065179
2719.13819512327	96.9866246792107
2719.62031182453	96.9620663500215
2720.1024285258	96.936719434135
2720.58454522706	96.9072925075408
2721.06666192832	96.8726429445445
2721.54877862959	96.8345064011913
2722.03089533085	96.7970057077897
2722.51301203211	96.7642660485364
2722.99512873338	96.7383224412288
2723.47724543464	96.7179209360247
2723.9593621359	96.6992386570158
2724.44147883716	96.6776492068342
2724.92359553843	96.6503200662251
2725.40571223969	96.6174441233757
2725.88782894095	96.5820141994202
2726.36994564222	96.5477919664973
2726.85206234348	96.5169682590093
2727.33417904474	96.4889481084839
2727.81629574601	96.4608236613178
2728.29841244727	96.4292944305048
2728.78052914853	96.3926448910878
2729.26264584979	96.3522123770004
2729.74476255106	96.3115823482111
2730.22687925232	96.2751077352415
2730.70899595358	96.2451323179982
2731.19111265485	96.2209117569805
2731.67322935611	96.1989103408106
2732.15534605737	96.1749395696714
2732.63746275864	96.1463638134921
2733.1195794599	96.1135660894004
2733.60169616116	96.0795192914885
2734.08381286242	96.0480675953624
2734.56592956369	96.0217175612865
2735.04804626495	96.0001318779089
2735.53016296621	95.9804263437647
2736.01227966748	95.9589703439304
2736.49439636874	95.9335772153697
2736.97651307	95.9047740865118
2737.45862977127	95.875509467889
2737.94074647253	95.8492635804283
2738.42286317379	95.8282613981183
2738.90497987505	95.8119006603638
2739.38709657632	95.7974543115994
2739.86921327758	95.781499923045
2740.35132997884	95.7622877277283
2740.83344668011	95.7406062867084
2741.31556338137	95.7195923311112
2741.79768008263	95.7025245924519
2742.2797967839	95.6909714283301
2742.76191348516	95.6835177848849
2743.24403018642	95.6764961091663
2743.72614688768	95.6658098866187
2744.20826358895	95.6492914460492
2744.69038029021	95.6279319127634
2745.17249699147	95.6054999468384
2745.65461369274	95.5863735846149
2746.136730394	95.5731914747943
2746.61884709526	95.5655982559191
2747.10096379653	95.5604692640679
2747.58308049779	95.5538912367547
2748.06519719905	95.5432281175215
2748.54731390031	95.5286879308482
2749.02943060158	95.5128858172826
2749.51154730284	95.4993279580441
2749.9936640041	95.4899317095527
2750.47578070537	95.4840877937831
2750.95789740663	95.4787983408072
2751.44001410789	95.4707409764126
2751.92213080916	95.4580286951052
2752.40424751042	95.4416633626681
2752.88636421168	95.4247545141617
2753.36848091294	95.4109283480974
2753.85059761421	95.4020134269098
2754.33271431547	95.396850118101
2754.81483101673	95.3918656978638
2755.296947718	95.3830320941351
2755.77906441926	95.3682883771005
2756.26118112052	95.3486341780468
2756.74329782178	95.3276319953305
2757.22541452305	95.3093585504223
2757.70753122431	95.2962828783468
2758.18964792557	95.2876842007549
2758.67176462684	95.28018310092
2759.1538813281	95.269601321081
2759.63599802936	95.2535765551474
2760.11811473063	95.2328354623058
2760.60023143189	95.2110752241053
2761.08234813315	95.1926409738174
2761.56446483442	95.1806427757574
2762.04658153568	95.1751780641026
2762.52869823694	95.1736919616132
2763.0108149382	95.1725374327162
2763.49293163947	95.1692488881945
2763.97504834073	95.1640821649517
2764.45716504199	95.1597418589207
2764.93928174326	95.1597325039713
2765.42139844452	95.1660264512757
2765.90351514578	95.1780522962686
2766.38563184704	95.1927795408046
2766.86774854831	95.2066223614037
2767.34986524957	95.2172573402332
2767.83198195083	95.2250798616651
2768.3140986521	95.2328186060004
2768.79621535336	95.2439707667189
2769.27833205462	95.2604744150674
2769.76044875589	95.2816528798772
2770.24256545715	95.3043871936406
2770.72468215841	95.3251861454419
2771.20679885967	95.3419855675601
2771.68891556094	95.3555685725853
2772.1710322622	95.3689555004135
2772.65314896346	95.3860159921368
2773.13526566473	95.4091606017523
2773.61738236599	95.4381096361834
2774.09949906725	95.4701986602856
2774.58161576852	95.5020058629693
2775.06373246978	95.531499860601
2775.54584917104	95.5589241036539
2776.0279658723	95.5865401168283
2776.51008257357	95.6168505517773
2776.99219927483	95.650888243808
2777.47431597609	95.6872057634751
2777.95643267736	95.7225984694314
2778.43854937862	95.7537518055251
2778.92066607988	95.7794344860134
2779.40278278115	95.8013007329122
2779.88489948241	95.8232760679872
2780.36701618367	95.8492009048205
2780.84913288493	95.8809664673544
2781.3312495862	95.9172671487741
2781.81336628746	95.9546086387122
2782.29548298872	95.9890672153638
2782.77759968999	96.0187426871786
2783.25971639125	96.0447991848885
2783.74183309251	96.0708077153877
2784.22394979378	96.1005819214818
2784.70606649504	96.1357137415504
2785.1881831963	96.1745795479889
2785.67029989756	96.2129976666303
2786.15241659883	96.2467363090732
2786.63453330009	96.2736704918433
2787.11665000135	96.2953919158405
2787.59876670262	96.3163708319015
2788.08088340388	96.3419528719205
2788.56300010514	96.375321693232
2789.04511680641	96.4160961819492
2789.52723350767	96.4604954771754
2790.00935020893	96.5037360793055
2790.49146691019	96.5422613183347
2790.97358361146	96.5755956119463
2791.45570031272	96.6060847530085
2791.93781701398	96.6372954768859
2792.41993371525	96.671560738956
2792.90205041651	96.7085767506382
2793.38416711777	96.7456068627512
2793.86628381904	96.779303501204
2794.3484005203	96.8080530583282
2794.83051722156	96.8331218784535
2795.31263392282	96.8583821784695
2795.79475062409	96.888118735423
2796.27686732535	96.9250363753839
2796.75898402661	96.9685167617197
2797.24110072788	97.0152085807768
2797.72321742914	97.0606719042387
2798.2053341304	97.1021297553197
2798.68745083167	97.1397675754366
2799.16956753293	97.1765955880001
2799.65168423419	97.2163786166949
2800.13380093545	97.2615030186934
2800.61591763672	97.3112921249247
2801.09803433798	97.3624092141004
2801.58015103924	97.4103436098813
2802.06226774051	97.4518855847419
2802.54438444177	97.486710202008
2803.02650114303	97.5172387863473
2803.5086178443	97.5470328548931
2803.99073454556	97.5785626579601
2804.47285124682	97.6120559098774
2804.95496794808	97.6455216623002
2805.43708464935	97.6764805134481
2805.91920135061	97.7037014379672
2806.40131805187	97.7285114754802
2806.88343475314	97.7541751683703
2807.3655514544	97.7843313838578
2807.84766815566	97.8206202376107
2808.32978485693	97.8616856585715
2808.81190155819	97.9035623282319
2809.29401825945	97.9419382728358
2809.77613496071	97.9741189442554
2810.25825166198	98.00046623493
2810.74036836324	98.0238616712848
2811.2224850645	98.0480217564909
2811.70460176577	98.0751162254246
2812.18671846703	98.1044997962291
2812.66883516829	98.1330665201124
2813.15095186955	98.1572409658104
2813.63306857082	98.1753009975591
2814.11518527208	98.1885125832927
2814.59730197334	98.2007564901801
2815.07941867461	98.2162636134323
2815.56153537587	98.2376946725986
2816.04365207713	98.2643807861218
2816.5257687784	98.2929227273799
2817.00788547966	98.3188245137638
2817.49000218092	98.3392733673217
2817.97211888218	98.3543777608358
2818.45423558345	98.367080532705
2818.93635228471	98.381146836731
2819.41846898597	98.3991340879091
2819.90058568724	98.4209667386297
2820.3827023885	98.4442859759104
2820.86481908976	98.466016046864
2821.34693579103	98.484609023762
2821.82905249229	98.501102075953
2822.31116919355	98.5187819687297
2822.79328589481	98.5411073132534
2823.27540259608	98.5693997824225
2823.75751929734	98.6016945661556
2824.2396359986	98.6333472605887
2824.72175269987	98.6593939086278
2825.20386940113	98.6766811244529
2825.68598610239	98.6857570516014
2826.16810280366	98.6902160848668
2826.65021950492	98.695049438813
2827.13233620618	98.7036186240875
2827.61445290744	98.7162127833071
2828.09656960871	98.7300284181085
2828.57868630997	98.7411341806436
2829.06080301123	98.7466735181799
2829.5429197125	98.7465554014044
2830.02503641376	98.7432865842538
2830.50715311502	98.7404273260158
2830.98926981629	98.7403727319399
2831.47138651755	98.7427969981502
2831.95350321881	98.7447768837961
2832.43561992007	98.7424521558439
2832.91773662134	98.7332409404617
2833.3998533226	98.7170827666491
2833.88197002386	98.696344453206
2834.36408672513	98.6740871211049
2834.84620342639	98.6521770650907
2835.32832012765	98.6300381805347
2835.81043682892	98.6050568703401
2836.29255353018	98.5741452806867
2836.77467023144	98.5360358830201
2837.2567869327	98.4921067105518
2837.73890363397	98.4461783898003
2838.22102033523	98.4020830514666
2838.70313703649	98.3616905459114
2839.18525373776	98.3234591487703
2839.66737043902	98.2830968727349
2840.14948714028	98.2354324190559
2840.63160384155	98.176941005313
2841.11372054281	98.1073689143776
2841.59583724407	98.029196091108
2842.07795394533	97.9460282101919
2842.5600706466	97.8598935832229
2843.04218734786	97.7699849313233
2843.52430404912	97.6728734760859
2844.00642075039	97.5643987881808
2844.48853745165	97.4421097954672
2844.97065415291	97.3069347569294
2845.45277085418	97.1629302539967
2845.93488755544	97.0160172085527
2846.4170042567	96.8709116595948
2846.89912095796	96.7302869692752
2847.38123765923	96.5945063410234
2847.86335436049	96.4631560095109
2848.34547106175	96.3367521662069
2848.82758776302	96.2184015639065
2849.30970446428	96.1127430698736
2849.79182116554	96.0246329720986
2850.27393786681	95.9568240834773
2850.75605456807	95.9086970985714
2851.23817126933	95.8770628783253
2851.72028797059	95.858072278184
2852.20240467186	95.8497351101309
2852.68452137312	95.8530146902598
2853.16663807438	95.871324433613
2853.64875477565	95.9083382516974
2854.13087147691	95.965739174718
2854.61298817817	96.0415968409126
2855.09510487944	96.1310629382012
2855.5772215807	96.2279822574618
2856.05933828196	96.3279524106865
2856.54145498322	96.4296041458689
2857.02357168449	96.5344664039848
2857.50568838575	96.6451390028557
2857.98780508701	96.762999582954
2858.46992178828	96.886643824639
2858.95203848954	97.0122928705627
2859.4341551908	97.135083024657
2859.91627189207	97.2514606208002
2860.39838859333	97.3604574406487
2860.88050529459	97.4634219975277
2861.36262199585	97.5624389230957
2861.84473869712	97.6583738541161
2862.32685539838	97.7497425841554
2862.80897209964	97.8332489210447
2863.29108880091	97.9057213141909
2863.77320550217	97.9659188709556
2864.25532220343	98.015772950095
2864.73743890469	98.0595626703185
2865.21955560596	98.1022356824325
2865.70167230722	98.1467059589903
2866.18378900848	98.1928140706128
2866.66590570975	98.2376227421252
2867.14802241101	98.2775442607219
2867.63013911227	98.3102738299997
2868.11225581354	98.3361616575689
2868.5943725148	98.3575939924235
2869.07648921606	98.377448040812
2869.55860591733	98.3969253884719
2870.04072261859	98.4147226878996
2870.52283931985	98.4277439479113
2871.00495602111	98.4332994145697
2871.48707272238	98.4314106219615
2871.96918942364	98.4257677754005
2872.4513061249	98.4226331793879
2872.93342282617	98.4279855319642
2873.41553952743	98.4451132465973
2873.89765622869	98.4727449262319
2874.37977292995	98.5058499859096
2874.86188963122	98.5376965059622
2875.34400633248	98.563366386828
2875.82612303374	98.5814612038105
2876.30823973501	98.5941892685172
2876.79035643627	98.6053249394001
2877.27247313753	98.6178993725979
2877.7545898388	98.632265189743
2878.23670654006	98.6462869582924
2878.71882324132	98.6567965094038
2879.20093994258	98.6619920404514
2879.68305664385	98.6627636739233
2880.16517334511	98.6626258105597
2880.64729004637	98.6657587866857
2881.12940674764	98.6745162951375
2881.6115234489	98.688156669969
2882.09364015016	98.7028818030659
2882.57575685143	98.7140120828666
2883.05787355269	98.717904580803
2883.53999025395	98.7139297111343
2884.02210695521	98.7042325519522
2884.50422365648	98.692205364993
2884.98634035774	98.6802259244656
2885.468457059	98.6683208117176
2885.95057376027	98.6542697391829
2886.43269046153	98.6352658953316
2886.91480716279	98.6098644760866
2887.39692386406	98.5791831516016
2887.87904056532	98.5462956014903
2888.36115726658	98.5147452880522
2888.84327396784	98.4861839287695
2889.32539066911	98.4595190036678
2889.80750737037	98.4312760251895
2890.28962407163	98.3977003922609
2890.7717407729	98.357154277385
2891.25385747416	98.3110468430128
2891.73597417542	98.2635375881512
2892.21809087669	98.2191000254625
2892.70020757795	98.1805681749236
2893.18232427921	98.1473470221597
2893.66444098047	98.1162926306451
2894.14655768174	98.0833665385227
2894.628674383	98.0463462270921
2895.11079108426	98.0060006137047
2895.59290778553	97.9655856753021
2896.07502448679	97.9287012935137
2896.55714118805	97.8969865841037
2897.03925788932	97.8686253804116
2897.52137459058	97.8392724439749
2898.00349129184	97.803794002522
2898.4856079931	97.7593154682953
2898.96772469437	97.7066373190177
2899.44984139563	97.649949678381
2899.93195809689	97.5944419612989
2900.41407479816	97.5435797491738
2900.89619149942	97.4975292318472
2901.37830820068	97.4531346915573
2901.86042490195	97.4061670116726
2902.34254160321	97.3533934271466
2902.82465830447	97.2948077104855
2903.30677500573	97.2331679757224
2903.788891707	97.1724286921201
2904.27100840826	97.1150054002255
2904.75312510952	97.0601961188759
2905.23524181079	97.0044159368124
2905.71735851205	96.9432131409076
2906.19947521331	96.8734892429427
2906.68159191458	96.7950968133462
2907.16370861584	96.7107867974007
2907.6458253171	96.6244012410964
2908.12794201836	96.5383334278345
2908.61005871963	96.451984149773
2909.09217542089	96.3616665494083
2909.57429212215	96.2627766966121
2910.05640882342	96.1522639467008
2910.53852552468	96.0300847199355
2911.02064222594	95.8994333152983
2911.50275892721	95.7645171883752
2911.98487562847	95.6289960251391
2912.46699232973	95.4937391180714
2912.94910903099	95.3571486646431
2913.43122573226	95.2163689182017
2913.91334243352	95.0700402057272
2914.39545913478	94.9193875162162
2914.87757583605	94.7683323225882
2915.35969253731	94.6215507133015
2915.84180923857	94.4823568808905
2916.32392593984	94.3515998343178
2916.8060426411	94.2276687370054
2917.28815934236	94.1081654030482
2917.77027604362	93.992193128489
2918.25239274489	93.8812602106023
2918.73450944615	93.7793522307986
2919.21662614741	93.6906852546334
2919.69874284868	93.6174465011857
2920.18085954994	93.558598390502
2920.6629762512	93.5106180284255
2921.14509295246	93.4696543073282
2921.62720965373	93.4337270706517
2922.10932635499	93.4043912058498
2922.59144305625	93.3858948493728
2923.07355975752	93.3834929825271
2923.55567645878	93.4002977056683
2924.03779316004	93.4359505887317
2924.51990986131	93.4867396504943
2925.00202656257	93.5479537851136
2925.48414326383	93.6160746660446
2925.9662599651	93.6905635572494
2926.44837666636	93.7736053116709
2926.93049336762	93.8684965498831
2927.41261006888	93.9770021216998
2927.89472677015	94.0981102863802
2928.37684347141	94.2280539737781
2928.85896017267	94.3618987949871
2929.34107687394	94.496428780037
2929.8231935752	94.6307276015658
2930.30531027646	94.7666359381391
2930.78742697772	94.9067159847983
2931.26954367899	95.0521291052578
2931.75166038025	95.2017146913655
2932.23377708151	95.3519378736609
2932.71589378278	95.4988953235571
2933.19801048404	95.6404755746826
2933.6801271853	95.7771161679525
2934.16224388657	95.9118188612811
2934.64436058783	96.0478073323326
2935.12647728909	96.1863911903691
2935.60859399035	96.3260924465264
2936.09071069162	96.4629810525902
2936.57282739288	96.5928246208298
2937.05494409414	96.7133613612416
2937.53706079541	96.825354960911
2938.01917749667	96.9324426413238
2938.50129419793	97.0386244482606
2938.9834108992	97.146033526713
2939.46552760046	97.2536554271743
2939.94764430172	97.3575622870412
2940.42976100298	97.4534809711443
2940.91187770425	97.5385550392319
2941.39399440551	97.6133445428474
2941.87611110677	97.6811223370344
2942.35822780804	97.746180265057
2942.8403445093	97.8112210103525
2943.32246121056	97.8760286527512
2943.80457791183	97.9377504088662
2944.28669461309	97.9929408669727
2944.76881131435	98.0395860797328
2945.25092801561	98.0785826015705
2945.73304471688	98.1131000782425
2946.21516141814	98.146837829532
2946.6972781194	98.1815317562821
2947.17939482067	98.2157605770198
2947.66151152193	98.2452594122153
2948.14362822319	98.2651511651575
2948.62574492446	98.2727508904864
2949.10786162572	98.2687304525446
2949.58997832698	98.2572516679319
2950.07209502824	98.2434146148846
2950.55421172951	98.2312821680842
2951.03632843077	98.2219016129459
2951.51844513203	98.2132569593517
2952.0005618333	98.2021554930102
2952.48267853456	98.1864464496753
2952.96479523582	98.1665248812283
2953.44691193709	98.145530929286
2953.92902863835	98.1271037605566
2954.41114533961	98.1138863877712
2954.89326204087	98.1056936617055
2955.37537874214	98.100071860815
2955.8574954434	98.0939451749429
2956.33961214466	98.0856146140293
2956.82172884593	98.0762763805188
2957.30384554719	98.0694348620411
2957.78596224845	98.0690939605144
2958.26807894972	98.0774809309171
2958.75019565098	98.0937268875502
2959.23231235224	98.1144223628878
2959.7144290535	98.135610199545
2960.19654575477	98.1548649706892
2960.67866245603	98.1729900910765
2961.16077915729	98.1932868998562
2961.64289585856	98.2199059852918
2962.12501255982	98.2551793426463
2962.60712926108	98.2982716489295
2963.08924596235	98.3454324405099
2963.57136266361	98.3922209317747
2964.05347936487	98.4356190404446
2964.53559606613	98.4757340863656
2965.0177127674	98.5154021134019
2965.49982946866	98.5586542933815
2965.98194616992	98.6082414710973
2966.46406287119	98.6641689905558
2966.94617957245	98.7238593245525
2967.42829627371	98.7838449722546
2967.91041297498	98.8419607141681
2968.39252967624	98.8984380287374
2968.8746463775	98.9556590163834
2969.35676307876	99.0162432364241
2969.83887978003	99.0812311873354
2970.32099648129	99.1487700722578
2970.80311318255	99.2149406603672
2971.28522988382	99.2754413602926
2971.76734658508	99.3281845191828
2972.24946328634	99.3744284829075
2972.73157998761	99.4182919973785
2973.21369668887	99.4643037388925
2973.69581339013	99.5151665920016
2974.17793009139	99.5700350090654
2974.66004679266	99.6250906430871
2975.14216349392	99.6752225130207
2975.62428019518	99.716752218249
2976.10639689645	99.749208962772
2976.58851359771	99.77526355994
2977.07063029897	99.7990300351117
2977.55274700023	99.8235762753821
2978.0348637015	99.8496985813698
2978.51698040276	99.8755426706223
2978.99909710402	99.8983696244433
2979.48121380529	99.916188042309
2979.96333050655	99.9292704709623
2980.44544720781	99.9399387736955
2980.92756390908	99.9510683949287
2981.40968061034	99.9642410869773
2981.8917973116	99.9786531029153
2982.37391401287	99.991529173572
2982.85603071413	100.000108760181
2983.33814741539	100.003178312588
2983.82026411665	100.002425039776
2984.30238081792	100.001331221253
2984.78449751918	100.00366483813
2985.26661422044	100.011302978253
2985.74873092171	100.023076766493
2986.23084762297	100.03548748489
2986.71296432423	100.044918539999
2987.19508102549	100.049792914316
2987.67719772676	100.05177578833
2988.15931442802	100.05488287105
2988.64143112928	100.063128859274
2989.12354783055	100.078432835602
2989.60566453181	100.098839653859
2990.08778123307	100.119567646772
2990.56989793434	100.134775394635
2991.0520146356	100.140797119786
2991.53413133686	100.137663210912
2992.01624803812	100.128808688372
2992.49836473939	100.119064379395
2992.98048144065	100.112101143062
2993.46259814191	100.108635341667
2993.94471484318	100.106590324674
2994.42683154444	100.102298635186
2994.9089482457	100.09315787007
2995.39106494697	100.078922461031
2995.87318164823	100.06169784523
2996.35529834949	100.044603452884
2996.83741505075	100.029327750639
2997.31953175202	100.015463268487
2997.80164845328	100.000416536644
2998.28376515454	99.9813872798588
2998.76588185581	99.9573382226314
2999.24799855707	99.9299798283906
2999.73011525833	99.903232174325
3000.2122319596	99.8817939211981
3000.69434866086	99.8681785892483
3001.17646536212	99.8620543442688
3001.65858206338	99.8601834845555
3002.14069876465	99.8586749438743
3002.62281546591	99.8549911979437
3003.10493216717	99.8490847090609
3003.58704886844	99.8432015577746
3004.0691655697	99.8400064745658
3004.55128227096	99.8405532227055
3005.03339897223	99.8434445686253
3005.51551567349	99.8450923946019
3005.99763237475	99.8420759763299
3006.47974907601	99.8331234280984
3006.96186577728	99.8200984462806
3007.44398247854	99.8073954419287
3007.9260991798	99.799197437914
3008.40821588107	99.7977580453102
3008.89033258233	99.8016250111426
3009.37244928359	99.806709550907
3009.85456598486	99.8083434092149
3010.33668268612	99.8040244775475
3010.81879938738	99.7946414109603
3011.30091608864	99.7841507227032
3011.78303278991	99.7766647409703
3012.26514949117	99.7743847863205
3012.74726619243	99.7756037229411
3013.2293828937	99.7757081725011
3013.71149959496	99.7692457740752
3014.19361629622	99.7527797393944
3014.67573299749	99.7270044525312
3015.15784969875	99.6962275652217
3015.63996640001	99.6663155278649
3016.12208310127	99.6417192343831
3016.60419980254	99.6235300046688
3017.0863165038	99.6094707813988
3017.56843320506	99.5955771702649
3018.05054990633	99.5785609374545
3018.53266660759	99.5581011026183
3019.01478330885	99.5365158197512
3019.49690001012	99.5178280657571
3019.97901671138	99.5048640128661
3020.46113341264	99.4979200684873
3020.9432501139	99.494593301427
3021.42536681517	99.491125703136
3021.90748351643	99.4845005508809
3022.38960021769	99.4737407925204
3022.87171691896	99.4600455360687
3023.35383362022	99.4457390552209
3023.83595032148	99.4322475790185
3024.31806702275	99.4192134258032
3024.80018372401	99.4049319956995
3025.28230042527	99.387532839763
3025.76441712653	99.3669658629409
3026.2465338278	99.3453598779955
3026.72865052906	99.3262836524113
3027.21076723032	99.3128011626647
3027.69288393159	99.3054369550013
3028.17500063285	99.3016792504592
3028.65711733411	99.296973085752
3029.13923403538	99.2869412152178
3029.62135073664	99.2702700976234
3030.1034674379	99.2492419118827
3030.58558413916	99.2292646016149
3031.06770084043	99.2154070635551
3031.54981754169	99.2100334306301
3032.03193424295	99.211107539629
3032.51405094422	99.2130506708869
3032.99616764548	99.2091789607531
3033.47828434674	99.1948785518404
3033.96040104801	99.1697545889639
3034.44251774927	99.1376433676194
3034.92463445053	99.1042504156406
3035.40675115179	99.0744791556467
3035.88886785306	99.0505957509888
3036.37098455432	99.0319127177456
3036.85310125558	99.016637817607
3037.33521795685	99.0035806219003
3037.81733465811	98.9936803118631
3038.29945135937	98.9895703138698
3038.78156806063	98.993530303477
3039.2636847619	99.0053969606024
3039.74580146316	99.0213598835758
3040.22791816442	99.0346583683488
3040.71003486569	99.0387906494959
3041.19215156695	99.0297346820264
3041.67426826821	99.0081441387772
3042.15638496948	98.9783188769368
3042.63850167074	98.9461671666385
3043.120618372	98.9160956540251
3043.60273507326	98.8884732163928
3044.08485177453	98.8602740501393
3044.56696847579	98.8268736826815
3045.04908517705	98.7854376608297
3045.53120187832	98.7370788913119
3046.01331857958	98.6866800196704
3046.49543528084	98.6410024664814
3046.97755198211	98.6057015213709
3047.45966868337	98.5825010014769
3047.94178538463	98.5689729866164
3048.42390208589	98.559481890991
3048.90601878716	98.5485062802116
3049.38813548842	98.5329491016262
3049.87025218968	98.5127658619422
3050.35236889095	98.4903534289537
3050.83448559221	98.4682417098175
3051.31660229347	98.4473129260425
3051.79871899474	98.4263931005012
3052.280835696	98.4027732231738
3052.76295239726	98.374432737397
3053.24506909852	98.3411908512612
3053.72718579979	98.3050638485272
3054.20930250105	98.2693310522663
3054.69141920231	98.2361615841576
3055.17353590358	98.2059424746647
3055.65565260484	98.176661059191
3056.1377693061	98.1455388869445
3056.61988600737	98.1108492092328
3057.10200270863	98.0730617393139
3057.58411940989	98.0351352104625
3058.06623611115	98.0009460628716
3058.54835281242	97.9732057460676
3059.03046951368	97.9523589593085
3059.51258621494	97.9360232427599
3059.99470291621	97.9208614115376
3060.47681961747	97.9039473903998
3060.95893631873	97.8844675642263
3061.44105302	97.8640750001754
3061.92316972126	97.8457358251431
3062.40528642252	97.83224358725
3062.88740312378	97.8249437187745
3063.36951982505	97.8232754735273
3063.85163652631	97.825587021992
3064.33375322757	97.8300108234974
3064.81586992884	97.8349302366865
3065.2979866301	97.8390017568379
3065.78010333136	97.8402857892494
3066.26222003263	97.8357048320183
3066.74433673389	97.8214212138135
3067.22645343515	97.7942381258963
3067.70857013641	97.7534384507041
3068.19068683768	97.7016503205656
3068.67280353894	97.6449879985685
3069.1549202402	97.5910074988207
3069.63703694147	97.5455531095226
3070.11915364273	97.5112749018509
3070.60127034399	97.4864431627685
3071.08338704526	97.4671884544768
3071.56550374652	97.4496048962782
3072.04762044778	97.4326900593038
3072.52973714904	97.4191954151718
3073.01185385031	97.4143073274448
3073.49397055157	97.4229441977154
3073.97608725283	97.4465519563757
3074.4582039541	97.4819929977462
3074.94032065536	97.5223307230243
3075.42243735662	97.5598082876866
3075.90455405789	97.5880953447725
3076.38667075915	97.6047664340352
3076.86878746041	97.6107267735849
3077.35090416167	97.6085850744201
3077.83302086294	97.6000771853633
3078.3151375642	97.585006326316
3078.79725426546	97.5619119942323
3079.27937096673	97.5297763998489
3079.76148766799	97.4904071738657
3080.24360436925	97.44895587478
3080.72572107052	97.4121392454754
3081.20783777178	97.3861315388371
3081.68995447304	97.3728003151256
3082.1720711743	97.3689510443052
3082.65418787557	97.3667754226572
3083.13630457683	97.357335713055
3083.61842127809	97.3347770816605
3084.10053797936	97.2979198012171
3084.58265468062	97.2511975374535
3085.06477138188	97.201637786576
3085.54688808314	97.156460780629
3086.02900478441	97.1199605039036
3086.51112148567	97.0923580814273
3086.99323818693	97.0711674435538
3087.4753548882	97.0528826850895
3087.95747158946	97.0346791509507
3088.43958829072	97.0148955277384
3088.92170499199	96.9922484473123
3089.40382169325	96.9647407217241
3089.88593839451	96.9294325826425
3090.36805509578	96.8832584443313
3090.85017179704	96.8250475461153
3091.3322884983	96.7569608178967
3091.81440519956	96.684461720062
3092.29652190083	96.6156054091149
3092.77863860209	96.5572257811725
3093.26075530335	96.512710648321
3093.74287200462	96.4807710081648
3094.22498870588	96.45671482712
3094.70710540714	96.435743263338
3095.1892221084	96.4152187366144
3095.67133880967	96.3967841143279
3096.15345551093	96.3847422884937
3096.63557221219	96.3834588523567
3097.11768891346	96.3937855516563
3097.59980561472	96.4112752192963
3098.08192231598	96.4268536576791
3098.56403901725	96.4307453944454
3099.04615571851	96.4157779677164
3099.52827241977	96.3807038302395
3100.01038912103	96.3300299475639
3100.4925058223	96.2720899602683
3100.97462252356	96.2155241925813
3101.45673922482	96.1652049206538
3101.93885592609	96.1223619031567
3102.42097262735	96.0850765592683
3102.90308932861	96.0513381691731
3103.38520602988	96.0213365269928
3103.86732273114	95.9977814211175
3104.3494394324	95.9846536892756
3104.83155613366	95.98459681603
3105.31367283493	95.9966089774964
3105.79578953619	96.0157344464324
3106.27790623745	96.0338210789895
3106.76002293872	96.043013409487
3107.24213963998	96.0378212554471
3107.72425634124	96.016406417403
3108.20637304251	95.9805836383925
3108.68848974377	95.9340925404846
3109.17060644503	95.8817247255826
3109.65272314629	95.8278094434744
3110.13483984756	95.7771739568861
3110.61695654882	95.7357842372737
3111.09907325008	95.7096950237474
3111.58118995135	95.7049529209877
3112.06330665261	95.7245913707809
3112.54542335387	95.7670295061918
3113.02754005514	95.8251097052194
3113.5096567564	95.8877625235308
3113.99177345766	95.943697877028
3114.47389015892	95.9839326637433
3114.95600686019	96.0053173482956
3115.43812356145	96.0104051922775
3115.92024026271	96.0055998059551
3116.40235696398	95.99733923757
3116.88447366524	95.9894260974738
3117.3665903665	95.9812524040279
3117.84870706777	95.9687983169472
3118.33082376903	95.9462814410045
3118.81294047029	95.9086169172892
3119.29505717155	95.8535509004437
3119.77717387282	95.7812997943556
3120.25929057408	95.6947024675165
3120.74140727534	95.5974659528669
3121.22352397661	95.4942902753312
3121.70564067787	95.3908914683564
3122.18775737913	95.2928438116767
3122.6698740804	95.2065565524505
3123.15199078166	95.1368625947728
3123.63410748292	95.085958815214
3124.11622418418	95.0527931365216
3124.59834088545	95.0328740426332
3125.08045758671	95.020505555518
3125.56257428797	95.0103188590762
3126.04469098924	94.999726900783
3126.5268076905	94.9891571951852
3127.00892439176	94.9805923812918
3127.49104109303	94.9752779383982
3127.97315779429	94.9718964923023
3128.45527449555	94.9656760094067
3128.93739119681	94.9506624224819
3129.41950789808	94.9217117103256
3129.90162459934	94.8775564214065
3130.3837413006	94.8218533572966
3130.86585800187	94.7619957549344
3131.34797470313	94.7066027570655
3131.83009140439	94.6615202513052
3132.31220810566	94.6288743801438
3132.79432480692	94.6070889688144
3133.27644150818	94.5929520275421
3133.75855820944	94.5843947305964
3134.24067491071	94.5819786429756
3134.72279161197	94.5884142267016
3135.20490831323	94.6065197717012
3135.6870250145	94.6361468054126
3136.16914171576	94.6727704158477
3136.65125841702	94.7074557888196
3137.13337511829	94.7302202873023
3137.61549181955	94.7327080134728
3138.09760852081	94.7110469967467
3138.57972522207	94.6666872759136
3139.06184192334	94.6054207662119
3139.5439586246	94.5344711328017
3140.02607532586	94.4600963501821
3140.50819202713	94.3865456882725
3140.99030872839	94.3161278122848
3141.47242542965	94.2505075069953
3141.95454213091	94.1913369609118
3142.43665883218	94.1407734258498
3142.91877553344	94.1000595224417
3143.4008922347	94.0686676143874
3143.88300893597	94.04386067733
3144.36512563723	94.021139879988
3144.84724233849	93.9960519588408
3145.32935903976	93.9662572732985
3145.81147574102	93.9326900662604
3146.29359244228	93.8998099432247
3146.77570914355	93.873355297517
3147.25782584481	93.8591155330372
3147.73994254607	93.8608106073831
3148.22205924733	93.8793339432449
3148.7041759486	93.9130649785229
3149.18629264986	93.9581904421352
3149.66840935112	94.0095878373748
3150.15052605239	94.0602331071476
3150.63264275365	94.1014911015141
3151.11475945491	94.1243297755861
3151.59687615617	94.1199478284242
3152.07899285744	94.0829144490988
3152.5611095587	94.0134752753034
3153.04322625996	93.9181979201452
3153.52534296123	93.8090038476673
3154.00745966249	93.6990122302482
3154.48957636375	93.59967592866
3154.97169306502	93.5167980720425
3155.45380976628	93.4495579033228
3155.93592646754	93.3927756961138
3156.4180431688	93.3402751100955
3156.90015987007	93.2881346509693
3157.38227657133	93.2367518509276
3157.86439327259	93.1894361558299
3158.34650997386	93.1505579589689
3158.82862667512	93.1220391763369
3159.31074337638	93.1021401891349
3159.79286007765	93.0859988881305
3160.27497677891	93.0677600873455
3160.75709348017	93.0438230764782
3161.23921018143	93.0136677600075
3161.7213268827	92.9797936004218
3162.20344358396	92.9456752525382
3162.68556028522	92.9133897953431
3163.16767698649	92.8826089255385
3163.64979368775	92.8509864744354
3164.13191038901	92.8161364368288
3164.61402709028	92.7780098467855
3165.09614379154	92.7392896979995
3165.5782604928	92.7047010934581
3166.06037719406	92.6783722841753
3166.54249389533	92.6613629223517
3167.02461059659	92.6507782135147
3167.50672729785	92.6409482825067
3167.98884399912	92.6256849269328
3168.47096070038	92.601475525198
3168.95307740164	92.5686800396036
3169.43519410291	92.5312808222907
3169.91731080417	92.4942076578814
3170.39942750543	92.4606068686277
3170.88154420669	92.430802548319
3171.36366090796	92.4021162705024
3171.84577760922	92.371454704447
3172.32789431048	92.3370055447969
3172.81001101175	92.2997959918593
3173.29212771301	92.2631161331995
3173.77424441427	92.2303636542893
3174.25636111554	92.2030366495865
3174.7384778168	92.1795625605799
3175.22059451806	92.1561805836939
3175.70271121932	92.1295933419098
3176.18482792059	92.0987008158674
3176.66694462185	92.0661208878153
3177.14906132311	92.0364370668634
3177.63117802438	92.0141613947135
3178.11329472564	92.000905607876
3178.5954114269	91.9940919376443
3179.07752812817	91.9878209077419
3179.55964482943	91.9758010327768
3180.04176153069	91.9542818386439
3180.52387823195	91.9235610818959
3181.00599493322	91.8873748163641
3181.48811163448	91.8503911659503
3181.97022833574	91.8161111938859
3182.45234503701	91.7846031676794
3182.93446173827	91.7535975524179
3183.41657843953	91.7201071085931
3183.8986951408	91.6832028750141
3184.38081184206	91.6452778234602
3184.86292854332	91.6110421749209
3185.34504524458	91.5850531651461
3185.82716194585	91.5689044778329
3186.30927864711	91.5597276998617
3186.79139534837	91.5515221537949
3187.27351204964	91.5370896336505
3187.7556287509	91.511796563442
3188.23774545216	91.4753867072809
3188.71986215343	91.4318025150854
3189.20197885469	91.3872150046048
3189.68409555595	91.3463329863301
3190.16621225721	91.3109304818154
3190.64832895848	91.2793771576106
3191.13044565974	91.248108142375
3191.612562361	91.2140656011634
3192.09467906227	91.1763012604589
3192.57679576353	91.136059625858
3193.05891246479	91.0956625804386
3193.54102916606	91.056123755033
3194.02314586732	91.0166446766588
3194.50526256858	90.9746526480409
3194.98737926984	90.9279584262985
3195.46949597111	90.8768098002025
3195.95161267237	90.8245435489525
3196.43372937363	90.7767104783951
3196.9158460749	90.7386802215247
3197.39796277616	90.7129220241244
3197.88007947742	90.6978222249684
3198.36219617869	90.68789454562
3198.84431287995	90.6766320467841
3199.32642958121	90.6594659681294
3199.80854628247	90.6352136882759
3200.29066298374	90.6064564953372
3200.772779685	90.5770687640212
3201.25489638626	90.550495294072
3201.73701308753	90.5274491043873
3202.21912978879	90.5062514292579
3202.70124649005	90.4843439435774
3203.18336319132	90.4601810390149
3203.66547989258	90.434369043584
3204.14759659384	90.4094586441037
3204.6297132951	90.3876889253673
3205.11182999637	90.369521100109
3205.59394669763	90.352268051881
3206.07606339889	90.3313992413386
3206.55818010016	90.3024932005827
3207.04029680142	90.2635878025352
3207.52241350268	90.2166728621463
3208.00453020394	90.1668352692121
3208.48664690521	90.1200427442707
3208.96876360647	90.080434931282
3209.45088030773	90.0487426201961
3209.932997009	90.0226910095895
3210.41511371026	89.9987275880764
3210.89723041152	89.9741380598349
3211.37934711279	89.9487927937712
3211.86146381405	89.9244082679345
3212.34358051531	89.9033920012914
3212.82569721658	89.8865116178263
3213.30781391784	89.8722601743539
3213.7899306191	89.8575495031479
3214.27204732036	89.8396196864033
3214.75416402163	89.8180510692586
3215.23628072289	89.7952868893517
3215.71839742415	89.7752497807531
3216.20051412542	89.7613347985838
3216.68263082668	89.7535669306767
3217.16474752794	89.7481990714458
3217.6468642292	89.7387364097248
3218.12898093047	89.7188883130258
3218.61109763173	89.6860288147053
3219.09321433299	89.6421861657791
3219.57533103426	89.5934498294005
3220.05744773552	89.5470195187846
3220.53956443678	89.508189953013
3221.02168113805	89.4782392871042
3221.50379783931	89.4545242800463
3221.98591454057	89.4325730159379
3222.46803124183	89.4092582939769
3222.9501479431	89.3841235603938
3223.43226464436	89.3597199791612
3223.91438134562	89.3392634603943
3224.39649804689	89.3245908795498
3224.87861474815	89.3146338661455
3225.36073144941	89.3057568757181
3225.84284815068	89.2937513325696
3226.32496485194	89.2763274487133
3226.8070815532	89.2547507520832
3227.28919825446	89.2339424338914
3227.77131495573	89.2203146728536
3228.25343165699	89.2190542831094
3228.73554835825	89.2328794019299
3229.21766505952	89.2610573909117
3229.69978176078	89.3006831395579
3230.18189846204	89.3476298967591
3230.66401516331	89.3976499265345
3231.14613186457	89.4460670449758
3231.62824856583	89.4865208892729
3232.11036526709	89.5112098816694
3232.59248196836	89.5116596637877
3233.07459866962	89.4809288338077
3233.55671537088	89.4173977165246
3234.03883207215	89.3261418040087
3234.52094877341	89.219576857506
3235.00306547467	89.1124152168778
3235.48518217594	89.0185568749861
3235.9672988772	88.9462164843106
3236.44941557846	88.8951997856132
3236.93153227972	88.8589165686587
3237.41364898099	88.8277872873617
3237.89576568225	88.7945408368733
3238.37788238351	88.7565890647051
3238.85999908478	88.7163604329685
3239.34211578604	88.6788565376972
3239.8242324873	88.6482101116698
3240.30634918857	88.6250431022506
3240.78846588983	88.6067302450309
3241.27058259109	88.5891626335938
3241.75269929235	88.5702121730911
3242.23481599362	88.5516633987452
3242.71693269488	88.5387856647712
3243.19904939614	88.5374280044987
3243.68116609741	88.5504683347328
3244.16328279867	88.5749613253572
3244.64539949993	88.6026069686694
3245.1275162012	88.6216281686804
3245.60963290246	88.6213480787062
3246.09174960372	88.59638108294
3246.57386630498	88.5474881221372
3247.05598300625	88.4812022214505
3247.53809970751	88.4057909470287
3248.02021640877	88.3296082022754
3248.50233311004	88.2579841752902
3248.9844498113	88.1934685615962
3249.46656651256	88.1376404522638
3249.94868321383	88.091837543645
3250.43079991509	88.058242642547
3250.91291661635	88.0388677063864
3251.39503331761	88.034119960379
3251.87715001888	88.0417079281343
3252.35926672014	88.0561113636307
3252.8413834214	88.0705861928188
3253.32350012267	88.0786202039241
3253.80561682393	88.0758656671422
3254.28773352519	88.0612029563673
3254.76985022646	88.0357981536331
3255.25196692772	88.0019258487419
3255.73408362898	87.961756024326
3256.21620033024	87.9168494040646
3256.69831703151	87.8689227110707
3257.18043373277	87.8200731734045
3257.66255043403	87.7735043193178
3258.1446671353	87.7328630814156
3258.62678383656	87.7004698670378
3259.10890053782	87.6767090132131
3259.59101723908	87.6592464194497
3260.07313394035	87.6442965860502
3260.55525064161	87.6282608684341
3261.03736734287	87.609514627088
3261.51948404414	87.5891649832497
3262.0016007454	87.5700636329357
3262.48371744666	87.5548388056907
3262.96583414793	87.5444060920888
3263.44795084919	87.5370207901866
3263.93006755045	87.5298524983278
3264.41218425171	87.5208484221071
3264.89430095298	87.5112818351539
3265.37641765424	87.5062710368586
3265.8585343555	87.5138224543574
3266.34065105677	87.5415565781922
3266.82276775803	87.5929786482678
3267.30488445929	87.6654250851792
3267.78700116056	87.7496013424216
3268.26911786182	87.8326196924548
3268.75123456308	87.9001388400705
3269.23335126434	87.9410371582388
3269.71546796561	87.9495531321637
3270.19758466687	87.9255086025731
3270.67970136813	87.8734187000304
3271.1618180694	87.8006483917453
3271.64393477066	87.7164087004353
3272.12605147192	87.6288715171203
3272.60816817319	87.5454138568894
3273.09028487445	87.4709494027225
3273.57240157571	87.4071958689056
3274.05451827697	87.3529085097217
3274.53663497824	87.3039106099513
3275.0187516795	87.2556783473203
3275.50086838076	87.2046187628474
3275.98298508203	87.1504053607964
3276.46510178329	87.0963862452981
3276.94721848455	87.0482274375568
3277.42933518582	87.0114978628062
3277.91145188708	86.988512115549
3278.39356858834	86.9772439996724
3278.8756852896	86.9719784505129
3279.35780199087	86.9658071594145
3279.83991869213	86.953418099752
3280.32203539339	86.9339046501316
3280.80415209466	86.910426459156
3281.28626879592	86.8887579835809
3281.76838549718	86.8734833536973
3282.25050219845	86.8659664241685
3282.73261889971	86.8635154866165
3283.21473560097	86.8610513532955
3283.69685230223	86.853695478667
3284.1789690035	86.8393827815975
3284.66108570476	86.8197453767982
3285.14320240602	86.7993134710284
3285.62531910729	86.7828275656615
3286.10743580855	86.7731671131097
3286.58955250981	86.7706241990062
3287.07166921108	86.7737393479732
3287.55378591234	86.7812997127298
3288.0359026136	86.7935722283229
3288.51801931486	86.8124478567528
3289.00013601613	86.8396308071068
3289.48225271739	86.8744116993945
3289.96436941865	86.9123038741809
3290.44648611992	86.9456095593039
3290.92860282118	86.9656645721528
3291.41071952244	86.9670282575638
3291.89283622371	86.9494110300462
3292.37495292497	86.9181944614469
3292.85706962623	86.8810997877726
3293.33918632749	86.8449038210427
3293.82130302876	86.8118265044699
3294.30341973002	86.778485786846
3294.78553643128	86.7380491211771
3295.26765313255	86.6840785638921
3295.74976983381	86.6145281572052
3296.23188653507	86.5335076061114
3296.71400323634	86.4495160682917
3297.1961199376	86.3720483783186
3297.67823663886	86.3080854479676
3298.16035334012	86.2595803697666
3298.64247004139	86.2246318178541
3299.12458674265	86.1998654730426
3299.60670344391	86.1843158559485
3300.08882014518	86.1807227766373
3300.57093684644	86.1950339993689
3301.0530535477	86.232771308176
3301.53517024897	86.2956409625146
3302.01728695023	86.378757585008
3302.49940365149	86.4718326186002
3302.98152035275	86.560988239558
3303.46363705402	86.632865543148
3303.94575375528	86.6789317228742
3304.42787045654	86.6954809562791
3304.90998715781	86.6834593815654
3305.39210385907	86.6459085194864
3305.87422056033	86.5866255023352
3306.35633726159	86.5089090444096
3306.83845396286	86.4160853361829
3307.32057066412	86.3132955853217
3307.80268736538	86.206764825003
3308.28480406665	86.1035920608253
3308.76692076791	86.0096575810759
3309.24903746917	85.9275563004994
3309.73115417044	85.8564941610462
3310.2132708717	85.7926610788523
3310.69538757296	85.7324326366099
3311.17750427423	85.6739019709583
3311.65962097549	85.6182785275351
3312.14173767675	85.5690487681227
3312.62385437801	85.5296650787663
3313.10597107928	85.5015676678161
3313.58808778054	85.4828852689977
3314.0702044818	85.4691844437685
3314.55232118307	85.4557333384927
3315.03443788433	85.4396657451207
3315.51655458559	85.4210075762132
3315.99867128685	85.4019803607618
3316.48078798812	85.3850233127082
3316.96290468938	85.3711019204018
3317.44502139064	85.3585170114046
3317.92713809191	85.3439821075922
3318.40925479317	85.3245262723098
3318.89137149443	85.2995165670378
3319.3734881957	85.271631790675
3319.85560489696	85.2459248393857
3320.33772159822	85.2273727046195
3320.81983829948	85.219132857541
3321.30195500075	85.2209918913556
3321.78407170201	85.2301608638486
3322.26618840327	85.2424440320573
3322.74830510454	85.2540164742238
3323.2304218058	85.2624338562232
3323.71253850706	85.2657494298413
3324.19465520833	85.2617168000567
3324.67677190959	85.2471837348234
3325.15888861085	85.2183042966719
3325.64100531211	85.172751864579
3326.12312201338	85.1113087294193
3326.60523871464	85.0395297051627
3327.0873554159	84.9660619895516
3327.56947211717	84.8998939469079
3328.05158881843	84.8477156989054
3328.53370551969	84.8104169814131
3329.01582222096	84.7838203923727
3329.49793892222	84.7603165184824
3329.98005562348	84.7332252441107
3330.46217232474	84.6994026539217
3330.94428902601	84.6602238612148
3331.42640572727	84.6200326231775
3331.90852242853	84.5838828187542
3332.3906391298	84.5545584827468
3332.87275583106	84.532193601836
3333.35487253232	84.5153451502219
3333.83698923359	84.5034569590348
3334.31910593485	84.4984115252296
3334.80122263611	84.5040912063729
3335.28333933737	84.5237859443272
3335.76545603864	84.5567791138187
3336.2475727399	84.5960664057382
3336.72968944116	84.6294205130605
3337.21180614243	84.643445091686
3337.69392284369	84.6279732060656
3338.17603954495	84.5812479248379
3338.65815624622	84.5104841354483
3339.14027294748	84.4301276292759
3339.62238964874	84.3546494664414
3340.10450635	84.294612081806
3340.58662305127	84.2524026616484
3341.06873975253	84.2229447738482
3341.55085645379	84.1968872498356
3342.03297315506	84.1650424074608
3342.51508985632	84.1227609993995
3342.99720655758	84.0700945611546
3343.47932325885	84.0108628748639
3343.96143996011	83.9499833094608
3344.44355666137	83.8917184242829
3344.92567336263	83.8392080906001
3345.4077900639	83.7956115831216
3345.88990676516	83.7652120685419
3346.37202346642	83.7532590665911
3346.85414016769	83.7636661539328
3347.33625686895	83.7962696410303
3347.81837357021	83.8444497600196
3348.30049027148	83.8952258059047
3348.78260697274	83.9314093866675
3349.264723674	83.938304676135
3349.74684037526	83.9073521906115
3350.22895707653	83.839629414674
3350.71107377779	83.7441857042751
3351.19319047905	83.635459984171
3351.67530718032	83.5273991151758
3352.15742388158	83.4288982536345
3352.63954058284	83.3438421048855
3353.12165728411	83.2712556304936
3353.60377398537	83.2091286812003
3354.08589068663	83.1562978159448
3354.56800738789	83.1137310778351
3355.05012408916	83.083495003452
3355.53224079042	83.066564491279
3356.01435749168	83.0613423330327
3356.49647419295	83.0637387160685
3356.97859089421	83.0679973896795
3357.46070759547	83.069315284579
3357.94282429674	83.0648230016226
3358.424940998	83.0536243372095
3358.90705769926	83.0359459856996
3359.38917440052	83.0116111887038
3359.87129110179	82.9799011041514
3360.35340780305	82.940234342357
3360.83552450431	82.8939403759288
3361.31764120558	82.8459341143033
3361.79975790684	82.8035430321382
3362.2818746081	82.7757178233715
3362.76399130937	82.7690561041549
3363.24610801063	82.7853229842177
3363.72822471189	82.8207813332737
3364.21034141315	82.8676105478889
3364.69245811442	82.9174544861291
3365.17457481568	82.9637800299284
3365.65669151694	83.0040042015821
3366.13880821821	83.0383817540117
3366.62092491947	83.0674553605146
3367.10304162073	83.0894158018958
3367.585158322	83.0990137996902
3368.06727502326	83.0884181475145
3368.54939172452	83.0510853851968
3369.03150842578	82.984418377939
3369.51362512705	82.8920107531319
3369.99574182831	82.7827752140635
3370.47785852957	82.6683250773881
3370.95997523084	82.5599054671621
3371.4420919321	82.4643417512427
3371.92420863336	82.3844846515012
3372.40632533462	82.3199983260587
3372.88844203589	82.2689743397896
3373.37055873715	82.2297895291472
3373.85267543841	82.2010627626326
3374.33479213968	82.1811047238215
3374.81690884094	82.1667736371577
3375.2990255422	82.1533892965721
3375.78114224347	82.1362365700809
3376.26325894473	82.1120446874151
3376.74537564599	82.0810018473592
3377.22749234726	82.0469085646843
3377.70960904852	82.0154826307496
3378.19172574978	81.9914476690482
3378.67384245104	81.9760958524072
3379.15595915231	81.9662890990216
3379.63807585357	81.9561881092505
3380.12019255483	81.9393035367878
3380.6023092561	81.9118494289941
3381.08442595736	81.8740323121554
3381.56654265862	81.8295496680268
3382.04865935988	81.7836568860748
3382.53077606115	81.740135896312
3383.01289276241	81.7005203453068
3383.49500946367	81.6642424871972
3383.97712616494	81.6301298269759
3384.4592428662	81.5986396798087
3384.94135956746	81.5724498149934
3385.42347626873	81.555828511389
3385.90559296999	81.5532224022792
3386.38770967125	81.56677400967
3386.86982637251	81.5957209089842
3387.35194307378	81.6364748688733
3387.83405977504	81.6842733749757
3388.3161764763	81.7339663023433
3388.79829317757	81.7804476096265
3389.28040987883	81.8185835097846
3389.76252658009	81.8420512685549
3390.24464328136	81.8435287232636
3390.72675998262	81.816871224683
3391.20887668388	81.7589317502351
3391.69099338514	81.6728990274433
3392.17311008641	81.5679573409132
3392.65522678767	81.458596338491
3393.13734348893	81.3599930414857
3393.6194601902	81.2825314555274
3394.10157689146	81.2303540267002
3394.58369359272	81.2010752804079
3395.06581029399	81.1890214991665
3395.54792699525	81.1895210319868
3396.03004369651	81.2020757281277
3396.51216039777	81.2302860293622
3396.99427709904	81.2788029327278
3397.4763938003	81.3484650362177
3397.95851050156	81.4326641451288
3398.44062720283	81.5166153778139
3398.92274390409	81.5822662818199
3399.40486060535	81.6123019124629
3399.88697730662	81.5967699793369
3400.36909400788	81.5361158139838
3400.85121070914	81.4400743501591
3401.3333274104	81.323665443399
3401.81544411167	81.2014222243296
3402.29756081293	81.084516874717
3402.77967751419	80.9794526302728
3403.26179421546	80.8890499679423
3403.74391091672	80.8157228130949
3404.22602761798	80.7628386825066
3404.70814431925	80.7336718248606
3405.19026102051	80.7296971393747
3405.67237772177	80.747773845481
3406.15449442303	80.7796734917239
3406.6366111243	80.8132024833296
3407.11872782556	80.8371475915186
3407.60084452682	80.8443110428091
3408.08296122809	80.8341571584868
3408.56507792935	80.8117935715152
3409.04719463061	80.7853408991026
3409.52931133188	80.7615231274147
3410.01142803314	80.742701906581
3410.4935447344	80.7269650511862
3410.97566143566	80.7097676122762
3411.45777813693	80.6875430464615
3411.93989483819	80.6594195738469
3412.42201153945	80.6278726342165
3412.90412824072	80.5969698827588
3413.38624494198	80.5700127648059
3413.86836164324	80.5478444735396
3414.35047834451	80.5287520338884
3414.83259504577	80.5100348327104
3415.31471174703	80.4903011299229
3415.79682844829	80.4702740606976
3416.27894514956	80.4526457211777
3416.76106185082	80.4397819833654
3417.24317855208	80.4319598219742
3417.72529525335	80.4263609790856
3418.20741195461	80.4181909238413
3418.68952865587	80.4028271498454
3419.17164535714	80.3784167297579
3419.6537620584	80.3470273226824
3420.13587875966	80.3141877548714
3420.61799546092	80.2860455541225
3421.10011216219	80.2664854058755
3421.58222886345	80.2561083839038
3422.06434556471	80.2522663179879
3422.54646226598	80.2516669033156
3423.02857896724	80.2524001052612
3423.5106956685	80.2555686099311
3423.99281236977	80.2646275668532
3424.47492907103	80.2835120639228
3424.95704577229	80.3140635612519
3425.43916247355	80.3547944436575
3425.92127917482	80.4010212643437
3426.40339587608	80.4469479472666
3426.88551257734	80.4874544531421
3427.36762927861	80.5193867442484
3427.84974597987	80.5418376037932
3428.33186268113	80.5549346825091
3428.81397938239	80.5589483218226
3429.29609608366	80.5540727776031
3429.77821278492	80.5415262627863
3430.26032948618	80.5247623220817
3430.74244618745	80.5096215063417
3431.22456288871	80.5039476618995
3431.70667958997	80.5141036010104
3432.18879629124	80.5420138039796
3432.6709129925	80.5832250424494
3433.15302969376	80.627719741383
3433.63514639503	80.663359435386
3434.11726309629	80.6795787294226
3434.59937979755	80.671999235923
3435.08149649881	80.6432583706516
3435.56361320008	80.6013359455616
3436.04572990134	80.5552043944563
3436.5278466026	80.5110984079406
3437.00996330387	80.4702896930549
3437.49208000513	80.4299589514005
3437.97419670639	80.3855792042067
3438.45631340765	80.3348182463558
3438.93843010892	80.2791148469078
3439.42054681018	80.2236260244894
3439.90266351144	80.1750156370554
3440.38478021271	80.1378411269719
3440.86689691397	80.1136098258193
3441.34901361523	80.1001683760515
3441.8311303165	80.0938617778349
3442.31324701776	80.091386161449
3442.79536371902	80.0911986867003
3443.27748042028	80.0932448862162
3443.75959712155	80.0972841520552
3444.24171382281	80.1015974569394
3444.72383052407	80.1027982812907
3445.20594722534	80.0969954231402
3445.6880639266	80.0824301173647
3446.17018062786	80.0613079264802
3446.65229732913	80.0399282938305
3447.13441403039	80.0260985714573
3447.61653073165	80.0261046589438
3448.09864743291	80.041531950952
3448.58076413418	80.0688050424157
3449.06288083544	80.1007349263166
3449.5449975367	80.1301712768673
3450.02711423797	80.1534080185982
3450.50923093923	80.1710154295982
3450.99134764049	80.1869676116868
3451.47346434176	80.2054782929709
3451.95558104302	80.2284729807267
3452.43769774428	80.254017095422
3452.91981444554	80.2776890804834
3453.40193114681	80.2951074210796
3453.88404784807	80.3051715176862
3454.36616454933	80.3111838014504
3454.8482812506	80.3198984862281
3455.33039795186	80.3378861663934
3455.81251465312	80.3686209924184
3456.29463135439	80.410283354519
3456.77674805565	80.4567154645539
3457.25886475691	80.4996888264061
3457.74098145817	80.5324600526546
3458.22309815944	80.5524123187392
3458.7052148607	80.5610982950932
3459.18733156196	80.5628642619592
3459.66944826323	80.5622812908114
3460.15156496449	80.5628727130973
3460.63368166575	80.5666789056637
3461.11579836702	80.5751562933489
3461.59791506828	80.5906983919881
3462.08003176954	80.6167685458968
3462.5621484708	80.6568001796233
3463.04426517207	80.7124516325526
3463.52638187333	80.7819317023682
3464.00849857459	80.8599483301724
3464.49061527586	80.9387273679478
3464.97273197712	81.0114986892746
3465.45484867838	81.0738546182169
3465.93696537965	81.1248692700196
3466.41908208091	81.1658243430763
3466.90119878217	81.1979759053296
3467.38331548343	81.2205900177469
3467.8654321847	81.2308027908853
3468.34754888596	81.225006753531
3468.82966558722	81.2017854339812
3469.31178228849	81.1640530881455
3469.79389898975	81.1194190167202
3470.27601569101	81.0780588139805
3470.75813239228	81.0483710241056
3471.24024909354	81.034608691411
3471.7223657948	81.0350524321031
3472.20448249606	81.0437025575165
3472.68659919733	81.0533767838615
3473.16871589859	81.0599488011217
3473.65083259985	81.0639688063234
3474.13294930112	81.0703793100005
3474.61506600238	81.0851884056939
3475.09718270364	81.1124516670847
3475.57929940491	81.1517139096533
3476.06141610617	81.1982332142645
3476.54353280743	81.2444811913614
3477.02564950869	81.2830808213292
3477.50776620996	81.309246627945
3477.98988291122	81.3207673777274
3478.47199961248	81.3175567250822
3478.95411631375	81.3004725748751
3479.43623301501	81.2708771463137
3479.91834971627	81.2312851607402
3480.40046641753	81.1865732218261
3480.8825831188	81.144948694044
3481.36469982006	81.1166992814223
3481.84681652132	81.1109689959662
3482.32893322259	81.1329194588475
3482.81104992385	81.1806047497295
3483.29316662511	81.2452397099595
3483.77528332638	81.3133669416605
3484.25740002764	81.3722972376957
3484.7395167289	81.4134357161406
3485.22163343017	81.4346197296721
3485.70375013143	81.4396560422737
3486.18586683269	81.4358166278508
3486.66798353395	81.4305760756538
3487.15010023522	81.4286283218849
3487.63221693648	81.432150932667
3488.11433363774	81.4415734881901
3488.59645033901	81.4573942156403
3489.07856704027	81.4811518641964
3489.56068374153	81.5146894319292
3490.04280044279	81.5584432342944
3490.52491714406	81.6098555707813
3491.00703384532	81.6632619924449
3491.48915054658	81.7115634258478
3491.97126724785	81.7486135513101
3492.45338394911	81.7722271432504
3492.93550065037	81.784945940212
3493.41761735164	81.7931044102118
3493.8997340529	81.8035578973847
3494.38185075416	81.8211062315416
3494.86396745542	81.8466874995174
3495.34608415669	81.8777832522903
3495.82820085795	81.9103465678718
3496.31031755921	81.9412944097646
3496.79243426048	81.9700549380503
3497.27455096174	81.9981101706874
3497.756667663	82.0272584466686
3498.23878436427	82.0576615421659
3498.72090106553	82.0868549734107
3499.20301776679	82.1104671457046
3499.68513446805	82.1242807974085
3500.16725116932	82.1259792077587
3500.64936787058	82.1165188222236
3501.13148457184	82.0997087314462
3501.61360127311	82.0808887489394
3502.09571797437	82.0647426768648
3502.57783467563	82.0545404463354
3503.0599513769	82.0521201726479
3503.54206807816	82.0586911152763
3504.02418477942	82.0754509303231
3504.50630148068	82.1033486973308
3504.98841818195	82.1418702123562
3505.47053488321	82.1877907091398
3505.95265158447	82.234777515761
3506.43476828574	82.2755560654797
3506.916884987	82.3038832286988
3507.39900168826	82.3181971739202
3507.88111838953	82.3229783052453
3508.36323509079	82.3285112696468
3508.84535179205	82.3468174871667
3509.32746849331	82.3865744333805
3509.80958519458	82.4499625743457
3510.29170189584	82.5313460033113
3510.7738185971	82.6202819015963
3511.25593529837	82.7049765244122
3511.73805199963	82.7778458612833
3512.22016870089	82.8367336474668
3512.70228540216	82.8845205915265
3513.18440210342	82.9259565628758
3513.66651880468	82.964678308652
3514.14863550594	83.0013051425695
3514.63075220721	83.0337418512198
3515.11286890847	83.0592158564187
3515.59498560973	83.0767996535825
3516.077102311	83.0886081410265
3516.55921901226	83.0993667516498
3517.04133571352	83.1141867493021
3517.52345241479	83.1358968335135
3518.00556911605	83.1640957805287
3518.48768581731	83.1954577943786
3518.96980251857	83.2259566999572
3519.45191921984	83.2526190565341
3519.9340359211	83.274982404803
3520.41615262236	83.2944412200788
3520.89826932363	83.3127073559379
3521.38038602489	83.330046158419
3521.86250272615	83.3447520212035
3522.34461942742	83.3539796560319
3522.82673612868	83.3558041932166
3523.30885282994	83.350882574317
3523.7909695312	83.3428998522393
3524.27308623247	83.3368929470383
3524.75520293373	83.3375427607196
3525.23731963499	83.3469839754898
3525.71943633626	83.364601161017
3526.20155303752	83.3882099769237
3526.68366973878	83.4162409462349
3527.16578644005	83.4492583376166
3527.64790314131	83.4900962139561
3528.13001984257	83.5420344734165
3528.61213654383	83.6064001350937
3529.0942532451	83.6809361833434
3529.57636994636	83.759829852063
3530.05848664762	83.836173421462
3530.54060334889	83.9039800421492
3531.02272005015	83.9611337638986
3531.50483675141	84.0092571370578
3531.98695345268	84.0522011537815
3532.46907015394	84.0932467417052
3532.9511868552	84.1330823562294
3533.43330355646	84.1693159748903
3533.91542025773	84.1982204080736
3534.39753695899	84.2170616344726
3534.87965366025	84.2266423097168
3535.36177036152	84.2314929751148
3535.84388706278	84.2388548260299
3536.32600376404	84.2553860305735
3536.8081204653	84.2843799444852
3537.29023716657	84.3251444350836
3537.77235386783	84.3739562511763
3538.25447056909	84.4265754236092
3538.73658727036	84.4800632056911
3539.21870397162	84.533620342551
3539.70082067288	84.5876368644559
3540.18293737415	84.6417081474487
3540.66505407541	84.6931743464102
3541.14717077667	84.7371311911401
3541.62928747794	84.7674387446707
3542.1114041792	84.7795876481284
3542.59352088046	84.7721005451796
3543.07563758172	84.7475019057704
3543.55775428299	84.7107502092523
3544.03987098425	84.668331318468
3544.52198768551	84.6264470448094
3545.00410438678	84.5904121169844
3545.48622108804	84.5661425036594
3545.9683377893	84.5602044280704
3546.45045449056	84.5789948364511
3546.93257119183	84.6268960206198
3547.41468789309	84.7029366251224
3547.89680459435	84.7993659001535
3548.37892129562	84.9019102742412
3548.86103799688	84.994273614283
3549.34315469814	85.0631674959619
3549.82527139941	85.1025316792927
3550.30738810067	85.1164864572357
3550.78950480193	85.1179255850473
3551.27162150319	85.1245611926127
3551.75373820446	85.1508307528661
3552.23585490572	85.2034206799579
3552.71797160698	85.2788696623617
3553.20008830825	85.3669857343945
3553.68220500951	85.4554449537521
3554.16432171077	85.5350198181893
3554.64643841204	85.6026141237448
3555.1285551133	85.6595151469689
3555.61067181456	85.7088678485693
3556.09278851582	85.7523972018017
3556.57490521709	85.7893170988188
3557.05702191835	85.8174305908438
3557.53913861961	85.8356288759255
3558.02125532088	85.846079419497
3558.50337202214	85.8543620152788
3558.9854887234	85.8672182971571
3559.46760542467	85.8894512877652
3559.94972212593	85.9206875245901
3560.43183882719	85.9550485065924
3560.91395552845	85.9828232976583
3561.39607222972	85.9949322095702
3561.87818893098	85.985408993607
3562.36030563224	85.9526290609164
3562.84242233351	85.898226742262
3563.32453903477	85.8246019274304
3563.80665573603	85.7338891572799
3564.2887724373	85.6279597106375
3564.77088913856	85.5124122504388
3565.25300583982	85.4009562086371
3565.73512254108	85.3151635413034
3566.21723924235	85.2840796631093
3566.69935594361	85.3324500384496
3567.18147264487	85.4697360710708
3567.66358934614	85.6838607411728
3568.1457060474	85.9449053379434
3568.62782274866	86.2159370875762
3569.10993944993	86.4637335651874
3569.59205615119	86.6691149456989
3570.07417285245	86.826799219713
3570.55628955371	86.9432159022987
3571.03840625498	87.0299578973337
3571.52052295624	87.0991217168754
3572.0026396575	87.1594422918039
3572.48475635877	87.2148963107246
3572.96687306003	87.2669546564116
3573.44898976129	87.3167447137621
3573.93110646256	87.3663383936145
3574.41322316382	87.4187111977361
3574.89533986508	87.4755266771877
3575.37745656634	87.5355621282679
3575.85957326761	87.5942874655734
3576.34168996887	87.6458849812624
3576.82380667013	87.6867579838925
3577.3059233714	87.7177639518613
3577.78804007266	87.7448686368977
3578.27015677392	87.7765159063047
3578.75227347519	87.8202729110227
3579.23439017645	87.8786358304166
3579.71650687771	87.947941670989
3580.19862357897	88.0197177126056
3580.68074028024	88.0848697611589
3581.1628569815	88.1362868719327
3581.64497368276	88.1704245000049
3582.12709038403	88.1860449235957
3582.60920708529	88.1810655791163
3583.09132378655	88.1499443555808
3583.57344048782	88.0843543824296
3584.05555718908	87.9752172298532
3584.53767389034	87.8192851973409
3585.0197905916	87.6234349521016
3585.50190729287	87.4098382979276
3585.98402399413	87.2141061797492
3586.46614069539	87.0747529702825
3586.94825739666	87.0244460565013
3587.43037409792	87.0750085772008
3587.91249079918	87.2139393918216
3588.39460750045	87.4088394655553
3588.87672420171	87.6225419176353
3589.35884090297	87.8233487739672
3589.84095760423	87.9890350906593
3590.3230743055	88.1097043376567
3590.80519100676	88.1823309271241
3591.28730770802	88.209034312122
3591.76942440929	88.1954337528805
3592.25154111055	88.1519012165039
3592.73365781181	88.0941887567644
3593.21577451307	88.0411458860251
3593.69789121434	88.0129168810405
3594.1800079156	88.0245575746156
3594.66212461686	88.0810745622847
3595.14424131813	88.1763015518854
3595.62635801939	88.2949562541328
3596.10847472065	88.419404813305
3596.59059142192	88.5337621330902
3597.07270812318	88.6292208715463
3597.55482482444	88.7048778613849
3598.03694152571	88.7655479481347
3598.51905822697	88.8188246922463
3599.00117492823	88.8723778863372
3599.48329162949	88.9328683614193
3599.96540833076	89.0052142283734
3600.44752503202	89.0932554366768
3600.92964173328	89.1991577013271
3601.41175843455	89.3224946527157
3601.89387513581	89.458323596836
3602.37599183707	89.5967265603139
3602.85810853833	89.7247085555156
3603.3402252396	89.8271311143823
3603.82234194086	89.8917732789574
3604.30445864212	89.9126579347836
3604.78657534339	89.8917405815953
3605.26869204465	89.839196181947
3605.75080874591	89.7709257694481
3606.23292544718	89.7072932694794
3606.71504214844	89.6686199185896
3607.1971588497	89.6716114044833
3607.67927555096	89.7274277918302
3608.16139225223	89.8377078258496
3608.64350895349	89.9942941662409
3609.12562565475	90.1795955624142
3609.60774235602	90.3728222349092
3610.08985905728	90.5533372442989
3610.57197575854	90.7048025879971
3611.05409245981	90.8202011281034
3611.53620916107	90.9017731086221
3612.01832586233	90.960672866641
3612.50044256359	91.0118351262514
3612.98255926486	91.0685506750564
3613.46467596612	91.1350063704294
3613.94679266738	91.2041499636129
3614.42890936865	91.259586669446
3614.91102606991	91.2831571267541
3615.39314277117	91.2626270051325
3615.87525947244	91.1961413119424
3616.3573761737	91.0948516649727
3616.83949287496	90.9807385110215
3617.32160957622	90.8830316700159
3617.80372627749	90.8286714520858
3618.28584297875	90.8352599427522
3618.76795968001	90.9070399142746
3619.25007638128	91.0349560931501
3619.73219308254	91.201903787416
3620.2143097838	91.388220373203
3620.69642648507	91.5781037399894
3621.17854318633	91.7590550704864
3621.66065988759	91.9211883444141
3622.14277658885	92.0577643680877
3622.62489329012	92.1628998896719
3623.10700999138	92.2331557379168
3623.58912669264	92.267293408294
3624.07124339391	92.2649830866975
3624.55336009517	92.2249496077505
3625.03547679643	92.14286458166
3625.5175934977	92.011572316853
3625.99971019896	91.824053054728
3626.48182690022	91.5816405187747
3626.96394360148	91.3061099685211
3627.44606030275	91.0468281657857
3627.92817700401	90.8789551737758
3628.41029370527	90.878446949073
3628.89241040654	91.0773063085192
3629.3745271078	91.4438140902246
3629.85664380906	91.8988954767331
3630.33876051033	92.3605214352365
3630.82087721159	92.7695186574619
3631.30299391285	93.0985699531677
3631.78511061411	93.3503437941689
3632.26722731538	93.5448316911183
3632.74934401664	93.7100605670709
3633.2314607179	93.8710792012052
3633.71357741917	94.0434064125308
3634.19569412043	94.2288119408603
3634.67781082169	94.4189836284668
3635.15992752296	94.601601345183
3635.64204422422	94.7688798585299
3636.12416092548	94.9196937204364
3636.60627762674	95.0592362178151
3637.08839432801	95.1945667115157
3637.57051102927	95.3301272763157
3638.05262773053	95.4657010942609
3638.5347444318	95.596779656272
3639.01686113306	95.7171507584235
3639.49897783432	95.8229961045002
3639.98109453559	95.9145423215246
3640.46321123685	95.9959441318682
3640.94532793811	96.0724464373184
3641.42744463937	96.1465487307962
3641.90956134064	96.2158917273903
3642.3916780419	96.2722093373405
3642.87379474316	96.3041379812738
3643.35591144443	96.2986460699929
3643.83802814569	96.2448977197449
3644.32014484695	96.1358137372537
3644.80226154822	95.9694623862241
3645.28437824948	95.7493433366756
3645.76649495074	95.4848144386964
3646.248611652	95.1944530068561
3646.73072835327	94.9021024112526
3647.21284505453	94.6375823550504
3647.69496175579	94.4328355091623
3648.17707845706	94.3164882816811
3648.65919515832	94.3115105682751
3649.14131185958	94.4308495418547
3649.62342856085	94.6738251766612
3650.10554526211	95.023445516999
3650.58766196337	95.4479305002103
3651.06977866463	95.9062861225208
3651.5518953659	96.3552553077843
3652.03401206716	96.7566320534292
3652.51612876842	97.0830180977276
3652.99824546969	97.3164422027671
3653.48036217095	97.4516716977917
3653.96247887221	97.4985113187899
3654.44459557347	97.4842472362871
3654.92671227474	97.4513359548489
3655.408828976	97.4472791962539
3655.89094567726	97.5121155658577
3656.37306237853	97.6591521289643
3656.85517907979	97.8734522146626
3657.33729578105	98.1200065335609
3657.81941248232	98.3634651618063
3658.30152918358	98.5769110744234
3658.78364588484	98.748150184634
3659.2657625861	98.8784701569645
3659.74787928737	98.9770060694935
3660.22999598863	99.0560017104676
3660.71211268989	99.1250374971895
3661.19422939116	99.1902910002629
3661.67634609242	99.2541258624877
3662.15846279368	99.3167216174261
3662.64057949495	99.3776340890295
3663.12269619621	99.4355860840272
3663.60481289747	99.4872905074001
3664.08692959873	99.5257235529748
3664.5690463	99.5402903423387
3665.05116300126	99.5187310616617
3665.53327970252	99.4490623844078
3666.01539640379	99.3240268030593
3666.49751310505	99.1425220541511
3666.97962980631	98.912907334695
3667.46174650758	98.6513524085349
3667.94386320884	98.384453715494
3668.4259799101	98.1500649592359
3668.90809661136	97.9879777893994
3669.39021331263	97.9325139640779
3669.87233001389	97.9939245184723
3670.35444671515	98.1509514599033
3670.83656341642	98.3531401389934
3671.31868011768	98.5391175767546
3671.80079681894	98.6558678773377
3672.28291352021	98.6621411606408
3672.76503022147	98.5369214394419
3673.24714692273	98.2836318106702
3673.72926362399	97.9416081714266
3674.21138032526	97.5916732734309
3674.69349702652	97.339743333215
3675.17561372778	97.280892185979
3675.65773042905	97.4403014430588
3676.13984713031	97.7650561419482
3676.62196383157	98.161273891852
3677.10408053284	98.5484988050026
3677.5861972341	98.880864430586
3678.06831393536	99.1460211814548
3678.55043063662	99.3561118556607
3679.03254733789	99.5323315707397
3679.51466403915	99.6930415098049
3679.99678074041	99.8461686741196
3680.47889744168	99.9878548523092
3680.96101414294	100.107335895114
3681.4431308442	100.194621720114
3681.92524754547	100.244784893467
3682.40736424673	100.260545106
3682.88948094799	100.248894766986
3683.37159764925	100.216772351788
3683.85371435052	100.165871873158
3684.33583105178	100.091464699418
3684.81794775304	99.9835167811868
3685.30006445431	99.8321199834794
3685.78218115557	99.6316668487857
3686.26429785683	99.3859394547232
3686.7464145581	99.1098627254536
3687.22853125936	98.8284525040342
3687.71064796062	98.5736639491713
3688.19276466188	98.3726284801156
3688.67488136315	98.2430138728876
3689.15699806441	98.190801912765
3689.63911476567	98.2136134665678
3690.12123146694	98.3054593458717
3690.6033481682	98.4575636356794
3691.08546486946	98.6574148517187
3691.56758157073	98.885121496325
3692.04969827199	99.1161943473329
3692.53181497325	99.3269742999223
3693.01393167451	99.4975191444592
3693.49604837578	99.6189807819086
3693.97816507704	99.6928420350447
3694.4602817783	99.7291901173693
3694.94239847957	99.7415510792843
3695.42451518083	99.7423229710967
3695.90663188209	99.7392708389179
3696.38874858336	99.7334231358981
3696.87086528462	99.7203512967554
3697.35298198588	99.6926728313016
3697.83509868714	99.6437671549327
3698.31721538841	99.5691086189871
3698.79933208967	99.4685414344316
3699.28144879093	99.34646076261
3699.7635654922	99.2137523410739
3700.24568219346	99.0881573988768
3700.72779889472	98.9902139232885
3701.20991559598	98.9408193008441
3701.69203229725	98.9529777027193
3702.17414899851	99.0265825461595
3702.65626569977	99.1473166985658
3703.13838240104	99.2912801720948
3703.6204991023	99.4324257726505
3704.10261580356	99.5468857340155
3704.58473250483	99.6203385517927
3705.06684920609	99.6475052832111
3705.54896590735	99.6307426580804
3706.03108260862	99.576034485238
3706.51319930988	99.489779663863
3706.99531601114	99.3761106490266
3707.4774327124	99.2370998787062
3707.95954941367	99.0754272528585
3708.44166611493	98.8986271455853
3708.92378281619	98.7215284676069
3709.40589951746	98.5677652836151
3709.88801621872	98.4671120849237
3710.37013291998	98.446675462421
3710.85224962124	98.5257725527717
3711.33436632251	98.7070176822506
3711.81648302377	98.9756987360397
3712.29859972503	99.3020958923642
3712.7807164263	99.6516531582334
3713.26283312756	99.9921350774397
3713.74494982882	100.294297804877
3714.22706653009	100.537167769082
3714.70918323135	100.705660394681
3715.19129993261	100.790298276987
3715.67341663387	100.790783979272
3716.15553333514	100.71610804752
3716.6376500364	100.584826563403
3717.11976673766	100.418960879585
3717.60188343893	100.240334114075
3718.08400014019	100.062176953217
3718.56611684145	99.8869442533215
3719.04823354272	99.7082822671729
3719.53035024398	99.5179419650425
3720.01246694524	99.3138897072545
3720.4945836465	99.1036453511158
3720.97670034777	98.9044622327081
3721.45881704903	98.7347023720381
3721.94093375029	98.6071478656562
3722.42305045156	98.5217322793186
3722.90516715282	98.4658568131688
3723.38728385408	98.4204137405226
3723.86940055535	98.3703430610209
3724.35151725661	98.3116083162211
3724.83363395787	98.2540981685426
3725.31575065913	98.2160663605636
3725.7978673604	98.2162400719445
3726.27998406166	98.2630710712762
3726.76210076292	98.3494151691593
3727.24421746419	98.4540126021412
3727.72633416545	98.5495703565649
3728.20845086671	98.6135255526635
3728.69056756798	98.6305504310024
3729.17268426924	98.5951942387543
3729.6548009705	98.5093702455304
3730.13691767176	98.3799604572711
3730.61903437303	98.2160990649831
3731.10115107429	98.027493597419
3731.58326777555	97.8236799118369
3732.06538447682	97.6136105306518
3732.54750117808	97.4052481018958
3733.02961787934	97.2086718084932
3733.51173458061	97.0385751193651
3733.99385128187	96.9157302818707
3734.47596798313	96.8681572976386
3734.95808468439	96.9212104956212
3735.44020138566	97.0882709511354
3735.92231808692	97.3593411035898
3736.40443478818	97.70302984207
3736.88655148945	98.0748570314038
3737.36866819071	98.4332444629323
3737.85078489197	98.7505099807927
3738.33290159324	99.0102862006972
3738.8150182945	99.2081098417557
3739.29713499576	99.3461069150647
3739.77925169702	99.4273066627884
3740.26136839829	99.4524316423289
3740.74348509955	99.4170655139781
3741.22560180081	99.311807129912
3741.70771850208	99.1265261579584
3742.18983520334	98.8596066719129
3742.6719519046	98.5334464420591
3743.15406860587	98.2060528565292
3743.63618530713	97.965293323917
3744.11830200839	97.8937545613853
3744.60041870965	98.0120710281209
3745.08253541092	98.2668228394352
3745.56465211218	98.5648084175491
3746.04676881344	98.8269678311001
3746.52888551471	99.0006674591232
3747.01100221597	99.0630049339614
3747.49311891723	99.0158368949722
3747.9752356185	98.880450668014
3748.45735231976	98.6942333769956
3748.93946902102	98.5001852818855
3749.42158572228	98.3421749708448
3749.90370242355	98.2507903258678
3750.38581912481	98.2419939907794
3750.86793582607	98.3216771995175
3751.35005252734	98.4889674760895
3751.8321692286	98.7347870953803
3752.31428592986	99.0385365525593
3752.79640263113	99.3685389187618
3753.27851933239	99.6869025617719
3753.76063603365	99.9582603381333
3754.24275273491	100.159332676278
3754.72486943618	100.280676904457
3755.20698613744	100.326460853576
3755.6891028387	100.31121759372
3756.17121953997	100.255886639997
3756.65333624123	100.182300330545
3757.13545294249	100.10674569562
3757.61756964375	100.040880374564
3758.09968634502	99.9933857284247
3758.58180304628	99.9730914240425
3759.06391974754	99.9919402901465
3759.54603644881	100.060406575839
3760.02815315007	100.180471129049
3760.51026985133	100.339256974062
3760.9923865526	100.510165358653
3761.47450325386	100.660390723612
3761.95661995512	100.759402583534
3762.43873665639	100.790327353999
3762.92085335765	100.753410525675
3763.40297005891	100.667375193453
3763.88508676017	100.562918687821
3764.36720346144	100.473862226101
3764.8493201627	100.423892550325
3765.33143686396	100.415943924767
3765.81355356523	100.432655220667
3766.29567026649	100.445944415266
3766.77778696775	100.432397215461
3767.25990366901	100.380827105379
3767.74202037028	100.298469017691
3768.22413707154	100.207054444327
3768.7062537728	100.1384134039
3769.18837047407	100.121886220707
3769.67048717533	100.172856040497
3770.15260387659	100.288825317917
3770.63472057786	100.451253367182
3771.11683727912	100.634550642955
3771.59895398038	100.811822831505
3772.08107068164	100.963179759846
3772.56318738291	101.075645706304
3773.04530408417	101.143369939708
3773.52742078543	101.167114452048
3774.0095374867	101.152475400808
3774.49165418796	101.107896211593
3774.97377088922	101.041136283745
3775.45588759049	100.957124443332
3775.93800429175	100.856560728435
3776.42012099301	100.737673282326
3776.90223769427	100.599604970648
3777.38435439554	100.448388110786
3777.8664710968	100.298568599553
3778.34858779806	100.174466616947
3778.83070449933	100.102264463984
3779.31282120059	100.097990287364
3779.79493790185	100.159990295184
3780.27705460312	100.266767035321
3780.75917130438	100.386150960964
3781.24128800564	100.484278892098
3781.7234047069	100.53932733828
3782.20552140817	100.544882756028
3782.68763810943	100.510427997848
3783.16975481069	100.455720628563
3783.65187151196	100.404301510458
3784.13398821322	100.374805774708
3784.61610491448	100.374418560065
3785.09822161575	100.399553484284
3785.58033831701	100.439724472785
3786.06245501827	100.484445422157
3786.54457171953	100.526193524132
3787.0266884208	100.561627035409
3787.50880512206	100.589694202991
3787.99092182332	100.609199928032
3788.47303852459	100.618052166402
3788.95515522585	100.614502757888
3789.43727192711	100.599196800642
3789.91938862838	100.576672480178
3790.40150532964	100.553990217247
3790.8836220309	100.53786251391
3791.36573873216	100.529769998265
3791.84785543343	100.523250882268
3792.32997213469	100.504044497877
3792.81208883595	100.455614740165
3793.29420553722	100.364438596177
3793.77632223848	100.226958494446
3794.25843893974	100.052041579313
3794.74055564101	99.8624674183177
3795.22267234227	99.6884065361552
3795.70478904353	99.555555204854
3796.18690574479	99.4768753273534
3796.66902244606	99.4446021456806
3797.15113914732	99.4358173487079
3797.63325584858	99.418577031469
3798.11537254985	99.3635707705702
3798.59748925111	99.2516176983847
3799.07960595237	99.0769807957521
3799.56172265364	98.8537290866191
3800.0438393549	98.6166341613879
3800.52595605616	98.4214826931332
3801.00807275742	98.3243780437051
3801.49018945869	98.3570253770804
3801.97230615995	98.5101940150922
3802.45442286121	98.7400910239726
3802.93653956248	98.9883531704069
3803.41865626374	99.2002413337478
3803.900772965	99.3408170896263
3804.38288966627	99.393129781411
3804.86500636753	99.3628750367739
3805.34712306879	99.2771193080701
3805.82923977005	99.183888741085
3806.31135647132	99.1364716623287
3806.79347317258	99.1699144554886
3807.27558987384	99.2879799433194
3807.75770657511	99.4626456523892
3808.23982327637	99.6534711237212
3808.72193997763	99.8236477995356
3809.2040566789	99.9527728129696
3809.68617338016	100.036147667177
3810.16829008142	100.07937544931
3810.65040678268	100.090897008488
3811.13252348395	100.075467739709
3811.61464018521	100.030469382538
3812.09675688647	99.9472790049707
3812.57887358774	99.8153149588336
3813.060990289	99.6296834380765
3813.54310699026	99.3962048108686
3814.02522369153	99.137705261782
3814.50734039279	98.8949602136947
3814.98945709405	98.7128103087597
3815.47157379531	98.626475772779
3815.95369049658	98.6392423622367
3816.43580719784	98.722156679328
3816.9179238991	98.8248152821727
3817.40004060037	98.8979755122881
3817.88215730163	98.9071216710211
3818.36427400289	98.8332794612276
3818.84639070416	98.6772740153785
3819.32850740542	98.4612083680454
3819.81062410668	98.2333582444815
3820.29274080794	98.0578025266676
3820.77485750921	97.9950113636888
3821.25697421047	98.0733880422248
3821.73909091173	98.2733648764389
3822.221207613	98.5403909728982
3822.70332431426	98.8099030267926
3823.18544101552	99.0328912212224
3823.66755771678	99.1807597185677
3824.14967441805	99.2478437807271
3824.63179111931	99.2488835017087
3825.11390782057	99.2141012517688
3825.59602452184	99.1800523434189
3826.0781412231	99.1749917993973
3826.56025792436	99.21119866035
3827.04237462563	99.2792213487324
3827.52449132689	99.3557895443223
3828.00660802815	99.4125462748987
3828.48872472942	99.4288883254525
3828.97084143068	99.3968024395088
3829.45295813194	99.3214491295895
3829.9350748332	99.2173403017039
3830.41719153447	99.1030147371445
3830.89930823573	98.9950186106153
3831.38142493699	98.9021893002096
3831.86354163826	98.8256640189622
3832.34565833952	98.7600287883048
3832.82777504078	98.6979363028588
3833.30989174204	98.6316686905013
3833.79200844331	98.5546466889873
3834.27412514457	98.462075903243
3834.75624184583	98.3503451346989
3835.2383585471	98.219352893869
3835.72047524836	98.07360991934
3836.20259194962	97.9252471641092
3836.68470865089	97.7934540682563
3837.16682535215	97.6987057009818
3837.64894205341	97.6580614388161
3838.13105875467	97.6766804312742
3838.61317545594	97.7471969933704
3839.0952921572	97.8526776889935
3839.57740885846	97.9747422552679
3840.05952555973	98.0981433409986
3840.54164226099	98.2131052538774
3841.02375896225	98.3158814000235
3841.50587566352	98.4065664776319
3841.98799236478	98.4884075004758
3842.47010906604	98.5664289168343
3842.9522257673	98.6470411239786
3843.43434246857	98.7369783592401
3843.91645916983	98.8402693057117
3844.39857587109	98.9565465213115
3844.88069257236	99.0787635668589
3845.36280927362	99.1942636132178
3845.84492597488	99.2864575432737
3846.32704267615	99.3395272160116
3846.80915937741	99.3431794890668
3847.29127607867	99.2935682951886
3847.77339277993	99.1940468665805
3848.2555094812	99.0510774381693
3848.73762618246	98.8709881334263
3849.21974288372	98.6539096161303
3849.70185958499	98.3927948608186
3850.18397628625	98.0770536571968
3850.66609298751	97.6978430635581
3851.14820968878	97.2625590727584
3851.63032639004	96.8088975244444
3852.1124430913	96.4088426549576
3852.59455979256	96.1601082878249
3853.07667649383	96.1366950039818
3853.55879319509	96.3408443410328
3854.04090989635	96.6997103569801
3854.52302659762	97.113898392569
3855.00514329888	97.5094904495327
3855.48726000014	97.8501198017833
3855.96937670141	98.131194913738
3856.45149340267	98.3621726608504
3856.93361010393	98.5541139389575
3857.41572680519	98.7121109365887
3857.89784350646	98.8351626210031
3858.37996020772	98.9179654676479
3858.86207690898	98.9562532321274
3859.34419361025	98.9503381023564
3859.82631031151	98.9062005654937
3860.30842701277	98.8326306791686
3860.79054371404	98.737902297518
3861.2726604153	98.6270412760634
3861.75477711656	98.5009745437476
3862.23689381782	98.3616434859398
3862.71901051909	98.2173823747
3863.20112722035	98.085721731842
3863.68324392161	97.9933192071594
3864.16536062288	97.9647506362764
3864.64747732414	98.009277280159
3865.1295940254	98.112572457227
3865.61171072667	98.2390303096583
3866.09382742793	98.3460524929986
3866.57594412919	98.3945113405113
3867.05806083045	98.3623840126817
3867.54017753172	98.2488871771378
3868.02229423298	98.0772573898119
3868.50441093424	97.8908337170321
3868.98652763551	97.7415860705557
3869.46864433677	97.6718272301014
3869.95076103803	97.6922043046948
3870.4328777393	97.7805753607612
3870.91499444056	97.8968435495029
3871.39711114182	98.0066656610612
3871.87922784308	98.0898831660967
3872.36134454435	98.1442526881907
3872.84346124561	98.1815109891024
3873.32557794687	98.2215240476208
3873.80769464814	98.2835122204023
3874.2898113494	98.3770275231663
3874.77192805066	98.498060922597
3875.25404475192	98.6296389883607
3875.73616145319	98.7479864680689
3876.21827815445	98.8266131828993
3876.70039485571	98.8433161550401
3877.18251155698	98.7840304834718
3877.66462825824	98.6463993930996
3878.1467449595	98.4444764132901
3878.62886166077	98.2093325824491
3879.11097836203	97.9873168760199
3879.59309506329	97.8241113163101
3880.07521176455	97.7497339474553
3880.55732846582	97.7653596823495
3881.03944516708	97.8443789590068
3881.52156186834	97.9429950040394
3882.00367856961	98.0171410894457
3882.48579527087	98.0383644877856
3882.96791197213	97.996128594405
3883.4500286734	97.901780150092
3883.93214537466	97.7837366501723
3884.41426207592	97.6854614788887
3884.89637877718	97.649529948295
3885.37849547845	97.7004726165427
3885.86061217971	97.8343533978334
3886.34272888097	98.0199334022721
3886.82484558224	98.2137548819296
3887.3069622835	98.3726598835852
3887.78907898476	98.4660661050839
3888.27119568603	98.4767418466973
3888.75331238729	98.4019988785041
3889.23542908855	98.2552779308066
3889.71754578981	98.0671314638103
3890.19966249108	97.882778733116
3890.68177919234	97.7474342897466
3891.1638958936	97.693906448863
3891.64601259487	97.7297356340588
3892.12812929613	97.8373692641703
3892.61024599739	97.9832075082463
3893.09236269866	98.1311593663205
3893.57447939992	98.2550500461369
3894.05659610118	98.3387996723366
3894.53871280244	98.3770271977869
3895.02082950371	98.3705652909219
3895.50294620497	98.3217842639247
3895.98506290623	98.2320631428344
3896.4671796075	98.1018943764243
3896.94929630876	97.9346433598133
3897.43141301002	97.7385243122879
3897.91352971129	97.529583929166
3898.39564641255	97.3298321245168
3898.87776311381	97.1597846525464
3899.35987981507	97.0326722846246
3899.84199651634	96.9480928212265
3900.3241132176	96.8947720437005
3900.80622991886	96.8557778369278
3901.28834662013	96.8182032316552
3901.77046332139	96.7802210730719
3902.25258002265	96.7520079504085
3902.73469672392	96.7520967619241
3903.21681342518	96.7976709268893
3903.69893012644	96.8983295239814
3904.1810468277	97.0501792992656
3904.66316352897	97.2392481073085
3905.14528023023	97.44616036604
3905.62739693149	97.6543642091579
3906.10951363276	97.8526519806559
3906.59163033402	98.0329032710042
3907.07374703528	98.1895416671978
3907.55586373655	98.3167949362606
3908.03798043781	98.4084296572187
3908.52009713907	98.4612488024462
3909.00221384033	98.4768219033069
3909.4843305416	98.4633413579726
3909.96644724286	98.4328610061746
3910.44856394412	98.3984090193291
3910.93068064539	98.3683631378051
3911.41279734665	98.3432924309404
3911.89491404791	98.3161135361259
3912.37703074918	98.2758456793841
3912.85914745044	98.2139007481719
3913.3412641517	98.1275795105749
3913.82338085296	98.0228726843383
3914.30549755423	97.9114677960049
3914.78761425549	97.8082003920051
3915.26973095675	97.7252121983061
3915.75184765802	97.6680209172664
3916.23396435928	97.635394336198
3916.71608106054	97.6212058827538
3917.19819776181	97.6186783311138
3917.68031446307	97.6234528761414
3918.16243116433	97.6348240721297
3918.64454786559	97.6539342996656
3919.12666456686	97.6810170140646
3919.60878126812	97.7136077446733
3920.09089796938	97.7461541365341
3920.57301467065	97.7717370406387
3921.05513137191	97.784863792075
3921.53724807317	97.7826184301756
3922.01936477443	97.7655747122487
3922.5014814757	97.7370320686035
3922.98359817696	97.7022926592496
3923.46571487822	97.667478891573
3923.94783157949	97.6385942087941
3924.42994828075	97.6209940178828
3924.91206498201	97.6178903798949
3925.39418168328	97.6290877120348
3925.87629838454	97.6501344106645
3926.3584150858	97.6729035762129
3926.84053178707	97.6871700810539
3927.32264848833	97.6827813397567
3927.80476518959	97.653596756055
3928.28688189085	97.5991425549316
3928.76899859212	97.5258608640774
3929.25111529338	97.4442230796562
3929.73323199464	97.3668494725868
3930.21534869591	97.3041053071718
3930.69746539717	97.2615615300498
3931.17958209843	97.2406724548554
3931.66169879969	97.2399261899328
3932.14381550096	97.2574127720994
3932.62593220222	97.2915995941843
3933.10804890348	97.3408532474926
3933.59016560475	97.4017748956242
3934.07228230601	97.4677340425157
3934.55439900727	97.5297199816875
3935.03651570854	97.5787033144944
3935.5186324098	97.6083901558068
3936.00074911106	97.6181994940295
3936.48286581232	97.6132696891346
3936.96498251359	97.6022210087336
3937.44709921485	97.5921249116157
3937.92921591611	97.584764958033
3938.41133261738	97.5748782093212
3938.89344931864	97.5528992784229
3939.3755660199	97.5091595069757
3939.85768272117	97.4399825506057
3940.33979942243	97.3503602046432
3940.82191612369	97.2546576868084
3941.30403282495	97.1716096626802
3941.78614952622	97.1168877009439
3942.26826622748	97.0988194548916
3942.75038292874	97.1144599313085
3943.23249963001	97.1528265005486
3943.71461633127	97.1990133676775
3944.19673303253	97.2405938489031
3944.6788497338	97.2701526934369
3945.16096643506	97.2845837909238
3945.64308313632	97.283517218718
3946.12519983758	97.2673182932615
3946.60731653885	97.2367035670275
3947.08943324011	97.1939338678297
3947.57154994137	97.1444408065598
3948.05366664264	97.0976540191795
3948.5357833439	97.0643897767697
3949.01790004516	97.0538961243885
3949.50001674643	97.0698337306089
3949.98213344769	97.1085679310923
3950.46425014895	97.1602653957341
3950.94636685021	97.212653876873
3951.42848355148	97.2563928922323
3951.91060025274	97.2868731618773
3952.392716954	97.3054201334936
3952.87483365527	97.3164877777022
3953.35695035653	97.32466637691
3953.83906705779	97.3317172362088
3954.32118375906	97.3363547554703
3954.80330046032	97.3358835019634
3955.28541716158	97.3289608839383
3955.76753386284	97.317235755201
3956.24965056411	97.3049646984757
3956.73176726537	97.2962371337491
3957.21388396663	97.2922856088838
3957.6960006679	97.289538176673
3958.17811736916	97.2812298582217
3958.66023407042	97.260147363037
3959.14235077169	97.223021643257
3959.62446747295	97.1730592585741
3960.10658417421	97.1196000541185
3960.58870087547	97.0749437438565
3961.07081757674	97.0485349757737
3961.552934278	97.044255567251
3962.03505097926	97.05853771429
3962.51716768053	97.0829877152053
3962.99928438179	97.1075391525354
3963.48140108305	97.1250490045919
3963.96351778432	97.1327923967035
3964.44563448558	97.1315751083634
3964.92775118684	97.1235609055442
3965.4098678881	97.110200298381
3965.89198458937	97.0914878692291
3966.37410129063	97.0669077905875
3966.85621799189	97.0372926587757
3967.33833469316	97.0059065994323
3967.82045139442	96.9777704058725
3968.30256809568	96.9577924214923
3968.78468479695	96.948092214827
3969.26680149821	96.9466703040188
3969.74891819947	96.947730517456
3970.23103490073	96.9443386996516
3970.713151602	96.9319212491234
3971.19526830326	96.9097997249109
3971.67738500452	96.8816689485258
3972.15950170579	96.8530602411754
3972.64161840705	96.8291685220539
3973.12373510831	96.8124306930659
3973.60585180958	96.8022734923061
3974.08796851084	96.7965911153807
3974.5700852121	96.7936226539794
3975.05220191336	96.7929808773774
3975.53431861463	96.7951098731626
3976.01643531589	96.7995723560876
3976.49855201715	96.8035033326932
3976.98066871842	96.801305721117
3977.46278541968	96.7870493905839
3977.94490212094	96.7570119907013
3978.42701882221	96.7124704238186
3978.90913552347	96.6598631154817
3979.39125222473	96.6089652697255
3979.87336892599	96.5687099994546
3980.35548562726	96.5433618989509
3980.83760232852	96.5312986107636
3981.31971902978	96.5265271517453
3981.80183573105	96.5227126270653
3982.28395243231	96.5164833763573
3982.76606913357	96.5095636606663
3983.24818583484	96.5068973738873
3983.7303025361	96.5132359225947
3984.21241923736	96.5289002747835
3984.69453593862	96.5483631932709
3985.17665263989	96.5615088309366
3985.65876934115	96.5589038737636
3986.14088604241	96.5357934523401
3986.62300274368	96.4951096730786
3987.10511944494	96.4456024589933
3987.5872361462	96.3985968465232
3988.06935284746	96.362337410572
3988.55146954873	96.3385956914658
3989.03358624999	96.3231345065901
3989.51570295125	96.3087194176351
3989.99781965252	96.2902714417417
3990.47993635378	96.2673757505353
3990.96205305504	96.244663728156
3991.44416975631	96.2283942098107
3991.92628645757	96.2225881009353
3992.40840315883	96.2258335396684
3992.8905198601	96.2317065665348
3993.37263656136	96.2313521933329
3993.85475326262	96.218509004569
3994.33686996388	96.1922294522146
3994.81898666515	96.1572801827093
3995.30110336641	96.1211786019759
3995.78322006767	96.0904321434252
3996.26533676894	96.0678497718948
3996.7474534702	96.0520567618333
3997.22957017146	96.0399766352851
3997.71168687272	96.0301547141831
3998.19380357399	96.0244522808144
3998.67592027525	96.0275408926507
3999.15803697651	96.0435076487504
3999.64015367778	96.0722994573151
4000.12227037904	96.1077931420838
