X	Y
400.156862048283	57.7273471255452
400.638978749546	57.5931014682609
401.121095450809	57.3086704161232
401.603212152072	57.0001591801654
402.085328853335	56.792065965154
402.567445554598	56.7370191120677
403.049562255861	56.8006520083987
403.531678957124	56.8909189613497
404.013795658387	56.9200049977019
404.49591235965	56.8513025612481
404.978029060913	56.712470372111
405.460145762176	56.5733009504407
405.942262463439	56.5003636247854
406.424379164702	56.5151070336431
406.906495865965	56.5801236321328
407.388612567228	56.6238261525427
407.870729268491	56.5828305121019
408.352845969754	56.4388254417773
408.834962671017	56.2222319613202
409.31707937228	55.9916964372184
409.799196073543	55.790493166437
410.281312774806	55.6172060058065
410.763429476069	55.4201790130698
411.245546177332	55.1344735322138
411.727662878595	54.7199731022935
412.209779579858	54.1945977306261
412.691896281121	53.6287048728687
413.174012982384	53.1198888412228
413.656129683647	52.734917925813
414.13824638491	52.4724876993924
414.620363086173	52.258693648379
415.102479787436	51.9891435686318
415.584596488699	51.5797096967146
416.066713189962	51.0055164395205
416.548829891225	50.3132948054614
417.030946592488	49.6081912362676
417.513063293751	49.0142816622401
417.995179995014	48.6076515494529
418.477296696277	48.3757633334854
418.95941339754	48.2187689167701
419.441530098803	48.0252252559694
419.923646800066	47.7334997428189
420.405763501329	47.3647587514423
420.887880202592	46.9849816600295
421.369996903855	46.6547906001248
421.852113605118	46.3864206532376
422.334230306381	46.1431342975964
422.816347007644	45.8640356875522
423.298463708907	45.5074245923807
423.78058041017	45.0793508519597
424.262697111433	44.6378053315288
424.744813812696	44.2590262236352
425.226930513959	43.9915601703842
425.709047215222	43.82035165309
426.191163916485	43.6716335679405
426.673280617748	43.4498091445356
427.155397319011	43.0899762466811
427.637514020273	42.5958800325378
428.119630721537	42.0415322144054
428.6017474228	41.5416691046842
429.083864124063	41.1899529183265
429.565980825325	41.0207890513701
430.048097526588	40.9858899050471
430.530214227852	40.9879023549196
431.012330929114	40.9220887006611
431.494447630377	40.7314049283811
431.97656433164	40.4234034091497
432.458681032903	40.0552331482122
432.940797734166	39.6916260516629
433.422914435429	39.3641728419316
433.905031136692	39.0555625356301
434.387147837955	38.7152894796893
434.869264539218	38.2964466758424
435.351381240481	37.7903267225654
435.833497941744	37.2386365437582
436.315614643007	36.7164700382264
436.79773134427	36.2915963933231
437.279848045533	35.9819771394776
437.761964746796	35.7475771480932
438.244081448059	35.5148203438438
438.726198149322	35.2260614204107
439.208314850585	34.8685537193136
439.690431551848	34.4865389063294
440.172548253111	34.1534119997583
440.654664954374	33.9386971998158
441.136781655637	33.8625097506774
441.6188983569	33.8845092897931
442.101015058163	33.9203870342708
442.583131759426	33.8913058007348
443.065248460689	33.7640313938753
443.547365161952	33.5636300252657
444.029481863215	33.3527545220254
444.511598564478	33.1901217927545
444.993715265741	33.0930959374353
445.475831967004	33.0260135635149
445.957948668267	32.921345045893
446.44006536953	32.7194390357679
446.922182070793	32.4065726162931
447.404298772056	32.0231251214584
447.886415473319	31.6456267453765
448.368532174582	31.3400624537325
448.850648875845	31.1313180013785
449.332765577108	30.9874347875845
449.814882278371	30.8463152252028
450.296998979634	30.6494960342798
450.779115680897	30.3813150342092
451.26123238216	30.0769423041418
451.743349083423	29.8081067099902
452.225465784686	29.6393315534857
452.707582485949	29.5895491987044
453.189699187212	29.6176418723458
453.671815888475	29.6458071673829
454.153932589738	29.6006427504804
454.636049291001	29.448076196244
455.118165992264	29.2083457716656
455.600282693527	28.941809069543
456.08239939479	28.7180025417095
456.564516096053	28.575106780523
457.046632797316	28.5037769638728
457.528749498579	28.454327555496
458.010866199842	28.3774643519656
458.492982901105	28.2574830469583
458.975099602368	28.129314869426
459.457216303631	28.0535150452865
459.939333004894	28.083359599724
460.421449706157	28.2278143033286
460.90356640742	28.4477626221705
461.385683108683	28.6722425112158
461.867799809946	28.8374849868157
462.349916511209	28.9166664259194
462.832033212472	28.9300736681369
463.314149913735	28.9305169087413
463.796266614998	28.9709736025073
464.278383316261	29.0738814778403
464.760500017524	29.2180416697689
465.242616718787	29.3531478852473
465.72473342005	29.4296608755736
466.206850121313	29.4300329413051
466.688966822576	29.3776729337649
467.171083523839	29.3269090607453
467.653200225102	29.3292564245463
468.135316926365	29.4089153477514
468.617433627628	29.5475148268593
469.099550328891	29.7016282290427
469.581667030154	29.828137859378
470.063783731417	29.9143902857192
470.54590043268	29.9851279011754
471.028017133943	30.0922578670148
471.510133835206	30.2832799052492
471.992250536469	30.5729530819057
472.474367237732	30.9323435076287
472.956483938995	31.3052962426416
473.438600640258	31.6400498293375
473.920717341521	31.9157630100584
474.402834042784	32.1502016225394
474.884950744047	32.3834421812659
475.36706744531	32.6512515014666
475.849184146573	32.9618054905999
476.331300847836	33.2926678582253
476.813417549099	33.6048331872204
477.295534250362	33.8703800772579
477.777650951625	34.0893147700826
478.259767652888	34.2945521225041
478.741884354151	34.5315028915755
479.224001055414	34.8355631524209
479.706117756677	35.2070579175311
480.18823445794	35.6118994465073
480.670351159203	35.9971161687769
481.152467860466	36.3234025704979
481.634584561729	36.5868410831847
482.116701262992	36.8241686785997
482.598817964255	37.0943850125086
483.080934665518	37.4499119341242
483.563051366781	37.9102709665231
484.045168068043	38.4515013457689
484.527284769307	39.0203574624211
485.00940147057	39.5620414636414
485.491518171832	40.0499304325452
485.973634873095	40.4922283996144
486.455751574358	40.9241340852972
486.937868275621	41.3817929769388
487.419984976884	41.884390860655
487.902101678147	42.4233534081195
488.38421837941	42.9732484071517
488.866335080673	43.5082784103756
489.348451781936	44.0212683055543
489.830568483199	44.5278980696462
490.312685184462	45.0586201308682
490.794801885725	45.6387922166711
491.276918586988	46.2731518524607
491.759035288251	46.9419766729914
492.241151989514	47.6131307897573
492.723268690777	48.2602410612258
493.20538539204	48.8777566950823
493.687502093303	49.4832251429487
494.169618794566	50.1065110435177
494.651735495829	50.7718830818977
495.133852197092	51.4825998978516
495.615968898355	52.2199041176273
496.098085599618	52.9534380383796
496.580202300881	53.6614042754759
497.062319002144	54.341518305636
497.544435703407	55.0147606989895
498.02655240467	55.712435500365
498.508669105933	56.462412512077
498.990785807196	57.2733077216493
499.472902508459	58.1330157955918
499.955019209722	59.0165161402761
500.437135910985	59.9015485634491
500.919252612248	60.7794294452726
501.401369313511	61.6563220888665
501.883486014774	62.5451000095914
502.365602716037	63.452461886957
502.8477194173	64.369397045404
503.329836118563	65.2733704674553
503.811952819826	66.1381482539531
504.294069521089	66.9478827881639
504.776186222352	67.7056353067143
505.258302923615	68.4313292043949
505.740419624878	69.1522547217252
506.222536326141	69.887998379259
506.704653027404	70.6420119000365
507.186769728667	71.3994971701702
507.66888642993	72.1373454364679
508.151003131193	72.8350867029305
508.633119832456	73.4863445659835
509.115236533719	74.0996325945685
509.597353234982	74.692646200972
510.079469936245	75.2808878935748
510.561586637508	75.8699798635671
511.043703338771	76.4537488158176
511.525820040034	77.0195703111961
512.007936741297	77.5566427490928
512.49005344256	78.062205338131
512.972170143823	78.5426750419159
513.454286845086	79.0085121141227
513.936403546349	79.4669247031224
514.418520247612	79.9161430760007
514.900636948875	80.3452490610855
515.382753650138	80.739599111011
515.864870351401	81.0898258095983
516.346987052664	81.3969722768205
516.829103753927	81.6740371180422
517.31122045519	81.9394875762293
517.793337156453	82.2106686681424
518.275453857716	82.4949283253294
518.757570558979	82.7881878789192
519.239687260242	83.0789518695543
519.721803961505	83.3560089932171
520.203920662768	83.6141022669522
520.686037364031	83.8550290988639
521.168154065294	84.0842757306948
521.650270766557	84.3055213529849
522.13238746782	84.5165681805579
522.614504169083	84.7099176877311
523.096620870346	84.8766168055556
523.578737571609	85.0121907012841
524.060854272872	85.1208668388595
524.542970974135	85.2155842892502
525.025087675398	85.3133435435492
525.507204376661	85.4264611240213
525.989321077924	85.5576187934816
526.471437779187	85.6974694200137
526.95355448045	85.8308088778183
527.435671181713	85.9433194885021
527.917787882976	86.0294336062478
528.399904584239	86.0935343852605
528.882021285502	86.1468412435571
529.364137986765	86.2003831715318
529.846254688028	86.2591358808459
530.328371389291	86.3198800969551
530.810488090554	86.3736225223061
531.292604791817	86.4111003192035
531.77472149308	86.4278712923118
532.256838194343	86.4268260534236
532.738954895606	86.4160856751377
533.221071596869	86.4041542482355
533.703188298132	86.3943879901053
534.185304999395	86.3832747179668
534.667421700658	86.3621553336405
535.149538401921	86.3228713149232
535.631655103184	86.2618001964472
536.113771804447	86.1824904749627
536.59588850571	86.0930948151603
537.078005206973	86.0024263117219
537.560121908236	85.9145204206746
538.042238609499	85.8269262986353
538.524355310762	85.732585484407
539.006472012025	85.6251063561747
539.488588713288	85.5034824511259
539.97070541455	85.3742119607123
540.452822115814	85.2486861053359
540.934938817076	85.1380885406449
541.417055518339	85.0479386890595
541.899172219603	84.9749392374566
542.381288920865	84.9085814468333
542.863405622128	84.8358024816541
543.345522323391	84.7476102995267
543.827639024654	84.6416105423611
544.309755725918	84.5224510305569
544.79187242718	84.397889527278
545.273989128443	84.2753700722089
545.756105829706	84.1588701488641
546.238222530969	84.0491861486634
546.720339232232	83.9467739819636
547.202455933495	83.8544866241466
547.684572634758	83.7780063429123
548.166689336021	83.7240939478101
548.648806037284	83.6959202895067
549.130922738547	83.6898821418504
549.61303943981	83.6945589771485
550.095156141073	83.6949985629563
550.577272842336	83.6779726382924
551.059389543599	83.6367190699899
551.541506244862	83.5735384218311
552.023622946125	83.4977617747549
552.505739647388	83.4215584742776
552.987856348651	83.3541630674088
553.469973049914	83.3002832829589
553.952089751177	83.2603929917543
554.43420645244	83.2337370879884
554.916323153703	83.2212618129127
555.398439854966	83.2262860904615
555.880556556229	83.2521035062692
556.362673257492	83.2986198558857
556.844789958755	83.3595463306205
557.326906660018	83.4236964400321
557.809023361281	83.4778754558157
558.291140062544	83.51341383814
558.773256763807	83.529849309541
559.25537346507	83.5354479456428
559.737490166333	83.5430163401425
560.219606867596	83.5640633306072
560.701723568859	83.6037025881513
561.183840270122	83.6584195777734
561.665956971385	83.7186355170749
562.148073672648	83.7738633803895
562.630190373911	83.8185674756151
563.112307075174	83.8538518160172
563.594423776437	83.8862950904668
564.0765404777	83.9230169166756
564.558657178963	83.9679397477589
565.040773880226	84.0193277523042
565.522890581489	84.0718679743057
566.005007282752	84.1202092431089
566.487123984015	84.1633769125538
566.969240685278	84.2059279820399
567.451357386541	84.2565399284759
567.933474087804	84.3231506604725
568.415590789067	84.4087520968295
568.89770749033	84.5097929852985
569.379824191593	84.618142366964
569.861940892856	84.7253452023304
570.344057594119	84.8265480882546
570.826174295382	84.9226197231451
571.308290996645	85.0184941603529
571.790407697908	85.1195400760544
572.272524399171	85.227475191136
572.754641100434	85.3390749835991
573.236757801697	85.4474461586238
573.71887450296	85.5462652309402
574.200991204223	85.6327389892839
574.683107905486	85.7097079588735
575.165224606749	85.7837728168116
575.647341308012	85.8622593348599
576.129458009275	85.9486849586716
576.611574710538	86.0409200128939
577.093691411801	86.1321223346703
577.575808113064	86.2146517057402
578.057924814327	86.2840672427801
578.54004151559	86.3412188159773
579.022158216853	86.391924354144
579.504274918116	86.4442714511154
579.986391619379	86.505443508906
580.468508320642	86.5785469206299
580.950625021905	86.6625032071386
581.432741723168	86.7533643967409
581.914858424431	86.8470291139417
582.396975125694	86.9405889259896
582.879091826957	87.0328958410897
583.36120852822	87.1237308534336
583.843325229483	87.2126736435651
584.325441930746	87.2988119760564
584.807558632009	87.3815373634692
585.289675333272	87.4618330406883
585.771792034535	87.5430892291798
586.253908735798	87.6303399018614
586.736025437061	87.728812142535
587.218142138324	87.8410178041228
587.700258839587	87.965331383117
588.18237554085	88.0959461973281
588.664492242113	88.2253985837623
589.146608943376	88.3473031490509
589.628725644639	88.458644241789
590.110842345902	88.560732183845
590.592959047165	88.658003458199
591.075075748428	88.7558883009272
591.557192449691	88.8581501895478
592.039309150954	88.9662944771823
592.521425852217	89.0799577470836
593.00354255348	89.1984335083686
593.485659254743	89.322091518794
593.967775956006	89.4525726167217
594.449892657268	89.5916153455204
594.932009358532	89.7395490155957
595.414126059795	89.8940043493729
595.896242761057	90.0504206795599
596.378359462321	90.2029850877795
596.860476163583	90.3472419622457
597.342592864846	90.4814315652497
597.82470956611	90.6066040302125
598.306826267372	90.725533865663
598.788942968635	90.8409733911116
599.271059669898	90.9543775686537
599.753176371161	91.0654514022866
600.235293072424	91.1731200269692
600.717409773687	91.2768158073682
601.19952647495	91.377354444961
601.681643176213	91.4768742557931
602.163759877476	91.5777429260543
602.645876578739	91.6810794331038
603.127993280002	91.7860277230736
603.610109981265	91.889991618106
604.092226682528	91.990037219462
604.574343383791	92.0840332470948
605.056460085054	92.1717613753905
605.538576786317	92.2546430412305
606.02069348758	92.3349013308061
606.502810188843	92.4142580250859
606.984926890106	92.4934753493149
607.467043591369	92.5728151615975
607.949160292632	92.6530068299894
608.431276993895	92.7361500441219
608.913393695158	92.8258738964987
609.395510396421	92.9258504462085
609.877627097684	93.0381684102046
610.359743798947	93.1616823020568
610.84186050021	93.2919682132045
611.323977201473	93.4222960056496
611.806093902736	93.5460967389761
612.288210603999	93.6596394201893
612.770327305262	93.7627078054856
613.252444006525	93.8583994071228
613.734560707788	93.9509795129852
614.216677409051	94.0443319883022
614.698794110314	94.140395211078
615.180910811577	94.2394391244052
615.66302751284	94.3414700032541
616.145144214103	94.4477968279802
616.627260915366	94.5616851290041
617.109377616629	94.6879019970697
617.591494317892	94.8303624991613
618.073611019155	94.9899212405459
618.555727720418	95.1631044401897
619.037844421681	95.342880097549
619.519961122944	95.5203131316646
620.002077824207	95.6868385614648
620.48419452547	95.836719563718
620.966311226733	95.9671059242304
621.448427927996	96.077938493052
621.930544629259	96.1709492116887
622.412661330522	96.2488459543366
622.894778031785	96.3147548895089
623.376894733048	96.3719389948752
623.859011434311	96.4242951931607
624.341128135574	96.4760130986725
624.823244836837	96.530830545303
625.3053615381	96.5914972784551
625.787478239363	96.6586574619205
626.269594940626	96.7308481056236
626.751711641889	96.8050847370018
627.233828343152	96.8783540894842
627.715945044415	96.9488291145559
628.198061745678	97.0164463608779
628.680178446941	97.0826646809351
629.162295148204	97.1495853921664
629.644411849467	97.2189568127773
630.12652855073	97.2915129999182
630.608645251993	97.3672257681195
631.090761953256	97.4460386204833
631.572878654519	97.5285278517353
632.054995355782	97.6161740436635
632.537112057045	97.710809356817
633.019228758308	97.813551425339
633.501345459571	97.9239991580996
633.983462160834	98.0399297943452
634.465578862097	98.1580644035038
634.94769556336	98.2749783782492
635.429812264623	98.3884606609022
635.911928965886	98.497910926936
636.394045667149	98.6039474953177
636.876162368412	98.7074776048316
637.358279069675	98.8087832990192
637.840395770938	98.9070420219785
638.322512472201	99.0007744500075
638.804629173464	99.088510211755
639.286745874727	99.1695492729376
639.76886257599	99.2442011723881
640.250979277253	99.3133150262902
640.733095978516	99.377336347829
641.215212679779	99.4355274969544
641.697329381042	99.4857240630613
642.179446082305	99.5249181389927
642.661562783568	99.5505901327843
643.143679484831	99.5615824093152
643.625796186094	99.5588821629359
644.107912887357	99.5451473224086
644.59002958862	99.5239732432405
645.072146289883	99.4983422555581
645.554262991146	99.4697974040325
646.036379692409	99.4385233617213
646.518496393672	99.4040480945645
647.000613094935	99.3664224045532
647.482729796198	99.3271678076256
647.964846497461	99.2891812185585
648.446963198724	99.2560764030074
648.929079899987	99.230923843236
649.41119660125	99.215000578949
649.893313302513	99.2077170594536
650.375430003776	99.2072052838151
650.857546705039	99.2116347806527
651.339663406301	99.2199979338111
651.821780107565	99.2325603266535
652.303896808828	99.2503640838518
652.78601351009	99.2745234221335
653.268130211354	99.3054319267698
653.750246912616	99.3425841193959
654.232363613879	99.3848337726912
654.714480315143	99.4310130340803
655.196597016405	99.480424411496
655.678713717668	99.5328882307087
656.160830418931	99.5885464262025
656.642947120194	99.6474816619529
657.125063821457	99.7094725800631
657.60718052272	99.7740114657863
658.089297223983	99.8404392356851
658.571413925246	99.9079873407235
659.053530626509	99.9757923732188
659.535647327772	100.042508786992
660.017764029035	100.10608252016
660.499880730298	100.164013004036
660.981997431561	100.213453836143
661.464114132824	100.25190400702
661.946230834087	100.277682680063
662.42834753535	100.289568934001
662.910464236613	100.286088324528
663.392580937876	100.264280801006
663.874697639139	100.217638356822
664.356814340402	100.135169184294
664.838931041665	100.000586733686
665.321047742928	99.7908733196901
665.803164444191	99.4778443237933
666.285281145454	99.0325659018148
666.767397846717	98.4434142901333
667.24951454798	97.7450063709115
667.731631249243	97.0553121266281
668.213747950506	96.5556529962987
668.695864651769	96.3719109204747
669.177981353032	96.4847212483308
669.660098054295	96.7683000490162
670.142214755558	97.099847103192
670.624331456821	97.4004087348382
671.106448158084	97.6368961048171
671.588564859347	97.8051117727549
672.07068156061	97.9126218075607
672.552798261873	97.9733304139358
673.034914963136	98.0018511225035
673.517031664399	98.0116448965826
673.999148365662	98.0122771145172
674.481265066925	98.0094064168047
674.963381768188	98.0063323891075
675.445498469451	98.0049221430186
675.927615170714	98.006582585371
676.409731871977	98.0121634885418
676.89184857324	98.0212883152561
677.373965274503	98.0320015269151
677.856081975766	98.0410622018907
678.338198677029	98.04531390788
678.820315378292	98.042574792054
679.302432079555	98.0324877699542
679.784548780818	98.0163036462925
680.266665482081	97.9961196028824
680.748782183344	97.973692773941
681.230898884607	97.9496453809053
681.71301558587	97.9235228895975
682.195132287133	97.8943904244579
682.677248988396	97.8616700475841
683.159365689659	97.8254637089921
683.641482390922	97.7862726838545
684.123599092185	97.7441051779894
684.605715793448	97.6974425041372
685.087832494711	97.642989178377
685.569949195974	97.5761746543261
686.052065897237	97.4923216906064
686.5341825985	97.3887332257208
687.016299299763	97.2659612840539
687.498416001026	97.1288106025033
687.980532702289	96.9853481520855
688.462649403552	96.8462327783793
688.944766104815	96.7226486798844
689.426882806078	96.6237501020117
689.908999507341	96.5565898214708
690.391116208604	96.5250622654131
690.873232909867	96.529713163129
691.35534961113	96.5678137400679
691.837466312393	96.6335058933628
692.319583013656	96.7190844668393
692.801699714919	96.8157047841588
693.283816416182	96.9160335588314
693.765933117445	97.0156210926117
694.248049818708	97.113174964391
694.730166519971	97.2102921310343
695.212283221234	97.3100048843456
695.694399922497	97.4153942774038
696.17651662376	97.5281305488787
696.658633325023	97.6483426014309
697.140750026286	97.7748665017221
697.622866727549	97.9060865443152
698.104983428812	98.0403439326678
698.587100130075	98.1760880317436
699.069216831338	98.3117845401094
699.551333532601	98.4454464365795
700.033450233864	98.5746681859264
700.515566935127	98.6972333832755
700.99768363639	98.811388677281
701.479800337653	98.9164943041092
701.961917038916	99.013036292431
702.444033740179	99.1022729940551
702.926150441442	99.1855274924803
703.408267142705	99.2634686089017
703.890383843968	99.3357605376451
704.372500545231	99.4010468410884
704.854617246493	99.4573576411273
705.336733947757	99.5025691300534
705.81885064902	99.5351355966091
706.300967350283	99.5542748510385
706.783084051546	99.5600851587048
707.265200752809	99.5533848510856
707.747317454072	99.5354878812907
708.229434155335	99.5079285149175
708.711550856598	99.4721608777514
709.193667557861	99.4296736509837
709.675784259123	99.381932656905
710.157900960387	99.330438852412
710.640017661649	99.2768779814053
711.122134362912	99.2229236820177
711.604251064176	99.170058994721
712.086367765438	99.1196971986089
712.568484466701	99.0731307265085
713.050601167964	99.0317014215046
713.532717869227	98.9970501220455
714.01483457049	98.9707830014717
714.496951271753	98.9540843159163
714.979067973016	98.9470652589478
715.461184674279	98.9482901340455
715.943301375542	98.9547248743154
716.425418076805	98.9623078949269
716.907534778068	98.967525931861
717.389651479331	98.968486120765
717.871768180594	98.9662696490951
718.353884881857	98.9649854897391
718.83600158312	98.9715274769266
719.318118284383	98.9935945695105
719.800234985646	99.0368780593476
720.282351686909	99.1034573527461
720.764468388172	99.1901736332855
721.246585089435	99.2896101580994
721.728701790698	99.3911751917941
722.210818491961	99.4844533231249
722.692935193224	99.5616072631429
723.175051894487	99.618219327624
723.65716859575	99.6540025295675
724.139285297013	99.6714539522834
724.621401998276	99.6743272719724
725.103518699539	99.6656372574282
725.585635400802	99.6468133333306
726.067752102065	99.6174621730558
726.549868803328	99.5761192075931
727.031985504591	99.5212141684189
727.514102205854	99.452075336803
727.996218907117	99.3692590628704
728.47833560838	99.2743945602279
728.960452309643	99.1695878624183
729.442569010906	99.0566939651457
729.924685712169	98.9372259006932
730.406802413432	98.812249562638
730.888919114695	98.6827280212168
731.371035815958	98.5499393359315
731.853152517221	98.4156784434231
732.335269218484	98.2819496528581
732.817385919747	98.1510697102708
733.29950262101	98.0248355380606
733.781619322273	97.9044173460719
734.263736023536	97.7900516519413
734.745852724799	97.6812984860922
735.227969426062	97.5772224986686
735.710086127325	97.4769111076866
736.192202828588	97.3797900120602
736.674319529851	97.2856237889149
737.156436231114	97.1945844722271
737.638552932377	97.1069423926234
738.12066963364	97.0230994165829
738.602786334903	96.9434426878063
739.084903036166	96.8684599457169
739.567019737429	96.7987515058196
740.049136438692	96.7347895655202
740.531253139955	96.6766384359788
741.013369841218	96.6233913747455
741.495486542481	96.57294538633
741.977603243744	96.5220516755096
742.459719945007	96.4665082257176
742.94183664627	96.4022967160369
743.423953347533	96.3261694977376
743.906070048796	96.2360893441119
744.388186750059	96.1313637694254
744.870303451322	96.0122618921225
745.352420152585	95.8793039318704
745.834536853848	95.7328236277547
746.316653555111	95.5726690576461
746.798770256374	95.3981888694649
747.280886957637	95.2088725658569
747.7630036589	95.0045066989627
748.245120360163	94.7857815068678
748.727237061426	94.5538793748206
749.209353762689	94.310571866079
749.691470463952	94.057550759799
750.173587165215	93.7959184515714
750.655703866478	93.5266024079193
751.137820567741	93.2502081286485
751.619937269004	92.9678383659324
752.102053970267	92.6811307730743
752.58417067153	92.3923947748554
753.066287372793	92.1037899008124
753.548404074056	91.8171399107605
754.030520775319	91.5332127933524
754.512637476582	91.2517937352091
754.994754177845	90.9725019941127
755.476870879108	90.6951767183293
755.958987580371	90.4208108173396
756.441104281634	90.1510312161357
756.923220982897	89.8875976595032
757.40533768416	89.6315588627239
757.887454385423	89.3824736469659
758.369571086686	89.1390282895206
758.851687787949	88.8993498720991
759.333804489212	88.6624420084458
759.815921190475	88.428319132896
760.298037891738	88.1980244236589
760.780154593001	87.9724509578815
761.262271294264	87.7511099203159
761.744387995526	87.5316863855043
762.22650469679	87.3102956715701
762.708621398053	87.0829640004878
763.190738099315	86.8466113963347
763.672854800579	86.6004861339554
764.154971501841	86.3457955995323
764.637088203104	86.0845640784311
765.119204904368	85.8183641302177
765.601321605631	85.5470772256862
766.083438306893	85.2691938118269
766.565555008156	84.9826131684406
767.04767170942	84.6861771726795
767.529788410682	84.3805827782252
768.011905111945	84.0678726777455
768.494021813209	83.7508638112654
768.976138514471	83.4309523701884
769.458255215734	83.1076598354433
769.940371916997	82.7783273271105
770.42248861826	82.4400912957242
770.904605319523	82.0915981232928
771.386722020786	81.7341003993454
771.868838722049	81.3717691128354
772.350955423312	81.009790944432
772.833072124575	80.6531080489427
773.315188825838	80.3039718364425
773.797305527101	79.9624728824166
774.279422228364	79.6275219765381
774.761538929627	79.2985702381781
775.24365563089	78.9773459632651
775.725772332153	78.6674039367254
776.207889033416	78.3727591823017
776.690005734679	78.0958220042842
777.172122435942	77.8361600140744
777.654239137205	77.5908741505876
778.136355838468	77.355788686384
778.618472539731	77.1284574754957
779.100589240994	76.9091136682592
779.582705942257	76.7007915126567
780.06482264352	76.5070533611548
780.546939344783	76.3298823426496
781.029056046046	76.1681630720115
781.511172747309	76.0180164166915
781.993289448572	75.8750334216006
782.475406149835	75.7364353938937
782.957522851098	75.6029614478224
783.439639552361	75.4782027727209
783.921756253624	75.3667244546278
784.403872954887	75.2709739971097
784.88598965615	75.1897524252154
785.368106357413	75.1183825757204
785.850223058676	75.0512165261258
786.332339759939	74.9839234802012
786.814456461202	74.9155898567684
787.296573162465	74.8484692921453
787.778689863728	74.7862025530052
788.260806564991	74.7309851607034
788.742923266254	74.6820129345447
789.225039967517	74.6354681496392
789.70715666878	74.5867171691329
790.189273370043	74.5328252955239
790.671390071306	74.4741192253211
791.153506772569	74.4140281108997
791.635623473832	74.3571050628613
792.117740175095	74.3068070986063
792.599856876358	74.2636027081721
793.081973577621	74.225467222839
793.564090278884	74.1897097302829
794.046206980147	74.1555503069679
794.52832368141	74.1253962973456
795.010440382673	74.1044237010506
795.492557083936	74.0979091307505
795.974673785199	74.1090834404704
796.456790486462	74.1372379394978
796.938907187725	74.1786419743151
797.421023888988	74.2285372396186
797.903140590251	74.2843733301416
798.385257291514	74.3472807215988
798.867373992777	74.4217991723036
799.34949069404	74.5134219089974
799.831607395303	74.6256154768018
800.313724096566	74.7584515215777
800.795840797829	74.9085992824192
801.277957499092	75.0718391167033
801.760074200355	75.2454103292412
802.242190901618	75.4298717315902
802.724307602881	75.628767767424
803.206424304144	75.8464124210038
803.688541005407	76.0853193621397
804.17065770667	76.3445786591769
804.652774407933	76.6203363948647
805.134891109196	76.9078200607616
805.617007810459	77.2033591113598
806.099124511722	77.5062355062136
806.581241212985	77.8178226028397
807.063357914248	78.1403786301334
807.545474615511	78.4744158795459
808.027591316774	78.8182092661147
808.509708018037	79.1676826698974
808.9918247193	79.5185372370474
809.473941420563	79.8683258646599
809.956058121826	80.2167339376781
810.438174823089	80.5656724345776
810.920291524352	80.9171283748191
811.402408225615	81.2721074127437
811.884524926878	81.6294498880242
812.366641628141	81.9866844866107
812.848758329404	82.3417266846554
813.330875030667	82.6939617570818
813.81299173193	83.0450811015678
814.295108433193	83.3977278466781
814.777225134456	83.7540925464308
815.259341835719	84.1140793386598
815.741458536982	84.4748534374038
816.223575238245	84.8323367476644
816.705691939508	85.1822983029377
817.187808640771	85.5232312966518
817.669925342034	85.8567770390365
818.152042043297	86.1882107305427
818.634158744559	86.5243583385741
819.116275445823	86.8717491674087
819.598392147086	87.2357370776261
820.080508848348	87.6186296744276
820.562625549612	88.0204655651792
821.044742250874	88.4388063662135
821.526858952137	88.8701416586686
822.008975653401	89.3096470136541
822.491092354663	89.7518133972183
822.973209055926	90.1918811230481
823.455325757189	90.6255959709658
823.937442458452	91.0506852716419
824.419559159715	91.4664691265557
824.901675860978	91.8738126413442
825.383792562241	92.2735727769371
825.865909263504	92.6657744710094
826.348025964767	93.0492493696168
826.83014266603	93.4213863587979
827.312259367293	93.7796548898811
827.794376068556	94.1216818298962
828.276492769819	94.4463808120822
828.758609471082	94.7531365719874
829.240726172345	95.0411299541294
829.722842873608	95.3089161858285
830.204959574871	95.5539173171519
830.687076276134	95.7732222488523
831.169192977397	95.9643855689016
831.65130967866	96.1261900404551
832.133426379923	96.2583488912273
832.615543081186	96.3609289320604
833.097659782449	96.4333821137306
833.579776483712	96.4738028341185
834.061893184975	96.4794647050494
834.544009886238	96.4472759948307
835.026126587501	96.3748648359676
835.508243288764	96.261023765754
835.990359990027	96.1049860118693
836.47247669129	95.9051789452204
836.954593392553	95.6582814878826
837.436710093816	95.3575197647313
837.918826795079	94.9930601335132
838.400943496342	94.5517055305771
838.883060197605	94.0155275530668
839.365176898868	93.3623272512108
839.847293600131	92.5655169320317
840.329410301394	91.5941142014667
840.811527002657	90.4206619512797
841.29364370392	89.0302396001051
841.775760405183	87.4330985918392
842.257877106446	85.6756196903777
842.739993807709	83.8488022760929
843.222110508972	82.0892539635817
843.704227210235	80.5511455472036
844.186343911498	79.4005110196715
844.668460612761	78.7795501384818
845.150577314024	78.771879702617
845.632694015287	79.3924872679077
846.11481071655	80.5743315787039
846.596927417813	82.188014143589
847.079044119076	84.0540469781992
847.561160820339	85.9915977618388
848.043277521602	87.8472256730186
848.525394222865	89.5040828337975
849.007510924128	90.8985589641152
849.489627625391	92.0119116309521
849.971744326654	92.8572841755082
850.453861027917	93.4665049215996
850.93597772918	93.8800360018723
851.418094430443	94.1393497592853
851.900211131706	94.2797191956435
852.382327832969	94.3321050385846
852.864444534232	94.3219415888344
853.346561235495	94.2671966247719
853.828677936758	94.1806851092548
854.310794638021	94.0692937034086
854.792911339284	93.9354698828633
855.275028040547	93.7797059201266
855.75714474181	93.6029004727306
856.239261443073	93.4076024779179
856.721378144336	93.1987480218092
857.203494845599	92.9821119645176
857.685611546862	92.7623811570442
858.167728248125	92.542404397484
858.649844949388	92.3223432762533
859.131961650651	92.1011485981708
859.614078351914	91.8778455315622
860.096195053177	91.6531011061509
860.57831175444	91.4293598962441
861.060428455703	91.2099208329624
861.542545156966	90.9974764984129
862.024661858229	90.7929179836062
862.506778559492	90.5953642328506
862.988895260755	90.4029645315848
863.471011962018	90.214415990665
863.953128663281	90.0299857817562
864.435245364544	89.8512331066564
864.917362065807	89.6802730158236
865.39947876707	89.5178085357944
865.881595468333	89.3623987913707
866.363712169596	89.2100707510165
866.845828870859	89.055933840864
867.327945572122	88.8958537351684
867.810062273385	88.7273323931446
868.292178974648	88.550205151385
868.774295675911	88.3653905611316
869.256412377174	88.1736963356742
869.738529078437	87.9744507842974
870.2206457797	87.7656092224188
870.702762480963	87.5444777763402
871.184879182226	87.3091647458938
871.666995883489	87.0596927629599
872.149112584752	86.7978283303274
872.631229286015	86.5262186073884
873.113345987278	86.2467800278787
873.595462688541	85.9597443369495
874.077579389804	85.6636021878923
874.559696091067	85.3558332649308
875.04181279233	85.0350011215587
875.523929493593	84.7014286076034
876.006046194856	84.3578407635153
876.488162896119	84.0077081119164
876.970279597381	83.6539901489415
877.452396298645	83.2978866438935
877.934512999907	82.9383856115873
878.41662970117	82.5738881289208
878.898746402434	82.2033268233131
879.380863103696	81.8279218370691
879.862979804959	81.4506993937139
880.345096506222	81.0758765355621
880.827213207485	80.7061925592337
881.309329908748	80.3423306232339
881.791446610011	79.9825557490666
882.273563311274	79.6241363579455
882.755680012537	79.26553786379
883.2377967138	78.9074885415202
883.719913415063	78.5531676175689
884.202030116326	78.2064676852434
884.684146817589	77.8699596052413
885.166263518852	77.5432206467732
885.648380220115	77.222583505788
886.130496921378	76.9033347102645
886.612613622641	76.5816612969407
887.094730323904	76.2566032735545
887.576847025167	75.9298946371481
888.05896372643	75.6047682606733
888.541080427693	75.2836439188932
889.023197128956	74.9661744658578
889.505313830219	74.6496659022685
889.987430531482	74.3301297443577
890.469547232745	74.0052983933579
890.951663934008	73.6755411794796
891.433780635271	73.344364013125
891.915897336534	73.0160946710826
892.398014037797	72.6935276614322
892.88013073906	72.3763371563962
893.362247440323	72.0609498741886
893.844364141586	71.7425694599806
894.326480842849	71.4177283860884
894.808597544112	71.0865269336641
895.290714245375	70.7525676632108
895.772830946638	70.4207799892965
896.254947647901	70.0950481127461
896.737064349164	69.7759748525443
897.219181050427	69.4611285166705
897.70129775169	69.1465431502928
898.183414452953	68.8296664601361
898.665531154216	68.5112119523843
899.147647855479	68.1948560829259
899.629764556742	67.8857307505435
900.111881258005	67.5867931386502
900.593997959268	67.2976030462927
901.076114660531	67.0137959697016
901.558231361794	66.7301147290642
902.040348063057	66.4427726848367
902.52246476432	66.151770901133
903.004581465583	65.8608793172767
903.486698166846	65.5753707163501
903.968814868109	65.2989896244208
904.450931569372	65.0314506553972
904.933048270635	64.7687697244857
905.415164971898	64.5055440861887
905.897281673161	64.2380505634725
906.379398374424	63.9666085302751
906.861515075687	63.6952254079041
907.34363177695	63.429606224672
907.825748478213	63.1737329876893
908.307865179476	62.927612379989
908.789981880739	62.6872621609371
909.272098582002	62.4467097039513
909.754215283265	62.2019462638221
910.236331984528	61.9524345676629
910.718448685791	61.7016654181567
911.200565387054	61.4540970045248
911.682682088317	61.2126419803093
912.16479878958	60.9759795484923
912.646915490843	60.7390314027271
913.129032192106	60.4952893996476
913.611148893369	60.2403461145225
914.093265594632	59.9744537207115
914.575382295895	59.7020828545411
915.057498997158	59.4294558071191
915.539615698421	59.1607952716884
916.021732399684	58.8959106693886
916.503849100947	58.6305125341993
916.98596580221	58.3585388991858
917.468082503473	58.0759620244291
917.950199204736	57.7831998555304
918.432315905999	57.485292728802
918.914432607262	57.1893169400424
919.396549308525	56.8999621739711
919.878666009788	56.6176651821326
920.360782711051	56.3378297085471
920.842899412314	56.0543979581228
921.325016113577	55.7626584319487
921.80713281484	55.4627827382123
922.289249516103	55.1594124937941
922.771366217366	54.8593767608399
923.253482918629	54.5678860083723
923.735599619892	54.2854172506212
924.217716321155	54.0080573162059
924.699833022418	53.7298332807994
925.181949723681	53.4469803517314
925.664066424944	53.1600606677693
926.146183126207	52.8743539243197
926.62829982747	52.5968987571163
927.110416528733	52.3327075780013
927.592533229996	52.0819565914488
928.074649931259	51.8397847964992
928.556766632522	51.5992468793736
929.038883333784	51.3554470640531
929.521000035048	51.1082135718446
930.003116736311	50.8623404787313
930.485233437573	50.6241378926718
930.967350138837	50.3983493298929
931.4494668401	50.1844990809259
931.931583541362	49.9776144214443
932.413700242626	49.7702638583641
932.895816943889	49.5572921485423
933.377933645151	49.3384693027915
933.860050346414	49.1183984548715
934.342167047678	48.9038170525522
934.82428374894	48.6991756172701
935.306400450203	48.5043350776761
935.788517151467	48.3142220890321
936.270633852729	48.122086852793
936.752750553992	47.9232016266941
937.234867255255	47.7178671249571
937.716983956518	47.5113946615631
938.199100657781	47.3110517732058
938.681217359044	47.1217145772419
939.163334060307	46.9432069554455
939.64545076157	46.7703545452436
940.127567462833	46.5965265188894
940.609684164096	46.4171331423495
941.091800865359	46.2331917718632
941.573917566622	46.0504319189802
942.056034267885	45.8769984096101
942.538150969148	45.7183516314803
943.020267670411	45.5745829813274
943.502384371674	45.4403662181623
943.984501072937	45.3082145029786
944.4666177742	45.1731011252909
944.948734475463	45.0350214329759
945.430851176726	44.8992700598445
945.912967877989	44.7730794186431
946.395084579252	44.6617960897296
946.877201280515	44.5654552888361
947.359317981778	44.4790392025442
947.841434683041	44.3954865333589
948.323551384304	44.3102957891806
948.805668085567	44.2240683531934
949.28778478683	44.1424993978356
949.769901488093	44.0726806383469
950.252018189356	44.0193912332619
950.734134890619	43.98165619657
951.216251591882	43.9535571164787
951.698368293145	43.9269277840535
952.180484994408	43.8963660883764
952.662601695671	43.8620622867221
953.144718396934	43.829701823474
953.626835098197	43.8069778661962
954.10895179946	43.7990055706979
954.591068500723	43.8055253456526
955.073185201986	43.8208753973962
955.555301903249	43.8373083047833
956.037418604512	43.8491154634497
956.519535305775	43.8560545681305
957.001652007038	43.8630895096194
957.483768708301	43.8775393615172
957.965885409564	43.9042431623251
958.448002110827	43.9430727143425
958.93011881209	43.9886253338892
959.412235513353	44.0339470822653
959.894352214616	44.0740524296349
960.376468915879	44.1093424177831
960.858585617142	44.1450865014769
961.340702318405	44.188809318596
961.822819019668	44.2456736255085
962.304935720931	44.3155976344923
962.787052422194	44.3934081667435
963.269169123457	44.471950856134
963.75128582472	44.5463660382454
964.233402525983	44.6166685975872
964.715519227246	44.6876416876634
965.197635928509	44.7658479770288
965.679752629772	44.85568647227
966.161869331035	44.9564754896284
966.643986032298	45.0626734365839
967.126102733561	45.1668473814706
967.608219434824	45.2641282903375
968.090336136087	45.3544709988386
968.57245283735	45.4427820404083
969.054569538613	45.535236532817
969.536686239876	45.635910988712
970.018802941139	45.7434470578215
970.500919642402	45.8518937237494
970.983036343665	45.9530041581583
971.465153044928	46.0408929730554
971.947269746191	46.1147730145904
972.429386447454	46.1786415373098
972.911503148717	46.2384060015662
973.39361984998	46.2976900321117
973.875736551243	46.3553178625528
974.357853252506	46.4053186189167
974.839969953769	46.4399019025732
975.322086655032	46.4530785888168
975.804203356295	46.4438170645487
976.286320057558	46.4157809273986
976.768436758821	46.3748209800327
977.250553460084	46.3247370209416
977.732670161347	46.2650035870028
978.21478686261	46.1905133874379
978.696903563873	46.0948036759969
979.179020265136	45.9733144665164
979.661136966399	45.8263265078483
980.143253667662	45.6586541553132
980.625370368925	45.4771438600962
981.107487070188	45.2866030178664
981.589603771451	45.087122798933
982.071720472714	44.8740203168515
982.553837173977	44.6411120381383
983.03595387524	44.3844549458527
983.518070576503	44.1053159153273
984.000187277766	43.8097832914222
984.482303979029	43.5061368566261
984.964420680292	43.2009147694725
985.446537381555	42.895228338639
985.928654082818	42.5852710461471
986.410770784081	42.2644668576687
986.892887485344	41.9284966019534
987.375004186606	41.57746338709
987.85712088787	41.2168385920971
988.339237589133	40.8539299619236
988.821354290395	40.4942842348395
989.303470991659	40.1386227229223
989.785587692922	39.7825694724558
990.267704394184	39.4196448253815
990.749821095447	39.0453177733831
991.231937796711	38.6603254206983
991.714054497973	38.2706306287536
992.196171199236	37.883910399326
992.6782879005	37.5055763334765
993.160404601762	37.1353560597549
993.642521303025	36.7677334274959
994.124638004288	36.3947665181442
994.606754705551	36.010857707181
995.088871406814	35.616243565546
995.570988108077	35.2166472083006
996.05310480934	34.820769111734
996.535221510603	34.4343300464327
997.017338211866	34.0576697828719
997.499454913129	33.6845796621333
997.981571614392	33.3067511825454
998.463688315655	32.9176246035171
998.945805016918	32.5163805046713
999.427921718181	32.1083109378888
999.910038419444	31.7015952800541
1000.39215512071	31.3026105273515
1000.87427182197	30.9118085958015
1001.35638852323	30.5239508474752
1001.8385052245	30.131291210914
1002.32062192576	29.7283276742846
1002.80273862702	29.3155933763061
1003.28485532829	28.8993041084136
1003.76697202955	28.4883962285659
1004.24908873081	28.0892237271827
1004.73120543207	27.7019131239601
1005.21332213334	27.3202313319834
1005.6954388346	26.9347009819047
1006.17755553586	26.5390249076888
1006.65967223713	26.1327853218207
1007.14178893839	25.7227222192577
1007.62390563965	25.317804548276
1008.10602234092	24.9252561363748
1008.58813904218	24.5456583339231
1009.07025574344	24.1729594106588
1009.5523724447	23.7980283109182
1010.03448914597	23.4141021101485
1010.51660584723	23.0212694625806
1010.99872254849	22.6262833091922
1011.48083924976	22.2391860556236
1011.96295595102	21.8670197426783
1012.44507265228	21.5105213198338
1012.92718935355	21.1633665493666
1013.40930605481	20.8159591521749
1013.89142275607	20.4611498006569
1014.37353945733	20.0984450426891
1014.8556561586	19.7345646314096
1015.33777285986	19.3794369999864
1015.81988956112	19.0401975937594
1016.30200626239	18.7173596786156
1016.78412296365	18.4039055129971
1017.26623966491	18.0904419310937
1017.74835636617	17.7696947539676
1018.23047306744	17.4419418197078
1018.7125897687	17.1141637693842
1019.19470646996	16.7970771375572
1019.67682317123	16.4982726580083
1020.15893987249	16.2177333865957
1020.64105657375	15.9479163153257
1021.12317327502	15.6778198564049
1021.60528997628	15.3997613724
1022.08740667754	15.1131431369823
1022.5695233788	14.825345436483
1023.05164008007	14.5472136503053
1023.53375678133	14.2870935035942
1024.01587348259	14.0458652644208
1024.49799018386	13.8164890154571
1024.98010688512	13.5881383528741
1025.46222358638	13.3528855680015
1025.94434028765	13.1098979896978
1026.42645698891	12.8662192706037
1026.90857369017	12.6317122250531
1027.39069039143	12.4141304839594
1027.8728070927	12.2135069987306
1028.35492379396	12.0228128169227
1028.83704049522	11.8312520871033
1029.31915719649	11.6313419239255
1029.80127389775	11.4231939719077
1030.28339059901	11.2145860355745
1030.76550730028	11.0165387164006
1031.24762400154	10.8364716075569
1031.7297407028	10.674258713817
1032.21185740406	10.5217282179058
1032.69397410533	10.3676457381511
1033.17609080659	10.20374725861
1033.65820750785	10.0299258799049
1034.14032420912	9.85422671693392
1034.62244091038	9.68835112436285
1035.10455761164	9.54035986450507
1035.58667431291	9.41032883215242
1036.06879101417	9.28980509117834
1036.55090771543	9.16734701478056
1037.03302441669	9.0341558996896
1037.51514111796	8.88998821564038
1037.99725781922	8.74257552793956
1038.47937452048	8.60398978544816
1038.96149122175	8.48293213396905
1039.44360792301	8.37996035040511
1039.92572462427	8.28703115870874
1040.40784132554	8.19227435353048
1040.8899580268	8.08710086013168
1041.37207472806	7.97058249420395
1041.85419142932	7.85024534272337
1042.33630813059	7.73719161127742
1042.81842483185	7.63998901007968
1043.30054153311	7.55901139144513
1043.78265823438	7.48641366772612
1044.26477493564	7.41041235747764
1044.7468916369	7.32274248249136
1045.22900833817	7.22289785989099
1045.71112503943	7.11882008025878
1046.19324174069	7.02154852517514
1046.67535844195	6.93949396537392
1047.15747514322	6.87272610099452
1047.63959184448	6.81355486771987
1048.12170854574	6.75039162118585
1048.60382524701	6.67529558311432
1049.08594194827	6.58853344014029
1049.56805864953	6.49879698263882
1050.0501753508	6.4180231379785
1050.53229205206	6.35425643992413
1051.01440875332	6.30722709453375
1051.49652545458	6.26807216360311
1051.97864215585	6.22462136299612
1052.46075885711	6.1678984465799
1052.94287555837	6.09793304295126
1053.42499225964	6.02341709961829
1053.9071089609	5.95722765326179
1054.38922566216	5.90824589936146
1054.87134236343	5.87691469019633
1055.35345906469	5.85441241460936
1055.83557576595	5.82850512056695
1056.31769246721	5.78957901766748
1056.79980916848	5.73670900725524
1057.28192586974	5.67744897353441
1057.764042571	5.62384592654335
1058.24615927227	5.58473874292289
1058.72827597353	5.56074064082369
1059.21039267479	5.54385961113814
1059.69250937606	5.52247965301972
1060.17462607732	5.48843999555058
1060.65674277858	5.44162901017488
1061.13885947984	5.39037203300415
1061.62097618111	5.34639648156717
1062.10309288237	5.31838934181961
1062.58520958363	5.30629484002368
1063.0673262849	5.30157204466483
1063.54944298616	5.29172641857295
1064.03155968742	5.26831045956025
1064.51367638869	5.23121849886254
1064.99579308995	5.18941607892128
1065.47790979121	5.15507626395081
1065.96002649247	5.13754356105984
1066.44214319374	5.13728125999018
1066.924259895	5.1462459177282
1067.40637659626	5.15198339845971
1067.88849329753	5.1454354307063
1068.37060999879	5.12598400353213
1068.85272670005	5.10171749251589
1069.33484340132	5.08440819216774
1069.81696010258	5.08232549938189
1070.29907680384	5.09555650198512
1070.7811935051	5.11561358949081
1071.26331020637	5.13052175446487
1071.74542690763	5.13139270055092
1072.22754360889	5.11810141104662
1072.70966031016	5.09909697670808
1073.19177701142	5.08692032035214
1073.67389371268	5.09016185978087
1074.15601041395	5.10911108848449
1074.63812711521	5.13496932736576
1075.12024381647	5.15577980613514
1075.60236051773	5.16246780447763
1076.084477219	5.1548893688974
1076.56659392026	5.14135470301978
1077.04871062152	5.13454735376239
1077.53082732279	5.14366492009187
1078.01294402405	5.16928459597081
1078.49506072531	5.20312627429785
1078.97717742657	5.2330719148055
1079.45929412784	5.2504451634243
1079.9414108291	5.25457341924583
1080.42352753036	5.25334049349131
1080.90564423163	5.25822960698841
1081.38776093289	5.27788826251177
1081.86987763415	5.31251946986091
1082.35199433542	5.35403769495171
1082.83411103668	5.39056785160778
1083.31622773794	5.41417342134678
1083.7983444392	5.42509367577457
1084.28046114047	5.4323657547007
1084.76257784173	5.4479607510356
1085.24469454299	5.48089139965729
1085.72681124426	5.53123314386983
1086.20892794552	5.59068547910479
1086.69104464678	5.64659075255169
1087.17316134805	5.68980696690158
1087.65527804931	5.71966984596121
1088.13739475057	5.74431505724823
1088.61951145183	5.77576039410363
1089.1016281531	5.82269285554932
1089.58374485436	5.88587554366207
1090.06586155562	5.95746609113698
1090.54797825689	6.02599543533374
1091.03009495815	6.08265438000378
1091.51221165941	6.12697691693704
1091.99432836068	6.16679706766264
1092.47644506194	6.21397727106387
1092.9585617632	6.27680739025778
1093.44067846446	6.35569945836412
1093.92279516573	6.44241969788412
1094.40491186699	6.52554257009448
1094.88702856825	6.5961600036085
1095.36914526952	6.65364030676387
1095.85126197078	6.70522129085095
1096.33337867204	6.76228232048912
1096.81549537331	6.83298349962157
1097.29761207457	6.91761202114943
1097.77972877583	7.00825313181212
1098.26184547709	7.09371591703486
1098.74396217836	7.16622206199826
1099.22607887962	7.2257876707234
1099.70819558088	7.28056711183539
1100.19031228215	7.34195327772978
1100.67242898341	7.41844180097424
1101.15454568467	7.51008279070157
1101.63666238594	7.60875930771811
1102.1187790872	7.70233805261301
1102.60089578846	7.78233453503169
1103.08301248972	7.84801869022576
1103.56512919099	7.90714455941373
1104.04724589225	7.97066110212991
1104.52936259351	8.04703430801933
1105.01147929478	8.13671092966061
1105.49359599604	8.232345469105
1105.9757126973	8.32260055942245
1106.45782939857	8.39936491561026
1106.93994609983	8.46227254495754
1107.42206280109	8.51904638330218
1107.90417950235	8.58074891825929
1108.38629620362	8.65518759734064
1108.86841290488	8.74251365024565
1109.35052960614	8.83480903161438
1109.83264630741	8.92080145093006
1110.31476300867	8.99174758125755
1110.79687970993	9.04691452792217
1111.2789964112	9.09339980821803
1111.76111311246	9.14228187581684
1112.24322981372	9.20137886816345
1112.72534651498	9.27131406130155
1113.20746321625	9.34477435669883
1113.68957991751	9.41157658835126
1114.17169661877	9.46411787805464
1114.65381332004	9.50257440516426
1115.1359300213	9.53453770671175
1115.61804672256	9.571351863504
1116.10016342383	9.62111138518011
1116.58228012509	9.68414660453367
1117.06439682635	9.75271076883717
1117.54651352761	9.81564225822934
1118.02863022888	9.86483224706096
1118.51074693014	9.89949152283889
1118.9928636314	9.92665994126895
1119.47498033267	9.95681360909785
1119.95709703393	9.99808615802275
1120.43921373519	10.0510436375485
1120.92133043646	10.1087923058731
1121.40344713772	10.1608044332279
1121.88556383898	10.1999447824038
1122.36768054024	10.2262377824777
1122.84979724151	10.2476214324631
1123.33191394277	10.2748106049749
1123.81403064403	10.3160334016939
1124.2961473453	10.3717123775219
1124.77826404656	10.4347166218057
1125.26038074782	10.493986120051
1125.74249744909	10.5413062706968
1126.22461415035	10.5758583242076
1126.70673085161	10.6045048888762
1127.18884755287	10.637443757697
1127.67096425414	10.6818869399624
1128.1530809554	10.7377907281146
1128.63519765666	10.7974408954413
1129.11731435793	10.8498168223193
1129.59943105919	10.8864525390613
1130.08154776045	10.9067429690483
1130.56366446172	10.9179604148337
1131.04578116298	10.9315910565513
1131.52789786424	10.9562405671009
1132.0100145655	10.9937534290933
1132.49213126677	11.0380847660114
1132.97424796803	11.0799026911394
1133.45636466929	11.1116313935431
1133.93848137056	11.1324854756707
1134.42059807182	11.1484627113601
1134.90271477308	11.1690874103187
1135.38483147434	11.2011677016488
1135.86694817561	11.2446206975733
1136.34906487687	11.292220235113
1136.83118157813	11.333904230693
1137.3132982794	11.36276115153
1137.79541498066	11.3789745261279
1138.27753168192	11.3900911669446
1138.75964838319	11.4067402185044
1139.24176508445	11.4370026581232
1139.72388178571	11.4813811693913
1140.20599848697	11.5328023460905
1140.68811518824	11.5803734250135
1141.1702318895	11.6163116088866
1141.65234859076	11.6396860071574
1142.13446529203	11.6573642220104
1142.61658199329	11.679168645991
1143.09869869455	11.71281286502
1143.58081539582	11.7586075843929
1144.06293209708	11.8096572315748
1144.54504879834	11.8552188272694
1145.0271654996	11.8871952669196
1145.50928220087	11.9045991538507
1145.99139890213	11.9138974938996
1146.47351560339	11.9251351607422
1146.95563230466	11.9459602229058
1147.43774900592	11.9777544040479
1147.91986570718	12.0149607647216
1148.40198240845	12.0489972536014
1148.88409910971	12.0735273006199
1149.36621581097	12.0888794127352
1149.84833251223	12.1019504811283
1150.3304492135	12.1225207046366
1150.81256591476	12.1568663000399
1151.29468261602	12.2043502052492
1151.77679931729	12.2570061521908
1152.25891601855	12.3047401052821
1152.74103271981	12.340307437255
1153.22314942108	12.3643305287402
1153.70526612234	12.3845946476205
1154.1873828236	12.412494012052
1154.66949952486	12.4561257584032
1155.15161622613	12.515791235017
1155.63373292739	12.5837630228206
1156.11584962865	12.6486235167208
1156.59796632992	12.7017956819448
1157.08008303118	12.7415891158522
1157.56219973244	12.7740914622945
1158.04431643371	12.8090332733677
1158.52643313497	12.8541905914707
1159.00854983623	12.9103355956903
1159.49066653749	12.9710147545618
1159.97278323876	13.0261806631996
1160.45489994002	13.068774782234
1160.93701664128	13.0985925509896
1161.41913334255	13.1232391865471
1161.90125004381	13.1533269296601
1162.38336674507	13.1975344393979
1162.86548344634	13.2571622416276
1163.3476001476	13.3260916106091
1163.82971684886	13.3939146540474
1164.31183355012	13.4524371904351
1164.79395025139	13.5002846222588
1165.27606695265	13.5433857429131
1165.75818365391	13.5913087045285
1166.24030035518	13.6512398317375
1166.72241705644	13.7239328667841
1167.2045337577	13.8029015800484
1167.68665045897	13.8782638986263
1168.16876716023	13.942015454757
1168.65088386149	13.9929166078486
1169.13300056275	14.0368551862137
1169.61511726402	14.083630042717
1170.09723396528	14.14074556746
1170.57935066654	14.2096956065487
1171.06146736781	14.2848706642486
1171.54358406907	14.3577060327138
1172.02570077033	14.4211495302076
1172.5078174716	14.4744978940718
1172.98993417286	14.5233720723846
1173.47205087412	14.5769908447274
1173.95416757538	14.6423861920199
1174.43628427665	14.720485378541
1174.91840097791	14.8058604827188
1175.40051767917	14.8901963803629
1175.88263438044	14.9677174304265
1176.3647510817	15.0384665281868
1176.84686778296	15.1086307966343
1177.32898448423	15.1866018788719
1177.81110118549	15.2780093602248
1178.29321788675	15.3816222764878
1178.77533458801	15.4894312501886
1179.25745128928	15.5904038469422
1179.73956799054	15.6767830545939
1180.2216846918	15.747564460711
1180.70380139307	15.8091015343236
1181.18591809433	15.8707247935196
1181.66803479559	15.9401008769401
1182.15015149685	16.0186794462848
1182.63226819812	16.1019480437876
1183.11438489938	16.1825526081056
1183.59650160064	16.255904101393
1184.07861830191	16.3233517083613
1184.56073500317	16.3921668791391
1185.04285170443	16.4712158215691
1185.5249684057	16.5656247200975
1186.00708510696	16.6735994562334
1186.48920180822	16.7867992508313
1186.97131850948	16.8949703877553
1187.45343521075	16.9911184443752
1187.93555191201	17.0759423860786
1188.41766861327	17.1570690007685
1188.89978531454	17.245057279963
1189.3819020158	17.3466625668716
1189.86401871706	17.4613423036407
1190.34613541833	17.5810375906513
1190.82825211959	17.6952203613606
1191.31036882085	17.7960843238913
1191.79248552211	17.8834242227387
1192.27460222338	17.9642867685536
1192.75671892464	18.0496626066093
1193.2388356259	18.1478834068251
1193.72095232717	18.2604328217722
1194.20306902843	18.3815817672923
1194.68518572969	18.5024354039716
1195.16730243096	18.6165848122665
1195.64941913222	18.7238894874232
1196.13153583348	18.8308707234354
1196.61365253474	18.9465400929931
1197.09576923601	19.0773066386616
1197.57788593727	19.2223255678271
1198.06000263853	19.3738578824315
1198.5421193398	19.5207964587365
1199.02423604106	19.6553951480893
1199.50635274232	19.7768492978346
1199.98846944359	19.8919466924595
1200.47058614485	20.0106408253511
1200.95270284611	20.1411224270774
1201.43481954737	20.2850130061767
1201.91693624864	20.4371424963865
1202.3990529499	20.5886840598258
1202.88116965116	20.7330644613129
1203.36328635243	20.8697052332382
1203.84540305369	21.0045059808926
1204.32751975495	21.1459477882666
1204.80963645622	21.2998889187055
1205.29175315748	21.4658901550756
1205.77386985874	21.637109106226
1206.25598656	21.8043652096985
1206.73810326127	21.9609665993718
1207.22021996253	22.1072669381664
1207.70233666379	22.2502157078369
1208.18445336506	22.400046032184
1208.66657006632	22.5637896168599
1209.14868676758	22.7419789792079
1209.63080346885	22.92810135551
1210.11292017011	23.1129220713506
1210.59503687137	23.2894182085762
1211.07715357263	23.4572088325304
1211.5592702739	23.6225703081848
1212.04138697516	23.7951184428541
1212.52350367642	23.981829881069
1213.00562037769	24.1831554788976
1213.48773707895	24.392445224131
1213.96985378021	24.6000584321363
1214.45197048148	24.7987067298903
1214.93408718274	24.9873749143728
1215.416203884	25.1717422314742
1215.89832058526	25.3606241596902
1216.38043728653	25.5611968994403
1216.86255398779	25.7742288295509
1217.34467068905	25.9942485914447
1217.82678739032	26.2123264384234
1218.30890409158	26.4221922739653
1218.79102079284	26.6232377978126
1219.27313749411	26.8214287936168
1219.75525419537	27.0253509212527
1220.23737089663	27.2416499136947
1220.71948759789	27.4708783321343
1221.20160429916	27.707287670373
1221.68372100042	27.9419794167973
1222.16583770168	28.1681751937279
1222.64795440295	28.385136160509
1223.13007110421	28.5986620564224
1223.61218780547	28.8174968938472
1224.09430450674	29.0485125477889
1224.576421208	29.2930090427042
1225.05853790926	29.5462952214249
1225.54065461052	29.8006426512729
1226.02277131179	30.0500815900075
1226.50488801305	30.2941027496263
1226.98700471431	30.5379182675137
1227.46912141558	30.7898296847455
1227.95123811684	31.055689834036
1228.4333548181	31.3363989340551
1228.91547151937	31.6269008028576
1229.39758822063	31.9202569975745
1229.87970492189	32.2111707074626
1230.36182162315	32.4999195193133
1230.84393832442	32.7921608456084
1231.32605502568	33.0959430832149
1231.80817172694	33.4171251292464
1232.29028842821	33.755771783088
1232.77240512947	34.1066317429731
1233.25452183073	34.4621178093872
1233.736638532	34.8171885472867
1234.21875523326	35.1724546976744
1234.70087193452	35.533774845706
1235.18298863578	35.9092886378363
1235.66510533705	36.304587624418
1236.14722203831	36.7195393829262
1236.62933873957	37.1479979556704
1237.11145544084	37.581003803502
1237.5935721421	38.0123678026452
1238.07568884336	38.4408773750595
1238.55780554463	38.8715498666304
1239.03992224589	39.3114376786658
1239.52203894715	39.7665055664928
1240.00415564841	40.2372870620428
1240.48627234968	40.7191763163163
1240.96838905094	41.2050745828649
1241.4505057522	41.6892989449089
1241.93262245347	42.1712996662706
1242.41473915473	42.6550955206309
1242.89685585599	43.1472462671249
1243.37897255725	43.6521577503473
1243.86108925852	44.1697140660322
1244.34320595978	44.6952728495188
1244.82532266104	45.2217647509746
1245.30743936231	45.7439221937457
1245.78955606357	46.2606321370662
1246.27167276483	46.775536400508
1246.7537894661	47.2940640665925
1247.23590616736	47.8197544319674
1247.71802286862	48.352350938496
1248.20013956988	48.8868240066447
1248.68225627115	49.4171167094914
1249.16437297241	49.9381928866077
1249.64648967367	50.4496125984237
1250.12860637494	50.9546025478004
1250.6107230762	51.4582789551637
1251.09283977746	51.9643712110683
1251.57495647873	52.4723596247819
1252.05707317999	52.9781635185447
1252.53918988125	53.4757936944297
1253.02130658251	53.9612949238061
1253.50342328378	54.4339675980654
1253.98553998504	54.8968169642037
1254.4676566863	55.3545583043732
1254.94977338757	55.8102888111992
1255.43189008883	56.2639263044005
1255.91400679009	56.7117276822227
1256.39612349136	57.1488488963066
1256.87824019262	57.5719629645382
1257.36035689388	57.9810835789296
1257.84247359514	58.379976159574
1258.32459029641	58.7733117428762
1258.80670699767	59.1650144589466
1259.28882369893	59.5555064822845
1259.7709404002	59.9424603951487
1260.25305710146	60.3219724232286
1260.73517380272	60.6914791052174
1261.21729050399	61.0515498356162
1261.69940720525	61.4053922262648
1262.18152390651	61.7573888973114
1262.66364060777	62.1101162749208
1263.14575730904	62.4634870413342
1263.6278740103	62.8144113186694
1264.10999071156	63.1588797022399
1264.59210741283	63.494294102002
1265.07422411409	63.8206919008857
1265.55634081535	64.1409107643381
1266.03845751662	64.4585123438844
1266.52057421788	64.7758213631624
1267.00269091914	65.0923444046457
1267.4848076204	65.4053456982828
1267.96692432167	65.7114395192865
1268.44904102293	66.0085433703408
1268.93115772419	66.2975334654625
1269.41327442546	66.5813306959696
1269.89539112672	66.863919990866
1270.37750782798	67.1476090117076
1270.85962452925	67.4322116664588
1271.34174123051	67.714915978621
1271.82385793177	67.9921175410474
1272.30597463303	68.2615998230816
1272.7880913343	68.523242577569
1273.27020803556	68.779239538863
1273.75232473682	69.0321702141321
1274.23444143809	69.2836635746509
1274.71655813935	69.5329428328377
1275.19867484061	69.7773455461389
1275.68079154188	70.0138858456419
1276.16290824314	70.2409483222141
1276.6450249444	70.4594738425061
1277.12714164566	70.6724505016529
1277.60925834693	70.8834676255028
1278.09137504819	71.0950046617095
1278.57349174945	71.3072566501812
1279.05560845072	71.5186324739036
1279.53772515198	71.7267144559247
1280.01984185324	71.9303548393398
1280.50195855451	72.1302403084451
1280.98407525577	72.3290223928365
1281.46619195703	72.5295211527518
1281.94830865829	72.7332067722239
1282.43042535956	72.9394412293824
1282.91254206082	73.1454988399932
1283.39465876208	73.3482517708555
1283.87677546335	73.5453431185954
1284.35889216461	73.7366633952528
1284.84100886587	73.9238396710426
1285.32312556714	74.1093092015216
1285.8052422684	74.2948401172391
1286.28735896966	74.4805918455868
1286.76947567092	74.6654462564709
1287.25159237219	74.8478614172113
1287.73370907345	75.0272158368422
1288.21582577471	75.2042751588896
1288.69794247598	75.3807624753926
1289.18005917724	75.558477507192
1289.6621758785	75.7376813684813
1290.14429257977	75.9169250822603
1290.62640928103	76.0931208771276
1291.10852598229	76.2632485664304
1291.59064268355	76.425472982495
1292.07275938482	76.5797827640927
1292.55487608608	76.7278016560861
1293.03699278734	76.8714197117648
1293.51910948861	77.0118506738805
1294.00122618987	77.1487027900513
1294.48334289113	77.2805292191534
1294.9654595924	77.4056335326028
1295.44757629366	77.5233577025296
1295.92969299492	77.634573872428
1296.41180969618	77.741206940478
1296.89392639745	77.8451529166127
1297.37604309871	77.9471730912555
1297.85815979997	78.0464102072824
1298.34027650124	78.1408562030176
1298.8223932025	78.228372546254
1299.30450990376	78.3081009950137
1299.78662660503	78.3808526842638
1300.26874330629	78.4489625644961
1300.75086000755	78.5149748893457
1301.23297670881	78.5805122323748
1301.71509341008	78.6456201815238
1302.19721011134	78.7089787941726
1302.6793268126	78.768952284576
1303.16144351387	78.8245441767265
1303.64356021513	78.8762454998815
1304.12567691639	78.9256874660238
1304.60779361765	78.9749414266564
1305.08991031892	79.0253198672621
1305.57202702018	79.0770175452721
1306.05414372144	79.129309100438
1306.53626042271	79.1813651835563
1307.01837712397	79.2331223365328
1307.50049382523	79.2855862282892
1307.9826105265	79.3403329675552
1308.46472722776	79.3985960381883
1308.94684392902	79.4602402179682
1309.42896063028	79.5236790185965
1309.91107733155	79.5863054030093
1310.39319403281	79.6460642469398
1310.87531073407	79.7025607963311
1311.35742743534	79.7576896321486
1311.8395441366	79.8149072299354
1312.32166083786	79.8779149059791
1312.80377753913	79.9491031370923
1313.28589424039	80.0283204684967
1313.76801094165	80.1130575640405
1314.25012764291	80.1992558016609
1314.73224434418	80.2832823759446
1315.21436104544	80.3626582950357
1315.6964777467	80.4367727603072
1316.17859444797	80.5064105605128
1316.66071114923	80.5730827712442
1317.14282785049	80.6383419175097
1317.62494455176	80.7032763254342
1318.10706125302	80.7688183989162
1318.58917795428	80.835741627029
1319.07129465554	80.904731800795
1319.55341135681	80.9760498064354
1320.03552805807	81.0490194653808
1320.51764475933	81.1218725626067
1320.9997614606	81.19169414386
1321.48187816186	81.2555048813315
1321.96399486312	81.3110344383282
1322.44611156439	81.3574458426275
1322.92822826565	81.3954687234804
1323.41034496691	81.4268643780092
1323.89246166817	81.4535545993733
1324.37457836944	81.4765739547629
1324.8566950707	81.4958425799911
1325.33881177196	81.5103374313533
1325.82092847323	81.5189550782745
1326.30304517449	81.5211548438769
1326.78516187575	81.5174484682941
1327.26727857702	81.5090427640628
1327.74939527828	81.4973549896172
1328.23151197954	81.4832397083887
1328.7136286808	81.4667062773844
1329.19574538207	81.4471219899467
1329.67786208333	81.4238295522343
1330.15997878459	81.3967127886518
1330.64209548586	81.3663722453834
1331.12421218712	81.3337812682161
1331.60632888838	81.2995640247312
1332.08844558965	81.2633830013591
1332.57056229091	81.2237545946794
1333.05267899217	81.1784421153273
1333.53479569343	81.125203754282
1334.0169123947	81.0627018772819
1334.49902909596	80.9908146884366
1334.98114579722	80.9104597232943
1335.46326249849	80.8229943185962
1335.94537919975	80.7297505946421
1336.42749590101	80.6319665659767
1336.90961260228	80.531121109812
1337.39172930354	80.430022624668
1337.8738460048	80.3335404179777
1338.35596270606	80.2480481927897
1338.83807940733	80.1809484515758
1339.32019610859	80.137747940607
1339.80231280985	80.1200021483578
1340.28442951112	80.124110986865
1340.76654621238	80.1423367872051
1341.24866291364	80.1651827489859
1341.73077961491	80.1836244057365
1342.21289631617	80.1918594390281
1342.69501301743	80.1873691438012
1343.17712971869	80.1704074781928
1343.65924641996	80.1427150435351
1344.14136312122	80.1062918213041
1344.62347982248	80.0625820276418
1345.10559652375	80.012183911486
1345.58771322501	79.9553636395386
1346.06982992627	79.8924563660698
1346.55194662754	79.8241692734678
1347.0340633288	79.7515717256563
1347.51618003006	79.6756415345322
1347.99829673132	79.5969818019596
1348.48041343259	79.5156605386193
1348.96253013385	79.4314554595573
1349.44464683511	79.3441577260459
1349.92676353638	79.2538622730312
1350.40888023764	79.160931027691
1350.8909969389	79.0656805844091
1351.37311364017	78.9682213375799
1351.85523034143	78.8682689937582
1352.33734704269	78.7655901870025
1352.81946374395	78.6604498379413
1353.30158044522	78.5541359887839
1353.78369714648	78.4489996763667
1354.26581384774	78.3480807920479
1354.74793054901	78.2538722664927
1355.23004725027	78.1675527467771
1355.71216395153	78.0884152519712
1356.19428065279	78.0141778296868
1356.67639735406	77.9416745795434
1357.15851405532	77.8678979450614
1357.64063075658	77.7907564408947
1358.12274745785	77.7088342627965
1358.60486415911	77.6210960969965
1359.08698086037	77.5265812855344
1359.56909756164	77.4243579973882
1360.0512142629	77.3144088739919
1360.53333096416	77.1985833623985
1361.01544766542	77.0819551632467
1361.49756436669	76.972123388899
1361.97968106795	76.8778631670903
1362.46179776921	76.8061655887484
1362.94391447048	76.7585192265599
1363.42603117174	76.7294143564285
1363.908147873	76.7069398311924
1364.39026457427	76.6772926095041
1364.87238127553	76.6269644540252
1365.35449797679	76.5461779959067
1365.83661467805	76.4303088288677
1366.31873137932	76.2788865789713
1366.80084808058	76.0950925365273
1367.28296478184	75.8837012301014
1367.76508148311	75.6504653518982
1368.24719818437	75.4002374005536
1368.72931488563	75.1360131120301
1369.2114315869	74.8590097721697
1369.69354828816	74.5680932874051
1370.17566498942	74.2604602679875
1370.65778169068	73.931469473052
1371.13989839195	73.5760963143948
1371.62201509321	73.1899048358375
1372.10413179447	72.7707840979787
1372.58624849574	72.3209899142575
1373.068365197	71.8481643418389
1373.55048189826	71.3654749422932
1374.03259859953	70.8870233249806
1374.51471530079	70.424482835307
1374.99683200205	69.9818161826299
1375.47894870331	69.5545494490917
1375.96106540458	69.1318898696666
1376.44318210584	68.7016478464928
1376.9252988071	68.2556661512627
1377.40741550837	67.7910307563829
1377.88953220963	67.3107230947714
1378.37164891089	66.8202844802501
1378.85376561216	66.3243409931604
1379.33588231342	65.8237923723063
1379.81799901468	65.3151322667415
1380.30011571594	64.7936975165863
1380.78223241721	64.2574121364002
1381.26434911847	63.7109192950146
1381.74646581973	63.1668565173214
1382.228582521	62.6416353968994
1382.71069922226	62.1527122145544
1383.19281592352	61.7124901570411
1383.67493262479	61.326099163213
1384.15704932605	60.9931129011423
1384.63916602731	60.7114373173054
1385.12128272857	60.4806215800551
1385.60339942984	60.3029096977024
1386.0855161311	60.1814156038654
1386.56763283236	60.1162005923894
1387.04974953363	60.1010555498561
1387.53186623489	60.1244292794531
1388.01398293615	60.1739099354705
1388.49609963742	60.2401668380744
1388.97821633868	60.3201250378944
1389.46033303994	60.4148778380832
1389.9424497412	60.5260446457083
1390.42456644247	60.6523443997906
1390.90668314373	60.7889828214767
1391.38879984499	60.9295665703309
1391.87091654626	61.0710058367633
1392.35303324752	61.2170139556123
1392.83514994878	61.3799533733672
1393.31726665005	61.5771970976794
1393.79938335131	61.8256490987347
1394.28150005257	62.1327553791296
1394.76361675383	62.4915491409492
1395.2457334551	62.8831050782546
1395.72785015636	63.2862450227058
1396.20996685762	63.6874860232398
1396.69208355889	64.085665625542
1397.17420026015	64.4904818958832
1397.65631696141	64.9162372813117
1398.13843366268	65.3743476883911
1398.62055036394	65.8667404966092
1399.1026670652	66.3838003422349
1399.58478376646	66.9074961417857
1400.06690046773	67.4195939453401
1400.54901716899	67.9064809430163
1401.03113387025	68.3620836486991
1401.51325057152	68.7862648284324
1401.99536727278	69.1818683535445
1402.47748397404	69.5524955864239
1402.95960067531	69.9027649868971
1403.44171737657	70.2393788406297
1403.92383407783	70.5712780356275
1404.40595077909	70.9078061743512
1404.88806748036	71.255905123895
1405.37018418162	71.6160266666288
1405.85230088288	71.9807549221194
1406.33441758415	72.3369973199264
1406.81653428541	72.6716460653528
1407.29865098667	72.9763716367197
1407.78076768793	73.2503175265997
1408.2628843892	73.4998024122845
1408.74500109046	73.7352709208866
1409.22711779172	73.9670951342584
1409.70923449299	74.2013104294672
1410.19135119425	74.4388903530512
1410.67346789551	74.6767030838412
1411.15558459678	74.911260788194
1411.63770129804	75.1410721824957
1412.1198179993	75.3680219880151
1412.60193470056	75.5952392233904
1413.08405140183	75.824533213829
1413.56616810309	76.0538169693008
1414.04828480435	76.2769776403681
1414.53040150562	76.4853718980928
1415.01251820688	76.6715415118033
1415.49463490814	76.8329462757885
1415.97675160941	76.9733074334716
1416.45886831067	77.1032309119949
1416.94098501193	77.2386176781749
1417.42310171319	77.3999078576106
1417.90521841446	77.607202930764
1418.38733511572	77.8750856153193
1418.86945181698	78.2070108498191
1419.35156851825	78.5901249432729
1419.83368521951	78.9985390205346
1420.31580192077	79.4018054889067
1420.79791862204	79.7754941521407
1421.2800353233	80.1051567949269
1421.76215202456	80.3871424940027
1422.24426872582	80.6278125128642
1422.72638542709	80.8403370807284
1423.20850212835	81.0420896462972
1423.69061882961	81.2488928146723
1424.17273553088	81.4705215541867
1424.65485223214	81.7057388849983
1425.1369689334	81.9431718742151
1425.61908563467	82.1657714176914
1426.10120233593	82.3583697972636
1426.58331903719	82.5129876903775
1427.06543573845	82.630125672557
1427.54755243972	82.7181113930923
1428.02966914098	82.7898783877563
1428.51178584224	82.859492225752
1428.99390254351	82.9370767772176
1429.47601924477	83.0273915407637
1429.95813594603	83.1300444974133
1430.4402526473	83.2416404522643
1430.92236934856	83.3575263478617
1431.40448604982	83.4724326683064
1431.88660275108	83.5801110539821
1432.36871945235	83.6719542769534
1432.85083615361	83.7375111597421
1433.33295285487	83.7672755008048
1433.81506955614	83.7545960709005
1434.2971862574	83.7001294389345
1434.77930295866	83.6141620841898
1435.26141965993	83.5203143490059
1435.74353636119	83.4511599695674
1436.22565306245	83.4377428379505
1436.70776976371	83.4965943899995
1437.18988646498	83.6187880440308
1437.67200316624	83.7758750385363
1438.1541198675	83.9336226790201
1438.63623656877	84.0671480849693
1439.11835327003	84.1635098653218
1439.60046997129	84.219488187718
1440.08258667256	84.2380546228696
1440.56470337382	84.2242540860163
1441.04682007508	84.1832948027173
1441.52893677634	84.1192629386551
1442.01105347761	84.035671721458
1442.49317017887	83.9354526634582
1442.97528688013	83.8209379669309
1443.4574035814	83.6936451263226
1443.93952028266	83.5537296586568
1444.42163698392	83.4000034383188
1444.90375368519	83.23084609752
1445.38587038645	83.0464078136944
1445.86798708771	82.8505006382678
1446.35010378897	82.6532439071435
1446.83222049024	82.469497460569
1447.3143371915	82.3158966152778
1447.79645389276	82.2055555549595
1448.27857059403	82.1416139405438
1448.76068729529	82.1161228243426
1449.24280399655	82.1129127858055
1449.72492069782	82.1156636749731
1450.20703739908	82.1120886955344
1450.68915410034	82.0968210732714
1451.1712708016	82.0703053611946
1451.65338750287	82.0350729527944
1452.13550420413	81.9917006195154
1452.61762090539	81.9363678352813
1453.09973760666	81.860550381139
1453.58185430792	81.7536014012172
1454.06397100918	81.6065248085901
1454.54608771045	81.4159027302714
1455.02820441171	81.1882077235346
1455.51032111297	80.9435103032514
1455.99243781423	80.7198476995029
1456.4745545155	80.5638768773374
1456.95667121676	80.5128807593547
1457.43878791802	80.5755592792192
1457.92090461929	80.7286045443914
1458.40302132055	80.9327778465409
1458.88513802181	81.1501662790463
1459.36725472308	81.3545563566133
1459.84937142434	81.5274258626121
1460.3314881256	81.6554518844015
1460.81360482686	81.7301058547228
1461.29572152813	81.745825707694
1461.77783822939	81.7023798304476
1462.25995493065	81.6053323825991
1462.74207163192	81.4672088838014
1463.22418833318	81.3065884974558
1463.70630503444	81.1443840492702
1464.18842173571	81.0020958064721
1464.67053843697	80.894246553153
1465.15265513823	80.8250235976317
1465.63477183949	80.78831795692
1466.11688854076	80.7722769767435
1466.59900524202	80.7639561622634
1467.08112194328	80.7514044737135
1467.56323864455	80.7254066528639
1468.04535534581	80.6782585986676
1468.52747204707	80.6036807773595
1469.00958874834	80.4980159773347
1469.4917054496	80.361883314841
1469.97382215086	80.2028001949982
1470.45593885212	80.0358968420253
1470.93805555339	79.8866645007458
1471.42017225465	79.787408326723
1471.90228895591	79.7676944992299
1472.38440565718	79.8451212615829
1472.86652235844	80.015908108743
1473.3486390597	80.2589724664054
1473.83075576096	80.5468474953332
1474.31287246223	80.8595715149653
1474.79498916349	81.1882594938162
1475.27710586475	81.5322251521588
1475.75922256602	81.8929538100004
1476.24133926728	82.2684365261003
1476.72345596854	82.6510240093422
1477.20557266981	83.0288225081188
1477.68768937107	83.3894805603657
1478.16980607233	83.7235597160496
1478.65192277359	84.0272986734286
1479.13403947486	84.3018036037669
1479.61615617612	84.5514374417859
1480.09827287738	84.7825216218658
1480.58038957865	85.0020156565481
1481.06250627991	85.2162313394253
1481.54462298117	85.4284426223963
1482.02673968244	85.6382871085172
1482.5088563837	85.8408932843197
1482.99097308496	86.0282990932435
1483.47308978622	86.1909031989128
1483.95520648749	86.3204626003279
1484.43732318875	86.4126043108879
1484.91943989001	86.467677660637
1485.40155659128	86.4907301928645
1485.88367329254	86.4895329198417
1486.3657899938	86.472435311121
1486.84790669507	86.4453769649663
1487.33002339633	86.4122629222612
1487.81214009759	86.3773266937365
1488.29425679885	86.3480939169178
1488.77637350012	86.3384535569167
1489.25849020138	86.3672631948539
1489.74060690264	86.4503121895147
1490.22272360391	86.593195615596
1490.70484030517	86.7841862478487
1491.18695700643	86.9979387854241
1491.6690737077	87.2022072207559
1492.15119040896	87.3691589948827
1492.63330711022	87.4824386150516
1493.11542381148	87.535392216183
1493.59754051275	87.531203271972
1494.07965721401	87.4792161569372
1494.56177391527	87.393866699201
1495.04389061654	87.2919079452321
1495.5260073178	87.1911861742919
1496.00812401906	87.1096199746102
1496.49024072033	87.0607594725024
1496.97235742159	87.0521269474026
1497.45447412285	87.0841625330371
1497.93659082411	87.1513088152879
1498.41870752538	87.2440224019905
1498.90082422664	87.3510085697849
1499.3829409279	87.4620845155657
1499.86505762917	87.5680862833737
1500.34717433043	87.6619632260489
1500.82929103169	87.7387610403606
1501.31140773296	87.7937007074303
1501.79352443422	87.8210225746251
1502.27564113548	87.8133149809329
1502.75775783674	87.7601128887802
1503.23987453801	87.6493212592184
1503.72199123927	87.4685855490664
1504.20410794053	87.2097253164133
1504.6862246418	86.8746508289143
1505.16834134306	86.4850468418441
1505.65045804432	86.093911774791
1506.13257474559	85.7779292178757
1506.61469144685	85.6108197741313
1507.09680814811	85.6213212970398
1507.57892484937	85.7780704774969
1508.06104155064	86.0146599037959
1508.5431582519	86.2669995760591
1509.02527495316	86.4961777748931
1509.50739165443	86.6834585118937
1509.98950835569	86.8248011326225
1510.47162505695	86.9240678718529
1510.95374175822	86.9873626222371
1511.43585845948	87.0211317549064
1511.91797516074	87.0301191774247
1512.400091862	87.0164345370681
1512.88220856327	86.978851471555
1513.36432526453	86.9137318981014
1513.84644196579	86.8167674828641
1514.32855866706	86.6862530153757
1514.81067536832	86.5260468394262
1515.29279206958	86.3494151685277
1515.77490877085	86.1770157957965
1516.25702547211	86.0328086727491
1516.73914217337	85.9342642116431
1517.22125887463	85.8825030274876
1517.7033755759	85.8608619589134
1518.18549227716	85.8412434446905
1518.66760897842	85.7977013730352
1519.14972567969	85.7136033814098
1519.63184238095	85.5902947620096
1520.11395908221	85.4481917787239
1520.59607578348	85.3262255780402
1521.07819248474	85.2661482436982
1521.560309186	85.2902260772442
1522.04242588726	85.3888962671179
1522.52454258853	85.5265466515967
1523.00665928979	85.6639363299559
1523.48877599105	85.7725637933964
1523.97089269232	85.8432767492261
1524.45300939358	85.8817725622532
1524.93512609484	85.9032994319551
1525.41724279611	85.9249573790168
1525.89935949737	85.960516778563
1526.38147619863	86.0164332655194
1526.86359289989	86.0911584123645
1527.34570960116	86.1782197594534
1527.82782630242	86.269366942233
1528.30994300368	86.3570303650542
1528.79205970495	86.4328010384893
1529.27417640621	86.4869459323736
1529.75629310747	86.5094043758237
1530.23840980873	86.4904176961036
1530.72052651	86.4248089448207
1531.20264321126	86.3151662324495
1531.68475991252	86.1759978159904
1532.16687661379	86.0340064799502
1532.64899331505	85.9230290898653
1533.13111001631	85.8758073994738
1533.61322671758	85.9055041079007
1534.09534341884	85.9980825351973
1534.5774601201	86.117210801343
1535.05957682136	86.2239949479284
1535.54169352263	86.2878709599257
1536.02381022389	86.2904157485426
1536.50592692515	86.2239889445246
1536.98804362642	86.0869733784636
1537.47016032768	85.8834924870717
1537.95227702894	85.6239217845429
1538.43439373021	85.3332917609761
1538.91651043147	85.0546604940929
1539.39862713273	84.8414782940838
1539.88074383399	84.7435711682496
1540.36286053526	84.7807281356927
1540.84497723652	84.934568225612
1541.32709393778	85.1591750977783
1541.80921063905	85.4065933050261
1542.29132734031	85.6441600697198
1542.77344404157	85.8588402692109
1543.25556074284	86.0564879766253
1543.7376774441	86.2533171299363
1544.21979414536	86.4672086349211
1544.70191084662	86.7062501533715
1545.18402754789	86.9641485091588
1545.66614424915	87.2206728536302
1546.14826095041	87.4521137490406
1546.63037765168	87.6382783855029
1547.11249435294	87.770132554129
1547.5946110542	87.8517622259077
1548.07672775547	87.8980068671879
1548.55884445673	87.9306907756636
1549.04096115799	87.9707476317149
1549.52307785925	88.033497333627
1550.00519456052	88.1218052986544
1550.48731126178	88.2270283630171
1550.96942796304	88.3332771849391
1551.45154466431	88.4255259499329
1551.93366136557	88.4947015112481
1552.41577806683	88.5385867351802
1552.8978947681	88.5614154606741
1553.38001146936	88.5704850294462
1553.86212817062	88.572375827567
1554.34424487188	88.5680828231071
1554.82636157315	88.5508915799236
1555.30847827441	88.5065328126467
1555.79059497567	88.4175891679728
1556.27271167694	88.2672122917394
1556.7548283782	88.0475032651251
1557.23694507946	87.7690450141604
1557.71906178073	87.482283427394
1558.20117848199	87.2878133253866
1558.68329518325	87.3026840367142
1559.16541188451	87.5906840370545
1559.64752858578	88.0978548712238
1560.12964528704	88.6948614357072
1560.6117619883	89.2609751819518
1561.09387868957	89.7325162923044
1561.57599539083	90.0948577003687
1562.05811209209	90.3579078243845
1562.54022879336	90.5436374625621
1563.02234549462	90.6772455070782
1563.50446219588	90.783573473218
1563.98657889714	90.8823076299676
1564.46869559841	90.9850131237872
1564.95081229967	91.0927942046966
1565.43292900093	91.1977925225803
1565.9150457022	91.287385805056
1566.39716240346	91.3501746229326
1566.87927910472	91.3808782558034
1567.36139580599	91.382281659965
1567.84351250725	91.3667651146174
1568.32562920851	91.3539991597994
1568.80774590977	91.3696219538541
1569.28986261104	91.4359260113012
1569.7719793123	91.5617372779678
1570.25409601356	91.7376057389988
1570.73621271483	91.9386304083762
1571.21832941609	92.1347394494055
1571.70044611735	92.2977416280982
1572.18256281862	92.4087358079871
1572.66467951988	92.4577667020379
1573.14679622114	92.4426584406366
1573.6289129224	92.3689262624339
1574.11102962367	92.2505008491402
1574.59314632493	92.1119350649956
1575.07526302619	91.9845631176886
1575.55737972746	91.9029872041114
1576.03949642872	91.8924731485638
1576.52161312998	91.9568061572218
1577.00372983124	92.0777965000192
1577.48584653251	92.2257620943771
1577.96796323377	92.3739718844145
1578.45007993503	92.503079198908
1578.9321966363	92.6030414123016
1579.41431333756	92.6707374804118
1579.89643003882	92.7069784064907
1580.37854674009	92.715949318888
1580.86066344135	92.7042708739282
1581.34278014261	92.6804734150917
1581.82489684387	92.6524345488589
1582.30701354514	92.6254733133446
1582.7891302464	92.6012972518141
1583.27124694766	92.5779688399607
1583.75336364893	92.5515391395084
1584.23548035019	92.5180602829515
1584.71759705145	92.4756594848923
1585.19971375272	92.4248527523496
1585.68183045398	92.3678757678467
1586.16394715524	92.3069108676561
1586.6460638565	92.2428149363105
1587.12818055777	92.1747728474964
1587.61029725903	92.1012035028295
1588.09241396029	92.0211507461223
1588.57453066156	91.9355588292719
1589.05664736282	91.8469276461071
1589.53876406408	91.7583786618828
1590.02088076535	91.6713489734737
1590.50299746661	91.5844178598742
1590.98511416787	91.4930970256642
1591.46723086913	91.3919948438412
1591.9493475704	91.2770993560475
1592.43146427166	91.1477866586679
1592.91358097292	91.0074349077368
1593.39569767419	90.8619446111322
1593.87781437545	90.7176564920472
1594.35993107671	90.5782292208462
1594.84204777798	90.4439480578995
1595.32416447924	90.3119099550931
1595.8062811805	90.1785073202135
1596.28839788176	90.040821383156
1596.77051458303	89.8978815767872
1597.25263128429	89.7502439930688
1597.73474798555	89.5984014126951
1598.21686468682	89.4418221236146
1598.69898138808	89.2785958816182
1599.18109808934	89.1063472886227
1599.66321479061	88.9240937249182
1600.14533149187	88.7331531431445
1600.62744819313	88.537798133081
1601.10956489439	88.3432544449938
1601.59168159566	88.1536989191086
1602.07379829692	87.9703171448995
1602.55591499818	87.791209979372
1603.03803169945	87.6123037691539
1603.52014840071	87.4293712354417
1604.00226510197	87.2402522550468
1604.48438180324	87.044894491145
1604.9664985045	86.8450711726631
1605.44861520576	86.6423645633023
1605.93073190702	86.4372171929244
1606.41284860829	86.2288278504604
1606.89496530955	86.0160362878769
1607.37708201081	85.7993962081665
1607.85919871208	85.5819018351801
1608.34131541334	85.3683763414209
1608.8234321146	85.1636103944721
1609.30554881587	84.9701037829397
1609.78766551713	84.786505693728
1610.26978221839	84.6077109567911
1610.75189891965	84.4271434780493
1611.23401562092	84.23877338231
1611.71613232218	84.0387985741908
1612.19824902344	83.8256913866095
1612.68036572471	83.5985681801044
1613.16248242597	83.3554649252405
1613.64459912723	83.0918221233176
1614.1267158285	82.8023561546464
1614.60883252976	82.4843664669887
1615.09094923102	82.1423997674074
1615.57306593228	81.7938799913436
1616.05518263355	81.469495535665
1616.53729933481	81.2019789789393
1617.01941603607	81.0116845223679
1617.50153273734	80.8943001635302
1617.9836494386	80.8254862435572
1618.46576613986	80.7715008575872
1618.94788284113	80.7037011649231
1619.42999954239	80.6042710805942
1619.91211624365	80.4650741706808
1620.39423294491	80.286542297446
1620.87634964618	80.0751178720011
1621.35846634744	79.8426691827586
1621.8405830487	79.6038953934643
1622.32269974997	79.3756794887013
1622.80481645123	79.1750793812953
1623.28693315249	79.0138930884616
1623.76904985376	78.8956900782758
1624.25116655502	78.8142364523248
1624.73328325628	78.756911294135
1625.21539995754	78.708103395619
1625.69751665881	78.6544087104038
1626.17963336007	78.588685737822
1626.66175006133	78.5113046568246
1627.1438667626	78.4305168481923
1627.62598346386	78.3589969949065
1628.10810016512	78.3097653349482
1628.59021686639	78.2892139821418
1629.07233356765	78.2941997240107
1629.55445026891	78.3126808688887
1630.03656697017	78.3289497420869
1630.51868367144	78.3287115693995
1631.0008003727	78.3017553570741
1631.48291707396	78.2436578954377
1631.96503377523	78.1538600174363
1632.44715047649	78.0338064165928
1632.92926717775	77.8849993161795
1633.41138387902	77.7103058656291
1633.89350058028	77.5182386211358
1634.37561728154	77.3266308556404
1634.8577339828	77.1676478195411
1635.33985068407	77.0806090394366
1635.82196738533	77.0928715619865
1636.30408408659	77.204664660981
1636.78620078786	77.3869029995277
1637.26831748912	77.5992701044304
1637.75043419038	77.8050974241787
1638.23255089164	77.9830340261817
1638.71466759291	78.1263639709863
1639.19678429417	78.2384304177945
1639.67890099543	78.3285070141783
1640.1610176967	78.4065734340248
1640.64313439796	78.479229833931
1641.12525109922	78.5471525964695
1641.60736780049	78.6057250463221
1642.08948450175	78.6473829068597
1642.57160120301	78.665582981752
1643.05371790427	78.6563419009154
1643.53583460554	78.6196439427877
1644.0179513068	78.5590338344615
1644.50006800806	78.482613020659
1644.98218470933	78.4039217220505
1645.46430141059	78.3421311779989
1645.94641811185	78.3235696141438
1646.42853481312	78.374665764054
1646.91065151438	78.5101768123367
1647.39276821564	78.7240794147319
1647.8748849169	78.9878827694875
1648.35700161817	79.2622159683599
1648.83911831943	79.5065260885109
1649.32123502069	79.6909947686982
1649.80335172196	79.7963039698747
1650.28546842322	79.8120559869174
1650.76758512448	79.7386607829126
1651.24970182575	79.592655509561
1651.73181852701	79.4205045172452
1652.21393522827	79.3009704871601
1652.69605192953	79.3325331136467
1653.1781686308	79.5728747052838
1653.66028533206	79.9888757727873
1654.14240203332	80.4854915062864
1654.62451873459	80.9760991954235
1655.10663543585	81.4189445983407
1655.58875213711	81.804745169982
1656.07086883838	82.1402702184373
1656.55298553964	82.4347399692817
1657.0351022409	82.6938198367597
1657.51721894216	82.9202661949485
1657.99933564343	83.1154459851954
1658.48145234469	83.2808950728373
1658.96356904595	83.419594242546
1659.44568574722	83.5360171690061
1659.92780244848	83.6357307615447
1660.40991914974	83.7249738774787
1660.89203585101	83.8114976122282
1661.37415255227	83.9062343194249
1661.85626925353	84.0220326449021
1662.33838595479	84.1719171574083
1662.82050265606	84.3633259060258
1663.30261935732	84.5921292950613
1663.78473605858	84.8422731841983
1664.26685275985	85.0901381259389
1664.74896946111	85.3135714558016
1665.23108616237	85.495431790255
1665.71320286364	85.6276528697435
1666.1953195649	85.7116339016893
1666.67743626616	85.7569376723502
1667.15955296742	85.7797580919988
1667.64166966869	85.7997056373677
1668.12378636995	85.838683672578
1668.60590307121	85.9149731208997
1669.08801977248	86.0399544307387
1669.57013647374	86.2159397955759
1670.052253175	86.4347752549777
1670.53436987627	86.6801336967578
1671.01648657753	86.9306931993383
1671.49860327879	87.1661170642242
1671.98071998005	87.3693703946348
1672.46283668132	87.5296628548544
1672.94495338258	87.6460282617333
1673.42707008384	87.7286548050583
1673.90918678511	87.8007738516825
1674.39130348637	87.8926524736003
1674.87342018763	88.0343038701474
1675.3555368889	88.2379517176149
1675.83765359016	88.4900797319874
1676.31977029142	88.7579525531379
1676.80188699268	89.0064480796759
1677.28400369395	89.2126490123059
1677.76612039521	89.3680112035429
1678.24823709647	89.4777920568278
1678.73035379774	89.5540119327353
1679.212470499	89.6095625134514
1679.69458720026	89.6512727348976
1680.17670390153	89.6769817416703
1680.65882060279	89.6761901512042
1681.14093730405	89.6360734947244
1681.62305400531	89.5482941963745
1682.10517070658	89.4182802801793
1682.58728740784	89.2707392667961
1683.0694041091	89.15676961569
1683.55152081037	89.1431434515063
1684.03363751163	89.2777099350809
1684.51575421289	89.5569477338924
1684.99787091416	89.9219607062597
1685.47998761542	90.2991115566563
1685.96210431668	90.6340524200809
1686.44422101794	90.905963194251
1686.92633771921	91.1175293092936
1687.40845442047	91.2823665839168
1687.89057112173	91.4173102841663
1688.372687823	91.5382212827382
1688.85480452426	91.6584724309942
1689.33692122552	91.7865354873252
1689.81903792679	91.9256785696355
1690.30115462805	92.0726488205341
1690.78327132931	92.2186101183824
1691.26538803057	92.3499941097224
1691.74750473184	92.4513028592005
1692.2296214331	92.5093005566196
1692.71173813436	92.5143643491998
1693.19385483563	92.4641833554978
1693.67597153689	92.3654809732895
1694.15808823815	92.2383114366136
1694.64020493941	92.1155611038757
1695.12232164068	92.0336213270346
1695.60443834194	92.0185712326914
1696.0865550432	92.0675193745166
1696.56867174447	92.1507189067495
1697.05078844573	92.2260948353503
1697.53290514699	92.2616552327606
1698.01502184826	92.2440912195289
1698.49713854952	92.1823384960802
1698.97925525078	92.1080597303296
1699.46137195204	92.0737809031087
1699.94348865331	92.1360933599101
1700.42560535457	92.3179047777352
1700.90772205583	92.5902937156769
1701.3898387571	92.8889728048684
1701.87195545836	93.1571978696029
1702.35407215962	93.362009524071
1702.83618886089	93.4956177487012
1703.31830556215	93.5669608317937
1703.80042226341	93.5945368674212
1704.28253896467	93.6037916939584
1704.76465566594	93.6213643850179
1705.2467723672	93.6710204631893
1705.72888906846	93.7635774733123
1706.21100576973	93.8943976319664
1706.69312247099	94.0470007778615
1707.17523917225	94.2018937107781
1707.65735587352	94.343774317028
1708.13947257478	94.4638051998988
1708.62158927604	94.5608009699754
1709.1037059773	94.6382094498776
1709.58582267857	94.7008185540522
1710.06793937983	94.7513895157987
1710.55005608109	94.7888423531641
1711.03217278236	94.8084036722908
1711.51428948362	94.8041735619226
1711.99640618488	94.7714338936278
1712.47852288615	94.7095338113498
1712.96063958741	94.6223313038921
1713.44275628867	94.5178078607966
1713.92487298993	94.4049937856955
1714.4069896912	94.290625073154
1714.88910639246	94.1793049419215
1715.37122309372	94.074627416197
1715.85333979499	93.9834654245
1716.33545649625	93.9209864571257
1716.81757319751	93.9096341122127
1717.29968989878	93.9720106794321
1717.78180660004	94.1190393592308
1718.2639233013	94.3394105040737
1718.74604000256	94.6028824773492
1719.22815670383	94.8709411209774
1719.71027340509	95.1125376873945
1720.19239010635	95.3078301062517
1720.67450680762	95.4495857083394
1721.15662350888	95.5414589838338
1721.63874021014	95.5935264221431
1722.12085691141	95.6199210623024
1722.60297361267	95.6346200947303
1723.08509031393	95.6500009817882
1723.56720701519	95.6735047737824
1724.04932371646	95.7067739443878
1724.53144041772	95.7464293929484
1725.01355711898	95.7857008713525
1725.49567382025	95.8167961033117
1725.97779052151	95.8317595252815
1726.45990722277	95.824671548648
1726.94202392404	95.792491267833
1727.4241406253	95.7360322175315
1727.90625732656	95.6600334930514
1728.38837402782	95.5725300237627
1728.87049072909	95.4825390772373
1729.35260743035	95.3957857085204
1729.83472413161	95.3119687687652
1730.31684083288	95.2234229354117
1730.79895753414	95.1178188915728
1731.2810742354	94.9819059249471
1731.76319093667	94.8089175704342
1732.24530763793	94.604885234811
1732.72742433919	94.3977379488474
1733.20954104045	94.2370985246023
1733.69165774172	94.1776324075849
1734.17377444298	94.2530097498991
1734.65589114424	94.4485386357554
1735.13800784551	94.7103776791196
1735.62012454677	94.974161890112
1736.10224124803	95.1952743513484
1736.5843579493	95.3544247528128
1737.06647465056	95.4508773262348
1737.54859135182	95.4973087346846
1738.03070805308	95.5138287357479
1738.51282475435	95.5243439471227
1738.99494145561	95.5488680609767
1739.47705815687	95.5990370552126
1739.95917485814	95.6737310919299
1740.4412915594	95.7620663312519
1740.92340826066	95.8494643007928
1741.40552496193	95.9249109795225
1741.88764166319	95.9842932287209
1742.36975836445	96.0294417555803
1742.85187506571	96.0657053718415
1743.33399176698	96.0981623322895
1743.81610846824	96.1290610687613
1744.2982251695	96.1562913805285
1744.78034187077	96.1745032729254
1745.26245857203	96.1768877463064
1745.74457527329	96.1583861465519
1746.22669197456	96.1174172687209
1746.70880867582	96.0567823205358
1747.19092537708	95.9826685818724
1747.67304207834	95.90321832809
1748.15515877961	95.8266982771449
1748.63727548087	95.7598090439456
1749.11939218213	95.7086294291328
1749.6015088834	95.6798907353652
1750.08362558466	95.6810709091194
1750.56574228592	95.71968102463
1751.04785898719	95.7988700590041
1751.52997568845	95.913449222057
1752.01209238971	96.048552056023
1752.49420909097	96.1833789738601
1752.97632579224	96.297960614815
1753.4584424935	96.3763814360761
1753.94055919476	96.4117639980499
1754.42267589603	96.4070494519939
1754.90479259729	96.3754513689805
1755.38690929855	96.3379296941414
1755.86902599981	96.318321959093
1756.35114270108	96.3368317194874
1756.83325940234	96.4005851647248
1757.3153761036	96.5015733848985
1757.79749280487	96.6197615515424
1758.27960950613	96.7332337966885
1758.76172620739	96.8241860956117
1759.24384290866	96.8843966686429
1759.72595960992	96.9162904358352
1760.20807631118	96.9318094148574
1760.69019301244	96.9492913496836
1761.17230971371	96.9868842627847
1761.65442641497	97.0582210028783
1762.13654311623	97.1658696116825
1762.6186598175	97.300771057582
1763.10077651876	97.4449729878109
1763.58289322002	97.578528919149
1764.06500992129	97.6847946773453
1764.54712662255	97.7518867392061
1765.02924332381	97.7751334033672
1765.51136002507	97.7564802252762
1765.99347672634	97.7046386006116
1766.4755934276	97.6330875196892
1766.95771012886	97.5577588077194
1767.43982683013	97.4924111187529
1767.92194353139	97.4426171639544
1768.40406023265	97.4044434912694
1768.88617693392	97.3663288304897
1769.36829363518	97.3160254397517
1769.85041033644	97.2460099528506
1770.3325270377	97.1592629867113
1770.81464373897	97.0701764200336
1771.29676044023	97.0037141354056
1771.77887714149	96.9860329277379
1772.26099384276	97.0320264716739
1772.74311054402	97.138253742756
1773.22522724528	97.2838443282687
1773.70734394655	97.4423067956034
1774.18946064781	97.5909380549817
1774.67157734907	97.7183472835306
1775.15369405033	97.8223693452752
1775.6358107516	97.9058653178961
1776.11792745286	97.9723906630775
1776.60004415412	98.0231785328573
1777.08216085539	98.0566594257485
1777.56427755665	98.0704133732187
1778.04639425791	98.0640088670462
1778.52851095918	98.0417439891512
1779.01062766044	98.0124733676599
1779.4927443617	97.9885027250273
1779.97486106296	97.9811177642645
1780.45697776423	97.995674655665
1780.93909446549	98.0297067527145
1781.42121116675	98.0737537641244
1781.90332786802	98.1163103016711
1782.38544456928	98.147732744536
1782.86756127054	98.1646320934325
1783.34967797181	98.1702484960235
1783.83179467307	98.1731338669481
1784.31391137433	98.1831187717555
1784.79602807559	98.2074135297105
1785.27814477686	98.2477674979301
1785.76026147812	98.2995082671191
1786.24237817938	98.3533179453512
1786.72449488065	98.3975746639322
1787.20661158191	98.4220828072586
1787.68872828317	98.4185444466973
1788.17084498444	98.3815870382431
1788.6529616857	98.3093725037913
1789.13507838696	98.2041994819638
1789.61719508822	98.0737640794455
1790.09931178949	97.9308086435959
1790.58142849075	97.7945864561158
1791.06354519201	97.6877310656936
1791.54566189328	97.6300635314763
1792.02777859454	97.6332490349188
1792.5098952958	97.6943248320096
1792.99201199707	97.7972475014776
1793.47412869833	97.9179933625764
1793.95624539959	98.0348339696134
1794.43836210085	98.1334315273523
1794.92047880212	98.207397608954
1795.40259550338	98.2569714044252
1795.88471220464	98.2855391814558
1796.36682890591	98.2970171678663
1796.84894560717	98.2940223205938
1797.33106230843	98.2778439686012
1797.8131790097	98.2493534591887
1798.29529571096	98.2103348686179
1798.77741241222	98.1650850350139
1799.25952911348	98.1208542073327
1799.74164581475	98.0862969555597
1800.22376251601	98.0705566936635
1800.70587921727	98.0800251804581
1801.18799591854	98.1164008481405
1801.6701126198	98.1765190584043
1802.15222932106	98.2534281440931
1802.63434602232	98.3388435311435
1803.11646272359	98.4242930506578
1803.59857942485	98.5030151589016
1804.08069612611	98.5702567312341
1804.56281282738	98.6228333024148
1805.04492952864	98.6595321946903
1805.5270462299	98.6806054355528
1806.00916293117	98.6874857478401
1806.49127963243	98.6820877545051
1806.97339633369	98.6665075425916
1807.45551303495	98.6427441014057
1807.93762973622	98.612612238867
1808.41974643748	98.5783740937474
1808.90186313874	98.5432760391547
1809.38397984001	98.5114875934375
1809.86609654127	98.4883544087177
1810.34821324253	98.4791377643825
1810.8303299438	98.4874097142374
1811.31244664506	98.5139436728321
1811.79456334632	98.555618601115
1812.27668004758	98.6060557659881
1812.75879674885	98.6566105879618
1813.24091345011	98.699153929379
1813.72303015137	98.7279520738489
1814.20514685264	98.7405808121422
1814.6872635539	98.7383628014162
1815.16938025516	98.7254806858793
1815.65149695643	98.7078425968868
1816.13361365769	98.6909135312229
1816.61573035895	98.6787861528309
1817.09784706021	98.6732171802771
1817.57996376148	98.6737501589685
1818.06208046274	98.6785939205107
1818.544197164	98.6856422356035
1819.02631386527	98.6932554117974
1819.50843056653	98.7000418217563
1819.99054726779	98.7043866346352
1820.47266396906	98.7039407800708
1820.95478067032	98.6951069404584
1821.43689737158	98.6738825287557
1821.91901407284	98.6371993896705
1822.40113077411	98.5845846517112
1822.88324747537	98.5197670643125
1823.36536417663	98.4511091314183
1823.8474808779	98.3911377560701
1824.32959757916	98.3518414326767
1824.81171428042	98.3405862865618
1825.29383098169	98.3557599463801
1825.77594768295	98.3869208841491
1826.25806438421	98.4178033297464
1826.74018108547	98.4320435094465
1827.22229778674	98.4196466196955
1827.704414488	98.3793479383094
1828.18653118926	98.3207054402541
1828.66864789053	98.2609846731439
1829.15076459179	98.2224249266703
1829.63288129305	98.2232400342906
1830.11499799432	98.2701903715391
1830.59711469558	98.3562766714194
1831.07923139684	98.4639763590355
1831.5613480981	98.5732032639988
1832.04346479937	98.666666762024
1832.52558150063	98.7351220401237
1833.00769820189	98.7768900486461
1833.48981490316	98.7956284168106
1833.97193160442	98.7975495517853
1834.45404830568	98.7890586178829
1834.93616500695	98.7753739394422
1835.41828170821	98.7597197022778
1835.90039840947	98.7443588327827
1836.38251511073	98.7314069099998
1836.864631812	98.7230843918126
1837.34674851326	98.7215446639639
1837.82886521452	98.7275665231643
1838.31098191579	98.7394409630999
1838.79309861705	98.7521480174907
1839.27521531831	98.758048203113
1839.75733201958	98.7490204620949
1840.23944872084	98.7176539389738
1840.7215654221	98.6598165363063
1841.20368212336	98.5756122800465
1841.68579882463	98.4705932525213
1842.16791552589	98.3554589837926
1842.65003222715	98.2457950176539
1843.13214892842	98.160840599565
1843.61426562968	98.1171826018596
1844.09638233094	98.1237833978067
1844.57849903221	98.1778108753645
1845.06061573347	98.2663283021273
1845.54273243473	98.3710919633784
1846.02484913599	98.474934089286
1846.50696583726	98.5671691849794
1846.98908253852	98.6431682823882
1847.47119923978	98.7042606752368
1847.95331594105	98.7551799526058
1848.43543264231	98.8017318726726
1848.91754934357	98.848147256325
1849.39966604484	98.8954810717479
1849.8817827461	98.9417395240644
1850.36389944736	98.9831710118224
1850.84601614862	99.016437424057
1851.32813284989	99.0398982360329
1851.81024955115	99.0545354964921
1852.29236625241	99.0632394078231
1852.77448295368	99.0695970167406
1853.25659965494	99.076061730662
1853.7387163562	99.0832032893096
1854.22083305747	99.0897583127057
1854.70294975873	99.0937709539061
1855.18506645999	99.0937649037966
1855.66718316125	99.0897183207124
1856.14929986252	99.0830140733953
1856.63141656378	99.0758172893614
1857.11353326504	99.0699429020462
1857.59564996631	99.0660351787318
1858.07776666757	99.0636278006698
1858.55988336883	99.0617618702831
1859.04200007009	99.0599500063326
1859.52411677136	99.0587414029215
1860.00623347262	99.0596158738003
1860.48835017388	99.0641270019602
1860.97046687515	99.072969395187
1861.45258357641	99.0851926280371
1861.93470027767	99.0982860977016
1862.41681697894	99.108678817693
1862.8989336802	99.1129872419099
1863.38105038146	99.1085224116475
1863.86316708272	99.0934085947905
1864.34528378399	99.0664029661068
1864.82740048525	99.0264130614105
1865.30951718651	98.9726259982354
1865.79163388778	98.9052520666196
1866.27375058904	98.8271531360324
1866.7558672903	98.7453219492709
1867.23798399157	98.6707712879473
1867.72010069283	98.6184311437218
1868.20221739409	98.6027683688148
1868.68433409535	98.6325060093898
1869.16645079662	98.7074834460773
1869.64856749788	98.8175425526653
1870.13068419914	98.9466563174826
1870.61280090041	99.0769686228876
1871.09491760167	99.1950108868978
1871.57703430293	99.2931022696339
1872.0591510042	99.3689549021681
1872.54126770546	99.4245183116903
1873.02338440672	99.4637417529501
1873.50550110798	99.4911058868061
1873.98761780925	99.5101790932127
1874.46973451051	99.523712875045
1874.95185121177	99.5337380829926
1875.43396791304	99.5417218984261
1875.9160846143	99.5489081802293
1876.39820131556	99.5561115502313
1876.88031801683	99.5635510239829
1877.36243471809	99.5708795563086
1877.84455141935	99.5774817496573
1878.32666812061	99.5829651675156
1878.80878482188	99.5875307902915
1879.29090152314	99.5919974597756
1879.7730182244	99.5973281321955
1880.25513492567	99.6040538260054
1880.73725162693	99.6117205977171
1881.21936832819	99.6189798404076
1881.70148502946	99.624125895303
1882.18360173072	99.6261782418323
1882.66571843198	99.6255603808604
1883.14783513324	99.6242691451715
1883.62995183451	99.6248954015235
1884.11206853577	99.629422931036
1884.59418523703	99.637715493797
1885.0763019383	99.6470611581219
1885.55841863956	99.6524841626585
1886.04053534082	99.6485274552442
1886.52265204209	99.6316934903817
1887.00476874335	99.601925119564
1887.48688544461	99.5638284669681
1887.96900214587	99.5256151126825
1888.45111884714	99.4981560093151
1888.9332355484	99.4911453965612
1889.41535224966	99.5099135194062
1889.89746895093	99.5536935979594
1890.37958565219	99.6155756794428
1890.86170235345	99.6850028748607
1891.34381905472	99.7504629402594
1891.82593575598	99.8032890014114
1892.30805245724	99.8388254243479
1892.7901691585	99.8570102408417
1893.27228585977	99.8617121879587
1893.75440256103	99.8595616931894
1894.23651926229	99.8580957590593
1894.71863596356	99.8631714469535
1895.20075266482	99.8780629254639
1895.68286936608	99.902528298126
1896.16498606735	99.9335703429664
1896.64710276861	99.966509380938
1897.12921946987	99.9967695073094
1897.61133617113	100.021266318876
1898.0934528724	100.038666046868
1898.57556957366	100.04941353774
1899.05768627492	100.054972883284
1899.53980297619	100.057124782264
1900.02191967745	100.05719922372
1900.50403637871	100.055901474386
1900.98615307998	100.053501295083
1901.46826978124	100.050126479103
1901.9503864825	100.046058108691
1902.43250318376	100.041772719527
1902.91461988503	100.03769418747
1903.39673658629	100.033907840878
1903.87885328755	100.029907434653
1904.36096998882	100.02470475817
1904.84308669008	100.017017557647
1905.32520339134	100.005779773736
1905.80732009261	99.9906011106939
1906.28943679387	99.9720135275157
1906.77155349513	99.9515797453214
1907.25367019639	99.9315739310171
1907.73578689766	99.9150083057955
1908.21790359892	99.9049536129184
1908.70002030018	99.9039651047919
1909.18213700145	99.9137066941368
1909.66425370271	99.9342784278185
1910.14637040397	99.9641461078783
1910.62848710524	100.000243933689
1911.1106038065	100.038871640752
1911.59272050776	100.076330692054
1912.07483720902	100.109359675341
1912.55695391029	100.135728198298
1913.03907061155	100.153779625767
1913.52118731281	100.162046606327
1914.00330401408	100.159049112672
1914.48542071534	100.143164223747
1914.9675374166	100.113436828053
1915.44965411787	100.070653784045
1915.93177081913	100.018701270145
1916.41388752039	99.9651575796791
1916.89600422165	99.9197614039472
1917.37812092292	99.8927763273318
1917.86023762418	99.8903342520481
1918.34235432544	99.9116860388419
1918.82447102671	99.948536125358
1919.30658772797	99.9882117133997
1919.78870442923	100.01813441102
1920.27082113049	100.029358105142
1920.75293783176	100.01994883333
1921.23505453302	99.9948339374445
1921.71717123428	99.9645189417998
1922.19928793555	99.9405801595316
1922.68140463681	99.9324450949567
1923.16352133807	99.9437944278269
1923.64563803934	99.971786936138
1924.1277547406	100.008809123677
1924.60987144186	100.045934044382
1925.09198814312	100.076686656288
1925.57410484439	100.097852018674
1926.05622154565	100.109915758139
1926.53833824691	100.115440638965
1927.02045494818	100.117569099879
1927.50257164944	100.118510938201
1927.9846883507	100.119142363089
1928.46680505197	100.119478514841
1928.94892175323	100.119347885973
1929.43103845449	100.118949843118
1929.91315515575	100.118926302376
1930.39527185702	100.119936936317
1930.87738855828	100.122235190881
1931.35950525954	100.125465999617
1931.84162196081	100.128953343488
1932.32373866207	100.132140651627
1932.80585536333	100.13502932967
1933.2879720646	100.138160950285
1933.77008876586	100.142269008448
1934.25220546712	100.147669993732
1934.73432216838	100.153944539482
1935.21643886965	100.159994930329
1935.69855557091	100.164588032425
1936.18067227217	100.166977426933
1936.66278897344	100.167023741377
1937.1449056747	100.164888060243
1937.62702237596	100.160242024506
1938.10913907723	100.151456888494
1938.59125577849	100.135605080561
1939.07337247975	100.109289951696
1939.55548918101	100.070043118599
1940.03760588228	100.018197937082
1940.51972258354	99.9578238955993
1941.0018392848	99.8970113041912
1941.48395598607	99.8452482228659
1941.96607268733	99.8113211969512
1942.44818938859	99.8000024899519
1942.93030608986	99.8103424501515
1943.41242279112	99.8362394517384
1943.89453949238	99.8688586040246
1944.37665619364	99.9003714762202
1944.85877289491	99.925351940512
1945.34088959617	99.9421367273233
1945.82300629743	99.9518883792661
1946.3051229987	99.9571972273769
1946.78723969996	99.9604201923735
1947.26935640122	99.9627466375977
1947.75147310249	99.964229424968
1948.23358980375	99.9643334156558
1948.71570650501	99.9627269130606
1949.19782320627	99.9597204230731
1949.67993990754	99.956126721525
1950.1620566088	99.9527835766374
1950.64417331006	99.9500146403256
1951.12629001133	99.9474263341774
1951.60840671259	99.9441596050118
1952.09052341385	99.9394565732232
1952.57264011512	99.9332121960994
1953.05475681638	99.9261296912455
1953.53687351764	99.9194727705911
1954.0189902189	99.9144048456031
1954.50110692017	99.9115989374201
1954.98322362143	99.9109236099651
1955.46534032269	99.9116929821136
1955.94745702396	99.9130409276762
1956.42957372522	99.9143961429709
1956.91169042648	99.915600077098
1957.39380712775	99.9167018400003
1957.87592382901	99.917620584313
1958.35804053027	99.917905259581
1958.84015723153	99.9167560995958
1959.3222739328	99.9134528595977
1959.80439063406	99.9077667985297
1960.28650733532	99.9002325669343
1960.76862403659	99.8918889202305
1961.25074073785	99.8837930991642
1961.73285743911	99.8762601550885
1962.21497414038	99.8684461738632
1962.69709084164	99.85832279049
1963.1792075429	99.8433101392344
1963.66132424416	99.8214315763652
1964.14344094543	99.7920466246143
1964.62555764669	99.7565580084655
1965.10767434795	99.7181182020476
1965.58979104922	99.6812781248463
1966.07190775048	99.650674285905
1966.55402445174	99.6297769688666
1967.03614115301	99.6203161655671
1967.51825785427	99.6217428943698
1968.00037455553	99.6316976506208
1968.48249125679	99.6465448245485
1968.96460795806	99.6626067157263
1969.44672465932	99.6767134742321
1969.92884136058	99.6866919591781
1970.41095806185	99.6917129641768
1970.89307476311	99.6921177331834
1971.37519146437	99.6891870938944
1971.85730816564	99.6845359245816
1972.3394248669	99.6797530178046
1972.82154156816	99.6759043537279
1973.30365826942	99.6733156585053
1973.78577497069	99.6717158696306
1974.26789167195	99.6705237771062
1974.75000837321	99.6692596508977
1975.23212507448	99.6677588525852
1975.71424177574	99.6662389365367
1976.196358477	99.6650873220484
1976.67847517826	99.664605188993
1977.16059187953	99.664765437583
1977.64270858079	99.6652014075079
1978.12482528205	99.6653402906086
1978.60694198332	99.6647044725155
1979.08905868458	99.6630704013005
1979.57117538584	99.660503361965
1980.05329208711	99.6572079425869
1980.53540878837	99.6533318604905
1981.01752548963	99.6488143370487
1981.49964219089	99.6434248802801
1981.98175889216	99.6368826760295
1982.46387559342	99.6290273084385
1982.94599229468	99.6198679643012
1983.42810899595	99.6094523378222
1983.91022569721	99.5976840644285
1984.39234239847	99.5842061945078
1984.87445909974	99.5684470491397
1985.356575801	99.5499262728869
1985.83869250226	99.5286357030198
1986.32080920352	99.5052400270114
1986.80292590479	99.4808940149053
1987.28504260605	99.456747432713
1987.76715930731	99.4333237026907
1988.24927600858	99.4101343902194
1988.73139270984	99.3858048907713
1989.2135094111	99.3587904398549
1989.69562611237	99.3285547735842
1990.17774281363	99.2964153314939
1990.65985951489	99.2660238926583
1991.14197621615	99.2422311609934
1991.62409291742	99.2300461235755
1992.10620961868	99.232511535989
1992.58832631994	99.2494422533151
1993.07044302121	99.2772639678648
1993.55255972247	99.310148988915
1994.03467642373	99.342219505149
1994.516793125	99.3687088350545
1994.99890982626	99.3873697514704
1995.48102652752	99.3983775224848
1995.96314322878	99.403555886041
1996.44525993005	99.4051935288024
1996.92737663131	99.4051195701736
1997.40949333257	99.4043791630271
1997.89161003384	99.4032573434334
1998.3737267351	99.4017940397586
1998.85584343636	99.4001891345448
1999.33796013763	99.3988567564351
1999.82007683889	99.398198771617
2000.30219354015	99.3981988538982
2000.78431024141	99.3982550869111
2001.26642694268	99.3972765438872
2001.74854364394	99.394179581421
2002.2306603452	99.3884663278306
2002.71277704647	99.3804621626074
2003.19489374773	99.3712226983465
2003.67701044899	99.3619366217365
2004.15912715026	99.3534570536696
2004.64124385152	99.3458093584954
2005.12336055278	99.338301162841
2005.60547725404	99.3298977636318
2006.08759395531	99.3199073168605
2006.56971065657	99.3083504797878
2007.05182735783	99.2960009722696
2007.5339440591	99.2839417912253
2008.01606076036	99.2730362355495
2008.49817746162	99.2635322711194
2008.98029416289	99.2550052009409
2009.46241086415	99.2466924124614
2009.94452756541	99.2380178742125
2010.42664426667	99.2289651889684
2010.90876096794	99.2200824885653
2011.3908776692	99.2120858200461
2011.87299437046	99.2052763747573
2012.35511107173	99.1991470080788
2012.83722777299	99.1923775975874
2013.31934447425	99.1833957505757
2013.80146117552	99.1709565197951
2014.28357787678	99.1549408187217
2014.76569457804	99.1365251552735
2015.2478112793	99.1181417538416
2015.72992798057	99.1026307652568
2016.21204468183	99.0924617273033
2016.69416138309	99.0891772287017
2017.17627808436	99.0929342077422
2017.65839478562	99.1027052295585
2018.14051148688	99.1166060226342
2018.62262818815	99.1325674541874
2019.10474488941	99.1485635611629
2019.58686159067	99.1628240572976
2020.06897829193	99.174097535288
2020.5510949932	99.1815644781885
2021.03321169446	99.1849922223479
2021.51532839572	99.1847348760169
2021.99744509699	99.1816673321554
2022.47956179825	99.176919455525
2022.96167849951	99.1714668667515
2023.44379520078	99.165905101149
2023.92591190204	99.1602391249543
2024.4080286033	99.1540282879897
2024.89014530456	99.146669467407
2025.37226200583	99.1378158436157
2025.85437870709	99.1275787090475
2026.33649540835	99.1165567700533
2026.81861210962	99.1055228246475
2027.30072881088	99.095107302693
2027.78284551214	99.085526973727
2028.2649622134	99.0765203258192
2028.74707891467	99.0675525241082
2029.22919561593	99.0581234775632
2029.71131231719	99.0480731231366
2030.19342901846	99.0376345296254
2030.67554571972	99.0273450782132
2031.15766242098	99.0177348737967
2031.63977912225	99.0091566864412
2032.12189582351	99.0016630711021
2032.60401252477	98.9951026582445
2033.08612922603	98.9893179769014
2033.5682459273	98.9843138404725
2034.05036262856	98.9802848461159
2034.53247932982	98.9775165250714
2035.01459603109	98.976162159503
2035.49671273235	98.9760932561507
2035.97882943361	98.9768344336324
2036.46094613488	98.9777209344453
2036.94306283614	98.9780741357551
2037.4251795374	98.9773802968213
2037.90729623866	98.9754340431308
2038.38941293993	98.972303346514
2038.87152964119	98.9682806191748
2039.35364634245	98.9637722857513
2039.83576304372	98.9593171884156
2040.31787974498	98.9555483153128
2040.79999644624	98.9530872756366
2041.28211314751	98.9524758314312
2041.76422984877	98.9539210325381
2042.24634655003	98.957138890737
2042.72846325129	98.96125783286
2043.21057995256	98.9650074683784
2043.69269665382	98.967101194791
2044.17481335508	98.966509688915
2044.65693005635	98.9628678204351
2045.13904675761	98.9564775699647
2045.62116345887	98.948139022087
2046.10328016014	98.9387031740543
2046.5853968614	98.9287770098153
2047.06751356266	98.9185317865059
2047.54963026392	98.9077706820546
2048.03174696519	98.8961923266261
2048.51386366645	98.8836748023511
2048.99598036771	98.8704482630496
2049.47809706898	98.8570487981839
2049.96021377024	98.8440992391689
2050.4423304715	98.832001153716
2050.92444717277	98.8208658499439
2051.40656387403	98.8105110005068
2051.88868057529	98.8006849713868
2052.37079727655	98.7912766919397
2052.85291397782	98.7824391805681
2053.33503067908	98.7745300824251
2053.81714738034	98.7679289022743
2054.29926408161	98.7627881679258
2054.78138078287	98.7589406752708
2055.26349748413	98.7559394378376
2055.7456141854	98.7533060510452
2056.22773088666	98.7507309797348
2056.70984758792	98.7482112525374
2057.19196428918	98.7460016914331
2057.67408099045	98.7444573957407
2058.15619769171	98.7438151202794
2058.63831439297	98.7440557969457
2059.12043109424	98.7449021460304
2059.6025477955	98.7459152142531
2060.08466449676	98.7466499924715
2060.56678119803	98.7466676761528
2061.04889789929	98.7455563452467
2061.53101460055	98.7429175561304
2062.01313130181	98.7383560586572
2062.49524800308	98.7316625274403
2062.97736470434	98.7230112562464
2063.4594814056	98.7131683849961
2063.94159810687	98.7033952920386
2064.42371480813	98.6951695171226
2064.90583150939	98.6897581641963
2065.38794821066	98.687608954611
2065.87006491192	98.6881449509172
2066.35218161318	98.6898215653077
2066.83429831444	98.6907752814656
2067.31641501571	98.6893361325064
2067.79853171697	98.6846301425225
2068.28064841823	98.6767794707914
2068.7627651195	98.6666790743374
2069.24488182076	98.6554917248863
2069.72699852202	98.6440427520456
2070.20911522329	98.6326101812096
2070.69123192455	98.6208963934093
2071.17334862581	98.6084348445633
2071.65546532707	98.5949604640211
2072.13758202834	98.5807153995311
2072.6196987296	98.5663862022894
2073.10181543086	98.5528560389012
2073.58393213213	98.5407819827003
2074.06604883339	98.5303452351133
2074.54816553465	98.5212590940042
2075.03028223591	98.5130199883378
2075.51239893718	98.5052489745611
2075.99451563844	98.497919397896
2076.4766323397	98.4913548873708
2076.95874904097	98.4860328178787
2077.44086574223	98.482275539647
2077.92298244349	98.4800589787358
2078.40509914476	98.479022851452
2078.88721584602	98.4786804888932
2079.36933254728	98.4787159452667
2079.85144924855	98.4791088908839
2080.33356594981	98.4801018739303
2080.81568265107	98.4819449297618
2081.29779935233	98.4846331721273
2081.7799160536	98.4877511391616
2082.26203275486	98.4905861704114
2082.74414945612	98.4923484538203
2083.22626615739	98.4925638020402
2083.70838285865	98.4912306049463
2084.19049955991	98.4887686784704
2084.67261626117	98.4857143331139
2085.15473296244	98.4823986316077
2085.6368496637	98.4787185794957
2086.11896636496	98.4741949346865
2086.60108306623	98.4682068187431
2087.08319976749	98.4603759128304
2087.56531646875	98.4508181937689
2088.04743317002	98.440169742928
2088.52954987128	98.429338668202
2089.01166657254	98.4191003373725
2089.4937832738	98.4098609205139
2089.97589997507	98.4015024336396
2090.45801667633	98.3935657471406
2090.94013337759	98.3854796144009
2091.42225007886	98.3768895081084
2091.90436678012	98.3677548425316
2092.38648348138	98.3582816481885
2092.86860018265	98.3487369437287
2093.35071688391	98.3392668659481
2093.83283358517	98.3298726288581
2094.31495028643	98.3204806508208
2094.7970669877	98.3111077922643
2095.27918368896	98.3019726579727
2095.76130039022	98.2934716370337
2096.24341709149	98.2860500819943
2096.72553379275	98.2800032116303
2097.20765049401	98.2753456424061
2097.68976719528	98.2718366812128
2098.17188389654	98.2691500673814
2098.6540005978	98.2670941919411
2099.13611729906	98.2657280482137
2099.61823400033	98.2653508813748
2100.10035070159	98.2663071910523
2100.58246740285	98.2687980130981
2101.06458410412	98.2727082161914
2101.54670080538	98.2776420858703
2102.02881750664	98.2830539946551
2102.51093420791	98.2884965814408
2102.99305090917	98.2937594635625
2103.47516761043	98.2988561156307
2103.95728431169	98.3038865809056
2104.43940101296	98.3088556123981
2104.92151771422	98.3135360912035
2105.40363441548	98.3175382409314
2105.88575111675	98.3204442144551
2106.36786781801	98.3220245311976
2106.84998451927	98.3223457630786
2107.33210122054	98.3217287898997
2107.8142179218	98.3205571213591
2108.29633462306	98.319031981522
2108.77845132432	98.3170506628829
2109.26056802559	98.3142210745229
2109.74268472685	98.3100714675282
2110.22480142811	98.3042362724111
2110.70691812938	98.2966590120017
2111.18903483064	98.2875699513663
2111.6711515319	98.2773974289805
2112.15326823317	98.2665454776707
2112.63538493443	98.2552859742296
2113.11750163569	98.243763611614
2113.59961833695	98.2321118453683
2114.08173503822	98.2205846295902
2114.56385173948	98.2096316617278
2115.04596844074	98.1997721108523
2115.52808514201	98.1914348030077
2116.01020184327	98.1847683248361
2116.49231854453	98.1795586996782
2116.9744352458	98.1753112855739
2117.45655194706	98.1714887767407
2117.93866864832	98.1677807891815
2118.42078534958	98.1642161340703
2118.90290205085	98.1611369371735
2119.38501875211	98.1589720113944
2119.86713545337	98.1580370469438
2120.34925215464	98.1583568381874
2120.8313688559	98.1597017107453
2121.31348555716	98.1617373280864
2121.79560225843	98.1642598073832
2122.27771895969	98.1673151428884
2122.75983566095	98.1711689083447
2123.24195236221	98.1761146294906
2123.72406906348	98.1822696132592
2124.20618576474	98.1894267841494
2124.688302466	98.1971247057989
2125.17041916727	98.2047726068173
2125.65253586853	98.2118832135852
2126.13465256979	98.218231390624
2126.61676927106	98.2238145945882
2127.09888597232	98.2286977854479
2127.58100267358	98.2328402415773
2128.06311937484	98.2359878288606
2128.54523607611	98.237735261457
2129.02735277737	98.2377351233609
2129.50946947863	98.2358662351161
2129.9915861799	98.2323595978022
2130.47370288116	98.2276926966144
2130.95581958242	98.2224146634525
2131.43793628368	98.2168444592357
2131.92005298495	98.210962516121
2132.40216968621	98.2044388222417
2132.88428638747	98.1968722412819
2133.36640308874	98.1880255381012
2133.84851979	98.1780296683387
2134.33063649126	98.1673443135615
2134.81275319253	98.1566143008938
2135.29486989379	98.1464199434008
2135.77698659505	98.1370400999876
2136.25910329632	98.128478366081
2136.74121999758	98.1205549798036
2137.22333669884	98.1131231571936
2137.7054534001	98.1062084511306
2138.18757010137	98.1000239764336
2138.66968680263	98.094845451475
2139.15180350389	98.0908504389116
2139.63392020516	98.0879821999659
2140.11603690642	98.0859781975307
2140.59815360768	98.0844953463379
2141.08027030894	98.0833190145827
2141.56238701021	98.0824727116849
2142.04450371147	98.0822094998495
2142.52662041273	98.0828473390081
2143.008737114	98.0845947567423
2143.49085381526	98.0874215764014
2143.97297051652	98.0910830890968
2144.45508721779	98.0952436152911
2144.93720391905	98.0996644445218
2145.41932062031	98.1043097226041
2145.90143732157	98.1093115386952
2146.38355402284	98.1148136752001
2146.8656707241	98.1207958195356
2147.34778742536	98.1269522691537
2147.82990412663	98.1327466737395
2148.31202082789	98.1376215136003
2148.79413752915	98.1411486882484
2149.27625423042	98.1432103886313
2149.75837093168	98.1439492902416
2150.24048763294	98.1436310426685
2150.7226043342	98.1424323524073
2151.20472103547	98.1403266981642
2151.68683773673	98.137102544165
2152.16895443799	98.1325241561137
2152.65107113926	98.1265033598822
2153.13318784052	98.1192171959897
2153.61530454178	98.1110325723187
2154.09742124305	98.1023835459038
2154.57953794431	98.093557460558
2155.06165464557	98.0845769614188
2155.54377134683	98.0752506600894
2156.0258880481	98.065324227499
2156.50800474936	98.0547087300446
2156.99012145062	98.043572916088
2157.47223815189	98.0323175231151
2157.95435485315	98.0213589900631
2158.43647155441	98.0109949206188
2158.91858825568	98.001239874886
2159.40070495694	97.9918932364476
2159.8828216582	97.9827102446322
2160.36493835946	97.9736221017526
2160.84705506073	97.9648662442368
2161.32917176199	97.9569504662532
2161.81128846325	97.9504126490811
2162.29340516452	97.9456001969875
2162.77552186578	97.942487774771
2163.25763856704	97.9407086863566
2163.73975526831	97.939701024863
2164.22187196957	97.9389592234881
2164.70398867083	97.9382483913017
2165.18610537209	97.9376084265596
2165.66822207336	97.937243058136
2166.15033877462	97.937307472126
2166.63245547588	97.937771791455
2167.11457217715	97.9383965967167
2167.59668887841	97.938878391198
2168.07880557967	97.9390022106405
2168.56092228094	97.9387862998545
2169.0430389822	97.9384452488706
2169.52515568346	97.9382476152097
2170.00727238472	97.9382891765356
2170.48938908599	97.9383680561557
2170.97150578725	97.9379794977362
2171.45362248851	97.9365324265704
2171.93573918978	97.9335613765115
2172.41785589104	97.9289078995951
2172.8999725923	97.9227467944001
2173.38208929357	97.9154534897886
2173.86420599483	97.9073722409923
2174.34632269609	97.8986355252777
2174.82843939735	97.8891286799123
2175.31055609862	97.8785950901025
2175.79267279988	97.8668523857273
2176.27478950114	97.8539193979509
2176.75690620241	97.8400917920134
2177.23902290367	97.8257858234945
2177.72113960493	97.8114012165965
2178.2032563062	97.7971047089185
2178.68537300746	97.7828364000634
2179.16748970872	97.7683847422263
2179.64960640998	97.7535851891475
2180.13172311125	97.7384782285292
2180.61383981251	97.7233462325253
2181.09595651377	97.7086329587964
2181.57807321504	97.6947690312575
2182.0601899163	97.6820270093529
2182.54230661756	97.6704485769798
2183.02442331883	97.6599022517567
2183.50654002009	97.6502405083583
2183.98865672135	97.641411066576
2184.47077342261	97.6334915301424
2184.95289012388	97.6266099786565
2185.43500682514	97.6208306842062
2185.9171235264	97.6160472220746
2186.39924022767	97.6119769557388
2186.88135692893	97.6082844338387
2187.36347363019	97.6046876926655
2187.84559033146	97.6011018459921
2188.32770703272	97.5976224146849
2188.80982373398	97.594425123613
2189.29194043524	97.5915975709623
2189.77405713651	97.5890234654822
2190.25617383777	97.5863625645985
2190.73829053903	97.583181948288
2191.2204072403	97.5791028884006
2191.70252394156	97.5739234624141
2192.18464064282	97.5676702060983
2192.66675734408	97.5605038247075
2193.14887404535	97.5525817881557
2193.63099074661	97.5439398503199
2194.11310744787	97.5344572361041
2194.59522414914	97.5239435250037
2195.0773408504	97.5122590848048
2195.55945755166	97.4993959662312
2196.04157425293	97.4854713731361
2196.52369095419	97.4706595163408
2197.00580765545	97.4550731518336
2197.48792435671	97.4386848117755
2197.97004105798	97.4213682244964
2198.45215775924	97.4029757755946
2198.9342744605	97.38352306277
2199.41639116177	97.3632311479467
2199.89850786303	97.3425208951442
2200.38062456429	97.3218489338351
2200.86274126556	97.3015374464375
2201.34485796682	97.2817171369224
2201.82697466808	97.2623073888226
2202.30909136934	97.2431628416411
2202.79120807061	97.2242200903733
2203.27332477187	97.2056441850146
2203.75544147313	97.1878053340152
2204.2375581744	97.1711488107987
2204.71967487566	97.1559886482715
2205.20179157692	97.1423795526913
2205.68390827819	97.1301072837602
2206.16602497945	97.1188028190466
2206.64814168071	97.1080865845683
2207.13025838197	97.0977527005924
2207.61237508324	97.087788937565
2208.0944917845	97.0783265522009
2208.57660848576	97.0694828377705
2209.05872518703	97.0612526412126
2209.54084188829	97.0534585117105
2210.02295858955	97.0458512509265
2210.50507529082	97.0382040863169
2210.98719199208	97.0304017919823
2211.46930869334	97.0224526197037
2211.9514253946	97.0143822122581
2212.43354209587	97.0061249721449
2212.91565879713	96.9974536061677
2213.39777549839	96.98798516751
2213.87989219966	96.9773186032875
2214.36200890092	96.9651959042699
2214.84412560218	96.9515997179848
2215.32624230345	96.9367427740612
2215.80835900471	96.9209288493567
2216.29047570597	96.904386688614
2216.77259240723	96.8871581074892
2217.2547091085	96.869081055925
2217.73682580976	96.8498908892544
2218.21894251102	96.8294117739548
2218.70105921229	96.8076445105376
2219.18317591355	96.7848416012793
2219.66529261481	96.7613617820049
2220.14740931608	96.737538544169
2220.62952601734	96.7135703753888
2221.1116427186	96.6894496775241
2221.59375941986	96.6651116743192
2222.07587612113	96.6405443158525
2222.55799282239	96.6159091996541
2223.04010952365	96.5915375080543
2223.52222622492	96.5678904112814
2224.00434292618	96.545344314945
2224.48645962744	96.5241228362876
2224.96857632871	96.504248098945
2225.45069302997	96.4855981641936
2225.93280973123	96.4680693531367
2226.41492643249	96.4516528478415
2226.89704313376	96.4364438217806
2227.37915983502	96.4225657778538
2227.86127653628	96.4100137541857
2228.34339323755	96.398605263145
2228.82550993881	96.387951145062
2229.30762664007	96.3776163457759
2229.78974334134	96.3672430718379
2230.2718600426	96.3566912288275
2230.75397674386	96.3460377782341
2231.23609344512	96.3354706508334
2231.71821014639	96.3251270668855
2232.20032684765	96.3149490389859
2232.68244354891	96.3046798777678
2233.16456025018	96.2939406579888
2233.64667695144	96.2824216082468
2234.1287936527	96.26995986272
2234.61091035397	96.2566208650586
2235.09302705523	96.2425853115043
2235.57514375649	96.2280282374762
2236.05726045775	96.2129910558381
2236.53937715902	96.1973409718626
2237.02149386028	96.1808689892449
2237.50361056154	96.1634117713008
2237.98572726281	96.1449533348144
2238.46784396407	96.1256480115337
2238.94996066533	96.1056929527267
2239.43207736659	96.0852455285834
2239.91419406786	96.0642944209378
2240.39631076912	96.0426863618915
2240.87842747038	96.0201895462991
2241.36054417165	95.9967136089582
2241.84266087291	95.9723864196269
2242.32477757417	95.9475788452426
2242.80689427544	95.9227958182388
2243.2890109767	95.8984248806463
2243.77112767796	95.8746868298379
2244.25324437923	95.8515276095507
2244.73536108049	95.8287354735461
2245.21747778175	95.8060986154603
2245.69959448301	95.7835448318983
2246.18171118428	95.7612394750076
2246.66382788554	95.7395066708733
2247.1459445868	95.718678264668
2247.62806128807	95.6989257591002
2248.11017798933	95.6802485822992
2248.59229469059	95.66248456286
2249.07441139185	95.6454359161122
2249.55652809312	95.628991615271
2250.03864479438	95.6131571239799
2250.52076149564	95.5980401573184
2251.00287819691	95.5837146375998
2251.48499489817	95.5701273174255
2251.96711159943	95.5570686963014
2252.4492283007	95.5442165652958
2252.93134500196	95.531306718976
2253.41346170322	95.5181845949
2253.89557840448	95.5048572191519
2254.37769510575	95.4913929080177
2254.85981180701	95.4778334080943
2255.34192850827	95.4640699286158
2255.82404520954	95.4498491403615
2256.3061619108	95.4348411044392
2256.78827861206	95.4187820883992
2257.27039531333	95.4016094881865
2257.75251201459	95.3834605319518
2258.23462871585	95.3645813888973
2258.71674541711	95.3451979181252
2259.19886211838	95.3253665621164
2259.68097881964	95.3049914388839
2260.1630955209	95.2838773286906
2260.64521222217	95.2618947637416
2261.12732892343	95.2390721375122
2261.60944562469	95.2156792296531
2262.09156232596	95.1921143187708
2262.57367902722	95.168730817649
2263.05579572848	95.145752636175
2263.53791242974	95.1231601547154
2264.02002913101	95.1008290298611
2264.50214583227	95.0786281775964
2264.98426253353	95.0565701954607
2265.4663792348	95.0348549136882
2265.94849593606	95.0137945183387
2266.43061263732	94.9937043427295
2266.91272933859	94.9747508557901
2267.39484603985	94.9569265073976
2267.87696274111	94.9400820001883
2268.35907944237	94.9240951288224
2268.84119614364	94.908966076964
2269.3233128449	94.8948555511549
2269.80542954616	94.8820284406748
2270.28754624743	94.8706935499949
2270.76966294869	94.8608967413784
2271.25177964995	94.8524629912144
2271.73389635122	94.8450629487958
2272.21601305248	94.8383850495779
2272.69812975374	94.8322288455294
2273.180246455	94.8266002901797
2273.66236315627	94.8216323905781
2274.14447985753	94.8174661377279
2274.62659655879	94.8140983662883
2275.10871326006	94.8113463708758
2275.59082996132	94.8088707183529
2276.07294666258	94.8063315808012
2276.55506336385	94.8035183720378
2277.03718006511	94.8004006821404
2277.51929676637	94.7971028130591
2278.00141346763	94.7937782920642
2278.4835301689	94.7904787954382
2278.96564687016	94.7870736373094
2279.44776357142	94.7832600455124
2279.92988027269	94.7786249127672
2280.41199697395	94.7727711141385
2280.89411367521	94.7653190095185
2281.37623037648	94.7558921713252
2281.85834707774	94.7441143223233
2282.340463779	94.7295238242855
2282.82258048026	94.7116484873466
2283.30469718153	94.6901469669646
2283.78681388279	94.6648884238586
2284.26893058405	94.6361227034828
2284.75104728532	94.6044087209519
2285.23316398658	94.5705806426004
2285.71528068784	94.5354388045432
2286.19739738911	94.4996688876441
2286.67951409037	94.4637421046579
2287.16163079163	94.4279042106038
2287.64374749289	94.3923116107994
2288.12586419416	94.3570843251133
2288.60798089542	94.3224068233503
2289.09009759668	94.2884464248898
2289.57221429795	94.2552671997952
2290.05433099921	94.2227769089132
2290.53644770047	94.190681039044
2291.01856440174	94.1586616529938
2291.500681103	94.1264973028314
2291.98279780426	94.0941795421003
2292.46491450552	94.0618942230087
2292.94703120679	94.0299662781828
2293.42914790805	93.9986729202675
2293.91126460931	93.9680803643801
2294.39338131058	93.9380204470531
2294.87549801184	93.9080952045824
2295.3576147131	93.8779140016849
2295.83973141436	93.8471786289401
2296.32184811563	93.8157294745027
2296.80396481689	93.7835244274449
2297.28608151815	93.7504736528506
2297.76819821942	93.7164244847249
2298.25031492068	93.6811425882157
2298.73243162194	93.6444367172924
2299.21454832321	93.6062634618301
2299.69666502447	93.5668680683654
2300.17878172573	93.5266804847626
2300.660898427	93.4860829100577
2301.14301512826	93.4451206385297
2301.62513182952	93.4032167895595
2302.10724853078	93.3592309368411
2302.58936523205	93.3117099625826
2303.07148193331	93.2591487519143
2303.55359863457	93.2005460630719
2304.03571533584	93.1355541115368
2304.5178320371	93.0646541159732
2304.99994873836	92.9888459834164
2305.48206543962	92.9093698288035
2305.96418214089	92.8274015822066
2306.44629884215	92.7439220051593
2306.92841554341	92.6596801070982
2307.41053224468	92.5753559073334
2307.89264894594	92.4916419616133
2308.3747656472	92.4092617069494
2308.85688234847	92.3291495084377
2309.33899904973	92.2522005621214
2309.82111575099	92.1793572221141
2310.30323245225	92.1115932667572
2310.78534915352	92.0497591510853
2311.26746585478	91.9947215260669
2311.74958255604	91.9469914046365
2312.23169925731	91.9064741377606
2312.71381595857	91.8720021453033
2313.19593265983	91.8413235439187
2313.6780493611	91.8113185258095
2314.16016606236	91.778153465088
2314.64228276362	91.7383135596461
2315.12439946488	91.6890927409901
2315.60651616615	91.6289506073195
2316.08863286741	91.557605240141
2316.57074956867	91.4757070737862
2317.05286626994	91.3845362493913
2317.5349829712	91.2852974473089
2318.01709967246	91.1793575321075
2318.49921637373	91.0682056875371
2318.98133307499	90.9535738419287
2319.46344977625	90.8376932570638
2319.94556647751	90.7234682659066
2320.42768317878	90.6138430226273
2320.90979988004	90.5116528932043
2321.3919165813	90.4189875440374
2321.87403328257	90.3367425483837
2322.35614998383	90.2646939771017
2322.83826668509	90.2014931037914
2323.32038338636	90.1450961305108
2323.80250008762	90.0927003455684
2324.28461678888	90.0414516184563
2324.76673349014	89.9885844722124
2325.24885019141	89.9315386989636
2325.73096689267	89.8685431038163
2326.21308359393	89.7986744906791
2326.6952002952	89.7222467457383
2327.17731699646	89.6406150422156
2327.65943369772	89.5561239567414
2328.14155039899	89.4718150708227
2328.62366710025	89.3906361686019
2329.10578380151	89.3156667583272
2329.58790050277	89.24970297374
2330.07001720404	89.195074292815
2330.5521339053	89.1535536699569
2331.03425060656	89.1259513706514
2331.51636730783	89.1116147629505
2331.99848400909	89.1079108815087
2332.48060071035	89.1104022866261
2332.96271741162	89.1136909935323
2333.44483411288	89.112004606418
2333.92695081414	89.1010575433971
2334.4090675154	89.0789579070766
2334.89118421667	89.0466701888289
2335.37330091793	89.00749493386
2335.85541761919	88.9660198908281
2336.33753432046	88.9265883326405
2336.81965102172	88.891524942437
2337.30176772298	88.8606433662243
2337.78388442425	88.8315183074025
2338.26600112551	88.8009581127105
2338.74811782677	88.7663314388869
2339.23023452803	88.7270718925666
2339.7123512293	88.6849105984552
2340.19446793056	88.6435731347746
2340.67658463182	88.6073383553697
2341.15870133309	88.5795655970335
2341.64081803435	88.5624893623632
2342.12293473561	88.5575074677399
2342.60505143688	88.5667114632506
2343.08716813814	88.5949224549205
2343.5692848394	88.649901940302
2344.05140154066	88.7409401727992
2344.53351824193	88.8757864497211
2345.01563494319	89.054785702202
2345.49775164445	89.2682632405551
2345.97986834572	89.4964299413997
2346.46198504698	89.7156797075756
2346.94410174824	89.9023633262207
2347.42621844951	90.0375154324818
2347.90833515077	90.1103753550669
2348.39045185203	90.1155559159052
2348.87256855329	90.0531745731301
2349.35468525456	89.927211191957
2349.83680195582	89.7459613476998
2350.31891865708	89.5215056753392
2350.80103535835	89.267174191978
2351.28315205961	88.9989372199775
2351.76526876087	88.7302968312961
2352.24738546214	88.4697570951429
2352.7295021634	88.2200051978877
2353.21161886466	87.9786322794335
2353.69373556592	87.74209649589
2354.17585226719	87.5082219016209
2354.65796896845	87.2788165364662
2355.14008566971	87.0589754387929
2355.62220237098	86.8545906450762
2356.10431907224	86.6702404419851
2356.5864357735	86.5075177042877
2357.06855247477	86.3655507510169
2357.55066917603	86.2429757949586
2358.03278587729	86.1395286114594
2358.51490257855	86.0564698669364
2358.99701927982	85.9955308538007
2359.47913598108	85.9570347179316
2359.96125268234	85.938610743911
2360.44336938361	85.9359319060512
2360.92548608487	85.943957504138
2361.40760278613	85.9595805065638
2361.88971948739	85.98285859886
2362.37183618866	86.0168043404353
2362.85395288992	86.0655504115837
2363.33606959118	86.1321531828813
2363.81818629245	86.2172382321598
2364.30030299371	86.318821345372
2364.78241969497	86.4334297349224
2365.26453639624	86.5578368106948
2365.7466530975	86.6902939057387
2366.22876979876	86.830520407325
2366.71088650003	86.97917594882
2367.19300320129	87.1363233136351
2367.67511990255	87.3011593060701
2368.15723660381	87.4719178172413
2368.63935330508	87.6468609002237
2369.12147000634	87.824683361481
2369.6035867076	88.0051564726609
2370.08570340887	88.1887143201
2370.56782011013	88.3758927017021
2371.04993681139	88.566781761151
2371.53205351265	88.7603591145147
2372.01417021392	88.9549952373285
2372.49628691518	89.1489419681614
2372.97840361644	89.3408207985637
2373.46052031771	89.5301278787175
2373.94263701897	89.716725969422
2374.42475372023	89.9007506602947
2374.9068704215	90.0821283341493
2375.38898712276	90.2606761305102
2375.87110382402	90.4358552530257
2376.35322052528	90.6073306176376
2376.83533722655	90.775172632569
2377.31745392781	90.9398692314483
2377.79957062907	91.1024029686186
2378.28168733034	91.2635037342952
2378.7638040316	91.423635533317
2379.24592073286	91.5826972989168
2379.72803743413	91.7400460333373
2380.21015413539	91.8947796142812
2380.69227083665	92.0456862195781
2381.17438753791	92.1916703668505
2381.65650423918	92.3314884891068
2382.13862094044	92.4641324169316
2382.6207376417	92.5884753563135
2383.10285434297	92.7033622599618
2383.58497104423	92.807901606314
2384.06708774549	92.9014516511257
2384.54920444676	92.9838311586753
2385.03132114802	93.0552251438036
2385.51343784928	93.1161591339385
2385.99555455054	93.1673321513899
2386.47767125181	93.2094202779476
2386.95978795307	93.2430765828761
2387.44190465433	93.2688436093071
2387.9240213556	93.2872731212037
2388.40613805686	93.2990758373886
2388.88825475812	93.3051752118197
2389.37037145939	93.3066013940679
2389.85248816065	93.3045196867699
2390.33460486191	93.2999849406179
2390.81672156317	93.2938097625727
2391.29883826444	93.2865842034034
2391.7809549657	93.2786575763953
2392.26307166696	93.2702402134932
2392.74518836823	93.2615124152059
2393.22730506949	93.2526502367913
2393.70942177075	93.2438100850365
2394.19153847202	93.2351079684606
2394.67365517328	93.2265624214475
2395.15577187454	93.2181167802584
2395.6378885758	93.209681757297
2396.12000527707	93.2012375000069
2396.60212197833	93.1928708123999
2397.08423867959	93.1847797957081
2397.56635538086	93.1771971689514
2398.04847208212	93.1703156373088
2398.53058878338	93.1642224976512
2399.01270548465	93.1588772221262
2399.49482218591	93.1541512262021
2399.97693888717	93.1499017623952
2400.45905558843	93.1460188266615
2400.9411722897	93.1424390017489
2401.42328899096	93.1391073068098
2401.90540569222	93.1359310875215
2402.38752239349	93.1327336481593
2402.86963909475	93.1292960876418
2403.35175579601	93.1253926321306
2403.83387249728	93.1208454892936
2404.31598919854	93.1155705026928
2404.7981058998	93.1095358548863
2405.28022260106	93.1027221523571
2405.76233930233	93.0950632216644
2406.24445600359	93.0864290097594
2406.72657270485	93.0766543130219
2407.20868940612	93.0656484253367
2407.69080610738	93.0534478697593
2408.17292280864	93.0402540861819
2408.65503950991	93.0263735761233
2409.13715621117	93.0121324768184
2409.61927291243	92.9977819990685
2410.10138961369	92.9834265039539
2410.58350631496	92.9690614638139
2411.06562301622	92.9546568249938
2411.54773971748	92.9402324404902
2412.02985641875	92.9259561432473
2412.51197312001	92.9120869620933
2412.99408982127	92.8989134164831
2413.47620652253	92.8866376318421
2413.9583232238	92.8753292034936
2414.44043992506	92.8649247323297
2414.92255662632	92.8553055457703
2415.40467332759	92.8464075056854
2415.88679002885	92.838264640487
2416.36890673011	92.8310314411526
2416.85102343138	92.8248804594288
2417.33314013264	92.8199254634371
2417.8152568339	92.8161410717816
2418.29737353516	92.8133654117442
2418.77949023643	92.8113529378537
2419.26160693769	92.8098640198591
2419.74372363895	92.8087257055715
2420.22584034022	92.8078048883709
2420.70795704148	92.8069747673252
2421.19007374274	92.8060452084421
2421.67219044401	92.8047227244627
2422.15430714527	92.8026866079245
2422.63642384653	92.7996671854142
2423.11854054779	92.7955569835726
2423.60065724906	92.7904586844331
2424.08277395032	92.7846469354408
2424.56489065158	92.7784587214866
2425.04700735285	92.7721172374041
2425.52912405411	92.7656753847021
2426.01124075537	92.7589788154039
2426.49335745664	92.7517723855063
2426.9754741579	92.7437817286803
2427.45759085916	92.7348492752359
2427.93970756042	92.7249480354455
2428.42182426169	92.714129324299
2428.90394096295	92.7024381319256
2429.38605766421	92.6898226976028
2429.86817436548	92.6761466916085
2430.35029106674	92.6612386469347
2430.832407768	92.6449890364328
2431.31452446927	92.6274294599684
2431.79664117053	92.6087126034604
2432.27875787179	92.5890962036615
2432.76087457305	92.5688274427249
2433.24299127432	92.5480580081147
2433.72510797558	92.5268089221121
2434.20722467684	92.5050660077913
2434.68934137811	92.4828373095811
2435.17145807937	92.4602408670939
2435.65357478063	92.4375348691566
2436.1356914819	92.4150050155659
2436.61780818316	92.392956555656
2437.09992488442	92.3715705191232
2437.58204158568	92.3508813084966
2438.06415828695	92.3308233922921
2438.54627498821	92.3112759592644
2439.02839168947	92.2921860988354
2439.51050839074	92.2735630820044
2439.992625092	92.2554708209661
2440.47474179326	92.2379407294189
2440.95685849453	92.2209657545619
2441.43897519579	92.2044661107148
2441.92109189705	92.188334935386
2442.40320859831	92.1725037256608
2442.88532529958	92.1569625047188
2443.36744200084	92.1417870929795
2443.8495587021	92.127057229729
2444.33167540337	92.1127859031575
2444.81379210463	92.0988798121688
2445.29590880589	92.0851278229335
2445.77802550716	92.0713249122178
2446.26014220842	92.0573230346988
2446.74225890968	92.0431266326414
2447.22437561094	92.0288597851778
2447.70649231221	92.0147502195205
2448.18860901347	92.0009946266403
2448.67072571473	91.9876835542157
2449.152842416	91.9747900725543
2449.63495911726	91.9621875585968
2450.11707581852	91.9497623419926
2450.59919251979	91.9374559827202
2451.08130922105	91.9253049216192
2451.56342592231	91.9133906613176
2452.04554262357	91.9018189906759
2452.52765932484	91.8906492386355
2453.0097760261	91.8799016051162
2453.49189272736	91.8695948262382
2453.97400942863	91.8597689745111
2454.45612612989	91.8505335906179
2454.93824283115	91.842016996142
2455.42035953242	91.8342960745535
2455.90247623368	91.8273404825987
2456.38459293494	91.82097453327
2456.8667096362	91.8149615586892
2457.34882633747	91.809066926379
2457.83094303873	91.8031888304094
2458.31305973999	91.7973903874422
2458.79517644126	91.7918963584372
2459.27729314252	91.7869727658097
2459.75940984378	91.7828177317467
2460.24152654505	91.7795014919841
2460.72364324631	91.776958053216
2461.20575994757	91.7750760212524
2461.68787664883	91.7737869518983
2462.1699933501	91.7731265953017
2462.65211005136	91.7732144357171
2463.13422675262	91.7741596608976
2463.61634345389	91.7759505293302
2464.09846015515	91.7783799722319
2464.58057685641	91.7810557609063
2465.06269355768	91.7835371473602
2465.54481025894	91.7854158539583
2466.0269269602	91.7864520857141
2466.50904366146	91.7865961032388
2466.99116036273	91.7859242460705
2467.47327706399	91.7845399371125
2467.95539376525	91.7824965523092
2468.43751046652	91.7797813129222
2468.91962716778	91.7763598504818
2469.40174386904	91.7722558388961
2469.8838605703	91.7675917346804
2470.36597727157	91.7625718632862
2470.84809397283	91.757401521137
2471.33021067409	91.7521949534667
2471.81232737536	91.7469032404501
2472.29444407662	91.7413535298288
2472.77656077788	91.7353343183736
2473.25867747915	91.7287344198061
2473.74079418041	91.7216175007671
2474.22291088167	91.7142139575361
2474.70502758294	91.7068214567486
2475.1871442842	91.6996884898227
2475.66926098546	91.6928910663604
2476.15137768672	91.6863284997227
2476.63349438799	91.6797800311319
2477.11561108925	91.6730663007094
2477.59772779051	91.6661519263931
2478.07984449178	91.6591931693999
2478.56196119304	91.6524652695323
2479.0440778943	91.6462609934656
2479.52619459556	91.6407762584507
2480.00831129683	91.6360334353738
2480.49042799809	91.6319120290922
2480.97254469935	91.6282100974167
2481.45466140062	91.6247608069506
2481.93677810188	91.6214573633683
2482.41889480314	91.618250332927
2482.90101150441	91.6151069289708
2483.38312820567	91.6119543114975
2483.86524490693	91.6086862133649
2484.34736160819	91.6052044333709
2484.82947830946	91.6014716184531
2485.31159501072	91.5975448033189
2485.79371171198	91.5935550510667
2486.27582841325	91.5896354291644
2486.75794511451	91.5858187752317
2487.24006181577	91.5819924800619
2487.72217851704	91.5778938617933
2488.2042952183	91.5732286396733
2488.68641191956	91.5677775528741
2489.16852862082	91.5614743390974
2489.65064532209	91.554425982667
2490.13276202335	91.546824897481
2490.61487872461	91.5388606780062
2491.09699542588	91.5306004796701
2491.57911212714	91.5219782842155
2492.0612288284	91.5128282292527
2492.54334552967	91.5030189098708
2493.02546223093	91.4925138934653
2493.50757893219	91.4814142736685
2493.98969563345	91.4699041249569
2494.47181233472	91.4581603258363
2494.95392903598	91.446287459756
2495.43604573724	91.4342750063318
2495.91816243851	91.4220480920795
2496.40027913977	91.4095298863624
2496.88239584103	91.3967410386071
2497.3645125423	91.3838020784739
2497.84662924356	91.3708880399684
2498.32874594482	91.3581552172725
2498.81086264608	91.3456627370089
2499.29297934735	91.33338368383
2499.77509604861	91.3212323689249
2500.25721274987	91.309141213635
2500.73932945114	91.2971229597213
2501.2214461524	91.2852489429855
2501.70356285366	91.2736239286465
2502.18567955493	91.262283461543
2502.66779625619	91.251157965382
2503.14991295745	91.2400645943494
2503.63202965871	91.2288263241484
2504.11414635998	91.2173292119116
2504.59626306124	91.2055978242777
2505.0783797625	91.193769637553
2505.56049646377	91.1819961582232
2506.04261316503	91.1703451051472
2506.52472986629	91.1587150653717
2507.00684656756	91.1468414454807
2507.48896326882	91.1344204492176
2507.97107997008	91.1212241735907
2508.45319667134	91.1072268537118
2508.93531337261	91.0926002798123
2509.41743007387	91.0776352783435
2509.89954677513	91.0625806199858
2510.3816634764	91.0475353636041
2510.86378017766	91.0323922584454
2511.34589687892	91.0168906954225
2511.82801358019	91.000772101923
2512.31013028145	90.9838515638308
2512.79224698271	90.9661313890199
2513.27436368397	90.9477339416664
2513.75648038524	90.9288230625405
2514.2385970865	90.9095028253416
2514.72071378776	90.8897438424565
2515.20283048903	90.8694633295198
2515.68494719029	90.8485857218505
2516.16706389155	90.8271447132275
2516.64918059282	90.8052876664799
2517.13129729408	90.7832714596205
2517.61341399534	90.7613292146879
2518.0955306966	90.7395935009463
2518.57764739787	90.7180492289462
2519.05976409913	90.696539651933
2519.54188080039	90.6748979582239
2520.02399750166	90.6530159407396
2520.50611420292	90.6308834029216
2520.98823090418	90.6085765264224
2521.47034760545	90.586147011889
2521.95246430671	90.5636151392933
2522.43458100797	90.5409151781815
2522.91669770923	90.5179683420052
2523.3988144105	90.4947215494427
2523.88093111176	90.4712721073711
2524.36304781302	90.447815846793
2524.84516451429	90.4246007834693
2525.32728121555	90.401801698854
2525.80939791681	90.379396439698
2526.29151461807	90.3571960756775
2526.77363131934	90.3348891044986
2527.2557480206	90.3121776638054
2527.73786472186	90.2888857648957
2528.21998142313	90.2649888603331
2528.70209812439	90.2406195309896
2529.18421482565	90.2159376131387
2529.66633152692	90.1910383204629
2530.14844822818	90.165879126234
2530.63056492944	90.1403688807025
2531.11268163071	90.1144250845405
2531.59479833197	90.0880617472052
2532.07691503323	90.0614342269533
2532.55903173449	90.0347308608076
2533.04114843576	90.0081576458344
2533.52326513702	89.9817896480395
2534.00538183828	89.9555693532711
2534.48749853955	89.929310266699
2534.96961524081	89.9028679322718
2535.45173194207	89.8761928011568
2535.93384864333	89.8493693837668
2536.4159653446	89.8225752083037
2536.89808204586	89.7959369662286
2537.38019874712	89.7695090120586
2537.86231544839	89.7432016938269
2538.34443214965	89.7168515160398
2538.82654885091	89.6903362312282
2539.30866555218	89.66363550004
2539.79078225344	89.6369147146201
2540.2728989547	89.6104260560588
2540.75501565597	89.5843881349652
2541.23713235723	89.5588556666262
2541.71924905849	89.5337275835345
2542.20136575975	89.5087816794099
2542.68348246102	89.4837844692887
2543.16559916228	89.4586373658742
2543.64771586354	89.4333821216402
2544.12983256481	89.4082234722331
2544.61194926607	89.3833715620329
2545.09406596733	89.35893571245
2545.57618266859	89.3348891890343
2546.05829936986	89.3110653470872
2546.54041607112	89.2873193120801
2547.02253277238	89.2635863781618
2547.50464947365	89.2399484335603
2547.98676617491	89.2165496874327
2548.46888287617	89.1935506241536
2548.95099957744	89.1709772861979
2549.4331162787	89.1486940072725
2549.91523297996	89.1264535893212
2550.39734968122	89.1039982485506
2550.87946638249	89.0812032787499
2551.36158308375	89.0581088168194
2551.84369978501	89.0348754170932
2552.32581648628	89.011700534436
2552.80793318754	88.988657616874
2553.2900498888	88.9657044683357
2553.77216659007	88.9426798955243
2554.25428329133	88.9194343465245
2554.73639999259	88.8959035843129
2555.21851669385	88.8722145009724
2555.70063339512	88.8486066827487
2556.18275009638	88.825332526933
2556.66486679764	88.8025676958782
2557.14698349891	88.7803029580384
2557.62910020017	88.7584345155013
2558.11121690143	88.7368148361548
2558.5933336027	88.7153694465535
2559.07545030396	88.6941408390187
2559.55756700522	88.6732214618229
2560.03968370648	88.6527023962312
2560.52180040775	88.632555158373
2561.00391710901	88.6126128452029
2561.48603381027	88.5926220186571
2561.96815051154	88.5723874409319
2562.4502672128	88.5518743269892
2562.93238391406	88.5312440732576
2563.41450061533	88.5108200481594
2563.89661731659	88.4909033796589
2564.37873401785	88.471679536809
2564.86085071911	88.4531265399633
2565.34296742038	88.4350468488185
2565.82508412164	88.4171946032548
2566.3072008229	88.3993601159697
2566.78931752417	88.3815038579896
2567.27143422543	88.3636989689282
2567.75355092669	88.3460536606378
2568.23566762796	88.3285679225954
2568.71778432922	88.3111197558513
2569.19990103048	88.2934596535808
2569.68201773174	88.2753437462726
2570.16413443301	88.2566363152048
2570.64625113427	88.2373624962707
2571.12836783553	88.2177168063064
2571.6104845368	88.1979551003488
2572.09260123806	88.1782710922319
2572.57471793932	88.1587294224729
2573.05683464059	88.1392488969379
2573.53895134185	88.1197239462413
2574.02106804311	88.1000921537401
2574.50318474437	88.0804020863305
2574.98530144564	88.0607652357739
2575.4674181469	88.0413248617378
2575.94953484816	88.0221455751171
2576.43165154943	88.003175929881
2576.91376825069	87.9842908019811
2577.39588495195	87.9653433658042
2577.87800165322	87.946307328661
2578.36011835448	87.927279457543
2578.84223505574	87.9084633090377
2579.324351757	87.8900293696196
2579.80646845827	87.8720849057126
2580.28858515953	87.8545911745883
2580.77070186079	87.8374173700717
2581.25281856206	87.8204243002574
2581.73493526332	87.8035339685176
2582.21705196458	87.7867983425388
2582.69916866585	87.7703316238992
2583.18128536711	87.7542200375493
2583.66340206837	87.738443879142
2584.14551876963	87.7228280965572
2584.6276354709	87.7071487656697
2585.10975217216	87.6912159086243
2585.59186887342	87.6749734275239
2586.07398557469	87.6585031748718
2586.55610227595	87.6419977301357
2587.03821897721	87.6256192724162
2587.52033567848	87.6093900018652
2588.00245237974	87.5931711791883
2588.484569081	87.5766916102617
2588.96668578226	87.5597327001314
2589.44880248353	87.542195734811
2589.93091918479	87.5241654475597
2590.41303588605	87.5058453779388
2590.89515258732	87.4874249984552
2591.37726928858	87.4689915948258
2591.85938598984	87.4504628972093
2592.3415026911	87.4316467592861
2592.82361939237	87.4123402816298
2593.30573609363	87.3924914137561
2593.78785279489	87.3722107391167
2594.26996949616	87.351721561115
2594.75208619742	87.3312431683104
2595.23420289868	87.3108515656199
2595.71631959995	87.2904794094226
2596.19843630121	87.2699503745618
2596.68055300247	87.2491173376116
2597.16266970373	87.2280047839012
2597.644786405	87.2068192001402
2598.12690310626	87.1859413202746
2598.60901980752	87.1657090965223
2599.09113650879	87.1463105133319
2599.57325321005	87.1276505548001
2600.05536991131	87.1094598545966
2600.53748661258	87.0913706461985
2601.01960331384	87.0731035323225
2601.5017200151	87.0545770668042
2601.98383671636	87.0358608659821
2602.46595341763	87.0171278901817
2602.94807011889	86.9984935943601
2603.43018682015	86.9799538660293
2603.91230352142	86.9613994279771
2604.39442022268	86.9426766583961
2604.87653692394	86.9237282208809
2605.35865362521	86.9046175777565
2605.84077032647	86.8855049614035
2606.32288702773	86.8665146090579
2606.80500372899	86.8476646683968
2607.28712043026	86.8287931381752
2607.76923713152	86.8096045627457
2608.25135383278	86.789824428751
2608.73347053405	86.7692651355992
2609.21558723531	86.7479526360429
2609.69770393657	86.7260447925422
2610.17982063784	86.7037400549882
2610.6619373391	86.6811517398742
2611.14405404036	86.6582169911794
2611.62617074162	86.6347847395179
2612.10828744289	86.6106995207756
2612.59040414415	86.5859398295484
2613.07252084541	86.5606344883749
2613.55463754668	86.5350681492308
2614.03675424794	86.5095148365971
2614.5188709492	86.4841306410661
2615.00098765047	86.4588862998393
2615.48310435173	86.4335786726209
2615.96522105299	86.4080108764855
2616.44733775425	86.3821051030698
2616.92945445552	86.3559770589029
2617.41157115678	86.3299214077937
2617.89368785804	86.3042188628944
2618.37580455931	86.2790813769712
2618.85792126057	86.2545068509779
2619.34003796183	86.2303327575011
2619.8221546631	86.2062937417782
2620.30427136436	86.1822300978209
2620.78638806562	86.1581353876462
2621.26850476688	86.1341566437578
2621.75062146815	86.1105072358002
2622.23273816941	86.0873048980387
2622.71485487067	86.0645648208629
2623.19697157194	86.0421687572954
2623.6790882732	86.0199745858439
2624.16120497446	85.9978734989545
2624.64332167573	85.975899701092
2625.12543837699	85.9541551552479
2625.60755507825	85.932719932011
2626.08967177951	85.9115581577428
2626.57178848078	85.8904467218491
2627.05390518204	85.8690788216001
2627.5360218833	85.8471838265508
2628.01813858457	85.8246340732644
2628.50025528583	85.8015217086822
2628.98237198709	85.7780450872464
2629.46448868836	85.7544445886345
2629.94660538962	85.7308057356308
2630.42872209088	85.7070208585606
2630.91083879214	85.682788156581
2631.39295549341	85.6578234475085
2631.87507219467	85.6319817478444
2632.35718889593	85.605344075809
2632.8393055972	85.5781994084963
2633.32142229846	85.5508640055332
2633.80353899972	85.5236103710558
2634.28565570098	85.4965043628166
2634.76777240225	85.4694415298047
2635.24988910351	85.4422611555128
2635.73200580477	85.4148531916526
2636.21412250604	85.3873015139446
2636.6962392073	85.35983643707
2637.17835590856	85.3327280317041
2637.66047260983	85.306135469968
2638.14258931109	85.2800737490306
2638.62470601235	85.2543994457552
2639.10682271362	85.2289141936039
2639.58893941488	85.2035174405218
2640.07105611614	85.1782422473817
2640.5531728174	85.153307444339
2641.03528951867	85.1289701956712
2641.51740621993	85.1054062719875
2641.99952292119	85.082657285366
2642.48163962246	85.0605995666753
2642.96375632372	85.0390960463933
2643.44587302498	85.0180592112273
2643.92798972624	84.9975291715548
2644.41010642751	84.9776008208539
2644.89222312877	84.9583690034287
2645.37433983003	84.9397833289225
2645.8564565313	84.9216105668216
2646.33857323256	84.9034913638623
2646.82068993382	84.885077056668
2647.30280663509	84.8661802635515
2647.78492333635	84.8468335195451
2648.26704003761	84.8272353017943
2648.74915673887	84.8076408662568
2649.23127344014	84.7881634366571
2649.7133901414	84.7687437549256
2650.19550684266	84.7491377631884
2650.67762354393	84.7290644840563
2651.15974024519	84.7083255096756
2651.64185694645	84.6869282825007
2652.12397364772	84.665045984312
2652.60609034898	84.6429078648728
2653.08820705024	84.6206853813647
2653.5703237515	84.5983591976317
2654.05244045277	84.5757941955283
2654.53455715403	84.5527962264897
2655.01667385529	84.5292571337361
2655.49879055656	84.5052265964448
2655.98090725782	84.4808630173013
2656.46302395908	84.4563778634201
2656.94514066035	84.4319058901219
2657.42725736161	84.4074581111673
2657.90937406287	84.3829267977536
2658.39149076413	84.3582444936291
2658.8736074654	84.3334627423206
2659.35572416666	84.3087873690123
2659.83784086792	84.2845499545479
2660.31995756919	84.2610145521533
2660.80207427045	84.2383042863388
2661.28419097171	84.2163180518024
2661.76630767298	84.1948127363173
2662.24842437424	84.173523075672
2662.7305410755	84.1523541459737
2663.21265777676	84.131424208796
2663.69477447803	84.1110126247959
2664.17689117929	84.0914248680348
2664.65900788055	84.0727749042596
2665.14112458182	84.0549606701541
2665.62324128308	84.0376585834427
2666.10535798434	84.0205082907892
2666.58747468561	84.0032523794526
2667.06959138687	83.9858234776193
2667.55170808813	83.9683480579208
2668.03382478939	83.9509899060843
2668.51594149066	83.9337907941649
2668.99805819192	83.9165605945314
2669.48017489318	83.8989284470446
2669.96229159445	83.8804741274498
2670.44440829571	83.8609162073317
2670.92652499697	83.840209805804
2671.40864169824	83.8185185976226
2671.8907583995	83.7961312996457
2672.37287510076	83.7732825616666
2672.85499180202	83.7500286764669
2673.33710850329	83.7262660430651
2673.81922520455	83.7017890889903
2674.30134190581	83.6765007519735
2674.78345860708	83.650460124846
2675.26557530834	83.623904545801
2675.7476920096	83.5970757348286
2676.22980871087	83.570168770299
2676.71192541213	83.5431872070445
2677.19404211339	83.5159847286854
2677.67615881465	83.4883820795188
2678.15827551592	83.4602848479914
2678.64039221718	83.4318314677441
2679.12250891844	83.4033464954474
2679.60462561971	83.3752114366069
2680.08674232097	83.3477045013751
2680.56885902223	83.3208665579571
2681.0509757235	83.2945493164302
2681.53309242476	83.268489940685
2682.01520912602	83.2424697638433
2682.49732582728	83.2164075848873
2682.97944252855	83.1904292035567
2683.46155922981	83.1647551192214
2683.94367593107	83.1395691531578
2684.42579263234	83.1149515071032
2684.9079093336	83.0908257689628
2685.39002603486	83.067100803075
2685.87214273613	83.0437287392993
2686.35425943739	83.020783007272
2686.83637613865	82.9984272123349
2687.31849283991	82.9767873113462
2687.80060954118	82.9558680877634
2688.28272624244	82.9354659906029
2688.7648429437	82.9151982811837
2689.24695964497	82.8946181145953
2689.72907634623	82.8734237960401
2690.21119304749	82.8514960801291
2690.69330974875	82.8289197366713
2691.17542645002	82.8058786434034
2691.65754315128	82.7824904942332
2692.13965985254	82.758757319047
2692.62177655381	82.7345316812342
2693.10389325507	82.709601106313
2693.58600995633	82.6838284553256
2694.0681266576	82.6571707503645
2694.55024335886	82.6297378628628
2695.03236006012	82.6016583140463
2695.51447676139	82.5730112310453
2695.99659346265	82.5437234634829
2696.47871016391	82.5136842631833
2696.96082686517	82.4827957541799
2697.44294356644	82.4511032299598
2697.9250602677	82.4188380919768
2698.40717696896	82.3863304359239
2698.88929367023	82.3539285708024
2699.37141037149	82.3218075689757
2699.85352707275	82.2899311452963
2700.33564377401	82.2581089328857
2700.81776047528	82.2260967427414
2701.29987717654	82.193820245836
2701.7819938778	82.1614190662938
2702.26411057907	82.1292376016937
2702.74622728033	82.0976589578177
2703.22834398159	82.0669869298206
2703.71046068286	82.0373202684747
2704.19257738412	82.0085591760828
2704.67469408538	81.9805334339337
2705.15681078665	81.9530793320734
2705.63892748791	81.9262025116076
2706.12104418917	81.9000142720612
2706.60316089043	81.8746663271576
2707.0852775917	81.8501846542703
2707.56739429296	81.8264750161261
2708.04951099422	81.803300965903
2708.53162769549	81.7804127367888
2709.01374439675	81.7576758510442
2709.49586109801	81.7350745788053
2709.97797779927	81.7127257262943
2710.46009450054	81.6907155819229
2710.9422112018	81.6689841535888
2711.42432790306	81.6472941010006
2711.90644460433	81.6252563721224
2712.38856130559	81.6025173214114
2712.87067800685	81.5789005205562
2713.35279470812	81.5544721854673
2713.83491140938	81.529457509884
2714.31702811064	81.5041245737703
2714.7991448119	81.4786032827893
2715.28126151317	81.4527901806171
2715.76337821443	81.426420678324
2716.24549491569	81.3991438051112
2716.72761161696	81.3707743025666
2717.20972831822	81.3413467145495
2717.69184501948	81.3111116402483
2718.17396172075	81.2804185895069
2718.65607842201	81.2495057674003
2719.13819512327	81.2185017258583
2719.62031182453	81.187373250064
2720.1024285258	81.1560628909665
2720.58454522706	81.1245693999601
2721.06666192832	81.093083584803
2721.54877862959	81.0619032467073
2722.03089533085	81.0313365152785
2722.51301203211	81.0015590538282
2722.99512873338	80.9725258381594
2723.47724543464	80.9440848433299
2723.9593621359	80.9160814864291
2724.44147883716	80.8885020520551
2724.92359553843	80.8615609554231
2725.40571223969	80.8355715301378
2725.88782894095	80.8108907192196
2726.36994564222	80.7876853993169
2726.85206234348	80.7658779997046
2727.33417904474	80.7451476689817
2727.81629574601	80.7251434657189
2728.29841244727	80.7056249747312
2728.78052914853	80.6865450664386
2729.26264584979	80.6680403095192
2729.74476255106	80.6502590246177
2730.22687925232	80.6332580008215
2730.70899595358	80.6168854403566
2731.19111265485	80.6008251090913
2731.67322935611	80.5847215842924
2732.15534605737	80.5683310883006
2732.63746275864	80.5516155709131
2733.1195794599	80.5346832325711
2733.60169616116	80.5176577346883
2734.08381286242	80.5005108420495
2734.56592956369	80.4830272443613
2735.04804626495	80.4648629505603
2735.53016296621	80.4456724754897
2736.01227966748	80.4253088620958
2736.49439636874	80.403857536561
2736.97651307	80.3816404535867
2737.45862977127	80.3590064225117
2737.94074647253	80.3361531472928
2738.42286317379	80.3130552773853
2738.90497987505	80.2894624887767
2739.38709657632	80.2651208643301
2739.86921327758	80.2399059630741
2740.35132997884	80.2139554603982
2740.83344668011	80.187588900167
2741.31556338137	80.1612360744296
2741.79768008263	80.1351819520085
2742.2797967839	80.1094967698172
2742.76191348516	80.084060230068
2743.24403018642	80.058676361727
2743.72614688768	80.0332997727592
2744.20826358895	80.008109965965
2744.69038029021	79.9834644578187
2745.17249699147	79.9597971846742
2745.65461369274	79.9373703317535
2746.136730394	79.9162180021416
2746.61884709526	79.8961264930997
2747.10096379653	79.8767911031264
2747.58308049779	79.8579720633751
2748.06519719905	79.8396431550437
2748.54731390031	79.8219662116085
2749.02943060158	79.8051698750113
2749.51154730284	79.7894072872072
2749.9936640041	79.774612840921
2750.47578070537	79.7605572931251
2750.95789740663	79.7469217660854
2751.44001410789	79.7334826734839
2751.92213080916	79.7201568606177
2752.40424751042	79.7070234259731
2752.88636421168	79.6941755624699
2753.36848091294	79.6815907479243
2753.85059761421	79.6690529377815
2754.33271431547	79.6562034352359
2754.81483101673	79.6426791427064
2755.296947718	79.62827563554
2755.77906441926	79.6130274976843
2756.26118112052	79.5971684859867
2756.74329782178	79.5809399683568
2757.22541452305	79.5644487392642
2757.70753122431	79.547542393682
2758.18964792557	79.5298644103729
2758.67176462684	79.5109915646831
2759.1538813281	79.4906508151376
2759.63599802936	79.4688440958301
2760.11811473063	79.4458369724948
2760.60023143189	79.4220542813813
2761.08234813315	79.3978247326336
2761.56446483442	79.373336212242
2762.04658153568	79.3485707480484
2762.52869823694	79.3234191806079
2763.0108149382	79.2978328262596
2763.49293163947	79.2718937671413
2763.97504834073	79.245854696165
2764.45716504199	79.2200208174772
2764.93928174326	79.1946150302495
2765.42139844452	79.1696521309854
2765.90351514578	79.1450236127214
2766.38563184704	79.1205729700622
2766.86774854831	79.0962461589479
2767.34986524957	79.0721800673697
2767.83198195083	79.0486285646167
2768.3140986521	79.0258894862597
2768.79621535336	79.0041320163889
2769.27833205462	78.9833066859549
2769.76044875589	78.9631919783278
2770.24256545715	78.9434796086023
2770.72468215841	78.9239997793902
2771.20679885967	78.904762159755
2771.68891556094	78.8859599612327
2772.1710322622	78.8677988995478
2772.65314896346	78.8504143107887
2773.13526566473	78.8337344490984
2773.61738236599	78.8175240914405
2774.09949906725	78.8014750809933
2774.58161576852	78.7853238446903
2775.06373246978	78.7689653538957
2775.54584917104	78.752377409749
2776.0279658723	78.735524379717
2776.51008257357	78.7182572151247
2776.99219927483	78.7002283223454
2777.47431597609	78.6810364671697
2777.95643267736	78.660352629921
2778.43854937862	78.6380699245679
2778.92066607988	78.6143317088524
2779.40278278115	78.5894980275011
2779.88489948241	78.5639430331159
2780.36701618367	78.5378511410487
2780.84913288493	78.5111570800511
2781.3312495862	78.4835410721608
2781.81336628746	78.4546860774463
2782.29548298872	78.4243909508887
2782.77759968999	78.3927045503819
2783.25971639125	78.3598858425318
2783.74183309251	78.3262311172239
2784.22394979378	78.2919665725287
2784.70606649504	78.2571099864418
2785.1881831963	78.2215450159806
2785.67029989756	78.1851170407895
2786.15241659883	78.147879325522
2786.63453330009	78.1101300477479
2787.11665000135	78.0723508187231
2787.59876670262	78.0350465622429
2788.08088340388	77.9985290176704
2788.56300010514	77.9628682086286
2789.04511680641	77.9278918650641
2789.52723350767	77.8933506946545
2790.00935020893	77.8591310160754
2790.49146691019	77.8252926515202
2790.97358361146	77.7921206724013
2791.45570031272	77.7598874120607
2791.93781701398	77.7287124203923
2792.41993371525	77.6983836959411
2792.90205041651	77.6685003748994
2793.38416711777	77.6385430627856
2793.86628381904	77.6081189218642
2794.3484005203	77.5771117498493
2794.83051722156	77.5456145577105
2795.31263392282	77.5138817279824
2795.79475062409	77.4820977305071
2796.27686732535	77.4502999989489
2796.75898402661	77.4183231367644
2797.24110072788	77.3859912043486
2797.72321742914	77.3531975077353
2798.2053341304	77.3200006400543
2798.68745083167	77.2865923302768
2799.16956753293	77.2531142470895
2799.65168423419	77.219581413838
2800.13380093545	77.185768165399
2800.61591763672	77.1512764914053
2801.09803433798	77.1157537241244
2801.58015103924	77.0789812661701
2802.06226774051	77.0410705379034
2802.54438444177	77.0023270240436
2803.02650114303	76.9631350747824
2803.5086178443	76.9236792638832
2803.99073454556	76.8839354460117
2804.47285124682	76.8436507025132
2804.95496794808	76.8025374877108
2805.43708464935	76.7604963364011
2805.91920135061	76.7176703832974
2806.40131805187	76.6745140758183
2806.88343475314	76.6315605613179
2807.3655514544	76.5892721918976
2807.84766815566	76.5478755991084
2808.32978485693	76.507315862841
2808.81190155819	76.4674628265899
2809.29401825945	76.428214334711
2809.77613496071	76.3896238756564
2810.25825166198	76.3518367330283
2810.74036836324	76.3150515807155
2811.2224850645	76.279340181228
2811.70460176577	76.2445814784324
2812.18671846703	76.2105451290805
2812.66883516829	76.1769554793813
2813.15095186955	76.1437380412857
2813.63306857082	76.1110148247438
2814.11518527208	76.0790568422645
2814.59730197334	76.0481119012494
2815.07941867461	76.0181875346195
2815.56153537587	75.9890511141814
2816.04365207713	75.9602705892889
2816.5257687784	75.9314344380889
2817.00788547966	75.9022796711669
2817.49000218092	75.872876298143
2817.97211888218	75.8435034519327
2818.45423558345	75.8144815284959
2818.93635228471	75.7859537834511
2819.41846898597	75.7577457678076
2819.90058568724	75.7294686902478
2820.3827023885	75.7006952280792
2820.86481908976	75.6711420602065
2821.34693579103	75.6408276056274
2821.82905249229	75.6099663070877
2822.31116919355	75.5788876577519
2822.79328589481	75.5477605557569
2823.27540259608	75.5165011098009
2823.75751929734	75.4847404694156
2824.2396359986	75.4520753581461
2824.72175269987	75.4182318581031
2825.20386940113	75.3831851418418
2825.68598610239	75.3471726687639
2826.16810280366	75.3104840271463
2826.65021950492	75.2733880464131
2827.13233620618	75.2359493866261
2827.61445290744	75.1980847169839
2828.09656960871	75.1597197116118
2828.57868630997	75.1208923901107
2829.06080301123	75.0819240295709
2829.5429197125	75.0433038897491
2830.02503641376	75.0054917485761
2830.50715311502	74.9687015628986
2830.98926981629	74.9328558780441
2831.47138651755	74.897609152483
2831.95350321881	74.8625168858651
2832.43561992007	74.8272933544196
2832.91773662134	74.7918844239518
2833.3998533226	74.7565188858766
2833.88197002386	74.7214874976274
2834.36408672513	74.6869621534567
2834.84620342639	74.6528300520937
2835.32832012765	74.6187986537088
2835.81043682892	74.5845051848392
2836.29255353018	74.5496962548969
2836.77467023144	74.5143703086993
2837.2567869327	74.4786694883243
2837.73890363397	74.4428045070905
2838.22102033523	74.4067991593366
2838.70313703649	74.3704057591695
2839.18525373776	74.3331536754992
2839.66737043902	74.2945121770492
2840.14948714028	74.2541326939105
2840.63160384155	74.2119320854739
2841.11372054281	74.1680680604863
2841.59583724407	74.1227020776907
2842.07795394533	74.0758769536917
2842.5600706466	74.0273472897446
2843.04218734786	73.9766125012388
2843.52430404912	73.9231510185967
2844.00642075039	73.8665779801202
2844.48853745165	73.8068970259731
2844.97065415291	73.7444319661037
2845.45277085418	73.6796847324773
2845.93488755544	73.6132083928963
2846.4170042567	73.545328374391
2846.89912095796	73.4763336562198
2847.38123765923	73.4065287294279
2847.86335436049	73.3364051177409
2848.34547106175	73.2666524448163
2848.82758776302	73.1982538832848
2849.30970446428	73.1320933424362
2849.79182116554	73.0688400099865
2850.27393786681	73.0087943058818
2850.75605456807	72.9518484552286
2851.23817126933	72.8978071215746
2851.72028797059	72.846533565847
2852.20240467186	72.7981086486863
2852.68452137312	72.752825312565
2853.16663807438	72.7109406869393
2853.64875477565	72.6725684888247
2854.13087147691	72.6374817705791
2854.61298817817	72.6051852208835
2855.09510487944	72.57504808292
2855.5772215807	72.5465445305027
2856.05933828196	72.5193766169273
2856.54145498322	72.4934296117827
2857.02357168449	72.4686143105343
2857.50568838575	72.4446580911776
2857.98780508701	72.4210444706527
2858.46992178828	72.3970096388518
2858.95203848954	72.371807563868
2859.4341551908	72.3448544692045
2859.91627189207	72.3158425771534
2860.39838859333	72.2847688632465
2860.88050529459	72.2517125821629
2861.36262199585	72.2166603371985
2861.84473869712	72.1793571566553
2862.32685539838	72.1394099215215
2862.80897209964	72.0964332831778
2863.29108880091	72.0502643551819
2863.77320550217	72.00107741752
2864.25532220343	71.9492493323148
2864.73743890469	71.8952699758228
2865.21955560596	71.839479528709
2865.70167230722	71.7819345078608
2866.18378900848	71.7224964309678
2866.66590570975	71.6609271472911
2867.14802241101	71.597255523248
2867.63013911227	71.5318210255357
2868.11225581354	71.4653073489516
2868.5943725148	71.3983917795773
2869.07648921606	71.3317389579395
2869.55860591733	71.2657122975324
2870.04072261859	71.2003932397472
2870.52283931985	71.1357672514354
2871.00495602111	71.0718108457016
2871.48707272238	71.0087424673192
2871.96918942364	70.946923007211
2872.4513061249	70.8867130434612
2872.93342282617	70.8283188609349
2873.41553952743	70.7716314561216
2873.89765622869	70.7164129274357
2874.37977292995	70.6623904590286
2874.86188963122	70.609472767534
2875.34400633248	70.5577619435525
2875.82612303374	70.5075893341665
2876.30823973501	70.4592375590847
2876.79035643627	70.4127298831124
2877.27247313753	70.3677518328551
2877.7545898388	70.3236398653779
2878.23670654006	70.2797653373631
2878.71882324132	70.2356506829872
2879.20093994258	70.191185042085
2879.68305664385	70.146508608433
2880.16517334511	70.1019385864449
2880.64729004637	70.0576557191373
2881.12940674764	70.0135791929067
2881.6115234489	69.9693868510441
2882.09364015016	69.9246150739128
2882.57575685143	69.878969848953
2883.05787355269	69.8323518923215
2883.53999025395	69.78486558086
2884.02210695521	69.7366762040328
2884.50422365648	69.6877640304903
2884.98634035774	69.6379499689283
2885.468457059	69.5868865031176
2885.95057376027	69.5342688643803
2886.43269046153	69.4799695724043
2886.91480716279	69.4242367563033
2887.39692386406	69.3675580677486
2887.87904056532	69.3104324996419
2888.36115726658	69.2532222699785
2888.84327396784	69.1959262281454
2889.32539066911	69.1383831192877
2889.80750737037	69.0803664328427
2890.28962407163	69.0218370020991
2890.7717407729	68.9630572167265
2891.25385747416	68.9044695856414
2891.73597417542	68.8466084656806
2892.21809087669	68.789784982885
2892.70020757795	68.7340444237409
2893.18232427921	68.6791262924281
2893.66444098047	68.624800565889
2894.14655768174	68.570992044584
2894.628674383	68.5179171710878
2895.11079108426	68.4660363599073
2895.59290778553	68.4157885038559
2896.07502448679	68.3674460236179
2896.55714118805	68.3209404739969
2897.03925788932	68.2759207665601
2897.52137459058	68.2320061007668
2898.00349129184	68.1889167443552
2898.4856079931	68.1467355452083
2898.96772469437	68.1057800146495
2899.44984139563	68.0664862283704
2899.93195809689	68.0291118964397
2900.41407479816	67.993703218732
2900.89619149942	67.9600639653252
2901.37830820068	67.9279224770669
2901.86042490195	67.8971189271669
2902.34254160321	67.8676133843274
2902.82465830447	67.8394921170198
2903.30677500573	67.8127358171513
2903.788891707	67.7870478764672
2904.27100840826	67.7618465595105
2904.75312510952	67.7363345525167
2905.23524181079	67.7097698316035
2905.71735851205	67.681713785172
2906.19947521331	67.6520936708365
2906.68159191458	67.6210689258977
2907.16370861584	67.5888468973606
2907.6458253171	67.5554093551719
2908.12794201836	67.5203989528075
2908.61005871963	67.4832670288638
2909.09217542089	67.4433868884818
2909.57429212215	67.4004173462769
2910.05640882342	67.3543455280027
2910.53852552468	67.3054113815509
2911.02064222594	67.253893527601
2911.50275892721	67.1997957366404
2911.98487562847	67.1428724638407
2912.46699232973	67.0826699758465
2912.94910903099	67.0188369133033
2913.43122573226	66.9512867974925
2913.91334243352	66.8804636181241
2914.39545913478	66.8071474810246
2914.87757583605	66.7322397596955
2915.35969253731	66.6564068949931
2915.84180923857	66.5798523598765
2916.32392593984	66.5025113768068
2916.8060426411	66.4241853106994
2917.28815934236	66.3448429381897
2917.77027604362	66.2648453162295
2918.25239274489	66.1847496070978
2918.73450944615	66.1053417837605
2919.21662614741	66.0272164335253
2919.69874284868	65.9506670656869
2920.18085954994	65.8756287085967
2920.6629762512	65.802026652875
2921.14509295246	65.7298913583187
2921.62720965373	65.6595153977041
2922.10932635499	65.591406455256
2922.59144305625	65.5259776741847
2923.07355975752	65.4635066702944
2923.55567645878	65.4039128165851
2924.03779316004	65.3469058745919
2924.51990986131	65.2921160669096
2925.00202656257	65.2394737062781
2925.48414326383	65.189197832896
2925.9662599651	65.1417172556542
2926.44837666636	65.0973969181679
2926.93049336762	65.0562229565642
2927.41261006888	65.0178421904255
2927.89472677015	64.9815204994431
2928.37684347141	64.9464486748266
2928.85896017267	64.9121654396002
2929.34107687394	64.8785264930589
2929.8231935752	64.8458509274822
2930.30531027646	64.8145069982332
2930.78742697772	64.7847180041593
2931.26954367899	64.7564979980876
2931.75166038025	64.729523107608
2932.23377708151	64.7035211188047
2932.71589378278	64.6783252400064
2933.19801048404	64.6540576087775
2933.6801271853	64.6310958543929
2934.16224388657	64.6097436598992
2934.64436058783	64.5900469341121
2935.12647728909	64.5717556812697
2935.60859399035	64.5543034137435
2936.09071069162	64.5372334683974
2936.57282739288	64.5203153747744
2937.05494409414	64.503750760123
2937.53706079541	64.4880883904817
2938.01917749667	64.4739309621719
2938.50129419793	64.4617224329538
2938.9834108992	64.4515010724673
2939.46552760046	64.4429868875912
2939.94764430172	64.4357976777675
2940.42976100298	64.4296396262133
2940.91187770425	64.4244735381807
2941.39399440551	64.4204422522922
2941.87611110677	64.4177106444314
2942.35822780804	64.4162894373326
2942.8403445093	64.4159314182718
2943.32246121056	64.4162412929898
2943.80457791183	64.4168433094578
2944.28669461309	64.4176043217807
2944.76881131435	64.4186769363487
2945.25092801561	64.4203820425843
2945.73304471688	64.4229605137468
2946.21516141814	64.4263738492991
2946.6972781194	64.4302237714823
2947.17939482067	64.4339279528277
2947.66151152193	64.4369237835494
2948.14362822319	64.4389467356406
2948.62574492446	64.440101714907
2949.10786162572	64.4407366123819
2949.58997832698	64.4411683772595
2950.07209502824	64.441418208673
2950.55421172951	64.4411163255582
2951.03632843077	64.4396543440246
2951.51844513203	64.4364575559511
2952.0005618333	64.4312630552352
2952.48267853456	64.4242399414061
2952.96479523582	64.4158756771266
2953.44691193709	64.4067508201943
2953.92902863835	64.3971459184843
2954.41114533961	64.3869940673193
2954.89326204087	64.3758775801405
2955.37537874214	64.3633448579082
2955.8574954434	64.3491916529919
2956.33961214466	64.3335605245796
2956.82172884593	64.3169372809378
2957.30384554719	64.2998680000382
2957.78596224845	64.2826960794873
2958.26807894972	64.2654679468651
2958.75019565098	64.2478991179908
2959.23231235224	64.2297238004822
2959.7144290535	64.2108503453979
2960.19654575477	64.1915371737174
2960.67866245603	64.1723649685166
2961.16077915729	64.1539031794413
2961.64289585856	64.1365475061652
2962.12501255982	64.1203971645508
2962.60712926108	64.1052466370893
2963.08924596235	64.0909134415568
2963.57136266361	64.0773916384022
2964.05347936487	64.0650008156344
2964.53559606613	64.0543433367979
2965.0177127674	64.0459394630467
2965.49982946866	64.0401021217383
2965.98194616992	64.0367206147022
2966.46406287119	64.0354036041466
2966.94617957245	64.035676522144
2967.42829627371	64.0372390349959
2967.91041297498	64.0400955569915
2968.39252967624	64.0444644446478
2968.8746463775	64.0505563272167
2969.35676307876	64.0583319318773
2969.83887978003	64.0674080378317
2970.32099648129	64.0771469218808
2970.80311318255	64.086931455632
2971.28522988382	64.0963554287384
2971.76734658508	64.1053546907205
2972.24946328634	64.1141225876296
2972.73157998761	64.1228631027933
2973.21369668887	64.131537210796
2973.69581339013	64.1398004849905
2974.17793009139	64.147068350099
2974.66004679266	64.1528495848369
2975.14216349392	64.1569378461487
2975.62428019518	64.159551792311
2976.10639689645	64.1611855492549
2976.58851359771	64.1623828563008
2977.07063029897	64.163410997437
2977.55274700023	64.1641380957902
2978.0348637015	64.1641085696876
2978.51698040276	64.1628017722953
2978.99909710402	64.1599394626458
2979.48121380529	64.1555922976013
2979.96333050655	64.1501296226329
2980.44544720781	64.1439936953712
2980.92756390908	64.1374146297176
2981.40968061034	64.1303002472523
2981.8917973116	64.1222651198711
2982.37391401287	64.1128610609806
2982.85603071413	64.1018973493774
2983.33814741539	64.0894956317378
2983.82026411665	64.076134435747
2984.30238081792	64.0623130758621
2984.78449751918	64.0483842876818
2985.26661422044	64.0344309508796
2985.74873092171	64.0202608793341
2986.23084762297	64.005635009254
2986.71296432423	63.9905454135953
2987.19508102549	63.9752102054303
2987.67719772676	63.9601131457734
2988.15931442802	63.9456472012829
2988.64143112928	63.9319062050611
2989.12354783055	63.9186018829208
2989.60566453181	63.9050802526559
2990.08778123307	63.8906878956682
2990.56989793434	63.8749363001811
2991.0520146356	63.857751811243
2991.53413133686	63.83947575522
2992.01624803812	63.8205922321736
2992.49836473939	63.8015649320359
2992.98048144065	63.7826086260725
2993.46259814191	63.7637279471079
2993.94471484318	63.744899299011
2994.42683154444	63.7261172029646
2994.9089482457	63.7075883854397
2995.39106494697	63.6895200563789
2995.87318164823	63.6720074767289
2996.35529834949	63.6549017239905
2996.83741505075	63.6377228703271
2997.31953175202	63.619888178364
2997.80164845328	63.6009161203629
2998.28376515454	63.580685344869
2998.76588185581	63.5595399411579
2999.24799855707	63.5380202456437
2999.73011525833	63.5166064983885
3000.2122319596	63.4955218760178
3000.69434866086	63.474487816879
3001.17646536212	63.4530058690275
3001.65858206338	63.4305112144884
3002.14069876465	63.4067570459372
3002.62281546591	63.3819867535668
3003.10493216717	63.3567232020709
3003.58704886844	63.3315979502241
3004.0691655697	63.3069609968109
3004.55128227096	63.2827443780745
3005.03339897223	63.2586104881198
3005.51551567349	63.2340176128097
3005.99763237475	63.2086796622432
3006.47974907601	63.1825736404535
3006.96186577728	63.1559415150177
3007.44398247854	63.1291378023722
3007.9260991798	63.1022373474773
3008.40821588107	63.0751014107441
3008.89033258233	63.0473144737656
3009.37244928359	63.0184891455418
3009.85456598486	62.988566484887
3010.33668268612	62.9577920192738
3010.81879938738	62.9266715314456
3011.30091608864	62.8958051240261
3011.78303278991	62.865401404755
3012.26514949117	62.8353723554295
3012.74726619243	62.8052376182278
3013.2293828937	62.7745040737239
3013.71149959496	62.7429836889579
3014.19361629622	62.7107993307459
3014.67573299749	62.678468446507
3015.15784969875	62.6465121279373
3015.63996640001	62.615202209719
3016.12208310127	62.5844794003812
3016.60419980254	62.5538189607847
3017.0863165038	62.5226799075617
3017.56843320506	62.4906371939163
3018.05054990633	62.4576013721194
3018.53266660759	62.4239043753097
3019.01478330885	62.3899093503758
3019.49690001012	62.3560060542224
3019.97901671138	62.322239524792
3020.46113341264	62.2884193034204
3020.9432501139	62.2543440936258
3021.42536681517	62.2198195439065
3021.90748351643	62.1849585890908
3022.38960021769	62.149949227373
3022.87171691896	62.1149556701281
3023.35383362022	62.0800577697242
3023.83595032148	62.0450292567375
3024.31806702275	62.0095559204566
3024.80018372401	61.9734984499238
3025.28230042527	61.9368850480866
3025.76441712653	61.9001172177393
3026.2465338278	61.8636228500637
3026.72865052906	61.8276325482399
3027.21076723032	61.7920666258395
3027.69288393159	61.7563146027071
3028.17500063285	61.7197290932147
3028.65711733411	61.6818065938732
3029.13923403538	61.6425815440522
3029.62135073664	61.6028075993786
3030.1034674379	61.5635335223097
3030.58558413916	61.5259578108912
3031.06770084043	61.4906764707637
3031.54981754169	61.4575950404864
3032.03193424295	61.4260246745091
3032.51405094422	61.3949284669526
3032.99616764548	61.3634674479739
3033.47828434674	61.3311914377796
3033.96040104801	61.2981653542227
3034.44251774927	61.2648625038071
3034.92463445053	61.2316786097731
3035.40675115179	61.1988922123275
3035.88886785306	61.1664603713538
3036.37098455432	61.1342170307031
3036.85310125558	61.1021568316313
3037.33521795685	61.0704061669567
3037.81733465811	61.0392494115721
3038.29945135937	61.0090047690334
3038.78156806063	60.9796411131187
3039.2636847619	60.950864274352
3039.74580146316	60.9220427685942
3040.22791816442	60.892500593719
3040.71003486569	60.8619163381911
3041.19215156695	60.8302708995737
3041.67426826821	60.7980076739991
3042.15638496948	60.7655832115489
3042.63850167074	60.7333025374609
3043.120618372	60.7011958169839
3043.60273507326	60.6688960750568
3044.08485177453	60.6360295254163
3044.56696847579	60.602334122174
3045.04908517705	60.5678996528851
3045.53120187832	60.5332540249227
3046.01331857958	60.4989657165683
3046.49543528084	60.4655801320699
3046.97755198211	60.4332877951514
3047.45966868337	60.4019512305458
3047.94178538463	60.3713297017192
3048.42390208589	60.3411043081313
3048.90601878716	60.3111140849576
3049.38813548842	60.2814106560028
3049.87025218968	60.2519697641593
3050.35236889095	60.2227404282952
3050.83448559221	60.1934083083381
3051.31660229347	60.1635305990901
3051.79871899474	60.132817439268
3052.280835696	60.1011121762646
3052.76295239726	60.0686853359555
3053.24506909852	60.0359434093075
3053.72718579979	60.0033552481021
3054.20930250105	59.9712979993932
3054.69141920231	59.9397806026292
3055.17353590358	59.908710577002
3055.65565260484	59.8778804111116
3056.1377693061	59.8472121075517
3056.61988600737	59.8168870209736
3057.10200270863	59.7870944615041
3057.58411940989	59.7580516131405
3058.06623611115	59.7296931693731
3058.54835281242	59.7017227220497
3059.03046951368	59.6737983067098
3059.51258621494	59.6455675441473
3059.99470291621	59.6170294085218
3060.47681961747	59.5883884431654
3060.95893631873	59.5599976577332
3061.44105302	59.5321815202533
3061.92316972126	59.5049620722812
3062.40528642252	59.4780990671185
3062.88740312378	59.4513359149606
3063.36951982505	59.424460013715
3063.85163652631	59.3976687897357
3064.33375322757	59.371370601553
3064.81586992884	59.3460819154045
3065.2979866301	59.3221447815903
3065.78010333136	59.2993782600605
3066.26222003263	59.2771984312616
3066.74433673389	59.2547475820902
3067.22645343515	59.2313066315845
3067.70857013641	59.2066130895856
3068.19068683768	59.1808473913896
3068.67280353894	59.1546085896245
3069.1549202402	59.128467761712
3069.63703694147	59.1026810741233
3070.11915364273	59.0771635304228
3070.60127034399	59.0514498555285
3071.08338704526	59.0251886498016
3071.56550374652	58.9982542063439
3072.04762044778	58.9709566446749
3072.52973714904	58.9439414168689
3073.01185385031	58.9178048760427
3073.49397055157	58.8929174238606
3073.97608725283	58.8691391185291
3074.4582039541	58.8459527861194
3074.94032065536	58.8227862171997
3075.42243735662	58.7991935662046
3075.90455405789	58.775023342077
3076.38667075915	58.7504572907452
3076.86878746041	58.7256624858453
3077.35090416167	58.7007539323751
3077.83302086294	58.6755715138426
3078.3151375642	58.6498500490857
3078.79725426546	58.6235107350766
3079.27937096673	58.5967191511777
3079.76148766799	58.5701065957592
3080.24360436925	58.5444649200057
3080.72572107052	58.5204348874142
3081.20783777178	58.4983268413735
3081.68995447304	58.4778130827584
3082.1720711743	58.4582405413373
3082.65418787557	58.4387294510027
3083.13630457683	58.4185955946205
3083.61842127809	58.3976117173609
3084.10053797936	58.3758561409171
3084.58265468062	58.3536980525624
3085.06477138188	58.3314350212521
3085.54688808314	58.3092365128384
3086.02900478441	58.2871744038494
3086.51112148567	58.2652112500745
3086.99323818693	58.2434523603446
3087.4753548882	58.2220242015008
3087.95747158946	58.2010250224598
3088.43958829072	58.1804069638608
3088.92170499199	58.1597940699339
3089.40382169325	58.1385712917587
3089.88593839451	58.1161489422427
3090.36805509578	58.0921529770468
3090.85017179704	58.0667240493457
3091.3322884983	58.0403996503582
3091.81440519956	58.0138873223286
3092.29652190083	57.9878904670676
3092.77863860209	57.9626596779676
3093.26075530335	57.9381301832236
3093.74287200462	57.913954082003
3094.22498870588	57.8898717100152
3094.70710540714	57.8659980737617
3095.1892221084	57.842728582844
3095.67133880967	57.8206651147145
3096.15345551093	57.8001492831875
3096.63557221219	57.7810604149097
3097.11768891346	57.7628194081834
3097.59980561472	57.7444912703018
3098.08192231598	57.7252557135195
3098.56403901725	57.704711303312
3099.04615571851	57.6830205954036
3099.52827241977	57.6608803309076
3100.01038912103	57.6390338843633
3100.4925058223	57.6180594714645
3100.97462252356	57.5981929444049
3101.45673922482	57.5792575138241
3101.93885592609	57.5610024855236
3102.42097262735	57.5432435801256
3102.90308932861	57.5260267907943
3103.38520602988	57.5096061429086
3103.86732273114	57.4941346528614
3104.3494394324	57.4795848054309
3104.83155613366	57.4655781880196
3105.31367283493	57.4515603256599
3105.79578953619	57.4370679597735
3106.27790623745	57.4218173837064
3106.76002293872	57.4058936871271
3107.24213963998	57.3895270223735
3107.72425634124	57.3729179293828
3108.20637304251	57.3560905293224
3108.68848974377	57.3387767937302
3109.17060644503	57.3206919393954
3109.65272314629	57.3017033023784
3110.13483984756	57.282055361456
3110.61695654882	57.2624445570205
3111.09907325008	57.2436252195433
3111.58118995135	57.2262883914325
3112.06330665261	57.2106105374617
3112.54542335387	57.1962543093131
3113.02754005514	57.1825255062033
3113.5096567564	57.1686463927338
3113.99177345766	57.1541149012167
3114.47389015892	57.1388476357078
3114.95600686019	57.123052756482
3115.43812356145	57.10709505081
3115.92024026271	57.0911856776815
3116.40235696398	57.0752855388358
3116.88447366524	57.0592045469501
3117.3665903665	57.0426517073962
3117.84870706777	57.02551575024
3118.33082376903	57.0077945964076
3118.81294047029	56.9895583614927
3119.29505717155	56.9708600099427
3119.77717387282	56.9515572050265
3120.25929057408	56.9315050741187
3120.74140727534	56.9106355480329
3121.22352397661	56.8891992330906
3121.70564067787	56.8678902542888
3122.18775737913	56.8475129423695
3122.6698740804	56.8288868570888
3123.15199078166	56.8123198010732
3123.63410748292	56.7975344345313
3124.11622418418	56.7837860847807
3124.59834088545	56.7701780376082
3125.08045758671	56.7561808263937
3125.56257428797	56.7417910338363
3126.04469098924	56.7275390451974
3126.5268076905	56.7141936843838
3127.00892439176	56.7022465535987
3127.49104109303	56.691586991836
3127.97315779429	56.6814952604959
3128.45527449555	56.670828790354
3128.93739119681	56.6586600587721
3129.41950789808	56.6445239246479
3129.90162459934	56.6286589370866
3130.3837413006	56.6118359709161
3130.86585800187	56.5949688226992
3131.34797470313	56.5787973177991
3131.83009140439	56.5635771173521
3132.31220810566	56.5492191508495
3132.79432480692	56.5355431433239
3133.27644150818	56.522446008711
3133.75855820944	56.5100870076503
3134.24067491071	56.4986909704042
3134.72279161197	56.4883491480682
3135.20490831323	56.4788401214588
3135.6870250145	56.4695643835407
3136.16914171576	56.459795614224
3136.65125841702	56.4488885060449
3137.13337511829	56.4365875717873
3137.61549181955	56.4230741655669
3138.09760852081	56.4087431983141
3138.57972522207	56.3939160980021
3139.06184192334	56.3786899047432
3139.5439586246	56.3628025275523
3140.02607532586	56.3459627826925
3140.50819202713	56.3280304677041
3140.99030872839	56.3093015984363
3141.47242542965	56.2905018137525
3141.95454213091	56.2725037109341
3142.43665883218	56.2560188193367
3142.91877553344	56.2412088517906
3143.4008922347	56.2276942355757
3143.88300893597	56.214806240491
3144.36512563723	56.2018811605715
3144.84724233849	56.1886349587044
3145.32935903976	56.1752202953366
3145.81147574102	56.1621000837918
3146.29359244228	56.1498112176057
3146.77570914355	56.1385831039159
3147.25782584481	56.1283668935746
3147.73994254607	56.1188690297737
3148.22205924733	56.1098355153732
3148.7041759486	56.1012227195371
3149.18629264986	56.0931333508266
3149.66840935112	56.0856730458601
3150.15052605239	56.078630522876
3150.63264275365	56.0713513381441
3151.11475945491	56.0629343146556
3151.59687615617	56.0524321036638
3152.07899285744	56.0393625352095
3152.5611095587	56.0239826646791
3153.04322625996	56.0071995134318
3153.52534296123	55.9902744022334
3154.00745966249	55.9742244910656
3154.48957636375	55.9595318612215
3154.97169306502	55.9460199477504
3155.45380976628	55.9330159288937
3155.93592646754	55.919837849864
3156.4180431688	55.9061407892792
3156.90015987007	55.8920536662912
3157.38227657133	55.8780850792724
3157.86439327259	55.8646576427392
3158.34650997386	55.8519315001583
3158.82862667512	55.8395896189097
3159.31074337638	55.8270848875287
3159.79286007765	55.813949762838
3160.27497677891	55.8000470618452
3160.75709348017	55.7857160896346
3161.23921018143	55.7715400939727
3161.7213268827	55.758022301889
3162.20344358396	55.7453392779047
3162.68556028522	55.7331984343857
3163.16767698649	55.7211190421379
3163.64979368775	55.7086889958138
3164.13191038901	55.6958510115518
3164.61402709028	55.6829955448001
3165.09614379154	55.6706833671426
3165.5782604928	55.6593584202023
3166.06037719406	55.649076868689
3166.54249389533	55.6394096832741
3167.02461059659	55.6297263451454
3167.50672729785	55.6195395384954
3167.98884399912	55.6087783735356
3168.47096070038	55.5979073335412
3168.95307740164	55.5875782220825
3169.43519410291	55.5784008440743
3169.91731080417	55.5705118589465
3170.39942750543	55.5635631618422
3170.88154420669	55.5569072937128
3171.36366090796	55.5499369548736
3171.84577760922	55.5424451293905
3172.32789431048	55.5346263173903
3172.81001101175	55.5269041045539
3173.29212771301	55.5196070371638
3173.77424441427	55.5126508026762
3174.25636111554	55.5055715210221
3174.7384778168	55.4977158812588
3175.22059451806	55.4886301079585
3175.70271121932	55.4784140030183
3176.18482792059	55.4676892476717
3176.66694462185	55.4574341924512
3177.14906132311	55.4484012619202
3177.63117802438	55.440846898538
3178.11329472564	55.4343863754722
3178.5954114269	55.4282247150147
3179.07752812817	55.4215197606347
3179.55964482943	55.4138507473524
3180.04176153069	55.4053100447972
3180.52387823195	55.3964260068701
3181.00599493322	55.3877427992785
3181.48811163448	55.3795018731593
3181.97022833574	55.3715550655552
3182.45234503701	55.3634445630567
3182.93446173827	55.3548020297236
3183.41657843953	55.3455783337657
3183.8986951408	55.3361649440719
3184.38081184206	55.3272415158784
3184.86292854332	55.3193850894486
3185.34504524458	55.3127760467911
3185.82716194585	55.307059976393
3186.30927864711	55.3015217947969
3186.79139534837	55.2955177720999
3187.27351204964	55.288705495803
3187.7556287509	55.2812731218244
3188.23774545216	55.2737167890182
3188.71986215343	55.2665982558304
3189.20197885469	55.2602287272358
3189.68409555595	55.2545136764826
3190.16621225721	55.2490922364746
3190.64832895848	55.2436392447391
3191.13044565974	55.2380687140415
3191.612562361	55.2326395280552
3192.09467906227	55.2277331184478
3192.57679576353	55.2235733356592
3193.05891246479	55.2200059132016
3193.54102916606	55.2164594183276
3194.02314586732	55.2122207661724
3194.50526256858	55.2067593625365
3194.98737926984	55.2000754895688
3195.46949597111	55.1927705930371
3195.95161267237	55.1857932742359
3196.43372937363	55.1800038573917
3196.9158460749	55.175826921124
3197.39796277616	55.1730740426801
3197.88007947742	55.1711451336228
3198.36219617869	55.1692848715751
3198.84431287995	55.1670010670654
3199.32642958121	55.1641973670074
3199.80854628247	55.1610690412317
3200.29066298374	55.1578545614999
3200.772779685	55.1545478190536
3201.25489638626	55.1508512392173
3201.73701308753	55.1463062685902
3202.21912978879	55.1405914119171
3202.70124649005	55.1337746335417
3203.18336319132	55.1263104107188
3203.66547989258	55.1188541032921
3204.14759659384	55.111969700507
3204.6297132951	55.1057585123779
3205.11182999637	55.0998821071277
3205.59394669763	55.0937019398133
3206.07606339889	55.0867111733582
3206.55818010016	55.0788313916036
3207.04029680142	55.0704959865412
3207.52241350268	55.062471415629
3208.00453020394	55.0555152690654
3208.48664690521	55.0500028662311
3208.96876360647	55.0458102157453
3209.45088030773	55.0423779080259
3209.932997009	55.0390837965029
3210.41511371026	55.0355430314011
3210.89723041152	55.0317486841429
3211.37934711279	55.0280347957855
3211.86146381405	55.024788905031
3212.34358051531	55.0222701653967
3212.82569721658	55.0204432023732
3213.30781391784	55.0190815919007
3213.7899306191	55.0179557678897
3214.27204732036	55.0169894943136
3214.75416402163	55.0162947701516
3215.23628072289	55.0160098987916
3215.71839742415	55.0160997592856
3216.20051412542	55.0162302955782
3216.68263082668	55.0158122508071
3217.16474752794	55.0142993520328
3217.6468642292	55.0114485824383
3218.12898093047	55.0075203278528
3218.61109763173	55.0031986345019
3219.09321433299	54.9993295636257
3219.57533103426	54.9964870751528
3220.05744773552	54.9947237542209
3220.53956443678	54.9935291274373
3221.02168113805	54.9921420584485
3221.50379783931	54.9899284993723
3221.98591454057	54.986662042018
3222.46803124183	54.9826275670166
3222.9501479431	54.9783657057292
3223.43226464436	54.9743848657186
3223.91438134562	54.9708075346116
3224.39649804689	54.9673512992521
3224.87861474815	54.963522043028
3225.36073144941	54.9589448337697
3225.84284815068	54.9536393361946
3226.32496485194	54.948056670349
3226.8070815532	54.9428412029357
3227.28919825446	54.9385858290677
3227.77131495573	54.9354821023866
3228.25343165699	54.933313044238
3228.73554835825	54.9316290248793
3229.21766505952	54.9300432678274
3229.69978176078	54.9284828392611
3230.18189846204	54.927160383859
3230.66401516331	54.9263600663499
3231.14613186457	54.9261380663589
3231.62824856583	54.926094708195
3232.11036526709	54.9254923329089
3232.59248196836	54.9235410710056
3233.07459866962	54.9198035359611
3233.55671537088	54.9145165210344
3234.03883207215	54.9085341674345
3234.52094877341	54.9030730474497
3235.00306547467	54.8990829224011
3235.48518217594	54.8969673743049
3235.9672988772	54.8964151757446
3236.44941557846	54.8966563260583
3236.93153227972	54.8968370094669
3237.41364898099	54.8964536981855
3237.89576568225	54.895515923227
3238.37788238351	54.8944165549629
3238.85999908478	54.8935676803382
3239.34211578604	54.8930922043242
3239.8242324873	54.8926764585341
3240.30634918857	54.8917256775036
3240.78846588983	54.8897045350716
3241.27058259109	54.8864067809366
3241.75269929235	54.8821140371345
3242.23481599362	54.8774860314767
3242.71693269488	54.8732602726658
3243.19904939614	54.8699283432994
3243.68116609741	54.8675838692053
3244.16328279867	54.8659690700502
3244.64539949993	54.8647119182523
3245.1275162012	54.8634811629306
3245.60963290246	54.8621259691043
3246.09174960372	54.860600449453
3246.57386630498	54.8588194258161
3247.05598300625	54.8565710939088
3247.53809970751	54.853543631053
3248.02021640877	54.8494912626254
3248.50233311004	54.8444212481936
3248.9844498113	54.8386662679029
3249.46656651256	54.8328444237244
3249.94868321383	54.8275166832516
3250.43079991509	54.8229738518265
3250.91291661635	54.8190720057826
3251.39503331761	54.8153585015507
3251.87715001888	54.8113726506217
3252.35926672014	54.8069239934204
3252.8413834214	54.8022985655141
3253.32350012267	54.7981238442393
3253.80561682393	54.7950705387676
3254.28773352519	54.7934546189037
3254.76985022646	54.7930368461039
3255.25196692772	54.7930954545096
3255.73408362898	54.7928381759426
3256.21620033024	54.7917192474298
3256.69831703151	54.7897867469678
3257.18043373277	54.7875857234225
3257.66255043403	54.7859148659581
3258.1446671353	54.7853707249797
3258.62678383656	54.7860335068417
3259.10890053782	54.787465901548
3259.59101723908	54.7889612304789
3260.07313394035	54.7899322816938
3260.55525064161	54.7901643863244
3261.03736734287	54.7898667375644
3261.51948404414	54.7894639527804
3262.0016007454	54.7892709346483
3262.48371744666	54.7892583371237
3262.96583414793	54.7890752874838
3263.44795084919	54.78825922067
3263.93006755045	54.7866040930123
3264.41218425171	54.7843255430346
3264.89430095298	54.7820497663345
3265.37641765424	54.7804901802169
3265.8585343555	54.7801333845832
3266.34065105677	54.7809609064485
3266.82276775803	54.7825042036367
3267.30488445929	54.7840373333153
3267.78700116056	54.7849738085375
3268.26911786182	54.7850876105364
3268.75123456308	54.7844868776173
3269.23335126434	54.7834146770505
3269.71546796561	54.7819433742753
3270.19758466687	54.7798487793941
3270.67970136813	54.7767004911149
3271.1618180694	54.7721619545904
3271.64393477066	54.7663517218692
3272.12605147192	54.7599211508239
3272.60816817319	54.7539899708263
3273.09028487445	54.7497085760351
3273.57240157571	54.7477537420827
3274.05451827697	54.7481498123783
3274.53663497824	54.7502702699707
3275.0187516795	54.7532947572867
3275.50086838076	54.7565764700145
3275.98298508203	54.7600036133121
3276.46510178329	54.7639447174026
3276.94721848455	54.7689677264636
3277.42933518582	54.7753822189035
3277.91145188708	54.7829917790691
3278.39356858834	54.791097956722
3278.8756852896	54.7988441541379
3279.35780199087	54.8056612531889
3279.83991869213	54.8115186352416
3280.32203539339	54.8169283732708
3280.80415209466	54.8226591267783
3281.28626879592	54.8293401699413
3281.76838549718	54.8371368421098
3282.25050219845	54.8457588550252
3282.73261889971	54.8546739017759
3283.21473560097	54.8635196222532
3283.69685230223	54.8722670373914
3284.1789690035	54.8812436674384
3284.66108570476	54.890828318448
3285.14320240602	54.9011446811765
3285.62531910729	54.911892235402
3286.10743580855	54.9224593563586
3286.58955250981	54.9322392377776
3287.07166921108	54.9410412125923
3287.55378591234	54.9492335828192
3288.0359026136	54.9576776058666
3288.51801931486	54.9672418230527
3289.00013601613	54.9783838645867
3289.48225271739	54.9909107026714
3289.96436941865	55.0040659098235
3290.44648611992	55.0169794396725
3290.92860282118	55.0290756460637
3291.41071952244	55.0404413748401
3291.89283622371	55.0517124317926
3292.37495292497	55.0636782750431
3292.85706962623	55.0767676914671
3293.33918632749	55.0907735222551
3293.82130302876	55.1048578494697
3294.30341973002	55.1181006792087
3294.78553643128	55.1298873497477
3295.26765313255	55.1403972826484
3295.74976983381	55.1505005508317
3296.23188653507	55.1614540379239
3296.71400323634	55.1743003076657
3297.1961199376	55.1893885887727
3297.67823663886	55.2063610625706
3298.16035334012	55.2244220563574
3298.64247004139	55.2428101465923
3299.12458674265	55.2612426834005
3299.60670344391	55.2799781400321
3300.08882014518	55.2996486089355
3300.57093684644	55.3208379026256
3301.0530535477	55.3436452810979
3301.53517024897	55.3676929078085
3302.01728695023	55.3921727712483
3302.49940365149	55.4163615109
3302.98152035275	55.4397885629281
3303.46363705402	55.4622930354169
3303.94575375528	55.4839472277005
3304.42787045654	55.5046654863863
3304.90998715781	55.5241217413873
3305.39210385907	55.5418105160978
3305.87422056033	55.5572581698806
3306.35633726159	55.5704714751159
3306.83845396286	55.5820337447811
3307.32057066412	55.5930326385199
3307.80268736538	55.6046248134647
3308.28480406665	55.6175210613314
3308.76692076791	55.6317640531695
3309.24903746917	55.6467450083346
3309.73115417044	55.661557228354
3310.2132708717	55.6755194895722
3310.69538757296	55.688506269126
3311.17750427423	55.7009898075849
3311.65962097549	55.7137294279565
3312.14173767675	55.7272473921225
3312.62385437801	55.7415958557024
3313.10597107928	55.7562336412128
3313.58808778054	55.770429005475
3314.0702044818	55.7835905774201
3314.55232118307	55.7956197550592
3315.03443788433	55.8069495335727
3315.51655458559	55.8182625855939
3315.99867128685	55.8300871593881
3316.48078798812	55.8424895334161
3316.96290468938	55.8550308522305
3317.44502139064	55.8670786837716
3317.92713809191	55.8781725443848
3318.40925479317	55.8882582471161
3318.89137149443	55.8977381893692
3319.3734881957	55.9071640839511
3319.85560489696	55.9169204112447
3320.33772159822	55.9269530992158
3320.81983829948	55.9367976973006
3321.30195500075	55.9458831105321
3321.78407170201	55.9538923807105
3322.26618840327	55.9609669981163
3322.74830510454	55.9676347446508
3323.2304218058	55.9744256779491
3323.71253850706	55.9815487763678
3324.19465520833	55.9886287634905
3324.67677190959	55.9949098186274
3325.15888861085	55.9995763923712
3325.64100531211	56.0022855434165
3326.12312201338	56.0033904303689
3326.60523871464	56.0038722196454
3327.0873554159	56.00482848682
3327.56947211717	56.0069416553025
3328.05158881843	56.0101613473106
3328.53370551969	56.0137251097137
3329.01582222096	56.0165648282764
3329.49793892222	56.0178044840267
3329.98005562348	56.0171989000904
3330.46217232474	56.0151310161974
3330.94428902601	56.0122922603142
3331.42640572727	56.009169042888
3331.90852242853	56.0057781406806
3332.3906391298	56.0016112111109
3332.87275583106	55.9960781269451
3333.35487253232	55.9888981191812
3333.83698923359	55.9804836814933
3334.31910593485	55.971850327079
3334.80122263611	55.9642469046666
3335.28333933737	55.9585565895849
3335.76545603864	55.954833949323
3336.2475727399	55.9522874958415
3336.72968944116	55.9496862411118
3337.21180614243	55.9459286383621
3337.69392284369	55.9405042979944
3338.17603954495	55.9336605152054
3338.65815624622	55.926132813105
3339.14027294748	55.918727551877
3339.62238964874	55.9117768836275
3340.10450635	55.9050904486744
3340.58662305127	55.8980675077407
3341.06873975253	55.8901649460447
3341.55085645379	55.8812340867977
3342.03297315506	55.8716051430491
3342.51508985632	55.8619150229875
3342.99720655758	55.8527369776745
3343.47932325885	55.8442621085333
3343.96143996011	55.8362873120493
3344.44355666137	55.8283672095
3344.92567336263	55.8202229952783
3345.4077900639	55.8120239538319
3345.88990676516	55.8043538662903
3346.37202346642	55.7979615948023
3346.85414016769	55.7932851298252
3347.33625686895	55.7901740695417
3347.81837357021	55.7878696959853
3348.30049027148	55.7852399582308
3348.78260697274	55.781198364609
3349.264723674	55.7751244008022
3349.74684037526	55.7669201176111
3350.22895707653	55.7569069627636
3350.71107377779	55.7454249638053
3351.19319047905	55.7326871667426
3351.67530718032	55.7186476251275
3352.15742388158	55.7032167129096
3352.63954058284	55.6865824543418
3353.12165728411	55.6692919445415
3353.60377398537	55.6522363063556
3354.08589068663	55.6363467060838
3354.56800738789	55.6222042596535
3355.05012408916	55.6098657494331
3355.53224079042	55.5988246712983
3356.01435749168	55.5883580175352
3356.49647419295	55.5779277700052
3356.97859089421	55.5673123603844
3357.46070759547	55.556696090954
3357.94282429674	55.5463370863671
3358.424940998	55.5362982499602
3358.90705769926	55.526328920764
3359.38917440052	55.5158934601988
3359.87129110179	55.5045691127791
3360.35340780305	55.4923262892978
3360.83552450431	55.4796941057037
3361.31764120558	55.4676525359012
3361.79975790684	55.4570728932739
3362.2818746081	55.4484752678474
3362.76399130937	55.4416815599018
3363.24610801063	55.4360373723609
3363.72822471189	55.4307617607687
3364.21034141315	55.4253976266327
3364.69245811442	55.4200732600093
3365.17457481568	55.4153515357624
3365.65669151694	55.4118253217829
3366.13880821821	55.4096849877563
3366.62092491947	55.4084330136438
3367.10304162073	55.4070737242194
3367.585158322	55.4044911223027
3368.06727502326	55.3999184990668
3368.54939172452	55.3933129041114
3369.03150842578	55.3852393000027
3369.51362512705	55.376551904762
3369.99574182831	55.3679052805657
3370.47785852957	55.359461734839
3370.95997523084	55.3509443661021
3371.4420919321	55.3419103000128
3371.92420863336	55.3321174467066
3372.40632533462	55.3218077848157
3372.88844203589	55.3115207871829
3373.37055873715	55.3019062694095
3373.85267543841	55.2932390914015
3374.33479213968	55.2852978995008
3374.81690884094	55.2774935071749
3375.2990255422	55.2692096734157
3375.78114224347	55.2602483546304
3376.26325894473	55.2509366997977
3376.74537564599	55.241970633552
3377.22749234726	55.2340449922626
3377.70960904852	55.2273794710609
3378.19172574978	55.2216004177837
3378.67384245104	55.2158523506601
3379.15595915231	55.2092454077479
3379.63807585357	55.2013829237345
3380.12019255483	55.1924698530839
3380.6023092561	55.1832607615269
3381.08442595736	55.17450864236
3381.56654265862	55.1666287179085
3382.04865935988	55.1594692066105
3382.53077606115	55.152470709955
3383.01289276241	55.1450729952913
3383.49500946367	55.137221665619
3383.97712616494	55.1294507315148
3384.4592428662	55.1228061645692
3384.94135956746	55.1182432718323
3385.42347626873	55.1161922671618
3385.90559296999	55.1163672735484
3386.38770967125	55.1179295420404
3386.86982637251	55.1199547044277
3387.35194307378	55.1218380578292
3387.83405977504	55.1235202438079
3388.3161764763	55.1252683838942
3388.79829317757	55.1272266327272
3389.28040987883	55.1290549793298
3389.76252658009	55.1298183725879
3390.24464328136	55.1283288674878
3390.72675998262	55.1238223075643
3391.20887668388	55.1163696299536
3391.69099338514	55.1071161921679
3392.17311008641	55.0977182624344
3392.65522678767	55.0898071399628
3393.13734348893	55.0841753364691
3393.6194601902	55.0804989876058
3394.10157689146	55.0776409388139
3394.58369359272	55.0744456315174
3395.06581029399	55.070452163163
3395.54792699525	55.0663125673585
3396.03004369651	55.0634899961611
3396.51216039777	55.063572845271
3396.99427709904	55.0674481705358
3397.4763938003	55.0746938050341
3397.95851050156	55.083634815688
3398.44062720283	55.091903812442
3398.92274390409	55.0974844559149
3399.40486060535	55.0991816299525
3399.88697730662	55.096953599756
3400.36909400788	55.091595092445
3400.85121070914	55.0842514267894
3401.3333274104	55.0759058470204
3401.81544411167	55.0671951338191
3402.29756081293	55.0585762302815
3402.77967751419	55.0506276743839
3403.26179421546	55.0441167185319
3403.74391091672	55.0399837205368
3404.22602761798	55.0389024333581
3404.70814431925	55.0408840176818
3405.19026102051	55.0451355137441
3405.67237772177	55.0503453749482
3406.15449442303	55.0551973976264
3406.6366111243	55.0588936600261
3407.11872782556	55.0615082389684
3407.60084452682	55.0638204285508
3408.08296122809	55.0668629020796
3408.56507792935	55.0712777498501
3409.04719463061	55.077043423988
3409.52931133188	55.0834863137424
3410.01142803314	55.08974829932
3410.4935447344	55.0951765530227
3410.97566143566	55.0996817886627
3411.45777813693	55.1036319218856
3411.93989483819	55.1075382330154
3412.42201153945	55.1116226480193
3412.90412824072	55.1156516403226
3413.38624494198	55.1190599004805
3413.86836164324	55.1213667904046
3414.35047834451	55.1225313943366
3414.83259504577	55.1230663692673
3415.31471174703	55.1237609237545
3415.79682844829	55.1252090519815
3416.27894514956	55.1274151516564
3416.76106185082	55.1297248407482
3417.24317855208	55.1311493250649
3417.72529525335	55.1309738695606
3418.20741195461	55.1292849887575
3418.68952865587	55.1271417315578
3419.17164535714	55.1262335704335
3419.6537620584	55.1280867083562
3420.13587875966	55.1335640312982
3420.61799546092	55.1424499906706
3421.10011216219	55.1537705338101
3421.58222886345	55.166260373579
3422.06434556471	55.17909124242
3422.54646226598	55.1920863797967
3423.02857896724	55.2055604017665
3423.5106956685	55.2198158475329
3423.99281236977	55.234669859227
3424.47492907103	55.2493599482215
3424.95704577229	55.2628664576755
3425.43916247355	55.2745210883132
3425.92127917482	55.2844790078809
3426.40339587608	55.293746746318
3426.88551257734	55.3038182330385
3427.36762927861	55.3158938282109
3427.84974597987	55.3302173842664
3428.33186268113	55.3459529082271
3428.81397938239	55.3615606612417
3429.29609608366	55.3757987671232
3429.77821278492	55.3883031537237
3430.26032948618	55.4000233110953
3430.74244618745	55.4126850169877
3431.22456288871	55.4280883227235
3431.70667958997	55.4471109889711
3432.18879629124	55.4692395217088
3432.6709129925	55.4927846388947
3433.15302969376	55.515690627491
3433.63514639503	55.536379973174
3434.11726309629	55.554304901302
3434.59937979755	55.5699647156017
3435.08149649881	55.5843344589958
3435.56361320008	55.5982771082815
3436.04572990134	55.6119726427628
3436.5278466026	55.6250240750981
3437.00996330387	55.6368406148211
3437.49208000513	55.6471847234649
3437.97419670639	55.6564808694466
3438.45631340765	55.6656724927694
3438.93843010892	55.675703681338
3439.42054681018	55.6871084136142
3439.90266351144	55.6997144753154
3440.38478021271	55.7129442416832
3440.86689691397	55.7262081012502
3441.34901361523	55.7394482004833
3441.8311303165	55.7531686342521
3442.31324701776	55.7680876731313
3442.79536371902	55.7845217594006
3443.27748042028	55.8018962917138
3443.75959712155	55.8187820047318
3444.24171382281	55.8335970764123
3444.72383052407	55.8454554177773
3445.20594722534	55.8550190237335
3445.6880639266	55.8645104225747
3446.17018062786	55.8771665964233
3446.65229732913	55.8960504719926
3447.13441403039	55.9225392724093
3447.61653073165	55.9559397742791
3448.09864743291	55.9936776678523
3448.58076413418	56.0325564501149
3449.06288083544	56.0698696799695
3449.5449975367	56.1042518358115
3450.02711423797	56.1359000895336
3450.50923093923	56.1659024154505
3450.99134764049	56.1953198157296
3451.47346434176	56.2246483379292
3451.95558104302	56.2535740134533
3452.43769774428	56.281476598444
3452.91981444554	56.3079919914925
3453.40193114681	56.3333818893185
3453.88404784807	56.3586014935794
3454.36616454933	56.3847280420172
3454.8482812506	56.412510102664
3455.33039795186	56.441914300715
3455.81251465312	56.4721664619588
3456.29463135439	56.5023146717104
3456.77674805565	56.531696608061
3457.25886475691	56.5602999653221
3457.74098145817	56.5886101765512
3458.22309815944	56.6170647390653
3458.7052148607	56.6457332044245
3459.18733156196	56.6740861260469
3459.66944826323	56.7013120680402
3460.15156496449	56.7269782323447
3460.63368166575	56.7515011176364
3461.11579836702	56.776274274749
3461.59791506828	56.8033001595941
3462.08003176954	56.8341420281626
3462.5621484708	56.8693058465393
3463.04426517207	56.9078020244721
3463.52638187333	56.9477551389114
3464.00849857459	56.987201995087
3464.49061527586	57.0248539254146
3464.97273197712	57.0608081109949
3465.45484867838	57.0960761256593
3465.93696537965	57.1320201838321
3466.41908208091	57.1693402033883
3466.90119878217	57.2075865438929
3467.38331548343	57.2454335042334
3467.8654321847	57.2813272619967
3468.34754888596	57.3143568049225
3468.82966558722	57.3447930699081
3469.31178228849	57.3738346757784
3469.79389898975	57.4032200555408
3470.27601569101	57.4341519455362
3470.75813239228	57.466907745336
3471.24024909354	57.5008455068616
3471.7223657948	57.5349048835656
3472.20448249606	57.568494970947
3472.68659919733	57.6019112809692
3473.16871589859	57.6362339824215
3473.65083259985	57.6729450015691
3474.13294930112	57.7130496285823
3474.61506600238	57.7566215879085
3475.09718270364	57.8027093269875
3475.57929940491	57.8495809376534
3476.06141610617	57.8956943451609
3476.54353280743	57.9397630648486
3477.02564950869	57.9811511728118
3477.50776620996	58.0196057879655
3477.98988291122	58.0548625343213
3478.47199961248	58.0867647836198
3478.95411631375	58.1153150777178
3479.43623301501	58.141275239647
3479.91834971627	58.1664102822906
3480.40046641753	58.1932163759218
3480.8825831188	58.2246662125237
3481.36469982006	58.2628520954357
3481.84681652132	58.3083395123129
3482.32893322259	58.3598249661593
3482.81104992385	58.414531834986
3483.29316662511	58.4693760762454
3483.77528332638	58.52180719074
3484.25740002764	58.5705907011704
3484.7395167289	58.6159421112771
3485.22163343017	58.6588586155173
3485.70375013143	58.7005632672375
3486.18586683269	58.7420032824849
3486.66798353395	58.7836026039306
3487.15010023522	58.8256452713108
3487.63221693648	58.8684266622471
3488.11433363774	58.912564214658
3488.59645033901	58.9586932707363
3489.07856704027	59.0070409321622
3489.56068374153	59.0572553169254
3490.04280044279	59.1082101656026
3490.52491714406	59.15850420541
3491.00703384532	59.2070640914854
3491.48915054658	59.2535071744487
3491.97126724785	59.2984696758674
3492.45338394911	59.3430089520664
3492.93550065037	59.3882414584173
3493.41761735164	59.4347779995754
3493.8997340529	59.482450348003
3494.38185075416	59.5308270895446
3494.86396745542	59.5794639270935
3495.34608415669	59.6284987742882
3495.82820085795	59.6785237252822
3496.31031755921	59.7300047383586
3496.79243426048	59.7828456760648
3497.27455096174	59.8358940136839
3497.756667663	59.8869911877755
3498.23878436427	59.9340787460019
3498.72090106553	59.9756268177598
3499.20301776679	60.0117122135276
3499.68513446805	60.0438838323575
3500.16725116932	60.0747548635377
3500.64936787058	60.1070859200975
3501.13148457184	60.1428338162583
3501.61360127311	60.1830963386064
3502.09571797437	60.2281493154696
3502.57783467563	60.2779458705049
3503.0599513769	60.3327530261965
3503.54206807816	60.3927653867839
3504.02418477942	60.4578080698101
3504.50630148068	60.5264744704217
3504.98841818195	60.5959063337908
3505.47053488321	60.662333527041
3505.95265158447	60.7219292126888
3506.43476828574	60.7726973685218
3506.916884987	60.815026397064
3507.39900168826	60.8519592166423
3507.88111838953	60.8881455311887
3508.36323509079	60.9285329877692
3508.84535179205	60.9764717233907
3509.32746849331	61.032742325497
3509.80958519458	61.095640363771
3510.29170189584	61.16230509861
3510.7738185971	61.2300937342201
3511.25593529837	61.2972253403466
3511.73805199963	61.3634265909201
3512.22016870089	61.4289131221826
3512.70228540216	61.4938895591767
3513.18440210342	61.5579232285086
3513.66651880468	61.6198641866868
3514.14863550594	61.6787193909581
3514.63075220721	61.734092159611
3515.11286890847	61.7867884046632
3515.59498560973	61.8385312941742
3516.077102311	61.8910162594065
3516.55921901226	61.9455153590571
3517.04133571352	62.0019707365551
3517.52345241479	62.0593948535087
3518.00556911605	62.1162013645821
3518.48768581731	62.170865174041
3518.96980251857	62.2226543745348
3519.45191921984	62.2712839743452
3519.9340359211	62.316926397189
3520.41615262236	62.3597624179742
3520.89826932363	62.39986924384
3521.38038602489	62.4376479056008
3521.86250272615	62.4741385138782
3522.34461942742	62.5112266094866
3522.82673612868	62.5512655930726
3523.30885282994	62.5962261981151
3523.7909695312	62.6469024395377
3524.27308623247	62.7024066750515
3524.75520293373	62.7603417344992
3525.23731963499	62.818120802051
3525.71943633626	62.8740943688767
3526.20155303752	62.9285003561731
3526.68366973878	62.9834613561285
3527.16578644005	63.0417230584042
3527.64790314131	63.1057910086447
3528.13001984257	63.1761913155553
3528.61213654383	63.2515714120028
3529.0942532451	63.3291635297242
3529.57636994636	63.4060526991258
3530.05848664762	63.4806659762002
3530.54060334889	63.5526469023381
3531.02272005015	63.6227878707746
3531.50483675141	63.6918142865718
3531.98695345268	63.7593215479757
3532.46907015394	63.8239628506255
3532.9511868552	63.8836520017756
3533.43330355646	63.9370664795596
3533.91542025773	63.984609400042
3534.39753695899	64.0287022381718
3534.87965366025	64.0734092812176
3535.36177036152	64.1226055254998
3535.84388706278	64.1787737283306
3536.32600376404	64.2420796461651
3536.8081204653	64.3104463845715
3537.29023716657	64.3807805780201
3537.77235386783	64.4503702059705
3538.25447056909	64.5176427336355
3538.73658727036	64.5823330478464
3539.21870397162	64.6445221543405
3539.70082067288	64.704018793878
3540.18293737415	64.7596394047142
3540.66505407541	64.8094314676205
3541.14717077667	64.8516749941339
3541.62928747794	64.8855586277691
3542.1114041792	64.9119941233511
3542.59352088046	64.9334349830136
3543.07563758172	64.953273931431
3543.55775428299	64.9747331911441
3544.03987098425	65.0005017813076
3544.52198768551	65.0326645708046
3545.00410438678	65.0729227047062
3545.48622108804	65.123063959173
3545.9683377893	65.1848458031016
3546.45045449056	65.2588136433285
3546.93257119183	65.343571085159
3547.41468789309	65.435032245382
3547.89680459435	65.527011660109
3548.37892129562	65.6124999374126
3548.86103799688	65.686033113716
3549.34315469814	65.7450977573956
3549.82527139941	65.7911101254313
3550.30738810067	65.8287093226846
3550.78950480193	65.864489678463
3551.27162150319	65.9051320002153
3551.75373820446	65.9548202015375
3552.23585490572	66.0148535753493
3552.71797160698	66.0834841619746
3553.20008830825	66.1575896890375
3553.68220500951	66.2337316624139
3554.16432171077	66.3089337387242
3554.64643841204	66.3813656720731
3555.1285551133	66.4493552719921
3555.61067181456	66.5115639546359
3556.09278851582	66.5669475853137
3556.57490521709	66.614946178445
3557.05702191835	66.6563403099689
3557.53913861961	66.6930529717394
3558.02125532088	66.7281694959345
3558.50337202214	66.7647380042775
3558.9854887234	66.8046961399452
3559.46760542467	66.8484450910778
3559.94972212593	66.8945308947223
3560.43183882719	66.9404340155083
3560.91395552845	66.983120152528
3561.39607222972	67.0198231228439
3561.87818893098	67.048094355546
3562.36030563224	67.0654671453291
3562.84242233351	67.0695454430093
3563.32453903477	67.058166715229
3563.80665573603	67.0306433494024
3564.2887724373	66.9890234311407
3564.77088913856	66.9400005035484
3565.25300583982	66.8955742337898
3565.73512254108	66.8704640091677
3566.21723924235	66.8802258436881
3566.69935594361	66.9347607275435
3567.18147264487	67.0346163010397
3567.66358934614	67.1701852893238
3568.1457060474	67.325960928602
3568.62782274866	67.4855678531774
3569.10993944993	67.6357656031012
3569.59205615119	67.7691493024608
3570.07417285245	67.8828214368442
3570.55628955371	67.9774024152486
3571.03840625498	68.0550381695547
3571.52052295624	68.1187633135729
3572.0026396575	68.1719247047559
3572.48475635877	68.217769488512
3572.96687306003	68.2598614703863
3573.44898976129	68.30151559723
3573.93110646256	68.3449327126672
3574.41322316382	68.3910877255351
3574.89533986508	68.4391775038465
3575.37745656634	68.4874188603672
3575.85957326761	68.5337009334123
3576.34168996887	68.5766416239244
3576.82380667013	68.6163406934264
3577.3059233714	68.6541043137149
3577.78804007266	68.6919045008463
3578.27015677392	68.7313986434195
3578.75227347519	68.7733321067913
3579.23439017645	68.8175203671449
3579.71650687771	68.8630669238761
3580.19862357897	68.909013492087
3580.68074028024	68.9545679400837
3581.1628569815	68.9986631128406
3581.64497368276	69.0394638919627
3582.12709038403	69.0738909124581
3582.60920708529	69.0975181232859
3583.09132378655	69.1053401386385
3583.57344048782	69.0935206916609
3584.05555718908	69.0606528639869
3584.53767389034	69.0095633392313
3585.0197905916	68.9472154355903
3585.50190729287	68.8854731233672
3585.98402399413	68.8389510016812
3586.46614069539	68.8212577300991
3586.94825739666	68.8426055860013
3587.43037409792	68.9054892296628
3587.91249079918	69.0042977368619
3588.39460750045	69.1263711107845
3588.87672420171	69.2568774067682
3589.35884090297	69.38185667114
3589.84095760423	69.4895991225783
3590.3230743055	69.5733215186708
3590.80519100676	69.6298701977529
3591.28730770802	69.6604086369073
3591.76942440929	69.6697600586049
3592.25154111055	69.6662019528924
3592.73365781181	69.6601443630487
3593.21577451307	69.6612120589282
3593.69789121434	69.6769862479242
3594.1800079156	69.7107464825198
3594.66212461686	69.7612202307698
3595.14424131813	69.8237215912001
3595.62635801939	69.8918808656082
3596.10847472065	69.9599527774423
3596.59059142192	70.0232492464186
3597.07270812318	70.0789164207213
3597.55482482444	70.12605463585
3598.03694152571	70.1652956709
3598.51905822697	70.1990067754527
3599.00117492823	70.2310868516553
3599.48329162949	70.2666943048213
3599.96540833076	70.3107356962779
3600.44752503202	70.3666087515389
3600.92964173328	70.4344171279503
3601.41175843455	70.510802137876
3601.89387513581	70.5890741544769
3602.37599183707	70.6613050384127
3602.85810853833	70.7208272641785
3603.3402252396	70.7628691846745
3603.82234194086	70.7859185002594
3604.30445864212	70.7910765729227
3604.78657534339	70.7814744736041
3605.26869204465	70.7612999062198
3605.75080874591	70.7352924124432
3606.23292544718	70.7094012735347
3606.71504214844	70.6906354753003
3607.1971588497	70.6864215759626
3607.67927555096	70.7035068211546
3608.16139225223	70.7446844001443
3608.64350895349	70.8070842893699
3609.12562565475	70.8816425176976
3609.60774235602	70.9568010059865
3610.08985905728	71.0215981472721
3610.57197575854	71.069196549221
3611.05409245981	71.0994199910791
3611.53620916107	71.1182709568911
3612.01832586233	71.1360344972571
3612.50044256359	71.1626042463285
3612.98255926486	71.2041445160684
3613.46467596612	71.2597755399208
3613.94679266738	71.322536284357
3614.42890936865	71.3816486147485
3614.91102606991	71.4273849408657
3615.39314277117	71.4539674709881
3615.87525947244	71.4605166356686
3616.3573761737	71.4511524782012
3616.83949287496	71.4336773816996
3617.32160957622	71.4188266789087
3617.80372627749	71.4176196767017
3618.28584297875	71.4397343366972
3618.76795968001	71.4919363131884
3619.25007638128	71.5756868851879
3619.73219308254	71.6871917756744
3620.2143097838	71.8174692765169
3620.69642648507	71.9555938010583
3621.17854318633	72.0901556211304
3621.66065988759	72.2113586799705
3622.14277658885	72.3136176853356
3622.62489329012	72.394173886223
3623.10700999138	72.4534292039646
3623.58912669264	72.4930548777514
3624.07124339391	72.5141711971267
3624.55336009517	72.5160740332099
3625.03547679643	72.4959669960494
3625.5175934977	72.4503288753815
3625.99971019896	72.3777532193458
3626.48182690022	72.2829311157954
3626.96394360148	72.1816842789835
3627.44606030275	72.1012906645507
3627.92817700401	72.0762473737699
3628.41029370527	72.1347495273042
3628.89241040654	72.2806268937157
3629.3745271078	72.4903489637672
3629.85664380906	72.7254954106253
3630.33876051033	72.9528854805024
3630.82087721159	73.1531864569168
3631.30299391285	73.3210132487861
3631.78511061411	73.4615157535221
3632.26722731538	73.5843578259788
3632.74934401664	73.6997028312358
3633.2314607179	73.8153642991106
3633.71357741917	73.9351970546056
3634.19569412043	74.0591587607019
3634.67781082169	74.1847382339713
3635.15992752296	74.3084116339831
3635.64204422422	74.4279148705535
3636.12416092548	74.542031893244
3636.60627762674	74.6508133145814
3637.08839432801	74.7549011965939
3637.57051102927	74.8548777677011
3638.05262773053	74.9515854706317
3638.5347444318	75.0459178802808
3639.01686113306	75.1388555751353
3639.49897783432	75.2320218809514
3639.98109453559	75.3269351702098
3640.46321123685	75.4252790061959
3640.94532793811	75.5280769553996
3641.42744463937	75.6347668110365
3641.90956134064	75.7429044913935
3642.3916780419	75.8472030561454
3642.87379474316	75.9408893837994
3643.35591144443	76.0156460265936
3643.83802814569	76.0637693989129
3644.32014484695	76.0804170017432
3644.80226154822	76.0648681776687
3645.28437824948	76.0221547334978
3645.76649495074	75.962845416641
3646.248611652	75.9034960708465
3646.73072835327	75.8619883783929
3647.21284505453	75.8548293422749
3647.69496175579	75.8942608734453
3648.17707845706	75.986789966922
3648.65919515832	76.1346619501714
3649.14131185958	76.3379374005929
3649.62342856085	76.5936357058108
3650.10554526211	76.8932248385728
3650.58766196337	77.2215631422075
3651.06977866463	77.5572645143292
3651.5518953659	77.8774176829545
3652.03401206716	78.1625627732803
3652.51612876842	78.4010722902995
3652.99824546969	78.5895120297727
3653.48036217095	78.7333177130824
3653.96247887221	78.8462381872429
3654.44459557347	78.9490251398719
3654.92671227474	79.0641455102022
3655.408828976	79.209684600629
3655.89094567726	79.3932843455347
3656.37306237853	79.6092424553218
3656.85517907979	79.8429838179211
3657.33729578105	80.0776570848258
3657.81941248232	80.3025427736135
3658.30152918358	80.5129317474693
3658.78364588484	80.710002120269
3659.2657625861	80.8975586540414
3659.74787928737	81.0791823189629
3660.22999598863	81.257822274307
3660.71211268989	81.4346157795293
3661.19422939116	81.6103676689562
3661.67634609242	81.7856953520849
3662.15846279368	81.9606769814051
3662.64057949495	82.1350190296298
3663.12269619621	82.3069640253106
3663.60481289747	82.4728509158599
3664.08692959873	82.6279230547297
3664.5690463	82.7668333945184
3665.05116300126	82.8855024277514
3665.53327970252	82.9811311044654
3666.01539640379	83.0528484830902
3666.49751310505	83.1022028492185
3666.97962980631	83.1337696960238
3667.46174650758	83.155985130129
3667.94386320884	83.1830250279571
3668.4259799101	83.2351978913865
3668.90809661136	83.3335001873195
3669.39021331263	83.4924956113775
3669.87233001389	83.709801934162
3670.35444671515	83.9637276828577
3670.83656341642	84.2186116179314
3671.31868011768	84.4399631795042
3671.80079681894	84.6050146890769
3672.28291352021	84.7044096831465
3672.76503022147	84.7437132411091
3673.24714692273	84.7416316330585
3673.72926362399	84.7326086252909
3674.21138032526	84.7608055548075
3674.69349702652	84.8669164275059
3675.17561372778	85.0703749842392
3675.65773042905	85.3540532306908
3676.13984713031	85.6768295467507
3676.62196383157	85.9966660717146
3677.10408053284	86.2891579882171
3677.5861972341	86.5488073864099
3678.06831393536	86.7811041847755
3678.55043063662	86.9960201617799
3679.03254733789	87.2018592118014
3679.51466403915	87.4020617727969
3679.99678074041	87.5963827335206
3680.47889744168	87.7816254973333
3680.96101414294	87.9551991494512
3681.4431308442	88.1162840969968
3681.92524754547	88.265098725609
3682.40736424673	88.4025573969432
3682.88948094799	88.5281005422031
3683.37159764925	88.6395054950698
3683.85371435052	88.7332180719733
3684.33583105178	88.8054856040145
3684.81794775304	88.8538226492046
3685.30006445431	88.8778912416945
3685.78218115557	88.8801451654145
3686.26429785683	88.8664972833492
3686.7464145581	88.8458638997292
3687.22853125936	88.8303825907659
3687.71064796062	88.8339980767063
3688.19276466188	88.8681785982246
3688.67488136315	88.9400078727015
3689.15699806441	89.0503186577555
3689.63911476567	89.1951190954187
3690.12123146694	89.3677741124531
3690.6033481682	89.5600319241361
3691.08546486946	89.7638359855068
3691.56758157073	89.9697708530188
3692.04969827199	90.1690391652867
3692.53181497325	90.3543295545467
3693.01393167451	90.5195677217878
3693.49604837578	90.662351828422
3693.97816507704	90.783011685417
3694.4602817783	90.8849343441703
3694.94239847957	90.9734258346062
3695.42451518083	91.0542760572961
3695.90663188209	91.1326278711697
3696.38874858336	91.2104517523715
3696.87086528462	91.2862333290908
3697.35298198588	91.355001286626
3697.83509868714	91.4105115096032
3698.31721538841	91.4474602499115
3698.79933208967	91.464107316056
3699.28144879093	91.4639591230073
3699.7635654922	91.4565116102957
3700.24568219346	91.4555899989004
3700.72779889472	91.4746634929174
3701.20991559598	91.5237113761563
3701.69203229725	91.6045073631567
3702.17414899851	91.7109560566974
3702.65626569977	91.8309564077617
3703.13838240104	91.9517137065761
3703.6204991023	92.0630345026804
3704.10261580356	92.1577164541864
3704.58473250483	92.2325408462159
3705.06684920609	92.2860506803557
3705.54896590735	92.3175971773647
3706.03108260862	92.3267188548822
3706.51319930988	92.3134134196144
3706.99531601114	92.2791220716758
3707.4774327124	92.2273340945658
3707.95954941367	92.1642969186114
3708.44166611493	92.0987661536849
3708.92378281619	92.0405168521182
3709.40589951746	92.0001181667103
3709.88801621872	91.9877818204597
3710.37013291998	92.011737512164
3710.85224962124	92.0778635340422
3711.33436632251	92.1871899224929
3711.81648302377	92.3349991869362
3712.29859972503	92.5100432442092
3712.7807164263	92.6973718185166
3713.26283312756	92.8814793188037
3713.74494982882	93.04781331585
3714.22706653009	93.1869510232268
3714.70918323135	93.2942592731562
3715.19129993261	93.3694844183875
3715.67341663387	93.4167743979691
3716.15553333514	93.4427695883541
3716.6376500364	93.4551642982823
3717.11976673766	93.459874047877
3717.60188343893	93.4600981644446
3718.08400014019	93.4556084824042
3718.56611684145	93.4440851757829
3719.04823354272	93.4230609535233
3719.53035024398	93.3922658492396
3720.01246694524	93.3546855815388
3720.4945836465	93.3164104598911
3720.97670034777	93.2847547577278
3721.45881704903	93.2652249550963
3721.94093375029	93.2599311340597
3722.42305045156	93.2666274779145
3722.90516715282	93.2803314753289
3723.38728385408	93.2957514069214
3723.86940055535	93.3106160322614
3724.35151725661	93.3271094951447
3724.83363395787	93.3519059320525
3725.31575065913	93.3932384419633
3725.7978673604	93.4574280817227
3726.27998406166	93.5449317380293
3726.76210076292	93.6488326810549
3727.24421746419	93.7555565532537
3727.72633416545	93.8491424664018
3728.20845086671	93.9164615974974
3728.69056756798	93.9481984723661
3729.17268426924	93.9410220288993
3729.6548009705	93.896719832143
3730.13691767176	93.8215725559414
3730.61903437303	93.7244461636433
3731.10115107429	93.614431210289
3731.58326777555	93.4989781199651
3732.06538447682	93.3823051300454
3732.54750117808	93.2660110441319
3733.02961787934	93.1528583624364
3733.51173458061	93.0508139246963
3733.99385128187	92.9748557484629
3734.47596798313	92.9468437689262
3734.95808468439	92.986321320157
3735.44020138566	93.1019894106258
3735.92231808692	93.2831744771072
3736.40443478818	93.5036122265916
3736.88655148945	93.7298056123877
3737.36866819071	93.9342049313833
3737.85078489197	94.1022656109063
3738.33290159324	94.2293418092088
3738.8150182945	94.3184483593704
3739.29713499576	94.3746647476585
3739.77925169702	94.4013282193886
3740.26136839829	94.3982350964261
3740.74348509955	94.3618753989165
3741.22560180081	94.2874478198718
3741.70771850208	94.1726210525158
3742.18983520334	94.022576737673
3742.6719519046	93.8570598342493
3743.15406860587	93.7120730144632
3743.63618530713	93.6318441625099
3744.11830200839	93.6476970950829
3744.60041870965	93.7545577151294
3745.08253541092	93.9138577274189
3745.56465211218	94.0762426495565
3746.04676881344	94.2069259467445
3746.52888551471	94.286938924904
3747.01100221597	94.3111410933317
3747.49311891723	94.2837635080817
3747.9752356185	94.2161826566815
3748.45735231976	94.126238268229
3748.93946902102	94.035185519487
3749.42158572228	93.9671999352633
3749.90370242355	93.9423658925005
3750.38581912481	93.9730511326279
3750.86793582607	94.0629346067935
3751.35005252734	94.2061281984982
3751.8321692286	94.3878683531137
3752.31428592986	94.5867390765412
3752.79640263113	94.7803721498101
3753.27851933239	94.9497872379726
3753.76063603365	95.0830544214098
3754.24275273491	95.1765168541647
3754.72486943618	95.2328162151928
3755.20698613744	95.258631209383
3755.6891028387	95.2621629862752
3756.17121953997	95.252184255256
3756.65333624123	95.2368853908949
3757.13545294249	95.2228587114897
3757.61756964375	95.2163626923971
3758.09968634502	95.2235960818316
3758.58180304628	95.2503845040363
3759.06391974754	95.301611597248
3759.54603644881	95.3783549251162
3760.02815315007	95.4759185343008
3760.51026985133	95.5827241748925
3760.9923865526	95.6838329404681
3761.47450325386	95.7648890325134
3761.95661995512	95.8153815742843
3762.43873665639	95.8318819700519
3762.92085335765	95.8181393243895
3763.40297005891	95.7849501714565
3763.88508676017	95.7468808153452
3764.36720346144	95.7189181894569
3764.8493201627	95.711192846862
3765.33143686396	95.7246975361079
3765.81355356523	95.7515465760615
3766.29567026649	95.7788870636327
3766.77778696775	95.795510743752
3767.25990366901	95.7953701303222
3767.74202037028	95.7807976444405
3768.22413707154	95.7615164621556
3768.7062537728	95.7529269858806
3769.18837047407	95.7699749442591
3769.67048717533	95.8209100203808
3770.15260387659	95.9044088067772
3770.63472057786	96.0102105567818
3771.11683727912	96.1241384854638
3771.59895398038	96.2319325490845
3772.08107068164	96.3244747136738
3772.56318738291	96.3976185293514
3773.04530408417	96.4516025966281
3773.52742078543	96.4889905330552
3774.0095374867	96.5124488257948
3774.49165418796	96.5232443571059
3774.97377088922	96.5206427124828
3775.45588759049	96.5026945343614
3775.93800429175	96.4679562475773
3776.42012099301	96.4174847891262
3776.90223769427	96.3563455409458
3777.38435439554	96.2943395796979
3777.8664710968	96.2436168737981
3778.34858779806	96.2172964750371
3778.83070449933	96.2243482113502
3779.31282120059	96.2659341898122
3779.79493790185	96.3344668471329
3780.27705460312	96.4161040209129
3780.75917130438	96.4961797397581
3781.24128800564	96.5621942798483
3781.7234047069	96.6079412733463
3782.20552140817	96.6331256162577
3782.68763810943	96.6426652506678
3783.16975481069	96.6445204877933
3783.65187151196	96.6477652799974
3784.13398821322	96.6601345867981
3784.61610491448	96.6856429330639
3785.09822161575	96.7244697537812
3785.58033831701	96.7736338636837
3786.06245501827	96.8287611759088
3786.54457171953	96.8852852613014
3787.0266884208	96.9394459599258
3787.50880512206	96.9885866175997
3787.99092182332	97.0309282856334
3788.47303852459	97.0654152823549
3788.95515522585	97.0918027223195
3789.43727192711	97.1105421662986
3789.91938862838	97.122732860514
3790.40150532964	97.1298229989555
3790.8836220309	97.1330752780077
3791.36573873216	97.1327199994149
3791.84785543343	97.1273845858543
3792.32997213469	97.113952730092
3792.81208883595	97.0885082668766
3793.29420553722	97.0475142602816
3793.77632223848	96.9899368583591
3794.25843893974	96.9184577756494
3794.74055564101	96.8410278658843
3795.22267234227	96.7694639378304
3795.70478904353	96.715202477443
3796.18690574479	96.6855343006917
3796.66902244606	96.678851502269
3797.15113914732	96.6855947054471
3797.63325584858	96.6904902187719
3798.11537254985	96.6783648559023
3798.59748925111	96.6390486148403
3799.07960595237	96.5703964805581
3799.56172265364	96.4820773048446
3800.0438393549	96.3952107453178
3800.52595605616	96.3400926289012
3801.00807275742	96.3423667954553
3801.49018945869	96.410091715009
3801.97230615995	96.5278895666903
3802.45442286121	96.6661989499941
3802.93653956248	96.793718113847
3803.41865626374	96.886799128337
3803.900772965	96.9351355961535
3804.38288966627	96.9391139412987
3804.86500636753	96.910090505437
3805.34712306879	96.8673043942621
3805.82923977005	96.8367826939498
3806.31135647132	96.8424063098443
3806.79347317258	96.8959126060664
3807.27558987384	96.9926672409019
3807.75770657511	97.1145948556658
3808.23982327637	97.2401132044418
3808.72193997763	97.3509168550655
3809.2040566789	97.4368451949824
3809.68617338016	97.4948700388254
3810.16829008142	97.52681796928
3810.65040678268	97.5366605726674
3811.13252348395	97.5280469051545
3811.61464018521	97.5025370832882
3812.09675688647	97.4591260560355
3812.57887358774	97.3951949076007
3813.060990289	97.3093186558377
3813.54310699026	97.2036048167582
3814.02522369153	97.0872684901329
3814.50734039279	96.9780126112181
3814.98945709405	96.8962811536186
3815.47157379531	96.8586067784299
3815.95369049658	96.8662024445583
3816.43580719784	96.9039941920307
3816.9179238991	96.94566031179
3817.40004060037	96.9656552071975
3817.88215730163	96.9472166014829
3818.36427400289	96.8843334839583
3818.84639070416	96.784324703189
3819.32850740542	96.6679489010748
3819.81062410668	96.5697166510754
3820.29274080794	96.5269190152526
3820.77485750921	96.5653724042069
3821.25697421047	96.6850474169604
3821.73909091173	96.8593226012586
3822.221207613	97.0490330073309
3822.70332431426	97.2185148907463
3823.18544101552	97.3468373525452
3823.66755771678	97.4264656003405
3824.14967441805	97.4611241721879
3824.63179111931	97.462282213668
3825.11390782057	97.4466338225163
3825.59602452184	97.4319609630402
3826.0781412231	97.4313977632959
3826.56025792436	97.4509214028259
3827.04237462563	97.4870114525746
3827.52449132689	97.5298121867461
3828.00660802815	97.5664450948247
3828.48872472942	97.5864812841645
3828.97084143068	97.5844853433421
3829.45295813194	97.5609305729677
3829.9350748332	97.5216386255488
3830.41719153447	97.4757142936791
3830.89930823573	97.4325150966405
3831.38142493699	97.3976601208344
3831.86354163826	97.371791907848
3832.34565833952	97.3505341258104
3832.82777504078	97.3275763738125
3833.30989174204	97.2968624918866
3833.79200844331	97.2550279645513
3834.27412514457	97.2022090469252
3834.75624184583	97.1413232512626
3835.2383585471	97.0772794980446
3835.72047524836	97.015122090645
3836.20259194962	96.9602092286204
3836.68470865089	96.917747176385
3837.16682535215	96.8923405161523
3837.64894205341	96.8881494394339
3838.13105875467	96.9074335871916
3838.61317545594	96.9497616891223
3839.0952921572	97.0113990208416
3839.57740885846	97.0862402436837
3840.05952555973	97.1668047790744
3840.54164226099	97.2458699262725
3841.02375896225	97.3186413923411
3841.50587566352	97.3833438200495
3841.98799236478	97.4420932381813
3842.47010906604	97.4996242396537
3842.9522257673	97.5615444363743
3843.43434246857	97.6318823842733
3843.91645916983	97.7106655875028
3844.39857587109	97.7937860921161
3844.88069257236	97.8738892046996
3845.36280927362	97.9429941817126
3845.84492597488	97.9940081398712
3846.32704267615	98.0223140528419
3846.80915937741	98.0260213813085
3847.29127607867	98.0046256980022
3847.77339277993	97.9580911708608
3848.2555094812	97.8855291860116
3848.73762618246	97.7852511522578
3849.21974288372	97.6546452911422
3849.70185958499	97.4914224000196
3850.18397628625	97.2965102679282
3850.66609298751	97.0747992916322
3851.14820968878	96.8409639197537
3851.63032639004	96.6228973261915
3852.1124430913	96.4596601763277
3852.59455979256	96.3938580516802
3853.07667649383	96.4482530639919
3853.55879319509	96.6095409286518
3854.04090989635	96.8339765446427
3854.52302659762	97.0734826936391
3855.00514329888	97.296504698011
3855.48726000014	97.4895773280392
3855.96937670141	97.6518172159045
3856.45149340267	97.7865861104434
3856.93361010393	97.8966281867557
3857.41572680519	97.9819672853598
3857.89784350646	98.0408862852315
3858.37996020772	98.0708894605339
3858.86207690898	98.0711150327409
3859.34419361025	98.0434349069117
3859.82631031151	97.9929835748133
3860.30842701277	97.9264930339082
3860.79054371404	97.8512282909326
3861.2726604153	97.7738226408709
3861.75477711656	97.6987843709079
3862.23689381782	97.6304420121879
3862.71901051909	97.5741146643143
3863.20112722035	97.5369033368563
3863.68324392161	97.5273762964855
3864.16536062288	97.5511830002878
3864.64747732414	97.6065234451439
3865.1295940254	97.6813726535922
3865.61171072667	97.7558646004258
3866.09382742793	97.8089530334965
3866.57594412919	97.8227286986007
3867.05806083045	97.7885621342931
3867.54017753172	97.70934761984
3868.02229423298	97.6019257472159
3868.50441093424	97.4948766132956
3868.98652763551	97.4212911677517
3869.46864433677	97.4064794408943
3869.95076103803	97.453672497925
3870.4328777393	97.5439995342004
3870.91499444056	97.6472389427982
3871.39711114182	97.7389088997082
3871.87922784308	97.8060469264274
3872.36134454435	97.8498366230431
3872.84346124561	97.8820472374742
3873.32557794687	97.9198850526749
3873.80769464814	97.9778390906748
3874.2898113494	98.0604195849059
3874.77192805066	98.1599525494757
3875.25404475192	98.2598446847968
3875.73616145319	98.3416680046992
3876.21827815445	98.3893934357012
3876.70039485571	98.3938372136154
3877.18251155698	98.3531216481869
3877.66462825824	98.2728029175988
3878.1467449595	98.1654263838646
3878.62886166077	98.0492927230877
3879.11097836203	97.9470574475208
3879.59309506329	97.8787432031532
3880.07521176455	97.8561558936807
3880.55732846582	97.8780371795029
3881.03944516708	97.9309612355898
3881.52156186834	97.9936110646328
3882.00367856961	98.0438867268695
3882.48579527087	98.0665617208481
3882.96791197213	98.0549811661353
3883.4500286734	98.0145076769145
3883.93214537466	97.9612453252259
3884.41426207592	97.9213145887936
3884.89637877718	97.9208746622624
3885.37849547845	97.9742276184021
3885.86061217971	98.0762980090518
3886.34272888097	98.2041240071253
3886.82484558224	98.3280276929745
3887.3069622835	98.421217195916
3887.78907898476	98.4682829811264
3888.27119568603	98.4652005559177
3888.75331238729	98.4187663428243
3889.23542908855	98.3441430595933
3889.71754578981	98.2627689082311
3890.19966249108	98.198297788488
3890.68177919234	98.1687747274164
3891.1638958936	98.1827041998546
3891.64601259487	98.236794824106
3892.12812929613	98.3196580141414
3892.61024599739	98.4160510572315
3893.09236269866	98.5112848167961
3893.57447939992	98.5943094563166
3894.05659610118	98.656171139273
3894.53871280244	98.6904370932507
3895.02082950371	98.693183515726
3895.50294620497	98.6625820363595
3895.98506290623	98.5997538100395
3896.4671796075	98.5087493836156
3896.94929630876	98.397586759335
3897.43141301002	98.2761708141624
3897.91352971129	98.155914737071
3898.39564641255	98.0476551865386
3898.87776311381	97.9588818959724
3899.35987981507	97.8929477159769
3899.84199651634	97.8481411857625
3900.3241132176	97.8199554385993
3900.80622991886	97.8027461651376
3901.28834662013	97.7926793564183
3901.77046332139	97.7896269886931
3902.25258002265	97.7975571873066
3902.73469672392	97.8236779901318
3903.21681342518	97.8753391494914
3903.69893012644	97.957694561973
3904.1810468277	98.0701544464516
3904.66316352897	98.2064595799528
3905.14528023023	98.3553193915266
3905.62739693149	98.504415443883
3906.10951363276	98.6430277058024
3906.59163033402	98.7625182850986
3907.07374703528	98.8585678082319
3907.55586373655	98.9302100048235
3908.03798043781	98.9792280062358
3908.52009713907	99.0096100755114
3909.00221384033	99.0264678472693
3909.4843305416	99.0353232820849
3909.96644724286	99.0406638167628
3910.44856394412	99.0456821845553
3910.93068064539	99.0514620957023
3911.41279734665	99.0568218669315
3911.89491404791	99.0584024473747
3912.37703074918	99.0514963077891
3912.85914745044	99.031714437453
3913.3412641517	98.9959599683008
3913.82338085296	98.9443209613852
3914.30549755423	98.8803180178476
3914.78761425549	98.8113788140509
3915.26973095675	98.7472078980942
3915.75184765802	98.696942778952
3916.23396435928	98.6674709184736
3916.71608106054	98.6606075875811
3917.19819776181	98.6736032679584
3917.68031446307	98.700626288089
3918.16243116433	98.7358620976898
3918.64454786559	98.7749840543524
3919.12666456686	98.8154440893893
3919.60878126812	98.8558367625048
3920.09089796938	98.8940329944519
3920.57301467065	98.9264546785898
3921.05513137191	98.9487620597242
3921.53724807317	98.9569413312403
3922.01936477443	98.9497605914495
3922.5014814757	98.9301078465957
3922.98359817696	98.9055625196912
3923.46571487822	98.8865300665872
3923.94783157949	98.8826263617856
3924.42994828075	98.8997242567345
3924.91206498201	98.9368586382189
3925.39418168328	98.9869140409555
3925.87629838454	99.0386678803145
3926.3584150858	99.0812601830978
3926.84053178707	99.106976830623
3927.32264848833	99.1122117459336
3927.80476518959	99.0976763978758
3928.28688189085	99.0668980047577
3928.76899859212	99.0251166459325
3929.25111529338	98.977500981503
3929.73323199464	98.9297385977924
3930.21534869591	98.8879207058858
3930.69746539717	98.8583631953236
3931.17958209843	98.8478550614649
3931.66169879969	98.8615654004227
3932.14381550096	98.9011353495256
3932.62593220222	98.9633033811945
3933.10804890348	99.0401860823581
3933.59016560475	99.1214968641161
3934.07228230601	99.1966980549373
3934.55439900727	99.2583549298845
3935.03651570854	99.3032602910424
3935.5186324098	99.3324257437056
3936.00074911106	99.3497049677814
3936.48286581232	99.3598610573548
3936.96498251359	99.3666836898679
3937.44709921485	99.371390520926
3937.92921591611	99.3725967270944
3938.41133261738	99.3671404874654
3938.89344931864	99.3519106756019
3939.3755660199	99.3251964939346
3939.85768272117	99.2881603327879
3940.33979942243	99.2446785628798
3940.82191612369	99.2015862136233
3941.30403282495	99.1668779193828
3941.78614952622	99.1474238396998
3942.26826622748	99.147603006186
3942.75038292874	99.1671310555147
3943.23249963001	99.2012497780446
3943.71461633127	99.2414172329436
3944.19673303253	99.2780967647486
3944.6788497338	99.3032048175678
3945.16096643506	99.3116192726017
3945.64308313632	99.3027600048356
3946.12519983758	99.280416789182
3946.60731653885	99.2519903103461
3947.08943324011	99.2259863301446
3947.57154994137	99.2100578701685
3948.05366664264	99.2090520597404
3948.5357833439	99.2238437529572
3949.01790004516	99.2519576700266
3949.50001674643	99.2888595075011
3949.98213344769	99.3300863588524
3950.46425014895	99.3718990679442
3950.94636685021	99.4118180991707
3951.42848355148	99.4485405401002
3951.91060025274	99.4810112666916
3952.392716954	99.5083150587393
3952.87483365527	99.5296604143235
3953.35695035653	99.5446702078709
3953.83906705779	99.5539144486278
3954.32118375906	99.5589445481072
3954.80330046032	99.5621379474263
3955.28541716158	99.565792369459
3955.76753386284	99.5714450934307
3956.24965056411	99.5793479415047
3956.73176726537	99.5884684299856
3957.21388396663	99.5969616355616
3957.6960006679	99.6028961209147
3958.17811736916	99.6051204598825
3958.66023407042	99.6035262245641
3959.14235077169	99.5991521181235
3959.62446747295	99.5937911830134
3960.10658417421	99.5896944144748
3960.58870087547	99.5891367886626
3961.07081757674	99.5938709552351
3961.552934278	99.6050669517262
3962.03505097926	99.6228739471193
3962.51716768053	99.6463416776629
3962.99928438179	99.6732642045784
3963.48140108305	99.7006778603201
3963.96351778432	99.7254818024775
3964.44563448558	99.7448905299611
3964.92775118684	99.7574343330614
3965.4098678881	99.7631097836519
3965.89198458937	99.7633408324219
3966.37410129063	99.760265434299
3966.85621799189	99.7561345711192
3967.33833469316	99.752578646798
3967.82045139442	99.7502645870385
3968.30256809568	99.7490578152514
3968.78468479695	99.7484461141566
3969.26680149821	99.7480582476879
3969.74891819947	99.7478205579703
3970.23103490073	99.7479336669404
3970.713151602	99.7485989334162
3971.19526830326	99.749727491465
3971.67738500452	99.7509549615741
3972.15950170579	99.7518728765923
3972.64161840705	99.7524241615921
3973.12373510831	99.7532504828864
3973.60585180958	99.7555907005311
3974.08796851084	99.7610573442694
3974.5700852121	99.7708466938423
3975.05220191336	99.7852711317119
3975.53431861463	99.8034543238905
3976.01643531589	99.8236525768094
3976.49855201715	99.8436665817349
3976.98066871842	99.8615118277305
3977.46278541968	99.8760230652274
3977.94490212094	99.886875483226
3978.42701882221	99.8945301977234
3978.90913552347	99.8998435096575
3979.39125222473	99.9038507546718
3979.87336892599	99.9075493316717
3980.35548562726	99.9118080236866
3980.83760232852	99.9174293903778
3981.31971902978	99.9250321205967
3981.80183573105	99.9348749957788
3982.28395243231	99.9467261835979
3982.76606913357	99.9597979450979
3983.24818583484	99.972941901653
3983.7303025361	99.9848610081961
3984.21241923736	99.9945833753908
3984.69453593862	100.001653911872
3985.17665263989	100.006143980697
3985.65876934115	100.008433537811
3986.14088604241	100.008933689941
3986.62300274368	100.007929753608
3987.10511944494	100.005537033788
3987.5872361462	100.002014883792
3988.06935284746	99.9979886651123
3988.55146954873	99.9944936240692
3989.03358624999	99.9929332580387
3989.51570295125	99.9944961173791
3989.99781965252	99.9996776141236
3990.47993635378	100.007974958216
3990.96205305504	100.01798046741
3991.44416975631	100.027965787038
3991.92628645757	100.036386465589
3992.40840315883	100.042598114926
3992.8905198601	100.046985714622
3993.37263656136	100.050782040229
3993.85475326262	100.055457968187
3994.33686996388	100.062135506181
3994.81898666515	100.071245339884
3995.30110336641	100.082445277016
3995.78322006767	100.094887746348
3996.26533676894	100.107575908262
3996.7474534702	100.119767108462
3997.22957017146	100.131007545789
3997.71168687272	100.141110701899
3998.19380357399	100.150048812293
3998.67592027525	100.1578805655
3999.15803697651	100.164788455888
3999.64015367778	100.17112804745
4000.12227037904	100.177501743352
