"Time (ps)"	"Channel 4 - Counts per bin"
0	1
10000000	0
20000000	1
30000000	0
40000000	0
50000000	0
60000000	0
70000000	0
80000000	0
90000000	0
100000000	0
110000000	0
120000000	0
130000000	0
140000000	0
150000000	0
160000000	0
170000000	0
180000000	0
190000000	0
200000000	0
210000000	0
220000000	0
230000000	0
240000000	0
250000000	0
260000000	0
270000000	0
280000000	0
290000000	0
300000000	0
310000000	0
320000000	0
330000000	0
340000000	0
350000000	0
360000000	0
370000000	0
380000000	0
390000000	0
400000000	0
410000000	0
420000000	0
430000000	0
440000000	0
450000000	0
460000000	0
470000000	0
480000000	0
490000000	0
500000000	0
510000000	0
520000000	0
530000000	0
540000000	0
550000000	0
560000000	0
570000000	0
580000000	0
590000000	0
600000000	0
610000000	0
620000000	0
630000000	0
640000000	0
650000000	0
660000000	0
670000000	0
680000000	0
690000000	0
700000000	0
710000000	0
720000000	0
730000000	0
740000000	0
750000000	0
760000000	0
770000000	1
780000000	1
790000000	0
800000000	3
810000000	2
820000000	2
830000000	2
840000000	2
850000000	5
860000000	5
870000000	1
880000000	2
890000000	7
900000000	1
910000000	4
920000000	4
930000000	4
940000000	3
950000000	7
960000000	4
970000000	3
980000000	4
990000000	1
1000000000	2
1010000000	3
1020000000	4
1030000000	2
1040000000	2
1050000000	5
1060000000	7
1070000000	1
1080000000	0
1090000000	1
1100000000	7
1110000000	1
1120000000	0
1130000000	3
1140000000	1
1150000000	1
1160000000	3
1170000000	4
1180000000	1
1190000000	5
1200000000	5
1210000000	3
1220000000	2
1230000000	1
1240000000	2
1250000000	5
1260000000	5
1270000000	3
1280000000	1
1290000000	2
1300000000	3
1310000000	1
1320000000	2
1330000000	0
1340000000	4
1350000000	3
1360000000	2
1370000000	2
1380000000	4
1390000000	2
1400000000	5
1410000000	2
1420000000	4
1430000000	3
1440000000	4
1450000000	3
1460000000	5
1470000000	0
1480000000	2
1490000000	6
1500000000	1
1510000000	3
1520000000	3
1530000000	2
1540000000	3
1550000000	3
1560000000	1
1570000000	3
1580000000	1
1590000000	1
1600000000	3
1610000000	2
1620000000	2
1630000000	4
1640000000	8
1650000000	2
1660000000	4
1670000000	2
1680000000	2
1690000000	2
1700000000	2
1710000000	1
1720000000	3
1730000000	4
1740000000	2
1750000000	4
1760000000	1
1770000000	3
1780000000	1
1790000000	1
1800000000	2
1810000000	1
1820000000	0
1830000000	2
1840000000	0
1850000000	0
1860000000	1
1870000000	0
1880000000	0
1890000000	0
1900000000	0
1910000000	1
1920000000	2
1930000000	0
1940000000	1
1950000000	0
1960000000	0
1970000000	0
1980000000	0
1990000000	1
2000000000	0
2010000000	0
2020000000	3
2030000000	0
2040000000	0
2050000000	0
2060000000	0
2070000000	0
2080000000	0
2090000000	0
2100000000	0
2110000000	0
2120000000	0
2130000000	0
2140000000	0
2150000000	0
2160000000	0
2170000000	0
2180000000	0
2190000000	0
2200000000	0
2210000000	0
2220000000	0
2230000000	0
2240000000	0
2250000000	0
2260000000	0
2270000000	1
2280000000	0
2290000000	0
2300000000	0
2310000000	0
2320000000	0
2330000000	0
2340000000	0
2350000000	0
2360000000	0
2370000000	0
2380000000	0
2390000000	0
2400000000	0
2410000000	1
2420000000	0
2430000000	0
2440000000	0
2450000000	0
2460000000	0
2470000000	0
2480000000	0
2490000000	0
2500000000	0
2510000000	0
2520000000	0
2530000000	0
2540000000	0
2550000000	0
2560000000	0
2570000000	0
2580000000	0
2590000000	0
2600000000	0
2610000000	0
2620000000	0
2630000000	0
2640000000	0
2650000000	0
2660000000	0
2670000000	0
2680000000	0
2690000000	0
2700000000	0
2710000000	0
2720000000	0
2730000000	0
2740000000	0
2750000000	0
2760000000	1
2770000000	1
2780000000	2
2790000000	3
2800000000	3
2810000000	0
2820000000	2
2830000000	2
2840000000	4
2850000000	5
2860000000	2
2870000000	2
2880000000	0
2890000000	2
2900000000	2
2910000000	1
2920000000	2
2930000000	1
2940000000	4
2950000000	1
2960000000	5
2970000000	3
2980000000	4
2990000000	0
3000000000	3
3010000000	3
3020000000	1
3030000000	3
3040000000	3
3050000000	4
3060000000	3
3070000000	2
3080000000	4
3090000000	0
3100000000	0
3110000000	3
3120000000	3
3130000000	2
3140000000	3
3150000000	1
3160000000	1
3170000000	4
3180000000	4
3190000000	4
3200000000	1
3210000000	2
3220000000	3
3230000000	5
3240000000	1
3250000000	5
3260000000	0
3270000000	2
3280000000	4
3290000000	3
3300000000	1
3310000000	1
3320000000	3
3330000000	0
3340000000	0
3350000000	3
3360000000	2
3370000000	3
3380000000	2
3390000000	3
3400000000	1
3410000000	2
3420000000	4
3430000000	3
3440000000	5
3450000000	3
3460000000	1
3470000000	1
3480000000	1
3490000000	6
3500000000	2
3510000000	7
3520000000	5
3530000000	4
3540000000	1
3550000000	0
3560000000	4
3570000000	1
3580000000	2
3590000000	3
3600000000	2
3610000000	3
3620000000	3
3630000000	0
3640000000	3
3650000000	2
3660000000	3
3670000000	3
3680000000	4
3690000000	3
3700000000	2
3710000000	2
3720000000	1
3730000000	2
3740000000	1
3750000000	0
3760000000	3
3770000000	3
3780000000	0
3790000000	0
3800000000	1
3810000000	1
3820000000	0
3830000000	0
3840000000	0
3850000000	1
3860000000	0
3870000000	2
3880000000	0
3890000000	1
3900000000	0
3910000000	1
3920000000	0
3930000000	0
3940000000	0
3950000000	0
3960000000	1
3970000000	1
3980000000	2
3990000000	0
4000000000	0
4010000000	1
4020000000	0
4030000000	1
4040000000	0
4050000000	0
4060000000	0
4070000000	0
4080000000	0
4090000000	0
4100000000	0
4110000000	0
4120000000	0
4130000000	0
4140000000	0
4150000000	0
4160000000	0
4170000000	0
4180000000	0
4190000000	0
4200000000	0
4210000000	0
4220000000	0
4230000000	1
4240000000	0
4250000000	0
4260000000	0
4270000000	1
4280000000	0
4290000000	0
4300000000	0
4310000000	0
4320000000	0
4330000000	0
4340000000	0
4350000000	0
4360000000	0
4370000000	0
4380000000	0
4390000000	0
4400000000	0
4410000000	0
4420000000	0
4430000000	0
4440000000	0
4450000000	0
4460000000	0
4470000000	0
4480000000	0
4490000000	0
4500000000	0
4510000000	0
4520000000	0
4530000000	0
4540000000	0
4550000000	0
4560000000	0
4570000000	0
4580000000	0
4590000000	0
4600000000	0
4610000000	0
4620000000	0
4630000000	0
4640000000	0
4650000000	0
4660000000	0
4670000000	0
4680000000	0
4690000000	0
4700000000	0
4710000000	0
4720000000	0
4730000000	0
4740000000	0
4750000000	2
4760000000	0
4770000000	1
4780000000	1
4790000000	2
4800000000	4
4810000000	1
4820000000	5
4830000000	1
4840000000	4
4850000000	1
4860000000	3
4870000000	3
4880000000	4
4890000000	0
4900000000	4
4910000000	3
4920000000	5
4930000000	2
4940000000	5
4950000000	2
4960000000	6
4970000000	2
4980000000	3
4990000000	2
5000000000	5
5010000000	1
5020000000	1
5030000000	5
5040000000	7
5050000000	3
5060000000	5
5070000000	5
5080000000	1
5090000000	3
5100000000	3
5110000000	1
5120000000	3
5130000000	2
5140000000	7
5150000000	2
5160000000	4
5170000000	3
5180000000	3
5190000000	1
5200000000	4
5210000000	3
5220000000	3
5230000000	0
5240000000	3
5250000000	1
5260000000	2
5270000000	3
5280000000	1
5290000000	1
5300000000	1
5310000000	1
5320000000	5
5330000000	1
5340000000	2
5350000000	1
5360000000	2
5370000000	3
5380000000	3
5390000000	5
5400000000	0
5410000000	3
5420000000	3
5430000000	4
5440000000	1
5450000000	3
5460000000	6
5470000000	3
5480000000	1
5490000000	0
5500000000	4
5510000000	2
5520000000	1
5530000000	6
5540000000	2
5550000000	2
5560000000	3
5570000000	1
5580000000	3
5590000000	3
5600000000	4
5610000000	1
5620000000	1
5630000000	4
5640000000	1
5650000000	2
5660000000	1
5670000000	2
5680000000	2
5690000000	2
5700000000	2
5710000000	1
5720000000	2
5730000000	6
5740000000	4
5750000000	1
5760000000	3
5770000000	2
5780000000	1
5790000000	1
5800000000	0
5810000000	0
5820000000	3
5830000000	0
5840000000	1
5850000000	0
5860000000	2
5870000000	3
5880000000	0
5890000000	1
5900000000	0
5910000000	1
5920000000	0
5930000000	1
5940000000	0
5950000000	1
5960000000	0
5970000000	0
5980000000	0
5990000000	0
6000000000	0
6010000000	0
6020000000	0
6030000000	0
6040000000	0
6050000000	0
6060000000	0
6070000000	0
6080000000	1
6090000000	0
6100000000	0
6110000000	0
6120000000	0
6130000000	0
6140000000	0
6150000000	0
6160000000	0
6170000000	0
6180000000	0
6190000000	0
6200000000	0
6210000000	1
6220000000	0
6230000000	0
6240000000	0
6250000000	0
6260000000	0
6270000000	1
6280000000	0
6290000000	0
6300000000	0
6310000000	0
6320000000	0
6330000000	0
6340000000	0
6350000000	0
6360000000	0
6370000000	0
6380000000	0
6390000000	1
6400000000	0
6410000000	0
6420000000	0
6430000000	0
6440000000	0
6450000000	0
6460000000	0
6470000000	0
6480000000	0
6490000000	0
6500000000	0
6510000000	0
6520000000	0
6530000000	0
6540000000	0
6550000000	0
6560000000	0
6570000000	0
6580000000	0
6590000000	0
6600000000	0
6610000000	0
6620000000	0
6630000000	0
6640000000	0
6650000000	0
6660000000	0
6670000000	0
6680000000	0
6690000000	0
6700000000	0
6710000000	0
6720000000	0
6730000000	0
6740000000	0
6750000000	2
6760000000	0
6770000000	3
6780000000	2
6790000000	1
6800000000	5
6810000000	6
6820000000	4
6830000000	3
6840000000	4
6850000000	6
6860000000	2
6870000000	1
6880000000	0
6890000000	1
6900000000	3
6910000000	3
6920000000	2
6930000000	1
6940000000	5
6950000000	4
6960000000	1
6970000000	1
6980000000	1
6990000000	3
7000000000	1
7010000000	6
7020000000	6
7030000000	2
7040000000	5
7050000000	2
7060000000	4
7070000000	5
7080000000	2
7090000000	4
7100000000	4
7110000000	3
7120000000	3
7130000000	3
7140000000	5
7150000000	2
7160000000	1
7170000000	1
7180000000	4
7190000000	5
7200000000	3
7210000000	2
7220000000	1
7230000000	3
7240000000	6
7250000000	1
7260000000	1
7270000000	2
7280000000	7
7290000000	4
7300000000	4
7310000000	2
7320000000	2
7330000000	2
7340000000	3
7350000000	4
7360000000	2
7370000000	2
7380000000	2
7390000000	2
7400000000	3
7410000000	2
7420000000	1
7430000000	3
7440000000	2
7450000000	4
7460000000	4
7470000000	4
7480000000	3
7490000000	3
7500000000	4
7510000000	3
7520000000	1
7530000000	3
7540000000	1
7550000000	1
7560000000	0
7570000000	3
7580000000	3
7590000000	2
7600000000	0
7610000000	2
7620000000	1
7630000000	1
7640000000	0
7650000000	0
7660000000	3
7670000000	2
7680000000	3
7690000000	5
7700000000	2
7710000000	3
7720000000	4
7730000000	3
7740000000	1
7750000000	1
7760000000	3
7770000000	2
7780000000	4
7790000000	4
7800000000	0
7810000000	1
7820000000	1
7830000000	1
7840000000	0
7850000000	0
7860000000	2
7870000000	0
7880000000	1
7890000000	0
7900000000	1
7910000000	0
7920000000	1
7930000000	0
7940000000	0
7950000000	0
7960000000	2
7970000000	0
7980000000	1
7990000000	0
8000000000	0
8010000000	0
8020000000	0
8030000000	0
8040000000	0
8050000000	0
8060000000	0
8070000000	0
8080000000	0
8090000000	0
8100000000	0
8110000000	0
8120000000	1
8130000000	0
8140000000	0
8150000000	0
8160000000	0
8170000000	0
8180000000	0
8190000000	0
8200000000	0
8210000000	0
8220000000	0
8230000000	1
8240000000	0
8250000000	0
8260000000	0
8270000000	0
8280000000	0
8290000000	0
8300000000	0
8310000000	0
8320000000	0
8330000000	0
8340000000	0
8350000000	0
8360000000	0
8370000000	0
8380000000	0
8390000000	0
8400000000	0
8410000000	0
8420000000	0
8430000000	0
8440000000	0
8450000000	0
8460000000	0
8470000000	0
8480000000	0
8490000000	0
8500000000	0
8510000000	0
8520000000	0
8530000000	0
8540000000	0
8550000000	0
8560000000	0
8570000000	0
8580000000	0
8590000000	0
8600000000	0
8610000000	0
8620000000	0
8630000000	0
8640000000	0
8650000000	0
8660000000	0
8670000000	0
8680000000	0
8690000000	0
8700000000	0
8710000000	0
8720000000	0
8730000000	0
8740000000	0
8750000000	2
8760000000	0
8770000000	0
8780000000	3
8790000000	0
8800000000	1
8810000000	4
8820000000	2
8830000000	3
8840000000	1
8850000000	1
8860000000	3
8870000000	0
8880000000	2
8890000000	3
8900000000	3
8910000000	3
8920000000	2
8930000000	2
8940000000	1
8950000000	1
8960000000	2
8970000000	0
8980000000	3
8990000000	1
9000000000	4
9010000000	5
9020000000	4
9030000000	0
9040000000	0
9050000000	2
9060000000	3
9070000000	1
9080000000	1
9090000000	4
9100000000	1
9110000000	2
9120000000	4
9130000000	2
9140000000	2
9150000000	5
9160000000	3
9170000000	3
9180000000	2
9190000000	1
9200000000	5
9210000000	3
9220000000	3
9230000000	2
9240000000	4
9250000000	3
9260000000	0
9270000000	0
9280000000	7
9290000000	5
9300000000	1
9310000000	5
9320000000	3
9330000000	2
9340000000	4
9350000000	4
9360000000	3
9370000000	3
9380000000	2
9390000000	2
9400000000	6
9410000000	3
9420000000	5
9430000000	2
9440000000	5
9450000000	3
9460000000	2
9470000000	4
9480000000	3
9490000000	2
9500000000	2
9510000000	3
9520000000	1
9530000000	1
9540000000	4
9550000000	1
9560000000	2
9570000000	3
9580000000	2
9590000000	2
9600000000	2
9610000000	1
9620000000	2
9630000000	1
9640000000	1
9650000000	2
9660000000	2
9670000000	2
9680000000	1
9690000000	2
9700000000	1
9710000000	3
9720000000	3
9730000000	2
9740000000	2
9750000000	5
9760000000	0
9770000000	0
9780000000	3
9790000000	0
9800000000	2
9810000000	0
9820000000	0
9830000000	3
9840000000	0
9850000000	2
9860000000	0
9870000000	2
9880000000	2
9890000000	2
9900000000	0
9910000000	0
9920000000	1
9930000000	1
9940000000	0
9950000000	0
9960000000	0
9970000000	0
9980000000	0
9990000000	1
10000000000	0
10010000000	0
10020000000	0
10030000000	0
10040000000	0
10050000000	0
10060000000	1
10070000000	0
10080000000	0
10090000000	1
10100000000	0
10110000000	0
10120000000	0
10130000000	0
10140000000	0
10150000000	0
10160000000	0
10170000000	0
10180000000	0
10190000000	0
10200000000	0
10210000000	0
10220000000	0
10230000000	0
10240000000	0
10250000000	0
10260000000	0
10270000000	0
10280000000	0
10290000000	0
10300000000	0
10310000000	0
10320000000	0
10330000000	0
10340000000	0
10350000000	0
10360000000	0
10370000000	0
10380000000	0
10390000000	0
10400000000	0
10410000000	0
10420000000	0
10430000000	0
10440000000	0
10450000000	0
10460000000	0
10470000000	0
10480000000	0
10490000000	0
10500000000	0
10510000000	0
10520000000	0
10530000000	0
10540000000	0
10550000000	0
10560000000	0
10570000000	0
10580000000	0
10590000000	0
10600000000	0
10610000000	0
10620000000	0
10630000000	0
10640000000	0
10650000000	0
10660000000	0
10670000000	0
10680000000	0
10690000000	0
10700000000	0
10710000000	0
10720000000	0
10730000000	0
10740000000	0
10750000000	0
10760000000	2
10770000000	2
10780000000	0
10790000000	2
10800000000	0
10810000000	4
10820000000	1
10830000000	2
10840000000	3
10850000000	0
10860000000	1
10870000000	4
10880000000	3
10890000000	2
10900000000	4
10910000000	1
10920000000	1
10930000000	4
10940000000	0
10950000000	2
10960000000	4
10970000000	3
10980000000	3
10990000000	2
11000000000	3
11010000000	5
11020000000	2
11030000000	4
11040000000	3
11050000000	0
11060000000	2
11070000000	1
11080000000	6
11090000000	1
11100000000	1
11110000000	2
11120000000	2
11130000000	2
11140000000	3
11150000000	2
11160000000	2
11170000000	0
11180000000	2
11190000000	6
11200000000	6
11210000000	5
11220000000	2
11230000000	3
11240000000	1
11250000000	7
11260000000	2
11270000000	5
11280000000	3
11290000000	2
11300000000	2
11310000000	2
11320000000	3
11330000000	0
11340000000	0
11350000000	0
11360000000	1
11370000000	2
11380000000	2
11390000000	5
11400000000	1
11410000000	5
11420000000	4
11430000000	2
11440000000	3
11450000000	2
11460000000	1
11470000000	3
11480000000	2
11490000000	0
11500000000	4
11510000000	4
11520000000	4
11530000000	2
11540000000	1
11550000000	3
11560000000	3
11570000000	5
11580000000	2
11590000000	2
11600000000	1
11610000000	1
11620000000	4
11630000000	1
11640000000	3
11650000000	6
11660000000	4
11670000000	0
11680000000	2
11690000000	5
11700000000	3
11710000000	4
11720000000	2
11730000000	3
11740000000	1
11750000000	0
11760000000	1
11770000000	2
11780000000	2
11790000000	0
11800000000	1
11810000000	0
11820000000	2
11830000000	1
11840000000	0
11850000000	4
11860000000	0
11870000000	1
11880000000	0
11890000000	0
11900000000	0
11910000000	0
11920000000	0
11930000000	0
11940000000	0
11950000000	0
11960000000	1
11970000000	0
11980000000	0
11990000000	2
12000000000	0
12010000000	0
12020000000	0
12030000000	0
12040000000	0
12050000000	0
12060000000	0
12070000000	0
12080000000	0
12090000000	0
12100000000	0
12110000000	0
12120000000	0
12130000000	0
12140000000	0
12150000000	0
12160000000	0
12170000000	0
12180000000	0
12190000000	0
12200000000	0
12210000000	0
12220000000	0
12230000000	0
12240000000	0
12250000000	0
12260000000	0
12270000000	0
12280000000	0
12290000000	0
12300000000	0
12310000000	0
12320000000	0
12330000000	0
12340000000	0
12350000000	0
12360000000	0
12370000000	0
12380000000	0
12390000000	1
12400000000	0
12410000000	0
12420000000	0
12430000000	0
12440000000	0
12450000000	0
12460000000	0
12470000000	0
12480000000	0
12490000000	0
12500000000	0
12510000000	0
12520000000	0
12530000000	0
12540000000	0
12550000000	0
12560000000	0
12570000000	0
12580000000	0
12590000000	0
12600000000	0
12610000000	0
12620000000	0
12630000000	0
12640000000	0
12650000000	0
12660000000	0
12670000000	0
12680000000	0
12690000000	0
12700000000	0
12710000000	1
12720000000	0
12730000000	0
12740000000	0
12750000000	1
12760000000	0
12770000000	1
12780000000	3
12790000000	0
12800000000	3
12810000000	4
12820000000	3
12830000000	6
12840000000	4
12850000000	2
12860000000	1
12870000000	2
12880000000	1
12890000000	3
12900000000	2
12910000000	3
12920000000	1
12930000000	0
12940000000	2
12950000000	2
12960000000	3
12970000000	1
12980000000	3
12990000000	5
13000000000	1
13010000000	0
13020000000	1
13030000000	4
13040000000	1
13050000000	5
13060000000	5
13070000000	2
13080000000	2
13090000000	2
13100000000	1
13110000000	1
13120000000	4
13130000000	3
13140000000	4
13150000000	3
13160000000	2
13170000000	1
13180000000	5
13190000000	3
13200000000	4
13210000000	2
13220000000	2
13230000000	2
13240000000	1
13250000000	2
13260000000	3
13270000000	2
13280000000	2
13290000000	0
13300000000	0
13310000000	4
13320000000	1
13330000000	1
13340000000	2
13350000000	3
13360000000	1
13370000000	3
13380000000	3
13390000000	1
13400000000	3
13410000000	0
13420000000	4
13430000000	5
13440000000	1
13450000000	4
13460000000	1
13470000000	5
13480000000	1
13490000000	3
13500000000	4
13510000000	4
13520000000	0
13530000000	3
13540000000	2
13550000000	2
13560000000	1
13570000000	1
13580000000	4
13590000000	0
13600000000	3
13610000000	3
13620000000	5
13630000000	3
13640000000	1
13650000000	2
13660000000	3
13670000000	3
13680000000	0
13690000000	2
13700000000	4
13710000000	1
13720000000	2
13730000000	2
13740000000	4
13750000000	1
13760000000	1
13770000000	2
13780000000	2
13790000000	3
13800000000	0
13810000000	0
13820000000	0
13830000000	2
13840000000	0
13850000000	1
13860000000	0
13870000000	1
13880000000	0
13890000000	1
13900000000	1
13910000000	1
13920000000	0
13930000000	1
13940000000	2
13950000000	0
13960000000	0
13970000000	0
13980000000	0
13990000000	0
14000000000	0
14010000000	0
14020000000	0
14030000000	0
14040000000	0
14050000000	0
14060000000	0
14070000000	0
14080000000	0
14090000000	0
14100000000	1
14110000000	0
14120000000	1
14130000000	0
14140000000	0
14150000000	0
14160000000	0
14170000000	0
14180000000	0
14190000000	0
14200000000	0
14210000000	0
14220000000	0
14230000000	0
14240000000	0
14250000000	0
14260000000	0
14270000000	0
14280000000	0
14290000000	0
14300000000	1
14310000000	0
14320000000	0
14330000000	0
14340000000	0
14350000000	0
14360000000	0
14370000000	0
14380000000	0
14390000000	0
14400000000	0
14410000000	0
14420000000	0
14430000000	0
14440000000	0
14450000000	0
14460000000	1
14470000000	0
14480000000	0
14490000000	0
14500000000	0
14510000000	0
14520000000	0
14530000000	0
14540000000	0
14550000000	0
14560000000	0
14570000000	0
14580000000	0
14590000000	0
14600000000	0
14610000000	0
14620000000	0
14630000000	0
14640000000	0
14650000000	0
14660000000	0
14670000000	0
14680000000	0
14690000000	0
14700000000	0
14710000000	0
14720000000	0
14730000000	0
14740000000	0
14750000000	0
14760000000	1
14770000000	3
14780000000	3
14790000000	1
14800000000	0
14810000000	4
14820000000	4
14830000000	4
14840000000	2
14850000000	0
14860000000	0
14870000000	3
14880000000	4
14890000000	1
14900000000	1
14910000000	5
14920000000	2
14930000000	1
14940000000	2
14950000000	1
14960000000	3
14970000000	5
14980000000	0
14990000000	0
15000000000	2
15010000000	4
15020000000	5
15030000000	4
15040000000	3
15050000000	2
15060000000	3
15070000000	1
15080000000	1
15090000000	3
15100000000	2
15110000000	2
15120000000	1
15130000000	2
15140000000	3
15150000000	2
15160000000	3
15170000000	1
15180000000	1
15190000000	0
15200000000	5
15210000000	6
15220000000	0
15230000000	2
15240000000	4
15250000000	3
15260000000	1
15270000000	3
15280000000	5
15290000000	3
15300000000	1
15310000000	4
15320000000	3
15330000000	0
15340000000	0
15350000000	2
15360000000	2
15370000000	3
15380000000	1
15390000000	2
15400000000	2
15410000000	2
15420000000	2
15430000000	2
15440000000	0
15450000000	2
15460000000	3
15470000000	4
15480000000	1
15490000000	3
15500000000	4
15510000000	3
15520000000	4
15530000000	1
15540000000	4
15550000000	3
15560000000	3
15570000000	2
15580000000	4
15590000000	2
15600000000	3
15610000000	3
15620000000	3
15630000000	3
15640000000	6
15650000000	3
15660000000	1
15670000000	1
15680000000	6
15690000000	1
15700000000	6
15710000000	5
15720000000	2
15730000000	0
15740000000	2
15750000000	3
15760000000	2
15770000000	1
15780000000	4
15790000000	2
15800000000	1
15810000000	1
15820000000	0
15830000000	1
15840000000	2
15850000000	1
15860000000	0
15870000000	1
15880000000	1
15890000000	0
15900000000	0
15910000000	0
15920000000	1
15930000000	2
15940000000	0
15950000000	0
15960000000	0
15970000000	1
15980000000	0
15990000000	0
16000000000	0
16010000000	1
16020000000	0
16030000000	0
16040000000	0
16050000000	0
16060000000	0
16070000000	0
16080000000	0
16090000000	0
16100000000	0
16110000000	0
16120000000	0
16130000000	1
16140000000	0
16150000000	0
16160000000	0
16170000000	0
16180000000	0
16190000000	0
16200000000	0
16210000000	0
16220000000	0
16230000000	0
16240000000	0
16250000000	0
16260000000	0
16270000000	0
16280000000	0
16290000000	0
16300000000	0
16310000000	0
16320000000	1
16330000000	0
16340000000	0
16350000000	0
16360000000	0
16370000000	0
16380000000	0
16390000000	0
16400000000	0
16410000000	0
16420000000	0
16430000000	0
16440000000	0
16450000000	0
16460000000	0
16470000000	0
16480000000	0
16490000000	0
16500000000	0
16510000000	0
16520000000	0
16530000000	0
16540000000	0
16550000000	0
16560000000	0
16570000000	0
16580000000	0
16590000000	0
16600000000	0
16610000000	0
16620000000	0
16630000000	0
16640000000	0
16650000000	0
16660000000	0
16670000000	0
16680000000	0
16690000000	0
16700000000	0
16710000000	0
16720000000	0
16730000000	0
16740000000	0
16750000000	0
16760000000	1
16770000000	0
16780000000	2
16790000000	2
16800000000	1
16810000000	3
16820000000	4
16830000000	2
16840000000	2
16850000000	3
16860000000	4
16870000000	0
16880000000	3
16890000000	1
16900000000	1
16910000000	3
16920000000	1
16930000000	4
16940000000	2
16950000000	6
16960000000	3
16970000000	3
16980000000	1
16990000000	2
17000000000	4
17010000000	2
17020000000	1
17030000000	0
17040000000	1
17050000000	4
17060000000	5
17070000000	2
17080000000	1
17090000000	3
17100000000	3
17110000000	3
17120000000	2
17130000000	0
17140000000	2
17150000000	1
17160000000	3
17170000000	3
17180000000	0
17190000000	6
17200000000	2
17210000000	2
17220000000	4
17230000000	1
17240000000	0
17250000000	4
17260000000	3
17270000000	4
17280000000	4
17290000000	4
17300000000	4
17310000000	2
17320000000	1
17330000000	3
17340000000	3
17350000000	2
17360000000	4
17370000000	3
17380000000	3
17390000000	1
17400000000	4
17410000000	4
17420000000	2
17430000000	3
17440000000	2
17450000000	4
17460000000	1
17470000000	3
17480000000	1
17490000000	0
17500000000	3
17510000000	2
17520000000	2
17530000000	2
17540000000	7
17550000000	2
17560000000	3
17570000000	5
17580000000	4
17590000000	5
17600000000	2
17610000000	3
17620000000	5
17630000000	3
17640000000	5
17650000000	4
17660000000	4
17670000000	1
17680000000	3
17690000000	1
17700000000	2
17710000000	1
17720000000	1
17730000000	4
17740000000	0
17750000000	4
17760000000	0
17770000000	1
17780000000	0
17790000000	1
17800000000	3
17810000000	2
17820000000	0
17830000000	0
17840000000	2
17850000000	0
17860000000	3
17870000000	2
17880000000	0
17890000000	0
17900000000	1
17910000000	1
17920000000	0
17930000000	1
17940000000	0
17950000000	0
17960000000	0
17970000000	0
17980000000	0
17990000000	0
18000000000	1
18010000000	0
18020000000	0
18030000000	0
18040000000	1
18050000000	0
18060000000	0
18070000000	0
18080000000	0
18090000000	0
18100000000	0
18110000000	0
18120000000	0
18130000000	1
18140000000	0
18150000000	0
18160000000	0
18170000000	0
18180000000	0
18190000000	0
18200000000	0
18210000000	0
18220000000	0
18230000000	0
18240000000	0
18250000000	0
18260000000	0
18270000000	0
18280000000	0
18290000000	0
18300000000	0
18310000000	0
18320000000	0
18330000000	0
18340000000	0
18350000000	0
18360000000	0
18370000000	0
18380000000	0
18390000000	0
18400000000	0
18410000000	0
18420000000	0
18430000000	0
18440000000	0
18450000000	0
18460000000	0
18470000000	0
18480000000	0
18490000000	0
18500000000	0
18510000000	0
18520000000	0
18530000000	0
18540000000	0
18550000000	0
18560000000	0
18570000000	0
18580000000	0
18590000000	0
18600000000	0
18610000000	0
18620000000	0
18630000000	0
18640000000	0
18650000000	0
18660000000	0
18670000000	0
18680000000	0
18690000000	0
18700000000	0
18710000000	0
18720000000	0
18730000000	2
18740000000	1
18750000000	0
18760000000	5
18770000000	2
18780000000	2
18790000000	1
18800000000	2
18810000000	2
18820000000	2
18830000000	1
18840000000	3
18850000000	5
18860000000	4
18870000000	3
18880000000	3
18890000000	1
18900000000	0
18910000000	3
18920000000	4
18930000000	2
18940000000	3
18950000000	5
18960000000	4
18970000000	2
18980000000	2
18990000000	3
19000000000	2
19010000000	2
19020000000	1
19030000000	2
19040000000	1
19050000000	6
19060000000	2
19070000000	4
19080000000	2
19090000000	2
19100000000	2
19110000000	2
19120000000	3
19130000000	2
19140000000	2
19150000000	2
19160000000	5
19170000000	1
19180000000	2
19190000000	3
19200000000	5
19210000000	0
19220000000	3
19230000000	2
19240000000	5
19250000000	4
19260000000	4
19270000000	4
19280000000	4
19290000000	3
19300000000	4
19310000000	0
19320000000	2
19330000000	4
19340000000	5
19350000000	3
19360000000	0
19370000000	2
19380000000	0
19390000000	0
19400000000	0
19410000000	2
19420000000	3
19430000000	1
19440000000	2
19450000000	6
19460000000	6
19470000000	4
19480000000	2
19490000000	5
19500000000	1
19510000000	5
19520000000	3
19530000000	1
19540000000	0
19550000000	1
19560000000	3
19570000000	2
19580000000	0
19590000000	2
19600000000	6
19610000000	5
19620000000	1
19630000000	2
19640000000	3
19650000000	3
19660000000	1
19670000000	3
19680000000	2
19690000000	2
19700000000	3
19710000000	2
19720000000	10
19730000000	3
19740000000	6
19750000000	3
19760000000	1
19770000000	3
19780000000	2
19790000000	1
19800000000	2
19810000000	2
19820000000	0
19830000000	2
19840000000	1
19850000000	1
19860000000	0
19870000000	0
19880000000	0
19890000000	0
19900000000	1
19910000000	2
19920000000	0
19930000000	0
19940000000	0
19950000000	0
19960000000	0
19970000000	0
19980000000	1
19990000000	0
20000000000	0
20010000000	0
20020000000	0
20030000000	1
20040000000	0
20050000000	0
20060000000	0
20070000000	0
20080000000	0
20090000000	0
20100000000	0
20110000000	0
20120000000	0
20130000000	0
20140000000	0
20150000000	0
20160000000	0
20170000000	0
20180000000	0
20190000000	0
20200000000	1
20210000000	0
20220000000	0
20230000000	2
20240000000	0
20250000000	0
20260000000	0
20270000000	0
20280000000	0
20290000000	0
20300000000	0
20310000000	0
20320000000	0
20330000000	0
20340000000	0
20350000000	0
20360000000	0
20370000000	0
20380000000	0
20390000000	0
20400000000	0
20410000000	0
20420000000	0
20430000000	0
20440000000	0
20450000000	0
20460000000	0
20470000000	0
20480000000	0
20490000000	0
20500000000	0
20510000000	0
20520000000	0
20530000000	0
20540000000	0
20550000000	0
20560000000	0
20570000000	0
20580000000	0
20590000000	0
20600000000	0
20610000000	0
20620000000	0
20630000000	0
20640000000	0
20650000000	0
20660000000	0
20670000000	0
20680000000	0
20690000000	0
20700000000	0
20710000000	0
20720000000	0
20730000000	0
20740000000	0
20750000000	1
20760000000	1
20770000000	3
20780000000	3
20790000000	1
20800000000	3
20810000000	4
20820000000	2
20830000000	3
20840000000	1
20850000000	2
20860000000	3
20870000000	2
20880000000	2
20890000000	2
20900000000	4
20910000000	1
20920000000	3
20930000000	3
20940000000	2
20950000000	2
20960000000	2
20970000000	1
20980000000	0
20990000000	6
21000000000	3
21010000000	1
21020000000	2
21030000000	5
21040000000	1
21050000000	3
21060000000	2
21070000000	3
21080000000	3
21090000000	3
21100000000	4
21110000000	3
21120000000	1
21130000000	1
21140000000	3
21150000000	2
21160000000	1
21170000000	2
21180000000	4
21190000000	3
21200000000	2
21210000000	3
21220000000	2
21230000000	4
21240000000	4
21250000000	3
21260000000	2
21270000000	4
21280000000	2
21290000000	3
21300000000	5
21310000000	2
21320000000	2
21330000000	2
21340000000	0
21350000000	4
21360000000	4
21370000000	2
21380000000	1
21390000000	2
21400000000	3
21410000000	2
21420000000	0
21430000000	3
21440000000	3
21450000000	2
21460000000	2
21470000000	2
21480000000	2
21490000000	4
21500000000	4
21510000000	2
21520000000	3
21530000000	2
21540000000	2
21550000000	6
21560000000	1
21570000000	1
21580000000	5
21590000000	4
21600000000	2
21610000000	3
21620000000	3
21630000000	2
21640000000	5
21650000000	2
21660000000	6
21670000000	5
21680000000	3
21690000000	5
21700000000	3
21710000000	6
21720000000	5
21730000000	8
21740000000	3
21750000000	1
21760000000	3
21770000000	2
21780000000	0
21790000000	0
21800000000	1
21810000000	1
21820000000	0
21830000000	2
21840000000	0
21850000000	0
21860000000	0
21870000000	0
21880000000	2
21890000000	2
21900000000	1
21910000000	2
21920000000	0
21930000000	1
21940000000	0
21950000000	0
21960000000	2
21970000000	0
21980000000	3
21990000000	0
22000000000	0
22010000000	0
22020000000	0
22030000000	0
22040000000	0
22050000000	0
22060000000	0
22070000000	0
22080000000	1
22090000000	0
22100000000	0
22110000000	0
22120000000	0
22130000000	0
22140000000	1
22150000000	0
22160000000	3
22170000000	0
22180000000	0
22190000000	0
22200000000	0
22210000000	0
22220000000	1
22230000000	0
22240000000	1
22250000000	0
22260000000	0
22270000000	0
22280000000	0
22290000000	0
22300000000	0
22310000000	0
22320000000	0
22330000000	0
22340000000	0
22350000000	0
22360000000	0
22370000000	0
22380000000	0
22390000000	0
22400000000	0
22410000000	0
22420000000	0
22430000000	0
22440000000	0
22450000000	0
22460000000	0
22470000000	0
22480000000	0
22490000000	0
22500000000	0
22510000000	0
22520000000	0
22530000000	0
22540000000	0
22550000000	0
22560000000	0
22570000000	0
22580000000	0
22590000000	0
22600000000	0
22610000000	0
22620000000	1
22630000000	0
22640000000	0
22650000000	0
22660000000	0
22670000000	0
22680000000	0
22690000000	0
22700000000	0
22710000000	0
22720000000	0
22730000000	0
22740000000	0
22750000000	1
22760000000	5
22770000000	0
22780000000	2
22790000000	5
22800000000	2
22810000000	5
22820000000	6
22830000000	0
22840000000	3
22850000000	6
22860000000	3
22870000000	4
22880000000	3
22890000000	1
22900000000	3
22910000000	4
22920000000	2
22930000000	4
22940000000	1
22950000000	2
22960000000	1
22970000000	1
22980000000	2
22990000000	2
23000000000	3
23010000000	3
23020000000	2
23030000000	2
23040000000	3
23050000000	3
23060000000	4
23070000000	2
23080000000	1
23090000000	0
23100000000	4
23110000000	0
23120000000	5
23130000000	5
23140000000	4
23150000000	4
23160000000	7
23170000000	4
23180000000	4
23190000000	5
23200000000	0
23210000000	4
23220000000	3
23230000000	1
23240000000	2
23250000000	6
23260000000	5
23270000000	2
23280000000	3
23290000000	3
23300000000	1
23310000000	5
23320000000	3
23330000000	4
23340000000	5
23350000000	2
23360000000	4
23370000000	2
23380000000	4
23390000000	4
23400000000	0
23410000000	2
23420000000	1
23430000000	5
23440000000	0
23450000000	0
23460000000	1
23470000000	6
23480000000	2
23490000000	2
23500000000	2
23510000000	1
23520000000	3
23530000000	2
23540000000	2
23550000000	2
23560000000	1
23570000000	2
23580000000	3
23590000000	4
23600000000	2
23610000000	4
23620000000	1
23630000000	4
23640000000	3
23650000000	3
23660000000	5
23670000000	2
23680000000	1
23690000000	3
23700000000	3
23710000000	2
23720000000	4
23730000000	2
23740000000	1
23750000000	2
23760000000	2
23770000000	0
23780000000	0
23790000000	2
23800000000	3
23810000000	1
23820000000	4
23830000000	2
23840000000	0
23850000000	1
23860000000	0
23870000000	0
23880000000	2
23890000000	3
23900000000	1
23910000000	0
23920000000	1
23930000000	0
23940000000	0
23950000000	0
23960000000	0
23970000000	0
23980000000	0
23990000000	0
24000000000	0
24010000000	0
24020000000	0
24030000000	0
24040000000	0
24050000000	1
24060000000	0
24070000000	0
24080000000	0
24090000000	1
24100000000	0
24110000000	0
24120000000	0
24130000000	0
24140000000	0
24150000000	0
24160000000	0
24170000000	0
24180000000	0
24190000000	0
24200000000	0
24210000000	0
24220000000	0
24230000000	0
24240000000	0
24250000000	0
24260000000	0
24270000000	0
24280000000	0
24290000000	0
24300000000	0
24310000000	0
24320000000	0
24330000000	0
24340000000	0
24350000000	0
24360000000	0
24370000000	0
24380000000	0
24390000000	0
24400000000	0
24410000000	0
24420000000	0
24430000000	0
24440000000	0
24450000000	0
24460000000	0
24470000000	0
24480000000	0
24490000000	0
24500000000	0
24510000000	0
24520000000	0
24530000000	0
24540000000	0
24550000000	0
24560000000	0
24570000000	0
24580000000	0
24590000000	0
24600000000	0
24610000000	0
24620000000	0
24630000000	0
24640000000	0
24650000000	0
24660000000	0
24670000000	0
24680000000	0
24690000000	0
24700000000	0
24710000000	0
24720000000	0
24730000000	0
24740000000	0
24750000000	0
24760000000	0
24770000000	0
24780000000	1
24790000000	1
24800000000	0
24810000000	0
24820000000	5
24830000000	6
24840000000	3
24850000000	2
24860000000	2
24870000000	4
24880000000	0
24890000000	2
24900000000	4
24910000000	2
24920000000	8
24930000000	4
24940000000	2
24950000000	3
24960000000	0
24970000000	0
24980000000	1
24990000000	3
25000000000	4
25010000000	1
25020000000	2
25030000000	1
25040000000	2
25050000000	5
25060000000	3
25070000000	3
25080000000	4
25090000000	1
25100000000	4
25110000000	2
25120000000	5
25130000000	6
25140000000	4
25150000000	1
25160000000	1
25170000000	5
25180000000	2
25190000000	2
25200000000	4
25210000000	2
25220000000	4
25230000000	3
25240000000	1
25250000000	3
25260000000	0
25270000000	5
25280000000	2
25290000000	2
25300000000	3
25310000000	2
25320000000	6
25330000000	3
25340000000	4
25350000000	1
25360000000	8
25370000000	4
25380000000	3
25390000000	2
25400000000	0
25410000000	2
25420000000	3
25430000000	3
25440000000	3
25450000000	3
25460000000	2
25470000000	2
25480000000	5
25490000000	0
25500000000	2
25510000000	2
25520000000	3
25530000000	4
25540000000	2
25550000000	1
25560000000	7
25570000000	2
25580000000	4
25590000000	3
25600000000	5
25610000000	3
25620000000	2
25630000000	3
25640000000	1
25650000000	3
25660000000	0
25670000000	2
25680000000	3
25690000000	2
25700000000	8
25710000000	0
25720000000	3
25730000000	2
25740000000	1
25750000000	3
25760000000	1
25770000000	1
25780000000	2
25790000000	2
25800000000	1
25810000000	1
25820000000	2
25830000000	0
25840000000	0
25850000000	0
25860000000	0
25870000000	2
25880000000	1
25890000000	2
25900000000	1
25910000000	0
25920000000	0
25930000000	0
25940000000	1
25950000000	0
25960000000	0
25970000000	0
25980000000	1
25990000000	1
26000000000	1
26010000000	1
26020000000	0
26030000000	0
26040000000	1
26050000000	1
26060000000	0
26070000000	0
26080000000	0
26090000000	0
26100000000	0
26110000000	0
26120000000	0
26130000000	0
26140000000	0
26150000000	0
26160000000	1
26170000000	0
26180000000	0
26190000000	0
26200000000	0
26210000000	0
26220000000	0
26230000000	0
26240000000	0
26250000000	1
26260000000	0
26270000000	0
26280000000	0
26290000000	0
26300000000	0
26310000000	0
26320000000	0
26330000000	0
26340000000	0
26350000000	0
26360000000	0
26370000000	0
26380000000	0
26390000000	0
26400000000	0
26410000000	0
26420000000	0
26430000000	0
26440000000	0
26450000000	0
26460000000	0
26470000000	0
26480000000	0
26490000000	0
26500000000	0
26510000000	0
26520000000	0
26530000000	0
26540000000	0
26550000000	0
26560000000	0
26570000000	0
26580000000	0
26590000000	0
26600000000	0
26610000000	0
26620000000	0
26630000000	0
26640000000	0
26650000000	0
26660000000	0
26670000000	0
26680000000	0
26690000000	0
26700000000	0
26710000000	0
26720000000	0
26730000000	0
26740000000	0
26750000000	1
26760000000	1
26770000000	1
26780000000	1
26790000000	4
26800000000	4
26810000000	4
26820000000	5
26830000000	1
26840000000	3
26850000000	2
26860000000	1
26870000000	0
26880000000	0
26890000000	2
26900000000	3
26910000000	3
26920000000	3
26930000000	5
26940000000	1
26950000000	1
26960000000	3
26970000000	0
26980000000	3
26990000000	3
27000000000	5
27010000000	4
27020000000	6
27030000000	3
27040000000	3
27050000000	0
27060000000	3
27070000000	2
27080000000	3
27090000000	5
27100000000	5
27110000000	4
27120000000	7
27130000000	5
27140000000	2
27150000000	4
27160000000	1
27170000000	2
27180000000	2
27190000000	3
27200000000	3
27210000000	4
27220000000	2
27230000000	2
27240000000	2
27250000000	1
27260000000	3
27270000000	4
27280000000	3
27290000000	5
27300000000	2
27310000000	4
27320000000	3
27330000000	2
27340000000	3
27350000000	2
27360000000	1
27370000000	3
27380000000	3
27390000000	1
27400000000	1
27410000000	3
27420000000	3
27430000000	2
27440000000	1
27450000000	2
27460000000	6
27470000000	5
27480000000	2
27490000000	4
27500000000	1
27510000000	2
27520000000	1
27530000000	3
27540000000	5
27550000000	4
27560000000	2
27570000000	3
27580000000	0
27590000000	1
27600000000	1
27610000000	2
27620000000	1
27630000000	8
27640000000	0
27650000000	2
27660000000	1
27670000000	2
27680000000	1
27690000000	3
27700000000	1
27710000000	4
27720000000	5
27730000000	0
27740000000	3
27750000000	2
27760000000	1
27770000000	0
27780000000	2
27790000000	1
27800000000	1
27810000000	2
27820000000	0
27830000000	1
27840000000	0
27850000000	0
27860000000	0
27870000000	1
27880000000	0
27890000000	0
27900000000	1
27910000000	2
27920000000	1
27930000000	0
27940000000	0
27950000000	0
27960000000	0
27970000000	1
27980000000	1
27990000000	0
28000000000	0
28010000000	1
28020000000	0
28030000000	0
28040000000	0
28050000000	0
28060000000	0
28070000000	0
28080000000	0
28090000000	0
28100000000	0
28110000000	0
28120000000	0
28130000000	0
28140000000	0
28150000000	0
28160000000	0
28170000000	0
28180000000	0
28190000000	0
28200000000	0
28210000000	0
28220000000	0
28230000000	0
28240000000	1
28250000000	0
28260000000	0
28270000000	0
28280000000	0
28290000000	0
28300000000	0
28310000000	0
28320000000	0
28330000000	0
28340000000	0
28350000000	0
28360000000	0
28370000000	0
28380000000	0
28390000000	0
28400000000	0
28410000000	0
28420000000	0
28430000000	0
28440000000	0
28450000000	0
28460000000	0
28470000000	0
28480000000	0
28490000000	0
28500000000	0
28510000000	0
28520000000	0
28530000000	0
28540000000	0
28550000000	0
28560000000	0
28570000000	0
28580000000	0
28590000000	0
28600000000	0
28610000000	0
28620000000	0
28630000000	0
28640000000	0
28650000000	0
28660000000	0
28670000000	0
28680000000	0
28690000000	0
28700000000	0
28710000000	0
28720000000	0
28730000000	0
28740000000	0
28750000000	0
28760000000	0
28770000000	1
28780000000	0
28790000000	0
28800000000	1
28810000000	1
28820000000	2
28830000000	6
28840000000	1
28850000000	1
28860000000	1
28870000000	0
28880000000	2
28890000000	2
28900000000	3
28910000000	1
28920000000	4
28930000000	0
28940000000	3
28950000000	2
28960000000	1
28970000000	3
28980000000	6
28990000000	3
29000000000	2
29010000000	0
29020000000	4
29030000000	5
29040000000	2
29050000000	6
29060000000	0
29070000000	2
29080000000	2
29090000000	3
29100000000	1
29110000000	3
29120000000	1
29130000000	2
29140000000	3
29150000000	4
29160000000	1
29170000000	3
29180000000	1
29190000000	1
29200000000	3
29210000000	4
29220000000	3
29230000000	2
29240000000	1
29250000000	3
29260000000	3
29270000000	1
29280000000	1
29290000000	4
29300000000	4
29310000000	3
29320000000	0
29330000000	4
29340000000	5
29350000000	5
29360000000	1
29370000000	2
29380000000	3
29390000000	3
29400000000	4
29410000000	1
29420000000	3
29430000000	2
29440000000	4
29450000000	6
29460000000	3
29470000000	5
29480000000	4
29490000000	1
29500000000	1
29510000000	5
29520000000	2
29530000000	1
29540000000	2
29550000000	4
29560000000	0
29570000000	5
29580000000	2
29590000000	8
29600000000	3
29610000000	2
29620000000	4
29630000000	3
29640000000	2
29650000000	3
29660000000	0
29670000000	12
29680000000	2
29690000000	2
29700000000	1
29710000000	5
29720000000	2
29730000000	4
29740000000	4
29750000000	2
29760000000	0
29770000000	2
29780000000	0
29790000000	1
29800000000	1
29810000000	2
29820000000	2
29830000000	1
29840000000	1
29850000000	0
29860000000	0
29870000000	1
29880000000	0
29890000000	1
29900000000	0
29910000000	1
29920000000	0
29930000000	1
29940000000	1
29950000000	2
29960000000	0
29970000000	0
29980000000	0
29990000000	0
30000000000	0
30010000000	0
30020000000	0
30030000000	0
30040000000	0
30050000000	0
30060000000	0
30070000000	0
30080000000	0
30090000000	0
30100000000	0
30110000000	0
30120000000	0
30130000000	0
30140000000	0
30150000000	0
30160000000	0
30170000000	0
30180000000	0
30190000000	0
30200000000	0
30210000000	0
30220000000	0
30230000000	0
30240000000	0
30250000000	0
30260000000	0
30270000000	0
30280000000	0
30290000000	0
30300000000	1
30310000000	0
30320000000	0
30330000000	0
30340000000	0
30350000000	0
30360000000	0
30370000000	0
30380000000	0
30390000000	0
30400000000	0
30410000000	0
30420000000	0
30430000000	0
30440000000	0
30450000000	0
30460000000	0
30470000000	0
30480000000	0
30490000000	0
30500000000	0
30510000000	0
30520000000	0
30530000000	0
30540000000	0
30550000000	0
30560000000	0
30570000000	0
30580000000	0
30590000000	0
30600000000	0
30610000000	0
30620000000	0
30630000000	0
30640000000	0
30650000000	0
30660000000	0
30670000000	0
30680000000	0
30690000000	0
30700000000	0
30710000000	0
30720000000	0
30730000000	0
30740000000	0
30750000000	1
30760000000	0
30770000000	2
30780000000	4
30790000000	2
30800000000	3
30810000000	3
30820000000	3
30830000000	3
30840000000	1
30850000000	1
30860000000	2
30870000000	5
30880000000	3
30890000000	3
30900000000	3
30910000000	1
30920000000	2
30930000000	2
30940000000	3
30950000000	6
30960000000	1
30970000000	2
30980000000	5
30990000000	2
31000000000	1
31010000000	3
31020000000	1
31030000000	3
31040000000	6
31050000000	2
31060000000	2
31070000000	4
31080000000	1
31090000000	4
31100000000	2
31110000000	5
31120000000	2
31130000000	6
31140000000	3
31150000000	1
31160000000	3
31170000000	3
31180000000	4
31190000000	1
31200000000	7
31210000000	3
31220000000	5
31230000000	1
31240000000	3
31250000000	2
31260000000	3
31270000000	1
31280000000	2
31290000000	5
31300000000	1
31310000000	2
31320000000	2
31330000000	1
31340000000	2
31350000000	1
31360000000	4
31370000000	2
31380000000	3
31390000000	2
31400000000	2
31410000000	1
31420000000	3
31430000000	1
31440000000	3
31450000000	6
31460000000	3
31470000000	3
31480000000	5
31490000000	3
31500000000	4
31510000000	1
31520000000	0
31530000000	2
31540000000	2
31550000000	1
31560000000	2
31570000000	1
31580000000	1
31590000000	2
31600000000	1
31610000000	4
31620000000	1
31630000000	2
31640000000	1
31650000000	2
31660000000	2
31670000000	4
31680000000	4
31690000000	1
31700000000	1
31710000000	5
31720000000	3
31730000000	3
31740000000	5
31750000000	3
31760000000	2
31770000000	3
31780000000	0
31790000000	2
31800000000	1
31810000000	1
31820000000	0
31830000000	0
31840000000	1
31850000000	0
31860000000	1
31870000000	2
31880000000	0
31890000000	1
31900000000	0
31910000000	0
31920000000	0
31930000000	0
31940000000	1
31950000000	1
31960000000	1
31970000000	0
31980000000	1
31990000000	0
32000000000	0
32010000000	1
32020000000	0
32030000000	0
32040000000	0
32050000000	0
32060000000	0
32070000000	0
32080000000	0
32090000000	0
32100000000	1
32110000000	0
32120000000	0
32130000000	0
32140000000	0
32150000000	0
32160000000	0
32170000000	0
32180000000	0
32190000000	0
32200000000	0
32210000000	0
32220000000	0
32230000000	0
32240000000	1
32250000000	0
32260000000	1
32270000000	0
32280000000	0
32290000000	0
32300000000	0
32310000000	0
32320000000	0
32330000000	0
32340000000	0
32350000000	0
32360000000	0
32370000000	0
32380000000	0
32390000000	0
32400000000	0
32410000000	0
32420000000	0
32430000000	0
32440000000	0
32450000000	0
32460000000	0
32470000000	0
32480000000	0
32490000000	0
32500000000	0
32510000000	0
32520000000	0
32530000000	0
32540000000	0
32550000000	0
32560000000	0
32570000000	0
32580000000	0
32590000000	0
32600000000	0
32610000000	0
32620000000	0
32630000000	0
32640000000	0
32650000000	0
32660000000	0
32670000000	0
32680000000	0
32690000000	0
32700000000	0
32710000000	0
32720000000	0
32730000000	0
32740000000	0
32750000000	1
32760000000	2
32770000000	0
32780000000	1
32790000000	0
32800000000	2
32810000000	2
32820000000	1
32830000000	1
32840000000	2
32850000000	3
32860000000	1
32870000000	2
32880000000	5
32890000000	3
32900000000	3
32910000000	1
32920000000	1
32930000000	0
32940000000	3
32950000000	1
32960000000	6
32970000000	3
32980000000	8
32990000000	3
33000000000	2
33010000000	0
33020000000	4
33030000000	3
33040000000	2
33050000000	1
33060000000	2
33070000000	3
33080000000	1
33090000000	6
33100000000	1
33110000000	3
33120000000	1
33130000000	3
33140000000	3
33150000000	7
33160000000	3
33170000000	3
33180000000	2
33190000000	2
33200000000	3
33210000000	3
33220000000	1
33230000000	4
33240000000	0
33250000000	2
33260000000	4
33270000000	1
33280000000	1
33290000000	4
33300000000	5
33310000000	1
33320000000	1
33330000000	2
33340000000	2
33350000000	1
33360000000	2
33370000000	4
33380000000	3
33390000000	3
33400000000	3
33410000000	1
33420000000	1
33430000000	2
33440000000	2
33450000000	5
33460000000	4
33470000000	1
33480000000	0
33490000000	3
33500000000	0
33510000000	3
33520000000	2
33530000000	3
33540000000	1
33550000000	3
33560000000	2
33570000000	3
33580000000	2
33590000000	2
33600000000	7
33610000000	3
33620000000	3
33630000000	2
33640000000	2
33650000000	2
33660000000	4
33670000000	1
33680000000	1
33690000000	1
33700000000	4
33710000000	5
33720000000	3
33730000000	3
33740000000	2
33750000000	3
33760000000	3
33770000000	0
33780000000	1
33790000000	1
33800000000	4
33810000000	2
33820000000	2
33830000000	0
33840000000	3
33850000000	0
33860000000	0
33870000000	0
33880000000	2
33890000000	0
33900000000	0
33910000000	0
33920000000	0
33930000000	0
33940000000	0
33950000000	0
33960000000	0
33970000000	0
33980000000	0
33990000000	0
34000000000	1
34010000000	0
34020000000	0
34030000000	0
34040000000	0
34050000000	0
34060000000	0
34070000000	0
34080000000	0
34090000000	0
34100000000	1
34110000000	0
34120000000	0
34130000000	0
34140000000	0
34150000000	0
34160000000	0
34170000000	0
34180000000	0
34190000000	0
34200000000	0
34210000000	0
34220000000	0
34230000000	0
34240000000	0
34250000000	0
34260000000	0
34270000000	0
34280000000	0
34290000000	0
34300000000	0
34310000000	0
34320000000	0
34330000000	0
34340000000	0
34350000000	0
34360000000	0
34370000000	0
34380000000	0
34390000000	0
34400000000	0
34410000000	0
34420000000	0
34430000000	0
34440000000	0
34450000000	0
34460000000	0
34470000000	0
34480000000	0
34490000000	0
34500000000	0
34510000000	0
34520000000	0
34530000000	0
34540000000	0
34550000000	0
34560000000	0
34570000000	0
34580000000	0
34590000000	0
34600000000	0
34610000000	1
34620000000	0
34630000000	0
34640000000	0
34650000000	0
34660000000	0
34670000000	0
34680000000	0
34690000000	0
34700000000	0
34710000000	0
34720000000	0
34730000000	0
34740000000	0
34750000000	1
34760000000	0
34770000000	2
34780000000	2
34790000000	3
34800000000	2
34810000000	1
34820000000	1
34830000000	2
34840000000	3
34850000000	1
34860000000	3
34870000000	2
34880000000	3
34890000000	3
34900000000	4
34910000000	3
34920000000	3
34930000000	2
34940000000	3
34950000000	1
34960000000	6
34970000000	2
34980000000	2
34990000000	4
35000000000	2
35010000000	3
35020000000	2
35030000000	0
35040000000	4
35050000000	1
35060000000	3
35070000000	1
35080000000	1
35090000000	1
35100000000	10
35110000000	1
35120000000	6
35130000000	2
35140000000	1
35150000000	2
35160000000	1
35170000000	2
35180000000	1
35190000000	4
35200000000	1
35210000000	2
35220000000	2
35230000000	2
35240000000	0
35250000000	1
35260000000	2
35270000000	3
35280000000	5
35290000000	4
35300000000	0
35310000000	7
35320000000	2
35330000000	5
35340000000	3
35350000000	0
35360000000	1
35370000000	1
35380000000	2
35390000000	4
35400000000	2
35410000000	4
35420000000	5
35430000000	1
35440000000	4
35450000000	0
35460000000	2
35470000000	2
35480000000	1
35490000000	3
35500000000	3
35510000000	5
35520000000	3
35530000000	2
35540000000	2
35550000000	3
35560000000	4
35570000000	1
35580000000	1
35590000000	1
35600000000	1
35610000000	3
35620000000	4
35630000000	3
35640000000	6
35650000000	3
35660000000	1
35670000000	3
35680000000	2
35690000000	1
35700000000	1
35710000000	2
35720000000	1
35730000000	6
35740000000	4
35750000000	6
35760000000	1
35770000000	2
35780000000	1
35790000000	2
35800000000	2
35810000000	0
35820000000	1
35830000000	0
35840000000	1
35850000000	0
35860000000	0
35870000000	0
35880000000	0
35890000000	1
35900000000	0
35910000000	0
35920000000	1
35930000000	0
35940000000	0
35950000000	1
35960000000	1
35970000000	0
35980000000	0
35990000000	1
36000000000	2
36010000000	0
36020000000	0
36030000000	0
36040000000	0
36050000000	0
36060000000	0
36070000000	1
36080000000	0
36090000000	0
36100000000	0
36110000000	0
36120000000	0
36130000000	0
36140000000	0
36150000000	0
36160000000	1
36170000000	0
36180000000	0
36190000000	0
36200000000	0
36210000000	0
36220000000	0
36230000000	0
36240000000	0
36250000000	0
36260000000	0
36270000000	0
36280000000	0
36290000000	1
36300000000	0
36310000000	0
36320000000	0
36330000000	0
36340000000	0
36350000000	0
36360000000	0
36370000000	0
36380000000	0
36390000000	0
36400000000	0
36410000000	0
36420000000	1
36430000000	0
36440000000	0
36450000000	0
36460000000	0
36470000000	0
36480000000	0
36490000000	0
36500000000	0
36510000000	0
36520000000	0
36530000000	0
36540000000	0
36550000000	0
36560000000	0
36570000000	0
36580000000	0
36590000000	0
36600000000	0
36610000000	0
36620000000	0
36630000000	0
36640000000	0
36650000000	0
36660000000	0
36670000000	0
36680000000	0
36690000000	0
36700000000	0
36710000000	0
36720000000	0
36730000000	0
36740000000	0
36750000000	0
36760000000	4
36770000000	1
36780000000	1
36790000000	3
36800000000	0
36810000000	1
36820000000	1
36830000000	1
36840000000	1
36850000000	4
36860000000	2
36870000000	1
36880000000	3
36890000000	0
36900000000	2
36910000000	4
36920000000	3
36930000000	6
36940000000	1
36950000000	4
36960000000	2
36970000000	3
36980000000	1
36990000000	4
37000000000	2
37010000000	3
37020000000	1
37030000000	5
37040000000	4
37050000000	6
37060000000	5
37070000000	3
37080000000	3
37090000000	2
37100000000	3
37110000000	0
37120000000	2
37130000000	2
37140000000	3
37150000000	2
37160000000	2
37170000000	2
37180000000	1
37190000000	3
37200000000	2
37210000000	2
37220000000	2
37230000000	1
37240000000	4
37250000000	2
37260000000	1
37270000000	1
37280000000	2
37290000000	5
37300000000	0
37310000000	0
37320000000	2
37330000000	4
37340000000	3
37350000000	0
37360000000	4
37370000000	1
37380000000	0
37390000000	5
37400000000	2
37410000000	3
37420000000	3
37430000000	5
37440000000	1
37450000000	3
37460000000	3
37470000000	0
37480000000	1
37490000000	1
37500000000	2
37510000000	3
37520000000	1
37530000000	3
37540000000	5
37550000000	0
37560000000	3
37570000000	1
37580000000	3
37590000000	4
37600000000	1
37610000000	0
37620000000	1
37630000000	1
37640000000	1
37650000000	2
37660000000	1
37670000000	1
37680000000	2
37690000000	1
37700000000	3
37710000000	0
37720000000	1
37730000000	3
37740000000	4
37750000000	2
37760000000	3
37770000000	1
37780000000	1
37790000000	6
37800000000	2
37810000000	0
37820000000	0
37830000000	1
37840000000	1
37850000000	0
37860000000	1
37870000000	0
37880000000	0
37890000000	1
37900000000	0
37910000000	1
37920000000	0
37930000000	0
37940000000	0
37950000000	0
37960000000	1
37970000000	0
37980000000	0
37990000000	1
38000000000	0
38010000000	1
38020000000	0
38030000000	1
38040000000	0
38050000000	0
38060000000	0
38070000000	1
38080000000	0
38090000000	0
38100000000	0
38110000000	0
38120000000	0
38130000000	0
38140000000	0
38150000000	0
38160000000	0
38170000000	0
38180000000	0
38190000000	0
38200000000	0
38210000000	0
38220000000	0
38230000000	0
38240000000	0
38250000000	0
38260000000	0
38270000000	0
38280000000	0
38290000000	0
38300000000	0
38310000000	0
38320000000	0
38330000000	1
38340000000	0
38350000000	0
38360000000	0
38370000000	0
38380000000	0
38390000000	0
38400000000	0
38410000000	0
38420000000	0
38430000000	0
38440000000	0
38450000000	0
38460000000	0
38470000000	0
38480000000	0
38490000000	0
38500000000	0
38510000000	0
38520000000	0
38530000000	0
38540000000	1
38550000000	0
38560000000	0
38570000000	0
38580000000	0
38590000000	0
38600000000	0
38610000000	0
38620000000	0
38630000000	0
38640000000	0
38650000000	0
38660000000	0
38670000000	1
38680000000	0
38690000000	0
38700000000	0
38710000000	0
38720000000	0
38730000000	0
38740000000	0
38750000000	1
38760000000	0
38770000000	2
38780000000	4
38790000000	1
38800000000	3
38810000000	2
38820000000	1
38830000000	2
38840000000	3
38850000000	2
38860000000	3
38870000000	2
38880000000	1
38890000000	1
38900000000	2
38910000000	2
38920000000	3
38930000000	6
38940000000	0
38950000000	4
38960000000	0
38970000000	1
38980000000	3
38990000000	3
39000000000	1
39010000000	2
39020000000	3
39030000000	3
39040000000	4
39050000000	3
39060000000	2
39070000000	0
39080000000	2
39090000000	4
39100000000	2
39110000000	1
39120000000	2
39130000000	4
39140000000	3
39150000000	1
39160000000	1
39170000000	4
39180000000	8
39190000000	0
39200000000	2
39210000000	4
39220000000	2
39230000000	7
39240000000	3
39250000000	3
39260000000	3
39270000000	3
39280000000	1
39290000000	5
39300000000	2
39310000000	2
39320000000	2
39330000000	0
39340000000	3
39350000000	1
39360000000	2
39370000000	1
39380000000	2
39390000000	2
39400000000	1
39410000000	2
39420000000	3
39430000000	1
39440000000	2
39450000000	0
39460000000	4
39470000000	3
39480000000	6
39490000000	0
39500000000	3
39510000000	3
39520000000	0
39530000000	2
39540000000	2
39550000000	2
39560000000	1
39570000000	2
39580000000	2
39590000000	1
39600000000	2
39610000000	3
39620000000	3
39630000000	2
39640000000	4
39650000000	3
39660000000	6
39670000000	2
39680000000	4
39690000000	2
39700000000	0
39710000000	6
39720000000	3
39730000000	5
39740000000	3
39750000000	3
39760000000	4
39770000000	0
39780000000	4
39790000000	2
39800000000	0
39810000000	1
39820000000	2
39830000000	1
39840000000	2
39850000000	0
39860000000	0
39870000000	0
39880000000	1
39890000000	0
39900000000	0
39910000000	0
39920000000	0
39930000000	0
39940000000	0
39950000000	1
39960000000	1
39970000000	0
39980000000	0
39990000000	0
40000000000	0
40010000000	1
40020000000	0
40030000000	0
40040000000	0
40050000000	0
40060000000	0
40070000000	0
40080000000	1
40090000000	0
40100000000	0
40110000000	0
40120000000	0
40130000000	0
40140000000	0
40150000000	0
40160000000	0
40170000000	1
40180000000	1
40190000000	0
40200000000	0
40210000000	0
40220000000	0
40230000000	0
40240000000	0
40250000000	0
40260000000	0
40270000000	0
40280000000	0
40290000000	0
40300000000	0
40310000000	1
40320000000	0
40330000000	0
40340000000	0
40350000000	0
40360000000	0
40370000000	0
40380000000	0
40390000000	0
40400000000	0
40410000000	0
40420000000	0
40430000000	0
40440000000	0
40450000000	0
40460000000	1
40470000000	0
40480000000	0
40490000000	0
40500000000	0
40510000000	0
40520000000	0
40530000000	0
40540000000	0
40550000000	0
40560000000	0
40570000000	0
40580000000	0
40590000000	0
40600000000	0
40610000000	0
40620000000	0
40630000000	0
40640000000	0
40650000000	1
40660000000	0
40670000000	0
40680000000	0
40690000000	0
40700000000	0
40710000000	0
40720000000	0
40730000000	0
40740000000	0
40750000000	0
40760000000	2
40770000000	1
40780000000	5
40790000000	2
40800000000	3
40810000000	3
40820000000	3
40830000000	4
40840000000	2
40850000000	3
40860000000	4
40870000000	5
40880000000	2
40890000000	3
40900000000	3
40910000000	3
40920000000	0
40930000000	3
40940000000	5
40950000000	3
40960000000	2
40970000000	4
40980000000	0
40990000000	0
41000000000	2
41010000000	2
41020000000	1
41030000000	3
41040000000	4
41050000000	4
41060000000	2
41070000000	2
41080000000	1
41090000000	4
41100000000	6
41110000000	4
41120000000	2
41130000000	3
41140000000	6
41150000000	2
41160000000	3
41170000000	0
41180000000	4
41190000000	3
41200000000	4
41210000000	4
41220000000	5
41230000000	2
41240000000	2
41250000000	2
41260000000	0
41270000000	3
41280000000	2
41290000000	3
41300000000	2
41310000000	1
41320000000	2
41330000000	7
41340000000	0
41350000000	2
41360000000	2
41370000000	6
41380000000	4
41390000000	0
41400000000	3
41410000000	4
41420000000	2
41430000000	1
41440000000	3
41450000000	1
41460000000	4
41470000000	4
41480000000	4
41490000000	6
41500000000	2
41510000000	4
41520000000	4
41530000000	1
41540000000	2
41550000000	4
41560000000	4
41570000000	2
41580000000	1
41590000000	4
41600000000	5
41610000000	1
41620000000	2
41630000000	5
41640000000	0
41650000000	2
41660000000	2
41670000000	1
41680000000	5
41690000000	2
41700000000	3
41710000000	4
41720000000	2
41730000000	2
41740000000	5
41750000000	2
41760000000	2
41770000000	1
41780000000	3
41790000000	2
41800000000	1
41810000000	0
41820000000	2
41830000000	0
41840000000	0
41850000000	0
41860000000	1
41870000000	0
41880000000	0
41890000000	0
41900000000	0
41910000000	0
41920000000	0
41930000000	1
41940000000	0
41950000000	0
41960000000	0
41970000000	0
41980000000	0
41990000000	0
42000000000	0
42010000000	1
42020000000	0
42030000000	0
42040000000	0
42050000000	0
42060000000	0
42070000000	0
42080000000	0
42090000000	0
42100000000	0
42110000000	0
42120000000	0
42130000000	0
42140000000	0
42150000000	0
42160000000	0
42170000000	0
42180000000	0
42190000000	0
42200000000	0
42210000000	0
42220000000	0
42230000000	0
42240000000	0
42250000000	0
42260000000	0
42270000000	0
42280000000	1
42290000000	0
42300000000	1
42310000000	0
42320000000	0
42330000000	0
42340000000	0
42350000000	0
42360000000	0
42370000000	0
42380000000	0
42390000000	0
42400000000	0
42410000000	1
42420000000	0
42430000000	0
42440000000	0
42450000000	0
42460000000	0
42470000000	0
42480000000	0
42490000000	0
42500000000	0
42510000000	0
42520000000	0
42530000000	0
42540000000	0
42550000000	0
42560000000	0
42570000000	0
42580000000	0
42590000000	0
42600000000	0
42610000000	0
42620000000	0
42630000000	0
42640000000	0
42650000000	0
42660000000	0
42670000000	0
42680000000	0
42690000000	0
42700000000	0
42710000000	0
42720000000	0
42730000000	0
42740000000	0
42750000000	1
42760000000	2
42770000000	2
42780000000	3
42790000000	3
42800000000	4
42810000000	4
42820000000	7
42830000000	1
42840000000	4
42850000000	2
42860000000	5
42870000000	2
42880000000	5
42890000000	4
42900000000	1
42910000000	0
42920000000	4
42930000000	2
42940000000	3
42950000000	3
42960000000	4
42970000000	4
42980000000	2
42990000000	2
43000000000	4
43010000000	3
43020000000	4
43030000000	3
43040000000	2
43050000000	2
43060000000	1
43070000000	4
43080000000	5
43090000000	3
43100000000	2
43110000000	5
43120000000	4
43130000000	7
43140000000	7
43150000000	2
43160000000	2
43170000000	1
43180000000	1
43190000000	3
43200000000	1
43210000000	3
43220000000	4
43230000000	2
43240000000	0
43250000000	1
43260000000	3
43270000000	0
43280000000	2
43290000000	5
43300000000	4
43310000000	0
43320000000	3
43330000000	6
43340000000	3
43350000000	6
43360000000	3
43370000000	3
43380000000	1
43390000000	3
43400000000	2
43410000000	1
43420000000	1
43430000000	2
43440000000	1
43450000000	8
43460000000	3
43470000000	4
43480000000	6
43490000000	0
43500000000	1
43510000000	4
43520000000	2
43530000000	9
43540000000	2
43550000000	2
43560000000	1
43570000000	3
43580000000	5
43590000000	4
43600000000	1
43610000000	3
43620000000	3
43630000000	4
43640000000	1
43650000000	1
43660000000	0
43670000000	4
43680000000	1
43690000000	2
43700000000	2
43710000000	1
43720000000	1
43730000000	3
43740000000	2
43750000000	1
43760000000	1
43770000000	2
43780000000	1
43790000000	1
43800000000	0
43810000000	1
43820000000	0
43830000000	0
43840000000	1
43850000000	1
43860000000	1
43870000000	1
43880000000	1
43890000000	1
43900000000	1
43910000000	1
43920000000	0
43930000000	0
43940000000	1
43950000000	0
43960000000	0
43970000000	0
43980000000	0
43990000000	0
44000000000	1
44010000000	0
44020000000	1
44030000000	1
44040000000	0
44050000000	0
44060000000	0
44070000000	0
44080000000	0
44090000000	0
44100000000	0
44110000000	0
44120000000	0
44130000000	1
44140000000	0
44150000000	0
44160000000	0
44170000000	0
44180000000	0
44190000000	0
44200000000	0
44210000000	0
44220000000	0
44230000000	0
44240000000	0
44250000000	0
44260000000	0
44270000000	0
44280000000	0
44290000000	0
44300000000	0
44310000000	0
44320000000	0
44330000000	0
44340000000	0
44350000000	0
44360000000	0
44370000000	0
44380000000	0
44390000000	0
44400000000	0
44410000000	0
44420000000	0
44430000000	0
44440000000	0
44450000000	0
44460000000	0
44470000000	0
44480000000	0
44490000000	0
44500000000	0
44510000000	0
44520000000	0
44530000000	0
44540000000	0
44550000000	0
44560000000	0
44570000000	0
44580000000	0
44590000000	0
44600000000	0
44610000000	0
44620000000	0
44630000000	0
44640000000	0
44650000000	0
44660000000	0
44670000000	0
44680000000	0
44690000000	0
44700000000	0
44710000000	1
44720000000	0
44730000000	0
44740000000	0
44750000000	0
44760000000	2
44770000000	1
44780000000	0
44790000000	2
44800000000	1
44810000000	0
44820000000	2
44830000000	3
44840000000	2
44850000000	2
44860000000	6
44870000000	3
44880000000	1
44890000000	0
44900000000	4
44910000000	2
44920000000	3
44930000000	2
44940000000	2
44950000000	0
44960000000	1
44970000000	4
44980000000	3
44990000000	2
45000000000	3
45010000000	1
45020000000	5
45030000000	3
45040000000	2
45050000000	2
45060000000	2
45070000000	2
45080000000	4
45090000000	4
45100000000	2
45110000000	2
45120000000	1
45130000000	5
45140000000	5
45150000000	5
45160000000	4
45170000000	4
45180000000	3
45190000000	3
45200000000	1
45210000000	2
45220000000	3
45230000000	2
45240000000	4
45250000000	2
45260000000	3
45270000000	2
45280000000	1
45290000000	1
45300000000	3
45310000000	4
45320000000	5
45330000000	5
45340000000	2
45350000000	6
45360000000	3
45370000000	2
45380000000	2
45390000000	3
45400000000	3
45410000000	3
45420000000	4
45430000000	3
45440000000	3
45450000000	6
45460000000	6
45470000000	1
45480000000	2
45490000000	3
45500000000	3
45510000000	1
45520000000	0
45530000000	4
45540000000	2
45550000000	3
45560000000	3
45570000000	1
45580000000	0
45590000000	1
45600000000	3
45610000000	0
45620000000	3
45630000000	5
45640000000	4
45650000000	3
45660000000	1
45670000000	3
45680000000	2
45690000000	3
45700000000	4
45710000000	2
45720000000	3
45730000000	2
45740000000	2
45750000000	6
45760000000	2
45770000000	0
45780000000	1
45790000000	1
45800000000	2
45810000000	1
45820000000	2
45830000000	1
45840000000	1
45850000000	1
45860000000	0
45870000000	1
45880000000	0
45890000000	2
45900000000	2
45910000000	1
45920000000	0
45930000000	0
45940000000	0
45950000000	1
45960000000	1
45970000000	1
45980000000	0
45990000000	2
46000000000	0
46010000000	0
46020000000	0
46030000000	1
46040000000	1
46050000000	1
46060000000	1
46070000000	0
46080000000	0
46090000000	0
46100000000	0
46110000000	0
46120000000	0
46130000000	0
46140000000	0
46150000000	0
46160000000	0
46170000000	0
46180000000	0
46190000000	0
46200000000	0
46210000000	0
46220000000	0
46230000000	0
46240000000	0
46250000000	1
46260000000	1
46270000000	0
46280000000	0
46290000000	0
46300000000	0
46310000000	0
46320000000	0
46330000000	0
46340000000	0
46350000000	0
46360000000	0
46370000000	0
46380000000	0
46390000000	0
46400000000	0
46410000000	0
46420000000	0
46430000000	0
46440000000	0
46450000000	0
46460000000	0
46470000000	0
46480000000	0
46490000000	0
46500000000	0
46510000000	0
46520000000	0
46530000000	0
46540000000	0
46550000000	0
46560000000	0
46570000000	0
46580000000	0
46590000000	0
46600000000	0
46610000000	0
46620000000	0
46630000000	0
46640000000	0
46650000000	0
46660000000	0
46670000000	0
46680000000	0
46690000000	0
46700000000	0
46710000000	0
46720000000	0
46730000000	0
46740000000	0
46750000000	0
46760000000	0
46770000000	0
46780000000	1
46790000000	2
46800000000	2
46810000000	2
46820000000	1
46830000000	4
46840000000	2
46850000000	0
46860000000	2
46870000000	2
46880000000	4
46890000000	9
46900000000	6
46910000000	1
46920000000	3
46930000000	2
46940000000	4
46950000000	2
46960000000	4
46970000000	2
46980000000	2
46990000000	1
47000000000	5
47010000000	2
47020000000	4
47030000000	1
47040000000	2
47050000000	2
47060000000	2
47070000000	2
47080000000	3
47090000000	4
47100000000	0
47110000000	3
47120000000	4
47130000000	1
47140000000	3
47150000000	2
47160000000	2
47170000000	1
47180000000	2
47190000000	5
47200000000	1
47210000000	3
47220000000	2
47230000000	1
47240000000	3
47250000000	2
47260000000	8
47270000000	5
47280000000	5
47290000000	4
47300000000	4
47310000000	2
47320000000	4
47330000000	3
47340000000	2
47350000000	2
47360000000	6
47370000000	6
47380000000	1
47390000000	2
47400000000	0
47410000000	2
47420000000	4
47430000000	2
47440000000	2
47450000000	1
47460000000	1
47470000000	1
47480000000	2
47490000000	2
47500000000	3
47510000000	7
47520000000	3
47530000000	2
47540000000	3
47550000000	1
47560000000	4
47570000000	3
47580000000	3
47590000000	4
47600000000	3
47610000000	4
47620000000	2
47630000000	2
47640000000	1
47650000000	3
47660000000	4
47670000000	2
47680000000	0
47690000000	6
47700000000	3
47710000000	2
47720000000	3
47730000000	3
47740000000	4
47750000000	2
47760000000	3
47770000000	0
47780000000	2
47790000000	2
47800000000	0
47810000000	0
47820000000	1
47830000000	1
47840000000	1
47850000000	2
47860000000	0
47870000000	0
47880000000	0
47890000000	2
47900000000	0
47910000000	2
47920000000	0
47930000000	0
47940000000	0
47950000000	0
47960000000	0
47970000000	0
47980000000	1
47990000000	0
48000000000	0
48010000000	0
48020000000	2
48030000000	0
48040000000	1
48050000000	0
48060000000	1
48070000000	0
48080000000	0
48090000000	0
48100000000	0
48110000000	0
48120000000	1
48130000000	0
48140000000	0
48150000000	0
48160000000	0
48170000000	0
48180000000	0
48190000000	0
48200000000	1
48210000000	0
48220000000	0
48230000000	0
48240000000	0
48250000000	0
48260000000	0
48270000000	0
48280000000	0
48290000000	0
48300000000	0
48310000000	0
48320000000	0
48330000000	0
48340000000	0
48350000000	0
48360000000	0
48370000000	0
48380000000	0
48390000000	0
48400000000	0
48410000000	0
48420000000	0
48430000000	0
48440000000	0
48450000000	0
48460000000	0
48470000000	0
48480000000	0
48490000000	0
48500000000	0
48510000000	0
48520000000	0
48530000000	0
48540000000	0
48550000000	0
48560000000	0
48570000000	0
48580000000	0
48590000000	0
48600000000	0
48610000000	0
48620000000	0
48630000000	0
48640000000	0
48650000000	0
48660000000	0
48670000000	0
48680000000	0
48690000000	0
48700000000	0
48710000000	0
48720000000	0
48730000000	0
48740000000	0
48750000000	0
48760000000	2
48770000000	3
48780000000	1
48790000000	2
48800000000	1
48810000000	3
48820000000	2
48830000000	0
48840000000	3
48850000000	1
48860000000	3
48870000000	4
48880000000	3
48890000000	2
48900000000	2
48910000000	5
48920000000	2
48930000000	5
48940000000	3
48950000000	1
48960000000	9
48970000000	4
48980000000	0
48990000000	3
49000000000	8
49010000000	2
49020000000	2
49030000000	5
49040000000	3
49050000000	2
49060000000	3
49070000000	3
49080000000	5
49090000000	4
49100000000	1
49110000000	1
49120000000	4
49130000000	1
49140000000	0
49150000000	3
49160000000	4
49170000000	2
49180000000	2
49190000000	2
49200000000	1
49210000000	1
49220000000	4
49230000000	3
49240000000	1
49250000000	1
49260000000	5
49270000000	4
49280000000	1
49290000000	1
49300000000	3
49310000000	4
49320000000	2
49330000000	0
49340000000	1
49350000000	2
49360000000	6
49370000000	4
49380000000	2
49390000000	4
49400000000	4
49410000000	3
49420000000	2
49430000000	5
49440000000	3
49450000000	4
49460000000	1
49470000000	2
49480000000	3
49490000000	5
49500000000	0
49510000000	4
49520000000	2
49530000000	0
49540000000	5
49550000000	0
49560000000	3
49570000000	3
49580000000	3
49590000000	3
49600000000	3
49610000000	1
49620000000	6
49630000000	1
49640000000	3
49650000000	3
49660000000	3
49670000000	1
49680000000	3
49690000000	1
49700000000	1
49710000000	6
49720000000	4
49730000000	5
49740000000	6
49750000000	3
49760000000	3
49770000000	1
49780000000	1
49790000000	2
49800000000	3
49810000000	1
49820000000	2
49830000000	3
49840000000	1
49850000000	0
49860000000	1
49870000000	3
49880000000	2
49890000000	1
49900000000	0
49910000000	3
49920000000	1
49930000000	0
49940000000	0
49950000000	0
49960000000	0
49970000000	0
49980000000	1
49990000000	0
50000000000	1
50010000000	0
50020000000	1
50030000000	0
50040000000	1
50050000000	0
50060000000	0
50070000000	0
50080000000	0
50090000000	0
50100000000	0
50110000000	0
50120000000	0
50130000000	0
50140000000	0
50150000000	0
50160000000	0
50170000000	0
50180000000	0
50190000000	0
50200000000	0
50210000000	0
50220000000	0
50230000000	0
50240000000	0
50250000000	0
50260000000	0
50270000000	0
50280000000	1
50290000000	0
50300000000	0
50310000000	0
50320000000	0
50330000000	0
50340000000	1
50350000000	1
50360000000	0
50370000000	0
50380000000	0
50390000000	0
50400000000	0
50410000000	0
50420000000	1
50430000000	0
50440000000	0
50450000000	0
50460000000	0
50470000000	0
50480000000	0
50490000000	0
50500000000	0
50510000000	0
50520000000	0
50530000000	0
50540000000	0
50550000000	0
50560000000	0
50570000000	0
50580000000	0
50590000000	0
50600000000	0
50610000000	0
50620000000	0
50630000000	0
50640000000	0
50650000000	0
50660000000	0
50670000000	0
50680000000	0
50690000000	0
50700000000	0
50710000000	0
50720000000	0
50730000000	0
50740000000	0
50750000000	0
50760000000	1
50770000000	3
50780000000	1
50790000000	1
50800000000	3
50810000000	1
50820000000	2
50830000000	1
50840000000	1
50850000000	3
50860000000	4
50870000000	0
50880000000	2
50890000000	3
50900000000	0
50910000000	1
50920000000	2
50930000000	3
50940000000	1
50950000000	1
50960000000	3
50970000000	2
50980000000	3
50990000000	7
51000000000	3
51010000000	3
51020000000	2
51030000000	5
51040000000	3
51050000000	5
51060000000	4
51070000000	3
51080000000	5
51090000000	1
51100000000	1
51110000000	2
51120000000	2
51130000000	1
51140000000	4
51150000000	2
51160000000	2
51170000000	1
51180000000	1
51190000000	2
51200000000	4
51210000000	0
51220000000	2
51230000000	2
51240000000	3
51250000000	3
51260000000	1
51270000000	2
51280000000	4
51290000000	5
51300000000	5
51310000000	1
51320000000	1
51330000000	3
51340000000	5
51350000000	2
51360000000	6
51370000000	0
51380000000	3
51390000000	4
51400000000	2
51410000000	9
51420000000	1
51430000000	3
51440000000	1
51450000000	2
51460000000	4
51470000000	2
51480000000	1
51490000000	4
51500000000	2
51510000000	6
51520000000	3
51530000000	2
51540000000	4
51550000000	2
51560000000	3
51570000000	4
51580000000	3
51590000000	1
51600000000	1
51610000000	2
51620000000	3
51630000000	3
51640000000	1
51650000000	5
51660000000	1
51670000000	4
51680000000	5
51690000000	4
51700000000	7
51710000000	2
51720000000	0
51730000000	3
51740000000	3
51750000000	3
51760000000	1
51770000000	2
51780000000	2
51790000000	0
51800000000	3
51810000000	2
51820000000	0
51830000000	2
51840000000	1
51850000000	0
51860000000	0
51870000000	1
51880000000	0
51890000000	0
51900000000	0
51910000000	0
51920000000	0
51930000000	0
51940000000	0
51950000000	0
51960000000	1
51970000000	0
51980000000	0
51990000000	0
52000000000	0
52010000000	0
52020000000	0
52030000000	0
52040000000	0
52050000000	1
52060000000	0
52070000000	0
52080000000	0
52090000000	0
52100000000	0
52110000000	0
52120000000	0
52130000000	0
52140000000	0
52150000000	0
52160000000	0
52170000000	0
52180000000	1
52190000000	0
52200000000	0
52210000000	0
52220000000	0
52230000000	0
52240000000	0
52250000000	0
52260000000	1
52270000000	0
52280000000	0
52290000000	0
52300000000	0
52310000000	0
52320000000	0
52330000000	0
52340000000	0
52350000000	0
52360000000	0
52370000000	0
52380000000	0
52390000000	0
52400000000	0
52410000000	0
52420000000	0
52430000000	0
52440000000	0
52450000000	0
52460000000	0
52470000000	0
52480000000	0
52490000000	0
52500000000	0
52510000000	0
52520000000	0
52530000000	0
52540000000	0
52550000000	0
52560000000	0
52570000000	0
52580000000	0
52590000000	0
52600000000	0
52610000000	0
52620000000	0
52630000000	0
52640000000	0
52650000000	0
52660000000	0
52670000000	0
52680000000	0
52690000000	0
52700000000	0
52710000000	0
52720000000	0
52730000000	0
52740000000	0
52750000000	0
52760000000	5
52770000000	1
52780000000	2
52790000000	2
52800000000	3
52810000000	5
52820000000	3
52830000000	3
52840000000	3
52850000000	2
52860000000	4
52870000000	3
52880000000	1
52890000000	1
52900000000	2
52910000000	0
52920000000	3
52930000000	4
52940000000	0
52950000000	0
52960000000	2
52970000000	3
52980000000	0
52990000000	3
53000000000	1
53010000000	1
53020000000	4
53030000000	2
53040000000	1
53050000000	3
53060000000	1
53070000000	2
53080000000	3
53090000000	5
53100000000	1
53110000000	3
53120000000	2
53130000000	5
53140000000	1
53150000000	5
53160000000	2
53170000000	2
53180000000	3
53190000000	3
53200000000	0
53210000000	4
53220000000	1
53230000000	1
53240000000	1
53250000000	7
53260000000	5
53270000000	2
53280000000	2
53290000000	0
53300000000	2
53310000000	1
53320000000	0
53330000000	2
53340000000	3
53350000000	3
53360000000	2
53370000000	4
53380000000	3
53390000000	2
53400000000	0
53410000000	1
53420000000	0
53430000000	1
53440000000	9
53450000000	0
53460000000	2
53470000000	1
53480000000	1
53490000000	3
53500000000	1
53510000000	2
53520000000	3
53530000000	3
53540000000	1
53550000000	3
53560000000	4
53570000000	2
53580000000	2
53590000000	5
53600000000	0
53610000000	2
53620000000	3
53630000000	1
53640000000	3
53650000000	3
53660000000	11
53670000000	0
53680000000	2
53690000000	4
53700000000	5
53710000000	2
53720000000	2
53730000000	1
53740000000	1
53750000000	3
53760000000	4
53770000000	4
53780000000	2
53790000000	3
53800000000	2
53810000000	0
53820000000	0
53830000000	1
53840000000	0
53850000000	0
53860000000	0
53870000000	1
53880000000	0
53890000000	1
53900000000	1
53910000000	2
53920000000	0
53930000000	0
53940000000	0
53950000000	0
53960000000	0
53970000000	0
53980000000	0
53990000000	0
54000000000	0
54010000000	0
54020000000	0
54030000000	0
54040000000	0
54050000000	1
54060000000	0
54070000000	0
54080000000	1
54090000000	1
54100000000	0
54110000000	0
54120000000	0
54130000000	0
54140000000	0
54150000000	0
54160000000	0
54170000000	0
54180000000	0
54190000000	0
54200000000	0
54210000000	1
54220000000	0
54230000000	0
54240000000	0
54250000000	1
54260000000	0
54270000000	0
54280000000	0
54290000000	0
54300000000	0
54310000000	0
54320000000	0
54330000000	0
54340000000	0
54350000000	0
54360000000	0
54370000000	0
54380000000	1
54390000000	0
54400000000	0
54410000000	0
54420000000	0
54430000000	0
54440000000	0
54450000000	0
54460000000	0
54470000000	0
54480000000	0
54490000000	0
54500000000	0
54510000000	0
54520000000	0
54530000000	0
54540000000	0
54550000000	0
54560000000	0
54570000000	0
54580000000	0
54590000000	0
54600000000	0
54610000000	0
54620000000	0
54630000000	0
54640000000	0
54650000000	0
54660000000	0
54670000000	0
54680000000	0
54690000000	0
54700000000	0
54710000000	0
54720000000	0
54730000000	0
54740000000	0
54750000000	1
54760000000	0
54770000000	2
54780000000	3
54790000000	3
54800000000	1
54810000000	3
54820000000	2
54830000000	5
54840000000	3
54850000000	1
54860000000	2
54870000000	1
54880000000	3
54890000000	4
54900000000	4
54910000000	3
54920000000	2
54930000000	4
54940000000	3
54950000000	4
54960000000	4
54970000000	3
54980000000	2
54990000000	4
55000000000	3
55010000000	3
55020000000	2
55030000000	1
55040000000	3
55050000000	3
55060000000	1
55070000000	4
55080000000	4
55090000000	5
55100000000	3
55110000000	2
55120000000	4
55130000000	5
55140000000	4
55150000000	1
55160000000	1
55170000000	7
55180000000	2
55190000000	1
55200000000	1
55210000000	2
55220000000	4
55230000000	3
55240000000	2
55250000000	1
55260000000	3
55270000000	3
55280000000	3
55290000000	2
55300000000	2
55310000000	2
55320000000	0
55330000000	2
55340000000	1
55350000000	4
55360000000	1
55370000000	2
55380000000	1
55390000000	3
55400000000	1
55410000000	2
55420000000	4
55430000000	0
55440000000	3
55450000000	5
55460000000	1
55470000000	3
55480000000	1
55490000000	1
55500000000	2
55510000000	2
55520000000	4
55530000000	1
55540000000	2
55550000000	4
55560000000	2
55570000000	3
55580000000	2
55590000000	6
55600000000	0
55610000000	1
55620000000	0
55630000000	4
55640000000	3
55650000000	2
55660000000	3
55670000000	2
55680000000	2
55690000000	3
55700000000	1
55710000000	1
55720000000	1
55730000000	2
55740000000	2
55750000000	2
55760000000	0
55770000000	1
55780000000	2
55790000000	1
55800000000	2
55810000000	0
55820000000	2
55830000000	1
55840000000	1
55850000000	0
55860000000	0
55870000000	0
55880000000	0
55890000000	0
55900000000	2
55910000000	0
55920000000	0
55930000000	0
55940000000	1
55950000000	1
55960000000	0
55970000000	0
55980000000	0
55990000000	0
56000000000	0
56010000000	0
56020000000	0
56030000000	0
56040000000	0
56050000000	0
56060000000	0
56070000000	0
56080000000	1
56090000000	0
56100000000	0
56110000000	0
56120000000	0
56130000000	0
56140000000	0
56150000000	0
56160000000	0
56170000000	0
56180000000	0
56190000000	0
56200000000	0
56210000000	0
56220000000	0
56230000000	0
56240000000	0
56250000000	0
56260000000	0
56270000000	0
56280000000	0
56290000000	0
56300000000	0
56310000000	0
56320000000	0
56330000000	0
56340000000	0
56350000000	0
56360000000	0
56370000000	0
56380000000	0
56390000000	0
56400000000	0
56410000000	0
56420000000	0
56430000000	0
56440000000	0
56450000000	0
56460000000	0
56470000000	0
56480000000	0
56490000000	0
56500000000	0
56510000000	0
56520000000	0
56530000000	0
56540000000	0
56550000000	0
56560000000	0
56570000000	0
56580000000	0
56590000000	0
56600000000	0
56610000000	0
56620000000	0
56630000000	0
56640000000	0
56650000000	0
56660000000	0
56670000000	0
56680000000	0
56690000000	0
56700000000	0
56710000000	0
56720000000	0
56730000000	0
56740000000	0
56750000000	0
56760000000	1
56770000000	3
56780000000	2
56790000000	5
56800000000	2
56810000000	1
56820000000	1
56830000000	5
56840000000	3
56850000000	1
56860000000	0
56870000000	6
56880000000	3
56890000000	3
56900000000	2
56910000000	1
56920000000	0
56930000000	2
56940000000	5
56950000000	9
56960000000	1
56970000000	3
56980000000	5
56990000000	1
57000000000	0
57010000000	1
57020000000	4
57030000000	2
57040000000	5
57050000000	8
57060000000	2
57070000000	1
57080000000	1
57090000000	0
57100000000	7
57110000000	5
57120000000	4
57130000000	5
57140000000	2
57150000000	2
57160000000	1
57170000000	0
57180000000	3
57190000000	0
57200000000	3
57210000000	1
57220000000	2
57230000000	1
57240000000	6
57250000000	0
57260000000	5
57270000000	2
57280000000	1
57290000000	3
57300000000	0
57310000000	2
57320000000	3
57330000000	2
57340000000	4
57350000000	3
57360000000	2
57370000000	4
57380000000	2
57390000000	2
57400000000	3
57410000000	2
57420000000	7
57430000000	4
57440000000	1
57450000000	1
57460000000	3
57470000000	2
57480000000	1
57490000000	1
57500000000	2
57510000000	4
57520000000	3
57530000000	4
57540000000	1
57550000000	3
57560000000	7
57570000000	3
57580000000	5
57590000000	6
57600000000	1
57610000000	1
57620000000	1
57630000000	2
57640000000	2
57650000000	3
57660000000	3
57670000000	2
57680000000	3
57690000000	2
57700000000	2
57710000000	7
57720000000	0
57730000000	2
57740000000	3
57750000000	3
57760000000	2
57770000000	3
57780000000	2
57790000000	3
57800000000	0
57810000000	2
57820000000	1
57830000000	0
57840000000	1
57850000000	1
57860000000	1
57870000000	0
57880000000	1
57890000000	0
57900000000	1
57910000000	0
57920000000	0
57930000000	1
57940000000	0
57950000000	1
57960000000	1
57970000000	2
57980000000	0
57990000000	0
58000000000	0
58010000000	0
58020000000	0
58030000000	0
58040000000	0
58050000000	0
58060000000	0
58070000000	0
58080000000	0
58090000000	0
58100000000	0
58110000000	0
58120000000	0
58130000000	0
58140000000	0
58150000000	0
58160000000	0
58170000000	0
58180000000	0
58190000000	0
58200000000	0
58210000000	0
58220000000	0
58230000000	0
58240000000	0
58250000000	0
58260000000	0
58270000000	0
58280000000	0
58290000000	0
58300000000	0
58310000000	0
58320000000	0
58330000000	0
58340000000	0
58350000000	0
58360000000	0
58370000000	0
58380000000	0
58390000000	0
58400000000	0
58410000000	0
58420000000	0
58430000000	0
58440000000	0
58450000000	0
58460000000	0
58470000000	0
58480000000	0
58490000000	0
58500000000	1
58510000000	0
58520000000	0
58530000000	0
58540000000	0
58550000000	0
58560000000	0
58570000000	0
58580000000	0
58590000000	0
58600000000	0
58610000000	0
58620000000	0
58630000000	0
58640000000	0
58650000000	0
58660000000	0
58670000000	0
58680000000	0
58690000000	0
58700000000	0
58710000000	0
58720000000	0
58730000000	0
58740000000	0
58750000000	1
58760000000	0
58770000000	3
58780000000	1
58790000000	7
58800000000	0
58810000000	4
58820000000	1
58830000000	1
58840000000	2
58850000000	3
58860000000	1
58870000000	0
58880000000	1
58890000000	1
58900000000	5
58910000000	2
58920000000	2
58930000000	4
58940000000	2
58950000000	4
58960000000	1
58970000000	3
58980000000	0
58990000000	3
59000000000	2
59010000000	0
59020000000	1
59030000000	3
59040000000	3
59050000000	1
59060000000	0
59070000000	2
59080000000	1
59090000000	5
59100000000	3
59110000000	1
59120000000	0
59130000000	3
59140000000	4
59150000000	4
59160000000	2
59170000000	1
59180000000	4
59190000000	2
59200000000	3
59210000000	3
59220000000	6
59230000000	0
59240000000	5
59250000000	0
59260000000	4
59270000000	3
59280000000	4
59290000000	3
59300000000	3
59310000000	3
59320000000	3
59330000000	5
59340000000	3
59350000000	0
59360000000	2
59370000000	2
59380000000	2
59390000000	3
59400000000	3
59410000000	6
59420000000	3
59430000000	0
59440000000	2
59450000000	3
59460000000	4
59470000000	5
59480000000	3
59490000000	0
59500000000	2
59510000000	4
59520000000	2
59530000000	4
59540000000	4
59550000000	5
59560000000	3
59570000000	5
59580000000	3
59590000000	3
59600000000	2
59610000000	1
59620000000	3
59630000000	1
59640000000	2
59650000000	3
59660000000	4
59670000000	3
59680000000	3
59690000000	1
59700000000	2
59710000000	1
59720000000	2
59730000000	3
59740000000	2
59750000000	0
59760000000	2
59770000000	2
59780000000	0
59790000000	0
59800000000	4
59810000000	2
59820000000	0
59830000000	0
59840000000	2
59850000000	0
59860000000	1
59870000000	2
59880000000	0
59890000000	0
59900000000	0
59910000000	1
59920000000	0
59930000000	0
59940000000	1
59950000000	0
59960000000	0
59970000000	0
59980000000	0
59990000000	0
60000000000	0
60010000000	0
60020000000	0
60030000000	0
60040000000	0
60050000000	0
60060000000	0
60070000000	1
60080000000	0
60090000000	0
60100000000	1
60110000000	3
60120000000	0
60130000000	0
60140000000	0
60150000000	0
60160000000	0
60170000000	0
60180000000	0
60190000000	0
60200000000	0
60210000000	1
60220000000	0
60230000000	0
60240000000	0
60250000000	0
60260000000	1
60270000000	0
60280000000	0
60290000000	0
60300000000	0
60310000000	0
60320000000	0
60330000000	0
60340000000	0
60350000000	0
60360000000	0
60370000000	0
60380000000	0
60390000000	0
60400000000	0
60410000000	0
60420000000	0
60430000000	0
60440000000	0
60450000000	1
60460000000	0
60470000000	0
60480000000	0
60490000000	0
60500000000	0
60510000000	0
60520000000	0
60530000000	0
60540000000	0
60550000000	0
60560000000	0
60570000000	0
60580000000	0
60590000000	0
60600000000	0
60610000000	0
60620000000	0
60630000000	0
60640000000	0
60650000000	0
60660000000	0
60670000000	0
60680000000	0
60690000000	0
60700000000	0
60710000000	0
60720000000	0
60730000000	0
60740000000	0
60750000000	0
60760000000	1
60770000000	2
60780000000	3
60790000000	0
60800000000	0
60810000000	3
60820000000	3
60830000000	6
60840000000	1
60850000000	2
60860000000	3
60870000000	2
60880000000	3
60890000000	5
60900000000	0
60910000000	0
60920000000	2
60930000000	2
60940000000	6
60950000000	5
60960000000	3
60970000000	2
60980000000	0
60990000000	2
61000000000	6
61010000000	2
61020000000	4
61030000000	2
61040000000	1
61050000000	2
61060000000	1
61070000000	0
61080000000	0
61090000000	2
61100000000	5
61110000000	2
61120000000	4
61130000000	4
61140000000	3
61150000000	3
61160000000	3
61170000000	2
61180000000	4
61190000000	2
61200000000	6
61210000000	3
61220000000	6
61230000000	3
61240000000	1
61250000000	1
61260000000	3
61270000000	3
61280000000	4
61290000000	2
61300000000	2
61310000000	4
61320000000	2
61330000000	2
61340000000	2
61350000000	0
61360000000	3
61370000000	1
61380000000	5
61390000000	4
61400000000	5
61410000000	0
61420000000	5
61430000000	0
61440000000	2
61450000000	5
61460000000	2
61470000000	4
61480000000	3
61490000000	2
61500000000	4
61510000000	4
61520000000	3
61530000000	8
61540000000	0
61550000000	1
61560000000	3
61570000000	2
61580000000	1
61590000000	5
61600000000	1
61610000000	4
61620000000	1
61630000000	2
61640000000	2
61650000000	3
61660000000	2
61670000000	1
61680000000	4
61690000000	2
61700000000	2
61710000000	5
61720000000	4
61730000000	2
61740000000	2
61750000000	1
61760000000	2
61770000000	2
61780000000	3
61790000000	3
61800000000	0
61810000000	1
61820000000	0
61830000000	0
61840000000	1
61850000000	3
61860000000	0
61870000000	1
61880000000	0
61890000000	0
61900000000	0
61910000000	0
61920000000	0
61930000000	1
61940000000	0
61950000000	0
61960000000	1
61970000000	0
61980000000	0
61990000000	0
62000000000	0
62010000000	0
62020000000	0
62030000000	1
62040000000	0
62050000000	0
62060000000	1
62070000000	0
62080000000	0
62090000000	0
62100000000	0
62110000000	1
62120000000	0
62130000000	0
62140000000	0
62150000000	0
62160000000	0
62170000000	0
62180000000	0
62190000000	0
62200000000	0
62210000000	0
62220000000	0
62230000000	0
62240000000	0
62250000000	0
62260000000	0
62270000000	0
62280000000	0
62290000000	0
62300000000	0
62310000000	1
62320000000	0
62330000000	0
62340000000	0
62350000000	0
62360000000	0
62370000000	0
62380000000	0
62390000000	0
62400000000	0
62410000000	0
62420000000	0
62430000000	0
62440000000	0
62450000000	0
62460000000	0
62470000000	0
62480000000	0
62490000000	0
62500000000	0
62510000000	0
62520000000	0
62530000000	0
62540000000	0
62550000000	0
62560000000	0
62570000000	0
62580000000	0
62590000000	0
62600000000	0
62610000000	0
62620000000	0
62630000000	0
62640000000	0
62650000000	0
62660000000	0
62670000000	0
62680000000	0
62690000000	0
62700000000	0
62710000000	0
62720000000	0
62730000000	0
62740000000	0
62750000000	1
62760000000	2
62770000000	0
62780000000	2
62790000000	3
62800000000	2
62810000000	8
62820000000	1
62830000000	3
62840000000	3
62850000000	3
62860000000	5
62870000000	0
62880000000	0
62890000000	1
62900000000	5
62910000000	2
62920000000	2
62930000000	3
62940000000	1
62950000000	2
62960000000	2
62970000000	5
62980000000	1
62990000000	1
63000000000	2
63010000000	5
63020000000	3
63030000000	4
63040000000	2
63050000000	2
63060000000	8
63070000000	7
63080000000	1
63090000000	2
63100000000	2
63110000000	4
63120000000	5
63130000000	3
63140000000	3
63150000000	5
63160000000	3
63170000000	3
63180000000	5
63190000000	2
63200000000	2
63210000000	4
63220000000	3
63230000000	1
63240000000	0
63250000000	7
63260000000	4
63270000000	3
63280000000	3
63290000000	5
63300000000	4
63310000000	5
63320000000	0
63330000000	1
63340000000	2
63350000000	0
63360000000	2
63370000000	1
63380000000	2
63390000000	4
63400000000	4
63410000000	3
63420000000	2
63430000000	0
63440000000	1
63450000000	4
63460000000	2
63470000000	3
63480000000	0
63490000000	0
63500000000	0
63510000000	3
63520000000	5
63530000000	2
63540000000	6
63550000000	1
63560000000	1
63570000000	6
63580000000	3
63590000000	0
63600000000	2
63610000000	0
63620000000	5
63630000000	1
63640000000	0
63650000000	5
63660000000	4
63670000000	3
63680000000	1
63690000000	3
63700000000	1
63710000000	2
63720000000	4
63730000000	1
63740000000	2
63750000000	2
63760000000	2
63770000000	2
63780000000	0
63790000000	2
63800000000	3
63810000000	1
63820000000	2
63830000000	1
63840000000	2
63850000000	1
63860000000	1
63870000000	0
63880000000	0
63890000000	1
63900000000	1
63910000000	0
63920000000	1
63930000000	0
63940000000	0
63950000000	0
63960000000	0
63970000000	0
63980000000	0
63990000000	1
64000000000	0
64010000000	1
64020000000	0
64030000000	0
64040000000	0
64050000000	0
64060000000	0
64070000000	1
64080000000	0
64090000000	0
64100000000	0
64110000000	0
64120000000	0
64130000000	1
64140000000	0
64150000000	0
64160000000	0
64170000000	0
64180000000	0
64190000000	0
64200000000	0
64210000000	0
64220000000	0
64230000000	0
64240000000	0
64250000000	0
64260000000	0
64270000000	0
64280000000	0
64290000000	0
64300000000	0
64310000000	0
64320000000	0
64330000000	0
64340000000	0
64350000000	0
64360000000	0
64370000000	0
64380000000	0
64390000000	0
64400000000	0
64410000000	0
64420000000	0
64430000000	0
64440000000	0
64450000000	0
64460000000	0
64470000000	0
64480000000	0
64490000000	1
64500000000	0
64510000000	0
64520000000	0
64530000000	0
64540000000	0
64550000000	0
64560000000	0
64570000000	0
64580000000	0
64590000000	0
64600000000	0
64610000000	1
64620000000	0
64630000000	0
64640000000	0
64650000000	0
64660000000	0
64670000000	0
64680000000	0
64690000000	0
64700000000	0
64710000000	0
64720000000	0
64730000000	0
64740000000	0
64750000000	1
64760000000	3
64770000000	1
64780000000	0
64790000000	4
64800000000	2
64810000000	2
64820000000	5
64830000000	3
64840000000	1
64850000000	3
64860000000	3
64870000000	2
64880000000	1
64890000000	1
64900000000	2
64910000000	1
64920000000	2
64930000000	1
64940000000	2
64950000000	3
64960000000	2
64970000000	5
64980000000	5
64990000000	3
65000000000	2
65010000000	1
65020000000	1
65030000000	1
65040000000	2
65050000000	0
65060000000	4
65070000000	3
65080000000	0
65090000000	1
65100000000	5
65110000000	4
65120000000	0
65130000000	1
65140000000	4
65150000000	3
65160000000	1
65170000000	6
65180000000	3
65190000000	6
65200000000	2
65210000000	4
65220000000	3
65230000000	3
65240000000	2
65250000000	1
65260000000	2
65270000000	7
65280000000	3
65290000000	6
65300000000	2
65310000000	6
65320000000	2
65330000000	3
65340000000	3
65350000000	3
65360000000	4
65370000000	5
65380000000	3
65390000000	5
65400000000	3
65410000000	3
65420000000	4
65430000000	4
65440000000	7
65450000000	1
65460000000	1
65470000000	1
65480000000	2
65490000000	4
65500000000	2
65510000000	5
65520000000	3
65530000000	0
65540000000	3
65550000000	4
65560000000	3
65570000000	5
65580000000	2
65590000000	1
65600000000	3
65610000000	3
65620000000	8
65630000000	2
65640000000	5
65650000000	4
65660000000	2
65670000000	6
65680000000	4
65690000000	0
65700000000	4
65710000000	2
65720000000	3
65730000000	3
65740000000	3
65750000000	4
65760000000	2
65770000000	1
65780000000	1
65790000000	2
65800000000	1
65810000000	0
65820000000	1
65830000000	0
65840000000	1
65850000000	0
65860000000	2
65870000000	1
65880000000	0
65890000000	1
65900000000	0
65910000000	0
65920000000	0
65930000000	0
65940000000	2
65950000000	1
65960000000	1
65970000000	0
65980000000	1
65990000000	1
66000000000	1
66010000000	1
66020000000	0
66030000000	0
66040000000	1
66050000000	0
66060000000	0
66070000000	0
66080000000	0
66090000000	0
66100000000	1
66110000000	0
66120000000	0
66130000000	1
66140000000	0
66150000000	0
66160000000	0
66170000000	0
66180000000	0
66190000000	0
66200000000	0
66210000000	0
66220000000	0
66230000000	0
66240000000	1
66250000000	0
66260000000	0
66270000000	0
66280000000	0
66290000000	0
66300000000	0
66310000000	0
66320000000	0
66330000000	0
66340000000	0
66350000000	0
66360000000	0
66370000000	0
66380000000	0
66390000000	0
66400000000	0
66410000000	0
66420000000	0
66430000000	0
66440000000	0
66450000000	0
66460000000	0
66470000000	0
66480000000	0
66490000000	0
66500000000	0
66510000000	0
66520000000	0
66530000000	0
66540000000	0
66550000000	0
66560000000	0
66570000000	0
66580000000	0
66590000000	0
66600000000	0
66610000000	0
66620000000	0
66630000000	0
66640000000	0
66650000000	0
66660000000	0
66670000000	0
66680000000	0
66690000000	0
66700000000	0
66710000000	0
66720000000	0
66730000000	0
66740000000	0
66750000000	0
66760000000	1
66770000000	0
66780000000	2
66790000000	1
66800000000	3
66810000000	3
66820000000	3
66830000000	3
66840000000	2
66850000000	3
66860000000	5
66870000000	5
66880000000	3
66890000000	1
66900000000	0
66910000000	5
66920000000	3
66930000000	4
66940000000	4
66950000000	4
66960000000	1
66970000000	2
66980000000	5
66990000000	1
67000000000	5
67010000000	1
67020000000	5
67030000000	4
67040000000	3
67050000000	3
67060000000	2
67070000000	3
67080000000	5
67090000000	2
67100000000	8
67110000000	1
67120000000	3
67130000000	6
67140000000	1
67150000000	1
67160000000	0
67170000000	2
67180000000	2
67190000000	5
67200000000	8
67210000000	0
67220000000	5
67230000000	2
67240000000	1
67250000000	2
67260000000	4
67270000000	4
67280000000	7
67290000000	3
67300000000	3
67310000000	3
67320000000	5
67330000000	2
67340000000	2
67350000000	0
67360000000	2
67370000000	4
67380000000	0
67390000000	3
67400000000	2
67410000000	2
67420000000	4
67430000000	4
67440000000	1
67450000000	5
67460000000	3
67470000000	7
67480000000	2
67490000000	4
67500000000	1
67510000000	3
67520000000	3
67530000000	3
67540000000	0
67550000000	3
67560000000	2
67570000000	2
67580000000	1
67590000000	6
67600000000	2
67610000000	4
67620000000	1
67630000000	0
67640000000	5
67650000000	1
67660000000	0
67670000000	3
67680000000	3
67690000000	5
67700000000	3
67710000000	1
67720000000	4
67730000000	3
67740000000	6
67750000000	2
67760000000	1
67770000000	3
67780000000	1
67790000000	1
67800000000	0
67810000000	1
67820000000	3
67830000000	3
67840000000	2
67850000000	3
67860000000	1
67870000000	0
67880000000	0
67890000000	0
67900000000	0
67910000000	0
67920000000	0
67930000000	1
67940000000	0
67950000000	1
67960000000	0
67970000000	0
67980000000	0
67990000000	1
68000000000	0
68010000000	0
68020000000	0
68030000000	0
68040000000	0
68050000000	1
68060000000	1
68070000000	0
68080000000	0
68090000000	0
68100000000	0
68110000000	0
68120000000	0
68130000000	0
68140000000	0
68150000000	0
68160000000	0
68170000000	0
68180000000	0
68190000000	0
68200000000	0
68210000000	0
68220000000	0
68230000000	0
68240000000	0
68250000000	0
68260000000	0
68270000000	0
68280000000	0
68290000000	0
68300000000	0
68310000000	0
68320000000	0
68330000000	0
68340000000	0
68350000000	0
68360000000	0
68370000000	0
68380000000	0
68390000000	0
68400000000	0
68410000000	0
68420000000	0
68430000000	0
68440000000	0
68450000000	0
68460000000	0
68470000000	0
68480000000	0
68490000000	0
68500000000	0
68510000000	0
68520000000	0
68530000000	0
68540000000	0
68550000000	0
68560000000	0
68570000000	0
68580000000	0
68590000000	0
68600000000	0
68610000000	0
68620000000	0
68630000000	0
68640000000	0
68650000000	0
68660000000	0
68670000000	0
68680000000	0
68690000000	0
68700000000	0
68710000000	0
68720000000	0
68730000000	0
68740000000	0
68750000000	1
68760000000	1
68770000000	1
68780000000	0
68790000000	4
68800000000	1
68810000000	4
68820000000	4
68830000000	5
68840000000	2
68850000000	0
68860000000	2
68870000000	0
68880000000	4
68890000000	3
68900000000	1
68910000000	0
68920000000	7
68930000000	1
68940000000	3
68950000000	3
68960000000	2
68970000000	2
68980000000	4
68990000000	4
69000000000	2
69010000000	3
69020000000	2
69030000000	4
69040000000	1
69050000000	4
69060000000	1
69070000000	3
69080000000	6
69090000000	4
69100000000	2
69110000000	4
69120000000	2
69130000000	2
69140000000	2
69150000000	1
69160000000	1
69170000000	4
69180000000	2
69190000000	1
69200000000	2
69210000000	6
69220000000	2
69230000000	1
69240000000	4
69250000000	7
69260000000	3
69270000000	2
69280000000	1
69290000000	4
69300000000	3
69310000000	5
69320000000	3
69330000000	0
69340000000	3
69350000000	4
69360000000	3
69370000000	3
69380000000	2
69390000000	3
69400000000	5
69410000000	4
69420000000	1
69430000000	5
69440000000	5
69450000000	6
69460000000	5
69470000000	0
69480000000	2
69490000000	2
69500000000	3
69510000000	4
69520000000	2
69530000000	6
69540000000	5
69550000000	2
69560000000	1
69570000000	2
69580000000	2
69590000000	2
69600000000	3
69610000000	8
69620000000	2
69630000000	8
69640000000	0
69650000000	5
69660000000	3
69670000000	3
69680000000	1
69690000000	4
69700000000	5
69710000000	5
69720000000	3
69730000000	5
69740000000	3
69750000000	2
69760000000	0
69770000000	0
69780000000	1
69790000000	0
69800000000	1
69810000000	1
69820000000	1
69830000000	1
69840000000	2
69850000000	2
69860000000	2
69870000000	0
69880000000	0
69890000000	3
69900000000	0
69910000000	0
69920000000	0
69930000000	1
69940000000	0
69950000000	1
69960000000	1
69970000000	0
69980000000	0
69990000000	0
70000000000	0
70010000000	0
70020000000	0
70030000000	1
70040000000	0
70050000000	0
70060000000	0
70070000000	0
70080000000	0
70090000000	0
70100000000	0
70110000000	0
70120000000	0
70130000000	0
70140000000	0
70150000000	0
70160000000	0
70170000000	0
70180000000	0
70190000000	1
70200000000	0
70210000000	1
70220000000	0
70230000000	0
70240000000	0
70250000000	0
70260000000	0
70270000000	0
70280000000	0
70290000000	0
70300000000	0
70310000000	0
70320000000	0
70330000000	0
70340000000	0
70350000000	0
70360000000	0
70370000000	1
70380000000	0
70390000000	0
70400000000	0
70410000000	0
70420000000	0
70430000000	0
70440000000	0
70450000000	0
70460000000	0
70470000000	0
70480000000	0
70490000000	0
70500000000	0
70510000000	0
70520000000	0
70530000000	0
70540000000	0
70550000000	0
70560000000	0
70570000000	0
70580000000	0
70590000000	0
70600000000	0
70610000000	0
70620000000	0
70630000000	0
70640000000	0
70650000000	0
70660000000	0
70670000000	0
70680000000	0
70690000000	0
70700000000	0
70710000000	0
70720000000	0
70730000000	0
70740000000	0
70750000000	0
70760000000	2
70770000000	0
70780000000	2
70790000000	2
70800000000	0
70810000000	0
70820000000	5
70830000000	3
70840000000	5
70850000000	1
70860000000	2
70870000000	4
70880000000	4
70890000000	3
70900000000	2
70910000000	1
70920000000	2
70930000000	2
70940000000	6
70950000000	3
70960000000	1
70970000000	0
70980000000	1
70990000000	0
71000000000	1
71010000000	3
71020000000	2
71030000000	4
71040000000	0
71050000000	2
71060000000	3
71070000000	3
71080000000	1
71090000000	4
71100000000	2
71110000000	6
71120000000	3
71130000000	3
71140000000	3
71150000000	2
71160000000	3
71170000000	3
71180000000	5
71190000000	2
71200000000	2
71210000000	3
71220000000	0
71230000000	3
71240000000	3
71250000000	2
71260000000	3
71270000000	5
71280000000	6
71290000000	3
71300000000	5
71310000000	6
71320000000	3
71330000000	3
71340000000	5
71350000000	2
71360000000	2
71370000000	6
71380000000	6
71390000000	1
71400000000	1
71410000000	2
71420000000	3
71430000000	0
71440000000	1
71450000000	3
71460000000	6
71470000000	1
71480000000	6
71490000000	5
71500000000	3
71510000000	4
71520000000	6
71530000000	2
71540000000	6
71550000000	3
71560000000	2
71570000000	4
71580000000	2
71590000000	1
71600000000	1
71610000000	1
71620000000	0
71630000000	2
71640000000	4
71650000000	4
71660000000	3
71670000000	2
71680000000	8
71690000000	6
71700000000	3
71710000000	3
71720000000	4
71730000000	0
71740000000	2
71750000000	1
71760000000	0
71770000000	2
71780000000	2
71790000000	4
71800000000	2
71810000000	1
71820000000	0
71830000000	0
71840000000	1
71850000000	2
71860000000	0
71870000000	0
71880000000	1
71890000000	0
71900000000	1
71910000000	0
71920000000	1
71930000000	0
71940000000	1
71950000000	0
71960000000	0
71970000000	0
71980000000	1
71990000000	0
72000000000	1
72010000000	0
72020000000	0
72030000000	1
72040000000	0
72050000000	0
72060000000	0
72070000000	1
72080000000	0
72090000000	0
72100000000	0
72110000000	0
72120000000	0
72130000000	0
72140000000	1
72150000000	0
72160000000	0
72170000000	0
72180000000	0
72190000000	0
72200000000	0
72210000000	0
72220000000	1
72230000000	0
72240000000	0
72250000000	0
72260000000	0
72270000000	0
72280000000	0
72290000000	0
72300000000	0
72310000000	0
72320000000	0
72330000000	0
72340000000	0
72350000000	0
72360000000	0
72370000000	0
72380000000	0
72390000000	0
72400000000	0
72410000000	0
72420000000	0
72430000000	0
72440000000	0
72450000000	0
72460000000	1
72470000000	0
72480000000	0
72490000000	0
72500000000	0
72510000000	0
72520000000	0
72530000000	0
72540000000	0
72550000000	0
72560000000	0
72570000000	0
72580000000	0
72590000000	0
72600000000	0
72610000000	0
72620000000	0
72630000000	0
72640000000	0
72650000000	0
72660000000	0
72670000000	0
72680000000	0
72690000000	0
72700000000	0
72710000000	0
72720000000	0
72730000000	0
72740000000	0
72750000000	2
72760000000	0
72770000000	2
72780000000	3
72790000000	7
72800000000	0
72810000000	3
72820000000	3
72830000000	4
72840000000	3
72850000000	5
72860000000	1
72870000000	1
72880000000	7
72890000000	3
72900000000	1
72910000000	5
72920000000	3
72930000000	2
72940000000	3
72950000000	1
72960000000	2
72970000000	3
72980000000	3
72990000000	2
73000000000	1
73010000000	2
73020000000	7
73030000000	7
73040000000	8
73050000000	2
73060000000	2
73070000000	3
73080000000	2
73090000000	0
73100000000	0
73110000000	1
73120000000	0
73130000000	2
73140000000	5
73150000000	6
73160000000	2
73170000000	2
73180000000	2
73190000000	5
73200000000	1
73210000000	2
73220000000	3
73230000000	5
73240000000	5
73250000000	5
73260000000	2
73270000000	2
73280000000	5
73290000000	6
73300000000	3
73310000000	2
73320000000	1
73330000000	4
73340000000	2
73350000000	2
73360000000	3
73370000000	4
73380000000	3
73390000000	2
73400000000	4
73410000000	2
73420000000	3
73430000000	4
73440000000	4
73450000000	1
73460000000	4
73470000000	2
73480000000	4
73490000000	5
73500000000	0
73510000000	4
73520000000	3
73530000000	0
73540000000	5
73550000000	2
73560000000	1
73570000000	2
73580000000	2
73590000000	5
73600000000	3
73610000000	1
73620000000	3
73630000000	1
73640000000	4
73650000000	3
73660000000	2
73670000000	1
73680000000	1
73690000000	2
73700000000	1
73710000000	3
73720000000	3
73730000000	2
73740000000	4
73750000000	1
73760000000	1
73770000000	2
73780000000	2
73790000000	2
73800000000	2
73810000000	2
73820000000	2
73830000000	1
73840000000	1
73850000000	0
73860000000	2
73870000000	0
73880000000	1
73890000000	1
73900000000	1
73910000000	0
73920000000	0
73930000000	1
73940000000	0
73950000000	0
73960000000	1
73970000000	1
73980000000	0
73990000000	1
74000000000	0
74010000000	0
74020000000	0
74030000000	0
74040000000	0
74050000000	0
74060000000	0
74070000000	0
74080000000	0
74090000000	0
74100000000	1
74110000000	0
74120000000	0
74130000000	0
74140000000	0
74150000000	0
74160000000	0
74170000000	0
74180000000	0
74190000000	0
74200000000	0
74210000000	0
74220000000	0
74230000000	0
74240000000	0
74250000000	0
74260000000	0
74270000000	0
74280000000	0
74290000000	0
74300000000	0
74310000000	0
74320000000	0
74330000000	0
74340000000	0
74350000000	0
74360000000	0
74370000000	0
74380000000	0
74390000000	0
74400000000	0
74410000000	0
74420000000	0
74430000000	0
74440000000	0
74450000000	0
74460000000	0
74470000000	0
74480000000	0
74490000000	0
74500000000	0
74510000000	0
74520000000	0
74530000000	0
74540000000	0
74550000000	0
74560000000	0
74570000000	0
74580000000	0
74590000000	0
74600000000	0
74610000000	0
74620000000	0
74630000000	0
74640000000	0
74650000000	0
74660000000	0
74670000000	0
74680000000	0
74690000000	0
74700000000	0
74710000000	0
74720000000	0
74730000000	0
74740000000	0
74750000000	1
74760000000	1
74770000000	1
74780000000	1
74790000000	3
74800000000	1
74810000000	3
74820000000	2
74830000000	1
74840000000	0
74850000000	4
74860000000	2
74870000000	2
74880000000	2
74890000000	2
74900000000	5
74910000000	2
74920000000	2
74930000000	0
74940000000	3
74950000000	4
74960000000	5
74970000000	3
74980000000	6
74990000000	1
75000000000	1
75010000000	2
75020000000	3
75030000000	4
75040000000	3
75050000000	1
75060000000	1
75070000000	2
75080000000	1
75090000000	5
75100000000	3
75110000000	6
75120000000	2
75130000000	2
75140000000	0
75150000000	0
75160000000	0
75170000000	3
75180000000	2
75190000000	1
75200000000	1
75210000000	4
75220000000	0
75230000000	4
75240000000	2
75250000000	3
75260000000	2
75270000000	4
75280000000	6
75290000000	4
75300000000	3
75310000000	2
75320000000	1
75330000000	4
75340000000	3
75350000000	1
75360000000	2
75370000000	1
75380000000	1
75390000000	2
75400000000	5
75410000000	1
75420000000	2
75430000000	1
75440000000	1
75450000000	1
75460000000	2
75470000000	1
75480000000	2
75490000000	2
75500000000	3
75510000000	3
75520000000	2
75530000000	7
75540000000	2
75550000000	0
75560000000	2
75570000000	3
75580000000	1
75590000000	1
75600000000	2
75610000000	1
75620000000	2
75630000000	3
75640000000	5
75650000000	5
75660000000	6
75670000000	2
75680000000	5
75690000000	3
75700000000	2
75710000000	2
75720000000	2
75730000000	2
75740000000	2
75750000000	1
75760000000	1
75770000000	1
75780000000	0
75790000000	1
75800000000	0
75810000000	1
75820000000	0
75830000000	1
75840000000	0
75850000000	1
75860000000	0
75870000000	0
75880000000	1
75890000000	1
75900000000	0
75910000000	0
75920000000	0
75930000000	0
75940000000	0
75950000000	1
75960000000	1
75970000000	0
75980000000	1
75990000000	0
76000000000	0
76010000000	0
76020000000	1
76030000000	1
76040000000	1
76050000000	1
76060000000	0
76070000000	0
76080000000	0
76090000000	0
76100000000	0
76110000000	0
76120000000	0
76130000000	0
76140000000	0
76150000000	0
76160000000	0
76170000000	0
76180000000	0
76190000000	0
76200000000	0
76210000000	0
76220000000	0
76230000000	0
76240000000	0
76250000000	0
76260000000	0
76270000000	0
76280000000	0
76290000000	0
76300000000	0
76310000000	0
76320000000	0
76330000000	0
76340000000	0
76350000000	0
76360000000	0
76370000000	0
76380000000	0
76390000000	0
76400000000	0
76410000000	0
76420000000	0
76430000000	0
76440000000	0
76450000000	0
76460000000	0
76470000000	0
76480000000	0
76490000000	0
76500000000	0
76510000000	0
76520000000	0
76530000000	0
76540000000	0
76550000000	0
76560000000	0
76570000000	0
76580000000	0
76590000000	0
76600000000	0
76610000000	0
76620000000	0
76630000000	0
76640000000	0
76650000000	0
76660000000	0
76670000000	0
76680000000	0
76690000000	0
76700000000	0
76710000000	0
76720000000	0
76730000000	0
76740000000	0
76750000000	0
76760000000	0
76770000000	3
76780000000	2
76790000000	2
76800000000	1
76810000000	1
76820000000	5
76830000000	2
76840000000	4
76850000000	1
76860000000	2
76870000000	1
76880000000	5
76890000000	2
76900000000	3
76910000000	5
76920000000	1
76930000000	2
76940000000	2
76950000000	2
76960000000	1
76970000000	1
76980000000	1
76990000000	2
77000000000	3
77010000000	3
77020000000	3
77030000000	1
77040000000	2
77050000000	2
77060000000	1
77070000000	2
77080000000	0
77090000000	1
77100000000	2
77110000000	2
77120000000	2
77130000000	1
77140000000	2
77150000000	6
77160000000	2
77170000000	1
77180000000	3
77190000000	6
77200000000	6
77210000000	3
77220000000	4
77230000000	3
77240000000	3
77250000000	1
77260000000	3
77270000000	1
77280000000	3
77290000000	2
77300000000	2
77310000000	5
77320000000	2
77330000000	4
77340000000	4
77350000000	3
77360000000	0
77370000000	4
77380000000	1
77390000000	3
77400000000	0
77410000000	6
77420000000	2
77430000000	3
77440000000	2
77450000000	1
77460000000	0
77470000000	1
77480000000	2
77490000000	2
77500000000	3
77510000000	2
77520000000	3
77530000000	2
77540000000	3
77550000000	0
77560000000	2
77570000000	2
77580000000	5
77590000000	0
77600000000	3
77610000000	3
77620000000	4
77630000000	3
77640000000	3
77650000000	5
77660000000	2
77670000000	1
77680000000	4
77690000000	4
77700000000	3
77710000000	2
77720000000	3
77730000000	3
77740000000	3
77750000000	3
77760000000	4
77770000000	3
77780000000	2
77790000000	1
77800000000	1
77810000000	1
77820000000	1
77830000000	0
77840000000	0
77850000000	2
77860000000	1
77870000000	0
77880000000	0
77890000000	1
77900000000	0
77910000000	0
77920000000	1
77930000000	1
77940000000	0
77950000000	0
77960000000	0
77970000000	1
77980000000	0
77990000000	0
78000000000	0
78010000000	3
78020000000	0
78030000000	0
78040000000	0
78050000000	0
78060000000	0
78070000000	0
78080000000	0
78090000000	1
78100000000	0
78110000000	1
78120000000	0
78130000000	0
78140000000	0
78150000000	0
78160000000	0
78170000000	0
78180000000	0
78190000000	0
78200000000	0
78210000000	0
78220000000	0
78230000000	0
78240000000	0
78250000000	0
78260000000	0
78270000000	0
78280000000	0
78290000000	0
78300000000	0
78310000000	0
78320000000	0
78330000000	1
78340000000	0
78350000000	0
78360000000	0
78370000000	0
78380000000	0
78390000000	0
78400000000	0
78410000000	0
78420000000	0
78430000000	0
78440000000	0
78450000000	0
78460000000	0
78470000000	0
78480000000	0
78490000000	0
78500000000	0
78510000000	0
78520000000	0
78530000000	0
78540000000	0
78550000000	0
78560000000	0
78570000000	0
78580000000	0
78590000000	0
78600000000	0
78610000000	0
78620000000	0
78630000000	0
78640000000	0
78650000000	0
78660000000	0
78670000000	0
78680000000	0
78690000000	0
78700000000	0
78710000000	0
78720000000	0
78730000000	0
78740000000	0
78750000000	0
78760000000	1
78770000000	2
78780000000	2
78790000000	1
78800000000	1
78810000000	2
78820000000	0
78830000000	5
78840000000	3
78850000000	2
78860000000	1
78870000000	4
78880000000	1
78890000000	0
78900000000	2
78910000000	3
78920000000	3
78930000000	3
78940000000	3
78950000000	4
78960000000	3
78970000000	3
78980000000	4
78990000000	2
79000000000	6
79010000000	2
79020000000	6
79030000000	4
79040000000	2
79050000000	1
79060000000	1
79070000000	3
79080000000	5
79090000000	2
79100000000	3
79110000000	3
79120000000	2
79130000000	4
79140000000	1
79150000000	1
79160000000	2
79170000000	3
79180000000	1
79190000000	3
79200000000	4
79210000000	5
79220000000	4
79230000000	6
79240000000	3
79250000000	3
79260000000	0
79270000000	1
79280000000	4
79290000000	3
79300000000	4
79310000000	5
79320000000	3
79330000000	3
79340000000	3
79350000000	4
79360000000	3
79370000000	6
79380000000	5
79390000000	3
79400000000	4
79410000000	1
79420000000	4
79430000000	2
79440000000	1
79450000000	2
79460000000	4
79470000000	1
79480000000	5
79490000000	2
79500000000	7
79510000000	1
79520000000	2
79530000000	0
79540000000	4
79550000000	4
79560000000	5
79570000000	4
79580000000	9
79590000000	0
79600000000	7
79610000000	1
79620000000	1
79630000000	4
79640000000	2
79650000000	6
79660000000	4
79670000000	0
79680000000	3
79690000000	1
79700000000	4
79710000000	4
79720000000	2
79730000000	2
79740000000	0
79750000000	3
79760000000	4
79770000000	3
79780000000	2
79790000000	0
79800000000	2
79810000000	1
79820000000	4
79830000000	0
79840000000	0
79850000000	0
79860000000	1
79870000000	1
79880000000	2
79890000000	1
79900000000	0
79910000000	0
79920000000	0
79930000000	0
79940000000	1
79950000000	1
79960000000	0
79970000000	0
79980000000	0
79990000000	0
80000000000	1
80010000000	0
80020000000	0
80030000000	0
80040000000	0
80050000000	1
80060000000	0
80070000000	0
80080000000	0
80090000000	0
80100000000	0
80110000000	0
80120000000	0
80130000000	0
80140000000	0
80150000000	0
80160000000	0
80170000000	0
80180000000	0
80190000000	0
80200000000	0
80210000000	0
80220000000	0
80230000000	0
80240000000	0
80250000000	0
80260000000	0
80270000000	0
80280000000	0
80290000000	0
80300000000	0
80310000000	1
80320000000	0
80330000000	0
80340000000	0
80350000000	0
80360000000	0
80370000000	0
80380000000	0
80390000000	0
80400000000	0
80410000000	0
80420000000	0
80430000000	0
80440000000	0
80450000000	0
80460000000	0
80470000000	0
80480000000	0
80490000000	0
80500000000	0
80510000000	0
80520000000	1
80530000000	0
80540000000	0
80550000000	1
80560000000	0
80570000000	0
80580000000	0
80590000000	0
80600000000	0
80610000000	0
80620000000	0
80630000000	0
80640000000	0
80650000000	0
80660000000	0
80670000000	0
80680000000	0
80690000000	0
80700000000	0
80710000000	0
80720000000	0
80730000000	0
80740000000	0
80750000000	0
80760000000	2
80770000000	2
80780000000	4
80790000000	1
80800000000	0
80810000000	1
80820000000	1
80830000000	2
80840000000	1
80850000000	2
80860000000	1
80870000000	4
80880000000	5
80890000000	5
80900000000	2
80910000000	2
80920000000	4
80930000000	2
80940000000	3
80950000000	4
80960000000	4
80970000000	1
80980000000	6
80990000000	2
81000000000	5
81010000000	0
81020000000	0
81030000000	1
81040000000	2
81050000000	2
81060000000	2
81070000000	2
81080000000	1
81090000000	2
81100000000	4
81110000000	3
81120000000	3
81130000000	3
81140000000	5
81150000000	2
81160000000	1
81170000000	2
81180000000	2
81190000000	4
81200000000	3
81210000000	3
81220000000	5
81230000000	1
81240000000	5
81250000000	2
81260000000	3
81270000000	3
81280000000	2
81290000000	3
81300000000	2
81310000000	2
81320000000	2
81330000000	5
81340000000	2
81350000000	3
81360000000	2
81370000000	2
81380000000	5
81390000000	1
81400000000	3
81410000000	0
81420000000	1
81430000000	3
81440000000	2
81450000000	2
81460000000	2
81470000000	0
81480000000	2
81490000000	5
81500000000	4
81510000000	2
81520000000	2
81530000000	3
81540000000	2
81550000000	4
81560000000	2
81570000000	2
81580000000	2
81590000000	0
81600000000	3
81610000000	1
81620000000	3
81630000000	2
81640000000	2
81650000000	3
81660000000	2
81670000000	7
81680000000	4
81690000000	0
81700000000	4
81710000000	4
81720000000	1
81730000000	2
81740000000	4
81750000000	5
81760000000	2
81770000000	3
81780000000	5
81790000000	1
81800000000	1
81810000000	0
81820000000	3
81830000000	3
81840000000	2
81850000000	1
81860000000	0
81870000000	0
81880000000	0
81890000000	0
81900000000	2
81910000000	2
81920000000	1
81930000000	0
81940000000	0
81950000000	1
81960000000	0
81970000000	0
81980000000	0
81990000000	0
82000000000	0
82010000000	0
82020000000	0
82030000000	0
82040000000	0
82050000000	0
82060000000	0
82070000000	1
82080000000	0
82090000000	0
82100000000	0
82110000000	1
82120000000	0
82130000000	0
82140000000	0
82150000000	0
82160000000	0
82170000000	0
82180000000	0
82190000000	0
82200000000	0
82210000000	0
82220000000	0
82230000000	0
82240000000	0
82250000000	0
82260000000	0
82270000000	0
82280000000	0
82290000000	0
82300000000	0
82310000000	0
82320000000	0
82330000000	0
82340000000	0
82350000000	0
82360000000	0
82370000000	0
82380000000	0
82390000000	0
82400000000	0
82410000000	1
82420000000	0
82430000000	0
82440000000	0
82450000000	0
82460000000	0
82470000000	1
82480000000	0
82490000000	0
82500000000	0
82510000000	0
82520000000	0
82530000000	0
82540000000	0
82550000000	0
82560000000	0
82570000000	0
82580000000	0
82590000000	0
82600000000	0
82610000000	0
82620000000	0
82630000000	0
82640000000	0
82650000000	0
82660000000	0
82670000000	0
82680000000	0
82690000000	0
82700000000	0
82710000000	0
82720000000	0
82730000000	0
82740000000	0
82750000000	0
82760000000	1
82770000000	3
82780000000	5
82790000000	1
82800000000	3
82810000000	3
82820000000	2
82830000000	5
82840000000	2
82850000000	2
82860000000	1
82870000000	4
82880000000	3
82890000000	1
82900000000	3
82910000000	3
82920000000	2
82930000000	6
82940000000	4
82950000000	2
82960000000	2
82970000000	0
82980000000	2
82990000000	4
83000000000	3
83010000000	0
83020000000	4
83030000000	2
83040000000	3
83050000000	0
83060000000	3
83070000000	2
83080000000	2
83090000000	3
83100000000	4
83110000000	3
83120000000	3
83130000000	10
83140000000	2
83150000000	4
83160000000	2
83170000000	3
83180000000	3
83190000000	0
83200000000	4
83210000000	4
83220000000	1
83230000000	3
83240000000	5
83250000000	0
83260000000	3
83270000000	1
83280000000	1
83290000000	2
83300000000	2
83310000000	3
83320000000	2
83330000000	2
83340000000	1
83350000000	1
83360000000	2
83370000000	7
83380000000	4
83390000000	4
83400000000	1
83410000000	4
83420000000	1
83430000000	9
83440000000	6
83450000000	3
83460000000	3
83470000000	2
83480000000	1
83490000000	4
83500000000	3
83510000000	3
83520000000	2
83530000000	3
83540000000	1
83550000000	4
83560000000	2
83570000000	3
83580000000	3
83590000000	6
83600000000	3
83610000000	0
83620000000	3
83630000000	3
83640000000	5
83650000000	4
83660000000	1
83670000000	4
83680000000	2
83690000000	1
83700000000	3
83710000000	5
83720000000	2
83730000000	4
83740000000	0
83750000000	1
83760000000	0
83770000000	2
83780000000	1
83790000000	2
83800000000	1
83810000000	0
83820000000	0
83830000000	0
83840000000	3
83850000000	0
83860000000	1
83870000000	0
83880000000	1
83890000000	2
83900000000	0
83910000000	0
83920000000	5
83930000000	1
83940000000	1
83950000000	0
83960000000	0
83970000000	0
83980000000	0
83990000000	0
84000000000	0
84010000000	0
84020000000	0
84030000000	0
84040000000	0
84050000000	1
84060000000	1
84070000000	0
84080000000	0
84090000000	0
84100000000	0
84110000000	0
84120000000	1
84130000000	1
84140000000	0
84150000000	0
84160000000	0
84170000000	0
84180000000	0
84190000000	0
84200000000	0
84210000000	0
84220000000	1
84230000000	0
84240000000	0
84250000000	0
84260000000	0
84270000000	0
84280000000	0
84290000000	0
84300000000	0
84310000000	0
84320000000	0
84330000000	0
84340000000	1
84350000000	0
84360000000	0
84370000000	0
84380000000	0
84390000000	0
84400000000	0
84410000000	0
84420000000	0
84430000000	0
84440000000	0
84450000000	0
84460000000	0
84470000000	0
84480000000	0
84490000000	0
84500000000	0
84510000000	0
84520000000	0
84530000000	0
84540000000	0
84550000000	0
84560000000	0
84570000000	0
84580000000	0
84590000000	0
84600000000	0
84610000000	0
84620000000	0
84630000000	0
84640000000	0
84650000000	0
84660000000	0
84670000000	0
84680000000	0
84690000000	0
84700000000	0
84710000000	0
84720000000	0
84730000000	0
84740000000	0
84750000000	0
84760000000	3
84770000000	3
84780000000	0
84790000000	1
84800000000	5
84810000000	4
84820000000	5
84830000000	0
84840000000	4
84850000000	1
84860000000	2
84870000000	1
84880000000	5
84890000000	3
84900000000	2
84910000000	4
84920000000	6
84930000000	4
84940000000	6
84950000000	3
84960000000	1
84970000000	2
84980000000	1
84990000000	4
85000000000	5
85010000000	3
85020000000	5
85030000000	4
85040000000	5
85050000000	2
85060000000	4
85070000000	5
85080000000	2
85090000000	2
85100000000	1
85110000000	3
85120000000	5
85130000000	1
85140000000	8
85150000000	3
85160000000	2
85170000000	3
85180000000	2
85190000000	4
85200000000	3
85210000000	3
85220000000	4
85230000000	3
85240000000	4
85250000000	4
85260000000	3
85270000000	2
85280000000	2
85290000000	1
85300000000	4
85310000000	3
85320000000	1
85330000000	1
85340000000	1
85350000000	2
85360000000	1
85370000000	4
85380000000	2
85390000000	1
85400000000	3
85410000000	1
85420000000	5
85430000000	6
85440000000	6
85450000000	4
85460000000	3
85470000000	3
85480000000	4
85490000000	0
85500000000	2
85510000000	5
85520000000	2
85530000000	2
85540000000	1
85550000000	2
85560000000	3
85570000000	4
85580000000	5
85590000000	4
85600000000	2
85610000000	1
85620000000	8
85630000000	5
85640000000	2
85650000000	0
85660000000	3
85670000000	2
85680000000	4
85690000000	1
85700000000	6
85710000000	4
85720000000	3
85730000000	2
85740000000	2
85750000000	5
85760000000	1
85770000000	1
85780000000	4
85790000000	1
85800000000	0
85810000000	3
85820000000	1
85830000000	1
85840000000	0
85850000000	3
85860000000	0
85870000000	0
85880000000	1
85890000000	0
85900000000	1
85910000000	0
85920000000	2
85930000000	0
85940000000	1
85950000000	0
85960000000	0
85970000000	0
85980000000	0
85990000000	0
86000000000	0
86010000000	0
86020000000	0
86030000000	1
86040000000	0
86050000000	0
86060000000	0
86070000000	0
86080000000	0
86090000000	0
86100000000	0
86110000000	0
86120000000	0
86130000000	0
86140000000	0
86150000000	1
86160000000	0
86170000000	0
86180000000	1
86190000000	0
86200000000	0
86210000000	0
86220000000	0
86230000000	0
86240000000	0
86250000000	0
86260000000	0
86270000000	0
86280000000	0
86290000000	0
86300000000	0
86310000000	0
86320000000	0
86330000000	0
86340000000	0
86350000000	0
86360000000	0
86370000000	0
86380000000	0
86390000000	0
86400000000	0
86410000000	0
86420000000	0
86430000000	0
86440000000	0
86450000000	0
86460000000	0
86470000000	0
86480000000	0
86490000000	0
86500000000	0
86510000000	0
86520000000	0
86530000000	0
86540000000	0
86550000000	0
86560000000	0
86570000000	1
86580000000	0
86590000000	0
86600000000	0
86610000000	0
86620000000	0
86630000000	0
86640000000	0
86650000000	0
86660000000	0
86670000000	0
86680000000	0
86690000000	0
86700000000	0
86710000000	0
86720000000	0
86730000000	0
86740000000	0
86750000000	0
86760000000	0
86770000000	1
86780000000	1
86790000000	4
86800000000	1
86810000000	0
86820000000	2
86830000000	1
86840000000	1
86850000000	4
86860000000	6
86870000000	5
86880000000	3
86890000000	3
86900000000	4
86910000000	5
86920000000	5
86930000000	0
86940000000	3
86950000000	1
86960000000	3
86970000000	2
86980000000	3
86990000000	3
87000000000	7
87010000000	2
87020000000	3
87030000000	4
87040000000	0
87050000000	3
87060000000	5
87070000000	2
87080000000	5
87090000000	0
87100000000	1
87110000000	2
87120000000	0
87130000000	3
87140000000	4
87150000000	2
87160000000	4
87170000000	6
87180000000	2
87190000000	3
87200000000	5
87210000000	2
87220000000	3
87230000000	3
87240000000	5
87250000000	1
87260000000	1
87270000000	3
87280000000	4
87290000000	4
87300000000	3
87310000000	7
87320000000	5
87330000000	3
87340000000	5
87350000000	8
87360000000	2
87370000000	1
87380000000	5
87390000000	2
87400000000	1
87410000000	3
87420000000	4
87430000000	2
87440000000	2
87450000000	4
87460000000	1
87470000000	4
87480000000	5
87490000000	5
87500000000	2
87510000000	1
87520000000	6
87530000000	0
87540000000	1
87550000000	1
87560000000	2
87570000000	3
87580000000	1
87590000000	2
87600000000	2
87610000000	5
87620000000	4
87630000000	0
87640000000	2
87650000000	1
87660000000	3
87670000000	4
87680000000	2
87690000000	3
87700000000	3
87710000000	1
87720000000	1
87730000000	3
87740000000	1
87750000000	4
87760000000	0
87770000000	0
87780000000	1
87790000000	1
87800000000	2
87810000000	1
87820000000	1
87830000000	1
87840000000	2
87850000000	0
87860000000	2
87870000000	2
87880000000	0
87890000000	0
87900000000	2
87910000000	0
87920000000	1
87930000000	0
87940000000	0
87950000000	1
87960000000	0
87970000000	1
87980000000	0
87990000000	1
88000000000	0
88010000000	1
88020000000	0
88030000000	0
88040000000	2
88050000000	0
88060000000	1
88070000000	0
88080000000	2
88090000000	0
88100000000	0
88110000000	0
88120000000	0
88130000000	0
88140000000	0
88150000000	0
88160000000	0
88170000000	0
88180000000	0
88190000000	0
88200000000	0
88210000000	0
88220000000	0
88230000000	0
88240000000	0
88250000000	0
88260000000	0
88270000000	0
88280000000	0
88290000000	0
88300000000	0
88310000000	0
88320000000	0
88330000000	0
88340000000	0
88350000000	0
88360000000	0
88370000000	0
88380000000	0
88390000000	0
88400000000	0
88410000000	0
88420000000	0
88430000000	0
88440000000	0
88450000000	0
88460000000	0
88470000000	0
88480000000	0
88490000000	0
88500000000	0
88510000000	0
88520000000	0
88530000000	0
88540000000	0
88550000000	0
88560000000	0
88570000000	0
88580000000	0
88590000000	0
88600000000	0
88610000000	0
88620000000	0
88630000000	0
88640000000	0
88650000000	0
88660000000	0
88670000000	0
88680000000	0
88690000000	0
88700000000	0
88710000000	0
88720000000	0
88730000000	0
88740000000	0
88750000000	0
88760000000	0
88770000000	0
88780000000	0
88790000000	2
88800000000	0
88810000000	2
88820000000	2
88830000000	4
88840000000	1
88850000000	5
88860000000	6
88870000000	3
88880000000	4
88890000000	3
88900000000	1
88910000000	4
88920000000	5
88930000000	3
88940000000	0
88950000000	2
88960000000	2
88970000000	0
88980000000	1
88990000000	2
89000000000	4
89010000000	3
89020000000	1
89030000000	1
89040000000	4
89050000000	6
89060000000	5
89070000000	2
89080000000	5
89090000000	0
89100000000	2
89110000000	1
89120000000	2
89130000000	3
89140000000	3
89150000000	2
89160000000	0
89170000000	3
89180000000	3
89190000000	1
89200000000	3
89210000000	1
89220000000	3
89230000000	8
89240000000	3
89250000000	3
89260000000	5
89270000000	1
89280000000	1
89290000000	1
89300000000	1
89310000000	2
89320000000	1
89330000000	5
89340000000	0
89350000000	2
89360000000	2
89370000000	3
89380000000	3
89390000000	5
89400000000	4
89410000000	3
89420000000	3
89430000000	3
89440000000	4
89450000000	1
89460000000	3
89470000000	1
89480000000	5
89490000000	2
89500000000	0
89510000000	1
89520000000	2
89530000000	0
89540000000	4
89550000000	1
89560000000	3
89570000000	2
89580000000	3
89590000000	5
89600000000	4
89610000000	1
89620000000	1
89630000000	2
89640000000	3
89650000000	6
89660000000	3
89670000000	4
89680000000	3
89690000000	1
89700000000	4
89710000000	2
89720000000	1
89730000000	5
89740000000	1
89750000000	2
89760000000	3
89770000000	3
89780000000	3
89790000000	4
89800000000	2
89810000000	3
89820000000	0
89830000000	2
89840000000	2
89850000000	1
89860000000	0
89870000000	1
89880000000	1
89890000000	0
89900000000	0
89910000000	1
89920000000	0
89930000000	0
89940000000	0
89950000000	0
89960000000	0
89970000000	0
89980000000	1
89990000000	0
90000000000	0
90010000000	1
90020000000	0
90030000000	0
90040000000	0
90050000000	0
90060000000	0
90070000000	0
90080000000	0
90090000000	0
90100000000	0
90110000000	0
90120000000	0
90130000000	0
90140000000	1
90150000000	0
90160000000	0
90170000000	0
90180000000	0
90190000000	0
90200000000	0
90210000000	0
90220000000	0
90230000000	0
90240000000	0
90250000000	0
90260000000	0
90270000000	0
90280000000	0
90290000000	0
90300000000	0
90310000000	0
90320000000	1
90330000000	0
90340000000	0
90350000000	0
90360000000	0
90370000000	0
90380000000	0
90390000000	0
90400000000	0
90410000000	0
90420000000	0
90430000000	1
90440000000	0
90450000000	0
90460000000	0
90470000000	0
90480000000	0
90490000000	0
90500000000	0
90510000000	0
90520000000	0
90530000000	0
90540000000	0
90550000000	0
90560000000	0
90570000000	0
90580000000	0
90590000000	0
90600000000	0
90610000000	0
90620000000	0
90630000000	0
90640000000	0
90650000000	0
90660000000	0
90670000000	0
90680000000	0
90690000000	0
90700000000	0
90710000000	0
90720000000	0
90730000000	0
90740000000	0
90750000000	0
90760000000	1
90770000000	3
90780000000	4
90790000000	0
90800000000	6
90810000000	0
90820000000	5
90830000000	4
90840000000	3
90850000000	5
90860000000	3
90870000000	2
90880000000	2
90890000000	3
90900000000	1
90910000000	3
90920000000	7
90930000000	1
90940000000	10
90950000000	1
90960000000	8
90970000000	8
90980000000	4
90990000000	1
91000000000	1
91010000000	5
91020000000	2
91030000000	3
91040000000	6
91050000000	1
91060000000	3
91070000000	1
91080000000	3
91090000000	4
91100000000	1
91110000000	4
91120000000	0
91130000000	5
91140000000	6
91150000000	1
91160000000	1
91170000000	3
91180000000	3
91190000000	2
91200000000	6
91210000000	2
91220000000	2
91230000000	3
91240000000	3
91250000000	5
91260000000	4
91270000000	4
91280000000	2
91290000000	0
91300000000	2
91310000000	2
91320000000	2
91330000000	3
91340000000	3
91350000000	3
91360000000	4
91370000000	0
91380000000	1
91390000000	4
91400000000	6
91410000000	6
91420000000	1
91430000000	3
91440000000	3
91450000000	2
91460000000	5
91470000000	2
91480000000	8
91490000000	5
91500000000	3
91510000000	3
91520000000	3
91530000000	3
91540000000	2
91550000000	2
91560000000	1
91570000000	3
91580000000	3
91590000000	1
91600000000	4
91610000000	5
91620000000	2
91630000000	3
91640000000	2
91650000000	3
91660000000	3
91670000000	3
91680000000	2
91690000000	2
91700000000	5
91710000000	2
91720000000	2
91730000000	2
91740000000	5
91750000000	4
91760000000	4
91770000000	1
91780000000	1
91790000000	2
91800000000	2
91810000000	0
91820000000	2
91830000000	2
91840000000	0
91850000000	2
91860000000	0
91870000000	0
91880000000	0
91890000000	0
91900000000	1
91910000000	1
91920000000	1
91930000000	0
91940000000	0
91950000000	2
91960000000	0
91970000000	2
91980000000	0
91990000000	0
92000000000	0
92010000000	0
92020000000	0
92030000000	0
92040000000	0
92050000000	0
92060000000	0
92070000000	0
92080000000	0
92090000000	0
92100000000	0
92110000000	0
92120000000	1
92130000000	0
92140000000	0
92150000000	0
92160000000	0
92170000000	0
92180000000	0
92190000000	0
92200000000	0
92210000000	0
92220000000	1
92230000000	0
92240000000	0
92250000000	0
92260000000	0
92270000000	0
92280000000	0
92290000000	0
92300000000	0
92310000000	0
92320000000	0
92330000000	0
92340000000	0
92350000000	0
92360000000	0
92370000000	0
92380000000	0
92390000000	0
92400000000	0
92410000000	0
92420000000	2
92430000000	0
92440000000	0
92450000000	0
92460000000	0
92470000000	0
92480000000	0
92490000000	0
92500000000	0
92510000000	0
92520000000	0
92530000000	0
92540000000	0
92550000000	0
92560000000	0
92570000000	0
92580000000	0
92590000000	0
92600000000	0
92610000000	0
92620000000	0
92630000000	0
92640000000	0
92650000000	0
92660000000	0
92670000000	0
92680000000	0
92690000000	0
92700000000	0
92710000000	0
92720000000	0
92730000000	0
92740000000	0
92750000000	0
92760000000	3
92770000000	2
92780000000	2
92790000000	2
92800000000	1
92810000000	1
92820000000	4
92830000000	2
92840000000	0
92850000000	3
92860000000	5
92870000000	1
92880000000	1
92890000000	5
92900000000	3
92910000000	2
92920000000	4
92930000000	4
92940000000	2
92950000000	2
92960000000	3
92970000000	2
92980000000	2
92990000000	3
93000000000	2
93010000000	5
93020000000	2
93030000000	8
93040000000	3
93050000000	4
93060000000	1
93070000000	1
93080000000	2
93090000000	1
93100000000	2
93110000000	2
93120000000	5
93130000000	4
93140000000	3
93150000000	2
93160000000	4
93170000000	6
93180000000	1
93190000000	1
93200000000	6
93210000000	6
93220000000	2
93230000000	0
93240000000	0
93250000000	2
93260000000	2
93270000000	0
93280000000	4
93290000000	2
93300000000	5
93310000000	1
93320000000	1
93330000000	2
93340000000	4
93350000000	2
93360000000	3
93370000000	3
93380000000	2
93390000000	4
93400000000	0
93410000000	0
93420000000	3
93430000000	1
93440000000	4
93450000000	3
93460000000	1
93470000000	1
93480000000	1
93490000000	2
93500000000	1
93510000000	9
93520000000	6
93530000000	1
93540000000	1
93550000000	1
93560000000	3
93570000000	2
93580000000	5
93590000000	0
93600000000	6
93610000000	2
93620000000	3
93630000000	3
93640000000	2
93650000000	5
93660000000	7
93670000000	0
93680000000	0
93690000000	3
93700000000	4
93710000000	1
93720000000	1
93730000000	0
93740000000	5
93750000000	6
93760000000	0
93770000000	2
93780000000	2
93790000000	1
93800000000	0
93810000000	1
93820000000	1
93830000000	0
93840000000	3
93850000000	0
93860000000	0
93870000000	0
93880000000	1
93890000000	3
93900000000	0
93910000000	0
93920000000	1
93930000000	1
93940000000	0
93950000000	1
93960000000	1
93970000000	0
93980000000	1
93990000000	0
94000000000	0
94010000000	1
94020000000	0
94030000000	0
94040000000	1
94050000000	0
94060000000	0
94070000000	0
94080000000	0
94090000000	0
94100000000	0
94110000000	0
94120000000	0
94130000000	0
94140000000	1
94150000000	0
94160000000	0
94170000000	0
94180000000	0
94190000000	0
94200000000	0
94210000000	0
94220000000	0
94230000000	0
94240000000	0
94250000000	0
94260000000	0
94270000000	0
94280000000	0
94290000000	0
94300000000	0
94310000000	0
94320000000	0
94330000000	0
94340000000	0
94350000000	0
94360000000	0
94370000000	0
94380000000	0
94390000000	0
94400000000	0
94410000000	0
94420000000	0
94430000000	0
94440000000	0
94450000000	0
94460000000	0
94470000000	0
94480000000	0
94490000000	0
94500000000	0
94510000000	0
94520000000	0
94530000000	0
94540000000	0
94550000000	0
94560000000	0
94570000000	0
94580000000	0
94590000000	0
94600000000	0
94610000000	0
94620000000	0
94630000000	0
94640000000	0
94650000000	0
94660000000	0
94670000000	0
94680000000	0
94690000000	0
94700000000	0
94710000000	0
94720000000	0
94730000000	0
94740000000	0
94750000000	0
94760000000	1
94770000000	1
94780000000	1
94790000000	2
94800000000	4
94810000000	4
94820000000	1
94830000000	4
94840000000	2
94850000000	2
94860000000	5
94870000000	5
94880000000	1
94890000000	2
94900000000	4
94910000000	2
94920000000	3
94930000000	4
94940000000	4
94950000000	2
94960000000	2
94970000000	4
94980000000	0
94990000000	3
95000000000	2
95010000000	3
95020000000	6
95030000000	2
95040000000	4
95050000000	2
95060000000	1
95070000000	2
95080000000	3
95090000000	4
95100000000	6
95110000000	2
95120000000	2
95130000000	4
95140000000	4
95150000000	2
95160000000	6
95170000000	3
95180000000	1
95190000000	0
95200000000	2
95210000000	3
95220000000	3
95230000000	6
95240000000	1
95250000000	1
95260000000	1
95270000000	3
95280000000	7
95290000000	4
95300000000	3
95310000000	1
95320000000	2
95330000000	2
95340000000	4
95350000000	1
95360000000	2
95370000000	6
95380000000	4
95390000000	4
95400000000	2
95410000000	3
95420000000	3
95430000000	1
95440000000	4
95450000000	4
95460000000	3
95470000000	0
95480000000	6
95490000000	0
95500000000	3
95510000000	5
95520000000	2
95530000000	2
95540000000	6
95550000000	1
95560000000	2
95570000000	1
95580000000	1
95590000000	2
95600000000	1
95610000000	2
95620000000	5
95630000000	3
95640000000	2
95650000000	3
95660000000	0
95670000000	0
95680000000	7
95690000000	2
95700000000	9
95710000000	3
95720000000	2
95730000000	2
95740000000	2
95750000000	4
95760000000	3
95770000000	3
95780000000	1
95790000000	0
95800000000	3
95810000000	2
95820000000	0
95830000000	1
95840000000	0
95850000000	0
95860000000	0
95870000000	0
95880000000	0
95890000000	0
95900000000	0
95910000000	0
95920000000	0
95930000000	0
95940000000	0
95950000000	0
95960000000	0
95970000000	1
95980000000	0
95990000000	1
96000000000	0
96010000000	0
96020000000	0
96030000000	0
96040000000	0
96050000000	0
96060000000	0
96070000000	0
96080000000	0
96090000000	0
96100000000	0
96110000000	0
96120000000	0
96130000000	0
96140000000	0
96150000000	0
96160000000	0
96170000000	0
96180000000	0
96190000000	0
96200000000	0
96210000000	0
96220000000	0
96230000000	0
96240000000	0
96250000000	0
96260000000	0
96270000000	0
96280000000	0
96290000000	0
96300000000	0
96310000000	0
96320000000	0
96330000000	0
96340000000	0
96350000000	0
96360000000	0
96370000000	0
96380000000	0
96390000000	0
96400000000	1
96410000000	0
96420000000	0
96430000000	0
96440000000	0
96450000000	0
96460000000	0
96470000000	0
96480000000	0
96490000000	0
96500000000	0
96510000000	0
96520000000	0
96530000000	0
96540000000	0
96550000000	0
96560000000	0
96570000000	0
96580000000	0
96590000000	0
96600000000	0
96610000000	0
96620000000	0
96630000000	0
96640000000	0
96650000000	0
96660000000	0
96670000000	0
96680000000	1
96690000000	0
96700000000	0
96710000000	0
96720000000	0
96730000000	0
96740000000	0
96750000000	0
96760000000	1
96770000000	3
96780000000	6
96790000000	2
96800000000	0
96810000000	2
96820000000	2
96830000000	4
96840000000	0
96850000000	1
96860000000	3
96870000000	3
96880000000	2
96890000000	2
96900000000	1
96910000000	2
96920000000	0
96930000000	4
96940000000	4
96950000000	5
96960000000	2
96970000000	1
96980000000	8
96990000000	6
97000000000	3
97010000000	4
97020000000	3
97030000000	3
97040000000	4
97050000000	6
97060000000	5
97070000000	6
97080000000	3
97090000000	2
97100000000	1
97110000000	1
97120000000	2
97130000000	0
97140000000	3
97150000000	2
97160000000	5
97170000000	4
97180000000	3
97190000000	5
97200000000	1
97210000000	1
97220000000	3
97230000000	1
97240000000	3
97250000000	3
97260000000	2
97270000000	0
97280000000	4
97290000000	4
97300000000	2
97310000000	5
97320000000	3
97330000000	4
97340000000	2
97350000000	1
97360000000	3
97370000000	2
97380000000	5
97390000000	4
97400000000	5
97410000000	2
97420000000	3
97430000000	2
97440000000	3
97450000000	1
97460000000	2
97470000000	2
97480000000	3
97490000000	3
97500000000	2
97510000000	4
97520000000	0
97530000000	2
97540000000	1
97550000000	0
97560000000	4
97570000000	2
97580000000	4
97590000000	5
97600000000	1
97610000000	4
97620000000	5
97630000000	4
97640000000	4
97650000000	4
97660000000	1
97670000000	8
97680000000	8
97690000000	3
97700000000	3
97710000000	2
97720000000	5
97730000000	3
97740000000	2
97750000000	0
97760000000	2
97770000000	2
97780000000	1
97790000000	0
97800000000	2
97810000000	2
97820000000	2
97830000000	0
97840000000	0
97850000000	1
97860000000	0
97870000000	1
97880000000	0
97890000000	0
97900000000	1
97910000000	0
97920000000	1
97930000000	0
97940000000	1
97950000000	0
97960000000	0
97970000000	0
97980000000	2
97990000000	0
98000000000	0
98010000000	1
98020000000	0
98030000000	0
98040000000	0
98050000000	0
98060000000	0
98070000000	1
98080000000	0
98090000000	0
98100000000	1
98110000000	0
98120000000	0
98130000000	0
98140000000	0
98150000000	0
98160000000	0
98170000000	0
98180000000	0
98190000000	0
98200000000	1
98210000000	0
98220000000	0
98230000000	0
98240000000	0
98250000000	1
98260000000	0
98270000000	0
98280000000	0
98290000000	0
98300000000	0
98310000000	0
98320000000	0
98330000000	0
98340000000	0
98350000000	0
98360000000	0
98370000000	0
98380000000	0
98390000000	0
98400000000	0
98410000000	0
98420000000	0
98430000000	0
98440000000	0
98450000000	0
98460000000	0
98470000000	0
98480000000	0
98490000000	0
98500000000	0
98510000000	0
98520000000	0
98530000000	0
98540000000	0
98550000000	0
98560000000	0
98570000000	0
98580000000	0
98590000000	0
98600000000	0
98610000000	0
98620000000	0
98630000000	0
98640000000	0
98650000000	0
98660000000	0
98670000000	0
98680000000	0
98690000000	0
98700000000	0
98710000000	0
98720000000	0
98730000000	0
98740000000	0
98750000000	1
98760000000	0
98770000000	2
98780000000	3
98790000000	1
98800000000	5
98810000000	1
98820000000	1
98830000000	2
98840000000	2
98850000000	5
98860000000	1
98870000000	4
98880000000	1
98890000000	0
98900000000	4
98910000000	5
98920000000	5
98930000000	2
98940000000	2
98950000000	3
98960000000	1
98970000000	2
98980000000	3
98990000000	6
99000000000	5
99010000000	1
99020000000	3
99030000000	0
99040000000	4
99050000000	4
99060000000	3
99070000000	1
99080000000	2
99090000000	2
99100000000	2
99110000000	7
99120000000	0
99130000000	5
99140000000	4
99150000000	2
99160000000	2
99170000000	1
99180000000	4
99190000000	3
99200000000	0
99210000000	2
99220000000	2
99230000000	2
99240000000	3
99250000000	3
99260000000	0
99270000000	2
99280000000	6
99290000000	5
99300000000	4
99310000000	0
99320000000	9
99330000000	3
99340000000	3
99350000000	0
99360000000	1
99370000000	2
99380000000	3
99390000000	3
99400000000	1
99410000000	4
99420000000	3
99430000000	4
99440000000	1
99450000000	3
99460000000	3
99470000000	5
99480000000	4
99490000000	5
99500000000	3
99510000000	2
99520000000	5
99530000000	3
99540000000	1
99550000000	0
99560000000	3
99570000000	1
99580000000	3
99590000000	3
99600000000	1
99610000000	0
99620000000	2
99630000000	1
99640000000	1
99650000000	6
99660000000	2
99670000000	1
99680000000	3
99690000000	2
99700000000	6
99710000000	1
99720000000	1
99730000000	2
99740000000	6
99750000000	0
99760000000	1
99770000000	0
99780000000	1
99790000000	2
99800000000	1
99810000000	1
99820000000	0
99830000000	1
99840000000	1
99850000000	0
99860000000	0
99870000000	1
99880000000	0
99890000000	0
99900000000	1
99910000000	0
99920000000	1
99930000000	0
99940000000	0
99950000000	0
99960000000	0
99970000000	1
99980000000	2
99990000000	1
