50	889.99908
50.532299	886
51.064598	886
51.596897	888.7298
52.129196	892.55157
52.661495	894.32233
53.193794	893.16705
53.726093	893.99408
54.258392	896.46814
54.790688	899.60052
55.322987	898.60907
55.855286	895.08093
56.387585	893.53522
56.919884	896.85077
57.452183	894.62982
57.984482	897.71167
58.516781	898.65717
59.04908	899.20892
59.581379	903.85852
60.113678	894.73798
60.645977	898.57257
61.178276	898.22949
61.710575	896.16278
62.242874	896.98322
62.775173	902.69159
63.307468	899.38055
63.839767	893.86121
64.37207	902.14484
64.904366	907.64587
65.436668	903.55859
65.968964	902
66.501266	902
67.033562	902
67.565857	908.98669
68.09816	910.59332
68.630455	902.40887
69.162758	900.34924
69.695053	911.11676
70.227356	912.31519
70.759651	913.0296
71.291954	922.27649
71.824249	937.12531
72.356552	932.93921
72.888847	922.99677
73.42115	918.34607
73.953445	922.43134
74.485748	926.37976
75.018044	925.31604
75.550346	937.77191
76.082642	928.21716
76.614937	917.60571
77.14724	925.83295
77.679535	934.81818
78.211838	921.10425
78.744133	909.47516
79.276436	920.15472
79.808731	920.48999
80.341034	919
80.873329	917.55444
81.405632	912.92023
81.937927	905.44202
82.47023	907.34552
83.002525	912.90277
83.534828	917.3316
84.067123	919.27496
84.599426	919.6817
85.131721	917.18823
85.664017	913.15759
86.19632	916.79791
86.728615	911.81018
87.260918	905.46063
87.793213	917.71869
88.325516	915.22437
88.857811	918.78339
89.390114	919.4118
89.922409	919.41809
90.454712	923.51587
90.987007	932.41772
91.51931	916.61395
92.051605	920.21674
92.583908	912.1405
93.116203	912.81702
93.648499	920.57202
94.180801	909.75751
94.713097	907.26001
95.245399	913.63947
95.777695	917.12347
96.309998	909.9007
96.842293	898.92242
97.374596	902.67651
97.906891	910.99701
98.439194	920.05237
98.971489	912.7652
99.503792	907.36865
100.03609	913.53674
100.56839	921.56842
101.10069	916.5719
101.63299	908.65088
102.16528	911.59619
102.69758	913.97308
103.22988	912.34174
103.76218	916.95483
104.29448	916.95319
104.82677	919.14307
105.35908	922.20538
105.89137	923.55139
106.42368	921.33582
106.95597	916.26776
107.48827	920.43103
108.02057	909.98218
108.55287	915.54181
109.08517	919.34888
109.61747	914.86444
110.14977	917.47748
110.68207	911.63141
111.21436	911.6651
111.74666	915.33905
112.27896	914.70837
112.81126	910.16223
113.34356	911.96722
113.87585	924.4931
114.40816	913.3681
114.94045	915.79785
115.47276	922.14105
116.00505	920.53052
116.53735	909.91467
117.06965	909.91296
117.60195	918.11914
118.13425	920.90967
118.66655	922.98438
119.19884	924.40405
119.73115	918.80554
120.26344	907.93988
120.79574	909.91931
121.32804	919.7464
121.86034	917.40259
122.39264	908.75092
122.92493	916.13287
123.45724	909.45673
123.98953	910.42212
124.52184	907.88239
125.05413	915.05804
125.58643	926.88623
126.11873	926.56104
126.65103	924.05066
127.18333	921.5448
127.71563	918.42084
128.24792	919.57874
128.78023	922.59076
129.31252	921.99646
129.84482	922.83124
130.37712	918.11127
130.90942	922.53497
131.44171	919.80841
131.97401	915.59106
132.50632	921.0293
133.03862	916.01715
133.57091	922.34943
134.10321	912.84576
134.63551	911.22058
135.16782	914.89307
135.7001	912.22797
136.23241	908.87823
136.76471	920.48102
137.297	908.82556
137.8293	904.36749
138.3616	910.24762
138.89391	917.37659
139.42619	919.84277
139.9585	919.84106
140.4908	919.15009
141.0231	914.09705
141.55539	914.19769
142.08769	922.83282
142.62	926.98157
143.1523	930.33032
143.68459	922.99268
144.21689	927.52905
144.74919	928.00897
145.28149	919.27545
145.81378	921.58313
146.34608	931.63562
146.87839	928.38483
147.41068	929.70288
147.94298	929.74103
148.47528	929.85046
149.00758	937.71985
149.53987	927.66083
150.07217	933.71527
150.60448	933.99469
151.13678	935.9046
151.66907	936.7016
152.20137	928.92297
152.73367	929.75977
153.26598	929.00201
153.79826	941.51013
154.33057	941.6842
154.86287	940.04749
155.39516	951.52393
155.92746	938.94269
156.45976	950.38898
156.99207	951.453
157.52435	954.83435
158.05666	957.05981
158.58896	955.25226
159.12126	961.78088
159.65355	961.77917
160.18585	955.46008
160.71815	947.36029
161.25046	943.15485
161.78275	946.18964
162.31505	955.18298
162.84735	961.05597
163.37965	951.44458
163.91194	957.01056
164.44424	954.98639
164.97655	945.07867
165.50883	951.66406
166.04114	950.82294
166.57344	943.76178
167.10574	945.45953
167.63803	947.75415
168.17033	944.19385
168.70264	937.25244
169.23494	946.50592
169.76723	955.74237
170.29953	950.51276
170.83183	942.7569
171.36414	940.77826
171.89642	945.6369
172.42873	949.64276
172.96103	945.44092
173.49332	941.93262
174.02562	943.98303
174.55792	944.43774
175.09023	939.38745
175.62251	935.24207
176.15482	941.96295
176.68712	941.97949
177.21942	947.59564
177.75171	938.01184
178.28401	921.34106
178.81631	927.15674
179.34862	938.08246
179.88091	936.33557
180.41321	931.27301
180.94551	927.76007
181.4778	931.16071
182.0101	940.23212
182.5424	937.69702
183.07471	931.8092
183.60699	929.33459
184.1393	929.22852
184.6716	929.70056
185.2039	927.17578
185.73619	917.80017
186.26849	919.48407
186.8008	929.25781
187.3331	931.53607
187.86539	926.90155
188.39769	918.79083
188.92999	912.0528
189.4623	923.01117
189.99458	918.9458
190.52689	918.94702
191.05919	920.15619
191.59148	920.67883
192.12378	921.63843
192.65608	926.69678
193.18839	931.74548
193.72067	931.98376
194.25298	923.69226
194.78528	920.79016
195.31758	924.62946
195.84987	914.02899
196.38217	919.08929
196.91447	930.13348
197.44678	918.89746
197.97906	916.0282
198.51137	922.88373
199.04367	916.01904
199.57596	918.54919
200.10826	917.03717
200.64056	916.65039
201.17287	917.6391
201.70515	918.64703
202.23746	918.64539
202.76976	918.54126
203.30206	915.16266
203.83435	913.21216
204.36665	912.63867
204.89896	912.23413
205.43126	911.14093
205.96355	910.27417
206.49585	916.17218
207.02815	915.85156
207.56044	918.12195
208.09274	914.01166
208.62505	907.00006
209.15735	907.82648
209.68964	919.6156
210.22194	917.07953
210.75424	913.15979
211.28654	908.39691
211.81883	911.3396
212.35114	919.93378
212.88344	916.46594
213.41574	902.94305
213.94803	904.64978
214.48033	914.07678
215.01263	919.60522
215.54494	915.17175
216.07722	903.61475
216.60953	897.68384
217.14183	912.60114
217.67412	918.99146
218.20642	916.92456
218.73872	916.1828
219.27103	918.86816
219.80331	912.40698
220.33562	909.86835
220.86792	907.32959
221.40022	910.77228
221.93251	914.02747
222.46481	919.21826
222.99712	929.63068
223.52942	923.70758
224.06171	910.33624
224.59401	914.9989
225.12631	918.57349
225.6586	911.58575
226.1909	901.70837
226.72321	909.44843
227.25551	907.75433
227.7878	912.08917
228.3201	913.56342
228.8524	909.08978
229.3847	903.85364
229.91699	904.97852
230.4493	907.51636
230.9816	910.89404
231.5139	906.7818
232.04619	906.66486
232.57849	909.67493
233.11079	911.54834
233.64308	910.98309
234.17538	904.20709
234.70769	915.76898
235.23999	912.80713
235.77228	907.62012
236.30458	905.00372
236.83688	903.23352
237.36919	912.54407
237.90147	915.0838
238.43378	903.67731
238.96608	904.53162
239.49838	911.49719
240.03067	913.802
240.56297	911.25385
241.09528	908.7099
241.62758	907.73639
242.15987	918.93134
242.69217	925.03601
243.22447	915.2644
243.75676	898.84674
244.28906	909.54047
244.82137	910.38812
245.35367	911.23438
245.88596	909.78815
246.41826	904.70782
246.95056	904.91492
247.48286	918.54431
248.01515	911.75891
248.54745	904.96021
249.07976	902.83215
249.61206	904.04163
250.14435	909.13605
250.67665	913.79132
251.20895	907.55414
251.74124	908.40063
252.27354	912.29144
252.80585	912.26733
253.33815	905.9787
253.87044	905.04486
254.40274	915.25745
254.93504	903.56885
255.46735	913.77069
255.99963	901.31573
256.53195	903.27692
257.06424	915.57568
257.59653	923.18481
258.12885	918.39398
258.66113	909.90363
259.19342	904.62469
259.72574	912.67126
260.25803	911.88269
260.79031	908.96075
261.32263	912.21271
261.85492	907.81
262.38724	912.91339
262.91953	919.52594
263.45181	912.31238
263.98413	905.53064
264.51642	913.16907
265.04871	928.71771
265.58102	909.48132
266.11331	912.03314
266.64563	914.58514
267.17792	913.74536
267.71021	917.85602
268.24252	923.56207
268.77481	918.31708
269.3071	917.46564
269.83942	921.53473
270.3717	910.3374
270.90399	903.38269
271.43631	905.80402
271.9686	910.51923
272.50092	907.18921
273.0332	904.6322
273.56549	917.71625
274.09781	906.20532
274.6301	907.13458
275.16238	916.06512
275.6947	912.27594
276.22699	907.37115
276.75931	906.51746
277.2916	907.15405
277.82388	908.00397
278.3562	911.54486
278.88849	912.39215
279.42078	906.64209
279.95309	913.3576
280.48538	908.24158
281.01767	906.68573
281.54999	906.96075
282.08228	909.4801
282.61459	909.96558
283.14688	903.2688
283.67917	902.41449
284.21149	909.83673
284.74377	908.66443
285.27606	915.91583
285.80838	917.97791
286.34067	909.14209
286.87296	909.02374
287.40527	915.00482
287.93756	912.9765
288.46988	903.23358
289.00217	903.93915
289.53445	911.16705
290.06677	912.45416
290.59906	905.09723
291.13135	901.68231
291.66367	901.36438
292.19595	915.17053
292.72827	918.06934
293.26056	906.32568
293.79285	895.68793
294.32516	901.92261
294.85745	913.01825
295.38974	904.59143
295.92206	908.01447
296.45435	913.2699
296.98663	914.66174
297.51895	916.52356
298.05124	921.91675
298.58356	906.54449
299.11584	906.53589
299.64813	908.51294
300.18045	910.66278
300.71274	911.44849
301.24503	909.63483
301.77734	911.37573
302.30963	917.35352
302.84195	916.89703
303.37424	909.4754
303.90652	907.72906
304.43884	910.36176
304.97113	906.68488
305.50342	915.22839
306.03574	911.08429
306.56802	906.10626
307.10031	902.64276
307.63263	900.48773
308.16492	903.60834
308.69724	913.93903
309.22952	904.53406
309.76181	913.50439
310.29413	906.31866
310.82642	905.04102
311.3587	905.68939
311.89102	904.85394
312.42331	909.06818
312.9556	907.35638
313.48792	905.64099
314.0202	903.24127
314.55252	907.15436
315.08481	910.49817
315.6171	906.76044
316.14941	899.50446
316.6817	901.2171
317.21399	903.75275
317.74631	901.5672
318.27859	901.35162
318.81091	905.4212
319.3432	910.02777
319.87549	909.2757
320.40781	909.27405
320.94009	907.63116
321.47238	903.20966
322.0047	908.20856
322.53699	914.26733
323.06927	911.53009
323.60159	903.89362
324.13388	909.03864
324.6662	910.08124
325.19849	907.5451
325.73077	906.25739
326.26309	903.10687
326.79538	899.50586
327.32767	905.09589
327.85999	919.68243
328.39227	914.47565
328.92459	907.10071
329.45688	910.72693
329.98917	915.44897
330.52148	911.93976
331.05377	905.69751
331.58606	909.12958
332.11838	907.57501
332.65067	904.47693
333.18295	906.52319
333.71527	908.01172
334.24756	906.23059
334.77988	906.22888
335.31216	906.22723
335.84445	902.86658
336.37677	907.11395
336.90906	905.87738
337.44135	906.55164
337.97366	908.74042
338.50595	902.75488
339.03824	906.18939
339.57056	912.18188
340.10284	911.7887
340.63516	911.21051
341.16745	908.19769
341.69974	906.52283
342.23206	911.75897
342.76434	909.14655
343.29663	903.12885
343.82895	906.56299
344.36124	911.72559
344.89355	912.85248
345.42584	913.3501
345.95813	918.36121
346.49045	918.86646
347.02274	908.54749
347.55502	909.42877
348.08734	915.03931
348.61963	911.18903
349.15192	908.41589
349.68423	918.99371
350.21652	917.69659
350.74884	909.0946
351.28113	910.4826
351.81342	909.91797
352.34573	907.70404
352.87802	910.3858
353.41031	914.78766
353.94263	902.09692
354.47491	901.2348
355.00723	912.2616
355.53952	915.16364
356.07181	913.6153
356.60413	908.77484
357.13641	905.0567
357.6687	910.36145
358.20102	903.47437
358.73331	908.07874
359.26559	906.4198
359.79791	915.49579
360.3302	920.09479
360.86252	912.01202
361.39481	908.34369
361.92709	922.97919
362.45941	921.43915
362.9917	910.43146
363.52399	906.71417
364.0563	905.82367
364.58859	905.93591
365.12088	908.84235
365.6532	902.20032
366.18549	904.7879
366.7178	903.63342
367.25009	916.55249
367.78238	914.72864
368.3147	904.79761
368.84698	909.11053
369.37927	913.83441
369.91159	924.19397
370.44388	916.48309
370.9762	906.98749
371.50848	903.11346
372.04077	906.47015
372.57309	909.74677
373.10538	902.40393
373.63766	904.99365
374.16998	910.8761
374.70227	907.97607
375.23456	903.89465
375.76688	901.27032
376.29916	904.26379
376.83148	915.09674
377.36377	915.06042
377.89606	909.88422
378.42838	912.02008
378.96066	912.49493
379.49295	915.29816
380.02527	914.24432
380.55756	904.27185
381.08987	905.72791
381.62216	916.96368
382.15445	907.95947
382.68677	907.00745
383.21906	905.54382
383.75134	906.7771
384.28366	912.60358
384.81595	910.77283
385.34824	908.17688
385.88055	903.93085
386.41284	901.68268
386.94516	903.84943
387.47745	905.64142
388.00974	905.63531
388.54205	908.57532
389.07434	917.02844
389.60663	915.29645
390.13895	913.56445
390.67123	910.61151
391.20352	907.14874
391.73584	905.39093
392.26813	904.80994
392.80045	900.97772
393.33273	912.20471
393.86502	905.83661
394.39734	909.3717
394.92963	903.53058
395.46191	900.80768
395.99423	909.08905
396.52652	912.42139
397.05884	915.01703
397.59113	917.61285
398.12341	909.31439
398.65573	914.91101
399.18802	917.81952
399.72031	917.59039
400.25262	922.93097
400.78491	913.85278
401.3172	911.25256
401.84952	912.59528
402.38181	920.2193
402.91412	907.86127
403.44641	901.53625
403.9787	912.72736
404.51102	905.88959
405.0433	905.02148
405.57559	899.0224
406.10791	903.05652
406.6402	906.76782
407.17252	907.09161
407.7048	902.14063
408.23709	896.63477
408.76941	908.49219
409.3017	916.29199
409.83398	910.66986
410.3663	918.19958
410.89859	920.36633
411.43088	915.63794
411.9632	911.98633
412.49548	911.35431
413.0278	907.00806
413.56009	917.32745
414.09238	920.43854
414.62469	916.80096
415.15698	907.00177
415.68927	904.30914
416.22159	911.75934
416.75388	899.85901
417.28616	911.13513
417.81848	899.89343
418.35077	909.75305
418.88309	911.09888
419.41537	908.59955
419.94766	909.01483
420.47998	903.81372
421.01227	903.09497
421.54456	911.78967
422.07687	911.45154
422.60916	900.40015
423.14148	902.27307
423.67377	910.59186
424.20605	908.59113
424.73837	905.09637
425.27066	915.51324
425.80295	907.60321
426.33527	906.64374
426.86755	909.79993
427.39984	911.05518
427.93216	911.48816
428.46445	916.01599
428.99677	920.39526
429.52905	910.82043
430.06134	906.77765
430.59366	905.9278
431.12595	919.63696
431.65823	919.22369
432.19055	902.05804
432.72284	907.7851
433.25516	906.9726
433.78745	913.92249
434.31973	912.67798
434.85205	905.74603
435.38434	914.08057
435.91663	922.2757
436.44894	913.90942
436.98123	913.41663
437.51352	909.06873
438.04584	909.74292
438.57813	904.22589
439.11044	905.95807
439.64273	904.40021
440.17502	903.71497
440.70734	913.31982
441.23962	910.77075
441.77191	909.02649
442.30423	912.91394
442.83652	916.58813
443.3688	913.52313
443.90112	909.0517
444.43341	908.1731
444.96573	911.60931
445.49802	925.49683
446.0303	915.0553
446.56262	905.36798
447.09491	905.4577
447.6272	913.59961
448.15952	917.92627
448.6918	916.95685
449.22412	921.42535
449.75641	911.86761
450.2887	911.86591
450.82101	918.59308
451.3533	912.80438
451.88559	914.2583
452.41791	918.30823
452.9502	912.20007
453.48248	907.18335
454.0148	909.79907
454.54709	910.7066
455.07941	917.3775
455.61169	921.0437
456.14398	916.67932
456.6763	909.8183
457.20859	910.85779
457.74088	922.01862
458.27319	923.76251
458.80548	923.00549
459.3378	920.01099
459.87009	915.3584
460.40237	915.54956
460.93469	918.83246
461.46698	917.42578
461.99927	912.56744
462.53159	921.29761
463.06387	915.26361
463.59616	920.75964
464.12848	917.0199
464.66077	912.70117
465.19308	919.15125
465.72537	927.44891
466.25766	913.18042
466.78998	918.4306
467.32227	920.43201
467.85455	930.37915
468.38687	928.12317
468.91916	917.20544
469.45145	914.98584
469.98376	923.04706
470.51605	906.72736
471.04837	921.58221
471.58066	920.39209
472.11295	921.82642
472.64526	927.75934
473.17755	924.96924
473.70984	914.89008
474.24216	914.7146
474.77444	923.88757
475.30676	925.638
475.83905	927.38519
476.37134	912.95142
476.90366	916.22772
477.43594	922.22968
477.96823	917.58014
478.50055	916.69812
479.03284	925.26654
479.56512	916.51801
480.09744	916.57245
480.62973	923.53473
481.16205	921.25012
481.69434	915.91193
482.22662	917.80231
482.75894	926.73273
483.29123	935.76221
483.82352	935.7605
484.35583	918.03198
484.88812	921.9444
485.42044	920.7326
485.95273	918.05652
486.48502	921.30548
487.01733	923.81879
487.54962	919.81219
488.08191	920.68597
488.61423	928.08813
489.14651	929.05206
489.6788	927.60516
490.21112	919.60754
490.74341	913.96436
491.27573	921.13446
491.80801	922.88745
492.3403	924.63739
492.87262	914.7804
493.40491	912.73035
493.93719	920.31403
494.46951	924.80627
495.0018	924.06293
495.53409	924.08191
496.06641	921.44653
496.59869	918.81097
497.13101	931.40955
497.6633	922.13672
498.19559	918.91907
498.72791	924.51337
499.26019	926.85284
499.79248	921.47601
500.3248	921.4967
500.85709	927.64313
501.3894	925.9668
501.92169	928.68811
502.45398	926.58167
502.9863	921.68506
503.51859	925.55798
504.05087	937.47443
504.58319	937.78723
505.11548	925.76843
505.64777	930.16022
506.18008	925.28314
506.71237	917.82727
507.24469	923.69867
507.77698	931.68524
508.30927	929.95905
508.84158	927.00171
509.37387	933.28394
509.90616	925.37067
510.43848	924.67688
510.97076	931.48987
511.50308	927.94513
512.03534	924.8717
512.56769	926.07373
513.09998	926.84167
513.63226	942.80737
514.16455	933.13202
514.69684	918.43207
515.22919	922.11188
515.76147	928.23792
516.29376	937.3222
516.82605	938.25494
517.35834	927.36133
517.89063	929.99921
518.42297	932.63684
518.95526	946.64954
519.48755	929.02075
520.01984	925.18622
520.55212	929.21973
521.08447	934.80347
521.61676	936.61572
522.14905	927.86194
522.68134	924.12659
523.21362	935.56775
523.74591	946.21277
524.27826	935.74121
524.81055	922.92456
525.34283	925.09937
525.87512	933.02594
526.40741	930.23389
526.93976	933.20642
527.47205	939.36871
528.00433	935.3999
528.53662	945.4967
529.06891	935.04828
529.60126	930.50397
530.13354	935.24536
530.66583	936.37048
531.19812	939.74207
531.73041	927.97406
532.2627	949.9978
532.79504	941.73212
533.32733	935.3089
533.85962	934.68549
534.39191	937.71362
534.92419	939.99139
535.45654	938.22424
535.98883	936.7334
536.52112	938.49457
537.05341	927.76324
537.58569	933.45624
538.11798	928.22174
538.65033	923.06842
539.18262	927.21204
539.7149	933.83044
540.24719	934.20129
540.77948	931.70044
541.31183	943.18683
541.84412	932.95367
542.3764	943.40027
542.90869	952.73871
543.44098	946.51996
543.97327	935.2644
544.50562	934.75934
545.0379	936.44922
545.57019	947.03473
546.10248	941.68732
546.63477	942.00781
547.16711	941.95551
547.6994	941.55981
548.23169	936.32648
548.76398	930.89417
549.29626	941.11792
549.82855	944.43579
550.3609	940.01208
550.89319	936.38031
551.42548	937.57483
551.95776	942.46295
552.49005	946.43311
553.0224	946.88672
553.55469	941.0979
554.08698	927.8161
554.61926	957.89667
555.15155	948.16559
555.6839	944.28802
556.21619	951.14008
556.74847	944.6333
557.28076	935.33606
557.81305	933.08362
558.34534	929.69183
558.87769	954.23761
559.40997	949.80945
559.94226	946.21588
560.47455	944.80841
561.00684	949.29132
561.53918	945.28442
562.07147	937.88226
562.60376	939.52551
563.13605	942.92664
563.66833	945.66614
564.20062	951.8642
564.73297	954.09393
565.26526	955.86365
565.79755	952.54547
566.32983	956.72052
566.86212	963.47705
567.39447	956.15222
567.92676	944.38721
568.45905	943.49945
568.99133	948.78027
569.52362	952.56085
570.05591	958.71869
570.58826	948.53186
571.12054	947.28729
571.65283	963.6095
572.18512	968.29572
572.71741	959.31055
573.24976	957.53589
573.78204	952.32825
574.31433	949.98645
574.84662	949.47455
575.37891	951.0274
575.91119	958.54498
576.44354	966.3028
576.97583	964.00311
577.50812	965.94305
578.04041	958.8468
578.57269	988.67511
579.10504	988.65106
579.63733	964.95123
580.16962	954.47205
580.7019	965.63611
581.23419	970.15259
581.76654	949.6004
582.29883	955.81042
582.83112	962.03247
583.3634	968.24329
583.89569	957.99988
584.42798	960.67883
584.96033	955.63507
585.49261	955.66638
586.0249	972.70691
586.55719	971.2644
587.08948	959.17755
587.62183	953.83856
588.15411	967.38257
588.6864	967.59735
589.21869	967.02679
589.75098	968.88672
590.28326	967.80566
590.81561	968.41956
591.3479	979.98248
591.88019	966.25848
592.41248	962.70404
592.94476	980.42853
593.47711	959.65973
594.0094	964.30597
594.54169	970.04736
595.07397	963.53857
595.60626	962.25372
596.13855	966.48676
596.6709	961.11108
597.20319	954.8761
597.73547	972.47278
598.26776	969.28552
598.80005	959.78973
599.3324	960.7948
599.86469	962.20984
600.39697	958.09448
600.92926	966.51569
601.46155	972.24219
601.99384	969.56805
602.52618	962.75067
603.05847	967.86743
603.59076	974.66223
604.12305	970.36591
604.65533	968.85858
605.18768	971.74286
605.71997	956.51984
606.25226	952.43854
606.78455	953.32813
607.31683	958.43445
607.84918	973.33026
608.38147	972.73383
608.91376	962.13568
609.44604	960.65771
609.97833	971.3504
610.51062	977.41321
611.04297	974.08002
611.57526	982.10309
612.10754	974.58789
612.63983	972.60065
613.17212	964.60614
613.70447	966.25787
614.23676	964.91895
614.76904	960.19781
615.30133	966.86102
615.83362	961.96271
616.36591	967.31421
616.89825	976.2135
617.43054	974.22308
617.96283	970.65228
618.49512	965.95325
619.0274	966.98676
619.55975	968.54932
620.09204	962.61462
620.62433	959.01367
621.15662	950.77441
621.6889	957.86121
622.22119	971.08032
622.75354	966.7879
623.28583	964.8725
623.81812	965.45313
624.3504	965.63074
624.88269	967.81525
625.41504	969.34229
625.94733	956.32544
626.47961	962.47388
627.0119	965.8269
627.54419	965.18329
628.07648	964.54919
628.60883	959.88696
629.14111	954.38068
629.6734	955.888
630.20569	962.32697
630.73798	954.92511
631.27032	969.04266
631.80261	952.05377
632.3349	954.71686
632.86719	970.02753
633.39948	964.71552
633.93182	952.7428
634.46411	952.97546
634.9964	958.4386
635.52869	954.71906
636.06097	959.37854
636.59326	960.66986
637.12561	943.89923
637.6579	963.45093
638.19019	960.70349
638.72247	957.43573
639.25476	959.00543
639.78711	957.38611
640.3194	958.12219
640.85168	954.54224
641.38397	953.37085
641.91626	936.51343
642.44855	943.91125
642.9809	952.90472
643.51318	947.7998
644.04547	948.55682
644.57776	944.72137
645.11005	947.09021
645.6424	949.04205
646.17468	945.17102
646.70697	945.71185
647.23926	950.66699
647.77155	950.59467
648.30383	954.6524
648.83618	952.93488
649.36847	945.84375
649.90076	947.97028
650.43304	957.06622
650.96533	946.49518
651.49768	949.13678
652.02997	948.21552
652.56226	944.20624
653.09454	943.25891
653.62683	945.93201
654.15912	944.94196
654.69147	943.30328
655.22375	938.91431
655.75604	936.17773
656.28833	944.57849
656.82062	949.22302
657.35297	943.76196
657.88525	942.65607
658.41754	935.73547
658.94983	941.646
659.48212	952.46857
660.01447	943.9798
660.54675	939.59729
661.07904	936.5451
661.61133	937.80603
662.14362	939.92645
662.6759	934.10223
663.20825	930.70264
663.74054	936.64502
664.27283	931.76556
664.80511	932.47821
665.3374	933.09924
665.86975	939.19586
666.40204	939.2674
666.93433	929.57861
667.46661	924.83057
667.9989	937.93622
668.53119	934.15253
669.06354	938.02771
669.59583	941.96362
670.12811	936.5119
670.6604	936.91125
671.19269	938.80377
671.72504	936.25751
672.25732	931.13574
672.78961	930.1236
673.3219	937.6344
673.85419	934.07001
674.38647	937.9834
674.91882	933.54883
675.45111	942.14044
675.9834	948.52557
676.51569	947.03339
677.04797	946.7605
677.58032	937.32635
678.11261	932.16791
678.6449	945.08197
679.17719	933.96661
679.70947	925.80994
680.24176	927.77319
680.77411	935.01843
681.3064	934.77026
681.83868	925.57556
682.37097	925.97876
682.90326	933.2901
683.43561	944.89673
683.9679	935.33612
684.50018	935.76404
685.03247	934.5813
685.56476	930.06494
686.09711	930.04376
686.62939	935.03723
687.16168	933.60852
687.69397	925.66235
688.22626	918.55487
688.75854	934.0069
689.29089	926.24829
689.82318	924.65289
690.35547	926.20172
690.88776	926.62714
691.42004	926.36804
691.95239	923.90161
692.48468	922.37292
693.01697	923.28821
693.54926	939.69995
694.08154	937.8493
694.61383	933.80524
695.14618	937.26306
695.67847	940.14398
696.21075	936.52191
696.74304	933.56
697.27533	937.39978
697.80768	936.53101
698.33997	928.50958
698.87225	924.43201
699.40454	931.06897
699.93683	932.91071
700.46912	926.54584
701.00146	923.17181
701.53375	934.72455
702.06604	951.12012
702.59833	923.74225
703.13062	923.76581
703.66296	922.9657
704.19525	926.39716
704.72754	920.5188
705.25983	919.88983
705.79211	923.48566
706.3244	927.26837
706.85675	938.85156
707.38904	941.05695
707.92133	919.64355
708.45361	930.2514
708.9859	928.22296
709.51825	927.70178
710.05054	926.42896
710.58282	928.18732
711.11511	929.42761
711.6474	925.06311
712.17975	929.6709
712.71204	939.80646
713.24432	921.95691
713.77661	921.04388
714.3089	921.2594
714.84119	924.86627
715.37354	930.258
715.90582	930.23676
716.43811	928.453
716.9704	933.55804
717.50269	920.61603
718.03503	923.3219
718.56732	928.61871
719.09961	933.25269
719.6319	930.58289
720.16418	930.70532
720.69647	934.30988
721.22882	930.47516
721.76111	917.65222
722.2934	916.80103
722.82568	931.68567
723.35797	933.49829
723.89032	931.23462
724.42261	925.71881
724.9549	929.80707
725.48718	932.24219
726.01947	926.37494
726.55176	918.61511
727.08411	919.27075
727.61639	933.49365
728.14868	929.93011
728.68097	918.45081
729.21326	919.24805
729.74561	919.94092
730.27789	927.37073
730.81018	931.12427
731.34247	931.55267
731.87476	932.65259
732.40704	922.58728
732.93939	920.76605
733.47168	932.45367
734.00397	928.89246
734.53625	930.38629
735.06854	920.90222
735.60089	914.12238
736.13318	914.09308
736.66547	918.90649
737.19775	924.65735
737.73004	919.80566
738.26239	923.31696
738.79468	923.34045
739.32697	924.18365
739.85925	924.38745
740.39154	926.25665
740.92383	931.54016
741.45618	928.87823
741.98846	921.64655
742.52075	925.88281
743.05304	922.89502
743.58533	917.57111
744.11768	922.08588
744.64996	921.79865
745.18225	912.5387
745.71454	919.39545
746.24683	923.69562
746.77911	924.24005
747.31146	927.08234
747.84375	920.54877
748.37604	920.573
748.90833	928.685
749.44061	925.26086
749.97296	924.04779
750.50525	925.91272
751.03754	925.71295
751.56982	931.18201
752.10211	936.78229
752.6344	936.07532
753.16675	937.17444
753.69904	928.68121
754.23132	925.10059
754.76361	918.88837
755.2959	915.73242
755.82825	920.51807
756.36053	915.0293
756.89282	917.24994
757.42511	932.57758
757.9574	938.73694
758.48969	927.3877
759.02203	928.69684
759.55432	934.11884
760.08661	929.02075
760.6189	930.63794
761.15118	933.36212
761.68353	927.4137
762.21582	927.15485
762.74811	927.85309
763.2804	920.7016
763.81268	922.88605
764.34503	929.7901
764.87732	933.42114
765.40961	922.92432
765.94189	922.32184
766.47418	925.98511
767.00647	919.97437
767.53882	918.98279
768.07111	929.05292
768.60339	935.92328
769.13568	930.5437
769.66797	926.33459
770.20032	932.67517
770.7326	929.17712
771.26489	920.81714
771.79718	925.76611
772.32947	917.46399
772.86176	915.84058
773.3941	921.46649
773.92639	919.37567
774.45868	917.97095
774.99097	925.51111
775.52325	921.95227
776.0556	921.07458
776.58789	921.00909
777.12018	926.75653
777.65247	925.96582
778.18475	925.12
778.71704	924.83563
779.24939	921.82343
779.78168	920.0647
780.31396	922.9126
780.84625	921.46759
781.37854	928.70465
781.91089	930.08301
782.44318	931.00861
782.97546	933.22357
783.50775	928.28864
784.04004	920.63428
784.57233	919.48145
785.10468	923.64215
785.63696	924.24799
786.16925	923.62085
786.70154	926.35614
787.23383	935.18781
787.76617	926.44873
788.29846	922.17206
788.83075	919.80597
789.36304	923.42749
789.89532	925.87433
790.42767	920.16034
790.95996	917.62543
791.49225	921.46552
792.02454	919.70105
792.55682	921.52991
793.08911	915.2392
793.62146	918.0625
794.15375	923.51385
794.68604	931.07043
795.21832	926.35052
795.75061	917.87616
796.28296	924.20844
796.81525	919.18927
797.34753	921.31311
797.87982	928.57721
798.41211	922.10492
798.9444	933.21381
799.47675	937.01978
800.00903	935.32123
800.54132	927.84961
801.07361	921.09021
801.6059	922.84033
802.13824	926.55768
802.67053	924.06207
803.20282	923.23376
803.73511	934.12366
804.2674	927.89447
804.79968	916.8833
805.33203	918.29047
805.86432	919.17267
806.39661	920.39178
806.92889	922.97321
807.46118	924.86755
807.99353	936.21631
808.52582	924.35742
809.05811	923.47302
809.59039	916.46027
810.12268	920.9632
810.65497	926.64185
811.18732	935.07404
811.7196	938.05853
812.25189	928.44629
812.78418	924.75171
813.31647	938.89655
813.84882	925.90704
814.3811	927.81653
814.91339	931.46619
815.44568	925.78986
815.97797	932.29291
816.51031	922.20905
817.0426	923.19391
817.57489	938.35443
818.10718	939.63531
818.63947	923.99402
819.17175	921.49335
819.7041	921.40442
820.23639	933.9364
820.76868	933.95978
821.30096	933.98322
821.83325	926.64154
822.3656	931.11719
822.89789	931.74438
823.43018	926.31818
823.96246	925.31097
824.49475	930.7793
825.02704	932.20917
825.55939	919.82147
826.09167	926.19281
826.62396	922.58594
827.15625	926.3288
827.68854	925.81427
828.22089	935.44324
828.75317	930.44812
829.28546	926.74884
829.81775	934.79852
830.35004	935.49945
830.88232	930.22882
831.41467	929.60419
831.94696	931.44385
832.47925	941.43555
833.01154	926.22607
833.54382	926.86462
834.07617	938.03302
834.60846	933.27533
835.14075	930.9115
835.67303	932.85089
836.20532	924.2627
836.73761	929.20233
837.26996	932.22595
837.80225	937.71106
838.33453	927.73834
838.86682	930.85516
839.39911	936.88147
839.93146	930.50366
840.46375	926.92798
840.99603	921.42365
841.52832	920.14972
842.06061	930.62042
842.59296	930.67883
843.12524	933.44763
843.65753	929.03601
844.18982	934.52557
844.72211	928.3653
845.25439	931.49506
845.78674	931.10358
846.31903	926.70538
846.85132	925.05969
847.38361	926.52045
847.91589	928.34656
848.44824	933.47131
848.98053	943.50415
849.51282	952.75421
850.0451	938.1908
850.57739	932.15759
851.10968	933.59369
851.64203	939.72479
852.17432	935.30988
852.7066	928.37683
853.23889	931.72638
853.77118	934.90594
854.30353	926.3772
854.83582	929.75665
855.3681	932.01227
855.90039	940.22906
856.43268	936.13
856.96497	939.52399
857.49731	941.28687
858.0296	937.89752
858.56189	928.73413
859.09418	928.40857
859.62646	935.32007
860.15881	936.84241
860.6911	941.81952
861.22339	937.18652
861.75568	931.83502
862.28796	941.8996
862.82025	931.17365
863.3526	937.77338
863.88489	933.63177
864.41718	929.31653
864.94946	939.06207
865.48175	940.81378
866.0141	930.36346
866.54639	937.3125
867.07867	935.54846
867.61096	938.58313
868.14325	930.37042
868.6756	940.61108
869.20789	946.05554
869.74017	937.95813
870.27246	934.14545
870.80475	932.04071
871.33704	937.32306
871.86938	944.77576
872.40167	940.58893
872.93396	936.0741
873.46625	934.77301
873.99854	930.4425
874.53088	937.7771
875.06317	939.20313
875.59546	928.73376
876.12775	937.54596
876.66003	942.25012
877.19232	940.94708
877.72467	942.56982
878.25696	943.16467
878.78925	936.04004
879.32153	931.49847
879.85382	944.99933
880.38617	926.7337
880.91846	942.07318
881.45074	939.51892
881.98303	932.01471
882.51532	932.30469
883.04761	940.54999
883.57996	950.58087
884.11224	951.35168
884.64453	946.99542
885.17682	948.09308
885.70911	939.09143
886.24146	956.07129
886.77374	930.42261
887.30603	934.37537
887.83832	935.73334
888.37061	950.50464
888.90289	947.60516
889.43524	944.67072
889.96753	946.96698
890.49982	946.07764
891.0321	939.039
891.56439	931.66998
892.09674	939.38397
892.62903	953.13263
893.16132	953.15601
893.6936	938.00378
894.22589	948.33337
894.75824	942.5152
895.29053	942.46826
895.82281	958.28137
896.3551	955.45654
896.88739	936.77185
897.41968	936.94165
897.95203	946.61987
898.48431	938.56409
899.0166	945.4776
899.54889	946.41913
900.08118	968.94312
900.61353	964.95831
901.14581	951.76953
901.6781	943.62024
902.21039	941.5556
902.74268	944.99341
903.27496	948.6026
903.80731	949.2735
904.3396	949.43793
904.87189	946.15485
905.40417	948.23138
905.93646	942.74268
906.46881	963.78912
907.0011	952.42603
907.53339	946.0271
908.06567	940.79266
908.59796	946.4884
909.13025	960.48883
909.6626	961.63324
910.19489	952.94507
910.72717	955.72607
911.25946	958.32318
911.79175	961.00977
912.3241	970.14636
912.85638	976.60541
913.38867	956.42474
913.92096	957.74542
914.45325	961.19116
914.98553	955.94043
915.51788	954.83051
916.05017	952.13849
916.58246	949.95819
917.11475	955.02722
917.64703	950.72205
918.17938	948.12146
918.71167	966.39642
919.24396	968.25995
919.77625	939.65607
920.30853	958.39276
920.84088	961.16925
921.37317	955.80676
921.90546	959.19147
922.43774	962.45276
922.97003	959.37579
923.50232	958.19373
924.03467	959.69922
924.56696	957.06897
925.09924	967.75818
925.63153	960.46045
926.16382	954.96014
926.69617	951.17847
927.22845	959.30103
927.76074	967.3338
928.29303	966.57184
928.82532	959.79907
929.3576	953.40503
929.88995	956.65546
930.42224	962.98517
930.95453	961.97119
931.48682	976.20697
932.0191	960.54248
932.55145	944.90521
933.08374	957.80743
933.61603	969.88733
934.14832	965.84674
934.6806	963.9892
935.21289	964.01276
935.74524	965.09784
936.27753	970.59283
936.80981	976.83301
937.3421	972.16364
937.87439	960.7738
938.40674	971.14825
938.93903	976.15259
939.47131	961.39594
940.0036	951.21729
940.53589	956.08136
941.06818	959.53839
941.60052	971.84027
942.13281	973.70691
942.6651	967.14093
943.19739	968.74475
943.72968	970.57111
944.26202	963.29254
944.79431	964.56683
945.3266	960.05939
945.85889	951.93237
946.39117	958.42694
946.92352	959.44104
947.45581	960.38879
947.9881	955.26697
948.52039	975.44562
949.05267	965.62299
949.58496	964.83691
950.11731	973.85193
950.6496	976.9964
951.18188	979.67145
951.71417	966.87482
952.24646	969.41388
952.77881	963.13879
953.3111	979.81171
953.84338	978.91193
954.37567	968.67914
954.90796	968.42926
955.44025	970.99774
955.9726	964.46509
956.50488	957.76343
957.03717	969.21228
957.56946	977.6424
958.10175	970.59613
958.63409	974.31635
959.16638	966.82452
959.69867	957.76611
960.23096	973.06909
960.76324	971.24121
961.29553	972.90851
961.82788	974.78253
962.36017	973.04144
962.89246	972.2348
963.42474	962.47845
963.95703	961.79877
964.48938	969.16003
965.02167	974.92517
965.55396	982.79279
966.08624	979.93353
966.61853	975.06061
967.15082	979.18805
967.68317	975.50598
968.21545	1000.0798
968.74774	983.21985
969.28003	972.6358
969.81232	964.31982
970.34467	974.53833
970.87695	984.22095
971.40924	979.48407
971.94153	977.41132
972.47382	976.2099
973.00616	964.22131
973.53845	977.3089
974.07074	961.93982
974.60303	964.24438
975.13531	978.17432
975.6676	973.47607
976.19995	980.15112
976.73224	982.58746
977.26453	973.505
977.79681	980.81763
978.3291	995.2005
978.86145	990.56287
979.39374	979.47791
979.92603	981.6806
980.45831	981.24414
980.9906	980.09601
981.52289	970.59247
982.05524	976.18304
982.58752	981.79596
983.11981	981.25116
983.6521	993.21973
984.18439	974.19934
984.71674	989.31842
985.24902	993.56946
985.78131	989.27893
986.3136	991.15887
986.84589	988.17059
987.37817	985.59308
987.91052	992.53351
988.44281	984.82269
988.9751	991.66162
989.50739	984.42896
990.03967	985.38098
990.57202	1001.2928
991.10431	972.74463
991.6366	987.62872
992.16888	991.52991
992.70117	987.17084
993.23346	986.09827
993.76581	986.5979
994.2981	988.16443
994.83038	990.0155
995.36267	988.66846
995.89496	988.51837
996.42731	987.29126
996.95959	983.87976
997.49188	987.62
998.02417	991.3609
998.55646	989.33038
999.08881	994.12848
999.62109	1003.4015
1000.1534	998.87964
1000.6857	991.71466
1001.218	996.14856
1001.7502	992.74561
1002.2826	981.01495
1002.8149	987.80371
1003.3472	990.42401
1003.8795	989.94275
1004.4117	978.9574
1004.9441	1022.8669
1005.4764	1004.6109
1006.0087	1009.1252
1006.541	989.65845
1007.0732	1008.6523
1007.6055	994.81702
1008.1379	997.37378
1008.6702	1006.1984
1009.2025	1004.2795
1009.7347	1009.576
1010.267	1015.8494
1010.7994	1006.9883
1011.3317	995.00238
1011.864	989.02948
1012.3962	994.85504
1012.9285	1006.0919
1013.4608	1007.3691
1013.9932	996.67017
1014.5255	999.11249
1015.0577	1002.6326
1015.59	1004.1932
1016.1223	1018.1268
1016.6547	1011.2733
1017.187	1002.6227
1017.7192	1007.785
1018.2515	1001.2646
1018.7838	1005.1213
1019.3161	980.41205
1019.8484	1020.37
1020.3807	1015.8807
1020.913	984.23151
1021.4453	1017.6422
1021.9776	1005.3447
1022.5099	1007.9437
1023.0422	1005.7369
1023.5745	1005.7938
1024.1068	1008.617
1024.6392	1014.4042
1025.1714	1015.9914
1025.7037	1008.7601
1026.236	1007.7595
1026.7683	1012.6562
1027.3007	995.98804
1027.8329	1019.9478
1028.3652	1009.3496
1028.8975	1015.8995
1029.4298	1001.7698
1029.9622	1015.2495
1030.4944	1015.9111
1031.0267	1006.0815
1031.559	1014.3965
1032.0913	1018.4235
1032.6237	1017.3288
1033.1559	1020.1052
1033.6882	1025.0106
1034.2205	1023.1072
1034.7528	1010.8932
1035.2852	1017.449
1035.8174	1028.3245
1036.3497	1041.6737
1036.882	1027.6459
1037.4143	1030.2952
1037.9465	1022.8087
1038.4789	1040.621
1039.0112	1024.4264
1039.5435	1025.2899
1040.0758	1023.6264
1040.608	1032.5576
1041.1404	1036.0991
1041.6727	1023.2031
1042.205	1020.5295
1042.7373	1026.3492
1043.2695	1026.064
1043.8019	1035.358
1044.3342	1022.3744
1044.8665	1027.7698
1045.3988	1024.9922
1045.931	1024.9011
1046.4634	1035.8054
1046.9957	1046.437
1047.528	1045.4286
1048.0603	1034.944
1048.5925	1030.6031
1049.1249	1031.0421
1049.6571	1031.522
1050.1895	1028.1455
1050.7218	1022.1125
1051.254	1029.1454
1051.7864	1046.3163
1052.3186	1036.4628
1052.851	1023.1423
1053.3833	1055.8732
1053.9155	1039.0748
1054.4479	1041.8481
1054.9801	1039.8066
1055.5125	1049.3326
1056.0448	1046.6798
1056.577	1032.7697
1057.1094	1043.8502
1057.6416	1059.0212
1058.174	1052.7114
1058.7063	1052.4266
1059.2385	1057.0708
1059.7709	1038.1461
1060.3031	1043.381
1060.8354	1047.4622
1061.3678	1051.8652
1061.9	1044.6062
1062.4324	1044.6296
1062.9646	1073.5719
1063.4969	1061.5083
1064.0292	1045.405
1064.5615	1056.1558
1065.0939	1051.1682
1065.6261	1043.9684
1066.1584	1060.0852
1066.6907	1066.1771
1067.223	1071.1117
1067.7554	1091.2227
1068.2876	1084.2109
1068.8199	1071.7897
1069.3522	1090.4099
1069.8845	1087.1531
1070.4169	1081.8083
1070.9491	1095.9316
1071.4814	1094.1587
1072.0137	1099.3053
1072.546	1079.6857
1073.0784	1079.6356
1073.6106	1064.4105
1074.1429	1073.7023
1074.6752	1080.8616
1075.2075	1073.4996
1075.7397	1076.0072
1076.2721	1079.2583
1076.8044	1067.2086
1077.3367	1071.9366
1077.869	1101.0782
1078.4012	1105.8794
1078.9336	1096.6127
1079.4659	1081.5991
1079.9982	1086.3278
1080.5305	1070.6954
1081.0627	1103.2454
1081.5951	1098.7838
1082.1274	1100.9924
1082.6597	1103.2128
1083.192	1107.9652
1083.7242	1108.8519
1084.2566	1106.5653
1084.7889	1107.4385
1085.3212	1115.5938
1085.8535	1117.2164
1086.3857	1104.9369
1086.9181	1114.3214
1087.4504	1125.8971
1087.9827	1122.6302
1088.515	1129.7303
1089.0472	1128.812
1089.5796	1119.4812
1090.1118	1145.1479
1090.6442	1149.6937
1091.1765	1154.4631
1091.7087	1144.6315
1092.2411	1140.5948
1092.7733	1149.838
1093.3057	1159.7271
1093.838	1152.5509
1094.3702	1148.1459
1094.9026	1161.3204
1095.4348	1179.058
1095.9672	1206.8586
1096.4995	1208.5576
1097.0317	1203.4636
1097.5641	1189.9849
1098.0963	1234.3624
1098.6287	1201.387
1099.161	1230.272
1099.6932	1252.8833
1100.2256	1272.2092
1100.7578	1262.234
1101.2902	1225.8119
1101.8224	1217.0269
1102.3547	1248.4102
1102.8871	1262.177
1103.4193	1270.6949
1103.9517	1298.1976
1104.4839	1298.8759
1105.0162	1289.3584
1105.5486	1329.6919
1106.0808	1342.2399
1106.6132	1368.9824
1107.1454	1378.4548
1107.6777	1376.8634
1108.2101	1389.1543
1108.7423	1421.3719
1109.2747	1419.5797
1109.8069	1416.329
1110.3392	1468.3781
1110.8716	1488.1444
1111.4038	1516.6553
1111.9362	1520.1144
1112.4684	1548.0175
1113.0007	1588.4391
1113.5331	1612.028
1114.0653	1630.5939
1114.5977	1634.2772
1115.1299	1660.7124
1115.6622	1672.3531
1116.1945	1709.1399
1116.7268	1713.3658
1117.2592	1806.895
1117.7914	1752.1274
1118.3237	1790.0104
1118.856	1862.2281
1119.3883	1891.8276
1119.9207	1934.5681
1120.4529	1906.2109
1120.9852	1914.694
1121.5175	1965.5338
1122.0498	2012.9291
1122.5822	2060.2852
1123.1144	2078.5754
1123.6467	2085.8274
1124.179	2096.499
1124.7113	2082.0459
1125.2437	2152.7375
1125.7759	2174.417
1126.3082	2169.2644
1126.8405	2199.1135
1127.3728	2253.1387
1127.905	2204.9319
1128.4374	2231.1924
1128.9697	2239.6421
1129.502	2281.4355
1130.0343	2289.8511
1130.5665	2304.5938
1131.0989	2291.5403
1131.6312	2315.1155
1132.1635	2356.1497
1132.6958	2366.1931
1133.228	2383.7908
1133.7604	2377.4185
1134.2927	2332.7664
1134.825	2375.3984
1135.3573	2429.3706
1135.8895	2377.7004
1136.4219	2378.8809
1136.9542	2412.7959
1137.4865	2394.051
1138.0188	2445.4092
1138.551	2399.9253
1139.0834	2420.9648
1139.6157	2458.3643
1140.1479	2494.8833
1140.6803	2477.3735
1141.2125	2438.6362
1141.7449	2448.5752
1142.2771	2441.1643
1142.8094	2442.7329
1143.3418	2494.8728
1143.874	2513.6318
1144.4064	2478.3833
1144.9386	2470.5737
1145.4709	2482.3611
1146.0033	2482.5762
1146.5355	2439.0837
1147.0679	2438.3542
1147.6001	2468.5012
1148.1324	2438.2769
1148.6648	2490.4265
1149.197	2483.9963
1149.7294	2491.446
1150.2616	2441.6887
1150.7939	2373.5061
1151.3263	2387.7222
1151.8585	2412.3301
1152.3909	2421.7866
1152.9231	2391.9016
1153.4554	2403.0962
1153.9877	2368.2598
1154.52	2302.6956
1155.0524	2302.719
1155.5846	2299.9922
1156.1169	2287.3638
1156.6492	2265.665
1157.1815	2251.864
1157.7139	2244.1907
1158.2461	2222.1326
1158.7784	2245.8455
1159.3107	2169.0459
1159.843	2142.3247
1160.3754	2147.2595
1160.9076	2180.9583
1161.4399	2106.3184
1161.9722	2131.9766
1162.5045	2088.8499
1163.0369	2076.126
1163.5691	2086.9419
1164.1014	2082.6018
1164.6337	2066.0867
1165.166	2064.0032
1165.6984	2084.8606
1166.2306	2098.7166
1166.7629	2095.5137
1167.2952	2088.418
1167.8275	2084.0315
1168.3597	2085.7422
1168.8921	2067.657
1169.4244	2027.3456
1169.9567	2150.0461
1170.489	2065.9788
1171.0212	2144.4363
1171.5536	2172.0781
1172.0859	2154.0369
1172.6182	2157.3933
1173.1505	2153.4712
1173.6827	2158.1702
1174.2151	2152.2827
1174.7474	2166.0857
1175.2797	2205.6853
1175.812	2209.0557
1176.3442	2194.5671
1176.8766	2216.5105
1177.4089	2227.3687
1177.9412	2235.532
1178.4735	2295.5696
1179.0057	2330.9382
1179.5381	2286.417
1180.0703	2323.46
1180.6027	2338.7866
1181.135	2343.7637
1181.6672	2343.9419
1182.1996	2353.1353
1182.7318	2366.7329
1183.2642	2385.6169
1183.7965	2386.645
1184.3287	2424.3909
1184.8611	2467.2751
1185.3933	2475.7742
1185.9257	2457.5801
1186.458	2487.1104
1186.9902	2503.2969
1187.5226	2528.7969
1188.0548	2558.9773
1188.5872	2567.1824
1189.1195	2555.6687
1189.6517	2605.9268
1190.1841	2672.5359
1190.7163	2625.248
1191.2487	2617.2441
1191.781	2671.1184
1192.3132	2658.2615
1192.8456	2726.2839
1193.3778	2719.8149
1193.9102	2736.1257
1194.4424	2748.6951
1194.9747	2740.9854
1195.5071	2772.7393
1196.0393	2764.5815
1196.5717	2800.1873
1197.1039	2818.0674
1197.6362	2772.4351
1198.1686	2816.4048
1198.7008	2766.0708
1199.2332	2894.3875
1199.7654	2849.4263
1200.2977	2932.157
1200.8301	2893.3809
1201.3623	2937.3845
1201.8947	2849.0586
1202.4269	2898.5764
1202.9592	2919.9719
1203.4916	2862.7747
1204.0238	2896.2559
1204.5562	2935.8335
1205.0884	2934.0903
1205.6207	2953.2893
1206.153	2963.5593
1206.6853	2958.1682
1207.2177	2943.5256
1207.7499	2933.2744
1208.2822	2965.5332
1208.8145	2948.0803
1209.3468	2928.4539
1209.8792	2962.3955
1210.4114	3003.5784
1210.9437	2967.0986
1211.476	2917.0686
1212.0083	2993.9873
1212.5406	2953.8301
1213.0729	2956.2681
1213.6052	3011.8955
1214.1375	3038.1177
1214.6698	2996.2476
1215.2021	2935.8955
1215.7344	2957.2061
1216.2667	3046.8159
1216.799	3098.4778
1217.3313	3101.9246
1217.8636	3069.1917
1218.3959	3075.7151
1218.9282	3082.9619
1219.4604	3102.0596
1219.9928	3121.8494
1220.525	3121.876
1221.0574	3193.5981
1221.5897	3250.7271
1222.1219	3249.2405
1222.6543	3322.7537
1223.1865	3320.1125
1223.7189	3374.9373
1224.2512	3367.5645
1224.7834	3395.5591
1225.3158	3429.9114
1225.848	3432.3147
1226.3804	3460.6384
1226.9127	3491.46
1227.4449	3515.8677
1227.9773	3550.0391
1228.5095	3594.106
1229.0419	3669.8865
1229.5742	3690.6292
1230.1064	3680.1826
1230.6388	3703.1091
1231.171	3690.761
1231.7034	3728.364
1232.2356	3763.0339
1232.7679	3861.1704
1233.3003	3874.2678
1233.8325	3816.8059
1234.3649	3850.0532
1234.8971	3898.2019
1235.4294	3885.6506
1235.9618	3955.0264
1236.494	3993.0288
1237.0264	3957.1492
1237.5586	3922.478
1238.0909	3927.334
1238.6233	4024.125
1239.1555	3985.4077
1239.6879	3970.8669
1240.2201	4022.2998
1240.7524	4032.0276
1241.2848	4045.7102
1241.817	4000.4209
1242.3494	4025.2292
1242.8816	4104.5908
1243.4139	4233.9116
1243.9463	4172.9453
1244.4785	4131.9878
1245.0109	4229.8062
1245.5431	4273.3467
1246.0754	4321.8926
1246.6077	4415.3086
1247.14	4410.5132
1247.6724	4447.7769
1248.2046	4538.1328
1248.7369	4550.9629
1249.2692	4575.5239
1249.8015	4687.127
1250.3339	4804.7266
1250.8661	4775.7832
1251.3984	4805.2158
1251.9307	4921.9556
1252.463	4976.8447
1252.9954	5063.0771
1253.5276	5155.6353
1254.0599	5231.042
1254.5922	5280.9771
1255.1245	5363.6826
1255.6569	5526.1318
1256.1891	5573.4224
1256.7214	5570.3774
1257.2537	5617.7769
1257.786	5691.9658
1258.3182	5739.2114
1258.8506	5716.4844
1259.3829	5669.0156
1259.9152	5722.1743
1260.4475	5802.7881
1260.9797	5797.2944
1261.5121	5842.0962
1262.0444	5918.2651
1262.5767	5873.395
1263.109	5928.0103
1263.6412	5928.1895
1264.1736	5929.6006
1264.7059	5936.916
1265.2382	5977.7061
1265.7705	5915.6299
1266.3027	5850.7563
1266.8351	5927.8945
1267.3674	5851.3311
1267.8997	6046.2896
1268.432	6036.8105
1268.9642	5890.1255
1269.4966	5882.2188
1270.0289	5871.3101
1270.5612	5805.5283
1271.0935	5797.8706
1271.6257	5770.1733
1272.1581	5721.8306
1272.6903	5713.9766
1273.2227	5668.3394
1273.755	5636.7813
1274.2872	5632.4805
1274.8196	5491.686
1275.3518	5480.6797
1275.8842	5563.2217
1276.4165	5472.0317
1276.9487	5215.4126
1277.4811	5324.2466
1278.0133	5207.0947
1278.5457	5157.5498
1279.078	5186.3979
1279.6102	5087.1704
1280.1426	5041.3442
1280.6748	4998.3784
1281.2072	4889.9385
1281.7395	4809.0996
1282.2717	4756.3877
1282.8041	4744.499
1283.3363	4614.1123
1283.8687	4562.7925
1284.4009	4548.478
1284.9332	4456.8071
1285.4656	4383.5405
1285.9978	4335.5293
1286.5302	4346.0913
1287.0624	4334.0923
1287.5947	4272.833
1288.1271	4228.8467
1288.6593	4229.7007
1289.1917	4136.374
1289.7239	4128.3926
1290.2562	4118.4961
1290.7886	4147.375
1291.3208	3999.0955
1291.8531	4020.814
1292.3854	4005.0715
1292.9177	3950.7251
1293.4501	3912.6553
1293.9823	3885.1616
1294.5146	3948.8118
1295.0469	3870.4893
1295.5792	3794.1685
1296.1116	3784.439
1296.6438	3830.6094
1297.1761	3893.187
1297.7084	3862.854
1298.2407	3798.1396
1298.7729	3836.6912
1299.3053	3847.9644
1299.8376	3753.9309
1300.3699	3769.6016
1300.9022	3822.5637
1301.4344	3837.6758
1301.9668	3871.126
1302.4991	3898.405
1303.0314	3842.0269
1303.5637	3871.26
1304.0959	3838.001
1304.6283	4005.8904
1305.1606	3876.7109
1305.6929	3937.0828
1306.2252	3981.1438
1306.7574	3994.5715
1307.2898	4019.604
1307.8221	3922.3997
1308.3544	3932.1311
1308.8867	4023.2642
1309.4189	4033.562
1309.9513	4005.9751
1310.4835	4027.1836
1311.0159	3988.5127
1311.5482	3973.364
1312.0804	4028.4937
1312.6128	4016.9331
1313.145	3989.8096
1313.6774	4002.0854
1314.2097	3994.9065
1314.7419	3961.1226
1315.2743	4001.6528
1315.8065	3953.0728
1316.3389	3872.8547
1316.8712	3926.4546
1317.4034	3913.0579
1317.9358	3873.0334
1318.468	3764.5017
1319.0004	3674.7041
1319.5327	3730.8137
1320.0649	3720.7808
1320.5973	3714.6489
1321.1295	3657.0178
1321.6619	3584.8347
1322.1942	3575.3694
1322.7264	3540.7156
1323.2588	3525.0264
1323.791	3461.7024
1324.3234	3460.2605
1324.8556	3416.9255
1325.3879	3378.8328
1325.9203	3351.4673
1326.4525	3330.5969
1326.9849	3320.1687
1327.5171	3237.365
1328.0494	3202.3511
1328.5818	3231.9082
1329.114	3225.1079
1329.6464	3225.0422
1330.1786	3200.105
1330.7109	3180.9172
1331.2433	3142.8142
1331.7755	3218.2803
1332.3079	3191.2463
1332.8401	3081.5703
1333.3724	3114.4412
1333.9048	3100.1072
1334.437	3118.1777
1334.9694	3060.4927
1335.5016	3129.4958
1336.0339	3150.7773
1336.5662	3162.9802
1337.0985	3154.3669
1337.6309	3103.0085
1338.1631	3131.6865
1338.6954	3185.6206
1339.2277	3194.105
1339.76	3138.1433
1340.2924	3137.3789
1340.8246	3242.3391
1341.3569	3270.7974
1341.8892	3175.7957
1342.4215	3167.3164
1342.9539	3249.8401
1343.4861	3289.6802
1344.0184	3326.2544
1344.5507	3301.6938
1345.083	3305.6814
1345.6154	3391.572
1346.1476	3319.4756
1346.6799	3435.1238
1347.2122	3341.7139
1347.7445	3366.9897
1348.2769	3379.6399
1348.8091	3465.1199
1349.3414	3494.1777
1349.8737	3440.4705
1350.406	3409.5559
1350.9382	3525.0476
1351.4706	3530.6487
1352.0029	3515.2952
1352.5352	3527.7239
1353.0675	3580.0112
1353.5997	3611.5142
1354.1321	3614.7507
1354.6644	3631.1235
1355.1967	3682.6489
1355.729	3704.2124
1356.2612	3772.135
1356.7936	3801.8318
1357.3259	3755.6335
1357.8582	3730.7139
1358.3905	3771.6094
1358.9227	3785.4922
1359.4551	3773.7551
1359.9874	3787.6875
1360.5197	3719.9275
1361.052	3753.5647
1361.5842	3847.5693
1362.1166	3816.1245
1362.6488	3823.845
1363.1812	3818.2061
1363.7135	3781.9343
1364.2457	3820.5225
1364.7781	3933.7429
1365.3103	3837.4963
1365.8427	3856.2983
1366.375	3712.2698
1366.9072	3838.1711
1367.4396	3800.0154
1367.9718	3783.6509
1368.5042	3839.3286
1369.0365	3843.0857
1369.5687	3743.9399
1370.1011	3776.915
1370.6333	3865.1489
1371.1656	3727.7905
1371.698	3742.6599
1372.2302	3702.4941
1372.7626	3616.6284
1373.2948	3656.0813
1373.8271	3704.9868
1374.3595	3686.2102
1374.8917	3648.5815
1375.4241	3614.6748
1375.9563	3630.5208
1376.4886	3665.0454
1377.0209	3651.7808
1377.5532	3667.3611
1378.0856	3670.3853
1378.6178	3623.4854
1379.1501	3662.1802
1379.6824	3601.9746
1380.2147	3610.5032
1380.7471	3543.4746
1381.2793	3542.3103
1381.8116	3533.0115
1382.3439	3488.136
1382.8762	3580.0962
1383.4086	3602.5305
1383.9408	3455.4011
1384.4731	3563.6055
1385.0054	3585.969
1385.5377	3476.165
1386.0701	3490.9736
1386.6023	3500.4055
1387.1346	3473.8567
1387.6669	3440.2256
1388.1992	3417.8481
1388.7314	3386.938
1389.2638	3471.3108
1389.7961	3449.4109
1390.3284	3450.7622
1390.8607	3437.2063
1391.3929	3459.3315
1391.9253	3445.449
1392.4576	3435.0474
1392.9899	3426.1035
1393.5222	3414.7234
1394.0544	3415.272
1394.5868	3412.9807
1395.1191	3401.7996
1395.6514	3380.7886
1396.1837	3395.9717
1396.7159	3415.4561
1397.2483	3389.3381
1397.7806	3414.2815
1398.3129	3429.4805
1398.8452	3401.7236
1399.3774	3420.7444
1399.9098	3429.0925
1400.4421	3381.9087
1400.9744	3357.6355
1401.5067	3409.5935
1402.0389	3336.613
1402.5713	3426.5322
1403.1035	3357.5627
1403.6359	3416.2578
1404.1682	3446.0908
1404.7004	3344.0437
1405.2328	3342.7102
1405.765	3436.5552
1406.2974	3437.2322
1406.8297	3369.0349
1407.3619	3325.9602
1407.8943	3379.8196
1408.4265	3386.4331
1408.9589	3368.7502
1409.4912	3350.7012
1410.0234	3399.4041
1410.5558	3424.8823
1411.088	3406.8743
1411.6204	3375.0337
1412.1527	3370.3481
1412.6849	3412.0576
1413.2173	3434.1238
1413.7495	3423.0586
1414.2819	3426.4084
1414.8141	3359.0933
1415.3464	3351.9001
1415.8788	3435.97
1416.411	3438.5454
1416.9434	3373.0962
1417.4756	3315.0476
1418.0079	3324.6033
1418.5403	3379.4714
1419.0725	3381.0422
1419.6049	3369.4336
1420.1371	3358.5232
1420.6694	3347.4556
1421.2018	3315.6987
1421.734	3343.4646
1422.2664	3346.283
1422.7986	3412.3811
1423.3309	3336.4858
1423.8633	3258.3899
1424.3955	3285.6147
1424.9279	3346.6111
1425.4601	3316.344
1425.9924	3283.6316
1426.5248	3279.626
1427.057	3279.4121
1427.5894	3215.7695
1428.1216	3353.9707
1428.6539	3173.4856
1429.1862	3309.3804
1429.7185	3237.6062
1430.2509	3221.2534
1430.7831	3231.4353
1431.3154	3244.0715
1431.8477	3248.9658
1432.38	3199.1045
1432.9124	3244.748
1433.4446	3226.2329
1433.9769	3238.5718
1434.5092	3209.6807
1435.0415	3189.1113
1435.5739	3190.0464
1436.1061	3193.8193
1436.6384	3201.6353
1437.1707	3230.8811
1437.703	3191.145
1438.2354	3157.7476
1438.7676	3182.3167
1439.2999	3228.8467
1439.8322	3215.6541
1440.3645	3205.2871
1440.8967	3178.0701
1441.4291	3153.6658
1441.9614	3213.6902
1442.4937	3248.9583
1443.026	3215.9343
1443.5582	3190.3381
1444.0906	3196.6047
1444.6229	3194.0125
1445.1552	3184.2925
1445.6875	3222.8762
1446.2197	3205.99
1446.7521	3196.4031
1447.2844	3167.9529
1447.8167	3187.3828
1448.349	3165.3755
1448.8812	3149.1924
1449.4136	3175.9456
1449.9459	3154.3772
1450.4781	3174.0459
1451.0105	3266.2109
1451.5427	3297.4258
1452.0751	3213.0164
1452.6074	3194.894
1453.1396	3214.7925
1453.672	3186.4414
1454.2042	3318.978
1454.7366	3239.019
1455.2688	3191.2439
1455.8011	3239.3701
1456.3335	3275.6138
1456.8657	3219.6345
1457.3981	3183.9456
1457.9303	3242.5874
1458.4626	3280.2932
1458.995	3313.0227
1459.5272	3243.1274
1460.0596	3232.2422
1460.5918	3259.5483
1461.1241	3346.0647
1461.6565	3247.2725
1462.1887	3276.0168
1462.7211	3288.8137
1463.2533	3300.7839
1463.7856	3281.8333
1464.318	3215.0808
1464.8502	3300.7695
1465.3826	3301.8621
1465.9148	3249.3484
1466.4471	3233.2043
1466.9794	3217.8716
1467.5117	3276.3242
1468.0441	3252.4651
1468.5763	3295.9507
1469.1086	3326.5583
1469.6409	3224.7942
1470.1732	3267.7278
1470.7056	3256.6282
1471.2378	3278.9004
1471.7701	3324.6624
1472.3024	3277.9165
1472.8347	3252.0317
1473.3671	3249.8953
1473.8993	3252.2722
1474.4316	3275.5486
1474.9639	3278.0752
1475.4962	3238.5215
1476.0286	3231.1274
1476.5608	3247.8511
1477.0931	3283.1216
1477.6254	3282.2849
1478.1577	3264.7878
1478.6901	3227.9001
1479.2223	3235.9734
1479.7546	3274.0232
1480.2869	3251.4485
1480.8192	3275.0537
1481.3514	3244.2146
1481.8838	3281.8174
1482.4161	3299.9707
1482.9484	3178.6501
1483.4807	3207.9519
1484.0129	3261.7876
1484.5453	3273.4353
1485.0776	3275.9729
1485.6099	3337.1699
1486.1422	3320.3669
1486.6744	3318.9302
1487.2068	3369.9312
1487.7391	3344.0908
1488.2714	3330.3306
1488.8037	3420.1846
1489.3359	3364.9478
1489.8683	3455.124
1490.4006	3414.8562
1490.9329	3531.8093
1491.4652	3465.2556
1491.9974	3493.3894
1492.5298	3486.7168
1493.062	3537.0461
1493.5944	3408.6418
1494.1267	3475.229
1494.6589	3550.113
1495.1913	3547.0354
1495.7235	3564.3621
1496.2559	3562.9341
1496.7882	3609.9661
1497.3204	3585.2087
1497.8528	3620.7554
1498.385	3596.1194
1498.9174	3677.3289
1499.4497	3646.5977
1499.9819	3750.8186
1500.5143	3695.6033
1501.0465	3697.9749
1501.5789	3661.5779
1502.1112	3721.4539
1502.6434	3831.0408
1503.1758	3831.1787
1503.708	3847.801
1504.2404	3890.6296
1504.7727	3902.8704
1505.3049	3918.5933
1505.8373	3914.7666
1506.3695	3954.0823
1506.9019	4051.0481
1507.4341	4040.4512
1507.9664	4040.4951
1508.4988	4072.2705
1509.031	4114.6411
1509.5634	4042.5288
1510.0956	4160.542
1510.6279	4152.7393
1511.1603	4108.1221
1511.6925	4137.9878
1512.2249	4206.0664
1512.7571	4197.9507
1513.2894	4203.3042
1513.8218	4232.4019
1514.354	4286.4731
1514.8864	4295.4575
1515.4186	4313.0264
1515.9509	4285.5894
1516.4833	4317.9102
1517.0155	4382.4512
1517.5479	4389.7666
1518.0801	4396.1787
1518.6124	4407.938
1519.1447	4405.9619
1519.677	4376.6499
1520.2094	4405.6191
1520.7416	4473.0654
1521.2739	4471.4795
1521.8062	4442.2651
1522.3385	4421.6909
1522.8708	4450.0381
1523.4031	4542.0073
1523.9354	4564.687
1524.4677	4543.792
1525	4517.8418
1525.5323	4577.8584
1526.0646	4594.4434
1526.5969	4502.2788
1527.1292	4561.2104
1527.6615	4574.3652
1528.1938	4581.2925
1528.7261	4599.7368
1529.2584	4590.1553
1529.7906	4636.7393
1530.323	4573.0044
1530.8553	4564.3267
1531.3876	4649.314
1531.9199	4596.3784
1532.4521	4637.7524
1532.9845	4603.4395
1533.5167	4559.7808
1534.0491	4549.6333
1534.5814	4639.8975
1535.1136	4667.6372
1535.646	4623.645
1536.1782	4547.6982
1536.7106	4597.5439
1537.2429	4560.5913
1537.7751	4609.5825
1538.3075	4709.0122
1538.8397	4607.7661
1539.3721	4549.373
1539.9044	4570.4258
1540.4366	4531.3271
1540.969	4499.2197
1541.5012	4638.4082
1542.0336	4625.5132
1542.5659	4553.7686
1543.0981	4493.4487
1543.6305	4539.9141
1544.1627	4551.895
1544.6951	4543.2729
1545.2273	4505.5723
1545.7596	4567.7695
1546.292	4603.1602
1546.8242	4509.667
1547.3566	4586.1899
1547.8888	4618.1318
1548.4211	4540.9971
1548.9535	4521.8018
1549.4857	4502.79
1550.0181	4471.9399
1550.5503	4467.2051
1551.0826	4466.7007
1551.615	4520.9731
1552.1472	4416.9771
1552.6796	4471.0098
1553.2118	4478.0835
1553.7441	4428.5654
1554.2765	4468.0117
1554.8087	4503.7695
1555.3411	4445.9814
1555.8733	4430.0117
1556.4056	4440.6943
1556.938	4348.9717
1557.4702	4463.0483
1558.0026	4414.4365
1558.5348	4403.48
1559.0671	4474.897
1559.5994	4446.0991
1560.1317	4418.6812
1560.6641	4402.9253
1561.1963	4446.459
1561.7286	4406.0273
1562.2609	4417.9365
1562.7932	4336.8564
1563.3256	4342.6421
1563.8578	4426.0273
1564.3901	4449.896
1564.9224	4367.7813
1565.4547	4466.0435
1565.9871	4396.0034
1566.5193	4510.7778
1567.0516	4522.7002
1567.5839	4436.79
1568.1162	4358.9834
1568.6486	4391.0278
1569.1808	4381.7134
1569.7131	4319.543
1570.2454	4430.4146
1570.7777	4326.4336
1571.3099	4356.6699
1571.8423	4401.0098
1572.3746	4433.5537
1572.9069	4416.9556
1573.4392	4371.4321
1573.9714	4420.5859
1574.5038	4386.1821
1575.0361	4281.272
1575.5684	4243.2573
1576.1007	4351.5688
1576.6329	4284.0303
1577.1653	4300.1206
1577.6976	4282.832
1578.2299	4346.7671
1578.7622	4319.2036
1579.2944	4302.0537
1579.8268	4196.1323
1580.3591	4257.1782
1580.8914	4191.2485
1581.4237	4275.1929
1581.9559	4216.165
1582.4883	4205.7949
1583.0206	4204.0776
1583.5529	4219.0049
1584.0852	4236.1016
1584.6174	4051.865
1585.1498	4099.6533
1585.682	4172.8389
1586.2144	4186.7139
1586.7467	4143.0283
1587.2789	4065.7771
1587.8113	4044.071
1588.3435	4069.571
1588.8759	4053.2446
1589.4082	4052.5647
1589.9404	4053.0647
1590.4728	4046.2808
1591.005	4075.5244
1591.5374	3970.8623
1592.0697	3978.7527
1592.6019	3885.0144
1593.1343	3899.2144
1593.6665	3922.8252
1594.1989	3948.9204
1594.7312	3959.6963
1595.2634	3916.3582
1595.7958	3888.2031
1596.328	3799.7229
1596.8604	3768.396
1597.3926	3847.4021
1597.9249	3801.0474
1598.4573	3728.083
1598.9895	3755.2922
1599.5219	3682.957
1600.0541	3717.9075
1600.5864	3667.9976
1601.1188	3650.6028
1601.651	3643.2456
1602.1833	3653.2791
1602.7156	3603.749
1603.2479	3594.3809
1603.7803	3552.6387
1604.3125	3609.9741
1604.8448	3573.4211
1605.3771	3522.1235
1605.9094	3503.2952
1606.4418	3527.3059
1606.974	3467.2732
1607.5063	3407.0327
1608.0386	3425.229
1608.5709	3384.9531
1609.1033	3407.3958
1609.6355	3445.0532
1610.1678	3478.9553
1610.7001	3405.5366
1611.2324	3308.6587
1611.7646	3322.9683
1612.297	3312.2842
1612.8293	3334.6379
1613.3616	3317.8206
1613.8939	3247.4709
1614.4261	3188.2529
1614.9585	3184.9116
1615.4908	3244.4956
1616.0231	3240.0366
1616.5554	3212.8752
1617.0876	3209.2666
1617.62	3217.7788
1618.1523	3142.1885
1618.6846	3057.8469
1619.2169	3040.7085
1619.7491	3055.4385
1620.2815	3057.7605
1620.8138	3085.5745
1621.3461	3063.908
1621.8784	3009.1062
1622.4106	2969.6504
1622.943	2973.8992
1623.4752	2979.0659
1624.0076	2977.4124
1624.5399	2990.5205
1625.0721	2971.4763
1625.6045	2942.7041
1626.1367	2905.6436
1626.6691	2932.1509
1627.2014	2930.4634
1627.7336	2911.5042
1628.266	2803.5686
1628.7982	2775.28
1629.3306	2818.2397
1629.8629	2805.3621
1630.3951	2826.0759
1630.9275	2839.8816
1631.4597	2815.5166
1631.9921	2730.0657
1632.5244	2748.2939
1633.0566	2747.8711
1633.589	2732.3701
1634.1212	2756.959
1634.6536	2769.2969
1635.1859	2750.1335
1635.7181	2695.0518
1636.2505	2699.8533
1636.7827	2713.4536
1637.3151	2687.1133
1637.8473	2638.019
1638.3796	2658.1128
1638.912	2620.5979
1639.4442	2617.4814
1639.9766	2592.156
1640.5088	2573.9641
1641.0411	2608.6777
1641.5735	2597.4487
1642.1057	2569.7136
1642.6381	2566.6311
1643.1703	2606.7114
1643.7026	2591.5083
1644.235	2556.3652
1644.7672	2568.6797
1645.2996	2606.0168
1645.8318	2526.0786
1646.3641	2521.0359
1646.8965	2490.9055
1647.4287	2465.9949
1647.9611	2501.8984
1648.4933	2508.6584
1649.0256	2448.2256
1649.5579	2513.7415
1650.0902	2443.8567
1650.6226	2406.7908
1651.1548	2438.2239
1651.6871	2445.1978
1652.2194	2367.5002
1652.7517	2450.7029
1653.2841	2422.7546
1653.8163	2425.3596
1654.3486	2367.7856
1654.8809	2363.6995
1655.4132	2391.3188
1655.9456	2326.7725
1656.4778	2380.6877
1657.0101	2377.9402
1657.5424	2425.4663
1658.0747	2340.6875
1658.6071	2302.3381
1659.1393	2325.1543
1659.6716	2322.7058
1660.2039	2260.7876
1660.7362	2306.5732
1661.2686	2314.4873
1661.8008	2295.1069
1662.3331	2266.1685
1662.8654	2264.6165
1663.3977	2234.3901
1663.9299	2197.7646
1664.4623	2215.6841
1664.9946	2243.5662
1665.5269	2243.3198
1666.0592	2215.4055
1666.5914	2206.1614
1667.1238	2195.6985
1667.6561	2145.8464
1668.1884	2184.8157
1668.7207	2197.6206
1669.2529	2126.3833
1669.7853	2150.5657
1670.3176	2166.7546
1670.8499	2147.6472
1671.3822	2162.1851
1671.9144	2177.3904
1672.4468	2146.5142
1672.9791	2125.8687
1673.5114	2099.4561
1674.0437	2095.1523
1674.5759	2110.7305
1675.1083	2073.5078
1675.6405	2060.0398
1676.1729	2052.9893
1676.7052	2043.3145
1677.2374	2037.1886
1677.7698	2045.7454
1678.302	2031.105
1678.8344	2015.2053
1679.3667	2017.5031
1679.8989	2012.7047
1680.4313	1987.7615
1680.9635	1993.0233
1681.4958	2004.196
1682.0282	1986.27
1682.5604	1990.709
1683.0928	1941.1984
1683.625	1933.2809
1684.1573	1975.8119
1684.6897	1971.1284
1685.2219	1946.486
1685.7543	1955.4971
1686.2865	1937.8932
1686.8188	1938.5215
1687.3512	1905.1891
1687.8834	1902.6035
1688.4158	1918.8406
1688.948	1905.7307
1689.4803	1869.5187
1690.0126	1880.9269
1690.5449	1887.5143
1691.0773	1878.2267
1691.6095	1892.8918
1692.1418	1888.5157
1692.6741	1844.2687
1693.2064	1831.8485
1693.7388	1839.8191
1694.271	1836.7245
1694.8033	1845.9701
1695.3356	1834.3198
1695.8679	1836.3768
1696.4003	1797.9999
1696.9325	1795.2333
1697.4648	1828.2811
1697.9971	1822.0786
1698.5294	1802.6422
1699.0618	1772.4465
1699.594	1769.6454
1700.1263	1764.7972
1700.6586	1739.6069
1701.1909	1771.4948
1701.7231	1764.1044
1702.2555	1739.9697
1702.7878	1755.9551
1703.3201	1734.9617
1703.8524	1719.0105
1704.3846	1740.8442
1704.917	1734.3228
1705.4493	1722.8101
1705.9816	1712.2125
1706.5139	1719.0096
1707.0461	1731.4813
1707.5785	1703.5457
1708.1108	1687.3094
1708.6431	1690.0286
1709.1754	1689.4581
1709.7076	1714.58
1710.24	1723.6948
1710.7723	1724.5303
1711.3046	1703.8997
1711.8369	1698.408
1712.3691	1676.4491
1712.9015	1694.0845
1713.4338	1644.5717
1713.9661	1635.6022
1714.4984	1634.3461
1715.0306	1650.316
1715.563	1624.2197
1716.0952	1661.2305
1716.6276	1683.7271
1717.1599	1683.9681
1717.6921	1665.5154
1718.2245	1659.9792
1718.7567	1672.6298
1719.2891	1616.1843
1719.8214	1613.4517
1720.3536	1577.7283
1720.886	1632.9862
1721.4182	1670.8223
1721.9506	1647.3593
1722.4829	1608.3136
1723.0151	1620.136
1723.5475	1618.1837
1724.0797	1620.1947
1724.6121	1622.5743
1725.1444	1616.978
1725.6766	1642.0123
1726.209	1595.547
1726.7412	1609.4417
1727.2736	1659.9181
1727.8058	1601.9248
1728.3381	1624.223
1728.8705	1615.0746
1729.4027	1587.2783
1729.9351	1625.4689
1730.4673	1570.4537
1730.9996	1576.5917
1731.532	1566.7941
1732.0642	1585.7006
1732.5966	1625.8286
1733.1288	1605.8894
1733.6611	1607.5623
1734.1935	1605.7598
1734.7257	1592.5775
1735.2581	1563.1401
1735.7903	1563.98
1736.3226	1587.9823
1736.855	1612.6835
1737.3872	1579.6691
1737.9196	1626.4526
1738.4518	1612.1302
1738.9841	1600.2567
1739.5165	1574.8088
1740.0487	1569.0159
1740.5811	1553.9153
1741.1133	1560.1378
1741.6456	1581.8953
1742.1779	1581.3536
1742.7102	1572.9146
1743.2426	1563.772
1743.7748	1552.6583
1744.3071	1590.2915
1744.8394	1622.9655
1745.3717	1588.9491
1745.9041	1569.3533
1746.4363	1597.22
1746.9686	1625.6632
1747.5009	1601.2722
1748.0332	1574.6578
1748.5656	1573.5132
1749.0978	1577.5336
1749.6301	1598.3348
1750.1624	1610.217
1750.6947	1592.0146
1751.2271	1609.2262
1751.7593	1559.1593
1752.2916	1562.1394
1752.8239	1573.8176
1753.3562	1565.524
1753.8884	1571.9606
1754.4208	1527.5492
1754.9531	1583.7429
1755.4854	1552.1046
1756.0177	1579.8522
1756.5499	1592.7778
1757.0823	1583.7117
1757.6146	1616.8247
1758.1469	1605.4707
1758.6792	1568.2002
1759.2114	1580.1411
1759.7438	1564.5339
1760.2761	1565.3906
1760.8083	1566.7908
1761.3407	1583.0205
1761.8729	1578.5621
1762.4053	1593.2081
1762.9376	1527.5757
1763.4698	1584.3038
1764.0022	1546.9067
1764.5344	1562.9517
1765.0668	1618.2799
1765.5991	1610.4596
1766.1313	1643.0459
1766.6637	1595.059
1767.1959	1625.1425
1767.7283	1575.6465
1768.2605	1545.4578
1768.7928	1591.1888
1769.3252	1607.5166
1769.8574	1611.4739
1770.3898	1628.5642
1770.922	1590.313
1771.4543	1579.1416
1771.9867	1585.5713
1772.5189	1572.394
1773.0513	1587.6288
1773.5835	1631.5543
1774.1158	1632.5205
1774.6482	1588.0516
1775.1804	1579.4379
1775.7128	1584.4755
1776.245	1592.2717
1776.7773	1612.7208
1777.3097	1609.2369
1777.8419	1605.3174
1778.3743	1600.717
1778.9065	1607.8591
1779.4388	1588.3289
1779.9711	1605.6907
1780.5034	1622.1638
1781.0358	1599.1462
1781.568	1620.929
1782.1003	1625.7772
1782.6326	1643.8741
1783.1649	1617.389
1783.6973	1615.8083
1784.2295	1598.2328
1784.7618	1630.6526
1785.2941	1600.9823
1785.8264	1628.8213
1786.3588	1631.7289
1786.891	1625.946
1787.4233	1598.2791
1787.9556	1681.4327
1788.4879	1654.7958
1789.0203	1664.6511
1789.5525	1574.1256
1790.0848	1661.4597
1790.6171	1639.9825
1791.1494	1632.1793
1791.6818	1598.2258
1792.214	1610.4839
1792.7463	1648.8969
1793.2786	1670.8173
1793.8109	1641.8612
1794.3431	1641.8523
1794.8755	1669.6893
1795.4078	1682.8857
1795.9401	1661.6207
1796.4724	1673.0327
1797.0046	1703.9187
1797.537	1682.813
1798.0693	1660.0951
1798.6016	1631.6604
1799.1339	1639.9299
1799.6661	1650.7087
1800.1985	1658.3496
1800.7308	1686.6118
1801.2631	1699.8408
1801.7954	1693.8826
1802.3276	1680.7484
1802.86	1713.7727
1803.3923	1729.7375
1803.9246	1717.2942
1804.4569	1716.6414
1804.9891	1683.6573
1805.5215	1680.0807
1806.0537	1704.9956
1806.5861	1755.5474
1807.1184	1704.6287
1807.6506	1710.349
1808.183	1709.3759
1808.7152	1708.4547
1809.2476	1733.7103
1809.7799	1770.6909
1810.3121	1721.6475
1810.8445	1731.9896
1811.3767	1761.0271
1811.9091	1731.9048
1812.4414	1756.0969
1812.9736	1739.3374
1813.506	1747.1096
1814.0382	1785.609
1814.5706	1798.9569
1815.1029	1770.3809
1815.6351	1770.8494
1816.1675	1788.223
1816.6997	1755.4338
1817.2321	1768.6617
1817.7644	1774.7784
1818.2966	1778.7491
1818.829	1815.6383
1819.3612	1814.6686
1819.8936	1807.7067
1820.4258	1818.2747
1820.9581	1814.4158
1821.4905	1808.754
1822.0227	1838.8186
1822.5551	1811.7732
1823.0873	1847.8948
1823.6196	1841.9955
1824.152	1825.1357
1824.6842	1818.9476
1825.2166	1835.6807
1825.7488	1856.8107
1826.2811	1850.516
1826.8135	1846.6136
1827.3457	1858.2808
1827.8781	1909.963
1828.4103	1873.0856
1828.9426	1906.4149
1829.475	1852.7942
1830.0072	1922.3477
1830.5396	1915.0767
1831.0718	1856.9287
1831.6041	1898.1766
1832.1364	1940.7317
1832.6687	1862.0763
1833.201	1913.8201
1833.7333	1909.5623
1834.2656	1975.9047
1834.7979	1964.3026
1835.3302	1958.8446
1835.8625	1926.0195
1836.3948	1937.546
1836.9271	1975.7543
1837.4594	1967.9102
1837.9917	1977.9612
1838.524	1997.1228
1839.0563	2014.3829
1839.5886	2038.283
1840.1208	2018.7233
1840.6532	1994.3464
1841.1855	2044.4801
1841.7178	2093.1785
1842.2501	2088.8896
1842.7823	2054.9036
1843.3147	2042.7048
1843.847	2096.675
1844.3793	2092.2422
1844.9116	2061.0771
1845.4438	2085.98
1845.9762	2109.9155
1846.5084	2128.9597
1847.0408	2134.2356
1847.5731	2155.3523
1848.1053	2159.3489
1848.6377	2200.2981
1849.1699	2132.1392
1849.7023	2164.9617
1850.2346	2226.3022
1850.7668	2182.2292
1851.2992	2222.8787
1851.8314	2264.8403
1852.3638	2259.2759
1852.8961	2243.8386
1853.4283	2267.0393
1853.9607	2247.4128
1854.4929	2273.9048
1855.0253	2238.1113
1855.5576	2283.3435
1856.0898	2294.8201
1856.6222	2345.0684
1857.1544	2366.6836
1857.6868	2342.4243
1858.219	2364.6382
1858.7513	2370.5845
1859.2837	2418.9597
1859.8159	2431.2043
1860.3483	2423.6807
1860.8805	2382.834
1861.4128	2391.5488
1861.9452	2457.5229
1862.4774	2492.2004
1863.0098	2485.2429
1863.542	2509.5154
1864.0743	2526.8372
1864.6067	2575.3127
1865.1389	2630.0632
1865.6713	2591.2849
1866.2035	2571.9893
1866.7358	2568.406
1867.2682	2559.2966
1867.8004	2628.062
1868.3328	2706.1653
1868.865	2699.8833
1869.3973	2675.7837
1869.9297	2706.1758
1870.4619	2776.1736
1870.9943	2800.4834
1871.5265	2842.6523
1872.0588	2808.7573
1872.5911	2836.5989
1873.1234	2885.4915
1873.6558	2917.0955
1874.188	2928.1606
1874.7203	2979.7271
1875.2526	2964.5425
1875.7849	2960.436
1876.3173	3003.501
1876.8495	3086.5183
1877.3818	3132.2178
1877.9141	3092.3376
1878.4464	3097.491
1878.9788	3220.5068
1879.511	3233.6279
1880.0433	3243.2124
1880.5756	3313.8337
1881.1079	3421.2729
1881.6403	3352.1804
1882.1725	3460.6665
1882.7048	3425.9285
1883.2371	3440.386
1883.7694	3611.4761
1884.3016	3624.1975
1884.834	3716.9189
1885.3663	3751.0842
1885.8986	3801.6406
1886.4309	3851.0278
1886.9631	3838.6497
1887.4955	3918.9165
1888.0278	4006.6294
1888.5601	4162.7979
1889.0924	4209.4561
1889.6246	4313.7847
1890.157	4399.6606
1890.6893	4439.8306
1891.2216	4526.7539
1891.7539	4556.0273
1892.2861	4624.0513
1892.8185	4848.1641
1893.3508	4934.7017
1893.8831	5049.2563
1894.4154	5153.585
1894.9476	5213.7437
1895.48	5305.5391
1896.0123	5429.9092
1896.5446	5694.4551
1897.0769	5800.0503
1897.6091	5944.5376
1898.1415	6009.1401
1898.6737	6241.9629
1899.2061	6416.1826
1899.7384	6604.2432
1900.2706	6820.1987
1900.803	7011.4863
1901.3352	7229.7476
1901.8676	7349.6104
1902.3999	7559.6592
1902.9321	7788.9175
1903.4645	8088.9043
1903.9967	8317.708
1904.5291	8568.8369
1905.0614	8822.6025
1905.5936	8924.7617
1906.126	9276.7285
1906.6582	9535.8779
1907.1906	9895.3115
1907.7229	10190.882
1908.2551	10470.109
1908.7875	10555.774
1909.3197	10958.091
1909.8521	11258.103
1910.3843	11583.681
1910.9166	12094.552
1911.449	12166.604
1911.9812	12323.799
1912.5135	12707.606
1913.0458	13139.036
1913.5781	13274.533
1914.1105	13580.161
1914.6427	13865.234
1915.175	14205.847
1915.7073	14513.191
1916.2396	14702.217
1916.772	14848.792
1917.3042	15214.166
1917.8365	15433.314
1918.3688	15649.532
1918.9011	15793.88
1919.4335	15987.842
1919.9657	16392.867
1920.498	16560.779
1921.0303	16568.576
1921.5626	16614.1
1922.095	16894.25
1922.6272	17133.811
1923.1595	17113.932
1923.6918	17232.563
1924.2241	17318.064
1924.7563	17306.479
1925.2887	17472.076
1925.821	17674.543
1926.3533	17725.775
1926.8856	17877.16
1927.4178	18000.881
1927.9502	18088.348
1928.4825	18229.572
1929.0148	18270.691
1929.5471	18195.688
1930.0793	18332.748
1930.6117	18327.338
1931.144	18321.002
1931.6763	18418.986
1932.2086	18372.85
1932.7408	18349.916
1933.2732	18519.75
1933.8055	18605.73
1934.3378	18409.236
1934.8701	18216.797
1935.4023	18644.217
1935.9347	18570.365
1936.4669	18472.488
1936.9993	18419.271
1937.5316	18383.912
1938.0638	18339.879
1938.5962	18250.879
1939.1284	18207.814
1939.6608	18106.291
1940.1931	17908.271
1940.7253	17705.994
1941.2577	17743.865
1941.7899	17847.877
1942.3223	17645.439
1942.8546	17475.537
1943.3868	17429.627
1943.9192	17273.158
1944.4514	17083.705
1944.9838	16919.891
1945.5161	16722.936
1946.0483	16620.674
1946.5807	16672.67
1947.1129	16526.17
1947.6453	16262.169
1948.1776	15954.03
1948.7098	15966.845
1949.2422	15742.052
1949.7744	15641.978
1950.3068	15692.054
1950.839	15560.963
1951.3713	15490.401
1951.9037	15408.448
1952.4359	15198.059
1952.9683	15205.157
1953.5005	15351.791
1954.0328	15175.605
1954.5652	15093.553
1955.0974	15075.866
1955.6298	15084.455
1956.162	15245.57
1956.6943	15109.587
1957.2267	15183.982
1957.7589	15085.103
1958.2913	15104.832
1958.8235	15321.847
1959.3558	15189.819
1959.8882	15082.871
1960.4204	15139.228
1960.9528	15126.162
1961.485	15341.573
1962.0173	15209.586
1962.5496	15201.855
1963.0819	15328.085
1963.6143	15423.62
1964.1465	15463.83
1964.6788	15257.676
1965.2111	15254.158
1965.7434	15227.188
1966.2758	15136.676
1966.808	15189.426
1967.3403	15217.002
1967.8726	15129.737
1968.4049	15278.737
1968.9373	15345.753
1969.4695	15039.954
1970.0018	15127.928
1970.5341	15190.674
1971.0664	15048.672
1971.5988	15040.064
1972.131	15132.013
1972.6633	15200.933
1973.1956	15185.84
1973.7279	15167.729
1974.2603	15179.667
1974.7925	15422.735
1975.3248	15344.006
1975.8571	15245.326
1976.3894	15287.148
1976.9216	15491.902
1977.454	15635.337
1977.9863	15727.286
1978.5186	15645.947
1979.0509	15820.294
1979.5831	15834.979
1980.1155	15913.572
1980.6478	15841.531
1981.1801	16159.978
1981.7124	16101.665
1982.2446	16350.457
1982.777	16482.701
1983.3093	16586.156
1983.8416	16489.453
1984.3739	16658.402
1984.9061	16788.141
1985.4385	16886.027
1985.9708	16872.602
1986.5031	17006.336
1987.0354	17142.371
1987.5676	17207.422
1988.1	17378.168
1988.6322	17152.4
1989.1646	17223.719
1989.6969	17048.848
1990.2291	17369.383
1990.7615	17491.824
1991.2937	17271.033
1991.826	17253.361
1992.3584	17136.516
1992.8906	17232.836
1993.423	17294.588
1993.9552	17108.119
1994.4875	16972.365
1995.0199	16941.947
1995.5521	16701.412
1996.0845	16640.338
1996.6167	16387.488
1997.149	16161.481
1997.6814	16109.387
1998.2136	15979.166
1998.746	15858.306
1999.2782	15614.121
1999.8105	15518.624
2000.3429	14943.318
2000.8751	14810.138
2001.4075	14591.884
2001.9397	14398.344
2002.472	14072.47
2003.0043	13697.372
2003.5366	13475.804
2004.069	13298.713
2004.6012	13144.259
2005.1335	12747.131
2005.6658	12451.492
2006.1981	12310.47
2006.7305	11989.514
2007.2627	11839.938
2007.795	11779.896
2008.3273	11657.341
2008.8596	11343.669
2009.392	11404.522
2009.9242	11214.229
2010.4565	11018.583
2010.9888	11172.454
2011.5211	11102.925
2012.0535	11109.296
2012.5857	10937.357
2013.118	11049.104
2013.6503	10985.412
2014.1826	10989.585
2014.7148	11187.485
2015.2472	11239.959
2015.7795	11239.66
2016.3118	11376.075
2016.8441	11347.453
2017.3763	11552.674
2017.9087	11830.583
2018.441	11873.122
2018.9733	11928.997
2019.5056	12175.61
2020.0378	12316.515
2020.5702	12468.967
2021.1025	12536.918
2021.6348	12734.374
2022.1671	12978.629
2022.6993	13105.631
2023.2317	13171.047
2023.764	13319.977
2024.2963	13430.616
2024.8286	13695.577
2025.3608	13705.507
2025.8932	13907.676
2026.4255	13979.771
2026.9578	14137.037
2027.4901	14351.467
2028.0223	13940.861
2028.5547	14282.426
2029.0869	14343.111
2029.6193	14379.411
2030.1516	14405.043
2030.6838	14543.418
2031.2162	14607.218
2031.7484	14726.433
2032.2808	14478.475
2032.8131	14376.96
2033.3453	14421.431
2033.8777	14406.23
2034.4099	14332.14
2034.9423	14251.559
2035.4746	14148.505
2036.0068	14106.916
2036.5392	13902.706
2037.0714	13823.123
2037.6038	13824.482
2038.1361	13613.831
2038.6683	13563.423
2039.2007	13156.362
2039.7329	13069.445
2040.2653	13018.146
2040.7975	12899.683
2041.3298	12768.715
2041.8622	12596.83
2042.3944	12429.599
2042.9268	12235.134
2043.459	12149.79
2043.9913	12077.093
2044.5237	11865.881
2045.0559	11792.489
2045.5883	11711.296
2046.1205	11525.752
2046.6528	11327.357
2047.1852	11275.117
2047.7174	11239.578
2048.2498	10999.886
2048.782	10810.721
2049.3142	10720.108
2049.8467	10764.659
2050.3789	10550.312
2050.9111	10312.49
2051.4436	10160.291
2051.9758	10178.318
2052.5081	10060.754
2053.0405	9973.3203
2053.5728	9691.0166
2054.105	9627.0889
2054.6372	9539.2285
2055.1697	9502.2051
2055.7019	9330.3955
2056.2341	9200.8359
2056.7666	9175.4824
2057.2988	9137.6475
2057.8311	9089.1191
2058.3635	9013.5176
2058.8958	8833.4014
2059.428	8850.5889
2059.9602	8736.96
2060.4927	8635.0918
2061.0249	8470.9951
2061.5571	8439.8193
2062.0896	8448.1152
2062.6218	8424.8145
2063.1541	8359.6602
2063.6863	8316.3027
2064.2188	8357.9541
2064.751	8275.2373
2065.2832	8199.1338
2065.8157	8212.1191
2066.3479	8152.6387
2066.8801	8095.918
2067.4126	8223.4766
2067.9448	8268.749
2068.4771	8176.249
2069.0093	8145.0479
2069.5417	8147.1235
2070.074	8101.8413
2070.6062	7991.3477
2071.1387	7889.8745
2071.6709	7833.5039
2072.2031	7885.9414
2072.7356	7899.7549
2073.2678	7963.4453
2073.8	7878.4492
2074.3323	7839.2227
2074.8647	7721.0791
2075.397	7722.5244
2075.9292	7684.1206
2076.4617	7749.6455
2076.9939	7675.6851
2077.5261	7716.6353
2078.0583	7551.6138
2078.5908	7605.7832
2079.123	7618.9321
2079.6553	7470.8062
2080.1877	7455.7354
2080.72	7549.7759
2081.2522	7492.0981
2081.7847	7372.3838
2082.3169	7401.0195
2082.8491	7417.7661
2083.3813	7383.9927
2083.9138	7336.6523
2084.446	7264.6338
2084.9783	7385.3413
2085.5107	7401.1484
2086.043	7313.9243
2086.5752	7406.6953
2087.1074	7294.3335
2087.6399	7357.9004
2088.1721	7343.7295
2088.7043	7274.8687
2089.2368	7266.5596
2089.769	7303.9971
2090.3013	7276.708
2090.8337	7289.0005
2091.366	7347.3433
2091.8982	7388.7832
2092.4304	7358.5132
2092.9629	7302.25
2093.4951	7374.6387
2094.0273	7488.0776
2094.5598	7449.7578
2095.092	7386.1821
2095.6243	7377.8208
2096.1567	7565.6543
2096.689	7636.623
2097.2212	7569.917
2097.7534	7565.0015
2098.2859	7661.4341
2098.8181	7725.1211
2099.3503	7605.832
2099.8828	7617.5059
2100.415	7683.7461
2100.9473	7690.8687
2101.4795	7717.8037
2102.012	7728.4731
2102.5442	7791.8379
2103.0764	7773.7397
2103.6089	7756.9951
2104.1411	7855.2422
2104.6733	7833.1333
2105.2058	7740.0557
2105.738	7827.6753
2106.2703	7812.0117
2106.8025	7774.8896
2107.335	7812.0508
2107.8672	7891.5161
2108.3994	7945.52
2108.9319	7935.5728
2109.4641	8036.5718
2109.9963	7790.3125
2110.5288	7931.3247
2111.061	7895.27
2111.5933	8053.6978
2112.1255	8034.8008
2112.658	7949.6929
2113.1902	8099.5859
2113.7224	8118.2363
2114.2549	8092.5908
2114.7871	8079.3203
2115.3193	8226.8848
2115.8516	8266.3506
2116.384	8360.4893
2116.9163	8250.9297
2117.4485	8427.7842
2117.981	8470.9424
2118.5132	8594.252
2119.0454	8591.0156
2119.5779	8704.3779
2120.1101	8771.8945
2120.6423	8844.5381
2121.1746	8938.1523
2121.707	9100.084
2122.2393	9087.8184
2122.7715	9285.208
2123.304	9290.3857
2123.8362	9388.877
2124.3684	9463.5459
2124.9009	9498.335
2125.4331	9752.6299
2125.9653	9882.0225
2126.4976	9846.6973
2127.03	9975.2227
2127.5623	10089.647
2128.0945	10122.926
2128.627	10272.768
2129.1592	10356.77
2129.6914	10374.704
2130.2236	10342.548
2130.7561	10250.608
2131.2883	10442.085
2131.8206	10686.434
2132.353	10721.508
2132.8853	10706.818
2133.4175	10698.576
2133.95	10811.217
2134.4822	10831.28
2135.0144	10841.534
2135.5466	10888.547
2136.0791	10972.977
2136.6113	10970.067
2137.1436	11009.27
2137.676	10954.525
2138.2083	10905.082
2138.7405	10922.333
2139.2727	10939.065
2139.8052	10900.633
2140.3374	10885.777
2140.8696	10961.848
2141.4021	11000.665
2141.9343	11004.731
2142.4666	10924.212
2142.999	10644.424
2143.5313	10856.129
2144.0635	10745.751
2144.5957	10649.602
2145.1282	10706.438
2145.6604	10707.039
2146.1926	10614.732
2146.7251	10678.597
2147.2573	10558.182
2147.7896	10512.254
2148.322	10551.208
2148.8542	10474.18
2149.3865	10413
2149.9187	10320.49
2150.4512	10293.682
2150.9834	10292.672
2151.5156	10262.735
2152.0481	10114.941
2152.5803	10269.21
2153.1125	10070.604
2153.6448	9933.6904
2154.1772	9858.2979
2154.7095	9889.792
2155.2417	9801.3525
2155.7742	9774.7627
2156.3064	9754.834
2156.8386	9794.4023
2157.3711	9781.333
2157.9033	9714.0205
2158.4355	9644.6221
2158.9678	9719.2998
2159.5002	9664.7246
2160.0325	9561.2783
2160.5647	9455.125
2161.0972	9422.2891
2161.6294	9460.7334
2162.1616	9575.9922
2162.6941	9610.4873
2163.2263	9628.127
2163.7585	9569.4473
2164.2908	9556.8242
2164.8232	9571.7139
2165.3555	9609.9619
2165.8877	9470.793
2166.4202	9452.0146
2166.9524	9456.457
2167.4846	9493.5342
2168.0168	9524.583
2168.5493	9393.6963
2169.0815	9370.6367
2169.6138	9321.3096
2170.1462	9306.583
2170.6785	9252.3867
2171.2107	9213.8135
2171.7432	9128.7422
2172.2754	9156.5342
2172.8076	9072.7549
2173.3398	9016.9727
2173.8723	8957.8125
2174.4045	8889.8584
2174.9368	8918.8203
2175.4692	8775.2783
2176.0015	8700.376
2176.5337	8736.4258
2177.0662	8585.9082
2177.5984	8447.3389
2178.1306	8507.2246
2178.6628	8464.5254
2179.1953	8311.4502
2179.7275	8183.8354
2180.2598	8212.6992
2180.7922	8193.123
2181.3245	8140.3711
2181.8567	8022.291
2182.3889	7956.0986
2182.9214	7912.3853
2183.4536	7735.1802
2183.9858	7756.8267
2184.5183	7719.5591
2185.0505	7648.8745
2185.5828	7659.8843
2186.1152	7674.3901
2186.6475	7655.832
2187.1797	7568.6299
2187.7119	7446.1699
2188.2444	7438.5601
2188.7766	7383.001
2189.3088	7301.5459
2189.8413	7311.4849
2190.3735	7348.0498
2190.9058	7371.7046
2191.438	7318.686
2191.9705	7308.9111
2192.5027	7416.2734
2193.0349	7342.3472
2193.5674	7232.4297
2194.0996	7227.2109
2194.6318	7246.1729
2195.1643	7274.4473
2195.6965	7254.3921
2196.2288	7240.7378
2196.761	7149.6816
2197.2935	7167.2925
2197.8257	7060.8291
2198.3579	7216.2271
2198.8904	7169.2266
2199.4226	7070.7246
2199.9548	7118.8838
2200.4873	7088.7813
2201.0195	7057.9951
2201.5518	7035.416
2202.084	7140.0962
2202.6165	7164.8047
2203.1487	7208.7271
2203.6809	7079.8755
2204.2134	7229.3936
2204.7456	7206.9629
2205.2778	7201.6118
2205.8101	7111.5156
2206.3425	7213.5547
2206.8748	7138.8501
2207.407	7109.9917
2207.9395	7033.9189
2208.4717	7051.3062
2209.0039	7080.4961
2209.5364	7158.9355
2210.0686	7138.3745
2210.6008	7054.2021
2211.1331	7285.8745
2211.6655	7017.064
2212.1978	7185.2593
2212.73	7159.4321
2213.2625	7163.8774
2213.7947	7103.1729
2214.3269	7054.1396
2214.8594	7138.3198
2215.3916	7115.7476
2215.9238	7085.6465
2216.4561	7192.8325
2216.9885	7282.2031
2217.5208	7364.8384
2218.053	7234.9736
2218.5854	7121.9102
2219.1177	7210.7578
2219.6499	7151.0435
2220.1821	7224.6885
2220.7146	7192.0425
2221.2468	7172.542
2221.7791	7242.9287
2222.3115	7268.8745
2222.8438	7171.1997
2223.376	7142.8145
2223.9084	7218.2236
2224.4407	7262.2769
2224.9729	7178.4653
2225.5051	7309.1299
2226.0376	7278.1206
2226.5698	7219.9707
2227.1021	7259.4473
2227.6345	7259.5068
2228.1667	7236.458
2228.699	7281.2061
2229.2314	7339.8306
2229.7637	7338.1182
2230.2959	7374.2471
2230.8281	7241.021
2231.3606	7301.2935
2231.8928	7265.0508
2232.425	7242.9863
2232.9575	7259.3218
2233.4897	7341.4536
2234.022	7424.0068
2234.5542	7429.7754
2235.0867	7529.7168
2235.6189	7558.7959
2236.1511	7555.6328
2236.6836	7500.6362
2237.2158	7414.9463
2237.748	7437.6348
2238.2805	7598.4717
2238.8127	7474.563
2239.345	7521.6724
2239.8772	7702.2925
2240.4097	7650.3369
2240.9419	7647.9604
2241.4741	7603.4331
2242.0066	7630.7651
2242.5388	7742.2827
2243.071	7765.2744
2243.6033	7711.4531
2244.1357	7709.8999
2244.668	7700.0874
2245.2002	7845.3232
2245.7327	7641.1396
2246.2649	7831.2056
2246.7971	7981.7358
2247.3296	7863.2314
2247.8618	7818.981
2248.394	7938.9458
2248.9263	7968.2246
2249.4587	7917.3149
2249.991	8061.583
2250.5232	7936.3047
2251.0557	7991.584
2251.5879	7980.2192
2252.1201	8023.877
2252.6526	8130.5337
2253.1848	8150.436
2253.717	8092.5806
2254.2493	8110.5122
2254.7817	8213.6943
2255.314	8163.3618
2255.8462	8204.376
2256.3787	8315.3438
2256.9109	8323.1328
2257.4431	8365.5449
2257.9753	8402.3896
2258.5078	8564.6895
2259.04	8466.958
2259.5723	8448.167
2260.1047	8541.2852
2260.637	8547.1416
2261.1692	8616.2754
2261.7017	8632.4004
2262.2339	8712.5977
2262.7661	8740.0488
2263.2983	8842.248
2263.8308	8834.0889
2264.363	8788.2236
2264.8953	8921.2129
2265.4277	8789.7539
2265.96	8843.5498
2266.4922	9008.2617
2267.0247	9010.0381
2267.5569	9105.5996
2268.0891	9068.3613
2268.6213	9272.2646
2269.1538	9060.8379
2269.686	9144.9531
2270.2183	9310.1963
2270.7507	9230.7559
2271.283	9256.5693
2271.8152	9340.123
2272.3474	9350.4219
2272.8799	9418.9951
2273.4121	9433.1055
2273.9443	9467.3242
2274.4768	9629.4902
2275.009	9516.6279
2275.5413	9715.1836
2276.0737	9771.2871
2276.606	9738.8691
2277.1382	9766.6143
2277.6704	9756.0566
2278.2029	9880.1094
2278.7351	9819.2188
2279.2673	9797.5742
2279.7998	9946.9629
2280.332	10030.93
2280.8643	10071.99
2281.3967	9974.1475
2281.929	10056.078
2282.4612	10139.402
2282.9934	10205.996
2283.5259	10262.784
2284.0581	10204.793
2284.5903	10234.265
2285.1228	10390.195
2285.655	10278.354
2286.1873	10202.657
2286.7195	10296.976
2287.252	10296.397
2287.7842	10388.376
2288.3164	10498.038
2288.8489	10536.594
2289.3811	10512.197
2289.9133	10466.292
2290.4458	10498.46
2290.978	10509.938
2291.5103	10531.06
2292.0425	10573.532
2292.575	10517.816
2293.1072	10548.95
2293.6394	10345.688
2294.1719	10544.313
2294.7041	10479.02
2295.2363	10478.19
2295.7686	10467.281
2296.301	10383.746
2296.8333	10400.603
2297.3655	10434.48
2297.8979	10461.8
2298.4302	10536.957
2298.9624	10552.178
2299.4949	10342.707
2300.0271	10301.879
2300.5593	10203.35
2301.0916	10269.301
2301.624	10250.829
2302.1563	10286.948
2302.6885	10263.122
2303.2209	10134.73
2303.7532	10071.067
2304.2854	10128.239
2304.8179	10038.47
2305.3501	10112.951
2305.8823	10032.674
2306.4146	10000.677
2306.947	9777.4395
2307.4792	9791.6543
2308.0115	9726.9775
2308.5439	9721.4863
2309.0762	9598.7139
2309.6084	9573.6367
2310.1406	9576.5791
2310.6731	9442.9014
2311.2053	9441.3887
2311.7375	9376.1729
2312.27	9322.8955
2312.8022	9164.7939
2313.3345	9194.542
2313.8669	9157.1523
2314.3992	9197.6045
2314.9314	8997.1563
2315.4636	8923.7041
2315.9961	8985.9082
2316.5283	8935.5225
2317.0605	8780.4326
2317.593	8725.3359
2318.1252	8703.2012
2318.6575	8654.4746
2319.1899	8643.7549
2319.7222	8541.2949
2320.2544	8518.2451
2320.7866	8432.833
2321.3191	8480.8223
2321.8513	8405.3984
2322.3835	8429.2578
2322.916	8388.6221
2323.4482	8518.5488
2323.9805	8335.293
2324.5127	8216.0693
2325.0452	8241.9834
2325.5774	8241.3018
2326.1096	8194.9082
2326.6421	8216.6084
2327.1743	8003.8042
2327.7065	8113.3682
2328.239	7950.8057
2328.7712	7895.3208
2329.3035	7908.4106
2329.8357	7854.7612
2330.3682	7850.8022
2330.9004	7831.4702
2331.4326	7768.9072
2331.9651	7776.2808
2332.4973	7708.1768
2333.0295	7736.9233
2333.562	7642.0415
2334.0942	7538.0562
2334.6265	7512.5679
2335.1587	7404.96
2335.6912	7390.8647
2336.2234	7285.186
2336.7556	7360.5298
2337.2881	7281.5103
2337.8203	7217.7397
2338.3525	7326.0259
2338.8848	7096.918
2339.4172	7112.9155
2339.9495	7081.1104
2340.4817	7033.0024
2341.0142	7000.3032
2341.5464	7038.1685
2342.0786	7006.1426
2342.6111	6889.999
2343.1433	6950.416
2343.6755	6820.2969
2344.2078	6803.8906
2344.7402	6734.4946
2345.2725	6700.2344
2345.8047	6776.522
2346.3372	6618.1846
2346.8694	6564.4775
2347.4016	6547.3857
2347.9338	6518.0698
2348.4663	6430.3638
2348.9985	6566.627
2349.5308	6535.7534
2350.0632	6307.5278
2350.5955	6362.0581
2351.1277	6413.4961
2351.6602	6244.1338
2352.1924	6205.0854
2352.7246	6222.9707
2353.2568	6247.2451
2353.7893	6132.2808
2354.3215	6197.8101
2354.8538	6152.6855
2355.3862	6133.2217
2355.9185	6064.9316
2356.4507	6112.2383
2356.9832	6090.043
2357.5154	6067.7212
2358.0476	6053.5854
2358.5798	6031.2793
2359.1123	5999.9868
2359.6445	5963.1528
2360.1768	5920.8726
2360.7092	5930.5229
2361.2415	5885.7217
2361.7737	5786.1968
2362.3059	5800.9741
2362.8384	5793.6372
2363.3706	5757.0088
2363.9028	5802.5337
2364.4353	5733.1709
2364.9675	5664.6226
2365.4998	5660.9097
2366.0322	5684.4902
2366.5645	5694.8257
2367.0967	5630.9131
2367.6289	5605.1362
2368.1614	5549.1479
2368.6936	5528.1479
2369.2258	5525.1816
2369.7583	5516.458
2370.2905	5458.2949
2370.8228	5458.646
2371.3552	5436.1484
2371.8875	5441.4019
2372.4197	5432.2754
2372.9519	5419.4292
2373.4844	5392.4688
2374.0166	5313.3667
2374.5488	5304.6484
2375.0813	5192.5986
2375.6135	5308.3921
2376.1458	5338.4331
2376.678	5304.8608
2377.2104	5253.1484
2377.7427	5219.9282
2378.2749	5227.2554
2378.8074	5216.9668
2379.3396	5197.9395
2379.8718	5124.2837
2380.4043	5132.9956
2380.9365	5079.814
2381.4688	5048.4048
2382.001	5042.1577
2382.5334	5000.4146
2383.0657	5026.6401
2383.5979	5035.0308
2384.1304	4958.1157
2384.6626	5039.1514
2385.1948	4911.0991
2385.7273	5035.6567
2386.2595	5023.7622
2386.7917	4955.9966
2387.324	4941.3477
2387.8564	4963.6787
2388.3887	4924.0386
2388.9209	4975.6743
2389.4534	5015.2651
2389.9856	4935.6445
2390.5178	4919.2188
2391.05	4873.0942
2391.5825	4861.625
2392.1147	4866.3511
2392.647	4859.8008
2393.1794	4815.0469
2393.7117	4814.5044
2394.2439	4693.228
2394.7764	4781.0894
2395.3086	4744.6973
2395.8408	4640.856
2396.373	4676.541
2396.9055	4652.4741
2397.4377	4634.1836
2397.97	4594.0015
2398.5024	4664.6348
2399.0347	4667.998
2399.5669	4664.8213
2400.0991	4512.5127
2400.6316	4464.4116
2401.1638	4442.6484
2401.696	4448.4102
2402.2285	4482.1035
2402.7607	4539.5454
2403.293	4591.3433
2403.8254	4475.4053
2404.3577	4536.4941
2404.8899	4461.1772
2405.4221	4461.1631
2405.9546	4429.3267
2406.4868	4361.9736
2407.019	4322.2231
2407.5515	4308.3101
2408.0837	4402.5625
2408.616	4334.4971
2409.1484	4291.9873
2409.6807	4230.686
2410.2129	4325.6079
2410.7451	4306.3408
2411.2776	4312.8076
2411.8098	4274.5352
2412.342	4294.876
2412.8745	4330.6436
2413.4067	4251.9629
2413.939	4256.9478
2414.4712	4180.2134
2415.0037	4167.0244
2415.5359	4166.8311
2416.0681	4174.876
2416.6006	4225.4863
2417.1328	4175.7446
2417.665	4073.6729
2418.1975	3998.0994
2418.7297	4077.946
2419.262	4126.3867
2419.7942	4141.3931
2420.3267	4140.0771
2420.8589	4049.4329
2421.3911	4067.0071
2421.9236	4065.304
2422.4558	4074.4714
2422.988	4119.229
2423.5205	4048.0276
2424.0527	4025.2744
2424.585	4056.7332
2425.1172	4029.0798
2425.6497	3914.4797
2426.1819	3950.7659
2426.7141	3886.9238
2427.2466	3873.2388
2427.7788	3859.3787
2428.311	3962.115
2428.8433	3912.6235
2429.3757	3912.6965
2429.908	3899.6748
2430.4402	3943.2417
2430.9727	3962.6162
2431.5049	3898.9939
2432.0371	3850.7146
2432.5696	3914.5605
2433.1018	3796.2222
2433.634	3827.8293
2434.1663	3822.1338
2434.6987	3766.5215
2435.231	3789.2266
2435.7632	3763.5066
2436.2957	3724.0757
2436.8279	3790.2268
2437.3601	3621.5735
2437.8926	3714.8027
2438.4248	3771.7227
2438.957	3747.5688
2439.4893	3708.96
2440.0217	3708.0967
2440.554	3676.5486
2441.0862	3693.3181
2441.6187	3738.1025
2442.1509	3703.6235
2442.6831	3759.7507
2443.2153	3678.4224
2443.7478	3736.498
2444.28	3741.8906
2444.8123	3745.2253
2445.3447	3669.5183
2445.877	3667.1311
2446.4092	3736.6128
2446.9417	3731.9573
2447.4739	3812.6985
2448.0061	3806.0793
2448.5383	3836.113
2449.0708	3844.0332
2449.603	3816.0505
2450.1353	3908.449
2450.6677	3893.5459
2451.2	3850.5269
2451.7322	3850.1323
2452.2644	3865.8022
2452.7969	3889.9968
2453.3291	3849.6841
2453.8613	3758.9287
2454.3938	3843.5991
2454.926	3872.0583
2455.4583	3825.1545
2455.9907	3766.2605
2456.5229	3768.6382
2457.0552	3747.5278
2457.5874	3707.2458
2458.1199	3732.8228
2458.6521	3761.5972
2459.1843	3677.2935
2459.7168	3645.3987
2460.249	3649.7908
2460.7813	3647.0989
2461.3137	3608.7332
2461.8459	3605.8354
2462.3782	3544.7166
2462.9104	3531.083
2463.4429	3553.3767
2463.9751	3478.3284
2464.5073	3554.1841
2465.0398	3429.4519
2465.572	3421.0295
2466.1042	3443.5586
2466.6365	3410.4136
2467.1689	3420.8604
2467.7012	3434.2334
2468.2334	3382.6182
2468.7659	3320.7581
2469.2981	3361.2095
2469.8303	3396.7271
2470.3628	3385.5325
2470.895	3358.1665
2471.4272	3423.2246
2471.9595	3320.6479
2472.4919	3400.2385
2473.0242	3350.1084
2473.5564	3415.2988
2474.0889	3480.8657
2474.6211	3413.0227
2475.1533	3344.4941
2475.6858	3402.4353
2476.218	3466.1736
2476.7502	3433.8818
2477.2825	3457.2996
2477.8149	3433.7349
2478.3472	3489.738
2478.8794	3511.5635
2479.4119	3479.6389
2479.9441	3494.6245
2480.4763	3571.1362
2481.0085	3544.4219
2481.541	3579.7554
2482.0732	3586.583
2482.6055	3586.7056
2483.1379	3552.9067
2483.6702	3604.8857
2484.2024	3589.7317
2484.7349	3672.5972
2485.2671	3706.6008
2485.7993	3660.4045
2486.3315	3719.0989
2486.864	3705.1411
2487.3962	3679.1172
2487.9285	3707.9561
2488.4609	3692.8333
2488.9932	3778.1292
2489.5254	3822.0452
2490.0579	3760.6904
2490.5901	3828.9153
2491.1223	3822.552
2491.6545	3830.8447
2492.187	3806.4773
2492.7192	3873.562
2493.2515	3922.5925
2493.7839	3907.7114
2494.3162	3951.0139
2494.8484	3995.3293
2495.3806	3945.6731
2495.9131	3890.0786
2496.4453	3933.522
2496.9775	3993.5562
2497.51	4021.6702
2498.0422	3949.8386
2498.5745	3955.6313
2499.1069	4041.2205
2499.6392	3949.6218
2500.1714	3957.0476
2500.7036	3954.8223
2501.2361	4020.959
2501.7683	3938.6885
2502.3005	4002.4734
2502.833	3999.3093
2503.3652	3856.4194
2503.8975	3844.2446
2504.4297	3944.9021
2504.9622	3970.667
2505.4944	3892.1309
2506.0266	3896.897
2506.5591	3836.1145
2507.0913	3777.4922
2507.6235	3787.5923
2508.156	3788.8862
2508.6882	3807.1262
2509.2205	3817.1521
2509.7527	3748.2014
2510.2852	3769.0059
2510.8174	3847.2598
2511.3496	3736.0718
2511.8821	3774.1252
2512.4143	3687.7622
2512.9465	3644.2864
2513.479	3709.6448
2514.0112	3706.0205
2514.5435	3669.1799
2515.0757	3573.5671
2515.6082	3619.5518
2516.1404	3686.9646
2516.6726	3724.6326
2517.2051	3652.4519
2517.7373	3546.0618
2518.2695	3569.9026
2518.8018	3531.4448
2519.3342	3510.5923
2519.8665	3393.1531
2520.3987	3421.0596
2520.9312	3401.3906
2521.4634	3299.6665
2521.9956	3278.5935
2522.5281	3255.4219
2523.0603	3169.001
2523.5925	3211.5237
2524.1248	3131.8425
2524.6572	3126.0439
2525.1895	3119.8357
2525.7217	3089.7412
2526.2542	3032.1865
2526.7864	3043.9043
2527.3186	2973.6965
2527.8511	2914.532
2528.3833	2920.6145
2528.9155	2919.8191
2529.4478	2826.2029
2529.9802	2822.6924
2530.5125	2834.1106
2531.0447	2875.4626
2531.5771	2748.9202
2532.1094	2709.5354
2532.6416	2767.4487
2533.1738	2731.7908
2533.7063	2705.6504
2534.2385	2689.3052
2534.7708	2770.0923
2535.3032	2645.3652
2535.8354	2654.0601
2536.3677	2646.2031
2536.9001	2621.0366
2537.4324	2597.8445
2537.9646	2654.5972
2538.4968	2606.7676
2539.0293	2562.7051
2539.5615	2568.0166
2540.0938	2578.7559
2540.6262	2604.323
2541.1584	2584.9685
2541.6907	2561.0452
2542.2231	2494.3257
2542.7554	2619.1602
2543.2876	2538.7869
2543.8198	2510.2456
2544.3523	2503.2283
2544.8845	2488.8167
2545.4167	2514.1299
2545.9492	2504.2891
2546.4814	2437.7043
2547.0137	2482.6211
2547.5459	2404.1545
2548.0784	2385.3015
2548.6106	2437.7813
2549.1428	2392.4524
2549.6753	2398.3784
2550.2075	2380.0452
2550.7397	2389.335
2551.2722	2353.0051
2551.8044	2328.7993
2552.3367	2304.5171
2552.8689	2294.2688
2553.4014	2297.9541
2553.9336	2311.3035
2554.4658	2334.9075
2554.9983	2363.8989
2555.5305	2328.2705
2556.0627	2312.6104
2556.595	2289.1504
2557.1274	2273.6484
2557.6597	2255.8257
2558.1919	2273.7034
2558.7244	2301.0378
2559.2566	2235.3499
2559.7888	2258.1143
2560.3213	2295.7236
2560.8535	2300.8638
2561.3857	2256.7378
2561.918	2229.8596
2562.4504	2209.0869
2562.9827	2211.6799
2563.5149	2199.031
2564.0474	2198.5325
2564.5796	2172.7119
2565.1118	2148.4067
2565.6443	2160.7664
2566.1765	2135.5149
2566.7087	2140.9749
2567.241	2175.2009
2567.7734	2151.3604
2568.3057	2106.1736
2568.8379	2122.4448
2569.3704	2095.8298
2569.9026	2088.3557
2570.4348	2117.8232
2570.967	2100.4587
2571.4995	2052.626
2572.0317	2063.9944
2572.564	2035.9587
2573.0964	1997.8059
2573.6287	1997.5385
2574.1609	1998.1924
2574.6934	1980.0529
2575.2256	2012.682
2575.7578	1947.912
2576.29	1962.301
2576.8225	1937.0316
2577.3547	1969.8921
2577.887	1948.007
2578.4194	1958.8778
2578.9517	1921.1553
2579.4839	1917.7864
2580.0164	1899.6624
2580.5486	1899.3368
2581.0808	1901.3257
2581.613	1916.5649
2582.1455	1874.0989
2582.6777	1897.5355
2583.21	1907.027
2583.7424	1882.913
2584.2747	1879.8553
2584.8069	1896.0228
2585.3391	1852.9333
2585.8716	1843.8754
2586.4038	1843.1166
2586.936	1851.5018
2587.4685	1850.6234
2588.0007	1852.1041
2588.533	1842.5518
2589.0654	1832.7521
2589.5977	1801.1359
2590.1299	1802.0186
2590.6621	1803.6581
2591.1946	1776.7097
2591.7268	1828.4921
2592.259	1822.4658
2592.7915	1789.528
2593.3237	1765.6283
2593.856	1790.7284
2594.3884	1774.0586
2594.9207	1760.6472
2595.4529	1756.9351
2595.9851	1782.1205
2596.5176	1761.7515
2597.0498	1742.5541
2597.582	1741.0021
2598.1145	1727.9844
2598.6467	1719.6829
2599.179	1695.4796
2599.7112	1714.5947
2600.2437	1711.7161
2600.7759	1699.3055
2601.3081	1669.6431
2601.8406	1684.4841
2602.3728	1670.7738
2602.905	1658.2205
2603.4375	1651.3951
2603.9697	1665.5665
2604.502	1655.2401
2605.0342	1634.8268
2605.5667	1647.7269
2606.0989	1613.5959
2606.6311	1622.8428
2607.1636	1613.1832
2607.6958	1592.6556
2608.228	1576.2428
2608.7603	1559.1755
2609.2927	1569.0779
2609.825	1568.4331
2610.3572	1555.9711
2610.8896	1560.5824
2611.4219	1548.3983
2611.9541	1527.7283
2612.4866	1508.4502
2613.0188	1537.4069
2613.551	1560.8353
2614.0833	1500.3386
2614.6157	1508.5676
2615.1479	1489.798
2615.6802	1493.6305
2616.2126	1491.8291
2616.7449	1488.1832
2617.2771	1473.6927
2617.8096	1495.5696
2618.3418	1458.2383
2618.874	1468.0718
2619.4063	1455.5391
2619.9387	1445.7388
2620.4709	1460.3226
2621.0032	1484.2186
2621.5356	1466.8081
2622.0679	1427.8342
2622.6001	1446.224
2623.1323	1444.1658
2623.6648	1460.3273
2624.197	1437.087
2624.7292	1422.7031
2625.2617	1407.2202
2625.7939	1436.9357
2626.3262	1386.9349
2626.8586	1417.6329
2627.3909	1392.0605
2627.9231	1407.0406
2628.4553	1418.4088
2628.9878	1407.6433
2629.52	1426.418
2630.0522	1421.4432
2630.5847	1384.8296
2631.1169	1402.65
2631.6492	1385.2444
2632.1816	1367.6711
2632.7139	1406.7976
2633.2461	1354.9872
2633.7783	1383.8204
2634.3108	1381.1718
2634.843	1374.1185
2635.3752	1348.1326
2635.9077	1366.9963
2636.4399	1366.4196
2636.9722	1359.7738
2637.5044	1388.7662
2638.0369	1371.1693
2638.5691	1383.7052
2639.1013	1341.2816
2639.6338	1355.439
2640.166	1346.2939
2640.6982	1329.167
2641.2307	1352.179
2641.7629	1329.4446
2642.2952	1332.0647
2642.8274	1348.8707
2643.3599	1354.1544
2643.8921	1374.4603
2644.4243	1340.0397
2644.9568	1354.4866
2645.489	1311.4153
2646.0212	1313.8693
2646.5537	1339.5433
2647.0859	1302.1647
2647.6182	1314.2891
2648.1504	1322.391
2648.6829	1290.6356
2649.2151	1304.4838
2649.7473	1294.4252
2650.2798	1329.3407
2650.812	1326.6738
2651.3442	1322.4884
2651.8765	1327.8832
2652.4089	1294.7565
2652.9412	1293.2831
2653.4734	1304.2372
2654.0059	1287.3553
2654.5381	1295.6565
2655.0703	1296.151
2655.6028	1285.0303
2656.135	1273.3232
2656.6672	1265.561
2657.1995	1283.2344
2657.7319	1278.4895
2658.2642	1303.3954
2658.7964	1266.843
2659.3289	1306.5771
2659.8611	1250.9493
2660.3933	1284.6152
2660.9255	1281.4921
2661.458	1272.7942
2661.9902	1282.8683
2662.5225	1290.7292
2663.0549	1273.8242
2663.5872	1263.1152
2664.1194	1285.1433
2664.6519	1261.7557
2665.1841	1264.6569
2665.7163	1260.7277
2666.2485	1247.0643
2666.781	1245.603
2667.3132	1223.3285
2667.8455	1222.5657
2668.3779	1242.8539
2668.9102	1256.9414
2669.4424	1253.6566
2669.9749	1228.0748
2670.5071	1262.5282
2671.0393	1223.9142
2671.5715	1250.8251
2672.104	1253.3805
2672.6362	1247.9669
2673.1685	1227.2013
2673.7009	1226.1439
2674.2332	1198.5575
2674.7654	1199.9612
2675.2976	1217.9312
2675.8301	1212.8241
2676.3623	1219.5792
2676.8945	1199.9164
2677.427	1197.1722
2677.9592	1202.3898
2678.4915	1220.1552
2679.0239	1205.4954
2679.5562	1198.9028
2680.0884	1204.3499
2680.6206	1201.5807
2681.1531	1203.006
2681.6853	1214.7328
2682.2175	1188.6727
2682.75	1197.0026
2683.2822	1200.358
2683.8145	1191.7405
2684.3469	1208.2257
2684.8792	1193.8752
2685.4114	1200.9637
2685.9436	1188.8787
2686.4761	1183.6057
2687.0083	1169.8354
2687.5405	1165.5399
2688.073	1172.6733
2688.6052	1183.4954
2689.1375	1158.653
2689.6697	1181.6711
2690.2021	1170.5444
2690.7344	1158.6211
2691.2666	1168.4254
2691.7991	1162.0229
2692.3313	1180.1565
2692.8635	1161.2111
2693.396	1176.6812
2693.9282	1168.8733
2694.4604	1170.3345
2694.9927	1154.0143
2695.5251	1161.9722
2696.0574	1159.8641
2696.5896	1144.3442
2697.1221	1174.8013
2697.6543	1173.438
2698.1865	1171.2255
2698.719	1158.177
2699.2512	1160.8752
2699.7834	1135.0625
2700.3157	1132.0295
2700.8481	1135.475
2701.3804	1143.8646
2701.9126	1172.0891
2702.4451	1132.719
2702.9773	1151.6908
2703.5095	1134.5459
2704.0417	1137.689
2704.5742	1137.6797
2705.1064	1146.1975
2705.6387	1146.4287
2706.1711	1137.8796
2706.7034	1134.7959
2707.2356	1128.5527
2707.7681	1135.4139
2708.3003	1120.8322
2708.8325	1132.8031
2709.3647	1149.4244
2709.8972	1126.2084
2710.4294	1112.5833
2710.9617	1135.9661
2711.4941	1133.6819
2712.0264	1119.6343
2712.5586	1117.608
2713.0908	1123.7598
2713.6233	1142.6417
2714.1555	1137.325
2714.6877	1128.5819
2715.2202	1138.9326
2715.7524	1127.2726
2716.2847	1136.3422
2716.8171	1130.61
2717.3494	1129.2355
2717.8816	1133.4811
2718.4138	1120.6848
2718.9463	1128.696
2719.4785	1116.1833
2720.0107	1114.829
2720.5432	1126.8597
2721.0754	1126.1606
2721.6077	1130.8478
2722.1401	1119.5726
2722.6724	1121.1132
2723.2046	1104.6216
2723.7368	1103.1506
2724.2693	1118.1808
2724.8015	1107.9552
2725.3337	1091.3358
2725.8662	1096.8689
2726.3984	1082.5271
2726.9307	1116.559
2727.4629	1106.8046
2727.9954	1077.2942
2728.5276	1102.5057
2729.0598	1112.2893
2729.5923	1113.8319
2730.1245	1119.9364
2730.6567	1125.8164
2731.1892	1107.1385
2731.7214	1101.3367
2732.2537	1098.5612
2732.7859	1106.0148
2733.3184	1077.5913
2733.8506	1116.1378
2734.3828	1097.788
2734.9153	1085.0396
2735.4475	1098.3683
2735.9797	1096.7769
2736.5122	1107.6199
2737.0444	1070.4666
2737.5767	1096.6378
2738.1089	1083.915
2738.6414	1088.3918
2739.1736	1086.3252
2739.7058	1083.5889
2740.2383	1102.2374
2740.7705	1094.1827
2741.3027	1070.2845
2741.835	1079.0497
2742.3674	1088.3901
2742.8997	1085.7706
2743.4319	1091.9149
2743.9644	1083.5105
2744.4966	1094.6302
2745.0288	1097.726
2745.5613	1090.7953
2746.0935	1070.5453
2746.6257	1101.0382
2747.158	1106.8625
2747.6904	1082.4382
2748.2227	1089.265
2748.7549	1084.8492
2749.2874	1074.8378
2749.8196	1086.469
2750.3518	1082.7302
2750.8843	1077.2203
2751.4165	1074.1495
2751.9487	1096.8652
2752.481	1076.3119
2753.0134	1065.1843
2753.5457	1089.6807
2754.0779	1068.828
2754.6104	1075.2744
2755.1426	1067.522
2755.6748	1067.0105
2756.207	1070
2756.7395	1079.6176
2757.2717	1061.2961
2757.804	1070.8651
2758.3364	1075.986
2758.8687	1074.6206
2759.4009	1065.5675
2759.9333	1074.6323
2760.4656	1053.8042
2760.9978	1062.2811
2761.53	1047.8252
2762.0625	1073.0476
2762.5947	1071.5851
2763.127	1092.0068
2763.6594	1065.7308
2764.1917	1053.2401
2764.7239	1061.036
2765.2561	1061.725
2765.7886	1053.4686
2766.3208	1066.9486
2766.853	1066.5345
2767.3855	1048.0259
2767.9177	1053.2523
2768.45	1054.1478
2768.9824	1058.1729
2769.5146	1048.7864
2770.0469	1053.1705
2770.5791	1056.3225
2771.1116	1041.6816
2771.6438	1055.7559
2772.176	1049.9258
2772.7085	1047.626
2773.2407	1044.7662
2773.7729	1045.8225
2774.3054	1046.3778
2774.8376	1063.848
2775.3699	1055.068
2775.9021	1050.3416
2776.4346	1035.72
2776.9668	1047.8685
2777.499	1052.3201
2778.0315	1056.8507
2778.5637	1039.4047
2779.0959	1041.5052
2779.6282	1037.452
2780.1606	1033.2462
2780.6929	1038.1713
2781.2251	1044.2753
2781.7576	1028.3695
2782.2898	1038.297
2782.822	1029.9119
2783.3545	1028.9167
2783.8867	1034.1089
2784.4189	1030.196
2784.9512	1045.6174
2785.4836	1021.8846
2786.0159	1033.2119
2786.5481	1027.6763
2787.0806	1037.2422
2787.6128	1047.8221
2788.145	1040.4664
2788.6775	1040.4792
2789.2097	1039.3135
2789.7419	1036.4374
2790.2742	1048.241
2790.8066	1042.2714
2791.3389	1037.6482
2791.8711	1038.0657
2792.4036	1032.6765
2792.9358	1019.6359
2793.468	1009.4402
2794.0002	1028.9662
2794.5327	1023.3384
2795.0649	1024.5221
2795.5972	1029.0562
2796.1296	1035.5237
2796.6619	1031.235
2797.1941	1011.0518
2797.7266	1018.4354
2798.2588	1026.42
2798.791	1020.7509
2799.3232	1019.4608
2799.8557	1021.1531
2800.3879	1029.7402
2800.9202	997.21399
2801.4526	1015.2509
2801.9849	1025.6293
2802.5171	1015.2819
2803.0496	1014.6886
2803.5818	1036.0895
2804.114	1020.103
2804.6462	1029.3435
2805.1787	1022.7888
2805.7109	1018.3101
2806.2432	1023.4802
2806.7756	1008.2932
2807.3079	1026.0195
2807.8401	1008.7945
2808.3723	1034.1704
2808.9048	1009.9876
2809.437	1021.2814
2809.9692	1000.8544
2810.5017	1013.4757
2811.0339	1016.9592
2811.5662	1004.1442
2812.0986	1015.5826
2812.6309	1008.4341
2813.1631	1025.5701
2813.6953	1008.6678
2814.2278	1011.8817
2814.76	1015.0219
2815.2922	1004.2324
2815.8247	994.06927
2816.3569	1015.6036
2816.8892	1009.2217
2817.4214	996.85236
2817.9539	1011.1528
2818.4861	1017.9819
2819.0183	1006.2912
2819.5508	999.94324
2820.083	1002.0536
2820.6152	995.77032
2821.1477	999.71973
2821.6799	1002.0086
2822.2122	1010.9292
2822.7444	1012.7029
2823.2769	997.35059
2823.8091	990.27948
2824.3413	990.99011
2824.8738	988.08374
2825.406	1006.1827
2825.9382	989.6123
2826.4707	995.09943
2827.0029	1015.1193
2827.5352	989.15045
2828.0674	995.7757
2828.5999	998.39941
2829.1321	993.45599
2829.6643	998.93866
2830.1968	1002.5875
2830.729	992.15631
2831.2612	994.10626
2831.7935	995.25146
2832.3259	999.87891
2832.8582	993.26001
2833.3904	991.79248
2833.9229	1026.6154
2834.4551	982.1391
2834.9873	1004.1733
2835.5198	1005.2457
2836.052	999.3252
2836.5842	979.08466
2837.1165	979.81287
2837.6489	997.26697
2838.1812	996.82928
2838.7134	992.32507
2839.2458	973.0213
2839.7781	990.80585
2840.3103	991.6134
2840.8428	988.98584
2841.375	995.59717
2841.9072	980.44324
2842.4395	988.84418
2842.9719	983.51764
2843.5042	996.00879
2844.0364	986.53735
2844.5688	985.34094
2845.1011	992.63226
2845.6333	982.91425
2846.1655	990.35535
2846.698	977.2724
2847.2302	974.89087
2847.7625	978.29089
2848.2949	986.26758
2848.8271	985.23169
2849.3594	997.85132
2849.8918	979.4173
2850.4241	982.66602
2850.9563	983.01117
2851.4885	969.5412
2852.021	983.65088
2852.5532	973.49969
2853.0854	974.22601
2853.6179	977.33209
2854.1501	983.13495
2854.6824	971.32263
2855.2148	1005.6002
2855.7471	981.91638
2856.2793	992.24933
2856.8115	986.59485
2857.344	990.8255
2857.8762	981.68506
2858.4084	962.67291
2858.9409	980.95435
2859.4731	971.21173
2860.0054	960.02777
2860.5376	984.19934
2861.0701	992.47345
2861.6023	974.77441
2862.1345	971.98889
2862.667	974.7879
2863.1992	974.35931
2863.7314	976.74976
2864.2639	969.53217
2864.7961	972.99561
2865.3284	985.91669
2865.8606	972.82019
2866.3931	981.68488
2866.9253	968.56366
2867.4575	966.45642
2867.99	979.13678
2868.5222	976.59564
2869.0544	977.0213
2869.5867	969.02423
2870.1191	982.15332
2870.6514	977.87134
2871.1836	970.0144
2871.7161	972.79468
2872.2483	967.34949
2872.7805	948.78015
2873.313	959.8772
2873.8452	966.02277
2874.3774	976.9259
2874.9097	968.99219
2875.4421	954.8725
2875.9744	962.18701
2876.5066	970.87726
2877.0391	972.19525
2877.5713	958.91394
2878.1035	979.55884
2878.636	960.3623
2879.1682	975.33862
2879.7004	960.12323
2880.2327	968.09998
2880.7651	969.83685
2881.2974	958.21747
2881.8296	957.33844
2882.3621	973.0752
2882.8943	967.99182
2883.4265	952.43298
2883.9587	963.63367
2884.4912	969.61023
2885.0234	972.38629
2885.5557	959.85834
2886.0881	961.14703
2886.6204	951.96649
2887.1526	968.34961
2887.6851	970.86908
2888.2173	966.9649
2888.7495	958.18622
2889.2817	955.74316
2889.8142	959.22516
2890.3464	970.22656
2890.8787	954.42883
2891.4111	951.10944
2891.9434	951.11505
2892.4756	945.12195
2893.0081	961.38824
2893.5403	963.48175
2894.0725	963.92084
2894.6047	955.95642
2895.1372	951.36798
2895.6694	948.8819
2896.2017	952.07111
2896.7341	949.93604
2897.2664	950.31622
2897.7986	972.09253
2898.3308	952.82654
2898.8633	956.93256
2899.3955	959.81769
2899.9277	952.74414
2900.4602	952.84564
2900.9924	947.31305
2901.5247	953.97742
2902.0571	941.3175
2902.5894	954.53088
2903.1216	950.15887
2903.6538	952.53534
2904.1863	962.1051
2904.7185	963.78833
2905.2507	944.7583
2905.7832	951.41364
2906.3154	949.32074
2906.8477	963.7171
2907.3801	959.73157
2907.9124	962.00098
2908.4446	967.65765
2908.9768	944.64563
2909.5093	952.56055
2910.0415	942.89093
2910.5737	943.49457
2911.1062	946.2948
2911.6384	946.97534
2912.1707	946.36395
2912.7029	936.01221
2913.2354	947.01422
2913.7676	950.52478
2914.2998	953.44501
2914.8323	938.50537
2915.3645	940.84674
2915.8967	945.36389
2916.4292	952.1861
2916.9614	951.81494
2917.4937	967.75061
2918.0259	944.00458
2918.5583	953.01221
2919.0906	945.94122
2919.6228	952.64124
2920.1553	957.75671
2920.6875	956.8587
2921.2197	951.35565
2921.752	945.3302
2922.2844	952.85291
2922.8167	936.92242
2923.3489	943.00153
2923.8813	957.62903
2924.4136	955.96332
2924.9458	946.0625
2925.4783	955.57947
2926.0105	946.13629
2926.5427	951.03278
2927.075	945.77808
2927.6074	940.9057
2928.1396	947.67767
2928.6719	947.31915
2929.2043	946.8739
2929.7366	937.46649
2930.2688	937.5318
2930.8013	960.31335
2931.3335	940.92944
2931.8657	936.63531
2932.3979	949.05933
2932.9304	946.30457
2933.4626	931.02917
2933.9949	933.46375
2934.5273	936.85468
2935.0596	939.55597
2935.5918	938.75214
2936.124	936.6012
2936.6565	942.88123
2937.1887	942.37
2937.7209	940.78149
2938.2534	938.7171
2938.7856	938.4751
2939.3179	954.15845
2939.8503	941.4939
2940.3826	943.7066
2940.9148	942.45093
2941.447	934.77423
2941.9795	948.00867
2942.5117	951.10791
2943.0439	943.10083
2943.5764	937.61572
2944.1086	937.32538
2944.6409	931.75726
2945.1733	946.53668
2945.7056	944.8056
2946.2378	938.85541
2946.77	945.07379
2947.3025	942.87164
2947.8347	942.14447
2948.3669	948.13892
2948.8994	938.88556
2949.4316	941.09198
2949.9639	930.1474
2950.4961	931.24536
2951.0286	933.63641
2951.5608	933.21802
2952.093	943.05402
2952.6255	953.63397
2953.1577	930.25568
2953.6899	941.01862
2954.2224	941.3175
2954.7546	939.22711
2955.2869	936.01434
2955.8191	938.7002
2956.3516	943.58649
2956.8838	939.19708
2957.416	931.18481
2957.9485	929.93695
2958.4807	935.1261
2959.0129	932.12805
2959.5454	940.21704
2960.0776	947.84503
2960.6099	928.17725
2961.1421	931.66565
2961.6746	932.3266
2962.2068	923.13971
2962.739	928.60571
2963.2715	940.72278
2963.8037	928.27551
2964.3359	938.25317
2964.8682	933.96564
2965.4006	951.9823
2965.9329	933.22113
2966.4651	937.49304
2966.9976	935.61761
2967.5298	949.2746
2968.062	931.95532
2968.5945	935.0636
2969.1267	941.9563
2969.6589	939.53442
2970.1912	931.72174
2970.7236	935.44165
2971.2559	938.33752
2971.7881	940.57745
2972.3206	940.08185
2972.8528	923.94244
2973.385	935.44421
2973.9172	931.13049
2974.4497	930.58234
2974.9819	938.85614
2975.5142	928.29449
2976.0466	927.82422
2976.5789	934.40045
2977.1111	936.38013
2977.6436	929.90961
2978.1758	922.7782
2978.708	931.34186
2979.2402	930.5658
2979.7727	924.29803
2980.3049	940.43115
2980.8372	923.84961
2981.3696	927.70117
2981.9019	929.95044
2982.4341	937.29761
2982.9666	925.77264
2983.4988	934.58521
2984.031	935.36273
2984.5632	932.24194
2985.0957	935.14655
2985.6279	933.24255
2986.1602	935.08124
2986.6926	936.63232
2987.2249	937.95477
2987.7571	935.1012
2988.2893	925.88147
2988.8218	931.24237
2989.354	916.41913
2989.8862	927.15686
2990.4187	930.14514
2990.9509	923.53461
2991.4832	928.42487
2992.0156	930.82385
2992.5479	938.44458
2993.0801	932.95886
2993.6123	929.75354
2994.1448	932.06793
2994.677	929.74646
2995.2092	928.93884
2995.7417	933.61481
2996.2739	937.08478
2996.8062	927.69757
2997.3386	918.72107
2997.8708	930.09204
2998.4031	933.32996
2998.9353	923.03125
2999.4678	931.35571
3000	933.11157
