50	896.60138
50.532299	903.02698
51.064598	903.85535
51.596897	898.54041
52.129196	894.97937
52.661495	892.98346
53.193794	892.16956
53.726093	897.95837
54.258392	891.41827
54.790688	884.79895
55.322987	888.69458
55.855286	897.53192
56.387585	901
56.919884	901
57.452183	904.16022
57.984482	897.57666
58.516781	895.2381
59.04908	897.17163
59.581379	895.83014
60.113678	902.46326
60.645977	906.04834
61.178276	904.63934
61.710575	902.16278
62.242874	901.74371
62.775173	903.53735
63.307468	898.57086
63.839767	905.34113
64.37207	908.5636
64.904366	909
65.436668	907.67572
65.968964	903.20123
66.501266	906.5199
67.033562	912.66614
67.565857	912.31274
68.09816	910.73444
68.630455	912.3941
69.162758	913.86566
69.695053	909.7243
70.227356	917.21777
70.759651	921
71.291954	919.96545
71.824249	920.0993
72.356552	929.97461
72.888847	925.83197
73.42115	925
73.953445	925.49384
74.485748	926.3241
75.018044	923.75751
75.550346	906.31934
76.082642	916.59808
76.614937	922.22858
77.14724	919.72235
77.679535	916.2193
78.211838	919.40625
78.744133	921.89819
79.276436	929.17084
79.808731	929.745
80.341034	928.08344
80.873329	925.26538
81.405632	921.71985
81.937927	926.70526
82.47023	934.03662
83.002525	926.19452
83.534828	915.56116
84.067123	914.6745
84.599426	925.93915
85.131721	917.62732
85.664017	912.3891
86.19632	919.99603
86.728615	928.58624
87.260918	927.80176
87.793213	916.65643
88.325516	922.47644
88.857811	921.48663
89.390114	924.52924
89.922409	920.70209
90.454712	916.77332
90.987007	931.32794
91.51931	934.65332
92.051605	931.26086
92.583908	915.50726
93.116203	912.81909
93.648499	921.06219
94.180801	912.44244
94.713097	917.43286
95.245399	919.46429
95.777695	918.26813
96.309998	918.59766
96.842293	921.45374
97.374596	922.6286
97.906891	918.46625
98.439194	917.97662
98.971489	915.70746
99.503792	917.17444
100.03609	920.33698
100.56839	915.10333
101.10069	916.76678
101.63299	930.8587
102.16528	925.25787
102.69758	918.15674
103.22988	919.5025
103.76218	918.28064
104.29448	922.44287
104.82677	920.76849
105.35908	917.70319
105.89137	914.76715
106.42368	916.40753
106.95597	927.56708
107.48827	922.56769
108.02057	928.52747
108.55287	929.82086
109.08517	923.36572
109.61747	914.94775
110.14977	914.94635
110.68207	914.94501
111.21436	909.80737
111.74666	914.76074
112.27896	923.16058
112.81126	926.28821
113.34356	920.03467
113.87585	909.17603
114.40816	909.41217
114.94045	912.79993
115.47276	918.19397
116.00505	923.6568
116.53735	925.69867
117.06965	923.19592
117.60195	922.18091
118.13425	920.18414
118.66655	916.01758
119.19884	910.92145
119.73115	908.68262
120.26344	916.20239
120.79574	926.72717
121.32804	919.30139
121.86034	919.56207
122.39264	931.73126
122.92493	934.53278
123.45724	913.67383
123.98953	908.08362
124.52184	919.53961
125.05413	926.59784
125.58643	923.54803
126.11873	920.33655
126.65103	923.68005
127.18333	933.24811
127.71563	929.13947
128.24792	923.99933
128.78023	920.90015
129.31252	915.53119
129.84482	913.02039
130.37712	927.96716
130.90942	914.26697
131.44171	914.14575
131.97401	927.10107
132.50632	929.05341
133.03862	924.0415
133.57091	919.83069
134.10321	920.18018
134.63551	925.24585
135.16782	924.74524
135.7001	915.44672
136.23241	923.81537
136.76471	923.04694
137.297	925.54742
137.8293	923.8512
138.3616	919.51288
138.89391	917.58167
139.42619	920.88538
139.9585	921.72137
140.4908	921.17859
141.0231	924.55377
141.55539	927.8653
142.08769	927.06506
142.62	924.01129
143.1523	927.36041
143.68459	927.85974
144.21689	920.70715
144.74919	919.8985
145.28149	925.8255
145.81378	919.10779
146.34608	922.4577
146.87839	917.67786
147.41068	931.42999
147.94298	934.13367
148.47528	920.32928
149.00758	916.39246
149.53987	921.41962
150.07217	917.23926
150.60448	918.25928
151.13678	923.82446
151.66907	929.68524
152.20137	930.63397
152.73367	922.24872
153.26598	927.41498
153.79826	924.38416
154.33057	918.51337
154.86287	914.20551
155.39516	914.34186
155.92746	922.72699
156.45976	931.94098
156.99207	928.48712
157.52435	932.40277
158.05666	936.75342
158.58896	930.06531
159.12126	918.22699
159.65355	933.32654
160.18585	933.00934
160.71815	927.48328
161.25046	923.43365
161.78275	923.69196
162.31505	927.75385
162.84735	941.17999
163.37965	922.16296
163.91194	925.78571
164.44424	934.22406
164.97655	931.20172
165.50883	922.83551
166.04114	940.46295
166.57344	935.58228
167.10574	939.35492
167.63803	935.94434
168.17033	928.98254
168.70264	931.24908
169.23494	927.88214
169.76723	923.70374
170.29953	928.05127
170.83183	937.76721
171.36414	938.00201
171.89642	922.99432
172.42873	914.93958
172.96103	921.65845
173.49332	924.88507
174.02562	920.9079
174.55792	918.69214
175.09023	922.0025
175.62251	924.31635
176.15482	944.48242
176.68712	919.90894
177.21942	920.75482
177.75171	922.63025
178.28401	916.85065
178.81631	920.43256
179.34862	925.47461
179.88091	913.86597
180.41321	917.10901
180.94551	926.47644
181.4778	931.17279
182.0101	926.33014
182.5424	918.75342
183.07471	915.38855
183.60699	918.86438
184.1393	921.28149
184.6716	922.48981
185.2039	922.28064
185.73619	917.05988
186.26849	922.11536
186.8008	916.86292
187.3331	908.96637
187.86539	908.11359
188.39769	913.53461
188.92999	915.74286
189.4623	915.74146
189.99458	918.10913
190.52689	921.90088
191.05919	924.21301
191.59148	919.96191
192.12378	910.53564
192.65608	914.72614
193.18839	913.0412
193.72067	913.41888
194.25298	910.53778
194.78528	910.72498
195.31758	916.81122
195.84987	921.02783
196.38217	925.24475
196.91447	923.47839
197.44678	915.63458
197.97906	913.32043
198.51137	918.65942
199.04367	921.4137
199.57596	905.37799
200.10826	917.63385
200.64056	917.45691
201.17287	917.69208
201.70515	919.37054
202.23746	917.9762
202.76976	914.55328
203.30206	909.48663
203.83435	913.70325
204.36665	910.67682
204.89896	913.54956
205.43126	918.01385
205.96355	902.6203
206.49585	920.31787
207.02815	913.90875
207.56044	918.55115
208.09274	924.56512
208.62505	922.94043
209.15735	913.74652
209.68964	908.71033
210.22194	917.15704
210.75424	916.61115
211.28654	917.83173
211.81883	912.05127
212.35114	900.58875
212.88344	904.39722
213.41574	912.84662
213.94803	901.51337
214.48033	899.49176
215.01263	908.32886
215.54494	919.44678
216.07722	921.55737
216.60953	908.85059
217.14183	921.17212
217.67412	917.55835
218.20642	916.24036
218.73872	916.18622
219.27103	911.29437
219.80331	903.45697
220.33562	914.44904
220.86792	922.43213
221.40022	920.4718
221.93251	914.54993
222.46481	909.20734
222.99712	906.06177
223.52942	908.59814
224.06171	925.20276
224.59401	917.17767
225.12631	909.56299
225.6586	910.22174
226.1909	916.35718
226.72321	921.74506
227.25551	909.05035
227.7878	912.92053
228.3201	917.6452
228.8524	916.50934
229.3847	916.45514
229.91699	925.07678
230.4493	921.68939
230.9816	914.95624
231.5139	914.31445
232.04619	915.15991
232.57849	914.50519
233.11079	912.40649
233.64308	911.76831
234.17538	913.46051
234.70769	910.56818
235.23999	908.39874
235.77228	916.36084
236.30458	921.09583
236.83688	908.92755
237.36919	910.62982
237.90147	914.01697
238.43378	912.52301
238.96608	912.15924
239.49838	913.00592
240.03067	911.1955
240.56297	904.42291
241.09528	912.0481
241.62758	918.10309
242.15987	913.89972
242.69217	914.94385
243.22447	916.29828
243.75676	908.70435
244.28906	904.76227
244.82137	909.8573
245.35367	913.49481
245.88596	910.00861
246.41826	917.56836
246.95056	927.45343
247.48286	913.71143
248.01515	914.55798
248.54745	910.50146
249.07976	913.58276
249.61206	914.04102
250.14435	916.22589
250.67665	920.24323
251.20895	912.14484
251.74124	919.77789
252.27354	922.10052
252.80585	920.74921
253.33815	920.49408
253.87044	920.33917
254.40274	915.98511
254.93504	907.72095
255.46735	924.72528
255.99963	921.19727
256.53195	917.45355
257.06424	912.4986
257.59653	908.62396
258.12885	913.91852
258.66113	908.8241
259.19342	913.40308
259.72574	915.21759
260.25803	915.05133
260.79031	914.55713
261.32263	917.46552
261.85492	927.96808
262.38724	919.45807
262.91953	919.31067
263.45181	918.94092
263.98413	920.85083
264.51642	918.8764
265.04871	908.70831
265.58102	909.60303
266.11331	913.8576
266.64563	917.39819
267.17792	912.88757
267.71021	907.70612
268.24252	910.28998
268.77481	919.22577
269.3071	909.87701
269.83942	916.91693
270.3717	918.53247
270.90399	909.6319
271.43631	905.65582
271.9686	912.30164
272.50092	911.84094
273.0332	915.24652
273.56549	914.74225
274.09781	916.42462
274.6301	915.09229
275.16238	911.84448
275.6947	910.70837
276.22699	911.39197
276.75931	908.83435
277.2916	912.23712
277.82388	911.72467
278.3562	914.09888
278.88849	919.41412
279.42078	919.80493
279.95309	910.46405
280.48538	905.34845
281.01767	918.03497
281.54999	922.37439
282.08228	914.41095
282.61459	905.04022
283.14688	906.98865
283.67917	910.39783
284.21149	914.63495
284.74377	916.17572
285.27606	913.82788
285.80838	909.56226
286.34067	907.4469
286.87296	910.48987
287.40527	910.4884
287.93756	911.28693
288.46988	908.22113
289.00217	908.50842
289.53445	913.35632
290.06677	916.35345
290.59906	909.76477
291.13135	925.97614
291.66367	910.44385
292.19595	912.37994
292.72827	913.10718
293.26056	912.49017
293.79285	915.24152
294.32516	901.73199
294.85745	906.85248
295.38974	903.71356
295.92206	911.55298
296.45435	912.40167
296.98663	907.09186
297.51895	910.64929
298.05124	921.24719
298.58356	913.56036
299.11584	919.04291
299.64813	918.52252
300.18045	912.03815
300.71274	907.93311
301.24503	911.00189
301.77734	908.48212
302.30963	912.75177
302.84195	912.01636
303.37424	912.58917
303.90652	913.02045
304.43884	909.64093
304.97113	902.44305
305.50342	902.44165
306.03574	908.36908
306.56802	908.03516
307.10031	907.43756
307.63263	903.71716
308.16492	901.38831
308.69724	910.30634
309.22952	916.289
309.76181	906.39764
310.29413	907.19464
310.82642	908.97528
311.3587	908.21686
311.89102	906.68402
312.42331	908.23169
312.9556	914.21631
313.48792	902.01068
314.0202	911.73706
314.55252	910.39557
315.08481	906.00226
315.6171	909.17413
316.14941	911.63123
316.6817	913.34406
317.21399	901.06793
317.74631	905.87683
318.27859	909.94415
318.81091	912.37109
319.3432	913.159
319.87549	905.55963
320.40781	898.69836
320.94009	913.99323
321.47238	921.46143
322.0047	913.25665
322.53699	907.52942
323.06927	911.15283
323.60159	908.12946
324.13388	914.13269
324.6662	902.9043
325.19849	904.46161
325.73077	910.14429
326.26309	915.74963
326.79538	919.88745
327.32767	919.54169
327.85999	904.95209
328.39227	899.43408
328.92459	905.21075
329.45688	910.54028
329.98917	912.37842
330.52148	912.12115
331.05377	910.69037
331.58606	905.53845
332.11838	912.02185
332.65067	907.85431
333.18295	912.49719
333.71527	913.89337
334.24756	909.22217
334.77988	912.28918
335.31216	897.68878
335.84445	909.11969
336.37677	907.86902
336.90906	905.24561
337.44135	907.69031
337.97366	910.9809
338.50595	907.49084
339.03824	908.34851
339.57056	907.50104
340.10284	905.92883
340.63516	913.34393
341.16745	914.6178
341.69974	906.61139
342.23206	901.60272
342.76434	897.50891
343.29663	914.69641
343.82895	920.97815
344.36124	912.93658
344.89355	910.8219
345.42584	918.49323
345.95813	922.66742
346.49045	919.30865
347.02274	918.44751
347.55502	910.86609
348.08734	911.36438
348.61963	908.66602
349.15192	903.65594
349.68423	904.13916
350.21652	903.56805
350.74884	907.86682
351.28113	905.24933
351.81342	906.83685
352.34573	914.19946
352.87802	917.86121
353.41031	912.89508
353.94263	911.81885
354.47491	917.84039
355.00723	912.76563
355.53952	918.51044
356.07181	918.18646
356.60413	912.0528
357.13641	908.54553
357.6687	909.20746
358.20102	908.34546
358.73331	914.05011
359.26559	917.35193
359.79791	910.13385
360.3302	911.40771
360.86252	919.02881
361.39481	907.94391
361.92709	912.24756
362.45941	910.5918
362.9917	909.57922
363.52399	909.86743
364.0563	908.97717
364.58859	909.99011
365.12088	914.02802
365.6532	902.46863
366.18549	909.37213
366.7178	899.81775
367.25009	908.4873
367.78238	916.75336
368.3147	913.5965
368.84698	907.06897
369.37927	910.51477
369.91159	913.9671
370.44388	907.20996
370.9762	909.16034
371.50848	905.14502
372.04077	901.50867
372.57309	905.0321
373.10538	905.64594
373.63766	917.73755
374.16998	906.72229
374.70227	906.32654
375.23456	908.91687
375.76688	912.33453
376.29916	917.48035
376.83148	921.55695
377.36377	911.25024
377.89606	910.38641
378.42838	913.91376
378.96066	905.7301
379.49295	905.6701
380.02527	914.21765
380.55756	914.94019
381.08987	908.89935
381.62216	902.84705
382.15445	913.1427
382.68677	907.24005
383.21906	913.3855
383.75134	916.09491
384.28366	905.2915
384.81595	914.83838
385.34824	911.37793
385.88055	910.40649
386.41284	906.08075
386.94516	903.11749
387.47745	909.82336
388.00974	920.22852
388.54205	919.31793
389.07434	914.25562
389.60663	915.98456
390.13895	916.9682
390.67123	908.065
391.20352	900.31744
391.73584	898.90094
392.26813	901.04309
392.80045	904.57428
393.33273	908.8916
393.86502	909.21338
394.39734	906.547
394.92963	908.93347
395.46191	912.60669
395.99423	909.52399
396.52652	901.65479
397.05884	918.10272
397.59113	913.04108
398.12341	926.00195
398.65573	925.87134
399.18802	914.41125
399.72031	909.73633
400.25262	919.00671
400.78491	918.3642
401.3172	920.96136
401.84952	918.03839
402.38181	920.46539
402.91412	920.10565
403.44641	914.31451
403.9787	908.18726
404.51102	908.42633
405.0433	910.15778
405.57559	924.71576
406.10791	927.18176
406.6402	918.9447
407.17252	910.44958
407.7048	910.39362
408.23709	914.91626
408.76941	905.45032
409.3017	909.78308
409.83398	911.75293
410.3663	918.74811
410.89859	916.39801
411.43088	910.77637
411.9632	909.9079
412.49548	909.16528
413.0278	909.16388
413.56009	913.47345
414.09238	909.78461
414.62469	917.70728
415.15698	922.76349
415.68927	917.82288
416.22159	911.75818
416.75388	914.29089
417.28616	916.02441
417.81848	908.10168
418.35077	905.47717
418.88309	906.77057
419.41537	908.55652
419.94766	909.42401
420.47998	908.97784
421.01227	902.25287
421.54456	909.20862
422.07687	913.89813
422.60916	915.75989
423.14148	919.56439
423.67377	920.27582
424.20605	914.00439
424.73837	910.32538
425.27066	912.06036
425.80295	914.63275
426.33527	919.34503
426.86755	913.69104
427.39984	917.39496
427.93216	927.57336
428.46445	922.68201
428.99677	916.07373
429.52905	915.20215
430.06134	918.27173
430.59366	923.06622
431.12595	928.28119
431.65823	927.94067
432.19055	920.97913
432.72284	915.6571
433.25516	919.05847
433.78745	912.10553
434.31973	916.3313
434.85205	912.55585
435.38434	912.99982
435.91663	913.89569
436.44894	909.4682
436.98123	914.10193
437.51352	914.10065
438.04584	921.64557
438.57813	914.58289
439.11044	916.31268
439.64273	917.84552
440.17502	918.3053
440.70734	922.78772
441.23962	914.51099
441.77191	934.55139
442.30423	928.04248
442.83652	917.9906
443.3688	918.99561
443.90112	920.58136
444.43341	921.7027
444.96573	931.95862
445.49802	925.69586
446.0303	915.25464
446.56262	913.30359
447.09491	924.04865
447.6272	922.31458
448.15952	919.35516
448.6918	925.81104
449.22412	926.12048
449.75641	933.05237
450.2887	928.69037
450.82101	927.31866
451.3533	925.82513
451.88559	921.61871
452.41791	922.43518
452.9502	933.13873
453.48248	942.29535
454.0148	936.18665
454.54709	912.14197
455.07941	921.10846
455.61169	919.4845
456.14398	925.85883
456.6763	933.25586
457.20859	921.68195
457.74088	913.57666
458.27319	918.81213
458.80548	924.88159
459.3378	933.11029
459.87009	931.40637
460.40237	928.0415
460.93469	928.36639
461.46698	934.05688
461.99927	951.89569
462.53159	926.57251
463.06387	925.03467
463.59616	924.33972
464.12848	926.86621
464.66077	928.15002
465.19308	927.34277
465.72537	929.5249
466.25766	935.66174
466.78998	930.40851
467.32227	926.78442
467.85455	928.75604
468.38687	933.36383
468.91916	939.46686
469.45145	937.00977
469.98376	923.34247
470.51605	934.06989
471.04837	934.94232
471.58066	926.98956
472.11295	935.83276
472.64526	943.76752
473.17755	940.46338
473.70984	936.0144
474.24216	941.43152
474.77444	934.25073
475.30676	938.62964
475.83905	932.60303
476.37134	942.46173
476.90366	936.45404
477.43594	921.89563
477.96823	923.38776
478.50055	942.82007
479.03284	941.89154
479.56512	940.14081
480.09744	937.58972
480.62973	938.3421
481.16205	947.26624
481.69434	949.71045
482.22662	941.5556
482.75894	937.23657
483.29123	942.6485
483.82352	937.39691
484.35583	928.92188
484.88812	942.67053
485.42044	949.41876
485.95273	947.23865
486.48502	942.79962
487.01733	938.90448
487.54962	942.78137
488.08191	940.15381
488.61423	946.49554
489.14651	948.65906
489.6788	950.10278
490.21112	947.84381
490.74341	943.64063
491.27573	945.14685
491.80801	953.73236
492.3403	951.10358
492.87262	946.8111
493.40491	955.14655
493.93719	956.62097
494.46951	956.79492
495.0018	955.91486
495.53409	950.16467
496.06641	949.57159
496.59869	936.40106
497.13101	944.40723
497.6633	953.9068
498.19559	957.54572
498.72791	956.50269
499.26019	952.79663
499.79248	949.40839
500.3248	951.16345
500.85709	952.91876
501.3894	944.24323
501.92169	942.18811
502.45398	945.67712
502.9863	950.94672
503.51859	953.93011
504.05087	957.03815
504.58319	964.29169
505.11548	953.9707
505.64777	956.60565
506.18008	956.15076
506.71237	961.78314
507.24469	953.2583
507.77698	946.6004
508.30927	953.0675
508.84158	955.7514
509.37387	955.00293
509.90616	956.75983
510.43848	963.33026
510.97076	956.05182
511.50308	947.98456
512.03534	943.14832
512.56769	946.97345
513.09998	957.71948
513.63226	950.38861
514.16455	967.09625
514.69684	968.73846
515.22919	966.74976
515.76147	954.56897
516.29376	954.98877
516.82605	963.18445
517.35834	960.71735
517.89063	956.43207
518.42297	952.91156
518.95526	979.13904
519.48755	962.50623
520.01984	959.69666
520.55212	959.82648
521.08447	962.22974
521.61676	967.23279
522.14905	964.74951
522.68134	974.69287
523.21362	970.29034
523.74591	972.27228
524.27826	976.26917
524.81055	966.69653
525.34283	960.94928
525.87512	968.07739
526.40741	973.85901
526.93976	969.37134
527.47205	964.08649
528.00433	959.64508
528.53662	971.19238
529.06891	977.07831
529.60126	972.97546
530.13354	965.27399
530.66583	961.86407
531.19812	966.86176
531.73041	979.59509
532.2627	963.73541
532.79504	963.40802
533.32733	973.74127
533.85962	982.09845
534.39191	984.00555
534.92419	981.9361
535.45654	980.40863
535.98883	982.50433
536.52112	978.09564
537.05341	975.34424
537.58569	966.26251
538.11798	978.97931
538.65033	987.43866
539.18262	983.75031
539.7149	977.90741
540.24719	967.87213
540.77948	981.84302
541.31183	982.72534
541.84412	980.50623
542.3764	987.72894
542.90869	993.45117
543.44098	992.28381
543.97327	990.36108
544.50562	993.06586
545.0379	989.74945
545.57019	988.86578
546.10248	986.30121
546.63477	984.37408
547.16711	989.87683
547.6994	1003.1295
548.23169	997.11945
548.76398	976.9751
549.29626	993.82623
549.82855	987.9278
550.3609	992.34845
550.89319	991.22302
551.42548	992.83307
551.95776	987.09094
552.49005	982.24774
553.0224	990.35052
553.55469	1005.1661
554.08698	1001.5468
554.61926	990.04333
555.15155	1007.0815
555.6839	1009.7953
556.21619	1005.3566
556.74847	1000.1978
557.28076	1001.0165
557.81305	1003.7806
558.34534	1001.0268
558.87769	1011.6149
559.40997	1008.9575
559.94226	1002.9999
560.47455	1005.3394
561.00684	1013.9418
561.53918	1018.7802
562.07147	1019.514
562.60376	1015.968
563.13605	1003.7142
563.66833	1015.5288
564.20062	1005.7851
564.73297	995.24664
565.26526	1009.759
565.79755	1018.3347
566.32983	1020.1214
566.86212	1025.4744
567.39447	1031.8729
567.92676	1028.8728
568.45905	1029.7574
568.99133	1029.761
569.52362	1023.6202
570.05591	1026.3336
570.58826	1017.9601
571.12054	1012.5907
571.65283	1026.8164
572.18512	1043.5714
572.71741	1030.4102
573.24976	1026.8629
573.78204	1039.6226
574.31433	1014.9308
574.84662	1025.9537
575.37891	1034.6355
575.91119	1028.0988
576.44354	1029.4501
576.97583	1044.4912
577.50812	1038.3467
578.04041	1033.0242
578.57269	1020.1478
579.10504	1006.8411
579.63733	1030.387
580.16962	1035.1726
580.7019	1023.1203
581.23419	1028.9872
581.76654	1041.9082
582.29883	1037.2645
582.83112	1029.2612
583.3634	1022.9283
583.89569	1021.7225
584.42798	1029.5582
584.96033	1043.0563
585.49261	1046.0376
586.0249	1038.8574
586.55719	1046.7336
587.08948	1056.4652
587.62183	1030.6669
588.15411	1042.6614
588.6864	1042.8765
589.21869	1063.2198
589.75098	1059.7134
590.28326	1047.0696
590.81561	1050.8689
591.3479	1031.3982
591.88019	1030.0674
592.41248	1038.0598
592.94476	1041.1552
593.47711	1033.9172
594.0094	1046.1836
594.54169	1047.4794
595.07397	1037.6936
595.60626	1036.9017
596.13855	1037.7604
596.6709	1053.7627
597.20319	1034.1713
597.73547	1029.4012
598.26776	1045.0507
598.80005	1053.4866
599.3324	1056.6453
599.86469	1065.1506
600.39697	1068.119
600.92926	1048.4807
601.46155	1053.6683
601.99384	1071.4834
602.52618	1025.387
603.05847	1014.9528
603.59076	1027.5057
604.12305	1034.6678
604.65533	1047.363
605.18768	1058.5221
605.71997	1036.4399
606.25226	1052.9708
606.78455	1028.9049
607.31683	1025.131
607.84918	1026.8646
608.38147	1034.5468
608.91376	1043.8234
609.44604	1053.9484
609.97833	1057.4742
610.51062	1048.413
611.04297	1052.0519
611.57526	1056.5087
612.10754	1049.7433
612.63983	1044.1177
613.17212	1055.5602
613.70447	1057.8137
614.23676	1055.3591
614.76904	1055.0769
615.30133	1051.1277
615.83362	1055.5088
616.36591	1045.6932
616.89825	1050.0729
617.43054	1049.8564
617.96283	1059.0377
618.49512	1060.813
619.0274	1051.3296
619.55975	1047.1555
620.09204	1048.9308
620.62433	1030.6566
621.15662	1050.9235
621.6889	1051.7352
622.22119	1048.5929
622.75354	1037.7813
623.28583	1049.1534
623.81812	1050.2183
624.3504	1052.943
624.88269	1063.488
625.41504	1036.6429
625.94733	1028.6543
626.47961	1037.9187
627.0119	1047.5918
627.54419	1059.8593
628.07648	1052.0206
628.60883	1041.2892
629.14111	1042.9364
629.6734	1038.5244
630.20569	1018.8868
630.73798	1039.7501
631.27032	1035.4224
631.80261	1026.6044
632.3349	1027.3269
632.86719	1033.7559
633.39948	1029.6226
633.93182	1022.6833
634.46411	1018.8606
634.9964	1022.079
635.52869	1029.2258
636.06097	1047.3447
636.59326	1025.5963
637.12561	1015.1443
637.6579	1018.3303
638.19019	1019.9321
638.72247	1021.4025
639.25476	1018.7134
639.78711	1014.5772
640.3194	1015.2916
640.85168	1010.9228
641.38397	1011.2917
641.91626	1031.6162
642.44855	1022.0829
642.9809	1022.0192
643.51318	1022.8386
644.04547	1022.9606
644.57776	1024.5431
645.11005	1009.1117
645.6424	1001.498
646.17468	1007.9679
646.70697	1022.4141
647.23926	1015.1199
647.77155	1008.6525
648.30383	1002.8611
648.83618	1001.5793
649.36847	1004.1449
649.90076	1003.827
650.43304	1004.3463
650.96533	993.5697
651.49768	990.15076
652.02997	1002.7198
652.56226	1010.0168
653.09454	997.01929
653.62683	1000.038
654.15912	994.77588
654.69147	987.15302
655.22375	988.79028
655.75604	989.13538
656.28833	991.72748
656.82062	990.91528
657.35297	995.22717
657.88525	993.63422
658.41754	977.59485
658.94983	979.82184
659.48212	985.02844
660.01447	982.78577
660.54675	984.61627
661.07904	980.4386
661.61133	976.76581
662.14362	985.22906
662.6759	992.55292
663.20825	977.81079
663.74054	976.67529
664.27283	989.95752
664.80511	983.30371
665.3374	977.58008
665.86975	981.28528
666.40204	981.62384
666.93433	982.48273
667.46661	986.38196
667.9989	984.60809
668.53119	976.7627
669.06354	973.95538
669.59583	981.4588
670.12811	969.37158
670.6604	970.73273
671.19269	974.29077
671.72504	970.77832
672.25732	967.52136
672.78961	972.12408
673.3219	982.40088
673.85419	980.36829
674.38647	973.46558
674.91882	973.3537
675.45111	967.72241
675.9834	960.7757
676.51569	967.06274
677.04797	983.53955
677.58032	983.8551
678.11261	966.40424
678.6449	958.88849
679.17719	966.11932
679.70947	962.65009
680.24176	960.07349
680.77411	964.27277
681.3064	968.80347
681.83868	971.47711
682.37097	978.31921
682.90326	960.66589
683.43561	969.6366
683.9679	969.65186
684.50018	959.65393
685.03247	965.72559
685.56476	975.08575
686.09711	972.40625
686.62939	965.65924
687.16168	966.63452
687.69397	945.62885
688.22626	958.16864
688.75854	969.03857
689.29089	965.25555
689.82318	969.93823
690.35547	972.6629
690.88776	973.26385
691.42004	971.03052
691.95239	961.89709
692.48468	977.66779
693.01697	980.40387
693.54926	965.92212
694.08154	965.87665
694.61383	963.44818
695.14618	975.21112
695.67847	982.92169
696.21075	969.13812
696.74304	952.21277
697.27533	956.55212
697.80768	953.04364
698.33997	962.93555
698.87225	965.73669
699.40454	964.8667
699.93683	960.85706
700.46912	957.88184
701.00146	957.76349
701.53375	959.97333
702.06604	964.67139
702.59833	965.91638
703.13062	974.01172
703.66296	962.35529
704.19525	953.31842
704.72754	949.61121
705.25983	964.00385
705.79211	970.20221
706.3244	955.26807
706.85675	952.73163
707.38904	959.10645
707.92133	947.55554
708.45361	966.29492
708.9859	954.1106
709.51825	955.26294
710.05054	963.9118
710.58282	966.28882
711.11511	957.50421
711.6474	949.995
712.17975	964.30322
712.71204	961.43445
713.24432	947.19659
713.77661	956.36688
714.3089	958.22003
714.84119	965.74701
715.37354	961.20453
715.90582	951.87756
716.43811	955.70093
716.9704	962.57776
717.50269	964.64557
718.03503	969.17682
718.56732	950.44592
719.09961	955.78796
719.6319	955.92096
720.16418	957.87061
720.69647	951.3653
721.22882	944.78522
721.76111	953.83508
722.2934	951.34698
722.82568	955.19403
723.35797	965.9895
723.89032	960.48602
724.42261	957.64948
724.9549	946.80316
725.48718	941.70618
726.01947	948.45801
726.55176	953.65112
727.08411	948.14355
727.61639	951.52649
728.14868	952.48389
728.68097	955.20013
729.21326	958.72754
729.74561	956.31165
730.27789	955.31116
730.81018	956.26788
731.34247	956.86261
731.87476	953.28082
732.40704	943.612
732.93939	948.14972
733.47168	967.05249
734.00397	945.28906
734.53625	950.90656
735.06854	947.86603
735.60089	950.80975
736.13318	951.18683
736.66547	946.13263
737.19775	951.3725
737.73004	957.07794
738.26239	953.44464
738.79468	946.323
739.32697	944.13257
739.85925	950.28827
740.39154	953.50867
740.92383	958.05981
741.45618	959.5473
741.98846	958.24054
742.52075	962.72119
743.05304	958.66278
743.58533	937.28027
744.11768	942.73047
744.64996	953.78308
745.18225	952.24664
745.71454	952.88855
746.24683	948.61285
746.77911	947.3504
747.31146	952.92554
747.84375	949.12488
748.37604	950.35315
748.90833	945.92023
749.44061	955.68549
749.97296	949.12286
750.50525	957.32153
751.03754	949.25848
751.56982	943.06409
752.10211	952.3374
752.6344	958.07355
753.16675	948.78906
753.69904	955.25067
754.23132	953.50916
754.76361	947.37341
755.2959	955.93738
755.82825	949.15717
756.36053	950.48865
756.89282	948.09387
757.42511	943.85236
757.9574	950.56299
758.48969	955.3103
759.02203	957.01556
759.55432	957.07629
760.08661	954.50708
760.6189	942.52832
761.15118	940.61475
761.68353	951.14673
762.21582	955.03326
762.74811	950.30389
763.2804	944.02057
763.81268	934.90295
764.34503	946.4259
764.87732	955.50537
765.40961	944.26947
765.94189	938.10706
766.47418	945.76306
767.00647	941.72797
767.53882	940.84485
768.07111	944.88501
768.60339	943.68488
769.13568	943.27393
769.66797	935.76929
770.20032	941.24457
770.7326	952.07001
771.26489	943.06628
771.79718	943.95514
772.32947	953.8999
772.86176	947.1004
773.3941	943.08643
773.92639	954.80389
774.45868	952.77405
774.99097	951.9798
775.52325	944.97406
776.0556	952.24371
776.58789	959.52759
777.12018	946.052
777.65247	950.02679
778.18475	953.07721
778.71704	952.79413
779.24939	954.03925
779.78168	947.32263
780.31396	940.57153
780.84625	941.87372
781.37854	951.85297
781.91089	952.62299
782.44318	949.71942
782.97546	947.45593
783.50775	948.4483
784.04004	947.6123
784.57233	947.39923
785.10468	954.55756
785.63696	962.68988
786.16925	966.0451
786.70154	965.20184
787.23383	959.1333
787.76617	949.78284
788.29846	954.12091
788.83075	951.59912
789.36304	949.41357
789.89532	951.14355
790.42767	947.08966
790.95996	940.42102
791.49225	947.71436
792.02454	947.8526
792.55682	961.45398
793.08911	954.77344
793.62146	945.07123
794.15375	944.50372
794.68604	944.49957
795.21832	950.0343
795.75061	953.16809
796.28296	945.79358
796.81525	960.8949
797.34753	963.94537
797.87982	955.86041
798.41211	942.62555
798.9444	944.38129
799.47675	952.98035
800.00903	961.27631
800.54132	952.31104
801.07361	939.57074
801.6059	944.60767
802.13824	954.50653
802.67053	956.29749
803.20282	950.07733
803.73511	956.47662
804.2674	954.72394
804.79968	954.23029
805.33203	945.51941
805.86432	955.78729
806.39661	961.96472
806.92889	953.16058
807.46118	955.28271
807.99353	958.21674
808.52582	960.72791
809.05811	947.17163
809.59039	935.39136
810.12268	946.34735
810.65497	953.33771
811.18732	953.76929
811.7196	952.01752
812.25189	947.01044
812.78418	942.39276
813.31647	947.17737
813.84882	952.87085
814.3811	943.70331
814.91339	953.73615
815.44568	958.68207
815.97797	955.73138
816.51031	958.53149
817.0426	958.91754
817.57489	958.63904
818.10718	962.04791
818.63947	964.06335
819.17175	961.8468
819.7041	969.07562
820.23639	962.17896
820.76868	974.93951
821.30096	956.24139
821.83325	950.69763
822.3656	956.67395
822.89789	959.7403
823.43018	962.57135
823.96246	966.04468
824.49475	963.26703
825.02704	957.53436
825.55939	958.80249
826.09167	970.64935
826.62396	958.91119
827.15625	947.1507
827.68854	954.99518
828.22089	954.45563
828.75317	949.78601
829.28546	953.43262
829.81775	957.56158
830.35004	951.79553
830.88232	946.95947
831.41467	943.09338
831.94696	962.22363
832.47925	951.51923
833.01154	952.88513
833.54382	962.90961
834.07617	954.55005
834.60846	953.58636
835.14075	962.29645
835.67303	964.22394
836.20532	957.10529
836.73761	955.42303
837.26996	979.04694
837.80225	959.99078
838.33453	973.68256
838.86682	967.73761
839.39911	965.44318
839.93146	968.42529
840.46375	954.36157
840.99603	946.86426
841.52832	958.94952
842.06061	968.75421
842.59296	966.1355
843.12524	951.79572
843.65753	953.8974
844.18982	974.00043
844.72211	972.45197
845.25439	965.89954
845.78674	963.24561
846.31903	966.90607
846.85132	965.75256
847.38361	966.09418
847.91589	969.38885
848.44824	961.53253
848.98053	973.90875
849.51282	970.67102
850.0451	950.67462
850.57739	960.5343
851.10968	966.32953
851.64203	983.77185
852.17432	974.62195
852.7066	957.70483
853.23889	960.13226
853.77118	968.23108
854.30353	960.76135
854.83582	954.95459
855.3681	961.22394
855.90039	964.92596
856.43268	973.92059
856.96497	972.79291
857.49731	968.70575
858.0296	969.76532
858.56189	974.53638
859.09418	972.10114
859.62646	969.02936
860.15881	976.87598
860.6911	980.41638
861.22339	978.72534
861.75568	969.73016
862.28796	971.61652
862.82025	979.32416
863.3526	969.73334
863.88489	969.24792
864.41718	969.88068
864.94946	971.49915
865.48175	974.53925
866.0141	976.44196
866.54639	972.58032
867.07867	953.2691
867.61096	978.87952
868.14325	988.09149
868.6756	987.62854
869.20789	986.77576
869.74017	975.3493
870.27246	967.59607
870.80475	972.13379
871.33704	978.70105
871.86938	977.71002
872.40167	977.7821
872.93396	985.72577
873.46625	975.74414
873.99854	972.89734
874.53088	961.07751
875.06317	989.00201
875.59546	992.01331
876.12775	977.1897
876.66003	968.6499
877.19232	973.52307
877.72467	979.53735
878.25696	981.93121
878.78925	984.92151
879.32153	981.19592
879.85382	987.5246
880.38617	972.95392
880.91846	981.9939
881.45074	982.96179
881.98303	978.59045
882.51532	982.32031
883.04761	975.453
883.57996	975.96094
884.11224	984.66541
884.64453	984.37604
885.17682	984.47327
885.70911	989.22107
886.24146	976.95233
886.77374	983.43097
887.30603	973.77747
887.83832	980.81348
888.37061	976.92603
888.90289	978.67047
889.43524	990.38678
889.96753	997.45593
890.49982	991.50201
891.0321	990.78979
891.56439	1005.8503
892.09674	998.03229
892.62903	996.57959
893.16132	986.56848
893.6936	998.854
894.22589	993.13879
894.75824	992.9295
895.29053	1001.9056
895.82281	1001.5562
896.3551	994.79602
896.88739	994.87457
897.41968	1001.3358
897.95203	1005.2994
898.48431	1004.9958
899.0166	994.9082
899.54889	1008.7391
900.08118	1007.2855
900.61353	1007.1446
901.14581	995.46631
901.6781	1004.3052
902.21039	998.20874
902.74268	995.70367
903.27496	1007.0945
903.80731	1008.2999
904.3396	1002.2347
904.87189	1008.5418
905.40417	998.77588
905.93646	1011.6982
906.46881	997.1712
907.0011	1005.8781
907.53339	1014.707
908.06567	1011.6317
908.59796	1009.0543
909.13025	1016.7275
909.6626	1012.6586
910.19489	996.1991
910.72717	997.47479
911.25946	1008.0137
911.79175	1013.5618
912.3241	997.76703
912.85638	1010.6989
913.38867	999.56903
913.92096	1033.4856
914.45325	1024.8656
914.98553	1007.513
915.51788	1003.4549
916.05017	1005.3602
916.58246	1008.9781
917.11475	1018.1767
917.64703	1026.7863
918.17938	1023.3717
918.71167	1030.3073
919.24396	1015.6486
919.77625	1030.5612
920.30853	1011.9825
920.84088	1020.7021
921.37317	1023.5402
921.90546	1025.4531
922.43774	1024.1451
922.97003	1025.3033
923.50232	1032.7708
924.03467	1027.2727
924.56696	1007.8583
925.09924	1017.0348
925.63153	1018.1884
926.16382	1026.5347
926.69617	1014.1476
927.22845	1017.6751
927.76074	1017.8245
928.29303	1021.6871
928.82532	1026.0022
929.3576	1027.8888
929.88995	1032.0062
930.42224	1033.1599
930.95453	1025.4723
931.48682	1031.6615
932.0191	1031.0184
932.55145	1022.7881
933.08374	1023.764
933.61603	1031.4814
934.14832	1024.5511
934.6806	1023.3988
935.21289	1047.1989
935.74524	1044.099
936.27753	1022.7674
936.80981	1022.2665
937.3421	1030.8427
937.87439	1024.3049
938.40674	1016.4338
938.93903	1033.9979
939.47131	1026.6686
940.0036	1036.6385
940.53589	1050.1931
941.06818	1034.6157
941.60052	1032.2094
942.13281	1033.8741
942.6651	1033.4097
943.19739	1034.3403
943.72968	1041.6149
944.26202	1043.4866
944.79431	1027.5668
945.3266	1037.2178
945.85889	1041.5643
946.39117	1016.665
946.92352	1047.4036
947.45581	1048.8094
947.9881	1046.2655
948.52039	1047.6498
949.05267	1048.6625
949.58496	1041.3033
950.11731	1045.2422
950.6496	1046.1036
951.18188	1030.2305
951.71417	1038.8724
952.24646	1041.2759
952.77881	1037.6121
953.3111	1044.1483
953.84338	1055.2881
954.37567	1041.8478
954.90796	1040.8763
955.44025	1065.7966
955.9726	1056.5463
956.50488	1049.4374
957.03717	1044.5905
957.56946	1043.374
958.10175	1053.4771
958.63409	1046.7539
959.16638	1050.0966
959.69867	1065.1865
960.23096	1058.5745
960.76324	1044.7493
961.29553	1064.1152
961.82788	1046.3853
962.36017	1040.455
962.89246	1031.149
963.42474	1035.5042
963.95703	1043.3628
964.48938	1049.1222
965.02167	1056.8958
965.55396	1055.0663
966.08624	1045.869
966.61853	1055.8538
967.15082	1063.1373
967.68317	1053.934
968.21545	1083.0128
968.74774	1065.7944
969.28003	1053.5563
969.81232	1063.4683
970.34467	1057.349
970.87695	1058.8611
971.40924	1072.3358
971.94153	1069.7157
972.47382	1057.6047
973.00616	1063.6501
973.53845	1067.8091
974.07074	1069.0894
974.60303	1066.0327
975.13531	1079.0726
975.6676	1064.6132
976.19995	1086.37
976.73224	1068.8262
977.26453	1058.2006
977.79681	1066.4766
978.3291	1082.9474
978.86145	1090.2533
979.39374	1075.2441
979.92603	1057.5474
980.45831	1071.5525
980.9906	1088.748
981.52289	1071.6097
982.05524	1084.3026
982.58752	1077.8424
983.11981	1065.2697
983.6521	1071.6493
984.18439	1070.7344
984.71674	1068.4038
985.24902	1081.3247
985.78131	1089.2959
986.3136	1076.3378
986.84589	1065.3398
987.37817	1077.4438
987.91052	1084.6066
988.44281	1061.1226
988.9751	1067.2064
989.50739	1077.4614
990.03967	1086.8077
990.57202	1112.9054
991.10431	1072.7754
991.6366	1071.363
992.16888	1071.2427
992.70117	1080.3447
993.23346	1087.1713
993.76581	1093.5747
994.2981	1099.502
994.83038	1094.933
995.36267	1086.8439
995.89496	1074.7664
996.42731	1103.6652
996.95959	1075.2957
997.49188	1080.0022
998.02417	1111.5222
998.55646	1103.7322
999.08881	1093.7971
999.62109	1112.6858
1000.1534	1110.1753
1000.6857	1094.3363
1001.218	1093.3477
1001.7502	1098.0325
1002.2826	1097.7533
1002.8149	1106.8927
1003.3472	1116.4143
1003.8795	1100.3528
1004.4117	1108.3087
1004.9441	1083.1581
1005.4764	1105.2946
1006.0087	1097.7426
1006.541	1111.983
1007.0732	1116.9913
1007.6055	1116.0327
1008.1379	1114.8105
1008.6702	1109.3099
1009.2025	1102.2905
1009.7347	1098.8215
1010.267	1099.803
1010.7994	1104.6962
1011.3317	1105.4423
1011.864	1108.5012
1012.3962	1105.5521
1012.9285	1097.2028
1013.4608	1128.5527
1013.9932	1112.083
1014.5255	1114.2513
1015.0577	1105.7081
1015.59	1101.2418
1016.1223	1110.3303
1016.6547	1113.4008
1017.187	1110.7081
1017.7192	1114.2924
1018.2515	1121.9547
1018.7838	1129.1837
1019.3161	1121.8295
1019.8484	1143.2524
1020.3807	1138.2627
1020.913	1119.6924
1021.4453	1137.6592
1021.9776	1138.3196
1022.5099	1135.7513
1023.0422	1121.2455
1023.5745	1130.1888
1024.1068	1147.0496
1024.6392	1141.4242
1025.1714	1134.8922
1025.7037	1143.1157
1026.236	1140.3176
1026.7683	1129.144
1027.3007	1126.7034
1027.8329	1140.4259
1028.3652	1165.8649
1028.8975	1141.6843
1029.4298	1152.5206
1029.9622	1132.9714
1030.4944	1148.1768
1031.0267	1148.3623
1031.559	1147.9762
1032.0913	1157.1478
1032.6237	1172.3187
1033.1559	1179.9169
1033.6882	1174.1392
1034.2205	1162.0287
1034.7528	1147.2059
1035.2852	1139.8701
1035.8174	1149.2605
1036.3497	1141.5906
1036.882	1176.311
1037.4143	1182.2681
1037.9465	1159.5688
1038.4789	1165.3735
1039.0112	1167.9098
1039.5435	1165.3024
1040.0758	1161.6245
1040.608	1175.1317
1041.1404	1193.8451
1041.6727	1182.583
1042.205	1162.1011
1042.7373	1171.8986
1043.2695	1175.1443
1043.8019	1181.4554
1044.3342	1181.788
1044.8665	1184.5487
1045.3988	1183.6757
1045.931	1170.2069
1046.4634	1156.2039
1046.9957	1181.6016
1047.528	1202.635
1048.0603	1195.6569
1048.5925	1166.7913
1049.1249	1178.6383
1049.6571	1195.9088
1050.1895	1183.4226
1050.7218	1177.5811
1051.254	1172.6868
1051.7864	1176.1479
1052.3186	1205.1371
1052.851	1198.3018
1053.3833	1207.7057
1053.9155	1215.2427
1054.4479	1214.7755
1054.9801	1228.8613
1055.5125	1225.6305
1056.0448	1223.1416
1056.577	1226.778
1057.1094	1216.1708
1057.6416	1215.8826
1058.174	1216.2814
1058.7063	1199.1841
1059.2385	1191.9188
1059.7709	1206.1763
1060.3031	1218.9125
1060.8354	1220.5566
1061.3678	1236.8422
1061.9	1221.3252
1062.4324	1247.6827
1062.9646	1235.9865
1063.4969	1234.6991
1064.0292	1216.772
1064.5615	1261.611
1065.0939	1257.0782
1065.6261	1243.74
1066.1584	1244.6233
1066.6907	1234.5422
1067.223	1241.011
1067.7554	1264.3202
1068.2876	1257.473
1068.8199	1250.9542
1069.3522	1247.9187
1069.8845	1271.8434
1070.4169	1289.9366
1070.9491	1280.5973
1071.4814	1274.9971
1072.0137	1250.1572
1072.546	1268.7515
1073.0784	1281.3501
1073.6106	1263.6566
1074.1429	1256.1853
1074.6752	1283.521
1075.2075	1303.5507
1075.7397	1295.3871
1076.2721	1297.9169
1076.8044	1325.7024
1077.3367	1319.5767
1077.869	1270.3922
1078.4012	1303.5288
1078.9336	1307.0958
1079.4659	1287.6053
1079.9982	1311.1909
1080.5305	1357.9139
1081.0627	1332.2395
1081.5951	1324.53
1082.1274	1350.7804
1082.6597	1361.9521
1083.192	1366.7301
1083.7242	1350.1075
1084.2566	1346.3436
1084.7889	1344.7391
1085.3212	1351.427
1085.8535	1383.5997
1086.3857	1378.4325
1086.9181	1362.429
1087.4504	1382.9578
1087.9827	1412.1071
1088.515	1387.3983
1089.0472	1440.2004
1089.5796	1431.323
1090.1118	1394.7926
1090.6442	1412.7101
1091.1765	1423.9377
1091.7087	1441.4374
1092.2411	1462.2521
1092.7733	1458.2089
1093.3057	1463.965
1093.838	1482.3392
1094.3702	1495.9039
1094.9026	1512.1527
1095.4348	1526.4857
1095.9672	1534.8899
1096.4995	1551.2202
1097.0317	1571.3439
1097.5641	1545.9769
1098.0963	1562.8809
1098.6287	1572.3698
1099.161	1599.1431
1099.6932	1626.546
1100.2256	1603.0386
1100.7578	1637.4656
1101.2902	1628.0112
1101.8224	1658.5576
1102.3547	1687.6997
1102.8871	1717.5564
1103.4193	1746.8695
1103.9517	1759.6084
1104.4839	1794.4476
1105.0162	1826.5149
1105.5486	1828.8267
1106.0808	1931.8
1106.6132	1920.2478
1107.1454	1929.0673
1107.6777	1984.4398
1108.2101	2021.3026
1108.7423	2030.098
1109.2747	2071.8579
1109.8069	2117.2524
1110.3392	2155.9463
1110.8716	2224.575
1111.4038	2245.4568
1111.9362	2314.9592
1112.4684	2374.5613
1113.0007	2379.3989
1113.5331	2421.031
1114.0653	2499.0818
1114.5977	2544.0105
1115.1299	2576.0925
1115.6622	2612.5503
1116.1945	2743.8682
1116.7268	2769.3442
1117.2592	2839.2388
1117.7914	2900.7029
1118.3237	2900.0913
1118.856	2987.4824
1119.3883	3025.4897
1119.9207	3106.3906
1120.4529	3209.8618
1120.9852	3234.3086
1121.5175	3230.916
1122.0498	3307.1101
1122.5822	3366.4297
1123.1144	3397.1379
1123.6467	3473.811
1124.179	3520.7217
1124.7113	3525.0122
1125.2437	3580.335
1125.7759	3595.5522
1126.3082	3639.6643
1126.8405	3728.4397
1127.3728	3700.8926
1127.905	3769.043
1128.4374	3783.9993
1128.9697	3933.551
1129.502	3899.0356
1130.0343	3973.3179
1130.5665	4025.2651
1131.0989	3980.6731
1131.6312	4021.1448
1132.1635	4083.8513
1132.6958	4082.9722
1133.228	4075.3206
1133.7604	4063.1277
1134.2927	4071.5022
1134.825	4144.8667
1135.3573	4158.7905
1135.8895	4193.0474
1136.4219	4071.0032
1136.9542	4092.7656
1137.4865	4243.4585
1138.0188	4154.1587
1138.551	4157.9497
1139.0834	4215.0815
1139.6157	4185.5313
1140.1479	4263.9736
1140.6803	4258.1074
1141.2125	4213.9678
1141.7449	4209.3843
1142.2771	4194.6831
1142.8094	4188.812
1143.3418	4301.1138
1143.874	4383.4873
1144.4064	4315.9268
1144.9386	4280.8613
1145.4709	4320.5137
1146.0033	4344.3423
1146.5355	4317.5122
1147.0679	4418.1245
1147.6001	4323.9751
1148.1324	4384.5283
1148.6648	4305.9258
1149.197	4364.1753
1149.7294	4309.248
1150.2616	4188.2817
1150.7939	4164.8594
1151.3263	4216.21
1151.8585	4203.1338
1152.3909	4154.4268
1152.9231	4153.0977
1153.4554	4075.8542
1153.9877	4029.4844
1154.52	4034.9995
1155.0524	3968.8416
1155.5846	3895.8748
1156.1169	3850.8086
1156.6492	3831.5742
1157.1815	3805.6213
1157.7139	3788.6838
1158.2461	3791.5581
1158.7784	3743.7261
1159.3107	3738.1248
1159.843	3664.4312
1160.3754	3562.8228
1160.9076	3554.5447
1161.4399	3521.6409
1161.9722	3501.8176
1162.5045	3504.2207
1163.0369	3504.4194
1163.5691	3493.6675
1164.1014	3498.6738
1164.6337	3489.4387
1165.166	3472.126
1165.6984	3491.2625
1166.2306	3508.175
1166.7629	3524.4209
1167.2952	3553.6577
1167.8275	3508.6379
1168.3597	3563.032
1168.8921	3556.8962
1169.4244	3585.0779
1169.9567	3495.9912
1170.489	3635.3254
1171.0212	3543.7766
1171.5536	3573.0696
1172.0859	3685.8547
1172.6182	3660.2612
1173.1505	3678.613
1173.6827	3764.2
1174.2151	3710.5024
1174.7474	3705.4216
1175.2797	3761.1069
1175.812	3779.2727
1176.3442	3790.647
1176.8766	3850.4375
1177.4089	3902.5718
1177.9412	3925.0637
1178.4735	3946.6465
1179.0057	4003.1106
1179.5381	3952.0603
1180.0703	4008.7246
1180.6027	4091.4968
1181.135	4093.7134
1181.6672	4185.7065
1182.1996	4156.7656
1182.7318	4210.96
1183.2642	4239.0063
1183.7965	4270.5557
1184.3287	4318.4272
1184.8611	4379.5376
1185.3933	4409.5181
1185.9257	4401.3525
1186.458	4413.7842
1186.9902	4524.146
1187.5226	4560.1919
1188.0548	4561.7622
1188.5872	4567.894
1189.1195	4633.8037
1189.6517	4647.7271
1190.1841	4576.1558
1190.7163	4760.8452
1191.2487	4774.2246
1191.781	4831.4829
1192.3132	4870.8105
1192.8456	4872.0967
1193.3778	4880.8691
1193.9102	4941.1328
1194.4424	4973.7686
1194.9747	5067.3042
1195.5071	5029.4761
1196.0393	5019.7637
1196.5717	5038.7344
1197.1039	5071.7134
1197.6362	5178.5562
1198.1686	5141.2446
1198.7008	5172.4375
1199.2332	5216.8745
1199.7654	5255.7295
1200.2977	5269.9414
1200.8301	5282.9443
1201.3623	5285.7896
1201.8947	5302.5947
1202.4269	5257.144
1202.9592	5261.3398
1203.4916	5292.7544
1204.0238	5279.9214
1204.5562	5323.8359
1205.0884	5336.4268
1205.6207	5300.2954
1206.153	5335.4463
1206.6853	5337.2607
1207.2177	5368.5215
1207.7499	5354.4717
1208.2822	5310.5449
1208.8145	5314.5913
1209.3468	5402.541
1209.8792	5412.4565
1210.4114	5348.644
1210.9437	5416.0601
1211.476	5427.7251
1212.0083	5435.8867
1212.5406	5491.1479
1213.0729	5544.2422
1213.6052	5584.0737
1214.1375	5593.1069
1214.6698	5582.7427
1215.2021	5604.0107
1215.7344	5663.2925
1216.2667	5716.1299
1216.799	5722.8833
1217.3313	5702.2974
1217.8636	5749.3066
1218.3959	5762.4063
1218.9282	5743.3242
1219.4604	5784.8398
1219.9928	5863.4795
1220.525	5938.6626
1221.0574	5957.5791
1221.5897	6028.7622
1222.1219	6122.0562
1222.6543	6223.1831
1223.1865	6158.1099
1223.7189	6241.7422
1224.2512	6337.5054
1224.7834	6443.9707
1225.3158	6490.6836
1225.848	6506.8882
1226.3804	6587.7524
1226.9127	6680.1113
1227.4449	6771.8477
1227.9773	6849.5337
1228.5095	6901.9507
1229.0419	6986.52
1229.5742	7085
1230.1064	7086.9463
1230.6388	7221.8838
1231.171	7201.0088
1231.7034	7274.4858
1232.2356	7285.8086
1232.7679	7327.2368
1233.3003	7459.8799
1233.8325	7424.3423
1234.3649	7477.6665
1234.8971	7504.3105
1235.4294	7615.8232
1235.9618	7667.7061
1236.494	7691.1055
1237.0264	7740.1455
1237.5586	7752.0952
1238.0909	7761.5615
1238.6233	7769.7583
1239.1555	7844.4536
1239.6879	7883.4131
1240.2201	7839.7573
1240.7524	7919.7139
1241.2848	8121.4893
1241.817	8063.4341
1242.3494	8151.189
1242.8816	8037.373
1243.4139	8097.2876
1243.9463	8202.5645
1244.4785	8150.7285
1245.0109	8426.8164
1245.5431	8400.2891
1246.0754	8380.5703
1246.6077	8478.833
1247.14	8628.4951
1247.6724	8765.7334
1248.2046	8933.4209
1248.7369	9073.1748
1249.2692	9118.4707
1249.8015	9212.5283
1250.3339	9334.3428
1250.8661	9479.4658
1251.3984	9644.0361
1251.9307	9746.1387
1252.463	9953.7627
1252.9954	10098.365
1253.5276	10123.631
1254.0599	10429.988
1254.5922	10539.856
1255.1245	10741.983
1255.6569	10896.474
1256.1891	11029.179
1256.7214	10948.447
1257.2537	10959.104
1257.786	11239.49
1258.3182	11488.502
1258.8506	11442.346
1259.3829	11436.405
1259.9152	11621.19
1260.4475	11711.666
1260.9797	11710.455
1261.5121	11792.048
1262.0444	11871.989
1262.5767	11904.267
1263.109	11846.72
1263.6412	11879.117
1264.1736	11965.687
1264.7059	12183.566
1265.2382	12059.329
1265.7705	11868.309
1266.3027	12034.462
1266.8351	11967.837
1267.3674	11973.964
1267.8997	11814.912
1268.432	11796.316
1268.9642	11887.444
1269.4966	11872.281
1270.0289	11759.665
1270.5612	11649.349
1271.0935	11547.192
1271.6257	11503.926
1272.1581	11493.407
1272.6903	11372.56
1273.2227	11175.228
1273.755	11133.989
1274.2872	11149.618
1274.8196	10925.511
1275.3518	11005.529
1275.8842	10866.078
1276.4165	10771.351
1276.9487	10587.457
1277.4811	10646.028
1278.0133	10304.163
1278.5457	10061.995
1279.078	10144.961
1279.6102	9891.46
1280.1426	9756.0479
1280.6748	9556.1387
1281.2072	9574.6484
1281.7395	9476.0869
1282.2717	9303.1934
1282.8041	9164.6865
1283.3363	9117.5
1283.8687	8997.877
1284.4009	8837.834
1284.9332	8706.3828
1285.4656	8520.3867
1285.9978	8406.752
1286.5302	8404.9326
1287.0624	8278.7939
1287.5947	8180.7373
1288.1271	8192.6367
1288.6593	8077.8774
1289.1917	8031.7925
1289.7239	7944.377
1290.2562	7866.0347
1290.7886	7743.9585
1291.3208	7706.605
1291.8531	7589.7148
1292.3854	7528.2217
1292.9177	7490.2246
1293.4501	7328.0825
1293.9823	7390.9995
1294.5146	7408.5601
1295.0469	7455.792
1295.5792	7335.0034
1296.1116	7233.0273
1296.6438	7238.4272
1297.1761	7258.3516
1297.7084	7303.4053
1298.2407	7366.0947
1298.7729	7412.0024
1299.3053	7368.6528
1299.8376	7288.4653
1300.3699	7406.001
1300.9022	7391.4736
1301.4344	7338.3032
1301.9668	7425.2559
1302.4991	7404.9604
1303.0314	7501.6011
1303.5637	7459.2339
1304.0959	7594.1743
1304.6283	7650.8345
1305.1606	7416.5078
1305.6929	7711.7495
1306.2252	7646.7251
1306.7574	7650.333
1307.2898	7751.5518
1307.8221	7658.8149
1308.3544	7519.7061
1308.8867	7531.0903
1309.4189	7685.4106
1309.9513	7727.6377
1310.4835	7759.501
1311.0159	7811.6045
1311.5482	7752.0879
1312.0804	7643.501
1312.6128	7645.1543
1313.145	7639.6182
1313.6774	7570.8257
1314.2097	7708.9346
1314.7419	7723.0054
1315.2743	7644.7163
1315.8065	7426.834
1316.3389	7453.3521
1316.8712	7461.4976
1317.4034	7307.0977
1317.9358	7265.3823
1318.468	7269.2915
1319.0004	7200.396
1319.5327	7032.29
1320.0649	7000.7681
1320.5973	6902.6743
1321.1295	7021.3999
1321.6619	6961.7153
1322.1942	6873.6538
1322.7264	6707.6372
1323.2588	6626.8628
1323.791	6516.2549
1324.3234	6458.645
1324.8556	6365.0615
1325.3879	6267.0313
1325.9203	6287.9009
1326.4525	6301.3374
1326.9849	6177.2031
1327.5171	6025.4834
1328.0494	5998.1196
1328.5818	5995.7896
1329.114	5912.981
1329.6464	5937.6172
1330.1786	5886.6553
1330.7109	5866.3779
1331.2433	5846.7017
1331.7755	5850.3218
1332.3079	5794.978
1332.8401	5940.2974
1333.3724	5884.3345
1333.9048	5740.6792
1334.437	5747.395
1334.9694	5734.9414
1335.5016	5714.4805
1336.0339	5804.272
1336.5662	5850.4814
1337.0985	5836.4512
1337.6309	5810.1812
1338.1631	5790.3584
1338.6954	5849.8281
1339.2277	5915.0596
1339.76	5954.6138
1340.2924	5963.478
1340.8246	6053.2832
1341.3569	6097.5298
1341.8892	6086.6768
1342.4215	6193.6748
1342.9539	6249.8682
1343.4861	6199.6396
1344.0184	6215.8667
1344.5507	6256.6206
1345.083	6335.1172
1345.6154	6290.7271
1346.1476	6365.8003
1346.6799	6281.3823
1347.2122	6517.0239
1347.7445	6528.937
1348.2769	6503.2676
1348.8091	6570.3228
1349.3414	6578.1313
1349.8737	6606.147
1350.406	6634.2769
1350.9382	6776.4551
1351.4706	6838.3218
1352.0029	6884.6865
1352.5352	6837.2622
1353.0675	6905.2261
1353.5997	7001.9985
1354.1321	7035.5352
1354.6644	7032.772
1355.1967	7070.3574
1355.729	7117.3872
1356.2612	7135.3521
1356.7936	7119.5244
1357.3259	7101.5327
1357.8582	7121.6719
1358.3905	7253.6333
1358.9227	7303.9673
1359.4551	7210.0737
1359.9874	7234.481
1360.5197	7254.2041
1361.052	7293.8628
1361.5842	7369.6582
1362.1166	7407.2793
1362.6488	7433.873
1363.1812	7408.6216
1363.7135	7415.8472
1364.2457	7432.5933
1364.7781	7397.439
1365.3103	7440.7954
1365.8427	7236.5117
1366.375	7284.2734
1366.9072	7324.0913
1367.4396	7369.5356
1367.9718	7279.9033
1368.5042	7258.2817
1369.0365	7150.7432
1369.5687	7162.041
1370.1011	7250.1826
1370.6333	7220.1318
1371.1656	7106.7861
1371.698	7136.7695
1372.2302	7236.3457
1372.7626	7154.5259
1373.2948	7055.7764
1373.8271	7042.4102
1374.3595	7016.0142
1374.8917	7039.0044
1375.4241	7013.5659
1375.9563	6944.0278
1376.4886	6964.314
1377.0209	6931.4004
1377.5532	6914.998
1378.0856	6944.9927
1378.6178	6801.2124
1379.1501	6810.0176
1379.6824	6828.3159
1380.2147	6800.6895
1380.7471	6846.4155
1381.2793	6864.2041
1381.8116	6795.228
1382.3439	6772.644
1382.8762	6635.1743
1383.4086	6745.6177
1383.9408	6645.02
1384.4731	6540.9063
1385.0054	6818.7305
1385.5377	6547.6655
1386.0701	6631.7529
1386.6023	6677.0234
1387.1346	6574.0542
1387.6669	6586.5571
1388.1992	6644.1558
1388.7314	6644.6274
1389.2638	6554.293
1389.7961	6492.5127
1390.3284	6550.5107
1390.8607	6603.8379
1391.3929	6546.2588
1391.9253	6507.332
1392.4576	6483.5815
1392.9899	6498.4175
1393.5222	6500.1753
1394.0544	6478.1279
1394.5868	6475.4443
1395.1191	6494.5239
1395.6514	6473.9028
1396.1837	6428.981
1396.7159	6466.3682
1397.2483	6490.8696
1397.7806	6453.1724
1398.3129	6449.0146
1398.8452	6409.7783
1399.3774	6492.728
1399.9098	6491.8164
1400.4421	6464.2178
1400.9744	6351.9312
1401.5067	6404.4111
1402.0389	6457.4219
1402.5713	6527.8657
1403.1035	6493.2456
1403.6359	6415.2725
1404.1682	6360.5786
1404.7004	6326.2949
1405.2328	6538.9976
1405.765	6350.4497
1406.2974	6398.9463
1406.8297	6412.5605
1407.3619	6298.5728
1407.8943	6449.5117
1408.4265	6398.0928
1408.9589	6499.5811
1409.4912	6492.3887
1410.0234	6398.249
1410.5558	6365.6338
1411.088	6466.9414
1411.6204	6352.8267
1412.1527	6427.4746
1412.6849	6370.1196
1413.2173	6375.9146
1413.7495	6436.4751
1414.2819	6458.8955
1414.8141	6363.9858
1415.3464	6253.0542
1415.8788	6340.6284
1416.411	6357.0581
1416.9434	6282.3193
1417.4756	6311.1494
1418.0079	6305.4507
1418.5403	6378.8677
1419.0725	6490.9229
1419.6049	6352.7783
1420.1371	6225.9072
1420.6694	6242.2476
1421.2018	6296.4629
1421.734	6335.9917
1422.2664	6211.896
1422.7986	6206.2759
1423.3309	6166.1479
1423.8633	6178.3389
1424.3955	6205.6265
1424.9279	6206.4741
1425.4601	6122.7827
1425.9924	6085.8579
1426.5248	6007.3823
1427.057	6115.6475
1427.5894	6022.585
1428.1216	5971.2217
1428.6539	5980.0693
1429.1862	6024.188
1429.7185	5998.3755
1430.2509	6024.4888
1430.7831	6028.1802
1431.3154	6057.0352
1431.8477	5929.3765
1432.38	6011.3276
1432.9124	5862.5977
1433.4446	5943.6865
1433.9769	5960.2451
1434.5092	5906.1543
1435.0415	5907.4048
1435.5739	5994.1572
1436.1061	5831.0527
1436.6384	5899.8887
1437.1707	5924.9194
1437.703	5869.4795
1438.2354	5963.1021
1438.7676	5948.6748
1439.2999	5926.4106
1439.8322	5874.8877
1440.3645	5818.2197
1440.8967	5841.1543
1441.4291	5876.9688
1441.9614	5840.0117
1442.4937	5834.7339
1443.026	5931.3442
1443.5582	5980.708
1444.0906	5970.2515
1444.6229	5906.4937
1445.1552	5916.5449
1445.6875	6047.9321
1446.2197	5982.9004
1446.7521	5941.1196
1447.2844	5910.4644
1447.8167	5942.771
1448.349	6021.0903
1448.8812	6043.1021
1449.4136	5989.1338
1449.9459	6013.3145
1450.4781	5986.9829
1451.0105	5943.4253
1451.5427	5952.6045
1452.0751	6050.9663
1452.6074	5974.1782
1453.1396	5986.2915
1453.672	5854.9106
1454.2042	6107.7134
1454.7366	6085.6362
1455.2688	6068.2881
1455.8011	5949.0967
1456.3335	6085.438
1456.8657	6020.6553
1457.3981	6066.0742
1457.9303	6091.4692
1458.4626	5985.6055
1458.995	6037.3369
1459.5272	6100.3989
1460.0596	6127.2563
1460.5918	6108.4751
1461.1241	6142.3872
1461.6565	6047.127
1462.1887	6031.144
1462.7211	6052.2344
1463.2533	6144.2744
1463.7856	6087.1836
1464.318	6100.0425
1464.8502	6092.0562
1465.3826	6129.1255
1465.9148	6058.4644
1466.4471	6121.3657
1466.9794	6154.5083
1467.5117	6075.9775
1468.0441	6032.8828
1468.5763	6054.3643
1469.1086	6028.4688
1469.6409	6070.7271
1470.1732	6157.3491
1470.7056	6120.1099
1471.2378	6104.5034
1471.7701	6117.4648
1472.3024	6053.0596
1472.8347	6068.0366
1473.3671	6096.1401
1473.8993	6069.7017
1474.4316	6124.5503
1474.9639	6176.0977
1475.4962	6190.1655
1476.0286	6142.8101
1476.5608	6097.7241
1477.0931	6190.5542
1477.6254	6226.9897
1478.1577	6278.3379
1478.6901	6230.2505
1479.2223	6096.4214
1479.7546	6196.833
1480.2869	6220.5024
1480.8192	6295.4663
1481.3514	6298.7188
1481.8838	6249.1689
1482.4161	6370.8667
1482.9484	6257.1577
1483.4807	6247.0542
1484.0129	6336.4541
1484.5453	6274.0112
1485.0776	6428.4028
1485.6099	6359.8579
1486.1422	6374.375
1486.6744	6449.252
1487.2068	6352.9697
1487.7391	6350.8853
1488.2714	6464.7607
1488.8037	6480.752
1489.3359	6521.9995
1489.8683	6392.4565
1490.4006	6588.9189
1490.9329	6570.9077
1491.4652	6527.3296
1491.9974	6751.9932
1492.5298	6608.6826
1493.062	6762.6177
1493.5944	6681.1699
1494.1267	6767.2686
1494.6589	6818.0151
1495.1913	6893.0977
1495.7235	6941.2144
1496.2559	6891.0688
1496.7882	7007.4155
1497.3204	7070.6826
1497.8528	7090.8936
1498.385	7061.3545
1498.9174	7043.0356
1499.4497	7348.1909
1499.9819	7273.2217
1500.5143	7235.7817
1501.0465	7364.2915
1501.5789	7352.7974
1502.1112	7379.1812
1502.6434	7412.7002
1503.1758	7605.8848
1503.708	7416.0405
1504.2404	7450.3789
1504.7727	7592.0615
1505.3049	7672.0322
1505.8373	7687.7178
1506.3695	7716.3682
1506.9019	7799.897
1507.4341	7845.2148
1507.9664	7806.7031
1508.4988	7912.3203
1509.031	8051.0396
1509.5634	8054.1309
1510.0956	8023.6167
1510.6279	8114.9956
1511.1603	8206.1797
1511.6925	8177.9438
1512.2249	8161.5161
1512.7571	8215.5557
1513.2894	8284.1377
1513.8218	8436.4863
1514.354	8502.1338
1514.8864	8472.5771
1515.4186	8512.7061
1515.9509	8507.6582
1516.4833	8532.3496
1517.0155	8526.416
1517.5479	8554.5322
1518.0801	8584.6738
1518.6124	8632.4678
1519.1447	8680.1396
1519.677	8746.7979
1520.2094	8843.2236
1520.7416	8814.2451
1521.2739	8856.125
1521.8062	8897.2236
1522.3385	8927.377
1522.8708	8996.7285
1523.4031	8980.5654
1523.9354	8950.7559
1524.4677	9009.2559
1525	9088.4453
1525.5323	9058.4951
1526.0646	9059.5107
1526.5969	9093.8984
1527.1292	9163.6514
1527.6615	9256.002
1528.1938	9249.1826
1528.7261	9120.4648
1529.2584	8999.833
1529.7906	9002.5049
1530.323	9033.085
1530.8553	9080.4756
1531.3876	9236.6611
1531.9199	9257.5957
1532.4521	9280.8857
1532.9845	9195.1406
1533.5167	9202.9961
1534.0491	9134.3721
1534.5814	9170.6162
1535.1136	9211.7705
1535.646	9095.0693
1536.1782	9224.5977
1536.7106	9176.2783
1537.2429	9134.7217
1537.7751	9204.7744
1538.3075	9145.3457
1538.8397	9154.9219
1539.3721	9130.0127
1539.9044	9131.9648
1540.4366	9065.4521
1540.969	9023.708
1541.5012	9072.6992
1542.0336	8934.6152
1542.5659	9158.3623
1543.0981	9158.4326
1543.6305	9129.8418
1544.1627	9063.9873
1544.6951	9052.2422
1545.2273	9192.2734
1545.7596	9078.7129
1546.292	8947.2891
1546.8242	8882.916
1547.3566	8891.209
1547.8888	9017.8418
1548.4211	9030.3535
1548.9535	9042.3428
1549.4857	9013.6045
1550.0181	8979.8711
1550.5503	8913.627
1551.0826	8993.3408
1551.615	8949.4492
1552.1472	8807.3232
1552.6796	8902.3262
1553.2118	8880.5176
1553.7441	8800.1953
1554.2765	8874.25
1554.8087	8880.1172
1555.3411	8728.8174
1555.8733	8861.4404
1556.4056	8684.5479
1556.938	8786.8691
1557.4702	8838.1865
1558.0026	8833.0547
1558.5348	8903.3711
1559.0671	8723.6182
1559.5994	8636.7178
1560.1317	8568.668
1560.6641	8749.7373
1561.1963	8684.0029
1561.7286	8767.8584
1562.2609	8723.3037
1562.7932	8754.6719
1563.3256	8798.5283
1563.8578	8632.7754
1564.3901	8712.2773
1564.9224	8642.3965
1565.4547	8571.3193
1565.9871	8488.0205
1566.5193	8663.3682
1567.0516	8575.5
1567.5839	8517.9189
1568.1162	8679.8232
1568.6486	8611.5615
1569.1808	8615.1455
1569.7131	8648.0996
1570.2454	8506.7354
1570.7777	8620.6582
1571.3099	8557.3838
1571.8423	8639.9287
1572.3746	8611.4492
1572.9069	8600.5117
1573.4392	8731.0195
1573.9714	8544.8984
1574.5038	8375.4697
1575.0361	8330.1787
1575.5684	8425.2002
1576.1007	8425.2969
1576.6329	8302.9609
1577.1653	8486.6445
1577.6976	8326.7471
1578.2299	8371.3838
1578.7622	8262.6475
1579.2944	8291.8096
1579.8268	8355.123
1580.3591	8363.7061
1580.8914	8293.5186
1581.4237	8413.0342
1581.9559	8316.9414
1582.4883	8212.4229
1583.0206	8302.9795
1583.5529	8058.4624
1584.0852	8111.5435
1584.6174	8178.8052
1585.1498	8181.4561
1585.682	8176.9854
1586.2144	8125.8652
1586.7467	7912.5732
1587.2789	8149.522
1587.8113	7874.4453
1588.3435	8093.4834
1588.8759	7903.0605
1589.4082	7907.7339
1589.9404	7861.5918
1590.4728	7826.6572
1591.005	7917.8589
1591.5374	7655.9395
1592.0697	7775.9111
1592.6019	7709.5239
1593.1343	7665.0703
1593.6665	7611.396
1594.1989	7526.1978
1594.7312	7513
1595.2634	7547.7344
1595.7958	7512.8569
1596.328	7348.9272
1596.8604	7417.1777
1597.3926	7320.6328
1597.9249	7280.9316
1598.4573	7213.4341
1598.9895	7225.8604
1599.5219	7151.6943
1600.0541	7108.7432
1600.5864	7153.8657
1601.1188	6975.7852
1601.651	7007.5493
1602.1833	7134.707
1602.7156	7003.7998
1603.2479	6886.3037
1603.7803	6837.001
1604.3125	6835.8442
1604.8448	6791.3286
1605.3771	6768.4478
1605.9094	6687.396
1606.4418	6615.9116
1606.974	6581.0439
1607.5063	6437.7524
1608.0386	6455.1104
1608.5709	6550.7441
1609.1033	6375.5107
1609.6355	6409.7563
1610.1678	6348.1426
1610.7001	6333.9448
1611.2324	6277.6099
1611.7646	6333.8203
1612.297	6245.0825
1612.8293	6137.3237
1613.3616	6050.0205
1613.8939	6024.9238
1614.4261	6039.8179
1614.9585	6018.7271
1615.4908	5919.1265
1616.0231	5868.646
1616.5554	5844.5449
1617.0876	5856.835
1617.62	5887.5967
1618.1523	5842.4844
1618.6846	5750.8877
1619.2169	5760.0034
1619.7491	5687.3662
1620.2815	5617.2417
1620.8138	5557.2363
1621.3461	5593.6328
1621.8784	5623.6377
1622.4106	5511.5659
1622.943	5440.3994
1623.4752	5492.5313
1624.0076	5519.0322
1624.5399	5434.6455
1625.0721	5332.5859
1625.6045	5298.8242
1626.1367	5294.4766
1626.6691	5250.6602
1627.2014	5206.4761
1627.7336	5195.5488
1628.266	5209.0894
1628.7982	5211.9805
1629.3306	5121.6333
1629.8629	5142.3335
1630.3951	5134.2959
1630.9275	5065.3608
1631.4597	5015.4673
1631.9921	4968.9805
1632.5244	4964.8213
1633.0566	4982.9248
1633.589	4953.9966
1634.1212	4902.7002
1634.6536	4858.8042
1635.1859	4799.1675
1635.7181	4805.9502
1636.2505	4835.4321
1636.7827	4772.8872
1637.3151	4767.8672
1637.8473	4764.2793
1638.3796	4797.8735
1638.912	4822.0977
1639.4442	4774.3516
1639.9766	4716.4023
1640.5088	4629.6938
1641.0411	4616.5605
1641.5735	4629.8594
1642.1057	4603.394
1642.6381	4570.2358
1643.1703	4525.4087
1643.7026	4466.8237
1644.235	4468.2529
1644.7672	4408.6567
1645.2996	4512.2939
1645.8318	4427.25
1646.3641	4414.6646
1646.8965	4352.0547
1647.4287	4442.8604
1647.9611	4365.1812
1648.4933	4397.0303
1649.0256	4421.1514
1649.5579	4355.8882
1650.0902	4193.5293
1650.6226	4268.5049
1651.1548	4139.2603
1651.6871	4216.6982
1652.2194	4220.5742
1652.7517	4130.8359
1653.2841	4109.0767
1653.8163	4176.7759
1654.3486	4140.7422
1654.8809	4219.3203
1655.4132	4065.4194
1655.9456	4114.4106
1656.4778	4028.3491
1657.0101	4011.1421
1657.5424	3990.6995
1658.0747	3969.6118
1658.6071	4020.2947
1659.1393	3963.9314
1659.6716	3926.6362
1660.2039	3942.9365
1660.7362	3859.1912
1661.2686	3928.4937
1661.8008	3893.7761
1662.3331	3836.791
1662.8654	3815.7732
1663.3977	3847.4507
1663.9299	3697.4053
1664.4623	3770.8064
1664.9946	3747.7214
1665.5269	3743.4348
1666.0592	3765.0554
1666.5914	3752.9902
1667.1238	3713.2456
1667.6561	3719.4768
1668.1884	3698.3235
1668.7207	3639.3572
1669.2529	3633.9663
1669.7853	3631.5012
1670.3176	3620.9304
1670.8499	3556.5068
1671.3822	3586.1182
1671.9144	3612.1899
1672.4468	3550.9485
1672.9791	3505.9473
1673.5114	3475.8643
1674.0437	3480.7507
1674.5759	3486.553
1675.1083	3471.5359
1675.6405	3451.8967
1676.1729	3377.8872
1676.7052	3355.1855
1677.2374	3364.4331
1677.7698	3318.3616
1678.302	3300.0737
1678.8344	3310.8093
1679.3667	3282.2573
1679.8989	3272.6516
1680.4313	3279.6624
1680.9635	3296.2144
1681.4958	3290.9822
1682.0282	3239.197
1682.5604	3246.022
1683.0928	3215.1782
1683.625	3164.0061
1684.1573	3157.3596
1684.6897	3160.1057
1685.2219	3162.718
1685.7543	3096.7063
1686.2865	3049.541
1686.8188	3060.3428
1687.3512	3041.2139
1687.8834	3070.8906
1688.4158	3049.5581
1688.948	3014.4805
1689.4803	3021.7632
1690.0126	3048.2078
1690.5449	3003.5288
1691.0773	3026.575
1691.6095	2979.5432
1692.1418	2988.3923
1692.6741	2955.8203
1693.2064	2953.157
1693.7388	2903.3862
1694.271	2917.3718
1694.8033	2883.7593
1695.3356	2880.9712
1695.8679	2859.1096
1696.4003	2842.9736
1696.9325	2837.5493
1697.4648	2806.5002
1697.9971	2823.1003
1698.5294	2808.3772
1699.0618	2781.5806
1699.594	2790.6353
1700.1263	2767.9575
1700.6586	2764.6399
1701.1909	2750.8262
1701.7231	2738.3088
1702.2555	2749.5674
1702.7878	2723.7788
1703.3201	2743.3931
1703.8524	2736.4458
1704.3846	2747.2131
1704.917	2689.5696
1705.4493	2663.7319
1705.9816	2670.6899
1706.5139	2657.6729
1707.0461	2667.0842
1707.5785	2612.605
1708.1108	2645.4224
1708.6431	2628.543
1709.1754	2626.8784
1709.7076	2544.0776
1710.24	2582.0398
1710.7723	2610.2385
1711.3046	2635.8701
1711.8369	2627.7937
1712.3691	2593.4739
1712.9015	2568.8696
1713.4338	2581.4387
1713.9661	2545.4526
1714.4984	2554.5608
1715.0306	2578.9956
1715.563	2570.1946
1716.0952	2551.5256
1716.6276	2558.8989
1717.1599	2568.0789
1717.6921	2583.4077
1718.2245	2466.9558
1718.7567	2504.0322
1719.2891	2555.4167
1719.8214	2471.4419
1720.3536	2509.6628
1720.886	2481.7854
1721.4182	2505.5823
1721.9506	2482.8723
1722.4829	2479.8254
1723.0151	2499.7908
1723.5475	2407.7002
1724.0797	2475.751
1724.6121	2484.7788
1725.1444	2463.3567
1725.6766	2490.166
1726.209	2411.2808
1726.7412	2439.3521
1727.2736	2454.2551
1727.8058	2454.2197
1728.3381	2467.6267
1728.8705	2459.7437
1729.4027	2404.1836
1729.9351	2424.6069
1730.4673	2421.2888
1730.9996	2417.5334
1731.532	2356.6428
1732.0642	2370.5234
1732.5966	2410.0339
1733.1288	2376.1106
1733.6611	2342.6008
1734.1935	2384.3943
1734.7257	2407.8533
1735.2581	2353.0264
1735.7903	2358.2705
1736.3226	2367.4863
1736.855	2377.7742
1737.3872	2357.7676
1737.9196	2339.4185
1738.4518	2383.3862
1738.9841	2411.7649
1739.5165	2383.2947
1740.0487	2348.0352
1740.5811	2361.687
1741.1133	2380.9675
1741.6456	2416.9163
1742.1779	2410.3831
1742.7102	2407.9895
1743.2426	2396.123
1743.7748	2394.9468
1744.3071	2389.4717
1744.8394	2341.8867
1745.3717	2319.1799
1745.9041	2323.8608
1746.4363	2356.7915
1746.9686	2356.1025
1747.5009	2346.614
1748.0332	2356.6826
1748.5656	2339.5527
1749.0978	2334.1345
1749.6301	2343.811
1750.1624	2337.0059
1750.6947	2385.7068
1751.2271	2389.7046
1751.7593	2358.0027
1752.2916	2327.8862
1752.8239	2374.9641
1753.3562	2366.1343
1753.8884	2355.8486
1754.4208	2367.2119
1754.9531	2343.4851
1755.4854	2299.0386
1756.0177	2343.1851
1756.5499	2358.2664
1757.0823	2406.3687
1757.6146	2375.8914
1758.1469	2361.553
1758.6792	2336.8132
1759.2114	2367.7693
1759.7438	2366.4731
1760.2761	2389.6394
1760.8083	2309.2795
1761.3407	2313.1638
1761.8729	2339.1555
1762.4053	2359.6365
1762.9376	2383.0979
1763.4698	2394.6611
1764.0022	2376.0515
1764.5344	2357.6265
1765.0668	2377.7234
1765.5991	2358.8025
1766.1313	2401.8667
1766.6637	2400.5435
1767.1959	2352.4336
1767.7283	2389.1111
1768.2605	2364.0845
1768.7928	2374.2112
1769.3252	2402.6392
1769.8574	2399.0842
1770.3898	2363.4583
1770.922	2324.1523
1771.4543	2334.1809
1771.9867	2342.0273
1772.5189	2387.2813
1773.0513	2431.6438
1773.5835	2385.5227
1774.1158	2371.0071
1774.6482	2366.803
1775.1804	2362.5898
1775.7128	2373.8352
1776.245	2398.0671
1776.7773	2400.2441
1777.3097	2401.2351
1777.8419	2424.3228
1778.3743	2419.4712
1778.9065	2373.2617
1779.4388	2425.8828
1779.9711	2445.6187
1780.5034	2500.8025
1781.0358	2496.9597
1781.568	2391.6836
1782.1003	2369.1692
1782.6326	2402.6421
1783.1649	2437.468
1783.6973	2427.7766
1784.2295	2419.3086
1784.7618	2407.814
1785.2941	2433.8542
1785.8264	2403.1484
1786.3588	2368.1594
1786.891	2450.7295
1787.4233	2475.1292
1787.9556	2389.6282
1788.4879	2518.2605
1789.0203	2374.8528
1789.5525	2540.7122
1790.0848	2507.1318
1790.6171	2378.3821
1791.1494	2409.4619
1791.6818	2421.6917
1792.214	2464.1108
1792.7463	2483.8606
1793.2786	2538.2644
1793.8109	2558.9204
1794.3431	2562.0881
1794.8755	2554.3413
1795.4078	2539.0967
1795.9401	2517.2031
1796.4724	2553.075
1797.0046	2556.8215
1797.537	2562.293
1798.0693	2565.6428
1798.6016	2528.2415
1799.1339	2487.2732
1799.6661	2548.7136
1800.1985	2582.7908
1800.7308	2587.0405
1801.2631	2610.512
1801.7954	2578.0188
1802.3276	2569.8862
1802.86	2614.6252
1803.3923	2557.0969
1803.9246	2574.7065
1804.4569	2597.1545
1804.9891	2604.676
1805.5215	2607.6807
1806.0537	2607.0208
1806.5861	2634.312
1807.1184	2615.9165
1807.6506	2657.0186
1808.183	2665.6394
1808.7152	2682.9592
1809.2476	2654.4988
1809.7799	2646.459
1810.3121	2647.8816
1810.8445	2688.0537
1811.3767	2677.6851
1811.9091	2676.3164
1812.4414	2760.603
1812.9736	2677.1797
1813.506	2688.5261
1814.0382	2697.9944
1814.5706	2686.521
1815.1029	2698.4714
1815.6351	2716.4539
1816.1675	2821.781
1816.6997	2772.8064
1817.2321	2735.2913
1817.7644	2814.3484
1818.2966	2785.1328
1818.829	2735.3994
1819.3612	2797.1787
1819.8936	2819.7429
1820.4258	2834.0659
1820.9581	2816.1909
1821.4905	2869.3501
1822.0227	2889.4595
1822.5551	2866.5984
1823.0873	2927.8872
1823.6196	2956.9937
1824.152	2944.7344
1824.6842	2935.2419
1825.2166	2928.2483
1825.7488	2947.1289
1826.2811	2966.9009
1826.8135	2961.0859
1827.3457	2950.7283
1827.8781	2913.9019
1828.4103	2969.7075
1828.9426	3021.9429
1829.475	3013.988
1830.0072	3030.4509
1830.5396	3021.5896
1831.0718	3027.6333
1831.6041	3131.6243
1832.1364	3054.4631
1832.6687	3014.6812
1833.201	3013.5698
1833.7333	3142.3062
1834.2656	3082.3638
1834.7979	3134.3933
1835.3302	3087.2598
1835.8625	3147.4019
1836.3948	3207.7668
1836.9271	3222.6619
1837.4594	3233.052
1837.9917	3198.3127
1838.524	3265.8333
1839.0563	3253.0425
1839.5886	3299.3159
1840.1208	3340.6338
1840.6532	3300.2292
1841.1855	3297.9028
1841.7178	3349.1621
1842.2501	3325.9854
1842.7823	3302.1746
1843.3147	3357.4939
1843.847	3345.1606
1844.3793	3414.2034
1844.9116	3432.1304
1845.4438	3460.8032
1845.9762	3504.3374
1846.5084	3465.3638
1847.0408	3474.8875
1847.5731	3503.9585
1848.1053	3586.0024
1848.6377	3500.6077
1849.1699	3428.9043
1849.7023	3533.2664
1850.2346	3538.437
1850.7668	3749.1343
1851.2992	3683.7632
1851.8314	3725.0845
1852.3638	3707.4565
1852.8961	3716.5127
1853.4283	3690.6594
1853.9607	3756.8625
1854.4929	3824.2161
1855.0253	3837.4207
1855.5576	3873.5837
1856.0898	3854.6726
1856.6222	3925.5339
1857.1544	3913.3953
1857.6868	3879.0957
1858.219	3977.9316
1858.7513	4029.521
1859.2837	4100.3511
1859.8159	4131.0439
1860.3483	4048.9993
1860.8805	4082.6697
1861.4128	4158.4243
1861.9452	4217.541
1862.4774	4249.541
1863.0098	4290.0181
1863.542	4202.2749
1864.0743	4302.5337
1864.6067	4311.3838
1865.1389	4428.0142
1865.6713	4390.2588
1866.2035	4406.7124
1866.7358	4548.6138
1867.2682	4516.4917
1867.8004	4562.4326
1868.3328	4683.4658
1868.865	4656.2939
1869.3973	4749.4507
1869.9297	4797.4736
1870.4619	4793.7231
1870.9943	4820.4194
1871.5265	4894.9468
1872.0588	5005.4233
1872.5911	5002.4756
1873.1234	5066.9937
1873.6558	5089.832
1874.188	5145.2319
1874.7203	5224.0449
1875.2526	5272.2451
1875.7849	5291.981
1876.3173	5332.418
1876.8495	5406.4873
1877.3818	5473.2461
1877.9141	5631.1387
1878.4464	5712.8979
1878.9788	5761.0044
1879.511	5795.813
1880.0433	5918.728
1880.5756	6028.7988
1881.1079	6081.5493
1881.6403	6142.6997
1882.1725	6262.1738
1882.7048	6370.623
1883.2371	6453.3018
1883.7694	6572.4771
1884.3016	6733.0527
1884.834	6737.9268
1885.3663	6785.3892
1885.8986	7027.6777
1886.4309	7147.7148
1886.9631	7206.8564
1887.4955	7326.5786
1888.0278	7471.2412
1888.5601	7680.5669
1889.0924	7869.2744
1889.6246	8069.9438
1890.157	8219.8359
1890.6893	8392.8496
1891.2216	8528.5146
1891.7539	8725.2959
1892.2861	8935.8838
1892.8185	9132.8389
1893.3508	9438.3359
1893.8831	9564.8408
1894.4154	9744.2139
1894.9476	10005.25
1895.48	10489.426
1896.0123	10525.836
1896.5446	11075.528
1897.0769	11081.693
1897.6091	11493.683
1898.1415	11887.204
1898.6737	12334.596
1899.2061	12686.079
1899.7384	12976.978
1900.2706	13303.336
1900.803	13788.347
1901.3352	14180.195
1901.8676	14604.36
1902.3999	15208.722
1902.9321	15736.658
1903.4645	16049.51
1903.9967	16463.904
1904.5291	16893.705
1905.0614	17457.037
1905.5936	18079.01
1906.126	18449.145
1906.6582	19102.182
1907.1906	19923.336
1907.7229	20294.832
1908.2551	20893.014
1908.7875	21386.537
1909.3197	22182.604
1909.8521	22457.816
1910.3843	23412.801
1910.9166	24112.195
1911.449	24373.016
1911.9812	25087.332
1912.5135	25540.672
1913.0458	26249.836
1913.5781	26887.41
1914.1105	27373.049
1914.6427	27779.32
1915.175	28471.127
1915.7073	28870.467
1916.2396	29223.84
1916.772	29864.779
1917.3042	30345.221
1917.8365	30703.715
1918.3688	31209.498
1918.9011	31645.73
1919.4335	32056.369
1919.9657	32483.242
1920.498	32680.027
1921.0303	33146.219
1921.5626	33466.121
1922.095	33816.563
1922.6272	34198.656
1923.1595	34246.965
1923.6918	34379.094
1924.2241	34741.879
1924.7563	34919.52
1925.2887	35287.793
1925.821	35631.172
1926.3533	35899.422
1926.8856	36090.969
1927.4178	36024.984
1927.9502	36265.242
1928.4825	36459.605
1929.0148	36389.773
1929.5471	36440.676
1930.0793	36528.637
1930.6117	36731.254
1931.144	36965.504
1931.6763	37029.445
1932.2086	36993.25
1932.7408	37204.48
1933.2732	37203.172
1933.8055	36922.555
1934.3378	36953.879
1934.8701	37142.398
1935.4023	37226.008
1935.9347	37226.004
1936.4669	36911.27
1936.9993	37050.191
1937.5316	37044.691
1938.0638	37083.543
1938.5962	36949.855
1939.1284	36729.609
1939.6608	36417.441
1940.1931	36377.832
1940.7253	36229.828
1941.2577	36120.543
1941.7899	36010.762
1942.3223	35605.672
1942.8546	35149.848
1943.3868	34911.059
1943.9192	34452.488
1944.4514	34442.469
1944.9838	34045.223
1945.5161	33664.949
1946.0483	33608.137
1946.5807	33414.313
1947.1129	32996.285
1947.6453	32385.65
1948.1776	32467.113
1948.7098	32405.738
1949.2422	31882.943
1949.7744	31737.953
1950.3068	31398.732
1950.839	31152.715
1951.3713	30956.727
1951.9037	30921.287
1952.4359	30862.061
1952.9683	30808.758
1953.5005	30730.43
1954.0328	30641.635
1954.5652	30600.676
1955.0974	30597.299
1955.6298	30394.371
1956.162	30634.998
1956.6943	30626.738
1957.2267	30787.346
1957.7589	30543.1
1958.2913	30664.754
1958.8235	30936.846
1959.3558	30783.131
1959.8882	30923.564
1960.4204	30933.6
1960.9528	31187.52
1961.485	30997.584
1962.0173	30917.354
1962.5496	31135.322
1963.0819	31201.648
1963.6143	31244.959
1964.1465	31074.762
1964.6788	30945.166
1965.2111	30998.688
1965.7434	30923.723
1966.2758	31019.908
1966.808	31161.182
1967.3403	30923.92
1967.8726	30829.846
1968.4049	30796.971
1968.9373	31005.201
1969.4695	30716.418
1970.0018	30608.275
1970.5341	30756.014
1971.0664	30710.654
1971.5988	30525.646
1972.131	30943.186
1972.6633	30788.982
1973.1956	30858.713
1973.7279	30986.666
1974.2603	31065.098
1974.7925	31052.273
1975.3248	31180.486
1975.8571	31393.213
1976.3894	31531.941
1976.9216	31662.309
1977.454	31839.074
1977.9863	31942.67
1978.5186	32084.756
1979.0509	32693.145
1979.5831	32569.406
1980.1155	32458.756
1980.6478	33040.199
1981.1801	33146.125
1981.7124	33318.691
1982.2446	33617.559
1982.777	33854.699
1983.3093	34051.871
1983.8416	34249.465
1984.3739	34439.063
1984.9061	34461.719
1985.4385	34836.066
1985.9708	34903.844
1986.5031	35024.332
1987.0354	35027.391
1987.5676	35244.68
1988.1	35821.105
1988.6322	35486.348
1989.1646	35537.051
1989.6969	35794.609
1990.2291	36010.414
1990.7615	35565.207
1991.2937	35574.457
1991.826	35276.539
1992.3584	35378.527
1992.8906	35269.574
1993.423	35201.77
1993.9552	35363.285
1994.4875	35161.285
1995.0199	34651.602
1995.5521	34237.613
1996.0845	33800.594
1996.6167	33579.035
1997.149	33362.363
1997.6814	32686.346
1998.2136	32218.439
1998.746	32073.154
1999.2782	31800.568
1999.8105	31211.752
2000.3429	30363.451
2000.8751	29881.021
2001.4075	29432.855
2001.9397	28789.668
2002.472	28204.053
2003.0043	27736.932
2003.5366	27268.49
2004.069	26660.838
2004.6012	26144.832
2005.1335	25618.531
2005.6658	25275.57
2006.1981	24815.543
2006.7305	24373.113
2007.2627	23966.682
2007.795	23789.598
2008.3273	23400.725
2008.8596	23181.273
2009.392	22754.889
2009.9242	22681.316
2010.4565	22678.24
2010.9888	22431.232
2011.5211	22232.715
2012.0535	22216.535
2012.5857	22252.941
2013.118	22266.426
2013.6503	22422.58
2014.1826	22417.268
2014.7148	22540.219
2015.2472	22677.537
2015.7795	22907.025
2016.3118	23026.939
2016.8441	23548.063
2017.3763	23522.375
2017.9087	23824.771
2018.441	23768.17
2018.9733	24131.555
2019.5056	24364.131
2020.0378	25002.367
2020.5702	25204.262
2021.1025	25283.412
2021.6348	25767.469
2022.1671	26048.764
2022.6993	26300.504
2023.2317	26455.902
2023.764	26726.961
2024.2963	27152.813
2024.8286	27471.969
2025.3608	27372.791
2025.8932	27824.76
2026.4255	28271.063
2026.9578	28269.57
2027.4901	28313.83
2028.0223	28433.342
2028.5547	28797.461
2029.0869	28753.707
2029.6193	28669.967
2030.1516	28840.768
2030.6838	28684.438
2031.2162	28802.555
2031.7484	28788.789
2032.2808	28643.77
2032.8131	28658.508
2033.3453	28738.23
2033.8777	28601.234
2034.4099	28271.479
2034.9423	28206.543
2035.4746	28031.75
2036.0068	27450.348
2036.5392	27515.131
2037.0714	27348.791
2037.6038	26953.805
2038.1361	26693.883
2038.6683	26339.592
2039.2007	25989.916
2039.7329	25960.9
2040.2653	25647.926
2040.7975	25471.762
2041.3298	24994.105
2041.8622	24703.621
2042.3944	24498.672
2042.9268	24275.182
2043.459	23891.617
2043.9913	23476.033
2044.5237	23286.73
2045.0559	23307.408
2045.5883	22713.117
2046.1205	22701.438
2046.6528	22213.082
2047.1852	22252.666
2047.7174	21845.373
2048.2498	21495.643
2048.782	21487.047
2049.3142	21144.93
2049.8467	20727.441
2050.3789	20637.861
2050.9111	20343.072
2051.4436	20038.631
2051.9758	19803.035
2052.5081	19704.656
2053.0405	19331.135
2053.5728	19287.352
2054.105	18876.879
2054.6372	18555.268
2055.1697	18543.502
2055.7019	18309.4
2056.2341	18108.043
2056.7666	18113.871
2057.2988	17634.086
2057.8311	17531.447
2058.3635	17432.082
2058.8958	17245.191
2059.428	17081.002
2059.9602	16922.246
2060.4927	16843.998
2061.0249	16875.873
2061.5571	16716.463
2062.0896	16655.713
2062.6218	16344.985
2063.1541	16271.837
2063.6863	16360.556
2064.2188	15994.458
2064.751	16023.7
2065.2832	16025.21
2065.8157	15924.456
2066.3479	15855.604
2066.8801	15791.322
2067.4126	15794.322
2067.9448	15723.609
2068.4771	15700.898
2069.0093	15691.589
2069.5417	15569.443
2070.074	15387.398
2070.6062	15510.015
2071.1387	15408.674
2071.6709	15326.113
2072.2031	15278.661
2072.7356	15130.073
2073.2678	14994.948
2073.8	15164.947
2074.3323	15044.433
2074.8647	15092.249
2075.397	14991.277
2075.9292	14894.301
2076.4617	14799.659
2076.9939	14847.961
2077.5261	14683.751
2078.0583	14660.424
2078.5908	14590.286
2079.123	14519.724
2079.6553	14225.096
2080.1877	14471.423
2080.72	14340.589
2081.2522	14330.898
2081.7847	14230.106
2082.3169	14187.056
2082.8491	14198.441
2083.3813	14153.818
2083.9138	14037.279
2084.446	14113.857
2084.9783	14046.198
2085.5107	14234.277
2086.043	14088.555
2086.5752	14203.212
2087.1074	14131.4
2087.6399	14147.426
2088.1721	13887.87
2088.7043	13984.48
2089.2368	14115.161
2089.769	14082.966
2090.3013	14153.767
2090.8337	14217.786
2091.366	14189.581
2091.8982	14202.917
2092.4304	14286.996
2092.9629	14360.351
2093.4951	14388.92
2094.0273	14556.109
2094.5598	14758.218
2095.092	14364.66
2095.6243	14552.963
2096.1567	14762.725
2096.689	14646.041
2097.2212	14673.96
2097.7534	14874.366
2098.2859	14784.988
2098.8181	14738.71
2099.3503	14899.598
2099.8828	15168.748
2100.415	15147.773
2100.9473	15170.4
2101.4795	15097.466
2102.012	15192.96
2102.5442	15143.394
2103.0764	15326.244
2103.6089	15252.672
2104.1411	15296.49
2104.6733	15322.82
2105.2058	15274.241
2105.738	15478.405
2106.2703	15631.007
2106.8025	15654.359
2107.335	15353.279
2107.8672	15516.322
2108.3994	15578.296
2108.9319	15513.958
2109.4641	15741.14
2109.9963	15934.725
2110.5288	15782.366
2111.061	15887.661
2111.5933	16001.153
2112.1255	15955.537
2112.658	15971.571
2113.1902	16061.615
2113.7224	16266.846
2114.2549	16120.469
2114.7871	16205.354
2115.3193	16374.277
2115.8516	16663.018
2116.384	16698.824
2116.9163	16982.031
2117.4485	17035.555
2117.981	16870.068
2118.5132	17333.248
2119.0454	17307.934
2119.5779	17643.119
2120.1101	17701.264
2120.6423	17854.744
2121.1746	18280.457
2121.707	18411.842
2122.2393	18476.41
2122.7715	18707.449
2123.304	19139.979
2123.8362	19093.707
2124.3684	19263.953
2124.9009	19301.871
2125.4331	19784.119
2125.9653	19911.178
2126.4976	20004.156
2127.03	20181.629
2127.5623	20494.289
2128.0945	20775.072
2128.627	20847.971
2129.1592	20953.313
2129.6914	21257.064
2130.2236	21277.791
2130.7561	21384.734
2131.2883	21345.742
2131.8206	21711.26
2132.353	21851.576
2132.8853	21824.211
2133.4175	22014.955
2133.95	21983.494
2134.4822	21983.502
2135.0144	22025.115
2135.5466	22226.123
2136.0791	22183.123
2136.6113	22281.414
2137.1436	22384
2137.676	22175.156
2138.2083	22421.877
2138.7405	22556.006
2139.2727	22411.449
2139.8052	22073.35
2140.3374	22030.916
2140.8696	22201.375
2141.4021	22165.039
2141.9343	21953.01
2142.4666	21839.166
2142.999	21953.059
2143.5313	22197.545
2144.0635	21867.818
2144.5957	21793.551
2145.1282	21605.203
2145.6604	21577.359
2146.1926	21647.689
2146.7251	21399.492
2147.2573	21373.645
2147.7896	21251.5
2148.322	21232.781
2148.8542	21197.85
2149.3865	20967.27
2149.9187	20857.67
2150.4512	20725.92
2150.9834	20604.961
2151.5156	20616.73
2152.0481	20395.424
2152.5803	20281.184
2153.1125	20016.859
2153.6448	20105.627
2154.1772	19972.527
2154.7095	19922.588
2155.2417	19810.51
2155.7742	19643.748
2156.3064	19715.693
2156.8386	19696.893
2157.3711	19508.076
2157.9033	19389.645
2158.4355	19575.102
2158.9678	19585.096
2159.5002	19461.365
2160.0325	19478.908
2160.5647	19289.605
2161.0972	19242.936
2161.6294	19501.258
2162.1616	19335.52
2162.6941	19322.008
2163.2263	19355.613
2163.7585	19292.551
2164.2908	19286.988
2164.8232	19167.998
2165.3555	19240.268
2165.8877	19205.139
2166.4202	19171.631
2166.9524	19263.707
2167.4846	19154.699
2168.0168	18903.461
2168.5493	18974.225
2169.0815	18959.982
2169.6138	18790.447
2170.1462	18769.742
2170.6785	18617.996
2171.2107	18707.111
2171.7432	18414.703
2172.2754	18287.549
2172.8076	18101.533
2173.3398	17998.463
2173.8723	17912.373
2174.4045	17741.861
2174.9368	17746.877
2175.4692	17690.307
2176.0015	17247.561
2176.5337	17294.43
2177.0662	17163.566
2177.5984	16879.213
2178.1306	16837.313
2178.6628	16477.668
2179.1953	16458.828
2179.7275	16405.127
2180.2598	16183.279
2180.7922	16075.494
2181.3245	16104.947
2181.8567	16065.768
2182.3889	15785.55
2182.9214	15589.128
2183.4536	15673.827
2183.9858	15589.505
2184.5183	15324.416
2185.0505	15177.135
2185.5828	15164.282
2186.1152	14937.28
2186.6475	14864.213
2187.1797	14896.162
2187.7119	14890.114
2188.2444	14711.771
2188.7766	14637.584
2189.3088	14546.714
2189.8413	14602.306
2190.3735	14523.902
2190.9058	14336.872
2191.438	14458.179
2191.9705	14484.747
2192.5027	14333.503
2193.0349	14517.207
2193.5674	14370.771
2194.0996	14219.578
2194.6318	14114.674
2195.1643	14146.964
2195.6965	14124.82
2196.2288	14237.855
2196.761	14222.431
2197.2935	14175.313
2197.8257	14112.279
2198.3579	14225.32
2198.8904	14179.84
2199.4226	14229.451
2199.9548	14055.447
2200.4873	14017.262
2201.0195	13877.905
2201.5518	13833.747
2202.084	13905.821
2202.6165	13801.329
2203.1487	13889.642
2203.6809	13959.681
2204.2134	13888.404
2204.7456	13865.336
2205.2778	13978.55
2205.8101	14055.937
2206.3425	14025.294
2206.8748	13798.778
2207.407	13932.497
2207.9395	13981.646
2208.4717	13841.104
2209.0039	13873.27
2209.5364	13846.73
2210.0686	13944.981
2210.6008	13885.373
2211.1331	13935.786
2211.6655	14054.031
2212.1978	13879.203
2212.73	13860.579
2213.2625	13971.221
2213.7947	14245.819
2214.3269	14041.763
2214.8594	13927.652
2215.3916	13920.725
2215.9238	14031.655
2216.4561	14097.656
2216.9885	13901.751
2217.5208	13965.977
2218.053	13968.031
2218.5854	14063.746
2219.1177	14006.203
2219.6499	14201.224
2220.1821	14110.754
2220.7146	14074.475
2221.2468	14110.672
2221.7791	14131.557
2222.3115	14175.31
2222.8438	14118.08
2223.376	13971.801
2223.9084	13871.341
2224.4407	13994.492
2224.9729	14182.063
2225.5051	14077.373
2226.0376	14237.759
2226.5698	14258.555
2227.1021	14258.423
2227.6345	14315.572
2228.1667	14212.867
2228.699	14228.936
2229.2314	14246.948
2229.7637	14358.349
2230.2959	14241.737
2230.8281	14450.078
2231.3606	14521.363
2231.8928	14425.269
2232.425	14353.353
2232.9575	14436.35
2233.4897	14313.875
2234.022	14376.285
2234.5542	14346.135
2235.0867	14498.309
2235.6189	14577.249
2236.1511	14658.647
2236.6836	14584.415
2237.2158	14720.185
2237.748	14847.932
2238.2805	14716.481
2238.8127	14715.141
2239.345	14783.303
2239.8772	14771.582
2240.4097	14761.607
2240.9419	14828.997
2241.4741	14927.271
2242.0066	14933.748
2242.5388	14993.636
2243.071	15002.817
2243.6033	15080.479
2244.1357	15234.41
2244.668	15159.381
2245.2002	15199.574
2245.7327	15345.761
2246.2649	15307.553
2246.7971	15379.947
2247.3296	15379.822
2247.8618	15501.62
2248.394	15627.407
2248.9263	15691.344
2249.4587	15640.127
2249.991	15650.864
2250.5232	15866.175
2251.0557	15824.985
2251.5879	15983.471
2252.1201	15864.432
2252.6526	16052.985
2253.1848	16159.328
2253.717	16168.895
2254.2493	16370.721
2254.7817	16424.789
2255.314	16338.611
2255.8462	16371.317
2256.3787	16661.957
2256.9109	16676.781
2257.4431	16847.826
2257.9753	16868.57
2258.5078	16839.451
2259.04	17065.703
2259.5723	17148.754
2260.1047	17028.711
2260.637	17084.311
2261.1692	17279.293
2261.7017	17401.584
2262.2339	17457.012
2262.7661	17819.818
2263.2983	17735.295
2263.8308	17667.818
2264.363	17606.307
2264.8953	17772.348
2265.4277	17907.547
2265.96	18002.109
2266.4922	18102.291
2267.0247	18121.076
2267.5569	18273.531
2268.0891	18415.783
2268.6213	18483.143
2269.1538	18517.412
2269.686	18658.852
2270.2183	18650.742
2270.7507	18759.369
2271.283	18934.508
2271.8152	18989.135
2272.3474	18882.49
2272.8799	19067.973
2273.4121	19166.535
2273.9443	19307.113
2274.4768	19372.965
2275.009	19495.854
2275.5413	19679.867
2276.0737	19686.424
2276.606	19759.342
2277.1382	19842.135
2277.6704	20079.377
2278.2029	20027.557
2278.7351	20085.881
2279.2673	20210.807
2279.7998	20419.99
2280.332	20497.939
2280.8643	20680.322
2281.3967	20531.098
2281.929	20576.828
2282.4612	20662.07
2282.9934	20796.305
2283.5259	20794.139
2284.0581	21040.182
2284.5903	20904.783
2285.1228	20799.906
2285.655	21068.619
2286.1873	20900.197
2286.7195	20919.064
2287.252	21354.832
2287.7842	21279.381
2288.3164	21391.533
2288.8489	21439.896
2289.3811	21361.654
2289.9133	21479.305
2290.4458	21519.955
2290.978	21353.607
2291.5103	21363.604
2292.0425	21546.193
2292.575	21531.834
2293.1072	21334.936
2293.6394	21518.047
2294.1719	21317.168
2294.7041	21447.611
2295.2363	21414.23
2295.7686	21515.186
2296.301	21551.385
2296.8333	21332.324
2297.3655	21400.225
2297.8979	21342.98
2298.4302	21288.342
2298.9624	21232.871
2299.4949	21232.201
2300.0271	21140.172
2300.5593	21184.867
2301.0916	20824.016
2301.624	20837.105
2302.1563	20748.811
2302.6885	20667.734
2303.2209	20551.766
2303.7532	20538.74
2304.2854	20585.742
2304.8179	20435.811
2305.3501	20266.539
2305.8823	20142.746
2306.4146	20246.832
2306.947	20031.885
2307.4792	19924.828
2308.0115	19741.568
2308.5439	19502.963
2309.0762	19503.43
2309.6084	19472.662
2310.1406	19439.475
2310.6731	19298.107
2311.2053	19053.352
2311.7375	18927.59
2312.27	18844.654
2312.8022	18807.293
2313.3345	18693.039
2313.8669	18558.393
2314.3992	18414.168
2314.9314	18213.848
2315.4636	18178.547
2315.9961	18159.443
2316.5283	17908.881
2317.0605	17970.457
2317.593	17697.223
2318.1252	17739.479
2318.6575	17587.961
2319.1899	17338.752
2319.7222	17319.809
2320.2544	17251.908
2320.7866	16978.719
2321.3191	16971.123
2321.8513	16925.828
2322.3835	16812.227
2322.916	16798.766
2323.4482	16772.969
2323.9805	16784.129
2324.5127	16531.34
2325.0452	16393.26
2325.5774	16388.209
2326.1096	16268.4
2326.6421	16128.397
2327.1743	16182.633
2327.7065	16065.081
2328.239	16053.768
2328.7712	15960.598
2329.3035	15953.89
2329.8357	15855.646
2330.3682	15680.955
2330.9004	15594.878
2331.4326	15552.839
2331.9651	15497.885
2332.4973	15588.464
2333.0295	15160.838
2333.562	15246.962
2334.0942	15078.375
2334.6265	15137.79
2335.1587	14935.799
2335.6912	14762.744
2336.2234	14671.287
2336.7556	14631.442
2337.2881	14522.266
2337.8203	14376.279
2338.3525	14439.646
2338.8848	14363.596
2339.4172	14190.548
2339.9495	14037.567
2340.4817	14036.927
2341.0142	13982.854
2341.5464	13965.017
2342.0786	13848.82
2342.6111	13761.277
2343.1433	13464.103
2343.6755	13513.83
2344.2078	13479.966
2344.7402	13422.045
2345.2725	13231.067
2345.8047	13314.807
2346.3372	13305.281
2346.8694	13184.302
2347.4016	13046.987
2347.9338	12990.715
2348.4663	13022.171
2348.9985	12935.877
2349.5308	12817.688
2350.0632	12843.255
2350.5955	12769.487
2351.1277	12611.346
2351.6602	12477.921
2352.1924	12386.323
2352.7246	12481.166
2353.2568	12514.394
2353.7893	12259.079
2354.3215	12097.441
2354.8538	12120.41
2355.3862	12093.632
2355.9185	12172.729
2356.4507	12030.718
2356.9832	11905.072
2357.5154	11945.066
2358.0476	11832.652
2358.5798	11829.152
2359.1123	11691.807
2359.6445	11678.872
2360.1768	11575.063
2360.7092	11662.45
2361.2415	11440.69
2361.7737	11391.166
2362.3059	11280.141
2362.8384	11352.033
2363.3706	11496.261
2363.9028	11277.82
2364.4353	11252.527
2364.9675	11224.115
2365.4998	11223.466
2366.0322	11098.846
2366.5645	10984.137
2367.0967	10967.867
2367.6289	10994.928
2368.1614	10931.859
2368.6936	10835.14
2369.2258	10905.864
2369.7583	10903.375
2370.2905	10750.262
2370.8228	10638.423
2371.3552	10552.009
2371.8875	10611.42
2372.4197	10569.128
2372.9519	10506.174
2373.4844	10591.847
2374.0166	10522.196
2374.5488	10570.33
2375.0813	10251.861
2375.6135	10090.51
2376.1458	10259.637
2376.678	10272.342
2377.2104	10149.113
2377.7427	10044.609
2378.2749	10058.655
2378.8074	9960.0957
2379.3396	9944.3467
2379.8718	9968.2646
2380.4043	9867.4961
2380.9365	9971.0156
2381.4688	9868.9111
2382.001	9809.5146
2382.5334	9924.582
2383.0657	9853.9941
2383.5979	9775.3105
2384.1304	9925.8643
2384.6626	9696.791
2385.1948	9816.9346
2385.7273	9801.9014
2386.2595	9748.3271
2386.7917	9751.5928
2387.324	9678.2656
2387.8564	9553.7822
2388.3887	9707.8643
2388.9209	9741.5664
2389.4534	9471.916
2389.9856	9501.0869
2390.5178	9522.0352
2391.05	9449.3027
2391.5825	9467.0459
2392.1147	9391.3154
2392.647	9339.166
2393.1794	9371.5557
2393.7117	9319.7012
2394.2439	9260.1768
2394.7764	9144.9854
2395.3086	9040.1074
2395.8408	9117.9668
2396.373	9022.9697
2396.9055	9096.0967
2397.4377	9048.5684
2397.97	8985.917
2398.5024	8873.876
2399.0347	8939.8516
2399.5669	8899.749
2400.0991	8829.1943
2400.6316	8692.1406
2401.1638	8782.5
2401.696	8787.5879
2402.2285	8700.4541
2402.7607	8645.3926
2403.293	8623.5156
2403.8254	8622.2881
2404.3577	8589.5859
2404.8899	8558.5947
2405.4221	8557.5566
2405.9546	8416.5596
2406.4868	8458.5703
2407.019	8469.8486
2407.5515	8360.6729
2408.0837	8309.1143
2408.616	8259.8125
2409.1484	8447.4082
2409.6807	8199.7734
2410.2129	8346.2354
2410.7451	8205.4873
2411.2776	8149.8188
2411.8098	8133.6587
2412.342	8105.9878
2412.8745	8193.7529
2413.4067	8060.5005
2413.939	8131.8984
2414.4712	8168.8032
2415.0037	8192.6924
2415.5359	8035.9893
2416.0681	8030.7065
2416.6006	8033.9531
2417.1328	7895.7427
2417.665	8013.6846
2418.1975	7864.2437
2418.7297	7978.1221
2419.262	7982.1992
2419.7942	7927.1782
2420.3267	7786.4917
2420.8589	7803.8252
2421.3911	7873.0615
2421.9236	7790.9785
2422.4558	7804.2183
2422.988	7752.4663
2423.5205	7761.4805
2424.0527	7684.9292
2424.585	7638.2554
2425.1172	7660.4351
2425.6497	7634.9956
2426.1819	7612.9595
2426.7141	7610.0791
2427.2466	7533.3613
2427.7788	7426.501
2428.311	7532.1343
2428.8433	7572.562
2429.3757	7520.4434
2429.908	7501.4438
2430.4402	7469.1377
2430.9727	7358.3467
2431.5049	7322.5972
2432.0371	7308.2612
2432.5696	7326.6563
2433.1018	7300.5562
2433.634	7207.041
2434.1663	7193.5366
2434.6987	7150.5039
2435.231	7161.0537
2435.7632	7167.3926
2436.2957	7088.2559
2436.8279	7140.1167
2437.3601	7138.6455
2437.8926	7139.1167
2438.4248	7107.8794
2438.957	7059.2222
2439.4893	7037.2822
2440.0217	7031.1001
2440.554	7028.7915
2441.0862	7139.436
2441.6187	7036.0938
2442.1509	7061.4258
2442.6831	7059.27
2443.2153	6981.4453
2443.7478	7079.917
2444.28	7119.957
2444.8123	7167.4316
2445.3447	7186.9224
2445.877	7150.1812
2446.4092	7379.8477
2446.9417	7255.6802
2447.4739	7324.873
2448.0061	7290.5659
2448.5383	7339.7207
2449.0708	7428.8076
2449.603	7395.1382
2450.1353	7495.7666
2450.6677	7531.1182
2451.2	7475.7495
2451.7322	7430.5288
2452.2644	7447.5303
2452.7969	7484.5088
2453.3291	7423.7759
2453.8613	7448.3848
2454.3938	7447.0742
2454.926	7356.7578
2455.4583	7395.6318
2455.9907	7361.1953
2456.5229	7354.2334
2457.0552	7312.1338
2457.5874	7263.2178
2458.1199	7252.5981
2458.6521	7152.8555
2459.1843	7137.5371
2459.7168	7000.1836
2460.249	7030.2114
2460.7813	6859.2617
2461.3137	6895.3896
2461.8459	6871.9741
2462.3782	6766.7256
2462.9104	6747.2124
2463.4429	6479.7393
2463.9751	6607.1348
2464.5073	6569.5537
2465.0398	6537.0518
2465.572	6377.8213
2466.1042	6310.3813
2466.6365	6437.0132
2467.1689	6328.772
2467.7012	6362.1123
2468.2334	6394.6558
2468.7659	6432.2744
2469.2981	6373.4839
2469.8303	6246.3887
2470.3628	6249.9399
2470.895	6327.2661
2471.4272	6351.5894
2471.9595	6276.1519
2472.4919	6326.624
2473.0242	6229.8013
2473.5564	6284.8765
2474.0889	6401.9067
2474.6211	6465.2544
2475.1533	6426.4619
2475.6858	6453.9482
2476.218	6451.4131
2476.7502	6464.8867
2477.2825	6613.3999
2477.8149	6508.4297
2478.3472	6556.1045
2478.8794	6614.6919
2479.4119	6584.0498
2479.9441	6598.8169
2480.4763	6768.0518
2481.0085	6769.7656
2481.541	6869.7334
2482.0732	6880.2886
2482.6055	6905.6455
2483.1379	6936.918
2483.6702	6896.6299
2484.2024	6963.7397
2484.7349	7065.4453
2485.2671	7046.4297
2485.7993	6911.5288
2486.3315	7086.9331
2486.864	7206.6172
2487.3962	7226.6348
2487.9285	7269.3604
2488.4609	7239.1992
2488.9932	7232.8955
2489.5254	7322.5259
2490.0579	7302.498
2490.5901	7509.312
2491.1223	7441.2979
2491.6545	7468.8008
2492.187	7568.5771
2492.7192	7528.1802
2493.2515	7588.5913
2493.7839	7535.5898
2494.3162	7618.0659
2494.8484	7703.1479
2495.3806	7675.7339
2495.9131	7634.3911
2496.4453	7674.0635
2496.9775	7775.4771
2497.51	7748.9844
2498.0422	7689.1797
2498.5745	7795.8296
2499.1069	7789.9971
2499.6392	7818.894
2500.1714	7774.1489
2500.7036	7703.1592
2501.2361	7711.8672
2501.7683	7822.5049
2502.3005	7620.3545
2502.833	7648.5127
2503.3652	7659.1904
2503.8975	7552.6167
2504.4297	7550.2373
2504.9622	7589.3379
2505.4944	7637.0781
2506.0266	7577.0547
2506.5591	7635.585
2507.0913	7487.665
2507.6235	7475.6426
2508.156	7553.2817
2508.6882	7622.2002
2509.2205	7476.6782
2509.7527	7402.2251
2510.2852	7168.1821
2510.8174	7249.7646
2511.3496	7305.8984
2511.8821	7263.5151
2512.4143	7202.502
2512.9465	7244.8325
2513.479	7238.0273
2514.0112	7224.7935
2514.5435	7077.8896
2515.0757	7123.7583
2515.6082	7101.999
2516.1404	7047.7227
2516.6726	6951.7925
2517.2051	6856.9058
2517.7373	6823.1636
2518.2695	6788.2192
2518.8018	6742.6909
2519.3342	6643.0483
2519.8665	6582.856
2520.3987	6458.3809
2520.9312	6443.5146
2521.4634	6302.3857
2521.9956	6289.4204
2522.5281	6264.5205
2523.0603	6088.0684
2523.5925	5956.1133
2524.1248	5880.5171
2524.6572	5763.9946
2525.1895	5732.999
2525.7217	5583.1558
2526.2542	5534.6963
2526.7864	5533.4912
2527.3186	5515.4629
2527.8511	5457.6724
2528.3833	5305.7612
2528.9155	5277.1943
2529.4478	5198.4438
2529.9802	5134.2563
2530.5125	5214.4419
2531.0447	5080.063
2531.5771	5027.3477
2532.1094	5019.8818
2532.6416	5009.4971
2533.1738	4953.9795
2533.7063	4945.5527
2534.2385	4883.6216
2534.7708	4874.6743
2535.3032	4803.394
2535.8354	4886.1553
2536.3677	4865.7388
2536.9001	4857.0225
2537.4324	4755.9453
2537.9646	4734.2939
2538.4968	4772.3501
2539.0293	4652.3979
2539.5615	4724.9009
2540.0938	4790.1816
2540.6262	4695.8945
2541.1584	4599.8569
2541.6907	4607.4404
2542.2231	4653.4775
2542.7554	4483.3477
2543.2876	4543.8037
2543.8198	4488.186
2544.3523	4504.4141
2544.8845	4411.4111
2545.4167	4396.9658
2545.9492	4356.0986
2546.4814	4349.0547
2547.0137	4363.8711
2547.5459	4386.8931
2548.0784	4299.4995
2548.6106	4207.0747
2549.1428	4216.627
2549.6753	4128.897
2550.2075	4285.022
2550.7397	4189.0957
2551.2722	4036.8936
2551.8044	4082.4312
2552.3367	4110.9951
2552.8689	4109.0405
2553.4014	4116.0308
2553.9336	4137.8887
2554.4658	4065.2407
2554.9983	4019.509
2555.5305	4005.3726
2556.0627	3968.9065
2556.595	4040.532
2557.1274	4029.1182
2557.6597	3914.3584
2558.1919	3937.043
2558.7244	3918.179
2559.2566	3925.2104
2559.7888	3853.252
2560.3213	3839.3757
2560.8535	3839.6082
2561.3857	3808.5024
2561.918	3857.4688
2562.4504	3865.2092
2562.9827	3802.0381
2563.5149	3760.7839
2564.0474	3783.0806
2564.5796	3733.7324
2565.1118	3722.5305
2565.6443	3713.6785
2566.1765	3717.2051
2566.7087	3658.7458
2567.241	3647.8787
2567.7734	3631.2034
2568.3057	3610.6106
2568.8379	3579.7336
2569.3704	3475.512
2569.9026	3555.2061
2570.4348	3452.1311
2570.967	3442.3799
2571.4995	3422.6646
2572.0317	3403.2871
2572.564	3364.949
2573.0964	3305.4797
2573.6287	3382.9199
2574.1609	3266.7368
2574.6934	3249.4624
2575.2256	3205.958
2575.7578	3222.5281
2576.29	3270.095
2576.8225	3229.9583
2577.3547	3228.4646
2577.887	3121.9939
2578.4194	3193.9656
2578.9517	3134.3081
2579.4839	3131.3296
2580.0164	3105.2266
2580.5486	3066.9983
2581.0808	3108.1438
2581.613	3093.2627
2582.1455	3055.084
2582.6777	3099.3955
2583.21	3107.1628
2583.7424	3094.8069
2584.2747	3050.0483
2584.8069	3037.533
2585.3391	3001.3936
2585.8716	2982.0918
2586.4038	3000.9121
2586.936	2971.9861
2587.4685	2954.9775
2588.0007	2992.8293
2588.533	2997.2925
2589.0654	2964.791
2589.5977	2934.0657
2590.1299	2929.0833
2590.6621	2917.6589
2591.1946	2918.2485
2591.7268	2889.0786
2592.259	2900.6438
2592.7915	2856.9561
2593.3237	2852.825
2593.856	2874.0715
2594.3884	2815.5188
2594.9207	2860.2458
2595.4529	2814.7981
2595.9851	2819.7168
2596.5176	2795.1184
2597.0498	2755.3892
2597.582	2702.031
2598.1145	2707.3931
2598.6467	2691.679
2599.179	2752.2913
2599.7112	2733.4771
2600.2437	2711.1287
2600.7759	2669.8015
2601.3081	2638.4827
2601.8406	2615.916
2602.3728	2637.0918
2602.905	2577.1252
2603.4375	2569.9304
2603.9697	2546.1538
2604.502	2535.1069
2605.0342	2487.0688
2605.5667	2462.6345
2606.0989	2484.9436
2606.6311	2445.7153
2607.1636	2424.4868
2607.6958	2398.481
2608.228	2431.6299
2608.7603	2386.4597
2609.2927	2384.6411
2609.825	2378.6716
2610.3572	2338.7908
2610.8896	2310.8652
2611.4219	2318.614
2611.9541	2275.6484
2612.4866	2296.1069
2613.0188	2289.7485
2613.551	2288.1692
2614.0833	2202.2029
2614.6157	2263.5679
2615.1479	2267.3848
2615.6802	2228.0874
2616.2126	2207.4016
2616.7449	2200.0566
2617.2771	2195.321
2617.8096	2178.47
2618.3418	2155.4231
2618.874	2156.6492
2619.4063	2098.582
2619.9387	2103.6099
2620.4709	2102.9954
2621.0032	2083.6265
2621.5356	2112.4224
2622.0679	2083.4465
2622.6001	2099.3171
2623.1323	2101.1348
2623.6648	2108.8911
2624.197	2057.448
2624.7292	2047.5826
2625.2617	2033.6379
2625.7939	1999.0438
2626.3262	2015.5903
2626.8586	2043.1084
2627.3909	2048.3914
2627.9231	2010.4915
2628.4553	1994.8694
2628.9878	2009.5481
2629.52	1959.7084
2630.0522	1994.7573
2630.5847	2015.0345
2631.1169	2002.0449
2631.6492	1984.4393
2632.1816	1973.8533
2632.7139	1971.2417
2633.2461	1952.437
2633.7783	1966.9985
2634.3108	1929.0756
2634.843	1933.6592
2635.3752	1927.6316
2635.9077	1920.3909
2636.4399	1924.0299
2636.9722	1872.8567
2637.5044	1932.4888
2638.0369	1928.1552
2638.5691	1894.1746
2639.1013	1897.0997
2639.6338	1860.0475
2640.166	1914.1516
2640.6982	1955.4972
2641.2307	1887.8523
2641.7629	1907.7485
2642.2952	1900.2203
2642.8274	1892.4641
2643.3599	1870.2274
2643.8921	1868.3093
2644.4243	1857.4603
2644.9568	1867.3959
2645.489	1877.9551
2646.0212	1848.4811
2646.5537	1846.2952
2647.0859	1861.9552
2647.6182	1851.3962
2648.1504	1815.3225
2648.6829	1800.6292
2649.2151	1872.7028
2649.7473	1791.6167
2650.2798	1782.2777
2650.812	1794.1682
2651.3442	1814.7346
2651.8765	1833.958
2652.4089	1753.8649
2652.9412	1792.2144
2653.4734	1781.01
2654.0059	1753.0134
2654.5381	1768.5757
2655.0703	1761.0178
2655.6028	1719.6505
2656.135	1760.6484
2656.6672	1708.7616
2657.1995	1733.269
2657.7319	1702.5323
2658.2642	1736.8158
2658.7964	1782.8942
2659.3289	1730.8849
2659.8611	1684.1462
2660.3933	1723.543
2660.9255	1744.9026
2661.458	1708.8578
2661.9902	1678.0193
2662.5225	1675.1045
2663.0549	1682.1968
2663.5872	1679.5306
2664.1194	1675.9885
2664.6519	1715.3812
2665.1841	1683.8127
2665.7163	1692.342
2666.2485	1646.8859
2666.781	1644.2979
2667.3132	1639.431
2667.8455	1665.5491
2668.3779	1670.1208
2668.9102	1673.255
2669.4424	1653.0695
2669.9749	1626.4226
2670.5071	1648.0216
2671.0393	1619.7031
2671.5715	1617.0079
2672.104	1602.1909
2672.6362	1597.2589
2673.1685	1612.2483
2673.7009	1601.1744
2674.2332	1585.5494
2674.7654	1576.8351
2675.2976	1595.5474
2675.8301	1591.1718
2676.3623	1585.1395
2676.8945	1589.7872
2677.427	1585.6722
2677.9592	1581.1184
2678.4915	1568.8922
2679.0239	1560.4479
2679.5562	1567.8064
2680.0884	1559.9447
2680.6206	1544.769
2681.1531	1553.2369
2681.6853	1589.5802
2682.2175	1502.2126
2682.75	1547.3608
2683.2822	1515.7712
2683.8145	1505.0439
2684.3469	1536.0852
2684.8792	1555.79
2685.4114	1509.1451
2685.9436	1510.3682
2686.4761	1494.6689
2687.0083	1511.2791
2687.5405	1517.5457
2688.073	1509.7834
2688.6052	1506.0096
2689.1375	1502.8691
2689.6697	1494.7904
2690.2021	1519.9019
2690.7344	1500.6539
2691.2666	1485.0071
2691.7991	1521.1429
2692.3313	1443.9255
2692.8635	1472.1611
2693.396	1475.0553
2693.9282	1475.4675
2694.4604	1494.8303
2694.9927	1474.1046
2695.5251	1475.6433
2696.0574	1426.326
2696.5896	1454.7532
2697.1221	1446.9518
2697.6543	1446.2203
2698.1865	1449.52
2698.719	1434.7937
2699.2512	1444.1226
2699.7834	1452.9564
2700.3157	1447.2561
2700.8481	1457.1528
2701.3804	1462.8733
2701.9126	1431.5249
2702.4451	1400.3829
2702.9773	1454.0469
2703.5095	1439.373
2704.0417	1424.5909
2704.5742	1400.3536
2705.1064	1436.0068
2705.6387	1412.78
2706.1711	1400.8678
2706.7034	1433.0164
2707.2356	1401.2373
2707.7681	1412.2382
2708.3003	1435.6461
2708.8325	1414.7061
2709.3647	1388.087
2709.8972	1390.2804
2710.4294	1388.2238
2710.9617	1389.7969
2711.4941	1388.1654
2712.0264	1390.2111
2712.5586	1414.5853
2713.0908	1398.2983
2713.6233	1401.6532
2714.1555	1375.7992
2714.6877	1361.6976
2715.2202	1380.2681
2715.7524	1372.9545
2716.2847	1383.5527
2716.8171	1374.1798
2717.3494	1386.769
2717.8816	1384.5414
2718.4138	1387.6842
2718.9463	1371.3462
2719.4785	1363.1613
2720.0107	1372.4307
2720.5432	1347.6101
2721.0754	1371.8591
2721.6077	1347.3402
2722.1401	1350.6078
2722.6724	1367.3
2723.2046	1353.6691
2723.7368	1365.4642
2724.2693	1362.0879
2724.8015	1374.9299
2725.3337	1367.3524
2725.8662	1351.3247
2726.3984	1340.1937
2726.9307	1327.301
2727.4629	1341.4241
2727.9954	1331.3059
2728.5276	1329.4513
2729.0598	1341.9106
2729.5923	1328.5327
2730.1245	1336.3215
2730.6567	1329.1847
2731.1892	1314.3925
2731.7214	1329.7855
2732.2537	1318.39
2732.7859	1341.7518
2733.3184	1318.3884
2733.8506	1308.2231
2734.3828	1316.0607
2734.9153	1313.2891
2735.4475	1319.0325
2735.9797	1320.1115
2736.5122	1333.2676
2737.0444	1308.8705
2737.5767	1317.7018
2738.1089	1290.6309
2738.6414	1308.1805
2739.1736	1328.264
2739.7058	1301.547
2740.2383	1304.0149
2740.7705	1279.4735
2741.3027	1303.0577
2741.835	1329.1018
2742.3674	1300.4155
2742.8997	1307.0243
2743.4319	1300.114
2743.9644	1302.9424
2744.4966	1282.0228
2745.0288	1316.4379
2745.5613	1315.4962
2746.0935	1312.7285
2746.6257	1285.8423
2747.158	1271.608
2747.6904	1294.1295
2748.2227	1279.8879
2748.7549	1275.1016
2749.2874	1304.7604
2749.8196	1294.3182
2750.3518	1282.0107
2750.8843	1266.1946
2751.4165	1280.3152
2751.9487	1261.0836
2752.481	1246.7416
2753.0134	1248.22
2753.5457	1284.458
2754.0779	1270.4377
2754.6104	1260.6475
2755.1426	1255.8186
2755.6748	1231.8608
2756.207	1301.979
2756.7395	1302.7769
2757.2717	1299.6396
2757.804	1273.4851
2758.3364	1275.8221
2758.8687	1282.8005
2759.4009	1254.014
2759.9333	1268.8967
2760.4656	1261.118
2760.9978	1296.3359
2761.53	1250.5078
2762.0625	1260.3114
2762.5947	1254.5492
2763.127	1239.2062
2763.6594	1226.6594
2764.1917	1253.0023
2764.7239	1243.1382
2765.2561	1240.7852
2765.7886	1233.7878
2766.3208	1227.8765
2766.853	1255.0477
2767.3855	1239.5781
2767.9177	1245.2579
2768.45	1240.7845
2768.9824	1244.9612
2769.5146	1248.3099
2770.0469	1224.356
2770.5791	1224.6578
2771.1116	1235.2261
2771.6438	1232.3121
2772.176	1218.7509
2772.7085	1213.3813
2773.2407	1253.6647
2773.7729	1214.422
2774.3054	1197.8044
2774.8376	1205.6456
2775.3699	1221.8458
2775.9021	1223.343
2776.4346	1211.1863
2776.9668	1215.3976
2777.499	1207.9545
2778.0315	1189.3995
2778.5637	1176.3519
2779.0959	1242.3202
2779.6282	1186.5165
2780.1606	1195.9672
2780.6929	1207.4927
2781.2251	1203.4702
2781.7576	1206.3315
2782.2898	1218.3107
2782.822	1213.4558
2783.3545	1196.1385
2783.8867	1203.3574
2784.4189	1198.265
2784.9512	1184.825
2785.4836	1191.8328
2786.0159	1208.5381
2786.5481	1197.3035
2787.0806	1188.5798
2787.6128	1213.6924
2788.145	1186.2214
2788.6775	1207.6294
2789.2097	1162.7841
2789.7419	1163.2466
2790.2742	1158.4301
2790.8066	1196.7274
2791.3389	1188.5042
2791.8711	1191.9178
2792.4036	1178.3105
2792.9358	1169.5812
2793.468	1171.7487
2794.0002	1175.1406
2794.5327	1187.3457
2795.0649	1168.5422
2795.5972	1168.11
2796.1296	1170.0492
2796.6619	1166.7395
2797.1941	1146.3981
2797.7266	1165.0978
2798.2588	1143.681
2798.791	1133.6853
2799.3232	1145.3867
2799.8557	1152.5273
2800.3879	1156.5613
2800.9202	1139.2156
2801.4526	1145.3735
2801.9849	1162.8451
2802.5171	1165.929
2803.0496	1171.7644
2803.5818	1141.2628
2804.114	1123.524
2804.6462	1168.0035
2805.1787	1153.9938
2805.7109	1149.3859
2806.2432	1143.1471
2806.7756	1136.887
2807.3079	1147.8922
2807.8401	1136.0936
2808.3723	1130.7001
2808.9048	1102.6782
2809.437	1102.9934
2809.9692	1134.4364
2810.5017	1140.2939
2811.0339	1121.9142
2811.5662	1126.4915
2812.0986	1128.7565
2812.6309	1134.4091
2813.1631	1106.6019
2813.6953	1122.1879
2814.2278	1123.6366
2814.76	1125.0286
2815.2922	1136.5186
2815.8247	1107.8969
2816.3569	1120.7485
2816.8892	1114.5469
2817.4214	1134.2849
2817.9539	1127.6538
2818.4861	1109.2231
2819.0183	1113.5056
2819.5508	1113.8013
2820.083	1110.8756
2820.6152	1103.4076
2821.1477	1109.5641
2821.6799	1103.6346
2822.2122	1107.0858
2822.7444	1126.473
2823.2769	1106.0345
2823.8091	1111.8978
2824.3413	1100.9646
2824.8738	1103.8046
2825.406	1105.6357
2825.9382	1105.5687
2826.4707	1100.0071
2827.0029	1112.958
2827.5352	1099.7983
2828.0674	1107.9343
2828.5999	1107.9359
2829.1321	1094.5214
2829.6643	1102.3419
2830.1968	1102.7455
2830.729	1088.7214
2831.2612	1097.3787
2831.7935	1095.0505
2832.3259	1099.9451
2832.8582	1099.5011
2833.3904	1097.5958
2833.9229	1109.6978
2834.4551	1079.657
2834.9873	1096.2108
2835.5198	1081.5536
2836.052	1078.5248
2836.5842	1086.4
2837.1165	1092.0286
2837.6489	1073.0559
2838.1812	1066.3995
2838.7134	1093.6588
2839.2458	1071.1036
2839.7781	1057.9365
2840.3103	1083.7927
2840.8428	1075.8674
2841.375	1082.942
2841.9072	1077.3943
2842.4395	1071.4862
2842.9719	1079.5956
2843.5042	1066.6014
2844.0364	1061.9421
2844.5688	1078.4293
2845.1011	1068.2058
2845.6333	1077.6992
2846.1655	1058.5767
2846.698	1049.4623
2847.2302	1063.9352
2847.7625	1080.9681
2848.2949	1069.1234
2848.8271	1068.2048
2849.3594	1070.5699
2849.8918	1063.2296
2850.4241	1053.2366
2850.9563	1054.2915
2851.4885	1075.6865
2852.021	1080.7021
2852.5532	1051.9513
2853.0854	1075.465
2853.6179	1058.8817
2854.1501	1059.3375
2854.6824	1073.5126
2855.2148	1075.9568
2855.7471	1051.4172
2856.2793	1063.6172
2856.8115	1058.4464
2857.344	1043.3641
2857.8762	1052.4915
2858.4084	1069.0502
2858.9409	1054.2224
2859.4731	1048.0431
2860.0054	1060.2325
2860.5376	1046.2266
2861.0701	1071.6465
2861.6023	1051.8984
2862.1345	1051.1355
2862.667	1044.9142
2863.1992	1021.5557
2863.7314	1051.3179
2864.2639	1057.4862
2864.7961	1034.7605
2865.3284	1047.5198
2865.8606	1030.8583
2866.3931	1035.2987
2866.9253	1049.5927
2867.4575	1045.0961
2867.99	1052.3505
2868.5222	1038.9086
2869.0544	1054.4974
2869.5867	1062.8218
2870.1191	1042.827
2870.6514	1050.6188
2871.1836	1041.3577
2871.7161	1035.9824
2872.2483	1039.6647
2872.7805	1030.2064
2873.313	1054.7167
2873.8452	1056.0966
2874.3774	1042.6578
2874.9097	1031.299
2875.4421	1047.6897
2875.9744	1014.8218
2876.5066	1029.7971
2877.0391	1031.4845
2877.5713	1028.1641
2878.1035	1024.6166
2878.636	1030.0718
2879.1682	1040.1504
2879.7004	1040.4264
2880.2327	1038.7378
2880.7651	1033.9597
2881.2974	1030.2438
2881.8296	1032.384
2882.3621	1031.4779
2882.8943	1036.0104
2883.4265	1022.226
2883.9587	1017.5324
2884.4912	1026.1565
2885.0234	1017.3912
2885.5557	1028.8173
2886.0881	1026.8989
2886.6204	1032.9009
2887.1526	1024.4182
2887.6851	1016.0941
2888.2173	1011.2826
2888.7495	1013.3906
2889.2817	1031.1942
2889.8142	1016.9717
2890.3464	1016.6089
2890.8787	1023.2336
2891.4111	1019.0742
2891.9434	1008.0081
2892.4756	1024.9175
2893.0081	1019.0937
2893.5403	1010.912
2894.0725	1023.7324
2894.6047	1008.8729
2895.1372	983.99786
2895.6694	1007.382
2896.2017	1005.2762
2896.7341	1006.5933
2897.2664	1011.5511
2897.7986	1011.9141
2898.3308	1009.7288
2898.8633	1009.7078
2899.3955	1015.8928
2899.9277	1023.7938
2900.4602	998.54742
2900.9924	1024.3669
2901.5247	1009.9035
2902.0571	1004.6328
2902.5894	1000.8954
2903.1216	1008.9968
2903.6538	1004.2183
2904.1863	997.76508
2904.7185	997.21228
2905.2507	1013.2366
2905.7832	1004.2576
2906.3154	1015.4011
2906.8477	1013.9857
2907.3801	1015.1508
2907.9124	1005.7867
2908.4446	995.54749
2908.9768	1016.7932
2909.5093	1002.1025
2910.0415	1003.5753
2910.5737	1016.362
2911.1062	1009.9724
2911.6384	1007.375
2912.1707	1001.3206
2912.7029	995.88354
2913.2354	988.38428
2913.7676	1006.0534
2914.2998	1012.9194
2914.8323	1011.5435
2915.3645	1008.2647
2915.8967	1012.5215
2916.4292	1000.928
2916.9614	987.92102
2917.4937	991.97223
2918.0259	992.22473
2918.5583	988.22882
2919.0906	988.22314
2919.6228	1002.9292
2920.1553	977.13159
2920.6875	972.33838
2921.2197	995.71924
2921.752	982.04877
2922.2844	977.13214
2922.8167	992.27875
2923.3489	1002.8644
2923.8813	999.08276
2924.4136	999.28943
2924.9458	1000.6602
2925.4783	991.72961
2926.0105	998.74731
2926.5427	1009.0513
2927.075	988.43286
2927.6074	975.78088
2928.1396	994.47241
2928.6719	999.61975
2929.2043	986.7254
2929.7366	991.39447
2930.2688	995.46783
2930.8013	997.41321
2931.3335	983.06244
2931.8657	984.198
2932.3979	998.19232
2932.9304	990.49359
2933.4626	995.17633
2933.9949	996.60449
2934.5273	987.55884
2935.0596	1000.4595
2935.5918	995.20074
2936.124	967.10315
2936.6565	983.37885
2937.1887	983.10724
2937.7209	977.24139
2938.2534	972.6297
2938.7856	970.2099
2939.3179	982.32867
2939.8503	973.10382
2940.3826	970.73706
2940.9148	982.84833
2941.447	981.20404
2941.9795	992.96136
2942.5117	973.82977
2943.0439	978.40741
2943.5764	981.72406
2944.1086	982.92139
2944.6409	979.42938
2945.1733	979.02374
2945.7056	966.12885
2946.2378	974.0683
2946.77	979.85742
2947.3025	965.07538
2947.8347	967.08636
2948.3669	973.35284
2948.8994	988.54407
2949.4316	975.25861
2949.9639	986.38342
2950.4961	977.23138
2951.0286	977.10974
2951.5608	984.43463
2952.093	973.96692
2952.6255	983.40961
2953.1577	980.30231
2953.6899	974.22742
2954.2224	978.76526
2954.7546	973.62567
2955.2869	973.92554
2955.8191	971.84912
2956.3516	965.32928
2956.8838	970.7431
2957.416	968.41467
2957.9485	966.7851
2958.4807	968.40247
2959.0129	974.25958
2959.5454	972.74164
2960.0776	976.1283
2960.6099	966.72473
2961.1421	976.29639
2961.6746	970.97845
2962.2068	978.47961
2962.739	959.25439
2963.2715	965.20099
2963.8037	965.81653
2964.3359	954.62732
2964.8682	953.70154
2965.4006	987.51807
2965.9329	959.02661
2966.4651	959.2923
2966.9976	969.7019
2967.5298	976.48413
2968.062	965.70239
2968.5945	958.60901
2969.1267	980.38013
2969.6589	964.83746
2970.1912	976.67218
2970.7236	963.54816
2971.2559	960.84949
2971.7881	965.48663
2972.3206	977.04767
2972.8528	969.57745
2973.385	969.40039
2973.9172	960.74445
2974.4497	966.22125
2974.9819	970.70239
2975.5142	956.23694
2976.0466	949.85022
2976.5789	959.13165
2977.1111	950.77405
2977.6436	966.36865
2978.1758	969.58435
2978.708	942.7348
2979.2402	948.18512
2979.7727	959.27429
2980.3049	962.63409
2980.8372	959.64392
2981.3696	968.35736
2981.9019	970.4881
2982.4341	954.45093
2982.9666	979.31464
2983.4988	951.76306
2984.031	948.91144
2984.5632	956.37836
2985.0957	958.61298
2985.6279	942.15002
2986.1602	949.61469
2986.6926	953.55151
2987.2249	957.29205
2987.7571	946.23291
2988.2893	946.9538
2988.8218	959.00519
2989.354	942.76086
2989.8862	950.90424
2990.4187	949.14856
2990.9509	955.12634
2991.4832	963.56006
2992.0156	957.17999
2992.5479	950.29926
2993.0801	949.52258
2993.6123	957.48169
2994.1448	956.91913
2994.677	949.59979
2995.2092	959.28198
2995.7417	950.39026
2996.2739	960.75977
2996.8062	948.63281
2997.3386	956.15729
2997.8708	952.30847
2998.4031	947.96161
2998.9353	954.42285
2999.4678	953.57587
3000	950.2467
