500	908.42255
500.0513	911.51288
500.1026	906.22888
500.15387	909.93451
500.20517	908.07928
500.25647	916.85876
500.30777	915.05554
500.35907	909.33716
500.41034	902.54535
500.46164	916.99237
500.51294	920.60852
500.56424	907.43243
500.61554	913.79962
500.66681	912.64764
500.71811	907.95355
500.76941	918.64581
500.82071	923.45752
500.87198	911.91333
500.92328	906.69171
500.97458	906.02222
501.02588	915.5943
501.07718	910.86383
501.12845	908.18445
501.17975	908.82574
501.23105	913.90332
501.28235	918.02051
501.33365	910.73071
501.38492	905.93158
501.43622	903.45148
501.48752	906.31201
501.53882	915.26471
501.59012	912.66974
501.64139	909.3631
501.69269	906.87848
501.74399	909.17426
501.79529	909.1554
501.84659	919.15839
501.89786	921.62457
501.94916	908.21765
502.00046	908.02954
502.05176	908.71429
502.10306	916.3996
502.15433	904.5105
502.20563	917.00159
502.25693	903.01318
502.30823	923.03082
502.3595	922.03107
502.4108	901.57385
502.4621	914.26569
502.5134	914.95673
502.5647	916.73523
502.61597	905.50629
502.66727	901.32593
502.71857	908.32562
502.76987	905.81134
502.82117	911.84741
502.87244	909.24573
502.92374	909.96783
502.97504	913.58191
503.02634	909.91956
503.07764	912.32843
503.12891	916.58691
503.18021	916.41949
503.23151	916.80603
503.28281	911.93457
503.33411	921.14545
503.38538	926.32813
503.43668	915.08331
503.48798	913.27838
503.53928	917.93011
503.59058	915.06964
503.64185	908.83527
503.69315	907.54059
503.74445	909.3877
503.79575	911.33618
503.84705	917.4765
503.89832	917.25427
503.94962	903.77826
504.00092	905.07135
504.05222	915.50555
504.10349	918.73199
504.15479	911.547
504.20609	909.42377
504.25739	915.77112
504.30869	904.30298
504.35995	897.25336
504.41125	913.16803
504.46255	915.05579
504.51385	915.03204
504.56516	904.30493
504.61642	912.52686
504.66772	908.33234
504.71902	899.82056
504.77032	914.72522
504.82162	916.03522
504.87289	913.3728
504.92419	903.95691
504.97549	908.87421
505.02679	906.99261
505.07809	917.55792
505.12936	910.33716
505.18066	905.03394
505.23196	906.03229
505.28326	909.24628
505.33456	911.27185
505.38583	903.88861
505.43713	907.1825
505.48843	917.42072
505.53973	915.31
505.591	907.52728
505.6423	910.72162
505.6936	921.57416
505.7449	920.00586
505.7962	907.3681
505.84747	902.95056
505.89877	908.63544
505.95007	911.67352
506.00137	905.71832
506.05267	904.32074
506.10394	905.8952
506.15524	908.57233
506.20654	904.12817
506.25784	909.97211
506.30914	919.47888
506.36041	910.58264
506.41171	907.40601
506.46301	909.33551
506.51431	911.26514
506.56561	912.30634
506.61688	899.41364
506.66818	910.03625
506.71948	910.01251
506.77078	923.45776
506.82208	913.63934
506.87335	901.04193
506.92465	911.51343
506.97595	912.89398
507.02725	906.95343
507.07852	911.59979
507.12982	905.63605
507.18112	906.89984
507.23242	905.51868
507.28372	912.771
507.33499	915.72797
507.38629	908.88129
507.43759	912.92896
507.48889	921.74152
507.54019	912.38898
507.59146	911.67975
507.64276	906.96259
507.69406	906.61719
507.74536	914.61572
507.79666	919.49225
507.84793	916.33942
507.89923	907.66779
507.95053	905.87
508.00183	909.64661
508.05313	910.97308
508.1044	903.94446
508.1557	905.68811
508.207	914.32489
508.2583	914.30115
508.3096	912.69202
508.36087	910.18439
508.41217	913.39514
508.46347	904.57257
508.51477	911.90088
508.56604	918.97076
508.61734	912.3866
508.66864	912.88318
508.71994	902.32648
508.77124	905.40125
508.82251	911.30743
508.87381	919.03674
508.92511	920.96753
508.97641	920.96918
509.02771	918.12238
509.07898	908.73926
509.13028	916.84772
509.18158	910.02557
509.23288	911.39716
509.28418	920.08624
509.33545	908.96069
509.38675	914.35687
509.43805	924.32538
509.48935	920.86224
509.54065	908.75739
509.59192	908.12463
509.64322	912.98694
509.69452	915.92139
509.74582	911.0423
509.79712	908.18616
509.84839	914.87042
509.89969	918.99243
509.95099	920.10059
510.00229	913.92798
510.05356	909.84308
510.10486	919.86841
510.15616	920.89142
510.20746	915.70203
510.25876	922.32611
510.31003	922.04865
510.36133	918.73944
510.41263	919.12537
510.46393	911.17798
510.51523	917.94635
510.5665	927.96106
510.6178	919.60205
510.6691	912.94489
510.7204	911.29443
510.7717	924.00958
510.82297	917.56134
510.87427	913.62872
510.92557	910.7193
510.97687	916.20197
511.02817	905.35291
511.07944	912.29266
511.13074	923.96613
511.18204	920.03131
511.23334	918.01239
511.28464	912.2981
511.33591	921.90222
511.38721	929.9624
511.43851	929.09985
511.48981	926.27893
511.54111	920.8606
511.59238	924.54712
511.64368	921.86115
511.69498	913.94232
511.74628	917.5246
511.79755	923.90771
511.84885	924.95703
511.90015	914.03125
511.95145	914.34381
512.00275	921.88287
512.05402	931.07257
512.10535	923.52893
512.15662	920.53656
512.20789	925.47552
512.25922	926.96161
512.31049	925.54529
512.36182	916.90601
512.41309	917.79333
512.46436	922.39807
512.51569	913.77142
512.56696	917.55969
512.61829	928.97638
512.66956	923.79755
512.72083	915.34576
512.77216	924.71594
512.82343	919.7218
512.87476	922.53479
512.92603	920.51031
512.97729	934.99609
513.02863	942.27106
513.0799	936.49725
513.13123	926.44678
513.1825	920.95007
513.23376	912.52087
513.2851	931.40308
513.33636	938.16382
513.3877	913.05182
513.43896	928.68158
513.49023	931.77228
513.54156	930.9187
513.59283	918.89294
513.64417	931.25085
513.69543	934.53625
513.7467	932.20966
513.79803	931.74054
513.8493	939.78546
513.90057	927.57574
513.9519	932.80743
514.00317	934.16656
514.0545	935.05609
514.10577	925.867
514.15704	933.00958
514.20837	916.45569
514.25964	934.66113
514.31097	935.55139
514.36224	926.81293
514.41351	934.06604
514.46484	947.59253
514.51611	941.97748
514.56744	924.44122
514.61871	929.27631
514.66998	940.78729
514.72131	937.89185
514.77258	932.07391
514.82391	934.4826
514.87518	943.40814
514.92645	944.84674
514.97778	940.82813
515.02905	940.40491
515.08038	932.88409
515.13165	928.37433
515.18292	942.01031
515.23425	944.04865
515.28552	942.24902
515.33685	951.38373
515.38812	947.58691
515.43939	945.21552
515.49072	947.81396
515.54199	955.64478
515.59332	952.11371
515.64459	956.64233
515.69586	981.8382
515.74719	977.90112
515.79846	973.00665
515.84979	970.91187
515.90106	994.64856
515.95233	1007.494
516.00366	1004.351
516.05493	1036.0861
516.10626	1048.3113
516.15753	1064.1913
516.2088	1072.3433
516.26013	1094.2211
516.3114	1115.4132
516.36273	1114.7946
516.414	1121.6
516.46527	1132.2634
516.5166	1162.295
516.56787	1180.8861
516.6192	1171.8481
516.67047	1170.8784
516.72174	1181.0504
516.77307	1192.4436
516.82434	1213.4858
516.87567	1218.3177
516.92694	1213.121
516.97821	1219.0973
517.02954	1227.7723
517.08081	1218.4685
517.13208	1194.371
517.18341	1181.4197
517.23468	1155.1102
517.28601	1158.3375
517.33728	1163.3365
517.38855	1157.1085
517.43988	1170.6465
517.49115	1154.7042
517.54248	1145.5226
517.59375	1147.6798
517.64502	1136.3818
517.69635	1144.4657
517.74762	1132.1021
517.79895	1182.3848
517.85022	1194.7823
517.90149	1193.9705
517.95282	1195.9451
518.00409	1199.1774
518.05542	1217.7422
518.10669	1240.214
518.15796	1268.4226
518.20929	1262.234
518.26056	1232.501
518.31189	1284.8413
518.36316	1273.3926
518.41443	1282.4618
518.46576	1314.2881
518.51703	1314.9348
518.56836	1317.4447
518.61963	1330.6746
518.6709	1333.011
518.72223	1331.0306
518.7735	1327.6599
518.82483	1318.3344
518.8761	1332.6461
518.92737	1329.1346
518.9787	1348.7318
519.02997	1398.6025
519.0813	1425.2551
519.13257	1417.9462
519.18384	1445.2651
519.23517	1493.7362
519.28644	1486.7076
519.33777	1488.2275
519.38904	1511.3203
519.44031	1502.3749
519.49164	1502.5361
519.54291	1527.2054
519.59424	1561.8658
519.64551	1560.4015
519.69678	1616.2606
519.74811	1654.9845
519.79938	1688.6583
519.85071	1759.7523
519.90198	1754.1322
519.95325	1839.2853
520.00458	1862.8264
520.05585	1903.3839
520.10712	1878.4009
520.15845	1903.47
520.20972	1869.3152
520.26105	1867.7908
520.31232	1905.6229
520.36359	1864.6782
520.41492	1863.1077
520.46619	1780.903
520.51752	1794.0873
520.56879	1777.6572
520.62006	1716.7037
520.67139	1650.3826
520.72266	1649.686
520.77399	1581.0665
520.82526	1543.579
520.87653	1507.5269
520.92786	1545.6754
520.97913	1521.1323
521.03046	1493.8876
521.08173	1470.8828
521.133	1495.5001
521.18433	1510.3862
521.2356	1505.9766
521.28693	1498.123
521.3382	1507.089
521.38947	1555.1592
521.4408	1537.495
521.49207	1507.42
521.5434	1502.1663
521.59467	1515.2611
521.64594	1511.7936
521.69727	1460.656
521.74854	1418.5509
521.79987	1411.3608
521.85114	1407.9779
521.9024	1377.457
521.95374	1348.4955
522.005	1356.025
522.05634	1382.1089
522.1076	1385.6027
522.15887	1358.4534
522.21021	1369.3236
522.26147	1407.1628
522.31281	1398.5836
522.36407	1397.1804
522.41534	1401.1912
522.46667	1431.0497
522.51794	1434.7576
522.56927	1447.686
522.62054	1453.6047
522.67181	1507.911
522.72314	1475.1266
522.77441	1500.4443
522.82574	1434.8157
522.87701	1459.2791
522.92828	1527.3428
522.97961	1529.4963
523.03088	1495.1848
523.08221	1463.4851
523.13348	1483.4221
523.18475	1443.2025
523.23608	1453.2274
523.28735	1481.8293
523.33862	1454.5168
523.38995	1428.3763
523.44122	1452.1273
523.49255	1436.9155
523.54382	1409.5972
523.59509	1409.8717
523.64642	1423.3138
523.69769	1419.0062
523.74902	1428.7144
523.80029	1429.7596
523.85156	1419.7661
523.90289	1434.339
523.95416	1448.5963
524.00549	1450.61
524.05676	1449.4573
524.10803	1429.9058
524.15936	1426.9003
524.21063	1416.2672
524.26196	1393.3778
524.31323	1422.2268
524.3645	1426.4988
524.41583	1406.1936
524.4671	1400.1088
524.51843	1377.3185
524.5697	1385.3628
524.62097	1381.1339
524.6723	1375.2831
524.72357	1393.2406
524.7749	1365.49
524.82617	1346.5363
524.87744	1379.03
524.92877	1393.3588
524.98004	1364.04
525.03137	1388.5269
525.08264	1359.3153
525.13391	1376.428
525.18524	1374.5898
525.23651	1358.8646
525.28784	1371.4183
525.33911	1370.4152
525.39038	1392.6942
525.44171	1411.4005
525.49298	1392.8241
525.54431	1406.7565
525.59558	1342.5723
525.64685	1402.7976
525.69818	1381.0536
525.74945	1361.9923
525.80078	1378.5356
525.85205	1376.0995
525.90332	1364.9657
525.95465	1370.3098
526.00592	1383.2322
526.05725	1393.4042
526.10852	1376.9297
526.15979	1416.3783
526.21112	1400.5669
526.26239	1414.0155
526.31366	1416.1287
526.36499	1424.9824
526.41626	1457.7009
526.46759	1464.413
526.51886	1455.7479
526.57013	1475.7549
526.62146	1501.2015
526.67273	1505.618
526.72406	1515.6256
526.77533	1531.9915
526.8266	1541.5117
526.87793	1563.7665
526.9292	1586.2188
526.98053	1581.0801
527.0318	1618.7706
527.08307	1621.4806
527.1344	1620.8926
527.18567	1652.4197
527.237	1670.1901
527.28827	1670.6108
527.33954	1695.0826
527.39087	1673.4922
527.44214	1678.1277
527.49347	1676.2775
527.54474	1677.5123
527.59601	1697.9305
527.64734	1727.6482
527.69861	1656.3242
527.74994	1691.9584
527.80121	1650.3411
527.85248	1657.1818
527.90381	1634.8961
527.95508	1641.7974
528.00641	1630.0881
528.05768	1629.149
528.10895	1659.3756
528.16028	1602.2579
528.21155	1621.1171
528.26288	1655.0806
528.31415	1636.7661
528.36542	1624.6931
528.41675	1592.9945
528.46802	1604.1669
528.51935	1614.5795
528.57062	1642.1287
528.62189	1578.5797
528.67322	1586.2994
528.72449	1616.5635
528.77582	1613.6481
528.82709	1585.0695
528.87836	1593.2813
528.92969	1572.8302
528.98096	1567.1871
529.03229	1568.802
529.08356	1538.9415
529.13483	1515.3772
529.18616	1523.8866
529.23743	1525.3317
529.2887	1499.8668
529.34003	1484.083
529.3913	1473.4669
529.44263	1481.9836
529.4939	1469.6965
529.54517	1443.4407
529.5965	1404.1423
529.64777	1417.8964
529.6991	1417.4104
529.75037	1376.1346
529.80164	1355.1229
529.85297	1311.8928
529.90424	1292.6191
529.95557	1300.1285
530.00684	1308.9492
530.05811	1305.4058
530.10944	1293.9672
530.16071	1300.177
530.21204	1299.3877
530.26331	1287.4224
530.31458	1254.3049
530.36591	1229.1646
530.41718	1236.9857
530.46851	1241.8868
530.51978	1224.8928
530.57104	1206.2861
530.62238	1204.0524
530.67365	1219.099
530.72498	1220.0438
530.77625	1198.5929
530.82751	1204.0255
530.87885	1239.1805
530.93011	1207.1368
530.98145	1179.0092
531.03271	1185.0806
531.08398	1175.5309
531.13531	1169.2981
531.18658	1161.0635
531.23792	1136.7506
531.28918	1162.0652
531.34045	1149.4497
531.39178	1142.0845
531.44305	1152.163
531.49438	1151.0981
531.54565	1144.0751
531.59692	1132.4475
531.64825	1123.4182
531.69952	1126.4498
531.75085	1133.358
531.80212	1112.8945
531.85339	1099.6033
531.90472	1119.3173
531.95599	1110.5126
532.00732	1087.8943
532.05859	1089.5323
532.10986	1094.0619
532.16119	1075.9922
532.21246	1073.6566
532.26379	1080.0573
532.31506	1081.9164
532.36633	1077.722
532.41766	1064.6504
532.46893	1061.2468
532.5202	1077.3643
532.57153	1057.7281
532.6228	1040.7441
532.67413	1040.2949
532.7254	1051.0549
532.77667	1065.4694
532.828	1038.1277
532.87927	1015.9396
532.9306	1054.0521
532.98187	1058.5326
533.03314	1030.0707
533.08447	1040.5283
533.13574	1046.5234
533.18707	1046.7781
533.23834	1039.4354
533.28961	1030.6711
533.34094	1033.2155
533.39221	1030.2516
533.44354	1029.6595
533.49481	1032.0933
533.54608	1031.0125
533.59741	1050.8793
533.64868	1033.7334
533.70001	1019.8659
533.75128	1029.7963
533.80255	1031.6819
533.85388	1034.5759
533.90515	1022.4739
533.95648	1021.8821
534.00775	1027.2784
534.05902	1031.4111
534.11035	1038.0541
534.16162	1051.572
534.21295	1057.6531
534.26422	1049.9094
534.31549	1052.4408
534.36682	1055.3113
534.41809	1046.8958
534.46942	1046.3672
534.52069	1041.4579
534.57196	1031.3854
534.62329	1030.3358
534.67456	1023.4429
534.72589	1024.8086
534.77716	1042.8513
534.82843	1062.8265
534.87976	1064.5422
534.93103	1050.9052
534.98236	1061.4694
535.03363	1051.8639
535.0849	1066.5402
535.13623	1073.2839
535.1875	1032.3733
535.23883	1067.6962
535.2901	1079.2657
535.34137	1067.5342
535.3927	1084.4185
535.44397	1074.0121
535.49524	1076.8593
535.54657	1079.8378
535.59784	1099.1526
535.64917	1085.4172
535.70044	1072.6453
535.75171	1067.6948
535.80304	1086.7725
535.85431	1108.2671
535.90564	1097.5276
535.95691	1093.7848
536.00818	1125.3346
536.05951	1125.1221
536.11078	1121.8849
536.16211	1122.2308
536.21338	1119.1406
536.26465	1123.0984
536.31598	1145.9481
536.36725	1141.7673
536.41858	1150.7688
536.46985	1143.8021
536.52112	1151.0879
536.57245	1158.9272
536.62372	1158.8704
536.67505	1143.4249
536.72632	1164.9958
536.77759	1202.4233
536.82892	1227.9508
536.88019	1221.7981
536.93152	1212.7844
536.98279	1237.2241
537.03406	1252.4115
537.08539	1261.7242
537.13666	1282.0907
537.18799	1280.7576
537.23926	1287.8783
537.29053	1343.6039
537.34186	1378.9146
537.39313	1381.323
537.44446	1414.0891
537.49573	1422.3693
537.547	1449.501
537.59833	1486.6256
537.6496	1535.4432
537.70093	1566.0497
537.7522	1645.868
537.80347	1760.6351
537.8548	1815.8859
537.90607	1934.6338
537.9574	2053.3279
538.00867	2130.9983
538.05994	2209.2869
538.11127	2422.3823
538.16254	2511.9778
538.21387	2741.1409
538.26514	2895.1968
538.31641	3086.6423
538.36774	3201.8916
538.41901	3431.5808
538.47034	3558.2058
538.52161	3685.6555
538.57288	3729.3403
538.62421	3842.5759
538.67548	3950.2109
538.72675	4058.0999
538.77808	4133.4849
538.82935	4130.0952
538.88068	4231.0239
538.93195	4285.5908
538.98322	4259.2207
539.03455	4222.6929
539.08582	4284.3662
539.13715	4211.7876
539.18842	4233.8311
539.23969	4129.918
539.29102	3970.7908
539.34229	3868.6116
539.39362	3839.6052
539.44489	3818.6084
539.49615	3734.8142
539.54749	3715.6885
539.59875	3735.3416
539.65009	3741.2085
539.70135	3727.2241
539.75262	3761.731
539.80396	3740.3782
539.85522	3713.4807
539.90656	3684.9438
539.95782	3616.2673
540.00909	3676.0703
540.06042	3714.6086
540.11169	3660.7659
540.16302	3709.9707
540.21429	3831.7454
540.26556	3885.9021
540.31689	3889.8728
540.36816	3969.7183
540.41949	4019.9331
540.47076	4129.0493
540.52203	4206.1284
540.57336	4232.0835
540.62463	4242.0308
540.67596	4160.7007
540.72723	4108.1567
540.7785	4034.1167
540.82983	3821.3071
540.8811	3667.7634
540.93243	3480.405
540.9837	3330.0454
541.03497	3232.4897
541.0863	3061.4136
541.13757	2990.4631
541.1889	2976.2825
541.24017	2948.1389
541.29144	2956.9512
541.34277	3016.418
541.39404	3058.1252
541.44537	3148.0867
541.49664	3148.4148
541.54791	3225.5044
541.59924	3407.1523
541.65051	3513.9434
541.70178	3565.8828
541.75311	3554.5479
541.80438	3467.8486
541.85571	3458.3132
541.90698	3388.49
541.95825	3335.8196
542.00958	3226.3159
542.06085	3175.7605
542.11218	3096.9304
542.16345	3027.4038
542.21472	2927.7786
542.26605	2783.7754
542.31732	2746.9624
542.36865	2687.1809
542.41992	2581.7773
542.47119	2554.4497
542.52252	2528.3628
542.57379	2444.1526
542.62512	2392.1274
542.67639	2366.4348
542.72766	2346.3679
542.77899	2333.9731
542.83026	2280.4573
542.88159	2225.3682
542.93286	2227.1147
542.98413	2256.2144
543.03546	2248.8674
543.08673	2201.2847
543.13806	2203.8623
543.18933	2205.7468
543.2406	2154.5605
543.29193	2140.6069
543.3432	2151.9297
543.39453	2154.5891
543.4458	2146.1658
543.49707	2109.1218
543.5484	2094.27
543.59967	2126.7139
543.651	2146.1726
543.70227	2201.9575
543.75354	2202.4294
543.80487	2236.7441
543.85614	2242.4158
543.90747	2243.657
543.95874	2289.5386
544.01001	2250.7615
544.06134	2302.1226
544.11261	2312.1687
544.16394	2333.769
544.21521	2355.3445
544.26648	2435.97
544.31781	2484.2595
544.36908	2530.4822
544.42041	2575.6902
544.47168	2720.5698
544.52295	2665.1721
544.57428	2811.031
544.62555	2840.572
544.67688	2779.3032
544.72815	2901.1643
544.77942	2923.6799
544.83075	2950.1599
544.88202	2921.1157
544.93329	2927.9297
544.98462	2980.02
545.03589	2933.5879
545.08722	2968.7625
545.13849	2920.7922
545.18976	2834.9788
545.24109	2781.0635
545.29236	2735.3013
545.34369	2689.9138
545.39496	2662.1445
545.44623	2669.3643
545.49756	2664.0496
545.54883	2671.9661
545.60016	2656.3135
545.65143	2602.4358
545.7027	2591.1411
545.75403	2613.7246
545.8053	2646.6709
545.85663	2642.012
545.9079	2561.6748
545.95917	2469.9326
546.0105	2421.5261
546.06177	2420.3496
546.1131	2381.5647
546.16437	2331.7441
546.21564	2325.1182
546.26697	2260.8293
546.31824	2206.1782
546.36957	2223.0613
546.42084	2183.2192
546.47211	2150.5732
546.52344	2097.6689
546.57471	2132.7239
546.62604	2111.9563
546.67731	2130.6082
546.72858	2142.0457
546.77991	2125.0354
546.83118	2184.1868
546.88251	2131.092
546.93378	2108.1152
546.98505	2108.3635
547.03638	2168.7002
547.08765	2132.5955
547.13898	2178.9846
547.19025	2140.5825
547.24152	2109.0552
547.29285	2136.0615
547.34412	2111.8091
547.39545	2137.0549
547.44672	2134.6431
547.49799	2176.0679
547.54932	2084.0679
547.60059	2091.5764
547.65192	2141.3757
547.70319	2094.8303
547.75446	2098.3843
547.80579	2104.3943
547.85706	2132.0999
547.90833	2201.314
547.95966	2188.3418
548.01093	2217.4868
548.06226	2193.2976
548.11353	2186.5518
548.16479	2255.5813
548.21613	2264.4617
548.2674	2309.2368
548.31873	2313.0676
548.37	2301.0991
548.42126	2354.4414
548.4726	2345.3257
548.52386	2341.0466
548.5752	2374.2898
548.62646	2418.5415
548.67773	2446.9563
548.72906	2502.2051
548.78033	2551.6257
548.83167	2558.5051
548.88293	2557.7698
548.9342	2562.5364
548.98553	2603.3372
549.0368	2627.6182
549.08813	2638.9731
549.1394	2662.8503
549.19067	2696.9084
549.242	2727.105
549.29327	2727.3523
549.3446	2783.9373
549.39587	2804.9792
549.44714	2782.2122
549.49847	2779.2148
549.54974	2762.7886
549.60107	2785.1387
549.65234	2742.8333
549.70361	2773.3181
549.75494	2751.0039
549.80621	2701.718
549.85754	2685.8665
549.90881	2682.5269
549.96008	2642.0552
550.01141	2645.728
550.06268	2585.3474
550.11401	2508.2302
550.16528	2485.5979
550.21655	2446.2517
550.26788	2375.4958
550.31915	2361.9565
550.37048	2365.6646
550.42175	2323.1421
550.47302	2313.1338
550.52435	2254.6182
550.57562	2184.3359
550.62695	2189.489
550.67822	2169.6428
550.72949	2137.9263
550.78082	2086.4827
550.83209	2068.5642
550.88336	2035.4086
550.93469	2010.5748
550.98596	1968.6327
551.03729	1928.6393
551.08856	1928.38
551.13983	1924.7944
551.19116	1952.9358
551.24243	1923.2985
551.29376	1865.6799
551.34503	1844.0551
551.3963	1831.2333
551.44763	1796.8035
551.4989	1782.7028
551.55023	1787.2469
551.6015	1798.0944
551.65277	1793.7013
551.7041	1766.4641
551.75537	1749.4966
551.8067	1739.4767
551.85797	1709.7363
551.90924	1679.827
551.96057	1658.3761
552.01184	1656.363
552.06317	1646.3907
552.11444	1643.8185
552.16571	1634.9773
552.21704	1618.9502
552.26831	1613.7058
552.31964	1604.1841
552.37091	1586.9229
552.42218	1574.6019
552.47351	1595.9635
552.52478	1583.0808
552.57611	1564.2632
552.62738	1553.5042
552.67865	1561.4034
552.72998	1544.5928
552.78125	1516.5892
552.83258	1498.2247
552.88385	1489.8544
552.93512	1495.5938
552.98645	1488.3926
553.03772	1490.7137
553.08905	1419.0303
553.14032	1473.0702
553.19159	1477.8002
553.24292	1409.2111
553.29419	1409.7316
553.34552	1423.6517
553.39679	1418.5132
553.44806	1399.3899
553.49939	1408.652
553.55066	1402.1025
553.60199	1394.4503
553.65326	1361.3307
553.70453	1350.715
553.75586	1333.3481
553.80713	1317.2358
553.85846	1339.3894
553.90973	1306.1256
553.961	1317.7874
554.01233	1331.2499
554.0636	1314.2472
554.11487	1302.4875
554.1662	1306.8701
554.21747	1293.0735
554.2688	1293.4503
554.32007	1290.3472
554.37134	1271.4126
554.42267	1293.2688
554.47394	1302.8146
554.52527	1266.4348
554.57654	1250.8691
554.62781	1257.3351
554.67914	1245.0615
554.73041	1260.5326
554.78174	1264.453
554.83301	1240.5493
554.88428	1230.4235
554.93561	1208.1169
554.98688	1215.491
555.03821	1229.6484
555.08948	1235.4352
555.14075	1228.0862
555.19208	1214.5181
555.24335	1233.3268
555.29468	1236.5968
555.34595	1217.6539
555.39722	1218.9397
555.44855	1220.1089
555.49982	1237.3652
555.55115	1240.6671
555.60242	1223.9126
555.65369	1214.6759
555.70502	1221.1669
555.75629	1221.3223
555.80762	1192.2527
555.85889	1223.5665
555.91016	1220.7833
555.96149	1174.8995
556.01276	1192.5028
556.06409	1201.3202
556.11536	1215.8732
556.16663	1189.2069
556.21796	1201.2372
556.26923	1186.1866
556.32056	1180.8505
556.37183	1158.7936
556.4231	1161.2222
556.47443	1157.3538
556.5257	1159.4836
556.57703	1139.0519
556.6283	1124.7933
556.67957	1116.217
556.7309	1124.3303
556.78217	1130.9592
556.8335	1121.0968
556.88477	1105.3794
556.93604	1113.6794
556.98737	1121.6503
557.03864	1125.045
557.0899	1116.9186
557.14124	1120.2277
557.1925	1114.1046
557.24384	1089.0284
557.2951	1084.5587
557.34637	1097.7584
557.39771	1098.1041
557.44897	1085.3909
557.50031	1079.058
557.55157	1081.5546
557.60284	1076.7151
557.65417	1060.4622
557.70544	1055.8304
557.75677	1076.7769
557.80804	1085.2004
557.85931	1071.366
557.91064	1072.1268
557.96191	1063.4998
558.01324	1065.9183
558.06451	1067.5887
558.11578	1051.1232
558.16711	1065.5768
558.21838	1062.3239
558.26971	1044.7178
558.32098	1057.5305
558.37225	1050.8483
558.42358	1038.5258
558.47485	1030.9352
558.52618	1028.0496
558.57745	1043.3737
558.62872	1049.1144
558.68005	1047.1234
558.73132	1051.9729
558.78265	1046.316
558.83392	1047.9121
558.88519	1032.3676
558.93652	1022.8739
558.98779	1028.1198
559.03912	1059.9851
559.09039	1021.0297
559.14166	1023.5841
559.19299	1021.007
559.24426	1017.4545
559.29559	1021.3906
559.34686	1013.0256
559.39813	1017.029
559.44946	1018.2841
559.50073	1020.4443
559.55206	1013.5771
559.60333	1016.8179
559.6546	1030.1223
559.70593	1024.4836
559.7572	1024.7054
559.80853	1018.5271
559.8598	1011.0449
559.91107	1013.6204
559.9624	1009.1757
560.01367	1000.3884
560.065	1004.6307
560.11627	1020.7153
560.16754	1007.1247
560.21887	986.4104
560.27014	998.08313
560.32141	999.23871
560.37274	997.35663
560.42401	994.1839
560.47534	998.15656
560.52661	1000.7854
560.57788	988.80585
560.62921	985.58386
560.68048	983.43579
560.73181	999.1275
560.78308	1003.9182
560.83435	988.18054
560.88568	996.02203
560.93695	991.09058
560.98828	987.17316
561.03955	988.60248
561.09082	986.28754
561.14215	981.26215
561.19342	976.33551
561.24475	983.58905
561.29602	980.84875
561.34729	984.80646
561.39862	992.63318
561.44989	978.95886
561.50122	980.52551
561.55249	980.58075
561.60376	969.49994
561.65509	968.52594
561.70636	974.69049
561.75769	980.66302
561.80896	986.52539
561.86023	976.64294
561.91156	974.38885
561.96283	983.06348
562.01416	979.92401
562.06543	970.76904
562.1167	980.77832
562.16803	974.49664
562.2193	980.00732
562.27063	982.15771
562.3219	985.13654
562.37317	976.85529
562.4245	974.86298
562.47577	978.9046
562.5271	969.49255
562.57837	964.30792
562.62964	979.21997
562.68097	981.9917
562.73224	981.11304
562.78357	980.9856
562.83484	976.80151
562.88611	979.32623
562.93744	975.87988
562.98871	972.91998
563.04004	967.33417
563.09131	961.29034
563.14258	970.26691
563.19391	973.61572
563.24518	982.03967
563.29645	975.71466
563.34778	975.37988
563.39905	980.96667
563.45038	984.05548
563.50165	980.16669
563.55292	974.70172
563.60425	977.86639
563.65552	960.91711
563.70685	966.27905
563.75812	961.42462
563.80939	967.50244
563.86072	967.79901
563.91199	963.86823
563.96332	969.80463
564.01459	976.97937
564.06586	988.28253
564.11719	963.3396
564.16846	970.18378
564.21979	974.08331
564.27106	976.05542
564.32233	957.18884
564.37366	953.29095
564.42493	973.95551
564.47626	976.01825
564.52753	974.24548
564.5788	961.14667
564.63013	967.29822
564.6814	966.45453
564.73273	962.68201
564.784	952.47546
564.83527	954.40619
564.8866	969.97192
564.93787	963.12335
564.9892	957.32446
565.04047	962.24915
565.09174	958.62927
565.14307	953.04138
565.19434	963.73505
565.24567	966.89081
565.29694	975.4082
565.34821	973.21844
565.39954	958.61298
565.45081	953.59113
565.50214	956.05585
565.55341	954.88727
565.60468	963.26959
565.65601	966.78516
565.70728	958.36041
565.75861	961.84241
565.80988	965.04254
565.86115	956.42004
565.91248	951.64325
565.96375	952.51715
566.01508	943.3855
566.06635	954.15338
566.11761	961.70819
566.16895	960.38464
566.22021	948.80792
566.27148	950.13818
566.32281	955.78961
566.37408	953.6615
566.42542	949.1828
566.47668	950.88995
566.52795	956.9635
566.57928	966.1297
566.63055	961.32825
566.68188	957.95605
566.73315	958.01709
566.78442	950.94696
566.83575	951.49738
566.88702	933.5094
566.93835	949.70233
566.98962	949.67493
567.04089	949.64746
567.09222	969.10242
567.14349	961.93671
567.19482	965.32062
567.24609	954.47784
567.29736	950.79987
567.34869	960.23285
567.39996	951.03662
567.45129	942.62012
567.50256	953.89526
567.55383	956.37341
567.60516	957.14343
567.65643	954.20081
567.70776	950.24274
567.75903	952.24036
567.8103	947.42218
567.86163	960.09515
567.9129	952.35254
567.96423	944.13092
568.0155	943.78314
568.06677	938.34802
568.1181	937.55676
568.16937	950.51489
568.2207	950.39984
568.27197	951.24182
568.32324	953.7569
568.37457	953.00201
568.42584	949.7796
568.47717	947.87317
568.52844	955.13959
568.57971	961.28876
568.63104	957.33807
568.68231	953.9115
568.73364	957.15356
568.78491	958.10834
568.83618	956.43311
568.88751	948.00244
568.93878	942.01666
568.99011	943.69525
569.04138	940.33545
569.09265	944.52863
569.14398	940.06561
569.19525	944.28943
569.24658	952.46881
569.29785	948.94385
569.34912	940.24261
569.40045	954.27991
569.45172	950.52924
569.50299	955.88428
569.55432	953.1723
569.60559	952.85156
569.65692	957.05396
569.70819	954.90356
569.75946	950.06903
569.81079	933.94
569.86206	950.05463
569.91339	947.05597
569.96466	942.11975
570.01593	956.69702
570.06726	952.23572
570.11853	943.52649
570.16986	942.0506
570.22113	932.8714
570.2724	960.38538
570.32373	946.44672
570.375	933.60278
570.42633	945.24872
570.4776	946.98975
570.52887	949.99951
570.5802	938.16534
570.63147	940.11737
570.6828	955.25079
570.73407	951.58136
570.78534	945.05334
570.83667	940.81287
570.88794	941.64246
570.93927	949.89221
570.99054	949.64209
571.04181	948.77338
571.09314	953.17151
571.14441	944.69281
571.19574	943.8158
571.24701	949.5271
571.29828	951.46545
571.34961	947.57892
571.40088	941.26758
571.45221	936.81299
571.50348	940.48785
571.55475	952.32159
571.60608	948.85602
571.65735	941.46283
571.70868	950.44214
571.75995	948.82019
571.81122	944.37616
571.86255	951.27112
571.91382	948.72894
571.96515	947.73553
572.01642	942.98846
572.06769	944.42072
572.11902	954.55023
572.17029	966.21686
572.22162	948.91272
572.27289	946.52478
572.32416	947.1651
572.37549	941.36737
572.42676	942.90216
572.47803	938.42719
572.52936	937.13495
572.58063	939.44061
572.63196	938.0838
572.68323	942.25562
572.7345	948.02008
572.78583	939.62543
572.8371	924.44476
572.88843	946.34753
572.9397	938.50098
572.99097	939.45642
573.0423	942.35541
573.09357	951.00488
573.1449	941.99841
573.19617	955.18323
573.24744	950.90283
573.29877	940.52887
573.35004	937.53247
573.40137	950.06647
573.45264	942.99805
573.50391	935.44263
573.55524	942.21075
573.60651	942.56207
573.65784	948.28302
573.70911	935.75031
573.76038	941.39099
573.81171	939.97906
573.86298	938.70673
573.91431	948.61206
573.96558	941.53394
574.01685	939.19446
574.06818	940.89197
574.11945	947.08447
574.17078	953.25848
574.22205	949.5152
574.27332	950.35724
574.32465	947.64667
574.37592	950.81
574.42725	953.52161
574.47852	943.09711
574.52979	937.13452
574.58112	939.50885
574.63239	942.50305
574.68372	943.56293
574.73499	941.41888
574.78625	942.98212
574.83759	950.26147
574.88885	946.96893
574.94019	936.56378
574.99146	938.22723
575.04272	949.74744
575.09406	946.34363
575.14532	944.85767
575.19666	941.56421
575.24792	944.84821
575.29919	952.47668
575.35052	950.26135
575.40179	940.59863
575.45313	943.5083
575.50439	946.81482
575.55566	936.90076
575.60699	943.09479
575.65826	954.0202
575.70953	947.35016
575.76086	947.6889
575.81213	926.11743
575.86346	929.75507
575.91473	956.10742
575.966	939.90857
576.01733	940.85022
576.0686	940.82281
576.11993	949.63361
576.1712	940.11823
576.22247	931.19958
576.2738	935.37848
576.32507	941.1886
576.3764	940.75818
576.42767	934.44214
576.47894	936.20801
576.53027	939.98523
576.58154	951.4209
576.63287	947.7851
576.68414	935.24762
576.73541	940.34015
576.78674	937.8103
576.83801	937.16718
576.88934	939.60291
576.94061	936.74268
576.99188	942.39496
577.04321	943.92072
577.09448	945.97333
577.14581	936.04816
577.19708	939.86224
577.24835	943.93848
577.29968	941.33197
577.35095	943.11267
577.40228	946.8454
577.45355	938.52826
577.50482	937.60834
577.55615	940.37695
577.60742	938.00043
577.65875	936.97638
577.71002	933.05133
577.76129	935.04907
577.81262	943.59387
577.86389	945.125
577.91522	941.16138
577.96649	937.60034
578.01776	940.03589
578.06909	949.34985
578.12036	950.17682
578.17169	940.64771
578.22296	936.61005
578.27423	937.2652
578.32556	932.52887
578.37683	939.58923
578.42816	937.74408
578.47943	933.75745
578.5307	933.39063
578.58203	921.39435
578.6333	932.38867
578.68457	947.33942
578.7359	940.9126
578.78717	936.05261
578.8385	950.94275
578.88977	948.19678
578.94104	945.75128
578.99237	932.95227
579.04364	939.9505
579.09497	936.86108
579.14624	947.82916
579.19751	939.36615
579.24884	948.10712
579.30011	946.11157
579.35144	932.40204
579.40271	933.00122
579.45398	950.03094
579.50531	944.47931
579.55658	937.56335
579.60791	937.82892
579.65918	935.25543
579.71045	939.21136
579.76178	933.89148
579.81305	945.36353
579.86438	943.69232
579.91565	936.33099
579.96692	935.52789
580.01825	936.48547
580.06952	944.26294
580.12085	947.39911
580.17212	943.26868
580.22339	945.86963
580.27472	951.05139
580.32599	945.74579
580.37732	926.5694
580.42859	932.13098
580.47986	942.00098
580.53119	944.05579
580.58246	941.99939
580.63379	935.68457
580.68506	931.21149
580.73633	938.67755
580.78766	937.72223
580.83893	931.27332
580.89026	932.77594
580.94153	936.1972
580.9928	936.27393
581.04413	939.73096
581.0954	942.99579
581.14673	941.70807
581.198	944.24561
581.24927	939.02924
581.3006	933.80127
581.35187	940.20398
581.4032	942.90302
581.45447	936.7298
581.50574	945.26447
581.55707	937.66711
581.60834	927.11316
581.65967	934.83478
581.71094	935.33704
581.76221	936.27991
581.81354	936.86749
581.86481	942.18982
581.91608	936.289
581.96741	935.23602
582.01868	936.77374
582.07001	934.20404
582.12128	942.01563
582.17255	939.84393
582.22388	947.28558
582.27515	936.43219
582.32648	928.13495
582.37775	946.85883
582.42902	951.27722
582.48035	930.39612
582.53162	930.45886
582.58295	934.44037
582.63422	949.19141
582.68549	933.65363
582.73682	939.03278
582.78809	930.71417
582.83942	940.45135
582.89069	939.3432
582.94196	940.05151
582.99329	932.1369
583.04456	944.16614
583.09589	937.50208
583.14716	945.29877
583.19843	941.22363
583.24976	937.54846
583.30103	936.16095
583.35236	934.36719
583.40363	943.10297
583.4549	948.13104
583.50623	940.73944
583.5575	939.26514
583.60883	946.16125
583.6601	947.37994
583.71136	937.93414
583.7627	931.72449
583.81396	939.74561
583.8653	944.65601
583.91656	943.39301
583.96783	937.17426
584.01917	937.69116
584.07043	945.70728
584.12177	942.25629
584.17303	932.14044
584.2243	934.81335
584.27563	943.52258
584.3269	938.91595
584.37823	930.41229
584.4295	935.93451
584.48077	943.32697
584.5321	939.33545
584.58337	932.56946
584.6347	933.53204
584.68597	936.23669
584.73724	931.66455
584.78857	933.19489
584.83984	939.07971
584.89111	933.40051
584.94244	928.66138
584.99371	933.12695
585.04504	934.25812
585.09631	939.20715
585.14758	932.23492
585.19891	936.6864
585.25018	945.80292
585.30151	938.88843
585.35278	939.27191
585.40405	938.91742
585.45538	932.39777
585.50665	938.32013
585.55798	929.86755
585.60925	926.31604
585.66052	937.17218
585.71185	939.83594
585.76312	932.37366
585.81445	929.83807
585.86572	932.82642
585.91699	937.02161
585.96832	946.37482
586.01959	941.32111
586.07092	930.48328
586.12219	932.42633
586.17346	932.4223
586.22479	919.93152
586.27606	931.65338
586.32739	935.1311
586.37866	939.89063
586.42993	943.8927
586.48126	939.8219
586.53253	939.23047
586.58386	939.20313
586.63513	929.04706
586.6864	933.78241
586.73773	937.5672
586.789	933.28809
586.84033	942.29761
586.8916	935.76843
586.94287	930.73798
586.9942	938.90985
587.04547	931.01593
587.0968	924.78259
587.14807	936.51929
587.19934	945.30914
587.25067	940.79321
587.30194	932.55054
587.35327	937.52258
587.40454	936.09271
587.45581	930.27368
587.50714	925.09894
587.55841	926.79449
587.60974	938.82874
587.66101	937.24109
587.71228	938.77429
587.76361	947.16473
587.81488	941.83008
587.86615	934.01074
587.91748	930.53784
587.96875	933.20801
588.02008	934.2923
588.07135	933.42297
588.12262	940.10858
588.17395	936.08795
588.22522	924.90143
588.27655	924.80835
588.32782	930.271
588.37909	931.69183
588.43042	936.30426
588.48169	940.18878
588.53302	937.28131
588.58429	932.66412
588.63556	937.56458
588.68689	938.57733
588.73816	930.46741
588.78949	929.26868
588.84076	940.17664
588.89203	942.41315
588.94336	937.5675
588.99463	939.33289
589.04596	937.24786
589.09723	936.69293
589.1485	926.74963
589.19983	931.80499
589.2511	930.53107
589.30243	922.19427
589.3537	926.79425
589.40497	938.36932
589.4563	955.14984
589.50757	934.97278
589.5589	939.86133
589.61017	922.64197
589.66144	924.97943
589.71277	953.51819
589.76404	939.6814
589.81537	927.80573
589.86664	917.85986
589.91791	944.83362
589.96924	935.21417
590.02051	929.77631
590.07184	922.10376
590.12311	935.56403
590.17438	925.00391
590.22571	947.43591
590.27698	937.63062
590.32831	937.71082
590.37958	941.46533
590.43085	933.24738
590.48218	927.1424
590.53345	935.47424
590.58478	939.60132
590.63605	923.4364
590.68732	933.57043
590.73865	933.16376
590.78992	927.38654
590.84125	922.42719
590.89252	928.45178
590.94379	930.52716
590.99512	925.23071
591.04639	927.33765
591.09766	932.31879
591.14899	934.38171
591.20026	933.5249
591.25159	928.56213
591.30286	932.62573
591.35413	928.61206
591.40546	921.62628
591.45673	929.66675
591.50806	937.09564
591.55933	941.63373
591.6106	937.04749
591.66193	929.94287
591.7132	932.40363
591.76453	933.89166
591.8158	929.52045
591.86707	924.67322
591.9184	927.60498
591.96967	930.5368
592.021	926.8252
592.07227	921.29346
592.12354	924.42072
592.17487	924.72229
592.22614	932.87506
592.27747	933.56305
592.32874	931.86517
592.38	938.31873
592.43134	931.22815
592.4826	922.42242
592.53394	923.69989
592.58521	936.80695
592.63647	926.27325
592.68781	923.50427
592.73907	924.79193
592.79041	935.88611
592.84167	934.78717
592.89294	930.32892
592.94427	933.56622
592.99554	939.0351
593.04688	943.33655
593.09814	921.0871
593.14941	931.99463
593.20074	935.01337
593.25201	938.12054
593.30334	931.67242
593.35461	933.25708
593.40588	946.07465
593.45721	932.63971
593.50848	937.42694
593.55981	928.51166
593.61108	925.50049
593.66235	923.48041
593.71368	930.0863
593.76495	917.1532
593.81628	926.56964
593.86755	935.56903
593.91882	916.36938
593.97015	916.03894
594.02142	933.80963
594.07269	931.00714
594.12402	931.87927
594.17529	916.17603
594.22662	934.6228
594.27789	935.83331
594.32916	930.25763
594.38049	934.55463
594.43176	935.23297
594.48309	930.40637
594.53436	925.20514
594.58563	926.13849
594.63696	929.79517
594.68823	927.31573
594.73956	935.62695
594.79083	924.71832
594.8421	921.15472
594.89343	924.08258
594.9447	927.32574
594.99603	930.61316
595.0473	936.65662
595.09857	931.12384
595.1499	926.2218
595.20117	921.92346
595.2525	935.1333
595.30377	938.612
595.35504	929.87823
595.40637	926.35486
595.45764	931.23096
595.50897	940.48322
595.56024	928.54681
595.61151	920.12976
595.66284	929.69983
595.71411	938.72595
595.76544	937.3988
595.81671	931.45752
595.86798	936.98145
595.91931	931.54651
595.97058	930.52661
596.02191	928.38708
596.07318	919.66553
596.12445	928.03479
596.17578	925.38879
596.22705	921.72852
596.27838	924.36096
596.32965	936.0083
596.38092	925.20215
596.43225	920.65802
596.48352	920.5567
596.53485	925.55615
596.58612	932.91956
596.63739	922.92682
596.68872	920.21588
596.73999	936.75452
596.79132	933.66425
596.84259	926.29059
596.89386	925.83496
596.94519	930.15625
596.99646	930.78131
597.04779	917.86169
597.09906	929.10156
597.15033	930.33832
597.20166	926.00415
597.25293	923.69812
597.3042	931.60638
597.35553	932.16339
597.4068	932.46008
597.45813	918.7002
597.5094	917.79175
597.56067	930.41858
597.612	937.81592
597.66327	919.05109
597.7146	917.87311
597.76587	933.87854
597.81714	928.27325
597.86847	925.07245
597.91974	926.02954
597.97107	928.97931
598.02234	933.36829
598.07361	928.81757
598.12494	927.92139
598.17621	924.09515
598.22754	926.67914
598.27881	918.17627
598.33008	919.84747
598.38141	919.20264
598.43268	926.48077
598.48401	928.8587
598.53528	918.94025
598.58655	927.48218
598.63788	929.47076
598.68915	926.85541
598.74048	915.97095
598.79175	922.29059
598.84302	930.65771
598.89435	920.88361
598.94562	919.43109
598.99695	920.86932
599.04822	927.00024
599.09949	924.72192
599.15082	922.67267
599.20209	925.50354
599.25342	932.17151
599.30469	928.69275
599.35596	917.61829
599.40729	928.07343
599.45856	925.76361
599.50989	923.28375
599.56116	927.47803
599.61243	932.93457
599.66376	928.69135
599.71503	932.05206
599.76636	932.06982
599.81763	928.45129
599.8689	929.427
599.92023	926.63983
599.9715	921.27319
600.02283	922.84924
600.0741	929.84393
600.12537	931.258
600.1767	924.8504
600.22797	924.17621
600.27924	926.11047
600.33057	926.35724
600.38184	923.91724
600.43317	925.18817
600.48444	930.65411
600.53571	926.14063
600.58704	923.57343
600.63831	925.00757
600.68964	928.39008
600.74091	932.76233
600.79218	934.26843
600.84351	931.18719
600.89478	927.76166
600.94611	922.3587
600.99738	924.6662
601.04865	923.67102
601.09998	928.33759
601.15125	932.34381
601.20258	930.26709
601.25385	920.77948
601.30511	922.69794
601.35645	927.99835
601.40771	921.83942
601.45905	922.03809
601.51031	925.83093
601.56158	925.07196
601.61292	928.26019
601.66418	910.40173
601.71552	929.01984
601.76678	927.49786
601.81805	920.7326
601.86938	930.21307
601.92065	932.0957
601.97198	931.1554
602.02325	933.12659
602.07452	934.11609
602.12585	935.10315
602.17712	937.98999
602.22845	934.40784
602.27972	921.27985
602.33099	931.89148
602.38232	935.81458
602.43359	931.79895
602.48492	924.31525
602.53619	924.00128
602.58746	939.83118
602.63879	930.22687
602.69006	923.99951
602.74139	926.2818
602.79266	924.13293
602.84393	919.45032
602.89526	923.29553
602.94653	923.04297
602.99786	925.6817
603.04913	925.14465
603.1004	922.86053
603.15173	927.41339
603.203	930.83734
603.25427	918.80426
603.3056	924.51294
603.35687	932.62128
603.4082	932.78711
603.45947	927.07733
603.51074	923.30524
603.56207	927.91034
603.61334	929.1825
603.66467	926.23792
603.71594	923.31128
603.76721	925.87738
603.81854	929.44275
603.86981	921.60498
603.92114	920.51587
603.97241	932.87305
604.02368	935.54169
604.07501	934.22479
604.12628	935.33777
604.17761	929.62073
604.22888	935.18542
604.28015	937.24017
604.33148	930.62103
604.38275	934.87695
604.43408	931.80139
604.48535	930.54681
604.53662	923.67474
604.58795	927.20062
604.63922	922.27869
604.69055	922.56635
604.74182	938.55762
604.79309	925.29608
604.84442	925.71979
604.89569	927.43073
604.94702	922.83917
604.99829	934.18304
605.04956	923.07458
605.10089	920.25128
605.15216	919.07629
605.20349	914.96661
605.25476	934.21826
605.30603	928.32819
605.35736	929.31635
605.40863	920.59436
605.45996	919.37952
605.51123	938.1651
605.5625	924.53448
605.61383	926.0766
605.6651	930.82172
605.71643	928.71124
605.7677	927.48883
605.81897	912.06897
605.8703	926.8819
605.92157	936.10028
605.9729	932.54285
606.02417	921.90271
606.07544	924.01147
606.12677	927.64978
606.17804	938.04236
606.22937	931.92065
606.28064	931.23505
606.33191	930.29388
606.38324	933.48914
606.43451	925.38037
606.48578	928.22522
606.53711	940.0509
606.58838	944.40271
606.63971	930.44745
606.69098	927.3299
606.74225	930.83459
606.79358	925.91974
606.84485	932.25696
606.89618	934.039
606.94745	925.83875
606.99872	926.94318
607.05005	934.32574
607.10132	935.13232
607.15265	928.6955
607.20392	924.5553
607.25519	923.44238
607.30652	925.09332
607.35779	925.46594
607.40912	919.01593
607.46039	915.28943
607.51166	922.33167
607.56299	932.15997
607.61426	933.59198
607.66559	922.08423
607.71686	919.14044
607.76813	927.97858
607.81946	921.47589
607.87073	921.97418
607.92206	923.24921
607.97333	925.5376
608.0246	933.84564
608.07593	923.1142
608.1272	923.23126
608.17853	930.54364
608.2298	924.49121
608.28107	919.40906
608.3324	924.81873
608.38367	921.00696
608.435	934.25739
608.48627	931.86694
608.53754	936.35211
608.58887	933.39941
608.64014	930.4209
608.69147	926.58362
608.74274	931.51282
608.79401	929.57062
608.84534	924.70264
608.89661	926.44409
608.94794	931.22955
608.99921	930.62347
609.05048	927.82587
609.10181	919.51538
609.15308	925.58081
609.20441	928.2851
609.25568	931.10724
609.30695	930.72949
609.35828	922.36462
609.40955	923.79242
609.46082	926.94568
609.51215	924.47272
609.56342	915.20667
609.61475	914.07544
609.66602	925.57294
609.71729	918.10034
609.76862	922.73401
609.81989	926.59485
609.87122	925.92419
609.92249	910.44574
609.97375	919.37134
610.02509	917.88782
610.07635	925.77271
610.12769	924.39624
610.17896	920.55072
610.23022	924.90973
610.28156	920.48602
610.33282	913.99615
610.38416	921.61981
610.43542	927.57269
610.48669	927.13416
610.53802	930.0946
610.58929	937.29895
610.64063	945.92737
610.69189	946.87872
610.74316	935.66791
610.79449	926.54797
610.84576	929.06055
610.89709	927.81238
610.94836	927.80963
610.99963	925.37714
611.05096	930.08875
611.10223	933.39813
611.15356	923.54529
611.20483	919.96527
611.2561	927.68018
611.30743	925.25623
611.3587	923.5459
611.41003	932.62274
611.4613	921.24005
611.51257	931.58679
611.5639	913.89258
611.61517	919.43848
611.6665	924.23145
611.71777	931.8634
611.76904	932.00446
611.82037	926.69391
611.87164	921.52216
611.92297	934.5307
611.97424	923.38525
612.02551	919.37238
612.07684	915.40112
612.12811	926.56262
612.17944	923.09393
612.23071	935.64032
612.28198	928.74445
612.33331	937.61456
612.38458	932.88751
612.43591	915.52075
612.48718	923.24524
612.53845	926.54303
612.58978	935.91071
612.64105	920.5354
612.69232	918.76563
612.74365	924.00726
612.79492	923.05475
612.84625	926.15344
612.89752	926.77777
612.94879	918.61597
613.00012	930.42896
613.05139	929.05273
613.10272	930.88806
613.15399	932.55377
613.20526	934.29004
613.25659	925.27637
613.30786	918.9278
613.35919	926.96985
613.41046	939.78534
613.46173	927.57385
613.51306	929.09558
613.56433	926.67487
613.61566	932.34485
613.66693	929.75171
613.7182	924.8266
613.76953	926.6106
613.8208	926.09467
613.87213	925.40088
613.9234	925.83881
613.97467	924.22778
614.026	925.46686
614.07727	922.74615
614.1286	921.81891
614.17987	929.71301
614.23114	931.04456
614.28247	928.77039
614.33374	926.77258
614.38507	925.00568
614.43634	928.28308
614.48761	928.07336
614.53894	931.89166
614.59021	932.80573
614.64154	922.67468
614.69281	925.53949
614.74408	923.56195
614.79541	923.11499
614.84668	928.80615
614.89801	931.76831
614.94928	930.02753
615.00055	923.31042
615.05188	932.65741
615.10315	930.02985
615.15448	921.25665
615.20575	915.44495
615.25702	930.66431
615.30835	934.49341
615.35962	921.75958
615.41095	935.62079
615.46222	932.39514
615.51349	924.06677
615.56482	931.26245
615.61609	925.93933
615.66736	925.51123
615.71869	921.67175
615.76996	931.00757
615.82129	931.58838
615.87256	924.08167
615.92383	927.73987
615.97516	915.99707
616.02643	923.89111
616.07776	929.83063
616.12903	934.78833
616.1803	931.17279
616.23163	924.41309
616.2829	923.05499
616.33423	923.89246
616.3855	921.29492
616.43677	920.10498
616.4881	926.94739
616.53937	925.42358
616.5907	918.24969
616.64197	923.63916
616.69324	930.71704
616.74457	923.98047
616.79584	928.32867
616.84717	926.90656
616.89844	923.72687
616.94971	926.01587
617.00104	918.18317
617.05231	921.53387
617.10364	926.15662
617.15491	928.42291
617.20618	928.35065
617.25751	922.67749
617.30878	926.60315
617.36011	930.04309
617.41138	931.93683
617.46265	917.01691
617.51398	922.12744
617.56525	932.0553
617.61658	925.71191
617.66785	922.18933
617.71912	921.4118
617.77045	922.21649
617.82172	924.0705
617.87305	927.65192
617.92432	929.58386
617.97559	927.59515
618.02692	926.61121
618.07819	927.91949
618.12952	930.53418
618.18079	935.41016
618.23206	932.72083
618.28339	920.28644
618.33466	921.84924
618.38599	926.86346
618.43726	923.70898
618.48853	917.87836
618.53986	920.43237
618.59113	925.34021
618.64246	937.17627
618.69373	932.71027
618.745	929.71954
618.79633	932.82312
618.8476	925.17999
618.89886	929.6308
618.9502	932.72131
619.00146	928.58783
619.0528	929.30017
619.10406	923.97437
619.15533	918.2915
619.20667	931.46729
619.25793	928.15594
619.30927	927.43243
619.36053	924.22467
619.4118	930.56384
619.46313	925.31415
619.5144	917.9826
619.56573	917.23657
619.617	929.72278
619.66827	937.01312
619.7196	933.49182
619.77087	918.30493
619.8222	922.36121
619.87347	932.13593
619.92474	920.30249
619.97607	915.30548
620.02734	927.76166
620.07867	941.54083
620.12994	926.22662
620.18121	926.13837
620.23254	928.95929
620.28381	922.9054
620.33514	921.33087
620.38641	926.48254
620.43768	922.0412
620.48901	937.41083
620.54028	927.65869
620.59161	921.1073
620.64288	935.6875
620.69415	932.03528
620.74548	924.72687
620.79675	928.6712
620.84808	929.48834
620.89935	927.75421
620.95062	922.83344
621.00195	921.25952
621.05322	922.68713
621.10455	923.96552
621.15582	929.07446
621.20709	928.57697
621.25842	923.96863
621.30969	935.2536
621.36102	936.55402
621.41229	927.04523
621.46356	931.84668
621.51489	934.89423
621.56616	931.53363
621.61749	926.27802
621.66876	922.17609
621.72003	932.83356
621.77136	931.57239
621.82263	918.63892
621.8739	923.49908
621.92523	928.81812
621.9765	927.77795
622.02783	930.26935
622.0791	927.62842
622.13037	927.37146
622.1817	931.0188
622.23297	925.08765
622.2843	924.2804
622.33557	931.73853
622.38684	928.47052
622.43817	923.46899
622.48944	921.35895
622.54077	920.31683
622.59204	936.43115
622.64331	940.48901
622.69464	929.61444
622.74591	932.66437
622.79724	933.94354
622.84851	934.81708
622.89978	931.52429
622.95111	927.38519
623.00238	929.17865
623.05371	925.15405
623.10498	924.8147
623.15625	928.01019
623.20758	931.71252
623.25885	919.67841
623.31018	917.72784
623.36145	926.86542
623.41272	939.40448
623.46405	933.79639
623.51532	935.58496
623.56665	928.46362
623.61792	920.97894
623.66919	925.68457
623.72052	917.97363
623.77179	925.25427
623.82312	922.83502
623.87439	931.13477
623.92566	922.61713
623.97699	931.45465
624.02826	933.43274
624.07959	930.49005
624.13086	922.66272
624.18213	938.77606
624.23346	936.60437
624.28473	928.02454
624.33606	920.0639
624.38733	934.97925
624.4386	928.3595
624.48993	924.79968
624.5412	927.97693
624.59253	932.79437
624.6438	929.21198
624.69507	920.91425
624.7464	926.9436
624.79767	929.302
624.84894	931.09882
624.90027	922.7677
624.95154	920.49438
625.00287	928.19037
625.05414	926.71179
625.10541	934.45026
625.15674	935.30463
625.20801	929.45691
625.25934	933.90442
625.31061	922.5542
625.36188	925.44226
625.41321	927.49878
625.46448	926.52484
625.51581	921.3172
625.56708	925.56323
625.61835	925.14099
625.66968	926.23035
625.72095	922.50208
625.77228	925.06067
625.82355	928.96564
625.87482	925.13684
625.92615	924.78204
625.97742	925.46429
626.02875	922.42377
626.08002	928.39691
626.13129	934.54352
626.18262	931.07458
626.23389	930.03253
626.28522	930.6228
626.33649	929.11316
626.38776	926.77087
626.43909	925.46356
626.49036	928.72809
626.54169	928.66882
626.59296	920.12756
626.64423	922.65912
626.69556	935.45178
626.74683	930.2641
626.79816	929.9964
626.84943	938.56262
626.9007	937.61981
626.95203	936.04474
627.0033	928.30322
627.05463	927.01575
627.1059	926.78448
627.15717	930.46313
627.2085	929.68488
627.25977	921.88702
627.3111	923.61127
627.36237	930.82898
627.41364	940.65271
627.46497	929.16681
627.51624	932.67804
627.56757	910.52643
627.61884	920.76929
627.6701	931.15112
627.72144	932.58264
627.77271	927.51593
627.82404	931.62512
627.87531	925.26166
627.92657	930.5304
627.97791	936.13666
628.02917	922.1861
628.08044	928.34186
628.13177	936.55902
628.18304	933.82104
628.23438	917.9668
628.28564	924.83411
628.33691	929.7807
628.38824	934.65857
628.43951	927.7326
628.49084	923.76746
628.54211	925.65381
628.59338	934.36615
628.64471	929.01154
628.69598	922.14325
628.74731	936.56488
628.79858	930.39093
628.84985	937.87305
628.90118	929.78998
628.95245	923.4303
629.00378	936.69513
629.05505	937.87708
629.10632	928.39252
629.15765	945.19354
629.20892	933.85608
629.26025	931.5675
629.31152	934.17114
629.36279	934.75659
629.41412	943.37585
629.46539	934.18292
629.51672	933.81207
629.56799	925.01141
629.61926	926.94672
629.67059	928.77484
629.72186	931.64795
629.77319	935.6073
629.82446	932.61255
629.87573	926.68329
629.92706	917.38214
629.97833	927.70648
630.02966	930.88885
630.08093	927.51782
630.1322	926.17255
630.18353	925.80542
630.2348	938.57513
630.28613	930.09259
630.3374	928.18744
630.38867	933.09204
630.44	938.5932
630.49127	939.94751
630.5426	937.91278
630.59387	940.95642
630.64514	937.62305
630.69647	935.38702
630.74774	934.34216
630.79907	930.35321
630.85034	937.01636
630.90161	941.57617
630.95294	936.93787
631.00421	935.85419
631.05548	936.29242
631.10681	931.76563
631.15808	932.31104
631.20941	936.81909
631.26068	927.86945
631.31195	930.54462
631.36328	929.31256
631.41455	921.3197
631.46588	926.67706
631.51715	931.8847
631.56842	930.57581
631.61975	931.06549
631.67102	936.97412
631.72235	934.89697
631.77362	930.03912
631.82489	923.677
631.87622	939.69946
631.92749	939.37396
631.97882	933.37231
632.03009	936.51733
632.08136	931.91821
632.13269	931.70953
632.18396	929.11157
632.23529	922.11774
632.28656	926.53479
632.33783	940.55237
632.38916	930.21454
632.44043	936.64221
632.49176	935.35822
632.54303	938.4585
632.5943	940.54401
632.64563	930.27252
632.6969	933.14832
632.74823	934.26532
632.7995	926.50879
632.85077	922.46393
632.9021	943.7467
632.95337	939.61035
633.0047	932.39044
633.05597	943.99963
633.10724	944.91241
633.15857	939.93365
633.20984	925.08868
633.26117	947.59656
633.31244	951.88275
633.36371	929.85217
633.41504	940.41492
633.46631	933.47052
633.51764	933.93475
633.56891	938.61169
633.62018	936.27704
633.67151	927.00537
633.72278	932.24988
633.77411	929.49695
633.82538	941.20648
633.87665	935.28326
633.92798	939.97833
633.97925	939.35114
634.03058	937.37445
634.08185	940.31573
634.13312	931.32593
634.18445	938.6358
634.23572	937.10004
634.28699	934.49109
634.33832	943.28021
634.38959	945.29651
634.44092	938.32001
634.49219	938.27734
634.54346	947.0777
634.59479	946.47595
634.64606	945.07062
634.69739	940.18726
634.74866	944.26801
634.79993	945.7243
634.85126	945.7514
634.90253	936.20544
634.95386	936.27753
635.00513	938.45361
635.0564	945.6347
635.10773	941.44385
635.159	943.40607
635.21033	946.30701
635.2616	938.03998
635.31287	934.26788
635.3642	939.66272
635.41547	947.59009
635.4668	943.97485
635.51807	941.89868
635.56934	948.30145
635.62067	958.40576
635.67194	953.90662
635.72327	948.63574
635.77454	955.11774
635.82581	956.62128
635.87714	952.43512
635.92841	940.69653
635.97974	943.97723
636.03101	950.08661
636.08228	942.45062
636.13361	943.73718
636.18488	941.51245
636.23621	940.77441
636.28748	937.27887
636.33875	940.4339
636.39008	953.45905
636.44135	947.26453
636.49268	955.82642
636.54395	953.11792
636.59521	951.53082
636.64655	956.83984
636.69781	955.6662
636.74915	946.83331
636.80042	943.63708
636.85168	950.4762
636.90302	944.24939
636.95428	951.13794
637.00562	949.7569
637.05688	952.97205
637.10815	947.54712
637.15948	943.3667
637.21075	948.9787
637.26202	956.90796
637.31335	963.83026
637.36462	964.12738
637.41595	954.50665
637.46722	951.75513
637.51849	953.4259
637.56982	948.93823
637.62109	950.55963
637.67242	967.83807
637.72369	953.87939
637.77496	962.00989
637.82629	939.06091
637.87756	956.20245
637.92889	971.36456
637.98016	942.90424
638.03143	961.85852
638.08276	956.45459
638.13403	958.63068
638.18536	946.4444
638.23663	950.88873
638.2879	969.37402
638.33923	973.02246
638.3905	952.3197
638.44183	959.26001
638.4931	972.10028
638.54437	962.54535
638.5957	964.23895
638.64697	969.09747
638.6983	962.67767
638.74957	958.56006
638.80084	980.63031
638.85217	967.58911
638.90344	968.14722
638.95477	985.45972
639.00604	977.5108
639.05731	974.56549
639.10864	970.8371
639.15991	966.01013
639.21124	957.63098
639.26251	970.75806
639.31378	983.41443
639.36511	974.5755
639.41638	972.35425
639.46771	969.92493
639.51898	964.5495
639.57025	976.04895
639.62158	980.93414
639.67285	971.29572
639.72418	970.67041
639.77545	978.18842
639.82672	978.13464
639.87805	961.12268
639.92932	972.17664
639.98065	978.38782
640.03192	981.23944
640.08319	987.31622
640.13452	987.31427
640.18579	981.60333
640.23712	969.25873
640.28839	981.75629
640.33966	995.0177
640.39099	992.21716
640.44226	981.73029
640.49353	982.47595
640.54486	996.02362
640.59613	1003.6537
640.64746	990.49554
640.69873	980.83374
640.75	997.47986
640.80133	1001.9118
640.8526	985.5993
640.90393	985.31177
640.9552	1002.5081
641.00647	1006.0073
641.0578	994.49438
641.10907	992.66455
641.1604	995.42224
641.21167	1003.6313
641.26294	1002.454
641.31427	991.97559
641.36554	992.43634
641.41687	997.27142
641.46814	1000.5446
641.51941	999.02252
641.57074	996.6886
641.62201	1006.3679
641.67334	1011.1414
641.72461	1004.6767
641.77588	1020.7101
641.82721	1021.3894
641.87848	1005.1346
641.92981	995.39441
641.98108	993.16455
642.03235	997.88092
642.08368	1000.6904
642.13495	1002.035
642.18628	1003.0579
642.23755	1014.8708
642.28882	1012.9241
642.34015	1009.6168
642.39142	1014.7344
642.44275	1003.6083
642.49402	1019.6028
642.54529	1023.1055
642.59662	1024.2747
642.64789	1035.1953
642.69922	1030.5032
642.75049	1032.368
642.80176	1044.3525
642.85309	1043.7128
642.90436	1058.3176
642.95569	1042.1042
643.00696	1046.7229
643.05823	1042.3516
643.10956	1035.8237
643.16083	1031.7463
643.21216	1044.3362
643.26343	1040.1119
643.3147	1045.4814
643.36603	1038.4169
643.4173	1058.8663
643.46857	1054.0498
643.5199	1051.8835
643.57117	1061.0836
643.6225	1064.269
643.67377	1062.855
643.72504	1072.5536
643.77637	1061.567
643.82764	1054.031
643.87897	1093.9056
643.93024	1097.3722
643.98151	1092.3645
644.03284	1071.052
644.08411	1081.0038
644.13544	1114.998
644.18671	1126.7726
644.23798	1133.1545
644.28931	1167.3898
644.34058	1130.7245
644.39191	1146.8801
644.44318	1140.3446
644.49445	1158.8552
644.54578	1159.261
644.59705	1163.0211
644.64838	1161.1545
644.69965	1170.5364
644.75092	1155.0618
644.80225	1152.6154
644.85352	1181.9629
644.90485	1178.9106
644.95612	1187.5359
645.00739	1199.9552
645.05872	1206.7047
645.10999	1228.855
645.16132	1218.5729
645.21259	1229.7537
645.26385	1234.1541
645.31519	1252.5193
645.36646	1235.1486
645.41779	1240.0439
645.46906	1265.6339
645.52032	1261.8405
645.57166	1289.7147
645.62292	1290.2378
645.67426	1280.3441
645.72552	1281.2355
645.77679	1283.0486
645.82813	1287.7197
645.87939	1303.8889
645.93073	1310.1072
645.98199	1352.4921
646.03326	1364.129
646.08459	1362.2998
646.13586	1393.8751
646.18719	1401.2622
646.23846	1420.28
646.28973	1435.8531
646.34106	1469.2869
646.39233	1478.6384
646.4436	1496.4678
646.49493	1526.2133
646.5462	1525.13
646.59753	1596.3644
646.6488	1614.4915
646.70007	1618.642
646.7514	1651.9811
646.80267	1704.0886
646.854	1708.6644
646.90527	1736.0712
646.95654	1779.6902
647.00787	1780.0239
647.05914	1813.1387
647.11047	1796.7554
647.16174	1794.2322
647.21301	1814.3282
647.26434	1826.3441
647.31561	1800.472
647.36694	1813.5803
647.41821	1792.8074
647.46948	1785.0255
647.52081	1808.1699
647.57208	1786.4403
647.62341	1795.0348
647.67468	1802.8462
647.72595	1796.2008
647.77728	1842.5706
647.82855	1882.4664
647.87988	1870.4414
647.93115	1879.738
647.98242	1902.5372
648.03375	1916.3115
648.08502	1920.4944
648.13635	1955.9272
648.18762	1985.6975
648.23889	2038.6989
648.29022	2073.1587
648.34149	2134.488
648.39282	2191.1655
648.44409	2232.3564
648.49536	2229.616
648.54669	2256.814
648.59796	2304.5771
648.64929	2314.3679
648.70056	2314.9565
648.75183	2315.2229
648.80316	2326.9333
648.85443	2367.5151
648.90576	2373.2429
648.95703	2351.0771
649.0083	2384.418
649.05963	2440.7507
649.1109	2426.4321
649.16223	2416.1519
649.2135	2478.0015
649.26477	2466.5027
649.3161	2452.0923
649.36737	2500.6016
649.4187	2550.1812
649.46997	2545.2371
649.52124	2583.7285
649.57257	2604.5574
649.62384	2560.4404
649.67511	2599.5991
649.72644	2636.574
649.77771	2667.6011
649.82904	2613.7668
649.88031	2603.6313
649.93158	2534.8337
649.98291	2584.6099
650.03418	2636.3799
650.08551	2596.843
650.13678	2520.7703
650.18805	2528.9043
650.23938	2523.9668
650.29065	2522.5935
650.34198	2539.0527
650.39325	2533.49
650.44452	2487.8958
650.49585	2530.1467
650.54712	2550.1677
650.59845	2541.2642
650.64972	2522.1218
650.70099	2657.2476
650.75232	2568.1643
650.80359	2638.873
650.85492	2611.5417
650.90619	2643.2605
650.95746	2681.8262
651.00879	2773.7429
651.06006	2832.4912
651.11139	2795.2571
651.16266	2876.7876
651.21393	2835.6877
651.26526	2920.342
651.31653	2961.8208
651.36786	3013.0137
651.41913	3076.1782
651.4704	3093.5386
651.52173	3057.3486
651.573	3029.5037
651.62433	3184.2654
651.6756	3141.3875
651.72687	3171.0376
651.7782	3206.927
651.82947	3297.5957
651.8808	3291.741
651.93207	3331.9807
651.98334	3353.4736
652.03467	3343.8125
652.08594	3379.7188
652.13727	3426.9587
652.18854	3496.4343
652.23981	3442.8677
652.29114	3471.4797
652.34241	3466.9155
652.39374	3426.7278
652.44501	3569.8579
652.49628	3640.1001
652.54761	3675.9922
652.59888	3676.0103
652.65015	3636.4985
652.70148	3684.0442
652.75275	3819.4834
652.80408	3832.2478
652.85535	3858.6604
652.90662	3855.8315
652.95795	3878.7627
653.00922	3895.0337
653.06055	3853.3831
653.11182	3865.5
653.16309	3846.28
653.21442	3842.9709
653.26569	3845.6116
653.31702	3832.821
653.36829	3824.5952
653.41956	3775.7227
653.47089	3692.8831
653.52216	3627.583
653.57349	3670.4258
653.62476	3651.2004
653.67603	3579.2734
653.72736	3511.772
653.77863	3421.6763
653.82996	3414.5588
653.88123	3410.45
653.9325	3369.6987
653.98383	3326.9053
654.0351	3298.3069
654.08643	3250.29
654.1377	3273.0251
654.18896	3260.3628
654.2403	3235.6931
654.29156	3182.5554
654.3429	3186.5298
654.39417	3147.4795
654.44543	3090.634
654.49677	3131.8442
654.54803	3080.2861
654.59937	3133.6213
654.65063	3162.3013
654.7019	3146.7942
654.75323	3070.6555
654.8045	3105.6692
654.85583	3080.4722
654.9071	3056.3711
654.95837	3133.8835
655.0097	3134.6377
655.06097	3100.4302
655.1123	3004.8679
655.16357	3184.6541
655.21484	3085.2388
655.26617	3055.2144
655.31744	3126.0154
655.36877	3028.644
655.42004	3115.3853
655.47131	3214.3662
655.52264	3107.4958
655.57391	3173.541
655.62524	3193.3213
655.67651	3224.939
655.72778	3159.1794
655.77911	3179.5991
655.83038	3137.5688
655.88165	3211.7393
655.93298	3223.9175
655.98425	3164.5806
656.03558	3243.2153
656.08685	3198.387
656.13812	3188.0415
656.18945	3223.5217
656.24072	3294.4995
656.29205	3256.4478
656.34332	3237.5029
656.39459	3340.1208
656.44592	3313.4087
656.49719	3289.6699
656.54852	3251.9165
656.59979	3307.949
656.65106	3315.9187
656.70239	3359.9939
656.75366	3336.918
656.80499	3321.052
656.85626	3338.9028
656.90753	3343.3882
656.95886	3353.418
657.01013	3349.0576
657.06146	3349.813
657.11273	3399.26
657.164	3441.019
657.21533	3415.7852
657.2666	3382.1335
657.31793	3456.7947
657.3692	3423.6165
657.42047	3390.9641
657.4718	3440.9214
657.52307	3473.74
657.5744	3441.1987
657.62567	3416.0854
657.67694	3482.6775
657.72827	3482.8865
657.77954	3488.0471
657.83087	3448.4641
657.88214	3395.7424
657.93341	3422.1626
657.98474	3419.6094
658.03601	3432.062
658.08734	3447.8704
658.13861	3451.1736
658.18988	3446.9897
658.24121	3432.8367
658.29248	3435.3855
658.34381	3445.7729
658.39508	3463.1665
658.44635	3442.106
658.49768	3468.0923
658.54895	3468.5249
658.60028	3420.3103
658.65155	3433.8291
658.70282	3428.8652
658.75415	3456.8125
658.80542	3449.8184
658.85669	3454.9744
658.90802	3472.1606
658.95929	3487.4839
659.01062	3474.3948
659.06189	3438.5938
659.11316	3462.9404
659.16449	3534.3655
659.21576	3508.9626
659.26709	3528.4709
659.31836	3568.5486
659.36963	3534.8113
659.42096	3513.5574
659.47223	3586.9204
659.52356	3563.2402
659.57483	3607.7603
659.6261	3585.6023
659.67743	3632.9082
659.7287	3664.6299
659.78003	3677.312
659.8313	3715.8398
659.88257	3694.6436
659.9339	3854.2197
659.98517	3791.4678
660.0365	3839.0388
660.08777	3851.936
660.13904	3828.0679
660.19037	3851.9324
660.24164	3890.9702
660.29297	3856.3606
660.34424	3889.8943
660.39551	3890.1936
660.44684	3933.1323
660.49811	3884.8276
660.54944	3948.6375
660.60071	3926.0457
660.65198	3927.043
660.70331	3847.0281
660.75458	3931.1267
660.80591	3883.6548
660.85718	3923.2952
660.90845	3949.7395
660.95978	3945.4453
661.01105	4026.8845
661.06238	3816.791
661.11365	3791.7292
661.16492	3906.3428
661.21625	3830.8867
661.26752	3837.7441
661.31885	3857.5684
661.37012	3865.3059
661.42139	3858.4629
661.47272	3885.8083
661.52399	3802.7639
661.57532	3730.7805
661.62659	3737.9036
661.67786	3718.8308
661.72919	3759.3242
661.78046	3679.2527
661.83173	3609.9285
661.88306	3594.1296
661.93433	3611.3799
661.98566	3650.1013
662.03693	3611.0112
662.0882	3609.9766
662.13953	3530.6453
662.1908	3548.3696
662.24213	3555.2319
662.2934	3517.4561
662.34467	3520.9675
662.396	3539.3389
662.44727	3536.3093
662.4986	3425.7861
662.54987	3409.845
662.60114	3434.1895
662.65247	3471.5547
662.70374	3456.3467
662.75507	3392.6431
662.80634	3331.6719
662.8576	3349.459
662.90894	3295.5552
662.96021	3369.0801
663.01154	3391.9795
663.06281	3343.0081
663.11407	3344.6797
663.16541	3307.5532
663.21667	3286.5862
663.26801	3265.6829
663.31927	3279.2253
663.37054	3295.0872
663.42188	3276.7847
663.47314	3257.9902
663.52448	3212.3528
663.57574	3204.8977
663.62701	3210.0571
663.67834	3195.9331
663.72961	3199.5618
663.78094	3215.7173
663.83221	3179.5962
663.88348	3100.094
663.93481	3111.6028
663.98608	3119.1465
664.03741	3124.2119
664.08868	3083.2998
664.13995	3030.5051
664.19128	3050.0889
664.24255	3028.3203
664.29388	3025.6436
664.34515	2995.7979
664.39642	3010.6218
664.44775	2972.7451
664.49902	2927.8621
664.55035	2937.8345
664.60162	2907.7727
664.65289	2874.199
664.70422	2861.0903
664.75549	2867.0427
664.80682	2852.8379
664.85809	2789.6345
664.90936	2762.1355
664.96069	2718.8186
665.01196	2747.6213
665.06323	2748.554
665.11456	2712.6616
665.16583	2669.9346
665.21716	2622.2791
665.26843	2658.2463
665.3197	2578.0718
665.37103	2610.6201
665.4223	2623.6995
665.47363	2618.6772
665.5249	2535.6841
665.57617	2550.1558
665.6275	2596.9299
665.67877	2527.73
665.7301	2546.6458
665.78137	2522.7397
665.83264	2511.6265
665.88397	2523.094
665.93524	2477.7393
665.98657	2477.6189
666.03784	2450.6414
666.08911	2481.6489
666.14044	2427.5325
666.19171	2409.7397
666.24304	2419.668
666.29431	2494.5725
666.34558	2364.0251
666.39691	2406.1875
666.44818	2370.3601
666.49951	2384.9131
666.55078	2355.6575
666.60205	2382.7034
666.65338	2348.7361
666.70465	2299.1089
666.75598	2331.0481
666.80725	2262.9275
666.85852	2241.4641
666.90985	2207.2312
666.96112	2227.2549
667.01245	2223.9155
667.06372	2221.9778
667.11499	2179.4929
667.16632	2157.5972
667.21759	2129.1169
667.26892	2172.3196
667.32019	2178.8022
667.37146	2191.5454
667.42279	2117.6975
667.47406	2114.4231
667.52539	2096.301
667.57666	2066.7703
667.62793	2098.0098
667.67926	2094.0725
667.73053	2062.0803
667.78186	2030.0913
667.83313	2029.9388
667.8844	2011.343
667.93573	1928.2263
667.987	1941.5795
668.03827	1974.5504
668.0896	1976.1497
668.14087	1939.3671
668.1922	1884.769
668.24347	1871.9324
668.29474	1881.5184
668.34607	1883.0557
668.39734	1876.2666
668.44867	1842.817
668.49994	1854.7859
668.55121	1826.4957
668.60254	1803.0577
668.65381	1773.0945
668.70514	1745.9216
668.75641	1728.5643
668.80768	1754.0048
668.85901	1755.1571
668.91028	1706.225
668.96161	1689.6202
669.01288	1692.9186
669.06415	1679.949
669.11548	1656.0011
669.16675	1654.3954
669.21808	1675.7114
669.26935	1677.6539
669.32062	1671.067
669.37195	1634.1182
669.42322	1610.1006
669.47455	1593.8834
669.52582	1540.2562
669.57709	1555.3326
669.62842	1568.2003
669.67969	1542.6182
669.73102	1538.6699
669.78229	1540.5021
669.83356	1531.7747
669.88489	1490.9758
669.93616	1475.4349
669.98749	1466.8759
670.03876	1483.4326
670.09003	1464.6664
670.14136	1441.767
670.19263	1436.7449
670.24396	1445.6934
670.29523	1449.9618
670.3465	1417.1299
670.39783	1429.7885
670.4491	1406.98
670.50043	1371.8774
670.5517	1345.287
670.60297	1337.9779
670.6543	1351.3655
670.70557	1375.4966
670.7569	1343.7542
670.80817	1341.7759
670.85944	1344.3093
670.91077	1347.8054
670.96204	1330.2438
671.01337	1353.4092
671.06464	1331.5685
671.11591	1314.7472
671.16724	1276.1523
671.21851	1283.4607
671.26978	1294.8895
671.32111	1271.5364
671.37238	1269.5991
671.42371	1259.8352
671.47498	1269.3027
671.52625	1228.6382
671.57758	1244.2408
671.62885	1259.5051
671.68018	1248.4166
671.73145	1252.7816
671.78271	1231.9631
671.83405	1221.7686
671.88531	1230.4154
671.93665	1202.6992
671.98792	1206.5786
672.03918	1218.5596
672.09052	1205.2755
672.14178	1175.3875
672.19312	1191.1323
672.24438	1202.0275
672.29565	1170.4756
672.34698	1170.8475
672.39825	1183.9607
672.44958	1205.2069
672.50085	1184.542
672.55212	1191.4937
672.60345	1175.6499
672.65472	1198.1443
672.70605	1186.8152
672.75732	1148.7319
672.80859	1143.6926
672.85992	1180.7385
672.91119	1195.8092
672.96252	1164.6222
673.01379	1144.8657
673.06506	1156.5167
673.11639	1142.9034
673.16766	1162.4958
673.21899	1122.1697
673.27026	1139.9666
673.32153	1122.175
673.37286	1131.0536
673.42413	1144.8312
673.47546	1149.2181
673.52673	1135.8949
673.578	1138.7417
673.62933	1118.5438
673.6806	1112.1345
673.73193	1104.1873
673.7832	1110.8842
673.83447	1124.0746
673.8858	1125.8627
673.93707	1105.6624
673.9884	1108.6207
674.03967	1112.2621
674.09094	1111.1376
674.14227	1086.7776
674.19354	1085.8278
674.24481	1071.0533
674.29614	1079.9797
674.34741	1111.4735
674.39874	1111.1655
674.45001	1107.0109
674.50128	1083.6451
674.55261	1085.4772
674.60388	1068.5341
674.65521	1071.6744
674.70648	1087.1803
674.75775	1080.1079
674.80908	1083.6176
674.86035	1083.0807
674.91168	1083.4587
674.96295	1086.1201
675.01422	1088.113
675.06555	1084.9493
675.11682	1072.624
675.16815	1057.9978
675.21942	1057.2036
675.27069	1071.5599
675.32202	1086.7734
675.37329	1071.3489
675.42462	1066.2103
675.47589	1074.2228
675.52716	1072.3802
675.57849	1062.974
675.62976	1051.0597
675.68109	1038.5833
675.73236	1043.4406
675.78363	1049.1654
675.83496	1053.9448
675.88623	1054.5717
675.93756	1048.3394
675.98883	1058.9176
676.0401	1056.5714
676.09143	1042.9282
676.1427	1043.9489
676.19403	1043.9802
676.2453	1042.9347
676.29657	1040.1245
676.3479	1043.0787
676.39917	1047.2432
676.4505	1036.0793
676.50177	1037.9763
676.55304	1054.4705
676.60437	1037.095
676.65564	1030.1426
676.70697	1047.907
676.75824	1030.9203
676.80951	1029.6865
676.86084	1032.0364
676.91211	1032.0427
676.96344	1034.02
677.01471	1030.4663
677.06598	1017.0139
677.11731	1010.5706
677.16858	1013.9576
677.21991	1028.4137
677.27118	1035.7323
677.32245	1034.0496
677.37378	1027.6635
677.42505	1018.4366
677.47632	1024.6554
677.52765	1037.5475
677.57892	1034.6455
677.63025	1038.5845
677.68152	1028.4784
677.73279	1013.1436
677.78412	1015.4652
677.83539	1023.4184
677.88672	1025.2915
677.93799	1016.2516
677.98926	1017.5903
678.04059	1014.4688
678.09186	1016.4316
678.14319	1012.4166
678.19446	1011.9019
678.24573	1003.3144
678.29706	1020.2128
678.34833	1017.3697
678.39966	1011.2816
678.45093	1021.6807
678.5022	1004.0376
678.55353	1001.8808
678.6048	996.4389
678.65613	1001.4375
678.7074	1015.8605
678.75867	997.98132
678.81	1009.3192
678.86127	998.96729
678.9126	999.85199
678.96387	1010.9748
679.01514	990.46869
679.06647	986.36426
679.11774	993.69061
679.16907	995.83984
679.22034	993.00763
679.27161	999.62842
679.32294	1008.9181
679.37421	996.34515
679.42554	995.99396
679.47681	993.28009
679.52808	1002.3602
679.57941	991.57214
679.63068	1007.3767
679.68201	1007.0314
679.73328	1000.4866
679.78455	984.20935
679.83588	980.81281
679.88715	990.05219
679.93848	980.21155
679.98975	973.91492
680.04102	994.34247
680.09235	989.6283
680.14362	1006.3137
680.19495	980.46155
680.24622	974.49573
680.29749	988.28113
680.34882	986.50116
680.40009	992.32281
680.45135	982.7796
680.50269	978.62646
680.55396	986.15216
680.60529	988.401
680.65656	976.19421
680.70782	979.27014
680.75916	961.75525
680.81042	974.46106
680.86176	983.83282
680.91302	970.776
680.96429	955.86401
681.01563	985.36176
681.06689	971.45685
681.11823	985.65582
681.16949	988.45459
681.22076	967.37177
681.27209	989.13043
681.32336	976.03058
681.37469	977.9201
681.42596	959.66913
681.47723	964.29779
681.52856	961.36755
681.57983	961.45892
681.63116	974.18341
681.68243	965.81342
681.7337	978.51215
681.78503	960.29407
681.8363	962.9881
681.88763	980.83807
681.9389	968.58978
681.99017	964.6665
682.0415	963.08759
682.09277	960.31757
682.1441	958.12201
682.19537	958.46808
682.24664	960.23981
682.29797	970.65448
682.34924	973.71057
682.40057	964.66302
682.45184	968.46466
682.50311	958.83191
682.55444	964.33185
682.60571	965.54407
682.65704	969.83942
682.70831	960.20587
682.75958	962.20837
682.81091	967.61121
682.86218	958.19165
682.91351	955.18011
682.96478	960.64819
683.01605	961.41431
683.06738	951.22748
683.11865	948.16168
683.16998	966.99805
683.22125	973.14368
683.27252	962.5412
683.32385	950.59662
683.37512	961.18451
683.42639	958.49542
683.47772	948.3551
683.52899	949.04065
683.58032	955.91449
683.63159	965.75549
683.68286	953.73712
683.73419	945.11273
683.78546	947.72003
683.83679	948.89349
683.88806	945.29938
683.93933	948.85217
683.99066	955.86169
684.04193	962.59784
684.09326	962.44818
684.14453	963.37939
684.1958	958.53088
684.24713	947.3009
684.2984	944.62866
684.34973	940.41058
684.401	933.21716
684.45227	938.04535
684.5036	944.51477
684.55487	941.77783
684.6062	946.39612
684.65747	958.23688
684.70874	957.81238
684.76007	950.95099
684.81134	942.3949
684.86267	936.52374
684.91394	942.01965
684.96521	951.97742
685.01654	957.52808
685.06781	958.52954
685.11914	960.01093
685.17041	963.42981
685.22168	957.61029
685.27301	951.32355
685.32428	953.23657
685.37561	940.61523
685.42688	940.69391
685.47815	951.19012
685.52948	952.6004
685.58075	950.33063
685.63208	938.13385
685.68335	947.66437
685.73462	942.8974
685.78595	931.96722
685.83722	937.25189
685.88855	944.15399
685.93982	947.66656
685.99109	932.74017
686.04242	935.80627
686.09369	934.50323
686.14502	936.25684
686.19629	934.32037
686.24756	938.06354
686.29889	948.59711
686.35016	956.09167
686.40149	943.96161
686.45276	947.84027
686.50403	955.01849
686.55536	941.77588
686.60663	949.83624
686.6579	944.90179
686.70923	945.91425
686.7605	946.29608
686.81183	939.93469
686.8631	938.62524
686.91437	936.32562
686.9657	934.27789
687.01697	933.97809
687.0683	936.91101
687.11957	943.80945
687.17084	939.71667
687.22217	934.84662
687.27344	930.28394
687.32477	944.50977
687.37604	949.00531
687.42731	933.41718
687.47864	936.6073
687.52991	938.13348
687.58124	939.58002
687.63251	940.40259
687.68378	946.12518
687.73511	937.35254
687.78638	937.974
687.83771	931.09082
687.88898	932.92926
687.94025	933.66528
687.99158	938.73401
688.04285	928.75549
688.09418	932.1933
688.14545	951.32593
688.19672	941.37244
688.24805	936.87506
688.29932	948.26294
688.35065	940.61078
688.40192	943.36951
688.45319	935.01642
688.50452	937.64789
688.55579	941.30066
688.60712	951.203
688.65839	933.13129
688.70966	923.62292
688.76099	936.25653
688.81226	942.21704
688.86359	926.03394
688.91486	935.4054
688.96613	941.67358
689.01746	948.11151
689.06873	945.2655
689.12006	941.82501
689.17133	930.93231
689.2226	933.18439
689.27393	932.71167
689.3252	947.0567
689.37653	936.02191
689.4278	940.33429
689.47906	945.55121
689.5304	937.79712
689.58167	948.98346
689.63293	952.05475
689.68427	945.91071
689.73553	939.12476
689.78687	944.94531
689.83813	946.88281
689.8894	926.94794
689.94073	943.98621
689.992	948.07037
690.04333	939.16632
690.0946	932.34619
690.14587	943.66858
690.1972	943.37738
690.24847	937.59052
690.2998	936.10974
690.35107	945.88373
690.40234	950.80469
690.45367	952.66479
690.50494	920.31799
690.55627	941.64917
690.60754	938.76563
690.65881	940.69983
690.71014	938.59705
690.76141	927.88947
690.81274	944.76141
690.86401	946.74023
690.91528	932.78973
690.96661	931.77557
691.01788	944.65533
691.06921	947.74139
691.12048	946.80493
691.17175	935.04517
691.22308	945.53705
691.27435	941.91553
691.32568	944.71954
691.37695	948.68207
691.42822	924.76422
691.47955	938.20612
691.53082	935.97339
691.58215	936.79584
691.63342	936.85132
691.68469	919.85382
691.73602	929.22119
691.78729	926.12079
691.83862	933.35022
691.88989	938.53845
691.94116	927.76599
691.99249	939.828
692.04376	940.90179
692.09509	940.73114
692.14636	942.51978
692.19763	921.48157
692.24896	927.91534
692.30023	946.53223
692.35156	943.93671
692.40283	933.51892
692.4541	922.84393
692.50543	930.70813
692.5567	935.7572
692.60803	947.53601
692.6593	934.94391
692.71057	940.23938
692.7619	929.39032
692.81317	938.35028
692.86444	935.04077
692.91577	940.58051
692.96704	937.12805
693.01837	933.35791
693.06964	934.18732
693.12091	937.66815
693.17224	935.07214
693.22351	941.38214
693.27484	938.72046
693.32611	933.53278
693.37738	931.31622
693.42871	930.40326
693.47998	935.83282
693.53131	940.8327
693.58258	931.50311
693.63385	934.15509
693.68518	934.07251
693.73645	940.55475
693.78778	932.42828
693.83905	932.3916
693.89032	932.6073
693.94165	929.63397
693.99292	925.75812
694.04425	935.97626
694.09552	926.19873
694.14679	931.49316
694.19812	931.52039
694.24939	934.22211
694.30072	925.81921
694.35199	928.9425
694.40326	931.76416
694.45459	935.77472
694.50586	933.1192
694.55719	932.06213
694.60846	926.77917
694.65973	923.15387
694.71106	924.99182
694.76233	927.95081
694.81366	936.77667
694.86493	936.40948
694.9162	926.67255
694.96753	928.66858
695.0188	935.26324
695.07013	929.60986
695.1214	927.1944
695.17267	928.96222
695.224	923.82703
695.27527	928.56769
695.3266	933.06781
695.37787	927.96576
695.42914	934.19769
695.48047	936.72278
695.53174	929.28259
695.58307	935.17383
695.63434	927.90253
695.68561	934.40491
695.73694	942.48871
695.78821	934.69214
695.83948	936.3291
695.89081	939.65942
695.94208	932.02924
695.99341	928.62158
696.04468	938.8587
696.09595	939.93945
696.14728	940.86755
696.19855	933.67126
696.24988	946.44104
696.30115	943.62671
696.35242	948.12634
696.40375	952.78644
696.45502	950.9245
696.50635	950.48187
696.55762	954.94092
696.60889	948.04138
696.66022	944.16095
696.71149	945.91357
696.76282	949.12
696.81409	946.75732
696.86536	955.01312
696.91669	952.16003
696.96796	950.39008
697.01929	951.63849
697.07056	950.31897
697.12183	946.5451
697.17316	956.34161
697.22443	959.63251
697.27576	959.81555
697.32703	953.91394
697.3783	952.47565
697.42963	947.71143
697.4809	946.44141
697.53223	949.74432
697.5835	945.21558
697.63477	950.49567
697.6861	945.50323
697.73737	949.565
697.7887	945.08789
697.83997	939.08051
697.89124	949.45264
697.94257	954.86597
697.99384	954.06989
698.04517	955.24487
698.09644	949.66113
698.14771	953.10718
698.19904	955.64636
698.25031	951.36932
698.30164	950.04865
698.35291	948.4035
698.40417	940.5625
698.45551	938.76727
698.50677	941.5083
698.55811	936.87976
698.60938	935.07416
698.66064	935.00342
698.71198	945.48151
698.76324	947.7005
698.81451	937.01318
698.86584	942.7384
698.91711	948.53534
698.96844	943.36646
699.01971	944.38782
699.07098	948.39771
699.12231	945.32117
699.17358	939.57697
699.22491	936.84357
699.27618	943.02704
699.32745	935.65436
699.37878	929.33905
699.43005	923.75696
699.48138	926.06573
699.53265	941.61664
699.58392	940.9563
699.63525	926.83307
699.68652	930.83911
699.73785	935.16931
699.78912	930.26538
699.84039	940.63745
699.89172	936.49548
699.94299	926.93597
699.99432	933.18213
700.04559	940.64679
700.09686	939.49323
700.14819	941.3855
700.19946	938.21796
700.25079	934.21246
700.30206	922.91046
700.35333	924.59058
700.40466	928.90338
700.45593	928.36517
700.50726	926.8963
700.55853	926.89276
700.6098	926.39435
700.66113	924.16309
700.7124	924.22443
700.76373	930.28528
700.815	930.39954
700.86627	945.15564
700.9176	928.90668
700.96887	931.25543
701.0202	927.97272
701.07147	938.79077
701.12274	929.49121
701.17407	926.62793
701.22534	920.51025
701.27667	920.30603
701.32794	926.43622
701.37921	918.68671
701.43054	920.54352
701.48181	936.69293
701.53314	932.97772
701.58441	916.28119
701.63568	934.64001
701.68701	939.375
701.73828	926.87408
701.78961	919.19775
701.84088	923.25909
701.89215	928.05701
701.94348	930.40289
701.99475	925.57684
702.04602	923.05261
702.09735	926.84662
702.14862	928.10394
702.19995	933.5918
702.25122	929.6145
702.30249	925.87671
702.35382	928.90973
702.40509	933.6142
702.45642	926.80646
702.50769	929.64404
702.55896	917.78046
702.61029	926.71735
702.66156	927.73828
702.71289	935.61761
702.76416	921.07678
702.81543	911.01587
702.86676	922.31946
702.91803	926.56982
702.96936	921.95905
703.02063	925.50995
703.0719	925.71912
703.12323	917.30286
703.1745	927.86279
703.22583	924.09503
703.2771	918.20862
703.32837	924.98566
703.3797	924.79382
703.43097	933.67883
703.4823	940.93439
703.53357	917.75543
703.58484	930.52136
703.63617	928.30884
703.68744	913.79169
703.73877	915.12189
703.79004	926.79419
703.84131	921.01489
703.89264	920.50623
703.94391	918.98279
703.99524	931.96124
704.04651	923.08832
704.09778	914.91138
704.14911	924.22534
704.20038	920.17371
704.25171	926.65814
704.30298	926.24506
704.35425	931.1604
704.40558	931.05847
704.45685	915.04675
704.50818	929.1593
704.55945	917.74774
704.61072	919.45654
704.66205	925.38269
704.71332	931.10114
704.76465	927.40192
704.81592	927.81012
704.86719	934.44879
704.91852	934.41284
704.96979	923.50867
705.02106	916.01367
705.07239	917.41589
705.12366	931.22156
705.17499	932.39392
705.22626	921.58472
705.27753	923.0528
705.32886	916.05017
705.38013	927.72797
705.43146	922.85986
705.48273	922.51764
705.534	935.40906
705.58533	925.56989
705.6366	922.70404
705.68793	933.85602
705.7392	928.38519
705.79047	933.2229
705.8418	930.80969
705.89307	926.75793
705.9444	928.74359
705.99567	927.69946
706.04694	933.71954
706.09827	926.60938
706.14954	918.50659
706.20087	924.34448
706.25214	921.55511
706.30341	918.78625
706.35474	922.19226
706.40601	925.73364
706.45734	918.59375
706.50861	916.43433
706.55988	921.56793
706.61121	917.6203
706.66248	919.34442
706.71381	922.88226
706.76508	919.8949
706.81635	925.18915
706.86768	926.84772
706.91895	922.45343
706.97028	923.95361
707.02155	923.4632
707.07281	921.93323
707.12415	926.80341
707.17542	923.28491
707.22675	920.59436
707.27802	926.49048
707.32928	921.71082
707.38062	920.63342
707.43188	918.07043
707.48322	912.65424
707.53448	917.18097
707.58575	922.46674
707.63708	931.15155
707.68835	925.04163
707.73969	915.97864
707.79095	923.06171
707.84222	925.37671
707.89355	933.76404
707.94482	933.7832
707.99615	932.24243
708.04742	924.76593
708.09869	921.52246
708.15002	916.88647
708.20129	923.85345
708.25256	926.5639
708.30389	920.9082
708.35516	925.35425
708.40649	923.23004
708.45776	920.39246
708.50903	920.96869
708.56036	922.06122
708.61163	931.33594
708.66296	931.71881
708.71423	926.26819
708.7655	931.9162
708.81683	933.12848
708.8681	924.31525
708.91943	919.85852
708.9707	928.82056
709.02197	926.47931
709.0733	932.18152
709.12457	935.33783
709.1759	920.02228
709.22717	911.74445
709.27844	930.30939
709.32977	938.13336
709.38104	925.4101
709.43237	916.81067
709.48364	926.51282
709.53491	932.05743
709.58624	926.12823
709.63751	919.49902
709.68884	921.40289
709.74011	924.8114
709.79138	920.41528
709.84271	916.66925
709.89398	934.82117
709.94531	916.0824
709.99658	924.43488
710.04785	929.43188
710.09918	929.09814
710.15045	923.12018
710.20178	921.47626
710.25305	933.59387
710.30432	923.44025
710.35565	931.23602
710.40692	917.66241
710.45825	924.8974
710.50952	921.08362
710.56079	912.73285
710.61212	932.91467
710.66339	931.74518
710.71472	935.99023
710.76599	938.63074
710.81726	922.29645
710.86859	930.77661
710.91986	935.06335
710.97119	934.06403
711.02246	932.43359
711.07373	925.76709
711.12506	922.73657
711.17633	926.88239
711.2276	915.10052
711.27893	924.9892
711.3302	923.53546
711.38153	927.56152
711.4328	920.07404
711.48407	919.01141
711.5354	917.90259
711.58667	929.9118
711.638	926.12756
711.68927	926.16913
711.74054	926.99799
711.79187	924.2265
711.84314	926.69391
711.89447	914.16583
711.94574	916.46191
711.99701	930.86517
712.04834	918.1972
712.09961	925.13464
712.15094	929.0155
712.20221	915.09094
712.25348	917.07892
712.30481	923.03748
712.35608	931.97345
712.40741	917.31268
712.45868	926.86945
712.50995	914.3847
712.56128	929.58643
712.61255	938.75299
712.66388	923.6712
712.71515	927.83978
712.76642	921.3783
712.81775	925.78998
712.86902	926.04254
712.92035	926.039
712.97162	930.71533
713.02289	919.8515
713.07422	925.52039
713.12549	918.63068
713.17682	930.9024
713.22809	922.85956
713.27936	917.45642
713.33069	917.01062
713.38196	929.64917
713.43329	922.91498
713.48456	930.05029
713.53583	919.42389
713.58716	933.05377
713.63843	932.34125
713.68976	931.1073
713.74103	917.86774
713.7923	940.33978
713.84363	928.39148
713.8949	911.32629
713.94623	906.39343
713.9975	924.75574
714.04877	935.60992
714.1001	925.96472
714.15137	923.11261
714.2027	916.24597
714.25397	923.28668
714.30524	924.11365
714.35657	920.63812
714.40784	926.51337
714.45911	918.93378
714.51044	923.4397
714.56171	925.73608
714.61304	920.27679
714.66431	923.73169
714.71558	925.71295
714.76691	922.73303
714.81818	919.53625
714.86951	921.26331
714.92078	912.50519
714.97205	922.36053
715.02338	937.52771
715.07465	927.00146
715.12598	925.95599
715.17725	920.77136
715.22852	927.99921
715.27985	920.28363
715.33112	913.10931
715.38245	919.35242
715.43372	925.59027
715.48499	920.19293
715.53632	925.97186
715.58759	917.11658
715.63892	922.34436
715.69019	928.75281
715.74146	921.16968
715.79279	925.02997
715.84406	928.55255
715.89539	924.56403
715.94666	922.12189
715.99792	916.89691
716.04926	921.83081
716.10052	922.7287
716.15186	931.5238
716.20313	922.69586
716.25439	923.67303
716.30573	924.07336
716.35699	919.40631
716.40833	923.203
716.45959	928.48462
716.51086	926.44781
716.56219	918.80103
716.61346	925.05298
716.66479	927.14758
716.71606	930.3598
716.76733	929.5152
716.81866	920.64429
716.86993	914.83344
716.92126	915.68622
716.97253	914.20984
717.0238	916.55841
717.07513	924.42853
717.1264	932.76959
717.17773	926.38788
717.229	921.98199
717.28027	925.82373
717.3316	924.04974
717.38287	926.00281
717.43414	917.80609
717.48547	919.77832
717.53674	924.5191
717.58807	915.94965
717.63934	917.83716
717.69061	921.52936
717.74194	919.53198
717.79321	924.54175
717.84454	928.1181
717.89581	930.58411
717.94708	931.54254
717.99841	922.69574
718.04968	919.52124
718.10101	918.86023
718.15228	934.63361
718.20355	930.81702
718.25488	921.6651
718.30615	925.66705
718.35748	925.66345
718.40875	921.84027
718.46002	925.16754
718.51135	927.41583
718.56262	923.57654
718.61395	923.7124
718.66522	915.62811
718.71649	914.4917
718.76782	916.96667
718.81909	914.67352
718.87042	917.69965
718.92169	918.59497
718.97296	926.83179
719.02429	922.90192
719.07556	917.69141
719.12689	931.14215
719.17816	924.12408
719.22943	918.55304
719.28076	921.16162
719.33203	919.03516
719.38336	926.01001
719.43463	920.85724
719.4859	917.36981
719.53723	924.06091
719.5885	927.91333
719.63983	924.93982
719.6911	917.57141
719.74237	919.90662
719.7937	922.09961
719.84497	926.18213
719.8963	920.98444
719.94757	914.48938
719.99884	919.73608
720.05017	915.7428
720.10144	921.16785
720.15277	928.31232
720.20404	928.63239
720.25531	924.61646
720.30664	918.46503
720.35791	922.2226
720.40918	919.22675
720.46051	919.23541
720.51178	924.49799
720.56311	930.20557
720.61438	932.08636
720.66565	928.57733
720.71698	921.59198
720.76825	918.32324
720.81958	923.18372
720.87085	921.97119
720.92212	914.9165
720.97345	920.09253
721.02472	924.07947
721.07605	920.51422
721.12732	922.13879
721.17859	931.80524
721.22992	923.80115
721.28119	926.68762
721.33252	921.61462
721.38379	916.98242
721.43506	918.69226
721.48639	918.95538
721.53766	922.19257
721.58899	924.18433
721.64026	922.48187
721.69153	922.57147
721.74286	924.87115
721.79413	914.15106
721.84546	914.70227
721.89673	915.56384
721.948	919.06036
721.99933	920.87921
722.0506	922.604
722.10193	921.93207
722.1532	931.09253
722.20447	930.68152
722.2558	925.01031
722.30707	920.72943
722.3584	919.36902
722.40967	916.05096
722.46094	918.37543
722.51227	921.03546
722.56354	922.0462
722.61487	918.12085
722.66614	912.65784
722.71741	915.04169
722.76874	914.67688
722.82001	917.88379
722.87134	923.98004
722.92261	921.60565
722.97388	915.50885
723.02521	920.34106
723.07648	922.16968
723.12781	923.30316
723.17908	915.42944
723.23035	914.22235
723.28168	918.99237
723.33295	922.66809
723.38428	921.58569
723.43555	934.02234
723.48682	931.00732
723.53815	924.16241
723.58942	917.61102
723.64069	910.55481
723.69202	919.37646
723.74329	924.50928
723.79462	916.73535
723.84589	915.01007
723.89716	917.82355
723.94849	926.46552
723.99976	924.00513
724.05109	922.203
724.10236	922.1806
724.15363	925.79767
724.20496	914.81897
724.25623	920.80414
724.30756	924.22705
724.35883	920.73828
724.4101	913.66925
724.46143	904.03412
724.5127	923.48938
724.56403	922.47363
724.6153	923.28113
724.66656	916.17944
724.7179	921.01404
724.76917	917.2207
724.8205	916.74066
724.87177	916.15894
724.92303	921.31995
724.97437	927.04248
725.02563	922.04395
725.07697	920.72845
725.12823	928.05585
725.1795	922.38361
725.23083	917.08545
725.2821	918.84998
725.33344	917.28369
725.3847	925.10284
725.43597	915.69891
725.4873	919.01257
725.53857	911.59595
725.5899	913.164
725.64117	916.54181
725.69244	931.04401
725.74377	933.56177
725.79504	913.66815
725.84637	909.67865
725.89764	929.72009
725.94891	922.92554
726.00024	917.93524
726.05151	919.31781
726.10284	926.34882
726.15411	918.53754
726.20538	918.84009
726.25671	929.92474
726.30798	926.81854
726.35931	919.76599
726.41058	928.08807
726.46185	915.85199
726.51318	919.47241
726.56445	921.09674
726.61572	920.90967
726.66705	918.45563
726.71832	911.4458
726.76965	914.5141
726.82092	920.90179
726.87219	919.19391
726.92352	915.4212
726.97479	918.2843
727.02612	924.23682
727.07739	925.57452
727.12866	927.88831
727.17999	925.7066
727.23126	918.05023
727.28259	915.03949
727.33386	922.56677
727.38513	910.69373
727.43646	915.33649
727.48773	921.71136
727.53906	919.5498
727.59033	918.44928
727.6416	924.76276
727.69293	919.11456
727.7442	925.47974
727.79553	927.39532
727.8468	923.39539
727.89807	919.85303
727.9494	918.69958
728.00067	916.69775
728.052	914.10516
728.10327	910.46466
728.15454	919.42706
728.20587	922.27496
728.25714	923.25934
728.30847	918.68958
728.35974	917.82861
728.41101	924.10327
728.46234	929.98547
728.51361	923.68353
728.56494	921.26563
728.61621	918.60748
728.66748	927.72778
728.71881	919.54211
728.77008	918.28967
728.82141	925.73645
728.87268	917.00568
728.92395	911.72797
728.97528	918.11371
729.02655	925.40771
729.07788	921.27789
729.12915	916.27789
729.18042	913.06433
729.23175	919.38995
729.28302	910.29681
729.33435	918.90179
729.38562	913.52332
729.43689	924.52625
729.48822	921.5249
729.53949	918.64606
729.59082	917.74078
729.64209	923.763
729.69336	921.43549
729.74469	911.59528
729.79596	917.34949
729.84723	921.10663
729.89856	921.69086
729.94983	912.62915
730.00116	911.67224
730.05243	917.39423
730.1037	913.73755
730.15503	912.05096
730.2063	906.63788
730.25763	912.50409
730.3089	910.28595
730.36017	914.5083
730.4115	919.94263
730.46277	920.49493
730.5141	917.60364
730.56537	915.711
730.61664	915.57776
730.66797	921.7052
730.71924	919.72528
730.77057	911.66809
730.82184	919.97992
730.87311	929.0542
730.92444	922.68884
730.97571	920.30719
731.02704	909.57928
731.07831	925.41345
731.12958	928.57446
731.18091	910.50854
731.23218	916.25604
731.28351	913.1106
731.33478	923.00934
731.38605	908.4826
731.43738	915.06641
731.48865	918.06403
731.53998	919.93921
731.59125	913.55865
731.64252	920.44159
731.69385	917.94427
731.74512	920.54883
731.79645	927.43384
731.84772	924.6319
731.89899	923.62799
731.95032	921.92737
732.00159	914.72125
732.05292	915.51312
732.10419	922.61432
732.15546	922.40405
732.20679	927.03302
732.25806	912.59296
732.30939	920.60175
732.36066	919.20355
732.41193	914.59491
732.46326	913.29602
732.51453	910.66315
732.56586	919.28937
732.61713	915.38306
732.6684	914.24249
732.71973	927.09863
732.771	912.86346
732.82227	914.76263
732.8736	915.95337
732.92487	918.26575
732.9762	915.9317
733.02747	925.69659
733.07874	909.21747
733.13007	923.44623
733.18134	919.97516
733.23267	906.40717
733.28394	921.74396
733.33521	914.41425
733.38654	921.42834
733.43781	920.01788
733.48914	922.73309
733.54041	914.31842
733.59167	911.31354
733.64301	909.00647
733.69427	913.39679
733.74561	920.40173
733.79688	918.79718
733.84814	918.88544
733.89948	904.39685
733.95074	913.29059
734.00208	926.66949
734.05334	911.40082
734.10461	928.08423
734.15594	932.57245
734.20721	931.55481
734.25854	921.34265
734.30981	912.19946
734.36108	925.42719
734.41241	916.07123
734.46368	920.75867
734.51501	921.401
734.56628	912.48657
734.61755	919.90948
734.66888	915.17096
734.72015	920.32111
734.77148	919.70258
734.82275	928.77765
734.87402	920.39563
734.92535	903.48083
734.97662	912.05286
735.02795	916.62109
735.07922	917.28986
735.13049	915.3952
735.18182	914.72229
735.23309	916.05463
735.28442	912.38318
735.33569	913.05609
735.38696	925.15063
735.43829	921.69458
735.48956	915.70685
735.54089	916.11255
735.59216	907.75641
735.64343	925.12524
735.69476	921.07062
735.74603	912.21411
735.7973	924.05212
735.84863	914.75024
735.8999	924.3338
735.95123	923.09198
736.0025	920.32465
736.05377	918.95819
736.1051	916.65045
736.15637	925.19049
736.2077	922.93713
736.25897	918.6839
736.31024	912.42889
736.36157	907.16949
736.41284	918.78418
736.46417	913.77826
736.51544	908.77246
736.56671	907.22296
736.61804	924.19989
736.66931	910.17902
736.72064	914.74219
736.77191	912.24213
736.82318	923.32581
736.87451	916.38464
736.92578	916.2464
736.97711	916.867
737.02838	926.10022
737.07965	923.13269
737.13098	915.50604
737.18225	918.17712
737.23358	927.67804
737.28485	918.77283
737.33612	926.21448
737.38745	918.34271
737.43872	912.63458
737.49005	914.77997
737.54132	915.87299
737.59259	909.25977
737.64392	917.95233
737.69519	906.58081
737.74652	918.41937
737.79779	914.84412
737.84906	923.16443
737.90039	921.54059
737.95166	917.62256
738.00299	918.52283
738.05426	915.25275
738.10553	919.02838
738.15686	912.77783
738.20813	917.72333
738.25946	929.15002
738.31073	920.98413
738.362	910.11115
738.41333	914.27844
738.4646	916.46124
738.51593	924.38727
738.5672	910.77875
738.61847	915.67206
738.6698	924.4856
738.72107	910.38654
738.7724	907.13257
738.82367	914.44421
738.87494	927.09967
738.92627	916.16534
738.97754	911.05823
739.02881	912.24805
739.08014	919.20184
739.13141	911.53101
739.18274	915.91821
739.23401	911.16376
739.28528	914.07788
739.33661	910.36499
739.38788	917.1449
739.43921	924.8175
739.49048	921.2392
739.54175	914.9751
739.59308	922.75146
739.64435	924.05188
739.69568	923.10571
739.74695	929.26294
739.79822	911.12982
739.84955	920.08215
739.90082	921.29547
739.95215	921.34631
740.00342	924.65643
740.05469	922.39154
740.10602	920.68756
740.15729	924.22882
740.20862	909.85541
740.25989	908.58026
740.31116	913.60571
740.36249	915.09949
740.41376	913.47534
740.46509	911.71228
740.51636	916.65509
740.56763	909.17505
740.61896	915.69666
740.67023	925.43103
740.72156	922.7323
740.77283	916.55304
740.8241	915.38281
740.87543	916.50067
740.9267	919.3916
740.97803	921.27509
741.0293	911.8725
741.08057	916.53467
741.1319	912.69165
741.18317	924.84528
741.2345	910.17194
741.28577	909.38861
741.33704	917.07184
741.38837	919.90863
741.43964	917.29175
741.49097	920.87274
741.54224	924.242
741.59351	920.1712
741.64484	918.21661
741.69611	913.0379
741.74744	913.15112
741.79871	916.15344
741.84998	914.78857
741.90131	916.76843
741.95258	910.44629
742.00385	916.72565
742.05518	918.50659
742.10645	914.62646
742.15778	915.32715
742.20905	920.29895
742.26031	919.79639
742.31165	917.8537
742.36292	919.28107
742.41425	917.73688
742.46552	916.16168
742.51678	914.67572
742.56812	908.80591
742.61938	913.84326
742.67072	913.80707
742.72198	910.4212
742.77325	913.47937
742.82458	913.37335
742.87585	916.62402
742.92719	914.862
742.97845	917.22302
743.02972	918.06036
743.08105	915.63812
743.13232	920.06781
743.18365	920.63513
743.23492	917.34906
743.28619	915.69598
743.33752	911.84119
743.38879	913.17572
743.44012	912.28809
743.49139	912.37555
743.54266	917.81421
743.59399	922.56628
743.64526	918.47791
743.69659	915.17206
743.74786	917.06543
743.79913	917.21118
743.85046	916.96735
743.90173	918.26849
743.95306	917.28986
744.00433	919.85175
744.0556	920.10773
744.10693	917.82056
744.1582	917.10968
744.20953	911.73285
744.2608	916.08167
744.31207	922.24701
744.3634	919.76312
744.41467	922.72131
744.466	926.27716
744.51727	921.13
744.56854	918.31165
744.61987	922.09583
744.67114	923.97406
744.72247	915.85034
744.77374	914.76447
744.82501	923.45593
744.87634	921.69092
744.92761	921.68634
744.97894	922.08746
745.03021	921.46783
745.08148	923.67841
745.13281	922.50085
745.18408	910.47705
745.23535	912.19794
745.28668	913.35828
745.33795	908.98218
745.38928	910.71399
745.44055	913.01251
745.49182	924.30579
745.54315	925.98126
745.59442	920.8739
745.64575	919.99738
745.69702	923.22083
745.74829	923.54529
745.79962	915.13916
745.85089	917.34821
745.90222	923.7854
745.95349	919.15314
746.00476	919.09711
746.05609	922.16235
746.10736	923.11957
746.15869	922.20502
746.20996	908.92224
746.26123	911.6521
746.31256	919.01349
746.36383	921.79449
746.41516	916.59711
746.46643	920.55042
746.5177	919.87354
746.56903	916.20703
746.6203	909.87903
746.67163	909.16956
746.7229	911.9057
746.77417	910.75433
746.8255	919.51868
746.87677	920.79767
746.9281	925.42322
746.97937	921.5788
747.03064	904.18549
747.08197	907.87604
747.13324	917.80164
747.18457	915.40448
747.23584	914.91547
747.28711	922.78033
747.33844	910.19611
747.38971	915.86755
747.44104	916.5553
747.49231	922.05334
747.54358	924.63489
747.59491	920.12543
747.64618	905.35724
747.69751	915.04437
747.74878	922.29895
747.80005	924.14752
747.85138	922.01654
747.90265	918.42352
747.95398	920.09192
748.00525	921.6366
748.05652	911.92706
748.10785	910.06281
748.15912	922.12878
748.21039	920.04565
748.26172	917.46478
748.31299	919.0556
748.36432	919.87823
748.41559	930.80298
748.46686	922.72467
748.51819	913.66272
748.56946	916.33728
748.62079	912.85016
748.67206	913.88867
748.72333	917.81866
748.77466	912.85516
748.82593	926.36005
748.87726	917.83051
748.92853	917.13062
748.9798	911.0575
749.03113	914.53412
749.0824	917.59875
749.13373	914.8382
749.185	914.49194
749.23627	915.25421
749.2876	907.40466
749.33887	916.15118
749.3902	922.06219
749.44147	922.42902
749.49274	925.37372
749.54407	921.60223
749.59534	918.8269
749.64667	916.16016
749.69794	911.38135
749.74921	913.07776
749.80054	925.9093
749.85181	911.98218
749.90314	917.81781
749.95441	916.66766
750.00568	916.75488
750.05701	913.3324
750.10828	921.85333
750.15961	926.08978
750.21088	928.08466
750.26215	907.8075
750.31348	909.25214
750.36475	920.80371
750.41608	919.00134
750.46735	916.21191
750.51862	908.19232
750.56995	908.77472
750.62122	913.51068
750.67255	921.05566
750.72382	913.13092
750.77509	916.02734
750.82642	912.67474
750.87769	919.91174
750.92902	921.85345
750.98029	918.37335
751.03156	923.74396
751.08289	907.79297
751.13416	924.13794
751.18549	923.23395
751.23676	919.84167
751.28802	923.47931
751.33936	923.17761
751.39063	914.46497
751.44189	917.50238
751.49323	922.38373
751.54449	913.75861
751.59583	912.43842
751.64709	915.27502
751.69836	921.76001
751.74969	923.5871
751.80096	916.24457
751.85229	917.07446
751.90356	917.7218
751.95483	920.4165
752.00616	915.77039
752.05743	911.13123
752.10876	920.46301
752.16003	912.83813
752.2113	917.35736
752.26263	919.66046
752.3139	921.7951
752.36523	914.87506
752.4165	914.33105
752.46777	915.86859
752.5191	915.31714
752.57037	916.71094
752.6217	915.75232
752.67297	920.59174
752.72424	923.11719
752.77557	916.97095
752.82684	910.69788
752.87817	910.42944
752.92944	917.54266
752.98071	910.67798
753.03204	918.85205
753.08331	907.51123
753.13464	914.58496
753.18591	900.93011
753.23718	907.92053
753.28851	914.77338
753.33978	919.25934
753.39111	915.20856
753.44238	915.32257
753.49365	907.20007
753.54498	920.59644
753.59625	912.18469
753.64758	911.94458
753.69885	901.39465
753.75012	918.0368
753.80145	917.60962
753.85272	909.02631
753.90405	911.17145
753.95532	919.12592
754.00659	913.88416
754.05792	913.25122
754.10919	909.12506
754.16052	912.23718
754.21179	921.24835
754.26306	916.73859
754.31439	916.84314
754.36566	921.89142
754.41693	909.79742
754.46826	922.75323
754.51953	915.68164
754.57086	920.03894
754.62213	908.01941
754.6734	916.35223
754.72473	913.52679
754.776	919.87823
754.82733	926.52136
754.8786	916.80707
754.92987	916.5708
754.9812	913.992
755.03247	908.25177
755.0838	911.90381
755.13507	913.12695
755.18634	915.09912
755.23767	910.11401
755.28894	913.1106
755.34027	915.87872
755.39154	915.75574
755.44281	908.53564
755.49414	916.09119
755.54541	925.30762
755.59674	913.1925
755.64801	909.29193
755.69928	914.06409
755.75061	917.60425
755.80188	923.5199
755.85321	914.04761
755.90448	916.60815
755.95575	915.60327
756.00708	915.24701
756.05835	920.0249
756.10968	922.48297
756.16095	921.01514
756.21222	921.43311
756.26355	903.11157
756.31482	907.95374
756.36615	918.03674
756.41742	912.6712
756.46869	912.77277
756.52002	913.23956
756.57129	911.45923
756.62262	925.17755
756.67389	911.80261
756.72516	906.95703
756.77649	925.05713
756.82776	911.21521
756.87909	908.78802
756.93036	919.56763
756.98163	926.67621
757.03296	918.40796
757.08423	916.71698
757.13556	916.98273
757.18683	911.70752
757.2381	913.11823
757.28943	917.59399
757.3407	917.79895
757.39197	918.64777
757.4433	909.63898
757.49457	903.46521
757.5459	918.31909
757.59717	909.24231
757.64844	922.83344
757.69977	915.72107
757.75104	910.12738
757.80237	923.86188
757.85364	925.70569
757.90491	917.27612
757.95624	907.06335
758.00751	911.84576
758.05884	914.42047
758.11011	912.99231
758.16138	908.83276
758.21271	912.35834
758.26398	919.7204
758.31531	921.61017
758.36658	921.53552
758.41785	913.81366
758.46918	915.63458
758.52045	909.12958
758.57178	913.83362
758.62305	909.23364
758.67432	914.61078
758.72565	907.68335
758.77692	910.22253
758.82825	915.80389
758.87952	910.23462
758.93079	910.86841
758.98212	929.67236
759.03339	924.31775
759.08472	929.23138
759.13599	910.8775
759.18726	907.20435
759.23859	914.20313
759.28986	918.17548
759.34119	902.21368
759.39246	916.18207
759.44373	915.65228
759.49506	924.37329
759.54633	915.36462
759.59766	908.88409
759.64893	919.92407
759.7002	916.14929
759.75153	913.91119
759.8028	910.83923
759.85413	914.13287
759.9054	913.54059
759.95667	921.17615
760.008	912.47253
760.05927	914.66022
760.1106	922.90735
760.16187	912.21899
760.21313	910.9704
760.26447	910.77618
760.31573	925.01318
760.36707	902.67725
760.41833	912.93597
760.4696	917.68549
760.52094	918.68671
760.5722	907.4303
760.62347	909.94714
760.6748	920.78607
760.72607	916.01343
760.7774	907.54254
760.82867	911.35858
760.87994	923.19202
760.93127	910.18762
760.98254	915.74219
761.03387	913.45935
761.08514	919.65814
761.13641	909.25415
761.18774	910.32544
761.23901	917.24512
761.29034	917.37701
761.34161	919.3327
761.39288	925.81573
761.44421	923.36591
761.49548	923.24451
761.54681	916.65308
761.59808	913.35498
761.64935	914.63574
761.70068	917.06049
761.75195	916.63263
761.80328	917.45618
761.85455	907.19067
761.90582	910.12738
761.95715	924.65631
762.00842	909.28192
762.05975	907.18616
762.11102	922.65656
762.16229	913.70801
762.21362	911.00568
762.26489	912.77148
762.31622	925.44025
762.36749	915.521
762.41876	913.08618
762.47009	917.34515
762.52136	913.29144
762.57269	915.89111
762.62396	923.01636
762.67523	911.13708
762.72656	907.59106
762.77783	913.78406
762.82916	907.93604
762.88043	910.59015
762.9317	904.61145
762.98303	910.56012
763.0343	904.28735
763.08563	910.42639
763.1369	911.03522
763.18817	907.29352
763.2395	913.77246
763.29077	914.40137
763.3421	905.44464
763.39337	919.07642
763.44464	908.7796
763.49597	904.87518
763.54724	913.95929
763.59851	917.85132
763.64984	913.85736
763.70111	901.71448
763.75244	909.77948
763.80371	912.6369
763.85498	910.43719
763.90631	908.58813
763.95758	912.7561
764.00891	918.62659
764.06018	912.00623
764.11145	910.3833
764.16278	919.58667
764.21405	917.78046
764.26538	914.3338
764.31665	905.61353
764.36792	912.79541
764.41925	913.25525
764.47052	903.58881
764.52185	905.11298
764.57312	905.76953
764.62439	915.24158
764.67572	899.44989
764.72699	907.54279
764.77832	916.71356
764.82959	916.14832
764.88086	915.36816
764.93219	910.81403
764.98346	912.78674
765.03479	907.77393
765.08606	904.59161
765.13733	910.12738
765.18866	919.73541
765.23993	916.59296
765.29126	916.76776
765.34253	909.88251
765.3938	912.50482
765.44513	922.07574
765.4964	920.2998
765.54773	906.5213
765.599	920.31445
765.65027	923.65411
765.7016	910.60199
765.75287	909.84619
765.8042	912.11353
765.85547	915.77734
765.90674	909.65564
765.95807	914.72839
766.00934	904.78363
766.06067	904.95868
766.11194	912.49646
766.16321	909.60846
766.21454	910.19849
766.26581	909.03479
766.31714	914.81372
766.36841	907.61127
766.41968	911.71704
766.47101	914.28674
766.52228	906.66223
766.57361	906.5838
766.62488	912.06799
766.67615	906.33868
766.72748	904.1944
766.77875	909.19989
766.83002	911.29419
766.88135	906.28131
766.93262	904.51233
766.98395	912.60577
767.03522	921.43365
767.08649	918.01715
767.13782	911.11639
767.18909	914.00018
767.24042	920.94037
767.29169	911.92084
767.34296	906.01764
767.39429	910.47461
767.44556	916.4812
767.49689	909.45923
767.54816	903.72565
767.59943	906.20068
767.65076	911.12622
767.70203	902.32843
767.75336	906.30695
767.80463	915.9776
767.8559	920.98413
767.90723	916.34607
767.9585	915.55426
768.00983	907.73633
768.0611	911.18005
768.11237	899.52991
768.1637	898.85596
768.21497	910.38177
768.2663	913.97681
768.31757	913.5542
768.36884	909.47162
768.42017	909.21143
768.47144	916.6936
768.52277	913.86133
768.57404	905.59692
768.62531	910.39136
768.67664	913.00775
768.72791	907.70197
768.77924	911.94305
768.83051	910.60938
768.88177	911.75177
768.93311	905.18134
768.98438	905.33417
769.03571	908.11475
769.08698	912.90387
769.13824	914.57629
769.18958	909.95441
769.24084	911.53687
769.29218	913.51068
769.34344	910.35986
769.39471	911.67346
769.44604	908.75031
769.49731	912.16736
769.54865	909.94183
769.59991	905.59387
769.65118	909.76294
769.70251	908.95782
769.75378	908.04932
769.80505	909.34338
769.85638	906.05231
769.90765	910.24744
769.95898	911.2384
770.01025	905.7876
770.06152	911.00201
770.11285	919.02039
770.16412	916.73962
770.21545	907.55066
770.26672	906.90082
770.31799	912.91925
770.36932	920.81598
770.42059	920.12335
770.47192	917.4292
770.52319	913.68231
770.57446	907.53754
770.62579	903.04791
770.67706	908.03333
770.72839	924.55383
770.77966	917.97449
770.83093	899.4577
770.88226	900.32001
770.93353	908.78607
770.98486	909.94202
771.03613	908.35785
771.0874	914.37042
771.13873	913.85126
771.19	909.35339
771.24133	912.43359
771.2926	914.82104
771.34387	911.29321
771.3952	914.52393
771.44647	911.53583
771.4978	914.29395
771.54907	928.08063
771.60034	922.2547
771.65167	910.12628
771.70294	914.28821
771.75427	918.69751
771.80554	914.05408
771.85681	907.48663
771.90814	913.0802
771.95941	919.74567
772.01074	916.51569
772.06201	908.7049
772.11328	908.77942
772.16461	911.14905
772.21588	913.68408
772.26721	912.84039
772.31848	910.26611
772.36975	914.88489
772.42108	916.51251
772.47235	908.81921
772.52368	911.88806
772.57495	920.19977
772.62622	918.0766
772.67755	916.4306
772.72882	914.82373
772.78009	914.43414
772.83142	916.43665
772.88269	910.49194
772.93402	911.13086
772.98529	913.58893
773.03656	910.71533
773.08789	905.4472
773.13916	906.96606
773.19049	911.08521
773.24176	914.72717
773.29303	912.98523
773.34436	913.10315
773.39563	916.10852
773.44696	912.61981
773.49823	912.12024
773.5495	909.21881
773.60083	919.7019
773.6521	912.87323
773.70343	906.8111
773.7547	909.15106
773.80597	909.46033
773.8573	906.4165
773.90857	906.48889
773.9599	919.45654
774.01117	923.73773
774.06244	908.5675
774.11377	911.85541
774.16504	918.20392
774.21637	914.87695
774.26764	910.97205
774.31891	907.24402
774.37024	902.50787
774.42151	908.26599
774.47284	903.13037
774.52411	912.41931
774.57538	914.87537
774.62671	907.45966
774.67798	910.21899
774.72931	912.05304
774.78058	912.04846
774.83185	914.29254
774.88318	915.03949
774.93445	906.71082
774.98578	916.1983
775.03705	913.90942
775.08832	914.32715
775.13965	904.97223
775.19092	918.32355
775.24225	919.10382
775.29352	907.01538
775.34479	904.78656
775.39612	912.12012
775.44739	911.60217
775.49872	911.78491
775.54999	899.11749
775.60126	915.36798
775.65259	912.66296
775.70386	906.07025
775.75519	909.06317
775.80646	910.7821
775.85773	910.95337
775.90906	900.1283
775.96033	910.49036
776.0116	913.78021
776.06293	918.15778
776.1142	908.74756
776.16553	906.07251
776.2168	902.48999
776.26807	913.12238
776.3194	914.04657
776.37067	907.81763
776.422	908.65167
776.47327	908.02081
776.52454	907.01208
776.57587	909.552
776.62714	909.88538
776.67847	910.77649
776.72974	904.57861
776.78101	909.29413
776.83234	915.31384
776.88361	919.51447
776.93494	905.18451
776.98621	918.59198
777.03748	914.29773
777.08881	913.84454
777.14008	906.36383
777.19141	910.52838
777.24268	912.71851
777.29395	901.45172
777.34528	900.8219
777.39655	898.9054
777.44788	915.15344
777.49915	899.39795
777.55042	907.52814
777.60175	900.00244
777.65302	915.45367
777.70435	913.82233
777.75562	908.84564
777.80688	900.84467
777.85822	907.75769
777.90948	911.77338
777.96082	912.6814
778.01208	899.88055
778.06335	910.87
778.11469	917.45404
778.16595	902.8457
778.21729	907.0965
778.26855	918.30609
778.31982	905.65857
778.37115	903.98761
778.42242	909.67877
778.47375	909.08649
778.52502	915.03009
778.57629	904.08801
778.62762	910.04169
778.67889	914.48871
778.73022	911.54755
778.78149	910.01947
778.83276	913.43469
778.88409	910.95752
778.93536	913.10736
778.98663	907.47717
779.03796	905.7774
779.08923	907.1087
779.14056	910.09113
779.19183	905.17999
779.2431	902.7774
779.29443	910.64966
779.3457	910.64508
779.39703	910.50128
779.4483	909.49249
779.49957	908.03613
779.5509	904.16467
779.60217	902.4184
779.6535	906.12762
779.70477	903.4447
779.75604	904.8703
779.80737	913.27454
779.85864	904.44232
779.90997	916.36591
779.96124	927.16455
780.01251	903.78998
780.06384	901.39893
780.11511	906.46326
780.16644	911.854
780.21771	904.68872
780.26898	900.66699
780.32031	901.91785
780.37158	913.97314
780.42291	906.26978
780.47418	907.07428
780.52545	907.54987
780.57678	916.91083
780.62805	900.79285
780.67938	904.98822
780.73065	916.69464
780.78192	918.6438
780.83325	909.92371
780.88452	910.92377
780.93585	906.55231
780.98712	909.41559
781.03839	902.98041
781.08972	901.64905
781.14099	906.48645
781.19232	906.48193
781.24359	903.88483
781.29486	901.1076
781.34619	908.81055
781.39746	913.80408
781.44879	912.03516
781.50006	907.45477
781.55133	909.59119
781.60266	914.89417
781.65393	911.93097
781.70526	905.79016
781.75653	909.91888
781.8078	908.19623
781.85913	909.03345
781.9104	912.36688
781.96173	918.01337
782.013	914.97009
782.06427	911.81671
782.1156	910.73212
782.16687	911.7785
782.21814	913.81854
782.26947	907.78259
782.32074	907.01801
782.37207	911.26794
782.42334	911.0202
782.47461	908.91229
782.52594	910.67456
782.57721	914.76355
782.62854	914.9353
782.67981	911.4342
782.73108	909.83093
782.78241	904.45166
782.83368	903.30377
782.88501	914.85754
782.93628	917.77325
782.98755	915.35059
783.03888	912.68207
783.09015	905.63678
783.14148	909.74744
783.19275	913.61969
783.24402	913.4726
783.29535	909.80817
783.34662	912.50299
783.39795	913.80298
783.44922	910.28259
783.50049	910.85016
783.55182	914.16431
783.60309	919.77258
783.65442	925.21393
783.70569	915.33252
783.75696	905.44897
783.80829	913.37238
783.85956	911.26654
783.91089	903.76251
783.96216	913.5105
784.01343	920.23273
784.06476	917.67609
784.11603	918.80164
784.16736	918.91876
784.21863	914.93347
784.2699	909.23401
784.32123	911.21552
784.3725	920.61945
784.42383	915.34515
784.4751	913.2514
784.52637	911.41687
784.5777	912.979
784.62897	911.3562
784.6803	905.18988
784.73157	913.21545
784.78284	915.71722
784.83417	923.92224
784.88544	920.52594
784.93677	911.46326
784.98804	918.13062
785.03931	921.89685
785.09064	913.76331
785.14191	908.82971
785.19318	919.74176
785.24451	921.56256
785.29578	912.46082
785.34711	912.49567
785.39838	920.31091
785.44965	916.4668
785.50098	912.66589
785.55225	908.00537
785.60358	921.11249
785.65485	913.28223
785.70612	910.24542
785.75745	910.92273
785.80872	915.32697
785.86005	910.07019
785.91132	916.83655
785.96259	905.88092
786.01392	917.20227
786.06519	923.46588
786.11652	909.80011
786.16779	917.01251
786.21906	914.42389
786.27039	917.6731
786.32166	919.86157
786.37299	911.71844
786.42426	911.94897
786.47552	907.33624
786.52686	913.60638
786.57813	915.90576
786.62946	905.48132
786.68073	916.55115
786.73199	920.86969
786.78333	918.06055
786.83459	919.86536
786.88593	929.46509
786.93719	919.04114
786.98846	913.09052
787.03979	911.20911
787.09106	927.23804
787.1424	909.58527
787.19366	904.77313
787.24493	919.2771
787.29626	915.57471
787.34753	919.29315
787.39886	917.55969
787.45013	912.56689
787.5014	913.25439
787.55273	912.58472
787.604	912.75116
787.65533	918.60876
787.7066	915.71381
787.75787	914.7146
787.8092	910.65894
787.86047	918.90576
787.9118	917.49268
787.96307	917.19354
788.01434	910.4386
788.06567	913.07202
788.11694	915.09741
788.16827	916.56909
788.21954	919.95331
788.27081	919.12268
788.32214	913.92731
788.37341	910.9201
788.42468	915.45813
788.47601	911.02954
788.52728	921.20929
788.57861	918.16608
788.62988	917.27637
788.68115	916.55072
788.73248	919.1087
788.78375	915.1662
788.83508	917.19128
788.88635	921.54303
788.93762	918.97272
788.98895	914.85266
789.04022	920.90472
789.09155	923.16205
789.14282	925.76135
789.19409	919.54535
789.24542	923.15912
789.29669	917.53583
789.34802	914.75574
789.39929	923.42792
789.45056	916.3692
789.50189	915.32611
789.55316	920.04407
789.60449	919.25635
789.65576	925.32294
789.70703	928.35333
789.75836	921.05286
789.80963	918.80719
789.86096	922.72906
789.91223	919.08789
789.9635	918.24188
790.01483	922.41077
790.0661	925.16473
790.11743	924.95728
790.1687	920.76727
790.21997	919.00635
790.2713	924.01611
790.32257	917.53772
790.3739	920.63214
790.42517	923.64294
790.47644	933.35504
790.52777	923.91821
790.57904	919.83624
790.63037	920.3017
790.68164	918.93384
790.73291	918.85059
790.78424	915.47083
790.83551	919.95197
790.88684	933.21582
790.93811	933.26196
790.98938	926.02942
791.04071	919.63776
791.09198	922.44348
791.14331	921.0257
791.19458	921.41125
791.24585	922.4986
791.29718	921.2959
791.34845	920.90094
791.39972	917.34515
791.45105	927.50415
791.50232	927.16638
791.55365	913.71564
791.60492	920.21521
791.65619	918.96094
791.70752	926.85101
791.75879	919.19385
791.81012	918.39233
791.86139	912.52979
791.91266	920.85968
791.96399	921.91223
792.01526	920.43616
792.06659	911.73639
792.11786	930.04517
792.16913	919.14661
792.22046	915.74695
792.27173	926.32385
792.32306	919.79974
792.37433	917.96954
792.4256	915.82202
792.47693	924.65674
792.5282	919.25146
792.57953	929.88684
792.6308	929.18652
792.68207	926.56946
792.7334	921.34979
792.78467	929.82111
792.836	915.20679
792.88727	912.77942
792.93854	925.35266
792.98987	920.81012
793.04114	922.4223
793.09247	936.276
793.14374	932.55902
793.19501	914.6192
793.24634	931.03778
793.29761	921.82721
793.34894	926.64819
793.40021	928.97028
793.45148	916.53754
793.50281	920.86462
793.55408	923.8147
793.60541	923.27411
793.65668	925.67163
793.70795	926.1167
793.75928	924.40118
793.81055	924.11151
793.86188	919.79797
793.91315	932.94684
793.96442	925.5567
794.01575	941.51611
794.06702	917.01605
794.11835	926.24292
794.16962	933.36914
794.22089	928.79724
794.27222	928.97278
794.32349	926.42139
794.37476	926.97339
794.42609	918.14349
794.47736	923.35266
794.52869	926.77271
794.57996	918.04968
794.63123	928.84943
794.68256	917.33881
794.73383	930.65607
794.78516	937.5506
794.83643	932.55255
794.8877	919.16797
794.93903	930.05817
794.9903	920.86163
795.04163	927.49054
795.0929	928.04565
795.14417	925.2348
795.1955	917.52899
795.24677	924.57202
795.2981	926.92664
795.34937	935.57068
795.40063	923.65961
795.45197	916.34625
795.50323	929.44257
795.55457	939.63531
795.60583	920.73553
795.6571	923.88483
795.70844	927.89825
795.7597	935.80316
795.81104	927.21735
795.8623	931.9104
795.91357	922.16614
795.9649	919.04108
796.01617	918.00751
796.0675	920.97614
796.11877	921.98932
796.17004	925.99066
796.22137	926.98431
796.27264	925.96045
796.32397	922.16589
796.37524	939.87518
796.42651	931.8573
796.47784	924.81482
796.52911	916.88049
796.58044	913.37256
796.63171	927.75806
796.68298	920.72748
796.73431	914.29163
796.78558	923.56952
796.83691	937.25806
796.88818	922.19165
796.93945	927.4563
796.99078	936.72998
797.04205	932.60083
797.09338	926.75848
797.14465	923.61835
797.19592	918.8009
797.24725	917.79077
797.29852	929.2337
797.34985	933.4057
797.40112	938.5979
797.45239	933.97571
797.50372	923.74347
797.55499	923.22498
797.60626	935.23608
797.65759	928.61334
797.70886	925.49426
797.76019	923.42316
797.81146	934.01605
797.86273	919.24908
797.91406	923.56879
797.96533	934.43225
798.01666	924.90509
798.06793	931.89282
798.1192	931.09149
798.17053	926.71069
798.2218	931.46173
798.27313	927.58527
798.3244	919.8797
798.37567	920.0293
798.427	919.62421
798.47827	913.99286
798.5296	918.56348
798.58087	915.04456
798.63214	931.54913
798.68347	932.5813
798.73474	922.39624
798.78607	923.76221
798.83734	920.15784
798.88861	924.51776
798.93994	920.20941
798.99121	927.63226
799.04254	929.78394
799.09381	911.48389
799.14508	917.20898
799.19641	918.4657
799.24768	930.30878
799.29901	922.61273
799.35028	915.05273
799.40155	916.74353
799.45288	922.16034
799.50415	928.62946
799.55548	924.33252
799.60675	922.56775
799.65802	918.30988
799.70935	911.875
799.76062	923.28949
799.81195	924.42603
799.86322	931.00165
799.91449	926.63489
799.96582	923.26544
800.01709	930.34973
800.06842	929.52966
800.11969	921.20789
800.17096	922.05182
800.22229	937.42432
800.27356	929.98682
800.32489	924.56549
800.37616	921.77429
800.42743	923.64465
800.47876	930.61505
800.53003	933.5636
800.5813	929.03412
800.63263	934.41797
800.6839	936.42419
800.73523	935.72968
800.7865	931.0697
800.83777	930.78809
800.8891	934.49738
800.94037	935.6192
800.9917	932.10187
801.04297	932.37677
801.09424	932.47205
801.14557	931.13525
801.19684	929.73914
801.24817	933.96814
801.29944	937.72845
801.35071	943.77789
801.40204	936.38708
801.45331	928.92273
801.50464	931.74286
801.55591	938.52863
801.60718	932.30457
801.65851	924.62073
801.70978	935.01764
801.76111	933.08209
801.81238	925.57123
801.86365	931.65881
801.91498	935.58307
801.96625	937.72229
802.01758	925.45239
802.06885	928.11292
802.12012	933.771
802.17145	928.52911
802.22272	924.61176
802.27405	928.49805
802.32532	937.84698
802.37659	938.91736
802.42792	927.82739
802.47919	935.86462
802.53052	945.22247
802.58179	929.70203
802.63306	922.17792
802.68439	935.80469
802.73566	949.23798
802.78699	939.71613
802.83826	922.94971
802.88953	927.59912
802.94086	930.86066
802.99213	920.74371
803.04346	924.2876
803.09473	927.81732
803.146	924.08154
803.19733	920.85339
803.2486	920.30658
803.29993	920.49384
803.3512	930.44714
803.40247	929.42676
803.4538	933.63177
803.50507	936.35468
803.5564	927.89819
803.60767	932.3349
803.65894	928.02338
803.71027	927.03613
803.76154	934.25397
803.81281	928.6134
803.86414	921.1203
803.91541	922.71002
803.96674	926.4762
804.01801	928.85535
804.06927	925.75348
804.12061	924.86871
804.17188	925.57941
804.22321	928.19226
804.27448	929.5741
804.32574	932.88947
804.37708	922.53674
804.42834	930.71411
804.47968	940.95844
804.53094	937.08716
804.58221	933.86884
804.63354	927.99768
804.68481	925.55304
804.73615	938.93439
804.78741	945.25708
804.83868	938.39923
804.89001	932.66315
804.94128	932.99005
804.99261	943.03198
805.04388	936.2359
805.09515	935.49554
805.14648	940.26007
805.19775	932.50977
805.24908	929.52405
805.30035	931.04529
805.35162	938.42334
805.40295	935.88153
805.45422	932.18048
805.50555	927.59607
805.55682	934.3905
805.60809	930.15784
805.65942	930.10046
805.71069	932.10828
805.76202	934.11816
805.81329	925.52234
805.86456	924.31348
805.91589	921.18494
805.96716	930.46497
806.01849	929.13751
806.06976	938.586
806.12103	933.70123
806.17236	929.06244
806.22363	947.37152
806.27496	940.96478
806.32623	939.46881
806.3775	945.58942
806.42883	938.53387
806.4801	929.48254
806.53143	932.02509
806.5827	934.24951
806.63397	928.12964
806.6853	927.45026
806.73657	924.70575
806.78784	925.36432
806.83917	936.54944
806.89044	912.30457
806.94177	928.22479
806.99304	931.31964
807.04431	927.6402
807.09564	927.42914
807.14691	925.50745
807.19824	933.14301
807.24951	926.63025
807.30078	927.39526
807.35211	940.18011
807.40338	935.47198
807.45471	933.42365
807.50598	925.41754
807.55725	920.43726
807.60858	926.35004
807.65985	921.4342
807.71118	923.57593
807.76245	931.65338
807.81372	940.01813
807.86505	929.3089
807.91632	927.38708
807.96765	927.28015
808.01892	925.89899
808.07019	934.18762
808.12152	930.5462
808.17279	920.65869
808.22412	935.72382
808.27539	927.84497
808.32666	923.7558
808.37799	937.36334
808.42926	937.67395
808.48059	939.69293
808.53186	933.76959
808.58313	929.72052
808.63446	932.09216
808.68573	929.67084
808.73706	926.04877
808.78833	930.63672
808.8396	932.03265
808.89093	930.81384
808.9422	933.49976
808.99353	932.78668
809.0448	925.32916
809.09607	923.3067
809.1474	915.27313
809.19867	919.32123
809.25	920.93298
809.30127	925.02509
809.35254	915.6698
809.40387	917.71063
809.45514	933.53455
809.50647	931.9762
809.55774	923.82404
809.60901	925.24689
809.66034	933.29303
809.71161	930.03729
809.76288	928.50012
809.81421	925.74866
809.86548	925.39478
809.91681	929.13464
809.96808	926.35944
810.01935	917.52582
810.07068	925.27643
810.12195	929.89502
810.17328	932.72192
810.22455	919.15759
810.27582	920.02625
810.32715	913.93835
810.37842	922.92023
810.42975	919.48309
810.48102	918.14197
810.53229	921.29504
810.58362	917.54633
810.63489	924.3656
810.68622	923.96973
810.73749	919.47089
810.78876	922.55273
810.84009	929.6355
810.89136	924.56378
810.94269	916.64313
810.99396	918.06494
811.04523	922.19739
811.09656	925.79279
811.14783	923.0318
811.19916	918.43848
811.25043	915.31287
811.3017	919.70837
811.35303	924.81738
811.4043	924.62054
811.45563	930.50128
811.5069	933.26526
811.55817	925.30273
811.6095	919.19739
811.66077	926.76038
811.7121	927.55127
811.76337	921.18945
811.81464	921.18689
811.86597	922.7785
811.91724	927.40887
811.96857	922.00391
812.01984	913.52032
812.07111	919.43384
812.12244	922.91132
812.17371	916.59174
812.22504	913.74487
812.27631	915.91974
812.32758	915.97522
812.37891	914.55823
812.43018	920.21637
812.48151	929.67236
812.53278	924.46667
812.58405	915.38269
812.63538	916.95087
812.68665	928.11359
812.73798	924.06659
812.78925	917.172
812.84052	920.10736
812.89185	918.11713
812.94312	915.45258
812.99438	911.71033
813.04572	919.77881
813.09698	925.51495
813.14832	921.19196
813.19958	921.24908
813.25085	918.52356
813.30219	922.91229
813.35345	925.83984
813.40479	920.92963
813.45605	922.83783
813.50732	920.33087
813.55865	923.66449
813.60992	922.02295
813.66125	917.99072
813.71252	913.17914
813.76379	921.56036
813.81512	910.53278
813.86639	927.98138
813.91772	920.09845
813.96899	929.36041
814.02026	924.64294
814.07159	913.9071
814.12286	925.52051
814.17419	930.60791
814.22546	922.51404
814.27673	918.47272
814.32806	926.74976
814.37933	923.67157
814.43066	909.78687
814.48193	921.4306
814.5332	926.64185
814.58453	930.66937
814.6358	920.07568
814.68713	913.51013
814.7384	921.39954
814.78967	907.06213
814.841	923.0116
814.89227	917.37177
814.9436	917.9848
814.99487	926.72064
815.04614	910.48236
815.09747	919.82312
815.14874	930.88538
815.20007	925.03802
815.25134	923.00336
815.30261	921.09711
815.35394	929.02399
815.40521	929.71082
815.45654	919.30743
815.50781	927.82983
815.55908	923.94507
815.61041	921.84821
815.66168	902.72986
815.71301	900.07465
815.76428	914.38501
815.81555	918.27844
815.86688	911.16986
815.91815	913.18256
815.96942	916.8584
816.02075	929.48138
816.07202	911.97803
816.12335	919.5011
816.17462	924.0954
816.22589	928.125
816.27722	912.11462
816.32849	912.79047
816.37982	914.53601
816.43109	926.23016
816.48236	920.5058
816.53369	911.31964
816.58496	917.75836
816.63629	919.245
816.68756	916.00897
816.73883	921.93719
816.79016	909.39771
816.84143	922.22308
816.89276	915.16675
816.94403	913.29053
816.9953	922.11981
817.04663	918.54041
817.0979	918.03082
817.14923	922.4223
817.2005	917.49713
817.25177	922.83344
817.3031	915.90503
817.35437	920.10333
817.4057	928.23645
817.45697	924.86133
817.50824	923.67346
817.55957	925.68933
817.61084	919.52563
817.66217	915.91364
817.71344	912.02411
817.76471	914.26898
817.81604	927.94208
817.86731	937.36542
817.91864	921.04858
817.96991	920.2915
818.02118	922.15497
818.07251	922.99078
818.12378	920.08069
818.17511	920.58344
818.22638	922.01135
818.27765	914.68744
818.32898	913.63312
818.38025	920.79498
818.43158	921.36139
818.48285	918.83752
818.53412	920.91235
818.58545	920.71899
818.63672	920.47815
818.68805	919.61456
818.73932	911.38239
818.79059	915.12524
818.84192	924.63324
818.89319	917.69812
818.94452	912.55621
818.99579	921.44763
819.04706	925.62396
819.09839	915.75403
819.14966	910.42249
819.20093	911.42871
819.25226	922.50348
819.30353	915.40918
819.35486	916.8526
819.40613	915.90442
819.4574	918.76318
819.50873	929.18457
819.56	933.47009
819.61133	922.76221
819.6626	924.0614
819.71387	924.66199
819.7652	925.20911
819.81647	917.08606
819.8678	920.36261
819.91907	924.9928
819.97034	916.77295
820.02167	921.3501
820.07294	916.85651
820.12427	925.62738
820.17554	919.34753
820.22681	916.75482
820.27814	923.96729
820.32941	913.59143
820.38074	922.21899
820.43201	923.08771
820.48328	926.92767
820.53461	922.66278
820.58588	918.31665
820.63721	923.78058
820.68848	925.60376
820.73975	915.14941
820.79108	914.61633
820.84235	922.81732
820.89368	923.72064
820.94495	911.79559
820.99622	915.34528
821.04755	915.71271
821.09882	931.75372
821.15015	928.89691
821.20142	923.89734
821.25269	909.14642
821.30402	920.45074
821.35529	917.73242
821.40662	925.67047
821.45789	918.66333
821.50916	914.78485
821.56049	920.6615
821.61176	920.05487
821.66309	930.8089
821.71436	933.31805
821.76563	925.7691
821.81696	912.51874
821.86823	923.11523
821.91956	916.75616
821.97083	917.76257
822.02209	919.19849
822.07343	922.84766
822.12469	916.65735
822.17596	916.25287
822.22729	914.22766
822.27856	917.64954
822.3299	917.48499
822.38116	918.87671
822.43243	928.37732
822.48376	921.50067
822.53503	918.63208
822.58636	926.42523
822.63763	923.8902
822.6889	918.99298
822.74023	925.98871
822.7915	931.16852
822.84283	924.13104
822.8941	924.82446
822.94537	922.88953
822.9967	925.31122
823.04797	925.51752
823.0993	917.41962
823.15057	921.60468
823.20184	920.63904
823.25317	918.59937
823.30444	921.31659
823.35577	923.45062
823.40704	919.02722
823.45831	926.00787
823.50964	929.8028
823.56091	922.80762
823.61224	925.55432
823.66351	932.39227
823.71478	933.57574
823.76611	928.88831
823.81738	916.0412
823.86871	915.58472
823.91998	927.38483
823.97125	925.8476
824.02258	919.66217
824.07385	927.72064
824.12518	926.21857
824.17645	919.09088
824.22772	918.39325
824.27905	921.4295
824.33032	930.07672
824.38165	926.74719
824.43292	921.3324
824.48419	925.15314
824.53552	923.81586
824.58679	915.46277
824.63812	914.8913
824.68939	914.72314
824.74066	916.5777
824.79199	920.38348
824.84326	924.66962
824.89459	922.67505
824.94586	921.1626
824.99713	920.84961
825.04846	918.4964
825.09973	919.54572
825.15106	927.40668
825.20233	913.70593
825.2536	915.71967
825.30493	926.68958
825.3562	925.84326
825.40747	917.83118
825.4588	917.73566
825.51007	917.72363
825.5614	920.56091
825.61267	932.39966
825.66394	929.94421
825.71527	920.47009
825.76654	932.2467
825.81787	919.05835
825.86914	909.65112
825.92041	920.23163
825.97174	921.60901
826.02301	922.31799
826.07434	923.32544
826.12561	934.02423
826.17688	924.75586
826.22821	918.94061
826.27948	911.14478
826.33081	925.20294
826.38208	926.43872
826.43335	917.95105
826.48468	917.43353
826.53595	928.02338
826.58728	926.48212
826.63855	935.28448
826.68982	909.5675
826.74115	931.37494
826.79242	921.40302
826.84375	920.34076
826.89502	917.73651
826.94629	926.87085
826.99762	936.01379
827.04889	928.34265
827.10022	914.33282
827.15149	926.18829
827.20276	932.63464
827.25409	918.35706
827.30536	932.24652
827.35669	917.03564
827.40796	921.52655
827.45923	920.42523
827.51056	912.11627
827.56183	926.03412
827.61316	924.0108
827.66443	922.37286
827.7157	923.18414
827.76703	925.93994
827.8183	919.19275
827.86963	905.36176
827.9209	918.35968
827.97217	918.61371
828.0235	919.08673
828.07477	920.02026
828.1261	923.77112
828.17737	924.44299
828.22864	924.99799
828.27997	919.19214
828.33124	927.0069
828.38251	926.67828
828.43384	921.32898
828.48511	911.05817
828.53644	911.57898
828.58771	916.8728
828.63898	920.58325
828.69031	910.32019
828.74158	913.66046
828.79291	915.31067
828.84418	911.31226
828.89545	910.85907
828.94678	919.08289
828.99805	924.57819
829.04938	918.33508
829.10065	923.23444
829.15192	930.30713
829.20325	926.64972
829.25452	912.79938
829.30585	901.59546
829.35712	905.87726
829.40839	915.20374
829.45972	912.56708
829.51099	913.52197
829.56232	918.46198
829.61359	926.52173
829.66486	920.80865
829.71619	910.50739
829.76746	908.26483
829.81879	921.24835
829.87006	919.68201
829.92133	919.28125
829.97266	913.75201
830.02393	909.55829
830.07526	902.2027
830.12653	906.40588
830.1778	915.78912
830.22913	912.33264
830.2804	911.73828
830.33173	909.95245
830.383	906.14325
830.43427	906.01434
830.4856	909.40839
830.53687	905.3869
830.5882	921.39478
830.63947	914.44287
830.69073	900.45276
830.74207	910.13776
830.79333	920.84161
830.84467	913.46698
830.89594	913.97791
830.9472	908.823
830.99854	921.82428
831.0498	911.24579
831.10114	922.29663
831.1524	919.42078
831.20367	912.50891
831.255	908.32489
831.30627	910.14038
831.35754	905.24048
831.40887	918.17847
831.46014	915.21503
831.51147	917.89142
831.56274	905.96283
831.61401	900.40149
831.66534	905.45569
831.71661	910.30499
831.76794	912.24353
831.81921	913.71576
831.87048	919.05273
831.92181	917.80469
831.97308	915.66296
832.02441	917.61664
832.07568	906.93311
832.12695	901.12146
832.17828	908.2348
832.22955	918.51196
832.28088	919.34344
832.33215	914.45599
832.38342	910.34961
832.43475	916.72687
832.48602	912.37103
832.53735	911.83582
832.58862	908.92871
832.63989	910.83655
832.69122	910.69977
832.74249	913.63544
832.79382	912.68048
832.84509	908.36273
832.89636	917.06299
832.94769	910.63538
832.99896	908.2832
833.05029	910.2157
833.10156	913.68799
833.15283	922.88971
833.20416	917.37622
833.25543	914.63147
833.30676	913.7204
833.35803	911.66547
833.4093	912.39264
833.46063	912.80121
833.5119	919.52606
833.56323	917.59491
833.6145	919.65912
833.66577	917.25171
833.7171	911.66217
833.76837	917.9668
833.8197	919.77039
833.87097	920.3371
833.92224	922.09564
833.97357	917.16132
834.02484	911.18384
834.07617	917.42963
834.12744	920.42847
834.17871	921.17035
834.23004	921.5979
834.28131	926.70935
834.33264	932.508
834.38391	931.80475
834.43518	929.26385
834.48651	931.76453
834.53778	937.22156
834.58905	933.7641
834.64038	934.9129
834.69165	936.35522
834.74298	928.54755
834.79425	931.71674
834.84552	934.54218
834.89685	952.41547
834.94812	945.62
834.99945	944.92883
835.05072	945.76904
835.10199	939.95001
835.15332	939.10736
835.20459	937.42487
835.25592	949.19049
835.30719	960.33783
835.35846	961.4361
835.40979	950.50018
835.46106	963.79968
835.51239	966.35901
835.56366	956.47717
835.61493	970.31512
835.66626	958.25989
835.71753	964.70715
835.76886	965.07678
835.82013	970.87201
835.8714	960.35309
835.92273	961.30042
835.974	970.30634
836.02533	968.48846
836.0766	968.56921
836.12787	964.65375
836.1792	967.26843
836.23047	961.30664
836.2818	971.32813
836.33307	966.25635
836.38434	965.57281
836.43567	975.02753
836.48694	976.0235
836.53827	971.75378
836.58954	958.07983
836.64081	967.67169
836.69214	966.1861
836.74341	968.49243
836.79474	976.24744
836.84601	963.39594
836.89728	960.86292
836.94861	964.28809
836.99988	959.31427
837.05121	970.98175
837.10248	978.51178
837.15375	965.82794
837.20508	975.01447
837.25635	981.6496
837.30768	977.97485
837.35895	970.09491
837.41022	969.6983
837.46155	970.69037
837.51282	967.62115
837.56409	979.59119
837.61542	981.83044
837.66669	994.70581
837.71802	992.64447
837.76929	994.21924
837.82056	1005.0914
837.87189	1017.0713
837.92316	1028.5583
837.97449	1010.8832
838.02576	1037.3729
838.07703	1048.5909
838.12836	1050.3641
838.17963	1036.8389
838.23096	1059.7074
838.28223	1069.7168
838.3335	1070.585
838.38483	1061.8912
838.4361	1073.8092
838.48743	1063.6915
838.5387	1085.4875
838.58997	1094.391
838.6413	1083.3342
838.69257	1088.5122
838.7439	1089.3759
838.79517	1084.4551
838.84644	1094.8794
838.89777	1078.448
838.94904	1076.8043
839.00037	1061.6959
839.05164	1056.2996
839.10291	1037.6975
839.15424	1050.5958
839.20551	1043.5693
839.25684	1044.766
839.30811	1061.8374
839.35938	1005.0123
839.41071	1043.021
839.46198	1022.7103
839.51331	1007.3058
839.56458	1032.3798
839.61584	1024.9706
839.66718	1005.9495
839.71844	1007.8083
839.76978	990.96045
839.82104	999.26697
839.87231	1019.4616
839.92365	1005.584
839.97491	1024.3849
840.02625	992.97552
840.07751	1013.6166
840.12878	1010.9092
840.18011	1024.8823
840.23138	1011.5995
840.28271	1000.1927
840.33398	1023.8362
840.38525	1022.7747
840.43658	1014.626
840.48785	1021.1945
840.53918	1023.4341
840.59045	1021.2346
840.64172	1023.236
840.69305	1019.3525
840.74432	1016.6506
840.79559	1015.1301
840.84692	1011.8065
840.89819	1014.0372
840.94952	1024.7708
841.00079	1029.4054
841.05206	1033.2671
841.10339	1035.7354
841.15466	1029.0996
841.20599	1037.4445
841.25726	1018.4866
841.30853	1019.7618
841.35986	1004.9266
841.41113	995.16766
841.46246	999.04004
841.51373	1015.0839
841.565	1002.2256
841.61633	1002.7543
841.6676	997.30243
841.71893	995.67944
841.7702	985.72748
841.82147	993.41077
841.8728	1000.3075
841.92407	994.54028
841.9754	999.38226
842.02667	1000.2053
842.07794	1000.1099
842.12927	994.19806
842.18054	988.59637
842.23187	981.72595
842.28314	981.17157
842.33441	987.63879
842.38574	992.14215
842.43701	993.14734
842.48834	993.26892
842.53961	997.20905
842.59088	995.36096
842.64221	984.83264
842.69348	991.25891
842.74481	1005.5402
842.79608	1011.1857
842.84735	998.16333
842.89868	994.37457
842.94995	1014.0466
843.00128	1004.7295
843.05255	1002.1313
843.10382	1020.117
843.15515	1013.0715
843.20642	1006.4729
843.25775	1002.9698
843.30902	1009.6547
843.36029	1015.9001
843.41162	997.99536
843.46289	1006.5843
843.51422	1010.4589
843.56549	1000.2963
843.61676	1004.5734
843.66809	1000.3448
843.71936	994.34497
843.77063	991.66815
843.82196	997.28229
843.87323	1006.0206
843.92456	1001.118
843.97583	1001.7686
844.0271	1002.9221
844.07843	983.49963
844.1297	994.97375
844.18103	993.17621
844.2323	1005.7736
844.28357	997.47778
844.3349	1001.6334
844.38617	1002.3163
844.4375	1005.4488
844.48877	1006.5945
844.54004	990.83124
844.59137	998.54193
844.64264	1010.449
844.69397	1002.8067
844.74524	1011.2855
844.79651	1013.5766
844.84784	989.17609
844.89911	997.32318
844.95044	1003.0038
845.00171	996.62115
845.05298	1001.6993
845.10431	993.70178
845.15558	1007.7816
845.20691	984.22253
845.25818	1009.8691
845.30945	983.95215
845.36078	996.44427
845.41205	992.83997
845.46338	983.04736
845.51465	1002.6754
845.56592	990.94781
845.61725	994.43634
845.66852	985.65393
845.71985	986.51746
845.77112	991.58124
845.82239	1004.34
845.87372	991.08673
845.92499	972.69928
845.97632	979.12958
846.02759	992.69977
846.07886	978.1532
846.13019	987.95367
846.18146	981.6684
846.23279	992.62061
846.28406	963.93054
846.33533	976.00299
846.38666	964.74774
846.43793	971.755
846.48926	955.28876
846.54053	972.47607
846.5918	965.86499
846.64313	963.11584
846.6944	967.49072
846.74573	973.54706
846.797	981.1134
846.84827	991.6626
846.8996	990.33051
846.95087	992.22839
847.00214	972.08362
847.05347	969.10138
847.10474	972.47107
847.15607	968.48395
847.20734	978.15125
847.25861	982.94196
847.30994	969.28333
847.36121	975.83051
847.41254	980.96533
847.46381	970.29651
847.51508	974.41846
847.56641	980.05109
847.61768	989.02112
847.66901	980.19415
847.72028	967.71881
847.77155	967.54865
847.82288	982.53925
847.87415	979.7215
847.92548	975.18939
847.97675	979.39142
848.02802	978.552
848.07935	973.53699
848.13062	964.88074
848.18195	968.44012
848.23322	982.03534
848.28448	976.10419
848.33582	976.76971
848.38708	981.61249
848.43842	968.39777
848.48969	961.83185
848.54095	960.39069
848.59229	959.77917
848.64355	967.98322
848.69489	965.4472
848.74615	960.23334
848.79742	963.34369
848.84875	967.36017
848.90002	968.5849
848.95135	957.23022
849.00262	970.88409
849.05389	969.57916
849.10522	956.58228
849.15649	954.32281
849.20782	962.68719
849.25909	964.70197
849.31036	961.98621
849.36169	960.63702
849.41296	962.35999
849.46429	965.38727
849.51556	965.59784
849.56683	958.15601
849.61816	948.06097
849.66943	947.4928
849.72076	956.46698
849.77203	951.75256
849.8233	950.8111
849.87463	957.47015
849.9259	956.14319
849.97717	949.71832
850.0285	952.29175
850.07977	955.71112
850.1311	949.67328
850.18237	954.94476
850.23364	946.11426
850.28497	956.23535
850.33624	951.3288
850.38757	947.62384
850.43884	954.33514
850.49011	948.97357
850.54144	954.58459
850.59271	933.2522
850.64404	966.47522
850.69531	955.17059
850.74658	952.33508
850.79791	938.81952
850.84918	940.15991
850.90051	946.08862
850.95178	941.27258
851.00305	932.22192
851.05438	934.25928
851.10565	939.18988
851.15698	938.26563
851.20825	939.95844
851.25952	934.7608
851.31085	945.3808
851.36212	947.54364
851.41345	939.52112
851.46472	943.0036
851.51599	940.56921
851.56732	933.92975
851.61859	925.79132
851.66992	937.8479
851.72119	942.90057
851.77246	944.99152
851.82379	933.33441
851.87506	933.98779
851.92639	931.66431
851.97766	924.56396
852.02893	921.94714
852.08026	923.12933
852.13153	925.78516
852.18286	914.508
852.23413	929.16125
852.2854	936.9566
852.33673	922.95795
852.388	916.85187
852.43933	918.48285
852.4906	924.73755
852.54187	920.7666
852.5932	912.38031
852.64447	917.77338
852.6958	918.24127
852.74707	920.53357
852.79834	911.16235
852.84967	913.3255
852.90094	921.58856
852.95221	917.30579
853.00354	917.03845
853.05481	917.05493
853.10614	918.92285
853.15741	913.42145
853.20868	913.27502
853.26001	917.55029
853.31128	912.35913
853.36261	913.88831
853.41388	917.08667
853.46515	910.03394
853.51648	913.79858
853.56775	921.19482
853.61908	916.54932
853.67035	913.82813
853.72162	912.66791
853.77295	918.12097
853.82422	915.83612
853.87555	913.63385
853.92682	922.13428
853.97809	916.73901
854.02942	912.93164
854.08069	910.18658
854.13202	911.29797
854.18329	909.70917
854.23456	912.75629
854.28589	915.7113
854.33716	920.20532
854.38849	911.39429
854.43976	912.77203
854.49103	917.9361
854.54236	910.84521
854.59363	914.03448
854.64496	914.47388
854.69623	920.98566
854.7475	913.54834
854.79883	908.59833
854.8501	903.94135
854.90143	911.20203
854.9527	898.83038
855.00397	900.20245
855.0553	905.25592
855.10657	905.11005
855.1579	913.7525
855.20917	912.30304
855.26044	908.36578
855.31177	914.34735
855.36304	914.03864
855.41437	911.15546
855.46564	893.93243
855.51691	900.60907
855.56824	909.66492
855.61951	906.02814
855.67084	906.93475
855.72211	905.96356
855.77338	915.87866
855.82471	911.49127
855.87598	895.79205
855.92731	917.24695
855.97858	903.80585
856.02985	901.78009
856.08118	900.50671
856.13245	906.72656
856.18372	904.5946
856.23505	902.02887
856.28632	904.47125
856.33765	913.63074
856.38892	906.3606
856.44019	910.04974
856.49152	914.12897
856.54279	904.57697
856.59412	900.0874
856.64539	905.52264
856.69666	908.77655
856.74799	910.70746
856.79926	905.14941
856.85059	901.16644
856.90186	906.76147
856.95313	907.92004
857.00446	901.68024
857.05573	905.98224
857.10706	897.08069
857.15833	900.87048
857.20959	900.90039
857.26093	903.44189
857.31219	903.03278
857.36353	907.59766
857.41479	907.29059
857.46606	901.63959
857.5174	898.8952
857.56866	906.91882
857.62	908.60291
857.67126	899.58936
857.72253	901.41907
857.77386	905.4071
857.82513	903.81842
857.87646	901.83203
857.92773	905.90552
857.979	905.05347
858.03033	898.27496
858.0816	902.15179
858.13293	898.57172
858.1842	899.61243
858.23547	901.89502
858.2868	902.15851
858.33807	902.58105
858.3894	906.71588
858.44067	897.84955
858.49194	894.62036
858.54327	898.73462
858.59454	903.76001
858.64587	897.65265
858.69714	902.03607
858.74841	905.06317
858.79974	914.74683
858.85101	915.85706
858.90234	905.90063
858.95361	907.25543
859.00488	904.93951
859.05621	904.52106
859.10748	900.02283
859.15875	903.53693
859.21008	903.9259
859.26135	898.78839
859.31268	895.22406
859.36395	896.42535
859.41522	900.16901
859.46655	901.59625
859.51782	893.74744
859.56915	899.90387
859.62042	902.53571
859.67169	906.40466
859.72302	902.96423
859.77429	895.12634
859.82562	897.58136
859.87689	893.80981
859.92816	902.55957
859.97949	901.69574
860.03076	897.6604
860.08209	894.86646
860.13336	902.64917
860.18463	901.58624
860.23596	899.97815
860.28723	904.31256
860.33856	900.01276
860.38983	903.47156
860.4411	900.88708
860.49243	895.15857
860.5437	900.16016
860.59503	909.80609
860.6463	910.33142
860.69757	906.21619
860.7489	895.76709
860.80017	901.64148
860.8515	904.15338
860.90277	897.7384
860.95404	896.53851
861.00537	903.63452
861.05664	904.52777
861.10797	897.80035
861.15924	899.09338
861.21051	905.81183
861.26184	901.30426
861.31311	899.96136
861.36444	897.25085
861.41571	900.96198
861.46698	911.51019
861.51831	906.19769
861.56958	902.55896
861.62091	907.21442
861.67218	906.25659
861.72345	901.59155
861.77478	902.47461
861.82605	899.48083
861.87738	895.52118
861.92865	896.09784
861.97992	900.03082
862.03125	905.08185
862.08252	899.83746
862.13385	899.91071
862.18512	910.03961
862.23639	907.27441
862.28772	897.54718
862.33899	896.31476
862.39026	902.34753
862.44159	905.5498
862.49286	901.16754
862.54419	899.82159
862.59546	901.19269
862.64673	904.86377
862.69806	900.43188
862.74933	896.84039
862.80066	904.28632
862.85193	897.47247
862.9032	896.44897
862.95453	897.51996
863.0058	893.72791
863.05713	896.36707
863.1084	899.07922
863.15967	913.07123
863.211	915.6944
863.26227	906.43665
863.3136	907.85046
863.36487	905.94434
863.41614	907.22131
863.46747	904.85632
863.51874	901.81537
863.57007	898.77155
863.62134	905.82477
863.67261	909.27325
863.72394	898.14362
863.77521	895.55621
863.82654	897.41266
863.87781	910.2774
863.92908	891.50085
863.98041	894.49554
864.03168	897.66138
864.08301	905.10095
864.13428	896.29254
864.18555	893.51379
864.23688	895.71405
864.28815	909.88416
864.33948	903.9054
864.39075	898.95422
864.44202	897.58197
864.49335	909.06183
864.54462	896.72003
864.59595	902.72711
864.64722	904.31122
864.69849	921.38214
864.74982	903.69098
864.80109	897.18317
864.85242	896.65247
864.90369	895.35211
864.95496	892.92072
865.00629	901.26331
865.05756	902.27222
865.10889	907.65295
865.16016	895.15942
865.21143	889.44226
865.26276	899.26904
865.31403	902.34796
865.3653	893.85559
865.41663	897.30896
865.4679	903.50909
865.51923	898.52472
865.5705	895.62073
865.62177	898.77039
865.6731	903.96906
865.72437	899.01294
865.7757	897.81732
865.82697	896.29944
865.87823	894.43146
865.92957	899.01758
865.98083	901.89178
866.03217	904.59015
866.08344	905.76123
866.1347	898.84082
866.18604	894.93597
866.2373	900.89636
866.28864	898.63062
866.3399	892.09009
866.39117	892.96448
866.4425	895.66748
866.49377	902.51514
866.5451	894.76959
866.59637	898.1991
866.64764	904.9624
866.69897	904.80981
866.75024	899.73804
866.80157	901.39172
866.85284	899.13867
866.90411	898.2901
866.95544	894.20538
867.00671	895.77747
867.05804	897.12616
867.10931	900.71759
867.16058	897.78021
867.21191	897.27216
867.26318	900.87909
867.31451	901.26617
867.36578	893.81396
867.41705	898.93652
867.46838	898.2973
867.51965	897.27948
867.57098	900.21698
867.62225	892.29749
867.67352	906.21088
867.72485	904.14557
867.77612	901.28662
867.82745	901.87036
867.87872	896.84039
867.92999	903.60229
867.98132	897.22736
868.03259	897.70258
868.08392	901.2215
868.13519	899.88275
868.18646	892.86823
868.23779	898.51532
868.28906	906.13562
868.34033	895.89545
868.39166	904.21576
868.44293	898.61554
868.49426	903.6991
868.54553	905.46014
868.5968	902.83734
868.64813	895.07208
868.6994	900.2804
868.75073	902.64581
868.802	894.53253
868.85327	896.11713
868.9046	897.1189
868.95587	901.78766
869.0072	900.37152
869.05847	902.87787
869.10974	906.02765
869.16107	901.83325
869.21234	895.13123
869.26367	897.17255
869.31494	905.17627
869.36621	902.14014
869.41754	896.0105
869.46881	898.52045
869.52014	900.31165
869.57141	896.57318
869.62268	893.82581
869.67401	899.8186
869.72528	899.06104
869.77661	900.09467
869.82788	901.21063
869.87915	901.4198
869.93048	899.44843
869.98175	894.70422
870.03308	890.32269
870.08435	897.64063
870.13562	904.00714
870.18695	899.16913
870.23822	891.04633
870.28955	897.57617
870.34082	904.80713
870.39209	896.47357
870.44342	902.25507
870.49469	907.41028
870.54602	902.99469
870.59729	903.79962
870.64856	897.05463
870.69989	901.42877
870.75116	903.88281
870.80249	900.37
870.85376	894.43048
870.90503	896.91711
870.95636	901.90137
871.00763	896.14478
871.05896	897.04773
871.11023	901.07648
871.1615	903.07288
871.21283	903.67535
871.2641	896.64191
871.31543	905.26678
871.3667	896.94672
871.41797	904.85339
871.4693	894.90167
871.52057	894.98688
871.57184	901.63422
871.62317	903.83319
871.67444	898.19659
871.72577	899.80981
871.77704	900.63831
871.82831	893.39081
871.87964	900.21893
871.93091	906.21045
871.98224	901.77319
872.03351	897.16565
872.08478	899.37091
872.13611	895.71301
872.18738	894.04309
872.23871	900.69128
872.28998	900.86292
872.34125	898.97369
872.39258	898.56836
872.44385	897.13153
872.49518	901.16815
872.54645	907.06213
872.59772	902.23517
872.64905	896.99384
872.70032	897.44263
872.75165	897.41327
872.80292	897.0036
872.85419	895.22418
872.90552	895.73889
872.95679	900.24097
873.00812	901.93494
873.05939	903.75287
873.11066	906.17529
873.16199	901.81104
873.21326	894.33948
873.26459	891.24945
873.31586	903.96539
873.36713	902.88446
873.41846	904.2207
873.46973	898.56659
873.52106	895.15466
873.57233	895.66864
873.6236	903.7265
873.67493	897.90674
873.7262	900.77802
873.77753	903.55042
873.8288	895.42389
873.88007	900.78442
873.9314	904.51733
873.98267	895.92902
874.034	892.14178
874.08527	897.43622
874.13654	902.58679
874.18787	895.18848
874.23914	889.00775
874.29047	900.76575
874.34174	898.81573
874.39301	893.80524
874.44434	891.72925
874.49561	889.36066
874.54688	897.6991
874.59821	896.19965
874.64948	899.4173
874.70081	897.66211
874.75208	909.45441
874.80334	900.36798
874.85468	897.48688
874.90594	896.01099
874.95728	897.83502
875.00854	900.94293
875.05981	899.22784
875.11115	900.52985
875.16241	893.22797
875.21375	899.23676
875.26501	897.5025
875.31628	898.07129
875.36761	899.79346
875.41888	895.68915
875.47021	895.8299
875.52148	903.172
875.57275	900.18567
875.62408	896.45044
875.67535	900.51221
875.72668	901.87701
875.77795	896.57318
875.82922	894.66827
875.88055	893.2757
875.93182	891.34467
875.98315	900.1546
876.03442	904.11005
876.08569	898.22504
876.13702	898.83063
876.18829	902.3493
876.23962	902.74683
876.29089	900.84692
876.34216	901.68884
876.39349	910.06342
876.44476	900.75836
876.49609	896.83069
876.54736	899.87891
876.59863	895.59375
876.64996	892.97272
876.70123	895.02045
876.75256	894.93304
876.80383	899.51636
876.8551	898.2583
876.90643	899.3761
876.9577	905.6637
877.00903	903.23169
877.0603	900.04456
877.11157	891.57538
877.1629	901.71655
877.21417	900.8183
877.2655	901.63934
877.31677	891.01868
877.36804	900.55145
877.41937	897.65875
877.47064	891.90265
877.52197	902.48187
877.57324	897.56067
877.62451	895.16406
877.67584	889.73346
877.72711	900.87329
877.77838	901.92029
877.82971	896.23352
877.88098	894.43982
877.93231	898.64838
877.98358	899.60199
878.03485	900.51093
878.08618	891.12762
878.13745	898.41827
878.18878	895.93719
878.24005	898.79877
878.29132	894.26984
878.34265	889.56085
878.39392	891.95111
878.44525	894.35345
878.49652	894.33575
878.54779	893.5766
878.59912	900.0144
878.65039	899.68402
878.70172	900.87189
878.75299	899.95166
878.80426	901.12988
878.85559	897.19812
878.90686	896.10486
878.95819	904.82947
879.00946	902.52319
879.06073	891.69818
879.11206	889.1521
879.16333	895.47461
879.21466	903.21704
879.26593	899.94214
879.3172	894.63794
879.36853	898.85052
879.4198	896.13666
879.47113	893.55884
879.5224	899.25989
879.57367	903.7442
879.625	901.55841
879.67627	899.0163
879.7276	899.32751
879.77887	901.14362
879.83014	898.26276
879.88147	900.04358
879.93274	897.97101
879.98407	893.16833
880.03534	899.64374
880.08661	894.17303
880.13794	889.82172
880.18921	898.94849
880.24054	897.59283
880.29181	891.64258
880.34308	903.46869
880.39441	898.47675
880.44568	896.43884
880.49701	894.85065
880.54828	902.24023
880.59955	911.48492
880.65088	901.38452
880.70215	892.36285
880.75342	891.49518
880.80475	894.6275
880.85602	897.83514
880.90735	894.17401
880.95862	900.43652
881.00989	898.34192
881.06122	895.72546
881.11249	899.02728
881.16382	899.92468
881.21509	897.83325
881.26636	899.32312
881.31769	899.70795
881.36896	899.61456
881.42029	901.21228
881.47156	898.85034
881.52283	903.20129
881.57416	904.5611
881.62543	897.88898
881.67676	891.61188
881.72803	892.13647
881.7793	895.57629
881.83063	895.48175
881.8819	895.68048
881.93323	901.10828
881.9845	898.53809
882.03577	898.61859
882.0871	895.93359
882.13837	892.67517
882.1897	896.9657
882.24097	898.01831
882.29224	897.26642
882.34357	895.53546
882.39484	898.8136
882.44617	894.52094
882.49744	895.2608
882.54871	899.15826
882.60004	903.94513
882.65131	894.96545
882.70264	902.33691
882.75391	898.76935
882.80518	900.89777
882.85651	899.742
882.90778	896.23413
882.95911	896.39539
883.01038	895.55957
883.06165	896.09857
883.11298	899.36389
883.16425	900.89423
883.21558	899.90942
883.26685	898.35999
883.31812	893.71033
883.36945	896.47473
883.42072	896.32013
883.47205	897.68469
883.52332	897.05188
883.57458	888.94318
883.62592	897.3111
883.67719	897.84003
883.72852	899.49457
883.77979	903.68555
883.83105	899.1582
883.88239	898.38367
883.93365	898.33221
883.98492	903.04517
884.03625	904.53381
884.08752	895.94385
884.13885	895.06549
884.19012	894.78925
884.24139	893.56781
884.29272	892.00165
884.34399	897.87701
884.39532	902.58398
884.44659	899.86902
884.49786	897.26251
884.54919	894.84351
884.60046	897.47186
884.65179	899.995
884.70306	898.23932
884.75433	897.5069
884.80566	894.68524
884.85693	899.46259
884.90826	897.73071
884.95953	901.50995
885.0108	900.17383
885.06213	896.46259
885.1134	887.60974
885.16473	890.93829
885.216	897.92139
885.26727	896.41791
885.3186	885.9953
885.36987	898.6579
885.4212	898.9137
885.47247	888.41125
885.52374	898.02637
885.57507	905.66516
885.62634	902.75995
885.67767	900.62036
885.72894	897.64288
885.78021	894.60205
885.83154	898.36975
885.88281	896.50256
885.93414	899.46906
885.98541	897.45557
886.03668	896.25885
886.08801	888.6524
886.13928	893.56183
886.19061	895.84204
886.24188	900.66858
886.29315	891.17255
886.34448	889.28186
886.39575	896.67828
886.44708	898.04614
886.49835	895.86945
886.54962	898.59058
886.60095	899.2583
886.65222	897.87195
886.70355	895.42267
886.75482	897.31805
886.80609	902.84351
886.85742	897.17462
886.90869	893.89117
886.95996	888.52454
887.01129	894.96051
887.06256	898.44348
887.11389	901.26379
887.16516	895.7569
887.21643	895.05524
887.26776	895.34949
887.31903	895.18103
887.37036	900.98724
887.42163	903.44769
887.4729	895.57727
887.52423	890.43921
887.5755	894.22186
887.62683	894.48553
887.6781	893.81555
887.72937	897.16272
887.7807	904.68518
887.83197	905.3938
887.8833	897.2807
887.93457	893.86835
887.98584	893.80676
888.03717	895.5387
888.08844	895.64777
888.13977	895.48523
888.19104	898.68933
888.24231	894.89435
888.29364	893.79285
888.34491	894.68921
888.39624	898.83087
888.44751	898.67963
888.49878	899.32776
888.55011	892.07465
888.60138	891.10364
888.65271	889.44678
888.70398	892.66711
888.75525	898.74835
888.80658	900.29156
888.85785	890.28143
888.90918	889.63568
888.96045	891.07922
889.01172	892.08972
889.06305	895.57458
889.11432	899.6264
889.16565	902.82599
889.21692	897.19659
889.26819	899.78662
889.31952	893.10193
889.37079	900.43231
889.42212	895.71997
889.47339	890.56451
889.52466	893.09937
889.57599	900.96069
889.62726	899.28351
889.67859	895.26855
889.72986	897.1347
889.78113	883.39746
889.83246	891.29669
889.88373	893.36963
889.935	895.65155
889.98633	888.45056
890.0376	902.66937
890.08893	896.89429
890.1402	894.56683
890.19147	897.73877
890.2428	900.75739
890.29407	897.71295
890.3454	896.60272
890.39667	902.04858
890.44794	897.80304
890.49927	899.30859
890.55054	896.64893
890.60187	897.93243
890.65314	897.43811
890.70441	896.79376
890.75574	893.75092
890.80701	896.38507
890.85834	897.88678
890.90961	895.16034
890.96088	896.20081
891.01221	897.06769
891.06348	895.90387
891.11481	896.75671
891.16608	899.79193
891.21735	902.6239
891.26868	899.13788
891.31995	898.23822
891.37128	893.42999
891.42255	891.51343
891.47382	897.56909
891.52515	898.08386
891.57642	893.55658
891.62775	892.65057
891.67902	894.76074
891.73029	894.41589
891.78162	892.52734
891.83289	895.06854
891.88422	892.2345
891.93549	892.20819
891.98676	893.45624
892.03809	893.74176
892.08936	902.07892
892.14069	899.27765
892.19196	893.99365
892.24323	899.47186
892.29456	900.62463
892.34583	895.63513
892.39716	895.57605
892.44843	899.14117
892.49969	897.70856
892.55103	893.86517
892.60229	891.42889
892.65363	896.8468
892.7049	905.63403
892.75616	901.89813
892.8075	894.06793
892.85876	894.81183
892.9101	898.64172
892.96136	899.03235
893.01263	898.09772
893.06396	903.70465
893.11523	893.44708
893.1665	893.01959
893.21783	891.03363
893.2691	895.01941
893.32043	895.94604
893.3717	893.00671
893.42297	893.25372
893.4743	898.97565
893.52557	911.39722
893.5769	892.51917
893.62817	889.41986
893.67944	899.7384
893.73077	891.12421
893.78204	891.51605
893.83337	891.03027
893.88464	900.41675
893.93591	896.76569
893.98724	890.88861
894.03851	889.0434
894.08984	895.96191
894.14111	895.17615
894.19238	893.78302
894.24371	900.02368
894.29498	905.96924
894.34631	896.302
894.39758	895.27966
894.44885	894.88379
894.50018	892.56946
894.55145	890.40582
894.60278	889.5191
894.65405	893.16577
894.70532	900.48706
894.75665	901.71924
894.80792	893.45868
894.85925	898.60297
894.91052	904.42163
894.96179	898.36316
895.01312	897.06134
895.06439	898.22522
895.11572	897.54834
895.16699	888.14429
895.21826	886.86725
895.26959	895.466
895.32086	897.88513
895.37219	895.99969
895.42346	895.52112
895.47473	897.85004
895.52606	898.87238
895.57733	893.3609
895.62866	894.3877
895.67993	895.86267
895.7312	897.33057
895.78253	892.60052
895.8338	889.31964
895.88513	897.45178
895.9364	899.84668
895.98767	890.08594
896.039	892.80896
896.09027	894.68127
896.14154	897.41168
896.19287	890.82843
896.24414	896.06781
896.29547	897.73096
896.34674	901.51178
896.39801	896.19147
896.44934	891.99933
896.50061	906.34491
896.55194	896.95776
896.60321	895.79388
896.65448	886.89935
896.70581	893.02557
896.75708	899.55835
896.80841	894.72876
896.85968	893.86884
896.91095	894.59619
896.96228	893.55994
897.01355	899.27136
897.06488	895.63416
897.11615	895.88196
897.16742	899.85168
897.21875	890.57715
897.27002	892.02722
897.32135	899.2063
897.37262	894.23297
897.42389	894.74121
897.47522	894.44446
897.52649	900.89081
897.57782	896.63184
897.62909	892.05859
897.68036	895.73456
897.73169	900.68719
897.78296	897.63544
897.83429	898.39929
897.88556	899.14526
897.93683	894.54883
897.98816	893.14502
898.03943	890.16071
898.09076	891.17377
898.14203	894.5744
898.1933	892.76843
898.24463	892.29224
898.2959	897.75189
898.34723	900.86566
898.3985	898.22473
898.44977	896.41425
898.5011	894.73199
898.55237	896.32623
898.6037	894.94019
898.65497	897.15393
898.70624	895.0838
898.75757	902.74982
898.80884	904.91492
898.86017	893.80365
898.91144	896.86652
898.96271	896.71088
899.01404	892.64307
899.06531	894.72803
899.11664	894.07764
899.16791	898.45428
899.21918	903.7356
899.27051	902.96844
899.32178	894.12225
899.37305	903.04272
899.42438	894.90802
899.47565	895.42584
899.52698	901.12622
899.57825	896.95184
899.62952	895.66656
899.68085	891.74945
899.73212	900.44922
899.78345	904.60486
899.83472	902.54053
899.88599	898.56836
899.93732	897.64532
899.98859	898.26611
900.03992	893.10016
900.09119	888.47009
900.14246	896.69965
900.19379	897.31793
900.24506	895.57794
900.29639	895.57471
900.34766	895.20874
900.39893	893.37048
900.45026	891.92017
900.50153	890.94885
900.55286	896.30176
900.60413	897.23163
900.6554	892.42706
900.70673	891.33948
900.758	895.54596
900.80933	892.55469
900.8606	888.97687
900.91187	897.18463
900.9632	901.24225
901.01447	896.73303
901.0658	895.11133
901.11707	897.54846
901.16833	901.07129
901.21967	896.79083
901.27094	890.0979
901.32227	893.51099
901.37354	902.0918
901.4248	898.63422
901.47614	893.50116
901.5274	897.46863
901.57874	898.74225
901.63	893.28046
901.68127	889.25177
901.7326	892.9317
901.78387	898.74518
901.83521	893.78589
901.88647	893.90704
901.93774	900.39844
901.98907	900.30823
902.04034	899.46594
902.09167	895.68872
902.14294	899.85864
902.19421	896.72552
902.24554	896.25903
902.29681	895.62659
902.34808	905.52356
902.39941	903.15869
902.45068	898.06836
902.50201	899.2207
902.55328	899.43384
902.60455	899.43073
902.65588	887.16974
902.70715	895.06732
902.75848	902.26544
902.80975	894.45636
902.86102	890.50311
902.91235	897.44147
902.96362	898.87103
903.01495	907.25848
903.06622	890.80756
903.11749	895.89154
903.16882	899.93158
903.22009	896.25891
903.27142	895.38916
903.32269	896.39557
903.37396	902.31122
903.42529	905.77008
903.47656	900.50891
903.52789	891.32513
903.57916	895.13623
903.63043	894.91107
903.68176	891.84692
903.73303	898.5141
903.78436	894.68219
903.83563	896.38159
903.8869	895.4707
903.93823	893.36688
903.9895	897.9494
904.04083	898.16663
904.0921	897.18323
904.14337	892.54126
904.1947	896.38672
904.24597	899.46259
904.2973	891.82056
904.34857	893.50891
904.39984	891.34143
904.45117	887.5321
904.50244	892.7417
904.55377	897.07611
904.60504	896.48444
904.65631	895.9278
904.70764	891.15948
904.75891	896.87543
904.81024	899.93671
904.86151	901.37793
904.91278	896.57928
904.96411	893.55182
905.01538	900.02582
905.06671	893.84088
905.11798	890.48859
905.16925	897.49768
905.22058	899.26752
905.27185	892.55328
905.32312	894.68701
905.37445	897.0058
905.42572	901.7168
905.47705	894.9715
905.52832	896.10541
905.57959	896.24512
905.63092	902.02985
905.68219	897.328
905.73352	888.23938
905.78479	902.15948
905.83606	897.90796
905.88739	889.60583
905.93866	896.50983
905.98999	900.30981
906.04126	901.00049
906.09253	898.20062
906.14386	892.37036
906.19513	898.88135
906.24646	896.66022
906.29773	894.39911
906.349	895.63147
906.40033	897.42883
906.4516	899.20496
906.50293	903.00317
906.5542	903.44617
906.60547	897.6394
906.6568	894.83105
906.70807	895.48578
906.7594	893.80835
906.81067	893.16827
906.86194	892.76581
906.91327	892.99768
906.96454	897.2146
907.01587	897.51813
907.06714	894.0976
907.11841	896.62305
907.16974	901.71582
907.22101	902.50256
907.27234	896.86279
907.32361	894.70105
907.37488	893.96619
907.42621	894.33417
907.47748	890.16663
907.52881	890.31464
907.58008	895.40466
907.63135	896.44159
907.68268	896.11389
907.73395	896.82355
907.78528	895.64435
907.83655	894.35406
907.88782	894.10107
907.93915	893.31152
907.99042	897.9245
908.04175	899.09149
908.09302	897.40369
908.14429	891.05835
908.19562	897.11877
908.24689	892.68903
908.29822	900.32788
908.34949	891.71637
908.40076	901.56598
908.45209	892.33661
908.50336	903.96173
908.55463	891.20319
908.60596	904.87555
908.65723	898.80914
908.70856	893.64514
908.75983	888.99396
908.8111	898.83398
908.86243	896.91687
908.9137	895.89502
908.96503	895.03387
909.0163	897.1864
909.06757	905.03448
909.1189	896.58832
909.17017	893.60126
909.2215	890.29431
909.27277	892.64325
909.32404	891.94971
909.37537	899.0083
909.42664	897.68048
909.47797	899.20477
909.52924	902.19269
909.58051	892.83051
909.63184	894.25238
909.68311	899.41595
909.73444	900.87701
909.78571	898.26898
909.83698	894.46289
909.88831	893.97076
909.93958	894.01715
909.99091	897.67627
910.04218	905.00629
910.09344	904.32892
910.14478	894.37683
910.19604	899.22559
910.24738	906.22791
910.29865	899.73816
910.34991	892.57166
910.40125	893.02698
910.45251	894.65479
910.50385	894.93787
910.55511	895.68701
910.60638	900.55927
910.65771	899.55554
910.70898	900.54474
910.76031	893.4563
910.81158	893.61548
910.86285	897.38782
910.91418	901.4599
910.96545	896.46899
911.01678	896.83252
911.06805	899.73865
911.11932	893.14337
911.17065	892.89636
911.22192	902.99048
911.27325	928.03986
911.32452	892.71741
911.37579	889.25684
911.42712	894.88025
911.47839	894.97791
911.52966	895.63251
911.58099	893.58948
911.63226	893.15002
911.68359	898.78912
911.73486	893.66199
911.78613	895.48578
911.83746	903.4231
911.88873	897.30603
911.94006	892.01587
911.99133	890.14246
912.0426	891.79364
912.09393	895.18567
912.1452	895.3446
912.19653	893.08679
912.2478	899.20288
912.29907	901.57928
912.3504	898.08087
912.40167	899.46216
912.453	901.44293
912.50427	898.81305
912.55554	895.72687
912.60687	897.07648
912.65814	893.60626
912.70947	891.82562
912.76074	895.98663
912.81201	899.27478
912.86334	900.19556
912.91461	894.49957
912.96594	891.7157
913.01721	894.55951
913.06848	895.02271
913.11981	894.71643
913.17108	896.16357
913.22241	898.14484
913.27368	897.03876
913.32495	894.0835
913.37628	896.82208
913.42755	899.25934
913.47888	893.62177
913.53015	892.81525
913.58142	886.86786
913.63275	894.31116
913.68402	894.94183
913.73535	891.04352
913.78662	898.45837
913.83789	898.90741
913.88922	903.8725
913.94049	890.948
913.99182	892.71094
914.04309	900.78778
914.09436	887.99103
914.14569	889.69092
914.19696	896.03894
914.24829	897.37744
914.29956	896.54749
914.35083	895.23407
914.40216	898.31744
914.45343	901.28833
914.50476	895.64777
914.55603	893.66669
914.6073	896.22723
914.65863	901.07123
914.7099	898.56476
914.76117	896.20697
914.8125	893.66821
914.86377	894.35126
914.9151	891.45575
914.96637	889.08746
915.01764	895.20905
915.06897	900.35858
915.12024	899.29425
915.17157	894.76807
915.22284	896.73645
915.27411	901.33234
915.32544	896.45203
915.37671	893.76556
915.42804	897.35785
915.47931	897.42725
915.53058	889.86951
915.58191	889.76593
915.63318	890.11792
915.68451	893.56458
915.73578	890.48999
915.78705	893.27478
915.83838	894.81696
915.88965	899.67017
915.94098	888.04608
915.99225	894.26764
916.04352	896.48486
916.09485	900.06647
916.14612	891.45825
916.19745	891.57214
916.24872	906.10156
916.29999	901.30981
916.35132	898.63049
916.40259	896.18103
916.45392	903.16022
916.50519	901.06573
916.55646	895.37079
916.60779	888.95721
916.65906	895.66901
916.71039	896.69781
916.76166	893.35846
916.81293	895.95496
916.86426	893.91608
916.91553	895.45221
916.96686	892.28601
917.01813	892.84149
917.0694	898.45874
917.12073	899.672
917.172	894.02081
917.22333	893.07953
917.2746	894.5108
917.32587	895.59167
917.3772	895.27582
917.42847	895.05206
917.4798	893.15216
917.53107	893.29846
917.58234	895.04907
917.63367	899.14752
917.68494	901.25818
917.73621	899.724
917.78754	893.63531
917.83881	892.68451
917.89014	890.97241
917.94141	890.98969
917.99268	891.61084
918.04401	895.28668
918.09528	902.92407
918.14661	888.54974
918.19788	892.00507
918.24915	896.03021
918.30048	900.96954
918.35175	892.34448
918.40308	896.15802
918.45435	898.43909
918.50562	901.45514
918.55695	896.86139
918.60822	896.01868
918.65955	895.43671
918.71082	889.90448
918.76208	890.89178
918.81342	889.57623
918.86469	893.02454
918.91602	894.26953
918.96729	891.97076
919.01855	899.00397
919.06989	897.6228
919.12115	893.09375
919.17249	890.22852
919.22375	896.02753
919.27502	897.57855
919.32635	895.91132
919.37762	894.20471
919.42896	894.57941
919.48022	897.68719
919.53149	896.87958
919.58282	892.74042
919.63409	891.76929
919.68542	902.78058
919.73669	903.93073
919.78796	896.10223
919.83929	896.00323
919.89056	898.61792
919.94189	894.21008
919.99316	891.85791
920.04443	891.65918
920.09576	894.70856
920.14703	894.63098
920.19836	894.09979
920.24963	895.41351
920.3009	898.63354
920.35223	896.21155
920.4035	893.18298
920.45483	897.90533
920.5061	902.66467
920.55737	892.47601
920.6087	893.34857
920.65997	898.8515
920.7113	900.29028
920.76257	891.50598
920.81384	892.65332
920.86517	897.04694
920.91644	897.11743
920.96771	892.38159
921.01904	894.73218
921.07031	898.26892
921.12164	896.58337
921.17291	892.23669
921.22418	892.53278
921.27551	900.18408
921.32678	896.92529
921.37811	892.35651
921.42938	892.92316
921.48065	889.47772
921.53198	889.50677
921.58325	888.45624
921.63458	892.9563
921.68585	893.82605
921.73712	896.73883
921.78845	890.67316
921.83972	897.83691
921.89105	897.01593
921.94232	894.47559
921.99359	894.48669
922.04492	894.42542
922.09619	897.99109
922.14752	892.30603
922.19879	892.57019
922.25006	893.69092
922.30139	896.61969
922.35266	896.69104
922.40399	893.19867
922.45526	893.17029
922.50653	896.79547
922.55786	894.99884
922.60913	894.10907
922.66046	898.53748
922.71173	900.02893
922.763	891.57642
922.81433	891.77277
922.8656	896.82184
922.91693	894.27423
922.9682	892.74347
923.01947	889.46381
923.0708	894.68671
923.12207	894.03082
923.1734	896.55701
923.22467	899.69629
923.27594	897.93542
923.32727	899.65405
923.37854	896.039
923.42987	893.90729
923.48114	899.72772
923.53241	894.3573
923.58374	889.91351
923.63501	893.62402
923.68634	897.1546
923.73761	901.64294
923.78888	896.60498
923.84021	901.46533
923.89148	901.40186
923.94275	896.92468
923.99408	894.9516
924.04535	890.56177
924.09668	895.17242
924.14795	893.85583
924.19922	891.86292
924.25055	891.07617
924.30182	894.79681
924.35315	897.57697
924.40442	894.58368
924.45569	896.40753
924.50702	890.83551
924.55829	895.86151
924.60962	890.17859
924.66089	889.74866
924.71216	894.2038
924.76349	896.32898
924.81476	892.6637
924.86609	893.39227
924.91736	897.17072
924.96863	893.52368
925.01996	891.33368
925.07123	893.72253
925.12256	893.73383
925.17383	893.29218
925.2251	894.72528
925.27643	895.81049
925.3277	896.41949
925.37903	894.88843
925.4303	896.48932
925.48157	897.04858
925.5329	897.703
925.58417	891.60333
925.6355	887.49902
925.68677	896.44421
925.73804	896.77216
925.78937	894.44836
925.84064	896.90741
925.89197	896.45593
925.94324	896.75397
925.99451	893.3457
926.04584	888.7016
926.09711	894.06073
926.14844	895.35187
926.19971	890.66437
926.25098	889.41986
926.30231	893.08289
926.35358	895.68427
926.40491	893.96332
926.45618	899.49066
926.50745	898.17279
926.55878	899.59021
926.61005	899.65399
926.66138	897.11786
926.71265	895.82214
926.76392	894.67261
926.81525	889.71454
926.86652	894.21436
926.91779	896.40045
926.96912	891.90607
927.02039	890.05151
927.07172	899.11694
927.12299	898.40802
927.17426	903.24158
927.22559	891.07581
927.27686	887.39783
927.32819	897.20868
927.37946	897.80402
927.43073	891.89893
927.48206	898.56348
927.53333	895.34418
927.58466	898.63531
927.63593	892.41571
927.68719	891.73267
927.73853	894.33771
927.78979	894.62646
927.84113	891.52338
927.8924	894.88458
927.94366	896.50616
927.995	897.87878
928.04626	896.76489
928.0976	895.66095
928.14886	898.65356
928.20013	899.81738
928.25146	898.13251
928.30273	896.18481
928.35406	895.70386
928.40533	896.84448
928.4566	891.51617
928.50793	896.53986
928.5592	899.52362
928.61053	891.97571
928.6618	892.98248
928.71307	899.10858
928.7644	900.36505
928.81567	896.0791
928.867	895.99133
928.91827	897.73047
928.96954	898.49701
929.02087	895.73901
929.07214	895.39252
929.12347	895.45361
929.17474	897.00574
929.22601	889.83936
929.27734	891.56927
929.32861	901.33337
929.37994	898.86377
929.43121	890.57758
929.48248	895.60492
929.53381	896.87372
929.58508	894.26794
929.63641	895.23846
929.68768	895.20209
929.73895	892.79205
929.79028	901.1543
929.84155	890.73322
929.89288	897.22571
929.94415	899.09949
929.99542	895.63672
930.04675	893.16095
930.09802	897.6402
930.14929	900.90948
930.20062	897.80701
930.25189	891.27582
930.30322	897.75342
930.35449	905.04694
930.40576	898.25739
930.45709	894.40533
930.50836	895.68481
930.55969	896.76593
930.61096	896.82916
930.66223	895.65198
930.71356	896.40582
930.76483	897.55432
930.81616	895.82648
930.86743	896.289
930.9187	900.43799
930.97003	896.30847
931.0213	895.76532
931.07263	894.96088
931.1239	896.48047
931.17517	894.51147
931.2265	897.30383
931.27777	897.69312
931.3291	894.07312
931.38037	901.2522
931.43164	894.91217
931.48297	895.69366
931.53424	896.03473
931.58557	897.38141
931.63684	896.07001
931.68811	892.47589
931.73944	887.73737
931.79071	894.1366
931.84204	894.80798
931.89331	889.28925
931.94458	897.61176
931.99591	897.88538
932.04718	901.78149
932.09851	886.10901
932.14978	894.77765
932.20105	892.53467
932.25238	888.3988
932.30365	894.62585
932.35498	901.25476
932.40625	902.8125
932.45752	896.18188
932.50885	894.20367
932.56012	900.07349
932.61145	898.99811
932.66272	892.09662
932.71399	891.50641
932.76532	898.22113
932.81659	899.74573
932.86792	891.52686
932.91919	893.20892
932.97046	897.6319
933.02179	900.65344
933.07306	892.0625
933.12433	892.14508
933.17566	895.14648
933.22693	893.2561
933.27826	892.31451
933.32953	893.03961
933.3808	895.2002
933.43213	894.4043
933.4834	894.83563
933.53473	897.87573
933.586	896.68561
933.63727	892.8797
933.6886	892.50171
933.73987	892.13574
933.7912	902.53711
933.84247	894.32855
933.89374	890.58075
933.94507	900.15192
933.99634	902.82159
934.04767	891.3446
934.09894	890.50043
934.15021	898.57501
934.20154	894.5174
934.25281	894.71881
934.30414	894.81317
934.35541	900.49084
934.40668	898.87506
934.45801	891.88745
934.50928	892.86719
934.56061	898.86835
934.61188	900.49158
934.66315	894.9502
934.71448	897.08911
934.76575	898.98273
934.81708	893.07507
934.86835	893.84308
934.91962	891.50006
934.97095	902.9884
935.02222	900.68848
935.07355	901.34332
935.12482	893.52472
935.17609	893.93793
935.22742	896.7879
935.27869	898.10907
935.33002	901.48865
935.38129	900.91681
935.43256	896.99176
935.48389	895.78088
935.53516	895.77948
935.58649	898.9928
935.63776	897.96625
935.68903	895.28619
935.74036	896.72595
935.79163	899.04651
935.84296	896.6698
935.89423	891.59235
935.9455	896.87128
935.99683	901.39899
936.0481	903.073
936.09943	894.30353
936.1507	891.85449
936.20197	904.25592
936.2533	905.05756
936.30457	900.71075
936.35583	893.48499
936.40717	894.97717
936.45844	891.61646
936.50977	890.75275
936.56104	898.59119
936.6123	900.64233
936.66364	896.17535
936.7149	896.68304
936.76624	897.70398
936.8175	899.70551
936.86877	896.74469
936.9201	897.69342
936.97137	896.01178
937.02271	900.724
937.07397	887.36682
937.12524	894.06952
937.17657	897.00165
937.22784	897.64276
937.27917	892.44025
937.33044	894.73279
937.38171	891.17218
937.43304	894.67181
937.48431	899.13354
937.53564	895.01245
937.58691	896.96246
937.63818	898.39655
937.68951	895.72046
937.74078	896.09515
937.79211	897.91174
937.84338	898.03772
937.89465	891.73657
937.94598	896.00177
937.99725	903.79126
938.04858	895.10974
938.09985	890.77106
938.15112	896.12964
938.20245	897.98114
938.25372	893.71765
938.30505	891.70361
938.35632	896.84015
938.40759	898.37158
938.45892	893.57739
938.51019	894.53558
938.56152	898.62366
938.61279	896.67865
938.66406	901.12952
938.71539	893.10565
938.76666	899.7251
938.81799	903.37689
938.86926	899.35797
938.92053	896.02155
938.97186	894.77454
939.02313	907.74854
939.07446	881.92676
939.12573	897.30621
939.177	894.68237
939.22833	902.51941
939.2796	895.63184
939.33087	895.35022
939.3822	904.1344
939.43347	898.44592
939.4848	895.99219
939.53607	892.93555
939.58734	900.02966
939.63867	901.05823
939.68994	897.98883
939.74127	897.15796
939.79254	899.76367
939.84381	893.19299
939.89514	890.92596
939.94641	893.99835
939.99774	895.38141
940.04901	897.8092
940.10028	898.43256
940.15161	898.37476
940.20288	898.3877
940.25421	894.22296
940.30548	897.13782
940.35675	896.43591
940.40808	899.26483
940.45935	899.40613
940.51068	892.87469
940.56195	896.54291
940.61322	897.09845
940.66455	890.36957
940.71582	893.08936
940.76715	895.63623
940.81842	898.54462
940.86969	898.13379
940.92102	899.17822
940.97229	897.24323
941.02362	901.54431
941.07489	905.15308
941.12616	896.10907
941.17749	895.51276
941.22876	898.35736
941.28009	900.48962
941.33136	903.49255
941.38263	894.7912
941.43396	895.59808
941.48523	889.64343
941.53656	891.10858
941.58783	900.1759
941.6391	893.84052
941.69043	886.37292
941.7417	886.03583
941.79303	894.94025
941.8443	896.22943
941.89557	894.39301
941.9469	895.25336
941.99817	901.3775
942.0495	900.21771
942.10077	898.31421
942.15204	909.00659
942.20337	899.59686
942.25464	894.71741
942.30591	889.78497
942.35724	893.32678
942.40851	895.15045
942.45984	896.77875
942.51111	895.55707
942.56238	901.19745
942.61371	900.27576
942.66498	896.58429
942.71631	894.82654
942.76758	894.19049
942.81885	897.74347
942.87018	903.51648
942.92145	903.53741
942.97278	898.35455
943.02405	899.48322
943.07532	898.32056
943.12665	896.02466
943.17792	902.74176
943.22925	900.46649
943.28052	903.78784
943.33179	897.62427
943.38312	890.3252
943.43439	894.138
943.48572	898.3208
943.53699	895.67004
943.58826	901.48132
943.63959	904.49341
943.69086	898.31598
943.74219	892.01837
943.79346	900.20587
943.84473	905.65845
943.89606	890.83875
943.94733	898.48199
943.99866	892.90033
944.04993	894.14447
944.1012	896.36212
944.15253	905.82104
944.2038	896.17285
944.25513	898.17456
944.3064	892.85956
944.35767	895.6012
944.409	898.06647
944.46027	896.7099
944.5116	899.78162
944.56287	900.21344
944.61414	898.99414
944.66547	896.11731
944.71674	891.5047
944.76807	894.80927
944.81934	897.40594
944.87061	894.77246
944.92194	898.38184
944.97321	900.25745
945.02454	898.86377
945.07581	900.55682
945.12708	899.40479
945.17841	896.33148
945.22968	894.76154
945.28101	897.61841
945.33228	899.31232
945.38354	900.33478
945.43488	902.20758
945.48615	896.39325
945.53741	890.11688
945.58875	897.8009
945.64001	896.6095
945.69135	891.64972
945.74261	894.48553
945.79388	901.42328
945.84521	897.23529
945.89648	891.7652
945.94781	896.047
945.99908	900.56586
946.05035	893.77301
946.10168	894.82843
946.15295	892.62445
946.20428	898.12982
946.25555	900.72467
946.30682	899.90839
946.35815	897.20844
946.40942	899.29736
946.46075	893.47211
946.51202	894.36664
946.56329	899.86292
946.61462	903.34253
946.66589	900.52484
946.71722	896.52496
946.76849	896.66962
946.81976	891.48602
946.87109	895.66492
946.92236	898.46771
946.97369	896.71906
947.02496	898.50122
947.07623	899.83209
947.12756	890.93677
947.17883	892.58667
947.23016	900.39801
947.28143	892.23199
947.3327	893.74347
947.38403	898.57568
947.4353	901.86871
947.48663	899.13263
947.5379	895.03583
947.58917	902.35535
947.6405	902.54474
947.69177	897.80573
947.7431	901.25745
947.79437	898.51001
947.84564	901.42834
947.89697	896.35797
947.94824	894.33313
947.99957	909.04272
948.05084	893.1615
948.10211	899.43536
948.15344	898.82086
948.20471	895.43256
948.25604	893.80707
948.30731	889.25299
948.35858	895.17566
948.40991	896.92572
948.46118	902.21399
948.51245	898.76691
948.56378	899.89709
948.61505	901.39447
948.66638	896.01666
948.71765	894.56128
948.76892	896.59644
948.82025	898.02032
948.87152	896.92615
948.92285	898.4129
948.97412	896.74847
949.02539	896.5697
949.07672	894.38531
949.12799	894.29828
949.17932	898.68402
949.23059	900.40454
949.28186	896.87195
949.33319	895.40161
949.38446	897.66931
949.43579	899.18097
949.48706	897.78284
949.53833	904.8949
949.58966	898.6701
949.64093	901.80902
949.69226	899.66443
949.74353	905.92932
949.7948	900.62805
949.84613	897.43237
949.8974	894.36389
949.94873	892.67365
950	900.32129
