50	896.19928
50.532299	893
51.064598	893
51.596897	893.68243
52.129196	895.53094
52.661495	896.32233
53.193794	894.33167
53.726093	891.02374
54.258392	895.11359
54.790688	899.25067
55.322987	900.0437
55.855286	897.77454
56.387585	896.07068
56.919884	902.7016
57.452183	903.78998
57.984482	904
58.516781	899.97144
59.04908	899.14172
59.581379	910.72638
60.113678	916.53033
60.645977	909.37909
61.178276	907
61.710575	907.41858
62.242874	910.72705
62.775173	918.07465
63.307468	908.14172
63.839767	900.39294
64.37207	902.50879
64.904366	911.10052
65.436668	917.23431
65.968964	911.20123
66.501266	914.5199
67.033562	913.58344
67.565857	915.14978
68.09816	917
68.630455	918.37933
69.162758	924.08057
69.695053	926.56543
70.227356	922.2063
70.759651	918.9704
71.291954	919.37939
71.824249	923.92438
72.356552	933.0304
72.888847	938.00159
73.42115	935.68262
73.953445	939.43134
74.485748	943.70374
75.018044	940.38245
75.550346	937.06085
76.082642	931.29327
76.614937	946.78857
77.14724	944.59296
77.679535	932.30475
78.211838	934.21869
78.744133	941.69452
79.276436	940.40649
79.808731	939.37256
80.341034	941.74969
80.873329	946.73462
81.405632	949.6803
81.937927	940.54022
82.47023	944.69104
83.002525	949.67706
83.534828	951.11224
84.067123	947.52533
84.599426	941.10608
85.131721	941.93732
85.664017	941.23157
86.19632	938.60101
86.728615	940.01733
87.260918	941.11371
87.793213	933.56268
88.325516	938.55127
88.857811	929.9198
89.390114	924.64709
89.922409	930.55518
90.454712	942.75824
90.987007	946.91876
91.51931	936.10614
92.051605	935.7431
92.583908	933.099
93.116203	933.05542
93.648499	938.67749
94.180801	946.69073
94.713097	943.36212
95.245399	948.1709
95.777695	944.2738
96.309998	936.76019
96.842293	929.8623
97.374596	923.69141
97.906891	932.01282
98.439194	951.35425
98.971489	951.75153
99.503792	942.58636
100.03609	937.38824
100.56839	942.25012
101.10069	945.57916
101.63299	934.28741
102.16528	930.54742
102.69758	940.11462
103.22988	950.75031
103.76218	940.10883
104.29448	941.77368
104.82677	947.82452
105.35908	943.77698
105.89137	938.58228
106.42368	937.74823
106.95597	937.3006
107.48827	941.46484
108.02057	948.55194
108.55287	949.84601
109.08517	942.9928
109.61747	935.59821
110.14977	941.03894
110.68207	941.87323
111.21436	940.50476
111.74666	938.26691
112.27896	943.00775
112.81126	953.85736
113.34356	957.95416
113.87585	933.73334
114.40816	928.01447
114.94045	935.56519
115.47276	943.18994
116.00505	944.96619
116.53735	944.58014
117.06965	940.41064
117.60195	938.4718
118.13425	935.6413
118.66655	941.43756
119.19884	949.45831
119.73115	941.96143
120.26344	941.96075
120.79574	938.18768
121.32804	942.26746
121.86034	946.38348
122.39264	948.25562
122.92493	950.81464
123.45724	940.80231
123.98953	951.43695
124.52184	945.93365
125.05413	940.3913
125.58643	942.31244
126.11873	946.8161
126.65103	953.50531
127.18333	939.93335
127.71563	941.48346
128.24792	947.20129
128.78023	945.38287
129.31252	935.65576
129.84482	947.36584
130.37712	942.39465
130.90942	941.57672
131.44171	943.34485
131.97401	943.7348
132.50632	940.66681
133.03862	938.99597
133.57091	930.83356
134.10321	941.90051
134.63551	938.76282
135.16782	937.57275
135.7001	957.00128
136.23241	951.97858
136.76471	948.61694
137.297	940.59326
137.8293	941.47394
138.3616	947.63843
138.89391	951.46918
139.42619	953.95111
139.9585	954.78766
140.4908	939.76984
141.0231	932.93433
141.55539	935.47797
142.08769	942.52881
142.62	952.48572
143.1523	942.43408
143.68459	943.06824
144.21689	941.17981
144.74919	936.99048
145.28149	936.41028
145.81378	944.73822
146.34608	942.224
146.87839	948.57892
147.41068	938.23157
147.94298	930.17059
148.47528	938.25018
149.00758	955.92242
149.53987	946.70245
150.07217	948.22491
150.60448	942.87872
151.13678	946.00433
151.66907	949.27966
152.20137	933.95715
152.73367	927.24951
153.26598	946.84796
153.79826	945.56195
154.33057	943.8139
154.86287	939.03821
155.39516	927.69714
155.92746	948.66241
156.45976	958.02893
156.99207	946.56854
157.52435	941.93762
158.05666	942.18835
158.58896	941.30035
159.12126	951.84351
159.65355	949.32599
160.18585	940.48688
160.71815	931.49371
161.25046	923.86359
161.78275	923.74231
162.31505	940.43616
162.84735	933.72168
163.37965	943.22888
163.91194	938.23834
164.44424	937.75641
164.97655	944.87451
165.50883	942.29034
166.04114	945.64752
166.57344	946.67908
167.10574	942.58002
167.63803	940.35742
168.17033	940.8999
168.70264	940.21661
169.23494	936.00897
169.76723	935.08008
170.29953	932.26697
170.83183	941.36292
171.36414	951.89581
171.89642	952.61212
172.42873	955.48999
172.96103	937.84857
173.49332	935.59381
174.02562	941.30737
174.55792	941.68506
175.09023	935.11493
175.62251	936.53162
176.15482	944.93414
176.68712	957.82928
177.21942	942.51202
177.75171	933.60071
178.28401	940.42719
178.81631	940.22742
179.34862	927.6181
179.88091	941.95862
180.41321	937.63678
180.94551	937.64435
181.4778	943.20081
182.0101	941.17987
182.5424	926.90948
183.07471	942.88562
183.60699	945.88025
184.1393	942.72229
184.6716	939.14301
185.2039	940.40125
185.73619	949.67163
186.26849	946.29968
186.8008	933.36957
187.3331	929.45355
187.86539	935.34778
188.39769	941.55682
188.92999	938.50378
189.4623	943.56158
189.99458	950.97919
190.52689	940.22284
191.05919	939.05414
191.59148	943.00562
192.12378	937.0296
192.65608	937.89001
193.18839	942.9397
193.72067	932.85297
194.25298	937.97247
194.78528	942.74469
195.31758	933.91254
195.84987	927.04645
196.38217	929.57678
196.91447	932.85516
197.44678	934.45306
197.97906	931.39398
198.51137	928.24799
199.04367	933.55768
199.57596	945.37164
200.10826	933.74689
200.64056	926.30066
201.17287	934.25684
201.70515	941.12512
202.23746	933.12433
202.76976	930.18896
203.30206	941.16315
203.83435	941.42627
204.36665	942.52917
204.89896	943.04749
205.43126	941.11078
205.96355	937.93683
206.49585	929.50806
207.02815	930.40796
207.56044	926.48657
208.09274	928.06061
208.62505	928.47168
209.15735	920.10657
209.68964	926.8576
210.22194	931.08099
210.75424	933.22925
211.28654	932.23505
211.81883	932.75244
212.35114	935.84369
212.88344	935.41327
213.41574	930.3421
213.94803	927.56079
214.48033	935.91583
215.01263	940.48975
215.54494	936.47601
216.07722	930.13379
216.60953	925.89801
217.14183	926.67108
217.67412	936.34167
218.20642	937.16559
218.73872	927.91724
219.27103	924.5141
219.80331	947.3075
220.33562	926.16559
220.86792	938.12897
221.40022	931.4671
221.93251	933.59833
222.46481	945.83081
222.99712	945.2876
223.52942	941.90326
224.06171	932.72595
224.59401	940.27649
225.12631	939.61157
225.6586	938.13599
226.1909	938.05286
226.72321	917.66559
227.25551	929.51202
227.7878	934.59412
228.3201	937.62592
228.8524	934.35065
229.3847	934.98767
229.91699	948.00085
230.4493	936.99585
230.9816	926.80322
231.5139	921.41113
232.04619	931.4411
232.57849	943.69293
233.11079	943.26294
233.64308	930.74622
234.17538	929.89868
234.70769	945.09735
235.23999	942.46796
235.77228	930.45477
236.30458	928.56555
236.83688	940.7276
237.36919	923.87836
237.90147	942.51453
238.43378	936.0481
238.96608	926.35376
239.49838	926.14056
240.03067	937.15607
240.56297	950.17505
241.09528	944.24261
241.62758	945.37683
242.15987	943.26996
242.69217	946.14502
243.22447	939.90015
243.75676	919.77704
244.28906	929.10089
244.82137	938.4436
245.35367	934.73053
245.88596	932.22766
246.41826	935.17706
246.95056	939.79968
247.48286	939.79901
248.01515	939.79828
248.54745	927.53571
249.07976	937.44885
249.61206	943.79633
250.14435	938.33374
250.67665	930.70966
251.20895	937.48163
251.74124	933.23962
252.27354	940.39966
252.80585	945.23029
253.33815	944.49725
253.87044	941.48199
254.40274	939.6781
254.93504	933.7597
255.46735	930.35803
255.99963	927.66418
256.53195	932.36047
257.06424	940.04163
257.59653	940.41193
258.12885	927.78558
258.66113	927.78479
259.19342	931.81885
259.72574	941.98999
260.25803	948.81201
260.79031	949.711
261.32263	945.07953
261.85492	934.42883
262.38724	929.32312
262.91953	924.98505
263.45181	929.26312
263.98413	936.92133
264.51642	942.08881
265.04871	942.12793
265.58102	938.83417
266.11331	943.08948
266.64563	939.49042
267.17792	943.42725
267.71021	948.60657
268.24252	948.16473
268.77481	944.36786
269.3071	948.61609
269.83942	934.00452
270.3717	938.16058
270.90399	931.29974
271.43631	923.26898
271.9686	932.11755
272.50092	953.2962
273.0332	948.185
273.56549	946.20166
274.09781	947.03308
274.6301	938.53369
275.16238	936.87054
275.6947	949.53741
276.22699	935.8042
276.75931	936.65558
277.2916	930.06061
277.82388	933.12579
278.3562	942.58868
278.88849	952.47028
279.42078	957.67401
279.95309	951.67792
280.48538	942.3009
281.01767	942.1806
281.54999	932.59296
282.08228	933.93195
282.61459	945.94531
283.14688	943.50916
283.67917	941.80322
284.21149	934.30341
284.74377	944.31854
285.27606	941.21954
285.80838	933.75031
286.34067	936.37781
286.87296	946.0376
287.40527	958.00244
287.93756	940.35132
288.46988	938.35858
289.00217	939.24023
289.53445	935.15369
290.06677	931.29852
290.59906	940.54138
291.13135	937.98083
291.66367	930.00031
292.19595	930.25269
292.72827	933.66577
293.26056	932.38879
293.79285	926.12024
294.32516	927.9574
294.85745	932.22485
295.38974	943.25018
295.92206	944.31445
296.45435	941.3559
296.98663	933.76849
297.51895	925.27765
298.05124	947.28351
298.58356	931.05811
299.11584	941.17145
299.64813	943.38538
300.18045	940.40686
300.71274	939.6189
301.24503	937.67346
301.77734	914.88391
302.30963	936.23871
302.84195	939.01251
303.37424	939.87
303.90652	942.42883
304.43884	943.04456
304.97113	939.27075
305.50342	942.68829
306.03574	946.11249
306.56802	955.14667
307.10031	945.89722
307.63263	939.44153
308.16492	941.5
308.69724	932.72125
309.22952	932.72052
309.76181	927.70337
310.29413	938.4718
310.82642	936.60272
311.3587	928.70148
311.89102	931.15295
312.42331	946.3703
312.9556	943.8042
313.48792	930.47729
314.0202	934.55743
314.55252	943.11584
315.08481	943.74988
315.6171	933.41364
316.14941	923.20697
316.6817	942.922
317.21399	942.88757
317.74631	937.2793
318.27859	931.4964
318.81091	932.63605
319.3432	940.7049
319.87549	946.07336
320.40781	940.92767
320.94009	942.34686
321.47238	931.87561
322.0047	940.58331
322.53699	950.74622
323.06927	945.216
323.60159	938.12201
324.13388	941.55249
324.6662	939.23926
325.19849	946.8418
325.73077	943.18988
326.26309	939.4541
326.79538	944.69983
327.32767	947.69751
327.85999	947.69684
328.39227	938.62384
328.92459	941.4762
329.45688	936.1333
329.98917	933.66888
330.52148	940.461
331.05377	943.03546
331.58606	945.61011
332.11838	946.52258
332.65067	946.6908
333.18295	940.65948
333.71527	936.09625
334.24756	934.83398
334.77988	930.7876
335.31216	938.51581
335.84445	948.76367
336.37677	938.81012
336.90906	936.47266
337.44135	935.35358
337.97366	930.13324
338.50595	929.75861
339.03824	936.63037
339.57056	939.23969
340.10284	937.54602
340.63516	941.24805
341.16745	939.51794
341.69974	933.25824
342.23206	936.76208
342.76434	948.49805
343.29663	929.58966
343.82895	935.40173
344.36124	946.90503
344.89355	946.84863
345.42584	938.75104
345.95813	937.67847
346.49045	942.99878
347.02274	953.31549
347.55502	950.19165
348.08734	945.03198
348.61963	945.46906
349.15192	950.95886
349.68423	953.03235
350.21652	941.7652
350.74884	943.48462
351.28113	940.59296
351.81342	942.18121
352.34573	956.89294
352.87802	961.18396
353.41031	941.33875
353.94263	933.88348
354.47491	948.50995
355.00723	944.9068
355.53952	933.19189
356.07181	929.20776
356.60413	932.54114
357.13641	936.37146
357.6687	939.0567
358.20102	942.49872
358.73331	928.70294
359.26559	944.09888
359.79791	949.38922
360.3302	945.84479
360.86252	942.78687
361.39481	939.20612
361.92709	949.5376
362.45941	944.54456
362.9917	942.93829
363.52399	941.50024
364.0563	937.14886
364.58859	937.15192
365.12088	949.42487
365.6532	958.26123
366.18549	943.58789
366.7178	951.36566
367.25009	960.74933
367.78238	963.70099
368.3147	954.60992
368.84698	940.02899
369.37927	945.8822
369.91159	949.33521
370.44388	939.43921
370.9762	939.8819
371.50848	942.66241
372.04077	950.73053
372.57309	956.49524
373.10538	935.85138
373.63766	928.94043
374.16998	939.35553
374.70227	948.5163
375.23456	948.32599
375.76688	940.24249
376.29916	935.41217
376.83148	941.64264
377.36377	935.79565
377.89606	959.94263
378.42838	951.18701
378.96066	947.82214
379.49295	946.79706
380.02527	948.18164
380.55756	954.32227
381.08987	948.33173
381.62216	943.14453
382.15445	941.8493
382.68677	937.12604
383.21906	937.66589
383.75134	945.0683
384.28366	952.39026
384.81595	951.42523
385.34824	949.69501
385.88055	947.14063
386.41284	949.39044
386.94516	945.0528
387.47745	944.83966
388.00974	943.4494
388.54205	929.40814
389.07434	950.49963
389.60663	943.57776
390.13895	944.85333
390.67123	940.12299
391.20352	947.55768
391.73584	954.50024
392.26813	948.94928
392.80045	964.25342
393.33273	947.84167
393.86502	952.2182
394.39734	936.95563
394.92963	923.29327
395.46191	928.9447
395.99423	945.9259
396.52652	948.57874
397.05884	941.65204
397.59113	934.72461
398.12341	937.23901
398.65573	952.81946
399.18802	958.48291
399.72031	952.30896
400.25262	946.75189
400.78491	934.88544
401.3172	939.21552
401.84952	948.27722
402.38181	953.8761
402.91412	949.86957
403.44641	946.15045
403.9787	944.28577
404.51102	934.96472
405.0433	959.22449
405.57559	927.96826
406.10791	930.53589
406.6402	941.83246
407.17252	946.68622
407.7048	945.5954
408.23709	948.79639
408.76941	961.87781
409.3017	950.6084
409.83398	949.59265
410.3663	949.59198
410.89859	950.64069
411.43088	951.19897
411.9632	950.33124
412.49548	949.71539
413.0278	950.58356
413.56009	944.55267
414.09238	949.42261
414.62469	938.4588
415.15698	946.32465
415.68927	963.58472
416.22159	957.57611
416.75388	949.31073
417.28616	945.83997
417.81848	945.58252
418.35077	955.6767
418.88309	956.25604
419.41537	948.89813
419.94766	944.414
420.47998	949.20453
421.01227	964.52362
421.54456	961.04437
422.07687	947.04962
422.60916	950.02533
423.14148	947.72253
423.67377	945.22351
424.20605	950.86084
424.73837	941.86127
425.27066	944.46521
425.80295	953.74597
426.33527	956.27423
426.86755	949.70599
427.39984	943.24628
427.93216	942.19037
428.46445	945.73206
428.99677	955.47058
429.52905	953.72931
430.06134	948.83923
430.59366	954.80365
431.12595	971.74902
431.65823	973.6424
432.19055	956.42896
432.72284	951.65167
433.25516	958.50305
433.78745	950.68188
434.31973	948.06934
434.85205	951.26196
435.38434	952.58673
435.91663	951.91608
436.44894	950.51154
436.98123	945.12976
437.51352	959.03705
438.04584	949.49506
438.57813	963.16699
439.11044	959.70264
439.64273	952.55469
440.17502	959.29828
440.70734	970.48053
441.23962	957.36749
441.77191	954.75269
442.30423	955.35596
442.83652	954.20135
443.3688	957.91461
443.90112	954.04089
444.43341	947.01355
444.96573	957.47272
445.49802	967.64325
446.0303	970.25262
446.56262	948.88495
447.09491	948.35431
447.6272	952.57928
448.15952	959.77234
448.6918	967.45734
449.22412	962.3302
449.75641	967.58868
450.2887	979.79761
450.82101	962.10162
451.3533	957.39941
451.88559	957.06281
452.41791	962.82684
452.9502	968.90833
453.48248	950.04779
454.0148	970.11395
454.54709	962.849
455.07941	965.88623
455.61169	962.15955
456.14398	963.23212
456.6763	965.10791
457.20859	962.19183
457.74088	974.21124
458.27319	961.11829
458.80548	969.70117
459.3378	965.87683
459.87009	959.47198
460.40237	953.36029
460.93469	952.13794
461.46698	956.12201
461.99927	952.29877
462.53159	973.25403
463.06387	981.0871
463.59616	966.57269
464.12848	956.68921
464.66077	962.00702
465.19308	979.04999
465.72537	989.72034
466.25766	964.15631
466.78998	958.90375
467.32227	968.23749
467.85455	978.03699
468.38687	968.70343
468.91916	961.96484
469.45145	970.1734
469.98376	973.50696
470.51605	952.80103
471.04837	989.50452
471.58066	985.2934
472.11295	968.63385
472.64526	960.9613
473.17755	965.20416
473.70984	969.40649
474.24216	966.43475
474.77444	974.86957
475.30676	963.4801
475.83905	966.50793
476.37134	961.44012
476.90366	979.39819
477.43594	991.83002
477.96823	981.3103
478.50055	971.67999
479.03284	973.36987
479.56512	988.23926
480.09744	974.29767
480.62973	973.88483
481.16205	981.57263
481.69434	973.24518
482.22662	970.07727
482.75894	999.56262
483.29123	981.05414
483.82352	974.0531
484.35583	977.52673
484.88812	975.76813
485.42044	982.31
485.95273	980.67993
486.48502	972.98029
487.01733	980.91681
487.54962	991.24048
488.08191	987.73816
488.61423	973.62305
489.14651	976.71753
489.6788	979.49121
490.21112	991.97314
490.74341	1001.3611
491.27573	983.72174
491.80801	965.55261
492.3403	977.81311
492.87262	981.80438
493.40491	986.02106
493.93719	988.65259
494.46951	990.40582
495.0018	986.75989
495.53409	980.05127
496.06641	990.12604
496.59869	996.271
497.13101	1007.4804
497.6633	1008.7573
498.19559	997.04523
498.72791	990.91956
499.26019	993.55115
499.79248	991.02643
500.3248	977.82849
500.85709	988.36755
501.3894	986.73785
501.92169	987.96783
502.45398	992.21924
502.9863	989.44885
503.51859	988.28424
504.05087	993.69556
504.58319	988.74628
505.11548	971.63605
505.64777	981.30121
506.18008	994.05682
506.71237	983.14197
507.24469	981.83002
507.77698	991.96753
508.30927	996.16809
508.84158	990.63171
509.37387	991.15796
509.90616	985.00372
510.43848	988.47601
510.97076	994.23431
511.50308	985.80988
512.03534	977.02277
512.56769	979.65509
513.09998	987.4549
513.63226	992.789
514.16455	1007.7385
514.69684	995.06506
515.22919	987.44202
515.76147	994.40234
516.29376	1001.4094
516.82605	998.18866
517.35834	990.45599
517.89063	988.15045
518.42297	970.55438
518.95526	998.4527
519.48755	1017.5514
520.01984	1006.5811
520.55212	996.93701
521.08447	994.47626
521.61676	993.37616
522.14905	998.60547
522.68134	999.63696
523.21362	1004.0375
523.74591	999.65906
524.27826	1004.554
524.81055	998.5036
525.34283	997.59698
525.87512	1006.4066
526.40741	1007.6349
526.93976	1005.2742
527.47205	1014.0793
528.00433	1016.1312
528.53662	997.58887
529.06891	992.26239
529.60126	1003.215
530.13354	1022.3105
530.66583	1032.1677
531.19812	1014.0345
531.73041	998.94739
532.2627	1029.7822
532.79504	1025.6688
533.32733	1008.933
533.85962	996.565
534.39191	991.16711
534.92419	1003.4313
535.45654	1034.4979
535.98883	1029.1329
536.52112	1012.3845
537.05341	1011.4309
537.58569	1015.7201
538.11798	1019.2227
538.65033	1018.9885
539.18262	1018.1533
539.7149	1021.8832
540.24719	1029.9362
540.77948	1033.1243
541.31183	1003.9617
541.84412	1017.4741
542.3764	1022.4241
542.90869	1008.8995
543.44098	1004.2045
543.97327	1018.0287
544.50562	1028.8007
545.0379	1029.6132
545.57019	1019.9077
546.10248	1010.1833
546.63477	1032.9772
547.16711	1043.63
547.6994	1037.0646
548.23169	1025.3062
548.76398	1024.3212
549.29626	1040.993
549.82855	1038.2504
550.3609	1032.059
550.89319	1021.1125
551.42548	1024.4928
551.95776	1024.6145
552.49005	1020.1906
553.0224	1018.7234
553.55469	1025.4302
554.08698	1042.5293
554.61926	1061.9935
555.15155	1049.4443
555.6839	1035.4248
556.21619	1039.0135
556.74847	1039.2543
557.28076	1045.4847
557.81305	1053.5157
558.34534	1036.576
558.87769	1038.3217
559.40997	1052.486
559.94226	1055.8809
560.47455	1056.4011
561.00684	1048.0471
561.53918	1036.6143
562.07147	1038.8542
562.60376	1051.3734
563.13605	1042.4906
563.66833	1025.1349
564.20062	1054.3613
564.73297	1058.1896
565.26526	1076.7426
565.79755	1061.6495
566.32983	1057.8322
566.86212	1071.011
567.39447	1055.7009
567.92676	1033.3734
568.45905	1041.3469
568.99133	1045.7965
569.52362	1064.8077
570.05591	1065.8135
570.58826	1060.6891
571.12054	1053.7001
571.65283	1056.7617
572.18512	1076.1932
572.71741	1069.5941
573.24976	1050.9773
573.78204	1069.2662
574.31433	1063.4447
574.84662	1062.9089
575.37891	1070.082
575.91119	1064.4487
576.44354	1058.006
576.97583	1079.5956
577.50812	1072.1641
578.04041	1082.8054
578.57269	1085.8959
579.10504	1087.83
579.63733	1073.0138
580.16962	1064.3809
580.7019	1079.3984
581.23419	1091.4126
581.76654	1066.0299
582.29883	1068.6033
582.83112	1055.2661
583.3634	1089.1454
583.89569	1072.0481
584.42798	1064.1793
584.96033	1061.9373
585.49261	1072.382
586.0249	1094.5659
586.55719	1091.2814
587.08948	1084.6782
587.62183	1070.4448
588.15411	1075.9307
588.6864	1083.741
589.21869	1095.3275
589.75098	1093.5828
590.28326	1080.4969
590.81561	1074.9917
591.3479	1080.9893
591.88019	1073.1581
592.41248	1068.7164
592.94476	1097.8324
593.47711	1080.3104
594.0094	1070.9542
594.54169	1080.5735
595.07397	1093.7275
595.60626	1093.0326
596.13855	1073.6676
596.6709	1065.6188
597.20319	1092.332
597.73547	1081.2118
598.26776	1086.1801
598.80005	1080.3395
599.3324	1063.0668
599.86469	1069.2373
600.39697	1093.22
600.92926	1077.5847
601.46155	1069.3898
601.99384	1088.0966
602.52618	1081.0516
603.05847	1075.7462
603.59076	1082.9025
604.12305	1068.2983
604.65533	1076.9072
605.18768	1116.5535
605.71997	1097.6537
606.25226	1065.9703
606.78455	1074.8824
607.31683	1084.6218
607.84918	1078.2592
608.38147	1067.8264
608.91376	1071.0879
609.44604	1079.153
609.97833	1077.9492
610.51062	1071.7681
611.04297	1069.0972
611.57526	1066.4215
612.10754	1093.0973
612.63983	1097.3348
613.17212	1095.3971
613.70447	1091.1123
614.23676	1088.3328
614.76904	1082.8798
615.30133	1073.667
615.83362	1081.4054
616.36591	1073.3749
616.89825	1094.6205
617.43054	1066.1533
617.96283	1080.8365
618.49512	1088.9434
619.0274	1085.8704
619.55975	1078.0162
620.09204	1069.5881
620.62433	1083.5591
621.15662	1065.2167
621.6889	1048.75
622.22119	1096.6564
622.75354	1104.0146
623.28583	1097.1349
623.81812	1097.1804
624.3504	1091.5938
624.88269	1078.8424
625.41504	1079.6533
625.94733	1057.5095
626.47961	1066.7057
627.0119	1064.3055
627.54419	1067.5166
628.07648	1084.8782
628.60883	1083.5465
629.14111	1073.6859
629.6734	1067.3313
630.20569	1055.3629
630.73798	1050.9462
631.27032	1071.6116
631.80261	1082.0596
632.3349	1074.0791
632.86719	1056.7194
633.39948	1064.7615
633.93182	1064.4199
634.46411	1046.7694
634.9964	1044.5424
635.52869	1048.3445
636.06097	1059.0016
636.59326	1034.2133
637.12561	1039.5675
637.6579	1059.0872
638.19019	1055.9241
638.72247	1054.0121
639.25476	1054.8077
639.78711	1050.2618
640.3194	1045.4692
640.85168	1048.4821
641.38397	1049.6477
641.91626	1059.2628
642.44855	1043.6567
642.9809	1044.0138
643.51318	1041.673
644.04547	1034.1274
644.57776	1044.0104
645.11005	1044.5183
645.6424	1039.9652
646.17468	1043.5409
646.70697	1047.0654
647.23926	1040.9867
647.77155	1032.9078
648.30383	1045.3063
648.83618	1044.4619
649.36847	1042.2458
649.90076	1050.7946
650.43304	1040.3986
650.96533	1035.9524
651.49768	1023.9846
652.02997	1019.5158
652.56226	1027.8182
653.09454	1033.4584
653.62683	1041.6342
654.15912	1034.1757
654.69147	1025.6647
655.22375	1012.5128
655.75604	1018.2332
656.28833	1027.1036
656.82062	1024.8865
657.35297	1022.6479
657.88525	1016.2809
658.41754	1018.7457
658.94983	1023.1081
659.48212	1022.0663
660.01447	1018.3766
660.54675	1015.6202
661.07904	1018.7549
661.61133	1025.1733
662.14362	1036.5472
662.6759	1018.784
663.20825	1013.9033
663.74054	1031.7941
664.27283	1010.5635
664.80511	1026.2363
665.3374	1026.1656
665.86975	1018.8116
666.40204	1006.34
666.93433	999.04254
667.46661	1008.1691
667.9989	1019.2483
668.53119	1006.2261
669.06354	1014.5816
669.59583	1012.7043
670.12811	1015.5332
670.6604	1011.3892
671.19269	1008.4541
671.72504	1011.5262
672.25732	1011.9049
672.78961	997.72015
673.3219	1003.6784
673.85419	1002.1849
674.38647	1002.9717
674.91882	1002.8785
675.45111	1002.0728
675.9834	997.19446
676.51569	994.89355
677.04797	1004.2475
677.58032	1015.8423
678.11261	1011.118
678.6449	1011.024
679.17719	986.35687
679.70947	982.95801
680.24176	993.98444
680.77411	996.56079
681.3064	995.56842
681.83868	1004.7692
682.37097	1008.4326
682.90326	1003.0672
683.43561	996.84235
683.9679	1003.6435
684.50018	995.45581
685.03247	994.32269
685.56476	997.32819
686.09711	997.60779
686.62939	996.64746
687.16168	995.13062
687.69397	983.87653
688.22626	991.91107
688.75854	978.22168
689.29089	991.43475
689.82318	993.12018
690.35547	997.60669
690.88776	1006.0828
691.42004	1004.9644
691.95239	992.79285
692.48468	975.97162
693.01697	969.74109
693.54926	985.03259
694.08154	997.33521
694.61383	987.63806
695.14618	991.35022
695.67847	997.99957
696.21075	993.95123
696.74304	992.60956
697.27533	991.33234
697.80768	980.63708
698.33997	986.90308
698.87225	982.15344
699.40454	979.31287
699.93683	982.11084
700.46912	982.83966
701.00146	981.77856
701.53375	983.7193
702.06604	983.01318
702.59833	978.70752
703.13062	977.8269
703.66296	972.00293
704.19525	986.55151
704.72754	978.7677
705.25983	986.93231
705.79211	993.07849
706.3244	978.86475
706.85675	980.15649
707.38904	965.82977
707.92133	988.17194
708.45361	974.16583
708.9859	969.60962
709.51825	981.32953
710.05054	982.98779
710.58282	981.57788
711.11511	982.9212
711.6474	979.41211
712.17975	981.33997
712.71204	983.82294
713.24432	976.68597
713.77661	976.80847
714.3089	979.1192
714.84119	984.8028
715.37354	979.67377
715.90582	975.68884
716.43811	977.9892
716.9704	967.0116
717.50269	977.09229
718.03503	989.62213
718.56732	971.1488
719.09961	977.95526
719.6319	977.22327
720.16418	976.2406
720.69647	973.62213
721.22882	971.53949
721.76111	974.31146
722.2934	967.55194
722.82568	963.7359
723.35797	982.53406
723.89032	982.60052
724.42261	999.34332
724.9549	987.41638
725.48718	980.30457
726.01947	986.48157
726.55176	980.29633
727.08411	964.37
727.61639	975.81683
728.14868	960.5838
728.68097	973.54572
729.21326	971.47015
729.74561	980.47382
730.27789	973.41486
730.81018	960.19775
731.34247	959.03369
731.87476	963.33423
732.40704	961.98175
732.93939	986.17688
733.47168	981.70294
734.00397	970.44971
734.53625	966.98737
735.06854	969.6994
735.60089	967.73138
736.13318	964.94843
736.66547	966.19098
737.19775	968.22888
737.73004	971.70264
738.26239	979.38171
738.79468	973.10944
739.32697	970.94708
739.85925	980.64069
740.39154	983.38043
740.92383	984.67603
741.45618	982.93433
741.98846	973.00812
742.52075	965.97827
743.05304	978.14417
743.58533	973.69196
744.11768	975.50067
744.64996	970.10632
745.18225	972.91345
745.71454	971.74719
746.24683	968.25836
746.77911	967.54578
747.31146	968.76978
747.84375	967.25153
748.37604	961.78363
748.90833	971.68176
749.44061	966.49426
749.97296	964.25854
750.50525	960.41772
751.03754	973.45483
751.56982	978.55573
752.10211	972.8797
752.6344	977.10632
753.16675	989.70465
753.69904	996.72662
754.23132	983.22321
754.76361	963.5899
755.2959	967.96259
755.82825	977.42535
756.36053	968.84741
756.89282	963.80627
757.42511	968.75647
757.9574	969.17969
758.48969	967.73682
759.02203	971.11566
759.55432	972.02765
760.08661	959.79028
760.6189	958.07513
761.15118	972.32983
761.68353	973.89655
762.21582	969.1557
762.74811	974.56262
763.2804	979.25598
763.81268	965.22913
764.34503	969.51752
764.87732	962.31464
765.40961	968.36322
765.94189	963.71747
766.47418	970.42352
767.00647	978.90576
767.53882	980.77625
768.07111	969.95483
768.60339	964.21381
769.13568	983.61896
769.66797	972.28271
770.20032	972.29498
770.7326	956.22656
771.26489	975.00739
771.79718	972.66614
772.32947	967.5506
772.86176	965.85626
773.3941	969.38428
773.92639	974.47089
774.45868	972.18707
774.99097	970.76367
775.52325	965.29895
776.0556	954.49762
776.58789	970.53296
777.12018	965.8678
777.65247	967.41034
778.18475	965.79614
778.71704	963.60291
779.24939	970.41211
779.78168	973.7132
780.31396	957.65747
780.84625	958.94501
781.37854	969.77753
781.91089	963.85217
782.44318	956.64752
782.97546	955.8764
783.50775	965.3653
784.04004	969.45801
784.57233	966.33136
785.10468	961.4671
785.63696	949.11023
786.16925	977.15808
786.70154	969.93872
787.23383	959.23535
787.76617	970.07196
788.29846	966.93982
788.83075	967.20959
789.36304	966.33655
789.89532	962.35785
790.42767	959.4234
790.95996	956.12775
791.49225	968.00043
792.02454	987.6665
792.55682	965.11072
793.08911	965.25702
793.62146	969.41675
794.15375	963.38593
794.68604	960.43536
795.21832	964.02362
795.75061	963.86548
796.28296	956.70038
796.81525	952.61847
797.34753	951.35376
797.87982	959.51154
798.41211	968.52704
798.9444	956.97327
799.47675	957.64801
800.00903	966.86658
800.54132	970.07813
801.07361	964.56134
801.6059	955.56207
802.13824	950.69763
802.67053	966.63165
803.20282	971.99023
803.73511	958.41943
804.2674	966.85889
804.79968	974.13489
805.33203	967.95599
805.86432	954.06464
806.39661	960.1441
806.92889	976.76208
807.46118	971.40271
807.99353	961.91669
808.52582	955.73047
809.05811	963.91272
809.59039	963.32306
810.12268	981.19507
810.65497	975.90149
811.18732	970.64099
811.7196	963.74048
812.25189	963.36292
812.78418	971.33221
813.31647	966.42871
813.84882	957.18115
814.3811	963.58606
814.91339	970.85089
815.44568	958.61572
815.97797	966.15332
816.51031	972.00226
817.0426	971.09314
817.57489	959.36932
818.10718	948.3941
818.63947	948.98743
819.17175	954.17908
819.7041	968.57831
820.23639	961.32068
820.76868	953.16864
821.30096	959.91803
821.83325	957.79706
822.3656	964.22314
822.89789	960.78223
823.43018	963.25317
823.96246	970.21326
824.49475	959.29968
825.02704	948.85883
825.55939	963.65802
826.09167	964.58026
826.62396	970.03809
827.15625	963.24512
827.68854	965.24164
828.22089	962.18359
828.75317	968.32971
829.28546	977.00391
829.81775	970.3877
830.35004	960.78687
830.88232	974.68726
831.41467	974.35059
831.94696	970.73047
832.47925	960.76508
833.01154	964.61835
833.54382	968.64215
834.07617	960.90723
834.60846	951.43787
835.14075	955.00458
835.67303	961.995
836.20532	957.18787
836.73761	955.50928
837.26996	966.57898
837.80225	953.84753
838.33453	972.03455
838.86682	968.95496
839.39911	958.41272
839.93146	952.97894
840.46375	955.7525
840.99603	963.05243
841.52832	969.03857
842.06061	968.98798
842.59296	963.20038
843.12524	959.96814
843.65753	960.13348
844.18982	972.89996
844.72211	963.19525
845.25439	966.95605
845.78674	969.02924
846.31903	972.98749
846.85132	972.25989
847.38361	971.15088
847.91589	972.51343
848.44824	964.29846
848.98053	964.74829
849.51282	962.47064
850.0451	973.4231
850.57739	972.43317
851.10968	956.09052
851.64203	959.26642
852.17432	974.90326
852.7066	968.24011
853.23889	958.94348
853.77118	965.60144
854.30353	962.92731
854.83582	965.09058
855.3681	964.01569
855.90039	960.3866
856.43268	964.67786
856.96497	977.1839
857.49731	968.30444
858.0296	964.54578
858.56189	970.09528
859.09418	971.67761
859.62646	966.56989
860.15881	963.89484
860.6911	964.46826
861.22339	960.1969
861.75568	958.54474
862.28796	981.37769
862.82025	962.62933
863.3526	963.64349
863.88489	972.01868
864.41718	972.0343
864.94946	962.70111
865.48175	957.0672
866.0141	963.82831
866.54639	975.51062
867.07867	980.06946
867.61096	964.87592
868.14325	971.29407
868.6756	970.67627
869.20789	955.52948
869.74017	964.26703
870.27246	965.26172
870.80475	964.19946
871.33704	965.16974
871.86938	965.70776
872.40167	967.08966
872.93396	965.08563
873.46625	962.25348
873.99854	958.57703
874.53088	953.10596
875.06317	962.00824
875.59546	969.79694
876.12775	977.12183
876.66003	970.90723
877.19232	978.35406
877.72467	985.05688
878.25696	977.10748
878.78925	971.10132
879.32153	948.40851
879.85382	967.67383
880.38617	977.74506
880.91846	979.65381
881.45074	970.78339
881.98303	968.12109
882.51532	965.25323
883.04761	961.03387
883.57996	961.80505
884.11224	968.51251
884.64453	981.51678
885.17682	989.12085
885.70911	963.20966
886.24146	980.62299
886.77374	961.3811
887.30603	979.78882
887.83832	973.87
888.37061	963.27026
888.90289	969.66797
889.43524	978.38904
889.96753	976.28314
890.49982	971.83948
891.0321	973.68628
891.56439	975.07959
892.09674	972.24811
892.62903	956.117
893.16132	971.69464
893.6936	982.8407
894.22589	983.33191
894.75824	975.89331
895.29053	972.52142
895.82281	980.58191
896.3551	985.75775
896.88739	979.86438
897.41968	970.72614
897.95203	967.74475
898.48431	978.58447
899.0166	990.4856
899.54889	964.79321
900.08118	949.88672
900.61353	975.20996
901.14581	973.96252
901.6781	973.91949
902.21039	972.47217
902.74268	969.36047
903.27496	971.58972
903.80731	972.79938
904.3396	970.94623
904.87189	987.90302
905.40417	983.69135
905.93646	963.49219
906.46881	983.552
907.0011	979.59698
907.53339	978.44598
908.06567	982.47955
908.59796	979.76208
909.13025	975.46753
909.6626	979.6134
910.19489	987.19836
910.72717	984.54645
911.25946	972.05908
911.79175	968.32782
912.3241	992.16443
912.85638	974.70856
913.38867	963.26813
913.92096	967.823
914.45325	976.5882
914.98553	980.85272
915.51788	984.854
916.05017	984.44165
916.58246	975.37823
917.11475	972.30121
917.64703	987.62592
918.17938	993.73657
918.71167	987.70245
919.24396	987.71466
919.77625	988.62292
920.30853	988.73901
920.84088	987.27869
921.37317	993.32776
921.90546	981.78333
922.43774	976.76312
922.97003	980.28442
923.50232	977.83118
924.03467	980.8645
924.56696	984.19763
925.09924	985.04095
925.63153	978.20581
926.16382	992.94812
926.69617	992.15649
927.22845	983.25696
927.76074	971.72858
928.29303	978.5824
928.82532	987.12628
929.3576	991.29578
929.88995	990.04034
930.42224	987.41284
930.95453	991.70825
931.48682	982.08307
932.0191	987.46039
932.55145	981.02405
933.08374	981.95288
933.61603	1005.6186
934.14832	1001.643
934.6806	992.888
935.21289	990.68921
935.74524	993.21649
936.27753	996.9187
936.80981	994.99347
937.3421	990.50708
937.87439	993.71869
938.40674	987.00159
938.93903	997.65417
939.47131	990.27637
940.0036	989.28119
940.53589	1005.0374
941.06818	987.81097
941.60052	990.73572
942.13281	1004.2682
942.6651	1011.3022
943.19739	1005.988
943.72968	1000.4999
944.26202	999.00629
944.79431	990.86249
945.3266	1002.2739
945.85889	973.83038
946.39117	1009.8958
946.92352	980.2774
947.45581	998.25061
947.9881	991.75458
948.52039	990.43439
949.05267	997.45935
949.58496	994.52094
950.11731	985.6947
950.6496	983.57135
951.18188	985.74963
951.71417	986.68634
952.24646	988.67249
952.77881	995.70917
953.3111	998.49579
953.84338	991.12183
954.37567	1003.2452
954.90796	1002.4388
955.44025	982.71716
955.9726	981.39954
956.50488	991.04291
957.03717	994.63635
957.56946	993.19659
958.10175	992.28461
958.63409	996.31531
959.16638	1009.7669
959.69867	1004.7574
960.23096	996.70319
960.76324	998.56677
961.29553	1013.5052
961.82788	1014.0969
962.36017	1004.3011
962.89246	992.9248
963.42474	994.4812
963.95703	994.22876
964.48938	998.72827
965.02167	1017.4829
965.55396	1020.5457
966.08624	995.34711
966.61853	992.18231
967.15082	1006.6991
967.68317	989.10956
968.21545	996.13007
968.74774	999.36438
969.28003	989.15875
969.81232	1007.9922
970.34467	1017.8871
970.87695	1012.4539
971.40924	999.42834
971.94153	995.49695
972.47382	1004.2608
973.00616	1004.6963
973.53845	1003.0667
974.07074	999.28979
974.60303	1002.6415
975.13531	1021.1956
975.6676	995.39563
976.19995	994.46442
976.73224	1009.1238
977.26453	1010.7014
977.79681	1006.6732
978.3291	1009.2598
978.86145	1014.8871
979.39374	1015.5801
979.92603	1010.6574
980.45831	1007.4571
980.9906	1013.355
981.52289	1004.4111
982.05524	1006.9685
982.58752	996.73358
983.11981	1012.8369
983.6521	1025.6516
984.18439	1012.8218
984.71674	1008.538
985.24902	1017.4702
985.78131	1022.7244
986.3136	1022.6984
986.84589	1018.0197
987.37817	1003.1676
987.91052	993.26495
988.44281	1009.8706
988.9751	1027.8616
989.50739	1022.9455
990.03967	1004.3862
990.57202	1007.7501
991.10431	1014.8341
991.6366	998.6759
992.16888	1000.3827
992.70117	1009.1602
993.23346	1014.5076
993.76581	1009.6053
994.2981	1006.0656
994.83038	1014.3929
995.36267	1012.3174
995.89496	1002.4236
996.42731	1015.6371
996.95959	1009.0261
997.49188	1022.9759
998.02417	1006.5408
998.55646	1001.2289
999.08881	1023.9984
999.62109	1027.4434
1000.1534	1026.1865
1000.6857	1012.9036
1001.218	1004.467
1001.7502	1011.6896
1002.2826	1017.6199
1002.8149	1012.7946
1003.3472	1005.4876
1003.8795	1026.1608
1004.4117	1010.8983
1004.9441	1029.5853
1005.4764	1011.1891
1006.0087	1013.9817
1006.541	1017.0833
1007.0732	1020.6083
1007.6055	1012.6453
1008.1379	1015.9072
1008.6702	1014.051
1009.2025	1017.0073
1009.7347	1025.6477
1010.267	1016.326
1010.7994	1011.5356
1011.3317	1015.7126
1011.864	1024.2073
1012.3962	1019.3588
1012.9285	1032.4532
1013.4608	1013.9443
1013.9932	1027.7036
1014.5255	1010.9761
1015.0577	1015.3862
1015.59	1027.506
1016.1223	1036.4513
1016.6547	1031.0343
1017.187	1015.968
1017.7192	1013.0364
1018.2515	1031.3936
1018.7838	1045.3297
1019.3161	1016.0106
1019.8484	1018.3001
1020.3807	1039.8252
1020.913	1032.385
1021.4453	1016.8808
1021.9776	1025.7959
1022.5099	1041.7566
1023.0422	1033.6355
1023.5745	1032.4943
1024.1068	1028.4027
1024.6392	1027.576
1025.1714	1042.4075
1025.7037	1042.4432
1026.236	1015.8054
1026.7683	1015.2092
1027.3007	1028.5936
1027.8329	1011.168
1028.3652	1020.9868
1028.8975	1043.3751
1029.4298	1026.2393
1029.9622	1024.2549
1030.4944	1036.5789
1031.0267	1040.2794
1031.559	1035.1842
1032.0913	1026.5708
1032.6237	1030.9449
1033.1559	1031.8138
1033.6882	1023.8547
1034.2205	1028.8634
1034.7528	1034.3649
1035.2852	1033.0929
1035.8174	1029.2592
1036.3497	1043.6696
1036.882	1048.3656
1037.4143	1047.5027
1037.9465	1047.4381
1038.4789	1048.2441
1039.0112	1047.7325
1039.5435	1045.4738
1040.0758	1031.8531
1040.608	1035.8535
1041.1404	1044.6139
1041.6727	1043.3435
1042.205	1044.8807
1042.7373	1038.2115
1043.2695	1027.2145
1043.8019	1050.8992
1044.3342	1031.944
1044.8665	1045.4285
1045.3988	1039.8383
1045.931	1039.6213
1046.4634	1054.6993
1046.9957	1039.896
1047.528	1055.2076
1048.0603	1062.3772
1048.5925	1057.5911
1049.1249	1053.6541
1049.6571	1045.4058
1050.1895	1039.874
1050.7218	1047.3914
1051.254	1055.1698
1051.7864	1062.1654
1052.3186	1060.4747
1052.851	1042.2479
1053.3833	1058.8518
1053.9155	1061.6676
1054.4479	1040.3907
1054.9801	1053.624
1055.5125	1052.9917
1056.0448	1069.5647
1056.577	1067.8422
1057.1094	1052.4047
1057.6416	1055.823
1058.174	1067.2806
1058.7063	1068.1176
1059.2385	1064.9103
1059.7709	1062.8452
1060.3031	1067.1057
1060.8354	1064.2644
1061.3678	1066.2446
1061.9	1069.4208
1062.4324	1083.5204
1062.9646	1067.7454
1063.4969	1093.8334
1064.0292	1091.2158
1064.5615	1080.3895
1065.0939	1076.3999
1065.6261	1076.0732
1066.1584	1082.5696
1066.6907	1089.0577
1067.223	1082.1351
1067.7554	1078.6399
1068.2876	1085.3428
1068.8199	1069.3816
1069.3522	1071.9097
1069.8845	1079.4805
1070.4169	1073.7426
1070.9491	1066.235
1071.4814	1069.0133
1072.0137	1069.2198
1072.546	1074.9414
1073.0784	1083.0479
1073.6106	1088.0419
1074.1429	1093.0892
1074.6752	1091.818
1075.2075	1089.2931
1075.7397	1097.5535
1076.2721	1093.7572
1076.8044	1083.1752
1077.3367	1101.5012
1077.869	1090.74
1078.4012	1069.2603
1078.9336	1115.5839
1079.4659	1116.521
1079.9982	1097.7133
1080.5305	1101.1172
1081.0627	1110.0923
1081.5951	1092.0557
1082.1274	1110.6666
1082.6597	1109.4932
1083.192	1107.3701
1083.7242	1117.6499
1084.2566	1104.4546
1084.7889	1100.0859
1085.3212	1117.5251
1085.8535	1123.6305
1086.3857	1125.4259
1086.9181	1106.3317
1087.4504	1123.3787
1087.9827	1096.1855
1088.515	1127.125
1089.0472	1155.3915
1089.5796	1122.9081
1090.1118	1119.7584
1090.6442	1152.3883
1091.1765	1135.3169
1091.7087	1126.2603
1092.2411	1142.5587
1092.7733	1163.5211
1093.3057	1173.3088
1093.838	1161.8767
1094.3702	1160.6909
1094.9026	1158.116
1095.4348	1138.6396
1095.9672	1182.257
1096.4995	1193.2118
1097.0317	1171.5448
1097.5641	1182.1074
1098.0963	1173.3131
1098.6287	1153.5259
1099.161	1168.3079
1099.6932	1171.5599
1100.2256	1176.6405
1100.7578	1201.6063
1101.2902	1190.6971
1101.8224	1189.4479
1102.3547	1216.7877
1102.8871	1219.9674
1103.4193	1216.6486
1103.9517	1240.1211
1104.4839	1245.4015
1105.0162	1231.9558
1105.5486	1248.5543
1106.0808	1237.1005
1106.6132	1286.4249
1107.1454	1254.2806
1107.6777	1245.9641
1108.2101	1294.1024
1108.7423	1316.8923
1109.2747	1324.1927
1109.8069	1333.0615
1110.3392	1335.0991
1110.8716	1357.127
1111.4038	1371.5565
1111.9362	1353.3524
1112.4684	1357.5227
1113.0007	1415.0898
1113.5331	1456.4473
1114.0653	1444.3514
1114.5977	1439.5554
1115.1299	1478.1375
1115.6622	1543.2213
1116.1945	1543.0897
1116.7268	1539.8442
1117.2592	1517.8595
1117.7914	1583.9983
1118.3237	1592.6943
1118.856	1602.0422
1119.3883	1645.1335
1119.9207	1653.5513
1120.4529	1656.1869
1120.9852	1673.8833
1121.5175	1666.5513
1122.0498	1674.0592
1122.5822	1702.8799
1123.1144	1739.7537
1123.6467	1762.2808
1124.179	1749.6299
1124.7113	1764.6532
1125.2437	1812.8479
1125.7759	1786.5964
1126.3082	1827.5216
1126.8405	1770.7205
1127.3728	1798.9015
1127.905	1849.0353
1128.4374	1839.4551
1128.9697	1848.9404
1129.502	1844.0038
1130.0343	1865.4562
1130.5665	1868.2903
1131.0989	1847.4546
1131.6312	1878.312
1132.1635	1912.3763
1132.6958	1914.0803
1133.228	1907.3658
1133.7604	1920.2186
1134.2927	1922.7568
1134.825	1895.7856
1135.3573	1913.8513
1135.8895	1884.3982
1136.4219	1910.3839
1136.9542	1973.5093
1137.4865	1961.605
1138.0188	1958.7654
1138.551	1909.8607
1139.0834	1903.2104
1139.6157	1964.7264
1140.1479	1932.0496
1140.6803	1939.6294
1141.2125	1989.9867
1141.7449	1963.5662
1142.2771	1953.7408
1142.8094	1988.2725
1143.3418	2012.686
1143.874	2031.2566
1144.4064	2050.0249
1144.9386	2050.2424
1145.4709	2042.403
1146.0033	2041.5757
1146.5355	2067.5789
1147.0679	2025.8606
1147.6001	2029.6429
1148.1324	2004.339
1148.6648	2014.7764
1149.197	2010.3256
1149.7294	2020.6193
1150.2616	2020.349
1150.7939	2019.2432
1151.3263	1953.5536
1151.8585	2020.1309
1152.3909	2057.8789
1152.9231	2023.1779
1153.4554	1969.8779
1153.9877	1960.3226
1154.52	1942.65
1155.0524	1897.5586
1155.5846	1895.481
1156.1169	1892.0043
1156.6492	1888.4717
1157.1815	1906.907
1157.7139	1900.2476
1158.2461	1863.4286
1158.7784	1844.4249
1159.3107	1843.474
1159.843	1819.3787
1160.3754	1808.3624
1160.9076	1829.8618
1161.4399	1798.782
1161.9722	1811.1826
1162.5045	1792.5762
1163.0369	1761.697
1163.5691	1763.1729
1164.1014	1758.8562
1164.6337	1760.5245
1165.166	1786.3535
1165.6984	1785.2825
1166.2306	1780.9519
1166.7629	1812.7679
1167.2952	1814.3616
1167.8275	1812.6459
1168.3597	1791.9915
1168.8921	1813.7157
1169.4244	1855.6619
1169.9567	1877.3358
1170.489	1856.4902
1171.0212	1842.519
1171.5536	1828.0359
1172.0859	1856.8132
1172.6182	1878.5444
1173.1505	1878.4813
1173.6827	1887.1893
1174.2151	1888.5444
1174.7474	1906.5068
1175.2797	1932.5927
1175.812	1916.2334
1176.3442	1911.7705
1176.8766	1940.9519
1177.4089	1948.4631
1177.9412	1960.4178
1178.4735	1962.1761
1179.0057	1942.988
1179.5381	1991.8143
1180.0703	1996.694
1180.6027	1986.0176
1181.135	1961.3422
1181.6672	2035.6602
1182.1996	2021.0712
1182.7318	2041.4905
1183.2642	2077.9026
1183.7965	2069.5349
1184.3287	2117.1011
1184.8611	2131.9595
1185.3933	2116.8784
1185.9257	2122.8694
1186.458	2130.8594
1186.9902	2142.7556
1187.5226	2136.7607
1188.0548	2146.7732
1188.5872	2151.3677
1189.1195	2231.0374
1189.6517	2210.1426
1190.1841	2242.1226
1190.7163	2234.7478
1191.2487	2241.1597
1191.781	2269.6794
1192.3132	2287.22
1192.8456	2282.2434
1193.3778	2248.4636
1193.9102	2278.5562
1194.4424	2264.3237
1194.9747	2284.6748
1195.5071	2308.8076
1196.0393	2309.8582
1196.5717	2333.5415
1197.1039	2344.895
1197.6362	2297.7114
1198.1686	2345.0278
1198.7008	2377.8665
1199.2332	2319.4915
1199.7654	2329.6514
1200.2977	2373.9663
1200.8301	2395.8606
1201.3623	2384.8308
1201.8947	2381.1326
1202.4269	2387.7825
1202.9592	2398.3569
1203.4916	2405.3433
1204.0238	2358.7202
1204.5562	2380.978
1205.0884	2440.4814
1205.6207	2416.6831
1206.153	2393.0769
1206.6853	2373.3167
1207.2177	2437.8145
1207.7499	2364.5068
1208.2822	2379.4268
1208.8145	2430.1523
1209.3468	2463.2803
1209.8792	2358.5261
1210.4114	2386.7004
1210.9437	2374.7944
1211.476	2430.7156
1212.0083	2446.7332
1212.5406	2443.5022
1213.0729	2450.3774
1213.6052	2419.9265
1214.1375	2437.6877
1214.6698	2491.2495
1215.2021	2499.062
1215.7344	2506.1328
1216.2667	2528.3357
1216.799	2514.6321
1217.3313	2536.5186
1217.8636	2545.5139
1218.3959	2518.3242
1218.9282	2585.3147
1219.4604	2584.5923
1219.9928	2516.1978
1220.525	2564.7004
1221.0574	2624.0935
1221.5897	2708.9167
1222.1219	2662.835
1222.6543	2660.3127
1223.1865	2698.6389
1223.7189	2722.8511
1224.2512	2716.99
1224.7834	2729.0769
1225.3158	2735.7888
1225.848	2776.55
1226.3804	2852.3628
1226.9127	2891.28
1227.4449	2895.6096
1227.9773	2896.9312
1228.5095	3003.9451
1229.0419	3021.8394
1229.5742	2926.3279
1230.1064	2984.9819
1230.6388	2974.208
1231.171	3115.0964
1231.7034	3089.5034
1232.2356	3122.1938
1232.7679	3127.1243
1233.3003	3149.0051
1233.8325	3164.677
1234.3649	3175.0093
1234.8971	3170.5059
1235.4294	3185.6506
1235.9618	3192.6677
1236.494	3197.092
1237.0264	3196.9465
1237.5586	3205.9932
1238.0909	3256.6516
1238.6233	3270.5408
1239.1555	3234.6057
1239.6879	3249.2134
1240.2201	3225.1274
1240.7524	3244.6523
1241.2848	3277.5723
1241.817	3253.834
1242.3494	3282.4373
1242.8816	3303.6438
1243.4139	3325.5
1243.9463	3353.2476
1244.4785	3354.4094
1245.0109	3402.741
1245.5431	3389.9585
1246.0754	3406.6335
1246.6077	3443.6851
1247.14	3482.7251
1247.6724	3506.4258
1248.2046	3526.0383
1248.7369	3554.9712
1249.2692	3604.2764
1249.8015	3658.9536
1250.3339	3654.8584
1250.8661	3694.9219
1251.3984	3756.627
1251.9307	3813.2742
1252.463	3879.7756
1252.9954	3815.5637
1253.5276	3837.6172
1254.0599	3930.1816
1254.5922	4069.1396
1255.1245	4077.3115
1255.6569	4073.2363
1256.1891	4077.1958
1256.7214	4162.6445
1257.2537	4240.8706
1257.786	4147.9536
1258.3182	4172.8032
1258.8506	4247.376
1259.3829	4311.458
1259.9152	4373.7163
1260.4475	4403.7456
1260.9797	4415.3159
1261.5121	4402.1675
1262.0444	4467.3062
1262.5767	4583.6997
1263.109	4564.3188
1263.6412	4601.7954
1264.1736	4610.9932
1264.7059	4589.6265
1265.2382	4599.4609
1265.7705	4413.1611
1266.3027	4548.5986
1266.8351	4555.1694
1267.3674	4615.4722
1267.8997	4589.0269
1268.432	4525.1133
1268.9642	4583.4951
1269.4966	4584.2827
1270.0289	4648.3271
1270.5612	4657.3022
1271.0935	4552.7959
1271.6257	4498.2515
1272.1581	4498.8862
1272.6903	4505.2676
1273.2227	4501.7661
1273.755	4431.4971
1274.2872	4388.6978
1274.8196	4379.1069
1275.3518	4362.3384
1275.8842	4218.4351
1276.4165	4343.7534
1276.9487	4164.3687
1277.4811	4233.2236
1278.0133	4176.564
1278.5457	3992.446
1279.078	3963.8875
1279.6102	4001.6331
1280.1426	3989.0955
1280.6748	3842.0193
1281.2072	3856.2258
1281.7395	3789.8499
1282.2717	3679.6575
1282.8041	3656.8933
1283.3363	3676.699
1283.8687	3631.1052
1284.4009	3547.8933
1284.9332	3497.5637
1285.4656	3477.6001
1285.9978	3459.0378
1286.5302	3397.0574
1287.0624	3318.7212
1287.5947	3329.1804
1288.1271	3321.6118
1288.6593	3383.9551
1289.1917	3269.9636
1289.7239	3208.8855
1290.2562	3206.8826
1290.7886	3226.1267
1291.3208	3106.5308
1291.8531	3088.3525
1292.3854	3104.7007
1292.9177	3035.3552
1293.4501	3113.5806
1293.9823	3038.9905
1294.5146	3022.9727
1295.0469	3012.3186
1295.5792	2994.6746
1296.1116	3039.9553
1296.6438	3051.9504
1297.1761	2973.1772
1297.7084	2967.8962
1298.2407	3017.2534
1298.7729	3024.6404
1299.3053	3025.522
1299.8376	2975.9365
1300.3699	2971.2988
1300.9022	3010.1946
1301.4344	3052.2988
1301.9668	3086.1719
1302.4991	3087.0984
1303.0314	2997.3965
1303.5637	3020.001
1304.0959	3053.5371
1304.6283	3154.2639
1305.1606	3162.0615
1305.6929	3090.6733
1306.2252	3119.2415
1306.7574	3156.5496
1307.2898	3108.8823
1307.8221	3151.3018
1308.3544	3181.3264
1308.8867	3187.4587
1309.4189	3170.8699
1309.9513	3218.2729
1310.4835	3209.929
1311.0159	3173.0752
1311.5482	3179.8037
1312.0804	3199.8894
1312.6128	3216.7036
1313.145	3191.698
1313.6774	3187.9148
1314.2097	3226.9014
1314.7419	3167.6975
1315.2743	3182.3054
1315.8065	3138.1626
1316.3389	3101.9165
1316.8712	3156.6711
1317.4034	3048.9011
1317.9358	3094.4099
1318.468	3117.4758
1319.0004	3066.8547
1319.5327	3031.4299
1320.0649	2959.4392
1320.5973	2980.3716
1321.1295	2935.2761
1321.6619	2916.6838
1322.1942	2882.1499
1322.7264	2820.7559
1323.2588	2821.7698
1323.791	2782.041
1324.3234	2806.3967
1324.8556	2792.3547
1325.3879	2753.2742
1325.9203	2720.4207
1326.4525	2667.0908
1326.9849	2679.9839
1327.5171	2705.8506
1328.0494	2677.1428
1328.5818	2659.604
1329.114	2589.0452
1329.6464	2589.4678
1330.1786	2571.5962
1330.7109	2575.4348
1331.2433	2610.5205
1331.7755	2563.4121
1332.3079	2506.4817
1332.8401	2607.5347
1333.3724	2566.0056
1333.9048	2611.1848
1334.437	2545.9802
1334.9694	2628.7024
1335.5016	2528.5913
1336.0339	2545.7214
1336.5662	2609.1277
1337.0985	2618.6565
1337.6309	2631.4302
1338.1631	2621.7957
1338.6954	2641.2395
1339.2277	2664.3372
1339.76	2636.3914
1340.2924	2658.0818
1340.8246	2725.9348
1341.3569	2711.9136
1341.8892	2679.3733
1342.4215	2703.7544
1342.9539	2739.0977
1343.4861	2772.2979
1344.0184	2772.6057
1344.5507	2794.7729
1345.083	2813.9944
1345.6154	2785.0066
1346.1476	2849.0073
1346.6799	2827.2566
1347.2122	2910.7896
1347.7445	2853.614
1348.2769	2871.6047
1348.8091	2925.7542
1349.3414	2911.2478
1349.8737	2967.9558
1350.406	2920.8962
1350.9382	2921.6875
1351.4706	2986.2705
1352.0029	2958.7029
1352.5352	3026.5742
1353.0675	3062.9382
1353.5997	3035.7859
1354.1321	3069.4243
1354.6644	3057.9351
1355.1967	3067.6731
1355.729	3111.1917
1356.2612	3073.5703
1356.7936	3104.2659
1357.3259	3137.3274
1357.8582	3148.4722
1358.3905	3206.7944
1358.9227	3203.8435
1359.4551	3157.8611
1359.9874	3124.2334
1360.5197	3131.1101
1361.052	3215.8682
1361.5842	3193.2717
1362.1166	3164.3425
1362.6488	3137.2898
1363.1812	3210.7314
1363.7135	3187.6311
1364.2457	3183.1084
1364.7781	3227.366
1365.3103	3246.4846
1365.8427	3229.6763
1366.375	3200.4851
1366.9072	3153.9707
1367.4396	3172.1926
1367.9718	3152.6172
1368.5042	3225.9663
1369.0365	3194.1594
1369.5687	3109.4385
1370.1011	3116.2473
1370.6333	3077.686
1371.1656	3142.4106
1371.698	3156.8606
1372.2302	3145.8621
1372.7626	3093.989
1373.2948	3102.2051
1373.8271	3100.0645
1374.3595	3105.9861
1374.8917	3053.2429
1375.4241	3030.5461
1375.9563	3063.1885
1376.4886	3056.2952
1377.0209	3074.9805
1377.5532	3070.8975
1378.0856	3010.4978
1378.6178	2975.3562
1379.1501	2999.3313
1379.6824	3030.6648
1380.2147	2968.2427
1380.7471	2981.0989
1381.2793	2961.5027
1381.8116	3036.2332
1382.3439	2994.8496
1382.8762	2953.0483
1383.4086	2985.5215
1383.9408	2936.2778
1384.4731	2985.2993
1385.0054	2920.2397
1385.5377	2895.6855
1386.0701	2905.1531
1386.6023	2908.5581
1387.1346	2951.2146
1387.6669	2881.3398
1388.1992	2880.4736
1388.7314	2900.571
1389.2638	2881.5427
1389.7961	2926.5767
1390.3284	2930.1345
1390.8607	2877.5129
1391.3929	2889.8118
1391.9253	2912.3655
1392.4576	2840.6616
1392.9899	2831.1899
1393.5222	2859.7698
1394.0544	2795.0745
1394.5868	2806.7676
1395.1191	2840.2666
1395.6514	2827.782
1396.1837	2840.6924
1396.7159	2782.2698
1397.2483	2792.2683
1397.7806	2901.0811
1398.3129	2871.0503
1398.8452	2824.3267
1399.3774	2803.7786
1399.9098	2865.457
1400.4421	2860.876
1400.9744	2781.8135
1401.5067	2776.3564
1402.0389	2797.9277
1402.5713	2834.8396
1403.1035	2825.5249
1403.6359	2764.1602
1404.1682	2800.1843
1404.7004	2834.8477
1405.2328	2825.8508
1405.765	2776.9966
1406.2974	2827.8293
1406.8297	2863.8018
1407.3619	2731.2898
1407.8943	2827.9856
1408.4265	2787.8616
1408.9589	2795.9509
1409.4912	2847.2378
1410.0234	2871.6355
1410.5558	2821.6702
1411.088	2876.6064
1411.6204	2830.8694
1412.1527	2780.8286
1412.6849	2780.8286
1413.2173	2780.8286
1413.7495	2780.8286
1414.2819	2831.4685
1414.8141	2781.0789
1415.3464	2754.2156
1415.8788	2763.4485
1416.411	2771.3289
1416.9434	2767.9297
1417.4756	2798.6072
1418.0079	2813.1587
1418.5403	2730.6519
1419.0725	2704.4343
1419.6049	2761.2571
1420.1371	2709.1025
1420.6694	2678.8977
1421.2018	2723.2969
1421.734	2722.6958
1422.2664	2720.6328
1422.7986	2679.4678
1423.3309	2657.6116
1423.8633	2646.2427
1424.3955	2691.7913
1424.9279	2720.0527
1425.4601	2725.6736
1425.9924	2668.2563
1426.5248	2681.4246
1427.057	2665.4863
1427.5894	2608.6406
1428.1216	2654.4585
1428.6539	2650.5649
1429.1862	2716.1455
1429.7185	2620.7793
1430.2509	2596.8843
1430.7831	2610.2903
1431.3154	2596.4011
1431.8477	2674.1514
1432.38	2634.3804
1432.9124	2568.9084
1433.4446	2607.3213
1433.9769	2606.7827
1434.5092	2595.9543
1435.0415	2543.3352
1435.5739	2577.8992
1436.1061	2615.2043
1436.6384	2639.3215
1437.1707	2613.8621
1437.703	2593.8223
1438.2354	2601.8145
1438.7676	2580.2388
1439.2999	2579.321
1439.8322	2584.4578
1440.3645	2589.7292
1440.8967	2606.8242
1441.4291	2573.3657
1441.9614	2553.9814
1442.4937	2602.739
1443.026	2621.5361
1443.5582	2589.3848
1444.0906	2606.8806
1444.6229	2623.3901
1445.1552	2593.4863
1445.6875	2592.3486
1446.2197	2553.5542
1446.7521	2633.5793
1447.2844	2586.3054
1447.8167	2564.3223
1448.349	2655.0334
1448.8812	2716.0867
1449.4136	2612.4417
1449.9459	2622.8303
1450.4781	2618.1973
1451.0105	2567.2065
1451.5427	2567.5747
1452.0751	2620.7678
1452.6074	2655.6106
1453.1396	2612.5117
1453.672	2698.1157
1454.2042	2641.3655
1454.7366	2725.521
1455.2688	2659.4854
1455.8011	2672.7727
1456.3335	2659.1306
1456.8657	2715.1458
1457.3981	2672.5598
1457.9303	2708.1003
1458.4626	2702.6272
1458.995	2692.9443
1459.5272	2731.6106
1460.0596	2670.9402
1460.5918	2691.4866
1461.1241	2694.4375
1461.6565	2700.7791
1462.1887	2679.3882
1462.7211	2699.6335
1463.2533	2729.6482
1463.7856	2712.4063
1464.318	2714.9395
1464.8502	2685.1821
1465.3826	2666.0344
1465.9148	2682.8298
1466.4471	2698.0654
1466.9794	2677.1931
1467.5117	2669.1677
1468.0441	2760.7595
1468.5763	2744.5916
1469.1086	2750.3945
1469.6409	2748.9688
1470.1732	2700.8494
1470.7056	2652.1172
1471.2378	2681.2808
1471.7701	2757.2512
1472.3024	2772.4141
1472.8347	2703.8896
1473.3671	2708.5881
1473.8993	2727.019
1474.4316	2719.7493
1474.9639	2743.1406
1475.4962	2725.3301
1476.0286	2731.9927
1476.5608	2732.9355
1477.0931	2754.5322
1477.6254	2718.5432
1478.1577	2728.4353
1478.6901	2760.4429
1479.2223	2726.2964
1479.7546	2714.0334
1480.2869	2725.1567
1480.8192	2723.7678
1481.3514	2738.124
1481.8838	2738.9236
1482.4161	2753.2239
1482.9484	2760.823
1483.4807	2789.5803
1484.0129	2842.9033
1484.5453	2761.8503
1485.0776	2793.3401
1485.6099	2824.5452
1486.1422	2861.9673
1486.6744	2821.6533
1487.2068	2832.6765
1487.7391	2821.075
1488.2714	2825.5957
1488.8037	2772.0032
1489.3359	2856.3499
1489.8683	2962.3984
1490.4006	2943.7227
1490.9329	2925.0427
1491.4652	2885.6155
1491.9974	2954.4128
1492.5298	2935.4685
1493.062	2883.2026
1493.5944	2959.8591
1494.1267	2975.2505
1494.6589	2936.6104
1495.1913	2976.2769
1495.7235	3007.6011
1496.2559	3065.0427
1496.7882	2974.3657
1497.3204	2945.0706
1497.8528	3088.9385
1498.385	3108.6577
1498.9174	3132.1111
1499.4497	3039.6211
1499.9819	3141.4788
1500.5143	3146.4041
1501.0465	3152.6692
1501.5789	3148.3789
1502.1112	3196.3516
1502.6434	3138.8601
1503.1758	3184.3667
1503.708	3221.2483
1504.2404	3242.0066
1504.7727	3363.7979
1505.3049	3363.4661
1505.8373	3277.2371
1506.3695	3277.7944
1506.9019	3362.3928
1507.4341	3450.6587
1507.9664	3387.4507
1508.4988	3377.3481
1509.031	3389.3074
1509.5634	3396.5022
1510.0956	3460.446
1510.6279	3480.2307
1511.1603	3498.1299
1511.6925	3537.1523
1512.2249	3486.2856
1512.7571	3481.8147
1513.2894	3531.3235
1513.8218	3567.853
1514.354	3580.9185
1514.8864	3603.7412
1515.4186	3601.5679
1515.9509	3570.866
1516.4833	3545.1211
1517.0155	3615.0764
1517.5479	3650.032
1518.0801	3654.0896
1518.6124	3692.6504
1519.1447	3647.4517
1519.677	3677.2568
1520.2094	3697.3271
1520.7416	3690.2068
1521.2739	3773.8806
1521.8062	3723.3303
1522.3385	3692.5613
1522.8708	3782.5186
1523.4031	3774.1951
1523.9354	3737.2529
1524.4677	3756.2422
1525	3772.3286
1525.5323	3776.6616
1526.0646	3782.1155
1526.5969	3811.2354
1527.1292	3774.4521
1527.6615	3772.4358
1528.1938	3806.8733
1528.7261	3874.2056
1529.2584	3891.5352
1529.7906	3869.0962
1530.323	3873.0564
1530.8553	3858.7368
1531.3876	3899.5037
1531.9199	3888.6101
1532.4521	3829.1182
1532.9845	3859.1162
1533.5167	3817.4604
1534.0491	3832.3032
1534.5814	3838.8044
1535.1136	3873.2537
1535.646	3885.8291
1536.1782	3801.355
1536.7106	3901.6821
1537.2429	3899.6748
1537.7751	3843.3713
1538.3075	3864.0574
1538.8397	3887.2136
1539.3721	3863.2346
1539.9044	3762.5354
1540.4366	3812.4192
1540.969	3859.8042
1541.5012	3815.0718
1542.0336	3920.3674
1542.5659	3874.675
1543.0981	3880.2888
1543.6305	3874.4187
1544.1627	3890.7537
1544.6951	3892.9417
1545.2273	3830.4504
1545.7596	3880.0271
1546.292	3824.2688
1546.8242	3829.7649
1547.3566	3788.8777
1547.8888	3841.5076
1548.4211	3883.0042
1548.9535	3864.5171
1549.4857	3822.9199
1550.0181	3865.9512
1550.5503	3733.2905
1551.0826	3735.8445
1551.615	3717.0203
1552.1472	3633.3042
1552.6796	3645.3594
1553.2118	3748.3096
1553.7441	3803.7334
1554.2765	3695.186
1554.8087	3814.6484
1555.3411	3813.8433
1555.8733	3755.2449
1556.4056	3697.1321
1556.938	3734.7659
1557.4702	3716.6504
1558.0026	3753.8657
1558.5348	3680.2297
1559.0671	3766.9529
1559.5994	3811.0459
1560.1317	3720.8066
1560.6641	3704.0869
1561.1963	3641.5642
1561.7286	3670.804
1562.2609	3703.3738
1562.7932	3640.9221
1563.3256	3577.1943
1563.8578	3668.7131
1564.3901	3710.4358
1564.9224	3718.8025
1565.4547	3748.8149
1565.9871	3731.5046
1566.5193	3682.1597
1567.0516	3704.335
1567.5839	3655.0793
1568.1162	3600.6001
1568.6486	3679.043
1569.1808	3664.3894
1569.7131	3629.3184
1570.2454	3602.5583
1570.7777	3554.083
1571.3099	3692.2959
1571.8423	3557.0476
1572.3746	3615.4675
1572.9069	3516.5569
1573.4392	3581.8257
1573.9714	3634.7124
1574.5038	3678.3428
1575.0361	3607.3904
1575.5684	3531.938
1576.1007	3580.2058
1576.6329	3553.4719
1577.1653	3545.324
1577.6976	3565.5869
1578.2299	3615.7256
1578.7622	3518.6672
1579.2944	3542.9016
1579.8268	3597.3328
1580.3591	3529.9954
1580.8914	3476.3999
1581.4237	3625.2517
1581.9559	3491.5525
1582.4883	3497.751
1583.0206	3523.9148
1583.5529	3471.6948
1584.0852	3458.1807
1584.6174	3511.3838
1585.1498	3498.9741
1585.682	3471.0481
1586.2144	3446.7141
1586.7467	3436.4678
1587.2789	3405.9141
1587.8113	3492.2827
1588.3435	3415.1067
1588.8759	3428.8433
1589.4082	3402.9255
1589.9404	3383.6663
1590.4728	3397.6174
1591.005	3284.8108
1591.5374	3405.2563
1592.0697	3345.3303
1592.6019	3343.8674
1593.1343	3396.0132
1593.6665	3344.8472
1594.1989	3262.7854
1594.7312	3179.865
1595.2634	3197.5464
1595.7958	3251.9624
1596.328	3233.0398
1596.8604	3131.2832
1597.3926	3128.6785
1597.9249	3200.6262
1598.4573	3210.9072
1598.9895	3147.4121
1599.5219	3210.7539
1600.0541	3103.4287
1600.5864	3083.2539
1601.1188	3115.2346
1601.651	3096.2634
1602.1833	3060.0781
1602.7156	3047.802
1603.2479	3001.8892
1603.7803	2986.6951
1604.3125	2945.9663
1604.8448	2997.9409
1605.3771	3010.8303
1605.9094	2970.1636
1606.4418	2892.9287
1606.974	2914.8462
1607.5063	2921.8232
1608.0386	2914.426
1608.5709	2891.1626
1609.1033	2850.5244
1609.6355	2824.9265
1610.1678	2844.3511
1610.7001	2747.4265
1611.2324	2697.3909
1611.7646	2742.0715
1612.297	2790.0652
1612.8293	2686.187
1613.3616	2736.6765
1613.8939	2783.6995
1614.4261	2701.9866
1614.9585	2690.0356
1615.4908	2664.8464
1616.0231	2666.1838
1616.5554	2647.7026
1617.0876	2696.4612
1617.62	2630.7234
1618.1523	2586.5269
1618.6846	2637.137
1619.2169	2633.1216
1619.7491	2559.7236
1620.2815	2520.4053
1620.8138	2547.0247
1621.3461	2546.6152
1621.8784	2507.1587
1622.4106	2516.6768
1622.943	2529.6873
1623.4752	2525.9915
1624.0076	2520.3098
1624.5399	2544.2441
1625.0721	2480.2798
1625.6045	2431.3984
1626.1367	2445.3618
1626.6691	2394.1697
1627.2014	2379.7007
1627.7336	2374.7327
1628.266	2356.1172
1628.7982	2382.5413
1629.3306	2393.5081
1629.8629	2359.7161
1630.3951	2347.1191
1630.9275	2383.0134
1631.4597	2401.5251
1631.9921	2340.1836
1632.5244	2297.6792
1633.0566	2263.064
1633.589	2289.1704
1634.1212	2278.3523
1634.6536	2272.9424
1635.1859	2282.6685
1635.7181	2247.0505
1636.2505	2247.4856
1636.7827	2255.7615
1637.3151	2246.1292
1637.8473	2227.3206
1638.3796	2219.241
1638.912	2216.0107
1639.4442	2193.865
1639.9766	2190.6167
1640.5088	2213.9429
1641.0411	2190.2546
1641.5735	2159.2363
1642.1057	2177.1047
1642.6381	2203.1309
1643.1703	2178.698
1643.7026	2189.5203
1644.235	2162.8416
1644.7672	2112.562
1645.2996	2101.1335
1645.8318	2074.7925
1646.3641	2090.3633
1646.8965	2115.6692
1647.4287	2127.7266
1647.9611	2095.5884
1648.4933	2118.51
1649.0256	2088.8569
1649.5579	2082.437
1650.0902	2029.4381
1650.6226	1999.45
1651.1548	2045.4856
1651.6871	2052.377
1652.2194	2052.4836
1652.7517	2052.4929
1653.2841	2012.0409
1653.8163	2023.7986
1654.3486	1972.4664
1654.8809	2032.9606
1655.4132	1983.205
1655.9456	1982.549
1656.4778	1993.366
1657.0101	1975.9543
1657.5424	1989.6064
1658.0747	1917.4569
1658.6071	1954.4718
1659.1393	1978.5896
1659.6716	1930.6003
1660.2039	1935.8751
1660.7362	1951.667
1661.2686	1918.3622
1661.8008	1901.6774
1662.3331	1901.0186
1662.8654	1936.4413
1663.3977	1905.5812
1663.9299	1903.533
1664.4623	1915.6467
1664.9946	1899.824
1665.5269	1883.4436
1666.0592	1860.3389
1666.5914	1884.3584
1667.1238	1881.0247
1667.6561	1843.1617
1668.1884	1820.6268
1668.7207	1840.1735
1669.2529	1814.4664
1669.7853	1822.7656
1670.3176	1840.7209
1670.8499	1850.67
1671.3822	1836.5343
1671.9144	1820.3165
1672.4468	1823.9952
1672.9791	1821.0264
1673.5114	1783.3073
1674.0437	1783.8676
1674.5759	1813.8652
1675.1083	1793.1442
1675.6405	1774.0785
1676.1729	1776.7783
1676.7052	1774.9314
1677.2374	1763.8931
1677.7698	1751.5677
1678.302	1749.2828
1678.8344	1740.769
1679.3667	1728.5703
1679.8989	1752.8817
1680.4313	1743.4225
1680.9635	1736.3728
1681.4958	1737.2646
1682.0282	1719.485
1682.5604	1718.3673
1683.0928	1714.621
1683.625	1698.8864
1684.1573	1682.2125
1684.6897	1688.9225
1685.2219	1727.7933
1685.7543	1690.6272
1686.2865	1666.4996
1686.8188	1654.2684
1687.3512	1670.5421
1687.8834	1646.7621
1688.4158	1657.0677
1688.948	1652.9899
1689.4803	1636.8593
1690.0126	1663.8149
1690.5449	1656.3169
1691.0773	1640.9421
1691.6095	1614.3091
1692.1418	1626.6459
1692.6741	1619.7712
1693.2064	1624.3511
1693.7388	1618.5096
1694.271	1606.365
1694.8033	1612.0199
1695.3356	1590.1887
1695.8679	1582.3719
1696.4003	1594.1855
1696.9325	1611.3671
1697.4648	1614.0127
1697.9971	1590.1572
1698.5294	1583.8555
1699.0618	1583.0907
1699.594	1559.3334
1700.1263	1549.37
1700.6586	1542.7379
1701.1909	1544.2594
1701.7231	1567.6725
1702.2555	1571.7543
1702.7878	1562.495
1703.3201	1542.6217
1703.8524	1543.0785
1704.3846	1526.0742
1704.917	1493.7493
1705.4493	1527.9799
1705.9816	1527.4668
1706.5139	1547.866
1707.0461	1541.6613
1707.5785	1513.2332
1708.1108	1531.392
1708.6431	1496.6179
1709.1754	1497.255
1709.7076	1497.5359
1710.24	1487.7701
1710.7723	1458.2997
1711.3046	1508.4788
1711.8369	1501.5369
1712.3691	1463.5258
1712.9015	1513.8236
1713.4338	1523.4568
1713.9661	1500.9814
1714.4984	1518.6979
1715.0306	1486.5626
1715.563	1519.7819
1716.0952	1501.8411
1716.6276	1482.5488
1717.1599	1504.826
1717.6921	1498.3986
1718.2245	1502.0645
1718.7567	1492.1974
1719.2891	1464.1249
1719.8214	1454.7263
1720.3536	1494.8717
1720.886	1460.1921
1721.4182	1449.4025
1721.9506	1506.0437
1722.4829	1488.2705
1723.0151	1497.0385
1723.5475	1436.8857
1724.0797	1459.4028
1724.6121	1465.5198
1725.1444	1453.2252
1725.6766	1413.5311
1726.209	1421.1882
1726.7412	1435.5671
1727.2736	1450.6908
1727.8058	1456.864
1728.3381	1457.7819
1728.8705	1460.103
1729.4027	1433.886
1729.9351	1409.2523
1730.4673	1417.0741
1730.9996	1436.3136
1731.532	1420.7565
1732.0642	1428.373
1732.5966	1438.4147
1733.1288	1467.0652
1733.6611	1444.5981
1734.1935	1435.9132
1734.7257	1424.3345
1735.2581	1407.5862
1735.7903	1421.9476
1736.3226	1424.4474
1736.855	1430.8809
1737.3872	1407.7184
1737.9196	1442.379
1738.4518	1462.4327
1738.9841	1438.139
1739.5165	1420.3258
1740.0487	1437.048
1740.5811	1426.5021
1741.1133	1419.3627
1741.6456	1424.4321
1742.1779	1436.6384
1742.7102	1419.5962
1743.2426	1416.5541
1743.7748	1435.803
1744.3071	1428.2125
1744.8394	1424.2708
1745.3717	1418.6086
1745.9041	1432.1643
1746.4363	1462.2267
1746.9686	1433.4646
1747.5009	1421.5187
1748.0332	1445.2542
1748.5656	1451.9368
1749.0978	1447.8438
1749.6301	1410.1824
1750.1624	1422.2274
1750.6947	1415.0881
1751.2271	1392.7355
1751.7593	1438.2244
1752.2916	1459.1541
1752.8239	1424.4337
1753.3562	1403.1077
1753.8884	1425.3927
1754.4208	1410.4695
1754.9531	1423.0398
1755.4854	1408.9669
1756.0177	1401.7167
1756.5499	1427.7852
1757.0823	1450.1115
1757.6146	1414.13
1758.1469	1425.0907
1758.6792	1436.4503
1759.2114	1414.4698
1759.7438	1411.8751
1760.2761	1396.7527
1760.8083	1389.2942
1761.3407	1441.5807
1761.8729	1416.0721
1762.4053	1436.6962
1762.9376	1436.7578
1763.4698	1436.4133
1764.0022	1424.1428
1764.5344	1412.4916
1765.0668	1442.351
1765.5991	1440.4541
1766.1313	1409.678
1766.6637	1401.8353
1767.1959	1423.7134
1767.7283	1408.6166
1768.2605	1414.7756
1768.7928	1439.1252
1769.3252	1461.0994
1769.8574	1439.525
1770.3898	1399.6804
1770.922	1416.7665
1771.4543	1460.942
1771.9867	1444.0756
1772.5189	1430.3199
1773.0513	1431.592
1773.5835	1436.4839
1774.1158	1436.3007
1774.6482	1443.7496
1775.1804	1440.8918
1775.7128	1449.4355
1776.245	1447.0154
1776.7773	1431.3721
1777.3097	1454.917
1777.8419	1431.4524
1778.3743	1421.5619
1778.9065	1419.8948
1779.4388	1423.3301
1779.9711	1440.6848
1780.5034	1443.0127
1781.0358	1434.9495
1781.568	1418.2627
1782.1003	1443.463
1782.6326	1425.5466
1783.1649	1429.7622
1783.6973	1439.8306
1784.2295	1470.248
1784.7618	1463.0844
1785.2941	1463.0493
1785.8264	1460.4825
1786.3588	1448.0645
1786.891	1451.9359
1787.4233	1487.282
1787.9556	1456.1462
1788.4879	1427.014
1789.0203	1471.8484
1789.5525	1444.5851
1790.0848	1484.551
1790.6171	1481.3895
1791.1494	1490.0984
1791.6818	1468.1638
1792.214	1490.3217
1792.7463	1475.3331
1793.2786	1460.522
1793.8109	1454.8077
1794.3431	1479.7319
1794.8755	1463.0909
1795.4078	1472.4048
1795.9401	1462.9745
1796.4724	1474.4387
1797.0046	1470.5596
1797.537	1483.3353
1798.0693	1488.7505
1798.6016	1483.8636
1799.1339	1479.3527
1799.6661	1477.6951
1800.1985	1477.7853
1800.7308	1480.1592
1801.2631	1486.2615
1801.7954	1486.2281
1802.3276	1498.7563
1802.86	1492.9207
1803.3923	1474.5105
1803.9246	1471.0891
1804.4569	1492.7133
1804.9891	1488.4999
1805.5215	1496.2389
1806.0537	1536.6647
1806.5861	1500.918
1807.1184	1506.468
1807.6506	1519.1757
1808.183	1519.1169
1808.7152	1552.2268
1809.2476	1509.7574
1809.7799	1565.9911
1810.3121	1548.6976
1810.8445	1529.0242
1811.3767	1552.7742
1811.9091	1580.1475
1812.4414	1563.0052
1812.9736	1520.3438
1813.506	1540.873
1814.0382	1539.954
1814.5706	1565.9854
1815.1029	1547.4465
1815.6351	1562.3806
1816.1675	1512.6937
1816.6997	1531.5048
1817.2321	1557.4766
1817.7644	1529.5111
1818.2966	1566.1643
1818.829	1572.3627
1819.3612	1559.5496
1819.8936	1560.0343
1820.4258	1572.7075
1820.9581	1616.793
1821.4905	1596.5416
1822.0227	1598.6957
1822.5551	1598.557
1823.0873	1579.722
1823.6196	1593.6879
1824.152	1634.667
1824.6842	1619.2052
1825.2166	1593.7028
1825.7488	1627.7804
1826.2811	1665.448
1826.8135	1629.9082
1827.3457	1625.7855
1827.8781	1632.632
1828.4103	1621.0521
1828.9426	1657.2433
1829.475	1665.2745
1830.0072	1609.5011
1830.5396	1650.6769
1831.0718	1613.6084
1831.6041	1621.3795
1832.1364	1638.2434
1832.6687	1633.5463
1833.201	1611.0221
1833.7333	1694.2943
1834.2656	1663.7511
1834.7979	1678.1858
1835.3302	1716.136
1835.8625	1654.5059
1836.3948	1685.6232
1836.9271	1687.3071
1837.4594	1656.2012
1837.9917	1667.5958
1838.524	1670.993
1839.0563	1702.7496
1839.5886	1728.5872
1840.1208	1717.2996
1840.6532	1708.2113
1841.1855	1730.7809
1841.7178	1761.1299
1842.2501	1776.4021
1842.7823	1772.2429
1843.3147	1740.1339
1843.847	1741.7205
1844.3793	1773.3175
1844.9116	1766.9883
1845.4438	1792.0045
1845.9762	1790.7681
1846.5084	1736.5315
1847.0408	1786.5286
1847.5731	1820.0785
1848.1053	1788.1951
1848.6377	1813.1121
1849.1699	1796.9786
1849.7023	1816.0465
1850.2346	1827.6084
1850.7668	1848.5281
1851.2992	1853.4119
1851.8314	1836.3782
1852.3638	1844.8568
1852.8961	1803.077
1853.4283	1855.3323
1853.9607	1848.9326
1854.4929	1913.689
1855.0253	1865.2274
1855.5576	1877.2407
1856.0898	1863.6467
1856.6222	1890.3774
1857.1544	1936.2487
1857.6868	1977.9309
1858.219	1970.1907
1858.7513	1941.5288
1859.2837	1977.3622
1859.8159	1975.2185
1860.3483	1966.429
1860.8805	2004.8207
1861.4128	1963.0541
1861.9452	1987.2272
1862.4774	2007.4261
1863.0098	1989.4695
1863.542	1960.7861
1864.0743	2021.4086
1864.6067	2063.1504
1865.1389	2059.0493
1865.6713	2133.6628
1866.2035	2077.5872
1866.7358	2087.9636
1867.2682	2073.4172
1867.8004	2104.9729
1868.3328	2143.106
1868.865	2165.6887
1869.3973	2124.4651
1869.9297	2186.7009
1870.4619	2176.3145
1870.9943	2213.3357
1871.5265	2255.1814
1872.0588	2237.3723
1872.5911	2259.2546
1873.1234	2273.1855
1873.6558	2271.6641
1874.188	2308.6982
1874.7203	2339.5869
1875.2526	2338.1775
1875.7849	2323.9019
1876.3173	2337.8711
1876.8495	2380.0989
1877.3818	2402.7849
1877.9141	2421.0002
1878.4464	2457.7119
1878.9788	2485.6975
1879.511	2481.2151
1880.0433	2513.1597
1880.5756	2536.3677
1881.1079	2591.6267
1881.6403	2633.1536
1882.1725	2678.4536
1882.7048	2707.0681
1883.2371	2705.0471
1883.7694	2710.1738
1884.3016	2758.5718
1884.834	2788.6558
1885.3663	2872.7651
1885.8986	2849.0435
1886.4309	2888.4351
1886.9631	2941.4963
1887.4955	2990.6189
1888.0278	3045.2798
1888.5601	3085.8591
1889.0924	3134.9023
1889.6246	3193.406
1890.157	3250.7515
1890.6893	3338.2588
1891.2216	3391.2629
1891.7539	3437.3958
1892.2861	3501.0193
1892.8185	3541.6843
1893.3508	3612.3794
1893.8831	3705.0566
1894.4154	3814.8384
1894.9476	3864.1655
1895.48	3871.1296
1896.0123	4016.5505
1896.5446	4130.2642
1897.0769	4222.4487
1897.6091	4312.752
1898.1415	4436.7759
1898.6737	4534.4678
1899.2061	4698.9463
1899.7384	4734.0356
1900.2706	4970.5332
1900.803	5046.9702
1901.3352	5244.04
1901.8676	5249.4121
1902.3999	5426.2861
1902.9321	5599.7783
1903.4645	5750.3511
1903.9967	5840.2036
1904.5291	6002.5391
1905.0614	6134.2915
1905.5936	6301.835
1906.126	6487.7773
1906.6582	6727.5
1907.1906	6892.918
1907.7229	7106.1978
1908.2551	7240.647
1908.7875	7359.1216
1909.3197	7592.2856
1909.8521	7809.4746
1910.3843	7924.2349
1910.9166	8189.8877
1911.449	8379.4424
1911.9812	8649.1465
1912.5135	8841.208
1913.0458	8920.6172
1913.5781	9147.5732
1914.1105	9293.6992
1914.6427	9454.9814
1915.175	9638.292
1915.7073	9723.2256
1916.2396	9861.6514
1916.772	10062.354
1917.3042	10181.689
1917.8365	10353.306
1918.3688	10584.344
1918.9011	10727.07
1919.4335	10647.975
1919.9657	10782.472
1920.498	10986.529
1921.0303	11007.365
1921.5626	11208.801
1922.095	11253.317
1922.6272	11425.621
1923.1595	11600.964
1923.6918	11351.033
1924.2241	11644.593
1924.7563	11682.821
1925.2887	11564.624
1925.821	11606.983
1926.3533	11665.443
1926.8856	11791.039
1927.4178	11933.773
1927.9502	11940.308
1928.4825	11847.209
1929.0148	12041.551
1929.5471	12065.638
1930.0793	12153.643
1930.6117	12199.345
1931.144	12141.635
1931.6763	12043.825
1932.2086	12069.175
1932.7408	11988.261
1933.2732	12019.728
1933.8055	12144.191
1934.3378	12089.974
1934.8701	12081.891
1935.4023	12093.686
1935.9347	12060.024
1936.4669	12089.423
1936.9993	12010.048
1937.5316	12002.094
1938.0638	11965.816
1938.5962	11870.023
1939.1284	11789.106
1939.6608	11733.684
1940.1931	11827.171
1940.7253	11645.396
1941.2577	11557.564
1941.7899	11580.649
1942.3223	11585.188
1942.8546	11541.692
1943.3868	11283.608
1943.9192	11191.779
1944.4514	11184.828
1944.9838	10996.93
1945.5161	10912.423
1946.0483	11016.533
1946.5807	10801.977
1947.1129	10684.619
1947.6453	10634.489
1948.1776	10596.108
1948.7098	10467.358
1949.2422	10312.774
1949.7744	10306.324
1950.3068	10363.35
1950.839	10202.34
1951.3713	10172.846
1951.9037	10256.011
1952.4359	10198.155
1952.9683	10076.241
1953.5005	10094.285
1954.0328	10087.701
1954.5652	10136.74
1955.0974	10218.633
1955.6298	10330.267
1956.162	10292.535
1956.6943	10266.452
1957.2267	10294.829
1957.7589	10300.364
1958.2913	10338.716
1958.8235	10357.464
1959.3558	10387.181
1959.8882	10421.335
1960.4204	10457.939
1960.9528	10606.844
1961.485	10569.545
1962.0173	10607.823
1962.5496	10632.182
1963.0819	10632.953
1963.6143	10742.625
1964.1465	10795.89
1964.6788	10770.611
1965.2111	10850.828
1965.7434	10908.677
1966.2758	10904.636
1966.808	10882.858
1967.3403	11145.21
1967.8726	11056.006
1968.4049	11184.053
1968.9373	10951.669
1969.4695	10995.314
1970.0018	10904.439
1970.5341	11163.638
1971.0664	11098.488
1971.5988	11243.589
1972.131	11230.793
1972.6633	11248.1
1973.1956	11394.192
1973.7279	11398.366
1974.2603	11454.641
1974.7925	11448.239
1975.3248	11439.773
1975.8571	11679.577
1976.3894	11689.925
1976.9216	11789.55
1977.454	11976.035
1977.9863	11945.273
1978.5186	12030.222
1979.0509	12193.541
1979.5831	12321.011
1980.1155	12494.051
1980.6478	12578.365
1981.1801	12684.069
1981.7124	12786.436
1982.2446	12709.177
1982.777	12818.583
1983.3093	12950.431
1983.8416	13103.632
1984.3739	13116.233
1984.9061	13274.304
1985.4385	13398.75
1985.9708	13292.702
1986.5031	13336.814
1987.0354	13405.746
1987.5676	13532.397
1988.1	13577.456
1988.6322	13514.506
1989.1646	13596.373
1989.6969	13667.381
1990.2291	13618.125
1990.7615	13638.039
1991.2937	13499.561
1991.826	13564.621
1992.3584	13516.857
1992.8906	13550.318
1993.423	13270.493
1993.9552	13263.554
1994.4875	13369.8
1995.0199	13204.666
1995.5521	13061.184
1996.0845	12918.197
1996.6167	12791.46
1997.149	12721.988
1997.6814	12439.904
1998.2136	12283.529
1998.746	12279.917
1999.2782	12005.914
1999.8105	11896.896
2000.3429	11738.762
2000.8751	11223.499
2001.4075	11236.658
2001.9397	10949.675
2002.472	10721.932
2003.0043	10462.472
2003.5366	10271.841
2004.069	10152.37
2004.6012	9915.5625
2005.1335	9582.9258
2005.6658	9409.7412
2006.1981	9276.3848
2006.7305	9124.998
2007.2627	8884.4395
2007.795	8858.5928
2008.3273	8690.959
2008.8596	8578.6904
2009.392	8308.4072
2009.9242	8426.9102
2010.4565	8314.3506
2010.9888	8303.1221
2011.5211	8152.938
2012.0535	8150.5718
2012.5857	8099.459
2013.118	8146.728
2013.6503	8117.4302
2014.1826	8135.5854
2014.7148	8188.6216
2015.2472	8252.2412
2015.7795	8235.2793
2016.3118	8134.8091
2016.8441	8154.4722
2017.3763	8365.5078
2017.9087	8433.9941
2018.441	8307.0449
2018.9733	8488.7441
2019.5056	8609.3506
2020.0378	8773.1104
2020.5702	8708.876
2021.1025	8766.5732
2021.6348	8904.4795
2022.1671	8974.376
2022.6993	9007.7412
2023.2317	9072.6348
2023.764	9073.665
2024.2963	9156.8994
2024.8286	9311.4785
2025.3608	9400.9316
2025.8932	9442.5361
2026.4255	9504.208
2026.9578	9455.4287
2027.4901	9502.4727
2028.0223	9566.165
2028.5547	9590.9268
2029.0869	9634.7236
2029.6193	9570.5371
2030.1516	9778.96
2030.6838	9709.874
2031.2162	9796.6475
2031.7484	9702.9414
2032.2808	9619.8086
2032.8131	9745.2305
2033.3453	9747.2656
2033.8777	9594.9307
2034.4099	9535.0215
2034.9423	9465.2852
2035.4746	9451.6953
2036.0068	9401.3242
2036.5392	9293.2441
2037.0714	9194.082
2037.6038	9232.3672
2038.1361	9067.4219
2038.6683	9050.5088
2039.2007	8992.3564
2039.7329	8835.4531
2040.2653	8803.5898
2040.7975	8779.335
2041.3298	8608.4531
2041.8622	8531.248
2042.3944	8470.5215
2042.9268	8397.6631
2043.459	8436.1572
2043.9913	8394.5166
2044.5237	8206.6064
2045.0559	8078.394
2045.5883	7937.7515
2046.1205	7918.001
2046.6528	7877.1631
2047.1852	7858.6772
2047.7174	7786.4126
2048.2498	7616.814
2048.782	7525.916
2049.3142	7427.6411
2049.8467	7320.4932
2050.3789	7207.6528
2050.9111	7216.4458
2051.4436	7114.3643
2051.9758	6973.8584
2052.5081	7096.5703
2053.0405	6908.5171
2053.5728	6854.5122
2054.105	6673.9414
2054.6372	6554.3564
2055.1697	6523.3301
2055.7019	6459.5879
2056.2341	6360.6641
2056.7666	6350.041
2057.2988	6343.1836
2057.8311	6207.1831
2058.3635	6139.3452
2058.8958	6104.1587
2059.428	6092.9849
2059.9602	6051.9976
2060.4927	5992.2671
2061.0249	6024.6646
2061.5571	5903.6792
2062.0896	5857.9561
2062.6218	5795.8794
2063.1541	5781.2119
2063.6863	5852.9028
2064.2188	5846.1943
2064.751	5768.3003
2065.2832	5645.9414
2065.8157	5636.6284
2066.3479	5611.7104
2066.8801	5571.3667
2067.4126	5529.8101
2067.9448	5562.7236
2068.4771	5578.519
2069.0093	5579.2197
2069.5417	5431.5933
2070.074	5544.2227
2070.6062	5500.2715
2071.1387	5406.4604
2071.6709	5440.5566
2072.2031	5501.9902
2072.7356	5423.418
2073.2678	5435.7959
2073.8	5387.2109
2074.3323	5406.0405
2074.8647	5358.4902
2075.397	5416.6919
2075.9292	5464.6909
2076.4617	5355.3638
2076.9939	5390.0532
2077.5261	5306.8594
2078.0583	5290.0508
2078.5908	5327.23
2079.123	5325.8618
2079.6553	5331.3345
2080.1877	5215.9023
2080.72	5277.8301
2081.2522	5353.3706
2081.7847	5300.5244
2082.3169	5267.5015
2082.8491	5235.9058
2083.3813	5143.9771
2083.9138	5235.7788
2084.446	5199.0557
2084.9783	5207.521
2085.5107	5319.0791
2086.043	5225.7256
2086.5752	5241.7222
2087.1074	5378.2476
2087.6399	5317.3159
2088.1721	5313.0977
2088.7043	5395.5674
2089.2368	5391.1401
2089.769	5340.4814
2090.3013	5336.7749
2090.8337	5378.2041
2091.366	5305.4844
2091.8982	5429.6963
2092.4304	5472.6099
2092.9629	5512.7866
2093.4951	5620.042
2094.0273	5560.2627
2094.5598	5472.5469
2095.092	5655.5044
2095.6243	5599.5259
2096.1567	5665.1758
2096.689	5645.7305
2097.2212	5673.2969
2097.7534	5676.3799
2098.2859	5665.8184
2098.8181	5763.019
2099.3503	5828.6016
2099.8828	5845.4302
2100.415	5872.0688
2100.9473	5831.7671
2101.4795	5866.9146
2102.012	5928.3516
2102.5442	5948.6904
2103.0764	5886.6138
2103.6089	5940.1206
2104.1411	6016.061
2104.6733	6032.4404
2105.2058	6049.1973
2105.738	6053.1831
2106.2703	6072.394
2106.8025	6015.2563
2107.335	5988.2241
2107.8672	6030.9111
2108.3994	6145.7266
2108.9319	6080.1816
2109.4641	6277.3696
2109.9963	6220.4492
2110.5288	6247.5264
2111.061	6346.7749
2111.5933	6251.1436
2112.1255	6248.6304
2112.658	6264.8525
2113.1902	6382.1187
2113.7224	6410.9639
2114.2549	6377.1514
2114.7871	6466.7739
2115.3193	6408.0342
2115.8516	6517.9014
2116.384	6564.7344
2116.9163	6641.062
2117.4485	6692.4858
2117.981	6660.1528
2118.5132	6736.2217
2119.0454	6822.2109
2119.5779	6923.937
2120.1101	6960.3281
2120.6423	6986.9487
2121.1746	7055.3555
2121.707	7048.0752
2122.2393	7221.3916
2122.7715	7363.9165
2123.304	7491.606
2123.8362	7575.313
2124.3684	7592.6328
2124.9009	7584.2813
2125.4331	7739.144
2125.9653	7831.4868
2126.4976	7819.9585
2127.03	8007.4546
2127.5623	8110.168
2128.0945	8099.8345
2128.627	8135.8555
2129.1592	8215.2559
2129.6914	8183.9351
2130.2236	8342.7139
2130.7561	8500.5537
2131.2883	8329.5137
2131.8206	8404.8438
2132.353	8560.6885
2132.8853	8626.3154
2133.4175	8618.7627
2133.95	8713.4893
2134.4822	8672.0186
2135.0144	8618.3008
2135.5466	8658.3486
2136.0791	8736.1533
2136.6113	8692.4219
2137.1436	8671.9844
2137.676	8866.374
2138.2083	8783.3223
2138.7405	8779.2773
2139.2727	8674.3096
2139.8052	8718.085
2140.3374	8703.7188
2140.8696	8799.8975
2141.4021	8700.876
2141.9343	8694.1826
2142.4666	8729.1338
2142.999	8646.5469
2143.5313	8703.54
2144.0635	8748.8311
2144.5957	8593.1152
2145.1282	8564.6104
2145.6604	8585.2783
2146.1926	8606.6953
2146.7251	8563.71
2147.2573	8439.0869
2147.7896	8517.4844
2148.322	8508.1221
2148.8542	8440.7842
2149.3865	8349.3447
2149.9187	8257.5107
2150.4512	8134.9126
2150.9834	8188.2134
2151.5156	8170.125
2152.0481	8127.9927
2152.5803	8089.5669
2153.1125	8045.8838
2153.6448	8050.2207
2154.1772	8020.7988
2154.7095	7878.0557
2155.2417	7818.4863
2155.7742	7828.6372
2156.3064	7844.897
2156.8386	7841.7637
2157.3711	7755.772
2157.9033	7820.7378
2158.4355	7807.3823
2158.9678	7786.1855
2159.5002	7735.0425
2160.0325	7690.4561
2160.5647	7658.8843
2161.0972	7727.0171
2161.6294	7722.8818
2162.1616	7801.436
2162.6941	7708.0405
2163.2263	7669.2852
2163.7585	7760.9131
2164.2908	7736.9751
2164.8232	7742.4829
2165.3555	7741.0488
2165.8877	7667.9976
2166.4202	7636.375
2166.9524	7645.8047
2167.4846	7712.1475
2168.0168	7631.5283
2168.5493	7553.5425
2169.0815	7609.5298
2169.6138	7450.147
2170.1462	7488.3315
2170.6785	7438.5815
2171.2107	7425.4556
2171.7432	7406.1382
2172.2754	7300.5317
2172.8076	7281.9336
2173.3398	7269.9297
2173.8723	7174.7451
2174.4045	7272.9707
2174.9368	7156.0225
2175.4692	7053.7959
2176.0015	6930.7046
2176.5337	6865.7324
2177.0662	6886.3677
2177.5984	6859.9761
2178.1306	6638.1416
2178.6628	6683.1211
2179.1953	6610.7446
2179.7275	6499.5552
2180.2598	6424.7944
2180.7922	6431.4883
2181.3245	6345.5703
2181.8567	6349.3511
2182.3889	6286.188
2182.9214	6308.0454
2183.4536	6193.5938
2183.9858	6232.376
2184.5183	6207.7817
2185.0505	6168.5732
2185.5828	6054.8594
2186.1152	6084.4834
2186.6475	5985.4634
2187.1797	5979.6533
2187.7119	5898.7891
2188.2444	5893.459
2188.7766	5965.4536
2189.3088	5790.5981
2189.8413	5936.6147
2190.3735	5703.3096
2190.9058	5822.6772
2191.438	5710.0752
2191.9705	5698.5928
2192.5027	5643.1909
2193.0349	5685.4331
2193.5674	5637.5776
2194.0996	5610.2754
2194.6318	5606.189
2195.1643	5609.4639
2195.6965	5593.3013
2196.2288	5532.9746
2196.761	5628.5605
2197.2935	5507.8467
2197.8257	5585.7622
2198.3579	5460.52
2198.8904	5482.2666
2199.4226	5573.3286
2199.9548	5512.9263
2200.4873	5525.0684
2201.0195	5472.689
2201.5518	5482.2378
2202.084	5472.4277
2202.6165	5528.8594
2203.1487	5489.4048
2203.6809	5493.4512
2204.2134	5478.5747
2204.7456	5373.1338
2205.2778	5360.9468
2205.8101	5373.4424
2206.3425	5450.104
2206.8748	5395.5303
2207.407	5309.8203
2207.9395	5364.9482
2208.4717	5385.9702
2209.0039	5387.041
2209.5364	5383.8833
2210.0686	5327.7573
2210.6008	5330.5527
2211.1331	5371.1025
2211.6655	5400.4189
2212.1978	5306.6709
2212.73	5333.3545
2213.2625	5355.165
2213.7947	5364.7827
2214.3269	5380.4063
2214.8594	5333.959
2215.3916	5350.9487
2215.9238	5304.5894
2216.4561	5289.6196
2216.9885	5361.2695
2217.5208	5373.4595
2218.053	5246.8325
2218.5854	5334.4072
2219.1177	5323.9961
2219.6499	5372.7559
2220.1821	5354.2925
2220.7146	5272.2041
2221.2468	5354.6646
2221.7791	5378.9883
2222.3115	5364.5498
2222.8438	5365.041
2223.376	5363.3813
2223.9084	5318.7837
2224.4407	5386.3984
2224.9729	5276.0156
2225.5051	5453.522
2226.0376	5360.6558
2226.5698	5339.4834
2227.1021	5301.3091
2227.6345	5370.9336
2228.1667	5380.4438
2228.699	5369.0469
2229.2314	5365.9146
2229.7637	5387.4155
2230.2959	5406.8755
2230.8281	5402.8394
2231.3606	5420.3242
2231.8928	5481.3589
2232.425	5351.3906
2232.9575	5459.1216
2233.4897	5419.1245
2234.022	5418.4365
2234.5542	5449.1587
2235.0867	5460.0098
2235.6189	5463.1274
2236.1511	5463.2563
2236.6836	5598.209
2237.2158	5550.0991
2237.748	5631.812
2238.2805	5436.1655
2238.8127	5587.8335
2239.345	5567.1489
2239.8772	5587.123
2240.4097	5664.5039
2240.9419	5717.168
2241.4741	5671.5664
2242.0066	5668.0293
2242.5388	5723.4072
2243.071	5725.8555
2243.6033	5798.7725
2244.1357	5680.2964
2244.668	5706.6738
2245.2002	5872.4473
2245.7327	5872.0576
2246.2649	5935.4473
2246.7971	5956.1841
2247.3296	5855.436
2247.8618	5900.7778
2248.394	5921.438
2248.9263	5989.7998
2249.4587	5975.2544
2249.991	6036.4468
2250.5232	6042.7241
2251.0557	6070.2451
2251.5879	6291.8896
2252.1201	6124.7813
2252.6526	6265.5532
2253.1848	6313.6436
2253.717	6278.5688
2254.2493	6267.0112
2254.7817	6357.4082
2255.314	6433.4688
2255.8462	6381.0073
2256.3787	6367.2988
2256.9109	6483.4595
2257.4431	6513.0942
2257.9753	6547.9185
2258.5078	6605.5264
2259.04	6712.9521
2259.5723	6652.6128
2260.1047	6673.8423
2260.637	6713.6348
2261.1692	6705.5781
2261.7017	6693.3306
2262.2339	6782.4937
2262.7661	6779.1426
2263.2983	6908.0854
2263.8308	6942.9102
2264.363	7005.9019
2264.8953	6934.1606
2265.4277	7012.1045
2265.96	7064.1475
2266.4922	7115.2275
2267.0247	7051.832
2267.5569	7143.0068
2268.0891	7208.3345
2268.6213	7271.6724
2269.1538	7370.3672
2269.686	7264.4902
2270.2183	7395.7104
2270.7507	7450.8931
2271.283	7438.4111
2271.8152	7532.9966
2272.3474	7613.0112
2272.8799	7566.2471
2273.4121	7576.5815
2273.9443	7768.436
2274.4768	7664.3247
2275.009	7762.6558
2275.5413	7773.4663
2276.0737	7832.7827
2276.606	7763.9424
2277.1382	7875.7251
2277.6704	7849.0044
2278.2029	7974.1099
2278.7351	7952.9741
2279.2673	7946.4673
2279.7998	7984.0684
2280.332	8074.9678
2280.8643	8187.9067
2281.3967	8005.2383
2281.929	8204.291
2282.4612	8206.7461
2282.9934	8217
2283.5259	8226.8545
2284.0581	8375.6318
2284.5903	8414.9551
2285.1228	8410.3652
2285.655	8405.9063
2286.1873	8535.2002
2286.7195	8498.0352
2287.252	8393.4199
2287.7842	8402.2725
2288.3164	8747.9775
2288.8489	8551.1943
2289.3811	8588.1582
2289.9133	8651.8662
2290.4458	8584.9619
2290.978	8632.6807
2291.5103	8679.874
2292.0425	8575.4775
2292.575	8642.2676
2293.1072	8686.123
2293.6394	8678.4424
2294.1719	8720.709
2294.7041	8714.4063
2295.2363	8687.166
2295.7686	8735.6016
2296.301	8638.2031
2296.8333	8582.4404
2297.3655	8646.1211
2297.8979	8782.8682
2298.4302	8662.9473
2298.9624	8482.6602
2299.4949	8606.6025
2300.0271	8549.5195
2300.5593	8466.291
2301.0916	8432.4736
2301.624	8543.6035
2302.1563	8614.7236
2302.6885	8519.4883
2303.2209	8475.0908
2303.7532	8385.1318
2304.2854	8278.1221
2304.8179	8445.3633
2305.3501	8291.835
2305.8823	8344.918
2306.4146	8178.0708
2306.947	8072.9248
2307.4792	8092.9429
2308.0115	8014.0825
2308.5439	8082.6787
2309.0762	8090.4219
2309.6084	7994.9448
2310.1406	8059.2979
2310.6731	8063.4785
2311.2053	7877.5752
2311.7375	7773.5391
2312.27	7875.9292
2312.8022	7796.7905
2313.3345	7661.0532
2313.8669	7648.1606
2314.3992	7585.5801
2314.9314	7577.1045
2315.4636	7419.0815
2315.9961	7571.0474
2316.5283	7564.0327
2317.0605	7502.9287
2317.593	7351.397
2318.1252	7388.7402
2318.6575	7329.9204
2319.1899	7321.1997
2319.7222	7290.9009
2320.2544	7271.2397
2320.7866	7144.1738
2321.3191	7089.3237
2321.8513	7170.2134
2322.3835	7192.0713
2322.916	7021.3354
2323.4482	7054.1304
2323.9805	7030.5645
2324.5127	7016.104
2325.0452	6940.813
2325.5774	6825.5391
2326.1096	6927.918
2326.6421	6949.5889
2327.1743	6877.7344
2327.7065	6848.1089
2328.239	6916.5488
2328.7712	6833.5596
2329.3035	6819.0791
2329.8357	6692.7817
2330.3682	6739.5962
2330.9004	6768.8408
2331.4326	6671.2632
2331.9651	6607.5649
2332.4973	6586.4937
2333.0295	6578.0083
2333.562	6566.583
2334.0942	6482.624
2334.6265	6502.5542
2335.1587	6503.0596
2335.6912	6462.9551
2336.2234	6438.7427
2336.7556	6422.3643
2337.2881	6315.2266
2337.8203	6410.8423
2338.3525	6288.3345
2338.8848	6219.4961
2339.4172	6297.8081
2339.9495	6158.2646
2340.4817	6136.0625
2341.0142	6214.2725
2341.5464	6143.7803
2342.0786	6104.9858
2342.6111	6131.3721
2343.1433	5920.4272
2343.6755	5928.7715
2344.2078	6055.8452
2344.7402	5996.4185
2345.2725	5907.7441
2345.8047	5896.1816
2346.3372	5865.2427
2346.8694	5859.9106
2347.4016	5742.1074
2347.9338	5741.9331
2348.4663	5820.9297
2348.9985	5638.9351
2349.5308	5741.6772
2350.0632	5724.4663
2350.5955	5725.9619
2351.1277	5669.3086
2351.6602	5666.5957
2352.1924	5620.2871
2352.7246	5544.4185
2353.2568	5611.6133
2353.7893	5629.1377
2354.3215	5514.9839
2354.8538	5462.3701
2355.3862	5527.2046
2355.9185	5484.5098
2356.4507	5463.0322
2356.9832	5446.0552
2357.5154	5475.1729
2358.0476	5440.7832
2358.5798	5344.2676
2359.1123	5414.813
2359.6445	5413.8921
2360.1768	5346.5645
2360.7092	5336.1479
2361.2415	5321.7158
2361.7737	5242.8306
2362.3059	5185.0186
2362.8384	5246.6929
2363.3706	5280.6484
2363.9028	5179.4653
2364.4353	5165.6504
2364.9675	5159.3022
2365.4998	5142.4751
2366.0322	5101.7505
2366.5645	5141.0503
2367.0967	5180.4858
2367.6289	5141.5112
2368.1614	5141.2119
2368.6936	5056.9321
2369.2258	5069.5825
2369.7583	4930.2378
2370.2905	4977.3643
2370.8228	5079.2974
2371.3552	5007.1978
2371.8875	4995.5
2372.4197	4949.1182
2372.9519	4937.8618
2373.4844	4871.0981
2374.0166	4883.5132
2374.5488	4978.7085
2375.0813	4899.5625
2375.6135	4892.7275
2376.1458	4850.7075
2376.678	4861.7568
2377.2104	4912.8325
2377.7427	4828.4609
2378.2749	4806.4546
2378.8074	4772.647
2379.3396	4814.4541
2379.8718	4723.085
2380.4043	4691.6255
2380.9365	4747.0557
2381.4688	4722.2334
2382.001	4707.9468
2382.5334	4757.7891
2383.0657	4730.1353
2383.5979	4642.7183
2384.1304	4702.9072
2384.6626	4568.2095
2385.1948	4688.52
2385.7273	4732.6797
2386.2595	4633.9087
2386.7917	4729.4634
2387.324	4686.8975
2387.8564	4642.9712
2388.3887	4702.4312
2388.9209	4679.6719
2389.4534	4607.6216
2389.9856	4650.8413
2390.5178	4630.4077
2391.05	4594.9595
2391.5825	4642.3989
2392.1147	4550.7847
2392.647	4563.4141
2393.1794	4533.0356
2393.7117	4463.9595
2394.2439	4453.0298
2394.7764	4581.1753
2395.3086	4644.3496
2395.8408	4479.4668
2396.373	4506.707
2396.9055	4415.6807
2397.4377	4389.2139
2397.97	4430.5293
2398.5024	4428.6587
2399.0347	4476.6279
2399.5669	4328.2817
2400.0991	4363.7998
2400.6316	4355.4941
2401.1638	4419.314
2401.696	4362.792
2402.2285	4318.9429
2402.7607	4376.3135
2403.293	4348.0806
2403.8254	4326.6553
2404.3577	4389.0405
2404.8899	4319.2915
2405.4221	4241.6162
2405.9546	4196.0908
2406.4868	4282.1543
2407.019	4285.8955
2407.5515	4201.3789
2408.0837	4242.2178
2408.616	4314.4155
2409.1484	4302.3784
2409.6807	4326.5815
2410.2129	4217.2432
2410.7451	4199.4419
2411.2776	4168.874
2411.8098	4233.4263
2412.342	4203.6772
2412.8745	4135.0308
2413.4067	4240.6582
2413.939	4198.0044
2414.4712	4202.377
2415.0037	4184.9785
2415.5359	4180.9043
2416.0681	4191.4482
2416.6006	4149.9307
2417.1328	4148.9722
2417.665	4243.2051
2418.1975	4229.7305
2418.7297	4139.8262
2419.262	4204.6255
2419.7942	4196.8672
2420.3267	4200.062
2420.8589	4117.5796
2421.3911	4078.2612
2421.9236	4136.7866
2422.4558	4132.6777
2422.988	4065.3801
2423.5205	4107.106
2424.0527	4153.7603
2424.585	4131.2012
2425.1172	4056.0012
2425.6497	4113.9189
2426.1819	4155.3545
2426.7141	4061.0928
2427.2466	4011.1011
2427.7788	4090.6733
2428.311	4176.3652
2428.8433	4209.2251
2429.3757	4060.5613
2429.908	4099.7017
2430.4402	4132.9331
2430.9727	4132.3188
2431.5049	4076.2322
2432.0371	4092.6062
2432.5696	4070.2029
2433.1018	4107.6777
2433.634	3985.7642
2434.1663	3915.6133
2434.6987	3972.8928
2435.231	3997.3901
2435.7632	4044.2175
2436.2957	3910.1575
2436.8279	3887.9692
2437.3601	3944.4502
2437.8926	3958.1724
2438.4248	3972.0815
2438.957	3912.0798
2439.4893	3914.0483
2440.0217	3918.8901
2440.554	3930.4448
2441.0862	3897.2859
2441.6187	3999.5908
2442.1509	4111.7056
2442.6831	4049.1089
2443.2153	4040.8979
2443.7478	4076.1384
2444.28	4101.7617
2444.8123	4087.4275
2445.3447	4093.186
2445.877	4214.4619
2446.4092	4182.4946
2446.9417	4138.3691
2447.4739	4158.9014
2448.0061	4341.2661
2448.5383	4241.1455
2449.0708	4268.3579
2449.603	4345.8569
2450.1353	4339.2266
2450.6677	4361.0542
2451.2	4328.0254
2451.7322	4265.02
2452.2644	4330.1909
2452.7969	4363.1377
2453.3291	4404.4751
2453.8613	4389.5557
2454.3938	4309.6724
2454.926	4306.7817
2455.4583	4293.3115
2455.9907	4288.1182
2456.5229	4258.354
2457.0552	4192.8813
2457.5874	4188.1675
2458.1199	4179.4053
2458.6521	4145.0767
2459.1843	4122.1504
2459.7168	4073.2578
2460.249	4150.8428
2460.7813	4040.8596
2461.3137	3934.9417
2461.8459	3955.1121
2462.3782	3933.417
2462.9104	3968.4897
2463.4429	3848.6372
2463.9751	3889.3462
2464.5073	3765.8015
2465.0398	3778.0669
2465.572	3721.3372
2466.1042	3724.47
2466.6365	3699.7031
2467.1689	3702.3564
2467.7012	3627.0803
2468.2334	3620.5154
2468.7659	3676.2822
2469.2981	3596.7776
2469.8303	3602.0894
2470.3628	3619.1797
2470.895	3641.9985
2471.4272	3536.2856
2471.9595	3518.2551
2472.4919	3593.6912
2473.0242	3619.5388
2473.5564	3629.741
2474.0889	3665.0073
2474.6211	3626.1357
2475.1533	3579.7527
2475.6858	3624.5967
2476.218	3635.1223
2476.7502	3695.926
2477.2825	3717.802
2477.8149	3741.9045
2478.3472	3761.4685
2478.8794	3757.0969
2479.4119	3737.5271
2479.9441	3805.0127
2480.4763	3853.0354
2481.0085	3803.8757
2481.541	3855.5833
2482.0732	3806.6028
2482.6055	3830.2178
2483.1379	3896.2747
2483.6702	3875.8618
2484.2024	3945.4226
2484.7349	3956.8079
2485.2671	4088.4827
2485.7993	3937.6729
2486.3315	3979.5051
2486.864	4087.4851
2487.3962	4109.2261
2487.9285	4165.0815
2488.4609	4141.7422
2488.9932	4236.6943
2489.5254	4169.1753
2490.0579	4162.1924
2490.5901	4338.5864
2491.1223	4287.1313
2491.6545	4300.0337
2492.187	4336.3198
2492.7192	4362.6909
2493.2515	4469.2798
2493.7839	4423.4282
2494.3162	4533.4473
2494.8484	4527.7896
2495.3806	4516.4292
2495.9131	4591.4209
2496.4453	4629.6323
2496.9775	4628.4907
2497.51	4605.2192
2498.0422	4520.6611
2498.5745	4567.6167
2499.1069	4761.1772
2499.6392	4663.1167
2500.1714	4617.2925
2500.7036	4626.0776
2501.2361	4676.0186
2501.7683	4747.7773
2502.3005	4612.249
2502.833	4762.8438
2503.3652	4752.0068
2503.8975	4700.6772
2504.4297	4658.021
2504.9622	4634.3447
2505.4944	4677.4512
2506.0266	4665.1353
2506.5591	4660.1162
2507.0913	4656.6646
2507.6235	4667.6099
2508.156	4583.3711
2508.6882	4659.2134
2509.2205	4686.5439
2509.7527	4578.749
2510.2852	4655.9722
2510.8174	4463.0513
2511.3496	4493.8892
2511.8821	4517.0674
2512.4143	4546.2358
2512.9465	4485.5283
2513.479	4450.5249
2514.0112	4455.644
2514.5435	4441.0542
2515.0757	4386.9316
2515.6082	4413.9082
2516.1404	4388.2676
2516.6726	4350.8853
2517.2051	4252.0996
2517.7373	4153.1729
2518.2695	4246.8721
2518.8018	4150.2031
2519.3342	4020.1333
2519.8665	4099.686
2520.3987	4021.3767
2520.9312	3989.8281
2521.4634	3913.5134
2521.9956	3842.6301
2522.5281	3860.0986
2523.0603	3743.1033
2523.5925	3688.3733
2524.1248	3651.8994
2524.6572	3599.104
2525.1895	3520.1006
2525.7217	3477.6978
2526.2542	3392.1838
2526.7864	3333.1331
2527.3186	3270.2588
2527.8511	3253.1797
2528.3833	3237.1343
2528.9155	3196.3394
2529.4478	3166.0034
2529.9802	3173.3943
2530.5125	3147.1926
2531.0447	2962.3503
2531.5771	3057.2429
2532.1094	2998.9526
2532.6416	2929.467
2533.1738	2964.3569
2533.7063	2964.1738
2534.2385	2939.9141
2534.7708	2996.4165
2535.3032	2970.8286
2535.8354	2913.8086
2536.3677	2896.3464
2536.9001	2873.033
2537.4324	2897.5984
2537.9646	2912.7832
2538.4968	2865.1331
2539.0293	2809.9226
2539.5615	2819.6523
2540.0938	2828.3047
2540.6262	2809.614
2541.1584	2821.0945
2541.6907	2827.0696
2542.2231	2742.7346
2542.7554	2737.1204
2543.2876	2794.8699
2543.8198	2734.9707
2544.3523	2741.2007
2544.8845	2716.9678
2545.4167	2697.8562
2545.9492	2704.6191
2546.4814	2702.0835
2547.0137	2606.386
2547.5459	2649.156
2548.0784	2610.7126
2548.6106	2659.3091
2549.1428	2616.5891
2549.6753	2549.4722
2550.2075	2490.0942
2550.7397	2580.3235
2551.2722	2529.2183
2551.8044	2500.604
2552.3367	2490.6553
2552.8689	2472.958
2553.4014	2451.1255
2553.9336	2504.0474
2554.4658	2441.2861
2554.9983	2477.0557
2555.5305	2465.1846
2556.0627	2461.2896
2556.595	2445.448
2557.1274	2412.4329
2557.6597	2432.3767
2558.1919	2375.3745
2558.7244	2377.4075
2559.2566	2377.0806
2559.7888	2404.2786
2560.3213	2394.0806
2560.8535	2349.0034
2561.3857	2385.5063
2561.918	2395.4236
2562.4504	2358.585
2562.9827	2328.2681
2563.5149	2311.1997
2564.0474	2270.0105
2564.5796	2327.6614
2565.1118	2306.8018
2565.6443	2285.2498
2566.1765	2295.1106
2566.7087	2315.4976
2567.241	2259.9126
2567.7734	2262.7607
2568.3057	2229.3557
2568.8379	2210.3979
2569.3704	2195.3469
2569.9026	2198.4121
2570.4348	2264.1702
2570.967	2189.7883
2571.4995	2167.1797
2572.0317	2146.332
2572.564	2202.0747
2573.0964	2184.6931
2573.6287	2136.3284
2574.1609	2133.3499
2574.6934	2099.2559
2575.2256	2081.0996
2575.7578	2098.623
2576.29	2117.9629
2576.8225	2093.1582
2577.3547	2080.0439
2577.887	2102.7507
2578.4194	2104.2063
2578.9517	2074.3035
2579.4839	2066.1118
2580.0164	2088.9219
2580.5486	2084.6846
2581.0808	2084.3564
2581.613	2064.5544
2582.1455	2054.0955
2582.6777	2039.568
2583.21	2065.9939
2583.7424	2023.7108
2584.2747	2035.5321
2584.8069	2033.549
2585.3391	2033.891
2585.8716	2029.0823
2586.4038	2024.2002
2586.936	1994.7928
2587.4685	2004.8162
2588.0007	1979.7345
2588.533	2013.5271
2589.0654	1971.5037
2589.5977	1959.3357
2590.1299	1933.1373
2590.6621	1990.5115
2591.1946	1962.1281
2591.7268	1945.1871
2592.259	1941.6941
2592.7915	1939.6484
2593.3237	1931.359
2593.856	1955.286
2594.3884	1927.139
2594.9207	1935.2175
2595.4529	1931.5321
2595.9851	1938.1442
2596.5176	1917.6715
2597.0498	1910.7085
2597.582	1893.4063
2598.1145	1879.2457
2598.6467	1853.899
2599.179	1852.0674
2599.7112	1846.3236
2600.2437	1862.3232
2600.7759	1856.5247
2601.3081	1840.9741
2601.8406	1801.3248
2602.3728	1789.3485
2602.905	1779.2759
2603.4375	1795.8738
2603.9697	1803.9856
2604.502	1785.9926
2605.0342	1735.2533
2605.5667	1721.5425
2606.0989	1752.6205
2606.6311	1739.2657
2607.1636	1718.3152
2607.6958	1712.0272
2608.228	1693.2588
2608.7603	1705.12
2609.2927	1678.1508
2609.825	1637.595
2610.3572	1680.8218
2610.8896	1638.0557
2611.4219	1655.634
2611.9541	1639.4984
2612.4866	1621.8037
2613.0188	1617.2673
2613.551	1599.5027
2614.0833	1564.9821
2614.6157	1620.8508
2615.1479	1562.2186
2615.6802	1604.51
2616.2126	1554.1287
2616.7449	1536.6172
2617.2771	1562.1747
2617.8096	1571.6306
2618.3418	1579.3688
2618.874	1516.823
2619.4063	1532.0687
2619.9387	1535.4988
2620.4709	1541.3827
2621.0032	1520.8334
2621.5356	1528.9404
2622.0679	1521.9362
2622.6001	1520.3181
2623.1323	1522.2457
2623.6648	1507.3291
2624.197	1491.7698
2624.7292	1475.9965
2625.2617	1500.5598
2625.7939	1489.86
2626.3262	1504.6962
2626.8586	1507.6288
2627.3909	1504.7504
2627.9231	1483.4346
2628.4553	1470.3831
2628.9878	1459.2941
2629.52	1468.8776
2630.0522	1446.3331
2630.5847	1473.1752
2631.1169	1447.8928
2631.6492	1466.2988
2632.1816	1496.6862
2632.7139	1459.2169
2633.2461	1452.7241
2633.7783	1452.2556
2634.3108	1461.3519
2634.843	1433.0387
2635.3752	1431.3173
2635.9077	1449.1544
2636.4399	1431.1738
2636.9722	1442.6606
2637.5044	1425.6025
2638.0369	1448.8469
2638.5691	1438.981
2639.1013	1447.4888
2639.6338	1444.1005
2640.166	1441.7803
2640.6982	1412.2592
2641.2307	1419.6311
2641.7629	1394.1387
2642.2952	1400.145
2642.8274	1428.0875
2643.3599	1432.4719
2643.8921	1421.0092
2644.4243	1407.5298
2644.9568	1387.446
2645.489	1428.3276
2646.0212	1406.7273
2646.5537	1384.541
2647.0859	1413.478
2647.6182	1397.1018
2648.1504	1430.0763
2648.6829	1391.9358
2649.2151	1397.7279
2649.7473	1377.9711
2650.2798	1392.2435
2650.812	1391.3494
2651.3442	1363.1743
2651.8765	1370.0792
2652.4089	1376.2257
2652.9412	1376.0077
2653.4734	1390.2266
2654.0059	1407.8364
2654.5381	1394.5438
2655.0703	1359.5803
2655.6028	1366.7745
2656.135	1356.791
2656.6672	1372.6459
2657.1995	1366.7977
2657.7319	1357.87
2658.2642	1351.462
2658.7964	1358.5099
2659.3289	1334.0485
2659.8611	1328.2832
2660.3933	1351.9641
2660.9255	1354.2072
2661.458	1348.4532
2661.9902	1330.6561
2662.5225	1332.7938
2663.0549	1335.8335
2663.5872	1326.5883
2664.1194	1328.3519
2664.6519	1328.7262
2665.1841	1298.692
2665.7163	1308.5126
2666.2485	1314.6821
2666.781	1350.6759
2667.3132	1289.3551
2667.8455	1294.5227
2668.3779	1317.2687
2668.9102	1314.0881
2669.4424	1273.0996
2669.9749	1272.4778
2670.5071	1258.9666
2671.0393	1289.9934
2671.5715	1284.5109
2672.104	1284.7091
2672.6362	1267.6268
2673.1685	1287.0692
2673.7009	1256.6265
2674.2332	1247.3942
2674.7654	1282.6705
2675.2976	1270.2346
2675.8301	1255.491
2676.3623	1288.1722
2676.8945	1244.2715
2677.427	1243.6086
2677.9592	1272.4257
2678.4915	1259.9948
2679.0239	1263.6487
2679.5562	1251.8625
2680.0884	1295.0227
2680.6206	1243.4221
2681.1531	1252.9125
2681.6853	1250.4755
2682.2175	1241.4944
2682.75	1232.1558
2683.2822	1237.9818
2683.8145	1222.3049
2684.3469	1220.4191
2684.8792	1217.8966
2685.4114	1255.1049
2685.9436	1231.505
2686.4761	1226.261
2687.0083	1206.6248
2687.5405	1225.01
2688.073	1243.2633
2688.6052	1242.3912
2689.1375	1231.6906
2689.6697	1222.5717
2690.2021	1227.3094
2690.7344	1208.1293
2691.2666	1213.6621
2691.7991	1238.9562
2692.3313	1214.8585
2692.8635	1195.0562
2693.396	1200.2626
2693.9282	1196.1702
2694.4604	1185.8679
2694.9927	1207.6407
2695.5251	1183.7289
2696.0574	1188.4688
2696.5896	1217.4836
2697.1221	1206.0092
2697.6543	1196.0891
2698.1865	1188.9387
2698.719	1183.6625
2699.2512	1208.3718
2699.7834	1179.9347
2700.3157	1199.1678
2700.8481	1195.5938
2701.3804	1199.0164
2701.9126	1220.0436
2702.4451	1186.4376
2702.9773	1184.9174
2703.5095	1192.8988
2704.0417	1185.3177
2704.5742	1185.8751
2705.1064	1174.1096
2705.6387	1172.0461
2706.1711	1192.1837
2706.7034	1176.9556
2707.2356	1167.3717
2707.7681	1161.6975
2708.3003	1178.9427
2708.8325	1190.3013
2709.3647	1207.9543
2709.8972	1197.9402
2710.4294	1176.3464
2710.9617	1159.8687
2711.4941	1176.5818
2712.0264	1181.0532
2712.5586	1135.2322
2713.0908	1157.2057
2713.6233	1155.5812
2714.1555	1161.4922
2714.6877	1160.1455
2715.2202	1180.3458
2715.7524	1168.2683
2716.2847	1173.0858
2716.8171	1161.3452
2717.3494	1182.4835
2717.8816	1164.359
2718.4138	1135.9468
2718.9463	1139.6261
2719.4785	1141.7141
2720.0107	1165.0066
2720.5432	1165.7375
2721.0754	1174.3331
2721.6077	1171.4658
2722.1401	1165.9142
2722.6724	1153.8984
2723.2046	1123.0963
2723.7368	1170.788
2724.2693	1134.4749
2724.8015	1138.6683
2725.3337	1134.9564
2725.8662	1147.6553
2726.3984	1148.1683
2726.9307	1144.9102
2727.4629	1158.9076
2727.9954	1140.1912
2728.5276	1144.0609
2729.0598	1150.2427
2729.5923	1143.4678
2730.1245	1146.1918
2730.6567	1124.8204
2731.1892	1150.0651
2731.7214	1144.0127
2732.2537	1148.0007
2732.7859	1127.0679
2733.3184	1131.4574
2733.8506	1142.3806
2734.3828	1137.709
2734.9153	1143.2681
2735.4475	1128.0308
2735.9797	1116.5851
2736.5122	1143.0276
2737.0444	1157.8796
2737.5767	1152.8953
2738.1089	1125.1329
2738.6414	1125.1934
2739.1736	1124.2252
2739.7058	1135.9219
2740.2383	1139.8251
2740.7705	1125.2783
2741.3027	1141.451
2741.835	1122.063
2742.3674	1121.4977
2742.8997	1125.5645
2743.4319	1121.4844
2743.9644	1103.4281
2744.4966	1103.7855
2745.0288	1131.5021
2745.5613	1136.0854
2746.0935	1111.2485
2746.6257	1112.85
2747.158	1124.5797
2747.6904	1114.1403
2748.2227	1117.8107
2748.7549	1143.2139
2749.2874	1139.844
2749.8196	1130.8286
2750.3518	1136.515
2750.8843	1116.11
2751.4165	1120.9967
2751.9487	1120.7791
2752.481	1122.6921
2753.0134	1099.1715
2753.5457	1120.012
2754.0779	1132.8068
2754.6104	1108.0391
2755.1426	1102.6642
2755.6748	1097.9421
2756.207	1109.3525
2756.7395	1111.1045
2757.2717	1093.2278
2757.804	1107.8352
2758.3364	1086.7106
2758.8687	1108.2567
2759.4009	1105.4597
2759.9333	1100.4657
2760.4656	1101.7802
2760.9978	1097.0273
2761.53	1099.8684
2762.0625	1089.3046
2762.5947	1106.2839
2763.127	1087.3414
2763.6594	1110.886
2764.1917	1093.3878
2764.7239	1110.4796
2765.2561	1098.7932
2765.7886	1098.2745
2766.3208	1092.2208
2766.853	1099.9631
2767.3855	1084.3287
2767.9177	1092.8702
2768.45	1116.9813
2768.9824	1123.9364
2769.5146	1095.2306
2770.0469	1110.2057
2770.5791	1080.3253
2771.1116	1077.7103
2771.6438	1092.7356
2772.176	1083.4851
2772.7085	1103.6787
2773.2407	1104.0626
2773.7729	1095.0291
2774.3054	1103.1631
2774.8376	1088.1669
2775.3699	1063.3986
2775.9021	1071.2363
2776.4346	1110.7838
2776.9668	1079.5558
2777.499	1087.983
2778.0315	1105.412
2778.5637	1113.2079
2779.0959	1061.4856
2779.6282	1070.9578
2780.1606	1085.3157
2780.6929	1086.8202
2781.2251	1085.8661
2781.7576	1090.2056
2782.2898	1070.1547
2782.822	1074.9554
2783.3545	1089.0847
2783.8867	1078.4893
2784.4189	1080.9022
2784.9512	1060.8879
2785.4836	1065.8816
2786.0159	1083.502
2786.5481	1060.2117
2787.0806	1060.162
2787.6128	1075.4109
2788.145	1071.4573
2788.6775	1060.9185
2789.2097	1076.9225
2789.7419	1069.7506
2790.2742	1083.019
2790.8066	1085.5005
2791.3389	1081.2827
2791.8711	1067.5991
2792.4036	1064.5348
2792.9358	1064.7086
2793.468	1064.3168
2794.0002	1057.3824
2794.5327	1059.3529
2795.0649	1072.9265
2795.5972	1071.1246
2796.1296	1052.0951
2796.6619	1053.4916
2797.1941	1069.0206
2797.7266	1071.5077
2798.2588	1066.868
2798.791	1060.4242
2799.3232	1066.2367
2799.8557	1069.9977
2800.3879	1063.5244
2800.9202	1072.9918
2801.4526	1073.4259
2801.9849	1064.5015
2802.5171	1062.022
2803.0496	1063.6132
2803.5818	1063.6482
2804.114	1078.1167
2804.6462	1060.6398
2805.1787	1057.924
2805.7109	1058.3961
2806.2432	1054.2274
2806.7756	1048.8837
2807.3079	1047.5635
2807.8401	1041.3793
2808.3723	1060.7985
2808.9048	1050.5745
2809.437	1057.734
2809.9692	1040.3513
2810.5017	1041.1354
2811.0339	1047.0629
2811.5662	1049.9933
2812.0986	1050.1187
2812.6309	1040.6455
2813.1631	1058.4298
2813.6953	1041.1046
2814.2278	1037.5465
2814.76	1041.5061
2815.2922	1063.4401
2815.8247	1048.4771
2816.3569	1025.7408
2816.8892	1028.6685
2817.4214	1043.9392
2817.9539	1044.7821
2818.4861	1040.2236
2819.0183	1039.7098
2819.5508	1029.795
2820.083	1041.7629
2820.6152	1046.4657
2821.1477	1036.3784
2821.6799	1051.8473
2822.2122	1039.9087
2822.7444	1053.3954
2823.2769	1038.4584
2823.8091	1040.5321
2824.3413	1022.2333
2824.8738	1022.5471
2825.406	1044.5571
2825.9382	1035.6764
2826.4707	1045.5092
2827.0029	1045.6392
2827.5352	1035.9545
2828.0674	1033.8689
2828.5999	1041.3488
2829.1321	1050.5353
2829.6643	1042.3009
2830.1968	1025.1006
2830.729	1037.7482
2831.2612	1023.548
2831.7935	1016.52
2832.3259	1031.53
2832.8582	1034.4252
2833.3904	1023.565
2833.9229	1049.6432
2834.4551	1024.113
2834.9873	1022.7136
2835.5198	1045.9326
2836.052	1043.6779
2836.5842	1038.2874
2837.1165	1029.402
2837.6489	1029.6743
2838.1812	1026.5022
2838.7134	1020.5187
2839.2458	1039.2665
2839.7781	1027.7096
2840.3103	1030.1226
2840.8428	1012.4719
2841.375	1017.8052
2841.9072	1017.8139
2842.4395	1026.043
2842.9719	1022.3178
2843.5042	1030.6289
2844.0364	1015.108
2844.5688	1028.8331
2845.1011	1018.4467
2845.6333	1012.6882
2846.1655	1032.761
2846.698	1024.7056
2847.2302	1028.8049
2847.7625	1016.1829
2848.2949	1008.3157
2848.8271	1024.4731
2849.3594	1009.9263
2849.8918	1008.9899
2850.4241	1011.7388
2850.9563	1014.4095
2851.4885	1030.8784
2852.021	997.55212
2852.5532	1029.4083
2853.0854	1027.2703
2853.6179	1027.9645
2854.1501	1011.6664
2854.6824	1009.7781
2855.2148	1012.8985
2855.7471	1020.4899
2856.2793	1015.1314
2856.8115	1017.2408
2857.344	1004.1515
2857.8762	1020.1357
2858.4084	1022.1216
2858.9409	1000.3494
2859.4731	1030.5209
2860.0054	1029.1643
2860.5376	1013.1753
2861.0701	1021.5034
2861.6023	1022.3527
2862.1345	1014.815
2862.667	1018.682
2863.1992	1016.9145
2863.7314	1007.6646
2864.2639	1013.4046
2864.7961	1011.4896
2865.3284	1029.2107
2865.8606	1027.973
2866.3931	1022.2335
2866.9253	1001.8988
2867.4575	1000.4839
2867.99	1013.6588
2868.5222	1012.8317
2869.0544	1004.5089
2869.5867	997.16724
2870.1191	1003.5239
2870.6514	1003.4382
2871.1836	1002.0814
2871.7161	1015.6671
2872.2483	1018.3859
2872.7805	1006.2498
2873.313	999.02997
2873.8452	998.24023
2874.3774	1013.5251
2874.9097	1000.6606
2875.4421	1020.6893
2875.9744	1016.4754
2876.5066	1004.175
2877.0391	1010.1773
2877.5713	1007.2784
2878.1035	1004.5484
2878.636	998.59656
2879.1682	1020.5923
2879.7004	1012.9285
2880.2327	1005.3026
2880.7651	1008.8666
2881.2974	1010.6974
2881.8296	1003.0623
2882.3621	1009.7205
2882.8943	1005.9717
2883.4265	997.4007
2883.9587	998.34174
2884.4912	996.92285
2885.0234	995.70587
2885.5557	1009.1325
2886.0881	1016.7167
2886.6204	1013.3582
2887.1526	1013.298
2887.6851	989.83154
2888.2173	997.14697
2888.7495	1000.3996
2889.2817	989.95886
2889.8142	1006.8953
2890.3464	998.27979
2890.8787	993.3476
2891.4111	1003.6973
2891.9434	999.42145
2892.4756	981.97748
2893.0081	1006.7768
2893.5403	1011.6434
2894.0725	1006.8215
2894.6047	1005.6553
2895.1372	1000.864
2895.6694	999.44165
2896.2017	992.5722
2896.7341	993.33374
2897.2664	989.44409
2897.7986	991.37524
2898.3308	985.81354
2898.8633	987.96545
2899.3955	987.52502
2899.9277	995.24268
2900.4602	1001.3773
2900.9924	980.4375
2901.5247	995.56201
2902.0571	991.67017
2902.5894	991.14691
2903.1216	996.04871
2903.6538	987.62634
2904.1863	993.84277
2904.7185	1003.1112
2905.2507	999.08624
2905.7832	994.5072
2906.3154	979.49896
2906.8477	991.20575
2907.3801	976.83759
2907.9124	977.45496
2908.4446	990.27631
2908.9768	990.2674
2909.5093	995.63586
2910.0415	988.84729
2910.5737	998.98138
2911.1062	987.37463
2911.6384	998.96094
2912.1707	1003.5999
2912.7029	985.24854
2913.2354	1000.3011
2913.7676	984.01251
2914.2998	983.47418
2914.8323	1001.0135
2915.3645	982.30841
2915.8967	984.93762
2916.4292	979.6416
2916.9614	979.14301
2917.4937	986.25214
2918.0259	991.74463
2918.5583	993.59998
2919.0906	998.35114
2919.6228	987.62793
2920.1553	985.66217
2920.6875	996.62463
2921.2197	980.38147
2921.752	971.66187
2922.2844	983.12543
2922.8167	977.41418
2923.3489	979.28113
2923.8813	996.74384
2924.4136	984.79126
2924.9458	988.6651
2925.4783	977.39136
2926.0105	977.99957
2926.5427	986.83789
2927.075	993.29547
2927.6074	975.25055
2928.1396	983.21216
2928.6719	977.18066
2929.2043	987.56824
2929.7366	984.69342
2930.2688	989.59015
2930.8013	987.22308
2931.3335	975.11377
2931.8657	975.46893
2932.3979	975.48639
2932.9304	980.45477
2933.4626	979.09546
2933.9949	981.89832
2934.5273	974.7417
2935.0596	987.36981
2935.5918	996.08722
2936.124	974.78925
2936.6565	983.51404
2937.1887	986.83612
2937.7209	987.37262
2938.2534	976.36395
2938.7856	987.17328
2939.3179	978.92444
2939.8503	987.14874
2940.3826	976.23901
2940.9148	983.23859
2941.447	981.8562
2941.9795	978.56494
2942.5117	963.69739
2943.0439	976.00256
2943.5764	981.58392
2944.1086	973.94397
2944.6409	970.68066
2945.1733	983.52972
2945.7056	980.97113
2946.2378	981.9566
2946.77	971.87555
2947.3025	974.55658
2947.8347	975.01929
2948.3669	979.93701
2948.8994	981.09277
2949.4316	978.40167
2949.9639	981.86664
2950.4961	987.1524
2951.0286	977.71832
2951.5608	970.34723
2952.093	970.05219
2952.6255	964.36926
2953.1577	983.42438
2953.6899	971.73816
2954.2224	965.34607
2954.7546	967.93213
2955.2869	980.64166
2955.8191	980.93036
2956.3516	964.00366
2956.8838	974.20007
2957.416	983.85461
2957.9485	969.66577
2958.4807	972.09467
2959.0129	978.47681
2959.5454	970.96619
2960.0776	969.82599
2960.6099	978.10095
2961.1421	980.79541
2961.6746	970.80109
2962.2068	963.03174
2962.739	975.52179
2963.2715	975.21118
2963.8037	975.20935
2964.3359	961.97498
2964.8682	966.47418
2965.4006	973.17523
2965.9329	972.12225
2966.4651	989.16644
2966.9976	974.70679
2967.5298	968.88507
2968.062	966.0885
2968.5945	969.52765
2969.1267	971.51172
2969.6589	977.25903
2970.1912	980.46429
2970.7236	967.2132
2971.2559	971.48444
2971.7881	972.51202
2972.3206	982.61847
2972.8528	980.36084
2973.385	968.39301
2973.9172	965.29828
2974.4497	962.66699
2974.9819	958.99475
2975.5142	973.35229
2976.0466	954.65692
2976.5789	960.88391
2977.1111	970.43665
2977.6436	971.87231
2978.1758	956.95703
2978.708	961.35535
2979.2402	950.02155
2979.7727	964.3924
2980.3049	975.24731
2980.8372	964.87024
2981.3696	967.9856
2981.9019	970.97546
2982.4341	969.07416
2982.9666	962.32257
2983.4988	965.50964
2984.031	957.89392
2984.5632	970.63062
2985.0957	965.46149
2985.6279	970.0058
2986.1602	980.51031
2986.6926	962.53815
2987.2249	967.73108
2987.7571	966.22131
2988.2893	952.85962
2988.8218	967.21222
2989.354	974.11835
2989.8862	971.50964
2990.4187	981.84558
2990.9509	964.30353
2991.4832	964.91919
2992.0156	958.36127
2992.5479	957.40503
2993.0801	956.8761
2993.6123	958.04645
2994.1448	961.44543
2994.677	977.06586
2995.2092	967.08893
2995.7417	968.34949
2996.2739	977.0434
2996.8062	963.88477
2997.3386	962.52966
2997.8708	961.9198
2998.4031	966.79578
2998.9353	979.7428
2999.4678	968.96729
3000	957.91461
