500	920.37323
500.0513	930.29523
500.1026	911.5722
500.15387	921.09821
500.20517	923.92963
500.25647	916.12555
500.30777	921.72626
500.35907	914.44098
500.41034	914.8042
500.46164	914.85626
500.51294	914.82043
500.56424	913.9455
500.61554	910.48846
500.66681	915.24738
500.71811	914.37689
500.76941	902.50061
500.82071	908.66168
500.87198	922.28845
500.92328	917.8241
500.97458	910.26825
501.02588	919.03314
501.07718	919.4494
501.12845	905.0675
501.17975	911.09119
501.23105	923.36816
501.28235	915.26257
501.33365	904.81439
501.38492	905.02271
501.43622	908.03204
501.48752	916.0191
501.53882	923.05548
501.59012	915.56787
501.64139	912.69427
501.69269	914.76056
501.74399	914.2348
501.79529	918.35895
501.84659	914.12341
501.89786	915.06366
501.94916	915.81482
502.00046	914.62878
502.05176	909.44495
502.10306	913.70709
502.15433	913.94879
502.20563	916.49811
502.25693	914.91193
502.30823	921.58423
502.3595	922.52435
502.4108	910.81714
502.4621	917.09827
502.5134	919.26984
502.5647	903.16437
502.61597	919.76819
502.66727	910.36688
502.71857	914.91046
502.76987	921.07245
502.82117	910.48279
502.87244	908.68341
502.92374	914.26758
502.97504	919.64478
503.02634	911.46063
503.07764	904.37769
503.12891	913.83868
503.18021	913.1933
503.23151	914.23224
503.28281	917.31445
503.33411	923.35785
503.38538	920.50861
503.43668	909.30731
503.48798	904.32288
503.53928	909.41528
503.59058	918.51294
503.64185	915.23016
503.69315	912.3576
503.74445	920.32007
503.79575	922.53571
503.84705	916.82416
503.89832	907.04401
503.94962	906.75928
504.00092	918.94696
504.05222	923.14185
504.10349	907.86505
504.15479	910.59607
504.20609	912.37347
504.25739	913.88843
504.30869	917.97284
504.35995	906.66815
504.41125	914.35663
504.46255	919.93304
504.51385	914.04071
504.56516	915.92926
504.61642	917.84552
504.66772	923.46588
504.71902	914.85706
504.77032	904.17694
504.82162	914.76776
504.87289	920.09222
504.92419	902.15338
504.97549	911.02307
505.02679	907.05554
505.07809	909.04407
505.12936	902.74347
505.18066	905.76044
505.23196	908.51642
505.28326	911.69299
505.33456	917.1593
505.38583	914.04987
505.43713	913.23181
505.48843	912.59454
505.53973	910.82568
505.591	910.2627
505.6423	911.61804
505.6936	918.28058
505.7449	922.29633
505.7962	918.67865
505.84747	913.55048
505.89877	915.37415
505.95007	922.67676
506.00137	919.47302
506.05267	915.10065
506.10394	920.56952
506.15524	925.68292
506.20654	919.05371
506.25784	917.83649
506.30914	910.96851
506.36041	915.08765
506.41171	905.43915
506.46301	904.67688
506.51431	914.01294
506.56561	918.74921
506.61688	921.03229
506.66818	905.67786
506.71948	924.19812
506.77078	921.55273
506.82208	928.91272
506.87335	919.29834
506.92465	928.14301
506.97595	912.79156
507.02725	912.79517
507.07852	917.33301
507.12982	915.79199
507.18112	915.92682
507.23242	919.87701
507.28372	917.43469
507.33499	922.3949
507.38629	918.185
507.43759	911.01849
507.48889	909.57178
507.54019	911.12469
507.59146	914.22113
507.64276	915.82837
507.69406	928.81757
507.74536	929.8891
507.79666	922.20953
507.84793	920.37238
507.89923	914.84955
507.95053	913.03943
508.00183	910.35028
508.05313	905.92151
508.1044	910.43188
508.1557	923.81152
508.207	930.83838
508.2583	916.38538
508.3096	912.41858
508.36087	913.87775
508.41217	911.03442
508.46347	916.27795
508.51477	911.70239
508.56604	909.62756
508.61734	912.64868
508.66864	914.77936
508.71994	902.59711
508.77124	898.38708
508.82251	920.80206
508.87381	915.02673
508.92511	920.854
508.97641	919.93097
509.02771	917.03558
509.07898	918.65942
509.13028	916.10205
509.18158	922.72772
509.23288	932.20337
509.28418	911.37921
509.33545	923.49921
509.38675	929.16693
509.43805	917.46008
509.48935	914.26929
509.54065	914.49963
509.59192	911.71179
509.64322	915.08429
509.69452	923.81213
509.74582	916.83246
509.79712	914.49377
509.84839	921.2959
509.89969	928.09863
509.95099	924.35779
510.00229	921.20331
510.05356	918.84198
510.10486	923.19427
510.15616	932.89117
510.20746	919.71484
510.25876	918.25427
510.31003	935.6568
510.36133	925.10437
510.41263	918.78296
510.46393	924.55444
510.51523	924.64471
510.5665	924.76074
510.6178	918.51569
510.6691	917.50262
510.7204	917.77881
510.7717	921.508
510.82297	916.15619
510.87427	919.4502
510.92557	919.7392
510.97687	930.4408
511.02817	916.83752
511.07944	924.32373
511.13074	920.40839
511.18204	932.10577
511.23334	921.78943
511.28464	916.6084
511.33591	923.53259
511.38721	928.64899
511.43851	930.90216
511.48981	917.64923
511.54111	931.5097
511.59238	921.49982
511.64368	921.9024
511.69498	916.97321
511.74628	924.43835
511.79755	930.74774
511.84885	918.87891
511.90015	927.40417
511.95145	938.6449
512.00275	925.99011
512.05402	928.01208
512.10535	939.13086
512.15662	928.49573
512.20789	919.73639
512.25922	921.09302
512.31049	931.61102
512.36182	936.19318
512.41309	927.48853
512.46436	921.66718
512.51569	920.44476
512.56696	936.16028
512.61829	941.58276
512.66956	933.39984
512.72083	929.67651
512.77216	933.57129
512.82343	932.00775
512.87476	937.83313
512.92603	933.28564
512.97729	942.46667
513.02863	929.9024
513.0799	925.73999
513.13123	936.58771
513.1825	939.97253
513.23376	931.06586
513.2851	932.5589
513.33636	926.69012
513.3877	921.88977
513.43896	932.6156
513.49023	951.99768
513.54156	947.99658
513.59283	934.80145
513.64417	931.83472
513.69543	958.68982
513.7467	942.11829
513.79803	932.71777
513.8493	933.09662
513.90057	935.79993
513.9519	926.51154
514.00317	923.37518
514.0545	937.68085
514.10577	938.43768
514.15704	947.02991
514.20837	935.33521
514.25964	943.7738
514.31097	948.10535
514.36224	945.87366
514.41351	949.89288
514.46484	941.27515
514.51611	939.24817
514.56744	946.47455
514.61871	943.63922
514.66998	944.85693
514.72131	956.86047
514.77258	959.97168
514.82391	960.46661
514.87518	960.85425
514.92645	943.79523
514.97778	957.38873
515.02905	969.95129
515.08038	970.62097
515.13165	968.83496
515.18292	961.72925
515.23425	959.83075
515.28552	977.57544
515.33685	981.15063
515.38812	973.01007
515.43939	965.77209
515.49072	976.42877
515.54199	978.81818
515.59332	996.89185
515.64459	972.73651
515.69586	1023.096
515.74719	1008.385
515.79846	1035.0494
515.84979	1031.3816
515.90106	1046.6604
515.95233	1058.7598
516.00366	1059.9746
516.05493	1085.5087
516.10626	1128.0696
516.15753	1147.1769
516.2088	1174.2031
516.26013	1178.504
516.3114	1235.6134
516.36273	1247.0824
516.414	1272.9863
516.46527	1280.9222
516.5166	1307.3883
516.56787	1300.4498
516.6192	1328.4073
516.67047	1340.4006
516.72174	1319.149
516.77307	1332.2151
516.82434	1364.4998
516.87567	1370.364
516.92694	1341.3241
516.97821	1339.67
517.02954	1361.4708
517.08081	1352.3301
517.13208	1351.3088
517.18341	1345.0817
517.23468	1309.4451
517.28601	1289.7977
517.33728	1309.1836
517.38855	1292.6638
517.43988	1282.3418
517.49115	1286.2261
517.54248	1272.8682
517.59375	1286.5826
517.64502	1281.6141
517.69635	1334.787
517.74762	1292.9622
517.79895	1317.7047
517.85022	1341.066
517.90149	1325.7371
517.95282	1358.9459
518.00409	1412.4135
518.05542	1404.5508
518.10669	1430.8741
518.15796	1410.4542
518.20929	1453.3015
518.26056	1490.13
518.31189	1482.677
518.36316	1485.6649
518.41443	1498.9886
518.46576	1506.2015
518.51703	1553.0137
518.56836	1536.8148
518.61963	1516.22
518.6709	1557.1566
518.72223	1565.1857
518.7735	1543.2646
518.82483	1537.6935
518.8761	1574.1654
518.92737	1604.2717
518.9787	1618.1947
519.02997	1619.9213
519.0813	1646.0828
519.13257	1694.4207
519.18384	1703.6992
519.23517	1721.7294
519.28644	1743.5392
519.33777	1776.6821
519.38904	1842.2758
519.44031	1875.4067
519.49164	1865.2241
519.54291	1854.1898
519.59424	1925.2041
519.64551	1960.6604
519.69678	1982.585
519.74811	2030.702
519.79938	2114.0576
519.85071	2158.425
519.90198	2191.9006
519.95325	2283.7844
520.00458	2310.5295
520.05585	2295.4316
520.10712	2409.0051
520.15845	2437.1426
520.20972	2455.8606
520.26105	2404.7817
520.31232	2399.4104
520.36359	2349.7029
520.41492	2341.4417
520.46619	2277.8132
520.51752	2247.9084
520.56879	2194.9756
520.62006	2179.7659
520.67139	2065.342
520.72266	2020.1823
520.77399	1958.1887
520.82526	1949.4347
520.87653	1899.0791
520.92786	1875.624
520.97913	1817.6716
521.03046	1786.4462
521.08173	1769.0297
521.133	1837.3026
521.18433	1840.5682
521.2356	1827.6455
521.28693	1842.7433
521.3382	1866.8103
521.38947	1879.2128
521.4408	1848.6494
521.49207	1856.4373
521.5434	1874.64
521.59467	1838.5642
521.64594	1765.8981
521.69727	1727.6344
521.74854	1700.5189
521.79987	1667.1229
521.85114	1678.2913
521.9024	1652.7334
521.95374	1611.8086
522.005	1611.4253
522.05634	1615.6361
522.1076	1621.121
522.15887	1624.035
522.21021	1662.3652
522.26147	1667.1119
522.31281	1650.0569
522.36407	1682.5203
522.41534	1685.0979
522.46667	1714.6593
522.51794	1708.6388
522.56927	1699.5791
522.62054	1723.7932
522.67181	1797.2227
522.72314	1822.3645
522.77441	1841.792
522.82574	1827.7811
522.87701	1786.6069
522.92828	1746.4016
522.97961	1817.083
523.03088	1795.1071
523.08221	1833.7489
523.13348	1800.8339
523.18475	1779.5311
523.23608	1786.1781
523.28735	1736.9244
523.33862	1765.0551
523.38995	1742.8401
523.44122	1718.5857
523.49255	1709.3051
523.54382	1697.6592
523.59509	1713.1571
523.64642	1744.5748
523.69769	1718.9552
523.74902	1693.849
523.80029	1682.5453
523.85156	1676.8878
523.90289	1691.2878
523.95416	1697.4545
524.00549	1679.6111
524.05676	1678.0084
524.10803	1683.911
524.15936	1696.0824
524.21063	1688.4604
524.26196	1676.016
524.31323	1684.3384
524.3645	1654.7367
524.41583	1666.4409
524.4671	1675.0337
524.51843	1647.1219
524.5697	1633.4595
524.62097	1619.3033
524.6723	1631.5405
524.72357	1638.0474
524.7749	1625.6158
524.82617	1621.6462
524.87744	1609.9966
524.92877	1617.1289
524.98004	1621.3046
525.03137	1603.3302
525.08264	1628.7898
525.13391	1602.5269
525.18524	1615.3286
525.23651	1629.6051
525.28784	1632.6079
525.33911	1644.3256
525.39038	1631.791
525.44171	1618.0723
525.49298	1666.5714
525.54431	1657.575
525.59558	1634.9458
525.64685	1610.5348
525.69818	1612.2688
525.74945	1623.0688
525.80078	1637.2047
525.85205	1658.9301
525.90332	1663.2783
525.95465	1673.4292
526.00592	1708.8232
526.05725	1653.4103
526.10852	1613.9736
526.15979	1651.2544
526.21112	1707.4871
526.26239	1711.2588
526.31366	1728.1914
526.36499	1730.6324
526.41626	1735.3577
526.46759	1755.1978
526.51886	1764.2061
526.57013	1781.0248
526.62146	1790.7633
526.67273	1816.5933
526.72406	1847.7919
526.77533	1842.516
526.8266	1879.1251
526.87793	1939.7679
526.9292	1954.6134
526.98053	1948.2603
527.0318	1959.97
527.08307	1991.0352
527.1344	1965.6084
527.18567	2010.0477
527.237	2040.7863
527.28827	2059.9133
527.33954	2073.6521
527.39087	2078.2112
527.44214	2106.1306
527.49347	2089.7063
527.54474	2047.2156
527.59601	2035.5049
527.64734	2054.7036
527.69861	2090.1379
527.74994	2060.5251
527.80121	2084.5674
527.85248	2070.8027
527.90381	2117.2322
527.95508	2110.0559
528.00641	2067.7397
528.05768	2076.3665
528.10895	2078.3887
528.16028	2029.7881
528.21155	2043.6688
528.26288	2011.7301
528.31415	1977.6646
528.36542	1993.4174
528.41675	2006.204
528.46802	2036.6877
528.51935	1997.3848
528.57062	2035.1519
528.62189	2035.4344
528.67322	1991.6886
528.72449	1968.5863
528.77582	1961.2617
528.82709	1962.0377
528.87836	1942.212
528.92969	1916.1334
528.98096	1915.0115
529.03229	1908.1801
529.08356	1904.9456
529.13483	1878.6132
529.18616	1849.2993
529.23743	1855.8126
529.2887	1841.8234
529.34003	1820.146
529.3913	1787.1864
529.44263	1726.4102
529.4939	1691.7864
529.54517	1681.2676
529.5965	1688.3762
529.64777	1720.1096
529.6991	1663.4056
529.75037	1622.3663
529.80164	1604.8417
529.85297	1578.3651
529.90424	1579.434
529.95557	1552.5691
530.00684	1559.0898
530.05811	1530.5239
530.10944	1528.8278
530.16071	1496.7632
530.21204	1521.9388
530.26331	1492.0322
530.31458	1454.8007
530.36591	1450.0734
530.41718	1464.7467
530.46851	1426.03
530.51978	1433.3702
530.57104	1386.2617
530.62238	1374.5385
530.67365	1417.3977
530.72498	1383.4116
530.77625	1387.8552
530.82751	1395.4226
530.87885	1372.9808
530.93011	1341.332
530.98145	1301.2312
531.03271	1295.9745
531.08398	1316.5103
531.13531	1314.0955
531.18658	1304.7882
531.23792	1298.9326
531.28918	1293.9937
531.34045	1289.691
531.39178	1282.6541
531.44305	1269.6213
531.49438	1245.2393
531.54565	1229.8619
531.59692	1232.3585
531.64825	1238.092
531.69952	1253.9404
531.75085	1255.015
531.80212	1218.8492
531.85339	1202.1234
531.90472	1215.104
531.95599	1201.1635
532.00732	1172.0544
532.05859	1162.7336
532.10986	1166.1204
532.16119	1169.11
532.21246	1160.7153
532.26379	1163.7043
532.31506	1179.996
532.36633	1179.7026
532.41766	1149.7079
532.46893	1153.3229
532.5202	1155.4777
532.57153	1120.5426
532.6228	1139.1283
532.67413	1128.3502
532.7254	1141.5065
532.77667	1133.8923
532.828	1118.5184
532.87927	1096.6639
532.9306	1106.5275
532.98187	1118.606
533.03314	1078.3644
533.08447	1114.9889
533.13574	1119.7939
533.18707	1113.4038
533.23834	1107.4183
533.28961	1125.677
533.34094	1123.4501
533.39221	1098.7784
533.44354	1119.0815
533.49481	1108.1639
533.54608	1107.0916
533.59741	1121.7037
533.64868	1100.506
533.70001	1094.8093
533.75128	1096.2708
533.80255	1116.1943
533.85388	1110.1055
533.90515	1112.0901
533.95648	1124.8024
534.00775	1108.0647
534.05902	1110.5135
534.11035	1109.1281
534.16162	1105.8142
534.21295	1100.421
534.26422	1100.6218
534.31549	1117.8953
534.36682	1117.2904
534.41809	1119.8079
534.46942	1127.3181
534.52069	1106.6948
534.57196	1109.4381
534.62329	1128.7782
534.67456	1123.5496
534.72589	1138.632
534.77716	1147.3062
534.82843	1131.6016
534.87976	1133.6069
534.93103	1120.0906
534.98236	1135.7943
535.03363	1140.9158
535.0849	1139.9683
535.13623	1139.0049
535.1875	1122.2428
535.23883	1143.1814
535.2901	1147.8159
535.34137	1154.1248
535.3927	1146.4043
535.44397	1154.0861
535.49524	1153.4019
535.54657	1179.4558
535.59784	1182.5842
535.64917	1191.1683
535.70044	1188.1904
535.75171	1197.9431
535.80304	1179.8685
535.85431	1172.4827
535.90564	1191.4148
535.95691	1202.9513
536.00818	1197.7732
536.05951	1239.349
536.11078	1258.6053
536.16211	1222.7697
536.21338	1210.7764
536.26465	1243.7794
536.31598	1266.649
536.36725	1262.4349
536.41858	1261.1498
536.46985	1294.5883
536.52112	1286.6957
536.57245	1285.7156
536.62372	1289.5374
536.67505	1335.6467
536.72632	1345.2947
536.77759	1354.1313
536.82892	1378.6655
536.88019	1406.5902
536.93152	1405.9938
536.98279	1420.2438
537.03406	1448.3285
537.08539	1447.3041
537.13666	1446.4279
537.18799	1462.0371
537.23926	1510.3589
537.29053	1581.4664
537.34186	1604.6935
537.39313	1604.5907
537.44446	1669.2079
537.49573	1744.6436
537.547	1793.9276
537.59833	1864.6616
537.6496	1953.5994
537.70093	2046.3818
537.7522	2131.9673
537.80347	2212.3105
537.8548	2301.6455
537.90607	2468.0093
537.9574	2679.8679
538.00867	2914.166
538.05994	3085.7312
538.11127	3303.4976
538.16254	3639.2122
538.21387	3899.1704
538.26514	4087.8298
538.31641	4454.3633
538.36774	4669.6558
538.41901	4927.8955
538.47034	4991.6753
538.52161	5224.4868
538.57288	5444.7822
538.62421	5704.8848
538.67548	5674.4082
538.72675	5811.1968
538.77808	5935.355
538.82935	5951.7183
538.88068	5897.9883
538.93195	5967.1069
538.98322	5875.7979
539.03455	5899.5186
539.08582	5798.0591
539.13715	5745.731
539.18842	5660.5015
539.23969	5636.7139
539.29102	5457.3848
539.34229	5339.2505
539.39362	5304.7393
539.44489	5202.1045
539.49615	5080.8491
539.54749	5091.0098
539.59875	5086.2417
539.65009	5145.436
539.70135	5163.5112
539.75262	5152.5396
539.80396	5234.502
539.85522	5234.1367
539.90656	5198.3364
539.95782	5168.6514
540.00909	5180.2222
540.06042	5245.7017
540.11169	5284.9146
540.16302	5445.8032
540.21429	5543.8359
540.26556	5598.5625
540.31689	5712.3779
540.36816	5806.9277
540.41949	5809.6016
540.47076	5920.4185
540.52203	5916.3857
540.57336	6028.3511
540.62463	5957.9849
540.67596	5862.5542
540.72723	5899.1748
540.7785	5638.7856
540.82983	5469.7505
540.8811	5210.0527
540.93243	4897.5093
540.9837	4652.0986
541.03497	4395.835
541.0863	4300.5518
541.13757	4162.5264
541.1889	4038.5547
541.24017	3976.1008
541.29144	4060.4976
541.34277	4162.5225
541.39404	4213.9399
541.44537	4282.7246
541.49664	4613.8516
541.54791	4649.3076
541.59924	4699.5571
541.65051	4810.8975
541.70178	4838.8638
541.75311	4894.0967
541.80438	4846.3599
541.85571	4805.043
541.90698	4755.8823
541.95825	4555.417
542.00958	4535.0752
542.06085	4326.6333
542.11218	4221.9253
542.16345	4119.3813
542.21472	3983.394
542.26605	3880.1345
542.31732	3752.4517
542.36865	3585.4312
542.41992	3497.2998
542.47119	3389.6094
542.52252	3252.0276
542.57379	3201.1035
542.62512	3148.343
542.67639	3107.989
542.72766	3090.6023
542.77899	3029.0173
542.83026	2967.282
542.88159	2956.894
542.93286	2978.9656
542.98413	2953.749
543.03546	2925.1262
543.08673	2937.314
543.13806	2897.5044
543.18933	2871.397
543.2406	2900.323
543.29193	2802.4688
543.3432	2783.679
543.39453	2796.3845
543.4458	2822.553
543.49707	2830.4102
543.5484	2882.6814
543.59967	2861.7058
543.651	2890.0627
543.70227	2919.1414
543.75354	2906.4426
543.80487	3020.3645
543.85614	3128.3572
543.90747	2991.0037
543.95874	3036.4597
544.01001	3024.9744
544.06134	3036.5547
544.11261	3069.3962
544.16394	3123.5891
544.21521	3233.5117
544.26648	3222.6072
544.31781	3229.7549
544.36908	3414.9417
544.42041	3559.8845
544.47168	3567.552
544.52295	3670.0908
544.57428	3781.6003
544.62555	3870.6152
544.67688	4038.894
544.72815	4044.8926
544.77942	4018.1702
544.83075	4091.3098
544.88202	4081.821
544.93329	4072.4622
544.98462	4029.8892
545.03589	4044.7961
545.08722	4019.6155
545.13849	3958.7813
545.18976	3936.8828
545.24109	3924.991
545.29236	3846.8782
545.34369	3801.616
545.39496	3706.9556
545.44623	3649.9119
545.49756	3680.6575
545.54883	3692.2488
545.60016	3670.2048
545.65143	3638.6538
545.7027	3637.6606
545.75403	3648.1304
545.8053	3625.2407
545.85663	3632.6479
545.9079	3587.3384
545.95917	3450.6462
546.0105	3370.0659
546.06177	3283.4805
546.1131	3254.8547
546.16437	3205.6304
546.21564	3090.1807
546.26697	3100.3186
546.31824	3025.4294
546.36957	2912.6587
546.42084	2902.7026
546.47211	2831.292
546.52344	2795.9756
546.57471	2778.6643
546.62604	2855.7939
546.67731	2784.4299
546.72858	2744.0496
546.77991	2755.8435
546.83118	2770.2959
546.88251	2750.8108
546.93378	2730.6382
546.98505	2777.5984
547.03638	2707.427
547.08765	2778.1333
547.13898	2775.4751
547.19025	2808.8975
547.24152	2760.312
547.29285	2786.8711
547.34412	2747.5398
547.39545	2798.6841
547.44672	2764.7952
547.49799	2682.4631
547.54932	2686.8799
547.60059	2846.8047
547.65192	2839.155
547.70319	2758.5798
547.75446	2803.2966
547.80579	2851.7302
547.85706	2839.7642
547.90833	2851.8113
547.95966	2939.1199
548.01093	2934.9705
548.06226	2853.2205
548.11353	2917.0803
548.16479	2951.7144
548.21613	2974.7375
548.2674	2990.3091
548.31873	3034.2239
548.37	3073.009
548.42126	3122.0303
548.4726	3162.8989
548.52386	3172.2295
548.5752	3170.988
548.62646	3218.0605
548.67773	3248.9968
548.72906	3297.3491
548.78033	3381.0808
548.83167	3389.75
548.88293	3410.9421
548.9342	3473.6589
548.98553	3499.8816
549.0368	3535.7764
549.08813	3588.3237
549.1394	3626.3523
549.19067	3647.6975
549.242	3706.2393
549.29327	3799.5872
549.3446	3806.8228
549.39587	3748.6763
549.44714	3799.0588
549.49847	3850.2905
549.54974	3806.6536
549.60107	3793.8665
549.65234	3786.4031
549.70361	3782.0347
549.75494	3721.0632
549.80621	3671.2202
549.85754	3635.8149
549.90881	3571.9043
549.96008	3553.0398
550.01141	3559.0471
550.06268	3486.8271
550.11401	3445.9807
550.16528	3325.4961
550.21655	3345.9993
550.26788	3282.855
550.31915	3233.9075
550.37048	3150.373
550.42175	3136.2244
550.47302	3082.7581
550.52435	2979.2419
550.57562	2936.5579
550.62695	2897.6938
550.67822	2823.1626
550.72949	2792.8601
550.78082	2734.6582
550.83209	2669.2009
550.88336	2663.6982
550.93469	2606.8962
550.98596	2569.5835
551.03729	2539.7905
551.08856	2514.5076
551.13983	2479.8572
551.19116	2437.4517
551.24243	2433.363
551.29376	2395.8542
551.34503	2367.6235
551.3963	2320.0015
551.44763	2295.9717
551.4989	2297.0994
551.55023	2247.9028
551.6015	2209.9258
551.65277	2195.0208
551.7041	2147.6775
551.75537	2118.2495
551.8067	2114.5405
551.85797	2117.2456
551.90924	2106.0151
551.96057	2099.2563
552.01184	2090.0264
552.06317	2036.2334
552.11444	2001.7623
552.16571	2021.3162
552.21704	2006.7609
552.26831	1988.9017
552.31964	1983.415
552.37091	1960.0349
552.42218	1959.0601
552.47351	1921.8578
552.52478	1914.2646
552.57611	1893.3737
552.62738	1884.5293
552.67865	1836.1869
552.72998	1843.7997
552.78125	1842.5989
552.83258	1821.0068
552.88385	1772.2922
552.93512	1776.391
552.98645	1733.8896
553.03772	1766.8879
553.08905	1749.6722
553.14032	1694.5436
553.19159	1681.7933
553.24292	1717.2357
553.29419	1663.2274
553.34552	1639.2993
553.39679	1657.9607
553.44806	1637.3903
553.49939	1619.6802
553.55066	1628.4283
553.60199	1592.4974
553.65326	1584.8461
553.70453	1533.1324
553.75586	1522.8271
553.80713	1517.1849
553.85846	1484.098
553.90973	1499.6466
553.961	1487.1111
554.01233	1494.3119
554.0636	1490.614
554.11487	1449.6395
554.1662	1459.6372
554.21747	1462.4071
554.2688	1440.2858
554.32007	1431.5055
554.37134	1418.6914
554.42267	1392.6204
554.47394	1398.3275
554.52527	1403.9071
554.57654	1381.1753
554.62781	1362.9436
554.67914	1363.6521
554.73041	1374.8751
554.78174	1372.218
554.83301	1348.8271
554.88428	1328.009
554.93561	1316.9458
554.98688	1312.9744
555.03821	1307.5227
555.08948	1311.1904
555.14075	1332.9187
555.19208	1333.7678
555.24335	1330.7573
555.29468	1315.949
555.34595	1316.3325
555.39722	1309.4298
555.44855	1312.7656
555.49982	1336.2657
555.55115	1304.7988
555.60242	1321.8994
555.65369	1291.022
555.70502	1304.4838
555.75629	1303.038
555.80762	1311.463
555.85889	1271.7722
555.91016	1274.8676
555.96149	1329.0219
556.01276	1242.7893
556.06409	1263.1105
556.11536	1231.8737
556.16663	1250.2205
556.21796	1256.0497
556.26923	1272.6274
556.32056	1277.0162
556.37183	1206.6299
556.4231	1197.8239
556.47443	1225.4323
556.5257	1192.6213
556.57703	1207.5078
556.6283	1198.0697
556.67957	1189.3744
556.7309	1196.059
556.78217	1170.7382
556.8335	1167.9323
556.88477	1159.9187
556.93604	1167.5452
556.98737	1178.0242
557.03864	1178.0061
557.0899	1163.797
557.14124	1158.1907
557.1925	1158.5137
557.24384	1155.0859
557.2951	1163.4031
557.34637	1171.1259
557.39771	1162.9235
557.44897	1145.0457
557.50031	1138.1771
557.55157	1140.024
557.60284	1139.5892
557.65417	1132.5634
557.70544	1110.5348
557.75677	1129.4285
557.80804	1138.3763
557.85931	1129.2073
557.91064	1118.2213
557.96191	1112.11
558.01324	1116.5076
558.06451	1099.2273
558.11578	1109.4182
558.16711	1103.2634
558.21838	1088.3057
558.26971	1095.0702
558.32098	1097.4375
558.37225	1106.3027
558.42358	1092.9886
558.47485	1085.0588
558.52618	1088.3048
558.57745	1080.1848
558.62872	1065.9871
558.68005	1088.5295
558.73132	1089.5547
558.78265	1069.432
558.83392	1094.7998
558.88519	1093.7034
558.93652	1060.1047
558.98779	1070.4857
559.03912	1070.6232
559.09039	1082.9646
559.14166	1071.2607
559.19299	1057.759
559.24426	1063.0625
559.29559	1074.3651
559.34686	1050.9128
559.39813	1061.7832
559.44946	1054.837
559.50073	1057.3062
559.55206	1046.8397
559.60333	1040.583
559.6546	1045.9719
559.70593	1040.8474
559.7572	1034.6202
559.80853	1030.307
559.8598	1043.4034
559.91107	1048.6719
559.9624	1042.6617
560.01367	1045.136
560.065	1041.7815
560.11627	1037.4066
560.16754	1033.71
560.21887	1031.1703
560.27014	1034.5732
560.32141	1025.7197
560.37274	1026.1456
560.42401	1029.1116
560.47534	1018.2802
560.52661	1032.0416
560.57788	1029.8657
560.62921	1035.3354
560.68048	1034.9348
560.73181	1036.9812
560.78308	1025.2864
560.83435	1018.2071
560.88568	1017.3539
560.93695	1026.9536
560.98828	1021.8985
561.03955	1019.8409
561.09082	1007.6577
561.14215	1024.577
561.19342	1040.4944
561.24475	1010.6035
561.29602	1008.9313
561.34729	1016.4138
561.39862	1001.649
561.44989	985.9245
561.50122	1002.7725
561.55249	997.83612
561.60376	1037.0486
561.65509	1000.6792
561.70636	1008.7481
561.75769	1007.7299
561.80896	1007.2878
561.86023	998.13373
561.91156	1001.8783
561.96283	1000.009
562.01416	1013.0467
562.06543	1014.8358
562.1167	1008.1769
562.16803	1011.7567
562.2193	1025.163
562.27063	1010.911
562.3219	999.26154
562.37317	999.15387
562.4245	998.58038
562.47577	1002.032
562.5271	1000.6439
562.57837	994.30225
562.62964	987.82275
562.68097	996.88409
562.73224	1000.4109
562.78357	987.62543
562.83484	987.71936
562.88611	996.31964
562.93744	1003.7292
562.98871	1009.1459
563.04004	1002.5422
563.09131	995.33368
563.14258	994.56348
563.19391	992.56171
563.24518	992.53729
563.29645	991.44519
563.34778	989.00458
563.39905	1000.0847
563.45038	994.36566
563.50165	997.70703
563.55292	985.8952
563.60425	984.16058
563.65552	992.36621
563.70685	989.7113
563.75812	990.15228
563.80939	998.43854
563.86072	1001.2263
563.91199	989.63708
563.96332	997.07489
564.01459	977.47101
564.06586	991.49835
564.11719	988.57031
564.16846	988.53162
564.21979	986.52985
564.27106	975.85394
564.32233	991.49255
564.37366	986.81537
564.42493	983.61395
564.47626	981.52142
564.52753	976.90179
564.5788	979.64459
564.63013	967.64539
564.6814	983.96423
564.73273	987.31262
564.784	971.44366
564.83527	973.90582
564.8866	975.25189
564.93787	984.42395
564.9892	973.72577
565.04047	977.56525
565.09174	978.47864
565.14307	973.53162
565.19434	969.85822
565.24567	982.35687
565.29694	981.6687
565.34821	983.23804
565.39954	979.00909
565.45081	974.3125
565.50214	977.59723
565.55341	976.45752
565.60468	971.00989
565.65601	965.52472
565.70728	968.87042
565.75861	970.52338
565.80988	965.57379
565.86115	964.04541
565.91248	968.09381
565.96375	981.09546
566.01508	981.25305
566.06635	976.82837
566.11761	961.64905
566.16895	967.70374
566.22021	975.39618
566.27148	977.14795
566.32281	974.34613
566.37408	978.5351
566.42542	966.23364
566.47668	963.43842
566.52795	963.13776
566.57928	970.04425
566.63055	971.2962
566.68188	968.07928
566.73315	965.61139
566.78442	982.93652
566.83575	974.47668
566.88702	958.69275
566.93835	962.4436
566.98962	961.52814
567.04089	970.32599
567.09222	963.53796
567.14349	958.53357
567.19482	963.91327
567.24609	976.22394
567.29736	979.91461
567.34869	964.21167
567.39996	974.2832
567.45129	965.87738
567.50256	952.38995
567.55383	972.01105
567.60516	959.43152
567.65643	973.64362
567.70776	963.65662
567.75903	965.55798
567.8103	970.00287
567.86163	971.4931
567.9129	962.75726
567.96423	974.21832
568.0155	973.13501
568.06677	958.40692
568.1181	955.07831
568.16937	972.25165
568.2207	970.21234
568.27197	960.34216
568.32324	958.88953
568.37457	963.20496
568.42584	961.17285
568.47717	961.30585
568.52844	960.55914
568.57971	954.64063
568.63104	959.77942
568.68231	962.46069
568.73364	956.02875
568.78491	949.70441
568.83618	951.31403
568.88751	955.73767
568.93878	958.68518
568.99011	961.62115
569.04138	963.35706
569.09265	968.86829
569.14398	964.76501
569.19525	955.31549
569.24658	957.86133
569.29785	952.59009
569.34912	955.07288
569.40045	954.48352
569.45172	964.27264
569.50299	968.83527
569.55432	949.10895
569.60559	959.71643
569.65692	962.13269
569.70819	968.56952
569.75946	969.24652
569.81079	952.33392
569.86206	952.57953
569.91339	962.29156
569.96466	965.19861
570.01593	953.4696
570.06726	956.9787
570.11853	964.63934
570.16986	954.89478
570.22113	955.84393
570.2724	966.66473
570.32373	960.97382
570.375	947.94086
570.42633	954.25763
570.4776	958.30103
570.52887	962.01556
570.5802	959.61377
570.63147	954.87402
570.6828	949.16864
570.73407	961.62488
570.78534	967.32739
570.83667	959.15247
570.88794	956.21613
570.93927	950.49866
570.99054	957.19275
571.04181	959.88977
571.09314	952.84521
571.14441	957.11383
571.19574	958.23798
571.24701	956.95642
571.29828	957.68054
571.34961	965.1322
571.40088	969.5885
571.45221	967.11267
571.50348	954.6239
571.55475	944.73547
571.60608	951.67004
571.65735	953.67523
571.70868	955.21106
571.75995	961.06592
571.81122	960.96045
571.86255	955.2879
571.91382	952.14044
571.96515	955.70831
572.01642	955.84076
572.06769	957.49341
572.11902	965.55127
572.17029	949.06104
572.22162	949.2309
572.27289	953.37976
572.32416	949.67126
572.37549	950.23535
572.42676	950.77478
572.47803	955.93359
572.52936	948.45135
572.58063	951.73572
572.63196	967.64392
572.68323	953.48401
572.7345	946.23157
572.78583	946.89642
572.8371	943.97699
572.88843	965.45392
572.9397	939.07098
572.99097	949.84491
573.0423	953.81653
573.09357	963.43817
573.1449	953.52747
573.19617	946.36316
573.24744	953.01373
573.29877	967.06726
573.35004	952.13977
573.40137	953.93506
573.45264	948.75507
573.50391	954.97992
573.55524	949.30762
573.60651	956.18115
573.65784	953.07117
573.70911	957.46857
573.76038	948.32239
573.81171	945.07843
573.86298	948.84467
573.91431	951.65753
573.96558	950.22845
574.01685	946.58423
574.06818	947.7196
574.11945	954.10394
574.17078	949.22021
574.22205	948.16962
574.27332	955.01654
574.32465	960.19647
574.37592	959.78186
574.42725	949.01996
574.47852	948.44806
574.52979	950.44031
574.58112	943.83899
574.63239	942.29004
574.68372	943.90692
574.73499	945.40009
574.78625	952.17303
574.83759	960.30005
574.88885	953.55554
574.94019	950.65527
574.99146	950.25934
575.04272	955.21948
575.09406	946.09436
575.14532	948.86517
575.19666	955.94922
575.24792	951.77106
575.29919	950.00745
575.35052	950.11829
575.40179	955.27112
575.45313	958.67853
575.50439	941.5188
575.55566	948.54169
575.60699	952.03381
575.65826	956.06696
575.70953	942.05048
575.76086	937.01349
575.81213	956.31702
575.86346	950.14459
575.91473	954.79224
575.966	954.75403
576.01733	954.59094
576.0686	945.69611
576.11993	961.35205
576.1712	947.12677
576.22247	957.95123
576.2738	946.39508
576.32507	960.16119
576.3764	937.14435
576.42767	944.13586
576.47894	945.37244
576.53027	948.74329
576.58154	954.31396
576.63287	951.16064
576.68414	947.80975
576.73541	957.41736
576.78674	957.05762
576.83801	962.14935
576.88934	957.41083
576.94061	940.57275
576.99188	949.12189
577.04321	951.49945
577.09448	949.91443
577.14581	945.26483
577.19708	933.83826
577.24835	945.72644
577.29968	947.20801
577.35095	945.29395
577.40228	960.98969
577.45355	966.71313
577.50482	960.87866
577.55615	951.67883
577.60742	942.44739
577.65875	943.97931
577.71002	941.70313
577.76129	934.88464
577.81262	939.43475
577.86389	944.34186
577.91522	942.21039
577.96649	945.70929
578.01776	954.06702
578.06909	952.56006
578.12036	944.9873
578.17169	935.53717
578.22296	948.98254
578.27423	955.03656
578.32556	949.46497
578.37683	938.98853
578.42816	948.99945
578.47943	953.17163
578.5307	946.93103
578.58203	944.8714
578.6333	949.75354
578.68457	952.82678
578.7359	949.51788
578.78717	950.22699
578.8385	933.14886
578.88977	949.81519
578.94104	951.02826
578.99237	946.06976
579.04364	942.1698
579.09497	951.31671
579.14624	949.00024
579.19751	939.34961
579.24884	939.40771
579.30011	951.17841
579.35144	941.47339
579.40271	948.87878
579.45398	949.15875
579.50531	936.10687
579.55658	927.77356
579.60791	936.91888
579.65918	934.47491
579.71045	943.505
579.76178	951.73834
579.81305	950.38324
579.86438	941.64954
579.91565	943.83752
579.96692	944.7771
580.01825	937.00391
580.06952	958.95184
580.12085	954.79205
580.17212	954.25861
580.22339	952.03015
580.27472	945.68109
580.32599	945.55048
580.37732	943.14868
580.42859	944.68079
580.47986	952.73456
580.53119	951.41339
580.58246	947.71637
580.63379	955.5033
580.68506	956.09436
580.73633	956.10101
580.78766	948.88129
580.83893	938.55048
580.89026	942.19019
580.94153	945.56799
580.9928	940.65851
581.04413	933.72809
581.0954	938.01288
581.14673	949.63214
581.198	953.95093
581.24927	949.98065
581.3006	945.59363
581.35187	946.93958
581.4032	941.91931
581.45447	951.20123
581.50574	938.6745
581.55707	934.90509
581.60834	936.14691
581.65967	938.6394
581.71094	941.74438
581.76221	941.44116
581.81354	939.81305
581.86481	942.39111
581.91608	937.57422
581.96741	946.66589
582.01868	946.33844
582.07001	936.25916
582.12128	932.1759
582.17255	940.18927
582.22388	953.19043
582.27515	946.25476
582.32648	947.11047
582.37775	937.59503
582.42902	945.73669
582.48035	941.98157
582.53162	943.71112
582.58295	936.78436
582.63422	929.84967
582.68549	951.24963
582.73682	947.867
582.78809	933.48212
582.83942	939.16077
582.89069	956.10376
582.94196	941.32739
582.99329	936.86359
583.04456	943.45862
583.09589	945.30548
583.14716	941.20221
583.19843	941.19965
583.24976	951.89282
583.30103	941.5528
583.35236	940.6026
583.40363	935.08649
583.4549	942.95667
583.50623	953.51501
583.5575	938.04651
583.60883	936.02039
583.6601	938.02911
583.71136	951.53583
583.7627	942.72485
583.81396	938.15131
583.8653	944.93677
583.91656	944.74957
583.96783	937.97632
584.01917	938.87939
584.07043	952.61902
584.12177	953.42316
584.17303	948.19141
584.2243	942.78918
584.27563	934.99951
584.3269	937.02905
584.37823	943.43402
584.4295	942.16669
584.48077	940.23938
584.5321	940.61853
584.58337	943.45032
584.6347	944.14038
584.68597	937.6427
584.73724	939.70227
584.78857	936.45636
584.83984	939.72479
584.89111	943.73187
584.94244	939.59198
584.99371	947.49359
585.04504	941.94153
585.09631	939.47241
585.14758	950.15149
585.19891	957.64191
585.25018	945.08081
585.30151	944.04791
585.35278	938.59149
585.40405	942.88129
585.45538	945.39447
585.50665	937.41034
585.55798	948.81848
585.60925	932.71149
585.66052	935.08661
585.71185	947.12744
585.76312	951.83887
585.81445	944.75494
585.86572	936.26831
585.91699	934.99683
585.96832	948.06024
586.01959	940.40704
586.07092	948.21399
586.12219	941.27924
586.17346	952.84106
586.22479	934.90491
586.27606	936.91803
586.32739	948.20874
586.37866	939.85059
586.42993	943.47754
586.48126	939.49414
586.53253	932.78485
586.58386	931.85382
586.63513	950.38458
586.6864	942.99689
586.73773	944.81641
586.789	938.4931
586.84033	948.46851
586.8916	947.76221
586.94287	942.0401
586.9942	930.87854
587.04547	936.99188
587.0968	942.61829
587.14807	924.50739
587.19934	930.823
587.25067	935.33972
587.30194	932.34357
587.35327	937.72351
587.40454	938.09216
587.45581	933.12567
587.50714	936.58276
587.55841	938.95367
587.60974	937.51709
587.66101	936.49316
587.71228	936.01404
587.76361	943.40588
587.81488	942.70618
587.86615	938.91357
587.91748	940.39697
587.96875	937.87421
588.02008	943.69037
588.07135	949.51642
588.12262	942.38898
588.17395	938.75897
588.22522	942.0365
588.27655	944.15424
588.32782	944.30212
588.37909	941.242
588.43042	941.78369
588.48169	942.44336
588.53302	943.52338
588.58429	940.73163
588.63556	943.6615
588.68689	935.34668
588.73816	941.40247
588.78949	936.71173
588.84076	938.4104
588.89203	939.13629
588.94336	935.55414
588.99463	927.10181
589.04596	948.02179
589.09723	947.81689
589.1485	944.34644
589.19983	931.28998
589.2511	939.24585
589.30243	935.94122
589.3537	943.13678
589.40497	928.00568
589.4563	931.1994
589.50757	938.1767
589.5589	945.88843
589.61017	928.96783
589.66144	941.70898
589.71277	951.51569
589.76404	940.62726
589.81537	924.88879
589.86664	942.62982
589.91791	921.63208
589.96924	940.83087
590.02051	939.5426
590.07184	941.06726
590.12311	934.09406
590.17438	940.19934
590.22571	938.55328
590.27698	927.90662
590.32831	949.48413
590.37958	945.80261
590.43085	940.75507
590.48218	936.77136
590.53345	935.13318
590.58478	940.25427
590.63605	932.78351
590.68732	948.32477
590.73865	944.57935
590.78992	940.72406
590.84125	936.48523
590.89252	937.39374
590.94379	946.01129
590.99512	934.40851
591.04639	939.44611
591.09766	937.01483
591.14899	933.31219
591.20026	936.23529
591.25159	940.93463
591.30286	936.39777
591.35413	928.47882
591.40546	932.88391
591.45673	936.0766
591.50806	934.71405
591.55933	927.99451
591.6106	923.10626
591.66193	928.95178
591.7132	936.33374
591.76453	935.88312
591.8158	932.73761
591.86707	937.51013
591.9184	937.54327
591.96967	934.86639
592.021	935.85388
592.07227	935.79364
592.12354	936.72418
592.17487	931.44733
592.22614	934.65546
592.27747	934.94189
592.32874	934.646
592.38	932.54108
592.43134	934.78259
592.4826	935.85175
592.53394	926.00684
592.58521	938.29413
592.63647	952.88678
592.68781	946.07263
592.73907	928.91864
592.79041	935.81158
592.84167	936.59027
592.89294	930.9845
592.94427	938.7489
592.99554	931.50256
593.04688	935.30872
593.09814	943.55145
593.14941	939.46771
593.20074	934.7569
593.25201	933.48499
593.30334	941.21741
593.35461	946.4314
593.40588	939.01904
593.45721	945.4538
593.50848	932.72656
593.55981	935.65094
593.61108	927.7666
593.66235	940.1944
593.71368	934.81128
593.76495	943.94788
593.81628	943.54218
593.86755	941.59882
593.91882	938.68048
593.97015	928.54956
594.02142	942.26385
594.07269	939.08789
594.12402	944.21423
594.17529	925.87329
594.22662	934.57336
594.27789	931.42786
594.32916	921.27942
594.38049	926.93585
594.43176	935.99719
594.48309	931.87604
594.53436	930.68774
594.58563	935.32379
594.63696	928.89771
594.68823	928.66846
594.73956	934.6767
594.79083	932.62946
594.8421	932.05511
594.89343	942.57397
594.9447	935.97327
594.99603	928.32397
595.0473	924.44586
595.09857	932.26532
595.1499	932.51282
595.20117	933.70032
595.2525	928.26544
595.30377	926.3891
595.35504	936.33026
595.40637	940.75592
595.45764	937.12628
595.50897	928.62109
595.56024	927.13702
595.61151	934.99451
595.66284	936.74945
595.71411	930.85901
595.76544	938.58844
595.81671	939.57935
595.86798	929.92468
595.91931	941.72247
595.97058	938.92371
596.02191	932.44983
596.07318	927.7348
596.12445	926.81482
596.17578	934.96466
596.22705	929.0155
596.27838	923.17322
596.32965	918.5083
596.38092	931.32904
596.43225	938.06134
596.48352	939.80884
596.53485	928.85883
596.58612	933.52075
596.63739	935.86053
596.68872	932.30066
596.73999	926.8584
596.79132	932.55219
596.84259	928.56403
596.89386	927.51379
596.94519	925.9967
596.99646	938.39038
597.04779	938.7243
597.09906	934.28625
597.15033	924.85138
597.20166	934.02094
597.25293	941.64783
597.3042	935.68433
597.35553	927.7132
597.4068	930.37177
597.45813	934.10419
597.5094	920.53375
597.56067	921.75513
597.612	934.84637
597.66327	938.46405
597.7146	931.76715
597.76587	934.86969
597.81714	929.33112
597.86847	934.21954
597.91974	924.39014
597.97107	930.62805
598.02234	933.6333
598.07361	941.30719
598.12494	941.25891
598.17621	927.94568
598.22754	930.38531
598.27881	926.90796
598.33008	925.84521
598.38141	936.29114
598.43268	936.5575
598.48401	941.28809
598.53528	933.65735
598.58655	934.77655
598.63788	937.77063
598.68915	938.02716
598.74048	927.84039
598.79175	927.396
598.84302	939.83044
598.89435	939.85394
598.94562	942.14099
598.99695	920.27142
599.04822	925.5188
599.09949	925.02002
599.15082	935.30499
599.20209	928.03821
599.25342	930.4057
599.30469	939.86517
599.35596	927.40326
599.40729	928.07379
599.45856	936.50323
599.50989	932.25757
599.56116	932.7334
599.61243	923.09979
599.66376	925.35474
599.71503	931.2392
599.76636	934.93756
599.81763	926.66504
599.8689	928.73645
599.92023	926.9743
599.9715	926.3631
600.02283	923.92047
600.0741	925.63751
600.12537	934.33179
600.1767	933.32562
600.22797	926.04187
600.27924	927.33563
600.33057	936.01813
600.38184	929.60773
600.43317	923.71698
600.48444	929.89056
600.53571	932.01312
600.58704	929.94916
600.63831	929.50232
600.68964	932.89465
600.74091	940.10553
600.79218	937.23492
600.84351	926.89526
600.89478	935.18811
600.94611	935.69672
600.99738	931.2381
601.04865	923.75482
601.09998	929.70453
601.15125	929.45917
601.20258	938.79108
601.25385	938.34692
601.30511	929.64722
601.35645	925.78839
601.40771	924.1145
601.45905	939.73816
601.51031	927.06964
601.56158	931.31549
601.61292	931.92078
601.66418	928.87598
601.71552	925.50909
601.76678	928.41473
601.81805	940.91382
601.86938	933.76306
601.92065	921.77643
601.97198	935.27905
602.02325	928.40076
602.07452	924.46759
602.12585	922.47308
602.17712	941.41156
602.22845	933.08588
602.27972	920.48755
602.33099	924.86481
602.38232	927.23035
602.43359	942.27911
602.48492	926.51208
602.53619	932.72107
602.58746	930.37396
602.63879	921.41876
602.69006	913.96692
602.74139	922.62793
602.79266	933.14795
602.84393	940.02374
602.89526	934.25458
602.94653	927.99622
602.99786	935.65894
603.04913	942.31897
603.1004	940.92938
603.15173	942.86853
603.203	928.72095
603.25427	930.78992
603.3056	932.80164
603.35687	927.8822
603.4082	931.82098
603.45947	936.22882
603.51074	936.13812
603.56207	928.84296
603.61334	925.76642
603.66467	929.70258
603.71594	934.56317
603.76721	933.62543
603.81854	927.74231
603.86981	930.35376
603.92114	926.65485
603.97241	921.60736
604.02368	936.90894
604.07501	941.9931
604.12628	927.73492
604.17761	932.27997
604.22888	946.12311
604.28015	941.71289
604.33148	931.43146
604.38275	940.94958
604.43408	930.60175
604.48535	929.13055
604.53662	928.5119
604.58795	933.46252
604.63922	932.91412
604.69055	934.87109
604.74182	925.58459
604.79309	924.09192
604.84442	924.9469
604.89569	924.95721
604.94702	926.28241
604.99829	937.54028
605.04956	942.04108
605.10089	931.50244
605.15216	938.33344
605.20349	925.11548
605.25476	928.08136
605.30603	931.04535
605.35736	934.99652
605.40863	921.46686
605.45996	915.33319
605.51123	936.73029
605.5625	914.95367
605.61383	925.84882
605.6651	926.21582
605.71643	920.84167
605.7677	930.51227
605.81897	923.64813
605.8703	927.1579
605.92157	930.62061
605.9729	935.99542
606.02417	926.13806
606.07544	929.37817
606.12677	925.13751
606.17804	939.56744
606.22937	944.49554
606.28064	932.83105
606.33191	937.3161
606.38324	937.15533
606.43451	926.58612
606.48578	920.31726
606.53711	926.29834
606.58838	930.29486
606.63971	935.76709
606.69098	930.43359
606.74225	927.21222
606.79358	936.6405
606.84485	932.50708
606.89618	924.88824
606.94745	930.01996
606.99872	932.36761
607.05005	928.92609
607.10132	931.16968
607.15265	934.95068
607.20392	930.43964
607.25519	925.00073
607.30652	931.02979
607.35779	935.69019
607.40912	933.4212
607.46039	938.53326
607.51166	939.81842
607.56299	945.07855
607.61426	933.46747
607.66559	936.12476
607.71686	931.97375
607.76813	919.36163
607.81946	927.05011
607.87073	942.05554
607.92206	935.90472
607.97333	926.24017
608.0246	944.34552
608.07593	933.51831
608.1272	925.99164
608.17853	933.88361
608.2298	939.18079
608.28107	930.63263
608.3324	932.01813
608.38367	941.95416
608.435	936.00354
608.48627	938.90039
608.53754	929.07233
608.58887	935.28674
608.64014	926.06763
608.69147	939.6474
608.74274	933.74628
608.79401	932.7533
608.84534	931.77826
608.89661	926.04291
608.94794	927.64026
608.99921	924.08575
609.05048	916.52405
609.10181	922.94019
609.15308	933.46692
609.20441	935.68024
609.25568	929.03778
609.30695	937.02063
609.35828	936.38666
609.40955	936.66321
609.46082	930.54211
609.51215	928.10217
609.56342	943.11194
609.61475	929.98511
609.66602	929.03625
609.71729	935.94531
609.76862	921.05145
609.81989	918.75891
609.87122	924.992
609.92249	936.18494
609.97375	934.52136
610.02509	926.56671
610.07635	928.91693
610.12769	928.99603
610.17896	931.11957
610.23022	934.02142
610.28156	925.66412
610.33282	932.0755
610.38416	932.47406
610.43542	922.03308
610.48669	933.07037
610.53802	940.22589
610.58929	929.43469
610.64063	924.47357
610.69189	928.76538
610.74316	933.40698
610.79449	932.23883
610.84576	926.54895
610.89709	927.23047
610.94836	931.79431
610.99963	930.10669
611.05096	928.86932
611.10223	928.23163
611.15356	926.08301
611.20483	929.31921
611.2561	929.21509
611.30743	932.888
611.3587	932.57153
611.41003	938.39655
611.4613	924.90277
611.51257	920.91589
611.5639	927.06873
611.61517	939.16589
611.6665	923.44189
611.71777	917.74701
611.76904	936.61096
611.82037	937.44635
611.87164	931.6875
611.92297	932.97186
611.97424	922.0578
612.02551	939.03607
612.07684	921.78192
612.12811	928.14606
612.17944	922.41034
612.23071	922.40662
612.28198	921.43158
612.33331	923.41211
612.38458	914.7038
612.43591	922.1192
612.48718	933.79419
612.53845	922.40729
612.58978	926.06781
612.64105	923.79797
612.69232	931.49438
612.74365	938.63458
612.79492	929.23151
612.84625	930.07733
612.89752	928.89148
612.94879	932.64624
613.00012	926.35016
613.05139	935.6308
613.10272	938.5946
613.15399	931.75922
613.20526	928.86804
613.25659	927.89276
613.30786	925.47968
613.35919	938.04022
613.41046	933.98834
613.46173	937.10828
613.51306	928.08057
613.56433	922.33582
613.61566	926.50659
613.66693	933.67438
613.7182	929.42987
613.76953	923.54022
613.8208	928.53149
613.87213	937.2702
613.9234	938.55176
613.97467	933.00232
614.026	930.30316
614.07727	931.80939
614.1286	927.83929
614.17987	930.04504
614.23114	935.9447
614.28247	937.01581
614.33374	934.65894
614.38507	926.85028
614.43634	931.41235
614.48761	935.87335
614.53894	935.19629
614.59021	935.91333
614.64154	930.18427
614.69281	929.25677
614.74408	929.59058
614.79541	930.52124
614.84668	931.50928
614.89801	930.31085
614.94928	938.75018
615.00055	929.04132
615.05188	921.21399
615.10315	930.75879
615.15448	929.78265
615.20575	926.10699
615.25702	920.65118
615.30835	943.13251
615.35962	940.71277
615.41095	946.45129
615.46222	933.32117
615.51349	938.30499
615.56482	921.10736
615.61609	936.20673
615.66736	928.27869
615.71869	930.04382
615.76996	929.00867
615.82129	927.54541
615.87256	936.24255
615.92383	938.84875
615.97516	922.18573
616.02643	926.14154
616.07776	937.91571
616.12903	943.01678
616.1803	935.60809
616.23163	932.40613
616.2829	931.30499
616.33423	943.98456
616.3855	925.52075
616.43677	925.90924
616.4881	926.26996
616.53937	938.27692
616.5907	928.48199
616.64197	921.32159
616.69324	930.92175
616.74457	921.2821
616.79584	938.07904
616.84717	945.67108
616.89844	931.09344
616.94971	932.35645
617.00104	943.94733
617.05231	940.15021
617.10364	936.68311
617.15491	931.53107
617.20618	926.68036
617.25751	928.10321
617.30878	939.27838
617.36011	938.0094
617.41138	938.23578
617.46265	935.53137
617.51398	933.68066
617.56525	935.07489
617.61658	932.61035
617.66785	929.94122
617.71912	935.57526
617.77045	931.92969
617.82172	928.73004
617.87305	926.41187
617.92432	922.54675
617.97559	928.44299
618.02692	936.82062
618.07819	937.00275
618.12952	931.15192
618.18079	931.47125
618.23206	927.59344
618.28339	926.7146
618.33466	928.17877
618.38599	921.20502
618.43726	934.15656
618.48853	941.1936
618.53986	937.7005
618.59113	932.15527
618.64246	921.72894
618.69373	929.09192
618.745	922.44958
618.79633	928.38318
618.8476	932.7406
618.89886	932.2522
618.9502	931.70532
619.00146	935.44208
619.0528	937.99249
619.10406	937.80438
619.15533	931.58441
619.20667	921.81226
619.25793	921.02875
619.30927	919.73877
619.36053	934.98328
619.4118	922.25208
619.46313	918.6106
619.5144	925.43939
619.56573	930.23016
619.617	923.09875
619.66827	926.07166
619.7196	928.95789
619.77087	930.13239
619.8222	936.86639
619.87347	932.92651
619.92474	928.99121
619.97607	916.24377
620.02734	932.40076
620.07867	930.1286
620.12994	937.51703
620.18121	934.29626
620.23254	925.78064
620.28381	925.02722
620.33514	919.70313
620.38641	929.56677
620.43768	929.32965
620.48901	924.80981
620.54028	928.26953
620.59161	939.82111
620.64288	931.52832
620.69415	926.70715
620.74548	930.84851
620.79675	929.80511
620.84808	935.99866
620.89935	940.39886
620.95062	932.31409
621.00195	929.17053
621.05322	934.16663
621.10455	925.69391
621.15582	922.57422
621.20709	924.55884
621.25842	931.17285
621.30969	930.33923
621.36102	925.06049
621.41229	928.24335
621.46356	929.42834
621.51489	933.66345
621.56616	940.80194
621.61749	934.10883
621.66876	932.91919
621.72003	935.11737
621.77136	933.86066
621.82263	934.85834
621.8739	928.69196
621.92523	928.34589
621.9765	933.3913
622.02783	936.64435
622.0791	932.60944
622.13037	925.99109
622.1817	933.90167
622.23297	932.4729
622.2843	921.12988
622.33557	924.02881
622.38684	934.28546
622.43817	934.33038
622.48944	934.92883
622.54077	928.37195
622.59204	927.87238
622.64331	934.17194
622.69464	929.43207
622.74591	923.5293
622.79724	932.54907
622.84851	937.81512
622.89978	935.38092
622.95111	928.32635
623.00238	934.52942
623.05371	931.66473
623.10498	915.24579
623.15625	932.45392
623.20758	944.93237
623.25885	932.9054
623.31018	929.79742
623.36145	931.25757
623.41272	933.79565
623.46405	927.35992
623.51532	919.61365
623.56665	926.68219
623.61792	926.59839
623.66919	927.2514
623.72052	944.16046
623.77179	936.09985
623.82312	926.0957
623.87439	933.8092
623.92566	935.54974
623.97699	925.76404
624.02826	925.77429
624.07959	925.78442
624.13086	924.8219
624.18213	935.36975
624.23346	936.76428
624.28473	934.95203
624.33606	928.36609
624.38733	926.93311
624.4386	934.06006
624.48993	926.86475
624.5412	937.27423
624.59253	935.42969
624.6438	930.63293
624.69507	934.10999
624.7464	934.91754
624.79767	926.75983
624.84894	924.13275
624.90027	930.2926
624.95154	927.26941
625.00287	924.43005
625.05414	932.31396
625.10541	932.00696
625.15674	929.53143
625.20801	926.12231
625.25934	924.30963
625.31061	931.70892
625.36188	926.80328
625.41321	933.16553
625.46448	935.41022
625.51581	930.16296
625.56708	924.88477
625.61835	927.4845
625.66968	934.41064
625.72095	937.112
625.77228	931.19714
625.82355	923.64929
625.87482	934.22351
625.92615	943.03809
625.97742	937.79919
626.02875	932.57239
626.08002	936.40717
626.13129	941.19379
626.18262	938.21259
626.23389	934.23969
626.28522	937.02808
626.33649	936.13611
626.38776	926.17499
626.43909	924.33807
626.49036	934.69226
626.54169	939.93848
626.59296	934.47418
626.64423	931.32581
626.69556	924.86774
626.74683	921.54126
626.79816	927.84326
626.84943	933.72986
626.9007	937.35681
626.95203	938.05988
627.0033	931.92352
627.05463	925.58533
627.1059	931.00293
627.15717	936.56085
627.2085	934.14105
627.25977	930.8645
627.3111	923.67334
627.36237	927.00079
627.41364	934.56348
627.46497	932.30103
627.51624	934.67426
627.56757	931.29272
627.61884	929.25604
627.6701	923.66589
627.72144	926.51001
627.77271	937.37909
627.82404	935.36169
627.87531	927.54181
627.92657	928.7334
627.97791	938.0816
628.02917	934.84448
628.08044	947.92108
628.13177	938.47327
628.18304	922.16321
628.23438	932.41534
628.28564	927.93512
628.33691	938.82098
628.38824	949.63263
628.43951	947.66315
628.49084	935.85297
628.54211	931.78284
628.59338	926.87653
628.64471	931.44733
628.69598	918.55798
628.74731	924.21051
628.79858	928.39203
628.84985	925.1153
628.90118	926.53436
628.95245	915.26923
629.00378	932.08929
629.05505	943.38904
629.10632	926.08966
629.15765	930.34497
629.20892	930.98065
629.26025	927.55017
629.31152	932.46948
629.36279	940.19519
629.41412	930.88281
629.46539	938.66693
629.51672	927.39917
629.56799	922.87952
629.61926	927.32532
629.67059	944.91528
629.72186	937.2774
629.77319	924.85492
629.82446	939.31201
629.87573	933.26172
629.92706	928.97144
629.97833	930.62384
630.02966	935.53021
630.08093	933.49695
630.1322	930.99207
630.18353	926.67267
630.2348	924.62042
630.28613	929.20251
630.3374	930.27557
630.38867	926.16724
630.44	923.48901
630.49127	929.70856
630.5426	931.27319
630.59387	936.59082
630.64514	935.23767
630.69647	935.26849
630.74774	937.61993
630.79907	931.1474
630.85034	929.17914
630.90161	930.95001
630.95294	931.41583
631.00421	927.72003
631.05548	937.18585
631.10681	941.27063
631.15808	931.67926
631.20941	935.60999
631.26068	938.57104
631.31195	942.22742
631.36328	940.38336
631.41455	938.3288
631.46588	936.06506
631.51715	927.92944
631.56842	925.31079
631.61975	923.82849
631.67102	931.75134
631.72235	936.71655
631.77362	934.74762
631.82489	931.13013
631.87622	927.45599
631.92749	932.58978
631.97882	928.90015
632.03009	927.16626
632.08136	937.26849
632.13269	940.17944
632.18396	936.38
632.23529	924.22125
632.28656	925.04382
632.33783	933.11243
632.38916	936.44232
632.44043	936.6012
632.49176	937.32428
632.54303	937.37061
632.5943	941.96143
632.64563	930.2796
632.6969	929.27802
632.74823	936.51398
632.7995	936.07208
632.85077	930.79523
632.9021	934.87518
632.95337	941.1842
633.0047	953.38275
633.05597	921.1394
633.10724	944.29144
633.15857	922.65741
633.20984	941.47504
633.26117	925.88879
633.31244	927.57227
633.36371	930.5249
633.41504	945.87018
633.46631	933.47961
633.51764	938.25415
633.56891	944.20367
633.62018	954.70734
633.67151	943.08789
633.72278	931.02142
633.77411	948.20819
633.82538	938.54431
633.87665	942.76038
633.92798	938.64899
633.97925	947.8385
634.03058	950.59961
634.08185	939.30487
634.13312	935.98071
634.18445	943.79443
634.23572	937.12891
634.28699	944.17035
634.33832	936.83423
634.38959	938.39471
634.44092	936.85681
634.49219	937.33911
634.54346	940.05756
634.59479	938.72736
634.64606	944.97443
634.69739	942.31836
634.74866	939.91309
634.79993	939.92328
634.85126	933.91748
634.90253	932.26111
634.95386	942.6825
635.00513	946.68738
635.0564	949.11584
635.10773	939.85779
635.159	932.38611
635.21033	931.40613
635.2616	942.20526
635.31287	943.65869
635.3642	944.15399
635.41547	944.13159
635.4668	939.40759
635.51807	935.36926
635.56934	936.25269
635.62067	937.00787
635.67194	946.32227
635.72327	945.10522
635.77454	941.44702
635.82581	949.16718
635.87714	946.2547
635.92841	944.14844
635.97974	946.86554
636.03101	946.63568
636.08228	939.15851
636.13361	941.09564
636.18488	955.79846
636.23621	959.5777
636.28748	955.14636
636.33875	954.71576
636.39008	951.70203
636.44135	959.89038
636.49268	949.42914
636.54395	946.68103
636.59521	951.28143
636.64655	954.54315
636.69781	954.03839
636.74915	944.11987
636.80042	958.50592
636.85168	959.89972
636.90302	958.28033
636.95428	957.73572
637.00562	940.81738
637.05688	937.86395
637.10815	945.2464
637.15948	951.87158
637.21075	943.18488
637.26202	945.9884
637.31335	956.62012
637.36462	948.30536
637.41595	959.16992
637.46722	953.45544
637.51849	955.25958
637.56982	964.01642
637.62109	960.19012
637.67242	954.10461
637.72369	964.88177
637.77496	966.93701
637.82629	962.63306
637.87756	963.82825
637.92889	966.63538
637.98016	966.38971
638.03143	953.05035
638.08276	959.33875
638.13403	956.13617
638.18536	966.19043
638.23663	957.5318
638.2879	985.40204
638.33923	975.55298
638.3905	969.62823
638.44183	966.66541
638.4931	968.62946
638.54437	969.64606
638.5957	946.47876
638.64697	972.50848
638.6983	967.06708
638.74957	968.58862
638.80084	988.24518
638.85217	969.47571
638.90344	973.21265
638.95477	960.22614
639.00604	961.44043
639.05731	958.23792
639.10864	966.53009
639.15991	985.10828
639.21124	974.95154
639.26251	977.05273
639.31378	972.79059
639.36511	969.34729
639.41638	969.66394
639.46771	967.42218
639.51898	960.45038
639.57025	972.35333
639.62158	974.3175
639.67285	976.99518
639.72418	973.30994
639.77545	971.91589
639.82672	984.6424
639.87805	980.06781
639.92932	985.70758
639.98065	988.23566
640.03192	982.26984
640.08319	968.02325
640.13452	967.15283
640.18579	975.85028
640.23712	991.18109
640.28839	997.01825
640.33966	979.25299
640.39099	979.7796
640.44226	983.12775
640.49353	985.22015
640.54486	982.7038
640.59613	984.38257
640.64746	1000.4161
640.69873	997.16473
640.75	980.88116
640.80133	991.9068
640.8526	997.85486
640.90393	992.57904
640.9552	978.87653
641.00647	981.76532
641.0578	993.17175
641.10907	994.23444
641.1604	990.01367
641.21167	980.61737
641.26294	983.2196
641.31427	983.83307
641.36554	987.86206
641.41687	995.44513
641.46814	987.99298
641.51941	980.60901
641.57074	982.55176
641.62201	998.64606
641.67334	1014.0369
641.72461	1009.3157
641.77588	1001.7737
641.82721	1010.7037
641.87848	1009.1293
641.92981	1007.2365
641.98108	1006.9124
642.03235	1010.6547
642.08368	1004.3764
642.13495	1003.6778
642.18628	1006.551
642.23755	1014.4071
642.28882	1015.732
642.34015	1014.5821
642.39142	1003.9429
642.44275	997.23328
642.49402	997.99933
642.54529	1011.9207
642.59662	1025.7571
642.64789	1021.0848
642.69922	1008.3301
642.75049	1007.6801
642.80176	998.84198
642.85309	1024.7666
642.90436	1022.1201
642.95569	1018.0284
643.00696	1042.4484
643.05823	1030.5071
643.10956	1017.109
643.16083	1027.7777
643.21216	1029.6677
643.26343	1035.6311
643.3147	1043.3741
643.36603	1056.1011
643.4173	1046.4813
643.46857	1039.38
643.5199	1039.8481
643.57117	1055.5175
643.6225	1059.7834
643.67377	1047.189
643.72504	1067.5511
643.77637	1059.1558
643.82764	1086.4713
643.87897	1104.4457
643.93024	1075.3712
643.98151	1084.2068
644.03284	1076.2235
644.08411	1104.7172
644.13544	1079.0581
644.18671	1088.2229
644.23798	1106.6448
644.28931	1096.0638
644.34058	1131.7512
644.39191	1135.1826
644.44318	1130.2645
644.49445	1123.6342
644.54578	1137.2183
644.59705	1133.9185
644.64838	1139.2684
644.69965	1128.6738
644.75092	1160.1945
644.80225	1161.7699
644.85352	1173.4742
644.90485	1151.303
644.95612	1163.9537
645.00739	1174.9508
645.05872	1185.8441
645.10999	1186.0548
645.16132	1195.7517
645.21259	1210.5275
645.26385	1219.5522
645.31519	1199.811
645.36646	1210.0658
645.41779	1231.8054
645.46906	1246.5533
645.52032	1231.575
645.57166	1236.2188
645.62292	1242.8889
645.67426	1253.7438
645.72552	1230.8962
645.77679	1262.7632
645.82813	1279.5763
645.87939	1283.9023
645.93073	1294.8394
645.98199	1298.4412
646.03326	1313.4347
646.08459	1319.0615
646.13586	1337.9244
646.18719	1344.8448
646.23846	1384.9009
646.28973	1382.7137
646.34106	1406.3724
646.39233	1421.9084
646.4436	1460.3063
646.49493	1472.5503
646.5462	1487.2009
646.59753	1569.3512
646.6488	1593.1722
646.70007	1599.1912
646.7514	1608.4611
646.80267	1647.3372
646.854	1658.1156
646.90527	1691.1538
646.95654	1724.0093
647.00787	1718.4252
647.05914	1744.6639
647.11047	1733.5336
647.16174	1792.3287
647.21301	1752.562
647.26434	1715.6359
647.31561	1745.3842
647.36694	1754.5028
647.41821	1742.2229
647.46948	1734.1804
647.52081	1738.3331
647.57208	1697.859
647.62341	1716.6644
647.67468	1723.6661
647.72595	1708.7799
647.77728	1727.5192
647.82855	1740.9902
647.87988	1760.7842
647.93115	1794.2493
647.98242	1810.2073
648.03375	1803.1244
648.08502	1844.3512
648.13635	1877.6945
648.18762	1949.0421
648.23889	1976.7817
648.29022	2003.0037
648.34149	2047.5911
648.39282	2091.4814
648.44409	2145.2012
648.49536	2171.6777
648.54669	2171.6741
648.59796	2196.635
648.64929	2238.9553
648.70056	2249.2185
648.75183	2188.6887
648.80316	2189.3354
648.85443	2237.4824
648.90576	2260.1885
648.95703	2272.542
649.0083	2259.7617
649.05963	2249.7209
649.1109	2244.21
649.16223	2278.3955
649.2135	2334.1702
649.26477	2354.1921
649.3161	2326.7292
649.36737	2380.0874
649.4187	2439.3955
649.46997	2438.0017
649.52124	2433.8481
649.57257	2448.4656
649.62384	2464.2988
649.67511	2450.7749
649.72644	2451.4954
649.77771	2498.874
649.82904	2492.9272
649.88031	2541.7048
649.93158	2478.3022
649.98291	2468.3838
650.03418	2406.1594
650.08551	2381.7063
650.13678	2354.281
650.18805	2375.5264
650.23938	2369.9451
650.29065	2338.1746
650.34198	2326.0723
650.39325	2329.1609
650.44452	2294.1165
650.49585	2364.2075
650.54712	2328.0645
650.59845	2351.9875
650.64972	2344.1587
650.70099	2341.2322
650.75232	2401.7727
650.80359	2427.0667
650.85492	2468.0791
650.90619	2486.47
650.95746	2558.6577
651.00879	2602.1936
651.06006	2577.3406
651.11139	2555.5083
651.16266	2666.2568
651.21393	2754.634
651.26526	2740.2468
651.31653	2665.2742
651.36786	2718.718
651.41913	2726.6133
651.4704	2701.1638
651.52173	2864.7463
651.573	2847.4553
651.62433	2915.7778
651.6756	2977.5979
651.72687	2938.0044
651.7782	2988.3892
651.82947	2962.4224
651.8808	2992.668
651.93207	3017.8284
651.98334	3052.8411
652.03467	3090.8796
652.08594	3127.7131
652.13727	3077.1934
652.18854	3127.9727
652.23981	3127.8213
652.29114	3147.3159
652.34241	3188.4563
652.39374	3266.5798
652.44501	3278.2598
652.49628	3322.5654
652.54761	3341.6521
652.59888	3319.8833
652.65015	3350.8337
652.70148	3386.8147
652.75275	3382.6663
652.80408	3445.7485
652.85535	3527.3621
652.90662	3527.759
652.95795	3542.0991
653.00922	3565.5549
653.06055	3551.3191
653.11182	3508.6309
653.16309	3470.9519
653.21442	3510.1792
653.26569	3527.1746
653.31702	3453.8145
653.36829	3399.3215
653.41956	3359.3655
653.47089	3342.2793
653.52216	3324.864
653.57349	3297.0081
653.62476	3281.1162
653.67603	3199.3413
653.72736	3169.2451
653.77863	3135.6711
653.82996	3075.0273
653.88123	3030.4758
653.9325	3002.3997
653.98383	2987.7346
654.0351	2999.9016
654.08643	3005.0354
654.1377	2935.5742
654.18896	2898.1917
654.2403	2897.6311
654.29156	2917.5254
654.3429	2841.1489
654.39417	2842.8772
654.44543	2872.1394
654.49677	2869.8887
654.54803	2805.1001
654.59937	2793.1213
654.65063	2850.9392
654.7019	2767.054
654.75323	2819.1001
654.8045	2815.1685
654.85583	2740.4485
654.9071	2755.3645
654.95837	2760.3914
655.0097	2804.2952
655.06097	2808.2383
655.1123	2809.5947
655.16357	2850.6985
655.21484	2830.2444
655.26617	2824.1775
655.31744	2821.8865
655.36877	2898.637
655.42004	2800.2795
655.47131	2839.2822
655.52264	2857.4302
655.57391	2895.4714
655.62524	2839.1279
655.67651	2918.5864
655.72778	2863.3335
655.77911	2849.3413
655.83038	2942.2661
655.88165	3000.5654
655.93298	2906.0881
655.98425	2835.3347
656.03558	2859.9597
656.08685	2934.0322
656.13812	2960.6343
656.18945	2974.3828
656.24072	2996.8137
656.29205	3004.2761
656.34332	2962.6414
656.39459	2996.8494
656.44592	2998.4084
656.49719	3023.9478
656.54852	3003.4739
656.59979	3065.4355
656.65106	3020.2747
656.70239	3054.1604
656.75366	3121.0137
656.80499	3085.1248
656.85626	3106.0247
656.90753	3123.5256
656.95886	3084.7239
657.01013	3032.1501
657.06146	3081.7092
657.11273	3118.1584
657.164	3126.2739
657.21533	3136.9146
657.2666	3184.1057
657.31793	3163.3511
657.3692	3138.9631
657.42047	3135.74
657.4718	3150.9553
657.52307	3183.1658
657.5744	3199.6829
657.62567	3153.1121
657.67694	3158.0129
657.72827	3204.4861
657.77954	3215.5537
657.83087	3244.5044
657.88214	3201.2395
657.93341	3138.2229
657.98474	3164.2622
658.03601	3195.4453
658.08734	3187.0308
658.13861	3191.4077
658.18988	3215.1389
658.24121	3187.9763
658.29248	3191.7583
658.34381	3251.3684
658.39508	3203.8271
658.44635	3133.0168
658.49768	3147.5544
658.54895	3181.3674
658.60028	3199.9888
658.65155	3194.1255
658.70282	3213.6021
658.75415	3201.5723
658.80542	3241.3877
658.85669	3228.1733
658.90802	3151.2595
658.95929	3212.7737
659.01062	3162.6736
659.06189	3158.1711
659.11316	3225.6072
659.16449	3239.3108
659.21576	3297.8076
659.26709	3257.7061
659.31836	3294.5737
659.36963	3306.3738
659.42096	3262.4326
659.47223	3301.0447
659.52356	3418.6274
659.57483	3421.1746
659.6261	3533.2559
659.67743	3467.8323
659.7287	3437.0769
659.78003	3413.4148
659.8313	3509.0034
659.88257	3539.8154
659.9339	3523.4661
659.98517	3541.9988
660.0365	3601.2942
660.08777	3614.6501
660.13904	3567.9133
660.19037	3556.5474
660.24164	3638.8357
660.29297	3653.6118
660.34424	3700.6409
660.39551	3618.3196
660.44684	3748.6514
660.49811	3740.8364
660.54944	3769.6462
660.60071	3690.8682
660.65198	3529.3418
660.70331	3710.8198
660.75458	3653.4055
660.80591	3775.1023
660.85718	3741.686
660.90845	3710.6824
660.95978	3668.6992
661.01105	3655.8879
661.06238	3685.4993
661.11365	3563.4116
661.16492	3515.1387
661.21625	3651.969
661.26752	3683.2729
661.31885	3558.7356
661.37012	3600.5452
661.42139	3504.4431
661.47272	3542.7043
661.52399	3551.5674
661.57532	3568.5496
661.62659	3468.7876
661.67786	3426.7607
661.72919	3392.8462
661.78046	3353.8669
661.83173	3460.2334
661.88306	3445.7888
661.93433	3466.1738
661.98566	3421.2786
662.03693	3322.6223
662.0882	3335.8928
662.13953	3321.1768
662.1908	3354.1382
662.24213	3303.7656
662.2934	3270.2725
662.34467	3214.6057
662.396	3276.8022
662.44727	3237.241
662.4986	3225.5193
662.54987	3222.8069
662.60114	3195.9841
662.65247	3250.2798
662.70374	3223.8545
662.75507	3161.6821
662.80634	3177.999
662.8576	3153.8845
662.90894	3158.4512
662.96021	3177.1797
663.01154	3130.7341
663.06281	3131.095
663.11407	3100.1899
663.16541	3072.9136
663.21667	3072.3022
663.26801	3094.7185
663.31927	3105.9148
663.37054	3107.405
663.42188	3113.8369
663.47314	3065.4397
663.52448	3052.6782
663.57574	3056.8975
663.62701	2998.2285
663.67834	2975.5208
663.72961	2988.9255
663.78094	2948.45
663.83221	2972.3887
663.88348	2991.3459
663.93481	2950.8115
663.98608	2967.3616
664.03741	2953.6423
664.08868	2865.9475
664.13995	2843.4534
664.19128	2838.2297
664.24255	2806.6689
664.29388	2833.0486
664.34515	2765.8748
664.39642	2739.5835
664.44775	2792.3635
664.49902	2743.9644
664.55035	2705.3953
664.60162	2701.1772
664.65289	2676.5603
664.70422	2592.4792
664.75549	2592.252
664.80682	2599.3794
664.85809	2607.2598
664.90936	2595.6021
664.96069	2589.4004
665.01196	2583.1694
665.06323	2531.7236
665.11456	2542.4192
665.16583	2489.3711
665.21716	2570.3247
665.26843	2533.2532
665.3197	2525.8118
665.37103	2445.8813
665.4223	2414.0332
665.47363	2423.1458
665.5249	2484.8665
665.57617	2412.2446
665.6275	2336.9224
665.67877	2329.104
665.7301	2288.3286
665.78137	2407.7759
665.83264	2323.5088
665.88397	2311.791
665.93524	2304.5078
665.98657	2330.1899
666.03784	2325.1052
666.08911	2250.584
666.14044	2314.3386
666.19171	2314.2471
666.24304	2241.8284
666.29431	2252.2065
666.34558	2238.7278
666.39691	2206.4978
666.44818	2236.0969
666.49951	2181.3755
666.55078	2209.4902
666.60205	2203.0503
666.65338	2169.1877
666.70465	2096.9111
666.75598	2165.7107
666.80725	2071.0779
666.85852	2144.9092
666.90985	2162.5674
666.96112	2103.3203
667.01245	2107.5046
667.06372	2110.4141
667.11499	2153.7646
667.16632	2107.105
667.21759	2100.7466
667.26892	2049.0396
667.32019	2056.3062
667.37146	2023.6304
667.42279	1957.3572
667.47406	1997.0034
667.52539	1959.4824
667.57666	2014.8293
667.62793	1977.0078
667.67926	1960.9685
667.73053	1934.1385
667.78186	1907.0563
667.83313	1900.0148
667.8844	1916.308
667.93573	1908.5363
667.987	1894.3346
668.03827	1862.2911
668.0896	1829.8817
668.14087	1826.9221
668.1922	1835.8608
668.24347	1809.0674
668.29474	1812.1498
668.34607	1807.0331
668.39734	1751.1276
668.44867	1738.3542
668.49994	1730.1531
668.55121	1702.1637
668.60254	1696.3593
668.65381	1701.1299
668.70514	1734.2656
668.75641	1719.9043
668.80768	1676.9948
668.85901	1681.3142
668.91028	1654.0757
668.96161	1609.9966
669.01288	1595.7178
669.06415	1621.7157
669.11548	1635.0089
669.16675	1587.608
669.21808	1554.5795
669.26935	1563.5361
669.32062	1553.5068
669.37195	1517.2596
669.42322	1510.0043
669.47455	1501.6891
669.52582	1476.7769
669.57709	1472.9144
669.62842	1469.7307
669.67969	1489.9679
669.73102	1497.2439
669.78229	1456.4567
669.83356	1443.3551
669.88489	1426.5607
669.93616	1409.0681
669.98749	1425.4989
670.03876	1383.7012
670.09003	1383.9402
670.14136	1419.3824
670.19263	1393.3624
670.24396	1384.6646
670.29523	1382.9684
670.3465	1361.8737
670.39783	1336.3763
670.4491	1354.3074
670.50043	1346.0028
670.5517	1327.7463
670.60297	1327.3716
670.6543	1293.4445
670.70557	1301.5834
670.7569	1319.9348
670.80817	1279.8813
670.85944	1297.9728
670.91077	1299.6499
670.96204	1279.8453
671.01337	1270.6396
671.06464	1254.4427
671.11591	1239.0825
671.16724	1231.714
671.21851	1262.2579
671.26978	1236.9871
671.32111	1223.201
671.37238	1231.1071
671.42371	1231.1249
671.47498	1213.7069
671.52625	1191.3876
671.57758	1210.2123
671.62885	1193.4919
671.68018	1181.0604
671.73145	1192.2256
671.78271	1201.6801
671.83405	1186.1145
671.88531	1190.391
671.93665	1196.0094
671.98792	1185.3131
672.03918	1147.8536
672.09052	1161.0356
672.14178	1152.8671
672.19312	1185.8582
672.24438	1168.3604
672.29565	1158.307
672.34698	1145.1874
672.39825	1157.6406
672.44958	1148.3672
672.50085	1113.894
672.55212	1119.8594
672.60345	1121.8661
672.65472	1145.5039
672.70605	1106.8719
672.75732	1132.0892
672.80859	1100.2417
672.85992	1111.3423
672.91119	1096.8046
672.96252	1113.8151
673.01379	1127.0902
673.06506	1097.476
673.11639	1104.1763
673.16766	1123.2032
673.21899	1111.4921
673.27026	1105.5682
673.32153	1090.845
673.37286	1117.2411
673.42413	1091.4091
673.47546	1074.9692
673.52673	1084.2607
673.578	1086.1161
673.62933	1097.9419
673.6806	1088.4222
673.73193	1085.3232
673.7832	1089.278
673.83447	1082.8423
673.8858	1081.1895
673.93707	1072.3954
673.9884	1064.658
674.03967	1065.5848
674.09094	1068.5764
674.14227	1081.5991
674.19354	1069.9656
674.24481	1070.5768
674.29614	1076.7904
674.34741	1059.7263
674.39874	1045.2159
674.45001	1058.371
674.50128	1067.9462
674.55261	1079.3584
674.60388	1044.4484
674.65521	1034.6781
674.70648	1050.5701
674.75775	1048.8467
674.80908	1052.8845
674.86035	1054.4039
674.91168	1053.4347
674.96295	1036.3276
675.01422	1030.0664
675.06555	1041.1379
675.11682	1042.6595
675.16815	1049.9574
675.21942	1044.2739
675.27069	1043.0715
675.32202	1041.0454
675.37329	1049.6066
675.42462	1039.0673
675.47589	1036.585
675.52716	1033.1052
675.57849	1025.0187
675.62976	1024.0376
675.68109	1037.1104
675.73236	1032.0942
675.78363	1032.241
675.83496	1039.9498
675.88623	1026.9779
675.93756	1019.2634
675.98883	1023.2983
676.0401	1024.6764
676.09143	1028.7848
676.1427	1035.2296
676.19403	1025.3893
676.2453	1015.7012
676.29657	1014.4035
676.3479	1018.8306
676.39917	1013.311
676.4505	1006.0114
676.50177	1017.2685
676.55304	1022.2988
676.60437	1023.4335
676.65564	1020.0213
676.70697	1016.0266
676.75824	1010.2416
676.80951	1015.7164
676.86084	1007.529
676.91211	999.12366
676.96344	1004.5597
677.01471	1005.5884
677.06598	1019.045
677.11731	1031.9565
677.16858	1023.0009
677.21991	1001.1529
677.27118	1004.9987
677.32245	998.40167
677.37378	992.50647
677.42505	1003.697
677.47632	998.75177
677.52765	988.91821
677.57892	982.79877
677.63025	996.7959
677.68152	1003.8859
677.73279	993.11584
677.78412	983.672
677.83539	998.93225
677.88672	980.35767
677.93799	989.40674
677.98926	996.05737
678.04059	992.49982
678.09186	999.19482
678.14319	993.82745
678.19446	977.45795
678.24573	977.99921
678.29706	982.88257
678.34833	996.77637
678.39966	983.45941
678.45093	998.83344
678.5022	970.69366
678.55353	972.49994
678.6048	974.44629
678.65613	978.42078
678.7074	973.81354
678.75867	979.15045
678.81	1008.2352
678.86127	962.32318
678.9126	971.91479
678.96387	993.36145
679.01514	969.27667
679.06647	967.37073
679.11774	960.9425
679.16907	966.61304
679.22034	981.55597
679.27161	974.26074
679.32294	973.40222
679.37421	981.50128
679.42554	979.63605
679.47681	961.19659
679.52808	967.76563
679.57941	959.11578
679.63068	967.21411
679.68201	975.81281
679.73328	963.48077
679.78455	962.57642
679.83588	982.11853
679.88715	970.37451
679.93848	963.57813
679.98975	961.5542
680.04102	957.55896
680.09235	952.08551
680.14362	987.47675
680.19495	944.72314
680.24622	942.72412
680.29749	976.29077
680.34882	952.18732
680.40009	955.6474
680.45135	960.6076
680.50269	959.80652
680.55396	947.33221
680.60529	966.79297
680.65656	964.96722
680.70782	949.77588
680.75916	948.83221
680.81042	946.05652
680.86176	956.00696
680.91302	959.62054
680.96429	948.02826
681.01563	964.11353
681.06689	953.30841
681.11823	943.86981
681.16949	948.26288
681.22076	942.75916
681.27209	947.216
681.32336	954.06586
681.37469	947.18689
681.42596	958.0368
681.47723	954.87427
681.52856	945.53131
681.57983	951.61389
681.63116	948.0163
681.68243	944.55695
681.7337	947.37103
681.78503	949.71942
681.8363	954.98322
681.88763	952.86505
681.9389	947.29297
681.99017	931.76099
682.0415	953.50287
682.09277	942.83276
682.1441	940.50842
682.19537	941.95172
682.24664	942.9585
682.29797	948.55768
682.34924	944.89258
682.40057	942.46997
682.45184	945.23291
682.50311	934.35132
682.55444	935.42828
682.60571	936.54077
682.65704	950.83093
682.70831	942.5835
682.75958	933.01208
682.81091	942.6972
682.86218	940.98572
682.91351	932.74689
682.96478	940.08331
683.01605	931.96729
683.06738	925.7002
683.11865	933.53479
683.16998	940.77618
683.22125	925.03918
683.27252	935.66187
683.32385	950.04846
683.37512	949.19647
683.42639	939.06226
683.47772	927.41949
683.52899	923.49414
683.58032	932.97986
683.63159	934.76196
683.68286	937.49628
683.73419	941.15912
683.78546	944.61029
683.83679	938.69611
683.88806	931.17969
683.93933	936.7276
683.99066	930.39703
684.04193	935.48462
684.09326	938.25494
684.14453	933.64124
684.1958	933.08374
684.24713	932.1015
684.2984	927.20197
684.34973	932.00903
684.401	934.85858
684.45227	933.89209
684.5036	931.95105
684.55487	936.21497
684.6062	942.75159
684.65747	932.2785
684.70874	932.11481
684.76007	934.10669
684.81134	926.78241
684.86267	920.26605
684.91394	931.30505
684.96521	939.92493
685.01654	929.40125
685.06781	925.40753
685.11914	928.67383
685.17041	936.25903
685.22168	934.20233
685.27301	934.95349
685.32428	939.62366
685.37561	932.38446
685.42688	920.64508
685.47815	914.74359
685.52948	922.70679
685.58075	923.87787
685.63208	915.13391
685.68335	916.99426
685.73462	922.70801
685.78595	920.86603
685.83722	923.7077
685.88855	932.79626
685.93982	923.23724
685.99109	913.69452
686.04242	917.95526
686.09369	928.16327
686.14502	926.65546
686.19629	927.23651
686.24756	924.51862
686.29889	925.89624
686.35016	929.72369
686.40149	934.54144
686.45276	935.19287
686.50403	932.03876
686.55536	925.17712
686.60663	924.25714
686.6579	922.52124
686.70923	916.5885
686.7605	915.65277
686.81183	910.22412
686.8631	916.5307
686.91437	921.30322
686.9657	916.35132
687.01697	910.52954
687.0683	919.32281
687.11957	918.00366
687.17084	928.13965
687.22217	920.66534
687.27344	923.08972
687.32477	928.51801
687.37604	928.93927
687.42731	919.7193
687.47864	915.901
687.52991	922.30505
687.58124	916.04089
687.63251	925.50336
687.68378	930.48987
687.73511	924.31396
687.78638	915.47345
687.83771	917.81787
687.88898	918.30853
687.94025	922.55957
687.99158	907.1181
688.04285	917.8103
688.09418	932.0921
688.14545	918.95239
688.19672	928.1134
688.24805	914.01495
688.29932	913.02069
688.35065	920.00299
688.40192	925.09009
688.45319	923.96771
688.50452	926.96838
688.55579	916.63934
688.60712	924.15576
688.65839	917.56079
688.70966	922.06006
688.76099	923.10522
688.81226	920.85272
688.86359	926.61676
688.91486	925.18927
688.96613	922.08112
689.01746	922.13208
689.06873	913.71326
689.12006	924.50916
689.17133	915.97046
689.2226	915.98962
689.27393	909.98657
689.3252	913.7851
689.37653	933.42847
689.4278	915.4115
689.47906	927.81262
689.5304	925.92499
689.58167	916.74854
689.63293	915.04468
689.68427	915.70245
689.73553	913.14636
689.78687	915.39044
689.83813	919.24194
689.8894	911.2522
689.94073	926.88934
689.992	924.33075
690.04333	913.68384
690.0946	908.2912
690.14587	912.18317
690.1972	914.83136
690.24847	929.00934
690.2998	926.31006
690.35107	908.46649
690.40234	917.65979
690.45367	931.38312
690.50494	907.46399
690.55627	918.08051
690.60754	914.4278
690.65881	925.84802
690.71014	904.44086
690.76141	922.12848
690.81274	911.32214
690.86401	927.23407
690.91528	916.28021
690.96661	924.22235
691.01788	921.31165
691.06921	909.45844
691.12048	908.32501
691.17175	919.091
691.22308	925.18903
691.27435	931.18268
691.32568	912.95245
691.37695	916.23193
691.42822	924.08173
691.47955	920.56128
691.53082	904.16968
691.58215	922.43652
691.63342	913.00574
691.68469	919.05585
691.73602	911.92297
691.78729	913.34253
691.83862	920.95361
691.88989	913.11224
691.94116	918.06622
691.99249	922.21191
692.04376	930.81506
692.09509	913.20667
692.14636	918.88013
692.19763	919.80078
692.24896	917.28076
692.30023	915.15869
692.35156	912.95673
692.40283	921.28387
692.4541	918.93799
692.50543	925.03241
692.5567	909.83374
692.60803	925.78955
692.6593	921.20947
692.71057	908.88452
692.7619	923.79736
692.81317	918.52496
692.86444	911.86108
692.91577	907.49359
692.96704	917.27393
693.01837	927.98938
693.06964	922.51617
693.12091	921.46014
693.17224	920.04755
693.22351	926.31512
693.27484	919.79688
693.32611	914.55798
693.37738	920.29968
693.42871	915.74792
693.47998	915.91705
693.53131	910.77429
693.58258	919.0567
693.63385	917.99524
693.68518	920.44592
693.73645	910.63892
693.78778	914.63892
693.83905	917.27643
693.89032	912.1861
693.94165	908.91266
693.99292	911.6839
694.04425	909.9975
694.09552	912.56622
694.14679	922.53009
694.19812	919.01892
694.24939	918.87048
694.30072	919.25549
694.35199	913.92206
694.40326	916.55328
694.45459	922.9801
694.50586	913.6958
694.55719	909.06171
694.60846	909.27979
694.65973	915.52557
694.71106	920.7597
694.76233	905.99365
694.81366	905.97888
694.86493	911.22681
694.9162	913.77655
694.96753	910.13666
695.0188	915.13257
695.07013	915.25543
695.1214	912.66083
695.17267	907.63733
695.224	901.20062
695.27527	917.30273
695.3266	914.69318
695.37787	904.48169
695.42914	908.17267
695.48047	909.70166
695.53174	912.65979
695.58307	916.33276
695.63434	904.70032
695.68561	914.27673
695.73694	922.16833
695.78821	914.58893
695.83948	914.74329
695.89081	919.97406
695.94208	914.87445
695.99341	914.06116
696.04468	924.58612
696.09595	920.82965
696.14728	918.53174
696.19855	916.01215
696.24988	917.59241
696.30115	919.89148
696.35242	925.34143
696.40375	928.10651
696.45502	922.14697
696.50635	930.85553
696.55762	920.41547
696.60889	923.37
696.66022	919.09723
696.71149	924.13171
696.76282	930.10071
696.81409	932.44666
696.86536	927.78815
696.91669	927.47449
696.96796	930.80951
697.01929	921.43945
697.07056	923.08728
697.12183	932.80414
697.17316	926.8017
697.22443	920.23322
697.27576	930.86115
697.32703	933.95813
697.3783	926.88837
697.42963	913.2265
697.4809	926.05646
697.53223	933.03503
697.5835	936.59021
697.63477	931.90424
697.6861	926.09308
697.73737	926.27222
697.7887	935.12836
697.83997	930.7431
697.89124	923.78156
697.94257	930.24445
697.99384	938.57617
698.04517	930.97797
698.09644	919.33789
698.14771	921.16528
698.19904	926.12585
698.25031	922.49976
698.30164	920.09277
698.35291	924.81335
698.40417	924.20154
698.45551	923.10974
698.50677	923.39825
698.55811	924.56891
698.60938	923.3905
698.66064	915.92975
698.71198	921.93719
698.76324	927.05359
698.81451	924.86804
698.86584	915.5495
698.91711	907.13824
698.96844	918.52081
699.01971	924.49902
699.07098	918.55658
699.12231	912.39429
699.17358	913.82098
699.22491	915.37555
699.27618	915.52277
699.32745	910.37299
699.37878	912.11658
699.43005	915.50275
699.48138	904.11945
699.53265	907.48505
699.58392	914.50568
699.63525	916.31238
699.68652	906.56
699.73785	908.0932
699.78912	912.63281
699.84039	911.48822
699.89172	912.36261
699.94299	914.24408
699.99432	900.51166
700.04559	911.75696
700.09686	913.63647
700.14819	904.51495
700.19946	913.40417
700.25079	912.54901
700.30206	917.46625
700.35333	910.81366
700.40466	906.45972
700.45593	914.02448
700.50726	909.15454
700.55853	909.38348
700.6098	909.37433
700.66113	913.40558
700.7124	911.65094
700.76373	911.79358
700.815	913.99713
700.86627	911.73633
700.9176	914.04584
700.96887	909.86908
701.0202	908.78992
701.07147	919.74323
701.12274	914.14325
701.17407	908.77069
701.22534	902.22803
701.27667	917.72406
701.32794	911.54785
701.37921	907.91669
701.43054	898.28247
701.48181	908.07794
701.53314	913.90967
701.58441	901.95587
701.63568	909.3775
701.68701	906.95239
701.73828	914.90564
701.78961	906.06061
701.84088	899.11145
701.89215	903.37445
701.94348	918.57324
701.99475	903.83209
702.04602	903.83008
702.09735	904.3089
702.14862	911.29071
702.19995	901.87054
702.25122	903.30518
702.30249	914.50604
702.35382	905.73273
702.40509	902.92297
702.45642	907.85797
702.50769	910.85852
702.55896	915.76843
702.61029	901.85901
702.66156	894.8689
702.71289	899.72327
702.76416	905.66565
702.81543	899.96552
702.86676	907.52008
702.91803	895.31366
702.96936	905.2796
703.02063	912.41742
703.0719	905.25708
703.12323	905.72015
703.1745	902.99561
703.22583	908.31726
703.2771	913.35931
703.32837	904.67169
703.3797	907.39081
703.43097	910.46796
703.4823	913.44629
703.53357	913.76837
703.58484	915.52606
703.63617	909.64417
703.68744	907.89417
703.73877	914.65753
703.79004	915.75775
703.84131	918.30591
703.89264	905.25458
703.94391	909.45581
703.99524	916.57056
704.04651	906.18359
704.09778	904.56464
704.14911	914.50958
704.20038	912.69861
704.25171	910.13464
704.30298	914.51471
704.35425	904.67468
704.40558	905.65369
704.45685	912.96088
704.50818	905.45831
704.55945	910.39349
704.61072	916.52588
704.66205	915.45764
704.71332	910.97333
704.76465	901.54547
704.81592	904.61243
704.86719	913.29846
704.91852	908.44843
704.96979	907.86871
705.02106	907.27838
705.07239	907.41339
705.12366	906.29761
705.17499	907.79034
705.22626	912.84546
705.27753	907.15283
705.32886	909.13007
705.38013	907.64984
705.43146	905.02155
705.48273	900.71094
705.534	909.20288
705.58533	904.26556
705.6366	905.13379
705.68793	902.28113
705.7392	901.84888
705.79047	902.41711
705.8418	909.14557
705.89307	909.9696
705.9444	908.27991
705.99567	898.97137
706.04694	895.06628
706.09827	903.80261
706.14954	906.30157
706.20087	905.24207
706.25214	909.12793
706.30341	910.50854
706.35474	903.98535
706.40601	904.69989
706.45734	904.20142
706.50861	897.89368
706.55988	903.27063
706.61121	908.56219
706.66248	903.90125
706.71381	901.1651
706.76508	903.72668
706.81635	909.77313
706.86768	910.55737
706.91895	908.64154
706.97028	910.62854
707.02155	912.11975
707.07281	911.15076
707.12415	913.4989
707.17542	908.50775
707.22675	908.09558
707.27802	911.10736
707.32928	907.71838
707.38062	908.56177
707.43188	902.60687
707.48322	908.42798
707.53448	909.85016
707.58575	906.09692
707.63708	911.02997
707.68835	911.59619
707.73969	911.59424
707.79095	904.51239
707.84222	896.6449
707.89355	904.85999
707.94482	908.58459
707.99615	903.7688
708.04742	905.97174
708.09869	906.57922
708.15002	905.4386
708.20129	904.69708
708.25256	903.98969
708.30389	899.20654
708.35516	903.23431
708.40649	909.09235
708.45776	903.86755
708.50903	902.90613
708.56036	904.23676
708.61163	904.55835
708.66296	903.21301
708.71423	904.87683
708.7655	904.59747
708.81683	904.42999
708.8681	908.2395
708.91943	908.15106
708.9707	907.75372
709.02197	904.71228
709.0733	905.81268
709.12457	902.95221
709.1759	907.08997
709.22717	906.62482
709.27844	903.40594
709.32977	907.47699
709.38104	903.75146
709.43237	901.52399
709.48364	900.52795
709.53491	901.65186
709.58624	914.27966
709.63751	911.88202
709.68884	909.93597
709.74011	919.27484
709.79138	910.63531
709.84271	905.5816
709.89398	899.5484
709.94531	904.31958
709.99658	906.90369
710.04785	904.10956
710.09918	902.49646
710.15045	905.6394
710.20178	918.40894
710.25305	911.03607
710.30432	900.34192
710.35565	905.31354
710.40692	908.83917
710.45825	904.2348
710.50952	898.23718
710.56079	903.80139
710.61212	910.76593
710.66339	906.61053
710.71472	908.40283
710.76599	912.93451
710.81726	902.71381
710.86859	905.29871
710.91986	911.0069
710.97119	906.91235
711.02246	903.08936
711.07373	907.25769
711.12506	896.74072
711.17633	899.63416
711.2276	901.6214
711.27893	903.12109
711.3302	900.06403
711.38153	907.29736
711.4328	905.30597
711.48407	903.18567
711.5354	899.90948
711.58667	908.31158
711.638	922.62506
711.68927	906.70929
711.74054	892.20374
711.79187	910.20697
711.84314	904.68219
711.89447	912.08606
711.94574	900.84662
711.99701	918.19836
712.04834	906.42963
712.09961	907.42328
712.15094	908.35126
712.20221	897.41522
712.25348	902.39178
712.30481	906.37561
712.35608	913.32166
712.40741	901.59119
712.45868	918.05615
712.50995	902.78711
712.56128	900.4541
712.61255	904.25574
712.66388	904.3902
712.71515	903.43066
712.76642	902.43274
712.81775	910.92285
712.86902	910.43713
712.92035	909.43921
712.97162	902.8255
713.02289	909.82898
713.07422	905.7359
713.12549	904.44666
713.17682	899.76849
713.22809	900.28259
713.27936	910.3916
713.33069	909.54785
713.38196	901.23328
713.43329	905.75061
713.48456	901.88379
713.53583	907.58533
713.58716	900.37854
713.63843	909.94226
713.68976	906.95477
713.74103	894.10529
713.7923	897.56366
713.84363	902.6701
713.8949	905.06207
713.94623	896.75452
713.9975	914.9801
714.04877	908.98407
714.1001	903.10254
714.15137	901.48718
714.2027	903.0025
714.25397	909.16211
714.30524	908.66272
714.35657	904.19275
714.40784	904.14001
714.45911	903.49762
714.51044	911.45178
714.56171	908.44843
714.61304	906.50293
714.66431	903.90063
714.71558	909.68854
714.76691	904.15167
714.81818	906.25372
714.86951	913.58917
714.92078	909.81586
714.97205	902.8418
715.02338	905.17029
715.07465	903.97546
715.12598	912.49597
715.17725	908.41034
715.22852	905.52393
715.27985	903.0119
715.33112	903.03223
715.38245	899.53577
715.43372	899.76532
715.48499	901.01416
715.53632	913.07263
715.58759	911.39984
715.63892	904.88544
715.69019	906.89618
715.74146	912.59985
715.79279	905.6333
715.84406	903.68945
715.89539	902.83313
715.94666	902.96222
715.99792	901.84351
716.04926	899.14746
716.10052	910.09454
716.15186	906.23108
716.20313	907.76611
716.25439	904.74994
716.30573	906.3371
716.35699	904.84174
716.40833	908.63989
716.45959	896.43738
716.51086	907.9527
716.56219	908.58154
716.61346	908.86102
716.66479	903.32593
716.71606	903.80524
716.76733	910.78143
716.81866	906.09259
716.86993	914.45679
716.92126	912.8786
716.97253	904.38757
717.0238	899.04041
717.07513	904.776
717.1264	911.08807
717.17773	901.59839
717.229	899.54279
717.28027	903.43323
717.3316	899.89813
717.38287	908.17963
717.43414	907.30499
717.48547	901.58673
717.53674	908.99536
717.58807	904.62665
717.63934	901.15234
717.69061	908.4928
717.74194	906.89661
717.79321	907.26508
717.84454	905.52881
717.89581	905.63989
717.94708	905.29791
717.99841	903.16913
718.04968	900.89783
718.10101	898.60065
718.15228	900.40723
718.20355	902.71863
718.25488	902.60358
718.30615	903.81195
718.35748	905.703
718.40875	913.79163
718.46002	910.92584
718.51135	902.6084
718.56262	904.82782
718.61395	910.34351
718.66522	906.24835
718.71649	901.72083
718.76782	902.61316
718.81909	909.94977
718.87042	907.29309
718.92169	901.73444
718.97296	905.12872
719.02429	910.21289
719.07556	912.5968
719.12689	901.58075
719.17816	900.11121
719.22943	906.62115
719.28076	906.61035
719.33203	904.65741
719.38336	901.13531
719.43463	907.87128
719.4859	910.8053
719.53723	900.3161
719.5885	897.00891
719.63983	903.36658
719.6911	907.15723
719.74237	903.29028
719.7937	901.02399
719.84497	906.71399
719.8963	909.3324
719.94757	904.71851
719.99884	908.98181
720.05017	910.22168
720.10144	905.77313
720.15277	905.51642
720.20404	904.17407
720.25531	903.6778
720.30664	902.88434
720.35791	906.90002
720.40918	901.47906
720.46051	902.35986
720.51178	904.22937
720.56311	901.60443
720.61438	903.79712
720.66565	908.33026
720.71698	909.57733
720.76825	900.2937
720.81958	904.51239
720.87085	906.82776
720.92212	902.21271
720.97345	898.85065
721.02472	900.44379
721.07605	904.22107
721.12732	903.90375
721.17859	895.64539
721.22992	897.37134
721.28119	903.35498
721.33252	909.33704
721.38379	906.91705
721.43506	900.44092
721.48639	903.00861
721.53766	899.14557
721.58899	899.90436
721.64026	899.86505
721.69153	901.5481
721.74286	897.9209
721.79413	898.54901
721.84546	907.69135
721.89673	909.93073
721.948	902.55676
721.99933	905.12616
722.0506	903.61023
722.10193	909.47198
722.1532	900.99695
722.20447	903.05438
722.2558	905.97101
722.30707	905.00665
722.3584	906.31573
722.40967	903.98523
722.46094	902.97955
722.51227	901.68744
722.56354	895.63354
722.61487	895.35358
722.66614	897.46606
722.71741	910.57703
722.76874	909.20203
722.82001	903.39423
722.87134	909.19727
722.92261	900.34131
722.97388	898.03552
723.02521	900.87695
723.07648	913.79083
723.12781	915.22882
723.17908	905.04987
723.23035	897.14618
723.28168	899.9502
723.33295	901.12683
723.38428	908.92255
723.43555	915.42456
723.48682	904.81915
723.53815	912.79712
723.58942	912.66595
723.64069	903.26898
723.69202	896.45435
723.74329	900.14886
723.79462	896.24481
723.84589	903.00598
723.89716	899.01477
723.94849	901.11072
723.99976	899.72656
724.05109	902.18512
724.10236	903.71088
724.15363	905.38879
724.20496	902.61249
724.25623	898.13593
724.30756	899.24091
724.35883	908.90558
724.4101	907.63617
724.46143	901.38568
724.5127	893.6496
724.56403	895.37457
724.6153	900.68237
724.66656	896.33228
724.7179	904.61688
724.76917	908.32941
724.8205	909.78949
724.87177	898.93909
724.92303	895.41345
724.97437	897.83759
725.02563	909.25537
725.07697	903.41602
725.12823	901.1897
725.1795	900.00208
725.23083	906.33545
725.2821	911.97418
725.33344	902.30835
725.3847	903.42383
725.43597	901.64325
725.4873	899.3479
725.53857	895.78455
725.5899	902.42816
725.64117	904.23376
725.69244	913.7052
725.74377	900.38727
725.79504	897.74146
725.84637	908.4342
725.89764	907.04517
725.94891	907.83978
726.00024	908.83948
726.05151	912.23932
726.10284	906.27368
726.15411	894.76892
726.20538	907.41156
726.25671	907.50818
726.30798	899.9295
726.35931	907.4953
726.41058	903.70764
726.46185	912.00543
726.51318	910.02515
726.56445	900.5802
726.61572	911.71136
726.66705	905.72064
726.71832	901.70721
726.76965	904.37408
726.82092	899.22156
726.87219	905.80145
726.92352	904.92621
726.97479	902.18689
727.02612	907.41919
727.07739	900.79297
727.12866	899.60522
727.17999	893.95715
727.23126	897.95483
727.28259	912.95435
727.33386	906.80084
727.38513	898.90442
727.43646	909.45313
727.48773	907.61523
727.53906	905.65472
727.59033	901.03711
727.6416	907.13983
727.69293	902.98462
727.7442	898.9201
727.79553	900.37958
727.8468	902.99518
727.89807	899.36487
727.9494	901.39996
728.00067	895.25348
728.052	903.75262
728.10327	902.71863
728.15454	898.21539
728.20587	906.30878
728.25714	903.88818
728.30847	903.45166
728.35974	896.88098
728.41101	904.30475
728.46234	908.01563
728.51361	909.31555
728.56494	905.20685
728.61621	897.2439
728.66748	906.72717
728.71881	905.64294
728.77008	900.47162
728.82141	909.84735
728.87268	899.31561
728.92395	907.99561
728.97528	896.97723
729.02655	900.00964
729.07788	907.41986
729.12915	898.06628
729.18042	895.1095
729.23175	904.44995
729.28302	903.4585
729.33435	908.44855
729.38562	905.32526
729.43689	896.56335
729.48822	903.92603
729.53949	910.60712
729.59082	896.66376
729.64209	902.59644
729.69336	895.40717
729.74469	901.40063
729.79596	906.08533
729.84723	901.20514
729.89856	898.26379
729.94983	903.375
730.00116	907.9751
730.05243	902.78516
730.1037	903.6676
730.15503	902.29785
730.2063	892.68262
730.25763	900.43622
730.3089	899.8905
730.36017	908.0849
730.4115	896.54742
730.46277	904.09613
730.5141	906.98975
730.56537	901.21075
730.61664	897.21155
730.66797	894.94159
730.71924	905.85907
730.77057	907.31683
730.82184	903.56763
730.87311	894.84851
730.92444	896.7403
730.97571	896.8891
731.02704	891.3667
731.07831	899.4079
731.12958	913.67926
731.18091	904.78796
731.23218	897.20624
731.28351	894.64935
731.33478	903.20288
731.38605	900.33331
731.43738	906.10181
731.48865	901.40527
731.53998	899.81158
731.59125	901.20142
731.64252	898.00983
731.69385	901.80347
731.74512	903.80206
731.79645	905.59747
731.84772	903.79669
731.89899	888.19489
731.95032	894.98657
732.00159	906.7887
732.05292	899.98456
732.10419	903.88409
732.15546	906.68164
732.20679	906.30035
732.25806	894.47949
732.30939	894.362
732.36066	900.78546
732.41193	894.64966
732.46326	904.07819
732.51453	899.56769
732.56586	899.86023
732.61713	903.64752
732.6684	911.99396
732.71973	897.85413
732.771	901.33881
732.82227	908.06458
732.8736	903.35791
732.92487	901.94244
732.9762	906.82629
733.02747	916.78802
733.07874	901.03516
733.13007	905.5423
733.18134	905.638
733.23267	907.02991
733.28394	910.44965
733.33521	899.84674
733.38654	895.01074
733.43781	907.34186
733.48914	897.80609
733.54041	909.82159
733.59167	911.03339
733.64301	897.91962
733.69427	901.41974
733.74561	901.2135
733.79688	908.11469
733.84814	913.31146
733.89948	910.50201
733.95074	902.2099
734.00208	908.70746
734.05334	908.78387
734.10461	894.82343
734.15594	905.98969
734.20721	902.30884
734.25854	908.98602
734.30981	903.67444
734.36108	896.6969
734.41241	898.17926
734.46368	896.21332
734.51501	902.48474
734.56628	902.06378
734.61755	898.37543
734.66888	897.26709
734.72015	896.21918
734.77148	903.11383
734.82275	907.40265
734.87402	899.53351
734.92535	907.29272
734.97662	898.00287
735.02795	901.15607
735.07922	892.21234
735.13049	905.68994
735.18182	900.45062
735.23309	907.12482
735.28442	897.34369
735.33569	903.66821
735.38696	898.68365
735.43829	907.54456
735.48956	901.68988
735.54089	910.3056
735.59216	902.58167
735.64343	911.20856
735.69476	907.57526
735.74603	894.0177
735.7973	898.78339
735.84863	903.07751
735.8999	913.89105
735.95123	901.3562
736.0025	894.9873
736.05377	906.1795
736.1051	904.29767
736.15637	903.66058
736.2077	904.92108
736.25897	902.27966
736.31024	907.0426
736.36157	897.7832
736.41284	901.54462
736.46417	908.38855
736.51544	901.27448
736.56671	900.14374
736.61804	898.78644
736.66931	902.17572
736.72064	906.08679
736.77191	897.12689
736.82318	896.18597
736.87451	901.92426
736.92578	903.76776
736.97711	893.92444
737.02838	898.06525
737.07965	901.96588
737.13098	898.82031
737.18225	896.35077
737.23358	901.95166
737.28485	900.6449
737.33612	907.37189
737.38745	901.22198
737.43872	902.38568
737.49005	911.88098
737.54132	898.67853
737.59259	905.61713
737.64392	902.24744
737.69519	907.05267
737.74652	902.6358
737.79779	888.71973
737.84906	896.95856
737.90039	901.11774
737.95166	904.87408
738.00299	902.02679
738.05426	901.92078
738.10553	908.90588
738.15686	901.81573
738.20813	903.8457
738.25946	901.81781
738.31073	904.49188
738.362	903.99866
738.41333	896.65723
738.4646	892.9848
738.51593	894.54242
738.5672	909.80591
738.61847	905.42297
738.6698	897.87378
738.72107	904.43994
738.7724	899.07788
738.82367	895.6131
738.87494	907.37762
738.92627	909.96729
738.97754	898.2124
739.02881	894.02948
739.08014	896.92651
739.13141	897.15381
739.18274	904.54456
739.23401	902.04285
739.28528	905.47729
739.33661	907.05188
739.38788	908.54248
739.43921	902.84119
739.49048	908.49274
739.54175	905.07935
739.59308	903.42401
739.64435	900.86121
739.69568	903.28564
739.74695	902.54626
739.79822	897.65588
739.84955	898.9198
739.90082	903.0014
739.95215	904.83856
740.00342	897.25745
740.05469	897.91644
740.10602	900.70233
740.15729	901.89526
740.20862	895.8797
740.25989	901.74432
740.31116	897.8642
740.36249	901.11584
740.41376	903.70807
740.46509	906.883
740.51636	903.73932
740.56763	903.52527
740.61896	901.60419
740.67023	896.79358
740.72156	904.4325
740.77283	904.99982
740.8241	907.55103
740.87543	904.10901
740.9267	903.59949
740.97803	902.04041
741.0293	897.96503
741.08057	898.54041
741.1319	899.88745
741.18317	900.90143
741.2345	902.03259
741.28577	901.32483
741.33704	903.68713
741.38837	909.6701
741.43964	909.05566
741.49097	900.82037
741.54224	904.21234
741.59351	900.85321
741.64484	898.48651
741.69611	902.47754
741.74744	906.69281
741.79871	908.09314
741.84998	902.75726
741.90131	897.2713
741.95258	895.54736
742.00385	903.26361
742.05518	903.17426
742.10645	901.36658
742.15778	905.1181
742.20905	906.25342
742.26031	903.28821
742.31165	903.8291
742.36292	902.4306
742.41425	902.77423
742.46552	903.79901
742.51678	896.87781
742.56812	898.19617
742.61938	898.53693
742.67072	895.34412
742.72198	895.99445
742.77325	904.41547
742.82458	908.61407
742.87585	906.29077
742.92719	899.08167
742.97845	902.98816
743.02972	904.04639
743.08105	899.71143
743.13232	904.00928
743.18365	909.96375
743.23492	907.02991
743.28619	904.42963
743.33752	904.35358
743.38879	903.60321
743.44012	901.95612
743.49139	901.22223
743.54266	904.42334
743.59399	908.98285
743.64526	906.41199
743.69659	897.80377
743.74786	900.74744
743.79913	904.69861
743.85046	903.49329
743.90173	896.77295
743.95306	895.46344
744.00433	900.22852
744.0556	900.50024
744.10693	898.13068
744.1582	901.63867
744.20953	904.27197
744.2608	900.71185
744.31207	901.08765
744.3634	905.62561
744.41467	901.45831
744.466	897.21277
744.51727	896.87329
744.56854	897.39563
744.61987	901.67688
744.67114	900.80951
744.72247	896.03809
744.77374	899.11011
744.82501	905.50562
744.87634	905.5047
744.92761	898.38263
744.97894	897.4151
745.03021	897.39124
745.08148	894.79639
745.13281	894.78894
745.18408	897.77783
745.23535	899.58789
745.28668	898.80359
745.33795	899.52484
745.38928	904.1236
745.44055	905.04041
745.49182	904.09717
745.54315	903.91791
745.59442	904.4635
745.64575	909.94128
745.69702	904.44366
745.74829	902.92578
745.79962	903.18506
745.85089	903.64404
745.90222	904.82025
745.95349	902.10046
746.00476	902.40369
746.05609	905.75623
746.10736	900.41089
746.15869	896.88129
746.20996	898.92365
746.26123	902.56555
746.31256	900.03613
746.36383	892.54419
746.41516	898.2583
746.46643	904.15704
746.5177	898.4823
746.56903	895.83917
746.6203	902.83289
746.67163	902.50922
746.7229	900.49493
746.77417	900.16632
746.8255	902.71613
746.87677	908.52277
746.9281	904.56842
746.97937	901.11298
747.03064	904.05139
747.08197	908.09821
747.13324	905.7475
747.18457	898.39081
747.23584	899.54395
747.28711	898.37305
747.33844	901.66663
747.38971	902.95013
747.44104	897.95654
747.49231	897.11829
747.54358	902.85382
747.59491	900.85449
747.64618	901.47498
747.69751	905.56635
747.74878	901.4198
747.80005	897.28278
747.85138	899.70667
747.90265	904.90759
747.95398	914.74518
748.00525	905.41492
748.05652	898.75659
748.10785	912.39465
748.15912	904.67719
748.21039	904.05127
748.26172	900.13062
748.31299	903.39087
748.36432	912.27679
748.41559	904.02618
748.46686	898.68909
748.51819	902.90021
748.56946	902.32501
748.62079	895.35663
748.67206	896.42627
748.72333	907.6131
748.77466	903.61389
748.82593	898.11499
748.87726	898.59326
748.92853	903.09131
748.9798	900.49249
749.03113	888.49762
749.0824	898.34741
749.13373	900.48865
749.185	907.57739
749.23627	907.16425
749.2876	903.33466
749.33887	904.4906
749.3902	905.56921
749.44147	895.86841
749.49274	897.73145
749.54407	908.19159
749.59534	904.09192
749.64667	902.64661
749.69794	900.52991
749.74921	901.30579
749.80054	900.86798
749.85181	898.8667
749.90314	898.7973
749.95441	904.50586
750.00568	903.80695
750.05701	899.966
750.10828	906.69989
750.15961	908.69482
750.21088	907.40137
750.26215	896.68121
750.31348	899.68994
750.36475	905.66956
750.41608	906.26331
750.46735	902.65796
750.51862	902.67749
750.56995	898.99335
750.62122	908.50568
750.67255	901.63409
750.72382	903.62756
750.77509	905.2417
750.82642	903.54016
750.87769	898.4884
750.92902	906.55731
750.98029	900.33978
751.03156	903.39117
751.08289	895.58759
751.13416	897.76178
751.18549	899.67633
751.23676	897.92566
751.28802	899.07971
751.33936	893.44415
751.39063	911.45453
751.44189	903.72186
751.49323	908.43604
751.54449	917.64984
751.59583	908.99609
751.64709	902.51166
751.69836	899.18402
751.74969	900.17853
751.80096	903.85309
751.85229	896.35114
751.90356	892.82294
751.95483	897.30353
752.00616	902.8421
752.05743	901.32123
752.10876	902.47607
752.16003	905.10413
752.2113	909.52301
752.26263	905.52655
752.3139	901.83594
752.36523	901.22107
752.4165	907.44556
752.46777	908.07556
752.5191	902.73578
752.57037	906.27954
752.6217	905.93304
752.67297	898.68085
752.72424	897.00012
752.77557	902.99261
752.82684	906.95135
752.87817	901.26672
752.92944	907.10138
752.98071	900.39429
753.03204	898.07764
753.08331	907.56854
753.13464	893.77161
753.18591	903.25671
753.23718	897.94946
753.28851	897.63513
753.33978	900.9447
753.39111	900.75317
753.44238	906.14935
753.49365	910.93469
753.54498	896.93573
753.59625	898.57599
753.64758	913.22235
753.69885	901.45105
753.75012	904.44574
753.80145	906.01843
753.85272	899.17792
753.90405	900.0462
753.95532	901.5683
754.00659	911.53424
754.05792	907.1568
754.10919	901.03339
754.16052	900.5332
754.21179	897.521
754.26306	901.51556
754.31439	904.03436
754.36566	897.38495
754.41693	900.62335
754.46826	904.04193
754.51953	896.52594
754.57086	894.56061
754.62213	906.35822
754.6734	908.87988
754.72473	906.58276
754.776	896.2276
754.82733	896.93292
754.8786	891.08368
754.92987	905.70758
754.9812	896.32422
755.03247	898.28821
755.0838	894.92566
755.13507	908.14246
755.18634	894.41992
755.23767	898.86584
755.28894	905.50684
755.34027	901.73145
755.39154	899.50604
755.44281	896.83966
755.49414	903.61224
755.54541	900.9436
755.59674	901.49164
755.64801	906.37946
755.69928	908.396
755.75061	896.69568
755.80188	902.81799
755.85321	902.35986
755.90448	905.2713
755.95575	898.83154
756.00708	890.45435
756.05835	894.80414
756.10968	894.23145
756.16095	898.29736
756.21222	909.04242
756.26355	902.11218
756.31482	904.32007
756.36615	907.35999
756.41742	903.10083
756.46869	903.71741
756.52002	894.41083
756.57129	898.7735
756.62262	897.13849
756.67389	891.29608
756.72516	895.81616
756.77649	903.55023
756.82776	900.75854
756.87909	900.0708
756.93036	902.2757
756.98163	904.80389
757.03296	896.47705
757.08423	902.58063
757.13556	908.32343
757.18683	904.25909
757.2381	906.69476
757.28943	896.62579
757.3407	895.45978
757.39197	900.51581
757.4433	899.3941
757.49457	912.29706
757.5459	906.56616
757.59717	896.02484
757.64844	897.81213
757.69977	898.64569
757.75104	905.07123
757.80237	899.63739
757.85364	905.6463
757.90491	896.21729
757.95624	899.47607
758.00751	896.36957
758.05884	892.78656
758.11011	893.31256
758.16138	898.51691
758.21271	904.88263
758.26398	905.13635
758.31531	899.23706
758.36658	895.83759
758.41785	904.01898
758.46918	898.50928
758.52045	903.6839
758.57178	895.29376
758.62305	899.64307
758.67432	898.10236
758.72565	893.82568
758.77692	902.63306
758.82825	901.52045
758.87952	899.95422
758.93079	901.29218
758.98212	898.39063
759.03339	902.51862
759.08472	893.0531
759.13599	896.4939
759.18726	901.93799
759.23859	895.48962
759.28986	893.59753
759.34119	894.61993
759.39246	909.70325
759.44373	909.01892
759.49506	903.81073
759.54633	904.0069
759.59766	899.37988
759.64893	903.30249
759.7002	892.91571
759.75153	896.19318
759.8028	908.14478
759.85413	909.56323
759.9054	894.14215
759.95667	898.49542
760.008	904.30865
760.05927	901.42316
760.1106	900.01776
760.16187	902.65515
760.21313	903.13904
760.26447	905.67065
760.31573	898.52271
760.36707	898.38147
760.41833	903.14441
760.4696	900.13245
760.52094	903.25842
760.5722	900.50317
760.62347	900.1333
760.6748	902.8598
760.72607	897.49213
760.7774	896.23175
760.82867	895.30115
760.87994	906.61029
760.93127	904.90698
760.98254	893.86664
761.03387	896.26514
761.08514	900.99756
761.13641	904.12958
761.18774	905.43927
761.23901	894.57947
761.29034	911.53772
761.34161	898.58142
761.39288	899.27106
761.44421	903.99213
761.49548	905.73358
761.54681	901.13336
761.59808	903.57361
761.64935	898.27374
761.70068	901.69604
761.75195	895.83441
761.80328	893.00177
761.85455	901.54932
761.90582	901.84021
761.95715	902.94873
762.00842	900.73328
762.05975	905.87897
762.11102	895.62634
762.16229	890.83368
762.21362	895.89929
762.26489	912.21442
762.31622	900.6084
762.36749	906.36121
762.41876	905.35651
762.47009	905.46021
762.52136	908.91064
762.57269	900.02338
762.62396	897.82526
762.67523	900.47894
762.72656	903.36072
762.77783	895.30731
762.82916	908.15796
762.88043	900.98187
762.9317	898.65051
762.98303	897.77777
763.0343	890.505
763.08563	898.05597
763.1369	909.2533
763.18817	902.2453
763.2395	898.75128
763.29077	911.05695
763.3421	914.53644
763.39337	896.09344
763.44464	894.08691
763.49597	894.09338
763.54724	901.81085
763.59851	903.255
763.64984	903.37091
763.70111	908.18365
763.75244	908.40491
763.80371	896.19061
763.85498	901.15417
763.90631	907.07068
763.95758	900.25049
764.00891	896.98462
764.06018	903.4115
764.11145	904.40491
764.16278	906.60461
764.21405	900.00696
764.26538	901.99194
764.31665	899.37024
764.36792	894.77209
764.41925	893.8476
764.47052	900.43475
764.52185	903.33014
764.57312	898.10645
764.62439	894.65924
764.67572	900.66595
764.72699	904.50116
764.77832	900.92889
764.82959	900.0249
764.88086	903.24878
764.93219	902.99963
764.98346	891.35376
765.03479	893.62213
765.08606	900.43213
765.13733	899.18799
765.18866	903.94812
765.23993	900.74066
765.29126	906.04102
765.34253	905.4856
765.3938	897.52222
765.44513	901.32489
765.4964	903.01666
765.54773	908.07471
765.599	904.6153
765.65027	896.55927
765.7016	897.30896
765.75287	898.80847
765.8042	901.53552
765.85547	896.29932
765.90674	896.55267
765.95807	899.61768
766.00934	904.20984
766.06067	900.37958
766.11194	907.60132
766.16321	906.22308
766.21454	893.88379
766.26581	898.81262
766.31714	900.54163
766.36841	902.90613
766.41968	906.16132
766.47101	904.37024
766.52228	906.1416
766.57361	904.94043
766.62488	905.56531
766.67615	895.96277
766.72748	896.10535
766.77875	900.26367
766.83002	903.49005
766.88135	898.9422
766.93262	899.70721
766.98395	902.33612
767.03522	898.72937
767.08649	896.1261
767.13782	899.43408
767.18909	899.1582
767.24042	892.82922
767.29169	895.13934
767.34296	898.45422
767.39429	901.20313
767.44556	901.83295
767.49689	901.28284
767.54816	895.91089
767.59943	894.80377
767.65076	900.13806
767.70203	903.52948
767.75336	899.54327
767.80463	895.17267
767.8559	899.51367
767.90723	900.47211
767.9585	895.2002
768.00983	901.55029
768.0611	902.72894
768.11237	898.5755
768.1637	902.45862
768.21497	900.45062
768.2663	897.73779
768.31757	896.56604
768.36884	901.64282
768.42017	907.57941
768.47144	906.87311
768.52277	901.13257
768.57404	900.76227
768.62531	902.71021
768.67664	904.51898
768.72791	898.99652
768.77924	899.75232
768.83051	908.66608
768.88177	910.0014
768.93311	898.95514
768.98438	898.2641
769.03571	897.76276
769.08698	896.0575
769.13824	906.9776
769.18958	911.9444
769.24084	902.68732
769.29218	906.29132
769.34344	905.65485
769.39471	899.22711
769.44604	899.17627
769.49731	904.65863
769.54865	904.06848
769.59991	903.64777
769.65118	903.48248
769.70251	900.24969
769.75378	892.49902
769.80505	896.7738
769.85638	905.75525
769.90765	899.27771
769.95898	893.91541
770.01025	900.31012
770.06152	901.73163
770.11285	897.70276
770.16412	900.13446
770.21545	899.92816
770.26672	904.19818
770.31799	903.00037
770.36932	899.31342
770.42059	900.62769
770.47192	905.98505
770.52319	911.20068
770.57446	903.29773
770.62579	898.47467
770.67706	903.76184
770.72839	913.78723
770.77966	913.2063
770.83093	908.4433
770.88226	906.57031
770.93353	907.39813
770.98486	908.03027
771.03613	900.50079
771.0874	901.4657
771.13873	898.42816
771.19	895.52155
771.24133	900.98083
771.2926	904.00708
771.34387	901.8382
771.3952	899.50598
771.44647	900.94989
771.4978	902.51868
771.54907	901.83386
771.60034	897.289
771.65167	898.13574
771.70294	908.43756
771.75427	901.4436
771.80554	892.64185
771.85681	896.56152
771.90814	896.27527
771.95941	894.91785
772.01074	894.91461
772.06201	894.35309
772.11328	897.27966
772.16461	897.64386
772.21588	901.01514
772.26721	907.18536
772.31848	903.14465
772.36975	901.78186
772.42108	900.40015
772.47235	897.30096
772.52368	904.52277
772.57495	901.6015
772.62622	892.30847
772.67755	897.64941
772.72882	904.67432
772.78009	902.24017
772.83142	900.47137
772.88269	902.69397
772.93402	898.32281
772.98529	896.09015
773.03656	894.36328
773.08789	896.59808
773.13916	903.24536
773.19049	900.15253
773.24176	898.74463
773.29303	904.94611
773.34436	906.54614
773.39563	901.30707
773.44696	894.92773
773.49823	899.34949
773.5495	902.81848
773.60083	897.53137
773.6521	898.79462
773.70343	899.47406
773.7547	906.18292
773.80597	905.08221
773.8573	896.69379
773.90857	900.61224
773.9599	903.10742
774.01117	900.72144
774.06244	898.40118
774.11377	906.83496
774.16504	908.67896
774.21637	902.14832
774.26764	891.99371
774.31891	898.01752
774.37024	901.76703
774.42151	902.48254
774.47284	894.81543
774.52411	902.65289
774.57538	901.64154
774.62671	896.08301
774.67798	896.96002
774.72931	905.15881
774.78058	904.01428
774.83185	900.48975
774.88318	902.74945
774.93445	896.16461
774.98578	893.72864
775.03705	894.48999
775.08832	900.87122
775.13965	904.26434
775.19092	903.93921
775.24225	900.58948
775.29352	897.35492
775.34479	901.43414
775.39612	901.91132
775.44739	893.74158
775.49872	895.69604
775.54999	902.32104
775.60126	904.49817
775.65259	903.06287
775.70386	910.02887
775.75519	909.22009
775.80646	904.5564
775.85773	903.67426
775.90906	897.01221
775.96033	894.83142
776.0116	907.27148
776.06293	904.59418
776.1142	894.32379
776.16553	909.72821
776.2168	905.7887
776.26807	901.20068
776.3194	899.77924
776.37067	897.9021
776.422	903.75781
776.47327	900.24487
776.52454	898.75031
776.57587	898.62933
776.62714	904.867
776.67847	894.87561
776.72974	897.21851
776.78101	901.23138
776.83234	904.33661
776.88361	896.39374
776.93494	904.77789
776.98621	898.23444
777.03748	889.27362
777.08881	897.90106
777.14008	898.59406
777.19141	901.40656
777.24268	903.47516
777.29395	902.6366
777.34528	895.9176
777.39655	901.31403
777.44788	898.69122
777.49915	899.53699
777.55042	892.78278
777.60175	902.31122
777.65302	903.54071
777.70435	898.63922
777.75562	896.57959
777.80688	912.42529
777.85822	904.57074
777.90948	898.54877
777.96082	900.50964
778.01208	895.52893
778.06335	894.5683
778.11469	896.67316
778.16595	903.55402
778.21729	904.32166
778.26855	897.72394
778.31982	903.17285
778.37115	894.81622
778.42242	900.84302
778.47375	888.13525
778.52502	899.79401
778.57629	904.69177
778.62762	907.03479
778.67889	900.06714
778.73022	894.57068
778.78149	896.46484
778.83276	906.80615
778.88409	899.57556
778.93536	900.48187
778.98663	901.17761
779.03796	905.6886
779.08923	890.91321
779.14056	894.12573
779.19183	892.30371
779.2431	899.46106
779.29443	905.29834
779.3457	897.05334
779.39703	895.98608
779.4483	904.87537
779.49957	899.95807
779.5509	891.59753
779.60217	892.75861
779.6535	895.41754
779.70477	900.77124
779.75604	902.25665
779.80737	902.14429
779.85864	906.52972
779.90997	911.04388
779.96124	907.86743
780.01251	902.80792
780.06384	908.82001
780.11511	908.10284
780.16644	897.90112
780.21771	893.06122
780.26898	895.17438
780.32031	896.23065
780.37158	901.68805
780.42291	900.82849
780.47418	904.15979
780.52545	897.62756
780.57678	890.65784
780.62805	896.98578
780.67938	903.84039
780.73065	901.01227
780.78192	896.53625
780.83325	894.64526
780.88452	899.09454
780.93585	904.55408
780.98712	894.46033
781.03839	896.28998
781.08972	902.57257
781.14099	898.85248
781.19232	905.29718
781.24359	906.04132
781.29486	903.33441
781.34619	902.32751
781.39746	899.64746
781.44879	899.71008
781.50006	903.72791
781.55133	904.17743
781.60266	900.67719
781.65393	902.41406
781.70526	902.44574
781.75653	901.19714
781.8078	902.76501
781.85913	903.02618
781.9104	905.71667
781.96173	906.09668
782.013	900.93884
782.06427	897.1698
782.1156	909.61487
782.16687	903.05164
782.21814	895.99042
782.26947	900.78424
782.32074	905.75598
782.37207	897.26123
782.42334	894.51904
782.47461	900.45471
782.52594	903.33331
782.57721	904.12628
782.62854	900.57202
782.67981	898.08051
782.73108	902.24469
782.78241	901.75067
782.83368	899.74823
782.88501	905.26221
782.93628	909.69287
782.98755	901.06488
783.03888	901.4599
783.09015	911.95062
783.14148	911.96893
783.19275	902.30792
783.24402	901.55664
783.29535	909.05096
783.34662	910.54211
783.39795	911.44507
783.44922	905.26941
783.50049	911.78552
783.55182	912.52069
783.60309	910.27783
783.65442	911.4173
783.70569	906.60553
783.75696	907.1911
783.80829	904.31262
783.85956	904.24329
783.91089	914.2287
783.96216	921.67285
784.01343	911.15668
784.06476	905.43738
784.11603	911.9585
784.16736	911.90411
784.21863	904.90204
784.2699	908.11267
784.32123	911.14526
784.3725	913.83972
784.42383	903.56421
784.4751	907.74683
784.52637	914.90283
784.5777	918.92548
784.62897	908.83777
784.6803	911.95465
784.73157	907.94385
784.78284	911.62982
784.83417	906.81152
784.88544	900.42688
784.93677	908.76715
784.98804	912.85229
785.03931	911.59076
785.09064	911.09717
785.14191	917.23608
785.19318	920.63922
785.24451	904.6933
785.29578	912.67877
785.34711	917.66846
785.39838	906.87701
785.44965	903.26923
785.50098	910.37775
785.55225	908.79535
785.60358	902.29211
785.65485	912.69855
785.70612	905.8446
785.75745	908.27612
785.80872	912.45465
785.86005	919.04846
785.91132	907.09338
785.96259	911.13251
786.01392	919.05096
786.06519	925.33374
786.11652	912.67676
786.16779	900.26575
786.21906	912.57892
786.27039	912.20361
786.32166	913.85315
786.37299	918.63141
786.42426	917.15521
786.47552	919.81799
786.52686	912.46942
786.57813	917.70337
786.62946	906.52454
786.68073	903.10931
786.73199	911.71838
786.78333	916.87024
786.83459	906.2359
786.88593	900.19952
786.93719	916.65509
786.98846	909.14935
787.03979	923.03296
787.09106	911.90686
787.1424	911.84314
787.19366	906.96362
787.24493	911.42688
787.29626	916.388
787.34753	908.93848
787.39886	916.74036
787.45013	913.29437
787.5014	906.0675
787.55273	908.57562
787.604	910.08832
787.65533	925.19879
787.7066	909.08917
787.75787	909.9953
787.8092	916.65796
787.86047	916.82495
787.9118	919.97308
787.96307	912.3913
788.01434	911.93365
788.06567	913.20361
788.11694	908.30927
788.16827	912.77759
788.21954	911.63654
788.27081	913.70862
788.32214	913.64008
788.37341	917.71191
788.42468	921.52325
788.47601	917.69299
788.52728	911.06134
788.57861	913.49707
788.62988	922.23041
788.68115	916.82648
788.73248	912.20264
788.78375	914.69135
788.83508	918.70612
788.88635	919.82397
788.93762	914.56763
788.98895	914.07428
789.04022	923.95593
789.09155	921.7337
789.14282	920.37183
789.19409	914.1618
789.24542	927.78357
789.29669	918.75818
789.34802	915.23151
789.39929	916.69556
789.45056	917.60645
789.50189	917.64709
789.55316	911.55316
789.60449	918.78027
789.65576	929.45276
789.70703	923.56543
789.75836	919.15479
789.80963	921.42322
789.86096	921.9162
789.91223	917.75165
789.9635	921.24432
790.01483	922.38733
790.0661	917.46375
790.11743	920.06702
790.1687	919.09515
790.21997	921.6062
790.2713	928.03735
790.32257	930.54565
790.3739	926.92596
790.42517	927.5484
790.47644	931.79633
790.52777	931.05585
790.57904	925.86218
790.63037	920.03076
790.68164	917.83008
790.73291	922.4823
790.78424	924.89197
790.83551	927.31964
790.88684	925.85931
790.93811	926.49164
790.98938	930.83478
791.04071	926.74792
791.09198	923.79102
791.14331	924.52252
791.19458	922.19934
791.24585	920.78308
791.29718	928.67554
791.34845	930.38147
791.39972	918.80469
791.45105	915.14331
791.50232	934.8338
791.55365	936.21692
791.60492	920.00568
791.65619	915.79395
791.70752	921.77466
791.75879	926.586
791.81012	921.2984
791.86139	926.12561
791.91266	931.39392
791.96399	921.68549
792.01526	916.85712
792.06659	926.39667
792.11786	927.07739
792.16913	924.84448
792.22046	918.95691
792.27173	915.0575
792.32306	915.17902
792.37433	919.31879
792.4256	916.46381
792.47693	921.71674
792.5282	927.36261
792.57953	926.81134
792.6308	924.00977
792.68207	925.00189
792.7334	920.58551
792.78467	923.427
792.836	920.36725
792.88727	921.02533
792.93854	936.04108
792.98987	923.90332
793.04114	923.67822
793.09247	932.61255
793.14374	936.87854
793.19501	932.45209
793.24634	933.06812
793.29761	918.43622
793.34894	934.61133
793.40021	941.7627
793.45148	925.62311
793.50281	927.46667
793.55408	916.58411
793.60541	927.13336
793.65668	921.75922
793.70795	912.73425
793.75928	916.55621
793.81055	931.1673
793.86188	922.21045
793.91315	935.12531
793.96442	933.08087
794.01575	927.19653
794.06702	916.81201
794.11835	934.70514
794.16962	932.14728
794.22089	919.07324
794.27222	929.81567
794.32349	921.65839
794.37476	925.77094
794.42609	919.27789
794.47736	922.01379
794.52869	938.61694
794.57996	930.5047
794.63123	915.83752
794.68256	918.97632
794.73383	934.93536
794.78516	936.43219
794.83643	915.32562
794.8877	920.79828
794.93903	918.66406
794.9903	929.55072
795.04163	922.06348
795.0929	917.70374
795.14417	922.11761
795.1955	930.88849
795.24677	929.5553
795.2981	923.76489
795.34937	934.82465
795.40063	943.05359
795.45197	925.30786
795.50323	934.98517
795.55457	929.67535
795.60583	932.33661
795.6571	927.6095
795.70844	915.79254
795.7597	931.02972
795.81104	929.49316
795.8623	913.75403
795.91357	913.44855
795.9649	930.22137
796.01617	934.4126
796.0675	919.54797
796.11877	933.40057
796.17004	934.44952
796.22137	928.43976
796.27264	924.47217
796.32397	927.46448
796.37524	928.53363
796.42651	934.26764
796.47784	923.5365
796.52911	927.50299
796.58044	929.32361
796.63171	924.51843
796.68298	926.66241
796.73431	932.24011
796.78558	926.50177
796.83691	927.33093
796.88818	924.74829
796.93945	930.7666
796.99078	936.02765
797.04205	928.17743
797.09338	924.32574
797.14465	936.11401
797.19592	917.83423
797.24725	935.68329
797.29852	926.29755
797.34985	936.2312
797.40112	934.12823
797.45239	940.177
797.50372	926.20386
797.55499	924.21826
797.60626	932.15338
797.65759	937.47162
797.70886	928.05737
797.76019	926.42242
797.81146	941.91998
797.86273	938.05273
797.91406	941.76245
797.96533	936.60022
798.01666	936.3429
798.06793	927.04834
798.1192	917.87964
798.17053	921.16699
798.2218	927.45691
798.27313	936.74445
798.3244	923.44659
798.37567	937.13495
798.427	919.57874
798.47827	923.88391
798.5296	915.15979
798.58087	917.83582
798.63214	937.94574
798.68347	930.83929
798.73474	930.6969
798.78607	919.2085
798.83734	908.96332
798.88861	926.77759
798.93994	917.5473
798.99121	909.88995
799.04254	915.13586
799.09381	926.61804
799.14508	917.17126
799.19641	921.57361
799.24768	916.23761
799.29901	923.16241
799.35028	922.11182
799.40155	913.71606
799.45288	922.16089
799.50415	916.40363
799.55548	923.22699
799.60675	925.25574
799.65802	925.00262
799.70935	926.50323
799.76062	924.95471
799.81195	921.81604
799.86322	926.30444
799.91449	930.66925
799.96582	935.40912
800.01709	931.39362
800.06842	931.05145
800.11969	933.78302
800.17096	928.57941
800.22229	937.92114
800.27356	937.70654
800.32489	938.9978
800.37616	935.82007
800.42743	934.32843
800.47876	932.67651
800.53003	939.19476
800.5813	934.94806
800.63263	932.11407
800.6839	941.51727
800.73523	939.49176
800.7865	930.39227
800.83777	923.6319
800.8891	935.11835
800.94037	945.16669
800.9917	941.64813
801.04297	935.43268
801.09424	940.13483
801.14557	947.0675
801.19684	938.77289
801.24817	937.52533
801.29944	940.604
801.35071	937.7417
801.40204	927.49792
801.45331	939.28662
801.50464	948.90533
801.55591	943.1225
801.60718	938.41589
801.65851	942.10016
801.70978	953.00726
801.76111	941.88556
801.81238	930.67468
801.86365	934.30994
801.91498	943.16418
801.96625	940.7793
802.01758	935.77417
802.06885	934.01599
802.12012	932.64941
802.17145	929.23267
802.22272	931.65918
802.27405	943.65936
802.32532	937.74231
802.37659	929.70551
802.42792	932.32056
802.47919	941.00964
802.53052	939.58295
802.58179	935.05029
802.63306	938.07043
802.68439	938.48657
802.73566	937.61951
802.78699	937.96075
802.83826	933.46027
802.88953	927.33545
802.94086	933.11377
802.99213	924.93384
803.04346	923.52661
803.09473	930.73462
803.146	931.9577
803.19733	936.10864
803.2486	931.51501
803.29993	935.46753
803.3512	933.00922
803.40247	929.42908
803.4538	933.87634
803.50507	930.88342
803.5564	923.43512
803.60767	920.55945
803.65894	923.55463
803.71027	932.20123
803.76154	926.81879
803.81281	929.77521
803.86414	936.80066
803.91541	938.18738
803.96674	941.7085
804.01801	932.15277
804.06927	930.67432
804.12061	930.35004
804.17188	937.64813
804.22321	932.10645
804.27448	922.61432
804.32574	933.84167
804.37708	941.90741
804.42834	937.18164
804.47968	929.81915
804.53094	943.31
804.58221	945.74707
804.63354	933.84784
804.68481	930.27496
804.73615	932.6889
804.78741	937.83252
804.83868	939.57715
804.89001	933.81921
804.94128	938.82971
804.99261	949.6134
805.04388	939.33893
805.09515	948.65771
805.14648	943.13562
805.19775	939.58234
805.24908	943.36646
805.30035	940.77429
805.35162	934.98151
805.40295	941.30969
805.45422	949.03003
805.50555	940.40845
805.55682	944.68152
805.60809	940.24048
805.65942	935.3941
805.71069	932.98181
805.76202	941.50305
805.81329	924.83002
805.86456	932.90656
805.91589	938.07153
805.96716	942.75092
806.01849	941.08398
806.06976	937.22693
806.12103	942.52661
806.17236	940.18225
806.22363	955.91772
806.27496	936.12781
806.32623	936.94611
806.3775	946.34698
806.42883	946.71912
806.4801	933.30383
806.53143	935.1684
806.5827	930.22046
806.63397	945.86304
806.6853	940.33423
806.73657	942.3465
806.78784	938.92847
806.83917	935.82941
806.89044	937.46863
806.94177	934.79895
806.99304	935.55078
807.04431	945.08801
807.09564	932.26538
807.14691	927.77222
807.19824	942.08447
807.24951	952.31335
807.30078	948.70648
807.35211	925.04889
807.40338	934.49719
807.45471	945.54419
807.50598	932.63086
807.55725	935.69043
807.60858	949.43768
807.65985	932.75391
807.71118	940.5741
807.76245	938.73425
807.81372	942.62018
807.86505	942.49957
807.91632	939.6673
807.96765	940.93524
808.01892	945.99097
808.07019	935.87927
808.12152	938.93256
808.17279	930.53217
808.22412	942.59711
808.27539	952.14288
808.32666	936.62756
808.37799	937.42023
808.42926	944.31586
808.48059	942.73822
808.53186	948.46686
808.58313	928.55371
808.63446	954.82538
808.68573	942.22675
808.73706	939.21112
808.78833	936.48694
808.8396	935.02087
808.89093	930.84088
808.9422	929.28333
808.99353	941.43536
809.0448	935.99219
809.09607	935.43524
809.1474	930.5755
809.19867	947.34253
809.25	931.05359
809.30127	937.89124
809.35254	939.63965
809.40387	929.52313
809.45514	933.09674
809.50647	932.0824
809.55774	923.88464
809.60901	930.04828
809.66034	942.37781
809.71161	928.87469
809.76288	929.0246
809.81421	935.10791
809.86548	933.9267
809.91681	932.6665
809.96808	930.25708
810.01935	936.35675
810.07068	935.04944
810.12195	932.42108
810.17328	929.96881
810.22455	933.86505
810.27582	935.74353
810.32715	924.98859
810.37842	923.31671
810.42975	926.82025
810.48102	932.1853
810.53229	927.65936
810.58362	934.98517
810.63489	941.69739
810.68622	930.52411
810.73749	925.19159
810.78876	920.05518
810.84009	927.43951
810.89136	933.61426
810.94269	928.07666
810.99396	925.7403
811.04523	927.1842
811.09656	929.06598
811.14783	920.35468
811.19916	919.11395
811.25043	922.37848
811.3017	927.04419
811.35303	925.88483
811.4043	917.49243
811.45563	923.60577
811.5069	936.18896
811.55817	933.21698
811.6095	932.16858
811.66077	933.67566
811.7121	935.71973
811.76337	939.2309
811.81464	929.65375
811.86597	929.24414
811.91724	931.76257
811.96857	923.41003
812.01984	921.78479
812.07111	924.91541
812.12244	926.68231
812.17371	931.25964
812.22504	926.57697
812.27631	934.73712
812.32758	931.64594
812.37891	920.88708
812.43018	929.38446
812.48151	936.30072
812.53278	928.00488
812.58405	923.31641
812.63538	928.13019
812.68665	930.04962
812.73798	926.45093
812.78925	929.27649
812.84052	925.07062
812.89185	927.0459
812.94312	927.66504
812.99438	918.49652
813.04572	920.90247
813.09698	925.09033
813.14832	923.58575
813.19958	921.98669
813.25085	924.57013
813.30219	932.22638
813.35345	931.77191
813.40479	932.17957
813.45605	925.97809
813.50732	928.22516
813.55865	938.83722
813.60992	931.72058
813.66125	929.4798
813.71252	938.30792
813.76379	946.23218
813.81512	926.18402
813.86639	922.31512
813.91772	921.08557
813.96899	922.34674
814.02026	924.36096
814.07159	925.54346
814.12286	938.32257
814.17419	921.22137
814.22546	923.69696
814.27673	928.16357
814.32806	936.53687
814.37933	931.57782
814.43066	920.98743
814.48193	921.50055
814.5332	923.51434
814.58453	921.90546
814.6358	929.94324
814.68713	916.89636
814.7384	925.01202
814.78967	928.52802
814.841	924.00476
814.89227	929.42828
814.9436	928.76428
814.99487	925.82465
815.04614	933.50732
815.09747	924.90076
815.14874	922.74969
815.20007	938.65997
815.25134	918.74847
815.30261	924.7951
815.35394	930.50281
815.40521	918.75616
815.45654	920.00385
815.50781	927.14539
815.55908	913.83087
815.61041	916.19019
815.66168	922.95496
815.71301	912.60449
815.76428	924.13574
815.81555	927.76904
815.86688	917.92743
815.91815	921.69794
815.96942	936.74194
816.02075	921.68689
816.07202	928.48682
816.12335	926.07056
816.17462	922.87317
816.22589	925.86157
816.27722	908.29224
816.32849	931.09735
816.37982	922.22693
816.43109	917.76556
816.48236	912.87683
816.53369	930.74591
816.58496	930.33844
816.63629	926.62952
816.68756	918.3092
816.73883	917.65735
816.79016	920.27948
816.84143	919.72504
816.89276	919.73517
816.94403	911.2699
816.9953	913.82056
817.04663	915.92676
817.0979	916.86938
817.14923	923.88214
817.2005	924.74469
817.25177	929.9118
817.3031	924.49664
817.35437	918.84943
817.4057	916.07477
817.45697	922.08069
817.50824	922.84424
817.55957	929.60736
817.61084	933.6709
817.66217	929.53247
817.71344	922.72266
817.76471	915.82513
817.81604	928.99469
817.86731	943.65875
817.91864	927.94104
817.96991	925.50427
818.02118	931.91791
818.07251	933.14679
818.12378	919.87781
818.17511	925.5777
818.22638	929.61652
818.27765	924.30127
818.32898	926.64026
818.38025	928.3136
818.43158	927.26862
818.48285	929.78802
818.53412	928.19238
818.58545	925.29559
818.63672	930.53131
818.68805	927.8017
818.73932	923.95734
818.79059	929.65015
818.84192	935.02502
818.89319	926.5141
818.94452	932.08649
818.99579	937.08636
819.04706	922.46265
819.09839	914.78296
819.14966	922.74384
819.20093	931.51166
819.25226	923.08655
819.30353	920.61237
819.35486	917.61346
819.40613	925.91791
819.4574	929.13525
819.50873	924.42841
819.56	920.0658
819.61133	916.72333
819.6626	920.67365
819.71387	924.91089
819.7652	934.37592
819.81647	929.82764
819.8678	924.5976
819.91907	927.49835
819.97034	930.29474
820.02167	924.72845
820.07294	925.86633
820.12427	927.57397
820.17554	928.58264
820.22681	912.15063
820.27814	919.82501
820.32941	927.66394
820.38074	924.70428
820.43201	932.08533
820.48328	931.29138
820.53461	936.72601
820.58588	919.85046
820.63721	931.49023
820.68848	925.07874
820.73975	916.75391
820.79108	922.93109
820.84235	931.90228
820.89368	945.52399
820.94495	924.79907
820.99622	934.84814
821.04755	920.85327
821.09882	929.24921
821.15015	917.42841
821.20142	917.77478
821.25269	929.45868
821.30402	923.93915
821.35529	924.80359
821.40662	927.80737
821.45789	930.75299
821.50916	921.78577
821.56049	920.24103
821.61176	936.07703
821.66309	915.11816
821.71436	921.92377
821.76563	923.64001
821.81696	920.96301
821.86823	923.06091
821.91956	925.73553
821.97083	924.53278
822.02209	922.57538
822.07343	929.75433
822.12469	934.45282
822.17596	918.22925
822.22729	922.26691
822.27856	931.28711
822.3299	933.18213
822.38116	930.68903
822.43243	934.46985
822.48376	931.31396
822.53503	926.22955
822.58636	930.5824
822.63763	928.2276
822.6889	937.06213
822.74023	936.41766
822.7915	930.85431
822.84283	927.07117
822.8941	926.6889
822.94537	936.50012
822.9967	943.46045
823.04797	929.25519
823.0993	929.04883
823.15057	931.52997
823.20184	927.95306
823.25317	926.79712
823.30444	933.44391
823.35577	926.14581
823.40704	926.9986
823.45831	930.10931
823.50964	931.11658
823.56091	934.07141
823.61224	934.03998
823.66351	935.03491
823.71478	937.59631
823.76611	936.03613
823.81738	919.45117
823.86871	918.31396
823.91998	930.67218
823.97125	934.71063
824.02258	932.58392
824.07385	928.82263
824.12518	933.30951
824.17645	934.33856
824.22772	933.39581
824.27905	935.90271
824.33032	935.79315
824.38165	929.43872
824.43292	928.72113
824.48419	932.42236
824.53552	930.57416
824.58679	932.34912
824.63812	931.3183
824.68939	930.06531
824.74066	927.19867
824.79199	932.31744
824.84326	937.49615
824.89459	928.90631
824.94586	932.31866
824.99713	934.22717
825.04846	928.84705
825.09973	928.91064
825.15106	929.87024
825.20233	923.57343
825.2536	932.22302
825.30493	926.79883
825.3562	929.43994
825.40747	927.43549
825.4588	932.62311
825.51007	940.19482
825.5614	934.94598
825.61267	935.99731
825.66394	940.82861
825.71527	936.27637
825.76654	941.36218
825.81787	932.21368
825.86914	925.72778
825.92041	933.28784
825.97174	939.98657
826.02301	927.10931
826.07434	932.72192
826.12561	929.47919
826.17688	928.88501
826.22821	924.37976
826.27948	926.62372
826.33081	929.65497
826.38208	936.41675
826.43335	928.40375
826.48468	936.46533
826.53595	932.07544
826.58728	934.81012
826.63855	928.98566
826.68982	938.83685
826.74115	937.93848
826.79242	947.65991
826.84375	931.89465
826.89502	931.75134
826.94629	929.00262
826.99762	950.88538
827.04889	933.23389
827.10022	924.28619
827.15149	929.6004
827.20276	936.50824
827.25409	932.90057
827.30536	932.78217
827.35669	932.16083
827.40796	932.77838
827.45923	925.45154
827.51056	923.38702
827.56183	925.21692
827.61316	921.54108
827.66443	922.42072
827.7157	931.27924
827.76703	928.32947
827.8183	937.98529
827.86963	925.55682
827.9209	917.91022
827.97217	919.96436
828.0235	926.98224
828.07477	928.52203
828.1261	926.06934
828.17737	931.01031
828.22864	932.18951
828.27997	928.0871
828.33124	931.60712
828.38251	922.62842
828.43384	926.27081
828.48511	924.37219
828.53644	925.16327
828.58771	929.29803
828.63898	922.31696
828.69031	923.73584
828.74158	929.9364
828.79291	935.20605
828.84418	927.20416
828.89545	920.8255
828.94678	921.46301
828.99805	923.76154
829.04938	925.95984
829.10065	928.38953
829.15192	937.99158
829.20325	936.18842
829.25452	928.92938
829.30585	922.46655
829.35712	926.26868
829.40839	930.57141
829.45972	929.07507
829.51099	918.86255
829.56232	919.2395
829.61359	924.93463
829.66486	919.39691
829.71619	917.81622
829.76746	922.12683
829.81879	921.98975
829.87006	924.23737
829.92133	925.26831
829.97266	927.66791
830.02393	929.63391
830.07526	910.2113
830.12653	915.54492
830.1778	925.30627
830.22913	922.51202
830.2804	917.94482
830.33173	916.94495
830.383	918.49072
830.43427	918.94647
830.4856	925.30792
830.53687	913.23907
830.5882	921.39673
830.63947	930.58154
830.69073	923.54681
830.74207	907.47308
830.79333	912.71814
830.84467	928.81464
830.89594	918.55518
830.9472	926.81934
830.99854	931.58728
831.0498	923.67999
831.10114	924.81757
831.1524	915.52441
831.20367	914.95758
831.255	933.31073
831.30627	921.25519
831.35754	907.1203
831.40887	912.95947
831.46014	926.94891
831.51147	925.67804
831.56274	914.4173
831.61401	926.82471
831.66534	923.50305
831.71661	916.80603
831.76794	927.23309
831.81921	919.61542
831.87048	925.13403
831.92181	918.78357
831.97308	925.0965
832.02441	924.29761
832.07568	913.36346
832.12695	911.11163
832.17828	917.66949
832.22955	921.15912
832.28088	919.79407
832.33215	911.81244
832.38342	916.52789
832.43475	924.07672
832.48602	927.78156
832.53735	919.0061
832.58862	921.97754
832.63989	923.66339
832.69122	922.12878
832.74249	907.06573
832.79382	907.51135
832.84509	918.89404
832.89636	925.19843
832.94769	917.50574
832.99896	923.61938
833.05029	924.86487
833.10156	926.43329
833.15283	921.18274
833.20416	919.8736
833.25543	924.41144
833.30676	918.00745
833.35803	913.91791
833.4093	919.98932
833.46063	923.29834
833.5119	928.44434
833.56323	929.49518
833.6145	932.55078
833.66577	936.51392
833.7171	933.26001
833.76837	927.81348
833.8197	925.37762
833.87097	925.90424
833.92224	927.60541
833.97357	927.94159
834.02484	935.6239
834.07617	932.47357
834.12744	928.99121
834.17871	929.73029
834.23004	937.46924
834.28131	943.76135
834.33264	937.12286
834.38391	935.03925
834.43518	941.66846
834.48651	945.10486
834.53778	943.99017
834.58905	952.91553
834.64038	947.22058
834.69165	962.71313
834.74298	962.51538
834.79425	963.53308
834.84552	964.22144
834.89685	967.99872
834.94812	970.80219
834.99945	963.44983
835.05072	976.34595
835.10199	986.92883
835.15332	982.32385
835.20459	984.14081
835.25592	988.26434
835.30719	982.59375
835.35846	1004.3631
835.40979	1006.8885
835.46106	989.48798
835.51239	987.97961
835.56366	987.48096
835.61493	1002.2206
835.66626	1003.6603
835.71753	999.82288
835.76886	1010.5776
835.82013	1001.7506
835.8714	1009.4395
835.92273	1003.9725
835.974	1004.3939
836.02533	997.74023
836.0766	1008.6589
836.12787	1013.4451
836.1792	1012.6122
836.23047	1012.5744
836.2818	1015.4144
836.33307	1006.8007
836.38434	1013.1148
836.43567	1007.5546
836.48694	1002.1042
836.53827	1009.6466
836.58954	1010.759
836.64081	1020.4957
836.69214	1018.0611
836.74341	1007.367
836.79474	1004.2986
836.84601	996.11072
836.89728	999.95026
836.94861	1006.0693
836.99988	1012.6802
837.05121	1010.785
837.10248	1014.5843
837.15375	1009.9389
837.20508	1001.4146
837.25635	1007.4309
837.30768	1017.2259
837.35895	1016.1751
837.41022	1021.0706
837.46155	1023.0942
837.51282	1027.6439
837.56409	1033.639
837.61542	1041.0962
837.66669	1038.827
837.71802	1041.0872
837.76929	1044.8478
837.82056	1056.1837
837.87189	1099.9761
837.92316	1088.2618
837.97449	1080.1105
838.02576	1102.7914
838.07703	1111.4764
838.12836	1143.8906
838.17963	1157.5925
838.23096	1164.9528
838.28223	1184.2347
838.3335	1196.074
838.38483	1173.4945
838.4361	1195.0573
838.48743	1214.3917
838.5387	1201.4189
838.58997	1218.9814
838.6413	1230.6162
838.69257	1221.1978
838.7439	1230.0076
838.79517	1229.9879
838.84644	1204.5776
838.89777	1179.1224
838.94904	1200.8699
839.00037	1197.7544
839.05164	1178.0618
839.10291	1185.1273
839.15424	1146.541
839.20551	1152.2822
839.25684	1105.4148
839.30811	1114.2607
839.35938	1116.9237
839.41071	1115.1138
839.46198	1132.3833
839.51331	1084.4348
839.56458	1108.5277
839.61584	1095.1921
839.66718	1084.0737
839.71844	1113.8815
839.76978	1073.998
839.82104	1070.7848
839.87231	1059.2113
839.92365	1101.1727
839.97491	1078.1611
840.02625	1101.8639
840.07751	1079.2159
840.12878	1067.5629
840.18011	1088.7422
840.23138	1084.7906
840.28271	1084.1218
840.33398	1105.2372
840.38525	1106.3005
840.43658	1097.5416
840.48785	1080.3687
840.53918	1097.0438
840.59045	1098.5598
840.64172	1109.0643
840.69305	1112.4235
840.74432	1096.9133
840.79559	1086.9719
840.84692	1071.332
840.89819	1089.7461
840.94952	1088.1252
841.00079	1105.2534
841.05206	1102.6858
841.10339	1088.306
841.15466	1079.5571
841.20599	1071.9933
841.25726	1071.4031
841.30853	1065.3289
841.35986	1077.688
841.41113	1066.7188
841.46246	1060.8525
841.51373	1065.5734
841.565	1086.2152
841.61633	1066.647
841.6676	1060.2361
841.71893	1075.9651
841.7702	1070.3143
841.82147	1040.0731
841.8728	1038.845
841.92407	1070.5204
841.9754	1055.6135
842.02667	1049.2026
842.07794	1057.6919
842.12927	1049.0161
842.18054	1034.5023
842.23187	1034.4691
842.28314	1038.8865
842.33441	1042.1559
842.38574	1043.7955
842.43701	1049.8765
842.48834	1057.4218
842.53961	1057.2247
842.59088	1062.9106
842.64221	1054.3274
842.69348	1049.2096
842.74481	1055.6239
842.79608	1064.9177
842.84735	1080.0865
842.89868	1087.1387
842.94995	1083.8625
843.00128	1075.4487
843.05255	1077.8994
843.10382	1077.729
843.15515	1076.8452
843.20642	1081.8877
843.25775	1084.6544
843.30902	1085.6641
843.36029	1079.6329
843.41162	1072.7068
843.46289	1063.8406
843.51422	1065.217
843.56549	1067.8459
843.61676	1071.499
843.66809	1061.3257
843.71936	1061.8575
843.77063	1068.7164
843.82196	1067.4337
843.87323	1065.4203
843.92456	1054.1722
843.97583	1062.2192
844.0271	1074.3894
844.07843	1059.3948
844.1297	1067.1544
844.18103	1050.5972
844.2323	1053.1205
844.28357	1066.7673
844.3349	1054.2987
844.38617	1049.1018
844.4375	1059.116
844.48877	1070.6738
844.54004	1074.6802
844.59137	1064.7454
844.64264	1047.6017
844.69397	1071.8047
844.74524	1093.7543
844.79651	1081.2922
844.84784	1072.2198
844.89911	1047.3047
844.95044	1068.8818
845.00171	1062.6959
845.05298	1061.1119
845.10431	1063.7697
845.15558	1062.3221
845.20691	1082.0165
845.25818	1075.8931
845.30945	1072.3486
845.36078	1031.1398
845.41205	1022.4763
845.46338	1048.6913
845.51465	1059.7097
845.56592	1033.9835
845.61725	1044.843
845.66852	1049.0643
845.71985	1041.1647
845.77112	1045.0613
845.82239	1032.0962
845.87372	1029.8994
845.92499	1020.5332
845.97632	1032.8771
846.02759	1026.3717
846.07886	1013.4297
846.13019	1033.7192
846.18146	1027.1908
846.23279	1015.3463
846.28406	1008.4749
846.33533	1020.1772
846.38666	1015.8081
846.43793	1041.1589
846.48926	1020.8027
846.54053	1024.7062
846.5918	1022.2868
846.64313	1020.549
846.6944	1009.1858
846.74573	1018.5955
846.797	1018.0334
846.84827	1025.1458
846.8996	1022.8076
846.95087	1030.6638
847.00214	1034.3219
847.05347	1027.9054
847.10474	1028.6212
847.15607	1033.9103
847.20734	1034.5522
847.25861	1026.3014
847.30994	1016.999
847.36121	1024.4305
847.41254	1026.2295
847.46381	1012.0867
847.51508	1030.9933
847.56641	1017.1661
847.61768	1012.8585
847.66901	1021.0692
847.72028	1022.2192
847.77155	1012.9659
847.82288	1025.7085
847.87415	1028.4784
847.92548	1015.1661
847.97675	1015.1461
848.02802	1022.3015
848.07935	1018.4337
848.13062	1025.4714
848.18195	1025.8157
848.23322	1024.1598
848.28448	1022.2933
848.33582	1012.5312
848.38708	1008.0533
848.43842	1010.6752
848.48969	1012.1995
848.54095	1003.2952
848.59229	990.58868
848.64355	1005.752
848.69489	1007.6288
848.74615	1013.8241
848.79742	1014.7465
848.84875	1012.6337
848.90002	1021.0914
848.95135	1006.5278
849.00262	1004.8431
849.05389	998.8808
849.10522	994.91644
849.15649	999.70795
849.20782	1004.3927
849.25909	1000.9453
849.31036	994.85687
849.36169	1001.9378
849.41296	1007.5457
849.46429	997.07263
849.51556	992.1792
849.56683	980.03705
849.61816	996.1626
849.66943	1015.1805
849.72076	988.70422
849.77203	994.00568
849.8233	1001.4744
849.87463	999.86365
849.9259	985.862
849.97717	994.88727
850.0285	990.14771
850.07977	984.93164
850.1311	989.133
850.18237	978.4964
850.23364	974.49902
850.28497	988.73553
850.33624	988.59448
850.38757	960.16791
850.43884	983.6546
850.49011	979.13031
850.54144	981.81885
850.59271	980.3631
850.64404	977.41425
850.69531	980.94702
850.74658	968.87872
850.79791	984.47937
850.84918	977.45685
850.90051	983.06744
850.95178	968.36322
851.00305	949.21527
851.05438	956.26788
851.10565	963.33929
851.15698	970.05591
851.20825	964.95959
851.25952	959.86768
851.31085	971.59521
851.36212	962.2793
851.41345	962.30115
851.46472	952.30103
851.51599	953.51746
851.56732	955.41278
851.61859	950.69861
851.66992	962.4198
851.72119	966.4328
851.77246	944.05756
851.82379	944.21442
851.87506	949.39154
851.92639	947.40802
851.97766	936.00922
852.02893	940.67706
852.08026	948.85327
852.13153	955.69171
852.18286	942.89758
852.23413	931.73108
852.2854	942.62054
852.33673	947.86194
852.388	936.78839
852.43933	937.04779
852.4906	931.1806
852.54187	929.26892
852.5932	937.94537
852.64447	932.88971
852.6958	932.57434
852.74707	930.72162
852.79834	923.28015
852.84967	923.92749
852.90094	934.01154
852.95221	932.02075
853.00354	927.23175
853.05481	929.34601
853.10614	933.9693
853.15741	926.44891
853.20868	913.32391
853.26001	918.7619
853.31128	922.89856
853.36261	918.26093
853.41388	918.7345
853.46515	917.1814
853.51648	915.80194
853.56775	919.3689
853.61908	916.8985
853.67035	920.99188
853.72162	927.24261
853.77295	921.48145
853.82422	915.48376
853.87555	919.0257
853.92682	922.24567
853.97809	912.32294
854.02942	915.078
854.08069	917.68146
854.13202	918.20758
854.18329	913.2713
854.23456	903.49475
854.28589	905.74591
854.33716	911.73846
854.38849	911.12775
854.43976	918.16882
854.49103	917.59967
854.54236	914.77051
854.59363	917.26971
854.64496	909.84357
854.69623	908.03339
854.7475	908.25806
854.79883	912.25244
854.8501	914.06958
854.90143	909.33228
854.9527	900.76721
855.00397	906.8576
855.0553	917.67065
855.10657	909.73108
855.1579	915.28729
855.20917	909.15137
855.26044	901.96222
855.31177	905.82556
855.36304	914.57544
855.41437	914.33368
855.46564	911.43164
855.51691	911.26965
855.56824	903.52356
855.61951	913.06769
855.67084	918.22675
855.72211	913.23633
855.77338	897.40656
855.82471	906.40472
855.87598	911.0506
855.92731	905.66541
855.97858	912.73633
856.02985	904.84869
856.08118	911.94281
856.13245	907.70807
856.18372	902.06677
856.23505	901.22357
856.28632	908.80219
856.33765	910.72467
856.38892	899.44818
856.44019	891.0918
856.49152	901.69788
856.54279	907.90906
856.59412	905.0885
856.64539	899.65112
856.69666	899.29559
856.74799	905.81879
856.79926	902.31335
856.85059	897.06451
856.90186	902.79907
856.95313	910.31677
857.00446	907.6391
857.05573	909.32709
857.10706	900.61084
857.15833	901.95221
857.20959	905.00037
857.26093	907.59131
857.31219	906.29663
857.36353	908.55432
857.41479	909.58276
857.46606	903.29919
857.5174	901.12335
857.56866	903.14813
857.62	904.73694
857.67126	898.14032
857.72253	895.27594
857.77386	903.71802
857.82513	903.85443
857.87646	902.80109
857.92773	899.2439
857.979	897.3855
858.03033	896.11804
858.0816	896.02606
858.13293	908.87427
858.1842	912.7666
858.23547	905.25122
858.2868	902.3114
858.33807	904.72717
858.3894	905.08032
858.44067	897.40515
858.49194	900.35596
858.54327	899.74664
858.59454	904.62427
858.64587	903.5813
858.69714	899.93951
858.74841	896.51208
858.79974	902.45142
858.85101	903.14368
858.90234	902.32068
858.95361	907.57458
859.00488	909.3222
859.05621	901.5799
859.10748	907.19202
859.15875	900.53168
859.21008	902.3847
859.26135	900.85291
859.31268	907.85022
859.36395	899.1485
859.41522	897.32837
859.46655	898.20251
859.51782	893.90076
859.56915	907.70447
859.62042	904.77704
859.67169	894.17474
859.72302	898.0127
859.77429	901.17578
859.82562	902.29437
859.87689	895.52917
859.92816	893.36646
859.97949	909.29474
860.03076	908.23877
860.08209	898.38324
860.13336	900.75854
860.18463	912.34003
860.23596	911.38086
860.28723	896.77667
860.33856	902.25714
860.38983	902.23206
860.4411	910.00995
860.49243	905.61102
860.5437	895.39075
860.59503	907.75067
860.6463	904.02405
860.69757	901.65204
860.7489	900.02667
860.80017	905.75543
860.8515	898.92462
860.90277	896.67511
860.95404	897.44257
861.00537	904.84937
861.05664	896.30182
861.10797	896.11066
861.15924	903.93286
861.21051	904.75232
861.26184	901.78558
861.31311	898.68408
861.36444	898.677
861.41571	902.65222
861.46698	905.05048
861.51831	890.46802
861.56958	893.62799
861.62091	907.40387
861.67218	906.6864
861.72345	899.08514
861.77478	900.47797
861.82605	901.18903
861.87738	897.26514
861.92865	891.81165
861.97992	894.35687
862.03125	896.89197
862.08252	896.80499
862.13385	894.83508
862.18512	892.72766
862.23639	896.41602
862.28772	894.06775
862.33899	892.30402
862.39026	892.5752
862.44159	901.78845
862.49286	898.36511
862.54419	898.76453
862.59546	904.98376
862.64673	899.06012
862.69806	894.69983
862.74933	901.2934
862.80066	909.31604
862.85193	899.17242
862.9032	900.96472
862.95453	904.87048
863.0058	902.35132
863.05713	897.53021
863.1084	901.08856
863.15967	909.56537
863.211	901.65839
863.26227	897.73816
863.3136	899.90082
863.36487	895.2843
863.41614	893.5246
863.46747	901.29065
863.51874	895.26563
863.57007	895.29517
863.62134	899.06348
863.67261	895.66583
863.72394	900.11487
863.77521	892.73035
863.82654	895.31006
863.87781	892.43921
863.92908	894.39252
863.98041	887.49139
864.03168	895.55109
864.08301	901.08472
864.13428	893.50543
864.18555	895.26917
864.23688	893.40106
864.28815	894.05328
864.33948	900.08228
864.39075	898.12659
864.44202	902.59851
864.49335	896.66473
864.54462	892.72894
864.59595	895.9754
864.64722	904.53583
864.69849	907.18805
864.74982	896.89984
864.80109	892.55615
864.85242	894.9519
864.90369	893.23602
864.95496	899.78851
865.00629	897.11847
865.05756	900.22125
865.10889	897.10248
865.16016	894.78729
865.21143	893.79089
865.26276	896.65131
865.31403	895.61804
865.3653	898.65613
865.41663	899.00085
865.4679	900.19196
865.51923	895.88263
865.5705	892.85785
865.62177	894.77344
865.6731	902.92194
865.72437	902.77588
865.7757	891.96265
865.82697	891.45172
865.87823	899.6709
865.92957	899.01654
865.98083	893.42731
866.03217	897.92688
866.08344	897.9693
866.1347	892.47784
866.18604	895.86743
866.2373	895.7196
866.28864	901.02576
866.3399	900.90692
866.39117	899.09467
866.4425	902.13538
866.49377	900.67908
866.5451	897.32764
866.59637	896.43665
866.64764	900.09473
866.69897	902.93042
866.75024	892.03662
866.80157	889.21368
866.85284	905.21265
866.90411	900.61261
866.95544	899.25836
867.00671	890.30066
867.05804	889.2887
867.10931	894.60352
867.16058	890.20258
867.21191	891.22308
867.26318	890.54413
867.31451	899.62061
867.36578	900.4483
867.41705	885.31226
867.46838	897.88782
867.51965	900.40021
867.57098	890.56561
867.62225	902.44855
867.67352	901.66028
867.72485	913.00214
867.77612	899.02991
867.82745	891.5531
867.87872	907.54553
867.92999	896.72595
867.98132	898.72461
868.03259	892.21924
868.08392	892.06036
868.13519	901.42102
868.18646	896.43988
868.23779	901.28418
868.28906	899.11737
868.34033	893.66968
868.39166	894.9054
868.44293	896.70038
868.49426	897.21454
868.54553	894.87335
868.5968	893.26215
868.64813	898.11151
868.6994	894.6347
868.75073	895.90454
868.802	889.48462
868.85327	894.29608
868.9046	898.73523
868.95587	895.55652
869.0072	891.27863
869.05847	894.42468
869.10974	897.633
869.16107	895.56793
869.21234	895.82184
869.26367	897.13788
869.31494	901.04407
869.36621	899.98346
869.41754	897.34583
869.46881	895.60645
869.52014	902.94678
869.57141	901.30414
869.62268	893.59949
869.67401	895.03217
869.72528	895.05786
869.77661	893.48468
869.82788	892.21252
869.87915	896.04608
869.93048	895.82141
869.98175	896.5318
870.03308	903.05908
870.08435	901.93262
870.13562	892.5011
870.18695	889.49084
870.23822	890.24786
870.28955	892.03467
870.34082	897.99622
870.39209	895.4881
870.44342	901.03131
870.49469	901.66315
870.54602	898.10724
870.59729	890.59912
870.64856	900.90137
870.69989	899.81885
870.75116	894.95746
870.80249	889.88342
870.85376	893.25403
870.90503	896.36145
870.95636	893.59418
871.00763	897.44086
871.05896	893.50635
871.11023	897.50464
871.1615	897.62762
871.21283	901.41528
871.2641	899.80988
871.31543	903.58789
871.3667	893.42493
871.41797	901.22852
871.4693	891.12408
871.52057	895.92468
871.57184	896.81842
871.62317	889.03265
871.67444	895.96094
871.72577	894.91437
871.77704	898.79236
871.82831	891.35944
871.87964	888.50226
871.93091	895.45251
871.98224	902.63049
872.03351	894.8667
872.08478	899.59277
872.13611	895.89679
872.18738	894.90131
872.23871	897.03101
872.28998	891.77997
872.34125	893.61902
872.39258	897.71912
872.44385	892.76178
872.49518	890.99451
872.54645	895.52637
872.59772	893.19989
872.64905	889.56592
872.70032	890.01849
872.75165	895.11475
872.80292	898.00183
872.85419	896.44305
872.90552	896.65094
872.95679	897.53253
873.00812	897.53333
873.05939	886.6087
873.11066	892.62134
873.16199	900.53564
873.21326	893.33386
873.26459	889.53723
873.31586	892.28497
873.36713	906.19183
873.41846	901.48352
873.46973	895.33777
873.52106	898.29272
873.57233	901.84149
873.6236	892.367
873.67493	890.34235
873.7262	902.75647
873.77753	909.69556
873.8288	901.23615
873.88007	890.92114
873.9314	889.54724
873.98267	895.81244
874.034	898.37097
874.08527	893.91296
874.13654	902.04205
874.18787	900.63165
874.23914	892.74438
874.29047	898.50543
874.34174	893.58673
874.39301	897.52966
874.44434	896.47345
874.49561	894.27112
874.54688	890.58014
874.59821	902.30695
874.64948	890.08563
874.70081	893.70691
874.75208	888.93866
874.80334	895.40283
874.85468	884.58301
874.90594	890.30804
874.95728	894.57629
875.00854	898.78241
875.05981	897.21039
875.11115	890.5752
875.16241	893.02832
875.21375	892.70624
875.26501	895.86841
875.31628	896.25049
875.36761	896.57312
875.41888	898.21881
875.47021	895.7348
875.52148	895.63776
875.57275	899.77203
875.62408	896.90509
875.67535	891.10852
875.72668	893.32239
875.77795	898.30792
875.82922	893.60992
875.88055	895.07227
875.93182	902.22095
875.98315	901.78351
876.03442	892.63257
876.08569	888.57971
876.13702	891.49323
876.18829	898.37689
876.23962	896.65283
876.29089	896.1123
876.34216	898.23297
876.39349	899.25037
876.44476	896.85315
876.49609	889.28979
876.54736	885.15332
876.59863	891.91913
876.64996	894.58826
876.70123	894.58911
876.75256	894.58978
876.80383	898.59253
876.8551	893.86829
876.90643	893.42609
876.9577	902.1051
877.00903	891.44727
877.0603	899.32806
877.11157	896.08368
877.1629	893.75873
877.21417	903.89215
877.2655	899.83636
877.31677	891.84149
877.36804	897.5213
877.41937	896.59662
877.47064	895.37317
877.52197	885.21027
877.57324	900.43915
877.62451	896.88538
877.67584	888.13867
877.72711	893.92395
877.77838	896.85101
877.82971	898.04498
877.88098	894.13367
877.93231	891.78247
877.98358	893.37366
878.03485	895.98285
878.08618	892.02655
878.13745	889.29059
878.18878	898.65436
878.24005	899.94849
878.29132	893.84473
878.34265	892.11072
878.39392	899.26239
878.44525	899.49237
878.49652	893.61603
878.54779	891.70758
878.59912	890.61157
878.65039	891.95642
878.70172	891.35083
878.75299	892.26886
878.80426	891.55627
878.85559	893.10669
878.90686	893.62225
878.95819	898.82379
879.00946	903.62378
879.06073	901.40485
879.11206	894.47412
879.16333	889.44653
879.21466	894.6991
879.26593	897.37683
879.3172	896.62842
879.36853	893.32556
879.4198	905.19293
879.47113	895.63251
879.5224	892.19659
879.57367	894.36267
879.625	898.37238
879.67627	898.10315
879.7276	889.79785
879.77887	894.04626
879.83014	895.63617
879.88147	889.78339
879.93274	893.75964
879.98407	897.25482
880.03534	894.08038
880.08661	890.01135
880.13794	887.79169
880.18921	898.95941
880.24054	899.6424
880.29181	887.90613
880.34308	892.6275
880.39441	894.61633
880.44568	892.67712
880.49701	893.69653
880.54828	895.12054
880.59955	900.47192
880.65088	889.24542
880.70215	885.51715
880.75342	889.75635
880.80475	901.50037
880.85602	901.17279
880.90735	893.87366
880.95862	888.27557
881.00989	893.20215
881.06122	891.33191
881.11249	894.12616
881.16382	900.01471
881.21509	895.36456
881.26636	896.133
881.31769	893.17487
881.36896	891.45813
881.42029	893.41504
881.47156	893.06866
881.52283	890.46375
881.57416	891.00751
881.62543	895.21692
881.67676	895.47327
881.72803	891.17328
881.7793	894.28534
881.83063	899.11377
881.8819	892.80865
881.93323	887.65326
881.9845	886.41577
882.03577	896.56561
882.0871	894.6308
882.13837	888.4231
882.1897	891.53204
882.24097	893.71997
882.29224	894.21069
882.34357	892.82672
882.39484	893.52924
882.44617	895.0647
882.49744	889.32336
882.54871	890
882.60004	893.36688
882.65131	896.04858
882.70264	891.66583
882.75391	892.85077
882.80518	889.18219
882.85651	895.21118
882.90778	894.55249
882.95911	889.13501
883.01038	894.17273
883.06165	897.59515
883.11298	893.3045
883.16425	894.2467
883.21558	895.42743
883.26685	895.29987
883.31812	892.02283
883.36945	891.01501
883.42072	894.42755
883.47205	894.84705
883.52332	896.00586
883.57458	895.49304
883.62592	893.57983
883.67719	896.32166
883.72852	895.17285
883.77979	895.63245
883.83105	895.85742
883.88239	897.46912
883.93365	896.20508
883.98492	893.66528
884.03625	894.56482
884.08752	891.44781
884.13885	888.9502
884.19012	895.3017
884.24139	896.60583
884.29272	894.0979
884.34399	892.00916
884.39532	890.10724
884.44659	893.21704
884.49786	890.48706
884.54919	890.82922
884.60046	892.86102
884.65179	889.81036
884.70306	894.43701
884.75433	893.53015
884.80566	891.10059
884.85693	893.81848
884.90826	894.3418
884.95953	895.85077
885.0108	896.43744
885.06213	894.16125
885.1134	897.73969
885.16473	897.01495
885.216	896.43195
885.26727	894.33051
885.3186	898.6955
885.36987	890.6825
885.4212	886.85321
885.47247	887.28241
885.52374	893.98328
885.57507	896.64313
885.62634	890.56964
885.67767	886.25763
885.72894	892.61542
885.78021	892.9845
885.83154	886.16962
885.88281	884.00726
885.93414	889.97217
885.98541	889.96075
886.03668	889.07251
886.08801	892.9668
886.13928	892.80804
886.19061	889.76733
886.24188	887.74091
886.29315	896.58734
886.34448	893.68427
886.39575	898.76727
886.44708	889.94629
886.49835	890.3772
886.54962	893.8894
886.60095	898.08289
886.65222	891.90332
886.70355	884.91315
886.75482	894.61615
886.80609	898.67877
886.85742	891.39954
886.90869	893.67548
886.95996	894.32849
887.01129	890.74939
887.06256	893.20288
887.11389	895.43188
887.16516	897.94958
887.21643	895.9021
887.26776	893.13116
887.31903	887.17767
887.37036	891.10547
887.42163	896.80206
887.4729	894.28619
887.52423	899.53864
887.5755	898.04065
887.62683	895.95746
887.6781	894.88635
887.72937	892.61133
887.7807	895.42657
887.83197	893.37201
887.8833	890.32111
887.93457	892.03949
887.98584	896.39404
888.03717	899.05432
888.08844	899.1637
888.13977	894.96863
888.19104	890.48688
888.24231	889.4469
888.29364	891.69226
888.34491	897.88611
888.39624	897.61035
888.44751	889.24573
888.49878	883.1394
888.55011	890.74469
888.60138	889.92401
888.65271	884.96552
888.70398	888.91418
888.75525	894.52527
888.80658	895.05493
888.85785	890.95923
888.90918	889.80511
888.96045	894.58575
889.01172	895.79926
889.06305	895.79639
889.11432	901.6629
889.16565	902.79053
889.21692	894.98407
889.26819	899.95129
889.31952	890.04523
889.37079	894.22943
889.42212	892.00909
889.47339	897.3952
889.52466	890.16266
889.57599	890.73151
889.62726	895.65588
889.67859	891.79248
889.72986	885.7865
889.78113	889.90106
889.83246	896.61389
889.88373	892.89435
889.935	895.30334
889.98633	889.43665
890.0376	897.01324
890.08893	889.52606
890.1402	888.09302
890.19147	890.99835
890.2428	892.13586
890.29407	888.88757
890.3454	890.25043
890.39667	892.71985
890.44794	893.12622
890.49927	893.83661
890.55054	890.71106
890.60187	892.43805
890.65314	897.96698
890.70441	897.87463
890.75574	895.40881
890.80701	895.0011
890.85834	893.45905
890.90961	891.35718
890.96088	897.03546
891.01221	896.59827
891.06348	894.68164
891.11481	891.55231
891.16608	891.53918
891.21735	896.99469
891.26868	891.6319
891.31995	890.80487
891.37128	896.05206
891.42255	895.27594
891.47382	892.16608
891.52515	891.65515
891.57642	892.17303
891.62775	893.71936
891.67902	890.25061
891.73029	889.46558
891.78162	892.21912
891.83289	895.01025
891.88422	894.20203
891.93549	890.14221
891.98676	896.90814
892.03809	899.67029
892.08936	893.96063
892.14069	891.61987
892.19196	894.39917
892.24323	897.74554
892.29456	897.16187
892.34583	892.91187
892.39716	891.60522
892.44843	894.67908
892.49969	890.89423
892.55103	888
892.60229	894.09674
892.65363	888.96729
892.7049	890.95905
892.75616	891.58453
892.8075	895.94043
892.85876	893.03247
892.9101	892.57581
892.96136	889.8233
893.01263	892.36438
893.06396	897.29913
893.11523	892.7569
893.1665	892.5611
893.21783	897.51495
893.2691	897.47278
893.32043	884.61609
893.3717	887.65448
893.42297	890.79663
893.4743	895.41339
893.52557	893.54047
893.5769	893.72748
893.62817	895.8645
893.67944	897.15771
893.73077	888.22809
893.78204	893.61108
893.83337	899.00977
893.88464	895.5899
893.93591	891.31598
893.98724	891.37775
894.03851	894.9729
894.08984	894.29517
894.14111	888.54865
894.19238	890.95062
894.24371	890.08093
894.29498	890.88409
894.34631	890.13733
894.39758	890.14282
894.44885	891.71039
894.50018	897.28339
894.55145	892.71802
894.60278	893.86261
894.65405	897.88879
894.70532	895.90509
894.75665	891.58411
894.80792	893.21777
894.85925	895.04181
894.91052	888.5705
894.96179	885.47424
895.01312	891.61224
895.06439	892.77643
895.11572	889.89911
895.16699	891.70966
895.21826	896.93134
895.26959	895.86279
895.32086	889.15369
895.37219	886.43463
895.42346	894.14063
895.47473	895.13788
895.52606	897.4671
895.57733	896.66882
895.62866	894.01123
895.67993	897.01544
895.7312	894.73639
895.78253	887.40442
895.8338	893.07544
895.88513	896.18707
895.9364	894.00854
895.98767	891.77313
896.039	890.5683
896.09027	894.61395
896.14154	893.672
896.19287	896.88885
896.24414	892.92725
896.29547	894.19495
896.34674	892.53339
896.39801	893.3136
896.44934	896.23438
896.50061	902.18335
896.55194	892.51642
896.60321	891.35657
896.65448	885.37732
896.70581	886.29327
896.75708	884.78217
896.80841	893.67047
896.85968	898.26959
896.91095	896.68268
896.96228	891.12061
897.01355	897.21344
897.06488	896.62207
897.11615	897.06744
897.16742	890.33173
897.21875	892.0351
897.27002	899.32587
897.32135	897.32489
897.37262	890.79584
897.42389	893.58289
897.47522	895.69781
897.52649	893.59576
897.57782	896.29034
897.62909	892.48114
897.68036	895.3067
897.73169	889.39435
897.78296	894.02716
897.83429	894.5304
897.88556	890.90399
897.93683	891.00873
897.98816	892.85291
898.03943	894.95898
898.09076	900.51068
898.14203	895.3656
898.1933	892.77917
898.24463	893.79987
898.2959	893.68854
898.34723	894.43353
898.3985	896.26111
898.44977	893.38452
898.5011	894.80096
898.55237	893.6095
898.6037	892.49609
898.65497	890.68829
898.70624	895.14514
898.75757	890.17737
898.80884	891.74274
898.86017	894.93903
898.91144	896.67291
898.96271	895.75537
899.01404	893.71997
899.06531	900.91425
899.11664	911.8587
899.16791	898.1864
899.21918	893.39539
899.27051	894.88141
899.32178	896.05957
899.37305	889.26495
899.42438	893.50488
899.47565	895.09949
899.52698	898.86542
899.57825	894.52582
899.62952	895.14032
899.68085	891.32391
899.73212	900.02399
899.78345	897.18304
899.83472	890.17883
899.88599	890.23981
899.93732	892.31757
899.98859	895.30109
900.03992	897.08533
900.09119	896.65454
900.14246	900.12292
900.19379	891.63196
900.24506	889.04297
900.29639	894.3175
900.34766	894.06122
900.39893	889.14642
900.45026	890.86334
900.50153	897.37183
900.55286	896.40393
900.60413	891.92908
900.6554	896.94489
900.70673	902.0401
900.758	895.23608
900.80933	890.45898
900.8606	892.60193
900.91187	898.38745
900.9632	896.3504
901.01447	894.31427
901.0658	894.35449
901.11707	898.69806
901.16833	898.06122
901.21967	889.37323
901.27094	889.92859
901.32227	901.09393
901.37354	899.33783
901.4248	894.22229
901.47614	897.73621
901.5274	893.40936
901.57874	891.41553
901.63	891.27118
901.68127	892.5459
901.7326	892.79962
901.78387	889.45642
901.83521	888.06415
901.88647	894.92432
901.93774	900.87323
901.98907	891.97119
902.04034	891.00195
902.09167	892.80432
902.14294	894.58911
902.19421	895.04364
902.24554	899.87592
902.29681	893.62781
902.34808	894.55402
902.39941	888.17603
902.45068	890.52643
902.50201	899.94421
902.55328	896.47668
902.60455	897.87115
902.65588	899.90295
902.70715	895.21246
902.75848	890.12244
902.80975	886.02753
902.86102	888.1568
902.91235	899.73224
902.96362	891.32343
903.01495	897.80536
903.06622	894.91241
903.11749	894.18781
903.16882	895.5238
903.22009	892.25159
903.27142	892.77502
903.32269	887.99823
903.37396	897.23309
903.42529	892.34796
903.47656	886.41119
903.52789	889.15704
903.57916	892.70874
903.63043	891.96124
903.68176	891.95831
903.73303	893.49396
903.78436	897.27753
903.83563	897.26434
903.8869	897.74658
903.93823	899.81134
903.9895	896.36121
904.04083	895.17609
904.0921	896.50385
904.14337	895.93182
904.1947	894.99731
904.24597	891.50989
904.2973	894.43011
904.34857	899.40137
904.39984	896.77026
904.45117	898.23907
904.50244	896.33868
904.55377	894.0863
904.60504	890.04803
904.65631	888.15253
904.70764	899.82202
904.75891	897.31744
904.81024	895.60632
904.86151	897.58667
904.91278	892.89374
904.96411	896.73877
905.01538	892.13635
905.06671	884.51038
905.11798	896.2262
905.16925	896.66107
905.22058	897.51099
905.27185	895.35052
905.32312	898.29016
905.37445	897.11346
905.42572	887.0415
905.47705	892.22534
905.52832	892.85242
905.57959	901.36407
905.63092	896.05859
905.68219	892.89722
905.73352	894.83984
905.78479	887.91058
905.83606	891.94183
905.88739	894.83185
905.93866	894.68536
905.98999	891.92255
906.04126	884.22571
906.09253	896.45294
906.14386	899.3667
906.19513	890.32617
906.24646	887.44904
906.29773	889.98297
906.349	903.54749
906.40033	891.3327
906.4516	890.3067
906.50293	891.79657
906.5542	893.24207
906.60547	896.17401
906.6568	893.80786
906.70807	893.50708
906.7594	895.6925
906.81067	892.63495
906.86194	890.776
906.91327	893.28046
906.96454	897.64325
907.01587	897.85785
907.06714	897.70953
907.11841	896.30463
907.16974	900.38831
907.22101	900.41919
907.27234	890.92969
907.32361	892.83246
907.37488	899.08032
907.42621	894.72266
907.47748	888.26062
907.52881	891.84344
907.58008	899.33295
907.63135	897.67865
907.68268	892.95215
907.73395	896.00323
907.78528	896.25995
907.83655	889.71863
907.88782	892.32465
907.93915	896.07312
907.99042	899.93115
908.04175	892.47217
908.09302	895.75916
908.14429	897.56342
908.19562	896.81995
908.24689	894.89996
908.29822	891.02594
908.34949	899.11115
908.40076	898.73346
908.45209	897.71198
908.50336	890.74084
908.55463	890.79193
908.60596	901.55554
908.65723	897.23401
908.70856	889.34467
908.75983	898.49493
908.8111	895.82611
908.86243	889.15509
908.9137	892.80048
908.96503	894.78076
909.0163	899.75433
909.06757	895.05164
909.1189	893.30048
909.17017	895.88031
909.2215	896.896
909.27277	897.36353
909.32404	896.63483
909.37537	896.3194
909.42664	893.64209
909.47797	889.97626
909.52924	894.6897
909.58051	900.06677
909.63184	894.35718
909.68311	892.1756
909.73444	895.16577
909.78571	896.46527
909.83698	895.22125
909.88831	886.57495
909.93958	889.95239
909.99091	902.4682
910.04218	894.83466
910.09344	890.22534
910.14478	894.78473
910.19604	891.25958
910.24738	897.50024
910.29865	895.36646
910.34991	890.90088
910.40125	896.12695
910.45251	886.43646
910.50385	892.55872
910.55511	906.34473
910.60638	902.61969
910.65771	893.44012
910.70898	897.2243
910.76031	893.5755
910.81158	895.94299
910.86285	893.94238
910.91418	890.88293
910.96545	896.88751
911.01678	897.53784
911.06805	887.13635
911.11932	894.25323
911.17065	891.57745
911.22192	890.58972
911.27325	907.02728
911.32452	886.90112
911.37579	895.33063
911.42712	892.59631
911.47839	893.00739
911.52966	888.26703
911.58099	888.47394
911.63226	898.41846
911.68359	888.75391
911.73486	893.50122
911.78613	890.80762
911.83746	893.34338
911.88873	888.0332
911.94006	893.59473
911.99133	896.48187
912.0426	895.52722
912.09393	891.45557
912.1452	889.60828
912.19653	892.3429
912.2478	886.90637
912.29907	884.37323
912.3504	891.50958
912.40167	894.54767
912.453	892.03143
912.50427	890.45251
912.55554	893.0188
912.60687	899.18274
912.65814	896.35382
912.70947	891.4469
912.76074	893.84723
912.81201	892.98193
912.86334	895.84369
912.91461	897.07544
912.96594	896.45996
913.01721	900.35919
913.06848	899.45087
913.11981	894.0744
913.17108	888.85529
913.22241	888.38959
913.27368	893.2785
913.32495	891.94763
913.37628	893.8316
913.42755	894.9231
913.47888	891.13208
913.53015	892.25446
913.58142	889.67358
913.63275	896.3598
913.68402	888.01227
913.73535	886.83795
913.78662	892.36047
913.83789	899.49841
913.88922	892.08148
913.94049	892.56183
913.99182	894.24799
914.04309	896.09277
914.09436	890.75806
914.14569	888.71429
914.19696	899.12207
914.24829	890.91742
914.29956	892.58276
914.35083	892.00171
914.40216	895.37048
914.45343	886.3963
914.50476	895.28992
914.55603	892.43628
914.6073	892.97455
914.65863	894.45709
914.7099	895.39752
914.76117	897.9433
914.8125	897.06696
914.86377	893.51105
914.9151	895.47852
914.96637	896.25305
915.01764	893.20453
915.06897	892.01569
915.12024	893.23932
915.17157	892.92657
915.22284	891.90741
915.27411	893.64551
915.32544	889.28973
915.37671	896.18066
915.42804	898.54578
915.47931	888.18652
915.53058	886.76874
915.58191	890.81451
915.63318	891.18781
915.68451	892.80548
915.73578	893.33545
915.78705	893.94464
915.83838	898.42712
915.88965	890.08325
915.94098	893.08173
915.99225	889.42621
916.04352	898.2608
916.09485	885.00732
916.14612	891.89069
916.19745	895.55243
916.24872	892.21252
916.29999	889.78949
916.35132	896.58472
916.40259	894.27783
916.45392	892.28217
916.50519	890.84454
916.55646	888.67767
916.60779	891.18726
916.65906	894.65356
916.71039	893.56317
916.76166	893.2085
916.81293	897.72095
916.86426	896.59351
916.91553	892.16467
916.96686	890.84595
917.01813	890.55634
917.0694	891.66034
917.12073	891.99158
917.172	894.33624
917.22333	895.36371
917.2746	896.61206
917.32587	893.41821
917.3772	893.12347
917.42847	894.3335
917.4798	890.90552
917.53107	893.40045
917.58234	896.776
917.63367	898.638
917.68494	896.10577
917.73621	889.6792
917.78754	889.28723
917.83881	891.51007
917.89014	891.93195
917.94141	894.57733
917.99268	895.18634
918.04401	892.35272
918.09528	896.08832
918.14661	891.81317
918.19788	896.16034
918.24915	894.50757
918.30048	893.85297
918.35175	894.52942
918.40308	896.94348
918.45435	895.51495
918.50562	886.84668
918.55695	892.63184
918.60822	894.35815
918.65955	897.65442
918.71082	891.30817
918.76208	899.31482
918.81342	891.88092
918.86469	896.39343
918.91602	894.90344
918.96729	892.70605
919.01855	895.15607
919.06989	889.6767
919.12115	893.28247
919.17249	893.74908
919.22375	898.36652
919.27502	890.23041
919.32635	889.11346
919.37762	892.50079
919.42896	895.18109
919.48022	892.46368
919.53149	891.37732
919.58282	897.01855
919.63409	895.04156
919.68542	895.85883
919.73669	892.81024
919.78796	891.17023
919.83929	890.96948
919.89056	891.1402
919.94189	890.60345
919.99316	891.93683
920.04443	898.31604
920.09576	895.91925
920.14703	894.34357
920.19836	900.45026
920.24963	899.29816
920.3009	895.37402
920.35223	895.68951
920.4035	895.66992
920.45483	895.89001
920.5061	890.45544
920.55737	892.76099
920.6087	889.83099
920.65997	891.64392
920.7113	891.10748
920.76257	889.0412
920.81384	895.34576
920.86517	893.58234
920.91644	889.91473
920.96771	895.77545
921.01904	898.82092
921.07031	887.69598
921.12164	890.83539
921.17291	894.74646
921.22418	895.00098
921.27551	892.96954
921.32678	890.16028
921.37811	887.35229
921.42938	897.48627
921.48065	893.87408
921.53198	899.30176
921.58325	899.26666
921.63458	899.99457
921.68585	894.37244
921.73712	890.82568
921.78845	896.60028
921.83972	894.92291
921.89105	894.96521
921.94232	893.5578
921.99359	891.89844
922.04492	893.8302
922.09619	894.15192
922.14752	891.58008
922.19879	892.21271
922.25006	893.98303
922.30139	893.19629
922.35266	895.81494
922.40399	893.55798
922.45526	892.16559
922.50653	891.05591
922.55786	892.4035
922.60913	895.33594
922.66046	893.03406
922.71173	893.55994
922.763	896.74054
922.81433	897.83142
922.8656	896.35883
922.91693	895.76971
922.9682	892.42328
923.01947	896.17218
923.0708	895.33856
923.12207	895.04773
923.1734	888.11792
923.22467	895.08124
923.27594	901.26794
923.32727	894.07916
923.37854	895.03497
923.42987	898.67316
923.48114	898.85944
923.53241	890.68945
923.58374	895.66144
923.63501	897.6825
923.68634	892.43585
923.73761	892.65765
923.78888	895.96338
923.84021	900.9856
923.89148	896.77673
923.94275	892.5658
923.99408	892.8302
924.04535	894.10864
924.09668	892.72119
924.14795	892.58191
924.19922	896.59644
924.25055	895.95074
924.30182	889.77802
924.35315	889.29132
924.40442	892.44525
924.45569	893.15198
924.50702	890.32452
924.55829	892.00793
924.60962	897.51782
924.66089	897.34509
924.71216	892.97369
924.76349	894.50446
924.81476	896.91968
924.86609	892.24219
924.91736	889.80627
924.96863	894.47821
925.01996	896.39343
925.07123	895.18945
925.12256	892.31329
925.17383	893.61334
925.2251	897.40869
925.27643	902.00159
925.3277	891.64905
925.37903	891.58643
925.4303	897.01331
925.48157	895.73859
925.5329	892.08478
925.58417	893.40009
925.6355	892.3371
925.68677	892.1712
925.73804	889.64441
925.78937	891.79272
925.84064	892.68164
925.89197	891.5766
925.94324	890.64972
925.99451	893.91986
926.04584	892.73657
926.09711	892.03943
926.14844	891.0473
926.19971	891.22131
926.25098	898.66486
926.30231	895.75043
926.35358	892.68945
926.40491	896.84174
926.45618	900.95245
926.50745	890.93207
926.55878	889.55389
926.61005	887.41223
926.66138	896.12396
926.71265	897.29968
926.76392	892.66724
926.81525	897.30927
926.86652	890.27673
926.91779	893.31732
926.96912	892.34595
927.02039	900.77844
927.07172	892.38757
927.12299	899.44366
927.17426	894.45398
927.22559	895.07794
927.27686	901.67004
927.32819	898.9223
927.37946	888.81659
927.43073	898.73694
927.48206	894.63281
927.53333	887.5415
927.58466	891.11298
927.63593	897.21405
927.68719	895.03351
927.73853	889.9162
927.78979	894.40601
927.84113	895.86383
927.8924	895.58606
927.94366	892.69611
927.995	891.12225
928.04626	893.40381
928.0976	896.07556
928.14886	893.39996
928.20013	889.69788
928.25146	890.64063
928.30273	895.8963
928.35406	892.88635
928.40533	889.71973
928.4566	897.6557
928.50793	895.30206
928.5592	897.06232
928.61053	897.28168
928.6618	898.86652
928.71307	897.99756
928.7644	893.82458
928.81567	891.31995
928.867	894.89014
928.91827	891.73395
928.96954	894.33459
929.02087	896.11353
929.07214	894.24359
929.12347	890.15814
929.17474	895.31604
929.22601	894.82935
929.27734	896.43011
929.32861	892.33783
929.37994	895.46002
929.43121	884.20728
929.48248	896.08807
929.53381	888.89648
929.58508	889.74646
929.63641	896.23718
929.68768	896.22144
929.73895	895.08075
929.79028	891.11304
929.84155	890.25775
929.89288	895.71918
929.94415	886.89606
929.99542	891.84302
930.04675	897.93903
930.09802	898.18353
930.14929	895.57794
930.20062	896.2467
930.25189	896.11523
930.30322	896.70886
930.35449	891.58923
930.40576	893.10101
930.45709	888.75964
930.50836	892.48242
930.55969	892.81616
930.61096	896.14832
930.66223	902.59705
930.71356	897.15875
930.76483	886.99164
930.81616	888.26062
930.86743	891.44421
930.9187	890.84131
930.97003	893.23419
931.0213	892.29633
931.07263	897.20062
931.1239	898.24152
931.17517	889.10242
931.2265	892.57397
931.27777	897.34009
931.3291	897.39612
931.38037	892.6925
931.43164	899.89233
931.48297	901.77539
931.53424	893.09296
931.58557	890.31873
931.63684	897.68921
931.68811	900.64807
931.73944	899.92755
931.79071	898.1203
931.84204	897.10815
931.89331	900.70856
931.94458	886.5802
931.99591	886.06073
932.04718	880.13806
932.09851	895.95758
932.14978	892.93994
932.20105	891.36884
932.25238	896.91351
932.30365	904.94659
932.35498	895.89832
932.40625	895.17645
932.45752	896.87683
932.50885	899.6814
932.56012	893.59607
932.61145	892.71747
932.66272	895.27155
932.71399	894.91626
932.76532	892.0144
932.81659	892.0127
932.86792	893.02252
932.91919	890.71515
932.97046	884.8988
933.02179	891.20087
933.07306	897.68634
933.12433	896.91138
933.17566	890.69
933.22693	892.34357
933.27826	893.47095
933.32953	898.39557
933.3808	898.34894
933.43213	897.0979
933.4834	902.16644
933.53473	898.12299
933.586	892.46997
933.63727	891.63666
933.6886	896.68646
933.73987	894.82562
933.7912	890.83911
933.84247	891.44971
933.89374	892.73407
933.94507	897.6405
933.99634	898.1759
934.04767	892.23499
934.09894	889.28943
934.15021	888.96942
934.20154	896.03259
934.25281	902.39148
934.30414	902.03906
934.35541	891.55109
934.40668	889.02576
934.45801	891.92578
934.50928	908.74927
934.56061	888.04932
934.61188	891.58087
934.66315	903.2464
934.71448	906.47266
934.76575	900.4306
934.81708	890.18951
934.86835	898.26428
934.91962	900.30487
934.97095	900.73303
935.02222	895.2699
935.07355	894.16382
935.12482	894.21362
935.17609	886.23334
935.22742	895.63843
935.27869	904.26343
935.33002	903.52399
935.38129	898.68921
935.43256	894.92773
935.48389	896.5918
935.53516	897.17426
935.58649	891.70807
935.63776	893.21252
935.68903	898.91949
935.74036	895.25012
935.79163	889.7334
935.84296	888.48126
935.89423	898.33142
935.9455	900.63898
935.99683	900.43823
936.0481	903.21533
936.09943	894.44562
936.1507	891.99634
936.20197	896.49493
936.2533	901.60339
936.30457	902.13757
936.35583	896.40973
936.40717	890.06372
936.45844	894.68732
936.50977	895.89282
936.56104	895.89111
936.6123	895.88947
936.66364	904.11951
936.7149	903.01434
936.76624	893.30267
936.8175	895.8244
936.86877	895.8811
936.9201	895.68683
936.97137	888.01355
937.02271	891.28198
937.07397	897.05426
937.12524	897.87207
937.17657	890.0047
937.22784	892.58282
937.27917	900.98224
937.33044	897.26508
937.38171	898.64288
937.43304	896.64758
937.48431	894.9845
937.53564	898.55707
937.58691	890.37933
937.63818	889.82635
937.68951	899.50073
937.74078	897.72455
937.79211	894.25916
937.84338	895.62628
937.89465	898.63763
937.94598	894.45294
937.99725	892.35767
938.04858	893.87952
938.09985	893.18665
938.15112	896.3667
938.20245	892.2113
938.25372	891.2135
938.30505	897.93384
938.35632	899.83282
938.40759	892.52032
938.45892	895.01245
938.51019	898.53717
938.56152	896.63086
938.61279	889.79138
938.66406	897.9176
938.71539	890.43542
938.76666	891.9259
938.81799	890.28687
938.86926	895.01239
938.92053	894.92609
938.97186	889.34802
939.02313	890.67755
939.07446	895.58734
939.12573	895.80786
939.177	894.80621
939.22833	894.96344
939.2796	901.6225
939.33087	897.7337
939.3822	896.70953
939.43347	896.36499
939.4848	900.11707
939.53607	895.16168
939.58734	891.0705
939.63867	889.6178
939.68994	895.88708
939.74127	892.28998
939.79254	891.32886
939.84381	892.78448
939.89514	894.36523
939.94641	898.46063
939.99774	896.88306
940.04901	893.31561
940.10028	895.77618
940.15161	896.63531
940.20288	893.69769
940.25421	894.48029
940.30548	904.26099
940.35675	899.95056
940.40808	892.22205
940.45935	892.33167
940.51068	893.94189
940.56195	894.76117
940.61322	897.30157
940.66455	902.05121
940.71582	898.98596
940.76715	889.00275
940.81842	902.48413
940.86969	896.75403
940.92102	901.25421
940.97229	897.38141
941.02362	895.74622
941.07489	899.95349
941.12616	896.41687
941.17749	892.19019
941.22876	891.7395
941.28009	891.73785
941.33136	898.43719
941.38263	896.77277
941.43396	899.72955
941.48523	898.75812
941.53656	899.72955
941.58783	899.43604
941.6391	895.72626
941.69043	896.4386
941.7417	900.86713
941.79303	895.72125
941.8443	897.79486
941.89557	905.86871
941.9469	899.41742
941.99817	889.4895
942.0495	893.96851
942.10077	897.88
942.15204	894.0376
942.20337	895.76276
942.25464	895.07959
942.30591	895.09204
942.35724	900.85901
942.40851	897.92169
942.45984	898.97913
942.51111	902.69788
942.56238	897.02277
942.61371	890.61713
942.66498	894.74915
942.71631	901.03296
942.76758	896.59906
942.81885	892.05524
942.87018	895.62402
942.92145	901.08423
942.97278	897.758
943.02405	890.59094
943.07532	895.43683
943.12665	902.31885
943.17792	894.91101
943.22925	891.03369
943.28052	910.93115
943.33179	898.18463
943.38312	897.45233
943.43439	897.66797
943.48572	898.60602
943.53699	899.62805
943.58826	897.68878
943.63959	899.60785
943.69086	894.69391
943.74219	895.7738
943.79346	897.90094
943.84473	899.91827
943.89606	894.68353
943.94733	900.12677
943.99866	890.94446
944.04993	890.46075
944.1012	899.17639
944.15253	892.62994
944.2038	897.01221
944.25513	893.23285
944.3064	892.71808
944.35767	891.73291
944.409	898.37134
944.46027	899.24298
944.5116	899.04889
944.56287	896.55402
944.61414	890.31348
944.66547	892.5025
944.71674	898.138
944.76807	897.01862
944.81934	896.18262
944.87061	899.54034
944.92194	902.22705
944.97321	895.66791
945.02454	889.64868
945.07581	890.65314
945.12708	894.42889
945.17841	896.33923
945.22968	892.84705
945.28101	893.93732
945.33228	898.61163
945.38354	905.37909
945.43488	897.25757
945.48615	891.23438
945.53741	895.98828
945.58875	894.75421
945.64001	894.59631
945.69135	896.53528
945.74261	896.59296
945.79388	903.51605
945.84521	898.84766
945.89648	883.86768
945.94781	900.94147
945.99908	894.00519
946.05035	890.9906
946.10168	900.07758
946.15295	901.06537
946.20428	894.36377
946.25555	896.20245
946.30682	903.78656
946.35815	897.83472
946.40942	888.57129
946.46075	890.9223
946.51202	894.84601
946.56329	893.18097
946.61462	891.74567
946.66589	895.341
946.71722	901.10211
946.76849	900.07617
946.81976	902.0968
946.87109	901.36047
946.92236	897.43958
946.97369	897.13544
947.02496	896.94409
947.07623	901.60059
947.12756	901.92487
947.17883	899.185
947.23016	898.54468
947.28143	898.54303
947.3327	897.78607
947.38403	893.63885
947.4353	889.31787
947.48663	897.66534
947.5379	896.11969
947.58917	892.01923
947.6405	893.33801
947.69177	895.38605
947.7431	897.43414
947.79437	897.52631
947.84564	891.53033
947.89697	893.79993
947.94824	902.94324
947.99957	892.75226
948.05084	896.24268
948.10211	901.87439
948.15344	896.90155
948.20471	893.15668
948.25604	892.93256
948.30731	899.64917
948.35858	900.22198
948.40991	891.89447
948.46118	897.32202
948.51245	903.14612
948.56378	902.25952
948.61505	896.01318
948.66638	898.09479
948.71765	899.21094
948.76892	899.22369
948.82025	897.93024
948.87152	904.02686
948.92285	902.67273
948.97412	895.82495
949.02539	895.06616
949.07672	900.32202
949.12799	899.07086
949.17932	884.68005
949.23059	888.68732
949.28186	901.24664
949.33319	902.28192
949.38446	896.93665
949.43579	893.12653
949.48706	897.31525
949.53833	902.63574
949.58966	898.31836
949.64093	893.05066
949.69226	898.82867
949.74353	897.59485
949.7948	891.70044
949.84613	893.42987
949.8974	899.50281
949.94873	903.1676
950	895.26825
