50	886.80255
50.532299	897.56885
51.064598	884.31427
51.596897	876.54041
52.129196	872.46906
52.661495	872.01654
53.193794	875.33667
53.726093	881.95245
54.258392	882.82269
54.790688	881.69977
55.322987	879.08728
55.855286	881.59558
56.387585	889.99261
56.919884	877.55945
57.452183	884.90057
57.984482	889.47437
58.516781	892.34283
59.04908	890.1344
59.581379	881.14148
60.113678	890.26202
60.645977	895.57257
61.178276	897.59015
61.710575	891.72107
62.242874	884.48755
62.775173	890.31085
63.307468	904.38263
63.839767	906
64.37207	902.05475
64.904366	895.86121
65.436668	894.31061
65.968964	906.20123
66.501266	909.5199
67.033562	900.79248
67.565857	895.92511
68.09816	900.87561
68.630455	914.34979
69.162758	927.57019
69.695053	914.31781
70.227356	915.42407
70.759651	926.78149
71.291954	936.34485
71.824249	934.72577
72.356552	923.94421
72.888847	914.83038
73.42115	930.25073
73.953445	942.94995
74.485748	943.4353
75.018044	940.01459
75.550346	961.60468
76.082642	977.48944
76.614937	961.6286
77.14724	952.4259
77.679535	952.17114
78.211838	947.05212
78.744133	941.23755
79.276436	941.79681
79.808731	938.86249
80.341034	939.74969
80.873329	943.28912
81.405632	944.12
81.937927	944.95087
82.47023	957.50958
83.002525	957.32294
83.534828	958.10718
84.067123	959.80023
84.599426	953.25739
85.131721	947.43915
85.664017	940.85211
86.19632	942.59845
86.728615	945.43103
87.260918	945.73761
87.793213	944.34357
88.325516	938.52356
88.857811	954.64703
89.390114	959.4118
89.922409	948.08142
90.454712	937.26422
90.987007	948.99011
91.51931	939.00531
92.051605	939.47009
92.583908	935.91699
93.116203	940.79681
93.648499	949.52441
94.180801	942.03479
94.713097	942.86212
95.245399	952.56665
95.777695	950.22723
96.309998	942.70984
96.842293	942.4292
97.374596	956.58081
97.906891	952.41522
98.439194	953.39172
98.971489	951.65009
99.503792	953.11395
100.03609	952.30127
100.56839	935.95245
101.10069	961.75458
101.63299	950.27374
102.16528	948.27246
102.69758	952.474
103.22988	953.26544
103.76218	948.0675
104.29448	950.56116
104.82677	944.29309
105.35908	939.60767
105.89137	943.01636
106.42368	952.00452
106.95597	955.39746
107.48827	949.56189
108.02057	940.073
108.55287	944.17853
109.08517	951.82538
109.61747	951.34686
110.14977	940.73669
110.68207	952.42096
111.21436	953.81305
111.74666	956.08136
112.27896	953.37695
112.81126	947.27118
113.34356	948.44727
113.87585	944.26697
114.40816	956.33899
114.94045	957.91522
115.47276	947.21552
116.00505	938.64142
116.53735	950.22791
117.06965	944.3869
117.60195	948.23523
118.13425	952.07593
118.66655	951.67291
119.19884	947.99353
119.73115	947.17749
120.26344	961.37958
120.79574	954.43164
121.32804	951.72644
121.86034	948.74847
122.39264	949.38837
122.92493	960.23694
123.45724	938.54047
123.98953	945.88837
124.52184	952.90924
125.05413	950.45447
125.58643	941.24475
126.11873	936.51892
126.65103	950.73022
127.18333	947.78223
127.71563	948.51575
128.24792	943.81537
128.78023	938.94617
129.31252	943.31714
129.84482	934.11139
130.37712	932.06226
130.90942	944.86371
131.44171	946.58032
131.97401	941.75458
132.50632	946.07391
133.03862	942.729
133.57091	949.9209
134.10321	947.08191
134.63551	943.1582
135.16782	942.24994
135.7001	945.01306
136.23241	952.54156
136.76471	955.0863
137.297	953.58624
137.8293	950.56927
138.3616	948.24036
138.89391	947.39856
139.42619	946.42493
139.9585	938.04724
140.4908	932.42633
141.0231	940.56586
141.55539	951.00702
142.08769	949.35547
142.62	933.39984
143.1523	952.65985
143.68459	953.39764
144.21689	948.67969
144.74919	944.36237
145.28149	943.42346
145.81378	947.2771
146.34608	957.32672
146.87839	946.68207
147.41068	939.04083
147.94298	939.4035
148.47528	945.01196
149.00758	948.85181
149.53987	942.98041
150.07217	957.8269
150.60448	957.03668
151.13678	953.91382
151.66907	951.92798
152.20137	944.85999
152.73367	940.66357
153.26598	943.64154
153.79826	939.99884
154.33057	939.81433
154.86287	942.75177
155.39516	943.43457
155.92746	943.43011
156.45976	945.08258
156.99207	942.08459
157.52435	940.41638
158.05666	941.44647
158.58896	943.77472
159.12126	945.51587
159.65355	949.70587
160.18585	946.88391
160.71815	945.38904
161.25046	944.24249
161.78275	945.01685
162.31505	953.13867
162.84735	935.5105
163.37965	934.84094
163.91194	935.36157
164.44424	938.28296
164.97655	944.66876
165.50883	952.70276
166.04114	964.45074
166.57344	952.12463
167.10574	940.30939
167.63803	949.49365
168.17033	958.9115
168.70264	940.50165
169.23494	935.44873
169.76723	947.57733
170.29953	949.64935
170.83183	944.81683
171.36414	939.61926
171.89642	939.18951
172.42873	943.25018
172.96103	941.56567
173.49332	940.57892
174.02562	946.77301
174.55792	949.97583
175.09023	942.68396
175.62251	930.77441
176.15482	937.49237
176.68712	938.25226
177.21942	930.61456
177.75171	936.81134
178.28401	945.7569
178.81631	930.66705
179.34862	949.15515
179.88091	928.01111
180.41321	939.98401
180.94551	948.78754
181.4778	947.21112
182.0101	948.3194
182.5424	954.18304
183.07471	943.24701
183.60699	952.8316
184.1393	956.08356
184.6716	942.04138
185.2039	924.54346
185.73619	937.63794
186.26849	945.21869
186.8008	938.07306
187.3331	937.47327
187.86539	943.36646
188.39769	948.625
188.92999	946.20197
189.4623	938.60974
189.99458	934.97961
190.52689	941.09045
191.05919	942.27527
191.59148	936.89667
192.12378	929.71686
192.65608	917.22522
193.18839	943.31439
193.72067	941.22229
194.25298	943.95245
194.78528	943.85193
195.31758	938.78131
195.84987	950.75513
196.38217	932.19
196.91447	951.76965
197.44678	942.53986
197.97906	928.03534
198.51137	929.33472
199.04367	942.57581
199.57596	939.19562
200.10826	939.85913
200.64056	934.18689
201.17287	934.50879
201.70515	940.41296
202.23746	941.92126
202.76976	927.87506
203.30206	922.80518
203.83435	936.30225
204.36665	939.2229
204.89896	934.59363
205.43126	930.26434
205.96355	927.36096
206.49585	921.45673
207.02815	924.10724
207.56044	928.10437
208.09274	923.43201
208.62505	920.66803
209.15735	929.4007
209.68964	921.0224
210.22194	942.13806
210.75424	934.89215
211.28654	939.07928
211.81883	934.35779
212.35114	919.38525
212.88344	937.6557
213.41574	934.27081
213.94803	923.28876
214.48033	930.21332
215.01263	936.47375
215.54494	937.69208
216.07722	939.23535
216.60953	923.13733
217.14183	939.57526
217.67412	930.68066
218.20642	924.37225
218.73872	927.591
219.27103	933.02563
219.80331	929.63867
220.33562	926.25146
220.86792	937.16016
221.40022	934.28943
221.93251	927.64496
222.46481	931.23517
222.99712	945.90607
223.52942	939.9801
224.06171	936.53632
224.59401	931.11768
225.12631	927.79419
225.6586	928.6712
226.1909	929.47614
226.72321	921.5437
227.25551	931.69385
227.7878	927.53644
228.3201	924.60828
228.8524	924.69983
229.3847	926.388
229.91699	926.81592
230.4493	920.88599
230.9816	931.63892
231.5139	933.10101
232.04619	933.3064
232.57849	933.02362
233.11079	930.88031
233.64308	928.39844
234.17538	936.01508
234.70769	935.99109
235.23999	933.3017
235.77228	924.84686
236.30458	921.03839
236.83688	931.81671
237.36919	937.66284
237.90147	918.17456
238.43378	923.78833
238.96608	938.08545
239.49838	942.38281
240.03067	932.81128
240.56297	924.51843
241.09528	932.14056
241.62758	946.04462
242.15987	933.84247
242.69217	924.20465
243.22447	929.29962
243.75676	937.80762
244.28906	925.16058
244.82137	940.44525
245.35367	935.41956
245.88596	930.93939
246.41826	931.3432
246.95056	938.51935
247.48286	947.81
248.01515	920.67102
248.54745	930.26373
249.07976	952.60883
249.61206	948.20721
250.14435	928.797
250.67665	923.72418
251.20895	942.55133
251.74124	941.69849
252.27354	940.84412
252.80585	936.94318
253.33815	933.21912
253.87044	936.22589
254.40274	944.36255
254.93504	932.62653
255.46735	937.72369
255.99963	928.66034
256.53195	938.50055
257.06424	943.86804
257.59653	935.04449
258.12885	932.04858
258.66113	920.15979
259.19342	930.03595
259.72574	941.0899
260.25803	936.40491
260.79031	931.81641
261.32263	939.3194
261.85492	939.28491
262.38724	950.34149
262.91953	940.8891
263.45181	945.43091
263.98413	947.28192
264.51642	940.69727
265.04871	935.1441
265.58102	938.45581
266.11331	935.89771
266.64563	943.33624
267.17792	933.47491
267.71021	928.88885
268.24252	934.3241
268.77481	928.82086
269.3071	931.36572
269.83942	948.68127
270.3717	944.38727
270.90399	935.73389
271.43631	934.44153
271.9686	936.26123
272.50092	926.05951
273.0332	932.86908
273.56549	944.37122
274.09781	940.4447
274.6301	940.29999
275.16238	946.43542
275.6947	949.64508
276.22699	945.94012
276.75931	936.5625
277.2916	939.85754
277.82388	936.6167
278.3562	938.3136
278.88849	947.38922
279.42078	953.44275
279.95309	948.41125
280.48538	953.521
281.01767	941.54071
281.54999	935.22485
282.08228	931.84662
282.61459	933.19946
283.14688	946.34033
283.67917	946.33575
284.21149	921.50171
284.74377	926.53265
285.27606	931.85529
285.80838	934.2478
286.34067	936.83521
286.87296	935.21637
287.40527	934.35712
287.93756	935.09918
288.46988	941.17096
289.00217	939.73578
289.53445	937.79993
290.06677	945.47308
290.59906	956.39758
291.13135	945.30011
291.66367	935.75067
292.19595	927.61414
292.72827	922.81512
293.26056	923.93536
293.79285	932.09955
294.32516	943.67798
294.85745	932.57611
295.38974	928.98297
295.92206	937.31744
296.45435	936.78198
296.98663	937.38794
297.51895	951.17975
298.05124	931.23645
298.58356	932.08575
299.11584	935.13013
299.64813	935.02539
300.18045	927.12659
300.71274	922.92303
301.24503	933.28369
301.77734	928.22382
302.30963	934.19879
302.84195	933.02332
303.37424	924.74396
303.90652	924.26703
304.43884	932.83997
304.97113	937.15338
305.50342	937.1488
306.03574	938.83813
306.56802	934.2265
307.10031	932.13513
307.63263	934.60999
308.16492	938.1261
308.69724	939.36847
309.22952	947.91235
309.76181	942.25983
310.29413	933.50311
310.82642	932.29272
311.3587	930.87256
311.89102	925.05872
312.42331	923.01276
312.9556	929.84937
313.48792	935.87183
314.0202	936.3916
314.55252	935.53107
315.08481	939.82263
315.6171	944.02783
316.14941	933.8642
316.6817	924.43048
317.21399	933.92328
317.74631	937.40155
318.27859	935.89752
318.81091	939.53363
319.3432	941.28949
319.87549	920.92004
320.40781	920.05811
320.94009	926.58142
321.47238	943.57928
322.0047	940.33136
322.53699	934.9176
323.06927	943.73395
323.60159	949.79016
324.13388	931.77203
324.6662	940.83142
325.19849	932.8031
325.73077	932.80328
326.26309	942.48138
326.79538	948.21216
327.32767	939.74493
327.85999	938.02417
328.39227	928.88049
328.92459	938.55841
329.45688	936.92218
329.98917	931.73407
330.52148	935.49286
331.05377	943.04419
331.58606	943.89807
332.11838	940.59637
332.65067	928.88184
333.18295	928.29761
333.71527	936.78943
334.24756	943.6377
334.77988	941.67633
335.31216	933.08411
335.84445	935.40814
336.37677	936.58301
336.90906	932.97754
337.44135	933.6228
337.97366	935.84149
338.50595	929.47906
339.03824	939.7832
339.57056	939.00439
340.10284	939.56421
340.63516	946.69904
341.16745	949.26227
341.69974	945.25977
342.23206	942.34601
342.76434	933.9032
343.29663	941.63361
343.82895	931.18701
344.36124	942.6864
344.89355	940.36542
345.42584	928.11621
345.95813	941.15106
346.49045	957.2821
347.02274	940.94165
347.55502	944.76221
348.08734	946.17749
348.61963	942.0481
349.15192	937.44794
349.68423	935.64032
350.21652	930.86255
350.74884	932.57813
351.28113	930.45117
351.81342	932.26697
352.34573	938.15662
352.87802	944.14764
353.41031	945.25854
353.94263	939.30334
354.47491	934.13629
355.00723	932.13959
355.53952	934.33765
356.07181	941.3869
356.60413	941.06885
357.13641	931.94379
357.6687	933.09973
358.20102	936.5379
358.73331	949.0058
359.26559	939.39368
359.79791	932.05029
360.3302	936.35455
360.86252	943.34033
361.39481	936.30768
361.92709	913.91687
362.45941	939.20258
362.9917	950.08167
363.52399	946.89532
364.0563	938.26984
364.58859	932.34259
365.12088	934.38202
365.6532	948.40564
366.18549	939.77008
366.7178	939.37201
367.25009	939.0097
367.78238	944.75879
368.3147	953.28485
368.84698	953.04688
369.37927	938.36359
369.91159	934.90527
370.44388	940.08673
370.9762	951.95557
371.50848	939.71545
372.04077	923.32513
372.57309	930.71912
373.10538	949.28937
373.63766	938.0556
374.16998	929.31641
374.70227	938.56244
375.23456	941.34442
375.76688	941.20648
376.29916	942.43164
376.83148	939.25446
377.36377	937.51013
377.89606	934.05597
378.42838	937.18463
378.96066	939.11469
379.49295	939.05652
380.02527	944.32141
380.55756	951.64899
381.08987	931.69122
381.62216	952.43286
382.15445	955.27075
382.68677	950.98657
383.21906	944.93713
383.75134	951.104
384.28366	963.71606
384.81595	950.67261
385.34824	943.74994
385.88055	936.01288
386.41284	930.99579
386.94516	939.4754
387.47745	941.54065
388.00974	940.03943
388.54205	956.13446
389.07434	954.40314
389.60663	952.66827
390.13895	941.9906
390.67123	954.29095
391.20352	956.80334
391.73584	949.77429
392.26813	954.05682
392.80045	960.90247
393.33273	966.94409
393.86502	938.56561
394.39734	946.04523
394.92963	954.97833
395.46191	954.39099
395.99423	950.05804
396.52652	946.36914
397.05884	946.36462
397.59113	948.94141
398.12341	952.98694
398.65573	948.42896
399.18802	945.72076
399.72031	947.99011
400.25262	950.09802
400.78491	952.99512
401.3172	947.7937
401.84952	955.20941
402.38181	964.52173
402.91412	965.18799
403.44641	954.94897
403.9787	946.35071
404.51102	958.30548
405.0433	979.96204
405.57559	964.04932
406.10791	961.28705
406.6402	955.98816
407.17252	952.73285
407.7048	954.55975
408.23709	955.3855
408.76941	946.60321
409.3017	936.19672
409.83398	943.94952
410.3663	952.17029
410.89859	946.32648
411.43088	942.15814
411.9632	944.09723
412.49548	933.74542
413.0278	944.16766
413.56009	961.46674
414.09238	960.57159
414.62469	966.97137
415.15698	961.05035
415.68927	945.20428
416.22159	940.80719
416.75388	948.08362
417.28616	959.35687
417.81848	971.45636
418.35077	951.3006
418.88309	953.15302
419.41537	962.12738
419.94766	956.66589
420.47998	952.06006
421.01227	962.92639
421.54456	948.13806
422.07687	961.18085
422.60916	963.66278
423.14148	960.67261
423.67377	960.20935
424.20605	959.87073
424.73837	951.55243
425.27066	946.33862
425.80295	951.95612
426.33527	948.19574
426.86755	946.10925
427.39984	959.78625
427.93216	978.03131
428.46445	973.78662
428.99677	946.11719
429.52905	964.38879
430.06134	964.50598
430.59366	971.97272
431.12595	971.85406
431.65823	966.48065
432.19055	962.46216
432.72284	959.28326
433.25516	967.07452
433.78745	969.67682
434.31973	961.09271
434.85205	961.74188
435.38434	966.46991
435.91663	969.38837
436.44894	968.20746
436.98123	962.51373
437.51352	966.85541
438.04584	967.01355
438.57813	959.91302
439.11044	964.53888
439.64273	968.65009
440.17502	965.0683
440.70734	963.87158
441.23962	975.36877
441.77191	966.65033
442.30423	960.34497
442.83652	958.97247
443.3688	964.96906
443.90112	968.71191
444.43341	972.15631
444.96573	982.22754
445.49802	968.46185
446.0303	982.37714
446.56262	983.94055
447.09491	976.19055
447.6272	974.00073
448.15952	972.03412
448.6918	972.70154
449.22412	989.55493
449.75641	973.9032
450.2887	971.28229
450.82101	995.57654
451.3533	987.16345
451.88559	972.466
452.41791	976.63641
452.9502	989.51813
453.48248	981.55383
454.0148	978.93188
454.54709	995.09998
455.07941	986.26459
455.61169	981.26581
456.14398	990.25525
456.6763	996.05865
457.20859	986.63403
457.74088	984.6123
458.27319	972.38831
458.80548	997.68066
459.3378	987.28589
459.87009	970.39441
460.40237	974.58911
460.93469	986.85974
461.46698	990.23956
461.99927	1018.4052
462.53159	1001.8105
463.06387	970.44946
463.59616	986.68188
464.12848	999.05768
464.66077	991.98077
465.19308	984.85846
465.72537	992.65356
466.25766	988.80518
466.78998	1003.6808
467.32227	1007.1921
467.85455	1000.9236
468.38687	996.63928
468.91916	992.3017
469.45145	986.52563
469.98376	987.49689
470.51605	1006.4766
471.04837	1034.4373
471.58066	999.01746
472.11295	982.28186
472.64526	986.43842
473.17755	994.41876
473.70984	991.59576
474.24216	986.69995
474.77444	1019.5018
475.30676	1015.993
475.83905	1007.6914
476.37134	1009.7304
476.90366	1018.2778
477.43594	1019.8496
477.96823	1021.8643
478.50055	1035.5237
479.03284	1020.3571
479.56512	1015.1043
480.09744	1006.6505
480.62973	1022.9121
481.16205	1021.1584
481.69434	1001.9492
482.22662	995.22711
482.75894	1012.9885
483.29123	1015.5717
483.82352	1030.443
484.35583	999.38593
484.88812	1003.893
485.42044	1012.9562
485.95273	1022.1165
486.48502	1020.9688
487.01733	998.28967
487.54962	993.15942
488.08191	1001.0334
488.61423	1024.4242
489.14651	1026.1171
489.6788	1030.8241
490.21112	1037.7957
490.74341	1041.5298
491.27573	1037.0023
491.80801	1011.237
492.3403	1019.1147
492.87262	1039.4473
493.40491	1026.5726
493.93719	1018.3679
494.46951	1019.8321
495.0018	1029.6124
495.53409	1039.2417
496.06641	1023.9757
496.59869	1028.361
497.13101	1027.6614
497.6633	1026.7791
498.19559	1026.4983
498.72791	1030.8134
499.26019	1029.7708
499.79248	1020.1875
500.3248	1020.7914
500.85709	1007.6121
501.3894	1031.8097
501.92169	1028.7511
502.45398	1037.0707
502.9863	1045.4674
503.51859	1051.2634
504.05087	1049.6744
504.58319	1028.1251
505.11548	1032.6035
505.64777	1042.2648
506.18008	1078.1904
506.71237	1050.0015
507.24469	1043.2035
507.77698	1052.553
508.30927	1046.3997
508.84158	1041.5721
509.37387	1041.5657
509.90616	1024.8589
510.43848	1052.2744
510.97076	1059.3888
511.50308	1049.8522
512.03534	1047.2195
512.56769	1055.2909
513.09998	1050.6268
513.63226	1018.4916
514.16455	1053.6638
514.69684	1051.1713
515.22919	1050.3524
515.76147	1053.3292
516.29376	1048.6796
516.82605	1045.2509
517.35834	1052.0988
517.89063	1050.0619
518.42297	1040.3798
518.95526	1075.3188
519.48755	1051.6293
520.01984	1035.9626
520.55212	1070.9254
521.08447	1087.5521
521.61676	1060.3237
522.14905	1073.5845
522.68134	1100.9368
523.21362	1069.2444
523.74591	1072.6646
524.27826	1069.5251
524.81055	1059.4452
525.34283	1062.0531
525.87512	1072.2997
526.40741	1072.8877
526.93976	1082.3385
527.47205	1072.6476
528.00433	1073.9316
528.53662	1063.3617
529.06891	1086.5527
529.60126	1081.7477
530.13354	1064.8779
530.66583	1076.9731
531.19812	1077.613
531.73041	1067.2985
532.2627	1072.58
532.79504	1080.9695
533.32733	1075.2869
533.85962	1075.5217
534.39191	1093.1274
534.92419	1107.3149
535.45654	1096.9271
535.98883	1099.9694
536.52112	1097.3204
537.05341	1106.3292
537.58569	1081.7072
538.11798	1102.238
538.65033	1103.9462
539.18262	1085.3225
539.7149	1086.6869
540.24719	1084.6123
540.77948	1122.2067
541.31183	1129.2716
541.84412	1101.4507
542.3764	1101.0192
542.90869	1092.1322
543.44098	1082.8062
543.97327	1091.5554
544.50562	1105.1536
545.0379	1102.7123
545.57019	1122.1174
546.10248	1124.7672
546.63477	1125.8057
547.16711	1120.6252
547.6994	1108.251
548.23169	1106.5436
548.76398	1121.3757
549.29626	1127.9198
549.82855	1126.9856
550.3609	1124.3278
550.89319	1156.5341
551.42548	1151.531
551.95776	1142.7997
552.49005	1132.1504
553.0224	1121.6851
553.55469	1128.9487
554.08698	1148.9958
554.61926	1130.4111
555.15155	1131.7389
555.6839	1145.4861
556.21619	1157.6082
556.74847	1154.2124
557.28076	1151.8303
557.81305	1151.2377
558.34534	1134.5658
558.87769	1147.5526
559.40997	1156.4011
559.94226	1128.8735
560.47455	1155.6849
561.00684	1164.1868
561.53918	1155.1702
562.07147	1153.7301
562.60376	1166.2498
563.13605	1173.9581
563.66833	1144.0331
564.20062	1187.4261
564.73297	1189.547
565.26526	1171.9353
565.79755	1150.916
566.32983	1172.9501
566.86212	1202.4717
567.39447	1178.7754
567.92676	1165.0459
568.45905	1198.7104
568.99133	1189.1984
569.52362	1184.8176
570.05591	1196.3016
570.58826	1191.0017
571.12054	1187.6918
571.65283	1200.9314
572.18512	1207.2797
572.71741	1195.1538
573.24976	1177.4196
573.78204	1194.0162
574.31433	1202.8055
574.84662	1202.3157
575.37891	1218.455
575.91119	1226.3292
576.44354	1222.2864
576.97583	1236.9344
577.50812	1210.1458
578.04041	1214.5754
578.57269	1233.2728
579.10504	1215.0177
579.63733	1211.1023
580.16962	1220.8295
580.7019	1229.3496
581.23419	1235.3844
581.76654	1239.0444
582.29883	1211.0613
582.83112	1233.2843
583.3634	1217.3821
583.89569	1240.949
584.42798	1237.8938
584.96033	1234.1492
585.49261	1233.691
586.0249	1220.2676
586.55719	1212.9147
587.08948	1225.7705
587.62183	1247.1152
588.15411	1229.0336
588.6864	1231.0989
589.21869	1222.3656
589.75098	1235.6259
590.28326	1246.1051
590.81561	1229.8599
591.3479	1234.4298
591.88019	1212.9302
592.41248	1261.7764
592.94476	1254.2251
593.47711	1231.8772
594.0094	1237.3778
594.54169	1248.613
595.07397	1256.6603
595.60626	1269.0353
596.13855	1270.9015
596.6709	1245.5815
597.20319	1265.167
597.73547	1226.3986
598.26776	1220.4873
598.80005	1218.6322
599.3324	1223.0105
599.86469	1234.5747
600.39697	1239.1124
600.92926	1229.2974
601.46155	1229.4971
601.99384	1263.3438
602.52618	1254.8198
603.05847	1254.7606
603.59076	1264.1516
604.12305	1251.0471
604.65533	1238.064
605.18768	1237.8455
605.71997	1218.4934
606.25226	1233.4509
606.78455	1245.9243
607.31683	1218.7229
607.84918	1233.3961
608.38147	1232.4146
608.91376	1239.4307
609.44604	1233.0413
609.97833	1212.6174
610.51062	1228.3329
611.04297	1243.9723
611.57526	1237.7263
612.10754	1260.8312
612.63983	1245.6407
613.17212	1235.6394
613.70447	1258.7412
614.23676	1274.9303
614.76904	1258.84
615.30133	1243.2555
615.83362	1252.668
616.36591	1245.5259
616.89825	1233.9489
617.43054	1247.2852
617.96283	1256.8458
618.49512	1262.8518
619.0274	1245.8386
619.55975	1232.5532
620.09204	1254.0854
620.62433	1261.5277
621.15662	1255.3085
621.6889	1242.8547
622.22119	1217.355
622.75354	1260.2739
623.28583	1262.0714
623.81812	1227.9431
624.3504	1219.7007
624.88269	1245.1731
625.41504	1251.7415
625.94733	1249.9773
626.47961	1247.0344
627.0119	1236.0551
627.54419	1221.7189
628.07648	1222.9719
628.60883	1217.6927
629.14111	1216.8914
629.6734	1222.6705
630.20569	1219.958
630.73798	1239.3496
631.27032	1208.8864
631.80261	1202.1547
632.3349	1214.0887
632.86719	1210.1261
633.39948	1193.7078
633.93182	1186.9501
634.46411	1193.9495
634.9964	1192.7728
635.52869	1177.9117
636.06097	1185.6289
636.59326	1166.9589
637.12561	1177.2294
637.6579	1171.512
638.19019	1170.79
638.72247	1167.1864
639.25476	1160.4626
639.78711	1160.7577
640.3194	1172.7227
640.85168	1169.5195
641.38397	1152.2687
641.91626	1142.0391
642.44855	1155.8612
642.9809	1158.6383
643.51318	1163.0187
644.04547	1146.502
644.57776	1144.2834
645.11005	1149.6971
645.6424	1138.6436
646.17468	1143.2941
646.70697	1164.4646
647.23926	1153.8691
647.77155	1142.4254
648.30383	1143.1417
648.83618	1150.5316
649.36847	1145.9296
649.90076	1128.5039
650.43304	1130.2102
650.96533	1122.8861
651.49768	1140.4562
652.02997	1137.87
652.56226	1117.866
653.09454	1122.4655
653.62683	1112.6852
654.15912	1109.2488
654.69147	1124.2467
655.22375	1143.1746
655.75604	1126.2122
656.28833	1111.0326
656.82062	1114.0079
657.35297	1132.3842
657.88525	1136.4014
658.41754	1112.2316
658.94983	1121.8822
659.48212	1100.7185
660.01447	1102.804
660.54675	1099.1257
661.07904	1095.3844
661.61133	1104.8152
662.14362	1101.9923
662.6759	1105.4128
663.20825	1084.7542
663.74054	1093.9385
664.27283	1083.246
664.80511	1079.6572
665.3374	1074.4041
665.86975	1085.5381
666.40204	1083.964
666.93433	1084.6503
667.46661	1083.829
667.9989	1059.8209
668.53119	1084.636
669.06354	1073.2069
669.59583	1074.0997
670.12811	1073.8557
670.6604	1077.1687
671.19269	1074.6455
671.72504	1066.7571
672.25732	1072.5187
672.78961	1078.5366
673.3219	1057.5886
673.85419	1060.4707
674.38647	1071.4559
674.91882	1065.4163
675.45111	1063.048
675.9834	1068.5413
676.51569	1066.7981
677.04797	1047.7572
677.58032	1035.2521
678.11261	1065.7526
678.6449	1062.7263
679.17719	1064.1244
679.70947	1050.7996
680.24176	1036.8878
680.77411	1030.4286
681.3064	1036.5553
681.83868	1052.9064
682.37097	1060.1912
682.90326	1040.9559
683.43561	1054.3568
683.9679	1040.0774
684.50018	1021.0671
685.03247	1038.4722
685.56476	1045.8772
686.09711	1037.8253
686.62939	1038.915
687.16168	1036.7606
687.69397	1036.0055
688.22626	1022.6707
688.75854	1054.455
689.29089	1031.8199
689.82318	1036.4061
690.35547	1050.0575
690.88776	1057.2266
691.42004	1056.1757
691.95239	1045.7897
692.48468	1060.2668
693.01697	1038.8988
693.54926	1049.3821
694.08154	1035.4169
694.61383	1038.6616
695.14618	1043.2977
695.67847	1045.0573
696.21075	1044.7848
696.74304	1038.7594
697.27533	1034.1846
697.80768	1015.4823
698.33997	1043.2219
698.87225	1033.179
699.40454	1023.4743
699.93683	1031.4755
700.46912	1039.6558
701.00146	1039.6915
701.53375	1038.7233
702.06604	1033.0328
702.59833	1016.9448
703.13062	1020.5515
703.66296	1031.5778
704.19525	1036.057
704.72754	1038.7716
705.25983	1027.3844
705.79211	1021.3774
706.3244	1031.3403
706.85675	1032.6382
707.38904	1036.4648
707.92133	1051.6851
708.45361	1037.4805
708.9859	1035.9889
709.51825	1037.5726
710.05054	1038.8478
710.58282	1031.3839
711.11511	1021.3718
711.6474	1019.1046
712.17975	1013.1999
712.71204	1025.4412
713.24432	1023.6896
713.77661	1021.1267
714.3089	1040.9508
714.84119	1026.3302
715.37354	1013.1181
715.90582	1013.761
716.43811	1017.4929
716.9704	1032.2993
717.50269	1021.2329
718.03503	1026.6333
718.56732	1001.8784
719.09961	1003.9599
719.6319	1017.6789
720.16418	1014.6835
720.69647	1012.3219
721.22882	1016.3456
721.76111	1016.4705
722.2934	1032.3209
722.82568	1020.1344
723.35797	1019.2757
723.89032	1011.0715
724.42261	1009.9795
724.9549	1001.1864
725.48718	997.85632
726.01947	1005.9764
726.55176	1015.595
727.08411	1015.5732
727.61639	1003.5702
728.14868	1004.5027
728.68097	1015.9963
729.21326	1024.5811
729.74561	1007.0846
730.27789	1013.0433
730.81018	1020.9691
731.34247	1018.5477
731.87476	1014.2231
732.40704	995.15961
732.93939	1007.9977
733.47168	1010.7253
734.00397	1004.1332
734.53625	1005.1812
735.06854	998.27789
735.60089	999.40399
736.13318	998.39807
736.66547	993.41968
737.19775	996.28339
737.73004	990.54639
738.26239	993.66205
738.79468	1009.858
739.32697	984.21741
739.85925	989.06451
740.39154	990.26495
740.92383	1010.9583
741.45618	1020.4871
741.98846	1000.6647
742.52075	996.14362
743.05304	1002.6257
743.58533	1003.4794
744.11768	985.54999
744.64996	992.4314
745.18225	991.86841
745.71454	1004.4347
746.24683	1006.7961
746.77911	989.91785
747.31146	978.90424
747.84375	988.26849
748.37604	987.40741
748.90833	1002.7214
749.44061	984.3147
749.97296	992.99237
750.50525	996.70648
751.03754	980.70575
751.56982	974.40479
752.10211	979.36505
752.6344	984.90778
753.16675	1001.3002
753.69904	996.20502
754.23132	984.52747
754.76361	983.42828
755.2959	982.56476
755.82825	1001.369
756.36053	1008.1048
756.89282	1001.6802
757.42511	994.97766
757.9574	993.35699
758.48969	992.3606
759.02203	979.5249
759.55432	1002.0543
760.08661	991.2699
760.6189	991.25769
761.15118	978.85138
761.68353	990.11664
762.21582	1006.1554
762.74811	1003.0276
763.2804	992.16071
763.81268	992.19611
764.34503	988.71124
764.87732	986.04132
765.40961	992.20221
765.94189	997.75665
766.47418	991.56598
767.00647	989.88794
767.53882	993.11078
768.07111	995.20294
768.60339	992.63885
769.13568	985.70642
769.66797	984.03156
770.20032	991.28699
770.7326	985.12842
771.26489	984.41785
771.79718	980.27252
772.32947	972.51202
772.86176	979.01831
773.3941	982.33228
773.92639	975.53815
774.45868	986.07172
774.99097	990.49304
775.52325	980.69446
776.0556	979.8291
776.58789	992.79791
777.12018	976.49347
777.65247	983.68085
778.18475	993.92377
778.71704	993.65161
779.24939	983.81018
779.78168	965.3902
780.31396	962.11462
780.84625	976.33276
781.37854	983.58221
781.91089	979.10028
782.44318	992.24951
782.97546	990.76398
783.50775	980.6676
784.04004	966.26447
784.57233	970.15167
785.10468	993.23566
785.63696	979.77826
786.16925	972.30103
786.70154	984.992
787.23383	977.65405
787.76617	981.94141
788.29846	973.40808
788.83075	974.41138
789.36304	974.2663
789.89532	974.72662
790.42767	983.87469
790.95996	981.24432
791.49225	961.19684
792.02454	982.81946
792.55682	983.75793
793.08911	992.00873
793.62146	983.16833
794.15375	969.01276
794.68604	975.0965
795.21832	984.73602
795.75061	983.06482
796.28296	981.19183
796.81525	976.57196
797.34753	984.88153
797.87982	979.48706
798.41211	984.39465
798.9444	962.37158
799.47675	974.04077
800.00903	982.77728
800.54132	988.60413
801.07361	988.92145
801.6059	979.32202
802.13824	982.46033
802.67053	986.92474
803.20282	990.49988
803.73511	976.04724
804.2674	977.08325
804.79968	989.20758
805.33203	979.92554
805.86432	976.0033
806.39661	988.98071
806.92889	996.68988
807.46118	986.85461
807.99353	981.35541
808.52582	983.49158
809.05811	977.17291
809.59039	964.73541
810.12268	980.23383
810.65497	976.12195
811.18732	981.61194
811.7196	980.13037
812.25189	972.1748
812.78418	975.34314
813.31647	983.56421
813.84882	987.65027
814.3811	983.28333
814.91339	982.41254
815.44568	977.3028
815.97797	962.09058
816.51031	959.44482
817.0426	970.74152
817.57489	979.48645
818.10718	982.10309
818.63947	979.66479
819.17175	966.05688
819.7041	960.42188
820.23639	966.88855
820.76868	978.71704
821.30096	969.84918
821.83325	981.81323
822.3656	984.9223
822.89789	980.03003
823.43018	981.98492
823.96246	982.80548
824.49475	977.03259
825.02704	982.8302
825.55939	973.62726
826.09167	979.09686
826.62396	962.79584
827.15625	993.87335
827.68854	987.4278
828.22089	986.05676
828.75317	971.44537
829.28546	969.04901
829.81775	976.52032
830.35004	970.8493
830.88232	987.1861
831.41467	981.987
831.94696	987.47131
832.47925	975.76593
833.01154	981.89459
833.54382	974.20197
834.07617	980.7608
834.60846	986.1366
835.14075	979.39722
835.67303	981.48206
836.20532	995.27258
836.73761	984.38849
837.26996	977.58875
837.80225	974.89349
838.33453	976.74683
838.86682	972.04938
839.39911	981.1991
839.93146	977.37323
840.46375	974.72046
840.99603	982.53754
841.52832	983.87067
842.06061	975.97375
842.59296	981.70471
843.12524	975.75061
843.65753	980.40759
844.18982	990.46466
844.72211	977.22333
845.25439	972.90991
845.78674	970.46973
846.31903	971.15753
846.85132	977.24432
847.38361	980.99542
847.91589	979.76196
848.44824	982.1933
848.98053	981.23566
849.51282	985.38452
850.0451	976.30347
850.57739	965.51636
851.10968	974.49579
851.64203	975.79871
852.17432	973.10101
852.7066	973.88898
853.23889	973.88055
853.77118	973.86743
854.30353	980.00342
854.83582	979.6001
855.3681	978.00818
855.90039	992.60968
856.43268	982.57611
856.96497	976.4231
857.49731	994.97198
858.0296	976.06732
858.56189	975.72998
859.09418	988.99713
859.62646	984.51843
860.15881	984.75592
860.6911	997.08545
861.22339	984.97723
861.75568	970.48077
862.28796	966.86523
862.82025	972.39758
863.3526	969.14532
863.88489	982.11115
864.41718	981.69818
864.94946	979.10333
865.48175	983.15186
866.0141	982.24292
866.54639	980.83203
867.07867	987.45459
867.61096	985.63977
868.14325	999.40265
868.6756	980.65363
869.20789	977.21442
869.74017	987.61523
870.27246	993.31445
870.80475	988.26056
871.33704	971.11627
871.86938	968.06653
872.40167	988.12042
872.93396	988.27747
873.46625	1000.1627
873.99854	990.31152
874.53088	989.43347
875.06317	993.63031
875.59546	977.70502
876.12775	987.98615
876.66003	995.50714
877.19232	988.9928
877.72467	978.80719
878.25696	975.94781
878.78925	984.12445
879.32153	995.34253
879.85382	996.91748
880.38617	975.92084
880.91846	994.88843
881.45074	988.58923
881.98303	1004.5927
882.51532	995.18903
883.04761	977.24615
883.57996	985.9707
884.11224	986.99121
884.64453	971.58966
885.17682	987.76105
885.70911	982.63843
886.24146	997.21515
886.77374	998.16791
887.30603	990.16315
887.83832	985.19702
888.37061	985.75085
888.90289	988.26056
889.43524	992.16516
889.96753	995.35431
890.49982	999.18341
891.0321	1000.0698
891.56439	990.69885
892.09674	983.97681
892.62903	980.99841
893.16132	987.44354
893.6936	1004.614
894.22589	1009.9235
894.75824	1005.6429
895.29053	1001.8295
895.82281	1003.5977
896.3551	1002.4911
896.88739	998.47345
897.41968	1001.9463
897.95203	1007.9627
898.48431	996.50885
899.0166	989.39771
899.54889	1009.6299
900.08118	996.59363
900.61353	978.80145
901.14581	1003.0343
901.6781	999.49866
902.21039	1001.9215
902.74268	1004.8716
903.27496	1001.1078
903.80731	1002.9807
904.3396	1008.9732
904.87189	1020.9957
905.40417	1007.9754
905.93646	1002.499
906.46881	1015.3226
907.0011	1004.0408
907.53339	994.80963
908.06567	991.9494
908.59796	990.47833
909.13025	996.79651
909.6626	1000.7412
910.19489	997.45416
910.72717	996.15009
911.25946	992.69946
911.79175	1010.5921
912.3241	1016.5765
912.85638	1001.9023
913.38867	1001.8371
913.92096	997.34064
914.45325	1012.1114
914.98553	1014.1418
915.51788	1014.3458
916.05017	1018.0709
916.58246	1024.8446
917.11475	1029.7793
917.64703	1020.1299
918.17938	1023.0275
918.71167	1021.8414
919.24396	1030.1569
919.77625	1010.6932
920.30853	1013.3405
920.84088	1004.9072
921.37317	1006.7661
921.90546	1016.4702
922.43774	1010.632
922.97003	1015.5548
923.50232	1033.9222
924.03467	1020.9739
924.56696	1008.1582
925.09924	1021.2405
925.63153	999.38269
926.16382	1024.2756
926.69617	1005.9883
927.22845	1014.6916
927.76074	1019.357
928.29303	1021.2343
928.82532	1018.7283
929.3576	1022.6293
929.88995	1026.561
930.42224	1018.6204
930.95453	1019.2414
931.48682	1036.8646
932.0191	1022.9799
932.55145	1008.2761
933.08374	1018.4294
933.61603	1010.077
934.14832	1023.6714
934.6806	1023.6026
935.21289	1014.1469
935.74524	1020.0977
936.27753	1034.5038
936.80981	1042.4276
937.3421	1038.16
937.87439	1023.2683
938.40674	1032.2341
938.93903	1028.6716
939.47131	1013.9274
940.0036	1022.8652
940.53589	1015.4698
941.06818	1030.4653
941.60052	1025.6881
942.13281	1030.5415
942.6651	1033.7964
943.19739	1025.6033
943.72968	1028.6537
944.26202	1040.9458
944.79431	1034.5657
945.3266	1045.3063
945.85889	1034.6757
946.39117	1042.1069
946.92352	1045.8785
947.45581	1036.2427
947.9881	1044.166
948.52039	1047.3408
949.05267	1037.0732
949.58496	1030.9424
950.11731	1029.6294
950.6496	1027.484
951.18188	1040.5193
951.71417	1063.9808
952.24646	1039.9404
952.77881	1031.1525
953.3111	1037.6635
953.84338	1044.1621
954.37567	1047.2795
954.90796	1043.1294
955.44025	1041.1089
955.9726	1043.9521
956.50488	1041.4991
957.03717	1035.0774
957.56946	1034.7308
958.10175	1032.2316
958.63409	1023.2123
959.16638	1036.1202
959.69867	1026.0276
960.23096	1061.6466
960.76324	1043.1681
961.29553	1044.8164
961.82788	1047.6282
962.36017	1045.3785
962.89246	1061.8379
963.42474	1066.7411
963.95703	1056.361
964.48938	1043.0039
965.02167	1035.1578
965.55396	1039.8435
966.08624	1048.3163
966.61853	1047.6904
967.15082	1047.8313
967.68317	1035.8237
968.21545	1046.6034
968.74774	1047.7014
969.28003	1043.1498
969.81232	1037.626
970.34467	1040.7516
970.87695	1035.132
971.40924	1038.2487
971.94153	1052.3048
972.47382	1054.9772
973.00616	1057.2687
973.53845	1065.1979
974.07074	1046.0203
974.60303	1070.4385
975.13531	1051.9324
975.6676	1043.1829
976.19995	1036.5024
976.73224	1045.6207
977.26453	1050.6119
977.79681	1047.7327
978.3291	1062.1038
978.86145	1070.6141
979.39374	1059.0095
979.92603	1053.7595
980.45831	1052.8525
980.9906	1050.1086
981.52289	1062.4015
982.05524	1050.5795
982.58752	1049.6837
983.11981	1061.0649
983.6521	1061.8993
984.18439	1058.8097
984.71674	1069.0054
985.24902	1071.868
985.78131	1067.2632
986.3136	1064.438
986.84589	1066.5416
987.37817	1072.1766
987.91052	1071.4829
988.44281	1058.2419
988.9751	1050.6925
989.50739	1067.212
990.03967	1072.8193
990.57202	1063.4919
991.10431	1096.1763
991.6366	1089.4911
992.16888	1062.9573
992.70117	1055.2876
993.23346	1062.063
993.76581	1069.1119
994.2981	1072.0343
994.83038	1070.1971
995.36267	1067.2478
995.89496	1069.4775
996.42731	1084.8359
996.95959	1094.7185
997.49188	1071.5249
998.02417	1046.5393
998.55646	1058.5813
999.08881	1063.2552
999.62109	1076.8102
1000.1534	1071.1213
1000.6857	1067.6799
1001.218	1076.6285
1001.7502	1080.4722
1002.2826	1081.0117
1002.8149	1093.5616
1003.3472	1097.7676
1003.8795	1065.7212
1004.4117	1071.2069
1004.9441	1088.0502
1005.4764	1086.3214
1006.0087	1087.9183
1006.541	1073.2601
1007.0732	1096.6246
1007.6055	1093.6698
1008.1379	1086.351
1008.6702	1093.5878
1009.2025	1095.0858
1009.7347	1088.8351
1010.267	1085.4688
1010.7994	1077.2502
1011.3317	1078.8802
1011.864	1077.9205
1012.3962	1097.2391
1012.9285	1086.996
1013.4608	1082.2012
1013.9932	1080.08
1014.5255	1070.5846
1015.0577	1081.0824
1015.59	1085.5887
1016.1223	1089.9662
1016.6547	1096.4001
1017.187	1093.822
1017.7192	1093.1427
1018.2515	1101.3853
1018.7838	1098.2607
1019.3161	1108.1422
1019.8484	1103.9926
1020.3807	1111.4658
1020.913	1086.3497
1021.4453	1085.246
1021.9776	1105.9053
1022.5099	1090.5682
1023.0422	1082.2766
1023.5745	1070.1112
1024.1068	1077.4208
1024.6392	1088.4608
1025.1714	1085.9312
1025.7037	1090.1112
1026.236	1104.1592
1026.7683	1102.4047
1027.3007	1092.4583
1027.8329	1096.3871
1028.3652	1094.2556
1028.8975	1110.1415
1029.4298	1086.4784
1029.9622	1097.1998
1030.4944	1116.0138
1031.0267	1109.6146
1031.559	1092.1578
1032.0913	1101.0146
1032.6237	1123.6571
1033.1559	1126.9614
1033.6882	1118.8269
1034.2205	1116.6531
1034.7528	1106.4176
1035.2852	1105.3313
1035.8174	1135.4598
1036.3497	1122.0876
1036.882	1119.3132
1037.4143	1113.78
1037.9465	1108.196
1038.4789	1139.1399
1039.0112	1136.478
1039.5435	1126.4604
1040.0758	1112.0686
1040.608	1117.4264
1041.1404	1133.3148
1041.6727	1131.6367
1042.205	1118.8838
1042.7373	1112.5496
1043.2695	1118.8992
1043.8019	1150.3722
1044.3342	1140.8826
1044.8665	1122.1864
1045.3988	1134.3607
1045.931	1137.5913
1046.4634	1128.722
1046.9957	1120.0192
1047.528	1118.7091
1048.0603	1124.855
1048.5925	1132.7478
1049.1249	1147.0344
1049.6571	1156.6874
1050.1895	1147.5037
1050.7218	1134.5479
1051.254	1141.4517
1051.7864	1157.4678
1052.3186	1154.7523
1052.851	1156.2985
1053.3833	1144.7115
1053.9155	1159.7002
1054.4479	1154.2167
1054.9801	1151.8391
1055.5125	1150.7677
1056.0448	1144.1974
1056.577	1166.7458
1057.1094	1188.7909
1057.6416	1171.2529
1058.174	1162.5823
1058.7063	1180.5416
1059.2385	1176.7228
1059.7709	1159.7347
1060.3031	1158.3391
1060.8354	1164.6481
1061.3678	1166.42
1061.9	1141.6599
1062.4324	1164.2358
1062.9646	1167.75
1063.4969	1180.7151
1064.0292	1187.8027
1064.5615	1188.4246
1065.0939	1198.0999
1065.6261	1186.9971
1066.1584	1176.7941
1066.6907	1179.2097
1067.223	1190.1393
1067.7554	1194.4854
1068.2876	1185.1213
1068.8199	1199.7242
1069.3522	1206.9666
1069.8845	1193.4965
1070.4169	1214.7777
1070.9491	1184.734
1071.4814	1197.7051
1072.0137	1219.6578
1072.546	1199.8461
1073.0784	1210.5946
1073.6106	1220.6293
1074.1429	1219.6069
1074.6752	1228.2151
1075.2075	1215.1565
1075.7397	1225.2255
1076.2721	1251.1597
1076.8044	1236.6117
1077.3367	1230.9229
1077.869	1223.0413
1078.4012	1223.2389
1078.9336	1226.8854
1079.4659	1250.5399
1079.9982	1237.4016
1080.5305	1227.9655
1081.0627	1223.7903
1081.5951	1255.5985
1082.1274	1252.0948
1082.6597	1252.504
1083.192	1241.1426
1083.7242	1269.5088
1084.2566	1293.9009
1084.7889	1271.4689
1085.3212	1255.0837
1085.8535	1275.7181
1086.3857	1293.3329
1086.9181	1288.1367
1087.4504	1275.1974
1087.9827	1285.9764
1088.515	1271.9608
1089.0472	1275.7642
1089.5796	1282.3718
1090.1118	1267.087
1090.6442	1320.5607
1091.1765	1314.6794
1091.7087	1308.9723
1092.2411	1296.6765
1092.7733	1300.0953
1093.3057	1309.7471
1093.838	1327.3378
1094.3702	1330.7751
1094.9026	1328.4733
1095.4348	1358.4508
1095.9672	1354.2745
1096.4995	1339.6323
1097.0317	1371.5833
1097.5641	1405.6768
1098.0963	1409.2816
1098.6287	1404.6034
1099.161	1393.5568
1099.6932	1402.74
1100.2256	1403.7496
1100.7578	1407.2883
1101.2902	1425.7545
1101.8224	1448.741
1102.3547	1409.0858
1102.8871	1427.0161
1103.4193	1474.0616
1103.9517	1468.1733
1104.4839	1479.791
1105.0162	1514.6721
1105.5486	1534.464
1106.0808	1527.3723
1106.6132	1519.9264
1107.1454	1548.5753
1107.6777	1568.5909
1108.2101	1596.9363
1108.7423	1621.6647
1109.2747	1637.802
1109.8069	1636.2023
1110.3392	1635.2255
1110.8716	1722.6364
1111.4038	1749.6318
1111.9362	1700.7659
1112.4684	1727.9692
1113.0007	1778.5254
1113.5331	1780.5793
1114.0653	1797.2654
1114.5977	1838.8939
1115.1299	1893.5806
1115.6622	1902.592
1116.1945	1898.5353
1116.7268	1950.9027
1117.2592	2006.2148
1117.7914	2044.9818
1118.3237	2025.3794
1118.856	2142.7673
1119.3883	2112.2661
1119.9207	2101.1021
1120.4529	2166.5879
1120.9852	2173.7554
1121.5175	2216.2537
1122.0498	2227.8989
1122.5822	2258.5481
1123.1144	2330.3406
1123.6467	2358.3323
1124.179	2366.0459
1124.7113	2384.0576
1125.2437	2392.6162
1125.7759	2414.7251
1126.3082	2423.4041
1126.8405	2438.5725
1127.3728	2455.6882
1127.905	2537.9993
1128.4374	2524.7754
1128.9697	2519.1394
1129.502	2569.1616
1130.0343	2572.9153
1130.5665	2633.2581
1131.0989	2623.6765
1131.6312	2622.6768
1132.1635	2655.3564
1132.6958	2688.3389
1133.228	2659.501
1133.7604	2630.5725
1134.2927	2668.533
1134.825	2679.3357
1135.3573	2702.1541
1135.8895	2726.1982
1136.4219	2813.8584
1136.9542	2764.9233
1137.4865	2764.208
1138.0188	2768.0461
1138.551	2724.8779
1139.0834	2737.239
1139.6157	2791.1033
1140.1479	2875.0017
1140.6803	2831.3564
1141.2125	2867.9307
1141.7449	2886.4673
1142.2771	2876.7092
1142.8094	2860.5933
1143.3418	2875.0422
1143.874	2922.7795
1144.4064	2923.9612
1144.9386	2894.1074
1145.4709	2942.0701
1146.0033	2986.0884
1146.5355	2920.884
1147.0679	2913.5405
1147.6001	2973.2842
1148.1324	2914.3259
1148.6648	2957.9583
1149.197	2949.509
1149.7294	2893.1392
1150.2616	2973.3862
1150.7939	2899.2048
1151.3263	2913.7156
1151.8585	2905.3267
1152.3909	2942.8301
1152.9231	2960.6904
1153.4554	2910.4282
1153.9877	2848.0916
1154.52	2838.9866
1155.0524	2830.8623
1155.5846	2785.6128
1156.1169	2773.8694
1156.6492	2756.6707
1157.1815	2779.7534
1157.7139	2724.8743
1158.2461	2735.697
1158.7784	2649.9529
1159.3107	2664.9941
1159.843	2621.5537
1160.3754	2654.8655
1160.9076	2625.0369
1161.4399	2577.1506
1161.9722	2640.6868
1162.5045	2624.2034
1163.0369	2598.7781
1163.5691	2550.1841
1164.1014	2562.3118
1164.6337	2595.3711
1165.166	2636.0718
1165.6984	2624.3774
1166.2306	2588.0327
1166.7629	2617.8979
1167.2952	2619.0913
1167.8275	2657.1826
1168.3597	2639.9492
1168.8921	2625.8477
1169.4244	2628.2263
1169.9567	2717.9932
1170.489	2796.333
1171.0212	2638.1357
1171.5536	2674.96
1172.0859	2696.8713
1172.6182	2745.2805
1173.1505	2744.7104
1173.6827	2732.415
1174.2151	2778.9126
1174.7474	2785.1897
1175.2797	2816.2893
1175.812	2862.7346
1176.3442	2888.8452
1176.8766	2879.1704
1177.4089	2865.375
1177.9412	2895.5261
1178.4735	2884.1096
1179.0057	2869.0684
1179.5381	2966.3367
1180.0703	2963.7056
1180.6027	2972.3064
1181.135	3008.7104
1181.6672	3041.552
1182.1996	3025.4802
1182.7318	3003.627
1183.2642	3088.8748
1183.7965	3134.3499
1184.3287	3147.4343
1184.8611	3134.3342
1185.3933	3152.5725
1185.9257	3195.8987
1186.458	3220.887
1186.9902	3221.4094
1187.5226	3227.8843
1188.0548	3306.3628
1188.5872	3297.3406
1189.1195	3339.0564
1189.6517	3360.1523
1190.1841	3326.8345
1190.7163	3311.4846
1191.2487	3406.5737
1191.781	3420.1145
1192.3132	3442.4521
1192.8456	3434.3352
1193.3778	3458.8762
1193.9102	3507.0488
1194.4424	3513.3376
1194.9747	3529.8855
1195.5071	3554.8752
1196.0393	3512.6157
1196.5717	3565.8162
1197.1039	3560.5278
1197.6362	3605.4094
1198.1686	3631.4639
1198.7008	3665.897
1199.2332	3686.0171
1199.7654	3628.2122
1200.2977	3643.4961
1200.8301	3627.4895
1201.3623	3673.1509
1201.8947	3622.3538
1202.4269	3669.7
1202.9592	3674.479
1203.4916	3693.3604
1204.0238	3719.3457
1204.5562	3702.1555
1205.0884	3701.1497
1205.6207	3749.3123
1206.153	3767.7593
1206.6853	3727.2512
1207.2177	3767.0007
1207.7499	3851.6982
1208.2822	3771.6992
1208.8145	3767.1726
1209.3468	3813.7583
1209.8792	3766.9136
1210.4114	3715.3923
1210.9437	3764.9661
1211.476	3779.6223
1212.0083	3756.8457
1212.5406	3851.4109
1213.0729	3843.8069
1213.6052	3812.3452
1214.1375	3850.6433
1214.6698	3917.7249
1215.2021	3964.8081
1215.7344	3937.8879
1216.2667	3880.4348
1216.799	3901.8381
1217.3313	3942.155
1217.8636	4021.385
1218.3959	4140.1519
1218.9282	4070.5911
1219.4604	4109.729
1219.9928	4249.4448
1220.525	4159.1587
1221.0574	4273.0684
1221.5897	4313.4668
1222.1219	4337.6099
1222.6543	4372.5317
1223.1865	4447.3867
1223.7189	4488.1528
1224.2512	4511.8354
1224.7834	4558.9028
1225.3158	4579.2427
1225.848	4609.8677
1226.3804	4692.0034
1226.9127	4772.4575
1227.4449	4787.5259
1227.9773	4792.7803
1228.5095	4989.2573
1229.0419	4963.4751
1229.5742	5023.8433
1230.1064	5036.8662
1230.6388	4927.4932
1231.171	5135.0498
1231.7034	5143.7612
1232.2356	5158.062
1232.7679	5229.7144
1233.3003	5235.5283
1233.8325	5252.9668
1234.3649	5323.9785
1234.8971	5276.0591
1235.4294	5293.6899
1235.9618	5469.3086
1236.494	5529.4028
1237.0264	5496.4937
1237.5586	5465.6309
1238.0909	5407.0234
1238.6233	5489.4214
1239.1555	5505.1353
1239.6879	5374.4023
1240.2201	5530.7231
1240.7524	5419.9868
1241.2848	5510.7397
1241.817	5652.5806
1242.3494	5639.2817
1242.8816	5584.374
1243.4139	5546.6177
1243.9463	5563.6211
1244.4785	5645.6826
1245.0109	5586
1245.5431	5653.1572
1246.0754	5761.2573
1246.6077	5810.3887
1247.14	5951.5391
1247.6724	6015.248
1248.2046	5967.2905
1248.7369	5988.458
1249.2692	6018.3325
1249.8015	6022.9492
1250.3339	6068.7642
1250.8661	6103.543
1251.3984	6176.9961
1251.9307	6301.8525
1252.463	6512.1123
1252.9954	6443.5786
1253.5276	6560.9819
1254.0599	6674.5747
1254.5922	6699.9282
1255.1245	6812.1274
1255.6569	6940.8467
1256.1891	6955.7285
1256.7214	7016.7178
1257.2537	7102.5425
1257.786	7080.6011
1258.3182	7146.2183
1258.8506	7309.0391
1259.3829	7385.7593
1259.9152	7438.4028
1260.4475	7542.2769
1260.9797	7555.0688
1261.5121	7528.7632
1262.0444	7649.3306
1262.5767	7713.8701
1263.109	7675.0664
1263.6412	7728.7798
1264.1736	7795.8735
1264.7059	7837.5737
1265.2382	7820.7456
1265.7705	7861.8735
1266.3027	8036.3599
1266.8351	7959.2578
1267.3674	7982.5791
1267.8997	8033.9727
1268.432	8027.627
1268.9642	7938.5303
1269.4966	8007.0308
1270.0289	7987.4648
1270.5612	7928.689
1271.0935	7967.7642
1271.6257	7928.7441
1272.1581	7845.8501
1272.6903	7834.4429
1273.2227	7793.4434
1273.755	7746.9653
1274.2872	7711.8184
1274.8196	7632.2505
1275.3518	7542.8262
1275.8842	7435.2842
1276.4165	7400.2388
1276.9487	7267.8252
1277.4811	7187.187
1278.0133	7064.29
1278.5457	7045.9092
1279.078	6873.5083
1279.6102	6784.2769
1280.1426	6768.9678
1280.6748	6758.7896
1281.2072	6511.5767
1281.7395	6523.5342
1282.2717	6485.1367
1282.8041	6364.2813
1283.3363	6223.5928
1283.8687	6133.7441
1284.4009	6087.1025
1284.9332	5939.3984
1285.4656	5776.3389
1285.9978	5740.9053
1286.5302	5715.7622
1287.0624	5678.4712
1287.5947	5616.6758
1288.1271	5606.8701
1288.6593	5476.5469
1289.1917	5456.0889
1289.7239	5393.2563
1290.2562	5412.7891
1290.7886	5204.1328
1291.3208	5074.8193
1291.8531	5074.5439
1292.3854	5074.2231
1292.9177	5101.7046
1293.4501	5135.8623
1293.9823	5041.2485
1294.5146	5026.9102
1295.0469	4932.9326
1295.5792	4951.228
1296.1116	5007.9106
1296.6438	4973.082
1297.1761	4908.0698
1297.7084	4931.7896
1298.2407	4968.0439
1298.7729	4983.9395
1299.3053	5011.7905
1299.8376	4965.1313
1300.3699	4955.9507
1300.9022	4914.9746
1301.4344	4985.8232
1301.9668	5028.7378
1302.4991	4927.2109
1303.0314	5030.5186
1303.5637	5071.0796
1304.0959	4954.3027
1304.6283	5059.8608
1305.1606	5041.708
1305.6929	5161.2656
1306.2252	5149.5718
1306.7574	5188.7241
1307.2898	5142.2471
1307.8221	5186.4863
1308.3544	5254.7075
1308.8867	5232.5137
1309.4189	5217.1914
1309.9513	5314.938
1310.4835	5301.7158
1311.0159	5344.9082
1311.5482	5319.6675
1312.0804	5162.4326
1312.6128	5219.2354
1313.145	5257.5996
1313.6774	5121.106
1314.2097	5150.2383
1314.7419	5179.0518
1315.2743	5137.3306
1315.8065	5105.666
1316.3389	5108.498
1316.8712	5030.499
1317.4034	5048.7144
1317.9358	4908.3628
1318.468	4969.8916
1319.0004	4895.6055
1319.5327	4901.6138
1320.0649	4811.9175
1320.5973	4822.5439
1321.1295	4795.6323
1321.6619	4678.1211
1322.1942	4630.3398
1322.7264	4628.1733
1323.2588	4554.8384
1323.791	4559.5566
1324.3234	4495.54
1324.8556	4350.7397
1325.3879	4302.2554
1325.9203	4295.3926
1326.4525	4314.2461
1326.9849	4327.0366
1327.5171	4281.8516
1328.0494	4275.9336
1328.5818	4210.5854
1329.114	4163.0195
1329.6464	4211.0913
1330.1786	4225.5264
1330.7109	4106.7656
1331.2433	4134.3853
1331.7755	4195.2446
1332.3079	4123.0791
1332.8401	4101.8174
1333.3724	4018.7852
1333.9048	4094.717
1334.437	4142.2612
1334.9694	4258.5542
1335.5016	4226.9087
1336.0339	4203.2129
1336.5662	4198.2397
1337.0985	4206.9497
1337.6309	4186.7656
1338.1631	4202.793
1338.6954	4280.2993
1339.2277	4262.0918
1339.76	4286.6978
1340.2924	4322.2407
1340.8246	4365.2217
1341.3569	4394.4868
1341.8892	4398.1733
1342.4215	4398.0591
1342.9539	4375.3872
1343.4861	4440.7129
1344.0184	4530.3701
1344.5507	4498.4951
1345.083	4534.0166
1345.6154	4622.2412
1346.1476	4598.2246
1346.6799	4731.1191
1347.2122	4761.2363
1347.7445	4739.0591
1348.2769	4831.3452
1348.8091	4842.4795
1349.3414	4936.394
1349.8737	4876.3174
1350.406	4969.7822
1350.9382	4913.2773
1351.4706	4977.0669
1352.0029	4948.9419
1352.5352	4994.0723
1353.0675	5021.8364
1353.5997	5194.4517
1354.1321	5122.3188
1354.6644	5175.1802
1355.1967	5160.6123
1355.729	5143.5806
1356.2612	5245.6147
1356.7936	5289.1016
1357.3259	5311.584
1357.8582	5366.6812
1358.3905	5313.0415
1358.9227	5281.5684
1359.4551	5292.3154
1359.9874	5269.145
1360.5197	5403.8188
1361.052	5380.6553
1361.5842	5313.0435
1362.1166	5352.2993
1362.6488	5424.792
1363.1812	5382.9023
1363.7135	5339.2729
1364.2457	5386.7783
1364.7781	5430.5107
1365.3103	5377.6006
1365.8427	5480.0269
1366.375	5358.4033
1366.9072	5498.8691
1367.4396	5452.7529
1367.9718	5350.5181
1368.5042	5444.0518
1369.0365	5277.2759
1369.5687	5347.9312
1370.1011	5383.2949
1370.6333	5246.0396
1371.1656	5284.2471
1371.698	5274.8799
1372.2302	5226.2065
1372.7626	5261.7515
1373.2948	5206.4048
1373.8271	5174.9917
1374.3595	5158.2798
1374.8917	5172.7036
1375.4241	5193.1265
1375.9563	5127.4536
1376.4886	5070.186
1377.0209	5108.7505
1377.5532	5144.0464
1378.0856	5071.4165
1378.6178	5006.4849
1379.1501	5033.9175
1379.6824	5015.1636
1380.2147	4920.9521
1380.7471	4887.5024
1381.2793	4962.8032
1381.8116	5038.7656
1382.3439	4951.2954
1382.8762	4917.3184
1383.4086	4817.4189
1383.9408	4793.3442
1384.4731	4882.9727
1385.0054	4800.4678
1385.5377	4778.7241
1386.0701	4809.0107
1386.6023	4810.127
1387.1346	4781.8291
1387.6669	4839.0449
1388.1992	4762.8359
1388.7314	4745.2178
1389.2638	4750.7056
1389.7961	4712.5977
1390.3284	4781.8779
1390.8607	4715.8394
1391.3929	4668.7412
1391.9253	4769.667
1392.4576	4738.9287
1392.9899	4703.4995
1393.5222	4710.4058
1394.0544	4729.3975
1394.5868	4705.5537
1395.1191	4659.3657
1395.6514	4670.0542
1396.1837	4657.4253
1396.7159	4671.0215
1397.2483	4719.1694
1397.7806	4680.1309
1398.3129	4673.7222
1398.8452	4634.7632
1399.3774	4651.895
1399.9098	4673.8633
1400.4421	4596.9287
1400.9744	4593.8052
1401.5067	4701.748
1402.0389	4708.3394
1402.5713	4688.8721
1403.1035	4569.8081
1403.6359	4647.0923
1404.1682	4620.7959
1404.7004	4625.335
1405.2328	4617.9136
1405.765	4504.5952
1406.2974	4631.8491
1406.8297	4675.1025
1407.3619	4614.896
1407.8943	4643.3628
1408.4265	4637.5259
1408.9589	4663.5352
1409.4912	4566.4312
1410.0234	4584.0044
1410.5558	4607.3022
1411.088	4584.3433
1411.6204	4538.5137
1412.1527	4524.8867
1412.6849	4584.894
1413.2173	4528.8691
1413.7495	4636.7529
1414.2819	4570.0879
1414.8141	4497.9219
1415.3464	4500.7778
1415.8788	4479.248
1416.411	4426.7173
1416.9434	4433.936
1417.4756	4478.251
1418.0079	4438.9097
1418.5403	4404.9746
1419.0725	4467.0649
1419.6049	4493.3936
1420.1371	4386.9795
1420.6694	4435.8184
1421.2018	4419.2671
1421.734	4375.1997
1422.2664	4394.2734
1422.7986	4322.3516
1423.3309	4214.8345
1423.8633	4297.4434
1424.3955	4373.8218
1424.9279	4287.085
1425.4601	4227.4043
1425.9924	4280.1914
1426.5248	4221.605
1427.057	4310.9614
1427.5894	4315.8691
1428.1216	4258.8398
1428.6539	4271.5693
1429.1862	4153.2002
1429.7185	4152.5884
1430.2509	4193.064
1430.7831	4182.9063
1431.3154	4145.1309
1431.8477	4129.4888
1432.38	4144.1235
1432.9124	4188.6523
1433.4446	4170.1113
1433.9769	4073.8037
1434.5092	4091.7073
1435.0415	4153.707
1435.5739	4111.6318
1436.1061	4148.5947
1436.6384	4103.6953
1437.1707	4078.6624
1437.703	4122.2695
1438.2354	4181.5781
1438.7676	4098.3232
1439.2999	4079.4226
1439.8322	4112.5234
1440.3645	4115.3364
1440.8967	4100.0498
1441.4291	4123.521
1441.9614	4131.6538
1442.4937	4122.5811
1443.026	4170.3472
1443.5582	4147.0884
1444.0906	4098.0728
1444.6229	4138.8745
1445.1552	4186.1885
1445.6875	4184.2036
1446.2197	4095.4624
1446.7521	4082.2969
1447.2844	4118.8535
1447.8167	4181.2212
1448.349	4178.6387
1448.8812	4157.3779
1449.4136	4189.3252
1449.9459	4196.2881
1450.4781	4303.9712
1451.0105	4227.3555
1451.5427	4237.6709
1452.0751	4170.3589
1452.6074	4184.5
1453.1396	4211.1118
1453.672	4262.7837
1454.2042	4301.3252
1454.7366	4229.0283
1455.2688	4270.5835
1455.8011	4233.5483
1456.3335	4217.0537
1456.8657	4310.4419
1457.3981	4312.0034
1457.9303	4320.5933
1458.4626	4241.8618
1458.995	4385.2695
1459.5272	4342.6162
1460.0596	4326.5405
1460.5918	4366.7295
1461.1241	4409.7251
1461.6565	4412.2134
1462.1887	4323.6143
1462.7211	4368.731
1463.2533	4356.5391
1463.7856	4386.1157
1464.318	4377.3315
1464.8502	4359.6265
1465.3826	4301.1777
1465.9148	4349.7754
1466.4471	4375.6616
1466.9794	4396.5161
1467.5117	4471.9604
1468.0441	4385.7051
1468.5763	4364.0542
1469.1086	4384.1011
1469.6409	4381.3989
1470.1732	4376.7578
1470.7056	4359.7788
1471.2378	4392.8423
1471.7701	4461.1484
1472.3024	4473.2549
1472.8347	4405.354
1473.3671	4367.9243
1473.8993	4404.645
1474.4316	4410.6284
1474.9639	4430.5103
1475.4962	4429.9707
1476.0286	4422.1299
1476.5608	4476.3071
1477.0931	4448.0635
1477.6254	4491.9961
1478.1577	4435.2373
1478.6901	4371.5967
1479.2223	4465.8467
1479.7546	4470.3413
1480.2869	4572.5801
1480.8192	4593.5347
1481.3514	4549.0317
1481.8838	4530.7227
1482.4161	4523.8662
1482.9484	4513.2266
1483.4807	4496.4834
1484.0129	4568.207
1484.5453	4620.9678
1485.0776	4654.3301
1485.6099	4758.3774
1486.1422	4757.9346
1486.6744	4700.4385
1487.2068	4693.1333
1487.7391	4615.9888
1488.2714	4722.7285
1488.8037	4685.5337
1489.3359	4827.5444
1489.8683	4822.0298
1490.4006	4769.9624
1490.9329	4793.9277
1491.4652	4849.4966
1491.9974	4906.6182
1492.5298	4884.8882
1493.062	4866.1924
1493.5944	5046.7417
1494.1267	5039.4927
1494.6589	5037.2358
1495.1913	4940.8716
1495.7235	5017.167
1496.2559	4995.6309
1496.7882	5257.6924
1497.3204	5131.2803
1497.8528	5200.2251
1498.385	5209.7119
1498.9174	5250.9551
1499.4497	5335.855
1499.9819	5416.0791
1500.5143	5378.0415
1501.0465	5349.6455
1501.5789	5351.3813
1502.1112	5353.5708
1502.6434	5468.6475
1503.1758	5511.5171
1503.708	5574.6113
1504.2404	5553.6401
1504.7727	5571.5234
1505.3049	5721.0063
1505.8373	5712.4395
1506.3695	5729.4346
1506.9019	5799.563
1507.4341	5722.0884
1507.9664	5788.7212
1508.4988	5883.2002
1509.031	5928.3311
1509.5634	5981.6963
1510.0956	5975.0093
1510.6279	6034.1851
1511.1603	5983.5864
1511.6925	6056.6738
1512.2249	6091.7959
1512.7571	6087.0552
1513.2894	6067.7778
1513.8218	6175.3545
1514.354	6265.7905
1514.8864	6253.832
1515.4186	6251.8838
1515.9509	6321.6006
1516.4833	6327.0493
1517.0155	6301.9497
1517.5479	6398.9893
1518.0801	6499.7485
1518.6124	6488.9028
1519.1447	6448.7427
1519.677	6471.0659
1520.2094	6495.0269
1520.7416	6502.0918
1521.2739	6561.5547
1521.8062	6559.0249
1522.3385	6547.8325
1522.8708	6642.2456
1523.4031	6675.5303
1523.9354	6666.5117
1524.4677	6640.8237
1525	6636.1367
1525.5323	6687.3657
1526.0646	6703.9395
1526.5969	6717.5186
1527.1292	6771.1123
1527.6615	6792.1162
1528.1938	6768.6919
1528.7261	6676.2246
1529.2584	6741.6035
1529.7906	6784.3652
1530.323	6760.1577
1530.8553	6833.105
1531.3876	6827.3311
1531.9199	6902.6152
1532.4521	6866.7192
1532.9845	6749.8066
1533.5167	6621.2891
1534.0491	6782.5229
1534.5814	6806.4932
1535.1136	6850.1919
1535.646	6848.6919
1536.1782	6808.0933
1536.7106	6895.5342
1537.2429	6768.9404
1537.7751	6850.0791
1538.3075	6730.5493
1538.8397	6789.8833
1539.3721	6787.0737
1539.9044	6777.4868
1540.4366	6743.4761
1540.969	6857.0488
1541.5012	6900.5596
1542.0336	6804.0146
1542.5659	6681.6597
1543.0981	6676.0767
1543.6305	6768.5571
1544.1627	6686.4946
1544.6951	6708.1045
1545.2273	6704.8208
1545.7596	6541.4751
1546.292	6592.4595
1546.8242	6694.3843
1547.3566	6581.1348
1547.8888	6671.208
1548.4211	6701.6353
1548.9535	6575.9551
1549.4857	6598.0317
1550.0181	6590.6992
1550.5503	6736.373
1551.0826	6769.5957
1551.615	6583.9473
1552.1472	6650.6309
1552.6796	6628.8618
1553.2118	6714.1787
1553.7441	6579.9565
1554.2765	6549.2866
1554.8087	6596.7417
1555.3411	6454.7798
1555.8733	6520.2197
1556.4056	6561.7441
1556.938	6637.5503
1557.4702	6503.8447
1558.0026	6595.6226
1558.5348	6395.2031
1559.0671	6462.2349
1559.5994	6541.3716
1560.1317	6480.3179
1560.6641	6445.2695
1561.1963	6495.1162
1561.7286	6463.8657
1562.2609	6500.3691
1562.7932	6548.7134
1563.3256	6376.8403
1563.8578	6439.8105
1564.3901	6544.9521
1564.9224	6399.4829
1565.4547	6402.1436
1565.9871	6397.1411
1566.5193	6584.2466
1567.0516	6478.3965
1567.5839	6474.7734
1568.1162	6410.7021
1568.6486	6447.7129
1569.1808	6257.8662
1569.7131	6305.0469
1570.2454	6351.9336
1570.7777	6353.4224
1571.3099	6305.9463
1571.8423	6409.5332
1572.3746	6327.0103
1572.9069	6138.2227
1573.4392	6286.0142
1573.9714	6334.1597
1574.5038	6385.4653
1575.0361	6116.7739
1575.5684	6255.3535
1576.1007	6281.8735
1576.6329	6198.1011
1577.1653	6009.0522
1577.6976	6203.1284
1578.2299	6235.6406
1578.7622	6152.4556
1579.2944	6183.458
1579.8268	6048.2334
1580.3591	6215.6357
1580.8914	6090.5728
1581.4237	6082.9556
1581.9559	6104.9717
1582.4883	6005.2236
1583.0206	6052.0586
1583.5529	5926.9414
1584.0852	5904.3032
1584.6174	5989.8418
1585.1498	5889.6831
1585.682	5975.688
1586.2144	5858.0317
1586.7467	5943.269
1587.2789	5840.7695
1587.8113	5914.5601
1588.3435	5870.4785
1588.8759	5765.2744
1589.4082	5701.145
1589.9404	5684.188
1590.4728	5609.979
1591.005	5572.0771
1591.5374	5564.6943
1592.0697	5588.4141
1592.6019	5618.3105
1593.1343	5590.395
1593.6665	5550.7183
1594.1989	5479.9614
1594.7312	5428.2803
1595.2634	5387.9995
1595.7958	5325.3623
1596.328	5377.0127
1596.8604	5311.3687
1597.3926	5356.3955
1597.9249	5263.1416
1598.4573	5221.147
1598.9895	5169.0957
1599.5219	5160.3784
1600.0541	5163.3667
1600.5864	5147.8628
1601.1188	5158.8335
1601.651	4988.6479
1602.1833	4981.103
1602.7156	4938.1577
1603.2479	4862.2397
1603.7803	4909.5562
1604.3125	4896.2827
1604.8448	4935.1221
1605.3771	4875.5898
1605.9094	4772.1958
1606.4418	4611.8696
1606.974	4758.6479
1607.5063	4718.3228
1608.0386	4644.5576
1608.5709	4651.1006
1609.1033	4595.9307
1609.6355	4558.3003
1610.1678	4528.668
1610.7001	4497.4492
1611.2324	4485.6113
1611.7646	4391.8818
1612.297	4390.5566
1612.8293	4369.1987
1613.3616	4275.9478
1613.8939	4301.3535
1614.4261	4281.5957
1614.9585	4336.0181
1615.4908	4250.4263
1616.0231	4188.8462
1616.5554	4201.9546
1617.0876	4190.7949
1617.62	4125.2905
1618.1523	4117.8735
1618.6846	4115.2207
1619.2169	4088.6077
1619.7491	4068.6887
1620.2815	4013.7708
1620.8138	4012.0986
1621.3461	3999.084
1621.8784	4018.5737
1622.4106	3959.8574
1622.943	3873.6343
1623.4752	3881.3145
1624.0076	3822.7981
1624.5399	3832.3389
1625.0721	3802.2156
1625.6045	3739.6467
1626.1367	3741.6563
1626.6691	3760.9951
1627.2014	3764.6357
1627.7336	3733.3215
1628.266	3686.2715
1628.7982	3668.4482
1629.3306	3668.5051
1629.8629	3663.47
1630.3951	3593.405
1630.9275	3537.6409
1631.4597	3507.8994
1631.9921	3552.0847
1632.5244	3557.5376
1633.0566	3491.6924
1633.589	3490.6362
1634.1212	3454.7354
1634.6536	3436.8135
1635.1859	3428.0391
1635.7181	3422.6455
1636.2505	3442.5173
1636.7827	3414.4146
1637.3151	3335.8909
1637.8473	3319.5464
1638.3796	3382.6938
1638.912	3386.3843
1639.4442	3336.1599
1639.9766	3241.9063
1640.5088	3243.7625
1641.0411	3218.4346
1641.5735	3245.3079
1642.1057	3244.3118
1642.6381	3195.3562
1643.1703	3202.9922
1643.7026	3233.1492
1644.235	3137.9917
1644.7672	3090.1013
1645.2996	3110.5146
1645.8318	3198.4014
1646.3641	3066.3914
1646.8965	3104.6941
1647.4287	3097.1516
1647.9611	3031.6692
1648.4933	3008.24
1649.0256	3053.5789
1649.5579	3063.054
1650.0902	3058.0271
1650.6226	3022.957
1651.1548	2963.0708
1651.6871	2987.9636
1652.2194	3001.5166
1652.7517	2947.6262
1653.2841	2946.333
1653.8163	2907.5039
1654.3486	2845.8335
1654.8809	2955.824
1655.4132	2956.7151
1655.9456	2878.8162
1656.4778	2870.2981
1657.0101	2827.189
1657.5424	2886.1772
1658.0747	2889.2632
1658.6071	2802.584
1659.1393	2812.1145
1659.6716	2804.8799
1660.2039	2748.5564
1660.7362	2669.5239
1661.2686	2733.3752
1661.8008	2711.9797
1662.3331	2726.3625
1662.8654	2713.2214
1663.3977	2644.7219
1663.9299	2669.2498
1664.4623	2676.386
1664.9946	2670.6238
1665.5269	2618.0183
1666.0592	2603.5725
1666.5914	2600.5803
1667.1238	2643.3762
1667.6561	2642.9448
1668.1884	2604.7092
1668.7207	2577.9675
1669.2529	2575.6663
1669.7853	2596.5718
1670.3176	2573.0449
1670.8499	2558.0212
1671.3822	2518.8726
1671.9144	2568.0183
1672.4468	2544.791
1672.9791	2499.2424
1673.5114	2491.5647
1674.0437	2466.3831
1674.5759	2466.4238
1675.1083	2460.3049
1675.6405	2425.3049
1676.1729	2393.5952
1676.7052	2420.9043
1677.2374	2448.0352
1677.7698	2415.1807
1678.302	2383.7456
1678.8344	2344.6128
1679.3667	2360.5564
1679.8989	2375.1104
1680.4313	2344.9387
1680.9635	2329.7173
1681.4958	2339.6838
1682.0282	2381.47
1682.5604	2354.3691
1683.0928	2329.1792
1683.625	2300.9299
1684.1573	2339.6431
1684.6897	2335.0261
1685.2219	2300.8125
1685.7543	2275.646
1686.2865	2234.552
1686.8188	2256.9302
1687.3512	2244.5432
1687.8834	2220.4346
1688.4158	2234.6265
1688.948	2237.1274
1689.4803	2241.4216
1690.0126	2207.092
1690.5449	2183.5676
1691.0773	2192.061
1691.6095	2200.0081
1692.1418	2177.7581
1692.6741	2164.6892
1693.2064	2175.8691
1693.7388	2147.9827
1694.271	2136.7346
1694.8033	2149.3145
1695.3356	2149.9187
1695.8679	2136.5569
1696.4003	2130.7478
1696.9325	2108.2861
1697.4648	2100.7009
1697.9971	2111.2788
1698.5294	2089.3713
1699.0618	2096.0862
1699.594	2045.8928
1700.1263	2056.3623
1700.6586	2050.8281
1701.1909	2031.9128
1701.7231	2032.502
1702.2555	2043.2278
1702.7878	2012.3119
1703.3201	2008.1254
1703.8524	2056.9534
1704.3846	2035.8607
1704.917	2007.7415
1705.4493	2022.0039
1705.9816	1981.6204
1706.5139	1981.6726
1707.0461	1991.1838
1707.5785	1943.4541
1708.1108	1966.5575
1708.6431	1967.009
1709.1754	1946.2125
1709.7076	1961.7683
1710.24	1945.1333
1710.7723	1940.7074
1711.3046	1961.7101
1711.8369	1948.9824
1712.3691	1922.5715
1712.9015	1932.7792
1713.4338	1919.5865
1713.9661	1926.0361
1714.4984	1943.1023
1715.0306	1908.7836
1715.563	1942.639
1716.0952	1897.4586
1716.6276	1916.168
1717.1599	1912.0402
1717.6921	1918.3915
1718.2245	1923.5858
1718.7567	1880.1339
1719.2891	1888.0178
1719.8214	1859.0092
1720.3536	1852.6532
1720.886	1921.6359
1721.4182	1917.3096
1721.9506	1833.3757
1722.4829	1812.1117
1723.0151	1831.2644
1723.5475	1852.6699
1724.0797	1822.8589
1724.6121	1851.8821
1725.1444	1875.7534
1725.6766	1868.5868
1726.209	1885.0001
1726.7412	1882.3245
1727.2736	1855.3663
1727.8058	1772.6617
1728.3381	1875.9507
1728.8705	1857.0319
1729.4027	1812.881
1729.9351	1835.5061
1730.4673	1831.3335
1730.9996	1824.7848
1731.532	1815.2236
1732.0642	1821.6436
1732.5966	1810.4763
1733.1288	1827.0253
1733.6611	1792.1753
1734.1935	1824.9141
1734.7257	1825.5052
1735.2581	1819.8372
1735.7903	1812.689
1736.3226	1851.1981
1736.855	1851.1635
1737.3872	1810.6691
1737.9196	1807.5073
1738.4518	1832.3474
1738.9841	1829.9806
1739.5165	1797.7828
1740.0487	1816.3335
1740.5811	1852.3555
1741.1133	1820.7766
1741.6456	1782.0897
1742.1779	1795.6305
1742.7102	1798.364
1743.2426	1790.6624
1743.7748	1756.0608
1744.3071	1755.3086
1744.8394	1831.2085
1745.3717	1820.6708
1745.9041	1781.3333
1746.4363	1797.3723
1746.9686	1782.1007
1747.5009	1790.3064
1748.0332	1802.0553
1748.5656	1803.056
1749.0978	1797.2592
1749.6301	1748.9836
1750.1624	1777.5027
1750.6947	1818.3247
1751.2271	1820.2759
1751.7593	1800.8104
1752.2916	1797.1815
1752.8239	1746.3055
1753.3562	1749.1638
1753.8884	1809.515
1754.4208	1798.3376
1754.9531	1860.7618
1755.4854	1834.5117
1756.0177	1825.3733
1756.5499	1798.1525
1757.0823	1788.3876
1757.6146	1796.8572
1758.1469	1796.5532
1758.6792	1772.458
1759.2114	1793.6685
1759.7438	1794.1155
1760.2761	1774.1168
1760.8083	1789.2435
1761.3407	1802.1027
1761.8729	1785.717
1762.4053	1756.177
1762.9376	1753.2119
1763.4698	1763.9932
1764.0022	1789.7185
1764.5344	1809.4824
1765.0668	1782.0284
1765.5991	1781.9346
1766.1313	1804.7802
1766.6637	1822.9952
1767.1959	1814.9987
1767.7283	1781.3713
1768.2605	1811.3633
1768.7928	1803.2911
1769.3252	1771.948
1769.8574	1753.9691
1770.3898	1789.1283
1770.922	1809.6746
1771.4543	1773.6991
1771.9867	1780.1646
1772.5189	1770.6176
1773.0513	1778.4139
1773.5835	1785.2117
1774.1158	1807.0928
1774.6482	1796.9587
1775.1804	1817.7625
1775.7128	1820.3278
1776.245	1832.4922
1776.7773	1825.7563
1777.3097	1821.3882
1777.8419	1822.48
1778.3743	1784.9116
1778.9065	1808.5375
1779.4388	1841.4734
1779.9711	1811.8613
1780.5034	1824.5758
1781.0358	1793.6538
1781.568	1760.6981
1782.1003	1827.1105
1782.6326	1798.8632
1783.1649	1769.3092
1783.6973	1830.1479
1784.2295	1859.4554
1784.7618	1802.8567
1785.2941	1770.8049
1785.8264	1842.0609
1786.3588	1847.8552
1786.891	1819.9733
1787.4233	1806.8176
1787.9556	1809.4041
1788.4879	1858.9379
1789.0203	1843.5643
1789.5525	1877.1019
1790.0848	1851.2582
1790.6171	1890.0712
1791.1494	1805.1309
1791.6818	1798.825
1792.214	1822.895
1792.7463	1834.2844
1793.2786	1884.8159
1793.8109	1850.9545
1794.3431	1864.6792
1794.8755	1877.5945
1795.4078	1828.2294
1795.9401	1835.0238
1796.4724	1875.1274
1797.0046	1903.8229
1797.537	1900.7332
1798.0693	1889.0045
1798.6016	1888.4425
1799.1339	1866.6655
1799.6661	1859.9227
1800.1985	1900.6986
1800.7308	1887.0504
1801.2631	1852.3864
1801.7954	1861.7611
1802.3276	1850.6543
1802.86	1893.8289
1803.3923	1901.1688
1803.9246	1908.8798
1804.4569	1903.2764
1804.9891	1898.9197
1805.5215	1897.29
1806.0537	1913.5785
1806.5861	1906.4441
1807.1184	1889.1252
1807.6506	1922.3104
1808.183	1986.063
1808.7152	1978.7574
1809.2476	1978.1552
1809.7799	1981.9335
1810.3121	1962.01
1810.8445	1951.1584
1811.3767	1946.9089
1811.9091	1958.0752
1812.4414	1906.5455
1812.9736	1945.4354
1813.506	1998.7786
1814.0382	1960.2352
1814.5706	1959.1162
1815.1029	1927.2374
1815.6351	1985.6541
1816.1675	1987.2377
1816.6997	1969.3369
1817.2321	1979.9049
1817.7644	2011.1493
1818.2966	2034.8573
1818.829	2032.349
1819.3612	2025.0055
1819.8936	2040.8356
1820.4258	2043.251
1820.9581	2046.3037
1821.4905	2092.9121
1822.0227	2074.6653
1822.5551	2068.1111
1823.0873	2079.0901
1823.6196	2083.6714
1824.152	2078.4546
1824.6842	2087.0896
1825.2166	2067.2617
1825.7488	2083.8845
1826.2811	2098.748
1826.8135	2079.5583
1827.3457	2110.5525
1827.8781	2126.5715
1828.4103	2154.4761
1828.9426	2099.4402
1829.475	2088.6479
1830.0072	2096.6687
1830.5396	2159.5811
1831.0718	2159.2773
1831.6041	2154.0156
1832.1364	2139.491
1832.6687	2158.6326
1833.201	2143.637
1833.7333	2199.7512
1834.2656	2197.4978
1834.7979	2167.9275
1835.3302	2155.9646
1835.8625	2217.1431
1836.3948	2229.9963
1836.9271	2266.1086
1837.4594	2262.0166
1837.9917	2208.9583
1838.524	2204.4888
1839.0563	2198.418
1839.5886	2258.1353
1840.1208	2255.2317
1840.6532	2283.5251
1841.1855	2343.8081
1841.7178	2346.7141
1842.2501	2301.262
1842.7823	2293.4302
1843.3147	2324.4949
1843.847	2327.511
1844.3793	2373.2688
1844.9116	2352.4443
1845.4438	2355.9998
1845.9762	2349.3647
1846.5084	2318.8301
1847.0408	2408.9243
1847.5731	2348.1802
1848.1053	2380.249
1848.6377	2358.9531
1849.1699	2425.1707
1849.7023	2480.2532
1850.2346	2364.6995
1850.7668	2464.5833
1851.2992	2403.2502
1851.8314	2499.3391
1852.3638	2476.8623
1852.8961	2519.9727
1853.4283	2517.1858
1853.9607	2556.1826
1854.4929	2549.925
1855.0253	2562.2271
1855.5576	2555.2539
1856.0898	2582.6633
1856.6222	2586.0901
1857.1544	2615.7881
1857.6868	2636.7456
1858.219	2665.8967
1858.7513	2663.8379
1859.2837	2648.5588
1859.8159	2671.5752
1860.3483	2678.5254
1860.8805	2723.8503
1861.4128	2776.9307
1861.9452	2770.2288
1862.4774	2737.2568
1863.0098	2746.4897
1863.542	2794.5225
1864.0743	2839.0491
1864.6067	2824.1111
1865.1389	2884.0039
1865.6713	2938.0249
1866.2035	2861.6292
1866.7358	2927.3499
1867.2682	2903.783
1867.8004	2977.0625
1868.3328	3003.9446
1868.865	3049.2356
1869.3973	2979.8806
1869.9297	3058.5732
1870.4619	3043.6577
1870.9943	3106.1836
1871.5265	3063.3689
1872.0588	3156.575
1872.5911	3183.0107
1873.1234	3191.9573
1873.6558	3153.9548
1874.188	3190.9021
1874.7203	3208.665
1875.2526	3193.5559
1875.7849	3304.8367
1876.3173	3365.6755
1876.8495	3331.3901
1877.3818	3386.6372
1877.9141	3407.8445
1878.4464	3480.9685
1878.9788	3472.1387
1879.511	3596.6477
1880.0433	3607.9016
1880.5756	3586.4109
1881.1079	3596.4355
1881.6403	3684.6643
1882.1725	3671.0762
1882.7048	3790.0615
1883.2371	3844.9641
1883.7694	3949.1563
1884.3016	3910.4199
1884.834	3912.959
1885.3663	4066.009
1885.8986	4198.2598
1886.4309	4187.5439
1886.9631	4285.7676
1887.4955	4324.7383
1888.0278	4328.4497
1888.5601	4427.2739
1889.0924	4571.6489
1889.6246	4643.2163
1890.157	4710.8047
1890.6893	4750.2212
1891.2216	4850.231
1891.7539	4885.5234
1892.2861	4944.8076
1892.8185	5093.6631
1893.3508	5268.1167
1893.8831	5371.9067
1894.4154	5478.666
1894.9476	5630.4985
1895.48	5639.5337
1896.0123	5801.2583
1896.5446	5945.5601
1897.0769	6147.6211
1897.6091	6238.6226
1898.1415	6393.0703
1898.6737	6577.5186
1899.2061	6845.0962
1899.7384	6917.4585
1900.2706	7076.7417
1900.803	7357.1138
1901.3352	7656.3594
1901.8676	7809.9521
1902.3999	8035.1221
1902.9321	8231.2109
1903.4645	8399.9922
1903.9967	8607.0859
1904.5291	8861.4092
1905.0614	9141.0039
1905.5936	9413.1846
1906.126	9600.8447
1906.6582	9843.5195
1907.1906	10027.287
1907.7229	10381.168
1908.2551	10557.984
1908.7875	11058.336
1909.3197	11341.078
1909.8521	11556.505
1910.3843	11780.526
1910.9166	12100.27
1911.449	12553.937
1911.9812	12617.906
1912.5135	12978.318
1913.0458	13352.43
1913.5781	13637.83
1914.1105	13729.043
1914.6427	13961.236
1915.175	14395.958
1915.7073	14745.147
1916.2396	14902.399
1916.772	15184.411
1917.3042	15521.6
1917.8365	15781.339
1918.3688	16063.966
1918.9011	16217.149
1919.4335	16406.859
1919.9657	16581.021
1920.498	16725.777
1921.0303	17095.166
1921.5626	17118.525
1922.095	17379.365
1922.6272	17519.008
1923.1595	17849.982
1923.6918	17753.176
1924.2241	17921.576
1924.7563	18248.418
1925.2887	18322.064
1925.821	18394.057
1926.3533	18551.807
1926.8856	18582.414
1927.4178	18715.189
1927.9502	18921.652
1928.4825	18981.035
1929.0148	19021.277
1929.5471	19231.215
1930.0793	19407.096
1930.6117	19454.994
1931.144	19465.094
1931.6763	19573.404
1932.2086	19412.828
1932.7408	19569.82
1933.2732	19776.086
1933.8055	19728.975
1934.3378	19760.641
1934.8701	19842.85
1935.4023	20010.982
1935.9347	19584.969
1936.4669	20051.033
1936.9993	20021.361
1937.5316	20033.381
1938.0638	19786.914
1938.5962	19834.738
1939.1284	19816.938
1939.6608	19761.506
1940.1931	19758.021
1940.7253	19599.523
1941.2577	19457.316
1941.7899	19446.482
1942.3223	19377.592
1942.8546	19192.264
1943.3868	18973.105
1943.9192	18778.506
1944.4514	18816.525
1944.9838	18803.236
1945.5161	18598.074
1946.0483	18613.73
1946.5807	18388.738
1947.1129	18017.434
1947.6453	18002.855
1948.1776	17835.465
1948.7098	17986.373
1949.2422	17643.453
1949.7744	17675.512
1950.3068	17470.42
1950.839	17293.506
1951.3713	17212.912
1951.9037	17163.588
1952.4359	17228.902
1952.9683	17107.873
1953.5005	17022.195
1954.0328	17048.82
1954.5652	17105.246
1955.0974	17182.027
1955.6298	17201.389
1956.162	17163.527
1956.6943	17272.023
1957.2267	17470.031
1957.7589	17385.303
1958.2913	17373.916
1958.8235	17411.861
1959.3558	17440.906
1959.8882	17486.092
1960.4204	17541.707
1960.9528	17703.873
1961.485	17963.438
1962.0173	17789.566
1962.5496	17752.217
1963.0819	17982.059
1963.6143	18108.398
1964.1465	18096.129
1964.6788	18102.98
1965.2111	18048.58
1965.7434	18310.133
1966.2758	18345.859
1966.808	18440.146
1967.3403	18555.395
1967.8726	18449.846
1968.4049	18508.713
1968.9373	18344.141
1969.4695	18630.602
1970.0018	18808.072
1970.5341	18560.023
1971.0664	18510.844
1971.5988	18972.273
1972.131	19170.434
1972.6633	19209.934
1973.1956	19159.973
1973.7279	19258.932
1974.2603	19336.414
1974.7925	19413.555
1975.3248	19579.4
1975.8571	19763.018
1976.3894	19993.48
1976.9216	20021.842
1977.454	20289.365
1977.9863	20397.234
1978.5186	20572.486
1979.0509	20737.211
1979.5831	20707.402
1980.1155	21143.715
1980.6478	21263.271
1981.1801	21706.992
1981.7124	21963.787
1982.2446	21748.152
1982.777	22099.848
1983.3093	22236.338
1983.8416	22463.063
1984.3739	22471.611
1984.9061	22554.006
1985.4385	22918.133
1985.9708	23103.869
1986.5031	23229.172
1987.0354	23375.459
1987.5676	23582.85
1988.1	23624.156
1988.6322	23658.744
1989.1646	23640.207
1989.6969	23824.311
1990.2291	23776.361
1990.7615	23860.434
1991.2937	24010.891
1991.826	24158.287
1992.3584	24207.221
1992.8906	23915.578
1993.423	23786.637
1993.9552	23725.895
1994.4875	23541.738
1995.0199	23652.697
1995.5521	23420.5
1996.0845	23011.361
1996.6167	22845.479
1997.149	22642.055
1997.6814	22378.322
1998.2136	21914.135
1998.746	21424.496
1999.2782	21295.059
1999.8105	21122.863
2000.3429	20641.963
2000.8751	20082.008
2001.4075	19648.857
2001.9397	19545.002
2002.472	18882.104
2003.0043	18569.24
2003.5366	18326.037
2004.069	17845.484
2004.6012	17303.92
2005.1335	17115.463
2005.6658	16647.852
2006.1981	16308.825
2006.7305	16099.012
2007.2627	15695.697
2007.795	15439.365
2008.3273	15180.112
2008.8596	15047.288
2009.392	14699.136
2009.9242	14463.042
2010.4565	14462.276
2010.9888	14152.502
2011.5211	14014.663
2012.0535	13851.038
2012.5857	13892.386
2013.118	13697.285
2013.6503	13610.353
2014.1826	13578.707
2014.7148	13677.725
2015.2472	13724.043
2015.7795	13711.54
2016.3118	13592.969
2016.8441	13705.363
2017.3763	13844.548
2017.9087	13657.832
2018.441	13855.306
2018.9733	13934.785
2019.5056	13992.692
2020.0378	14073.939
2020.5702	14212.23
2021.1025	14280.879
2021.6348	14477.179
2022.1671	14559.88
2022.6993	14607.088
2023.2317	14660.4
2023.764	14901.473
2024.2963	15086.291
2024.8286	15047.347
2025.3608	15042.617
2025.8932	15102.362
2026.4255	15287.462
2026.9578	15399.008
2027.4901	15421.235
2028.0223	15317.721
2028.5547	15443.616
2029.0869	15468.057
2029.6193	15345.255
2030.1516	15500.456
2030.6838	15508.468
2031.2162	15596.928
2031.7484	15611.832
2032.2808	15366.581
2032.8131	15417.503
2033.3453	15427.363
2033.8777	15209.503
2034.4099	15222.733
2034.9423	15344.663
2035.4746	15160.633
2036.0068	15022.938
2036.5392	15035.059
2037.0714	14746.52
2037.6038	14687.854
2038.1361	14588.018
2038.6683	14503.749
2039.2007	14353.419
2039.7329	14270.339
2040.2653	14200.797
2040.7975	14049.973
2041.3298	13950.288
2041.8622	13830.427
2042.3944	13779.453
2042.9268	13699.771
2043.459	13521.827
2043.9913	13335.623
2044.5237	13194.573
2045.0559	13068.538
2045.5883	13104.229
2046.1205	12900.707
2046.6528	12547.091
2047.1852	12712.966
2047.7174	12523.93
2048.2498	12346.696
2048.782	12232.426
2049.3142	12119.696
2049.8467	11881.05
2050.3789	11817.898
2050.9111	11621.912
2051.4436	11456.139
2051.9758	11285.778
2052.5081	11166.363
2053.0405	11012.487
2053.5728	10916.21
2054.105	10846.576
2054.6372	10662.652
2055.1697	10313
2055.7019	10194.717
2056.2341	10164.761
2056.7666	10053.387
2057.2988	9925.2354
2057.8311	9819.1074
2058.3635	9677.9287
2058.8958	9763.541
2059.428	9686.5879
2059.9602	9456.8994
2060.4927	9347.1201
2061.0249	9432.6895
2061.5571	9218.8789
2062.0896	9124.5586
2062.6218	9147.6885
2063.1541	8901.751
2063.6863	8958.7295
2064.2188	9087.8447
2064.751	8781.8516
2065.2832	8792.6533
2065.8157	8669.9326
2066.3479	8657.9521
2066.8801	8712.4004
2067.4126	8764.2168
2067.9448	8544.6025
2068.4771	8470.3906
2069.0093	8545.0859
2069.5417	8454.3711
2070.074	8407.4258
2070.6062	8534.7158
2071.1387	8421.2373
2071.6709	8420.5518
2072.2031	8403.8252
2072.7356	8255.4814
2073.2678	8327.7295
2073.8	8316.3916
2074.3323	8262.6592
2074.8647	8249.2197
2075.397	8198.3018
2075.9292	8244.8994
2076.4617	8245.042
2076.9939	8239.5
2077.5261	8255.9648
2078.0583	8189.8521
2078.5908	8292.792
2079.123	8127.6191
2079.6553	8152.084
2080.1877	8095.4702
2080.72	8098.4097
2081.2522	8095.8794
2081.7847	8092.5503
2082.3169	8129.6279
2082.8491	8155.2017
2083.3813	8105.1362
2083.9138	8138.0698
2084.446	8101.2959
2084.9783	8174.0762
2085.5107	8114.5405
2086.043	8262.6445
2086.5752	8195.208
2087.1074	8206.9004
2087.6399	8254.5498
2088.1721	8412.9912
2088.7043	8397.6299
2089.2368	8235.2246
2089.769	8265.0234
2090.3013	8457.7754
2090.8337	8572.2842
2091.366	8565.4639
2091.8982	8570.9102
2092.4304	8663.4229
2092.9629	8735.9053
2093.4951	8865.5918
2094.0273	8919.7852
2094.5598	8935.417
2095.092	9008.8037
2095.6243	8898.9287
2096.1567	8944.1436
2096.689	8978.3447
2097.2212	9085.3066
2097.7534	9162.2813
2098.2859	9310.374
2098.8181	9318.7891
2099.3503	9429.4248
2099.8828	9513.7998
2100.415	9492.2246
2100.9473	9595.4824
2101.4795	9504.2646
2102.012	9639.0098
2102.5442	9628.5088
2103.0764	9801.3994
2103.6089	9750.7559
2104.1411	9774.9678
2104.6733	9839.8066
2105.2058	9886.2783
2105.738	10035.951
2106.2703	10032.776
2106.8025	10073.972
2107.335	10162.879
2107.8672	10239.631
2108.3994	10150.84
2108.9319	10136.494
2109.4641	10203.146
2109.9963	10321.338
2110.5288	10415.931
2111.061	10590.82
2111.5933	10620.307
2112.1255	10578.228
2112.658	10799.45
2113.1902	10809.684
2113.7224	10862.542
2114.2549	10855.13
2114.7871	10901.442
2115.3193	11119.262
2115.8516	11270.774
2116.384	11409.681
2116.9163	11332.361
2117.4485	11537.263
2117.981	11564.53
2118.5132	11828.128
2119.0454	11868.135
2119.5779	11919.088
2120.1101	12062.369
2120.6423	12311.209
2121.1746	12398.881
2121.707	12466.057
2122.2393	12696.933
2122.7715	12962.437
2123.304	13031.771
2123.8362	13043.348
2124.3684	13238.897
2124.9009	13327.013
2125.4331	13525.372
2125.9653	13730.203
2126.4976	13785.771
2127.03	13905.288
2127.5623	14052.327
2128.0945	14173.156
2128.627	14291.786
2129.1592	14369.71
2129.6914	14539.079
2130.2236	14447.131
2130.7561	14675.866
2131.2883	15001.383
2131.8206	14706.725
2132.353	15060.81
2132.8853	15146.771
2133.4175	15322.29
2133.95	15172.386
2134.4822	15000.522
2135.0144	15139.143
2135.5466	15276.672
2136.0791	15343.532
2136.6113	15432.893
2137.1436	15277.631
2137.676	15349.611
2138.2083	15190.318
2138.7405	15185.02
2139.2727	15158.649
2139.8052	15335.253
2140.3374	15243.45
2140.8696	15227.375
2141.4021	15129.302
2141.9343	14998.897
2142.4666	15099.672
2142.999	15061.371
2143.5313	14913.99
2144.0635	14954.448
2144.5957	14791.74
2145.1282	14816.79
2145.6604	14690.254
2146.1926	14693.88
2146.7251	14570.782
2147.2573	14496.201
2147.7896	14496.92
2148.322	14436.458
2148.8542	14242.915
2149.3865	14185.157
2149.9187	14094.211
2150.4512	13987.606
2150.9834	14135.747
2151.5156	13904.36
2152.0481	13734.562
2152.5803	13675.722
2153.1125	13732.332
2153.6448	13597.116
2154.1772	13463.533
2154.7095	13418.448
2155.2417	13373.853
2155.7742	13385.479
2156.3064	13284.557
2156.8386	13259.222
2157.3711	13189.848
2157.9033	13041.853
2158.4355	13249.416
2158.9678	13278.423
2159.5002	13096.165
2160.0325	13178.622
2160.5647	12970.745
2161.0972	13136.062
2161.6294	13042.629
2162.1616	13035.008
2162.6941	12951.212
2163.2263	12888.852
2163.7585	12910.352
2164.2908	12939.177
2164.8232	12938.596
2165.3555	12940.687
2165.8877	12927.434
2166.4202	12910.776
2166.9524	12756.367
2167.4846	12870.046
2168.0168	12661.272
2168.5493	12595.122
2169.0815	12586.917
2169.6138	12524.583
2170.1462	12532.289
2170.6785	12414.647
2171.2107	12340.401
2171.7432	12135.523
2172.2754	12235.909
2172.8076	12108.354
2173.3398	11913.591
2173.8723	11741.776
2174.4045	11818.718
2174.9368	11567.673
2175.4692	11454.301
2176.0015	11379.013
2176.5337	11359.218
2177.0662	11208.55
2177.5984	11176.611
2178.1306	11059.753
2178.6628	10960.744
2179.1953	10840.83
2179.7275	10724.964
2180.2598	10524.214
2180.7922	10417.477
2181.3245	10433.162
2181.8567	10413.099
2182.3889	10142.574
2182.9214	10216.805
2183.4536	10103.269
2183.9858	9999.1416
2184.5183	9898.9814
2185.0505	9892.1553
2185.5828	9883.9512
2186.1152	9881.1357
2186.6475	9738.0156
2187.1797	9656.6309
2187.7119	9640.3164
2188.2444	9555.8721
2188.7766	9519.7832
2189.3088	9487.9014
2189.8413	9581.7881
2190.3735	9185.9717
2190.9058	9333.6553
2191.438	9231.3594
2191.9705	9196.2451
2192.5027	9237.2432
2193.0349	9160.3271
2193.5674	9162.4775
2194.0996	9139.3369
2194.6318	9226.666
2195.1643	9233.8193
2195.6965	9106.6641
2196.2288	9238.5293
2196.761	9107.8887
2197.2935	9038.7295
2197.8257	9012.7236
2198.3579	8990.4951
2198.8904	8990.377
2199.4226	8945.418
2199.9548	8938.7002
2200.4873	8867.0254
2201.0195	8835.7412
2201.5518	8879.9063
2202.084	8897.4238
2202.6165	8810.6572
2203.1487	8834.5801
2203.6809	8759.1152
2204.2134	8789.3604
2204.7456	8849.2773
2205.2778	8855.1436
2205.8101	8835.4043
2206.3425	8776.9297
2206.8748	8748.3408
2207.407	8718.8701
2207.9395	8705.3301
2208.4717	8760.7363
2209.0039	8706.2041
2209.5364	8738.5439
2210.0686	8775.999
2210.6008	8745.3457
2211.1331	8729.9209
2211.6655	8645.0205
2212.1978	8642.8057
2212.73	8639.7266
2213.2625	8563.4482
2213.7947	8622.3535
2214.3269	8525.7842
2214.8594	8614.5215
2215.3916	8694.5674
2215.9238	8631.5625
2216.4561	8713.127
2216.9885	8707.2305
2217.5208	8648.165
2218.053	8610.7715
2218.5854	8561.8486
2219.1177	8701.2842
2219.6499	8680.2324
2220.1821	8622.1924
2220.7146	8556.0586
2221.2468	8532.8574
2221.7791	8516.4482
2222.3115	8573.7705
2222.8438	8545.6162
2223.376	8517.3496
2223.9084	8588.4287
2224.4407	8653.3809
2224.9729	8567.1582
2225.5051	8609.5791
2226.0376	8596.5635
2226.5698	8548.8535
2227.1021	8608.2783
2227.6345	8610.0518
2228.1667	8607.1865
2228.699	8682.7119
2229.2314	8652.0391
2229.7637	8604.4932
2230.2959	8690.3115
2230.8281	8581.8145
2231.3606	8671.8408
2231.8928	8688.501
2232.425	8621.3613
2232.9575	8610.0684
2233.4897	8770.9961
2234.022	8733.5811
2234.5542	8676.3525
2235.0867	8715.9082
2235.6189	8830.1592
2236.1511	8924.3115
2236.6836	8830.6943
2237.2158	8933.2666
2237.748	8956.373
2238.2805	8955.874
2238.8127	9005.3428
2239.345	9042.1807
2239.8772	9095.2324
2240.4097	9165.0928
2240.9419	9243.0107
2241.4741	9317.4209
2242.0066	9253.626
2242.5388	9245.4561
2243.071	9325.1621
2243.6033	9291.0664
2244.1357	9420.4092
2244.668	9478.4053
2245.2002	9641.1006
2245.7327	9615.1777
2246.2649	9444.3311
2246.7971	9597.4414
2247.3296	9888.6426
2247.8618	9828.417
2248.394	9914.0898
2248.9263	9928.5078
2249.4587	9898.8379
2249.991	9913.2568
2250.5232	9987.9854
2251.0557	10149.667
2251.5879	10166.688
2252.1201	10433.178
2252.6526	10309.455
2253.1848	10343.112
2253.717	10387.384
2254.2493	10556.603
2254.7817	10563.813
2255.314	10474.812
2255.8462	10651.407
2256.3787	10829.413
2256.9109	10896.418
2257.4431	10783.585
2257.9753	11089.851
2258.5078	11137.172
2259.04	11214.104
2259.5723	11132.023
2260.1047	11325.502
2260.637	11515.533
2261.1692	11580.151
2261.7017	11463.654
2262.2339	11566.983
2262.7661	11550.672
2263.2983	11672.194
2263.8308	11933.279
2264.363	12011.875
2264.8953	11931.061
2265.4277	11983.757
2265.96	12079.156
2266.4922	12090.383
2267.0247	12259.141
2267.5569	12331.974
2268.0891	12462.284
2268.6213	12385.465
2269.1538	12487.066
2269.686	12801.769
2270.2183	12550.037
2270.7507	12733.081
2271.283	12796.403
2271.8152	12753.13
2272.3474	12843.135
2272.8799	12958.718
2273.4121	13065.084
2273.9443	13051.134
2274.4768	13297.21
2275.009	13421.851
2275.5413	13327
2276.0737	13633.83
2276.606	13444.339
2277.1382	13524.63
2277.6704	13518.913
2278.2029	13827.415
2278.7351	13885.242
2279.2673	13806.969
2279.7998	13920.543
2280.332	14020.667
2280.8643	14178.471
2281.3967	14074.275
2281.929	14271.787
2282.4612	14271.344
2282.9934	14180.44
2283.5259	14355.241
2284.0581	14410.321
2284.5903	14369.062
2285.1228	14354.853
2285.655	14420.998
2286.1873	14590.564
2286.7195	14555.754
2287.252	14658.128
2287.7842	14737.323
2288.3164	14831.59
2288.8489	14824.971
2289.3811	14948.181
2289.9133	15031.696
2290.4458	14979.47
2290.978	15066.75
2291.5103	15063.507
2292.0425	14952.096
2292.575	15002.971
2293.1072	14924.551
2293.6394	15239.648
2294.1719	15088.921
2294.7041	14957.698
2295.2363	14939.365
2295.7686	14961.753
2296.301	14960.973
2296.8333	15004.145
2297.3655	15053.399
2297.8979	14911.723
2298.4302	14975.901
2298.9624	14796.543
2299.4949	14864.63
2300.0271	14971.371
2300.5593	14685.338
2301.0916	14718.456
2301.624	14703.175
2302.1563	14642.537
2302.6885	14534.239
2303.2209	14320.561
2303.7532	14456.512
2304.2854	14411.461
2304.8179	14237.414
2305.3501	14339.521
2305.8823	14260.483
2306.4146	14265.069
2306.947	14000.692
2307.4792	13911.653
2308.0115	13882.521
2308.5439	13760.598
2309.0762	13712.348
2309.6084	13748.132
2310.1406	13493.691
2310.6731	13408.773
2311.2053	13409.157
2311.7375	13303.59
2312.27	13360.256
2312.8022	13131.854
2313.3345	13040.031
2313.8669	13058.868
2314.3992	13128.46
2314.9314	12948.828
2315.4636	12701.952
2315.9961	12782.859
2316.5283	12635.501
2317.0605	12503.736
2317.593	12494.436
2318.1252	12460.256
2318.6575	12390.621
2319.1899	12303.746
2319.7222	12354.942
2320.2544	12319.771
2320.7866	12328.07
2321.3191	12289.638
2321.8513	12335.923
2322.3835	12176.578
2322.916	11988.031
2323.4482	11975.698
2323.9805	11964.215
2324.5127	11873.112
2325.0452	11860.779
2325.5774	11885.984
2326.1096	11928.083
2326.6421	11822.339
2327.1743	11803.453
2327.7065	11630.562
2328.239	11556.755
2328.7712	11521.738
2329.3035	11563.835
2329.8357	11603.005
2330.3682	11699.781
2330.9004	11555.449
2331.4326	11479.283
2331.9651	11309.239
2332.4973	11282.523
2333.0295	11279.573
2333.562	11463.801
2334.0942	11261.152
2334.6265	11156.944
2335.1587	11119.412
2335.6912	11096.258
2336.2234	11021.082
2336.7556	10963.598
2337.2881	10852.85
2337.8203	10902.396
2338.3525	10793.901
2338.8848	10690.101
2339.4172	10703.226
2339.9495	10570.248
2340.4817	10606.479
2341.0142	10607.59
2341.5464	10434.349
2342.0786	10475.92
2342.6111	10422.956
2343.1433	10462.462
2343.6755	10330.994
2344.2078	10308.77
2344.7402	10213.768
2345.2725	10233.822
2345.8047	10196.889
2346.3372	10120.747
2346.8694	10072.499
2347.4016	9889.5166
2347.9338	9996.2686
2348.4663	10075.957
2348.9985	10096.74
2349.5308	9969.5771
2350.0632	9912.0273
2350.5955	9845.707
2351.1277	9847.1533
2351.6602	9828.3145
2352.1924	9878.1113
2352.7246	9781.0098
2353.2568	9827.7471
2353.7893	9741.8457
2354.3215	9620.8994
2354.8538	9662.0537
2355.3862	9544.1826
2355.9185	9506.6885
2356.4507	9469.585
2356.9832	9583.8408
2357.5154	9538.4932
2358.0476	9394.8174
2358.5798	9443.4287
2359.1123	9361.0869
2359.6445	9366.7813
2360.1768	9214.873
2360.7092	9127.6309
2361.2415	9273.0029
2361.7737	9172.0713
2362.3059	9142.793
2362.8384	9140.4834
2363.3706	8983.1924
2363.9028	8981.167
2364.4353	8950.4307
2364.9675	8908.0752
2365.4998	9019.8086
2366.0322	8928.0391
2366.5645	8916.8213
2367.0967	8972.0518
2367.6289	8942.0098
2368.1614	8884.1543
2368.6936	8721.252
2369.2258	8826.3682
2369.7583	8731.3965
2370.2905	8723.667
2370.8228	8703.9648
2371.3552	8674.9229
2371.8875	8658.4326
2372.4197	8617.1836
2372.9519	8552.6436
2373.4844	8534.8398
2374.0166	8504.6387
2374.5488	8452.667
2375.0813	8361.8105
2375.6135	8301.5518
2376.1458	8360.3076
2376.678	8294.6396
2377.2104	8255.6133
2377.7427	8364.5938
2378.2749	8405.3115
2378.8074	8279.4346
2379.3396	8287.6055
2379.8718	8222.2637
2380.4043	8210.5713
2380.9365	8212.2666
2381.4688	8194.1816
2382.001	8172.354
2382.5334	8180.8188
2383.0657	8117.875
2383.5979	8059.0601
2384.1304	8130.564
2384.6626	8173.7622
2385.1948	8137.4653
2385.7273	8061.2739
2386.2595	8014.0381
2386.7917	8115.1089
2387.324	8144.1626
2387.8564	8009.123
2388.3887	8004.3491
2388.9209	8018.5923
2389.4534	8094.9214
2389.9856	8088.4116
2390.5178	8037.251
2391.05	7977.6982
2391.5825	7934.6797
2392.1147	7899.896
2392.647	7856.2505
2393.1794	7914.9473
2393.7117	7907.5767
2394.2439	7771.6118
2394.7764	7729.873
2395.3086	7804.0908
2395.8408	7858.4268
2396.373	7822.4819
2396.9055	7741.7178
2397.4377	7686.1514
2397.97	7696.5132
2398.5024	7704.5938
2399.0347	7603.6147
2399.5669	7644.1738
2400.0991	7436.9795
2400.6316	7620.021
2401.1638	7552.9502
2401.696	7472.7163
2402.2285	7484.7676
2402.7607	7427.5239
2403.293	7467.5654
2403.8254	7518.6597
2404.3577	7424.6606
2404.8899	7332.7891
2405.4221	7400.7754
2405.9546	7239.3911
2406.4868	7339.3994
2407.019	7322.4702
2407.5515	7276.3589
2408.0837	7354.5605
2408.616	7425.644
2409.1484	7197.2441
2409.6807	7436.8037
2410.2129	7240.856
2410.7451	7321.0293
2411.2776	7185.7065
2411.8098	7144.0088
2412.342	7236.7964
2412.8745	7259.0352
2413.4067	7206.98
2413.939	7101.4072
2414.4712	7192.9194
2415.0037	7146.7012
2415.5359	7198.8442
2416.0681	7180.6406
2416.6006	7274.9063
2417.1328	7278.2861
2417.665	7236.6211
2418.1975	7280.5249
2418.7297	7253.2251
2419.262	7251.249
2419.7942	7293.9258
2420.3267	7284.21
2420.8589	7320.1416
2421.3911	7274.7705
2421.9236	7288.5537
2422.4558	7362.7485
2422.988	7211.9692
2423.5205	7201.1162
2424.0527	7237.7876
2424.585	7282.0938
2425.1172	7402.4077
2425.6497	7316.1514
2426.1819	7247.5264
2426.7141	7241.687
2427.2466	7268.5391
2427.7788	7234.5234
2428.311	7334.103
2428.8433	7489.9253
2429.3757	7247.2466
2429.908	7276.0864
2430.4402	7251.9263
2430.9727	7164.0361
2431.5049	7115.2661
2432.0371	7174.8599
2432.5696	7227.3491
2433.1018	7210.1719
2433.634	7098.144
2434.1663	7106.3218
2434.6987	6997.4048
2435.231	6944.8164
2435.7632	6955.1665
2436.2957	6943.8882
2436.8279	6902.7729
2437.3601	6880.3369
2437.8926	6999.8506
2438.4248	6926.4497
2438.957	6889.7803
2439.4893	6945.3242
2440.0217	6935.2441
2440.554	7036.2529
2441.0862	7102.5269
2441.6187	7071.5786
2442.1509	7010.2954
2442.6831	7059.8584
2443.2153	7051.5132
2443.7478	7192.8936
2444.28	7278.9561
2444.8123	7328.7314
2445.3447	7424.2051
2445.877	7397.9844
2446.4092	7558.5591
2446.9417	7420.7358
2447.4739	7479.9268
2448.0061	7596.0361
2448.5383	7727.5933
2449.0708	7784.2773
2449.603	7755.8066
2450.1353	7822.3105
2450.6677	7994.5073
2451.2	7795.8379
2451.7322	7905.3613
2452.2644	8017.4595
2452.7969	7986.9219
2453.3291	7995.0088
2453.8613	7968.1978
2454.3938	7995.0088
2454.926	7968.6934
2455.4583	7766.5713
2455.9907	7784.291
2456.5229	7743.6211
2457.0552	7763.8965
2457.5874	7586.5439
2458.1199	7573.5093
2458.6521	7505.9497
2459.1843	7472.167
2459.7168	7392.395
2460.249	7312.1558
2460.7813	7293.4761
2461.3137	7173.9048
2461.8459	7169.2344
2462.3782	7040.5205
2462.9104	6882.0889
2463.4429	6648.4736
2463.9751	6810.9526
2464.5073	6901.8784
2465.0398	6729.9702
2465.572	6649.6064
2466.1042	6627.5459
2466.6365	6500.3105
2467.1689	6486.9058
2467.7012	6401.937
2468.2334	6431.0908
2468.7659	6388.4888
2469.2981	6450.3306
2469.8303	6340.2397
2470.3628	6303.5088
2470.895	6308.3701
2471.4272	6314.71
2471.9595	6256.522
2472.4919	6217.4497
2473.0242	6287.0791
2473.5564	6366.6226
2474.0889	6270.4272
2474.6211	6271.3315
2475.1533	6319.8228
2475.6858	6471.7124
2476.218	6370.8062
2476.7502	6334.3374
2477.2825	6497.1289
2477.8149	6432.3242
2478.3472	6455.5303
2478.8794	6462.8169
2479.4119	6479.5273
2479.9441	6625.0498
2480.4763	6701.644
2481.0085	6695.8496
2481.541	6590.3008
2482.0732	6645.1353
2482.6055	6675.3389
2483.1379	6892.27
2483.6702	6927.2012
2484.2024	6896.1523
2484.7349	7005.3071
2485.2671	7025.7871
2485.7993	7185.7769
2486.3315	7142.1992
2486.864	7401.2759
2487.3962	7391.6714
2487.9285	7473.001
2488.4609	7498.8584
2488.9932	7524.2974
2489.5254	7512.7759
2490.0579	7657.5234
2490.5901	7858.4648
2491.1223	7803.7798
2491.6545	7857.2188
2492.187	8016.0435
2492.7192	8033.7666
2493.2515	8049.8389
2493.7839	8123.8159
2494.3162	8204.458
2494.8484	8292.749
2495.3806	8262.0693
2495.9131	8251.1738
2496.4453	8382.9531
2496.9775	8362.1064
2497.51	8476.1172
2498.0422	8463.9355
2498.5745	8576.6172
2499.1069	8526.8477
2499.6392	8596.8018
2500.1714	8640.209
2500.7036	8572.6914
2501.2361	8601.166
2501.7683	8659.9736
2502.3005	8664.8516
2502.833	8708.3965
2503.3652	8624.4756
2503.8975	8609.7803
2504.4297	8632.6582
2504.9622	8639.582
2505.4944	8447.1787
2506.0266	8441.8262
2506.5591	8426.8369
2507.0913	8600.4111
2507.6235	8560.7197
2508.156	8553.752
2508.6882	8459.5498
2509.2205	8499.832
2509.7527	8461.5625
2510.2852	8315.5674
2510.8174	8411.9463
2511.3496	8399.2998
2511.8821	8266.8457
2512.4143	8127.2856
2512.9465	8173.3154
2513.479	8186.3638
2514.0112	8153.8145
2514.5435	7873.9561
2515.0757	7800.9771
2515.6082	7857.8022
2516.1404	7869.9805
2516.6726	7769.2803
2517.2051	7575.3677
2517.7373	7602.7075
2518.2695	7558.167
2518.8018	7462.8965
2519.3342	7157.4346
2519.8665	7152.2568
2520.3987	7131.6548
2520.9312	6960.3516
2521.4634	6795.9482
2521.9956	6729.9863
2522.5281	6735.2637
2523.0603	6485.2446
2523.5925	6492.0713
2524.1248	6280.1846
2524.6572	6169.9321
2525.1895	6068.415
2525.7217	6051.7051
2526.2542	5951.5225
2526.7864	5675.6367
2527.3186	5619.9033
2527.8511	5669.8901
2528.3833	5484.4038
2528.9155	5415.9932
2529.4478	5318.3018
2529.9802	5131.873
2530.5125	5184.7715
2531.0447	5170.8213
2531.5771	5162.4521
2532.1094	5068.9312
2532.6416	5046.9858
2533.1738	5042.4414
2533.7063	4976.7651
2534.2385	4963.0283
2534.7708	4896.6079
2535.3032	4896.1455
2535.8354	4833.4736
2536.3677	4870.1812
2536.9001	4862.8022
2537.4324	4801.5728
2537.9646	4774.8335
2538.4968	4671.8301
2539.0293	4733.1406
2539.5615	4697.9541
2540.0938	4703.2632
2540.6262	4692.8613
2541.1584	4623.2158
2541.6907	4598.9932
2542.2231	4607.5752
2542.7554	4516.0811
2543.2876	4522.3608
2543.8198	4470.0674
2544.3523	4456.373
2544.8845	4437.6606
2545.4167	4441.3257
2545.9492	4382.4136
2546.4814	4359.5503
2547.0137	4368.1523
2547.5459	4243.1572
2548.0784	4248.5308
2548.6106	4171.6758
2549.1428	4125.4766
2549.6753	4125.7583
2550.2075	4204.6875
2550.7397	4068.6626
2551.2722	4057.0586
2551.8044	3951.7104
2552.3367	3940.3987
2552.8689	3934.5786
2553.4014	3938.063
2553.9336	3896.9873
2554.4658	3779.3027
2554.9983	3936.0068
2555.5305	3909.2993
2556.0627	3834.6348
2556.595	3793.5413
2557.1274	3812.9897
2557.6597	3818.8369
2558.1919	3710.5559
2558.7244	3726.366
2559.2566	3731.0293
2559.7888	3721.8271
2560.3213	3674.3259
2560.8535	3649.0557
2561.3857	3691.6692
2561.918	3665.8494
2562.4504	3709.98
2562.9827	3662.103
2563.5149	3567.3162
2564.0474	3519.5825
2564.5796	3551.3418
2565.1118	3566.0552
2565.6443	3557.5164
2566.1765	3502.0869
2566.7087	3466.1099
2567.241	3492.228
2567.7734	3491.5352
2568.3057	3451.6418
2568.8379	3409.7563
2569.3704	3401.4148
2569.9026	3353.6089
2570.4348	3347.6707
2570.967	3334.9331
2571.4995	3314.0559
2572.0317	3318.8901
2572.564	3316.0818
2573.0964	3301.2227
2573.6287	3264.4539
2574.1609	3230.5854
2574.6934	3175.8066
2575.2256	3197.0029
2575.7578	3237.2422
2576.29	3210.9993
2576.8225	3232.5625
2577.3547	3202.9539
2577.887	3146.0002
2578.4194	3185.5901
2578.9517	3177.1851
2579.4839	3134.1377
2580.0164	3149.782
2580.5486	3134.1682
2581.0808	3151.1641
2581.613	3108.3765
2582.1455	3138.2024
2582.6777	3152.4526
2583.21	3144.4587
2583.7424	3129.7495
2584.2747	3094.853
2584.8069	3094.9976
2585.3391	3101.697
2585.8716	3063.9165
2586.4038	3069.9443
2586.936	3046.7415
2587.4685	3059.2476
2588.0007	3075.9751
2588.533	3063.489
2589.0654	3055.6438
2589.5977	3038.9897
2590.1299	3047.342
2590.6621	3001.7952
2591.1946	2993.0454
2591.7268	2988.377
2592.259	3006.6753
2592.7915	2972.2024
2593.3237	2951.0554
2593.856	2933.1335
2594.3884	2914.7344
2594.9207	2879.9692
2595.4529	2876.7966
2595.9851	2903.1951
2596.5176	2849.7756
2597.0498	2841.3081
2597.582	2797.5579
2598.1145	2781.8696
2598.6467	2764.9978
2599.179	2729.2356
2599.7112	2784.0286
2600.2437	2719.5254
2600.7759	2706.8948
2601.3081	2668.9231
2601.8406	2653.4663
2602.3728	2652.696
2602.905	2665.0078
2603.4375	2584.9932
2603.9697	2524.7168
2604.502	2534.511
2605.0342	2524.7524
2605.5667	2489.3342
2606.0989	2474.8484
2606.6311	2502.5083
2607.1636	2422.8235
2607.6958	2439.2888
2608.228	2360.0127
2608.7603	2393.5662
2609.2927	2391.5837
2609.825	2359.9063
2610.3572	2312.9822
2610.8896	2309.6431
2611.4219	2273.3928
2611.9541	2282.8799
2612.4866	2260.0605
2613.0188	2225.0806
2613.551	2252.3613
2614.0833	2209.5803
2614.6157	2205.26
2615.1479	2184.2949
2615.6802	2186.6199
2616.2126	2142.1748
2616.7449	2126.825
2617.2771	2159.1387
2617.8096	2157.7683
2618.3418	2167.6943
2618.874	2160.2002
2619.4063	2103.7036
2619.9387	2114.7854
2620.4709	2090.7717
2621.0032	2048.5952
2621.5356	2075.9707
2622.0679	2036.7755
2622.6001	2112.8943
2623.1323	2122.4524
2623.6648	2062.6777
2624.197	2026.817
2624.7292	2090.1143
2625.2617	2007.5474
2625.7939	2038.3979
2626.3262	1967.7941
2626.8586	1992.7128
2627.3909	2008.7894
2627.9231	2016.4398
2628.4553	2006.4904
2628.9878	1993.0061
2629.52	1969.1423
2630.0522	1961.5472
2630.5847	1973.6204
2631.1169	1936.6759
2631.6492	1929.6115
2632.1816	1950.2367
2632.7139	1936.0557
2633.2461	1932.493
2633.7783	1945.2302
2634.3108	1941.7834
2634.843	1894.2354
2635.3752	1875.5809
2635.9077	1906.4534
2636.4399	1933.5438
2636.9722	1874.3097
2637.5044	1889.9023
2638.0369	1928.7218
2638.5691	1864.4905
2639.1013	1870.1954
2639.6338	1877.0431
2640.166	1885.778
2640.6982	1817.8594
2641.2307	1808.3744
2641.7629	1868.1843
2642.2952	1821.954
2642.8274	1788.3446
2643.3599	1826.993
2643.8921	1832.1122
2644.4243	1829.8082
2644.9568	1872.8339
2645.489	1814.5435
2646.0212	1808.4862
2646.5537	1815.3711
2647.0859	1811.1759
2647.6182	1795.4479
2648.1504	1797.9141
2648.6829	1778.415
2649.2151	1788.2477
2649.7473	1767.3875
2650.2798	1766.9108
2650.812	1757.9208
2651.3442	1796.171
2651.8765	1765.5616
2652.4089	1784.0093
2652.9412	1788.7505
2653.4734	1758.4901
2654.0059	1738.2585
2654.5381	1741.2175
2655.0703	1726.5695
2655.6028	1671.8835
2656.135	1714.6061
2656.6672	1701.8423
2657.1995	1719.6799
2657.7319	1697.7817
2658.2642	1731.6058
2658.7964	1705.5522
2659.3289	1682.8311
2659.8611	1702.1187
2660.3933	1698.9301
2660.9255	1679.052
2661.458	1675.265
2661.9902	1690.5029
2662.5225	1652.2971
2663.0549	1658.6305
2663.5872	1652.3354
2664.1194	1659.0308
2664.6519	1604.9377
2665.1841	1599.7588
2665.7163	1668.3429
2666.2485	1669.6833
2666.781	1606.8723
2667.3132	1641.4625
2667.8455	1652.9211
2668.3779	1642.7393
2668.9102	1634.325
2669.4424	1619.6548
2669.9749	1582.777
2670.5071	1531.7028
2671.0393	1605.1925
2671.5715	1575.5646
2672.104	1547.3796
2672.6362	1525.8868
2673.1685	1562.7396
2673.7009	1598.1672
2674.2332	1548.2655
2674.7654	1536.996
2675.2976	1514.4198
2675.8301	1542.6846
2676.3623	1541.4529
2676.8945	1547.343
2677.427	1542.8549
2677.9592	1549.7019
2678.4915	1541.7723
2679.0239	1532.251
2679.5562	1526.8529
2680.0884	1511.1934
2680.6206	1514.1368
2681.1531	1506.9218
2681.6853	1496.1382
2682.2175	1500.2463
2682.75	1505.892
2683.2822	1518.5181
2683.8145	1510.1945
2684.3469	1513.5498
2684.8792	1487.3331
2685.4114	1470.1244
2685.9436	1493.1901
2686.4761	1476.7811
2687.0083	1459.4924
2687.5405	1468.1342
2688.073	1428.5748
2688.6052	1451.1884
2689.1375	1439.8945
2689.6697	1432.1
2690.2021	1441.2448
2690.7344	1441.2687
2691.2666	1451.8824
2691.7991	1425.3596
2692.3313	1478.7195
2692.8635	1426.9027
2693.396	1423.0609
2693.9282	1408.4958
2694.4604	1420.5494
2694.9927	1403.3486
2695.5251	1438.3286
2696.0574	1426.4376
2696.5896	1426.9336
2697.1221	1419.4469
2697.6543	1410.0095
2698.1865	1399.717
2698.719	1409.0398
2699.2512	1420.8619
2699.7834	1398.4635
2700.3157	1387.9481
2700.8481	1397.5018
2701.3804	1382.681
2701.9126	1372.2826
2702.4451	1400.3964
2702.9773	1373.3181
2703.5095	1362.5209
2704.0417	1405.4712
2704.5742	1372.5684
2705.1064	1377.705
2705.6387	1379.8026
2706.1711	1395.382
2706.7034	1398.2312
2707.2356	1382.8887
2707.7681	1326.2303
2708.3003	1321.7957
2708.8325	1351.0243
2709.3647	1380.0408
2709.8972	1352.0586
2710.4294	1318.9545
2710.9617	1347.2593
2711.4941	1358.2531
2712.0264	1345.2761
2712.5586	1361.3198
2713.0908	1382.3029
2713.6233	1340.5286
2714.1555	1339.1146
2714.6877	1372.6246
2715.2202	1351.1567
2715.7524	1309.7803
2716.2847	1371.6641
2716.8171	1327.9674
2717.3494	1321.5303
2717.8816	1343.3302
2718.4138	1316.6604
2718.9463	1311.7905
2719.4785	1322.093
2720.0107	1334.3979
2720.5432	1342.9382
2721.0754	1341.3728
2721.6077	1354.9044
2722.1401	1333.4547
2722.6724	1326.9155
2723.2046	1307.2542
2723.7368	1309.8008
2724.2693	1314.7299
2724.8015	1310.4468
2725.3337	1314.7472
2725.8662	1315.8735
2726.3984	1312.2799
2726.9307	1330.6154
2727.4629	1308.2192
2727.9954	1316.7416
2728.5276	1311.8331
2729.0598	1301.2734
2729.5923	1305.5186
2730.1245	1319.6543
2730.6567	1303.161
2731.1892	1308.9043
2731.7214	1293.4631
2732.2537	1298.1147
2732.7859	1300.1996
2733.3184	1317.5465
2733.8506	1307.7739
2734.3828	1283.4443
2734.9153	1281.9985
2735.4475	1314.5302
2735.9797	1316.7158
2736.5122	1278.2714
2737.0444	1284.5089
2737.5767	1270.1072
2738.1089	1275.6063
2738.6414	1292.2234
2739.1736	1268.2668
2739.7058	1274.2269
2740.2383	1261.4001
2740.7705	1265.0826
2741.3027	1268.132
2741.835	1276.3258
2742.3674	1283.7747
2742.8997	1270.9705
2743.4319	1258.1663
2743.9644	1294.8289
2744.4966	1269.8892
2745.0288	1268.7847
2745.5613	1282.6648
2746.0935	1275.3326
2746.6257	1271.8195
2747.158	1208.968
2747.6904	1285.9669
2748.2227	1290.5016
2748.7549	1255.1078
2749.2874	1242.3922
2749.8196	1246.3508
2750.3518	1267.1957
2750.8843	1218.2677
2751.4165	1233.3275
2751.9487	1267.3231
2752.481	1257.2017
2753.0134	1258.8522
2753.5457	1238.8679
2754.0779	1238.8795
2754.6104	1218.2449
2755.1426	1231.3375
2755.6748	1228.7417
2756.207	1240.4355
2756.7395	1242.7368
2757.2717	1218.6755
2757.804	1230.877
2758.3364	1217.9856
2758.8687	1239.5759
2759.4009	1222.2686
2759.9333	1221.0498
2760.4656	1238.5031
2760.9978	1228.4703
2761.53	1220.3737
2762.0625	1225.5592
2762.5947	1214.4136
2763.127	1227.3291
2763.6594	1234.1858
2764.1917	1230.1534
2764.7239	1250.1443
2765.2561	1220.2567
2765.7886	1202.4055
2766.3208	1231.4418
2766.853	1219.924
2767.3855	1200.7957
2767.9177	1221.2488
2768.45	1202.2727
2768.9824	1216.1901
2769.5146	1169.194
2770.0469	1210.975
2770.5791	1221.2622
2771.1116	1212.5668
2771.6438	1202.8335
2772.176	1198.6672
2772.7085	1175.5712
2773.2407	1200.9733
2773.7729	1202.2179
2774.3054	1184.4641
2774.8376	1210.9934
2775.3699	1217.7614
2775.9021	1194.9747
2776.4346	1197.6118
2776.9668	1205.5961
2777.499	1190.4067
2778.0315	1183.3438
2778.5637	1190.0375
2779.0959	1164.3317
2779.6282	1190.8424
2780.1606	1179.6924
2780.6929	1160.4563
2781.2251	1148.4668
2781.7576	1197.913
2782.2898	1171.4926
2782.822	1172.2025
2783.3545	1199.4218
2783.8867	1214.0237
2784.4189	1191.4901
2784.9512	1136.4475
2785.4836	1182.0221
2786.0159	1171.1614
2786.5481	1165.1201
2787.0806	1171.4629
2787.6128	1160.0953
2788.145	1149.3523
2788.6775	1169.8527
2789.2097	1163.6034
2789.7419	1161.2872
2790.2742	1145.1228
2790.8066	1160.9607
2791.3389	1147.6923
2791.8711	1152.6504
2792.4036	1167.6406
2792.9358	1140.5659
2793.468	1139.5697
2794.0002	1143.093
2794.5327	1151.3434
2795.0649	1171.1323
2795.5972	1149.1217
2796.1296	1134.4526
2796.6619	1131.5071
2797.1941	1142.2195
2797.7266	1163.5114
2798.2588	1155.8296
2798.791	1146.754
2799.3232	1135.4668
2799.8557	1125.5212
2800.3879	1139.2262
2800.9202	1164.771
2801.4526	1125.7662
2801.9849	1159.0002
2802.5171	1140.0403
2803.0496	1128.1306
2803.5818	1157.2261
2804.114	1154.2042
2804.6462	1125.7478
2805.1787	1116.418
2805.7109	1135.8248
2806.2432	1116.9325
2806.7756	1138.92
2807.3079	1158.1902
2807.8401	1153.6901
2808.3723	1125.4163
2808.9048	1124.8289
2809.437	1131.5702
2809.9692	1128.6765
2810.5017	1133.9708
2811.0339	1118.325
2811.5662	1102.2505
2812.0986	1111.2373
2812.6309	1127.4208
2813.1631	1149.5095
2813.6953	1131.0698
2814.2278	1111.3248
2814.76	1115.7148
2815.2922	1108.7625
2815.8247	1101.5195
2816.3569	1110.3936
2816.8892	1104.5997
2817.4214	1105.9961
2817.9539	1100.4706
2818.4861	1117.1523
2819.0183	1122.4573
2819.5508	1086.3949
2820.083	1114.4717
2820.6152	1105.4794
2821.1477	1090.7557
2821.6799	1097.8295
2822.2122	1111.1514
2822.7444	1098.7844
2823.2769	1083.1053
2823.8091	1089.2749
2824.3413	1123.7885
2824.8738	1103.6267
2825.406	1091.0642
2825.9382	1112.6862
2826.4707	1097.6885
2827.0029	1093.9355
2827.5352	1079.5367
2828.0674	1088.1962
2828.5999	1121.5635
2829.1321	1091.332
2829.6643	1088.5905
2830.1968	1087.4384
2830.729	1088.1309
2831.2612	1082.8713
2831.7935	1087.2334
2832.3259	1087.278
2832.8582	1101.2948
2833.3904	1086.0105
2833.9229	1089.4489
2834.4551	1061.7485
2834.9873	1113.3079
2835.5198	1098.1271
2836.052	1097.848
2836.5842	1070.2786
2837.1165	1094.8611
2837.6489	1097.4656
2838.1812	1102.6146
2838.7134	1099.9304
2839.2458	1088.0865
2839.7781	1080.9327
2840.3103	1078.0916
2840.8428	1075.6406
2841.375	1085.699
2841.9072	1070.3995
2842.4395	1074.9132
2842.9719	1086.2449
2843.5042	1057.0334
2844.0364	1070.6272
2844.5688	1079.9635
2845.1011	1068.3322
2845.6333	1056.5179
2846.1655	1080.4562
2846.698	1082.798
2847.2302	1079.2434
2847.7625	1076.5039
2848.2949	1069.8003
2848.8271	1085.7649
2849.3594	1070.814
2849.8918	1087.9991
2850.4241	1072.6211
2850.9563	1069.5494
2851.4885	1070.5883
2852.021	1076.7002
2852.5532	1061.2377
2853.0854	1069.2133
2853.6179	1079.5715
2854.1501	1081.3173
2854.6824	1070.2458
2855.2148	1047.9233
2855.7471	1045.4707
2856.2793	1061.4069
2856.8115	1058.472
2857.344	1058.9752
2857.8762	1064.2906
2858.4084	1052.9375
2858.9409	1067.6598
2859.4731	1066.2628
2860.0054	1067.7849
2860.5376	1062.6537
2861.0701	1064.6898
2861.6023	1065.8206
2862.1345	1074.0509
2862.667	1061.2334
2863.1992	1039.3259
2863.7314	1048.8632
2864.2639	1049.4419
2864.7961	1044.0854
2865.3284	1047.4554
2865.8606	1042.6012
2866.3931	1037.7798
2866.9253	1052.324
2867.4575	1064.5499
2867.99	1048.8672
2868.5222	1044.6063
2869.0544	1046.9885
2869.5867	1042.3179
2870.1191	1034.667
2870.6514	1032.126
2871.1836	1042.7915
2871.7161	1041.9766
2872.2483	1025.3453
2872.7805	1062.9827
2873.313	1040.7355
2873.8452	1038.6641
2874.3774	1040.9366
2874.9097	1047.4105
2875.4421	1028.7799
2875.9744	1025.9545
2876.5066	1027.1278
2877.0391	1038.9775
2877.5713	1038.0825
2878.1035	1036.6648
2878.636	1023.9047
2879.1682	1039.2771
2879.7004	1031.0851
2880.2327	1037.884
2880.7651	1045.8553
2881.2974	1041.36
2881.8296	1057.8291
2882.3621	1041.9442
2882.8943	1019.4771
2883.4265	1019.7964
2883.9587	1026.4114
2884.4912	1032.8872
2885.0234	1031.6681
2885.5557	1033.7958
2886.0881	1038.3995
2886.6204	1022.8014
2887.1526	1027.4584
2887.6851	1032.0305
2888.2173	1030.2448
2888.7495	1035.4392
2889.2817	1024.2026
2889.8142	1022.6225
2890.3464	1029.5884
2890.8787	1017.7162
2891.4111	1020.9133
2891.9434	1026.0476
2892.4756	1004.7542
2893.0081	1025.3579
2893.5403	1021.5509
2894.0725	1022.0646
2894.6047	1024.8441
2895.1372	1029.5833
2895.6694	1021.5741
2896.2017	1030.5447
2896.7341	1010.7891
2897.2664	1009.7729
2897.7986	1018.2268
2898.3308	1000.8977
2898.8633	1010.3798
2899.3955	1016.0357
2899.9277	1020.6046
2900.4602	993.28375
2900.9924	1018.3504
2901.5247	1011.1976
2902.0571	1020.9272
2902.5894	1016.1543
2903.1216	1018.8539
2903.6538	1031.1824
2904.1863	1014.0504
2904.7185	1014.8853
2905.2507	1007.8412
2905.7832	1017.6748
2906.3154	1006.9684
2906.8477	1013.327
2907.3801	1017.2942
2907.9124	1003.5122
2908.4446	1017.7745
2908.9768	1015.918
2909.5093	990.40167
2910.0415	997.96399
2910.5737	1009.9802
2911.1062	1003.4198
2911.6384	990.04663
2912.1707	986.62921
2912.7029	1005.8011
2913.2354	1012.1976
2913.7676	1003.5831
2914.2998	995.14001
2914.8323	1006.2171
2915.3645	993.63977
2915.8967	1005.6555
2916.4292	1008.4514
2916.9614	1012.7522
2917.4937	992.15582
2918.0259	1013.6469
2918.5583	1014.0414
2919.0906	1001.5147
2919.6228	1011.2964
2920.1553	997.49628
2920.6875	986.28094
2921.2197	991.27826
2921.752	993.69861
2922.2844	978.72034
2922.8167	978.86169
2923.3489	1001.0756
2923.8813	989.93835
2924.4136	998.65991
2924.9458	1004.6649
2925.4783	985.99396
2926.0105	1002.2217
2926.5427	997.88489
2927.075	1004.4659
2927.6074	1004.3929
2928.1396	1004.5635
2928.6719	994.28162
2929.2043	990.5188
2929.7366	992.95734
2930.2688	1001.723
2930.8013	1001.3863
2931.3335	1012.0977
2931.8657	1000.0002
2932.3979	1000.2665
2932.9304	994.94989
2933.4626	997.15576
2933.9949	1012.7433
2934.5273	993.02478
2935.0596	981.95868
2935.5918	974.1651
2936.124	995.31549
2936.6565	1014.3085
2937.1887	988.19543
2937.7209	983.28961
2938.2534	974.32745
2938.7856	978.63501
2939.3179	985.12701
2939.8503	983.65222
2940.3826	990.48291
2940.9148	998.70929
2941.447	977.58789
2941.9795	979.17786
2942.5117	989.50323
2943.0439	997.52972
2943.5764	983.5365
2944.1086	997.79492
2944.6409	993.33154
2945.1733	993.93964
2945.7056	991.94183
2946.2378	990.89819
2946.77	974.07312
2947.3025	977.14191
2947.8347	983.82458
2948.3669	994.47705
2948.8994	994.84741
2949.4316	984.50555
2949.9639	990.6886
2950.4961	992.20306
2951.0286	971.44928
2951.5608	978.60986
2952.093	965.4975
2952.6255	979.47284
2953.1577	979.93579
2953.6899	985.46082
2954.2224	974.49072
2954.7546	985.68921
2955.2869	967.40887
2955.8191	972.16852
2956.3516	987.45221
2956.8838	996.90936
2957.416	964.88708
2957.9485	976.11395
2958.4807	984.50696
2959.0129	984.4057
2959.5454	980.81415
2960.0776	985.75372
2960.6099	989.27313
2961.1421	963.11731
2961.6746	988.48486
2962.2068	975.95001
2962.739	981.25488
2963.2715	981.37939
2963.8037	988.99554
2964.3359	961.59619
2964.8682	980.34625
2965.4006	985.29175
2965.9329	968.74524
2966.4651	967.8717
2966.9976	981.87354
2967.5298	970.0769
2968.062	971.05188
2968.5945	980.36298
2969.1267	975.05237
2969.6589	953.14209
2970.1912	978.13153
2970.7236	968.44513
2971.2559	992.51031
2971.7881	962.34875
2972.3206	966.17749
2972.8528	981.7218
2973.385	953.67853
2973.9172	975.32745
2974.4497	983.25562
2974.9819	970.14392
2975.5142	951.30237
2976.0466	963.43427
2976.5789	958.04669
2977.1111	956.3811
2977.6436	975.53009
2978.1758	961.54321
2978.708	974.25848
2979.2402	977.81696
2979.7727	973.41638
2980.3049	955.42822
2980.8372	986.37347
2981.3696	962.47107
2981.9019	968.33655
2982.4341	957.97388
2982.9666	958.38623
2983.4988	969.06616
2984.031	961.82983
2984.5632	953.47388
2985.0957	960.34149
2985.6279	964.565
2986.1602	967.97675
2986.6926	966.96014
2987.2249	957.39935
2987.7571	955.36481
2988.2893	957.80035
2988.8218	970.15881
2989.354	948.17554
2989.8862	957.18683
2990.4187	958.61896
2990.9509	964.61487
2991.4832	954.35114
2992.0156	956.7901
2992.5479	952.85016
2993.0801	961.99774
2993.6123	951.37366
2994.1448	960.96924
2994.677	950.83807
2995.2092	967.8493
2995.7417	957.31226
2996.2739	940.12524
2996.8062	950.47095
2997.3386	957.6875
2997.8708	942.09509
2998.4031	943.89703
2998.9353	950.51764
2999.4678	956.85895
3000	947.53143
