500	902.73944
500.0513	908.67529
500.1026	905.62939
500.15387	915.60712
500.20517	904.10565
500.25647	915.81171
500.30777	912.14514
500.35907	905.42194
500.41034	911.34344
500.46164	903.95917
500.51294	912.43152
500.56424	907.20728
500.61554	913.24188
500.66681	910.14911
500.71811	905.81317
500.76941	904.86627
500.82071	907.72626
500.87198	907.45105
500.92328	910.1759
500.97458	913.10449
501.02588	907.58069
501.07718	906.77405
501.12845	909.91956
501.17975	910.20978
501.23105	912.89758
501.28235	913.72833
501.33365	911.71924
501.38492	906.2674
501.43622	900.55054
501.48752	902.89331
501.53882	909.23572
501.59012	912.72638
501.64139	905.30621
501.69269	908.94415
501.74399	917.47412
501.79529	912.51404
501.84659	907.76892
501.89786	911.35925
501.94916	910.55872
502.00046	909.39526
502.05176	905.77814
502.10306	918.00482
502.15433	907.06049
502.20563	912.08026
502.25693	906.16602
502.30823	899.90051
502.3595	920.38464
502.4108	915.57404
502.4621	913.52716
502.5134	907.86157
502.5647	916.40918
502.61597	912.99921
502.66727	909.81189
502.71857	903.5531
502.76987	909.59314
502.82117	916.02008
502.87244	913.53052
502.92374	911.57104
502.97504	907.74304
503.02634	911.76367
503.07764	914.26459
503.12891	916.16589
503.18021	913.55084
503.23151	913.58679
503.28281	914.07782
503.33411	907.22784
503.38538	904.77832
503.43668	911.1322
503.48798	906.67041
503.53928	900.72498
503.59058	909.36749
503.64185	915.11755
503.69315	912.46954
503.74445	907.38586
503.79575	904.43378
503.84705	905.64154
503.89832	913.51953
503.94962	907.03729
504.00092	907.49091
504.05222	910.27069
504.10349	915.36957
504.15479	915.51904
504.20609	909.63641
504.25739	919.26733
504.30869	913.48608
504.35995	908.32147
504.41125	899.87274
504.46255	899.18842
504.51385	912.83984
504.56516	907.03864
504.61642	910.65997
504.66772	912.70166
504.71902	912.83673
504.77032	903.16058
504.82162	908.64655
504.87289	919.77014
504.92419	908.85907
504.97549	896.36267
505.02679	904.40302
505.07809	915.84656
505.12936	919.44287
505.18066	921.09601
505.23196	913.71069
505.28326	910.97461
505.33456	921.58221
505.38583	914.56384
505.43713	911.93951
505.48843	913.34546
505.53973	911.14758
505.591	909.1037
505.6423	907.07379
505.6936	911.21588
505.7449	915.13885
505.7962	911.70624
505.84747	909.07758
505.89877	914.05194
505.95007	917.50537
506.00137	913.62396
506.05267	908.90961
506.10394	909.07385
506.15524	912.00433
506.20654	909.64532
506.25784	914.29706
506.30914	904.52417
506.36041	918.36609
506.41171	912.14429
506.46301	909.76868
506.51431	904.99982
506.56561	912.18884
506.61688	909.63147
506.66818	918.1792
506.71948	901.56299
506.77078	919.58124
506.82208	914.65625
506.87335	910.61377
506.92465	906.69385
506.97595	914.06598
507.02725	914.38977
507.07852	908.46844
507.12982	908.00684
507.18112	917.49701
507.23242	923.19055
507.28372	918.336
507.33499	916.86053
507.38629	908.95386
507.43759	904.46918
507.48889	914.284
507.54019	910.30603
507.59146	909.39069
507.64276	915.90485
507.69406	912.63422
507.74536	910.64459
507.79666	912.53827
507.84793	916.75323
507.89923	915.26013
507.95053	906.99438
508.00183	905.36755
508.05313	908.2923
508.1044	913.02765
508.1557	909.61273
508.207	915.68433
508.2583	915.21399
508.3096	919.57953
508.36087	913.95679
508.41217	910.27295
508.46347	919.64136
508.51477	920.61371
508.56604	908.49713
508.61734	902.32855
508.66864	913.11432
508.71994	914.91901
508.77124	905.5672
508.82251	918.66687
508.87381	915.75378
508.92511	915.74036
508.97641	908.9798
509.02771	911.5368
509.07898	909.86365
509.13028	912.3717
509.18158	906.56885
509.23288	912.45062
509.28418	918.60229
509.33545	922.84399
509.38675	916.60217
509.43805	913.09271
509.48935	913.32697
509.54065	914.29065
509.59192	915.94244
509.64322	911.23163
509.69452	905.97168
509.74582	912.57391
509.79712	911.55072
509.84839	912.65765
509.89969	910.9856
509.95099	911.21832
510.00229	913.44165
510.05356	912.89124
510.10486	916.72583
510.15616	925.5166
510.20746	925.15167
510.25876	912.61285
510.31003	910.27802
510.36133	913.87531
510.41263	921.45874
510.46393	914.14423
510.51523	912.98059
510.5665	921.10114
510.6178	927.70349
510.6691	913.32062
510.7204	916.71979
510.7717	914.58179
510.82297	917.35443
510.87427	922.61096
510.92557	910.31189
510.97687	911.41614
511.02817	914.99835
511.07944	930.83398
511.13074	917.17456
511.18204	922.05011
511.23334	916.39771
511.28464	923.59753
511.33591	904.97595
511.38721	907.54071
511.43851	912.41339
511.48981	917.28607
511.54111	926.26379
511.59238	920.86444
511.64368	920.58191
511.69498	916.50476
511.74628	920.84064
511.79755	916.62787
511.84885	913.29376
511.90015	910.3183
511.95145	917.89557
512.00275	924.17023
512.05402	923.73822
512.10535	918.91339
512.15662	913.15369
512.20789	914.04089
512.25922	917.37445
512.31049	918.33832
512.36182	913.34607
512.41309	915.11584
512.46436	921.6853
512.51569	922.05157
512.56696	927.37915
512.61829	919.43237
512.66956	921.67334
512.72083	926.24872
512.77216	918.57294
512.82343	913.8476
512.87476	929.37866
512.92603	921.9079
512.97729	921.37067
513.02863	916.49579
513.0799	921.37329
513.13123	924.68066
513.1825	917.92371
513.23376	919.93341
513.2851	912.0293
513.33636	919.83356
513.3877	927.44788
513.43896	910.80267
513.49023	948.11389
513.54156	925.08728
513.59283	931.79144
513.64417	919.07104
513.69543	928.86102
513.7467	927.92889
513.79803	912.55304
513.8493	923.98035
513.90057	927.44336
513.9519	923.6225
514.00317	923.15619
514.0545	933.44232
514.10577	924.18317
514.15704	925.10303
514.20837	929.013
514.25964	928.09424
514.31097	924.30927
514.36224	931.07275
514.41351	925.52863
514.46484	918.4516
514.51611	925.44867
514.56744	930.26953
514.61871	932.61694
514.66998	930.74402
514.72131	932.07306
514.77258	937.16205
514.82391	929.66956
514.87518	925.38477
514.92645	927.25909
514.97778	935.58038
515.02905	935.38812
515.08038	943.95178
515.13165	940.62207
515.18292	927.97656
515.23425	939.03979
515.28552	932.72937
515.33685	938.93951
515.38812	933.47424
515.43939	938.02905
515.49072	951.41211
515.54199	937.02911
515.59332	950.05273
515.64459	951.10498
515.69586	954.92535
515.74719	947.08514
515.79846	962.33801
515.84979	961.99524
515.90106	973.862
515.95233	973.117
516.00366	984.25708
516.05493	987.58649
516.10626	988.69806
516.15753	1004.2043
516.2088	1025.9243
516.26013	1026.2465
516.3114	1038.9077
516.36273	1048.842
516.414	1061.2522
516.46527	1061.0457
516.5166	1055.4918
516.56787	1067.6581
516.6192	1088.5428
516.67047	1084.3776
516.72174	1078.5387
516.77307	1080.6946
516.82434	1077.548
516.87567	1088.168
516.92694	1104.5247
516.97821	1103.0742
517.02954	1082.8367
517.08081	1075.1754
517.13208	1081.056
517.18341	1069.0144
517.23468	1076.9215
517.28601	1072.6771
517.33728	1057.3867
517.38855	1055.3729
517.43988	1077.4073
517.49115	1068.5074
517.54248	1068.7102
517.59375	1070.6476
517.64502	1079.4421
517.69635	1093.4713
517.74762	1072.2428
517.79895	1115.12
517.85022	1090.6449
517.90149	1124.1329
517.95282	1104.5527
518.00409	1086.0155
518.05542	1117.3092
518.10669	1152.5098
518.15796	1153.3336
518.20929	1138.3853
518.26056	1143.6893
518.31189	1123.8208
518.36316	1142.9917
518.41443	1146.2667
518.46576	1152.0294
518.51703	1166.0958
518.56836	1168.4448
518.61963	1164.4124
518.6709	1138.0902
518.72223	1159.2947
518.7735	1170.4779
518.82483	1166.1185
518.8761	1199.3484
518.92737	1217.5028
518.9787	1207.3824
519.02997	1223.9962
519.0813	1243.4845
519.13257	1233.5767
519.18384	1239.7686
519.23517	1258.0546
519.28644	1286.4071
519.33777	1289.3494
519.38904	1284.3906
519.44031	1308.9587
519.49164	1310.7811
519.54291	1339.0034
519.59424	1359.4578
519.64551	1358.7255
519.69678	1353.1288
519.74811	1375.0586
519.79938	1384.7498
519.85071	1402.441
519.90198	1411.8071
519.95325	1472.2328
520.00458	1516.7856
520.05585	1516.3661
520.10712	1538.5372
520.15845	1528.9406
520.20972	1567.1373
520.26105	1553.8231
520.31232	1591.3716
520.36359	1544.3756
520.41492	1530.6564
520.46619	1517.9246
520.51752	1473.3964
520.56879	1421.7863
520.62006	1411.3215
520.67139	1388.1855
520.72266	1325.0789
520.77399	1350.9479
520.82526	1304.8119
520.87653	1288.111
520.92786	1265.1865
520.97913	1238.7513
521.03046	1273.8594
521.08173	1259.1486
521.133	1280.4161
521.18433	1281.1852
521.2356	1326.7947
521.28693	1319.6489
521.3382	1280.9512
521.38947	1273.9081
521.4408	1298.963
521.49207	1312.7874
521.5434	1299.0773
521.59467	1286.3701
521.64594	1294.8362
521.69727	1294.9672
521.74854	1266.1809
521.79987	1244.9524
521.85114	1234.5088
521.9024	1224.6444
521.95374	1221.7561
522.005	1213.6713
522.05634	1220.4987
522.1076	1209.0211
522.15887	1225.9974
522.21021	1220.2788
522.26147	1208.4994
522.31281	1257.4833
522.36407	1249.0353
522.41534	1246.6578
522.46667	1277.6327
522.51794	1287.9274
522.56927	1307.6171
522.62054	1322.8689
522.67181	1294.2533
522.72314	1334.7073
522.77441	1361.8042
522.82574	1320.819
522.87701	1291.4213
522.92828	1368.6016
522.97961	1340.7639
523.03088	1336.2833
523.08221	1319.7578
523.13348	1326.8817
523.18475	1318.5195
523.23608	1298.4753
523.28735	1303.2142
523.33862	1272.97
523.38995	1274.3247
523.44122	1254.1844
523.49255	1265.3851
523.54382	1256.1587
523.59509	1269.4141
523.64642	1252.2512
523.69769	1243.1603
523.74902	1229.6691
523.80029	1259.4891
523.85156	1284.4414
523.90289	1277.9851
523.95416	1255.21
524.00549	1229.1654
524.05676	1229.4681
524.10803	1239.7826
524.15936	1243.0393
524.21063	1247.6481
524.26196	1241.9427
524.31323	1223.0222
524.3645	1221.0017
524.41583	1237.795
524.4671	1226.1814
524.51843	1213.3546
524.5697	1211.4595
524.62097	1210.8904
524.6723	1209.6244
524.72357	1192.2499
524.7749	1199.7389
524.82617	1200.1405
524.87744	1211.759
524.92877	1192.9554
524.98004	1167.8359
525.03137	1204.5288
525.08264	1224.8893
525.13391	1199.4425
525.18524	1200.4323
525.23651	1235.2985
525.28784	1229.3749
525.33911	1220.546
525.39038	1267.0134
525.44171	1225.7035
525.49298	1228.9961
525.54431	1197.6088
525.59558	1226.3643
525.64685	1224.3088
525.69818	1223.368
525.74945	1217.5693
525.80078	1238.9086
525.85205	1219.9789
525.90332	1209.4899
525.95465	1223.9341
526.00592	1248.1094
526.05725	1230.6559
526.10852	1235.967
526.15979	1225.3643
526.21112	1234.2058
526.26239	1247.3276
526.31366	1254.6149
526.36499	1265.7379
526.41626	1272.3004
526.46759	1278.0208
526.51886	1283.7104
526.57013	1293.1123
526.62146	1303.516
526.67273	1312.0575
526.72406	1339.1876
526.77533	1348.005
526.8266	1335.978
526.87793	1363.0914
526.9292	1381.2491
526.98053	1394.4094
527.0318	1407.1321
527.08307	1394.4747
527.1344	1381.1183
527.18567	1405.0674
527.237	1416.9271
527.28827	1419.5394
527.33954	1451.8658
527.39087	1404.8284
527.44214	1468.3367
527.49347	1494.1013
527.54474	1431.5652
527.59601	1439.6584
527.64734	1391.0294
527.69861	1432.4648
527.74994	1444.4532
527.80121	1463.2113
527.85248	1406.3215
527.90381	1429.0879
527.95508	1428.8297
528.00641	1387.8647
528.05768	1399.3151
528.10895	1406.0779
528.16028	1463.2241
528.21155	1488.7063
528.26288	1414.572
528.31415	1420.524
528.36542	1390.9474
528.41675	1395.5004
528.46802	1398.1493
528.51935	1404.9203
528.57062	1404.7852
528.62189	1395.3495
528.67322	1398.9438
528.72449	1396.7456
528.77582	1374.0857
528.82709	1361.9442
528.87836	1361.5391
528.92969	1357.55
528.98096	1369.8541
529.03229	1371.9386
529.08356	1357.913
529.13483	1354.9366
529.18616	1370.5044
529.23743	1351.0385
529.2887	1318.9968
529.34003	1327.4781
529.3913	1315.4631
529.44263	1294.7106
529.4939	1262.2871
529.54517	1256.3945
529.5965	1247.1038
529.64777	1242.5519
529.6991	1252.7975
529.75037	1226.5934
529.80164	1207.2377
529.85297	1206.9636
529.90424	1225.0857
529.95557	1193.9208
530.00684	1197.9229
530.05811	1225.2957
530.10944	1190.1377
530.16071	1174.1951
530.21204	1182.5212
530.26331	1159.3245
530.31458	1143.5652
530.36591	1156.172
530.41718	1158.1199
530.46851	1149.3909
530.51978	1143.4052
530.57104	1137.5081
530.62238	1125.2389
530.67365	1132.0967
530.72498	1099.9084
530.77625	1092.4885
530.82751	1087.8688
530.87885	1100.8397
530.93011	1119.0844
530.98145	1106.7491
531.03271	1093.686
531.08398	1116.6681
531.13531	1090.9553
531.18658	1069.9926
531.23792	1067.5992
531.28918	1065.9435
531.34045	1080.8064
531.39178	1072.0121
531.44305	1049.5381
531.49438	1051.6675
531.54565	1067.2094
531.59692	1059.3125
531.64825	1055.6195
531.69952	1050.3466
531.75085	1047.3291
531.80212	1069.809
531.85339	1058.9878
531.90472	1022.8574
531.95599	1030.7799
532.00732	1039.4834
532.05859	1024.8357
532.10986	1035.8517
532.16119	1029.141
532.21246	1031.7438
532.26379	1010.6345
532.31506	1020.6432
532.36633	1017.1945
532.41766	1007.2937
532.46893	1008.7813
532.5202	1005.7759
532.57153	1006.9099
532.6228	1009.4472
532.67413	1014.6777
532.7254	1015.3191
532.77667	1013.6122
532.828	1012.6934
532.87927	988.34479
532.9306	986.22943
532.98187	1009.3404
533.03314	998.5401
533.08447	1003.3076
533.13574	1006.2902
533.18707	999.87628
533.23834	999.40259
533.28961	983.27032
533.34094	998.9187
533.39221	1017.6628
533.44354	976.74512
533.49481	997.82568
533.54608	998.72382
533.59741	1012.1369
533.64868	996.50854
533.70001	1006.5989
533.75128	1007.2128
533.80255	1015.7993
533.85388	999.71173
533.90515	991.55945
533.95648	1002.5508
534.00775	1000.0563
534.05902	998.83197
534.11035	998.23615
534.16162	1008.683
534.21295	1008.2438
534.26422	1003.3206
534.31549	1005.6104
534.36682	1003.6321
534.41809	1007.775
534.46942	1013.6271
534.52069	1005.67
534.57196	994.8075
534.62329	996.2168
534.67456	1001.7847
534.72589	1001.5794
534.77716	1000.6989
534.82843	1009.1159
534.87976	1021.1824
534.93103	1021.136
534.98236	1010.523
535.03363	1002.1593
535.0849	1007.0491
535.13623	1011.9402
535.1875	1015.5185
535.23883	1014.7243
535.2901	1020.5115
535.34137	1027.2335
535.3927	1012.7444
535.44397	1034.2568
535.49524	1019.0366
535.54657	1022.2939
535.59784	1029.8018
535.64917	1004.1854
535.70044	1027.707
535.75171	1024.8088
535.80304	1018.0128
535.85431	1029.9655
535.90564	1036.2429
535.95691	1066.5353
536.00818	1024.5446
536.05951	1019.5328
536.11078	1032.3627
536.16211	1070.2472
536.21338	1047.6707
536.26465	1062.7473
536.31598	1070.1444
536.36725	1078.8689
536.41858	1067.6202
536.46985	1063.9926
536.52112	1074.3065
536.57245	1072.4266
536.62372	1078.7537
536.67505	1085.4294
536.72632	1110.1277
536.77759	1092.506
536.82892	1091.9197
536.88019	1107.5846
536.93152	1096.3965
536.98279	1107.0414
537.03406	1117.7661
537.08539	1122.6749
537.13666	1133.9698
537.18799	1134.1888
537.23926	1151.157
537.29053	1188.2484
537.34186	1221.2949
537.39313	1224.2133
537.44446	1218.6785
537.49573	1246.9293
537.547	1272.5159
537.59833	1282.6169
537.6496	1308.8683
537.70093	1353.094
537.7522	1373.4388
537.80347	1463.7397
537.8548	1513.8765
537.90607	1567.6664
537.9574	1620.6577
538.00867	1683.1521
538.05994	1797.4248
538.11127	1916.4128
538.16254	2008.7765
538.21387	2102.0142
538.26514	2195.5452
538.31641	2284.6309
538.36774	2487.552
538.41901	2645.4214
538.47034	2683.697
538.52161	2722.9004
538.57288	2770.739
538.62421	2792.6416
538.67548	2806.8257
538.72675	2827.7483
538.77808	2845.811
538.82935	2806.5464
538.88068	2831.1326
538.93195	2864.1384
538.98322	2758.5913
539.03455	2768.1577
539.08582	2742.4509
539.13715	2688.2527
539.18842	2665.0471
539.23969	2612.47
539.29102	2569.1184
539.34229	2467.1433
539.39362	2454.8555
539.44489	2471.4272
539.49615	2438.6814
539.54749	2435.7292
539.59875	2528.4602
539.65009	2599.4028
539.70135	2584.3523
539.75262	2581.8333
539.80396	2655.3677
539.85522	2738.9856
539.90656	2759.094
539.95782	2754.1746
540.00909	2760.6377
540.06042	2777.5774
540.11169	2861.0454
540.16302	2951.1487
540.21429	2956.917
540.26556	2984.0479
540.31689	3036.5776
540.36816	3096.9473
540.41949	3166.1775
540.47076	3165.5217
540.52203	3200.418
540.57336	3186.4617
540.62463	3112.5391
540.67596	3121.0708
540.72723	3077.5574
540.7785	2960.4595
540.82983	2854.9668
540.8811	2764.2642
540.93243	2649.5342
540.9837	2547.3853
541.03497	2420.7034
541.0863	2321.7285
541.13757	2308.824
541.1889	2235.4399
541.24017	2239.5017
541.29144	2259.124
541.34277	2201.8279
541.39404	2273.8684
541.44537	2303.5134
541.49664	2335.6218
541.54791	2446.5029
541.59924	2362.752
541.65051	2416.0847
541.70178	2388.8533
541.75311	2437.825
541.80438	2434.5322
541.85571	2450.2407
541.90698	2445.0422
541.95825	2278.8115
542.00958	2280.5166
542.06085	2253.5259
542.11218	2151.3645
542.16345	2102.313
542.21472	2091.3677
542.26605	2049.8772
542.31732	1997.3041
542.36865	1949.4001
542.41992	1914.2274
542.47119	1885.5417
542.52252	1847.0354
542.57379	1803.4709
542.62512	1786.0708
542.67639	1783.3422
542.72766	1772.5139
542.77899	1747.359
542.83026	1753.4777
542.88159	1747.0073
542.93286	1707.3337
542.98413	1709.5436
543.03546	1699.3375
543.08673	1694.8502
543.13806	1679.2313
543.18933	1682.1433
543.2406	1668.5116
543.29193	1646.4814
543.3432	1681.437
543.39453	1712.6671
543.4458	1707.8329
543.49707	1748.6329
543.5484	1753.4335
543.59967	1727.3661
543.651	1750.2339
543.70227	1769.715
543.75354	1785.9457
543.80487	1797.8866
543.85614	1864.0371
543.90747	1815.1146
543.95874	1792.9408
544.01001	1834.2675
544.06134	1812.3237
544.11261	1832.5299
544.16394	1879.5487
544.21521	1877.5719
544.26648	1976.2262
544.31781	1945.2947
544.36908	1955.6361
544.42041	1996.7617
544.47168	2101.0662
544.52295	2073.6943
544.57428	2147.9341
544.62555	2227.3396
544.67688	2231.9612
544.72815	2256.3777
544.77942	2240.1482
544.83075	2309.7898
544.88202	2315.4004
544.93329	2323.7327
544.98462	2308.7568
545.03589	2291.4165
545.08722	2334.9822
545.13849	2376.5134
545.18976	2286.4712
545.24109	2259.8582
545.29236	2240.6443
545.34369	2218.4307
545.39496	2191.376
545.44623	2157.8274
545.49756	2159.4797
545.54883	2180.9126
545.60016	2190.699
545.65143	2153.5322
545.7027	2169.4722
545.75403	2192.938
545.8053	2157.3794
545.85663	2147.1091
545.9079	2120.1067
545.95917	2114.073
546.0105	2096.259
546.06177	2059.7449
546.1131	2033.7527
546.16437	1963.9138
546.21564	1981.3823
546.26697	1923.9313
546.31824	1870.636
546.36957	1858.8239
546.42084	1837.1345
546.47211	1800.02
546.52344	1803.7505
546.57471	1788.7977
546.62604	1759.8528
546.67731	1690.7404
546.72858	1714.1547
546.77991	1702.855
546.83118	1698.1747
546.88251	1717.7881
546.93378	1723.3616
546.98505	1685.1824
547.03638	1737.4192
547.08765	1728.0415
547.13898	1699.4436
547.19025	1662.0356
547.24152	1707.6161
547.29285	1656.9668
547.34412	1691.4506
547.39545	1709.4486
547.44672	1694.3427
547.49799	1711.4089
547.54932	1681.3151
547.60059	1704.9873
547.65192	1714.6946
547.70319	1715.6321
547.75446	1676.0577
547.80579	1697.4625
547.85706	1704.0432
547.90833	1727.0547
547.95966	1739.0117
548.01093	1729.6873
548.06226	1738.2686
548.11353	1740.0703
548.16479	1801.2156
548.21613	1816.3662
548.2674	1853.3722
548.31873	1859.0491
548.37	1830.0325
548.42126	1813.2996
548.4726	1839.8427
548.52386	1867.0933
548.5752	1880.4443
548.62646	1927.7582
548.67773	1918.1487
548.72906	1909.4941
548.78033	1964.6533
548.83167	2007.9385
548.88293	2052.5449
548.9342	2094.1016
548.98553	2089.314
549.0368	2102.2114
549.08813	2107.457
549.1394	2107.0762
549.19067	2129.6038
549.242	2160.4839
549.29327	2182.9778
549.3446	2216.116
549.39587	2195.0093
549.44714	2162.1257
549.49847	2196.5256
549.54974	2188.793
549.60107	2230.7664
549.65234	2230.8684
549.70361	2197.7683
549.75494	2217.1902
549.80621	2167.8357
549.85754	2194.053
549.90881	2161.8572
549.96008	2138.478
550.01141	2150.6736
550.06268	2117.2849
550.11401	2052.4954
550.16528	2073.8469
550.21655	2050.6294
550.26788	1977.8799
550.31915	1937.0607
550.37048	1966.4512
550.42175	1913.9518
550.47302	1880.6204
550.52435	1881.88
550.57562	1820.3145
550.62695	1815.9573
550.67822	1750.3036
550.72949	1735.8595
550.78082	1764.1147
550.83209	1743.276
550.88336	1687.687
550.93469	1697.5355
550.98596	1675.3092
551.03729	1648.8289
551.08856	1602.4154
551.13983	1633.603
551.19116	1605.2898
551.24243	1574.8763
551.29376	1552.3656
551.34503	1555.0272
551.3963	1548.8707
551.44763	1543.9033
551.4989	1523.7247
551.55023	1537.3152
551.6015	1518.5677
551.65277	1493.8361
551.7041	1484.2632
551.75537	1474.3693
551.8067	1448.5533
551.85797	1445.4919
551.90924	1431.9814
551.96057	1403.3962
552.01184	1396.7161
552.06317	1402.6737
552.11444	1410.022
552.16571	1395.8757
552.21704	1393.6003
552.26831	1407.5723
552.31964	1388.4026
552.37091	1370.4307
552.42218	1358.8497
552.47351	1365.2135
552.52478	1358.0795
552.57611	1345.0872
552.62738	1340.7198
552.67865	1332.0221
552.72998	1327.9541
552.78125	1315.5276
552.83258	1334.8621
552.88385	1320.9364
552.93512	1300.4722
552.98645	1281.9709
553.03772	1285.4065
553.08905	1278.2035
553.14032	1307.5956
553.19159	1246.4956
553.24292	1252.6211
553.29419	1265.7954
553.34552	1251.0815
553.39679	1228.8912
553.44806	1225.4301
553.49939	1219.5372
553.55066	1204.2202
553.60199	1223.5974
553.65326	1195.5226
553.70453	1200.2155
553.75586	1202.1205
553.80713	1182.8579
553.85846	1154.5298
553.90973	1188.5535
553.961	1141.0139
554.01233	1166.4323
554.0636	1158.3408
554.11487	1148.9767
554.1662	1141.7914
554.21747	1150.0692
554.2688	1149.1195
554.32007	1139.6329
554.37134	1138.572
554.42267	1129.1576
554.47394	1133.7615
554.52527	1127.2905
554.57654	1111.0889
554.62781	1108.047
554.67914	1112.0223
554.73041	1107.1541
554.78174	1097.0745
554.83301	1089.1058
554.88428	1073.7698
554.93561	1071.4971
554.98688	1090.507
555.03821	1097.5443
555.08948	1090.1034
555.14075	1085.1846
555.19208	1081.2
555.24335	1083.015
555.29468	1086.7203
555.34595	1080.313
555.39722	1087.9438
555.44855	1064.0525
555.49982	1057.1892
555.55115	1093.2584
555.60242	1063.089
555.65369	1089.7209
555.70502	1069.9758
555.75629	1066.4739
555.80762	1083.407
555.85889	1080.2208
555.91016	1073.4542
555.96149	1069.4611
556.01276	1062.5892
556.06409	1040.0538
556.11536	1061.6027
556.16663	1070.9854
556.21796	1054.9458
556.26923	1048.0908
556.32056	1051.8893
556.37183	1052.4656
556.4231	1067.6216
556.47443	1057.2589
556.5257	1049.5944
556.57703	1033.4934
556.6283	1027.8573
556.67957	1035.5784
556.7309	1011.472
556.78217	1013.3645
556.8335	1020.3895
556.88477	1028.6638
556.93604	1035.5404
556.98737	1035.39
557.03864	1024.4978
557.0899	1024.7494
557.14124	1032.0908
557.1925	1025.9333
557.24384	1030.9252
557.2951	1037.5916
557.34637	1023.7939
557.39771	1014.1046
557.44897	1018.331
557.50031	1022.5613
557.55157	1026.451
557.60284	1020.7338
557.65417	1006.9729
557.70544	1007.1844
557.75677	1002.0465
557.80804	998.17969
557.85931	994.24225
557.91064	1006.5501
557.96191	1012.9843
558.01324	1009.5443
558.06451	996.47565
558.11578	994.31952
558.16711	1015.3749
558.21838	998.56042
558.26971	993.23138
558.32098	1001.7824
558.37225	1005.2163
558.42358	985.75336
558.47485	1004.0308
558.52618	993.65405
558.57745	990.56122
558.62872	983.99963
558.68005	998.71069
558.73132	998.7514
558.78265	1008.3109
558.83392	999.32819
558.88519	981.22644
558.93652	987.79431
558.98779	980.74329
559.03912	1003.817
559.09039	989.92731
559.14166	988.2757
559.19299	995.86389
559.24426	986.58331
559.29559	975.14075
559.34686	971.06763
559.39813	985.14337
559.44946	974.90723
559.50073	969.90204
559.55206	971.17578
559.60333	974.10406
559.6546	984.36414
559.70593	985.76184
559.7572	991.20337
559.80853	985.43976
559.8598	971.25574
559.91107	971.25995
559.9624	972.25146
560.01367	976.90015
560.065	971.289
560.11627	972.20691
560.16754	982.1795
560.21887	976.71893
560.27014	981.69434
560.32141	973.69934
560.37274	969.52765
560.42401	983.12744
560.47534	975.22363
560.52661	968.77979
560.57788	974.55865
560.62921	976.02655
560.68048	959.73981
560.73181	947.49316
560.78308	958.57166
560.83435	963.13684
560.88568	974.18433
560.93695	970.24774
560.98828	969.1778
561.03955	960.45081
561.09082	975.74158
561.14215	964.48395
561.19342	959.63947
561.24475	967.99078
561.29602	968.008
561.34729	968.85828
561.39862	961.97028
561.44989	979.51294
561.50122	973.20258
561.55249	954.08917
561.60376	954.7243
561.65509	978.33929
561.70636	972.88995
561.75769	965.7782
561.80896	958.89136
561.86023	971.06396
561.91156	970.55078
561.96283	963.4447
562.01416	967.16791
562.06543	959.69733
562.1167	965.54974
562.16803	964.40924
562.2193	965.49091
562.27063	970.75879
562.3219	973.32587
562.37317	961.43359
562.4245	965.25366
562.47577	955.26251
562.5271	947.53802
562.57837	959.82642
562.62964	956.5592
562.68097	956.07428
562.73224	956.35071
562.78357	951.00922
562.83484	958.22791
562.88611	958.53589
562.93744	957.19952
562.98871	966.56958
563.04004	965.82532
563.09131	959.27924
563.14258	959.97833
563.19391	961.27094
563.24518	958.02161
563.29645	961.19067
563.34778	956.64734
563.39905	956.51514
563.45038	955.34497
563.50165	958.78217
563.55292	960.51111
563.60425	962.68219
563.65552	964.61005
563.70685	952.18927
563.75812	971.64563
563.80939	966.93591
563.86072	957.54126
563.91199	952.00061
563.96332	951.70477
564.01459	969.77863
564.06586	946.65106
564.11719	960.19531
564.16846	964.10614
564.21979	965.07233
564.27106	942.90704
564.32233	935.44012
564.37366	950.80872
564.42493	946.57343
564.47626	954.92175
564.52753	969.95996
564.5788	964.29163
564.63013	957.94891
564.6814	966.76642
564.73273	946.54181
564.784	955.76874
564.83527	953.03424
564.8866	947.90472
564.93787	954.15314
564.9892	961.11621
565.04047	958.69257
565.09174	955.47968
565.14307	958.08643
565.19434	954.06354
565.24567	946.44434
565.29694	948.57703
565.34821	949.41541
565.39954	944.90765
565.45081	943.26453
565.50214	942.64484
565.55341	949.86346
565.60468	953.72406
565.65601	947.27979
565.70728	946.92487
565.75861	946.99231
565.80988	945.29297
565.86115	950.01404
565.91248	954.34845
565.96375	950.05817
566.01508	943.68927
566.06635	951.85315
566.11761	949.30682
566.16895	937.34259
566.22021	948.43207
566.27148	951.38995
566.32281	946.66229
566.37408	946.41119
566.42542	935.93176
566.47668	948.46637
566.52795	943.54095
566.57928	936.62421
566.63055	925.40051
566.68188	951.57831
566.73315	953.23022
566.78442	951.17804
566.83575	938.48761
566.88702	940.96216
566.93835	934.18451
566.98962	931.51624
567.04089	956.04498
567.09222	952.32452
567.14349	945.50641
567.19482	940.49579
567.24609	937.40942
567.29736	934.44824
567.34869	943.00684
567.39996	942.39124
567.45129	948.0694
567.50256	934.10352
567.55383	952.26422
567.60516	947.49646
567.65643	952.84467
567.70776	959.60736
567.75903	949.85669
567.8103	941.64301
567.86163	940.6969
567.9129	952.03571
567.96423	950.21332
568.0155	943.00238
568.06677	930.06244
568.1181	951.24475
568.16937	954.61328
568.2207	953.49664
568.27197	954.88519
568.32324	945.78406
568.37457	936.56415
568.42584	936.94507
568.47717	940.30347
568.52844	946.99579
568.57971	949.20801
568.63104	945.43103
568.68231	949.16791
568.73364	944.79614
568.78491	941.24475
568.83618	942.93481
568.88751	937.39423
568.93878	942.74805
568.99011	948.05927
569.04138	940.18036
569.09265	932.88208
569.14398	931.30994
569.19525	940.10797
569.24658	943.85925
569.29785	940.02332
569.34912	938.1651
569.40045	949.38702
569.45172	937.34558
569.50299	945.29846
569.55432	939.79602
569.60559	946.96594
569.65692	936.12903
569.70819	942.03107
569.75946	937.72638
569.81079	943.03448
569.86206	955.61652
569.91339	929.49115
569.96466	940.27521
570.01593	934.48029
570.06726	946.78601
570.11853	937.8869
570.16986	946.53674
570.22113	945.45856
570.2724	947.03735
570.32373	942.00903
570.375	942.93781
570.42633	939.85925
570.4776	944.94385
570.52887	942.16089
570.5802	940.3783
570.63147	943.99896
570.6828	945.88702
570.73407	954.94684
570.78534	945.88702
570.83667	942.49066
570.88794	953.32672
570.93927	942.06805
570.99054	936.63751
571.04181	940.55377
571.09314	943.85486
571.14441	945.59235
571.19574	947.72137
571.24701	945.58118
571.29828	943.49457
571.34961	936.51874
571.40088	945.29102
571.45221	949.49817
571.50348	938.8858
571.55475	943.95667
571.60608	955.6438
571.65735	953.41797
571.70868	946.58002
571.75995	945.35034
571.81122	938.33264
571.86255	947.5379
571.91382	944.50433
571.96515	943.88245
572.01642	934.50867
572.06769	939.25531
572.11902	938.73212
572.17029	943.06348
572.22162	935.56683
572.27289	948.24414
572.32416	960.01526
572.37549	954.57727
572.42676	944.38104
572.47803	956.01782
572.52936	947.57526
572.58063	946.32843
572.63196	936.69586
572.68323	930.68683
572.7345	944.04773
572.78583	963.10583
572.8371	956.17096
572.88843	948.18256
572.9397	935.45703
572.99097	936.4245
573.0423	933.50482
573.09357	934.35925
573.1449	947.53082
573.19617	940.07825
573.24744	939.35797
573.29877	927.79108
573.35004	952.47552
573.40137	949.4751
573.45264	944.94208
573.50391	940.99414
573.55524	944.28717
573.60651	951.55579
573.65784	949.37634
573.70911	939.16547
573.76038	931.77368
573.81171	935.9585
573.86298	937.46661
573.91431	941.97504
573.96558	952.86804
574.01685	938.78442
574.06818	927.83295
574.11945	938.28998
574.17078	948.71069
574.22205	948.12158
574.27332	945.47559
574.32465	943.36603
574.37592	944.17175
574.42725	943.38947
574.47852	943.00861
574.52979	947.90576
574.58112	949.06323
574.63239	944.20087
574.68372	946.64008
574.73499	950.52118
574.78625	944.67206
574.83759	944.04773
574.88885	942.87164
574.94019	936.41467
574.99146	935.53723
575.04272	942.06201
575.09406	946.33148
575.14532	940.49188
575.19666	937.56433
575.24792	933.0459
575.29919	937.46527
575.35052	940.62769
575.40179	943.07678
575.45313	943.4035
575.50439	952.01007
575.55566	939.33783
575.60699	935.18457
575.65826	922.28882
575.70953	934.61902
575.76086	941.54388
575.81213	933.07849
575.86346	949.87488
575.91473	939.3161
575.966	934.90668
576.01733	946.42242
576.0686	939.51837
576.11993	960.11127
576.1712	937.31378
576.22247	937.40649
576.2738	939.30817
576.32507	943.09509
576.3764	944.31104
576.42767	938.20667
576.47894	946.06183
576.53027	952.47791
576.58154	932.44061
576.63287	945.54163
576.68414	947.71124
576.73541	944.94019
576.78674	936.57239
576.83801	944.0929
576.88934	951.69318
576.94061	945.28931
576.99188	937.98535
577.04321	938.28107
577.09448	939.19354
577.14581	942.4718
577.19708	936.44855
577.24835	935.90857
577.29968	944.24133
577.35095	945.14075
577.40228	936.15912
577.45355	933.33295
577.50482	943.2608
577.55615	946.87299
577.60742	934.26782
577.65875	932.99573
577.71002	935.70111
577.76129	935.58923
577.81262	942.42676
577.86389	944.6991
577.91522	940.66522
577.96649	938.37341
578.01776	945.9801
578.06909	942.15686
578.12036	938.39856
578.17169	938.61395
578.22296	942.68262
578.27423	934.60101
578.32556	942.85962
578.37683	942.02411
578.42816	927.04974
578.47943	928.75299
578.5307	937.93341
578.58203	957.67963
578.6333	952.54688
578.68457	946.26514
578.7359	941.18164
578.78717	948.53229
578.8385	947.93237
578.88977	947.04645
578.94104	929.68329
578.99237	947.79218
579.04364	949.25079
579.09497	944.42413
579.14624	941.57269
579.19751	941.50916
579.24884	939.4292
579.30011	925.63678
579.35144	946.01007
579.40271	948.41547
579.45398	963.60614
579.50531	938.43665
579.55658	934.62115
579.60791	933.53522
579.65918	936.94867
579.71045	939.13593
579.76178	939.38629
579.81305	939.37085
579.86438	936.89417
579.91565	941.1665
579.96692	936.01599
580.01825	932.76172
580.06952	955.0285
580.12085	936.31067
580.17212	935.98419
580.22339	933.55682
580.27472	949.30884
580.32599	942.93207
580.37732	938.19385
580.42859	937.23615
580.47986	941.24036
580.53119	942.91754
580.58246	942.138
580.63379	935.07465
580.68506	934.68329
580.73633	938.09143
580.78766	936.99316
580.83893	935.00842
580.89026	933.02478
580.94153	929.55597
580.9928	926.05511
581.04413	933.81287
581.0954	940.39368
581.14673	933.80109
581.198	932.62341
581.24927	941.37585
581.3006	948.59705
581.35187	945.27692
581.4032	942.6767
581.45447	936.19037
581.50574	939.09998
581.55707	944.42059
581.60834	934.16754
581.65967	930.33594
581.71094	942.09283
581.76221	954.53046
581.81354	948.00031
581.86481	945.4599
581.91608	934.14288
581.96741	936.47314
582.01868	938.66016
582.07001	936.70612
582.12128	950.2395
582.17255	936.04163
582.22388	940.34235
582.27515	951.8689
582.32648	934.94751
582.37775	927.52655
582.42902	926.52698
582.48035	925.75018
582.53162	930.75079
582.58295	939.45319
582.63422	927.61493
582.68549	944.11139
582.73682	946.4104
582.78809	943.63116
582.83942	935.0708
582.89069	935.35614
582.94196	938.12988
582.99329	941.06995
583.04456	933.54987
583.09589	949.50745
583.14716	937.21045
583.19843	948.40442
583.24976	939.14795
583.30103	931.53625
583.35236	942.02148
583.40363	943.75073
583.4549	940.26099
583.50623	942.2016
583.5575	945.40448
583.60883	942.68402
583.6601	941.89923
583.71136	932.70959
583.7627	940.755
583.81396	943.92328
583.8653	937.08411
583.91656	932.27551
583.96783	939.55505
584.01917	946.86237
584.07043	937.7605
584.12177	933.97729
584.17303	934.33173
584.2243	939.97223
584.27563	942.90558
584.3269	936.50684
584.37823	936.89783
584.4295	939.97363
584.48077	934.95056
584.5321	928.06152
584.58337	934.58923
584.6347	942.85699
584.68597	941.08435
584.73724	938.68561
584.78857	928.93231
584.83984	929.12634
584.89111	935.46356
584.94244	930.10889
584.99371	933.11157
585.04504	938.19543
585.09631	947.93457
585.14758	940.20538
585.19891	926.73718
585.25018	933.1947
585.30151	934.70966
585.35278	935.51605
585.40405	939.25342
585.45538	939.89459
585.50665	930.51318
585.55798	925.36853
585.60925	928.15723
585.66052	920.62256
585.71185	935.68964
585.76312	936.65924
585.81445	937.33069
585.86572	934.53894
585.91699	934.29224
585.96832	929.91644
586.01959	942.57568
586.07092	947.44629
586.12219	937.57849
586.17346	925.76373
586.22479	945.56366
586.27606	936.01898
586.32739	927.9563
586.37866	934.70831
586.42993	927.2514
586.48126	931.67572
586.53253	932.33704
586.58386	931.46289
586.63513	935.52625
586.6864	951.21741
586.73773	939.59698
586.789	937.0603
586.84033	938.81805
586.8916	932.2757
586.94287	935.51697
586.9942	932.73431
587.04547	946.49847
587.0968	937.1424
587.14807	929.74878
587.19934	934.63135
587.25067	927.0307
587.30194	925.39722
587.35327	937.39624
587.40454	933.62036
587.45581	926.21008
587.50714	927.44916
587.55841	927.26416
587.60974	930.0246
587.66101	932.99554
587.71228	930.25519
587.76361	937.51733
587.81488	941.81665
587.86615	935.42175
587.91748	929.01288
587.96875	927.74945
588.02008	929.96613
588.07135	932.44006
588.12262	938.15173
588.17395	934.828
588.22522	925.80444
588.27655	926.31915
588.32782	935.55029
588.37909	943.58832
588.43042	941.89044
588.48169	929.07721
588.53302	927.81183
588.58429	941.02209
588.63556	935.57703
588.68689	923.7428
588.73816	931.66949
588.78949	933.15137
588.84076	935.51495
588.89203	930.62396
588.94336	940.10901
588.99463	948.42841
589.04596	941.77344
589.09723	933.22742
589.1485	931.3924
589.19983	931.77423
589.2511	938.64166
589.30243	932.05457
589.3537	928.09357
589.40497	926.30902
589.4563	945.00317
589.50757	926.65497
589.5589	947.33765
589.61017	945.18042
589.66144	937.38995
589.71277	937.36273
589.76404	924.52435
589.81537	934.06873
589.86664	938.16345
589.91791	930.75037
589.96924	935.88672
590.02051	946.37958
590.07184	928.2735
590.12311	931.59503
590.17438	933.11194
590.22571	935.80994
590.27698	941.30334
590.32831	932.98883
590.37958	925.41388
590.43085	931.43884
590.48218	940.30078
590.53345	932.7442
590.58478	930.1106
590.63605	936.13184
590.68732	934.37476
590.73865	935.24615
590.78992	929.62494
590.84125	932.63385
590.89252	927.46606
590.94379	927.36627
590.99512	926.34937
591.04639	934.00983
591.09766	941.48352
591.14899	936.7558
591.20026	941.40118
591.25159	939.20844
591.30286	933.31451
591.35413	927.22681
591.40546	927.82556
591.45673	936.68744
591.50806	932.96753
591.55933	928.88293
591.6106	930.80377
591.66193	930.26917
591.7132	933.59473
591.76453	932.1803
591.8158	926.29376
591.86707	923.9975
591.9184	927.97156
591.96967	932.24713
592.021	929.19373
592.07227	936.92816
592.12354	941.37366
592.17487	937.71924
592.22614	929.28882
592.27747	933.84479
592.32874	938.09442
592.38	936.1405
592.43134	941.13202
592.4826	930.90802
592.53394	926.77869
592.58521	927.50519
592.63647	926.79456
592.68781	929.49512
592.73907	945.81366
592.79041	940.01898
592.84167	940.28467
592.89294	929.41644
592.94427	925.76886
592.99554	932.82153
593.04688	929.23907
593.09814	927.78094
593.14941	925.23767
593.20074	941.01904
593.25201	927.8963
593.30334	935.28784
593.35461	935.94482
593.40588	948.2572
593.45721	920.28522
593.50848	922.25916
593.55981	926.19391
593.61108	933.07074
593.66235	924.45087
593.71368	934.68213
593.76495	937.03558
593.81628	934.3421
593.86755	941.45795
593.91882	940.2912
593.97015	923.14447
594.02142	938.65192
594.07269	936.72687
594.12402	934.33356
594.17529	930.66174
594.22662	936.62512
594.27789	933.92072
594.32916	939.38562
594.38049	930.7135
594.43176	949.67072
594.48309	942.96802
594.53436	938.16547
594.58563	934.95038
594.63696	936.05615
594.68823	929.04523
594.73956	932.8407
594.79083	931.71979
594.8421	931.16815
594.89343	929.16577
594.9447	932.32526
594.99603	932.23431
595.0473	937.60297
595.09857	935.04327
595.1499	929.5354
595.20117	929.8819
595.2525	936.4093
595.30377	935.65875
595.35504	927.30103
595.40637	933.7832
595.45764	936.38617
595.50897	931.63696
595.56024	939.53888
595.61151	938.87335
595.66284	939.49951
595.71411	936.29584
595.76544	928.55017
595.81671	941.12152
595.86798	946.19128
595.91931	939.12384
595.97058	922.71863
596.02191	924.18579
596.07318	934.55627
596.12445	934.29517
596.17578	930.4184
596.22705	932.39221
596.27838	934.47284
596.32965	928.83875
596.38092	926.82715
596.43225	929.77734
596.48352	927.29657
596.53485	924.28003
596.58612	925.06512
596.63739	930.44928
596.68872	933.69629
596.73999	939.3454
596.79132	924.5954
596.84259	924.3642
596.89386	926.57562
596.94519	931.44904
596.99646	930.08331
597.04779	925.96582
597.09906	928.7168
597.15033	921.11023
597.20166	931.51978
597.25293	934.25153
597.3042	930.78839
597.35553	929.70245
597.4068	937.01843
597.45813	925.75018
597.5094	919.20459
597.56067	935.28693
597.612	943.90485
597.66327	933.44586
597.7146	924.29425
597.76587	929.53723
597.81714	921.21655
597.86847	933.16406
597.91974	921.31097
597.97107	936.95142
598.02234	932.07544
598.07361	929.66162
598.12494	934.37506
598.17621	933.14734
598.22754	925.67627
598.27881	923.00726
598.33008	935.76709
598.38141	938.49078
598.43268	932.00812
598.48401	929.94592
598.53528	928.6803
598.58655	933.11548
598.63788	936.21375
598.68915	928.2486
598.74048	933.47076
598.79175	927.44928
598.84302	928.0542
598.89435	929.93018
598.94562	936.70544
598.99695	924.64258
599.04822	931.62085
599.09949	941.86371
599.15082	933.03772
599.20209	927.02759
599.25342	936.7796
599.30469	939.27081
599.35596	927.98419
599.40729	921.30066
599.45856	922.9231
599.50989	929.14893
599.56116	936.66125
599.61243	934.27979
599.66376	928.84497
599.71503	936.24255
599.76636	927.099
599.81763	923.75726
599.8689	929.66266
599.92023	930.26715
599.9715	929.82483
600.02283	932.91254
600.0741	927.22083
600.12537	924.64203
600.1767	933.26312
600.22797	930.62799
600.27924	926.64728
600.33057	921.67511
600.38184	925.13348
600.43317	934.30402
600.48444	940.31781
600.53571	942.24817
600.58704	930.98688
600.63831	926.2998
600.68964	928.86072
600.74091	931.17267
600.79218	924.41919
600.84351	927.04706
600.89478	927.68628
600.94611	935.62848
600.99738	937.98602
601.04865	928.86584
601.09998	924.66888
601.15125	928.78131
601.20258	940.26538
601.25385	937.26556
601.30511	929.47565
601.35645	928.81659
601.40771	928.43396
601.45905	919.68298
601.51031	930.33429
601.56158	938.09161
601.61292	932.57928
601.66418	929.66064
601.71552	934.20703
601.76678	934.95819
601.81805	932.62103
601.86938	925.47394
601.92065	932.99164
601.97198	929.10846
602.02325	929.10742
602.07452	931.06976
602.12585	932.07111
602.17712	948.2514
602.22845	945.36749
602.27972	928.55902
602.33099	929.81067
602.38232	930.10004
602.43359	937.9411
602.48492	922.84454
602.53619	928.49188
602.58746	931.74481
602.63879	931.28577
602.69006	930.30066
602.74139	928.53864
602.79266	937.9848
602.84393	936.6145
602.89526	933.62854
602.94653	934.51703
602.99786	925.30835
603.04913	921.76868
603.1004	919.41534
603.15173	925.90637
603.203	929.4469
603.25427	929.08185
603.3056	924.84723
603.35687	932.09814
603.4082	931.62445
603.45947	938.91431
603.51074	939.30762
603.56207	927.91467
603.61334	924.56348
603.66467	924.07318
603.71594	921.67139
603.76721	922.3208
603.81854	924.27454
603.86981	920.76831
603.92114	922.41284
603.97241	927.06677
604.02368	929.38739
604.07501	930.4646
604.12628	928.91364
604.17761	929.63837
604.22888	921.71106
604.28015	920.58331
604.33148	917.41168
604.38275	924.73187
604.43408	930.11041
604.48535	931.81482
604.53662	928.98444
604.58795	929.88751
604.63922	922.25452
604.69055	922.86591
604.74182	924.61505
604.79309	933.94556
604.84442	917.46954
604.89569	921.66589
604.94702	932.4986
604.99829	926.73273
605.04956	915.46454
605.10089	931.16083
605.15216	918.18683
605.20349	921.29968
605.25476	929.14514
605.30603	935.03748
605.35736	934.05109
605.40863	931.12421
605.45996	925.29919
605.51123	925.97607
605.5625	926.95923
605.61383	933.4068
605.6651	928.66284
605.71643	930.67017
605.7677	924.97369
605.81897	929.12433
605.8703	936.70233
605.92157	929.8302
605.9729	931.24066
606.02417	928.86859
606.07544	938.07452
606.12677	931.92407
606.17804	934.9679
606.22937	932.65326
606.28064	926.03009
606.33191	914.24738
606.38324	929.82672
606.43451	930.3374
606.48578	927.97168
606.53711	936.0271
606.58838	932.54706
606.63971	923.15619
606.69098	922.9707
606.74225	933.09167
606.79358	934.51294
606.84485	929.91376
606.89618	922.6239
606.94745	938.20435
606.99872	943.93982
607.05005	919.77692
607.10132	912.77411
607.15265	919.28448
607.20392	926.41968
607.25519	927.29889
607.30652	922.6452
607.35779	926.18579
607.40912	932.19427
607.46039	933.85675
607.51166	927.10614
607.56299	926.26819
607.61426	918.60413
607.66559	927.21741
607.71686	937.23737
607.76813	928.83069
607.81946	920.87268
607.87073	927.99524
607.92206	925.91577
607.97333	927.67523
608.0246	925.82806
608.07593	935.66199
608.1272	928.06946
608.17853	919.29706
608.2298	921.98718
608.28107	928.23578
608.3324	929.51752
608.38367	926.07477
608.435	927.48419
608.48627	932.69165
608.53754	928.25006
608.58887	916.33722
608.64014	925.17725
608.69147	932.99084
608.74274	934.96021
608.79401	934.96637
608.84534	929.16418
608.89661	929.91632
608.94794	921.5274
608.99921	922.80707
609.05048	914.79126
609.10181	928.24762
609.15308	927.32422
609.20441	915.73322
609.25568	919.89728
609.30695	930.13904
609.35828	924.57214
609.40955	930.20306
609.46082	943.02258
609.51215	931.20837
609.56342	924.66681
609.61475	921.71002
609.66602	924.6106
609.71729	935.28137
609.76862	931.21033
609.81989	935.51819
609.87122	926.14368
609.92249	918.62506
609.97375	914.71729
610.02509	913.57129
610.07635	923.79181
610.12769	925.13062
610.17896	926.04584
610.23022	927.21857
610.28156	931.51373
610.33282	932.6759
610.38416	915.65277
610.43542	908.59363
610.48669	917.43042
610.53802	926.75842
610.58929	931.04279
610.64063	925.73059
610.69189	921.04285
610.74316	928.05219
610.79449	934.375
610.84576	923.5365
610.89709	921.53656
610.94836	926.32837
610.99963	923.34473
611.05096	925.23517
611.10223	926.20935
611.15356	928.72699
611.20483	926.00854
611.2561	929.77844
611.30743	926.10492
611.3587	924.9361
611.41003	929.60071
611.4613	930.3631
611.51257	921.93396
611.5639	943.13263
611.61517	923.72339
611.6665	923.58508
611.71777	927.06122
611.76904	927.19818
611.82037	923.41327
611.87164	926.33813
611.92297	923.38757
611.97424	935.63379
612.02551	921.68689
612.07684	919.17798
612.12811	923.64288
612.17944	918.36493
612.23071	934.83887
612.28198	930.89374
612.33331	930.89258
612.38458	927.97571
612.43591	937.46252
612.48718	933.17181
612.53845	915.2406
612.58978	922.12341
612.64105	924.68921
612.69232	929.31927
612.74365	920.28003
612.79492	924.89227
612.84625	930.94995
612.89752	933.54297
612.94879	923.26544
613.00012	932.91846
613.05139	924.8313
613.10272	920.32751
613.15399	926.72101
613.20526	934.10339
613.25659	935.14087
613.30786	922.65631
613.35919	927.74078
613.41046	933.25122
613.46173	934.54572
613.51306	927.57574
613.56433	924.51624
613.61566	932.48535
613.66693	931.89764
613.7182	927.64917
613.76953	930.42474
613.8208	929.38525
613.87213	927.99103
613.9234	922.79144
613.97467	924.3147
614.026	930.90619
614.07727	930.32568
614.1286	927.86316
614.17987	929.26599
614.23114	929.50928
614.28247	924.57623
614.33374	928.0321
614.38507	937.13348
614.43634	932.64185
614.48761	926.24463
614.53894	931.77594
614.59021	930.75092
614.64154	925.63763
614.69281	927.80847
614.74408	922.19696
614.79541	917.70117
614.84668	927.79425
614.89801	935.09589
614.94928	932.77429
615.00055	934.42944
615.05188	930.80011
615.10315	945.78137
615.15448	931.18726
615.20575	917.94733
615.25702	929.24957
615.30835	926.28937
615.35962	926.66498
615.41095	937.91815
615.46222	921.40875
615.51349	920.33752
615.56482	931.16217
615.61609	933.42896
615.66736	929.39185
615.71869	924.96735
615.76996	926.58496
615.82129	923.36469
615.87256	934.53296
615.92383	925.76343
615.97516	922.81671
616.02643	922.81567
616.07776	927.70105
616.12903	931.66815
616.1803	936.56274
616.23163	922.74829
616.2829	924.58234
616.33423	933.00269
616.3855	925.73737
616.43677	929.22278
616.4881	925.45844
616.53937	925.66193
616.5907	929.17773
616.64197	919.01495
616.69324	928.22882
616.74457	937.22144
616.79584	939.58954
616.84717	935.91589
616.89844	924.11664
616.94971	924.54285
617.00104	939.05316
617.05231	935.83856
617.10364	932.08362
617.15491	930.40015
617.20618	922.27612
617.25751	925.48932
617.30878	932.0705
617.36011	927.99689
617.41138	930.45905
617.46265	929.4693
617.51398	921.96057
617.56525	925.86456
617.61658	932.51337
617.66785	928.1416
617.71912	919.92419
617.77045	917.85382
617.82172	931.36041
617.87305	931.01959
617.92432	923.25922
617.97559	927.25958
618.02692	933.43219
618.07819	931.06262
618.12952	927.89911
618.18079	930.29333
618.23206	923.02576
618.28339	930.4494
618.33466	927.77448
618.38599	921.39825
618.43726	932.90112
618.48853	924.88617
618.53986	925.35901
618.59113	924.00342
618.64246	934.13251
618.69373	930.04639
618.745	925.48834
618.79633	930.85974
618.8476	932.44629
618.89886	927.75824
618.9502	925.935
619.00146	931.31879
619.0528	936.54175
619.10406	934.7641
619.15533	930.3808
619.20667	930.46332
619.25793	937.00208
619.30927	928.61902
619.36053	932.01923
619.4118	920.50458
619.46313	920.13171
619.5144	930.70587
619.56573	921.15051
619.617	926.01355
619.66827	930.18561
619.7196	937.56586
619.77087	933.47089
619.8222	924.87402
619.87347	932.67426
619.92474	919.85022
619.97607	935.3913
620.02734	920.2738
620.07867	915.92096
620.12994	928.89099
620.18121	925.09106
620.23254	925.64319
620.28381	921.21887
620.33514	927.83826
620.38641	919.95886
620.43768	929.95746
620.48901	927.46429
620.54028	927.55981
620.59161	930.19727
620.64288	925.84076
620.69415	924.71844
620.74548	937.32849
620.79675	929.86865
620.84808	925.95306
620.89935	926.46381
620.95062	931.13623
621.00195	929.81311
621.05322	930.84766
621.10455	931.01001
621.15582	921.78387
621.20709	927.81335
621.25842	928.07788
621.30969	932.19342
621.36102	929.34125
621.41229	926.95123
621.46356	928.31372
621.51489	924.50861
621.56616	923.45966
621.61749	932.16156
621.66876	928.71295
621.72003	926.08984
621.77136	928.62262
621.82263	929.26746
621.8739	925.57648
621.92523	921.69122
621.9765	927.55975
622.02783	932.69055
622.0791	933.15149
622.13037	928.29529
622.1817	924.74615
622.23297	927.41278
622.2843	923.21301
622.33557	924.47931
622.38684	932.84442
622.43817	928.31268
622.48944	923.48315
622.54077	930.52161
622.59204	929.41736
622.64331	933.13568
622.69464	922.93091
622.74591	925.37457
622.79724	926.69501
622.84851	929.18799
622.89978	922.93646
622.95111	929.22461
623.00238	941.591
623.05371	929.57928
623.10498	931.80798
623.15625	930.28961
623.20758	938.00513
623.25885	940.0882
623.31018	925.6604
623.36145	936.12512
623.41272	937.52069
623.46405	929.35895
623.51532	921.36597
623.56665	926.97467
623.61792	928.9057
623.66919	921.73792
623.72052	923.69116
623.77179	937.03107
623.82312	927.10626
623.87439	936.2251
623.92566	923.83478
623.97699	932.5954
624.02826	926.66907
624.07959	934.5213
624.13086	929.78241
624.18213	926.76447
624.23346	928.54285
624.28473	928.64355
624.33606	911.08209
624.38733	918.7699
624.4386	918.73993
624.48993	925.75189
624.5412	926.63824
624.59253	930.95862
624.6438	922.255
624.69507	917.27289
624.7464	919.9502
624.79767	926.35046
624.84894	930.85297
624.90027	931.6308
624.95154	933.97424
625.00287	924.62762
625.05414	924.65851
625.10541	930.09985
625.15674	929.42352
625.20801	928.62433
625.25934	928.62329
625.31061	924.43378
625.36188	925.36676
625.41321	938.75793
625.46448	940.64307
625.51581	934.70984
625.56708	935.17407
625.61835	937.87085
625.66968	930.61249
625.72095	934.67065
625.77228	928.17004
625.82355	928.8999
625.87482	931.62933
625.92615	925.26477
625.97742	924.24469
626.02875	922.40533
626.08002	916.99432
626.13129	923.28302
626.18262	930.60681
626.23389	926.67908
626.28522	924.5528
626.33649	927.45502
626.38776	929.14758
626.43909	921.55219
626.49036	919.88129
626.54169	928.34509
626.59296	925.37781
626.64423	925.95892
626.69556	931.50372
626.74683	930.88446
626.79816	924.59125
626.84943	924.59009
626.9007	926.94452
626.95203	931.91235
627.0033	930.70825
627.05463	927.18951
627.1059	926.84167
627.15717	923.97986
627.2085	924.90656
627.25977	918.34802
627.3111	920.09229
627.36237	920.44232
627.41364	928.12921
627.46497	932.52606
627.51624	928.17834
627.56757	927.88879
627.61884	931.81049
627.6701	924.23334
627.72144	928.80219
627.77271	935.57092
627.82404	932.71002
627.87531	914.39966
627.92657	920.99725
627.97791	924.47046
628.02917	925.43115
628.08044	944.09436
628.13177	925.62561
628.18304	925.95142
628.23438	914.91779
628.28564	923.70172
628.33691	928.66125
628.38824	934.52948
628.43951	929.57892
628.49084	928.57166
628.54211	917.85187
628.59338	934.86444
628.64471	935.5528
628.69598	920.52594
628.74731	931.61206
628.79858	930.71655
628.84985	932.35883
628.90118	923.60815
628.95245	939.33569
629.00378	931.07532
629.05505	924.37695
629.10632	921.84332
629.15765	930.76666
629.20892	927.57709
629.26025	925.7229
629.31152	928.76227
629.36279	933.51062
629.41412	923.57068
629.46539	929.7995
629.51672	926.44196
629.56799	934.29089
629.61926	927.92194
629.67059	931.08307
629.72186	929.22516
629.77319	930.35541
629.82446	929.44244
629.87573	927.15906
629.92706	920.46503
629.97833	928.12555
630.02966	924.40656
630.08093	920.16345
630.1322	913.59369
630.18353	923.74658
630.2348	925.83228
630.28613	925.69824
630.3374	930.8606
630.38867	929.6405
630.44	925.25787
630.49127	928.49786
630.5426	931.42719
630.59387	927.32202
630.64514	930.76282
630.69647	935.99976
630.74774	931.01318
630.79907	920.15308
630.85034	928.8056
630.90161	939.89685
630.95294	934.41797
631.00421	933.7196
631.05548	930.19696
631.10681	930.62433
631.15808	932.25916
631.20941	928.48358
631.26068	929.81354
631.31195	934.5885
631.36328	929.64172
631.41455	926.85529
631.46588	930.28937
631.51715	932.10394
631.56842	929.09949
631.61975	930.4588
631.67102	923.31384
631.72235	935.89575
631.77362	931.6283
631.82489	928.06085
631.87622	936.95636
631.92749	934.47015
631.97882	928.3194
632.03009	919.18115
632.08136	926.58557
632.13269	941.3031
632.18396	929.27759
632.23529	928.47784
632.28656	928.47687
632.33783	930.51685
632.38916	938.5575
632.44043	930.10864
632.49176	938.3645
632.54303	932.24084
632.5943	935.01215
632.64563	917.85938
632.6969	930.82343
632.74823	943.38068
632.7995	941.8634
632.85077	934.13898
632.9021	929.02332
632.95337	922.09216
633.0047	935.4967
633.05597	936.50787
633.10724	938.33936
633.15857	929.52338
633.20984	949.31982
633.26117	933.72888
633.31244	927.61847
633.36371	943.82025
633.41504	933.03589
633.46631	925.86346
633.51764	918.0022
633.56891	942.31696
633.62018	941.71649
633.67151	925.23499
633.72278	926.11865
633.77411	929.96765
633.82538	939.14801
633.87665	933.56219
633.92798	929.04248
633.97925	940.20044
634.03058	940.78076
634.08185	919.12836
634.13312	933.86694
634.18445	931.24274
634.23572	938.90735
634.28699	931.30646
634.33832	922.28217
634.38959	932.57477
634.44092	933.43707
634.49219	929.4765
634.54346	918.95996
634.59479	921.89368
634.64606	941.42426
634.69739	935.16357
634.74866	936.30475
634.79993	934.67993
634.85126	929.0813
634.90253	934.66797
634.95386	933.23273
635.00513	929.78174
635.0564	927.53424
635.10773	932.59973
635.159	943.11334
635.21033	936.63251
635.2616	930.59271
635.31287	926.20453
635.3642	928.66821
635.41547	934.53003
635.4668	939.80725
635.51807	945.56732
635.56934	942.11523
635.62067	934.80841
635.67194	933.93695
635.72327	933.90491
635.77454	926.5246
635.82581	920.40308
635.87714	925.58167
635.92841	923.56836
635.97974	921.16693
636.03101	926.30731
636.08228	922.39777
636.13361	922.81854
636.18488	924.63287
636.23621	932.02673
636.28748	936.46722
636.33875	928.85956
636.39008	926.01825
636.44135	930.47742
636.49268	942.22107
636.54395	942.91278
636.59521	936.06152
636.64655	936.13452
636.69781	934.43787
636.74915	941.4101
636.80042	931.79102
636.85168	933.2475
636.90302	942.59491
636.95428	945.70465
637.00562	937.60553
637.05688	935.87427
637.10815	939.04626
637.15948	942.77008
637.21075	935.17981
637.26202	928.21405
637.31335	931.57239
637.36462	931.41418
637.41595	927.73444
637.46722	932.125
637.51849	943.57379
637.56982	934.67303
637.62109	936.94171
637.67242	938.35419
637.72369	927.73975
637.77496	943.20288
637.82629	934.5733
637.87756	935.97241
637.92889	933.50214
637.98016	944.26794
638.03143	931.63275
638.08276	935.35608
638.13403	935.85297
638.18536	944.61902
638.23663	927.35284
638.2879	927.69922
638.33923	943.31244
638.3905	940.33453
638.44183	936.36932
638.4931	945.20972
638.54437	936.56512
638.5957	934.41187
638.64697	928.59772
638.6983	944.45392
638.74957	937.83295
638.80084	936.41132
638.85217	943.70587
638.90344	937.0448
638.95477	939.94482
639.00604	943.90741
639.05731	945.21954
639.10864	934.83801
639.15991	943.72266
639.21124	951.33002
639.26251	933.67944
639.31378	934.52472
639.36511	932.01367
639.41638	940.3454
639.46771	943.94885
639.51898	938.7135
639.57025	934.15369
639.62158	941.16272
639.67285	937.1236
639.72418	935.32196
639.77545	935.3208
639.82672	934.57184
639.87805	932.84052
639.92932	932.31763
639.98065	936.64313
640.03192	945.43701
640.08319	941.98572
640.13452	950.42078
640.18579	940.92194
640.23712	944.45551
640.28839	940.63501
640.33966	940.25922
640.39099	941.65851
640.44226	954.75568
640.49353	945.23645
640.54486	940.9176
640.59613	947.37714
640.64746	948.09113
640.69873	953.2691
640.75	948.48352
640.80133	948.66669
640.8526	952.72784
640.90393	947.80066
640.9552	945.40247
641.00647	951.19238
641.0578	951.01251
641.10907	936.76862
641.1604	939.20276
641.21167	949.27197
641.26294	952.29382
641.31427	948.91577
641.36554	944.66968
641.41687	946.38751
641.46814	945.21704
641.51941	942.6297
641.57074	947.25165
641.62201	955.64178
641.67334	954.86804
641.72461	955.7442
641.77588	946.47797
641.82721	944.35913
641.87848	958.03986
641.92981	958.66876
641.98108	950.55298
642.03235	957.2431
642.08368	955.73993
642.13495	939.66455
642.18628	938.19421
642.23755	953.96729
642.28882	956.31073
642.34015	948.98553
642.39142	950.63232
642.44275	964.51715
642.49402	968.06732
642.54529	953.83704
642.59662	955.81866
642.64789	958.07153
642.69922	960.25989
642.75049	960.25885
642.80176	957.56525
642.85309	946.17957
642.90436	943.7796
642.95569	967.05505
643.00696	957.7749
643.05823	954.69073
643.10956	964.25134
643.16083	965.74176
643.21216	967.09644
643.26343	946.13623
643.3147	958.78998
643.36603	953.38947
643.4173	963.06769
643.46857	952.83429
643.5199	968.6001
643.57117	965.32709
643.6225	973.79944
643.67377	980.52698
643.72504	998.02905
643.77637	976.88867
643.82764	974.1098
643.87897	982.80481
643.93024	965.98792
643.98151	991.5752
644.03284	980.84363
644.08411	992.87817
644.13544	984.56293
644.18671	995.18402
644.23798	993.34521
644.28931	1001.1031
644.34058	983.26337
644.39191	1006.7004
644.44318	1001.7417
644.49445	986.97186
644.54578	1022.0745
644.59705	1008.567
644.64838	1003.8223
644.69965	990.62946
644.75092	1012.1789
644.80225	1029.272
644.85352	1039.2787
644.90485	1014.0315
644.95612	1024.1582
645.00739	1024.5288
645.05872	1017.6044
645.10999	1022.99
645.16132	1046.0416
645.21259	1032.411
645.26385	1030.2697
645.31519	1040.9629
645.36646	1038.7871
645.41779	1041.5636
645.46906	1041.4185
645.52032	1037.072
645.57166	1028.3545
645.62292	1039.9033
645.67426	1047.0869
645.72552	1061.1462
645.77679	1059.1555
645.82813	1073.1144
645.87939	1057.6051
645.93073	1065.0801
645.98199	1071.4408
646.03326	1082.4386
646.08459	1074.7981
646.13586	1081.8191
646.18719	1099.1735
646.23846	1096.4584
646.28973	1110.49
646.34106	1109.6626
646.39233	1118.062
646.4436	1124.4839
646.49493	1150.7065
646.5462	1169.0635
646.59753	1164.1881
646.6488	1170.8954
646.70007	1194.3629
646.7514	1201.2695
646.80267	1193.3541
646.854	1205.1152
646.90527	1228.7958
646.95654	1249.8461
647.00787	1234.0159
647.05914	1238.2352
647.11047	1259.2472
647.16174	1241.7853
647.21301	1254.0597
647.26434	1273.6813
647.31561	1248.299
647.36694	1228.7704
647.41821	1229.0582
647.46948	1228.5231
647.52081	1227.0507
647.57208	1222.6577
647.62341	1217.0935
647.67468	1232.6973
647.72595	1224.8254
647.77728	1219.4047
647.82855	1262.725
647.87988	1245.2228
647.93115	1232.6997
647.98242	1246.6351
648.03375	1248.1339
648.08502	1262.1215
648.13635	1280.2321
648.18762	1309.759
648.23889	1313.8582
648.29022	1316.918
648.34149	1331.5498
648.39282	1353.9684
648.44409	1351.5552
648.49536	1373.3424
648.54669	1393.9381
648.59796	1392.9169
648.64929	1403.306
648.70056	1399.7716
648.75183	1399.5358
648.80316	1424.4159
648.85443	1423.6447
648.90576	1402.9132
648.95703	1415.3462
649.0083	1433.4028
649.05963	1444.0493
649.1109	1427.3488
649.16223	1394.6133
649.2135	1410.7036
649.26477	1427.475
649.3161	1467.6041
649.36737	1461.5618
649.4187	1453.6862
649.46997	1456.5858
649.52124	1468.8019
649.57257	1492.354
649.62384	1488.0125
649.67511	1477.281
649.72644	1461.4299
649.77771	1474.8546
649.82904	1469.89
649.88031	1464.3931
649.93158	1466.8295
649.98291	1467.7362
650.03418	1465.6844
650.08551	1481.0906
650.13678	1450.7113
650.18805	1437.3186
650.23938	1425.9849
650.29065	1446.7739
650.34198	1384.5592
650.39325	1393.2777
650.44452	1384.8624
650.49585	1403.9294
650.54712	1367.9141
650.59845	1363.3229
650.64972	1423.8663
650.70099	1397.2793
650.75232	1418.9802
650.80359	1398.251
650.85492	1379.4836
650.90619	1404.936
650.95746	1406.9138
651.00879	1415.8074
651.06006	1426.6592
651.11139	1453.9469
651.16266	1441.5746
651.21393	1412.6678
651.26526	1498.3667
651.31653	1472.751
651.36786	1476.2711
651.41913	1474.2278
651.4704	1467.7216
651.52173	1507.9878
651.573	1462.1659
651.62433	1500.736
651.6756	1534.1165
651.72687	1523.1744
651.7782	1525.6403
651.82947	1522.0826
651.8808	1563.0406
651.93207	1559.8174
651.98334	1581.4005
652.03467	1545.5515
652.08594	1540.9148
652.13727	1550.5647
652.18854	1576.9102
652.23981	1595.2242
652.29114	1582.0164
652.34241	1581.8519
652.39374	1589.0168
652.44501	1562.041
652.49628	1546.6012
652.54761	1566.0426
652.59888	1587.1263
652.65015	1611.7161
652.70148	1605.0835
652.75275	1597.5461
652.80408	1615.3479
652.85535	1633.4951
652.90662	1640.6373
652.95795	1634.646
653.00922	1617.9535
653.06055	1635.2494
653.11182	1638.4418
653.16309	1621.4407
653.21442	1606.7892
653.26569	1570.2234
653.31702	1597.6224
653.36829	1617.8992
653.41956	1600.2672
653.47089	1612.5944
653.52216	1578.4434
653.57349	1567.1827
653.62476	1569.7681
653.67603	1536.0388
653.72736	1535.7864
653.77863	1545.9385
653.82996	1525.2637
653.88123	1505.7361
653.9325	1525.7789
653.98383	1536.2031
654.0351	1490.3381
654.08643	1495.1642
654.1377	1511.5065
654.18896	1466.0801
654.2403	1458.929
654.29156	1461.7351
654.3429	1459.3531
654.39417	1462.8606
654.44543	1450.252
654.49677	1461.375
654.54803	1443.5913
654.59937	1449.6953
654.65063	1464.3287
654.7019	1461.427
654.75323	1443.3507
654.8045	1447.4385
654.85583	1433.2172
654.9071	1421.0364
654.95837	1406.4883
655.0097	1423.9194
655.06097	1431.3855
655.1123	1432.6913
655.16357	1418.8004
655.21484	1479.1868
655.26617	1501.0702
655.31744	1451.4689
655.36877	1475.3973
655.42004	1465.6488
655.47131	1483.4689
655.52264	1466.6125
655.57391	1447.1869
655.62524	1488.7126
655.67651	1478.1057
655.72778	1480.8593
655.77911	1503.0886
655.83038	1485.8297
655.88165	1526.3729
655.93298	1514.0323
655.98425	1569.1422
656.03558	1519.3259
656.08685	1540.936
656.13812	1570.6324
656.18945	1578.3312
656.24072	1613.6732
656.29205	1557.1451
656.34332	1590.1412
656.39459	1597.1022
656.44592	1596.1125
656.49719	1583.7059
656.54852	1578.524
656.59979	1612.1284
656.65106	1598.9614
656.70239	1626.9921
656.75366	1609.4542
656.80499	1645.3896
656.85626	1653.2518
656.90753	1614.3291
656.95886	1648.5797
657.01013	1670.4999
657.06146	1670.5387
657.11273	1666.4891
657.164	1654.0609
657.21533	1652.9622
657.2666	1660.8811
657.31793	1665.2423
657.3692	1668.5015
657.42047	1658.6272
657.4718	1685.3213
657.52307	1705.944
657.5744	1687.411
657.62567	1680.8213
657.67694	1693.608
657.72827	1710.1586
657.77954	1719.6168
657.83087	1697.9911
657.88214	1663.9413
657.93341	1658.3057
657.98474	1679.8981
658.03601	1697.9899
658.08734	1710.8621
658.13861	1711.6984
658.18988	1703.4219
658.24121	1705.8068
658.29248	1709.3115
658.34381	1721.1744
658.39508	1748.2869
658.44635	1732.9967
658.49768	1686.948
658.54895	1694.6266
658.60028	1698.4628
658.65155	1692.7065
658.70282	1703.0702
658.75415	1702.7677
658.80542	1699.6564
658.85669	1719.8323
658.90802	1747.9535
658.95929	1736.8016
659.01062	1760.4565
659.06189	1769.585
659.11316	1740.2869
659.16449	1766.915
659.21576	1729.7719
659.26709	1741.6984
659.31836	1776.2971
659.36963	1800.1403
659.42096	1809.752
659.47223	1814.4707
659.52356	1795.5295
659.57483	1796.2001
659.6261	1841.949
659.67743	1826.141
659.7287	1871.6672
659.78003	1895.2693
659.8313	1897.4788
659.88257	1873.0984
659.9339	1881.2017
659.98517	1929.0803
660.0365	1939.9437
660.08777	1960.6488
660.13904	1937.3525
660.19037	1906.4708
660.24164	1945.1653
660.29297	1959.3658
660.34424	1952.9905
660.39551	1986.446
660.44684	1975.5938
660.49811	1966.2024
660.54944	1974.631
660.60071	1955.9855
660.65198	1959.95
660.70331	1968.8492
660.75458	1925.9344
660.80591	2014.0887
660.85718	2005.4539
660.90845	2011.5986
660.95978	1938.6736
661.01105	1948.8308
661.06238	1893.8123
661.11365	1950.8669
661.16492	1907.4449
661.21625	1918.0011
661.26752	1953.4448
661.31885	1884.7061
661.37012	1906.7201
661.42139	1952.05
661.47272	1923.5548
661.52399	1889.444
661.57532	1921.8617
661.62659	1874.5594
661.67786	1890.1307
661.72919	1887.4147
661.78046	1911.6774
661.83173	1825.7805
661.88306	1874.8608
661.93433	1824.4949
661.98566	1837.5934
662.03693	1838.889
662.0882	1818.9376
662.13953	1824.4709
662.1908	1816.8904
662.24213	1808.4622
662.2934	1804.2002
662.34467	1779.1183
662.396	1763.2611
662.44727	1754.335
662.4986	1811.0682
662.54987	1819.7848
662.60114	1792.9969
662.65247	1788.7177
662.70374	1751.5529
662.75507	1747.6003
662.80634	1738.2733
662.8576	1775.8656
662.90894	1786.9215
662.96021	1729.2649
663.01154	1722.9147
663.06281	1740.4174
663.11407	1759.4711
663.16541	1744.0391
663.21667	1734.2607
663.26801	1750.9689
663.31927	1722.7057
663.37054	1717.2513
663.42188	1733.6569
663.47314	1724.5865
663.52448	1706.0695
663.57574	1694.8427
663.62701	1694.8969
663.67834	1681.4541
663.72961	1675.2485
663.78094	1668.3329
663.83221	1658.2571
663.88348	1664.2755
663.93481	1663.2289
663.98608	1657.51
664.03741	1688.967
664.08868	1673.3387
664.13995	1635.2987
664.19128	1602.7628
664.24255	1601.5173
664.29388	1591.9507
664.34515	1599.2609
664.39642	1591.9617
664.44775	1568.1528
664.49902	1573.3746
664.55035	1588.0001
664.60162	1565.2164
664.65289	1556.1068
664.70422	1546.3329
664.75549	1535.4647
664.80682	1536.0165
664.85809	1521.8297
664.90936	1543.3132
664.96069	1517.1752
665.01196	1485.6709
665.06323	1497.3342
665.11456	1469.4148
665.16583	1467.5122
665.21716	1469.2999
665.26843	1467.5822
665.3197	1476.2809
665.37103	1474.4149
665.4223	1453.2456
665.47363	1454.6049
665.5249	1449.2039
665.57617	1428.9388
665.6275	1434.8275
665.67877	1413.0015
665.7301	1395.1648
665.78137	1421.2751
665.83264	1436.8461
665.88397	1418.3051
665.93524	1389.567
665.98657	1401.6451
666.03784	1393.8021
666.08911	1421.7103
666.14044	1408.0126
666.19171	1410.9177
666.24304	1366.2688
666.29431	1361.0588
666.34558	1403.9133
666.39691	1386.6146
666.44818	1382.1471
666.49951	1369.6332
666.55078	1341.6937
666.60205	1346.5154
666.65338	1368.2416
666.70465	1378.2214
666.75598	1388.0474
666.80725	1358.4381
666.85852	1339.8616
666.90985	1313.3278
666.96112	1338.7831
667.01245	1329.1636
667.06372	1333.8243
667.11499	1329.9041
667.16632	1294.6224
667.21759	1330.3239
667.26892	1310.2378
667.32019	1317.7976
667.37146	1293.6371
667.42279	1310.8568
667.47406	1318.5624
667.52539	1282.3787
667.57666	1292.0299
667.62793	1291.8906
667.67926	1295.2666
667.73053	1305.1877
667.78186	1314.6166
667.83313	1287.1273
667.8844	1291.1024
667.93573	1285.6044
667.987	1271.8405
668.03827	1273.5509
668.0896	1241.6404
668.14087	1253.8043
668.1922	1248.8945
668.24347	1242.6371
668.29474	1237.4563
668.34607	1260.4314
668.39734	1260.9845
668.44867	1234.754
668.49994	1228.9543
668.55121	1233.8282
668.60254	1226.5417
668.65381	1222.183
668.70514	1233.5682
668.75641	1225.9374
668.80768	1216.1345
668.85901	1200.6674
668.91028	1172.4672
668.96161	1173.1023
669.01288	1186.686
669.06415	1194.2939
669.11548	1184.3889
669.16675	1169.4531
669.21808	1155.359
669.26935	1155.9183
669.32062	1191.9902
669.37195	1182.7748
669.42322	1170.651
669.47455	1173.297
669.52582	1151.0219
669.57709	1145.3201
669.62842	1137.1749
669.67969	1144.5638
669.73102	1143.9971
669.78229	1125.2445
669.83356	1118.2174
669.88489	1140.7831
669.93616	1126.319
669.98749	1110.2327
670.03876	1102.881
670.09003	1104.5236
670.14136	1096.2233
670.19263	1092.7095
670.24396	1102.5815
670.29523	1101.3752
670.3465	1096.8
670.39783	1085.5493
670.4491	1101.8617
670.50043	1083.0847
670.5517	1084.5697
670.60297	1083.4431
670.6543	1064.7922
670.70557	1076.4532
670.7569	1076.3328
670.80817	1082.5863
670.85944	1080.4773
670.91077	1047.8737
670.96204	1038.9984
671.01337	1054.0479
671.06464	1060.125
671.11591	1055.7332
671.16724	1049.5762
671.21851	1044.0035
671.26978	1045.51
671.32111	1054.1698
671.37238	1063.6588
671.42371	1056.2264
671.47498	1028.1125
671.52625	1033.403
671.57758	1031.7173
671.62885	1041.6007
671.68018	1039.1327
671.73145	1038.2164
671.78271	1026.567
671.83405	1037.0334
671.88531	1021.1714
671.93665	1029.2385
671.98792	1004.1852
672.03918	1038.6805
672.09052	1021.6778
672.14178	1017.3566
672.19312	1023.0593
672.24438	1023.1342
672.29565	1004.5826
672.34698	1019.8959
672.39825	1016.4385
672.44958	1035.7899
672.50085	1019.9561
672.55212	1011.0265
672.60345	1011.0096
672.65472	1010.0261
672.70605	994.39575
672.75732	1023.0875
672.80859	1006.7039
672.85992	1007.9181
672.91119	1019.375
672.96252	1007.8006
673.01379	998.62805
673.06506	994.3125
673.11639	994.92889
673.16766	990.4657
673.21899	990.01233
673.27026	999.8559
673.32153	976.14563
673.37286	984.45874
673.42413	1004.3387
673.47546	990.56177
673.52673	979.43127
673.578	986.52832
673.62933	991.3894
673.6806	975.27393
673.73193	983.62628
673.7832	986.01471
673.83447	986.8299
673.8858	986.20703
673.93707	985.21484
673.9884	989.77802
674.03967	994.94678
674.09094	996.79541
674.14227	988.52686
674.19354	970.71906
674.24481	980.40643
674.29614	1003.778
674.34741	987.72888
674.39874	976.3374
674.45001	988.87616
674.50128	985.35492
674.55261	984.87799
674.60388	979.65076
674.65521	988.22711
674.70648	983.9978
674.75775	988.25671
674.80908	985.90387
674.86035	976.29083
674.91168	971.68878
674.96295	975.62891
675.01422	968.89484
675.06555	970.46448
675.11682	962.54767
675.16815	973.05103
675.21942	978.02795
675.27069	958.3681
675.32202	965.09314
675.37329	977.22784
675.42462	971.46088
675.47589	968.20044
675.52716	969.0224
675.57849	971.89954
675.62976	978.57294
675.68109	972.46631
675.73236	960.58411
675.78363	966.33484
675.83496	970.7771
675.88623	963.21356
675.93756	967.99774
675.98883	968.72699
676.0401	959.96857
676.09143	967.65405
676.1427	968.52191
676.19403	959.03809
676.2453	956.07776
676.29657	955.46661
676.3479	957.49963
676.39917	961.29559
676.4505	965.9472
676.50177	966.57275
676.55304	964.23804
676.60437	964.67041
676.65564	966.29156
676.70697	967.44611
676.75824	960.6687
676.80951	950.41095
676.86084	954.36108
676.91211	961.45428
676.96344	975.69226
677.01471	968.25366
677.06598	964.74329
677.11731	963.27539
677.16858	963.72009
677.21991	959.47412
677.27118	964.1568
677.32245	963.16028
677.37378	953.68915
677.42505	956.04199
677.47632	961.37494
677.52765	957.13892
677.57892	956.388
677.63025	964.93866
677.68152	958.33441
677.73279	958.1438
677.78412	955.16388
677.83539	956.42596
677.88672	961.16156
677.93799	952.65723
677.98926	953.59967
678.04059	944.03333
678.09186	944.53522
678.14319	948.479
678.19446	956.27277
678.24573	957.96283
678.29706	956.97443
678.34833	947.63751
678.39966	962.75391
678.45093	958.24194
678.5022	955.62726
678.55353	943.39911
678.6048	951.10571
678.65613	959.67242
678.7074	956.45117
678.75867	947.51099
678.81	941.99316
678.86127	951.87939
678.9126	950.58466
678.96387	948.90338
679.01514	953.8988
679.06647	953.83038
679.11774	958.03278
679.16907	952.3587
679.22034	959.54004
679.27161	940.79456
679.32294	947.64764
679.37421	951.98401
679.42554	942.66516
679.47681	948.78802
679.52808	946.11688
679.57941	947.03998
679.63068	946.71442
679.68201	942.15765
679.73328	944.35925
679.78455	949.99445
679.83588	949.08221
679.88715	949.72101
679.93848	941.30261
679.98975	949.78278
680.04102	939.32971
680.09235	955.95044
680.14362	948.03278
680.19495	946.04395
680.24622	939.09351
680.29749	940.03033
680.34882	958.69891
680.40009	929.78552
680.45135	940.68127
680.50269	941.04395
680.55396	943.91754
680.60529	944.9967
680.65656	949.77881
680.70782	957.56696
680.75916	944.02411
680.81042	943.97479
680.86176	940.35461
680.91302	948.30066
680.96429	945.39886
681.01563	942.32733
681.06689	951.04449
681.11823	941.3158
681.16949	950.71252
681.22076	947.63043
681.27209	937.40198
681.32336	941.27515
681.37469	944.64526
681.42596	951.93097
681.47723	944.49896
681.52856	941.3515
681.57983	938.5202
681.63116	923.81323
681.68243	947.67151
681.7337	934.03992
681.78503	946.4707
681.8363	932.92218
681.88763	949.27997
681.9389	962.8891
681.99017	943.50244
682.0415	934.88019
682.09277	937.19971
682.1441	943.52344
682.19537	944.27509
682.24664	943.28076
682.29797	946.1134
682.34924	940.9726
682.40057	945.08826
682.45184	928.32629
682.50311	932.46313
682.55444	940.48181
682.60571	945.71674
682.65704	943.41711
682.70831	934.83551
682.75958	952.112
682.81091	954.36688
682.86218	944.99957
682.91351	944.85455
682.96478	945.36011
683.01605	934.71814
683.06738	929.37158
683.11865	938.5506
683.16998	934.97272
683.22125	927.71332
683.27252	925.39301
683.32385	936.89349
683.37512	949.57825
683.42639	950.46985
683.47772	944.56274
683.52899	949.06439
683.58032	942.95233
683.63159	933.3009
683.68286	939.12665
683.73419	947.13788
683.78546	944.78156
683.83679	936.00342
683.88806	930.25861
683.93933	934.41058
683.99066	938.64905
684.04193	940.81415
684.09326	930.47052
684.14453	931.82959
684.1958	947.0365
684.24713	946.28882
684.2984	937.14398
684.34973	934.06079
684.401	935.70844
684.45227	939.23859
684.5036	936.74609
684.55487	935.73151
684.6062	942.2951
684.65747	939.771
684.70874	923.68604
684.76007	927.42596
684.81134	940.06281
684.86267	935.52484
684.91394	932.06207
684.96521	933.06348
685.01654	939.42944
685.06781	938.79181
685.11914	936.34381
685.17041	941.11536
685.22168	949.45721
685.27301	943.79651
685.32428	925.98486
685.37561	932.52643
685.42688	935.91425
685.47815	931.61981
685.52948	926.21362
685.58075	929.66229
685.63208	942.92914
685.68335	938.9491
685.73462	927.42816
685.78595	926.90131
685.83722	940.84186
685.88855	944.58258
685.93982	937.26227
685.99109	935.66992
686.04242	931.53094
686.09369	926.06842
686.14502	928.75684
686.19629	936.85919
686.24756	940.44568
686.29889	933.849
686.35016	929.70447
686.40149	936.2851
686.45276	946.21796
686.50403	936.14478
686.55536	926.03009
686.60663	928.18066
686.6579	932.35016
686.70923	922.73608
686.7605	922.67053
686.81183	931.09882
686.8631	931.31158
686.91437	931.65729
686.9657	920.52094
687.01697	920.13214
687.0683	929.18475
687.11957	932.88306
687.17084	937.40247
687.22217	950.16772
687.27344	932.40454
687.32477	923.65741
687.37604	934.22522
687.42731	927.05127
687.47864	934.27539
687.52991	932.599
687.58124	932.27002
687.63251	925.04669
687.68378	920.07245
687.73511	926.99591
687.78638	935.94958
687.83771	927.72314
687.88898	933.07629
687.94025	931.71582
687.99158	925.96411
688.04285	925.56848
688.09418	935.9375
688.14545	929.33545
688.19672	932.02094
688.24805	925.69647
688.29932	933.66254
688.35065	939.69073
688.40192	936.56226
688.45319	928.9671
688.50452	928.06055
688.55579	944.31195
688.60712	933.6651
688.65839	923.42505
688.70966	930.89929
688.76099	933.6416
688.81226	926.23682
688.86359	928.90796
688.91486	938.93268
688.96613	935.06219
689.01746	918.89441
689.06873	930.89362
689.12006	935.5531
689.17133	931.05902
689.2226	925.68872
689.27393	935.88776
689.3252	927.08246
689.37653	927.41852
689.4278	930.29828
689.47906	932.70441
689.5304	935.57483
689.58167	914.81281
689.63293	931.08392
689.68427	930.90881
689.73553	931.02655
689.78687	949.03766
689.83813	915.07263
689.8894	927.01215
689.94073	926.49646
689.992	932.14978
690.04333	931.49445
690.0946	908.56781
690.14587	933.62451
690.1972	942.29309
690.24847	927.08649
690.2998	927.00226
690.35107	925.69489
690.40234	940.73846
690.45367	931.24066
690.50494	935.9776
690.55627	932.39044
690.60754	944.74536
690.65881	928.10419
690.71014	929.13971
690.76141	933.01178
690.81274	924.11621
690.86401	929.08447
690.91528	925.09698
690.96661	932.04645
691.01788	936.05286
691.06921	928.19836
691.12048	927.10693
691.17175	938.83997
691.22308	941.04272
691.27435	929.41595
691.32568	913.59222
691.37695	926.60925
691.42822	942.49121
691.47955	924.88525
691.53082	933.64319
691.58215	933.14148
691.63342	945.41327
691.68469	938.53552
691.73602	931.50201
691.78729	928.28113
691.83862	931.83026
691.88989	932.09363
691.94116	922.82465
691.99249	923.01788
692.04376	925.85632
692.09509	930.57941
692.14636	937.87158
692.19763	917.60846
692.24896	929.66071
692.30023	931.82721
692.35156	925.75848
692.40283	921.36249
692.4541	929.97784
692.50543	923.8443
692.5567	928.34021
692.60803	938.68079
692.6593	927.91425
692.71057	937.48297
692.7619	929.68567
692.81317	925.89539
692.86444	929.64423
692.91577	928.55579
692.96704	933.09094
693.01837	936.00787
693.06964	929.58875
693.12091	930.82971
693.17224	929.12921
693.22351	928.15057
693.27484	934.5686
693.32611	940.99341
693.37738	933.83154
693.42871	927.62885
693.47998	932.83661
693.53131	930.8717
693.58258	930.82642
693.63385	925.20752
693.68518	928.1142
693.73645	927.15497
693.78778	927.15601
693.83905	927.65778
693.89032	932.90601
693.94165	931.89294
693.99292	927.8006
694.04425	931.22113
694.09552	927.07874
694.14679	931.41949
694.19812	926.79407
694.24939	934.57471
694.30072	927.76831
694.35199	931.677
694.40326	924.13251
694.45459	931.67859
694.50586	930.81604
694.55719	930.61023
694.60846	919.5896
694.65973	924.3772
694.71106	923.34015
694.76233	924.8606
694.81366	926.63977
694.86493	930.31903
694.9162	925.7262
694.96753	934.07965
695.0188	926.67157
695.07013	928.63464
695.1214	920.93219
695.17267	923.13831
695.224	927.74774
695.27527	926.86035
695.3266	935.01306
695.37787	921.52319
695.42914	930.95544
695.48047	933.19653
695.53174	930.29193
695.58307	934.81348
695.63434	929.30072
695.68561	939.84558
695.73694	926.30676
695.78821	923.28882
695.83948	925.82129
695.89081	934.37598
695.94208	932.62756
695.99341	932.09161
696.04468	937.56482
696.09595	923.01196
696.14728	921.27625
696.19855	930.16174
696.24988	943.79852
696.30115	927.43463
696.35242	936.97595
696.40375	932.75586
696.45502	935.94305
696.50635	936.60907
696.55762	931.78467
696.60889	928.61084
696.66022	926.45142
696.71149	925.60352
696.76282	925.5274
696.81409	939.27234
696.86536	938.6991
696.91669	935.34009
696.96796	926.80835
697.01929	928.10992
697.07056	927.03033
697.12183	933.6283
697.17316	930.20563
697.22443	936.05994
697.27576	935.48206
697.32703	931.58905
697.3783	940.19739
697.42963	941.27838
697.4809	930.29675
697.53223	945.46643
697.5835	936.68982
697.63477	925.99628
697.6861	927.55786
697.73737	932.42889
697.7887	934.63562
697.83997	929.69403
697.89124	927.24139
697.94257	929.43994
697.99384	922.2771
698.04517	924.28485
698.09644	934.85962
698.14771	942.64355
698.19904	949.02667
698.25031	934.78668
698.30164	932.13489
698.35291	944.44067
698.40417	928.711
698.45551	928.0556
698.50677	942.12958
698.55811	940.5257
698.60938	932.97028
698.66064	939.71844
698.71198	947.60675
698.76324	941.1358
698.81451	931.32953
698.86584	927.40668
698.91711	931.58521
698.96844	927.87402
699.01971	922.66791
699.07098	924.72638
699.12231	929.01917
699.17358	927.39392
699.22491	926.71478
699.27618	928.30298
699.32745	929.05939
699.37878	933.38226
699.43005	933.75885
699.48138	927.0387
699.53265	925.92493
699.58392	930.69507
699.63525	920.302
699.68652	925.96539
699.73785	933.90979
699.78912	929.58142
699.84039	917.41541
699.89172	916.98486
699.94299	928.20642
699.99432	930.51788
700.04559	927.08905
700.09686	922.43408
700.14819	935.07343
700.19946	927.12402
700.25079	921.23175
700.30206	921.38495
700.35333	923.24042
700.40466	923.6145
700.45593	926.78375
700.50726	929.33917
700.55853	938.06921
700.6098	946.7771
700.66113	936.20837
700.7124	919.03656
700.76373	920.23407
700.815	927.95343
700.86627	922.28369
700.9176	919.83386
700.96887	916.7113
701.0202	928.32434
701.07147	925.93109
701.12274	933.22412
701.17407	919.70654
701.22534	926.65942
701.27667	931.34174
701.32794	924.3858
701.37921	922.95435
701.43054	947.474
701.48181	939.02136
701.53314	922.82098
701.58441	918.22003
701.63568	918.45892
701.68701	931.46777
701.73828	916.29205
701.78961	923.84674
701.84088	926.99951
701.89215	922.45221
701.94348	923.39563
701.99475	933.43683
702.04602	921.03625
702.09735	928.90179
702.14862	920.44073
702.19995	920.53223
702.25122	922.71826
702.30249	928.73737
702.35382	909.6853
702.40509	918.2782
702.45642	911.60651
702.50769	923.4245
702.55896	923.40503
702.61029	917.44244
702.66156	916.42694
702.71289	930.19421
702.76416	916.72711
702.81543	926.1319
702.86676	926.40857
702.91803	938.88654
702.96936	934.63672
703.02063	913.57172
703.0719	924.63635
703.12323	920.72339
703.1745	910.17322
703.22583	916.77405
703.2771	923.80273
703.32837	926.20892
703.3797	922.76959
703.43097	926.87555
703.4823	926.48914
703.53357	929.92426
703.58484	921.5777
703.63617	924.74554
703.68744	920.16504
703.73877	924.54279
703.79004	934.78052
703.84131	939.7655
703.89264	930.23859
703.94391	935.06482
703.99524	920.55743
704.04651	914.87787
704.09778	920.09039
704.14911	935.18738
704.20038	920.56323
704.25171	918.75275
704.30298	930.49347
704.35425	922.28241
704.40558	922.47693
704.45685	924.89514
704.50818	922.2453
704.55945	928.2337
704.61072	918.164
704.66205	925.6485
704.71332	927.82751
704.76465	929.55243
704.81592	927.37286
704.86719	927.78247
704.91852	931.94812
704.96979	932.59454
705.02106	923.02795
705.07239	925.68848
705.12366	933.92731
705.17499	927.2489
705.22626	932.28876
705.27753	928.07166
705.32886	921.58044
705.38013	929.05396
705.43146	927.27991
705.48273	927.60547
705.534	926.65997
705.58533	929.19373
705.6366	920.96063
705.68793	915.9223
705.7392	918.81757
705.79047	922.16455
705.8418	919.53912
705.89307	918.5069
705.9444	923.5506
705.99567	929.29834
706.04694	927.66345
706.09827	922.28888
706.14954	927.92651
706.20087	931.50708
706.25214	929.09979
706.30341	922.52924
706.35474	930.71826
706.40601	931.8327
706.45734	917.4679
706.50861	918.94958
706.55988	924.69861
706.61121	925.85925
706.66248	929.37469
706.71381	926.4801
706.76508	927.98761
706.81635	925.46802
706.86768	922.32672
706.91895	925.72076
706.97028	923.22009
707.02155	921.22278
707.07281	924.16254
707.12415	924.30884
707.17542	924.09265
707.22675	932.42786
707.27802	937.27307
707.32928	929.70898
707.38062	922.20673
707.43188	924.01813
707.48322	924.85828
707.53448	920.10236
707.58575	921.44226
707.63708	923.01593
707.68835	925.5686
707.73969	931.03015
707.79095	926.18579
707.84222	928.25409
707.89355	923.21161
707.94482	922.98065
707.99615	920.94507
708.04742	928.30011
708.09869	929.71014
708.15002	922.27478
708.20129	922.91058
708.25256	926.95349
708.30389	924.98724
708.35516	923.85645
708.40649	918.63501
708.45776	925.59741
708.50903	927.40637
708.56036	922.83057
708.61163	921.48578
708.66296	919.43506
708.71423	926.47028
708.7655	924.28229
708.81683	921.90344
708.8681	926.13666
708.91943	915.92645
708.9707	915.52167
709.02197	923.18304
709.0733	929.56952
709.12457	932.56268
709.1759	930.29352
709.22717	925.94397
709.27844	920.12183
709.32977	919.85675
709.38104	920.9248
709.43237	925.10278
709.48364	920.37317
709.53491	916.32574
709.58624	919.15649
709.63751	918.43933
709.68884	924.50641
709.74011	920.44293
709.79138	924.66199
709.84271	921.59912
709.89398	919.43396
709.94531	930.04999
709.99658	921.89081
710.04785	920.30957
710.09918	920.49213
710.15045	935.08289
710.20178	932.73389
710.25305	922.95465
710.30432	926.90515
710.35565	925.08032
710.40692	920.23248
710.45825	921.22498
710.50952	923.27936
710.56079	929.91748
710.61212	927.35999
710.66339	916.78485
710.71472	914.79138
710.76599	915.10101
710.81726	928.68225
710.86859	926.28918
710.91986	929.3009
710.97119	936.63531
711.02246	917.46466
711.07373	921.24139
711.12506	922.27454
711.17633	915.85803
711.2276	922.40308
711.27893	907.39893
711.3302	933.02478
711.38153	921.4657
711.4328	927.43121
711.48407	932.5799
711.5354	925.84369
711.58667	922.52545
711.638	915.42969
711.68927	940.93207
711.74054	917.93018
711.79187	916.11908
711.84314	918.87811
711.89447	915.3689
711.94574	928.19226
711.99701	935.5434
712.04834	910.96997
712.09961	909.11267
712.15094	921.04266
712.20221	929.97919
712.25348	920.01953
712.30481	920.97925
712.35608	924.93781
712.40741	925.96613
712.45868	920.10059
712.50995	925.83087
712.56128	925.9751
712.61255	931.76794
712.66388	922.35461
712.71515	923.88287
712.76642	924.91895
712.81775	915.47571
712.86902	919.68396
712.92035	917.13818
712.97162	915.08478
713.02289	919.61304
713.07422	922.73444
713.12549	933.11664
713.17682	929.34717
713.22809	922.53455
713.27936	907.35822
713.33069	915.92078
713.38196	923.2594
713.43329	934.72095
713.48456	926.09467
713.53583	938.28448
713.58716	935.49957
713.63843	918.15564
713.68976	923.83173
713.74103	924.92224
713.7923	927.53015
713.84363	928.78357
713.8949	923.74646
713.94623	921.19666
713.9975	932.01477
714.04877	928.80933
714.1001	924.5238
714.15137	926.42792
714.2027	923.54938
714.25397	941.24701
714.30524	924.15436
714.35657	926.49835
714.40784	933.64758
714.45911	930.79974
714.51044	925.005
714.56171	929.55927
714.61304	928.46399
714.66431	927.07892
714.71558	920.49536
714.76691	925.23334
714.81818	926.87415
714.86951	919.00885
714.92078	920.0014
714.97205	922.42517
715.02338	915.10901
715.07465	923.6651
715.12598	919.95441
715.17725	925.49774
715.22852	933.17578
715.27985	932.5838
715.33112	926.58295
715.38245	921.85553
715.43372	922.33655
715.48499	917.65741
715.53632	917.31732
715.58759	922.24158
715.63892	917.26538
715.69019	925.72943
715.74146	925.49567
715.79279	930.30096
715.84406	933.54382
715.89539	926.71027
715.94666	915.32587
715.99792	922.38483
716.04926	923.31525
716.10052	930.87616
716.15186	930.65405
716.20313	926.74127
716.25439	924.43707
716.30573	925.85663
716.35699	926.12622
716.40833	925.8031
716.45959	926.47327
716.51086	929.47302
716.56219	926.80518
716.61346	928.76624
716.66479	920.26038
716.71606	927.2287
716.76733	914.2384
716.81866	916.09229
716.86993	925.3595
716.92126	926.78009
716.97253	924.22852
717.0238	929.74738
717.07513	921.78955
717.1264	920.41962
717.17773	922.521
717.229	916.18396
717.28027	917.70148
717.3316	917.69135
717.38287	921.25208
717.43414	922.93707
717.48547	924.16943
717.53674	919.74707
717.58807	922.91992
717.63934	920.03027
717.69061	917.69617
717.74194	923.26556
717.79321	928.07684
717.84454	918.70294
717.89581	912.46979
717.94708	912.5849
717.99841	917.44098
718.04968	914.3548
718.10101	915.49792
718.15228	925.77515
718.20355	919.12012
718.25488	924.03918
718.30615	925.33661
718.35748	922.65479
718.40875	920.16547
718.46002	913.0835
718.51135	919.80164
718.56262	923.48822
718.61395	925.50452
718.66522	922.27881
718.71649	916.75415
718.76782	923.98639
718.81909	927.61133
718.87042	924.65723
718.92169	924.20544
718.97296	919.57129
719.02429	922.82404
719.07556	921.58411
719.12689	917.70599
719.17816	929.17096
719.22943	924.24908
719.28076	915.64081
719.33203	923.58521
719.38336	931.11096
719.43463	929.30182
719.4859	918.88129
719.53723	917.9314
719.5885	922.23163
719.63983	914.49738
719.6911	910.01056
719.74237	918.26715
719.7937	926.04565
719.84497	928.11157
719.8963	924.05023
719.94757	920.9278
719.99884	920.4679
720.05017	916.18927
720.10144	915.63794
720.15277	920.53534
720.20404	922.65228
720.25531	916.31171
720.30664	920.31433
720.35791	926.32367
720.40918	925.48761
720.46051	928.76819
720.51178	935.02911
720.56311	935.80487
720.61438	921.34869
720.66565	912.37561
720.71698	918.85693
720.76825	923.08691
720.81958	923.32556
720.87085	919.41833
720.92212	919.38611
720.97345	921.22076
721.02472	927.39673
721.07605	930.58154
721.12732	924.11066
721.17859	914.2934
721.22992	921.5874
721.28119	921.58521
721.33252	920.04541
721.38379	919.49054
721.43506	923.71637
721.48639	927.46106
721.53766	925.33276
721.58899	923.26758
721.64026	931.6142
721.69153	926.19983
721.74286	918.64166
721.79413	913.44897
721.84546	928.80109
721.89673	928.48083
721.948	920.04132
721.99933	922.43823
722.0506	920.30353
722.10193	928.42389
722.1532	930.98047
722.20447	920.60339
722.2558	921.81702
722.30707	913.83002
722.3584	906.1825
722.40967	912.54584
722.46094	928.8924
722.51227	917.85962
722.56354	918.52771
722.61487	923.07367
722.66614	931.87726
722.71741	926.99353
722.76874	920.47253
722.82001	923.78058
722.87134	926.82825
722.92261	924.39294
722.97388	916.27289
723.02521	917.50153
723.07648	933.22272
723.12781	936.68213
723.17908	909.19995
723.23035	911.18408
723.28168	915.71649
723.33295	915.91309
723.38428	933.22418
723.43555	938.7406
723.48682	917.95367
723.53815	929.76935
723.58942	925.76593
723.64069	926.76172
723.69202	926.35693
723.74329	921.80585
723.79462	921.89386
723.84589	927.159
723.89716	915.37335
723.94849	924.67743
723.99976	913.12012
724.05109	912.12927
724.10236	918.66437
724.15363	916.98206
724.20496	917.6748
724.25623	919.32196
724.30756	926.86035
724.35883	918.74591
724.4101	922.91058
724.46143	916.70081
724.5127	924.4353
724.56403	933.46527
724.6153	924.19019
724.66656	920.50641
724.7179	914.09406
724.76917	923.1496
724.8205	924.71228
724.87177	922.42462
724.92303	922.6568
724.97437	923.88562
725.02563	925.88135
725.07697	925.80615
725.12823	919.0451
725.1795	912.82825
725.23083	908.75372
725.2821	914.51904
725.33344	923.05688
725.3847	935.88702
725.43597	924.27039
725.4873	926.96539
725.53857	927.32269
725.5899	932.68665
725.64117	925.54486
725.69244	924.06537
725.74377	928.0899
725.79504	918.96967
725.84637	916.56146
725.89764	919.27271
725.94891	936.51031
726.00024	913.37415
726.05151	915.75647
726.10284	923.39197
726.15411	918.30505
726.20538	927.45221
726.25671	916.71521
726.30798	921.02112
726.35931	918.39246
726.41058	930.03491
726.46185	923.41833
726.51318	918.79303
726.56445	916.16449
726.61572	913.6955
726.66705	911.60956
726.71832	933.9032
726.76965	927.87653
726.82092	928.91949
726.87219	922.68774
726.92352	923.28516
726.97479	920.76239
727.02612	929.74835
727.07739	917.49707
727.12866	916.96881
727.17999	912.3429
727.23126	921.48529
727.28259	917.48285
727.33386	921.12152
727.38513	934.00488
727.43646	924.87238
727.48773	911.98615
727.53906	913.98254
727.59033	931.8797
727.6416	923.04126
727.69293	918.17694
727.7442	927.98657
727.79553	926.13977
727.8468	924.67883
727.89807	920.83484
727.9494	918.89014
728.00067	919.73694
728.052	906.46753
728.10327	912.69049
728.15454	912.50525
728.20587	929.96313
728.25714	921.69696
728.30847	919.41785
728.35974	926.83917
728.41101	927.43127
728.46234	911.52429
728.51361	918.70465
728.56494	919.2785
728.61621	942.05396
728.66748	927.71112
728.71881	923.30591
728.77008	918.32648
728.82141	925.24811
728.87268	925.11255
728.92395	923.5816
728.97528	920.68762
729.02655	929.97931
729.07788	927.84943
729.12915	923.18121
729.18042	911.27356
729.23175	925.86414
729.28302	928.20874
729.33435	915.60498
729.38562	924.97339
729.43689	924.08856
729.48822	928.61542
729.53949	917.82867
729.59082	920.38574
729.64209	909.14948
729.69336	921.76398
729.74469	912.64325
729.79596	923.44244
729.84723	926.38483
729.89856	931.6731
729.94983	905.5481
730.00116	907.96301
730.05243	908.38562
730.1037	924.38788
730.15503	918.41632
730.2063	920.8656
730.25763	924.94592
730.3089	914.6217
730.36017	911.52667
730.4115	923.51581
730.46277	933.62036
730.5141	927.7406
730.56537	914.63818
730.61664	903.03741
730.66797	912.2196
730.71924	927.86176
730.77057	917.69952
730.82184	922.58667
730.87311	925.41125
730.92444	919.15399
730.97571	918.8335
731.02704	916.67609
731.07831	921.25183
731.12958	923.0907
731.18091	929.57697
731.23218	916.86578
731.28351	922.21039
731.33478	914.54926
731.38605	917.10638
731.43738	910.68353
731.48865	931.18225
731.53998	914.22821
731.59125	917.24799
731.64252	934.49805
731.69385	920.62408
731.74512	923.19366
731.79645	908.12549
731.84772	925.31329
731.89899	918.51154
731.95032	922.60657
732.00159	926.50555
732.05292	921.20294
732.10419	922.20099
732.15546	922.99988
732.20679	923.17975
732.25806	932.60022
732.30939	926.52051
732.36066	912.28693
732.41193	914.38141
732.46326	917.38013
732.51453	919.10565
732.56586	909.58954
732.61713	905.86676
732.6684	913.17395
732.71973	913.58215
732.771	909.55988
732.82227	913.87305
732.8736	913.43127
732.92487	925.86865
732.9762	923.66907
733.02747	920.45068
733.07874	924.15576
733.13007	924.36572
733.18134	917.75934
733.23267	914.85394
733.28394	913.24609
733.33521	917.00903
733.38654	932.47986
733.43781	910.72406
733.48914	924.95721
733.54041	915.53119
733.59167	920.13397
733.64301	920.03564
733.69427	912.11987
733.74561	921.03241
733.79688	912.12549
733.84814	912.01837
733.89948	903.92853
733.95074	912.51996
734.00208	916.91559
734.05334	916.1153
734.10461	918.23163
734.15594	929.11145
734.20721	928.58746
734.25854	916.92181
734.30981	923.26257
734.36108	908.72015
734.41241	914.79138
734.46368	913.51459
734.51501	918.4104
734.56628	921.99109
734.61755	920.51624
734.66888	908.40918
734.72015	914.53149
734.77148	934.7027
734.82275	923.01721
734.87402	915.40283
734.92535	918.22736
734.97662	912.72479
735.02795	917.98981
735.07922	910.07764
735.13049	910.85596
735.18182	910.84668
735.23309	916.40936
735.28442	904.84973
735.33569	914.75165
735.38696	933.47406
735.43829	906.85394
735.48956	914.85553
735.54089	920.81073
735.59216	912.63019
735.64343	917.02478
735.69476	910.17328
735.74603	913.10608
735.7973	923.34296
735.84863	932.992
735.8999	922.8587
735.95123	902.30505
736.0025	919.56598
736.05377	917.04541
736.1051	917.43732
736.15637	915.01697
736.2077	923.04114
736.25897	922.30511
736.31024	911.16168
736.36157	914.03546
736.41284	922.54095
736.46417	924.11353
736.51544	906.94269
736.56671	920.38947
736.61804	917.54712
736.66931	920.98682
736.72064	912.67365
736.77191	900.00708
736.82318	914.2887
736.87451	916.61926
736.92578	915.15521
736.97711	916.07092
737.02838	911.42871
737.07965	914.74115
737.13098	914.01544
737.18225	915.29254
737.23358	918.71271
737.28485	922.16974
737.33612	912.86328
737.38745	921.02173
737.43872	931.98511
737.49005	919.69305
737.54132	912.71155
737.59259	912.29999
737.64392	918.42236
737.69519	935.84753
737.74652	919.30145
737.79779	921.99896
737.84906	920.54974
737.90039	909.69781
737.95166	920.46417
738.00299	922.73999
738.05426	917.78473
738.10553	922.67395
738.15686	924.39984
738.20813	936.36981
738.25946	929.47693
738.31073	929.86481
738.362	914.82141
738.41333	914.48608
738.4646	913.82593
738.51593	919.15381
738.5672	919.44971
738.61847	912.98193
738.6698	913.46075
738.72107	911.97949
738.7724	913.50629
738.82367	916.09094
738.87494	914.94537
738.92627	922.46149
738.97754	912.51892
739.02881	916.52325
739.08014	919.4201
739.13141	915.55463
739.18274	908.02539
739.23401	919.47791
739.28528	925.63971
739.33661	919.81927
739.38788	913.84174
739.43921	908.69891
739.49048	918.80621
739.54175	911.16296
739.59308	910.98169
739.64435	908.99542
739.69568	924.98352
739.74695	914.29834
739.79822	921.70856
739.84955	917.99677
739.90082	920.63794
739.95215	907.85553
740.00342	909.98499
740.05469	912.42828
740.10602	918.14233
740.15729	927.93768
740.20862	911.60614
740.25989	911.71692
740.31116	917.38141
740.36249	920.57672
740.41376	918.53296
740.46509	915.51801
740.51636	913.74866
740.56763	908.10687
740.61896	913.72491
740.67023	916.95593
740.72156	915.44049
740.77283	907.71674
740.8241	908.68335
740.87543	912.13171
740.9267	915.24799
740.97803	918.38824
741.0293	916.57269
741.08057	912.8858
741.1319	914.32959
741.18317	917.89081
741.2345	910.01154
741.28577	914.11145
741.33704	918.51819
741.38837	918.44104
741.43964	915.16888
741.49097	916.25378
741.54224	918.9574
741.59351	920.58069
741.64484	919.65979
741.69611	919.42236
741.74744	913.01581
741.79871	919.17102
741.84998	922.44037
741.90131	915.66376
741.95258	916.53308
742.00385	914.99731
742.05518	916.93945
742.10645	916.63763
742.15778	915.89874
742.20905	916.81976
742.26031	915.04163
742.31165	917.47461
742.36292	920.33124
742.41425	911.48138
742.46552	916.1322
742.51678	922.70911
742.56812	919.00281
742.61938	913.15991
742.67072	912.08063
742.72198	915.0672
742.77325	913.22894
742.82458	911.6795
742.87585	911.97314
742.92719	921.0061
742.97845	924.20721
743.02972	916.67413
743.08105	915.79651
743.13232	917.10736
743.18365	916.12354
743.23492	918.42688
743.28619	922.37671
743.33752	915.47485
743.38879	911.81134
743.44012	911.19537
743.49139	907.63263
743.54266	914.29346
743.59399	920.72827
743.64526	916.41107
743.69659	911.85107
743.74786	912.43976
743.79913	914.52771
743.85046	918.11249
743.90173	912.71375
743.95306	910.73181
744.00433	914.44708
744.0556	914.19159
744.10693	918.31073
744.1582	915.51074
744.20953	912.14941
744.2608	920.0481
744.31207	920.31665
744.3634	913.90723
744.41467	913.29321
744.466	908.82831
744.51727	908.08453
744.56854	915.36389
744.61987	920.54718
744.67114	922.33167
744.72247	922.98053
744.77374	923.3092
744.82501	922.17664
744.87634	917.77686
744.92761	905.07745
744.97894	910.0603
745.03021	914.23779
745.08148	915.62341
745.13281	916.21442
745.18408	915.64227
745.23535	907.29303
745.28668	905.47528
745.33795	915.55774
745.38928	920.70306
745.44055	919.23956
745.49182	909.22784
745.54315	912.15179
745.59442	920.11237
745.64575	918.23364
745.69702	911.23022
745.74829	911.44897
745.79962	917.27307
745.85089	920.04211
745.90222	911.69006
745.95349	906.67395
746.00476	911.88629
746.05609	922.86115
746.10736	923.21881
746.15869	918.30853
746.20996	927.7417
746.26123	918.88568
746.31256	920.02795
746.36383	921.81183
746.41516	914.59564
746.46643	917.26459
746.5177	917.55347
746.56903	913.56927
746.6203	913.2403
746.67163	909.89398
746.7229	913.82281
746.77417	919.93274
746.8255	914.26758
746.87677	913.76489
746.9281	915.40753
746.97937	911.25873
747.03064	920.65857
747.08197	918.36334
747.13324	920.44464
747.18457	912.85199
747.23584	915.60474
747.28711	922.14813
747.33844	917.69653
747.38971	908.54083
747.44104	911.84375
747.49231	909.27905
747.54358	917.46338
747.59491	910.0603
747.64618	908.43414
747.69751	914.52087
747.74878	912.08209
747.80005	909.51202
747.85138	913.79742
747.90265	915.47565
747.95398	917.27972
748.00525	912.72931
748.05652	917.22888
748.10785	918.51611
748.15912	921.41931
748.21039	911.92938
748.26172	918.56866
748.31299	919.16162
748.36432	913.69775
748.41559	911.80145
748.46686	916.31091
748.51819	921.00171
748.56946	918.3999
748.62079	913.57806
748.67206	927.22363
748.72333	925.47369
748.77466	924.72186
748.82593	924.71777
748.87726	924.46698
748.92853	923.21997
748.9798	919.27441
749.03113	912.66925
749.0824	914.49591
749.13373	910.93085
749.185	910.50665
749.23627	908.56195
749.2876	916.08234
749.33887	919.98035
749.3902	916.52197
749.44147	913.58057
749.49274	915.98138
749.54407	913.659
749.59534	914.54877
749.64667	917.65057
749.69794	922.28473
749.74921	932.94891
749.80054	914.59393
749.85181	922.71558
749.90314	922.98401
749.95441	910.26379
750.00568	914.31586
750.05701	919.56726
750.10828	915.4046
750.15961	917.30359
750.21088	923.7019
750.26215	912.47119
750.31348	925.3656
750.36475	916.99408
750.41608	916.98639
750.46735	913.16382
750.51862	921.20892
750.56995	913.72693
750.62122	918.10986
750.67255	901.88281
750.72382	910.79712
750.77509	910.22375
750.82642	918.34607
750.87769	906.23987
750.92902	913.54572
750.98029	912.98608
751.03156	909.61993
751.08289	905.35059
751.13416	908.14569
751.18549	925.06445
751.23676	925.02545
751.28802	914.22632
751.33936	917.51215
751.39063	915.40948
751.44189	906.02563
751.49323	908.84399
751.54449	913.41138
751.59583	925.61444
751.64709	916.31812
751.69836	914.97876
751.74969	912.14594
751.80096	911.46777
751.85229	915.15295
751.90356	911.23596
751.95483	923.83954
752.00616	915.13495
752.05743	915.5282
752.10876	925.65472
752.16003	922.23584
752.2113	923.45282
752.26263	909.14752
752.3139	917.96796
752.36523	916.81512
752.4165	922.27911
752.46777	910.57129
752.5191	911.7171
752.57037	913.26141
752.6217	912.25806
752.67297	910.81329
752.72424	907.98566
752.77557	913.14655
752.82684	922.5188
752.87817	916.37433
752.92944	911.96234
752.98071	920.10046
753.03204	912.65607
753.08331	914.08844
753.13464	913.34375
753.18591	917.69232
753.23718	907.35687
753.28851	908.17847
753.33978	913.62195
753.39111	915.47931
753.44238	916.20581
753.49365	915.20239
753.54498	915.12878
753.59625	920.19537
753.64758	919.06049
753.69885	916.66559
753.75012	912.83478
753.80145	916.82776
753.85272	919.53522
753.90405	914.30231
753.95532	916.0777
754.00659	927.66193
754.05792	922.53564
754.10919	915.03632
754.16052	900.89655
754.21179	913.38879
754.26306	920.16644
754.31439	912.63867
754.36566	914.03894
754.41693	907.33173
754.46826	921.16608
754.51953	913.49286
754.57086	914.40991
754.62213	910.14716
754.6734	922.22894
754.72473	908.17651
754.776	914.87701
754.82733	912.46124
754.8786	914.57233
754.92987	916.17572
754.9812	909.25043
755.03247	916.52264
755.0838	912.01007
755.13507	918.3158
755.18634	917.94934
755.23767	910.33789
755.28894	925.15112
755.34027	908.84735
755.39154	908.75153
755.44281	926.84137
755.49414	908.95294
755.54541	914.94647
755.59674	912.17188
755.64801	905.26538
755.69928	914.37512
755.75061	915.16797
755.80188	908.79126
755.85321	921.05396
755.90448	911.92206
755.95575	911.32959
756.00708	919.72723
756.05835	909.1994
756.10968	917.90649
756.16095	915.36804
756.21222	908.03918
756.26355	900.60339
756.31482	912.25598
756.36615	905.73975
756.41742	910.03796
756.46869	902.68591
756.52002	915.66583
756.57129	912.93207
756.62262	919.65839
756.67389	915.65277
756.72516	911.23047
756.77649	904.38385
756.82776	908.21692
756.87909	917.95374
756.93036	915.90356
756.98163	907.52045
757.03296	919.73315
757.08423	917.35651
757.13556	919.72552
757.18683	916.51123
757.2381	912.0296
757.28943	912.33868
757.3407	913.86908
757.39197	905.47491
757.4433	917.69897
757.49457	915.21851
757.5459	916.58685
757.59717	912.16248
757.64844	906.24542
757.69977	916.78259
757.75104	915.19763
757.80237	915.20947
757.85364	902.07562
757.90491	919.86975
757.95624	919.39343
758.00751	921.70605
758.05884	912.01764
758.11011	919.89966
758.16138	911.37506
758.21271	915.69
758.26398	921.73322
758.31531	919.08789
758.36658	910.86694
758.41785	903.42328
758.46918	914.64587
758.52045	905.64288
758.57178	918.51831
758.62305	906.59167
758.67432	904.66534
758.72565	911.88068
758.77692	918.81805
758.82825	909.24536
758.87952	904.88086
758.93079	913.55103
758.98212	918.77649
759.03339	916.23676
759.08472	903.53973
759.13599	908.76367
759.18726	909.09283
759.23859	918.6427
759.28986	915.96509
759.34119	909.42029
759.39246	914.07941
759.44373	915.96265
759.49506	916.04712
759.54633	911.90082
759.59766	925.65308
759.64893	909.4093
759.7002	914.75519
759.75153	920.54425
759.8028	909.65173
759.85413	901.05023
759.9054	904.5777
759.95667	917.33429
760.008	913.09082
760.05927	909.46722
760.1106	921.31543
760.16187	917.06256
760.21313	911.90802
760.26447	911.80402
760.31573	906.12775
760.36707	916.01996
760.41833	917.0274
760.4696	912.26178
760.52094	916.38483
760.5722	919.24158
760.62347	908.75256
760.6748	909.25726
760.72607	913.89349
760.7774	921.9967
760.82867	922.43756
760.87994	913.08014
760.93127	908.72748
760.98254	910.03717
761.03387	917.65582
761.08514	911.11505
761.13641	913.30908
761.18774	911.51337
761.23901	915.61444
761.29034	909.65326
761.34161	916.24219
761.39288	917.47223
761.44421	904.5199
761.49548	909.40186
761.54681	909.51263
761.59808	919.39795
761.64935	910.38788
761.70068	903.95874
761.75195	912.38171
761.80328	914.91705
761.85455	906.11603
761.90582	915.53015
761.95715	919.6037
762.00842	913.63934
762.05975	913.93652
762.11102	916.23553
762.16229	919.32312
762.21362	917.31598
762.26489	913.46307
762.31622	904.41187
762.36749	918.36127
762.41876	913.0238
762.47009	917.43707
762.52136	902.83313
762.57269	914.43286
762.62396	914.07501
762.67523	914.45935
762.72656	902.92401
762.77783	900.7359
762.82916	907.40363
762.88043	910.22589
762.9317	904.06909
762.98303	907.92035
763.0343	912.32513
763.08563	904.99603
763.1369	919.81006
763.18817	910.67096
763.2395	907.41882
763.29077	912.24438
763.3421	914.28296
763.39337	910.68414
763.44464	920.88489
763.49597	917.76093
763.54724	898.34991
763.59851	908.177
763.64984	916.06531
763.70111	915.87665
763.75244	906.00958
763.80371	913.25555
763.85498	917.06494
763.90631	916.39746
763.95758	903.28528
764.00891	906.00806
764.06018	921.06525
764.11145	920.67657
764.16278	910.26331
764.21405	914.87091
764.26538	919.8446
764.31665	915.19507
764.36792	908.30664
764.41925	918.776
764.47052	925.98358
764.52185	906.06525
764.57312	911.18781
764.62439	918.00397
764.67572	909.73114
764.72699	923.89679
764.77832	917.09973
764.82959	912.84949
764.88086	911.5163
764.93219	901.17633
764.98346	904.9057
765.03479	920.84607
765.08606	920.55695
765.13733	914.38336
765.18866	912.52203
765.23993	906.375
765.29126	908.72552
765.34253	915.41809
765.3938	912.84003
765.44513	916.28198
765.4964	918.96411
765.54773	910.54407
765.599	918.57288
765.65027	921.10577
765.7016	917.586
765.75287	916.07886
765.8042	908.57159
765.85547	908.87445
765.90674	915.29395
765.95807	909.21649
766.00934	904.99158
766.06067	918.0462
766.11194	914.93109
766.16321	910.42871
766.21454	915.224
766.26581	913.09949
766.31714	913.65997
766.36841	910.10217
766.41968	911.45142
766.47101	909.55157
766.52228	911.94409
766.57361	914.57977
766.62488	907.42639
766.67615	902.25385
766.72748	910.40875
766.77875	915.36047
766.83002	908.82764
766.88135	909.65466
766.93262	911.48206
766.98395	915.06641
767.03522	906.12585
767.08649	911.83893
767.13782	916.87848
767.18909	909.82715
767.24042	909.05341
767.29169	908.23627
767.34296	915.95508
767.39429	910.99756
767.44556	908.41003
767.49689	911.91449
767.54816	906.94165
767.59943	905.40894
767.65076	912.82813
767.70203	913.19196
767.75336	910.1803
767.80463	908.16516
767.8559	907.82672
767.90723	909.17444
767.9585	912.13635
768.00983	909.80762
768.0611	912.2334
768.11237	913.99615
768.1637	907.5285
768.21497	910.83282
768.2663	912.83276
768.31757	910.57178
768.36884	909.4776
768.42017	916.23401
768.47144	908.93536
768.52277	905.10645
768.57404	909.50677
768.62531	913.7757
768.67664	906.97784
768.72791	905.8385
768.77924	909.34467
768.83051	913.0813
768.88177	908.11365
768.93311	905.44775
768.98438	909.81403
769.03571	902.28516
769.08698	904.19653
769.13824	909.84442
769.18958	912.24298
769.24084	911.24841
769.29218	908.65265
769.34344	913.46588
769.39471	913.77686
769.44604	912.31195
769.49731	908.76672
769.54865	902.00684
769.59991	909.01831
769.65118	912.79761
769.70251	911.66132
769.75378	908.54504
769.80505	912.99878
769.85638	907.70337
769.90765	903.82574
769.95898	905.35248
770.01025	911.86322
770.06152	910.77026
770.11285	905.75171
770.16412	909.24121
770.21545	921.47443
770.26672	911.54443
770.31799	898.89233
770.36932	907.33313
770.42059	910.33746
770.47192	909.15735
770.52319	911.55652
770.57446	913.70251
770.62579	907.9873
770.67706	905.0246
770.72839	912.03168
770.77966	915.17224
770.83093	909.3725
770.88226	908.9621
770.93353	908.87195
770.98486	910.41144
771.03613	907.91522
771.0874	910.39001
771.13873	909.36243
771.19	908.95013
771.24133	917.44727
771.2926	919.85602
771.34387	911.66901
771.3952	909.01245
771.44647	911.30579
771.4978	908.2912
771.54907	906.85889
771.60034	910.03625
771.65167	912.31732
771.70294	905.41455
771.75427	901.46039
771.80554	904.46655
771.85681	905.83368
771.90814	906.37805
771.95941	909.58594
772.01074	907.37689
772.06201	907.16711
772.11328	906.44122
772.16461	908.89612
772.21588	908.25903
772.26721	910.51709
772.31848	907.32007
772.36975	909.30475
772.42108	916.53192
772.47235	915.44397
772.52368	910.8407
772.57495	911.14001
772.62622	915.74384
772.67755	909.99017
772.72882	904.16083
772.78009	911.0108
772.83142	910.28223
772.88269	907.97241
772.93402	910.59027
772.98529	908.03204
773.03656	904.49353
773.08789	910.60944
773.13916	917.24384
773.19049	908.61188
773.24176	910.34833
773.29303	915.35516
773.34436	908.64349
773.39563	908.58295
773.44696	904.20856
773.49823	905.26892
773.5495	907.03882
773.60083	911.31433
773.6521	913.68689
773.70343	919.02185
773.7547	911.61853
773.80597	912.74316
773.8573	918.38354
773.90857	914.89447
773.9599	909.23517
774.01117	903.52136
774.06244	909.96442
774.11377	919.21936
774.16504	905.53693
774.21637	906.37988
774.26764	906.80743
774.31891	905.63226
774.37024	910.63568
774.42151	909.03094
774.47284	906.89746
774.52411	914.60541
774.57538	914.68964
774.62671	896.00067
774.67798	910.98578
774.72931	911.18469
774.78058	913.06726
774.83185	914.59027
774.88318	910.06476
774.93445	922.20306
774.98578	911.36786
775.03705	905.04437
775.08832	913.79272
775.13965	913.47437
775.19092	907.12384
775.24225	905.55676
775.29352	915.75543
775.34479	909.88074
775.39612	910.71118
775.44739	906.76495
775.49872	906.33563
775.54999	902.51184
775.60126	916.87939
775.65259	917.27502
775.70386	909.17395
775.75519	913.25598
775.80646	901.32294
775.85773	905.961
775.90906	901.67578
775.96033	908.86212
776.0116	907.1319
776.06293	900.57794
776.1142	903.72833
776.16553	921.55444
776.2168	912.46649
776.26807	910.47278
776.3194	906.13867
776.37067	904.5943
776.422	906.20856
776.47327	916.99426
776.52454	906.98267
776.57587	910.77179
776.62714	903.41949
776.67847	909.604
776.72974	915.83313
776.78101	903.77869
776.83234	902.42664
776.88361	905.16119
776.93494	907.25244
776.98621	914.7832
777.03748	907.08289
777.08881	909.19684
777.14008	909.40149
777.19141	906.5816
777.24268	906.39313
777.29395	908.28467
777.34528	909.33667
777.39655	902.68842
777.44788	894.68665
777.49915	899.19873
777.55042	899.36792
777.60175	911.0589
777.65302	914.29559
777.70435	907.4679
777.75562	913.27911
777.80688	903.42639
777.85822	891.37506
777.90948	904.34406
777.96082	908.40057
778.01208	918.24463
778.06335	910.15076
778.11469	899.58167
778.16595	912.41388
778.21729	916.04962
778.26855	907.10876
778.31982	901.69104
778.37115	911.04443
778.42242	905.67999
778.47375	912.66791
778.52502	902.03314
778.57629	913.59662
778.62762	903.3465
778.67889	904.49097
778.73022	907.11945
778.78149	905.59174
778.83276	908.49561
778.88409	900.98309
778.93536	908.54163
778.98663	912.14899
779.03796	918.1441
779.08923	899.80115
779.14056	897.26776
779.19183	905.7124
779.2431	909.22949
779.29443	909.22522
779.3457	910.16095
779.39703	914.82324
779.4483	906.35632
779.49957	907.3573
779.5509	909.74536
779.60217	917.245
779.6535	912.68616
779.70477	914.51691
779.75604	912.75305
779.80737	919.10809
779.85864	912.52081
779.90997	908.19147
779.96124	918.26379
780.01251	908.55511
780.06384	916.32343
780.11511	909.15814
780.16644	909.79834
780.21771	912.8092
780.26898	914.02478
780.32031	910.1413
780.37158	906.38245
780.42291	898.21173
780.47418	910.63837
780.52545	910.37677
780.57678	911.56323
780.62805	905.94293
780.67938	911.37817
780.73065	912.10779
780.78192	910.71985
780.83325	905.12531
780.88452	903.5423
780.93585	910.33588
780.98712	904.89569
781.03839	906.32513
781.08972	913.92029
781.14099	906.56573
781.19232	901.07001
781.24359	904.95471
781.29486	908.12164
781.34619	898.39197
781.39746	904.83765
781.44879	915.70276
781.50006	912.5838
781.55133	911.25201
781.60266	914.50183
781.65393	910.03229
781.70526	908.53754
781.75653	906.02386
781.8078	906.01959
781.85913	908.35291
781.9104	909.24744
781.96173	907.81104
782.013	912.40948
782.06427	914.23407
782.1156	910.98969
782.16687	901.03046
782.21814	899.55884
782.26947	903.41595
782.32074	910.12793
782.37207	915.74811
782.42334	912.06726
782.47461	907.77106
782.52594	910.43011
782.57721	914.68079
782.62854	906.21997
782.67981	903.34369
782.73108	902.54932
782.78241	902.86646
782.83368	907.43243
782.88501	911.94702
782.93628	910.34143
782.98755	906.97772
783.03888	908.91895
783.09015	912.59229
783.14148	915.91052
783.19275	906.77594
783.24402	908.133
783.29535	920.28833
783.34662	912.24463
783.39795	907.37372
783.44922	908.61957
783.50049	909.17004
783.55182	906.82977
783.60309	908.54437
783.65442	914.22815
783.70569	915.86438
783.75696	909.23694
783.80829	902.42371
783.85956	910.05927
783.91089	916.46735
783.96216	911.83319
784.01343	906.31122
784.06476	901.6449
784.11603	912.7204
784.16736	912.02472
784.21863	914.38458
784.2699	911.85425
784.32123	910.81897
784.3725	913.15869
784.42383	906.99701
784.4751	909.97992
784.52637	916.26019
784.5777	916.39502
784.62897	909.43921
784.6803	911.05658
784.73157	914.2157
784.78284	912.6051
784.83417	911.77203
784.88544	904.40155
784.93677	912.91016
784.98804	913.01617
785.03931	912.51007
785.09064	909.70593
785.14191	915.65668
785.19318	916.96844
785.24451	908.15106
785.29578	910.45715
785.34711	902.20685
785.39838	913.32715
785.44965	915.11053
785.50098	917.96472
785.55225	911.349
785.60358	917.13165
785.65485	913.71783
785.70612	906.83722
785.75745	909.07306
785.80872	913.09467
785.86005	912.83112
785.91132	914.41101
785.96259	920.76953
786.01392	914.66412
786.06519	911.02271
786.11652	911.55762
786.16779	919.73608
786.21906	908.01013
786.27039	903.92474
786.32166	916.48004
786.37299	909.34045
786.42426	905.85406
786.47552	906.57355
786.52686	907.57593
786.57813	909.52917
786.62946	906.75604
786.68073	909.50958
786.73199	905.73962
786.78333	915.3703
786.83459	908.70892
786.88593	915.37579
786.93719	907.89594
786.98846	907.70361
787.03979	905.93286
787.09106	909.30646
787.1424	913.80591
787.19366	912.0766
787.24493	912.09698
787.29626	908.68268
787.34753	910.77258
787.39886	905.3764
787.45013	905.68378
787.5014	913.52527
787.55273	920.04486
787.604	915.50415
787.65533	910.93634
787.7066	908.58368
787.75787	914.32782
787.8092	911.09167
787.86047	912.04272
787.9118	919.3941
787.96307	915.58441
788.01434	913.54706
788.06567	916.50049
788.11694	907.47522
788.16827	911.09863
788.21954	910.05389
788.27081	907.2674
788.32214	911.41223
788.37341	913.06915
788.42468	917.60223
788.47601	909.04608
788.52728	910.91327
788.57861	908.97894
788.62988	915.9209
788.68115	911.51495
788.73248	912.12799
788.78375	913.88348
788.83508	915.02136
788.88635	906.42993
788.93762	910.98871
788.98895	916.22131
789.04022	908.50989
789.09155	912.77222
789.14282	922.56946
789.19409	917.62714
789.24542	917.81506
789.29669	914.80255
789.34802	914.28711
789.39929	918.09674
789.45056	918.41724
789.50189	909.19348
789.55316	910.58875
789.60449	917.52759
789.65576	914.92908
789.70703	910.08557
789.75836	917.52917
789.80963	916.38947
789.86096	910.42511
789.91223	907.49402
789.9635	917.4267
790.01483	917.05927
790.0661	922.09088
790.11743	918.06213
790.1687	915.47595
790.21997	918.87897
790.2713	915.46155
790.32257	919.00848
790.3739	920.41907
790.42517	919.20807
790.47644	914.48969
790.52777	909.67206
790.57904	911.52234
790.63037	914.03638
790.68164	916.53882
790.73291	917.02014
790.78424	916.3941
790.83551	912.80103
790.88684	917.52509
790.93811	921.22723
790.98938	925.86725
791.04071	922.3797
791.09198	916.86768
791.14331	916.06226
791.19458	919.53009
791.24585	911.59326
791.29718	913.63983
791.34845	910.00641
791.39972	922.93134
791.45105	917.43872
791.50232	914.66791
791.55365	915.67255
791.60492	921.06342
791.65619	912.94861
791.70752	914.28729
791.75879	909.7041
791.81012	909.76233
791.86139	914.96924
791.91266	910.32294
791.96399	918.39856
792.01526	915.31317
792.06659	910.37219
792.11786	907.90253
792.16913	907.44318
792.22046	921.42383
792.27173	919.9798
792.32306	917.65033
792.37433	918.9978
792.4256	917.06506
792.47693	917.21185
792.5282	912.66315
792.57953	907.44269
792.6308	910.39734
792.68207	915.40808
792.7334	917.20758
792.78467	923.83911
792.836	916.5166
792.88727	920.06567
792.93854	911.63361
792.98987	919.99445
793.04114	916.65875
793.09247	909.63678
793.14374	910.02332
793.19501	914.50415
793.24634	913.71155
793.29761	913.36615
793.34894	923.37988
793.40021	922.00861
793.45148	913.80017
793.50281	914.03644
793.55408	916.0387
793.60541	912.10571
793.65668	922.40118
793.70795	925.19165
793.75928	924.47815
793.81055	903.7074
793.86188	911.53595
793.91315	910.72894
793.96442	916.39581
794.01575	913.83405
794.06702	917.68164
794.11835	916.55707
794.16962	926.85864
794.22089	924.77429
794.27222	911.90857
794.32349	919.17523
794.37476	918.51093
794.42609	925.43811
794.47736	920.00995
794.52869	919.28198
794.57996	917.474
794.63123	904.58868
794.68256	925.0907
794.73383	928.17999
794.78516	911.797
794.83643	915.76727
794.8877	913.49579
794.93903	917.87115
794.9903	926.58716
795.04163	914.22321
795.0929	915.1098
795.14417	925.53668
795.1955	916.84705
795.24677	913.40747
795.2981	915.12085
795.34937	920.91809
795.40063	915.51306
795.45197	918.08221
795.50323	921.09052
795.55457	928.90259
795.60583	913.78125
795.6571	920.94135
795.70844	919.25934
795.7597	921.14575
795.81104	909.47235
795.8623	909.19086
795.91357	914.10608
795.9649	917.14362
796.01617	908.26465
796.0675	914.13794
796.11877	913.17688
796.17004	908.17114
796.22137	911.20905
796.27264	924.09509
796.32397	913.08789
796.37524	906.18188
796.42651	908.2207
796.47784	912.24866
796.52911	917.05383
796.58044	913.16864
796.63171	914.3468
796.68298	920.93195
796.73431	915.46155
796.78558	923.80206
796.83691	916.34241
796.88818	920.3587
796.93945	905.52161
796.99078	912.89557
797.04205	908.93781
797.09338	906.59839
797.14465	914.61835
797.19592	921.75787
797.24725	917.09619
797.29852	917.62024
797.34985	924.00977
797.40112	922.09814
797.45239	911.08221
797.50372	910.8111
797.55499	907.98187
797.60626	907.75214
797.65759	913.8678
797.70886	911.75189
797.76019	910.03479
797.81146	917.05713
797.86273	908.7085
797.91406	906.05066
797.96533	907.26868
798.01666	915.91742
798.06793	913.47876
798.1192	904.63422
798.17053	915.3075
798.2218	916.32422
798.27313	911.59375
798.3244	910.20795
798.37567	917.78027
798.427	919.3587
798.47827	907.25427
798.5296	919.17175
798.58087	920.00507
798.63214	920.34424
798.68347	920.41962
798.73474	913.35303
798.78607	914.99103
798.83734	913.68304
798.88861	908.74567
798.93994	913.92523
798.99121	920.19025
799.04254	912.36639
799.09381	909.55914
799.14508	910.27118
799.19641	918.53589
799.24768	915.00079
799.29901	907.5127
799.35028	908.43573
799.40155	918.09802
799.45288	918.43744
799.50415	907.65576
799.55548	910.66437
799.60675	915.88745
799.65802	920.92987
799.70935	909.18213
799.76062	911.99017
799.81195	916.87189
799.86322	914.98279
799.91449	914.39893
799.96582	907.38043
800.01709	913.90692
800.06842	917.29413
800.11969	924.18018
800.17096	918.15234
800.22229	915.36664
800.27356	920.38336
800.32489	919.04022
800.37616	910.34064
800.42743	916.19098
800.47876	914.6618
800.53003	911.47327
800.5813	917.46313
800.63263	918.92413
800.6839	913.19128
800.73523	916.16931
800.7865	914.90497
800.83777	918.85083
800.8891	916.74805
800.94037	916.38745
800.9917	919.96674
801.04297	919.19586
801.09424	926.83325
801.14557	924.23029
801.19684	920.57806
801.24817	921.0614
801.29944	922.89722
801.35071	925.09094
801.40204	921.60034
801.45331	924.79938
801.50464	925.79205
801.55591	915.87567
801.60718	907.03271
801.65851	912.53894
801.70978	913.1626
801.76111	909.76172
801.81238	921.51367
801.86365	926.57086
801.91498	920.21545
801.96625	918.11688
802.01758	917.00787
802.06885	918.4104
802.12012	917.67688
802.17145	914.1452
802.22272	912.95142
802.27405	917.75269
802.32532	917.27435
802.37659	916.74573
802.42792	922.06793
802.47919	924.8056
802.53052	918.28082
802.58179	915.72797
802.63306	915.72253
802.68439	917.26196
802.73566	921.25751
802.78699	923.23505
802.83826	923.71411
802.88953	924.23724
802.94086	925.23846
802.99213	920.34338
803.04346	918.40326
803.09473	913.60712
803.146	913.74969
803.19733	916.46869
803.2486	918.04565
803.29993	921.2478
803.3512	919.96979
803.40247	918.67548
803.4538	922.73041
803.50507	920.9939
803.5564	916.48688
803.60767	913.28412
803.65894	918.24585
803.71027	920.23981
803.76154	917.43317
803.81281	916.03339
803.86414	915.02521
803.91541	915.88757
803.96674	907.83423
804.01801	906.43768
804.06927	913.73816
804.12061	912.76636
804.17188	899.59662
804.22321	914.5434
804.27448	915.06989
804.32574	918.90283
804.37708	926.28278
804.42834	920.86829
804.47968	919.63892
804.53094	917.17737
804.58221	912.83698
804.63354	915.06519
804.68481	918.68793
804.73615	916.06232
804.78741	913.87152
804.83868	908.57526
804.89001	915.2121
804.94128	922.92108
804.99261	916.5329
805.04388	915.7702
805.09515	919.52356
805.14648	922.04877
805.19775	918.04437
805.24908	922.60272
805.30035	927.59351
805.35162	920.87054
805.40295	910.04211
805.45422	919.97852
805.50555	932.14447
805.55682	932.16376
805.60809	914.06836
805.65942	915.91119
805.71069	915.10583
805.76202	928.28802
805.81329	916.82813
805.86456	907.76056
805.91589	925.5069
805.96716	925.34277
806.01849	916.96606
806.06976	918.86133
806.12103	916.10083
806.17236	923.16809
806.22363	921.90588
806.27496	920.61499
806.32623	914.38928
806.3775	918.72083
806.42883	914.18231
806.4801	914.35162
806.53143	917.1369
806.5827	911.17938
806.63397	914.97137
806.6853	913.63385
806.73657	920.75934
806.78784	919.60577
806.83917	907.40802
806.89044	909.22998
806.94177	909.43359
806.99304	912.258
807.04431	916.21832
807.09564	911.65729
807.14691	923.8941
807.19824	927.31085
807.24951	912.86053
807.30078	909.47955
807.35211	921.18787
807.40338	925.35535
807.45471	919.43719
807.50598	905.4115
807.55725	919.35468
807.60858	912.51483
807.65985	924.19757
807.71118	913.58167
807.76245	922.46381
807.81372	925.10199
807.86505	916.92596
807.91632	906.64154
807.96765	912.62427
808.01892	917.30261
808.07019	916.29272
808.12152	915.42224
808.17279	917.33197
808.22412	927.72754
808.27539	909.77899
808.32666	914.52423
808.37799	916.53357
808.42926	918.64526
808.48059	922.21533
808.53186	929.20782
808.58313	926.60547
808.63446	915.09229
808.68573	921.9386
808.73706	930.34033
808.78833	918.45483
808.8396	919.15045
808.89093	914.96234
808.9422	901.4325
808.99353	921.95007
809.0448	920.29004
809.09607	918.26666
809.1474	911.94086
809.19867	923.6701
809.25	927.29401
809.30127	931.73187
809.35254	918.26898
809.40387	918.70557
809.45514	918.90314
809.50647	915.19012
809.55774	918.97308
809.60901	920.26923
809.66034	916.49457
809.71161	914.50201
809.76288	919.20154
809.81421	926.72089
809.86548	915.84906
809.91681	915.63159
809.96808	921.04193
810.01935	914.10889
810.07068	914.4101
810.12195	912.06488
810.17328	918.10022
810.22455	922.20935
810.27582	919.91357
810.32715	909.52545
810.37842	903.6452
810.42975	912.11414
810.48102	910.31177
810.53229	914.18829
810.58362	914.18481
810.63489	914.92676
810.68622	919.21124
810.73749	918.38965
810.78876	909.56293
810.84009	914.55151
810.89136	920.75879
810.94269	915.22235
810.99396	907.73871
811.04523	911.39746
811.09656	911.54828
811.14783	907.64923
811.19916	912.14276
811.25043	917.10541
811.3017	921.7619
811.35303	920.59662
811.4043	917.36182
811.45563	915.9892
811.5069	912.82495
811.55817	906.11829
811.6095	908.10632
811.66077	912.633
811.7121	906.93433
811.76337	907.39093
811.81464	915.10071
811.86597	915.09723
811.91724	916.70734
811.96857	917.00012
812.01984	918.29474
812.07111	917.29083
812.12244	909.99524
812.17371	910.08075
812.22504	913.65167
812.27631	918.16779
812.32758	924.02911
812.37891	914.66882
812.43018	919.18085
812.48151	918.46887
812.53278	916.15277
812.58405	915.53833
812.63538	910.23846
812.68665	920.21674
812.73798	923.7973
812.78925	910.24506
812.84052	908.66595
812.89185	915.0415
812.94312	912.28925
812.99438	920.95117
813.04572	922.5683
813.09698	913.3465
813.14832	919.86249
813.19958	912.62854
813.25085	917.33527
813.30219	920.2738
813.35345	914.87134
813.40479	910.77386
813.45605	918.20593
813.50732	916.4621
813.55865	908.13086
813.60992	908.2818
813.66125	908.19922
813.71252	914.22742
813.76379	915.96747
813.81512	911.18115
813.86639	905.94128
813.91772	921.1825
813.96899	911.03137
814.02026	907.12433
814.07159	907.77954
814.12286	907.94293
814.17419	913.02393
814.22546	916.50067
814.27673	916.9325
814.32806	917.7981
814.37933	903.89801
814.43066	903.69067
814.48193	912.83887
814.5332	916.61084
814.58453	923.25476
814.6358	916.59705
814.68713	925.11963
814.7384	921.25488
814.78967	903.11816
814.841	904.72394
814.89227	916.30255
814.9436	914.01074
814.99487	904.21985
815.04614	914.58118
815.09747	923.70081
815.14874	911.02679
815.20007	920.82764
815.25134	910.8833
815.30261	915.83997
815.35394	913.83997
815.40521	913.04083
815.45654	919.44165
815.50781	908.05756
815.55908	912.54767
815.61041	907.12726
815.66168	911.57831
815.71301	908.41449
815.76428	915.42981
815.81555	910.56366
815.86688	907.91925
815.91815	908.71704
815.96942	910.0343
816.02075	925.56085
816.07202	911.33417
816.12335	926.79803
816.17462	912.67035
816.22589	906.69458
816.27722	911.32501
816.32849	909.7796
816.37982	913.23865
816.43109	905.06567
816.48236	904.59869
816.53369	918.34973
816.58496	922.32526
816.63629	910.65332
816.68756	904.30396
816.73883	909.76416
816.79016	909.05548
816.84143	909.68115
816.89276	917.99963
816.94403	913.67816
816.9953	908.54761
817.04663	909.64087
817.0979	905.89001
817.14923	906.35406
817.2005	914.82501
817.25177	918.80695
817.3031	916.09546
817.35437	916.66101
817.4057	919.39203
817.45697	915.6972
817.50824	916.14325
817.55957	917.50555
817.61084	909.16003
817.66217	905.44427
817.71344	910.49805
817.76471	915.91864
817.81604	918.64923
817.86731	920.64453
817.91864	913.85876
817.96991	913.10083
818.02118	913.24762
818.07251	913.98499
818.12378	913.88739
818.17511	914.38922
818.22638	923.20105
818.27765	923.08215
818.32898	915.17743
818.38025	914.65198
818.43158	908.21075
818.48285	907.68683
818.53412	915.17682
818.58545	915.07788
818.63672	910.46442
818.68805	909.77716
818.73932	911.62744
818.79059	917.15497
818.84192	922.74335
818.89319	919.05432
818.94452	911.56384
818.99579	916.82629
819.04706	920.22333
819.09839	911.35596
819.14966	912.11029
819.20093	908.14148
819.25226	899.18707
819.30353	904.242
819.35486	907.93872
819.40613	918.05768
819.4574	914.29358
819.50873	916.29559
819.56	914.12372
819.61133	914.32385
819.6626	915.56439
819.71387	912.02887
819.7652	911.27258
819.81647	914.45044
819.8678	911.15735
819.91907	905.10266
819.97034	910.28967
820.02167	908.7475
820.07294	907.53632
820.12427	913.74268
820.17554	905.33514
820.22681	908.07532
820.27814	916.7373
820.32941	909.60272
820.38074	906.69586
820.43201	908.16827
820.48328	908.50824
820.53461	911.04291
820.58588	917.4859
820.63721	921.08929
820.68848	904.9129
820.73975	912.18811
820.79108	911.70618
820.84235	906.08765
820.89368	917.28717
820.94495	917.55957
820.99622	910.99146
821.04755	908.59998
821.09882	907.52252
821.15015	913.17847
821.20142	918.26672
821.25269	912.63342
821.30402	909.5144
821.35529	915.3775
821.40662	930.40039
821.45789	918.41333
821.50916	914.35828
821.56049	909.68329
821.61176	919.09381
821.66309	909.29968
821.71436	907.14514
821.76563	919.81622
821.81696	911.05133
821.86823	918.62024
821.91956	909.49829
821.97083	910.6983
822.02209	913.72461
822.07343	916.16754
822.12469	913.64648
822.17596	910.00037
822.22729	919.66949
822.27856	915.6911
822.3299	915.76361
822.38116	908.75238
822.43243	917.00055
822.48376	922.47443
822.53503	915.56549
822.58636	920.15613
822.63763	916.53229
822.6889	906.13007
822.74023	908.42584
822.7915	919.57788
822.84283	920.79456
822.8941	914.1369
822.94537	913.87213
822.9967	907.61963
823.04797	908.62543
823.0993	907.81921
823.15057	906.19373
823.20184	912.56958
823.25317	917.97955
823.30444	913.53595
823.35577	904.05835
823.40704	909.82111
823.45831	915.04144
823.50964	914.03143
823.56091	912.62573
823.61224	917.08911
823.66351	919.9187
823.71478	917.29175
823.76611	912.83917
823.81738	917.58624
823.86871	923.73083
823.91998	918.81006
823.97125	908.12732
824.02258	914.06207
824.07385	913.90729
824.12518	913.70038
824.17645	914.7312
824.22772	916.89539
824.27905	924.86145
824.33032	922.98444
824.38165	919.24194
824.43292	917.03198
824.48419	916.35822
824.53552	911.51367
824.58679	903.74091
824.63812	904.17816
824.68939	918.83862
824.74066	917.44232
824.79199	905.62457
824.84326	910.40509
824.89459	919.04694
824.94586	911.45172
824.99713	907.52014
825.04846	910.87744
825.09973	914.23395
825.15106	913.80835
825.20233	918.08386
825.2536	911.66882
825.30493	916.81335
825.3562	912.87885
825.40747	913.13068
825.4588	920.91669
825.51007	917.8454
825.5614	910.77112
825.61267	916.95874
825.66394	917.57379
825.71527	915.55011
825.76654	924.06146
825.81787	918.75952
825.86914	917.97076
825.92041	905.52686
825.97174	906.53619
826.02301	917.45978
826.07434	909.54596
826.12561	919.57605
826.17688	907.75244
826.22821	915.12775
826.27948	920.67419
826.33081	922.95392
826.38208	906.31683
826.43335	905.10168
826.48468	923.2027
826.53595	922.16876
826.58728	910.41449
826.63855	913.04065
826.68982	910.10083
826.74115	916.0625
826.79242	912.04791
826.84375	910.14783
826.89502	913.32214
826.94629	919.51343
826.99762	909.13086
827.04889	925.99774
827.10022	911.44397
827.15149	916.05255
827.20276	914.87445
827.25409	904.3728
827.30536	907.04211
827.35669	907.42676
827.40796	911.01886
827.45923	915.37457
827.51056	907.15442
827.56183	914.40076
827.61316	920.47406
827.66443	917.24396
827.7157	916.45593
827.76703	923.65826
827.8183	912.75818
827.86963	908.06183
827.9209	916.02991
827.97217	910.50989
828.0235	911.99298
828.07477	912.26758
828.1261	914.14215
828.17737	915.48505
828.22864	911.97894
828.27997	912.29645
828.33124	914.63104
828.38251	912.83368
828.43384	909.67572
828.48511	917.96039
828.53644	909.45959
828.58771	909.65039
828.63898	915.53674
828.69031	916.3183
828.74158	912.69031
828.79291	910.51129
828.84418	909.49701
828.89545	908.48285
828.94678	910.70117
828.99805	907.30957
829.04938	906.20575
829.10065	920.3385
829.15192	922.86285
829.20325	919.9765
829.25452	913.47156
829.30585	912.90759
829.35712	916.70471
829.40839	911.53809
829.45972	908.89484
829.51099	914.13525
829.56232	916.70129
829.61359	913.46796
829.66486	910.03467
829.71619	911.38416
829.76746	910.95984
829.81879	907.92242
829.87006	899.60883
829.92133	902.57031
829.97266	904.49567
830.02393	908.0163
830.07526	906.32971
830.12653	912.72461
830.1778	915.84576
830.22913	907.71802
830.2804	905.58862
830.33173	908.11871
830.383	919.64661
830.43427	912.63892
830.4856	910.61981
830.53687	910.82117
830.5882	903.45831
830.63947	905.95941
830.69073	905.97046
830.74207	905.80719
830.79333	919.6109
830.84467	906.06366
830.89594	900.25446
830.9472	898.8963
830.99854	903.33069
831.0498	902.86664
831.10114	913.02142
831.1524	910.00623
831.20367	908.82111
831.255	912.6358
831.30627	900.06476
831.35754	909.65039
831.40887	902.76276
831.46014	903.68396
831.51147	897.87292
831.56274	903.20575
831.61401	915.19226
831.66534	903.97467
831.71661	907.53033
831.76794	905.55109
831.81921	913.89917
831.87048	905.41766
831.92181	902.72662
831.97308	903.10657
832.02441	905.85883
832.07568	906.41278
832.12695	906.34222
832.17828	914.88354
832.22955	914.5849
832.28088	907.72113
832.33215	900.53717
832.38342	905.47028
832.43475	913.55951
832.48602	915.51068
832.53735	905.51532
832.58862	914.75916
832.63989	915.14984
832.69122	908.08893
832.74249	906.06122
832.79382	905.29968
832.84509	906.00653
832.89636	904.65991
832.94769	906.06573
832.99896	907.92487
833.05029	908.15399
833.10156	906.76691
833.15283	903.4455
833.20416	915.88812
833.25543	916.60425
833.30676	897.26923
833.35803	897.90228
833.4093	910.23145
833.46063	909.4776
833.5119	913.27686
833.56323	915.18231
833.6145	910.18604
833.66577	912.00299
833.7171	914.40448
833.76837	918.05518
833.8197	915.82483
833.87097	914.5578
833.92224	917.07861
833.97357	911.99133
834.02484	906.20917
834.07617	908.86176
834.12744	915.32922
834.17871	913.61877
834.23004	916.04437
834.28131	914.30408
834.33264	914.67603
834.38391	916.02826
834.43518	924.30499
834.48651	927.0708
834.53778	930.4458
834.58905	936.93439
834.64038	928.52069
834.69165	928.44012
834.74298	934.30652
834.79425	938.38562
834.84552	940.63904
834.89685	934.34137
834.94812	939.94971
834.99945	941.4245
835.05072	936.52325
835.10199	938.638
835.15332	940.08643
835.20459	937.03522
835.25592	954.1712
835.30719	943.1225
835.35846	942.48254
835.40979	951.24677
835.46106	958.18549
835.51239	947.14398
835.56366	954.34412
835.61493	946.16345
835.66626	948.89954
835.71753	949.18115
835.76886	944.54285
835.82013	956.05707
835.8714	956.6521
835.92273	948.07526
835.974	947.73572
836.02533	956.02747
836.0766	959.03149
836.12787	947.07416
836.1792	962.55969
836.23047	954.21509
836.2818	946.62
836.33307	949.49103
836.38434	948.00385
836.43567	945.08307
836.48694	950.48993
836.53827	948.2829
836.58954	950.06506
836.64081	945.02527
836.69214	944.23419
836.74341	953.62866
836.79474	950.245
836.84601	949.51849
836.89728	946.17468
836.94861	939.61914
836.99988	946.31665
837.05121	956.59369
837.10248	953.00299
837.15375	949.05438
837.20508	948.72717
837.25635	944.69049
837.30768	949.15863
837.35895	948.68268
837.41022	956.38568
837.46155	954.41962
837.51282	956.08759
837.56409	959.53711
837.61542	968.2326
837.66669	953.37286
837.71802	959.01843
837.76929	963.65375
837.82056	967.57581
837.87189	983.1499
837.92316	988.33966
837.97449	999.18085
838.02576	1004.1749
838.07703	1012.1447
838.12836	1004.4943
838.17963	1012.0206
838.23096	1019.7617
838.28223	1029.6919
838.3335	1046.7393
838.38483	1041.5491
838.4361	1055.5802
838.48743	1053.5768
838.5387	1064.2563
838.58997	1048.4929
838.6413	1059.8772
838.69257	1058.0565
838.7439	1035.6338
838.79517	1042.3132
838.84644	1046.1683
838.89777	1042.1376
838.94904	1029.0905
839.00037	1020.3517
839.05164	1032.1504
839.10291	1047.1659
839.15424	1011.7783
839.20551	1008.5032
839.25684	1014.102
839.30811	1010.7335
839.35938	1001.9561
839.41071	995.75427
839.46198	990.66992
839.51331	1004.0947
839.56458	977.02594
839.61584	974.50677
839.66718	988.42627
839.71844	974.49744
839.76978	979.41907
839.82104	974.68378
839.87231	985.44458
839.92365	983.71051
839.97491	964.11176
840.02625	998.78192
840.07751	967.93054
840.12878	976.25464
840.18011	988.04907
840.23138	994.37708
840.28271	983.2663
840.33398	991.25287
840.38525	988.49396
840.43658	980.78522
840.48785	980.99384
840.53918	966.69098
840.59045	986.78406
840.64172	976.28888
840.69305	977.28333
840.74432	986.7818
840.79559	983.08734
840.84692	979.63977
840.89819	972.35284
840.94952	976.80774
841.00079	979.83606
841.05206	982.46973
841.10339	972.50391
841.15466	970.5105
841.20599	954.39984
841.25726	962.77954
841.30853	955.43347
841.35986	975.88177
841.41113	976.5387
841.46246	974.677
841.51373	959.79224
841.565	976.31219
841.61633	980.38043
841.6676	971.22388
841.71893	968.28632
841.7702	967.50623
841.82147	956.71185
841.8728	960.83893
841.92407	970.32428
841.9754	969.80426
842.02667	970.53363
842.07794	970.36554
842.12927	969.61182
842.18054	958.79449
842.23187	962.35767
842.28314	971.35577
842.33441	963.84729
842.38574	958.4552
842.43701	961.01282
842.48834	961.09064
842.53961	970.14392
842.59088	978.30792
842.64221	979.26343
842.69348	968.05615
842.74481	963.81805
842.79608	963.34576
842.84735	960.82574
842.89868	974.6225
842.94995	982.06995
843.00128	971.63635
843.05255	973.672
843.10382	983.75824
843.15515	977.26581
843.20642	977.28345
843.25775	980.89136
843.30902	981.77759
843.36029	987.82416
843.41162	980.18561
843.46289	975.11108
843.51422	979.97375
843.56549	963.02148
843.61676	952.55151
843.66809	976.90515
843.71936	989.63977
843.77063	975.50806
843.82196	974.93091
843.87323	966.82526
843.92456	964.00775
843.97583	962.51178
844.0271	959.1745
844.07843	963.93451
844.1297	974.15405
844.18103	975.08728
844.2323	969.11914
844.28357	968.74713
844.3349	957.21753
844.38617	958.58466
844.4375	967.18488
844.48877	970.02924
844.54004	975.76379
844.59137	973.26068
844.64264	964.99072
844.69397	983.60657
844.74524	978.35541
844.79651	970.40839
844.84784	984.3761
844.89911	978.7287
844.95044	978.94604
845.00171	987.90479
845.05298	981.33179
845.10431	974.02069
845.15558	964.26166
845.20691	968.64355
845.25818	970.12671
845.30945	992.34851
845.36078	957.88806
845.41205	985.29114
845.46338	974.86572
845.51465	955.97839
845.56592	991.98267
845.61725	969.75073
845.66852	962.29321
845.71985	975.1214
845.77112	974.14148
845.82239	964.05011
845.87372	954.38605
845.92499	962.92999
845.97632	955.13733
846.02759	953.8241
846.07886	947.05542
846.13019	946.94366
846.18146	969.99652
846.23279	955.64423
846.28406	949.87598
846.33533	947.1615
846.38666	947.38885
846.43793	950.02405
846.48926	954.68195
846.54053	946.86438
846.5918	954.8725
846.64313	944.08698
846.6944	954.99817
846.74573	957.87744
846.797	951.38135
846.84827	948.73285
846.8996	950.71759
846.95087	953.04913
847.00214	963.71808
847.05347	953.07355
847.10474	953.16791
847.15607	946.6781
847.20734	955.97723
847.25861	960.84277
847.30994	956.9873
847.36121	954.10272
847.41254	965.20013
847.46381	958.10699
847.51508	954.51648
847.56641	967.45038
847.61768	962.78339
847.66901	963.39502
847.72028	961.01343
847.77155	962.05457
847.82288	968.22906
847.87415	968.52917
847.92548	962.49194
847.97675	961.57806
848.02802	963.47986
848.07935	952.80176
848.13062	957.14313
848.18195	961.56458
848.23322	954.72943
848.28448	960.46857
848.33582	953.48181
848.38708	947.46796
848.43842	957.01117
848.48969	950.4093
848.54095	948.37695
848.59229	957.00238
848.64355	953.91077
848.69489	938.96539
848.74615	936.92957
848.79742	955.3363
848.84875	954.27972
848.90002	950.54431
848.95135	953.63055
849.00262	954.63824
849.05389	958.10419
849.10522	949.42224
849.15649	946.8277
849.20782	954.1731
849.25909	959.63641
849.31036	943.09552
849.36169	945.47321
849.41296	943.48981
849.46429	948.34088
849.51556	942.85468
849.56683	938.29236
849.61816	940.89825
849.66943	945.66821
849.72076	939.56567
849.77203	938.50366
849.8233	948.92053
849.87463	940.38733
849.9259	941.69196
849.97717	943.78082
850.0285	938.35712
850.07977	944.30823
850.1311	955.0448
850.18237	942.77881
850.23364	950.96606
850.28497	948.69446
850.33624	942.77576
850.38757	938.46442
850.43884	936.19312
850.49011	930.58673
850.54144	934.49023
850.59271	936.78979
850.64404	926.75427
850.69531	940.95294
850.74658	937.21216
850.79791	942.69397
850.84918	944.8808
850.90051	938.09753
850.95178	925.08118
851.00305	942.92474
851.05438	941.94476
851.10565	942.87457
851.15698	939.60504
851.20825	928.96881
851.25952	929.87457
851.31085	929.22858
851.36212	933.92065
851.41345	934.49512
851.46472	939.06555
851.51599	920.81042
851.56732	919.91083
851.61859	921.27216
851.66992	930.10046
851.72119	925.7757
851.77246	931.67932
851.82379	933.39722
851.87506	922.48761
851.92639	926.52454
851.97766	915.45935
852.02893	927.3858
852.08026	916.12927
852.13153	913.09973
852.18286	921.72052
852.23413	916.1344
852.2854	920.39941
852.33673	919.96655
852.388	921.09576
852.43933	930.10992
852.4906	913.56213
852.54187	911.28778
852.5932	910.46759
852.64447	914.17596
852.6958	914.32825
852.74707	915.12573
852.79834	907.80029
852.84967	915.88831
852.90094	917.72125
852.95221	915.25214
853.00354	916.36938
853.05481	915.7984
853.10614	911.591
853.15741	907.95099
853.20868	915.01044
853.26001	912.3634
853.31128	909.44312
853.36261	912.6825
853.41388	915.82935
853.46515	910.27216
853.51648	906.25482
853.56775	907.47571
853.61908	912.52667
853.67035	917.02435
853.72162	913.72351
853.77295	904.61938
853.82422	904.91028
853.87555	911.9834
853.92682	908.09967
853.97809	909.99738
854.02942	906.85437
854.08069	914.98132
854.13202	909.38202
854.18329	897.4715
854.23456	909.64508
854.28589	906.4776
854.33716	901.08075
854.38849	902.19214
854.43976	915.0061
854.49103	909.53827
854.54236	904.28387
854.59363	896.23071
854.64496	906.00031
854.69623	912.86536
854.7475	903.52179
854.79883	897.56104
854.8501	895.94348
854.90143	903.14313
854.9527	907.24652
855.00397	908.59015
855.0553	907.03308
855.10657	905.00806
855.1579	901.22723
855.20917	891.8443
855.26044	896.13678
855.31177	911.32031
855.36304	907.19012
855.41437	902.98871
855.46564	904.61548
855.51691	904.72156
855.56824	904.71918
855.61951	905.69629
855.67084	900.75928
855.72211	910.68665
855.77338	899.70923
855.82471	899.62854
855.87598	897.48969
855.92731	916.8252
855.97858	899.6394
856.02985	899.12543
856.08118	904.86212
856.13245	906.21631
856.18372	902.75403
856.23505	911.33337
856.28632	908.16351
856.33765	903.54956
856.38892	897.44415
856.44019	901.34857
856.49152	898.61469
856.54279	895.55237
856.59412	901.67438
856.64539	896.20941
856.69666	907.45007
856.74799	912.72363
856.79926	908.42535
856.85059	904.14099
856.90186	906.43372
856.95313	914.6781
857.00446	904.95599
857.05573	894.86804
857.10706	899.86572
857.15833	903.65607
857.20959	899.5943
857.26093	897.3996
857.31219	901.72772
857.36353	903.63306
857.41479	902.07886
857.46606	899.22815
857.5174	901.91986
857.56866	901.53766
857.62	894.62073
857.67126	896.85632
857.72253	908.34576
857.77386	907.29913
857.82513	899.44409
857.87646	908.5752
857.92773	908.03613
857.979	899.44598
858.03033	897.72736
858.0816	900.68567
858.13293	902.15228
858.1842	898.05054
858.23547	900.39038
858.2868	900.44666
858.33807	906.6427
858.3894	903.95587
858.44067	896.69727
858.49194	912.22235
858.54327	915.70258
858.59454	905.26581
858.64587	902.92462
858.69714	900.12396
858.74841	894.3573
858.79974	894.7038
858.85101	890.48389
858.90234	896.67651
858.95361	900.30725
859.00488	896.74408
859.05621	898.64911
859.10748	904.27039
859.15875	907.94501
859.21008	902.86133
859.26135	895.77118
859.31268	904.57068
859.36395	909.08185
859.41522	901.78772
859.46655	903.15222
859.51782	906.18726
859.56915	899.34039
859.62042	893.05951
859.67169	902.67993
859.72302	898.84021
859.77429	906.09607
859.82562	894.03778
859.87689	902.26337
859.92816	907.43427
859.97949	895.53925
860.03076	898.48541
860.08209	896.70447
860.13336	905.18585
860.18463	896.92505
860.23596	905.13538
860.28723	899.56549
860.33856	900.66077
860.38983	901.79645
860.4411	895.93073
860.49243	899.97839
860.5437	903.20795
860.59503	900.43597
860.6463	893.83008
860.69757	892.56049
860.7489	903.96246
860.80017	908.47607
860.8515	899.40228
860.90277	895.23816
860.95404	895.41199
861.00537	898.4585
861.05664	900.03296
861.10797	901.69684
861.15924	896.76379
861.21051	903.05182
861.26184	901.61896
861.31311	897.40601
861.36444	903.82385
861.41571	905.96844
861.46698	899.60919
861.51831	901.73181
861.56958	904.55597
861.62091	899.47125
861.67218	897.91595
861.72345	890.43738
861.77478	894.86462
861.82605	893.59485
861.87738	893.763
861.92865	897.37781
861.97992	904.35077
862.03125	904.82086
862.08252	894.71606
862.13385	894.14453
862.18512	897.94946
862.23639	898.39948
862.28772	894.38538
862.33899	898.43042
862.39026	905.78955
862.44159	892.68707
862.49286	888.39197
862.54419	890.74579
862.59546	897.55273
862.64673	894.06274
862.69806	895.80231
862.74933	899.06641
862.80066	905.01428
862.85193	896.59845
862.9032	893.09906
862.95453	898.57556
863.0058	902.63593
863.05713	897.19519
863.1084	894.57355
863.15967	903.13141
863.211	903.73163
863.26227	899.22974
863.3136	894.15857
863.36487	910.35724
863.41614	893.46729
863.46747	893.85217
863.51874	897.00977
863.57007	909.09021
863.62134	900.23578
863.67261	894.67224
863.72394	893.38397
863.77521	897.15765
863.82654	902.18195
863.87781	897.39349
863.92908	891.3302
863.98041	903.42181
864.03168	912.05835
864.08301	901.87915
864.13428	891.94379
864.18555	903.17493
864.23688	901.06567
864.28815	898.6734
864.33948	901.76471
864.39075	898.50165
864.44202	906.48798
864.49335	899.51501
864.54462	891.71271
864.59595	904.63507
864.64722	904.4032
864.69849	895.87781
864.74982	896.86578
864.80109	904.67139
864.85242	897.57275
864.90369	891.75806
864.95496	892.16309
865.00629	898.68829
865.05756	900.17786
865.10889	896.1972
865.16016	898.91046
865.21143	896.86401
865.26276	893.07867
865.31403	896.78485
865.3653	895.01154
865.41663	898.22449
865.4679	899.19836
865.51923	896.66516
865.5705	897.23969
865.62177	901.74207
865.6731	901.66406
865.72437	897.62225
865.7757	897.27606
865.82697	896.7608
865.87823	899.74542
865.92957	895.9491
865.98083	899.34302
866.03217	900.71881
866.08344	898.94495
866.1347	896.67041
866.18604	898.43896
866.2373	904.30078
866.28864	896.08032
866.3399	894.08221
866.39117	892.89484
866.4425	895.24951
866.49377	901.32947
866.5451	898.27368
866.59637	896.19055
866.64764	899.8454
866.69897	895.2168
866.75024	896.98401
866.80157	895.08502
866.85284	894.17816
866.90411	891.76794
866.95544	898.52057
867.00671	901.83313
867.05804	902.1684
867.10931	898.72662
867.16058	896.41595
867.21191	898.82672
867.26318	904.5733
867.31451	898.73499
867.36578	899.08472
867.41705	897.25909
867.46838	896.1889
867.51965	896.1463
867.57098	894.16675
867.62225	898.12024
867.67352	892.34625
867.72485	903.68488
867.77612	890.36987
867.82745	895.43652
867.87872	899.74976
867.92999	895.7547
867.98132	902.01947
868.03259	900.88263
868.08392	898.58545
868.13519	896.45245
868.18646	902.31927
868.23779	894.35181
868.28906	899.14886
868.34033	895.72754
868.39166	898.98792
868.44293	901.15869
868.49426	897.09644
868.54553	894.09711
868.5968	895.49231
868.64813	898.20874
868.6994	896.39923
868.75073	899.35565
868.802	901.04102
868.85327	896.49512
868.9046	898.71161
868.95587	893.0968
869.0072	892.63885
869.05847	902.83478
869.10974	899.36267
869.16107	893.53333
869.21234	891.34906
869.26367	895.47797
869.31494	895.11328
869.36621	891.55273
869.41754	896.25537
869.46881	898.86304
869.52014	899.33008
869.57141	902.04797
869.62268	901.46887
869.67401	901.04303
869.72528	898.61462
869.77661	894.55219
869.82788	895.58142
869.87915	904.8501
869.93048	905.69885
869.98175	893.80798
870.03308	895.29279
870.08435	898.02338
870.13562	888.57935
870.18695	891.68976
870.23822	897.79706
870.28955	901.32709
870.34082	900.43872
870.39209	896.00287
870.44342	897.45752
870.49469	900.50055
870.54602	896.76501
870.59729	891.68768
870.64856	901.52271
870.69989	903.88715
870.75116	899.44965
870.80249	892.5257
870.85376	905.12268
870.90503	901.21783
870.95636	901.95099
871.00763	894.10382
871.05896	901.9718
871.11023	901.77179
871.1615	889.06335
871.21283	892.42438
871.2641	902.1485
871.31543	903.66113
871.3667	888.32849
871.41797	892.2796
871.4693	894.46582
871.52057	891.09247
871.57184	892.41382
871.62317	896.80762
871.67444	904.65845
871.72577	899.54486
871.77704	900.21991
871.82831	893.01495
871.87964	892.4021
871.93091	900.45959
871.98224	901.09943
872.03351	899.81049
872.08478	898.53003
872.13611	894.49634
872.18738	902.26263
872.23871	901.49689
872.28998	898.54645
872.34125	896.36737
872.39258	893.10785
872.44385	894.00085
872.49518	899.94312
872.54645	901.20654
872.59772	896.50653
872.64905	895.86249
872.70032	903.8504
872.75165	904.237
872.80292	900.53503
872.85419	902.34668
872.90552	897.4115
872.95679	891.00684
873.00812	886.51825
873.05939	897.62714
873.11066	897.15399
873.16199	895.71204
873.21326	899.83765
873.26459	895.50647
873.31586	896.30225
873.36713	902.08374
873.41846	897.39905
873.46973	897.79773
873.52106	906.36212
873.57233	897.35809
873.6236	896.98468
873.67493	903.44379
873.7262	895.07898
873.77753	899.48737
873.8288	893.22699
873.88007	895.29163
873.9314	894.96033
873.98267	887.67706
874.034	894.12305
874.08527	893.9043
874.13654	893.8291
874.18787	900.54474
874.23914	893.01691
874.29047	897.78235
874.34174	893.79443
874.39301	890.74335
874.44434	888.54736
874.49561	905.41345
874.54688	898.44385
874.59821	894.43219
874.64948	900.17151
874.70081	895.77582
874.75208	902.79968
874.80334	901.56433
874.85468	895.3056
874.90594	899.28436
874.95728	902.74927
875.00854	890.34955
875.05981	891.60962
875.11115	900.27753
875.16241	897.16772
875.21375	892.20776
875.26501	892.58167
875.31628	896.13721
875.36761	896.10901
875.41888	897.36401
875.47021	891.82831
875.52148	891.74597
875.57275	896.96027
875.62408	896.09338
875.67535	897.29041
875.72668	893.20282
875.77795	894.68396
875.82922	894.29919
875.88055	893.24469
875.93182	894.25909
875.98315	891.54425
876.03442	889.2879
876.08569	889.73584
876.13702	897.30627
876.18829	898.53461
876.23962	900.04138
876.29089	901.46118
876.34216	899.4248
876.39349	893.39337
876.44476	890.71857
876.49609	897.71179
876.54736	899.28027
876.59863	895.77844
876.64996	891.70764
876.70123	904.5083
876.75256	904.78418
876.80383	899.69934
876.8551	897.06378
876.90643	899.19843
876.9577	908.20618
877.00903	892.33954
877.0603	898.53778
877.11157	904.19812
877.1629	896.41656
877.21417	885.38629
877.2655	891.34479
877.31677	894.58551
877.36804	898.62231
877.41937	902.633
877.47064	890.79333
877.52197	896.66687
877.57324	896.39294
877.62451	892.16425
877.67584	898.92706
877.72711	900.59222
877.77838	891.28619
877.82971	889.49365
877.88098	895.28046
877.93231	898.82214
877.98358	897.15741
878.03485	887.26855
878.08618	891.44952
878.13745	898.12469
878.18878	897.02753
878.24005	891.57343
878.29132	895.15649
878.34265	895.99738
878.39392	897.7157
878.44525	884.39862
878.49652	892.53558
878.54779	899.90881
878.59912	897.23468
878.65039	890.52124
878.70172	895.04327
878.75299	900.56183
878.80426	903.33099
878.85559	897.66211
878.90686	897.10846
878.95819	897.03784
879.00946	891.83313
879.06073	889.14813
879.11206	888.44598
879.16333	892.30658
879.21466	893.15686
879.26593	890.33258
879.3172	892.7973
879.36853	900.5249
879.4198	897.47266
879.47113	892.48682
879.5224	897.98804
879.57367	902.75995
879.625	890.85242
879.67627	894.98187
879.7276	903.04688
879.77887	891.73694
879.83014	900.01941
879.88147	893.35547
879.93274	904.35608
879.98407	897.82751
880.03534	893.87732
880.08661	898.07977
880.13794	894.8432
880.18921	893.59589
880.24054	890.65466
880.29181	893.46844
880.34308	898.51532
880.39441	898.48682
880.44568	895.43195
880.49701	892.92603
880.54828	900.11609
880.59955	894.64978
880.65088	895.4422
880.70215	895.91528
880.75342	897.86975
880.80475	889.05219
880.85602	893.32874
880.90735	890.70679
880.95862	895.32428
881.00989	894.59637
881.06122	889.79541
881.11249	894.46356
881.16382	897.14111
881.21509	897.45929
881.26636	897.05707
881.31769	896.07288
881.36896	893.66077
881.42029	893.14185
881.47156	892.16699
881.52283	896.01361
881.57416	897.61487
881.62543	894.1842
881.67676	894.1261
881.72803	893.15808
881.7793	900.45496
881.83063	898.57733
881.8819	889.17047
881.93323	891.41327
881.9845	897.18176
882.03577	891.6225
882.0871	894.27686
882.13837	897.00153
882.1897	898.69
882.24097	897.8028
882.29224	897.57263
882.34357	895.76074
882.39484	893.1601
882.44617	893.05609
882.49744	899.23743
882.54871	901.39874
882.60004	894.75623
882.65131	888.85327
882.70264	893.40814
882.75391	895.59326
882.80518	893.09888
882.85651	889.87439
882.90778	894.69415
882.95911	895.04108
883.01038	897.39233
883.06165	892.38849
883.11298	898.31616
883.16425	898.1203
883.21558	891.1427
883.26685	891.64154
883.31812	895.58533
883.36945	895.7467
883.42072	898.94092
883.47205	897.9624
883.52332	900.80292
883.57458	899.27539
883.62592	894.66718
883.67719	894.66919
883.72852	897.42688
883.77979	898.02557
883.83105	898.19708
883.88239	897.30634
883.93365	892.49384
883.98492	895.09082
884.03625	896.77942
884.08752	896.54767
884.13885	898.97327
884.19012	897.33478
884.24139	891.85992
884.29272	892.22821
884.34399	892.91663
884.39532	894.33063
884.44659	896.3476
884.49786	895.78241
884.54919	896.44232
884.60046	892.27161
884.65179	897.98004
884.70306	896.68054
884.75433	900.85468
884.80566	892.45862
884.85693	893.48737
884.90826	893.04089
884.95953	891.35541
885.0108	889.70477
885.06213	898.56659
885.1134	898.16357
885.16473	897.98718
885.216	900.3476
885.26727	894.28058
885.3186	892.66821
885.36987	900.92786
885.4212	898.00757
885.47247	899.25684
885.52374	894.8537
885.57507	897.0517
885.62634	893.73401
885.67767	888.7511
885.72894	897.88239
885.78021	898.41077
885.83154	895.48816
885.88281	892.44745
885.93414	898.39795
885.98541	896.35046
886.03668	892.39514
886.08801	892.50677
886.13928	894.97339
886.19061	887.64386
886.24188	891.461
886.29315	893.11499
886.34448	900.4809
886.39575	900.30963
886.44708	892.50116
886.49835	894.52405
886.54962	899.78217
886.60095	891.36084
886.65222	891.91162
886.70355	892.96747
886.75482	888.19519
886.80609	894.04462
886.85742	901.91455
886.90869	898.34961
886.95996	899.22119
887.01129	891.66498
887.06256	891.12701
887.11389	898.19629
887.16516	895.55603
887.21643	894.67499
887.26776	884.01227
887.31903	888.91034
887.37036	896.43091
887.42163	897.92487
887.4729	892.91016
887.52423	889.61298
887.5755	899.84967
887.62683	903.77991
887.6781	898.38818
887.72937	894.48828
887.7807	893.69446
887.83197	894.30676
887.8833	889.23151
887.93457	895.6814
887.98584	899.45215
888.03717	892.52454
888.08844	894.21057
888.13977	896.11511
888.19104	896.44391
888.24231	893.63953
888.29364	894.34454
888.34491	901.30353
888.39624	898.44824
888.44751	891.95569
888.49878	894.27936
888.55011	896.92841
888.60138	893.04028
888.65271	894.80396
888.70398	896.23285
888.75525	899.94122
888.80658	902.73871
888.85785	898.60498
888.90918	888.60175
888.96045	894.18994
889.01172	903.51337
889.06305	896.96356
889.11432	889.33856
889.16565	897.57965
889.21692	899.20172
889.26819	893.03198
889.31952	892.19562
889.37079	894.91779
889.42212	893.34497
889.47339	892.24908
889.52466	898.83942
889.57599	898.21533
889.62726	900.13373
889.67859	890.25232
889.72986	896.19189
889.78113	899.04242
889.83246	893.06061
889.88373	890.20966
889.935	891.22144
889.98633	892.54022
890.0376	896.78827
890.08893	893.99463
890.1402	900.66772
890.19147	897.67609
890.2428	900.54657
890.29407	896.48859
890.3454	892.95728
890.39667	892.89258
890.44794	895.30835
890.49927	893.22052
890.55054	897.12073
890.60187	897.11761
890.65314	894.75836
890.70441	889.21478
890.75574	893.56067
890.80701	898.32349
890.85834	899.8252
890.90961	895.09882
890.96088	892.83521
891.01221	897.17889
891.06348	897.2066
891.11481	894.08636
891.16608	895.70441
891.21735	900.59747
891.26868	901.47308
891.31995	898.97046
891.37128	897.75739
891.42255	896.02173
891.47382	890.66876
891.52515	891.65674
891.57642	898.5376
891.62775	896.45007
891.67902	892.30475
891.73029	890.6134
891.78162	893.36072
891.83289	898.00861
891.88422	895.1745
891.93549	889.54712
891.98676	894.40216
892.03809	896.07471
892.08936	892.36304
892.14069	890.34338
892.19196	898.36755
892.24323	906.28088
892.29456	898.5946
892.34583	898.70789
892.39716	900.00848
892.44843	900.00531
892.49969	896.86548
892.55103	888.01721
892.60229	892.49927
892.65363	897.30438
892.7049	894.61823
892.75616	887.12402
892.8075	892.08569
892.85876	898.2998
892.9101	891.76495
892.96136	891.89069
893.01263	895.69696
893.06396	902.59308
893.11523	892.38916
893.1665	893.91455
893.21783	901.88953
893.2691	895.97449
893.32043	898.95233
893.3717	898.63354
893.42297	890.64679
893.4743	903.5528
893.52557	897.77991
893.5769	896.12671
893.62817	898.48328
893.67944	902.05615
893.73077	896.20715
893.78204	897.45917
893.83337	894.57904
893.88464	892.36005
893.93591	889.51294
893.98724	889.20746
894.03851	895.06323
894.08984	897.67609
894.14111	895.46759
894.19238	901.55426
894.24371	904.15137
894.29498	896.2193
894.34631	892.39734
894.39758	900.20215
894.44885	897.58752
894.50018	895.94556
894.55145	890.11377
894.60278	889.27161
894.65405	892.34918
894.70532	897.15198
894.75665	899.75085
894.80792	899.02802
894.85925	892.59192
894.91052	886.8775
894.96179	888.87665
895.01312	900.16357
895.06439	898.74817
895.11572	896.8949
895.16699	893.35291
895.21826	893.81268
895.26959	899.43011
895.32086	896.77081
895.37219	887.92584
895.42346	891.53333
895.47473	891.21417
895.52606	894.20667
895.57733	893.3725
895.62866	900.26422
895.67993	898.05145
895.7312	889.18591
895.78253	890.5567
895.8338	900.23346
895.88513	898.88654
895.9364	889.01624
895.98767	898.17401
896.039	899.1308
896.09027	892.03113
896.14154	899.37329
896.19287	901.65295
896.24414	897.31726
896.29547	903.11749
896.34674	902.84558
896.39801	899.95197
896.44934	899.76215
896.50061	898.7901
896.55194	883.98004
896.60321	893.75275
896.65448	893.89581
896.70581	902.8761
896.75708	906.07935
896.80841	893.37653
896.85968	902.3385
896.91095	897.92371
896.96228	899.61993
897.01355	897.7113
897.06488	891.15125
897.11615	893.56317
897.16742	892.54401
897.21875	893.23206
897.27002	899.3006
897.32135	897.48706
897.37262	896.70593
897.42389	897.71564
897.47522	900.4303
897.52649	897.41199
897.57782	890.78815
897.62909	891.23108
897.68036	898.35205
897.73169	897.49414
897.78296	892.23859
897.83429	894.76996
897.88556	893.26581
897.93683	895.25824
897.98816	897.24225
898.03943	899.33002
898.09076	897.20093
898.14203	894.7489
898.1933	894.13733
898.24463	894.12305
898.2959	895.80664
898.34723	895.93494
898.3985	894.20215
898.44977	896.93933
898.5011	900.41016
898.55237	896.7771
898.6037	892.38446
898.65497	898.02338
898.70624	899.65759
898.75757	900.63751
898.80884	894.04919
898.86017	896.25024
898.91144	894.28918
898.96271	892.60931
899.01404	888.84155
899.06531	892.21783
899.11664	902.23859
899.16791	893.37537
899.21918	894.68732
899.27051	895.59058
899.32178	901.54675
899.37305	898.24664
899.42438	897.58124
899.47565	892.17847
899.52698	892.49225
899.57825	889.77124
899.62952	893.36774
899.68085	895.49744
899.73212	903.41962
899.78345	902.55981
899.83472	895.57208
899.88599	896.58496
899.93732	897.50189
899.98859	896.08801
900.03992	890.11603
900.09119	897.32513
900.14246	903.73004
900.19379	897.27124
900.24506	894.64362
900.29639	891.01471
900.34766	898.16223
900.39893	897.31311
900.45026	901.16376
900.50153	901.89746
900.55286	893.04523
900.60413	886.48114
900.6554	898.63165
900.70673	901.50323
900.758	896.46069
900.80933	886.82513
900.8606	891.58307
900.91187	899.86877
900.9632	900.6153
901.01447	889.08606
901.0658	895.12793
901.11707	898.8606
901.16833	892.8222
901.21967	894.00635
901.27094	897.81781
901.32227	899.4657
901.37354	896.97949
901.4248	894.79132
901.47614	893.00696
901.5274	894.58795
901.57874	894.86597
901.63	886.62653
901.68127	887.62665
901.7326	896.52271
901.78387	894.86914
901.83521	896.45032
901.88647	903.922
901.93774	901.5022
901.98907	900.14557
902.04034	891.57349
902.09167	892.19305
902.14294	899.58643
902.19421	898.25891
902.24554	895.79785
902.29681	897.05322
902.34808	899.08282
902.39941	901.11426
902.45068	895.27637
902.50201	898.85327
902.55328	901.20953
902.60455	889.35547
902.65588	888.3847
902.70715	898.94531
902.75848	892.53418
902.80975	893.37054
902.86102	905.2713
902.91235	897.21912
902.96362	892.55121
903.01495	895.98071
903.06622	891.00879
903.11749	898.15955
903.16882	895.54169
903.22009	889.75079
903.27142	894.30829
903.32269	903.82977
903.37396	895.04126
903.42529	887.71295
903.47656	882.87878
903.52789	890.23566
903.57916	896.32861
903.63043	893.59698
903.68176	886.61267
903.73303	890.08862
903.78436	894.69037
903.83563	893.02582
903.8869	897.38989
903.93823	900.06165
903.9895	898.53961
904.04083	895.53888
904.0921	896.86652
904.14337	895.39758
904.1947	891.4964
904.24597	892.15381
904.2973	896.28491
904.34857	897.31921
904.39984	892.91156
904.45117	889.93799
904.50244	896.41663
904.55377	903.21436
904.60504	901.01611
904.65631	895.76288
904.70764	894.26007
904.75891	898.8764
904.81024	894.47198
904.86151	887.77069
904.91278	899.80273
904.96411	900.85394
905.01538	902.98883
905.06671	895.03503
905.11798	900.08813
905.16925	895.80792
905.22058	897.51056
905.27185	898.22565
905.32312	896.50958
905.37445	893.59772
905.42572	893.21637
905.47705	892.30328
905.52832	888.49591
905.57959	905.23615
905.63092	898.48657
905.68219	891.32581
905.73352	901.19324
905.78479	903.0307
905.83606	894.04871
905.88739	890.29675
905.93866	892.75952
905.98999	899.27856
906.04126	890.71838
906.09253	896.31488
906.14386	902.86719
906.19513	894.84412
906.24646	892.98535
906.29773	894.94641
906.349	904.20544
906.40033	894.57312
906.4516	888.4361
906.50293	895.15088
906.5542	894.56842
906.60547	895.91974
906.6568	900.50848
906.70807	898.86072
906.7594	899.59344
906.81067	897.03876
906.86194	898.93134
906.91327	896.2901
906.96454	896.86896
907.01587	894.57294
907.06714	889.58917
907.11841	893.06146
907.16974	897.64032
907.22101	896.46716
907.27234	891.37354
907.32361	890.79529
907.37488	898.51563
907.42621	895.86957
907.47748	891.09161
907.52881	891.72662
907.58008	895.36969
907.63135	888.30023
907.68268	895.18634
907.73395	895.79883
907.78528	895.53595
907.83655	902.07123
907.88782	887.94037
907.93915	894.07166
907.99042	899.47528
908.04175	895.93921
908.09302	902.63483
908.14429	898.88531
908.19562	889.25177
908.24689	890.73962
908.29822	888.29089
908.34949	891.78101
908.40076	892.98975
908.45209	890.11365
908.50336	889.03766
908.55463	895.08771
908.60596	901.20374
908.65723	906.53204
908.70856	896.6795
908.75983	892.27209
908.8111	894.59137
908.86243	890.3902
908.9137	887.70953
908.96503	897.35809
909.0163	894.17773
909.06757	894.39703
909.1189	892.64569
909.17017	894.98865
909.2215	894.73022
909.27277	894.8053
909.32404	897.27313
909.37537	899.85114
909.42664	901.32391
909.47797	895.26947
909.52924	896.55469
909.58051	901.35217
909.63184	903.18311
909.68311	898.12726
909.73444	893.40985
909.78571	898.02295
909.83698	892.59698
909.88831	893.47528
909.93958	898.41986
909.99091	900.10388
910.04218	899.69586
910.09344	895.6153
910.14478	892.73248
910.19604	898.10529
910.24738	894.91595
910.29865	886.98596
910.34991	890.99353
910.40125	898.07916
910.45251	894.91449
910.50385	897.3042
910.55511	901.91388
910.60638	902.90143
910.65771	896.57086
910.70898	890.03613
910.76031	902.16412
910.81158	900.64703
910.86285	892.073
910.91418	894.4303
910.96545	893.97284
911.01678	895.72955
911.06805	899.65466
911.11932	892.14886
911.17065	897.77026
911.22192	897.87891
911.27325	901.76642
911.32452	897.60376
911.37579	892.10345
911.42712	895.85156
911.47839	895.3443
911.52966	891.08667
911.58099	893.12329
911.63226	894.19775
911.68359	892.98615
911.73486	900.8418
911.78613	894.14355
911.83746	898.11078
911.88873	895.30829
911.94006	897.98236
911.99133	905.84351
912.0426	895.95862
912.09393	889.47418
912.1452	893.07813
912.19653	899.30176
912.2478	893.63635
912.29907	889.21393
912.3504	895.45618
912.40167	896.87274
912.453	892.16241
912.50427	893.79816
912.55554	895.35205
912.60687	905.25201
912.65814	902.36499
912.70947	898.19507
912.76074	894.2663
912.81201	895.93628
912.86334	896.58899
912.91461	894.70612
912.96594	890.79559
913.01721	894.26086
913.06848	895.28754
913.11981	891.77441
913.17108	893.04871
913.22241	893.72687
913.27368	894.36499
913.32495	894.71417
913.37628	897.99518
913.42755	893.51062
913.47888	886.8924
913.53015	892.99146
913.58142	887.84857
913.63275	895.13025
913.68402	891.01532
913.73535	895.48773
913.78662	893.89685
913.83789	894.73273
913.88922	886.83282
913.94049	884.77216
913.99182	895.01953
914.04309	898.00629
914.09436	897.24097
914.14569	897.79059
914.19696	900.63446
914.24829	901.20776
914.29956	896.1535
914.35083	896.13794
914.40216	903.18152
914.45343	901.72217
914.50476	898.29651
914.55603	897.88226
914.6073	898.30322
914.65863	895.83508
914.7099	891.35944
914.76117	890.6842
914.8125	896.23273
914.86377	893.20099
914.9151	889.00354
914.96637	892.6142
915.01764	895.4472
915.06897	890.46216
915.12024	889.67682
915.17157	895.77905
915.22284	892.43823
915.27411	888.33875
915.32544	889.73883
915.37671	893.27875
915.42804	898.03778
915.47931	896.99371
915.53058	894.48419
915.58191	894.16754
915.63318	893.94006
915.68451	898.3476
915.73578	898.13104
915.78705	896.40222
915.83838	895.29437
915.88965	888.69324
915.94098	892.54437
915.99225	892.18011
916.04352	897.49036
916.09485	899.00647
916.14612	888.63586
916.19745	895.3515
916.24872	899.25049
916.29999	892.0105
916.35132	891.48303
916.40259	893.14374
916.45392	897.18329
916.50519	891.92993
916.55646	894.83948
916.60779	892.73157
916.65906	894.56445
916.71039	894.56567
916.76166	889.69629
916.81293	900.98816
916.86426	899.87799
916.91553	894.97156
916.96686	891.3222
917.01813	899.42255
917.0694	897.88519
917.12073	889.74707
917.172	894.93475
917.22333	892.41943
917.2746	892.95874
917.32587	890.67181
917.3772	896.09802
917.42847	899.36859
917.4798	897.32733
917.53107	894.51617
917.58234	894.09882
917.63367	898.79169
917.68494	899.04993
917.73621	894.31903
917.78754	894.25317
917.83881	897.3562
917.89014	897.33667
917.94141	894.08331
917.99268	897.84509
918.04401	897.91479
918.09528	889.7345
918.14661	897.79156
918.19788	893.06799
918.24915	892.20801
918.30048	889.33783
918.35175	891.12219
918.40308	894.7738
918.45435	896.5332
918.50562	890.25714
918.55695	883.2901
918.60822	891.5675
918.65955	895.91809
918.71082	893.15759
918.76208	894.83246
918.81342	896.57123
918.86469	895.4563
918.91602	889.32599
918.96729	894.85822
919.01855	893.80359
919.06989	893.60492
919.12115	894.49774
919.17249	890.90649
919.22375	898.10754
919.27502	898.32104
919.32635	893.0788
919.37762	894.8432
919.42896	896.37128
919.48022	890.43506
919.53149	893.35022
919.58282	894.70544
919.63409	893.24792
919.68542	896.1142
919.73669	898.03992
919.78796	896.31268
919.83929	896.38116
919.89056	892.21118
919.94189	891.60974
919.99316	893.99701
920.04443	896.25342
920.09576	896.97607
920.14703	894.41406
920.19836	900.58252
920.24963	900.92798
920.3009	896.1438
920.35223	894.64728
920.4035	894.86804
920.45483	894.29053
920.5061	893.37366
920.55737	890.32196
920.6087	893.703
920.65997	894.32043
920.7113	894.39117
920.76257	893.81897
920.81384	896.37598
920.86517	899.9585
920.91644	892.35156
920.96771	893.27277
921.01904	892.33832
921.07031	896.21075
921.12164	884.95728
921.17291	894.70966
921.22418	901.6676
921.27551	894.7843
921.32678	889.96533
921.37811	889.98608
921.42938	895.99933
921.48065	890.37927
921.53198	893.32745
921.58325	899.59753
921.63458	895.94202
921.68585	893.54797
921.73712	889.10834
921.78845	891.74823
921.83972	895.19409
921.89105	893.78857
921.94232	892.13293
921.99359	892.35632
922.04492	893.67957
922.09619	899.01904
922.14752	894.92682
922.19879	892.64807
922.25006	896.01007
922.30139	898.2663
922.35266	891.98981
922.40399	895.26569
922.45526	897.02618
922.50653	892.68134
922.55786	896.87274
922.60913	894.72693
922.66046	893.97803
922.71173	892.16797
922.763	894.34332
922.81433	896.90344
922.8656	896.00781
922.91693	893.43152
922.9682	890.8587
923.01947	893.53925
923.0708	896.06592
923.12207	895.06897
923.1734	891.54071
923.22467	891.39227
923.27594	895.83734
923.32727	891.99353
923.37854	892.16345
923.42987	897.68158
923.48114	896.58374
923.53241	887.26813
923.58374	892.46082
923.63501	897.22314
923.68634	896.61316
923.73761	892.32019
923.78888	890.87134
923.84021	898.85101
923.89148	900.64392
923.94275	891.8963
923.99408	890.83813
924.04535	893.23315
924.09668	892.81567
924.14795	893.85895
924.19922	897.62341
924.25055	894.61725
924.30182	901.47369
924.35315	894.38354
924.40442	895.34418
924.45569	895.74792
924.50702	898.12555
924.55829	893.89917
924.60962	888.77228
924.66089	899.45227
924.71216	891.23059
924.76349	892.18378
924.81476	890.82605
924.86609	898.31079
924.91736	895.80603
924.96863	894.48773
925.01996	891.58301
925.07123	894.9295
925.12256	894.15631
925.17383	892.47266
925.2251	894.44324
925.27643	898.01154
925.3277	897.46924
925.37903	890.59979
925.4303	893.05591
925.48157	892.79224
925.5329	891.02368
925.58417	897.82532
925.6355	896.54865
925.68677	896.95782
925.73804	894.82819
925.78937	888.89392
925.84064	895.63129
925.89197	899.03229
925.94324	895.01263
925.99451	893.8606
926.04584	893.19165
926.09711	893.94214
926.14844	893.34515
926.19971	894.28345
926.25098	896.37378
926.30231	902.78192
926.35358	896.66675
926.40491	890.62756
926.45618	896.03058
926.50745	896.95319
926.55878	891.55341
926.61005	889.79761
926.66138	898.31226
926.71265	896.31769
926.76392	887.96533
926.81525	895.53668
926.86652	898.02026
926.91779	888.448
926.96912	885.75824
927.02039	893.86475
927.07172	901.39191
927.12299	895.45496
927.17426	890.74921
927.22559	895.96271
927.27686	899.01221
927.32819	893.51306
927.37946	889.30292
927.43073	899.73145
927.48206	895.30841
927.53333	895.51752
927.58466	896.15607
927.63593	900.66675
927.68719	903.94958
927.73853	898.42133
927.78979	889.50226
927.84113	890.58514
927.8924	893.85138
927.94366	891.65717
927.995	894.48816
928.04626	897.93683
928.0976	898.74506
928.14886	894.66644
928.20013	891.59631
928.25146	894.89691
928.30273	894.33972
928.35406	892.03046
928.40533	892.38391
928.4566	893.73706
928.50793	894.50018
928.5592	891.6449
928.61053	888.98132
928.6618	894.15979
928.71307	899.72052
928.7644	900.47473
928.81567	898.76813
928.867	903.54932
928.91827	898.52881
928.96954	895.57434
929.02087	891.79779
929.07214	894.43579
929.12347	896.63867
929.17474	896.68951
929.22601	896.05872
929.27734	897.79791
929.32861	899.8111
929.37994	888.50372
929.43121	899.8219
929.48248	893.70081
929.53381	898.44922
929.58508	894.22522
929.63641	898.25391
929.68768	899.72009
929.73895	894.82892
929.79028	887.57416
929.84155	894.26373
929.89288	893.22571
929.94415	894.90082
929.99542	892.16254
930.04675	897.94666
930.09802	897.87054
930.14929	893.93628
930.20062	894.18927
930.25189	895.79907
930.30322	890.69861
930.35449	895.52649
930.40576	893.2157
930.45709	896.5578
930.50836	898.54572
930.55969	896.05878
930.61096	893.18958
930.66223	891.01086
930.71356	891.90204
930.76483	892.97083
930.81616	892.03247
930.86743	892.3349
930.9187	894.15033
930.97003	895.78149
931.0213	892.01013
931.07263	895.14117
931.1239	899.27625
931.17517	899.0639
931.2265	895.49731
931.27777	897.20734
931.3291	903.90088
931.38037	895.59949
931.43164	895.52356
931.48297	894.396
931.53424	895.31183
931.58557	892.75049
931.63684	892.95856
931.68811	896.35022
931.73944	899.48816
931.79071	894.43506
931.84204	895.59674
931.89331	893.05084
931.94458	899.58368
931.99591	889.04108
932.04718	895.90228
932.09851	901.71417
932.14978	896.05865
932.20105	899.80109
932.25238	898.60211
932.30365	896.29858
932.35498	899.47583
932.40625	895.2085
932.45752	886.03174
932.50885	887.05151
932.56012	888.70844
932.61145	892.32245
932.66272	895.37854
932.71399	897.37964
932.76532	892.03583
932.81659	895.16754
932.86792	897.87299
932.91919	899.70148
932.97046	898.11658
933.02179	899.05035
933.07306	895.68549
933.12433	899.49286
933.17566	897.29523
933.22693	889.87482
933.27826	893.87714
933.32953	898.3125
933.3808	895.65167
933.43213	889.86395
933.4834	890.9469
933.53473	898.6983
933.586	893.01825
933.63727	887.17847
933.6886	894.21655
933.73987	894.36194
933.7912	902.82074
933.84247	893.59113
933.89374	888.06573
933.94507	901.03662
933.99634	900.02795
934.04767	894.71936
934.09894	897.17969
934.15021	895.22919
934.20154	903.64465
934.25281	894.86566
934.30414	896.58698
934.35541	894.91644
934.40668	898.67865
934.45801	891.88513
934.50928	895.87476
934.56061	902.58636
934.61188	895.75031
934.66315	895.24164
934.71448	900.41693
934.76575	896.56464
934.81708	895.62463
934.86835	899.99994
934.91962	896.87549
934.97095	899.17145
935.02222	889.68622
935.07355	893.76935
935.12482	897.85254
935.17609	899.35126
935.22742	895.78564
935.27869	896.44556
935.33002	898.48639
935.38129	901.2749
935.43256	897.06036
935.48389	889.69348
935.53516	894.65234
935.58649	893.47961
935.63776	887.88818
935.68903	894.31439
935.74036	901.67584
935.79163	895.95056
935.84296	892.76886
935.89423	895.12207
935.9455	894.32477
935.99683	889.60364
936.0481	891.03223
936.09943	898.84357
936.1507	898.97131
936.20197	895.60376
936.2533	902.16223
936.30457	901.70856
936.35583	897.61884
936.40717	891.92108
936.45844	892.40717
936.50977	900.39069
936.56104	896.52264
936.6123	886.82391
936.66364	896.72205
936.7149	894.93744
936.76624	899.53455
936.8175	892.8783
936.86877	894.73053
936.9201	888.95612
936.97137	898.14545
937.02271	905.24835
937.07397	886.26385
937.12524	901.62262
937.17657	900.06458
937.22784	894.48492
937.27917	889.14661
937.33044	896.72571
937.38171	898.73236
937.43304	893.4267
937.48431	897.39691
937.53564	891.42017
937.58691	887.27026
937.63818	890.05707
937.68951	891.19446
937.74078	893.83643
937.79211	892.70563
937.84338	897.39282
937.89465	898.82867
937.94598	896.31818
937.99725	894.22321
938.04858	898.80035
938.09985	895.74359
938.15112	892.57483
938.20245	891.67871
938.25372	894.08032
938.30505	896.46185
938.35632	900.83813
938.40759	899.04651
938.45892	893.9494
938.51019	897.66168
938.56152	902.6217
938.61279	898.41418
938.66406	895.91528
938.71539	899.68494
938.76666	899.86768
938.81799	890.40735
938.86926	891.28436
938.92053	896.12695
938.97186	898.505
939.02313	891.21655
939.07446	891.63617
939.12573	900.48077
939.177	902.67462
939.22833	892.83533
939.2796	899.40454
939.33087	893.80859
939.3822	896.48187
939.43347	903.64978
939.4848	895.66943
939.53607	895.98444
939.58734	897.48596
939.63867	896.25922
939.68994	895.79193
939.74127	898.66663
939.79254	894.84705
939.84381	891.1911
939.89514	888.92407
939.94641	893.0155
939.99774	891.67273
940.04901	888.11401
940.10028	895.68915
940.15161	897.35992
940.20288	897.46106
940.25421	899.64838
940.30548	896.15558
940.35675	893.68787
940.40808	893.01166
940.45935	896.17987
940.51068	901.40991
940.56195	899.57678
940.61322	893.19019
940.66455	889.97845
940.71582	896.4505
940.76715	898.22498
940.81842	896.1781
940.86969	894.13196
940.92102	899.04224
940.97229	904.60779
941.02362	901.53149
941.07489	884.63214
941.12616	897.19849
941.17749	895.18445
941.22876	900.08929
941.28009	890.34937
941.33136	901.10638
941.38263	898.67487
941.43396	891.60626
941.48523	888.88379
941.53656	898.36664
941.58783	893.39307
941.6391	890.22467
941.69043	888.8703
941.7417	904.46674
941.79303	895.94586
941.8443	887.9823
941.89557	889.17902
941.9469	890.19409
941.99817	894.20929
942.0495	883.29108
942.10077	890.95526
942.15204	899.58051
942.20337	895.61786
942.25464	887.22046
942.30591	891.99121
942.35724	895.54474
942.40851	896.47528
942.45984	891.65112
942.51111	893.04749
942.56238	898.16425
942.61371	894.11914
942.66498	889.70624
942.71631	897.60632
942.76758	900.14355
942.81885	897.94568
942.87018	896.2644
942.92145	894.2157
942.97278	899.20264
943.02405	892.11945
943.07532	890.82385
943.12665	893.117
943.17792	893.56854
943.22925	894.3877
943.28052	909.75946
943.33179	903.01947
943.38312	904.237
943.43439	899.98676
943.48572	900.49994
943.53699	899.59534
943.58826	900.54443
943.63959	892.60944
943.69086	897.55457
943.74219	897.95874
943.79346	904.06244
943.84473	898.33997
943.89606	896.80658
943.94733	899.00488
943.99866	899.43079
944.04993	889.54474
944.1012	892.68695
944.15253	903.29376
944.2038	901.45343
944.25513	897.35602
944.3064	896.1391
944.35767	899.88025
944.409	897.59491
944.46027	890.5755
944.5116	892.10797
944.56287	898.09113
944.61414	895.67645
944.66547	893.52795
944.71674	891.99146
944.76807	899.09039
944.81934	898.6889
944.87061	898.94409
944.92194	898.05414
944.97321	900.20593
945.02454	898.92688
945.07581	892.43964
945.12708	894.73938
945.17841	895.78601
945.22968	892.50238
945.28101	891.51117
945.33228	894.71393
945.38354	899.63306
945.43488	895.40942
945.48615	897.12573
945.53741	891.21735
945.58875	897.87769
945.64001	894.71478
945.69135	893.5296
945.74261	891.50818
945.79388	907.23364
945.84521	893.49579
945.89648	893.62903
945.94781	895.58508
945.99908	896.95502
946.05035	899.08258
946.10168	892.47394
946.15295	902.4873
946.20428	900.98688
946.25555	897.39441
946.30682	902.95776
946.35815	903.49469
946.40942	902.55133
946.46075	893.51202
946.51202	900.75562
946.56329	896.39325
946.61462	893.52222
946.66589	895.60468
946.71722	896.76813
946.76849	897.05292
946.81976	899.54681
946.87109	899.67395
946.92236	898.25391
946.97369	895.22345
947.02496	889.03448
947.07623	895.66992
947.12756	897.18176
947.17883	900.9046
947.23016	892.87482
947.28143	889.91736
947.3327	893.47638
947.38403	899.13477
947.4353	896.42719
947.48663	887.98181
947.5379	892.42578
947.58917	896.96185
947.6405	892.93018
947.69177	895.22986
947.7431	891.63171
947.79437	896.33215
947.84564	888.43268
947.89697	885.63354
947.94824	892.75372
947.99957	897.89429
948.05084	891.95313
948.10211	897.20447
948.15344	901.20648
948.20471	893.36249
948.25604	890.05408
948.30731	897.7959
948.35858	901.41608
948.40991	898.98102
948.46118	900.72723
948.51245	901.0943
948.56378	900.77496
948.61505	898.77167
948.66638	894.82196
948.71765	897.13184
948.76892	901.68689
948.82025	901.06104
948.87152	894.89343
948.92285	891.88293
948.97412	893.62781
949.02539	895.40887
949.07672	897.82617
949.12799	898.77588
949.17932	895.78223
949.23059	896.44489
949.28186	886.80835
949.33319	891.90973
949.38446	897.66815
949.43579	891.35815
949.48706	891.01093
949.53833	889.72852
949.58966	891.11005
949.64093	894.04156
949.69226	888.02679
949.74353	905.13763
949.7948	895.82605
949.84613	897.35663
949.8974	895.38513
949.94873	895.45593
950	897.258
