500	909
500.0513	909.24353
500.1026	912.17157
500.15387	914.44348
500.20517	898.08807
500.25647	907.84314
500.30777	893.57971
500.35907	909.81683
500.41034	909.13202
500.46164	912.49115
500.51294	918.97101
500.56424	914.87744
500.61554	909.00677
500.66681	903.13843
500.71811	912.60028
500.76941	915.11029
500.82071	909.09155
500.87198	905.43506
500.92328	906.8186
500.97458	914.2522
501.02588	910.9389
501.07718	903.77673
501.12845	913.79218
501.17975	914.49286
501.23105	906.14484
501.28235	909.71655
501.33365	914.69128
501.38492	915.12976
501.43622	914.80389
501.48752	912.83765
501.53882	912.3941
501.59012	913.97467
501.64139	909.94403
501.69269	904.28992
501.74399	909.44373
501.79529	903.12256
501.84659	907.78101
501.89786	906.61487
501.94916	903.28894
502.00046	917.19977
502.05176	905.20465
502.10306	904.16943
502.15433	909.64099
502.20563	911.16693
502.25693	907.06946
502.30823	899.41193
502.3595	899.39722
502.4108	910.08411
502.4621	914.16357
502.5134	913.4281
502.5647	909.73407
502.61597	912.83228
502.66727	910.74927
502.71857	911.95288
502.76987	913.08496
502.82117	912.4834
502.87244	919.82526
502.92374	912.69897
502.97504	914.18829
503.02634	905.92029
503.07764	905.16205
503.12891	906.53845
503.18021	904.93298
503.23151	908.28143
503.28281	917.36572
503.33411	918.31879
503.38538	916.14075
503.43668	915.60297
503.48798	912.65918
503.53928	908.37354
503.59058	905.46802
503.64185	906.42963
503.69315	906.63855
503.74445	908.11499
503.79575	910.34192
503.84705	909.41223
503.89832	913.83124
503.94962	909.1402
504.00092	904.39374
504.05222	906.12213
504.10349	908.20074
504.15479	914.04541
504.20609	914.03497
504.25739	909.54297
504.30869	915.11322
504.35995	917.75616
504.41125	916.63202
504.46255	912.59106
504.51385	902.81567
504.56516	903.73804
504.61642	913.24164
504.66772	906.32971
504.71902	903.91724
504.77032	910.73358
504.82162	902.2912
504.87289	905.66345
504.92419	909.08539
504.97549	903.37579
505.02679	906.95587
505.07809	910.09137
505.12936	907.75061
505.18066	910.72729
505.23196	912.57385
505.28326	909.34668
505.33456	910.02094
505.38583	917.48395
505.43713	917.51239
505.48843	912.30658
505.53973	911.53522
505.591	913.97437
505.6423	909.24506
505.6936	909.25391
505.7449	913.98297
505.7962	910.22638
505.84747	908.71118
505.89877	906.90552
505.95007	914.39954
506.00137	916.2832
506.05267	906.75922
506.10394	905.59027
506.15524	907.28119
506.20654	912.05157
506.25784	917.88751
506.30914	915.74823
506.36041	913.10144
506.41171	911.73328
506.46301	907.91431
506.51431	906.15289
506.56561	917.35815
506.61688	920.04828
506.66818	916.2326
506.71948	924.03094
506.77078	921.24658
506.82208	907.9762
506.87335	914.42615
506.92465	911.52075
506.97595	913.67981
507.02725	912.36877
507.07852	914.51025
507.12982	912.63434
507.18112	905.81384
507.23242	906.2572
507.28372	909.90186
507.33499	910.97107
507.38629	912.32098
507.43759	918.21313
507.48889	906.94427
507.54019	906.87109
507.59146	913.07593
507.64276	910.48645
507.69406	907.8681
507.74536	908.3728
507.79666	904.86865
507.84793	899.87762
507.89923	910.0553
507.95053	914.41211
508.00183	901.77991
508.05313	907.47028
508.1044	918.17834
508.1557	918.73303
508.207	916.58612
508.2583	918.11926
508.3096	913.54156
508.36087	916.98773
508.41217	910.13574
508.46347	906.20911
508.51477	913.32013
508.56604	914.98431
508.61734	907.36304
508.66864	919.79346
508.71994	920.3017
508.77124	905.50317
508.82251	904.91199
508.87381	915.46985
508.92511	909.59192
508.97641	921.06714
509.02771	905.48798
509.07898	904.47119
509.13028	907.14136
509.18158	912.67444
509.23288	906.6366
509.28418	912.8457
509.33545	910.38434
509.38675	921.07941
509.43805	916.79871
509.48935	912.15228
509.54065	914.89282
509.59192	913.57214
509.64322	911.64423
509.69452	907.44257
509.74582	910.85138
509.79712	913.66919
509.84839	909.23889
509.89969	906.23596
509.95099	913.60309
510.00229	916.17072
510.05356	916.04535
510.10486	919.25983
510.15616	919.46899
510.20746	915.78247
510.25876	912.81207
510.31003	916.81427
510.36133	910.07068
510.41263	909.37506
510.46393	918.04907
510.51523	924.61322
510.5665	908.83344
510.6178	918.65149
510.6691	916.29224
510.7204	922.60632
510.7717	913.59998
510.82297	920.86249
510.87427	913.9566
510.92557	914.59296
510.97687	921.13782
511.02817	923.62793
511.07944	917.84863
511.13074	915.89227
511.18204	920.76648
511.23334	923.72424
511.28464	919.16882
511.33591	917.91302
511.38721	916.03271
511.43851	920.12317
511.48981	922.46588
511.54111	924.40662
511.59238	910.38965
511.64368	922.23712
511.69498	925.96912
511.74628	919.14154
511.79755	920.93445
511.84885	916.51715
511.90015	913.6626
511.95145	912.37012
512.00275	912.86523
512.05402	926.07727
512.10535	935.17493
512.15662	927.90515
512.20789	925.25671
512.25922	926.54657
512.31049	925.02539
512.36182	925.98834
512.41309	922.59119
512.46436	915.02136
512.51569	916.95245
512.56696	922.16254
512.61829	917.14728
512.66956	922.96722
512.72083	927.31995
512.77216	919.8548
512.82343	928.33624
512.87476	919.84967
512.92603	922.63104
512.97729	925.28998
513.02863	916.66913
513.0799	920.90204
513.13123	933.78125
513.1825	914.70862
513.23376	910.64789
513.2851	927.31879
513.33636	928.22052
513.3877	927.12219
513.43896	912.43231
513.49023	927.61743
513.54156	917.84796
513.59283	938.30621
513.64417	922.24371
513.69543	928.88965
513.7467	926.72723
513.79803	925.28986
513.8493	925.10388
513.90057	919.59906
513.9519	915.78998
514.00317	926.15332
514.0545	931.47919
514.10577	924.38434
514.15704	916.9798
514.20837	921.49957
514.25964	923.10291
514.31097	920.76068
514.36224	924.62335
514.41351	928.50311
514.46484	925.15558
514.51611	926.04535
514.56744	927.92059
514.61871	926.82764
514.66998	926.96887
514.72131	926.70941
514.77258	927.43384
514.82391	929.50763
514.87518	934.17078
514.92645	931.0675
514.97778	928.84357
515.02905	939.47131
515.08038	938.7511
515.13165	937.73621
515.18292	935.85907
515.23425	940.5293
515.28552	943.32617
515.33685	938.45038
515.38812	923.19769
515.43939	934.05054
515.49072	943.68231
515.54199	935.12543
515.59332	941.6546
515.64459	942.53119
515.69586	940.63092
515.74719	949.42139
515.79846	966.85809
515.84979	953.42853
515.90106	964.45581
515.95233	957.43903
516.00366	973.09229
516.05493	975.47168
516.10626	991.22156
516.15753	988.78729
516.2088	1002.3653
516.26013	1001.8309
516.3114	1013.7491
516.36273	1030.6245
516.414	1041.6471
516.46527	1041.6516
516.5166	1042.3011
516.56787	1035.7374
516.6192	1048.3873
516.67047	1058.7075
516.72174	1069.0371
516.77307	1066.3762
516.82434	1065.0844
516.87567	1074.2365
516.92694	1076.7001
516.97821	1070.8134
517.02954	1076.6785
517.08081	1091.2874
517.13208	1084.0386
517.18341	1071.4014
517.23468	1055.3556
517.28601	1048.1653
517.33728	1047.4435
517.38855	1059.8682
517.43988	1062.7345
517.49115	1041.7671
517.54248	1059.3969
517.59375	1058.0031
517.64502	1062.0159
517.69635	1064.417
517.74762	1078.1147
517.79895	1078.9718
517.85022	1079.2122
517.90149	1082.5127
517.95282	1092.4712
518.00409	1127.1307
518.05542	1088.9607
518.10669	1121.1161
518.15796	1121.8689
518.20929	1134.9221
518.26056	1123.9865
518.31189	1126.3851
518.36316	1159.8115
518.41443	1119.9149
518.46576	1143.1362
518.51703	1153.7834
518.56836	1153.9694
518.61963	1150.6959
518.6709	1142.3367
518.72223	1150.4601
518.7735	1133.1412
518.82483	1149.946
518.8761	1186.7831
518.92737	1187.6738
518.9787	1200.1082
519.02997	1195.0114
519.0813	1211.9979
519.13257	1233.5023
519.18384	1249.2772
519.23517	1264.5602
519.28644	1283.2122
519.33777	1301.7029
519.38904	1302.1279
519.44031	1310.4711
519.49164	1298.6144
519.54291	1285.8185
519.59424	1319.7545
519.64551	1330.7861
519.69678	1328.5082
519.74811	1330.1166
519.79938	1349.4011
519.85071	1380.7697
519.90198	1405.2971
519.95325	1455.152
520.00458	1460.1174
520.05585	1477.2229
520.10712	1520.8682
520.15845	1496.2841
520.20972	1527.6503
520.26105	1531.9725
520.31232	1539.1449
520.36359	1497.4432
520.41492	1469.2151
520.46619	1468.2222
520.51752	1462.4114
520.56879	1421.6775
520.62006	1410.8717
520.67139	1361.5637
520.72266	1317.4991
520.77399	1294.1136
520.82526	1302.8071
520.87653	1265.1912
520.92786	1273.5323
520.97913	1238.683
521.03046	1234.55
521.08173	1247.2339
521.133	1262.3434
521.18433	1258.0752
521.2356	1245.3318
521.28693	1287.3754
521.3382	1322.2998
521.38947	1305.0713
521.4408	1289.928
521.49207	1265.8751
521.5434	1268.9564
521.59467	1278.0632
521.64594	1253.9952
521.69727	1232.6829
521.74854	1214.0599
521.79987	1209.759
521.85114	1217.0574
521.9024	1205.678
521.95374	1191.9304
522.005	1177.8088
522.05634	1185.9573
522.1076	1204.8431
522.15887	1227.2562
522.21021	1244.2344
522.26147	1230.4811
522.31281	1227.1198
522.36407	1228.0629
522.41534	1225.2913
522.46667	1230.903
522.51794	1268.1174
522.56927	1260.3425
522.62054	1275.7592
522.67181	1294.5109
522.72314	1270.4368
522.77441	1304.7982
522.82574	1312.3623
522.87701	1295.6962
522.92828	1258.6836
522.97961	1305.7977
523.03088	1279.7446
523.08221	1287.4137
523.13348	1291.0961
523.18475	1268.9646
523.23608	1280.5781
523.28735	1258.7452
523.33862	1229.3741
523.38995	1255.332
523.44122	1268.1498
523.49255	1256.0614
523.54382	1237.7046
523.59509	1245.541
523.64642	1237.795
523.69769	1234.5518
523.74902	1236.2664
523.80029	1233.186
523.85156	1225.9099
523.90289	1239.3497
523.95416	1244.502
524.00549	1246.661
524.05676	1242.9977
524.10803	1249.7201
524.15936	1263.4772
524.21063	1241.6272
524.26196	1223.6691
524.31323	1224.2734
524.3645	1213.179
524.41583	1202.802
524.4671	1210.9105
524.51843	1217.6213
524.5697	1201.9261
524.62097	1192.2532
524.6723	1188.311
524.72357	1208.6427
524.7749	1198.8422
524.82617	1199.791
524.87744	1197.1182
524.92877	1220.7827
524.98004	1191.424
525.03137	1184.1965
525.08264	1201.507
525.13391	1197.8694
525.18524	1198.1155
525.23651	1202.6184
525.28784	1195.7806
525.33911	1191.848
525.39038	1225.7496
525.44171	1192.5961
525.49298	1220.4968
525.54431	1224.5688
525.59558	1199.8719
525.64685	1204.53
525.69818	1233.6588
525.74945	1204.8069
525.80078	1237.9768
525.85205	1217.8163
525.90332	1215.0034
525.95465	1215.1453
526.00592	1216.0671
526.05725	1213.0878
526.10852	1249.8308
526.15979	1231.1458
526.21112	1244.6525
526.26239	1243.2849
526.31366	1249.5554
526.36499	1269.6405
526.41626	1288.3766
526.46759	1283.3879
526.51886	1274.6223
526.57013	1288.9203
526.62146	1287.0227
526.67273	1293.5444
526.72406	1328.3303
526.77533	1342.8156
526.8266	1340.6066
526.87793	1348.4106
526.9292	1360.5278
526.98053	1350.6984
527.0318	1359.3253
527.08307	1372.8447
527.1344	1409.1322
527.18567	1417.5007
527.237	1418.1124
527.28827	1431.0656
527.33954	1411.7076
527.39087	1417.4257
527.44214	1378.4193
527.49347	1401.6221
527.54474	1434.4928
527.59601	1412.9807
527.64734	1413.7421
527.69861	1446.5676
527.74994	1435.6235
527.80121	1419.7271
527.85248	1384.4098
527.90381	1419.0176
527.95508	1352.6038
528.00641	1427.1309
528.05768	1413.0087
528.10895	1400.3401
528.16028	1387.7024
528.21155	1370.6931
528.26288	1375.4365
528.31415	1371.2961
528.36542	1386.5166
528.41675	1384.0078
528.46802	1398.3792
528.51935	1394.4252
528.57062	1386.6329
528.62189	1398.6305
528.67322	1370.1029
528.72449	1376.1744
528.77582	1376.2577
528.82709	1362.7278
528.87836	1346.4524
528.92969	1334.9417
528.98096	1363.9983
529.03229	1380.2476
529.08356	1364.1165
529.13483	1337.6864
529.18616	1311.6215
529.23743	1308.2787
529.2887	1299.4008
529.34003	1278.3975
529.3913	1292.2947
529.44263	1295.4806
529.4939	1255.1512
529.54517	1259.3352
529.5965	1241.3287
529.64777	1230.9626
529.6991	1251.1838
529.75037	1231.8224
529.80164	1206.3115
529.85297	1178.7433
529.90424	1211.6396
529.95557	1186.8248
530.00684	1187.5762
530.05811	1181.1589
530.10944	1174.4143
530.16071	1187.1877
530.21204	1153.9963
530.26331	1147.7966
530.31458	1136.6309
530.36591	1144.6478
530.41718	1171.11
530.46851	1148.0503
530.51978	1105.4811
530.57104	1112.6273
530.62238	1106.9177
530.67365	1106.2815
530.72498	1104.5221
530.77625	1082.1006
530.82751	1106.5403
530.87885	1077.261
530.93011	1087.4628
530.98145	1088.3262
531.03271	1080.3947
531.08398	1084.0391
531.13531	1069.0085
531.18658	1073.9408
531.23792	1072.3687
531.28918	1078.9412
531.34045	1067.5449
531.39178	1061.157
531.44305	1054.7106
531.49438	1054.817
531.54565	1060.1469
531.59692	1059.4037
531.64825	1058.52
531.69952	1045.0319
531.75085	1034.326
531.80212	1040.2563
531.85339	1042.5031
531.90472	1038.9822
531.95599	1035.7161
532.00732	1036.1373
532.05859	1029.8217
532.10986	1018.8162
532.16119	1010.0118
532.21246	1001.965
532.26379	1005.1209
532.31506	1002.3996
532.36633	1006.3057
532.41766	1008.1678
532.46893	1015.452
532.5202	1001.3576
532.57153	1014.4047
532.6228	1021.1019
532.67413	1013.1159
532.7254	1020.087
532.77667	1000.1064
532.828	1013.8257
532.87927	1001.0339
532.9306	970.85236
532.98187	977.71368
533.03314	985.54401
533.08447	987.53644
533.13574	1002.8337
533.18707	992.35022
533.23834	993.3761
533.28961	999.80011
533.34094	987.35986
533.39221	999.22882
533.44354	991.42511
533.49481	1009.1328
533.54608	999.86182
533.59741	987.85901
533.64868	1005.2158
533.70001	1000.289
533.75128	986.28711
533.80255	997.14606
533.85388	1005.423
533.90515	1013.0086
533.95648	996.31555
534.00775	987.20563
534.05902	991.34723
534.11035	994.47223
534.16162	995.85083
534.21295	996.81732
534.26422	990.88165
534.31549	993.42188
534.36682	990.88782
534.41809	985.88824
534.46942	997.64832
534.52069	1009.8363
534.57196	1012.1743
534.62329	999.59277
534.67456	996.0517
534.72589	1004.12
534.77716	1009.8766
534.82843	1011.1554
534.87976	993.69885
534.93103	1000.6485
534.98236	997.04651
535.03363	999.4812
535.0849	1012.431
535.13623	1022.5381
535.1875	990.92761
535.23883	997.33374
535.2901	1009.1077
535.34137	1009.9436
535.3927	1010.7106
535.44397	1016.5446
535.49524	1012.8995
535.54657	1013.4325
535.59784	1023.6002
535.64917	1042.3413
535.70044	1012.9078
535.75171	1030.4574
535.80304	1019.2892
535.85431	1032.925
535.90564	1020.8655
535.95691	1047.7998
536.00818	1023.3169
536.05951	1016.2753
536.11078	1030.1265
536.16211	1036.8486
536.21338	1035.2646
536.26465	1026.7742
536.31598	1035.4723
536.36725	1041.6611
536.41858	1035.291
536.46985	1035.4847
536.52112	1060.3074
536.57245	1072.6263
536.62372	1081.4905
536.67505	1081.7158
536.72632	1082.0344
536.77759	1097.4073
536.82892	1094.2454
536.88019	1092.8561
536.93152	1086.4443
536.98279	1091.2736
537.03406	1099.8701
537.08539	1114.1019
537.13666	1122.5687
537.18799	1116.3157
537.23926	1131.6687
537.29053	1155.7074
537.34186	1185.5171
537.39313	1202.3555
537.44446	1190.4451
537.49573	1198.4171
537.547	1239.424
537.59833	1230.8387
537.6496	1298.0337
537.70093	1335.6582
537.7522	1336.7448
537.80347	1366.3788
537.8548	1422.3251
537.90607	1489.3342
537.9574	1584.3555
538.00867	1615.1381
538.05994	1712.0847
538.11127	1787.2299
538.16254	1854.7903
538.21387	1999.6282
538.26514	2073.196
538.31641	2096.0254
538.36774	2242.9287
538.41901	2343.0898
538.47034	2346.0203
538.52161	2530.6882
538.57288	2609.4456
538.62421	2613.938
538.67548	2669.9346
538.72675	2607.5535
538.77808	2675.6987
538.82935	2734.2424
538.88068	2684.5874
538.93195	2661.5415
538.98322	2650.0269
539.03455	2658.134
539.08582	2690.9067
539.13715	2636.6931
539.18842	2612.1724
539.23969	2580.0605
539.29102	2532.949
539.34229	2472.9814
539.39362	2483.5002
539.44489	2454.145
539.49615	2463.0913
539.54749	2495.2542
539.59875	2492.7295
539.65009	2432.1609
539.70135	2425.8823
539.75262	2486.2043
539.80396	2514.1497
539.85522	2574.2522
539.90656	2637.0706
539.95782	2660.2537
540.00909	2688.2581
540.06042	2662.7708
540.11169	2687.2554
540.16302	2777.459
540.21429	2806.9858
540.26556	2900.0364
540.31689	2939.8135
540.36816	2931.0093
540.41949	3025.7893
540.47076	3063.9194
540.52203	3092.415
540.57336	3087.2568
540.62463	3098.2559
540.67596	3140.3313
540.72723	3057.1831
540.7785	2985.1748
540.82983	2826.0439
540.8811	2688.6519
540.93243	2584.0752
540.9837	2448.6707
541.03497	2386.3767
541.0863	2261.04
541.13757	2241.4597
541.1889	2222.2615
541.24017	2151.6414
541.29144	2192.8611
541.34277	2127.9697
541.39404	2187.376
541.44537	2234.2571
541.49664	2279.5156
541.54791	2300.3066
541.59924	2296.8459
541.65051	2392.3474
541.70178	2362.1394
541.75311	2393.9685
541.80438	2328.0898
541.85571	2350.0405
541.90698	2320.4368
541.95825	2275.6235
542.00958	2201.2485
542.06085	2218.8069
542.11218	2207.8794
542.16345	2163.9568
542.21472	2079.8901
542.26605	1994.3822
542.31732	1966.3093
542.36865	1954.8209
542.41992	1880.7875
542.47119	1876.0441
542.52252	1843.4023
542.57379	1771.2793
542.62512	1741.8667
542.67639	1726.6853
542.72766	1711.4373
542.77899	1688.5374
542.83026	1659.5093
542.88159	1663.1638
542.93286	1665.7761
542.98413	1620.7622
543.03546	1598.7382
543.08673	1619.0638
543.13806	1651.9473
543.18933	1661.4049
543.2406	1679.3789
543.29193	1656.165
543.3432	1649.9335
543.39453	1668.8414
543.4458	1639.3997
543.49707	1643.6305
543.5484	1697.5791
543.59967	1758.2444
543.651	1731.3667
543.70227	1660.1874
543.75354	1711.3518
543.80487	1751.6368
543.85614	1789.1178
543.90747	1803.4733
543.95874	1813.8358
544.01001	1819.3989
544.06134	1835.667
544.11261	1842.5715
544.16394	1898.3645
544.21521	1881.6594
544.26648	1884.2882
544.31781	1931.8981
544.36908	2008.1
544.42041	2019.7485
544.47168	2125.4092
544.52295	2149.6467
544.57428	2200.5439
544.62555	2264.178
544.67688	2260.1772
544.72815	2275.1074
544.77942	2338.8252
544.83075	2312.2434
544.88202	2329.8621
544.93329	2320.613
544.98462	2280.8145
545.03589	2264.6252
545.08722	2280.4211
545.13849	2298.9158
545.18976	2245.6758
545.24109	2247.7258
545.29236	2227.4949
545.34369	2173.199
545.39496	2161.8772
545.44623	2166.3367
545.49756	2148.9944
545.54883	2094.7493
545.60016	2085.9846
545.65143	2087.9058
545.7027	2105.6897
545.75403	2126.0449
545.8053	2080.5706
545.85663	2036.5564
545.9079	2029.4855
545.95917	2055.7021
546.0105	2022.5421
546.06177	1963.4722
546.1131	1936.6735
546.16437	1896.6296
546.21564	1860.2571
546.26697	1835.7367
546.31824	1797.547
546.36957	1828.0455
546.42084	1816.4296
546.47211	1773.7001
546.52344	1755.0376
546.57471	1734.0593
546.62604	1678.1703
546.67731	1699.0171
546.72858	1699.6697
546.77991	1696.5907
546.83118	1711.5786
546.88251	1671.8604
546.93378	1688.172
546.98505	1738.7026
547.03638	1677.7634
547.08765	1682.0688
547.13898	1700.1295
547.19025	1651.8953
547.24152	1655.4359
547.29285	1647.848
547.34412	1655.0365
547.39545	1649.0088
547.44672	1633.9351
547.49799	1656.5322
547.54932	1656.8209
547.60059	1651.2791
547.65192	1689.9667
547.70319	1683.3848
547.75446	1658.5869
547.80579	1682.6456
547.85706	1661.7043
547.90833	1674.5458
547.95966	1682.0679
548.01093	1706.9385
548.06226	1722.6622
548.11353	1748.7751
548.16479	1739.0409
548.21613	1739.1223
548.2674	1742.3148
548.31873	1770.3557
548.37	1782.4119
548.42126	1793.9282
548.4726	1840.927
548.52386	1880.6414
548.5752	1884.4855
548.62646	1882.5812
548.67773	1891.8179
548.72906	1935.6895
548.78033	1973.7045
548.83167	1957.5282
548.88293	1967.5681
548.9342	2034.9143
548.98553	2045.8806
549.0368	2059.563
549.08813	2108.4131
549.1394	2108.4849
549.19067	2136.1372
549.242	2145.3088
549.29327	2138.0654
549.3446	2191.7688
549.39587	2202.9951
549.44714	2191.2542
549.49847	2215.9573
549.54974	2187.7266
549.60107	2167.5435
549.65234	2177.5212
549.70361	2229.5186
549.75494	2181.6523
549.80621	2159.6284
549.85754	2174.8083
549.90881	2108.478
549.96008	2129.4636
550.01141	2043.1593
550.06268	2090.6565
550.11401	2033.0806
550.16528	1999.6041
550.21655	1968.6952
550.26788	1930.6925
550.31915	1928.0044
550.37048	1906.0867
550.42175	1857.4185
550.47302	1858.0071
550.52435	1850.261
550.57562	1815.6104
550.62695	1803.4581
550.67822	1767.5585
550.72949	1743.3839
550.78082	1737.6741
550.83209	1690.0029
550.88336	1649.4849
550.93469	1643.8029
550.98596	1626.3451
551.03729	1616.5745
551.08856	1630.8513
551.13983	1597.7731
551.19116	1596.4011
551.24243	1577.1868
551.29376	1554.3059
551.34503	1536.0602
551.3963	1531.5409
551.44763	1540.3865
551.4989	1509.2988
551.55023	1506.3473
551.6015	1496.401
551.65277	1470.639
551.7041	1466.8191
551.75537	1460.9969
551.8067	1467.3838
551.85797	1449.4927
551.90924	1437.5758
551.96057	1414.4092
552.01184	1411.0511
552.06317	1413.0548
552.11444	1401.8464
552.16571	1407.6052
552.21704	1400.7822
552.26831	1396.6686
552.31964	1393.9634
552.37091	1379.6256
552.42218	1366.3872
552.47351	1345.4252
552.52478	1336.254
552.57611	1348.6234
552.62738	1348.3075
552.67865	1340.4999
552.72998	1319.0037
552.78125	1289.1719
552.83258	1297.8551
552.88385	1302.5858
552.93512	1276.761
552.98645	1296.6614
553.03772	1325.0017
553.08905	1293.5654
553.14032	1277.6746
553.19159	1290.2319
553.24292	1262.6049
553.29419	1250.2783
553.34552	1231.2758
553.39679	1221.8898
553.44806	1243.1973
553.49939	1253.7289
553.55066	1234.8723
553.60199	1225.322
553.65326	1239.0396
553.70453	1212.3511
553.75586	1201.6703
553.80713	1202.2449
553.85846	1177.8464
553.90973	1201.4319
553.961	1197.5446
554.01233	1190.6752
554.0636	1171.6301
554.11487	1192.9753
554.1662	1181.6025
554.21747	1173.1149
554.2688	1131.5363
554.32007	1142.0205
554.37134	1154.38
554.42267	1140.4679
554.47394	1138.6245
554.52527	1131
554.57654	1136.5314
554.62781	1130.9178
554.67914	1115.2854
554.73041	1120.1498
554.78174	1123.3807
554.83301	1102.4163
554.88428	1090.797
554.93561	1111.1174
554.98688	1115.0725
555.03821	1107.9559
555.08948	1097.8551
555.14075	1088.1249
555.19208	1087.1431
555.24335	1083.9821
555.29468	1098.7494
555.34595	1097.662
555.39722	1124.4065
555.44855	1107.3374
555.49982	1099.2844
555.55115	1092.7051
555.60242	1095.0714
555.65369	1091.3258
555.70502	1096.9666
555.75629	1077.9746
555.80762	1114.3242
555.85889	1093.7151
555.91016	1074.0876
555.96149	1079.0115
556.01276	1085.8517
556.06409	1078.0227
556.11536	1082.63
556.16663	1088.4568
556.21796	1105.3687
556.26923	1058.1328
556.32056	1062.4678
556.37183	1062.8916
556.4231	1066.9521
556.47443	1056.1929
556.5257	1039.2316
556.57703	1040.3979
556.6283	1043.9696
556.67957	1024.5154
556.7309	1035.0801
556.78217	1037.3815
556.8335	1041.1119
556.88477	1048.9408
556.93604	1037.9452
556.98737	1036.8582
557.03864	1049.7002
557.0899	1038.3892
557.14124	1029.3705
557.1925	1025.4214
557.24384	1032.2035
557.2951	1037.8424
557.34637	1030.4832
557.39771	1031.2299
557.44897	1029.9446
557.50031	1018.5905
557.55157	1014.0547
557.60284	1027.125
557.65417	1028.1888
557.70544	1000.4576
557.75677	1006.5493
557.80804	1022.526
557.85931	1009.381
557.91064	1011.8046
557.96191	1011.6393
558.01324	991.95819
558.06451	1025.8167
558.11578	1008.6473
558.16711	1016.6173
558.21838	1024.9863
558.26971	1013.4135
558.32098	1009.0123
558.37225	1008.5664
558.42358	1012.3823
558.47485	1014.4403
558.52618	1005.5454
558.57745	996.09509
558.62872	997.04529
558.68005	997.02911
558.73132	991.15173
558.78265	1003.4445
558.83392	1017.1299
558.88519	987.60718
558.93652	998.45685
558.98779	999.05127
559.03912	991.15118
559.09039	992.43097
559.14166	997.00525
559.19299	998.67377
559.24426	990.19879
559.29559	997.8103
559.34686	994.08087
559.39813	973.56152
559.44946	982.41437
559.50073	985.31262
559.55206	993.17352
559.60333	987.27319
559.6546	986.16907
559.70593	977.62299
559.7572	979.05023
559.80853	983.51837
559.8598	977.62329
559.91107	981.75177
559.9624	986.0202
560.01367	988.63477
560.065	990.6922
560.11627	983.39459
560.16754	973.20898
560.21887	976.79877
560.27014	988.48724
560.32141	989.01996
560.37274	989.30463
560.42401	987.52051
560.47534	991.46515
560.52661	973.76355
560.57788	977.09485
560.62921	985.90735
560.68048	990.07733
560.73181	979.32037
560.78308	967.91284
560.83435	972.14386
560.88568	968.25153
560.93695	972.32031
560.98828	972.44971
561.03955	972.78333
561.09082	968.62415
561.14215	964.77991
561.19342	979.25488
561.24475	966.32782
561.29602	968.20758
561.34729	968.14795
561.39862	965.18652
561.44989	968.08997
561.50122	962.3913
561.55249	980.93555
561.60376	974.742
561.65509	973.19214
561.70636	966.88678
561.75769	985.96527
561.80896	972.10767
561.86023	973.17401
561.91156	966.72845
561.96283	978.44678
562.01416	964.20624
562.06543	958.21228
562.1167	963.83185
562.16803	963.0658
562.2193	962.61652
562.27063	964.94086
562.3219	975.1416
562.37317	972.79706
562.4245	968.22852
562.47577	974.50055
562.5271	983.51752
562.57837	978.84094
562.62964	968.38379
562.68097	967.43469
562.73224	965.13458
562.78357	963.70911
562.83484	969.10706
562.88611	972.62488
562.93744	964.45044
562.98871	948.46234
563.04004	947.89191
563.09131	965.24969
563.14258	971.11169
563.19391	958.08929
563.24518	965.58423
563.29645	966.33411
563.34778	966.49414
563.39905	965.58551
563.45038	950.15137
563.50165	968.65009
563.55292	971.11871
563.60425	958.09283
563.65552	968.83179
563.70685	970.77917
563.75812	973.01886
563.80939	976.03467
563.86072	973.40234
563.91199	972.28925
563.96332	961.44324
564.01459	961.80444
564.06586	952.74182
564.11719	963.43268
564.16846	969.30298
564.21979	959.46899
564.27106	953.49048
564.32233	970.27771
564.37366	968.45917
564.42493	960.04285
564.47626	969.00891
564.52753	962.33875
564.5788	959.46777
564.63013	966.68652
564.6814	959.9646
564.73273	965.32623
564.784	961.64166
564.83527	956.2796
564.8866	956.57196
564.93787	957.79187
564.9892	957.33813
565.04047	951.49921
565.09174	949.68896
565.14307	951.96484
565.19434	974.00031
565.24567	964.90869
565.29694	955.56079
565.34821	961.43518
565.39954	968.44006
565.45081	959.87103
565.50214	956.75958
565.55341	959.80444
565.60468	961.29504
565.65601	958.23602
565.70728	953.93475
565.75861	957.92889
565.80988	965.63043
565.86115	971.31946
565.91248	957.90613
565.96375	954.67755
566.01508	957.63092
566.06635	952.38287
566.11761	950.63385
566.16895	952.0863
566.22021	953.72101
566.27148	961.38525
566.32281	957.72876
566.37408	949.73163
566.42542	953.59686
566.47668	952.63977
566.52795	947.88403
566.57928	945.92468
566.63055	954.4751
566.68188	961.44891
566.73315	966.01593
566.78442	943.64642
566.83575	945.59399
566.88702	947.49774
566.93835	948.51886
566.98962	951.53589
567.04089	962.31927
567.09222	949.724
567.14349	938.84442
567.19482	950.56
567.24609	933.82739
567.29736	961.23627
567.34869	944.80725
567.39996	952.70984
567.45129	950.01959
567.50256	955.08936
567.55383	957.87189
567.60516	963.01099
567.65643	956.41583
567.70776	951.90778
567.75903	951.92224
567.8103	944.89417
567.86163	955.61438
567.9129	955.59821
567.96423	961.20599
568.0155	949.9975
568.06677	943.3595
568.1181	953.38379
568.16937	954.82324
568.2207	948.5174
568.27197	944.31183
568.32324	948.51392
568.37457	949.24957
568.42584	947.00055
568.47717	959.91193
568.52844	963.28491
568.57971	948.3576
568.63104	942.7962
568.68231	946.88574
568.73364	947.99731
568.78491	943.85596
568.83618	941.20905
568.88751	945.06519
568.93878	956.40271
568.99011	953.67242
569.04138	952.89172
569.09265	939.69324
569.14398	953.49121
569.19525	946.75842
569.24658	948.21625
569.29785	937.41101
569.34912	949.87274
569.40045	947.58484
569.45172	949.97485
569.50299	942.52509
569.55432	949.5946
569.60559	960.75909
569.65692	946.09332
569.70819	942.0437
569.75946	948.30035
569.81079	958.76105
569.86206	942.74463
569.91339	950.46765
569.96466	947.50629
570.01593	954.30115
570.06726	945.82324
570.11853	953.91339
570.16986	948.87268
570.22113	963.83484
570.2724	945.81921
570.32373	952.09576
570.375	964.47473
570.42633	954.60626
570.4776	953.96649
570.52887	953.50421
570.5802	949.3576
570.63147	962.90295
570.6828	949.19379
570.73407	946.18658
570.78534	940.76031
570.83667	963.46625
570.88794	956.42096
570.93927	948.17944
570.99054	961.79462
571.04181	966.61902
571.09314	947.91254
571.14441	940.70221
571.19574	951.22992
571.24701	959.90131
571.29828	953.32062
571.34961	944.46198
571.40088	948.15912
571.45221	946.08289
571.50348	939.48114
571.55475	946.92212
571.60608	956.75128
571.65735	960.66687
571.70868	958.82629
571.75995	945.0401
571.81122	935.54456
571.86255	938.80975
571.91382	937.55914
571.96515	943.74371
572.01642	956.92804
572.06769	960.32178
572.11902	951.25757
572.17029	946.43097
572.22162	937.74292
572.27289	943.22955
572.32416	946.56018
572.37549	929.77301
572.42676	943.75269
572.47803	949.95453
572.52936	955.41815
572.58063	947.66394
572.63196	948.39032
572.68323	954.98804
572.7345	957.30035
572.78583	941.32733
572.8371	953.70007
572.88843	956.67657
572.9397	961.50378
572.99097	953.62439
573.0423	940.88611
573.09357	952.9137
573.1449	955.36414
573.19617	940.72363
573.24744	949.40527
573.29877	943.3299
573.35004	942.42236
573.40137	938.98804
573.45264	935.03632
573.50391	952.44818
573.55524	955.55353
573.60651	946.67035
573.65784	952.04053
573.70911	955.81842
573.76038	947.4353
573.81171	944.99884
573.86298	948.78705
573.91431	952.31042
573.96558	945.17297
574.01685	949.0733
574.06818	948.72845
574.11945	945.55878
574.17078	937.90039
574.22205	931.97198
574.27332	931.70428
574.32465	944.33264
574.37592	947.63416
574.42725	945.21796
574.47852	940.48083
574.52979	938.43427
574.58112	948.29083
574.63239	958.49554
574.68372	955.7688
574.73499	949.49072
574.78625	953.71759
574.83759	948.56488
574.88885	947.19171
574.94019	949.14294
574.99146	951.15112
575.04272	945.18976
575.09406	950.03375
575.14532	951.94153
575.19666	948.14795
575.24792	957.86108
575.29919	959.11102
575.35052	953.11444
575.40179	948.26135
575.45313	940.11847
575.50439	945.92352
575.55566	947.53357
575.60699	953.16028
575.65826	958.88739
575.70953	941.69391
575.76086	955.84576
575.81213	939.20068
575.86346	945.13031
575.91473	938.17999
575.966	949.44611
576.01733	944.64032
576.0686	948.56049
576.11993	936.76819
576.1712	958.73077
576.22247	940.54028
576.2738	960.9649
576.32507	944.14526
576.3764	936.1709
576.42767	948.71765
576.47894	940.02161
576.53027	938.42371
576.58154	945.09821
576.63287	944.75269
576.68414	950.80176
576.73541	943.69818
576.78674	938.25739
576.83801	935.81604
576.88934	939.74847
576.94061	945.63171
576.99188	945.15906
577.04321	952.55023
577.09448	960.96948
577.14581	949.39636
577.19708	944.78571
577.24835	939.30225
577.29968	938.84802
577.35095	939.3808
577.40228	938.72827
577.45355	948.68811
577.50482	963.21686
577.55615	954.78711
577.60742	937.97156
577.65875	942.04224
577.71002	943.29987
577.76129	936.50354
577.81262	936.12
577.86389	939.35077
577.91522	947.50079
577.96649	948.55627
578.01776	941.47534
578.06909	943.35803
578.12036	947.76062
578.17169	935.62042
578.22296	938.30743
578.27423	942.70514
578.32556	960.49152
578.37683	951.49561
578.42816	953.75037
578.47943	946.83313
578.5307	944.02423
578.58203	944.56665
578.6333	943.76331
578.68457	945.37531
578.7359	952.89612
578.78717	951.92645
578.8385	941.29907
578.88977	940.81317
578.94104	955.64246
578.99237	946.30457
579.04364	942.77557
579.09497	945.00079
579.14624	951.75732
579.19751	955.22687
579.24884	940.52991
579.30011	935.59351
579.35144	936.51392
579.40271	944.20355
579.45398	940.72388
579.50531	938.63043
579.55658	938.47339
579.60791	948.33185
579.65918	960.03473
579.71045	945.81891
579.76178	936.6004
579.81305	946.26251
579.86438	956.58051
579.91565	949.51147
579.96692	954.44122
580.01825	947.81982
580.06952	948.34363
580.12085	931.4903
580.17212	941.99725
580.22339	943.99664
580.27472	942.94318
580.32599	937.11023
580.37732	941.52643
580.42859	941.95233
580.47986	938.28162
580.53119	941.49329
580.58246	947.1651
580.63379	944.43665
580.68506	932.53827
580.73633	936.67871
580.78766	941.29749
580.83893	945.43378
580.89026	946.95453
580.94153	944.01709
580.9928	939.79126
581.04413	944.14063
581.0954	950.70929
581.14673	942.10754
581.198	938.45026
581.24927	934.53931
581.3006	938.57288
581.35187	942.19196
581.4032	940.89136
581.45447	950.2193
581.50574	946.94611
581.55707	941.02307
581.60834	943.46472
581.65967	940.61725
581.71094	945.94312
581.76221	944.28137
581.81354	954.29462
581.86481	949.67804
581.91608	938.32379
581.96741	937.28223
582.01868	939.70026
582.07001	939.84296
582.12128	941.6698
582.17255	948.0368
582.22388	949.16138
582.27515	938.69336
582.32648	949.01764
582.37775	952.90771
582.42902	943.46716
582.48035	942.15247
582.53162	957.13367
582.58295	939.50317
582.63422	936.53137
582.68549	937.46777
582.73682	941.32379
582.78809	957.5473
582.83942	948.19537
582.89069	946.50952
582.94196	940.09619
582.99329	936.73242
583.04456	938.12091
583.09589	943.50098
583.14716	945.18756
583.19843	939.54108
583.24976	944.81097
583.30103	937.53632
583.35236	942.31451
583.40363	943.49866
583.4549	940.24164
583.50623	946.60437
583.5575	947.77222
583.60883	951.44629
583.6601	953.18481
583.71136	938.94666
583.7627	930.16638
583.81396	932.37311
583.8653	937.28296
583.91656	944.66406
583.96783	951.70612
584.01917	950.54279
584.07043	945.18872
584.12177	943.59845
584.17303	939.67267
584.2243	941.29865
584.27563	951.64917
584.3269	949.48199
584.37823	940.50488
584.4295	946.46332
584.48077	951.74048
584.5321	945.26831
584.58337	941.8949
584.6347	944.3443
584.68597	951.03156
584.73724	947.83801
584.78857	931.89771
584.83984	932.44312
584.89111	945.83142
584.94244	946.61993
584.99371	939.16119
585.04504	948.21918
585.09631	946.15167
585.14758	935.15381
585.19891	942.95465
585.25018	935.57239
585.30151	929.98926
585.35278	938.35156
585.40405	951.29578
585.45538	945.62097
585.50665	944.14624
585.55798	938.06177
585.60925	945.51123
585.66052	937.60529
585.71185	931.79004
585.76312	941.72015
585.81445	934.1051
585.86572	941.55212
585.91699	942.42987
585.96832	941.42847
586.01959	940.44385
586.07092	940.40631
586.12219	933.49365
586.17346	946.05121
586.22479	942.54456
586.27606	939.52802
586.32739	937.48645
586.37866	938.24658
586.42993	938.31494
586.48126	933.86279
586.53253	930.66565
586.58386	929.4079
586.63513	954.57202
586.6864	945.96613
586.73773	935.87933
586.789	943.81293
586.84033	940.67688
586.8916	943.03259
586.94287	939.60748
586.9942	932.93085
587.04547	939.87408
587.0968	942.39014
587.14807	937.88361
587.19934	945.69153
587.25067	951.40247
587.30194	940.84497
587.35327	928.58276
587.40454	936.35229
587.45581	939.29773
587.50714	940.58734
587.55841	944.72296
587.60974	941.93091
587.66101	943.96014
587.71228	947.36731
587.76361	951.14185
587.81488	945.58221
587.86615	938.87329
587.91748	938.40717
587.96875	938.67877
588.02008	942.27594
588.07135	937.00018
588.12262	937.12695
588.17395	944.67889
588.22522	943.36743
588.27655	944.95514
588.32782	945.59729
588.37909	944.72046
588.43042	932.81458
588.48169	926.33966
588.53302	937.09473
588.58429	944.96613
588.63556	936.33075
588.68689	937.83002
588.73816	945.70251
588.78949	950.07666
588.84076	943.90631
588.89203	938.09717
588.94336	937.98499
588.99463	946.22443
589.04596	953.70728
589.09723	937.81085
589.1485	943.6969
589.19983	939.44519
589.2511	938.93048
589.30243	934.4137
589.3537	927.95544
589.40497	941.3764
589.4563	930.22668
589.50757	929.01306
589.5589	940.16534
589.61017	936.28815
589.66144	935.30023
589.71277	935.2796
589.76404	930.3316
589.81537	929.2793
589.86664	937.8656
589.91791	942.00061
589.96924	950.58826
590.02051	941.08923
590.07184	938.36249
590.12311	938.15521
590.17438	946.03357
590.22571	934.16986
590.27698	931.25696
590.32831	937.78125
590.37958	937.42926
590.43085	939.48572
590.48218	947.20154
590.53345	950.59003
590.58478	938.71887
590.63605	936.5033
590.68732	936.23712
590.73865	938.1441
590.78992	946.79694
590.84125	935.92743
590.89252	934.03253
590.94379	929.16876
590.99512	941.70361
591.04639	948.57397
591.09766	944.05713
591.14899	936.26746
591.20026	939.47742
591.25159	939.06213
591.30286	938.09973
591.35413	936.37799
591.40546	935.40698
591.45673	934.04718
591.50806	932.24463
591.55933	936.28278
591.6106	937.1972
591.66193	936.61029
591.7132	936.30127
591.76453	929.98132
591.8158	930.51013
591.86707	939.19513
591.9184	933.82111
591.96967	929.65576
592.021	943.51355
592.07227	947.677
592.12354	941.14734
592.17487	932.82391
592.22614	940.78235
592.27747	939.32257
592.32874	943.37567
592.38	926.63751
592.43134	931.99518
592.4826	938.14294
592.53394	937.65625
592.58521	934.7027
592.63647	926.37769
592.68781	940.49762
592.73907	950.39917
592.79041	933.04553
592.84167	942.26587
592.89294	949.62622
592.94427	940.20197
592.99554	933.83368
593.04688	931.99536
593.09814	938.70032
593.14941	948.60205
593.20074	933.58221
593.25201	928.50665
593.30334	945.27777
593.35461	946.90015
593.40588	941.81415
593.45721	932.9104
593.50848	924.1424
593.55981	930.05151
593.61108	937.91833
593.66235	940.95325
593.71368	933.37787
593.76495	942.44885
593.81628	945.78601
593.86755	941.3913
593.91882	932.81677
593.97015	942.64709
594.02142	936.89844
594.07269	928.99017
594.12402	932.16364
594.17529	939.60681
594.22662	931.76874
594.27789	937.99487
594.32916	933.42621
594.38049	940.48999
594.43176	936.59528
594.48309	933.26111
594.53436	932.02026
594.58563	943.55096
594.63696	935.42975
594.68823	936.4115
594.73956	939.4043
594.79083	939.00323
594.8421	925.21234
594.89343	931.86127
594.9447	932.8114
594.99603	927.08386
595.0473	929.34143
595.09857	936.46631
595.1499	935.99628
595.20117	935.89764
595.2525	941.54248
595.30377	937.8302
595.35504	931.96649
595.40637	933.62921
595.45764	937.04242
595.50897	934.39722
595.56024	934.41016
595.61151	940.36072
595.66284	944.29474
595.71411	942.28357
595.76544	934.71423
595.81671	935.69135
595.86798	939.67145
595.91931	934.07526
595.97058	932.08081
596.02191	936.68427
596.07318	937.28674
596.12445	935.84473
596.17578	930.8465
596.22705	932.53784
596.27838	938.84058
596.32965	928.27246
596.38092	936.66095
596.43225	940.45587
596.48352	935.6792
596.53485	925.52917
596.58612	934.81616
596.63739	931.40338
596.68872	941.03931
596.73999	944.45862
596.79132	940.29376
596.84259	945.31384
596.89386	935.70496
596.94519	927.73254
596.99646	929.12158
597.04779	939.08612
597.09906	946.90173
597.15033	946.01379
597.20166	928.18182
597.25293	927.875
597.3042	931.01508
597.35553	938.81824
597.4068	941.47052
597.45813	942.302
597.5094	937.06024
597.56067	930.49707
597.612	927.41248
597.66327	929.45782
597.7146	932.508
597.76587	926.31396
597.81714	941.6889
597.86847	936.63013
597.91974	930.86108
597.97107	935.3703
598.02234	926.83643
598.07361	937.85455
598.12494	935.87469
598.17621	939.46423
598.22754	931.76196
598.27881	936.62219
598.33008	940.53223
598.38141	934.63654
598.43268	933.72052
598.48401	928.3056
598.53528	931.89532
598.58655	937.12341
598.63788	930.29535
598.68915	927.89502
598.74048	928.21594
598.79175	932.91608
598.84302	932.5658
598.89435	932.64447
598.94562	938.23254
598.99695	939.01111
599.04822	928.22192
599.09949	924.04486
599.15082	930.80212
599.20209	934.66858
599.25342	932.39197
599.30469	927.28119
599.35596	935.5625
599.40729	937.20142
599.45856	935.02094
599.50989	933.40356
599.56116	934.9007
599.61243	938.08514
599.66376	937.41473
599.71503	935.05469
599.76636	937.46002
599.81763	932.83569
599.8689	940.8783
599.92023	937.13098
599.9715	928.94562
600.02283	931.33484
600.0741	929.82819
600.12537	934.80835
600.1767	931.91174
600.22797	932.64575
600.27924	936.69061
600.33057	927.91425
600.38184	926.19275
600.43317	935.92651
600.48444	941.1604
600.53571	938.69049
600.58704	937.25848
600.63831	936.45978
600.68964	933.74304
600.74091	935.22406
600.79218	933.91986
600.84351	933.7312
600.89478	940.02673
600.94611	937.66504
600.99738	938.58765
601.04865	930.60236
601.09998	931.17755
601.15125	926.10803
601.20258	937.47015
601.25385	938.76483
601.30511	934.61572
601.35645	931.43695
601.40771	932.50903
601.45905	928.81891
601.51031	931.67657
601.56158	936.93268
601.61292	935.24902
601.66418	933.62079
601.71552	934.23273
601.76678	932.1311
601.81805	937.91876
601.86938	914.05914
601.92065	925.36749
601.97198	920.44788
602.02325	915.52814
602.07452	932.20581
602.12585	935.41486
602.17712	944.06683
602.22845	918.36951
602.27972	928.46735
602.33099	925.90735
602.38232	941.49225
602.43359	930.45117
602.48492	933.65491
602.53619	926.12787
602.58746	924.52356
602.63879	924.52429
602.69006	942.76135
602.74139	931.98633
602.79266	931.33142
602.84393	934.76483
602.89526	933.33655
602.94653	931.81384
602.99786	931.52893
603.04913	929.48187
603.1004	925.19318
603.15173	940.47961
603.203	938.72058
603.25427	931.29224
603.3056	930.5329
603.35687	927.58685
603.4082	928.40125
603.45947	936.67419
603.51074	932.30951
603.56207	931.91113
603.61334	942.62372
603.66467	936.6275
603.71594	923.65723
603.76721	921.00311
603.81854	926.02783
603.86981	930.67303
603.92114	929.95892
603.97241	933.36157
604.02368	938.31604
604.07501	940.28571
604.12628	933.70612
604.17761	924.98932
604.22888	936.19434
604.28015	933.83002
604.33148	926.42841
604.38275	927.98889
604.43408	932.34064
604.48535	945.81732
604.53662	934.76086
604.58795	927.71594
604.63922	936.15515
604.69055	935.94781
604.74182	927.2868
604.79309	939.776
604.84442	933.44885
604.89569	922.79413
604.94702	937.2392
604.99829	926.74237
605.04956	928.7132
605.10089	930.17792
605.15216	925.03888
605.20349	934.07275
605.25476	920.03113
605.30603	946.53168
605.35736	929.78351
605.40863	924.70563
605.45996	932.20953
605.51123	951.3877
605.5625	933.12738
605.61383	937.02631
605.6651	934.87903
605.71643	930.16486
605.7677	928.69971
605.81897	928.56543
605.8703	934.40674
605.92157	930.64923
605.9729	931.17517
606.02417	929.20148
606.07544	925.47601
606.12677	942.76514
606.17804	938.90619
606.22937	929.021
606.28064	931.56
606.33191	934.96783
606.38324	943.08691
606.43451	930.55237
606.48578	927.14069
606.53711	928.93707
606.58838	929.19757
606.63971	928.3623
606.69098	930.53729
606.74225	938.92804
606.79358	936.27344
606.84485	922.92627
606.89618	922.42957
606.94745	936.88721
606.99872	936.03729
607.05005	929.50299
607.10132	930.22424
607.15265	933.06415
607.20392	931.6272
607.25519	919.44781
607.30652	918.64453
607.35779	926.74005
607.40912	937.2583
607.46039	934.98138
607.51166	925.34839
607.56299	931.9621
607.61426	935.03961
607.66559	927.89685
607.71686	931.21722
607.76813	938.42206
607.81946	938.49243
607.87073	933.33478
607.92206	936.29108
607.97333	937.2851
608.0246	930.56146
608.07593	923.1601
608.1272	927.5061
608.17853	934.52979
608.2298	924.02917
608.28107	928.66748
608.3324	940.87891
608.38367	927.89819
608.435	931.02466
608.48627	935.17828
608.53754	929.65619
608.58887	930.51984
608.64014	928.91339
608.69147	940.49084
608.74274	930.63922
608.79401	934.53046
608.84534	928.80353
608.89661	929.55743
608.94794	929.60602
608.99921	924.07147
609.05048	931.77716
609.10181	921.89221
609.15308	924.1214
609.20441	924.60925
609.25568	928.00458
609.30695	931.95001
609.35828	939.17346
609.40955	932.55695
609.46082	924.2868
609.51215	923.38922
609.56342	928.9422
609.61475	921.65784
609.66602	936.19482
609.71729	933.99963
609.76862	924.28735
609.81989	931.25586
609.87122	928.88098
609.92249	932.20776
609.97375	938.19885
610.02509	931.42291
610.07635	934.00983
610.12769	931.40936
610.17896	927.20874
610.23022	932.20337
610.28156	935.62323
610.33282	928.02106
610.38416	930.08704
610.43542	928.87561
610.48669	923.62531
610.53802	925.16943
610.58929	929.28564
610.64063	931.97388
610.69189	931.16437
610.74316	928.35822
610.79449	929.38342
610.84576	941.04108
610.89709	934.47772
610.94836	934.11365
610.99963	936.63245
611.05096	930.81805
611.10223	924.21594
611.15356	932.38306
611.20483	927.54285
611.2561	924.62476
611.30743	930.17596
611.3587	930.1026
611.41003	923.70752
611.4613	920.36713
611.51257	930.06488
611.5639	932.03784
611.61517	932.9035
611.6665	932.18604
611.71777	943.2392
611.76904	935.36011
611.82037	932.49591
611.87164	925.65936
611.92297	934.53632
611.97424	941.21002
612.02551	925.2923
612.07684	920.87067
612.12811	925.19751
612.17944	937.39954
612.23071	928.64838
612.28198	928.64844
612.33331	926.67859
612.38458	923.73462
612.43591	926.52264
612.48718	920.9906
612.53845	929.0119
612.58978	942.4649
612.64105	940.04773
612.69232	930.78601
612.74365	935.76672
612.79492	934.9389
612.84625	920.29688
612.89752	925.13654
612.94879	925.02472
613.00012	927.06641
613.05139	922.92487
613.10272	929.40485
613.15399	935.46344
613.20526	933.67303
613.25659	929.73163
613.30786	920.758
613.35919	920.48303
613.41046	932.02185
613.46173	933.28156
613.51306	928.35034
613.56433	930.56165
613.61566	937.11108
613.66693	937.18347
613.7182	924.12921
613.76953	923.19885
613.8208	928.24841
613.87213	925.27814
613.9234	924.87683
613.97467	928.2851
614.026	932.81812
614.07727	937.7132
614.1286	933.72119
614.17987	931.53278
614.23114	932.39313
614.28247	925.48907
614.33374	921.23419
614.38507	924.09949
614.43634	930.74597
614.48761	933.67761
614.53894	933.67828
614.59021	931.0733
614.64154	930.98322
614.69281	933.50513
614.74408	925.00653
614.79541	932.13049
614.84668	937.72839
614.89801	926.35876
614.94928	924.00275
615.00055	931.37372
615.05188	927.18805
615.10315	926.1554
615.15448	928.57141
615.20575	933.1405
615.25702	936.35931
615.30835	927.04919
615.35962	928.68903
615.41095	927.92383
615.46222	924.52765
615.51349	930.57251
615.56482	935.34381
615.61609	925.28516
615.66736	931.12427
615.71869	934.82202
615.76996	923.45825
615.82129	919.83118
615.87256	923.23584
615.92383	939.42395
615.97516	924.66528
616.02643	917.76123
616.07776	933.33508
616.12903	930.80786
616.1803	928.7995
616.23163	931.513
616.2829	935.39697
616.33423	927.50824
616.3855	927.59906
616.43677	922.40411
616.4881	934.74646
616.53937	931.56281
616.5907	921.42688
616.64197	911.40717
616.69324	934.19281
616.74457	946.12775
616.79584	927.17004
616.84717	927.14392
616.89844	930.2348
616.94971	921.71808
617.00104	929.75848
617.05231	934.43408
617.10364	931.87305
617.15491	949.50409
617.20618	937.90063
617.25751	929.38348
617.30878	935.62097
617.36011	936.78455
617.41138	927.52228
617.46265	920.86633
617.51398	928.76208
617.56525	935.30756
617.61658	926.48694
617.66785	921.97485
617.71912	930.33014
617.77045	937.33209
617.82172	937.6723
617.87305	932.63196
617.92432	927.22949
617.97559	924.75385
618.02692	924.19507
618.07819	925.64105
618.12952	932.51575
618.18079	935.4071
618.23206	929.3075
618.28339	927.50952
618.33466	926.12012
618.38599	924.44995
618.43726	921.82837
618.48853	922.31494
618.53986	921.43231
618.59113	926.04108
618.64246	928.73145
618.69373	932.95331
618.745	940.42694
618.79633	934.73346
618.8476	931.06421
618.89886	918.24103
618.9502	915.69238
619.00146	934.41919
619.0528	937.62146
619.10406	916.71234
619.15533	926.95581
619.20667	936.91016
619.25793	935.19952
619.30927	924.50079
619.36053	940.34229
619.4118	937.62122
619.46313	936.20844
619.5144	931.6485
619.56573	931.479
619.617	939.81232
619.66827	940.29901
619.7196	932.659
619.77087	931.33881
619.8222	950.26587
619.87347	922.7757
619.92474	928.69464
619.97607	925.81293
620.02734	927.68176
620.07867	934.41815
620.12994	930.05042
620.18121	934.3894
620.23254	929.26123
620.28381	920.63818
620.33514	934.86719
620.38641	939.38385
620.43768	927.65692
620.48901	936.82709
620.54028	927.85925
620.59161	924.93121
620.64288	920.69183
620.69415	942.97717
620.74548	937.724
620.79675	923.13702
620.84808	935.00201
620.89935	930.76501
620.95062	925.5498
621.00195	929.11041
621.05322	928.62592
621.10455	929.16302
621.15582	933.8833
621.20709	921.61682
621.25842	920.05536
621.30969	929.90265
621.36102	935.03931
621.41229	927.0332
621.46356	933.38477
621.51489	934.77917
621.56616	933.1153
621.61749	935.34406
621.66876	933.52441
621.72003	924.63293
621.77136	919.84534
621.82263	923.91779
621.8739	931.37891
621.92523	933.77686
621.9765	935.66913
622.02783	932.6601
622.0791	930.31866
622.13037	934.97894
622.1817	930.59247
622.23297	925.23096
622.2843	926.72321
622.33557	936.57642
622.38684	937.29578
622.43817	929.90729
622.48944	929.68243
622.54077	938.64215
622.59204	941.38257
622.64331	928.87122
622.69464	923.91949
622.74591	928.07489
622.79724	921.78528
622.84851	925.09998
622.89978	931.4104
622.95111	925.29205
623.00238	927.98779
623.05371	930.65106
623.10498	927.21936
623.15625	926.15332
623.20758	918.85144
623.25885	931.07599
623.31018	929.45575
623.36145	936.86804
623.41272	931.79327
623.46405	931.79388
623.51532	932.38312
623.56665	936.68982
623.61792	935.32605
623.66919	931.28564
623.72052	935.89966
623.77179	924.19452
623.82312	930.11902
623.87439	916.22626
623.92566	928.82025
623.97699	929.90973
624.02826	941.76093
624.07959	923.10242
624.13086	932.53119
624.18213	944.32849
624.23346	930.56757
624.28473	926.0578
624.33606	925.80524
624.38733	933.10864
624.4386	923.90112
624.48993	926.36346
624.5412	920.67065
624.59253	919.80853
624.6438	924.0733
624.69507	923.96936
624.7464	931.27203
624.79767	927.09363
624.84894	940.30695
624.90027	930.33069
624.95154	921.34259
625.00287	917.50586
625.05414	936.51556
625.10541	938.3418
625.15674	943.42151
625.20801	932.82385
625.25934	929.94769
625.31061	927.32751
625.36188	923.75928
625.41321	932.93414
625.46448	939.1452
625.51581	935.26099
625.56708	927.70679
625.61835	927.33209
625.66968	930.05347
625.72095	924.18134
625.77228	925.7489
625.82355	934.46863
625.87482	935.55023
625.92615	931.59613
625.97742	921.64404
626.02875	924.43298
626.08002	938.57379
626.13129	938.72382
626.18262	932.83191
626.23389	931.82977
626.28522	932.78137
626.33649	931.51349
626.38776	930.18848
626.43909	934.47491
626.49036	931.40637
626.54169	925.33673
626.59296	925.1817
626.64423	924.56421
626.69556	931.83582
626.74683	928.87024
626.79816	922.39917
626.84943	927.14972
626.9007	937.13702
626.95203	927.89264
627.0033	930.41528
627.05463	938.80408
627.1059	930.65143
627.15717	940.09497
627.2085	928.64526
627.25977	927.01135
627.3111	918.28528
627.36237	930.73431
627.41364	943.52179
627.46497	929.74316
627.51624	920.45367
627.56757	918.97565
627.61884	934.90771
627.6701	928.32428
627.72144	939.77258
627.77271	935.13037
627.82404	940.6405
627.87531	926.56323
627.92657	932.38867
627.97791	936.56403
628.02917	933.0899
628.08044	924.41272
628.13177	919.60083
628.18304	931.16046
628.23438	936.14264
628.28564	919.30939
628.33691	934.82306
628.38824	932.77759
628.43951	918.9201
628.49084	930.67065
628.54211	936.69775
628.59338	935.89868
628.64471	929.20819
628.69598	944.82642
628.74731	925.45056
628.79858	927.52893
628.84985	937.82098
628.90118	930.81915
628.95245	928.09766
629.00378	926.99316
629.05505	921.69916
629.10632	931.0658
629.15765	927.83612
629.20892	927.6955
629.26025	930.31989
629.31152	934.0932
629.36279	930.10278
629.41412	932.00409
629.46539	925.92377
629.51672	925.39551
629.56799	929.62579
629.61926	935.30927
629.67059	935.4184
629.72186	939.18011
629.77319	940.87555
629.82446	936.70477
629.87573	937.61279
629.92706	934.16345
629.97833	927.90308
630.02966	931.08881
630.08093	922.98785
630.1322	928.84686
630.18353	927.84015
630.2348	926.5293
630.28613	927.09094
630.3374	930.56934
630.38867	931.58282
630.44	930.44867
630.49127	933.65356
630.5426	935.88562
630.59387	939.07629
630.64514	939.80304
630.69647	929.2135
630.74774	923.38599
630.79907	928.33301
630.85034	930.4115
630.90161	931.29248
630.95294	930.15106
631.00421	927.33752
631.05548	928.32733
631.10681	929.3175
631.15808	935.68616
631.20941	942.68475
631.26068	939.32568
631.31195	932.69647
631.36328	929.23389
631.41455	939.94116
631.46588	945.05389
631.51715	938.23706
631.56842	939.88281
631.61975	941.26459
631.67102	934.38269
631.72235	924.56842
631.77362	930.6156
631.82489	929.62726
631.87622	930.75439
631.92749	935.39648
631.97882	933.41736
632.03009	934.70044
632.08136	941.24231
632.13269	931.90619
632.18396	930.49695
632.23529	928.90479
632.28656	943.02472
632.33783	929.90881
632.38916	928.95087
632.44043	924.95056
632.49176	932.57294
632.54303	940.09064
632.5943	923.48749
632.64563	941.95044
632.6969	932.55835
632.74823	921.81836
632.7995	940.40784
632.85077	923.87201
632.9021	951.47552
632.95337	943.4223
633.0047	933.05652
633.05597	937.0827
633.10724	943.67816
633.15857	925.93243
633.20984	929.89258
633.26117	938.76752
633.31244	934.05725
633.36371	929.10864
633.41504	927.97131
633.46631	928.86469
633.51764	938.23541
633.56891	934.31976
633.62018	934.8363
633.67151	916.91156
633.72278	925.61377
633.77411	945.41705
633.82538	940.96552
633.87665	935.62781
633.92798	942.58008
633.97925	928.81146
634.03058	940.03711
634.08185	924.07928
634.13312	929.64636
634.18445	927.13635
634.23572	925.14417
634.28699	924.15503
634.33832	931.62469
634.38959	943.04175
634.44092	936.2027
634.49219	941.0611
634.54346	940.29504
634.59479	948.99451
634.64606	943.73236
634.69739	933.65698
634.74866	924.06073
634.79993	933.8186
634.85126	937.9361
634.90253	935.62476
634.95386	936.23981
635.00513	942.05084
635.0564	938.66107
635.10773	941.12634
635.159	944.33661
635.21033	941.54974
635.2616	932.29047
635.31287	931.57782
635.3642	940.06616
635.41547	947.30389
635.4668	938.9577
635.51807	936.42352
635.56934	943.00934
635.62067	939.27319
635.67194	940.56451
635.72327	934.9505
635.77454	931.30273
635.82581	939.43445
635.87714	934.77502
635.92841	928.03387
635.97974	923.34686
636.03101	924.25647
636.08228	936.56702
636.13361	942.27051
636.18488	939.95868
636.23621	942.37305
636.28748	945.17474
636.33875	945.87665
636.39008	943.36523
636.44135	936.14215
636.49268	942.79449
636.54395	945.89783
636.59521	942.63373
636.64655	943.63947
636.69781	938.22821
636.74915	927.96594
636.80042	932.10901
636.85168	940.82098
636.90302	939.9054
636.95428	943.89868
637.00562	939.93866
637.05688	939.70239
637.10815	944.86951
637.15948	937.2644
637.21075	945.19128
637.26202	944.71124
637.31335	937.36896
637.36462	930.22711
637.41595	944.33899
637.46722	946.3197
637.51849	946.50812
637.56982	938.36407
637.62109	937.42535
637.67242	951.03967
637.72369	945.97906
637.77496	951.93555
637.82629	943.97992
637.87756	943.30164
637.92889	937.7724
637.98016	945.35895
638.03143	938.396
638.08276	943.8634
638.13403	941.53583
638.18536	933.59692
638.23663	947.63513
638.2879	937.0293
638.33923	939.10126
638.3905	947.94556
638.44183	937.04486
638.4931	944.86603
638.54437	936.20795
638.5957	943.72388
638.64697	943.03278
638.6983	937.30505
638.74957	952.0105
638.80084	950.20349
638.85217	935.26147
638.90344	938.55267
638.95477	954.32397
639.00604	947.96136
639.05731	949.64697
639.10864	949.99658
639.15991	949.99719
639.21124	939.71649
639.26251	953.25922
639.31378	947.6106
639.36511	954.28894
639.41638	947.80304
639.46771	940.32574
639.51898	945.41632
639.57025	954.93097
639.62158	949.94824
639.67285	951.10352
639.72418	958.13208
639.77545	957.73419
639.82672	957.0058
639.87805	945.18164
639.92932	941.00714
639.98065	961.92017
640.03192	950.06824
640.08319	950.44727
640.13452	958.86932
640.18579	956.89905
640.23712	950.27716
640.28839	946.00983
640.33966	958.83777
640.39099	962.1167
640.44226	954.89038
640.49353	942.53149
640.54486	951.35944
640.59613	951.40991
640.64746	949.65082
640.69873	952.61377
640.75	964.7738
640.80133	961.44171
640.8526	955.30127
640.90393	955.89563
640.9552	957.78595
641.00647	965.46259
641.0578	973.23279
641.10907	971.28644
641.1604	961.84454
641.21167	964.66571
641.26294	958.0105
641.31427	945.00812
641.36554	948.44147
641.41687	950.07678
641.46814	949.02698
641.51941	948.11407
641.57074	947.92517
641.62201	959.15125
641.67334	966.85626
641.72461	954.11316
641.77588	953.0755
641.82721	960.19385
641.87848	957.22308
641.92981	957.86707
641.98108	956.03369
642.03235	962.34406
642.08368	962.14697
642.13495	950.12347
642.18628	966.15198
642.23755	972.03711
642.28882	975.32416
642.34015	970.50171
642.39142	953.21185
642.44275	976.32874
642.49402	980.94165
642.54529	951.4671
642.59662	955.05139
642.64789	970.74438
642.69922	975.42755
642.75049	971.08502
642.80176	977.59656
642.85309	973.12213
642.90436	978.71375
642.95569	963.60638
643.00696	968.80627
643.05823	988.96783
643.10956	970.21503
643.16083	971.13379
643.21216	958.31403
643.26343	979.06964
643.3147	980.16541
643.36603	962.04211
643.4173	972.32666
643.46857	972.41583
643.5199	997.48279
643.57117	979.08942
643.6225	974.8493
643.67377	996.74365
643.72504	994.63269
643.77637	998.74896
643.82764	986.16925
643.87897	998.84369
643.93024	996.37213
643.98151	1000.4017
644.03284	990.14215
644.08411	1012.5706
644.13544	1024.4866
644.18671	1005.9724
644.23798	1001.9456
644.28931	994.22845
644.34058	1018.014
644.39191	1018.8326
644.44318	1011.9463
644.49445	1028.953
644.54578	1029.5305
644.59705	1018.5438
644.64838	1032.5127
644.69965	1027.9623
644.75092	1030.1736
644.80225	1022.7111
644.85352	1044.1986
644.90485	1034.9224
644.95612	1040.5603
645.00739	1050.5819
645.05872	1049.7961
645.10999	1042.7998
645.16132	1065.5205
645.21259	1056.4248
645.26385	1065.7428
645.31519	1053.2363
645.36646	1065.8071
645.41779	1066.616
645.46906	1076.5129
645.52032	1078.3955
645.57166	1075.4609
645.62292	1084.9714
645.67426	1089.2417
645.72552	1086.8323
645.77679	1088.3489
645.82813	1096.8912
645.87939	1088.1266
645.93073	1081.9449
645.98199	1108.3977
646.03326	1109.785
646.08459	1115.6908
646.13586	1128.1277
646.18719	1139.2727
646.23846	1135.5609
646.28973	1156.0032
646.34106	1172.7369
646.39233	1178.8201
646.4436	1173.3516
646.49493	1199.4995
646.5462	1201.9592
646.59753	1220.2484
646.6488	1238.1354
646.70007	1251.9886
646.7514	1258.0486
646.80267	1281.963
646.854	1270.5114
646.90527	1290.5568
646.95654	1316.9471
647.00787	1314.8276
647.05914	1328.7091
647.11047	1311.813
647.16174	1320.8101
647.21301	1314.2233
647.26434	1315.2035
647.31561	1284.3228
647.36694	1289.571
647.41821	1297.7134
647.46948	1299.3014
647.52081	1298.027
647.57208	1305.4513
647.62341	1290.6833
647.67468	1291.0807
647.72595	1310.5728
647.77728	1311.1365
647.82855	1313.2941
647.87988	1327.3372
647.93115	1323.5641
647.98242	1339.4294
648.03375	1348.5183
648.08502	1370.6185
648.13635	1391.9458
648.18762	1384.3298
648.23889	1398.2222
648.29022	1419.7305
648.34149	1430.1349
648.39282	1452.7148
648.44409	1453.6466
648.49536	1449.0433
648.54669	1447.1051
648.59796	1468.0676
648.64929	1501.9114
648.70056	1500.0934
648.75183	1488.9753
648.80316	1497.7896
648.85443	1510.114
648.90576	1510.385
648.95703	1496.9202
649.0083	1477.8164
649.05963	1496.9648
649.1109	1532.8757
649.16223	1520.7113
649.2135	1513.4602
649.26477	1507.2737
649.3161	1539.3121
649.36737	1521.8387
649.4187	1537.5109
649.46997	1598.4421
649.52124	1613.1855
649.57257	1604.7333
649.62384	1592.7233
649.67511	1599.2141
649.72644	1609.5731
649.77771	1598.9973
649.82904	1615.694
649.88031	1594.8895
649.93158	1608.1796
649.98291	1605.2906
650.03418	1581.6526
650.08551	1582.8662
650.13678	1574.3698
650.18805	1563.1718
650.23938	1580.2094
650.29065	1534.5861
650.34198	1507.259
650.39325	1501.5782
650.44452	1534.6007
650.49585	1494.9073
650.54712	1518.1411
650.59845	1500.7208
650.64972	1518.4138
650.70099	1495.1431
650.75232	1479.4764
650.80359	1468.4498
650.85492	1509.6486
650.90619	1535.9109
650.95746	1522.0707
651.00879	1559.6055
651.06006	1557.1335
651.11139	1556.0997
651.16266	1567.5023
651.21393	1576.5427
651.26526	1557.5328
651.31653	1579.0466
651.36786	1593.7805
651.41913	1611.2095
651.4704	1598.0281
651.52173	1608.3105
651.573	1614.391
651.62433	1647.4268
651.6756	1625.3634
651.72687	1660.686
651.7782	1695.2391
651.82947	1665.6199
651.8808	1670.5979
651.93207	1684.2736
651.98334	1659.2928
652.03467	1693.6992
652.08594	1669.6156
652.13727	1666.6919
652.18854	1667.9152
652.23981	1669.2445
652.29114	1692.6387
652.34241	1704.1796
652.39374	1688.7205
652.44501	1695.8796
652.49628	1696.5016
652.54761	1692.4576
652.59888	1711.2404
652.65015	1725.2415
652.70148	1725.2653
652.75275	1727.1316
652.80408	1721.4016
652.85535	1730.0936
652.90662	1731.5498
652.95795	1718.4004
653.00922	1736.707
653.06055	1743.7646
653.11182	1744.1805
653.16309	1729.3645
653.21442	1705.6212
653.26569	1712.0322
653.31702	1754.8333
653.36829	1769.068
653.41956	1747.6576
653.47089	1717.7468
653.52216	1693.3022
653.57349	1694.3241
653.62476	1641.1459
653.67603	1624.4844
653.72736	1634.4363
653.77863	1630.6661
653.82996	1643.3783
653.88123	1642.8055
653.9325	1630.2314
653.98383	1616.3912
654.0351	1628.5243
654.08643	1652.4136
654.1377	1606.7748
654.18896	1584.6451
654.2403	1558.1526
654.29156	1562.52
654.3429	1525.3716
654.39417	1548.5403
654.44543	1577.0814
654.49677	1553.7549
654.54803	1533.5677
654.59937	1547.7013
654.65063	1536.204
654.7019	1518.9253
654.75323	1554.3771
654.8045	1578.6827
654.85583	1553.678
654.9071	1537.8574
654.95837	1523.0997
655.0097	1517.9044
655.06097	1533.0062
655.1123	1550.9
655.16357	1513.8235
655.21484	1523.5627
655.26617	1561.5522
655.31744	1554.8386
655.36877	1580.6505
655.42004	1570.7528
655.47131	1585.4098
655.52264	1593.5952
655.57391	1618.2174
655.62524	1622.1737
655.67651	1618.2583
655.72778	1585.0679
655.77911	1626.5781
655.83038	1647.2605
655.88165	1618.067
655.93298	1662.7804
655.98425	1657.9127
656.03558	1680.8717
656.08685	1693.1077
656.13812	1666.6254
656.18945	1688.692
656.24072	1690.4761
656.29205	1684.2064
656.34332	1693.381
656.39459	1714.4635
656.44592	1703.3389
656.49719	1712.4536
656.54852	1724.079
656.59979	1757.2314
656.65106	1763.6547
656.70239	1774.8345
656.75366	1812.5852
656.80499	1787.0671
656.85626	1754.4198
656.90753	1772.8604
656.95886	1772.8501
657.01013	1796.278
657.06146	1801.6241
657.11273	1793.0227
657.164	1833.7646
657.21533	1801.3148
657.2666	1798.3358
657.31793	1818.0399
657.3692	1804.9774
657.42047	1789.5885
657.4718	1792.4292
657.52307	1789.562
657.5744	1832.4801
657.62567	1847.797
657.67694	1799.8672
657.72827	1794.818
657.77954	1831.3198
657.83087	1866.9336
657.88214	1882.7242
657.93341	1859.1296
657.98474	1874.8699
658.03601	1871.8606
658.08734	1826.3501
658.13861	1808.5339
658.18988	1824.922
658.24121	1838.8578
658.29248	1826.8197
658.34381	1842.9451
658.39508	1855.4058
658.44635	1825.4177
658.49768	1798.7052
658.54895	1824.3617
658.60028	1832.3408
658.65155	1859.6775
658.70282	1890.1128
658.75415	1877.0999
658.80542	1900.019
658.85669	1865.4678
658.90802	1890.9503
658.95929	1901.4723
659.01062	1884.5104
659.06189	1924.598
659.11316	1930.8781
659.16449	1943.1621
659.21576	1940.8455
659.26709	1927.8113
659.31836	1889.5809
659.36963	1903.8411
659.42096	1941.769
659.47223	1992.2188
659.52356	1997.1727
659.57483	1988.4994
659.6261	2007.3934
659.67743	1942.5461
659.7287	2038.3453
659.78003	2028.2614
659.8313	2052.3284
659.88257	2074.7502
659.9339	2081.3455
659.98517	2104.3181
660.0365	2093.5537
660.08777	2166.4531
660.13904	2119.6431
660.19037	2147.554
660.24164	2107.6304
660.29297	2113.165
660.34424	2141.6479
660.39551	2179.6831
660.44684	2167.0598
660.49811	2184.616
660.54944	2124.4353
660.60071	2187.0708
660.65198	2149.4131
660.70331	2221.4604
660.75458	2114.7842
660.80591	2088.124
660.85718	2120.9006
660.90845	2119.5015
660.95978	2146.5957
661.01105	2188.3184
661.06238	2183.0674
661.11365	2199.6506
661.16492	2177.0471
661.21625	2170.7913
661.26752	2163.3079
661.31885	2220.7878
661.37012	2181.0833
661.42139	2150.3318
661.47272	2157.3223
661.52399	2090.1553
661.57532	2076.3662
661.62659	2106.5132
661.67786	2067.4941
661.72919	2095.3567
661.78046	2136.0156
661.83173	2054.2979
661.88306	2055.2078
661.93433	2053.5305
661.98566	2057.1062
662.03693	2051.9968
662.0882	2022.4277
662.13953	2038.2731
662.1908	2007.9016
662.24213	2019.4023
662.2934	2006.5072
662.34467	1998.1136
662.396	1982.5902
662.44727	2006.2168
662.4986	1977.9691
662.54987	1938.9404
662.60114	1960.2385
662.65247	1976.772
662.70374	1983.7886
662.75507	1956.2363
662.80634	1963.4702
662.8576	1951.8398
662.90894	1937.3502
662.96021	1935.0071
663.01154	1955.153
663.06281	1934.6561
663.11407	1927.4144
663.16541	1938.2368
663.21667	1910.6439
663.26801	1902.12
663.31927	1902.8553
663.37054	1879.5828
663.42188	1873.588
663.47314	1907.3459
663.52448	1905.2335
663.57574	1868.0935
663.62701	1851.3516
663.67834	1837.9102
663.72961	1826.9691
663.78094	1837.8257
663.83221	1853.2891
663.88348	1827.7435
663.93481	1836.6971
663.98608	1827.8215
664.03741	1774.8435
664.08868	1788.5718
664.13995	1764.448
664.19128	1772.0466
664.24255	1774.8795
664.29388	1773.8665
664.34515	1727.9172
664.39642	1684.8278
664.44775	1694.7526
664.49902	1697.2131
664.55035	1704.8698
664.60162	1703.7992
664.65289	1688.329
664.70422	1698.9508
664.75549	1649.964
664.80682	1645.6992
664.85809	1647.3848
664.90936	1638.4725
664.96069	1596.6768
665.01196	1594.812
665.06323	1588.1788
665.11456	1604.5923
665.16583	1601.7991
665.21716	1567.4875
665.26843	1575.3608
665.3197	1588.2019
665.37103	1575.9031
665.4223	1578.21
665.47363	1579.095
665.5249	1587.4211
665.57617	1510.1617
665.6275	1508.9501
665.67877	1520.2369
665.7301	1499.3473
665.78137	1519.9116
665.83264	1511.9849
665.88397	1503.4098
665.93524	1487.1091
665.98657	1539.4735
666.03784	1461.948
666.08911	1478.2897
666.14044	1518.4355
666.19171	1512.4551
666.24304	1481.6984
666.29431	1487.4102
666.34558	1474.8196
666.39691	1484.1725
666.44818	1465.3285
666.49951	1454.0582
666.55078	1436.5713
666.60205	1438.3105
666.65338	1479.1801
666.70465	1424.8503
666.75598	1454.8623
666.80725	1455.8215
666.85852	1418.1563
666.90985	1422.3259
666.96112	1421.776
667.01245	1412.8844
667.06372	1396.9912
667.11499	1401.3011
667.16632	1429.3475
667.21759	1401.3228
667.26892	1400.2799
667.32019	1381.2214
667.37146	1387.7948
667.42279	1384.9651
667.47406	1374.8722
667.52539	1404.4729
667.57666	1367.288
667.62793	1350.4921
667.67926	1388.0002
667.73053	1369.9821
667.78186	1352.917
667.83313	1360.7432
667.8844	1367.4268
667.93573	1340.0872
667.987	1348.2561
668.03827	1339.1738
668.0896	1334.3018
668.14087	1288.068
668.1922	1272.9292
668.24347	1273.9117
668.29474	1275.1737
668.34607	1266.2432
668.39734	1299.3997
668.44867	1285.0895
668.49994	1252.3994
668.55121	1271.2754
668.60254	1270.6681
668.65381	1243.4962
668.70514	1235.5093
668.75641	1256.1028
668.80768	1247.3148
668.85901	1236.7686
668.91028	1255.4402
668.96161	1258.9323
669.01288	1249.8883
669.06415	1229.0331
669.11548	1194.3268
669.16675	1212.5249
669.21808	1216.7769
669.26935	1204.9905
669.32062	1212.7826
669.37195	1195.4059
669.42322	1179.0226
669.47455	1182.2109
669.52582	1196.9659
669.57709	1209.3749
669.62842	1197.0029
669.67969	1170.6615
669.73102	1169.2615
669.78229	1161.6034
669.83356	1155.9272
669.88489	1142.4192
669.93616	1155.8931
669.98749	1158.3057
670.03876	1136.4426
670.09003	1123.668
670.14136	1128.447
670.19263	1129.2057
670.24396	1126.5636
670.29523	1101.2286
670.3465	1101.5126
670.39783	1121.866
670.4491	1114.4142
670.50043	1094.033
670.5517	1115.7629
670.60297	1128.8612
670.6543	1113.1455
670.70557	1092.7926
670.7569	1088.7542
670.80817	1106.666
670.85944	1108.8816
670.91077	1098.3782
670.96204	1077.8077
671.01337	1093.5017
671.06464	1085.6892
671.11591	1070.371
671.16724	1071.1471
671.21851	1084.0167
671.26978	1049.3987
671.32111	1055.5345
671.37238	1068.1304
671.42371	1064.6593
671.47498	1061.8671
671.52625	1072.1481
671.57758	1062.3701
671.62885	1053.4418
671.68018	1047.8177
671.73145	1059.3185
671.78271	1035.3291
671.83405	1041.6998
671.88531	1048.8186
671.93665	1033.4504
671.98792	1050.1992
672.03918	1036.1733
672.09052	1065.2307
672.14178	1030.496
672.19312	1027.363
672.24438	1024.0331
672.29565	1074.7776
672.34698	1050.3671
672.39825	1039.506
672.44958	1031.6384
672.50085	1028.6986
672.55212	1031.6766
672.60345	1028.7095
672.65472	1007.0443
672.70605	1066.2161
672.75732	1051.2112
672.80859	1024.7297
672.85992	1029.4132
672.91119	1035.3748
672.96252	1030.0586
673.01379	1022.2439
673.06506	1018.9228
673.11639	1017.7816
673.16766	1028.6113
673.21899	1019.7736
673.27026	993.64709
673.32153	1006.6904
673.37286	1010.4669
673.42413	1011.5801
673.47546	1015.1724
673.52673	1007.9864
673.578	1012.672
673.62933	1006.9627
673.6806	1015.759
673.73193	996.15161
673.7832	1011.46
673.83447	995.34424
673.8858	996.37799
673.93707	1016.1358
673.9884	1001.6741
674.03967	1010.0901
674.09094	999.69922
674.14227	992.64111
674.19354	1007.027
674.24481	1003.4002
674.29614	1005.2352
674.34741	987.41748
674.39874	993.98376
674.45001	979.04333
674.50128	1003.5027
674.55261	1004.3005
674.60388	982.76135
674.65521	993.95679
674.70648	992.02954
674.75775	980.19458
674.80908	996.45233
674.86035	985.56305
674.91168	987.72827
674.96295	993.75171
675.01422	1004.1822
675.06555	999.44391
675.11682	992.48145
675.16815	981.66553
675.21942	986.99347
675.27069	979.57465
675.32202	979.29791
675.37329	973.30505
675.42462	978.29059
675.47589	986.17743
675.52716	980.52972
675.57849	984.82513
675.62976	990.20215
675.68109	978.5293
675.73236	974.21295
675.78363	984.89587
675.83496	1000.5168
675.88623	1004.5025
675.93756	984.41614
675.98883	973.95123
676.0401	985.49286
676.09143	981.12775
676.1427	966.28442
676.19403	971.67139
676.2453	976.40631
676.29657	974.67206
676.3479	974.47583
676.39917	962.85297
676.4505	963.46381
676.50177	965.26581
676.55304	960.9527
676.60437	970.23956
676.65564	981.21533
676.70697	985.4007
676.75824	971.12067
676.80951	966.7345
676.86084	967.88098
676.91211	967.79541
676.96344	963.53992
677.01471	973.52399
677.06598	969.81207
677.11731	958.31116
677.16858	959.71216
677.21991	959.26117
677.27118	966.78082
677.32245	976.51526
677.37378	974.40894
677.42505	965.48047
677.47632	969.02356
677.52765	978.43439
677.57892	966.29327
677.63025	971.35425
677.68152	967.646
677.73279	971.2395
677.78412	962.01874
677.83539	953.86346
677.88672	975.47638
677.93799	958.83746
677.98926	959.10297
678.04059	960.35529
678.09186	966.60815
678.14319	975.95276
678.19446	958.69562
678.24573	952.31055
678.29706	956.3288
678.34833	966.8219
678.39966	972.56976
678.45093	966.61102
678.5022	964.66034
678.55353	970.01123
678.6048	949.24371
678.65613	965.13043
678.7074	969.62671
678.75867	960.47125
678.81	946.14539
678.86127	958.49371
678.9126	961.71466
678.96387	959.71216
679.01514	952.31354
679.06647	950.4552
679.11774	963.25842
679.16907	976.99182
679.22034	955.87427
679.27161	956.73962
679.32294	962.45654
679.37421	950.26245
679.42554	954.05908
679.47681	955.71387
679.52808	955.89117
679.57941	977.12781
679.63068	941.99396
679.68201	957.24292
679.73328	947.20764
679.78455	952.56488
679.83588	946.26178
679.88715	955.07153
679.93848	959.51801
679.98975	946.82587
680.04102	944.15192
680.09235	958.83063
680.14362	952.90576
680.19495	953.90179
680.24622	951.91833
680.29749	944.99414
680.34882	958.65295
680.40009	958.90833
680.45135	951.15143
680.50269	958.62604
680.55396	950.29297
680.60529	949.91425
680.65656	957.49023
680.70782	939.112
680.75916	948.20074
680.81042	968.43524
680.86176	951.46643
680.91302	943.50256
680.96429	935.63055
681.01563	954.86511
681.06689	939.8313
681.11823	945.08295
681.16949	947.70801
681.22076	948.81519
681.27209	946.30292
681.32336	938.96466
681.37469	943.13116
681.42596	952.54156
681.47723	947.95496
681.52856	942.69836
681.57983	948.68506
681.63116	942.40723
681.68243	938.4494
681.7337	942.07916
681.78503	939.66388
681.8363	949.55249
681.88763	947.09589
681.9389	942.73846
681.99017	942.75214
682.0415	941.37036
682.09277	940.16986
682.1441	940.74023
682.19537	942.51263
682.24664	937.56549
682.29797	936.72839
682.34924	944.56378
682.40057	960.54681
682.45184	950.73535
682.50311	939.27649
682.55444	948.78064
682.60571	954.43719
682.65704	946.97345
682.70831	937.47852
682.75958	939.99066
682.81091	954.06329
682.86218	949.10266
682.91351	935.18036
682.96478	942.09528
683.01605	949.74017
683.06738	947.56671
683.11865	943.9519
683.16998	940.29376
683.22125	938.98956
683.27252	937.66492
683.32385	938.96533
683.37512	937.38531
683.42639	947.63647
683.47772	946.93445
683.52899	937.90228
683.58032	937.52612
683.63159	944.63641
683.68286	946.76147
683.73419	945.38837
683.78546	942.56189
683.83679	934.34668
683.88806	942.61005
683.93933	949.82098
683.99066	943.70288
684.04193	941.18292
684.09326	944.33246
684.14453	936.82111
684.1958	940.84271
684.24713	945.06903
684.2984	942.02057
684.34973	941.46741
684.401	937.17963
684.45227	934.02496
684.5036	935.10529
684.55487	931.7561
684.6062	931.20428
684.65747	937.17645
684.70874	936.91943
684.76007	934.54785
684.81134	935.54443
684.86267	939.56659
684.91394	943.5376
684.96521	943.54523
685.01654	944.02057
685.06781	945.04266
685.11914	947.44403
685.17041	941.50427
685.22168	928.2901
685.27301	930.09106
685.32428	934.75061
685.37561	937.05762
685.42688	937.20062
685.47815	938.08093
685.52948	940.11584
685.58075	933.54694
685.63208	942.80444
685.68335	943.0899
685.73462	940.54395
685.78595	942.229
685.83722	932.82739
685.88855	934.73578
685.93982	940.47052
685.99109	933.10913
686.04242	921.46375
686.09369	927.90363
686.14502	939.37793
686.19629	938.14783
686.24756	933.07471
686.29889	938.07806
686.35016	938.80975
686.40149	944.04956
686.45276	948.58704
686.50403	944.08398
686.55536	941.65808
686.60663	939.14209
686.6579	941.39734
686.70923	938.75708
686.7605	935.82074
686.81183	930.33533
686.8631	935.49457
686.91437	931.14996
686.9657	934.99207
687.01697	947.79285
687.0683	941.97119
687.11957	936.64551
687.17084	950.05096
687.22217	943.08478
687.27344	936.97241
687.32477	934.66602
687.37604	936.10919
687.42731	934.48682
687.47864	929.31299
687.52991	930.52087
687.58124	939.85724
687.63251	938.35583
687.68378	934.87152
687.73511	932.58966
687.78638	937.36145
687.83771	937.18127
687.88898	932.73767
687.94025	927.44513
687.99158	927.35187
688.04285	933.38251
688.09418	930.12524
688.14545	938.82483
688.19672	931.16095
688.24805	935.33649
688.29932	934.15509
688.35065	926.91241
688.40192	932.03387
688.45319	941.80743
688.50452	946.42688
688.55579	934.67334
688.60712	938.1792
688.65839	941.12793
688.70966	930.65588
688.76099	929.10797
688.81226	936.02917
688.86359	941.27875
688.91486	917.40985
688.96613	935.86749
689.01746	934.57483
689.06873	937.83466
689.12006	942.02716
689.17133	941.28876
689.2226	941.9151
689.27393	938.01355
689.3252	923.44379
689.37653	933.83844
689.4278	939.16809
689.47906	939.27325
689.5304	939.56921
689.58167	933.11584
689.63293	923.3576
689.68427	925.35101
689.73553	928.10602
689.78687	936.97589
689.83813	924.24402
689.8894	937.10864
689.94073	936.18298
689.992	936.50623
690.04333	941.00238
690.0946	937.21844
690.14587	921.99652
690.1972	936.23999
690.24847	936.96503
690.2998	932.27777
690.35107	934.38477
690.40234	939.23108
690.45367	940.35095
690.50494	945.28168
690.55627	947.80511
690.60754	931.40375
690.65881	941.29907
690.71014	947.07703
690.76141	937.0271
690.81274	916.32251
690.86401	937.20007
690.91528	929.22626
690.96661	933.18787
691.01788	936.18622
691.06921	945.09381
691.12048	941.28345
691.17175	919.67773
691.22308	945.57214
691.27435	935.51923
691.32568	945.87836
691.37695	933.67206
691.42822	924.5636
691.47955	933.80969
691.53082	933.27368
691.58215	937.03381
691.63342	934.38849
691.68469	938.01178
691.73602	945.76715
691.78729	934.98779
691.83862	932.3692
691.88989	930.37677
691.94116	935.80219
691.99249	925.15698
692.04376	927.92621
692.09509	927.45557
692.14636	933.01031
692.19763	927.05408
692.24896	931.30176
692.30023	940.4928
692.35156	938.65094
692.40283	934.18475
692.4541	925.95844
692.50543	926.51123
692.5567	925.29187
692.60803	923.92993
692.6593	926.21735
692.71057	933.3797
692.7619	939.45502
692.81317	931.60986
692.86444	929.47058
692.91577	937.85767
692.96704	932.28809
693.01837	921.95392
693.06964	927.1189
693.12091	932.10919
693.17224	927.48578
693.22351	926.09235
693.27484	920.98352
693.32611	928.86237
693.37738	927.81689
693.42871	933.10278
693.47998	931.40106
693.53131	935.21399
693.58258	931.88623
693.63385	931.21851
693.68518	927.86444
693.73645	926.74329
693.78778	936.48828
693.83905	931.25183
693.89032	923.37671
693.94165	925.68958
693.99292	930.57007
694.04425	932.91669
694.09552	932.93933
694.14679	934.2785
694.19812	942.53564
694.24939	939.53009
694.30072	928.39624
694.35199	928.91626
694.40326	923.15833
694.45459	934.3736
694.50586	929.7124
694.55719	933.10779
694.60846	935.46173
694.65973	935.96503
694.71106	936.62872
694.76233	928.24719
694.81366	927.94189
694.86493	926.61743
694.9162	931.25354
694.96753	936.19312
695.0188	936.46625
695.07013	929.03107
695.1214	924.27185
695.17267	930.43536
695.224	932.815
695.27527	936.49701
695.3266	927.97577
695.37787	924.94629
695.42914	925.61786
695.48047	933.11975
695.53174	931.02887
695.58307	934.92621
695.63434	927.31274
695.68561	930.70538
695.73694	930.66064
695.78821	928.35217
695.83948	927.70721
695.89081	943.59009
695.94208	928.12738
695.99341	930.06134
696.04468	936.23969
696.09595	935.18408
696.14728	933.87061
696.19855	942.84808
696.24988	936.08771
696.30115	939.51733
696.35242	941.11401
696.40375	940.18732
696.45502	951.4635
696.50635	944.42352
696.55762	944.50647
696.60889	937.16907
696.66022	933.6615
696.71149	937.24713
696.76282	935.93768
696.81409	941.25934
696.86536	942.81104
696.91669	930.11932
696.96796	942.41193
697.01929	944.06738
697.07056	932.38135
697.12183	933.90735
697.17316	941.84222
697.22443	940.14526
697.27576	946.08423
697.32703	939.08893
697.3783	942.60364
697.42963	936.30164
697.4809	926.07544
697.53223	943.23737
697.5835	937.72931
697.63477	933.29169
697.6861	942.44366
697.73737	940.09241
697.7887	935.78406
697.83997	934.17218
697.89124	937.67743
697.94257	941.00696
697.99384	941.40143
698.04517	940.22095
698.09644	941.14368
698.14771	941.24609
698.19904	934.14349
698.25031	937.80634
698.30164	935.52948
698.35291	934.95465
698.40417	938.22699
698.45551	937.45032
698.50677	937.33075
698.55811	933.78668
698.60938	930.86755
698.66064	929.36731
698.71198	932.36322
698.76324	934.40875
698.81451	932.37195
698.86584	925.20905
698.91711	919.25128
698.96844	922.29352
699.01971	930.20972
699.07098	932.966
699.12231	928.57629
699.17358	929.61511
699.22491	935.07324
699.27618	941.979
699.32745	935.69171
699.37878	932.94275
699.43005	930.74304
699.48138	929.92542
699.53265	930.40735
699.58392	930.01202
699.63525	929.84833
699.68652	923.44421
699.73785	928.95117
699.78912	935.33691
699.84039	931.51135
699.89172	923.99292
699.94299	922.66406
699.99432	927.21472
700.04559	932.28027
700.09686	922.03143
700.14819	933.85944
700.19946	935.81982
700.25079	930.26331
700.30206	929.33936
700.35333	937.91357
700.40466	932.12286
700.45593	927.91687
700.50726	931.00732
700.55853	930.10431
700.6098	938.05975
700.66113	935.13776
700.7124	927.60089
700.76373	925.52942
700.815	927.62592
700.86627	934.22729
700.9176	936.72601
700.96887	920.29999
701.0202	927.59888
701.07147	939.03632
701.12274	927.65765
701.17407	923.25562
701.22534	937.45343
701.27667	937.14557
701.32794	928.16284
701.37921	915.60968
701.43054	939.27905
701.48181	933.82025
701.53314	935.72089
701.58441	924.90332
701.63568	924.38324
701.68701	938.60736
701.73828	926.20392
701.78961	934.16736
701.84088	932.80804
701.89215	928.34668
701.94348	929.2594
701.99475	928.82434
702.04602	923.64966
702.09735	929.31396
702.14862	930.14502
702.19995	928.01569
702.25122	922.84528
702.30249	913.76862
702.35382	928.07544
702.40509	922.39374
702.45642	929.37567
702.50769	938.21997
702.55896	936.19983
702.61029	923.284
702.66156	925.21515
702.71289	934.08954
702.76416	919.56628
702.81543	915.3396
702.86676	936.46729
702.91803	926.66406
702.96936	928.12933
703.02063	924.43341
703.0719	919.51221
703.12323	928.56445
703.1745	922.71039
703.22583	919.44525
703.2771	920.12744
703.32837	929.31476
703.3797	933.82367
703.43097	943.19031
703.4823	941.52814
703.53357	932.3385
703.58484	921.52173
703.63617	921.07275
703.68744	937.685
703.73877	924.67511
703.79004	934.17334
703.84131	914.08783
703.89264	930.43756
703.94391	920.77869
703.99524	929.82819
704.04651	918.14227
704.09778	929.1142
704.14911	926.48279
704.20038	921.94446
704.25171	924.38446
704.30298	922.7854
704.35425	930.07239
704.40558	927.46515
704.45685	929.2843
704.50818	927.07721
704.55945	932.29926
704.61072	925.79895
704.66205	928.44434
704.71332	927.16278
704.76465	926.15784
704.81592	923.2074
704.86719	932.39801
704.91852	929.61609
704.96979	924.27069
705.02106	921.7204
705.07239	918.31189
705.12366	932.59894
705.17499	936.35651
705.22626	939.97974
705.27753	933.22467
705.32886	916.90656
705.38013	921.91455
705.43146	921.11993
705.48273	928.07373
705.534	927.21417
705.58533	933.89508
705.6366	928.80237
705.68793	921.20526
705.7392	928.36951
705.79047	931.86316
705.8418	930.4964
705.89307	932.58466
705.9444	928.00159
705.99567	921.68988
706.04694	929.71954
706.09827	921.82892
706.14954	917.41443
706.20087	921.69043
706.25214	925.57654
706.30341	934.97339
706.35474	933.30127
706.40601	925.29303
706.45734	923.65271
706.50861	924.64551
706.55988	921.82434
706.61121	925.02466
706.66248	927.95392
706.71381	923.44543
706.76508	929.45459
706.81635	938.1192
706.86768	936.52155
706.91895	924.45319
706.97028	918.08606
707.02155	928.01788
707.07281	920.36438
707.12415	916.71069
707.17542	925.71497
707.22675	923.01727
707.27802	921.72198
707.32928	921.38715
707.38062	923.60492
707.43188	927.59589
707.48322	933.50806
707.53448	929.63324
707.58575	930.17529
707.63708	934.60162
707.68835	929.62653
707.73969	928.20844
707.79095	928.71478
707.84222	928.58118
707.89355	926.6676
707.94482	928.24323
707.99615	929.0174
708.04742	933.60132
708.09869	931.41852
708.15002	924.41559
708.20129	928.02673
708.25256	931.18732
708.30389	928.39484
708.35516	930.46423
708.40649	934.08722
708.45776	931.49579
708.50903	924.05438
708.56036	925.68311
708.61163	929.68469
708.66296	939.01776
708.71423	938.69269
708.7655	931.97095
708.81683	923.39984
708.8681	929.00677
708.91943	921.82568
708.9707	926.00665
709.02197	928.64001
709.0733	930.68738
709.12457	920.28424
709.1759	922.38751
709.22717	926.26984
709.27844	928.87109
709.32977	932.15417
709.38104	923.63495
709.43237	916.7738
709.48364	925.23669
709.53491	925.74329
709.58624	925.69812
709.63751	926.11584
709.68884	922.94696
709.74011	930.96619
709.79138	925.06927
709.84271	927.90558
709.89398	923.97333
709.94531	923.97156
709.99658	923.96967
710.04785	924.35687
710.09918	927.48029
710.15045	930.63409
710.20178	918.48975
710.25305	929.78516
710.30432	928.10455
710.35565	924.2879
710.40692	926.76031
710.45825	930.32983
710.50952	926.64807
710.56079	924.50806
710.61212	922.51501
710.66339	926.49603
710.71472	930.21014
710.76599	930.66351
710.81726	923.54675
710.86859	933.3891
710.91986	923.30286
710.97119	933.27704
711.02246	928.77435
711.07373	935.03217
711.12506	928.6499
711.17633	943.83258
711.2276	932.49603
711.27893	927.84198
711.3302	926.84448
711.38153	925.19006
711.4328	916.93219
711.48407	930.59949
711.5354	926.1507
711.58667	929.36456
711.638	920.11249
711.68927	923.86359
711.74054	922.94788
711.79187	923.86859
711.84314	922.77411
711.89447	918.73346
711.94574	913.25519
711.99701	927.66016
712.04834	915.00793
712.09961	923.10834
712.15094	944.74451
712.20221	917.9024
712.25348	927.85785
712.30481	926.89404
712.35608	926.88477
712.40741	933.77185
712.45868	925.06244
712.50995	918.05023
712.56128	937.28076
712.61255	931.11456
712.66388	924.14258
712.71515	923.87195
712.76642	934.3537
712.81775	938.66333
712.86902	926.58765
712.92035	923.98407
712.97162	928.54254
713.02289	926.99744
713.07422	920.36694
713.12549	925.40277
713.17682	924.0152
713.22809	922.93762
713.27936	931.05554
713.33069	932.75702
713.38196	928.33301
713.43329	919.75745
713.48456	926.89453
713.53583	919.83057
713.58716	925.92798
713.63843	934.78302
713.68976	921.77966
713.74103	925.95514
713.7923	927.70325
713.84363	920.03943
713.8949	924.86005
713.94623	932.69354
713.9975	927.8468
714.04877	924.27435
714.1001	926.35895
714.15137	925.97894
714.2027	930.00879
714.25397	938.32245
714.30524	924.05023
714.35657	934.02002
714.40784	920.3681
714.45911	924.99017
714.51044	921.9245
714.56171	919.995
714.61304	931.09412
714.66431	930.59302
714.71558	924.21448
714.76691	918.03052
714.81818	919.16791
714.86951	924.51227
714.92078	924.22668
714.97205	922.23285
715.02338	928.76929
715.07465	925.38593
715.12598	926.85437
715.17725	920.90778
715.22852	921.82141
715.27985	924.29285
715.33112	921.01477
715.38245	922.76941
715.43372	923.02924
715.48499	922.77228
715.53632	918.34491
715.58759	918.23596
715.63892	926.06915
715.69019	932.39636
715.74146	922.91998
715.79279	921.63696
715.84406	933.49207
715.89539	938.46918
715.94666	930.966
715.99792	932.68335
716.04926	939.65753
716.10052	935.47827
716.15186	921.6535
716.20313	922.95947
716.25439	929.17688
716.30573	925.27893
716.35699	920.70374
716.40833	923.79266
716.45959	932.46246
716.51086	925.03705
716.56219	914.41229
716.61346	928.94556
716.66479	929.17328
716.71606	935.85809
716.76733	933.90674
716.81866	927.78101
716.86993	931.23236
716.92126	925.38544
716.97253	918.16949
717.0238	924.95648
717.07513	919.62366
717.1264	929.40405
717.17773	928.10675
717.229	926.05139
717.28027	933.02795
717.3316	930.79315
717.38287	929.53491
717.43414	923.42145
717.48547	923.52948
717.53674	936.30743
717.58807	928.95496
717.63934	924.44421
717.69061	928.28302
717.74194	930.45215
717.79321	925.26605
717.84454	917.78326
717.89581	928.39612
717.94708	923.31714
717.99841	917.81995
718.04968	925.65112
718.10101	930.935
718.15228	934.35974
718.20355	940.69684
718.25488	928.57928
718.30615	922.29315
718.35748	933.15674
718.40875	929.48187
718.46002	925.37823
718.51135	926.04492
718.56262	924.12512
718.61395	920.9931
718.66522	920.24854
718.71649	923.23755
718.76782	927.79858
718.81909	924.40063
718.87042	916.57898
718.92169	918.76709
718.97296	925.71704
719.02429	927.11908
719.07556	927.66528
719.12689	927.12903
719.17816	920.14514
719.22943	926.5686
719.28076	928.24274
719.33203	924.03802
719.38336	926.21472
719.43463	921.17493
719.4859	921.55646
719.53723	930.3316
719.5885	932.38422
719.63983	918.09198
719.6911	915.21289
719.74237	917.47382
719.7937	916.26404
719.84497	919.76703
719.8963	920.3717
719.94757	926.80792
719.99884	929.70294
720.05017	924.09857
720.10144	919.95184
720.15277	923.38617
720.20404	930.02594
720.25531	931.64276
720.30664	929.6604
720.35791	934.89978
720.40918	929.25653
720.46051	922.59821
720.51178	931.27954
720.56311	929.11768
720.61438	923.06335
720.66565	923.47815
720.71698	916.90826
720.76825	923.64777
720.81958	929.45056
720.87085	925.83759
720.92212	916.60199
720.97345	915.14819
721.02472	918.97437
721.07605	932.58398
721.12732	923.64349
721.17859	920.83899
721.22992	930.56561
721.28119	930.17688
721.33252	925.71857
721.38379	925.28998
721.43506	931.90277
721.48639	929.44141
721.53766	928.81104
721.58899	925.15686
721.64026	926.96539
721.69153	922.54907
721.74286	923.27588
721.79413	923.09558
721.84546	927.02582
721.89673	928.8902
721.948	914.02582
721.99933	922.06268
722.0506	929.58783
722.10193	928.05194
722.1532	926.71594
722.20447	934.12787
722.2558	932.93451
722.30707	933.09229
722.3584	920.86139
722.40967	921.85693
722.46094	924.18018
722.51227	924.88379
722.56354	925.07275
722.61487	931.96771
722.66614	924.12878
722.71741	921.73993
722.76874	912.68994
722.82001	922.66901
722.87134	926.99335
722.92261	919.63348
722.97388	919.83118
723.02521	927.65753
723.07648	924.7207
723.12781	928.1037
723.17908	932.49908
723.23035	935.31531
723.28168	927.8642
723.33295	927.00787
723.38428	920.8559
723.43555	933.90021
723.48682	913.64966
723.53815	920.91101
723.58942	920.61658
723.64069	923.19684
723.69202	924.43805
723.74329	928.6405
723.79462	924.53925
723.84589	917.55066
723.89716	917.37494
723.94849	928.3031
723.99976	920.85388
724.05109	921.80017
724.10236	935.40271
724.15363	928.78302
724.20496	924.17639
724.25623	935.81299
724.30756	925.01892
724.35883	928.62256
724.4101	916.9444
724.46143	918.97137
724.5127	931.69458
724.56403	932.99512
724.6153	919.63995
724.66656	926.75867
724.7179	923.039
724.76917	936.47778
724.8205	932.48352
724.87177	928.96198
724.92303	927.66724
724.97437	927.03424
725.02563	921.73376
725.07697	923.33563
725.12823	934.14551
725.1795	924.1626
725.23083	917.99109
725.2821	924.53259
725.33344	925.09454
725.3847	916.71118
725.43597	926.45459
725.4873	920.06006
725.53857	921.76807
725.5899	919.40881
725.64117	917.71637
725.69244	912.45355
725.74377	922.66467
725.79504	940.19733
725.84637	920.49768
725.89764	934.77191
725.94891	928.59827
726.00024	928.79297
726.05151	924.20648
726.10284	917.17029
726.15411	924.38855
726.20538	923.99829
726.25671	923.54425
726.30798	930.10498
726.35931	936.05365
726.41058	928.86963
726.46185	922.56445
726.51318	922.44525
726.56445	917.2674
726.61572	914.75702
726.66705	923.00989
726.71832	913.80713
726.76965	920.00861
726.82092	917.47827
726.87219	916.18384
726.92352	928.31311
726.97479	926.4856
727.02612	937.40131
727.07739	919.55286
727.12866	925.69232
727.17999	926.00403
727.23126	920.85059
727.28259	927.01971
727.33386	921.00653
727.38513	921.56641
727.43646	909.12994
727.48773	919.14453
727.53906	922.05981
727.59033	917.07654
727.6416	924.28833
727.69293	914.42889
727.7442	920.48621
727.79553	921.6377
727.8468	923.17444
727.89807	922.17432
727.9494	922.22858
728.00067	926.87262
728.052	923.72778
728.10327	920.31842
728.15454	922.07703
728.20587	931.87732
728.25714	927.00763
728.30847	913.59784
728.35974	916.59302
728.41101	925.72498
728.46234	932.76532
728.51361	923.30371
728.56494	924.13336
728.61621	927.64764
728.66748	917.29822
728.71881	918.2431
728.77008	923.08362
728.82141	916.49695
728.87268	922.82678
728.92395	915.40698
728.97528	928.76099
729.02655	924.11731
729.07788	917.96082
729.12915	928.38336
729.18042	922.27972
729.23175	922.53162
729.28302	923.77142
729.33435	920.52502
729.38562	923.89386
729.43689	933.65833
729.48822	921.28235
729.53949	915.24738
729.59082	922.50861
729.64209	924.74768
729.69336	926.4549
729.74469	914.81561
729.79596	925.5437
729.84723	920.72882
729.89856	923.43109
729.94983	917.25195
730.00116	916.90186
730.05243	914.47913
730.1037	918.65491
730.15503	934.28156
730.2063	911.80902
730.25763	917.14124
730.3089	924.01526
730.36017	920.66528
730.4115	909.46271
730.46277	920.67468
730.5141	930.68982
730.56537	917.46399
730.61664	912.2063
730.66797	920.1181
730.71924	918.79053
730.77057	916.94635
730.82184	930.3645
730.87311	924.81525
730.92444	937.04248
730.97571	926.5788
731.02704	921.10791
731.07831	921.15411
731.12958	928.57904
731.18091	922.58148
731.23218	918.65717
731.28351	929.76117
731.33478	917.40906
731.38605	920.02203
731.43738	925.97333
731.48865	916.52856
731.53998	926.77057
731.59125	915.30548
731.64252	925.1911
731.69385	924.78571
731.74512	921.2887
731.79645	921.88403
731.84772	918.784
731.89899	915.68329
731.95032	920.47906
732.00159	922.97815
732.05292	921.67358
732.10419	927.17236
732.15546	933.39874
732.20679	909.45093
732.25806	920.67487
732.30939	915.97064
732.36066	914.6582
732.41193	919.35931
732.46326	921.4566
732.51453	925.03937
732.56586	931.97961
732.61713	921.15613
732.6684	920.86035
732.71973	919.52875
732.771	929.61011
732.82227	907.12933
732.8736	917.60883
732.92487	931.34088
732.9762	932.16028
733.02747	922.3598
733.07874	914.84497
733.13007	913.22137
733.18134	922.15662
733.23267	913.92108
733.28394	920.53961
733.33521	916.20996
733.38654	925.73389
733.43781	921.73071
733.48914	918.91168
733.54041	925.92523
733.59167	923.52509
733.64301	917.62091
733.69427	914.00897
733.74561	920.2243
733.79688	904.71387
733.84814	918.60931
733.89948	915.11835
733.95074	923.20599
734.00208	916.41553
734.05334	926.89026
734.10461	916.00085
734.15594	916.52887
734.20721	927.57788
734.25854	914.19885
734.30981	915.40234
734.36108	917.68207
734.41241	914.29816
734.46368	916.60846
734.51501	921.08783
734.56628	921.29535
734.61755	922.87378
734.66888	922.03314
734.72015	928.91309
734.77148	918.65222
734.82275	915.71844
734.87402	920.33038
734.92535	914.07306
734.97662	915.57526
735.02795	927.96039
735.07922	926.41089
735.13049	921.6153
735.18182	925.84302
735.23309	924.06201
735.28442	922.61292
735.33569	912.73535
735.38696	924.59692
735.43829	913.61835
735.48956	918.27924
735.54089	920.5058
735.59216	924.39166
735.64343	926.24377
735.69476	919.46387
735.74603	916.32788
735.7973	925.57275
735.84863	922.03986
735.8999	921.9198
735.95123	920.4422
736.0025	916.75629
736.05377	920.94537
736.1051	913.51569
736.15637	916.90692
736.2077	917.13757
736.25897	925.27277
736.31024	925.90424
736.36157	919.02118
736.41284	925.26086
736.46417	919.76379
736.51544	918.27075
736.56671	918.09338
736.61804	906.56689
736.66931	917.27045
736.72064	919.13916
736.77191	920.00665
736.82318	920.27039
736.87451	921.6001
736.92578	919.1358
736.97711	920.54089
737.02838	924.13428
737.07965	926.09595
737.13098	931.88135
737.18225	925.96844
737.23358	931.84985
737.28485	929.85498
737.33612	923.41321
737.38745	927.13489
737.43872	931.96082
737.49005	918.52167
737.54132	909.979
737.59259	911.60571
737.64392	918.89343
737.69519	909.37646
737.74652	922.36823
737.79779	918.05579
737.84906	913.27386
737.90039	916.35785
737.95166	923.80811
738.00299	920.92426
738.05426	910.59357
738.10553	913.00519
738.15686	907.79626
738.20813	909.54779
738.25946	922.46497
738.31073	920.28003
738.362	921.28607
738.41333	919.94586
738.4646	927.42303
738.51593	914.77423
738.5672	914.28271
738.61847	918.52002
738.6698	928.85706
738.72107	918.24005
738.7724	915.4621
738.82367	919.35248
738.87494	925.75214
738.92627	922.05566
738.97754	910.55859
739.02881	918.1084
739.08014	919.66199
739.13141	923.29382
739.18274	921.74567
739.23401	909.23682
739.28528	913.77594
739.33661	913.32391
739.38788	928.4317
739.43921	912.35028
739.49048	908.85602
739.54175	920.11829
739.59308	916.90924
739.64435	918.67603
739.69568	924.61664
739.74695	919.28009
739.79822	913.91553
739.84955	914.32056
739.90082	922.14185
739.95215	933.53943
740.00342	921.21204
740.05469	917.94714
740.10602	918.35016
740.15729	922.38043
740.20862	915.91705
740.25989	918.64679
740.31116	921.77344
740.36249	914.05609
740.41376	920.37592
740.46509	913.16138
740.51636	916.12451
740.56763	915.30347
740.61896	909.31744
740.67023	917.46375
740.72156	924.26105
740.77283	921.19049
740.8241	918.11743
740.87543	919.23022
740.9267	923.27252
740.97803	922.9621
741.0293	921.67413
741.08057	926.74054
741.1319	923.72882
741.18317	921.89026
741.2345	919.36932
741.28577	922.75659
741.33704	918.45593
741.38837	919.71014
741.43964	914.18958
741.49097	914.28741
741.54224	921.47192
741.59351	913.56512
741.64484	910.13531
741.69611	912.97955
741.74744	912.61945
741.79871	913.64014
741.84998	918.00317
741.90131	923.53271
741.95258	919.47345
742.00385	921.4837
742.05518	919.93488
742.10645	924.32245
742.15778	924.65857
742.20905	921.18182
742.26031	916.41095
742.31165	915.85193
742.36292	918.7829
742.41425	918.39014
742.46552	917.64648
742.51678	918.98889
742.56812	924.01971
742.61938	926.51611
742.67072	920.55206
742.72198	918.16064
742.77325	920.9762
742.82458	921.69281
742.87585	917.59668
742.92719	915.41754
742.97845	923.43817
743.02972	922.25348
743.08105	916.40997
743.13232	917.36237
743.18365	920.29022
743.23492	916.96112
743.28619	915.42358
743.33752	917.90594
743.38879	922.33746
743.44012	927.09528
743.49139	919.90979
743.54266	912.78436
743.59399	916.68768
743.64526	918.44513
743.69659	915.85919
743.74786	914.55756
743.79913	918.01196
743.85046	918.31342
743.90173	919.01599
743.95306	924.97906
744.00433	923.39532
744.0556	917.4967
744.10693	912.81158
744.1582	910.78259
744.20953	913.76129
744.2608	919.62952
744.31207	922.81665
744.3634	919.57611
744.41467	919.16888
744.466	919.1427
744.51727	922.23499
744.56854	917.57239
744.61987	912.14862
744.67114	923.97247
744.72247	919.39471
744.77374	909.33325
744.82501	912.39307
744.87634	920.01593
744.92761	922.23322
744.97894	919.74194
745.03021	925.51208
745.08148	925.49231
745.13281	920.69739
745.18408	916.11938
745.23535	916.60309
745.28668	920.75647
745.33795	918.59808
745.38928	920.16949
745.44055	913.9516
745.49182	916.58612
745.54315	921.69727
745.59442	912.22168
745.64575	912.34839
745.69702	919.85168
745.74829	916.14923
745.79962	913.15222
745.85089	919.20551
745.90222	919.11108
745.95349	916.03015
746.00476	911.75574
746.05609	913.38666
746.10736	920.52985
746.15869	920.06329
746.20996	914.02161
746.26123	911.58948
746.31256	917.84247
746.36383	918.43494
746.41516	913.07733
746.46643	910.50433
746.5177	916.46527
746.56903	916.12195
746.6203	912.78564
746.67163	914.10065
746.7229	917.4339
746.77417	917.79828
746.8255	914.80267
746.87677	916.61768
746.9281	923.16888
746.97937	918.17474
747.03064	915.3866
747.08197	923.00995
747.13324	929.61566
747.18457	914.66992
747.23584	913.06549
747.28711	911.1311
747.33844	923.61652
747.38971	919.03125
747.44104	920.02557
747.49231	919.23914
747.54358	918.6687
747.59491	921.61377
747.64618	913.45898
747.69751	920.02216
747.74878	923.40656
747.80005	915.13574
747.85138	907.28607
747.90265	903.97437
747.95398	907.7572
748.00525	914.85321
748.05652	911.85541
748.10785	910.5011
748.15912	916.75659
748.21039	924.7002
748.26172	916.93646
748.31299	920.06177
748.36432	926.92535
748.41559	922.66907
748.46686	912.56311
748.51819	923.39117
748.56946	920.59161
748.62079	914.64258
748.67206	913.37231
748.72333	911.65375
748.77466	919.13391
748.82593	920.646
748.87726	913.3504
748.92853	919.35468
748.9798	922.58917
749.03113	925.12915
749.0824	921.20795
749.13373	916.22668
749.185	925.07483
749.23627	923.7818
749.2876	918.33453
749.33887	926.88196
749.3902	915.5072
749.44147	920.41022
749.49274	922.26141
749.54407	906.90033
749.59534	909.71332
749.64667	925.57257
749.69794	917.90289
749.74921	917.75159
749.80054	924.6889
749.85181	920.04004
749.90314	915.62305
749.95441	916.35516
750.00568	908.78009
750.05701	922.02081
750.10828	914.82703
750.15961	920.63037
750.21088	910.96655
750.26215	916.93268
750.31348	918.31873
750.36475	917.92004
750.41608	920.51495
750.46735	924.31201
750.51862	921.53149
750.56995	913.30756
750.62122	910.94788
750.67255	905.26788
750.72382	907.72681
750.77509	906.3924
750.82642	915.23962
750.87769	917.91785
750.92902	915.84967
750.98029	917.28876
751.03156	916.65363
751.08289	916.18872
751.13416	912.45203
751.18549	919.84003
751.23676	911.92078
751.28802	913.53412
751.33936	928.74023
751.39063	912.49371
751.44189	917.26685
751.49323	917.2984
751.54449	919.71814
751.59583	913.81836
751.64709	924.75055
751.69836	920.41455
751.74969	915.58502
751.80096	916.74622
751.85229	918.41144
751.90356	918.40778
751.95483	916.94415
752.00616	910.20703
752.05743	915.99274
752.10876	922.32758
752.16003	910.59863
752.2113	908.11566
752.26263	917.07098
752.3139	917.23633
752.36523	925.21729
752.4165	913.52429
752.46777	916.33679
752.5191	926.30841
752.57037	919.45984
752.6217	913.16315
752.67297	907.3847
752.72424	912.46881
752.77557	905.7395
752.82684	899.39246
752.87817	916.90448
752.92944	915.48376
752.98071	920.20178
753.03204	909.16284
753.08331	918.77795
753.13464	909.45953
753.18591	911.56757
753.23718	919.17401
753.28851	918.99689
753.33978	921.66412
753.39111	909.95135
753.44238	902.23773
753.49365	908.56116
753.54498	910.42328
753.59625	912.21161
753.64758	916.96893
753.69885	909.97845
753.75012	919.97589
753.80145	910.88428
753.85272	909.55377
753.90405	918.1369
753.95532	916.75262
754.00659	914.52124
754.05792	920.99146
754.10919	907.49927
754.16052	921.8797
754.21179	912.86029
754.26306	917.60785
754.31439	919.98871
754.36566	917.98651
754.41693	915.6189
754.46826	911.82996
754.51953	917.4248
754.57086	924.78076
754.62213	915.40314
754.6734	922.79053
754.72473	913.50055
754.776	921.31421
754.82733	908.48889
754.8786	916.67944
754.92987	906.9292
754.9812	919.2666
755.03247	911.61115
755.0838	907.98456
755.13507	914.29083
755.18634	915.17285
755.23767	914.15344
755.28894	907.63751
755.34027	917.81201
755.39154	909.05853
755.44281	922.93146
755.49414	914.82391
755.54541	927.81488
755.59674	923.04926
755.64801	907.68799
755.69928	919.14758
755.75061	912.77161
755.80188	924.8136
755.85321	914.9964
755.90448	922.3382
755.95575	923.46606
756.00708	918.43811
756.05835	921.21796
756.10968	919.30707
756.16095	898.13812
756.21222	914.24023
756.26355	906.56238
756.31482	903.2597
756.36615	913.83392
756.41742	919.02606
756.46869	911.03723
756.52002	918.33813
756.57129	913.45172
756.62262	923.70013
756.67389	913.22961
756.72516	923.27319
756.77649	924.74274
756.82776	921.21637
756.87909	914.78857
756.93036	920.3158
756.98163	914.14948
757.03296	914.51874
757.08423	910.87524
757.13556	916.88782
757.18683	909.22449
757.2381	926.77924
757.28943	914.97864
757.3407	906.01886
757.39197	907.78558
757.4433	921.54712
757.49457	909.11285
757.5459	910.94354
757.59717	918.58167
757.64844	914.16388
757.69977	906.88867
757.75104	907.24896
757.80237	917.77728
757.85364	915.77252
757.90491	914.08386
757.95624	915.81995
758.00751	923.07629
758.05884	922.4903
758.11011	910.06976
758.16138	912.22345
758.21271	922.53351
758.26398	918.52802
758.31531	915.16254
758.36658	918.12299
758.41785	925.91949
758.46918	909.79346
758.52045	916.07538
758.57178	910.54871
758.62305	923.06165
758.67432	915.60071
758.72565	911.94702
758.77692	904.78473
758.82825	912.45764
758.87952	916.1424
758.93079	909.90521
758.98212	911.44592
759.03339	922.91034
759.08472	914.23297
759.13599	909.8866
759.18726	917.66455
759.23859	915.54828
759.28986	913.21582
759.34119	915.20044
759.39246	909.87207
759.44373	910.66302
759.49506	915.61115
759.54633	905.7467
759.59766	907.96039
759.64893	930.12286
759.7002	915.92328
759.75153	909.77716
759.8028	917.42694
759.85413	923.12915
759.9054	929.42053
759.95667	905.48688
760.008	918.42163
760.05927	924.7312
760.1106	935.82611
760.16187	913.08923
760.21313	910.12726
760.26447	924.487
760.31573	909.76971
760.36707	921.21539
760.41833	905.51947
760.4696	924.67108
760.52094	922.41901
760.5722	912.15637
760.62347	907.78412
760.6748	907.65326
760.72607	907.92603
760.7774	915.51654
760.82867	913.63959
760.87994	912.6355
760.93127	910.97754
760.98254	907.59802
761.03387	919.22308
761.08514	916.28461
761.13641	918.27509
761.18774	909.0127
761.23901	910.33221
761.29034	909.64679
761.34161	920.77307
761.39288	915.28351
761.44421	919.00348
761.49548	921.28064
761.54681	921.61176
761.59808	904.41443
761.64935	915.70697
761.70068	919.83759
761.75195	910.14624
761.80328	918.55487
761.85455	916.67114
761.90582	911.2807
761.95715	914.39166
762.00842	910.59625
762.05975	900.94165
762.11102	914.73584
762.16229	919.45959
762.21362	912.51709
762.26489	912.74426
762.31622	919.12927
762.36749	919.47424
762.41876	908.12842
762.47009	911.28497
762.52136	913.53046
762.57269	908.44653
762.62396	913.77521
762.67523	916.85803
762.72656	903.94702
762.77783	911.95502
762.82916	916.63074
762.88043	908.13257
762.9317	917.13501
762.98303	922.57416
763.0343	912.95477
763.08563	915.64148
763.1369	919.90961
763.18817	917.29816
763.2395	917.25226
763.29077	902.83575
763.3421	910.01514
763.39337	914.7876
763.44464	905.67474
763.49597	905.9696
763.54724	925.75867
763.59851	922.86517
763.64984	907.3147
763.70111	910.37653
763.75244	911.07312
763.80371	915.83966
763.85498	909.12964
763.90631	911.54932
763.95758	913.68604
764.00891	920.77588
764.06018	913.53827
764.11145	912.13934
764.16278	910.93195
764.21405	924.69482
764.26538	910.33716
764.31665	912.08472
764.36792	910.65039
764.41925	924.8457
764.47052	915.99158
764.52185	907.34735
764.57312	910.28949
764.62439	909.49786
764.67572	909.92529
764.72699	909.97046
764.77832	906.67523
764.82959	913.16034
764.88086	908.70178
764.93219	909.92358
764.98346	913.95258
765.03479	921.33289
765.08606	914.94788
765.13733	911.07086
765.18866	924.6004
765.23993	920.3244
765.29126	923.15356
765.34253	912.68372
765.3938	912.96533
765.44513	911.43927
765.4964	912.40417
765.54773	916.16333
765.599	917.93738
765.65027	912.47052
765.7016	903.65527
765.75287	912.41541
765.8042	912.44263
765.85547	919.37012
765.90674	913.66284
765.95807	913.11102
766.00934	910.43884
766.06067	914.96503
766.11194	916.75543
766.16321	910.98486
766.21454	914.58081
766.26581	914.26703
766.31714	918.29224
766.36841	912.64178
766.41968	906.19659
766.47101	911.97137
766.52228	916.34015
766.57361	906.73059
766.62488	916.48895
766.67615	917.64008
766.72748	911.05273
766.77875	907.94366
766.83002	918.71075
766.88135	922.59662
766.93262	907.21808
766.98395	906.35364
767.03522	906.2077
767.08649	919.91193
767.13782	914.31818
767.18909	914.92609
767.24042	915.07776
767.29169	912.61719
767.34296	912.05566
767.39429	907.41315
767.44556	907.09418
767.49689	915.29248
767.54816	914.00629
767.59943	913.54407
767.65076	917.95636
767.70203	911.06073
767.75336	903.54907
767.80463	910.95306
767.8559	908.61145
767.90723	912.89166
767.9585	903.92078
768.00983	907.34534
768.0611	913.87915
768.11237	912.28448
768.1637	912.1557
768.21497	911.74738
768.2663	916.12122
768.31757	912.94409
768.36884	909.22888
768.42017	904.90778
768.47144	914.67297
768.52277	915.76068
768.57404	915.05066
768.62531	920.05756
768.67664	915.76794
768.72791	905.82544
768.77924	907.94159
768.83051	907.99115
768.88177	916.86609
768.93311	915.43097
768.98438	906.1861
769.03571	908.90991
769.08698	913.57086
769.13824	914.17511
769.18958	913.37738
769.24084	911.76794
769.29218	909.55493
769.34344	912.82227
769.39471	915.86212
769.44604	910.61389
769.49731	911.25836
769.54865	909.22253
769.59991	908.3844
769.65118	905.24036
769.70251	912.36719
769.75378	908.75684
769.80505	904.27771
769.85638	916.4176
769.90765	917.25311
769.95898	911.31659
770.01025	908.18726
770.06152	916.08771
770.11285	915.76624
770.16412	912.68414
770.21545	914.3941
770.26672	911.54791
770.31799	913.00342
770.36932	917.3017
770.42059	909.99323
770.47192	904.05402
770.52319	918.62543
770.57446	914.3056
770.62579	903.4364
770.67706	911.30536
770.72839	930.95959
770.77966	932.07654
770.83093	910.74945
770.88226	910.39221
770.93353	919.99091
770.98486	916.13336
771.03613	910.03223
771.0874	909.53796
771.13873	916.07568
771.19	917.95428
771.24133	909.98853
771.2926	909.0448
771.34387	907.95844
771.3952	904.46082
771.44647	906.65338
771.4978	905.8147
771.54907	910.44104
771.60034	907.39398
771.65167	898.52856
771.70294	904.88751
771.75427	913.22498
771.80554	912.72705
771.85681	912.1637
771.90814	909.58813
771.95941	909.83826
772.01074	911.8587
772.06201	908.73248
772.11328	910.33392
772.16461	915.21979
772.21588	914.11426
772.26721	914.80981
772.31848	907.74652
772.36975	908.45703
772.42108	915.10333
772.47235	912.42761
772.52368	918.7486
772.57495	919.01666
772.62622	909.57416
772.67755	910.70752
772.72882	920.5351
772.78009	917.66193
772.83142	914.12689
772.88269	910.62823
772.93402	907.90363
772.98529	909.75464
773.03656	912.76178
773.08789	916.39313
773.13916	905.31421
773.19049	904.20581
773.24176	911.05988
773.29303	910.32214
773.34436	908.23175
773.39563	915.62115
773.44696	910.77399
773.49823	906.51605
773.5495	904.89032
773.60083	905.83734
773.6521	914.1535
773.70343	913.17694
773.7547	914.86884
773.80597	917.51563
773.8573	912.41052
773.90857	917.33185
773.9599	918.08911
774.01117	917.51599
774.06244	909.51178
774.11377	908.60455
774.16504	913.31732
774.21637	907.77637
774.26764	908.3446
774.31891	904.82532
774.37024	911.3855
774.42151	919.1087
774.47284	912.12598
774.52411	906.61084
774.57538	912.36011
774.62671	914.78265
774.67798	902.2442
774.72931	911.12048
774.78058	906.08069
774.83185	903.51752
774.88318	903.01062
774.93445	900.49036
774.98578	911.16437
775.03705	918.57599
775.08832	909.75763
775.13965	912.1546
775.19092	913.74231
775.24225	912.177
775.29352	907.81067
775.34479	905.15521
775.39612	909.47821
775.44739	913.11127
775.49872	912.12042
775.54999	905.2851
775.60126	915.83276
775.65259	911.40063
775.70386	907.25714
775.75519	896.03967
775.80646	909.35858
775.85773	917.66425
775.90906	917.85858
775.96033	905.9776
776.0116	906.2049
776.06293	909.2135
776.1142	910.52478
776.16553	909.81897
776.2168	910.52686
776.26807	923.59448
776.3194	905.74335
776.37067	899.17755
776.422	911.76599
776.47327	903.99054
776.52454	914.99823
776.57587	898.89606
776.62714	900.20569
776.67847	912.27881
776.72974	915.43146
776.78101	907.49493
776.83234	911.16376
776.88361	908.88239
776.93494	910.4516
776.98621	911.53491
777.03748	904.20844
777.08881	911.97998
777.14008	908.86469
777.19141	912.35364
777.24268	911.65167
777.29395	908.74811
777.34528	914.2998
777.39655	907.8924
777.44788	907.58081
777.49915	909.50781
777.55042	912.48163
777.60175	910.62061
777.65302	907.63007
777.70435	905.59467
777.75562	910.49878
777.80688	913.53131
777.85822	904.57568
777.90948	898.55737
777.96082	905.59045
778.01208	912.46564
778.06335	905.66418
778.11469	913.39325
778.16595	906.57764
778.21729	908.29138
778.26855	900.58893
778.31982	902.98175
778.37115	913.91675
778.42242	901.18201
778.47375	914.40338
778.52502	912.44647
778.57629	911.31262
778.62762	909.22931
778.67889	918.77484
778.73022	909.26123
778.78149	905.75543
778.83276	898.41968
778.88409	909.0213
778.93536	914.37878
778.98663	911.57361
779.03796	897.30505
779.08923	920.802
779.14056	913.28546
779.19183	897.05457
779.2431	903.57391
779.29443	916.90057
779.3457	906.44507
779.39703	905.32648
779.4483	899.7301
779.49957	908.17834
779.5509	912.12219
779.60217	908.35736
779.6535	900.52826
779.70477	914.56378
779.75604	905.41571
779.80737	907.56262
779.85864	914.64459
779.90997	904.10144
779.96124	912.75769
780.01251	914.01825
780.06384	899.25415
780.11511	910.59967
780.16644	910.74188
780.21771	907.28363
780.26898	902.93073
780.32031	905.50482
780.37158	915.38239
780.42291	904.28748
780.47418	910.1192
780.52545	910.36243
780.57678	912.07849
780.62805	909.6582
780.67938	913.0835
780.73065	911.8031
780.78192	911.17261
780.83325	908.26257
780.88452	900.79303
780.93585	914.33136
780.98712	908.37213
781.03839	896.44525
781.08972	904.09497
781.14099	910.94379
781.19232	912.63184
781.24359	913.30927
781.29486	910.01239
781.34619	906.64795
781.39746	910.57617
781.44879	905.29468
781.50006	903.53326
781.55133	905.28284
781.60266	909.93866
781.65393	902.28003
781.70526	903.02161
781.75653	907.67749
781.8078	909.81012
781.85913	902.70703
781.9104	903.02551
781.96173	907.258
782.013	905.2215
782.06427	903.48602
782.1156	911.9201
782.16687	917.43781
782.21814	908.80939
782.26947	904.66992
782.32074	907.8681
782.37207	914.34424
782.42334	915.06787
782.47461	908.93994
782.52594	906.67969
782.57721	909.55396
782.62854	906.53125
782.67981	908.35095
782.73108	914.7782
782.78241	912.19928
782.83368	908.71881
782.88501	900.17255
782.93628	901.78986
782.98755	910.2392
783.03888	912.7005
783.09015	909.49976
783.14148	911.48621
783.19275	920.46667
783.24402	916.56445
783.29535	905.22339
783.34662	903.37787
783.39795	909.63934
783.44922	912.58514
783.50049	915.58118
783.55182	908.89331
783.60309	905.06018
783.65442	903.59747
783.70569	908.28967
783.75696	911.3233
783.80829	904.65314
783.85956	904.19147
783.91089	904.25916
783.96216	908.75153
784.01343	908.95129
784.06476	903.27942
784.11603	904.97076
784.16736	908.40063
784.21863	908.44031
784.2699	910.74359
784.32123	910.7525
784.3725	908.73688
784.42383	915.57141
784.4751	913.58606
784.52637	913.1524
784.5777	910.57556
784.62897	918.94434
784.6803	926.62347
784.73157	911.55542
784.78284	905.05627
784.83417	905.78271
784.88544	916.36176
784.93677	914.1004
784.98804	912.79022
785.03931	915.30237
785.09064	906.13745
785.14191	908.40479
785.19318	917.76904
785.24451	914.55835
785.29578	915.38104
785.34711	914.42865
785.39838	899.61096
785.44965	908.09198
785.50098	913.44025
785.55225	909.09167
785.60358	917.89423
785.65485	918.33142
785.70612	911.289
785.75745	901.54535
785.80872	909.33911
785.86005	910.12213
785.91132	900.47699
785.96259	905.93158
786.01392	913.10321
786.06519	913.0816
786.11652	912.96082
786.16779	923.72125
786.21906	903.27008
786.27039	910.95911
786.32166	902.78204
786.37299	909.32544
786.42426	910.86816
786.47552	908.12775
786.52686	915.46954
786.57813	916.87756
786.62946	913.09869
786.68073	918.69751
786.73199	908.25452
786.78333	909.86469
786.83459	914.78735
786.88593	913.91858
786.93719	910.97504
786.98846	916.56067
787.03979	919.21552
787.09106	904.74805
787.1424	919.62067
787.19366	907.46973
787.24493	903.65802
787.29626	913.24066
787.34753	917.72894
787.39886	908.08154
787.45013	908.8421
787.5014	917.04602
787.55273	911.04785
787.604	914.77814
787.65533	915.71783
787.7066	916.02863
787.75787	907.92474
787.8092	902.70654
787.86047	908.59277
787.9118	912.94452
787.96307	906.94812
788.01434	912.80701
788.06567	916.35931
788.11694	918.3288
788.16827	914.16199
788.21954	907.21765
788.27081	909.03711
788.32214	914.6618
788.37341	913.61578
788.42468	920.4646
788.47601	913.27942
788.52728	907.70251
788.57861	903.89471
788.62988	906.90491
788.68115	915.06738
788.73248	909.05792
788.78375	909.35413
788.83508	912.8252
788.88635	916.66504
788.93762	911.67511
788.98895	914.42365
789.04022	916.19354
789.09155	908.69745
789.14282	912.5083
789.19409	913.33075
789.24542	911.19385
789.29669	915.66296
789.34802	913.24603
789.39929	915.9632
789.45056	919.09973
789.50189	920.13647
789.55316	914.77924
789.60449	914.53955
789.65576	919.94177
789.70703	914.24084
789.75836	910.19318
789.80963	914.30878
789.86096	913.98352
789.91223	908.59351
789.9635	911.80463
790.01483	913.61652
790.0661	916.55304
790.11743	918.43237
790.1687	917.93372
790.21997	915.66388
790.2713	921.02063
790.32257	920.84723
790.3739	912.79163
790.42517	916.99237
790.47644	922.44165
790.52777	917.34027
790.57904	917.65894
790.63037	917.96844
790.68164	916.67206
790.73291	913.66223
790.78424	918.85162
790.83551	921.01715
790.88684	919.24384
790.93811	913.78406
790.98938	913.40894
791.04071	918.02209
791.09198	918.4834
791.14331	915.9209
791.19458	915.58893
791.24585	916.95453
791.29718	918.41895
791.34845	916.88013
791.39972	910.78162
791.45105	913.99084
791.50232	927.24237
791.55365	922.04004
791.60492	911.41223
791.65619	912.79407
791.70752	914.80646
791.75879	912.21906
791.81012	919.35858
791.86139	922.87231
791.91266	928.48639
791.96399	923.29535
792.01526	914.26678
792.06659	910.63318
792.11786	914.02997
792.16913	904.31732
792.22046	913.59424
792.27173	908.58685
792.32306	922.58783
792.37433	914.60742
792.4256	905.6449
792.47693	904.94
792.5282	909.11041
792.57953	918.08978
792.6308	904.99664
792.68207	906.73901
792.7334	917.77057
792.78467	916.91473
792.836	913.70886
792.88727	924.47137
792.93854	918.99463
792.98987	914.67493
793.04114	917.3913
793.09247	909.09198
793.14374	907.11444
793.19501	912.06885
793.24634	912.27991
793.29761	909.61047
793.34894	909.93823
793.40021	915.96417
793.45148	917.09796
793.50281	921.30597
793.55408	908.57214
793.60541	915.41644
793.65668	923.04218
793.70795	917.25537
793.75928	910.94269
793.81055	922.96851
793.86188	905.24579
793.91315	910.72357
793.96442	924.22107
794.01575	914.7478
794.06702	907.82324
794.11835	910.56805
794.16962	919.85284
794.22089	910.47028
794.27222	913.47931
794.32349	917.60284
794.37476	926.95636
794.42609	909.27924
794.47736	917.80096
794.52869	932.53052
794.57996	916.89526
794.63123	918.65942
794.68256	915.39545
794.73383	914.11719
794.78516	922.26019
794.83643	912.92877
794.8877	917.54425
794.93903	916.17133
794.9903	928.05725
795.04163	915.98895
795.0929	918.74268
795.14417	923.68762
795.1955	914.61511
795.24677	917.76886
795.2981	913.27008
795.34937	920.58582
795.40063	909.57465
795.45197	924.26135
795.50323	918.27887
795.55457	917.02386
795.60583	919.87494
795.6571	907.4079
795.70844	905.03473
795.7597	927.37543
795.81104	918.20319
795.8623	912.08356
795.91357	915.90082
795.9649	914.97656
796.01617	914.96033
796.0675	913.96417
796.11877	901.99835
796.17004	925.94696
796.22137	914.01837
796.27264	934.85431
796.32397	919.8623
796.37524	911.90192
796.42651	909.07526
796.47784	916.79584
796.52911	910.07007
796.58044	915.95703
796.63171	916.98694
796.68298	918.78955
796.73431	915.25214
796.78558	923.87842
796.83691	922.6546
796.88818	916.67548
796.93945	911.96136
796.99078	913.39899
797.04205	921.50305
797.09338	914.41101
797.14465	907.99445
797.19592	923.69202
797.24725	920.96564
797.29852	921.66547
797.34985	918.01617
797.40112	909.12061
797.45239	922.45215
797.50372	916.81012
797.55499	907.09045
797.60626	918.58356
797.65759	915.77216
797.70886	915.07806
797.76019	916.43414
797.81146	912.75293
797.86273	913.01367
797.91406	918.88
797.96533	898.9325
798.01666	913.97937
798.06793	913.93964
798.1192	907.44818
798.17053	906.07947
798.2218	913.70099
798.27313	913.27161
798.3244	915.83655
798.37567	916.89948
798.427	922.36218
798.47827	918.86743
798.5296	913.66235
798.58087	912.82281
798.63214	913.33405
798.68347	915.99268
798.73474	916.27692
798.78607	911.62427
798.83734	903.11359
798.88861	909.18719
798.93994	910.0257
798.99121	907.59497
799.04254	910.79803
799.09381	910.58984
799.14508	911.04962
799.19641	916.85773
799.24768	917.08728
799.29901	905.7796
799.35028	910.74982
799.40155	907.45575
799.45288	920.94537
799.50415	921.20447
799.55548	910.01251
799.60675	914.21234
799.65802	922.2641
799.70935	910.69586
799.76062	901.34174
799.81195	909.54364
799.86322	911.48773
799.91449	909.94019
799.96582	910.76746
800.01709	916.23926
800.06842	909.46045
800.11969	907.88043
800.17096	906.90027
800.22229	910.61908
800.27356	912.43323
800.32489	909.60931
800.37616	904.41931
800.42743	908.09412
800.47876	915.82373
800.53003	912.03857
800.5813	914.01288
800.63263	916.71283
800.6839	913.04865
800.73523	910.43518
800.7865	918.33746
800.83777	916.39343
800.8891	914.89996
800.94037	912.88556
800.9917	914.74243
801.04297	914.95575
801.09424	924.74957
801.14557	917.82849
801.19684	914.68256
801.24817	915.82178
801.29944	914.59912
801.35071	908.11719
801.40204	908.42993
801.45331	916.25171
801.50464	919.25012
801.55591	916.47797
801.60718	919.71796
801.65851	924.32184
801.70978	926.23419
801.76111	918.00513
801.81238	911.0849
801.86365	918.25171
801.91498	915.0708
801.96625	909.74078
802.01758	914.53363
802.06885	919.25269
802.12012	924.54669
802.17145	923.323
802.22272	919.69525
802.27405	918.15442
802.32532	913.82336
802.37659	913.93481
802.42792	924.42627
802.47919	921.81482
802.53052	914.5849
802.58179	912.125
802.63306	910.11945
802.68439	911.08038
802.73566	911.64838
802.78699	913.59717
802.83826	917.77057
802.88953	921.065
802.94086	917.93237
802.99213	909.68994
803.04346	915.39618
803.09473	919.12726
803.146	911.27435
803.19733	913.57202
803.2486	915.33282
803.29993	910.74384
803.3512	911.98553
803.40247	917.43671
803.4538	910.28534
803.50507	909.40192
803.5564	916.5014
803.60767	914.39276
803.65894	909.15491
803.71027	915.39539
803.76154	917.50031
803.81281	916.15637
803.86414	905.40277
803.91541	910.38336
803.96674	915.64758
804.01801	911.36108
804.06927	913.99805
804.12061	919.09924
804.17188	914.03687
804.22321	907.90472
804.27448	907.83569
804.32574	908.51465
804.37708	918.53876
804.42834	916.09839
804.47968	902.32196
804.53094	911.87238
804.58221	916.4325
804.63354	916.8877
804.68481	912.5954
804.73615	916.12811
804.78741	919.90851
804.83868	909.76837
804.89001	909.08368
804.94128	909.03149
804.99261	914.32178
805.04388	915.005
805.09515	907.80542
805.14648	907.70917
805.19775	920.49036
805.24908	912.35858
805.30035	917.60541
805.35162	923.52844
805.40295	926.00177
805.45422	924.12109
805.50555	914.05591
805.55682	921.69556
805.60809	922.06549
805.65942	912.65717
805.71069	928.93225
805.76202	925.33557
805.81329	917.72491
805.86456	913.14832
805.91589	913.25568
805.96716	918.41559
806.01849	915.24023
806.06976	924.52527
806.12103	927.26569
806.17236	918.88025
806.22363	919.13092
806.27496	919.41016
806.32623	925.4939
806.3775	913.28326
806.42883	916.68823
806.4801	907.64801
806.53143	911.74677
806.5827	921.36346
806.63397	925.10089
806.6853	913.57501
806.73657	910.55743
806.78784	912.22101
806.83917	914.23108
806.89044	912.51526
806.94177	921.73627
806.99304	919.54382
807.04431	909.88983
807.09564	911.27246
807.14691	902.72723
807.19824	913.93921
807.24951	922.11902
807.30078	907.70654
807.35211	905.38867
807.40338	910.29108
807.45471	928.23114
807.50598	911.36395
807.55725	922.29907
807.60858	914.4231
807.65985	922.14899
807.71118	911.2663
807.76245	908.27289
807.81372	906.53174
807.86505	912.44611
807.91632	914.91046
807.96765	906.52795
808.01892	911.12128
808.07019	923.7392
808.12152	914.75757
808.17279	908.59314
808.22412	924.14368
808.27539	921.08087
808.32666	908.48541
808.37799	910.99036
808.42926	917.60773
808.48059	920.62439
808.53186	923.05475
808.58313	920.79608
808.63446	917.28357
808.68573	916.19818
808.73706	907.72961
808.78833	900.92548
808.8396	917.19366
808.89093	918.45477
808.9422	899.42505
808.99353	906.46619
809.0448	912.97021
809.09607	915.70795
809.1474	914.58508
809.19867	919.86267
809.25	918.65417
809.30127	921.70569
809.35254	924.02795
809.40387	910.92218
809.45514	909.63654
809.50647	920.07208
809.55774	913.60083
809.60901	906.9502
809.66034	915.7442
809.71161	921.58936
809.76288	910.33533
809.81421	915.94977
809.86548	914.94061
809.91681	917.04907
809.96808	921.60614
810.01935	913.43829
810.07068	914.03253
810.12195	921.81482
810.17328	913.88654
810.22455	914.16132
810.27582	916.19556
810.32715	910.18188
810.37842	903.63647
810.42975	916.26843
810.48102	917.7113
810.53229	916.41986
810.58362	918.51654
810.63489	916.64886
810.68622	920.00262
810.73749	912.39948
810.78876	910.77594
810.84009	910.16528
810.89136	912.59271
810.94269	914.10229
810.99396	908.64929
811.04523	908.97406
811.09656	914.15155
811.14783	909.77002
811.19916	905.92609
811.25043	915.8183
811.3017	921.47711
811.35303	916.20898
811.4043	912.7807
811.45563	912.99622
811.5069	909.83282
811.55817	906.07544
811.6095	909.62201
811.66077	912.13879
811.7121	922.29193
811.76337	919.2395
811.81464	911.21289
811.86597	909.39032
811.91724	913.09998
811.96857	919.64972
812.01984	909.61383
812.07111	903.33313
812.12244	914.1355
812.17371	918.2334
812.22504	913.77478
812.27631	909.16064
812.32758	912.41974
812.37891	909.48657
812.43018	908.11053
812.48151	913.14374
812.53278	913.21375
812.58405	914.58154
812.63538	918.60638
812.68665	911.7356
812.73798	909.6557
812.78925	915.64532
812.84052	911.43597
812.89185	921.43665
812.94312	911.82031
812.99438	907.46576
813.04572	911.11597
813.09698	921.80157
813.14832	926.7453
813.19958	917.08344
813.25085	913.03595
813.30219	918.83514
813.35345	908.586
813.40479	909.94275
813.45605	908.28973
813.50732	909.28363
813.55865	913.06421
813.60992	913.2489
813.66125	906.81146
813.71252	909.70361
813.76379	908.64001
813.81512	914.38281
813.86639	909.57227
813.91772	908.81152
813.96899	918.82483
814.02026	905.30786
814.07159	909.48975
814.12286	910.98926
814.17419	912.68127
814.22546	907.85431
814.27673	916.46918
814.32806	915.37061
814.37933	916.72888
814.43066	907.24457
814.48193	916.67456
814.5332	915.27136
814.58453	920.40161
814.6358	905.42609
814.68713	908.56653
814.7384	928.46936
814.78967	918.72449
814.841	907.57397
814.89227	903.14392
814.9436	912.53192
814.99487	911.00977
815.04614	910.93964
815.09747	920.74182
815.14874	911.05255
815.20007	916.90643
815.25134	897.97772
815.30261	911.97058
815.35394	915.92316
815.40521	915.68182
815.45654	906.71252
815.50781	900.95685
815.55908	902.30823
815.61041	910.25269
815.66168	915.51746
815.71301	910.19403
815.76428	914.22192
815.81555	917.54706
815.86688	914.27777
815.91815	917.27368
815.96942	913.2207
816.02075	922.4649
816.07202	911.12738
816.12335	906.81909
816.17462	913.16235
816.22589	913.23492
816.27722	904.18744
816.32849	906.85834
816.37982	913.59052
816.43109	917.90747
816.48236	900.42609
816.53369	903.84222
816.58496	907.44897
816.63629	907.97229
816.68756	916.07104
816.73883	918.21167
816.79016	921.67084
816.84143	917.11237
816.89276	910.81934
816.94403	902.46393
816.9953	912.83514
817.04663	911.45471
817.0979	907.54645
817.14923	906.53607
817.2005	907.31866
817.25177	906.82495
817.3031	898.44891
817.35437	901.75476
817.4057	906.47638
817.45697	906.45319
817.50824	904.50238
817.55957	909.71899
817.61084	914.62115
817.66217	908.94128
817.71344	905.41656
817.76471	908.28326
817.81604	921.3125
817.86731	921.46918
817.91864	909.32227
817.96991	914.52045
818.02118	915.78296
818.07251	922.83868
818.12378	919.646
818.17511	910.77185
818.22638	910.76917
818.27765	913.11523
818.32898	916.71979
818.38025	909.49323
818.43158	910.66235
818.48285	919.24487
818.53412	916.72906
818.58545	914.18982
818.63672	912.74713
818.68805	914.354
818.73932	910.29279
818.79059	914.0354
818.84192	918.49036
818.89319	908.17847
818.94452	909.25128
818.99579	921.77045
819.04706	916.00134
819.09839	914.76154
819.14966	911.98401
819.20093	910.20166
819.25226	918.63672
819.30353	914.42041
819.35486	911.00189
819.40613	913.01526
819.4574	907.07117
819.50873	908.40491
819.56	907.29285
819.61133	920.85309
819.6626	914.43933
819.71387	908.68939
819.7652	910.83246
819.81647	911.68384
819.8678	915.34186
819.91907	913.71552
819.97034	908.92761
820.02167	906.15576
820.07294	904.90265
820.12427	903.89105
820.17554	909.93793
820.22681	909.28339
820.27814	907.8573
820.32941	911.70905
820.38074	906.9176
820.43201	917.24719
820.48328	910.4389
820.53461	905.26105
820.58588	916.61176
820.63721	915.18445
820.68848	922.49139
820.73975	901.5946
820.79108	916.4408
820.84235	915.93073
820.89368	917.4425
820.94495	913.03784
820.99622	906.13867
821.04755	906.55267
821.09882	911.33374
821.15015	916.37543
821.20142	911.80206
821.25269	923.25146
821.30402	922.62482
821.35529	910.74371
821.40662	906.61041
821.45789	897.69525
821.50916	911.73688
821.56049	920.31689
821.61176	909.65503
821.66309	911.75525
821.71436	915.22168
821.76563	908.57928
821.81696	908.2243
821.86823	903.41516
821.91956	902.71783
821.97083	913.88782
822.02209	908.10138
822.07343	912.09863
822.12469	908.31012
822.17596	908.8349
822.22729	922.1156
822.27856	914.31567
822.3299	917.41608
822.38116	911.37463
822.43243	909.09863
822.48376	904.24829
822.53503	911.13885
822.58636	908.90991
822.63763	906.53247
822.6889	910.39575
822.74023	919.74628
822.7915	907.52423
822.84283	907.77673
822.8941	911.42767
822.94537	915.40289
822.9967	903.66388
823.04797	902.97211
823.0993	907.41394
823.15057	907.94849
823.20184	906.42828
823.25317	910.16925
823.30444	912.21655
823.35577	918.54181
823.40704	919.05542
823.45831	917.5932
823.50964	917.59399
823.56091	912.15515
823.61224	910.06952
823.66351	910.44293
823.71478	909.55621
823.76611	912.89795
823.81738	912.59863
823.86871	910.57581
823.91998	916.28766
823.97125	915.63806
824.02258	908.30493
824.07385	913.87531
824.12518	922.86737
824.17645	919.88287
824.22772	909.93414
824.27905	913.62469
824.33032	928.09381
824.38165	920.63556
824.43292	902.57507
824.48419	906.73541
824.53552	918.14844
824.58679	920.10333
824.63812	917.24371
824.68939	910.414
824.74066	912.52905
824.79199	916.41699
824.84326	917.67499
824.89459	917.77148
824.94586	916.75867
824.99713	911.78461
825.04846	912.08435
825.09973	911.35931
825.15106	914.54053
825.20233	919.19385
825.2536	926.06787
825.30493	916.1571
825.3562	910.6571
825.40747	913.3429
825.4588	907.63275
825.51007	915.25739
825.5614	922.22577
825.61267	912.45148
825.66394	907.78979
825.71527	905.76678
825.76654	919.95148
825.81787	906.13196
825.86914	912.32593
825.92041	921.9223
825.97174	917.39844
826.02301	903.43835
826.07434	909.18658
826.12561	905.05933
826.17688	919.49164
826.22821	918.63629
826.27948	912.86285
826.33081	915.10217
826.38208	906.9375
826.43335	911.04279
826.48468	909.42035
826.53595	908.36047
826.58728	919.99731
826.63855	903.58429
826.68982	907.29297
826.74115	903.38953
826.79242	920.22192
826.84375	914.4801
826.89502	921.05212
826.94629	914.11694
826.99762	910.63586
827.04889	916.0968
827.10022	913.60345
827.15149	917.81647
827.20276	922.70038
827.25409	916.19434
827.30536	907.99707
827.35669	914.57336
827.40796	922.43341
827.45923	915.76758
827.51056	908.23669
827.56183	915.50452
827.61316	924.44244
827.66443	915.8761
827.7157	915.68469
827.76703	921.47125
827.8183	921.13025
827.86963	914.19354
827.9209	905.72675
827.97217	911.27301
828.0235	911.29944
828.07477	901.85046
828.1261	903.15186
828.17737	916.73279
828.22864	917.74927
828.27997	912.22992
828.33124	914.21802
828.38251	914.80121
828.43384	908.57483
828.48511	911.03754
828.53644	913.46698
828.58771	914.52417
828.63898	917.41766
828.69031	914.98615
828.74158	916.13013
828.79291	916.3399
828.84418	909.43976
828.89545	905.84509
828.94678	908.35107
828.99805	907.5199
829.04938	902.63849
829.10065	906.65894
829.15192	910.69897
829.20325	912.69629
829.25452	907.37695
829.30585	908.63855
829.35712	914.17206
829.40839	913.60931
829.45972	913.73792
829.51099	916.49451
829.56232	914.60156
829.61359	912.76245
829.66486	907.61713
829.71619	904.77954
829.76746	908.34009
829.81879	910.1474
829.87006	916.08289
829.92133	911.76398
829.97266	908.82111
830.02393	924.38971
830.07526	919.85931
830.12653	915.13074
830.1778	913.67352
830.22913	906.47833
830.2804	913.87079
830.33173	911.79156
830.383	906.2547
830.43427	914.5199
830.4856	908.36554
830.53687	899.65759
830.5882	903.83008
830.63947	907.59039
830.69073	905.57953
830.74207	898.28461
830.79333	906.58752
830.84467	919.4577
830.89594	907.80609
830.9472	909.67432
830.99854	912.80859
831.0498	902.96692
831.10114	902.07855
831.1524	908.67847
831.20367	907.16376
831.255	904.17242
831.30627	896.24969
831.35754	919.78949
831.40887	902.06494
831.46014	909.97278
831.51147	903.03284
831.56274	902.3335
831.61401	910.18988
831.66534	912.64471
831.71661	905.27448
831.76794	896.58936
831.81921	913.85461
831.87048	911.93311
831.92181	910.33539
831.97308	905.41522
832.02441	906.63593
832.07568	898.78461
832.12695	903.34949
832.17828	906.41656
832.22955	911.89734
832.28088	907.01526
832.33215	906.17395
832.38342	903.00977
832.43475	903.94098
832.48602	906.02136
832.53735	904.03088
832.58862	906.72919
832.63989	907.11945
832.69122	907.94562
832.74249	905.42792
832.79382	910.0387
832.84509	905.02856
832.89636	903.40497
832.94769	909.86566
832.99896	908.52515
833.05029	914.85461
833.10156	916.80762
833.15283	912.16559
833.20416	907.14093
833.25543	905.96301
833.30676	901.16125
833.35803	898.54248
833.4093	906.17932
833.46063	911.36981
833.5119	912.94934
833.56323	908.4787
833.6145	912.07733
833.66577	919.42017
833.7171	913.60425
833.76837	908.93555
833.8197	908.94403
833.87097	916.21899
833.92224	915.31543
833.97357	905.27856
834.02484	909.12732
834.07617	914.01508
834.12744	911.58929
834.17871	917.66284
834.23004	920.53784
834.28131	921.15979
834.33264	920.36969
834.38391	918.7403
834.43518	924.24994
834.48651	922.75964
834.53778	915.45844
834.58905	909.8681
834.64038	906.70886
834.69165	918.57275
834.74298	927.3869
834.79425	926.87115
834.84552	927.47083
834.89685	931.84497
834.94812	933.06512
834.99945	930.52264
835.05072	939.33331
835.10199	928.21039
835.15332	931.64313
835.20459	921.81818
835.25592	929.36737
835.30719	932.63983
835.35846	930.2818
835.40979	935.54303
835.46106	936.67169
835.51239	936.73486
835.56366	937.80957
835.61493	937.50574
835.66626	933.75281
835.71753	940.08026
835.76886	940.92322
835.82013	947.31848
835.8714	937.43915
835.92273	949.19916
835.974	941.82678
836.02533	944.79968
836.0766	936.61902
836.12787	949.63898
836.1792	939.565
836.23047	933.89111
836.2818	941.23816
836.33307	941.64893
836.38434	933.93848
836.43567	938.38812
836.48694	936.72937
836.53827	935.1875
836.58954	936.05585
836.64081	941.62006
836.69214	942.57343
836.74341	939.48956
836.79474	941.25787
836.84601	931.25226
836.89728	932.59552
836.94861	939.45569
836.99988	941.64099
837.05121	942.06793
837.10248	939.28857
837.15375	938.65454
837.20508	936.03882
837.25635	929.01862
837.30768	935.92627
837.35895	938.02106
837.41022	943.9621
837.46155	939.55988
837.51282	938.87677
837.56409	948.33618
837.61542	954.44049
837.66669	948.45477
837.71802	947.26849
837.76929	955.8045
837.82056	955.58685
837.87189	957.1441
837.92316	965.10065
837.97449	968.20361
838.02576	963.68884
838.07703	984.07544
838.12836	984.8288
838.17963	984.7005
838.23096	996.80817
838.28223	1005.955
838.3335	1001.6619
838.38483	1000.8881
838.4361	1017.0233
838.48743	1024.9695
838.5387	1014.295
838.58997	1022.697
838.6413	1023.6854
838.69257	1013.222
838.7439	1022.2851
838.79517	1019.1599
838.84644	1009.7189
838.89777	1004.6963
838.94904	985.50616
839.00037	1002.8355
839.05164	1010.5566
839.10291	993.83783
839.15424	987.54456
839.20551	995.46613
839.25684	977.46088
839.30811	981.77637
839.35938	965.04761
839.41071	978.47308
839.46198	964.65997
839.51331	966.06458
839.56458	976.90674
839.61584	981.07043
839.66718	968.16565
839.71844	968.10889
839.76978	967.06488
839.82104	962.87939
839.87231	951.3205
839.92365	959.06976
839.97491	958.66516
840.02625	970.13171
840.07751	951.92218
840.12878	949.82544
840.18011	960.46429
840.23138	964.5119
840.28271	958.99493
840.33398	968.18585
840.38525	969.08563
840.43658	968.40155
840.48785	962.59186
840.53918	959.07941
840.59045	959.76599
840.64172	962.61945
840.69305	954.84454
840.74432	958.26135
840.79559	956.10681
840.84692	963.74652
840.89819	950.45862
840.94952	942.16772
841.00079	953.23639
841.05206	945.84821
841.10339	948.98572
841.15466	962.37372
841.20599	959.58264
841.25726	956.58972
841.30853	952.04822
841.35986	950.75073
841.41113	947.31165
841.46246	946.66376
841.51373	944.46088
841.565	954.17419
841.61633	966.93073
841.6676	960.79865
841.71893	953.27264
841.7702	943.02954
841.82147	945.69153
841.8728	950.34247
841.92407	947.97467
841.9754	949.24707
842.02667	954.2854
842.07794	951.14203
842.12927	948.39844
842.18054	947.44666
842.23187	948.21057
842.28314	948.51941
842.33441	939.92175
842.38574	941.68365
842.43701	946.26831
842.48834	957.69946
842.53961	974.99835
842.59088	964.43945
842.64221	948.25562
842.69348	948.74768
842.74481	956.41229
842.79608	960.46613
842.84735	955.47302
842.89868	951.53326
842.94995	954.49994
843.00128	958.13824
843.05255	961.51294
843.10382	954.90112
843.15515	950.07825
843.20642	950.97137
843.25775	953.2478
843.30902	961.33081
843.36029	957.16498
843.41162	955.1286
843.46289	955.54517
843.51422	951.50769
843.56549	951.20026
843.61676	953.21442
843.66809	956.50568
843.71936	952.12628
843.77063	955.50873
843.82196	966.26031
843.87323	957.81635
843.92456	952.62494
843.97583	948.79596
844.0271	953.9303
844.07843	956.22803
844.1297	945.17938
844.18103	955.4491
844.2323	957.25616
844.28357	955.18414
844.3349	950.41071
844.38617	961.867
844.4375	959.75952
844.48877	951.6864
844.54004	957.00952
844.59137	962.89984
844.64264	960.69012
844.69397	960.72577
844.74524	957.61499
844.79651	949.41528
844.84784	961.36554
844.89911	969.00378
844.95044	956.15594
845.00171	963.44592
845.05298	970.15753
845.10431	961.15198
845.15558	952.72736
845.20691	962.74615
845.25818	949.27191
845.30945	961.72235
845.36078	958.22784
845.41205	969.16406
845.46338	968.93103
845.51465	968.87793
845.56592	942.73969
845.61725	939.91998
845.66852	954.6582
845.71985	964.8161
845.77112	940.84857
845.82239	936.93347
845.87372	942.0882
845.92499	951.61011
845.97632	943.90076
846.02759	945.10876
846.07886	949.73663
846.13019	947.85303
846.18146	947.14746
846.23279	938.58777
846.28406	937.47937
846.33533	950.93671
846.38666	937.36993
846.43793	955.7254
846.48926	947.16931
846.54053	941.26648
846.5918	933.04852
846.64313	941.28741
846.6944	944.90259
846.74573	928.89893
846.797	943.77362
846.84827	945.44019
846.8996	940.61682
846.95087	954.24976
847.00214	939.18231
847.05347	948.54755
847.10474	961.59601
847.15607	955.32263
847.20734	953.09442
847.25861	945.00385
847.30994	950.52094
847.36121	948.33545
847.41254	945.71094
847.46381	945.29871
847.51508	938.50806
847.56641	935.13177
847.61768	934.1344
847.66901	939.00598
847.72028	951.47626
847.77155	952.38184
847.82288	939.02533
847.87415	939.73071
847.92548	944.77673
847.97675	945.32635
848.02802	947.63147
848.07935	948.50446
848.13062	940.52289
848.18195	947.24799
848.23322	945.90753
848.28448	945.23444
848.33582	951.85626
848.38708	947.32965
848.43842	942.77612
848.48969	938.73358
848.54095	941.91589
848.59229	937.29419
848.64355	930.35638
848.69489	932.83942
848.74615	934.30243
848.79742	933.05109
848.84875	932.89136
848.90002	934.90942
848.95135	947.03217
849.00262	949.29645
849.05389	943.27643
849.10522	939.86078
849.15649	937.46332
849.20782	939.94653
849.25909	939.76508
849.31036	928.76678
849.36169	932.48315
849.41296	929.19592
849.46429	936.12958
849.51556	934.37811
849.56683	940.2854
849.61816	924.17688
849.66943	936.50812
849.72076	931.81378
849.77203	941.26776
849.8233	937.30438
849.87463	932.38055
849.9259	930.91553
849.97717	934.66638
850.0285	934.89124
850.07977	920.85504
850.1311	944.88635
850.18237	941.50177
850.23364	925.31354
850.28497	937.22961
850.33624	928.42896
850.38757	937.18982
850.43884	930.70593
850.49011	919.82104
850.54144	926.82874
850.59271	935.00134
850.64404	941.23425
850.69531	930.41785
850.74658	936.29938
850.79791	937.6217
850.84918	936.69409
850.90051	932.74835
850.95178	910.89612
851.00305	937.63611
851.05438	921.63489
851.10565	919.7099
851.15698	922.47198
851.20825	916.5658
851.25952	914.59436
851.31085	913.88757
851.36212	917.78583
851.41345	920.87524
851.46472	933.80432
851.51599	924.29956
851.56732	914.1134
851.61859	924.51495
851.66992	917.29993
851.72119	920.31836
851.77246	915.58179
851.82379	929.6214
851.87506	918.55933
851.92639	913.05682
851.97766	914.18451
852.02893	923.81696
852.08026	908.24756
852.13153	916.6911
852.18286	911.92731
852.23413	908.61462
852.2854	912.51172
852.33673	908.50903
852.388	916.14587
852.43933	920.24652
852.4906	912.46515
852.54187	906.3324
852.5932	903.91711
852.64447	906.27246
852.6958	911.32288
852.74707	913.51099
852.79834	910.1087
852.84967	909.48029
852.90094	912.96954
852.95221	909.96521
853.00354	908.69574
853.05481	910.76831
853.10614	904.70251
853.15741	904.45801
853.20868	905.11084
853.26001	908.29358
853.31128	907.31708
853.36261	905.46533
853.41388	907.0639
853.46515	902.0083
853.51648	905.8042
853.56775	908.35876
853.61908	907.72101
853.67035	904.01196
853.72162	912.53796
853.77295	909.29114
853.82422	914.7981
853.87555	910.59924
853.92682	905.40863
853.97809	913.49701
854.02942	917.164
854.08069	911.11481
854.13202	904.91724
854.18329	906.84814
854.23456	907.17371
854.28589	905.83588
854.33716	900.63934
854.38849	907.7262
854.43976	905.75989
854.49103	907.89972
854.54236	906.54358
854.59363	901.7428
854.64496	902.03784
854.69623	911.04333
854.7475	901.69263
854.79883	917.67163
854.8501	907.10919
854.90143	905.14056
854.9527	900.49988
855.00397	898.6496
855.0553	901.05743
855.10657	898.88977
855.1579	902.87701
855.20917	905.26379
855.26044	913.58777
855.31177	897.1568
855.36304	894.55603
855.41437	895.4115
855.46564	905.87805
855.51691	897.85956
855.56824	899.40753
855.61951	902.40771
855.67084	905.43958
855.72211	900.46234
855.77338	899.53638
855.82471	904.40833
855.87598	902.86975
855.92731	913.01794
855.97858	904.63428
856.02985	907.52356
856.08118	907.86322
856.13245	900.8772
856.18372	895.23303
856.23505	894.97656
856.28632	904.87848
856.33765	895.99695
856.38892	905.13177
856.44019	903.43555
856.49152	902.01984
856.54279	895.80737
856.59412	898.22754
856.64539	900.15619
856.69666	896.76398
856.74799	900.71887
856.79926	900.39667
856.85059	906.41895
856.90186	903.98779
856.95313	897.6969
857.00446	898.41272
857.05573	901.7663
857.10706	906.87085
857.15833	901.73535
857.20959	903.08649
857.26093	904.75464
857.31219	904.30798
857.36353	900.5174
857.41479	897.784
857.46606	900.79388
857.5174	906.45081
857.56866	906.84711
857.62	905.13025
857.67126	906.49048
857.72253	902.16724
857.77386	895.08154
857.82513	895.72925
857.87646	899.38568
857.92773	901.92963
857.979	900.17633
858.03033	894.8396
858.0816	897.08685
858.13293	899.367
858.1842	895.95752
858.23547	897.42224
858.2868	902.13599
858.33807	900.9436
858.3894	896.27515
858.44067	898.75092
858.49194	898.79193
858.54327	899.96106
858.59454	900.01953
858.64587	904.7583
858.69714	908.03314
858.74841	897.11719
858.79974	895.19293
858.85101	907.9444
858.90234	905.69452
858.95361	895.82922
859.00488	902.47644
859.05621	902.23242
859.10748	909.1958
859.15875	907.3288
859.21008	894.14514
859.26135	900.38983
859.31268	909.84259
859.36395	909.62067
859.41522	905.01117
859.46655	894.7066
859.51782	903.94092
859.56915	904.41046
859.62042	901.5741
859.67169	891.14716
859.72302	891.23853
859.77429	890.35321
859.82562	893.17786
859.87689	906.90869
859.92816	895.47626
859.97949	889.30798
860.03076	907.20117
860.08209	898.46741
860.13336	906.11133
860.18463	901.09406
860.23596	897.28192
860.28723	897.49738
860.33856	900.70349
860.38983	903.69519
860.4411	891.61096
860.49243	908.41394
860.5437	896.22382
860.59503	901.82068
860.6463	900.07227
860.69757	903.91534
860.7489	903.0069
860.80017	906.25903
860.8515	904.76788
860.90277	901.2821
860.95404	906.11279
861.00537	898.75012
861.05664	899.08844
861.10797	901.76544
861.15924	896.68982
861.21051	897.52789
861.26184	896.58051
861.31311	906.93005
861.36444	900.83228
861.41571	892.11664
861.46698	893.34814
861.51831	902.60834
861.56958	903.22784
861.62091	901.60889
861.67218	900.05823
861.72345	902.94348
861.77478	902.56152
861.82605	900.12958
861.87738	903.09247
861.92865	903.76788
861.97992	895.77747
862.03125	894.79767
862.08252	901.77069
862.13385	905.34222
862.18512	904.46552
862.23639	899.39807
862.28772	895.47955
862.33899	897.1283
862.39026	892.0025
862.44159	898.21948
862.49286	900.81128
862.54419	901.38287
862.59546	897.31964
862.64673	894.18427
862.69806	900.28516
862.74933	898.33972
862.80066	900.4093
862.85193	899.30353
862.9032	898.17383
862.95453	899.66046
863.0058	897.13849
863.05713	892.31451
863.1084	895.086
863.15967	903.34399
863.211	896.24463
863.26227	899.9281
863.3136	903.67084
863.36487	902.45404
863.41614	895.23981
863.46747	892.3952
863.51874	894.82074
863.57007	910.51819
863.62134	909.39099
863.67261	907.27917
863.72394	900.53052
863.77521	900.13849
863.82654	906.9386
863.87781	892.35223
863.92908	897.12244
863.98041	897.14197
864.03168	897.89844
864.08301	889.44012
864.13428	897.49469
864.18555	903.07318
864.23688	889.1507
864.28815	900.46649
864.33948	895.50403
864.39075	905.54657
864.44202	895.18579
864.49335	901.81329
864.54462	900.59216
864.59595	902.2337
864.64722	900.54816
864.69849	907.46851
864.74982	896.76367
864.80109	906.19861
864.85242	894.31012
864.90369	897.57922
864.95496	895.27917
865.00629	892.80444
865.05756	894.17303
865.10889	901.57898
865.16016	908.05908
865.21143	906.6875
865.26276	895.48883
865.31403	892.21124
865.3653	898.40723
865.41663	894.07208
865.4679	894.07001
865.51923	894.914
865.5705	896.50262
865.62177	896.16284
865.6731	899.23975
865.72437	903.5816
865.7757	903.05756
865.82697	900.01544
865.87823	899.65552
865.92957	899.91461
865.98083	898.04926
866.03217	898.04712
866.08344	901.50476
866.1347	904.04303
866.18604	902.83276
866.2373	895.23413
866.28864	892.93524
866.3399	893.38818
866.39117	893.69379
866.4425	895.3811
866.49377	894.65045
866.5451	894.02643
866.59637	896.89386
866.64764	895.09644
866.69897	888.79755
866.75024	898.42053
866.80157	898.92029
866.85284	897.22528
866.90411	900.22223
866.95544	908.35706
867.00671	898.37219
867.05804	895.16064
867.10931	894.14374
867.16058	894.87524
867.21191	901.21942
867.26318	887.55798
867.31451	896.08569
867.36578	894.19977
867.41705	897.77527
867.46838	896.06934
867.51965	894.03735
867.57098	898.92767
867.62225	905.96521
867.67352	900.91168
867.72485	897.23657
867.77612	904.6936
867.82745	899.03546
867.87872	899.74475
867.92999	896.61145
867.98132	893.4917
868.03259	897.4881
868.08392	894.76465
868.13519	899.8136
868.18646	899.12311
868.23779	899.42645
868.28906	896.18732
868.34033	894.81531
868.39166	899.96393
868.44293	893.18536
868.49426	893.69659
868.54553	896.39624
868.5968	904.54565
868.64813	899.76318
868.6994	898.17706
868.75073	900.28894
868.802	899.61139
868.85327	896.34161
868.9046	888.66724
868.95587	894.52631
869.0072	899.53815
869.05847	893.86176
869.10974	892.20306
869.16107	894.36224
869.21234	895.37531
869.26367	894.97284
869.31494	893.91425
869.36621	897.92566
869.41754	902.4267
869.46881	899.18652
869.52014	894.81281
869.57141	893.34235
869.62268	899.8205
869.67401	898.39288
869.72528	895.7171
869.77661	896.27405
869.82788	902.25775
869.87915	895.46881
869.93048	893.22119
869.98175	896.93134
870.03308	901.3667
870.08435	895.77008
870.13562	893.6073
870.18695	898.32635
870.23822	895.3396
870.28955	900.04425
870.34082	895.58337
870.39209	896.27399
870.44342	894.41718
870.49469	892.20197
870.54602	894.40619
870.59729	901.76013
870.64856	902.86017
870.69989	897.49872
870.75116	894.13104
870.80249	896.62402
870.85376	902.48157
870.90503	907.61621
870.95636	892.33728
871.00763	905.6275
871.05896	901.84607
871.11023	897.7948
871.1615	894.90057
871.21283	896.88293
871.2641	898.13812
871.31543	902.21991
871.3667	894.46466
871.41797	892.00311
871.4693	901.58148
871.52057	898.1698
871.57184	888.74652
871.62317	894.66534
871.67444	897.71411
871.72577	891.81635
871.77704	888.46045
871.82831	893.35577
871.87964	900.578
871.93091	896.02124
871.98224	894.36163
872.03351	894.92365
872.08478	894.96399
872.13611	896.2287
872.18738	889.13794
872.23871	894.06567
872.28998	898.45264
872.34125	893.17865
872.39258	895.80176
872.44385	898.7876
872.49518	901.82074
872.54645	902.18494
872.59772	900.10858
872.64905	899.89331
872.70032	891.31458
872.75165	889.87268
872.80292	893.77301
872.85419	898.12244
872.90552	903.44757
872.95679	901.88794
873.00812	906.85986
873.05939	903.87207
873.11066	896.89105
873.16199	894.47974
873.21326	898.99457
873.26459	901.0838
873.31586	896.63171
873.36713	891.93835
873.41846	900.80402
873.46973	901.07526
873.52106	897.49292
873.57233	896.74182
873.6236	900.65344
873.67493	904.93341
873.7262	896.77997
873.77753	899.71436
873.8288	893.96088
873.88007	898.76697
873.9314	899.72736
873.98267	900.62018
874.034	890.70081
874.08527	893.43036
874.13654	894.66254
874.18787	895.67664
874.23914	896.69073
874.29047	894.72858
874.34174	891.77722
874.39301	899.586
874.44434	894.50299
874.49561	890.04596
874.54688	895.62927
874.59821	895.14691
874.64948	899.6983
874.70081	898.96594
874.75208	893.00452
874.80334	891.00366
874.85468	903.68994
874.90594	901.44983
874.95728	893.71289
875.00854	901.24597
875.05981	898.03387
875.11115	892.17456
875.16241	892.28973
875.21375	896.10553
875.26501	896.47992
875.31628	895.90576
875.36761	889.01636
875.41888	894.61438
875.47021	893.39929
875.52148	895.81287
875.57275	899.26086
875.62408	900.82495
875.67535	902.25543
875.72668	900.25623
875.77795	892.71906
875.82922	894.06512
875.88055	898.14581
875.93182	898.09851
875.98315	895.04602
876.03442	896.3902
876.08569	898.07379
876.13702	895.3078
876.18829	893.0365
876.23962	902.49231
876.29089	904.20538
876.34216	891.24042
876.39349	887.62549
876.44476	894.77246
876.49609	901.82074
876.54736	897.17181
876.59863	892.4198
876.64996	898.36975
876.70123	901.38196
876.75256	899.26123
876.80383	898.61102
876.8551	896.97388
876.90643	897.44086
876.9577	897.60492
877.00903	894.13226
877.0603	891.83093
877.11157	895.2077
877.1629	897.43372
877.21417	899.46625
877.2655	895.78339
877.31677	897.52948
877.36804	896.60114
877.41937	892.60559
877.47064	898.58398
877.52197	898.31549
877.57324	891.74274
877.62451	895.15179
877.67584	902.30811
877.72711	898.6153
877.77838	889.95752
877.82971	886.97211
877.88098	895.72516
877.93231	895.34106
877.98358	890.5199
878.03485	895.81372
878.08618	901.23767
878.13745	902.58258
878.18878	898.77277
878.24005	897.38458
878.29132	899.8454
878.34265	896.80316
878.39392	889.86487
878.44525	892.89154
878.49652	895.36456
878.54779	895.86743
878.59912	893.53229
878.65039	897.78265
878.70172	898.66833
878.75299	894.37964
878.80426	891.93341
878.85559	895.46875
878.90686	899.53644
878.95819	898.40332
879.00946	896.0592
879.06073	900.40411
879.11206	896.0769
879.16333	889.92566
879.21466	894.37115
879.26593	893.13348
879.3172	891.79584
879.36853	901.0965
879.4198	899.40173
879.47113	897.19855
879.5224	900.35297
879.57367	893.46411
879.625	891.99249
879.67627	897.85181
879.7276	895.57428
879.77887	893.68915
879.83014	888.57568
879.88147	896.68494
879.93274	908.72821
879.98407	899.14447
880.03534	893.92126
880.08661	892.57092
880.13794	894.3252
880.18921	891.64453
880.24054	884.74731
880.29181	893.27252
880.34308	892.47095
880.39441	891.49396
880.44568	893.46356
880.49701	893.76276
880.54828	898.9859
880.59955	892.27277
880.65088	890.45496
880.70215	897.28955
880.75342	896.81335
880.80475	892.79041
880.85602	892.71204
880.90735	897.45215
880.95862	903.36969
881.00989	898.06421
881.06122	898.46228
881.11249	898.776
881.16382	892.3045
881.21509	893.04431
881.26636	898.21844
881.31769	896.1463
881.36896	899.92999
881.42029	896.64038
881.47156	897.91339
881.52283	905.16156
881.57416	902.60254
881.62543	897.60553
881.67676	892.302
881.72803	894.95398
881.7793	894.29437
881.83063	895.61395
881.8819	894.13916
881.93323	896.76093
881.9845	897.55194
882.03577	895.45752
882.0871	898.65375
882.13837	895.47961
882.1897	893.26257
882.24097	896.56946
882.29224	894.51251
882.34357	894.99457
882.39484	900.20667
882.44617	894.82593
882.49744	894.44623
882.54871	890.08557
882.60004	893.03192
882.65131	897.69928
882.70264	896.15875
882.75391	894.26648
882.80518	899.69269
882.85651	897.37689
882.90778	895.45831
882.95911	898.89813
883.01038	892.7431
883.06165	896.78156
883.11298	895.64087
883.16425	893.19025
883.21558	894.33362
883.26685	893.06268
883.31812	894.68665
883.36945	893.87402
883.42072	886.5838
883.47205	891.43976
883.52332	898.16119
883.57458	892.36688
883.62592	892.86218
883.67719	891.44366
883.72852	895.36951
883.77979	898.40723
883.83105	898.54565
883.88239	898.82068
883.93365	895.94409
883.98492	898.01196
884.03625	894.51233
884.08752	891.96161
884.13885	890.08765
884.19012	892.53186
884.24139	896.74072
884.29272	897.62927
884.34399	894.72925
884.39532	893.83453
884.44659	895.74878
884.49786	896.79871
884.54919	896.52509
884.60046	893.81689
884.65179	891.74432
884.70306	889.6391
884.75433	895.06488
884.80566	899.0354
884.85693	893.02783
884.90826	892.88232
884.95953	894.79309
885.0108	895.66736
885.06213	897.43317
885.1134	892.9812
885.16473	898.57062
885.216	897.22327
885.26727	899.91052
885.3186	894.43884
885.36987	893.43451
885.4212	892.52545
885.47247	900.85846
885.52374	896.89099
885.57507	897.33044
885.62634	893.71204
885.67767	904.61694
885.72894	895.9469
885.78021	890.61481
885.83154	896.24756
885.88281	893.44818
885.93414	891.40308
885.98541	894.44641
886.03668	898.54932
886.08801	903.85614
886.13928	890.18073
886.19061	886.83691
886.24188	893.69501
886.29315	897.01074
886.34448	892.74756
886.39575	888.43542
886.44708	895.71399
886.49835	891.2204
886.54962	891.31067
886.60095	895.84558
886.65222	893.90887
886.70355	896.54974
886.75482	898.82483
886.80609	902.99677
886.85742	900.48743
886.90869	905.32306
886.95996	899.59949
887.01129	898.1037
887.06256	893.78741
887.11389	897.01996
887.16516	893.77325
887.21643	891.64063
887.26776	899.00665
887.31903	897.07739
887.37036	892.4248
887.42163	892.37433
887.4729	892.09967
887.52423	891.74902
887.5755	887.8551
887.62683	893.93011
887.6781	896.83417
887.72937	895.81714
887.7807	895.76215
887.83197	895.28809
887.8833	897.32568
887.93457	892.43634
887.98584	889.02014
888.03717	895.01337
888.08844	898.94952
888.13977	897.95319
888.19104	890.35583
888.24231	889.87231
888.29364	895.33417
888.34491	894.71979
888.39624	891.95105
888.44751	895.1889
888.49878	898.57867
888.55011	899.91681
888.60138	900.92719
888.65271	896.94257
888.70398	895.94879
888.75525	892.50598
888.80658	891.96997
888.85785	892.21051
888.90918	900.0423
888.96045	892.63666
889.01172	895.8775
889.06305	898.84674
889.11432	903.38623
889.16565	893.11115
889.21692	893.78815
889.26819	890.65985
889.31952	893.75909
889.37079	896.9024
889.42212	894.40704
889.47339	892.2962
889.52466	895.9704
889.57599	892.30505
889.62726	888.24658
889.67859	896.09399
889.72986	897.12506
889.78113	893.12933
889.83246	892.52716
889.88373	902.75635
889.935	894.57043
889.98633	886.52191
890.0376	891.76959
890.08893	898.55304
890.1402	901.05127
890.19147	892.72314
890.2428	891.45367
890.29407	898.63074
890.3454	895.40961
890.39667	893.4444
890.44794	898.08344
890.49927	894.54175
890.55054	894.4682
890.60187	889.34351
890.65314	891.66382
890.70441	898.02075
890.75574	899.60052
890.80701	890.77838
890.85834	894.22906
890.90961	902.40961
890.96088	898.9856
891.01221	893.98334
891.06348	893.57257
891.11481	896.45367
891.16608	893.8172
891.21735	889.89526
891.26868	891.92084
891.31995	893.49768
891.37128	890.34454
891.42255	888.42773
891.47382	892.51532
891.52515	899.09943
891.57642	899.34613
891.62775	892.8891
891.67902	893.22369
891.73029	890.50714
891.78162	890.49146
891.83289	894.79535
891.88422	900.87756
891.93549	899.03027
891.98676	892.18463
892.03809	893.91351
892.08936	895.33307
892.14069	894.99573
892.19196	896.38342
892.24323	896.2785
892.29456	895.9856
892.34583	898.93933
892.39716	900.73315
892.44843	892.51434
892.49969	892.32471
892.55103	897.75806
892.60229	891.64923
892.65363	891.61786
892.7049	895.3302
892.75616	895.95544
892.8075	898.56732
892.85876	898.06219
892.9101	889.83154
892.96136	902.68964
893.01263	897.41827
893.06396	890.31012
893.11523	897.62335
893.1665	902.81055
893.21783	896.97705
893.2691	889.97894
893.32043	898.89722
893.3717	897.9502
893.42297	899.16205
893.4743	903.51831
893.52557	897.74512
893.5769	895.52179
893.62817	892.33807
893.67944	895.89496
893.73077	896.73096
893.78204	898.9425
893.83337	884.76624
893.88464	894.25354
893.93591	895.87823
893.98724	894.14734
894.03851	890.64252
894.08984	899.3764
894.14111	897.34302
894.19238	895.86145
894.24371	896.14893
894.29498	897.16089
894.34631	897.2074
894.39758	894.50031
894.44885	893.25226
894.50018	896.94189
894.55145	901.12897
894.60278	902.05353
894.65405	896.59222
894.70532	893.97192
894.75665	894.15326
894.80792	896.2796
894.85925	894.44733
894.91052	892.7926
894.96179	893.30701
895.01312	893.32739
895.06439	898.62097
895.11572	896.19916
895.16699	891.3634
895.21826	890.63171
895.26959	891.57977
895.32086	898.29553
895.37219	902.41174
895.42346	899.56879
895.47473	895.80298
895.52606	895.44775
895.57733	892.32813
895.62866	891.47174
895.67993	896.08209
895.7312	894.08301
895.78253	894.25903
895.8338	890.15375
895.88513	893.44257
895.9364	893.94928
895.98767	895.37018
896.039	897.39673
896.09027	895.2049
896.14154	891.29681
896.19287	895.98224
896.24414	889.59521
896.29547	888.72382
896.34674	899.79248
896.39801	894.15289
896.44934	895.6214
896.50061	896.67926
896.55194	890.79681
896.60321	895.71362
896.65448	903.63538
896.70581	899.50256
896.75708	893.59863
896.80841	891.88098
896.85968	894.20844
896.91095	889.25238
896.96228	895.79034
897.01355	902.89789
897.06488	891.52661
897.11615	897.30377
897.16742	900.66675
897.21875	899.71539
897.27002	895.24847
897.32135	894.54462
897.37262	899.08075
897.42389	901.37134
897.47522	893.56909
897.52649	890.92877
897.57782	892.84692
897.62909	896.90692
897.68036	896.96936
897.73169	894.07385
897.78296	898.62634
897.83429	898.24152
897.88556	894.03992
897.93683	890.68372
897.98816	896.61566
898.03943	894.82269
898.09076	891.75842
898.14203	898.51306
898.1933	901.58698
898.24463	897.4967
898.2959	898.90668
898.34723	901.87775
898.3985	898.46906
898.44977	897.008
898.5011	893.62476
898.55237	892.79034
898.6037	898.55933
898.65497	895.17401
898.70624	890.91022
898.75757	894.59424
898.80884	897.24744
898.86017	897.55597
898.91144	891.78833
898.96271	893.96967
899.01404	900.81635
899.06531	894.85114
899.11664	896.46582
899.16791	902.34509
899.21918	897.80139
899.27051	894.02362
899.32178	889.26898
899.37305	892.86005
899.42438	903.24005
899.47565	897.31616
899.52698	895.59509
899.57825	892.70831
899.62952	895.35486
899.68085	889.70654
899.73212	893.42743
899.78345	888.4978
899.83472	889.58661
899.88599	895.23322
899.93732	887.48547
899.98859	888.7276
900.03992	905.17065
900.09119	891.06378
900.14246	895.43372
900.19379	889.83673
900.24506	902.65442
900.29639	887.94843
900.34766	896.54663
900.39893	900.26843
900.45026	896.09674
900.50153	897.98615
900.55286	897.93109
900.60413	900.05878
900.6554	890.90649
900.70673	886.82214
900.758	895.89636
900.80933	900.44043
900.8606	893.72858
900.91187	893.88098
900.9632	896.80005
901.01447	899.40735
901.0658	901.16534
901.11707	894.2226
901.16833	897.73224
901.21967	902.01746
901.27094	891.43176
901.32227	894.39502
901.37354	897.87457
901.4248	894.18622
901.47614	892.48578
901.5274	893.38135
901.57874	892.20972
901.63	896.18726
901.68127	896.89819
901.7326	895.36792
901.78387	898.62787
901.83521	896.34552
901.88647	887.49475
901.93774	892.09558
901.98907	894.63086
902.04034	895.08514
902.09167	895.34442
902.14294	894.56976
902.19421	895.12616
902.24554	899.36377
902.29681	892.92108
902.34808	887.12897
902.39941	884.61035
902.45068	894.81372
902.50201	891.8584
902.55328	893.13275
902.60455	895.16199
902.65588	895.3075
902.70715	896.26447
902.75848	900.21191
902.80975	892.33582
902.86102	898.25623
902.91235	895.02051
902.96362	886.93512
903.01495	899.71069
903.06622	891.68634
903.11749	896.47443
903.16882	898.50592
903.22009	899.33667
903.27142	893.26721
903.32269	893.76868
903.37396	896.2605
903.42529	897.67902
903.47656	900.82758
903.52789	892.25037
903.57916	895.0567
903.63043	904.06232
903.68176	902.46667
903.73303	892.62164
903.78436	892.53418
903.83563	893.17493
903.8869	891.3869
903.93823	893.33649
903.9895	891.40479
904.04083	895.28088
904.0921	897.78259
904.14337	896.31348
904.1947	894.27521
904.24597	894.65308
904.2973	894.69806
904.34857	892.67804
904.39984	892.7301
904.45117	895.40656
904.50244	898.90137
904.55377	894.29327
904.60504	897.46594
904.65631	896.5509
904.70764	891.24567
904.75891	892.14966
904.81024	894.52289
904.86151	902.81921
904.91278	896.88519
904.96411	888.03424
905.01538	893.64807
905.06671	893.08203
905.11798	894.50226
905.16925	895.94598
905.22058	896.13971
905.27185	898.65283
905.32312	892.28094
905.37445	892.00348
905.42572	891.23376
905.47705	902.95276
905.52832	892.04834
905.57959	894.90033
905.63092	892.21881
905.68219	895.05579
905.73352	897.10522
905.78479	894.0481
905.83606	891.24207
905.88739	895.09601
905.93866	895.16443
905.98999	896.54102
906.04126	899.89899
906.09253	890.08258
906.14386	890.5144
906.19513	893.40131
906.24646	896.52148
906.29773	901.67761
906.349	896.93457
906.40033	900.06244
906.4516	899.29834
906.50293	895.96814
906.5542	893.63171
906.60547	895.04901
906.6568	895.04565
906.70807	894.69781
906.7594	891.49713
906.81067	893.13678
906.86194	901.83453
906.91327	899.19305
906.96454	894.9696
907.01587	892.84082
907.06714	894.07343
907.11841	896.94604
907.16974	897.44208
907.22101	893.48071
907.27234	896.82819
907.32361	893.78955
907.37488	893.66614
907.42621	900.0058
907.47748	893.93182
907.52881	893.45605
907.58008	895.98529
907.63135	900.03503
907.68268	901.97852
907.73395	898.41077
907.78528	893.31415
907.83655	891.96838
907.88782	891.19714
907.93915	892.53424
907.99042	895.37323
908.04175	895.13141
908.09302	892.4248
908.14429	895.39209
908.19562	893.30609
908.24689	904.61908
908.29822	892.18414
908.34949	892.80603
908.40076	887.20587
908.45209	894.71155
908.50336	895.91638
908.55463	888.96252
908.60596	892.91809
908.65723	893.20746
908.70856	899.11371
908.75983	901.73578
908.8111	901.16193
908.86243	910.04974
908.9137	895.76117
908.96503	889.21613
909.0163	891.25055
909.06757	893.68506
909.1189	897.10242
909.17017	898.8277
909.2215	898.30371
909.27277	889.79443
909.32404	894.57727
909.37537	892.3053
909.42664	890.8512
909.47797	894.86108
909.52924	894.85767
909.58051	895.63098
909.63184	897.66602
909.68311	897.14008
909.73444	895.28979
909.78571	893.98395
909.83698	892.80444
909.88831	894.33691
909.93958	890.65442
909.99091	887.91003
910.04218	890.50397
910.09344	895.87598
910.14478	897.02191
910.19604	896.43195
910.24738	894.26257
910.29865	895.42999
910.34991	892.07776
910.40125	893.27173
910.45251	894.08344
910.50385	894.52661
910.55511	896.29523
910.60638	898.32971
910.65771	893.24738
910.70898	891.78046
910.76031	900.90167
910.81158	901.0769
910.86285	898.16608
910.91418	895.10626
910.96545	896.57703
911.01678	886.56799
911.06805	900.88208
911.11932	903.6839
911.17065	895.87927
911.22192	906.78809
911.27325	917.31848
911.32452	899.61322
911.37579	896.67456
911.42712	895.73346
911.47839	895.52844
911.52966	893.60602
911.58099	892.02032
911.63226	890.12463
911.68359	900.38715
911.73486	890.31055
911.78613	893.58594
911.83746	898.37671
911.88873	902.67291
911.94006	901.36462
911.99133	902.72278
912.0426	894.42407
912.09393	894.72064
912.1452	899.26306
912.19653	897.8103
912.2478	897.70142
912.29907	895.92297
912.3504	895.49573
912.40167	895.40173
912.453	894.86896
912.50427	896.59021
912.55554	899.57654
912.60687	893.45386
912.65814	892.31372
912.70947	896.4975
912.76074	889.74286
912.81201	894.60565
912.86334	895.31342
912.91461	895.4624
912.96594	891.57843
913.01721	888.7453
913.06848	893.55444
913.11981	894.76971
913.17108	892.45032
913.22241	889.57837
913.27368	894.14215
913.32495	900.26855
913.37628	895.8761
913.42755	898.82275
913.47888	901.12219
913.53015	895.14771
913.58142	891.86084
913.63275	893.41113
913.68402	889.73169
913.73535	900.63013
913.78662	891.92542
913.83789	897.52423
913.88922	894.14075
913.94049	902.72778
913.99182	898.99323
914.04309	897.77582
914.09436	894.25305
914.14569	894.92084
914.19696	899.11774
914.24829	896.33783
914.29956	900.99347
914.35083	894.45782
914.40216	892.85004
914.45343	895.95099
914.50476	899.15271
914.55603	894.89374
914.6073	891.86475
914.65863	892.74652
914.7099	898.16797
914.76117	895.7973
914.8125	892.08405
914.86377	893.93103
914.9151	893.67493
914.96637	896.96295
915.01764	896.19818
915.06897	895.41858
915.12024	898.67108
915.17157	889.80426
915.22284	888.32458
915.27411	895.76245
915.32544	898.32129
915.37671	898.34949
915.42804	897.20813
915.47931	893.88983
915.53058	892.46552
915.58191	892.13373
915.63318	889.15729
915.68451	899.04681
915.73578	901.64435
915.78705	897.63733
915.83838	889.3031
915.88965	894.53168
915.94098	896.33044
915.99225	898.05896
916.04352	892.34723
916.09485	900.96698
916.14612	895.61218
916.19745	893.15393
916.24872	894.36597
916.29999	892.85687
916.35132	895.00879
916.40259	895.62146
916.45392	892.18842
916.50519	892.70642
916.55646	893.23853
916.60779	893.95569
916.65906	896.25629
916.71039	897.00952
916.76166	899.71722
916.81293	895.02826
916.86426	891.05078
916.91553	895.09381
916.96686	899.24872
917.01813	896.57227
917.0694	897.95905
917.12073	899.36548
917.172	896.37445
917.22333	894.96832
917.2746	895.08716
917.32587	892.0957
917.3772	890.35156
917.42847	892.30908
917.4798	890.62274
917.53107	891.88483
917.58234	890.37982
917.63367	890.40179
917.68494	893.96997
917.73621	895.98724
917.78754	892.24066
917.83881	892.60376
917.89014	895.78552
917.94141	894.23126
917.99268	891.33179
918.04401	890.63782
918.09528	894.32843
918.14661	892.76428
918.19788	888.31427
918.24915	895.66132
918.30048	901.34094
918.35175	901.12402
918.40308	898.51208
918.45435	898.34906
918.50562	898.29578
918.55695	900.16333
918.60822	897.39465
918.65955	898.96338
918.71082	892.96747
918.76208	893.67023
918.81342	892.89227
918.86469	890.67896
918.91602	894.76044
918.96729	894.18518
919.01855	893.18109
919.06989	892.31201
919.12115	894.40021
919.17249	893.88257
919.22375	888.74274
919.27502	890.83344
919.32635	898.54504
919.37762	894.72546
919.42896	888.94702
919.48022	890.91547
919.53149	890.2077
919.58282	891.10443
919.63409	896.02356
919.68542	898.44733
919.73669	897.90326
919.78796	894.59601
919.83929	894.16296
919.89056	898.8028
919.94189	895.63525
919.99316	892.30695
920.04443	892.7005
920.09576	896.05457
920.14703	895.82922
920.19836	891.58105
920.24963	889.81006
920.3009	897.11432
920.35223	891.70483
920.4035	891.4942
920.45483	891.45044
920.5061	893.8277
920.55737	892.30402
920.6087	889.26007
920.65997	891.18927
920.7113	892.17993
920.76257	896.1637
920.81384	888.78894
920.86517	890.63281
920.91644	898.35468
920.96771	894.67993
921.01904	893.37634
921.07031	891.29346
921.12164	894.08142
921.17291	894.31171
921.22418	893.64862
921.27551	889.83759
921.32678	896.1059
921.37811	894.25049
921.42938	890.83466
921.48065	897.09918
921.53198	897.2298
921.58325	894.35779
921.63458	887.18024
921.68585	894.9837
921.73712	899.11719
921.78845	894.58307
921.83972	894.62402
921.89105	892.02258
921.94232	896.69946
921.99359	896.68994
922.04492	892.646
922.09619	893.08167
922.14752	892.43445
922.19879	896.61041
922.25006	895.72876
922.30139	895.7652
922.35266	892.50745
922.40399	893.22278
922.45526	890.50922
922.50653	896.21722
922.55786	897.72351
922.60913	890.79706
922.66046	892.77246
922.71173	897.07526
922.763	895.76276
922.81433	889.98999
922.8656	890.45459
922.91693	897.06592
922.9682	891.93927
923.01947	888.94043
923.0708	892.11694
923.12207	895.60223
923.1734	890.69421
923.22467	890.13873
923.27594	895.25616
923.32727	889.78809
923.37854	889.96362
923.42987	892.8988
923.48114	896.1579
923.53241	899.7597
923.58374	900.45563
923.63501	893.78638
923.68634	896.9729
923.73761	897.18085
923.78888	897.08325
923.84021	892.32025
923.89148	894.14404
923.94275	897.89331
923.99408	893.34503
924.04535	892.82391
924.09668	895.13763
924.14795	900.50018
924.19922	895.07397
924.25055	892.33258
924.30182	893.90308
924.35315	898.67621
924.40442	900.34216
924.45569	898.75574
924.50702	896.94073
924.55829	893.72803
924.60962	893.44653
924.66089	887.70758
924.71216	895.49225
924.76349	897.54132
924.81476	893.6153
924.86609	895.55884
924.91736	896.10193
924.96863	899.34381
925.01996	893.37646
925.07123	892.27216
925.12256	894.10645
925.17383	892.47748
925.2251	891.58398
925.27643	895.92072
925.3277	898.37421
925.37903	891.96973
925.4303	891.11328
925.48157	895.01544
925.5329	894.71417
925.58417	897.39606
925.6355	894.17456
925.68677	896.61932
925.73804	894.26099
925.78937	895.64783
925.84064	894.00122
925.89197	895.11218
925.94324	893.13361
925.99451	892.40979
926.04584	894.16418
926.09711	894.93781
926.14844	896.26685
926.19971	894.44171
926.25098	895.48297
926.30231	893.32568
926.35358	896.86261
926.40491	898.21448
926.45618	894.42047
926.50745	895.26782
926.55878	893.97119
926.61005	891.62097
926.66138	892.67633
926.71265	897.63043
926.76392	892.95569
926.81525	892.83209
926.86652	887.61078
926.91779	896.09442
926.96912	896.55554
927.02039	899.53729
927.07172	898.03552
927.12299	900.03149
927.17426	898.07678
927.22559	889.66266
927.27686	886.37366
927.32819	896.47443
927.37946	896.40619
927.43073	891.9248
927.48206	900.20624
927.53333	896.34357
927.58466	894.82507
927.63593	891.22418
927.68719	891.35034
927.73853	894.17651
927.78979	899.50098
927.84113	897.93011
927.8924	893.8941
927.94366	897.77924
927.995	892.20612
928.04626	892.56097
928.0976	897.78027
928.14886	897.43585
928.20013	892.47418
928.25146	892.10785
928.30273	895.14081
928.35406	896.30969
928.40533	895.60486
928.4566	894.46271
928.50793	901.31897
928.5592	900.00867
928.61053	897.25775
928.6618	894.37219
928.71307	896.74622
928.7644	896.28101
928.81567	891.67145
928.867	888.81415
928.91827	891.11414
928.96954	896.38116
929.02087	895.36102
929.07214	892.89307
929.12347	898.40283
929.17474	896.6546
929.22601	892.96271
929.27734	891.14417
929.32861	892.10101
929.37994	892.46405
929.43121	896.19836
929.48248	892.79358
929.53381	896.58026
929.58508	896.93042
929.63641	890.42621
929.68768	890.05206
929.73895	896.37152
929.79028	895.83051
929.84155	893.84058
929.89288	890.96832
929.94415	890.55414
929.99542	893.03772
930.04675	887.51715
930.09802	894.38037
930.14929	897.99377
930.20062	898.47241
930.25189	894.12939
930.30322	892.35938
930.35449	896.85168
930.40576	897.93756
930.45709	895.52002
930.50836	894.04498
930.55969	893.13861
930.61096	899.98297
930.66223	895.77612
930.71356	894.9527
930.76483	899.51318
930.81616	894.09875
930.86743	887.07434
930.9187	889.81421
930.97003	894.17462
931.0213	897.10614
931.07263	892.28217
931.1239	892.53058
931.17517	894.40656
931.2265	894.11029
931.27777	891.29865
931.3291	895.08722
931.38037	893.3175
931.43164	895.69287
931.48297	898.40906
931.53424	900.55353
931.58557	898.64978
931.63684	894.73853
931.68811	895.58044
931.73944	900.29736
931.79071	900.83862
931.84204	891.73468
931.89331	890.09344
931.94458	900.59229
931.99591	896.0965
932.04718	899.927
932.09851	887.34406
932.14978	899.95514
932.20105	898.59741
932.25238	892.11664
932.30365	884.08026
932.35498	893.51355
932.40625	896.24243
932.45752	892.33362
932.50885	893.7995
932.56012	893.41443
932.61145	894.28979
932.66272	891.98627
932.71399	893.63434
932.76532	897.98303
932.81659	897.03333
932.86792	894.30548
932.91919	892.97821
932.97046	897.89337
933.02179	903.17944
933.07306	897.71185
933.12433	895.0885
933.17566	894.89453
933.22693	897.89923
933.27826	892.40942
933.32953	889.68994
933.3808	897.2403
933.43213	894.28961
933.4834	892.31104
933.53473	897.60864
933.586	895.55115
933.63727	894.90729
933.6886	887.22162
933.73987	887.80237
933.7912	889.23676
933.84247	886.74377
933.89374	895.02277
933.94507	900.27808
933.99634	903.3399
934.04767	894.10645
934.09894	883.53284
934.15021	899.17865
934.20154	896.63928
934.25281	884.18115
934.30414	900.51672
934.35541	889.6283
934.40668	898.60785
934.45801	888.05304
934.50928	892.01746
934.56061	900.70905
934.61188	893.71606
934.66315	890.43738
934.71448	896.73029
934.76575	895.03693
934.81708	894.95264
934.86835	889.23505
934.91962	891.2757
934.97095	893.51855
935.02222	895.68823
935.07355	893.19629
935.12482	890.30286
935.17609	897.48145
935.22742	897.97949
935.27869	894.58136
935.33002	890.84698
935.38129	891.14093
935.43256	894.10858
935.48389	892.48108
935.53516	894.52118
935.58649	896.05731
935.63776	891.00635
935.68903	889.89972
935.74036	892.93732
935.79163	895.52484
935.84296	894.61896
935.89423	893.47327
935.9455	896.32422
935.99683	905.46783
936.0481	898.11145
936.09943	888.49939
936.1507	890.36285
936.20197	894.03015
936.2533	894.13281
936.30457	893.10974
936.35583	896.00598
936.40717	896.06299
936.45844	893.38416
936.50977	890.31848
936.56104	899.44562
936.6123	889.26093
936.66364	891.51886
936.7149	896.53809
936.76624	894.94067
936.8175	900.73883
936.86877	888.8642
936.9201	894.9726
936.97137	899.76013
937.02271	897.64612
937.07397	894.30792
937.12524	889.40179
937.17657	894.11133
937.22784	895.68677
937.27917	895.37231
937.33044	896.24335
937.38171	892.94031
937.43304	902.86395
937.48431	897.44574
937.53564	891.69629
937.58691	895.69006
937.63818	896.51617
937.68951	891.24298
937.74078	894.95471
937.79211	895.23279
937.84338	892.40356
937.89465	893.14771
937.94598	895.28436
937.99725	896.79193
938.04858	897.81677
938.09985	891.44421
938.15112	888.57715
938.20245	892.53717
938.25372	893.8103
938.30505	895.66821
938.35632	897.44928
938.40759	897.14081
938.45892	898.17786
938.51019	898.09283
938.56152	896.3371
938.61279	901.078
938.66406	891.1496
938.71539	898.18152
938.76666	897.50903
938.81799	899.32355
938.86926	885.9342
938.92053	894.45038
938.97186	900.34174
939.02313	894.25378
939.07446	893.78448
939.12573	894.76086
939.177	891.78314
939.22833	897.98401
939.2796	906.01154
939.33087	890.3161
939.3822	898.13458
939.43347	901.88666
939.4848	901.8208
939.53607	897.03558
939.58734	902.86548
939.63867	897.34595
939.68994	894.0213
939.74127	900.26984
939.79254	896.57587
939.84381	898.76025
939.89514	895.59399
939.94641	890.7951
939.99774	895.47949
940.04901	893.29388
940.10028	889.38147
940.15161	894.76349
940.20288	896.48499
940.25421	895.17462
940.30548	897.24451
940.35675	895.65955
940.40808	898.09607
940.45935	899.47235
940.51068	895.38123
940.56195	896.80084
940.61322	900.00708
940.66455	892.83032
940.71582	894.18457
940.76715	896.02649
940.81842	897.91193
940.86969	897.22833
940.92102	893.63379
940.97229	898.29535
941.02362	901.36151
941.07489	894.14545
941.12616	889.25897
941.17749	893.1571
941.22876	892.80542
941.28009	892.71509
941.33136	895.58527
941.38263	888.84552
941.43396	896.69696
941.48523	892.73547
941.53656	893.80566
941.58783	895.12158
941.6391	887.12494
941.69043	883.01117
941.7417	894.26947
941.79303	902.03839
941.8443	892.75403
941.89557	889.54486
941.9469	892.92969
941.99817	892.91748
942.0495	892.94647
942.10077	897.16327
942.15204	894.01563
942.20337	896.09241
942.25464	896.80829
942.30591	892.88507
942.35724	892.94708
942.40851	896.01422
942.45984	900.02051
942.51111	900.70776
942.56238	896.09583
942.61371	893.67303
942.66498	899.85132
942.71631	898.81555
942.76758	900.14978
942.81885	903.66669
942.87018	899.72717
942.92145	898.34332
942.97278	895.8476
943.02405	897.56897
943.07532	893.40283
943.12665	891.65698
943.17792	895.63953
943.22925	911.42218
943.28052	927.31348
943.33179	898.4126
943.38312	891.86615
943.43439	894.39221
943.48572	895.58545
943.53699	898.53436
943.58826	891.73291
943.63959	905.53387
943.69086	895.57056
943.74219	893.92731
943.79346	898.3913
943.84473	895.73956
943.89606	895.60217
943.94733	889.85065
943.99866	897.33466
944.04993	900.02521
944.1012	897.17725
944.15253	894.63202
944.2038	893.52563
944.25513	897.73413
944.3064	896.26031
944.35767	897.61823
944.409	897.24915
944.46027	893.48206
944.5116	890.69324
944.56287	894.49091
944.61414	898.38959
944.66547	899.17126
944.71674	896.09515
944.76807	897.21124
944.81934	899.72296
944.87061	895.34796
944.92194	892.81531
944.97321	892.96698
945.02454	896.53259
945.07581	896.55707
945.12708	894.89001
945.17841	893.13641
945.22968	893.34332
945.28101	888.15399
945.33228	890.5929
945.38354	898.1853
945.43488	902.13306
945.48615	892.97534
945.53741	891.58105
945.58875	894.34503
945.64001	896.47119
945.69135	891.72455
945.74261	900.53119
945.79388	896.66711
945.84521	901.30951
945.89648	895.36768
945.94781	892.93665
945.99908	896.79828
946.05035	897.72046
946.10168	892.56335
946.15295	893.50812
946.20428	899.48755
946.25555	904.88733
946.30682	896.4046
946.35815	889.85571
946.40942	896.80188
946.46075	899.552
946.51202	897.02374
946.56329	898.32928
946.61462	903.86176
946.66589	898.11115
946.71722	892.9516
946.76849	892.37762
946.81976	896.52521
946.87109	895.00647
946.92236	897.88257
946.97369	899.95349
947.02496	901.35608
947.07623	896.21899
947.12756	897.7774
947.17883	897.80676
947.23016	898.64453
947.28143	890.03082
947.3327	888.79047
947.38403	899.6651
947.4353	902.52136
947.48663	890.07111
947.5379	890.93317
947.58917	895.03027
947.6405	908.16125
947.69177	894.66229
947.7431	889.69946
947.79437	891.46594
947.84564	897.49719
947.89697	893.39612
947.94824	889.92572
947.99957	897.34857
948.05084	895.3985
948.10211	894.24365
948.15344	894.03149
948.20471	901.78455
948.25604	897.88647
948.30731	895.49396
948.35858	895.23956
948.40991	894.76831
948.46118	897.3064
948.51245	895.57245
948.56378	884.89984
948.61505	891.26782
948.66638	899.49878
948.71765	897.76611
948.76892	897.8382
948.82025	907.87317
948.87152	897.87744
948.92285	890.23401
948.97412	901.67981
949.02539	904.57239
949.07672	895.21368
949.12799	890.46808
949.17932	891.77771
949.23059	894.50635
949.28186	894.05078
949.33319	893.46167
949.38446	902.53619
949.43579	897.63678
949.48706	888.99829
949.53833	898.28687
949.58966	894.44562
949.64093	901.40039
949.69226	897.9046
949.74353	892.77814
949.7948	898.20807
949.84613	887.6095
949.8974	895.47742
949.94873	898.58673
950	902.19208
