50	884.80072
50.532299	887.86536
51.064598	883.72327
51.596897	891.18945
52.129196	886.83502
52.661495	881.37189
53.193794	887.0025
53.726093	891.96442
54.258392	891.17731
54.790688	882.54828
55.322987	887.56372
55.855286	898.30634
56.387585	897.92932
56.919884	891.2984
57.452183	898.90057
57.984482	907.80469
58.516781	910.65717
59.04908	906.23883
59.581379	899.72638
60.113678	905.53033
60.645977	921.24182
61.178276	907.70557
61.710575	899.18597
62.242874	903.26465
62.775173	899.15662
63.307468	911.57288
63.839767	907.12708
64.37207	908.38159
64.904366	911.39227
65.436668	912.66205
65.968964	914.49689
66.501266	906.20026
67.033562	912.08264
67.565857	919.83698
68.09816	919.22607
68.630455	912.57635
69.162758	919.29553
69.695053	928.40649
70.227356	927.26074
70.759651	935.26666
71.291954	939.51691
71.824249	935.3736
72.356552	955.85309
72.888847	931.82544
73.42115	929.65393
73.953445	941.36884
74.485748	953.9444
75.018044	955.83838
75.550346	944.21289
76.082642	944
76.614937	958.20569
77.14724	958.87061
77.679535	952.2193
78.211838	954.72925
78.744133	953.06793
79.276436	950.60974
79.808731	948.745
80.341034	950.74969
80.873329	955.15643
81.405632	956.6803
81.937927	947.54022
82.47023	943.09082
83.002525	945.67706
83.534828	947.11224
84.067123	942.97534
84.599426	936.69745
85.131721	949.99622
85.664017	954.07391
86.19632	943.60492
86.728615	935.13794
87.260918	938.72302
87.793213	951.06226
88.325516	942.74792
88.857811	936.70325
89.390114	945.58765
89.922409	957.19452
90.454712	962.49097
90.987007	958.99817
91.51931	939.03448
92.051605	937.73071
92.583908	948.40991
93.116203	949.38525
93.648499	940.21869
94.180801	941.27484
94.713097	944.59949
95.245399	937.56763
95.777695	937.82123
96.309998	943.59393
96.842293	949.66528
97.374596	951.11084
97.906891	941.12109
98.439194	944.35419
98.971489	943.10858
99.503792	946.14105
100.03609	952.06781
100.56839	945.33917
101.10069	937.84363
101.63299	944.2381
102.16528	947.48798
102.69758	942.75983
103.22988	939.76617
103.76218	954.58032
104.29448	937.08966
104.82677	948.78839
105.35908	955.59698
105.89137	955.31525
106.42368	949.67761
106.95597	939.73547
107.48827	950.56128
108.02057	954.08148
108.55287	941.89545
109.08517	934.27612
109.61747	939.73602
110.14977	945.289
110.68207	937.77167
111.21436	944.94177
111.74666	946.16284
112.27896	950.49884
112.81126	961.92773
113.34356	969.77307
113.87585	944.71484
114.40816	928.55994
114.94045	937.03168
115.47276	950.92218
116.00505	955.63306
116.53735	951.06836
117.06965	942.72754
117.60195	952.27905
118.13425	955.24915
118.66655	946.93646
119.19884	937.07532
119.73115	941.58118
120.26344	949.09918
120.79574	942.26904
121.32804	935.09253
121.86034	934.78094
122.39264	936.20941
122.92493	930.61053
123.45724	946.45917
123.98953	937.84485
124.52184	943.81348
125.05413	948.91528
125.58643	947.24213
126.11873	946.75305
126.65103	954.27594
127.18333	952.43964
127.71563	948.69946
128.24792	949.47058
128.78023	947.05774
129.31252	933.98236
129.84482	942.34406
130.37712	957.8302
130.90942	961.75397
131.44171	951.4964
131.97401	945.50012
132.50632	956.79572
133.03862	945.10144
133.57091	952.84845
134.10321	955.38293
134.63551	952.33862
135.16782	946.48151
135.7001	943.91846
136.23241	955.63336
136.76471	951.56573
137.297	950.04834
137.8293	945.17743
138.3616	946.15222
138.89391	955.2876
139.42619	948.95264
139.9585	963.18365
140.4908	950.53204
141.0231	948.43475
141.55539	949.05621
142.08769	942.88757
142.62	944.35443
143.1523	959.4278
143.68459	953.12915
144.21689	945.8244
144.74919	946.54999
145.28149	951.54077
145.81378	947.85571
146.34608	950.36615
146.87839	949.18115
147.41068	946.34814
147.94298	948.38806
148.47528	954.91492
149.00758	959.19318
149.53987	964.21863
150.07217	946.99176
150.60448	950.70227
151.13678	953.53546
151.66907	952.16949
152.20137	958.62781
152.73367	958.62463
153.26598	967.39026
153.79826	976.61017
154.33057	975.3999
154.86287	966.79797
155.39516	962.72614
155.92746	974.46399
156.45976	992.00226
156.99207	998.26843
157.52435	980.36615
158.05666	966.42126
158.58896	975.22247
159.12126	973.40582
159.65355	966.6911
160.18585	961.3689
160.71815	960.1189
161.25046	962.09668
161.78275	966.76843
162.31505	973.80231
162.84735	962.88928
163.37965	973.35913
163.91194	966.5802
164.44424	959.8092
164.97655	960.77997
165.50883	959.90375
166.04114	971.65308
166.57344	970.21063
167.10574	963.36633
167.63803	960.90698
168.17033	963.42273
168.70264	965.2569
169.23494	963.57111
169.76723	954.52875
170.29953	955.1507
170.83183	957.01581
171.36414	956.49628
171.89642	957.37903
172.42873	970.37317
172.96103	964.48975
173.49332	968.40698
174.02562	962.37598
174.55792	962.37915
175.09023	975.05927
175.62251	979.27057
176.15482	963.30139
176.68712	954.02008
177.21942	952.06665
177.75171	961.47388
178.28401	964.83099
178.81631	943.57123
179.34862	959.53918
179.88091	946.97675
180.41321	942.82617
180.94551	944.36176
181.4778	949.63293
182.0101	955.49738
182.5424	950.4436
183.07471	947.91772
183.60699	955.65723
184.1393	963.64825
184.6716	968.90723
185.2039	966.59619
185.73619	947.76001
186.26849	936.80023
186.8008	938.36548
187.3331	954.44904
187.86539	954.47046
188.39769	940.20367
188.92999	941.6748
189.4623	935.77008
189.99458	929.87616
190.52689	930.93042
191.05919	945.71576
191.59148	958.48474
192.12378	951.82782
192.65608	938.41638
193.18839	945.14709
193.72067	941.56293
194.25298	940.44238
194.78528	938.37817
195.31758	932.50433
195.84987	930.09613
196.38217	940.21704
196.91447	931.6394
197.44678	938.3985
197.97906	938.85413
198.51137	933.40405
199.04367	939.65314
199.57596	927.83533
200.10826	951.56866
200.64056	941.0625
201.17287	939.76538
201.70515	950.72723
202.23746	955.31757
202.76976	946.12317
203.30206	939.36621
203.83435	939.03589
204.36665	934.85107
204.89896	934.53802
205.43126	936.34552
205.96355	929.13916
206.49585	945.99219
207.02815	943.40918
207.56044	940.42981
208.09274	934.61713
208.62505	931.16913
209.15735	936.54907
209.68964	943.2998
210.22194	948.36548
210.75424	936.13721
211.28654	932.42432
211.81883	936.18256
212.35114	936.77869
212.88344	928.91284
213.41574	936.51538
213.94803	928.13824
214.48033	930.09863
215.01263	933.25555
215.54494	935.32056
216.07722	936.30054
216.60953	912.58069
217.14183	935.58026
217.67412	933.45068
218.20642	923.94403
218.73872	924.52167
219.27103	936.52307
219.80331	939.9447
220.33562	922.18292
220.86792	923.23059
221.40022	932.59198
221.93251	934.21899
222.46481	927.76257
222.99712	924.07263
223.52942	923.22351
224.06171	932.30481
224.59401	937.57324
225.12631	940.23877
225.6586	934.20648
226.1909	924.11377
226.72321	931.12616
227.25551	930.27679
227.7878	935.45801
228.3201	928.16425
228.8524	935.58948
229.3847	946.00476
229.91699	930.60712
230.4493	927.21796
230.9816	933.83887
231.5139	944.70105
232.04619	947.04144
232.57849	935.77716
233.11079	922.59186
233.64308	930.01788
234.17538	916.46613
234.70769	941.88251
235.23999	936.05438
235.77228	926.67261
236.30458	927.66406
236.83688	931.7431
237.36919	935.12311
237.90147	935.11993
238.43378	930.23553
238.96608	927.02228
239.49838	927.68561
240.03067	929.38269
240.56297	926.83301
241.09528	924.2876
241.62758	930.37952
242.15987	933.36267
242.69217	932.16266
243.22447	930.08838
243.75676	929.90588
244.28906	929.32581
244.82137	936.96716
245.35367	931.5556
245.88596	925.05884
246.41826	933.88757
246.95056	946.82031
247.48286	936.98431
248.01515	929.34961
248.54745	920.8822
249.07976	931.03967
249.61206	936.02051
250.14435	928.4931
250.67665	922.1499
251.20895	940.41583
251.74124	931.92975
252.27354	937.8808
252.80585	927.84125
253.33815	920.0285
253.87044	926.20496
254.40274	940.18115
254.93504	940.92236
255.46735	929.86548
255.99963	937.21716
256.53195	937.66565
257.06424	936.22693
257.59653	936.97406
258.12885	934.32281
258.66113	936.86615
259.19342	932.95905
259.72574	928.70251
260.25803	923.9436
260.79031	925.26904
261.32263	933.18896
261.85492	933.4502
262.38724	925.78943
262.91953	931.04279
263.45181	934.18719
263.98413	928.05994
264.51642	925.2561
265.04871	936.79688
265.58102	935.99084
266.11331	938.54126
266.64563	937.52142
267.17792	933.5545
267.71021	929.69342
268.24252	928.74414
268.77481	930.22192
269.3071	925.12024
269.83942	933.95441
270.3717	947.34937
270.90399	945.59558
271.43631	938.1709
271.9686	938.95905
272.50092	944.4234
273.0332	928.23682
273.56549	931.60095
274.09781	936.70898
274.6301	933.55817
275.16238	927.22351
275.6947	926.46527
276.22699	929.22705
276.75931	936.04053
277.2916	950.28754
277.82388	941.17175
278.3562	927.39642
278.88849	932.42053
279.42078	952.84601
279.95309	930.84167
280.48538	927.42896
281.01767	935.40961
281.54999	928.13385
282.08228	926.94934
282.61459	933.88831
283.14688	924.2619
283.67917	913.1745
284.21149	926.91547
284.74377	935.28558
285.27606	930.90741
285.80838	925.22217
286.34067	925.11609
286.87296	925.40698
287.40527	949.33478
287.93756	951.62323
288.46988	938.10901
289.00217	923.22656
289.53445	920.12427
290.06677	927.81079
290.59906	927.6048
291.13135	925.04175
291.66367	929.44684
292.19595	933.93628
292.72827	934.35181
293.26056	929.77502
293.79285	925.11896
294.32516	931.26501
294.85745	940.65186
295.38974	930.51636
295.92206	931.62225
296.45435	930.16998
296.98663	927.28241
297.51895	932.43018
298.05124	930.57349
298.58356	923.73889
299.11584	933.73175
299.64813	940.10144
300.18045	932.47437
300.71274	922.81842
301.24503	929.09698
301.77734	936.64899
302.30963	923.83258
302.84195	922.45123
303.37424	921.01892
303.90652	923.98254
304.43884	931.40765
304.97113	936.40369
305.50342	940.67316
306.03574	930.55255
306.56802	931.52063
307.10031	931.5946
307.63263	930.29358
308.16492	930.24054
308.69724	932.07446
309.22952	934.63599
309.76181	933.85809
310.29413	926.08618
310.82642	922.68774
311.3587	925.50757
311.89102	936.67041
312.42331	953.90845
312.9556	933.3819
313.48792	929.36255
314.0202	936.19611
314.55252	941.28638
315.08481	935.92511
315.6171	930.46387
316.14941	942.59491
316.6817	926.30487
317.21399	920.71252
317.74631	929.14996
318.27859	935.24994
318.81091	932.71277
319.3432	928.88428
319.87549	935.21173
320.40781	931.77856
320.94009	934.08966
321.47238	934.62469
322.0047	930.35101
322.53699	927.00983
323.06927	929.6048
323.60159	934.56274
324.13388	925.98169
324.6662	918.2207
325.19849	922.70886
325.73077	930.9635
326.26309	934.80914
326.79538	937.09863
327.32767	945.31256
327.85999	927.28864
328.39227	931.5321
328.92459	935.99524
329.45688	942.43835
329.98917	938.22717
330.52148	927.10602
331.05377	932.82434
331.58606	942.26392
332.11838	936.74377
332.65067	930.7309
333.18295	938.42346
333.71527	943.29736
334.24756	936.16425
334.77988	930.40106
335.31216	936.40924
335.84445	927.30231
336.37677	935.31653
336.90906	938.41827
337.44135	939.612
337.97366	941.42542
338.50595	939.7334
339.03824	947.46179
339.57056	942.40204
340.10284	934.39691
340.63516	930.36926
341.16745	935.1001
341.69974	940.18915
342.23206	934.20392
342.76434	932.64575
343.29663	948.11249
343.82895	946.12964
344.36124	942.72571
344.89355	937.45209
345.42584	932.48267
345.95813	933.31677
346.49045	937.5307
347.02274	939.24713
347.55502	952.91064
348.08734	935.02509
348.61963	927.92664
349.15192	936.78766
349.68423	938.58765
350.21652	943.40594
350.74884	942.54272
351.28113	942.44806
351.81342	932.38562
352.34573	933.79022
352.87802	938.98053
353.41031	934.43542
353.94263	935.07806
354.47491	942.81866
355.00723	936.29266
355.53952	935.73151
356.07181	940.54425
356.60413	941.40729
357.13641	935.46429
357.6687	933.70288
358.20102	944.88849
358.73331	950.32898
359.26559	954.81586
359.79791	941.69604
360.3302	929.39447
360.86252	931.52612
361.39481	938.42267
361.92709	945.30756
362.45941	943.67902
362.9917	929.81415
363.52399	936.46417
364.0563	947.12329
364.58859	946.66815
365.12088	937.94501
365.6532	925.79602
366.18549	942.19183
366.7178	924.17261
367.25009	938.7124
367.78238	942.89886
368.3147	936.36487
368.84698	942.56421
369.37927	936.41211
369.91159	951.95093
370.44388	942.34613
370.9762	941.27521
371.50848	939.77563
372.04077	940.68335
372.57309	944.19482
373.10538	935.7428
373.63766	921.91907
374.16998	926.25891
374.70227	936.25189
375.23456	938.65076
375.76688	945.60065
376.29916	956.18903
376.83148	952.16296
377.36377	945.24725
377.89606	938.34485
378.42838	940.21552
378.96066	935.92804
379.49295	937.78339
380.02527	943.63208
380.55756	942.64813
381.08987	943.72601
381.62216	934.21423
382.15445	934.82208
382.68677	936.54791
383.21906	939.79163
383.75134	938.18329
384.28366	931.72217
384.81595	934.54413
385.34824	945.78296
385.88055	942.10553
386.41284	954.3877
386.94516	955.78149
387.47745	936.20288
388.00974	921.11462
388.54205	938.83337
389.07434	942.00018
389.60663	929.01978
390.13895	942.86761
390.67123	946.38324
391.20352	941.40582
391.73584	940.95959
392.26813	946.3476
392.80045	939.20203
393.33273	939.19879
393.86502	940.79706
394.39734	944.5238
394.92963	941.40295
395.46191	941.16077
395.99423	949.02502
396.52652	953.14911
397.05884	946.21991
397.59113	936.70856
398.12341	936.62299
398.65573	941.90485
399.18802	941.95715
399.72031	940.42999
400.25262	945.15784
400.78491	944.64832
401.3172	936.84985
401.84952	939.30273
402.38181	936.21637
402.91412	942.47937
403.44641	944.3277
403.9787	934.62817
404.51102	933.6134
405.0433	937.07605
405.57559	948.23944
406.10791	951.56647
406.6402	948.59039
407.17252	941.11292
407.7048	939.29437
408.23709	946.03888
408.76941	937.16241
409.3017	938.02612
409.83398	935.72998
410.3663	940.3598
410.89859	943.09479
411.43088	941.91656
411.9632	943.45197
412.49548	953.08533
413.0278	953.08215
413.56009	959.97638
414.09238	958.1582
414.62469	943.94489
415.15698	939.71924
415.68927	949.73413
416.22159	955.24713
416.75388	940.40149
417.28616	944.7359
417.81848	951.49353
418.35077	949.01276
418.88309	950.29126
419.41537	953.45337
419.94766	957.37793
420.47998	962.97498
421.01227	945.0896
421.54456	948.56506
422.07687	941.51318
422.60916	947.71576
423.14148	958.40692
423.67377	955.7948
424.20605	943.95563
424.73837	954.77948
425.27066	961.72205
425.80295	936.98737
426.33527	942.54211
426.86755	945.85602
427.39984	950.73425
427.93216	961.40826
428.46445	965.02502
428.99677	947.18304
429.52905	950.66101
430.06134	960.43677
430.59366	961.00421
431.12595	955.75616
431.65823	949.59033
432.19055	943.56628
432.72284	939.00568
433.25516	952.0553
433.78745	964.21741
434.31973	956.25714
434.85205	943.70007
435.38434	945.25037
435.91663	955.79895
436.44894	957.07635
436.98123	947.18158
437.51352	975.86365
438.04584	974.41852
438.57813	973.22113
439.11044	973.50714
439.64273	963.57635
440.17502	955.73853
440.70734	964.38147
441.23962	958.22363
441.77191	962.57745
442.30423	977.39093
442.83652	961.33936
443.3688	961.72247
443.90112	967.81348
444.43341	969.51599
444.96573	977.3642
445.49802	958.69763
446.0303	953.47455
446.56262	949.789
447.09491	954.04395
447.6272	959.46375
448.15952	965.37744
448.6918	970.87079
449.22412	972.83655
449.75641	985.841
450.2887	979.73315
450.82101	964.65289
451.3533	969.77271
451.88559	972.4071
452.41791	971.76404
452.9502	974.71466
453.48248	967.95154
454.0148	968.82086
454.54709	973.96057
455.07941	963.22992
455.61169	970.77411
456.14398	965.67108
456.6763	956.30371
457.20859	973.27802
457.74088	994.61627
458.27319	972.79272
458.80548	965.97498
459.3378	974.70007
459.87009	979.96368
460.40237	976.72815
460.93469	976.6925
461.46698	984.38635
461.99927	974.93964
462.53159	976.6828
463.06387	968.58307
463.59616	971.63727
464.12848	977.74744
464.66077	980.33588
465.19308	980.40027
465.72537	979.89844
466.25766	972.79999
466.78998	987.67712
467.32227	989.57013
467.85455	979.50525
468.38687	982.55432
468.91916	980.99432
469.45145	975.92786
469.98376	990.60712
470.51605	1002.762
471.04837	987.02838
471.58066	992.15369
472.11295	983.58679
472.64526	979.83185
473.17755	989.25665
473.70984	996.21185
474.24216	986.94366
474.77444	992.22351
475.30676	983.45972
475.83905	986.70911
476.37134	993.10046
476.90366	1000.6514
477.43594	1001.2991
477.96823	994
478.50055	989.96436
479.03284	1001.6581
479.56512	1018.2742
480.09744	1005.2794
480.62973	1007.0928
481.16205	1011.886
481.69434	1001.2744
482.22662	983.76105
482.75894	983.45856
483.29123	992.38892
483.82352	1003.7614
484.35583	1003.048
484.88812	1002.6563
485.42044	1002.6531
485.95273	1000.0446
486.48502	998.82135
487.01733	1003.83
487.54962	1003.9439
488.08191	994.31134
488.61423	1005.0562
489.14651	1002.7888
489.6788	1007.4492
490.21112	1007.2751
490.74341	1005.46
491.27573	1010.0565
491.80801	989.89551
492.3403	1016.1662
492.87262	1002.6815
493.40491	998.89893
493.93719	1000.9366
494.46951	1009.505
495.0018	1015.909
495.53409	1014.3049
496.06641	1019.8553
496.59869	1012.8285
497.13101	1015.968
497.6633	1013.6855
498.19559	1002.3459
498.72791	1010.9332
499.26019	1019.3509
499.79248	1007.8483
500.3248	1018.2271
500.85709	1015.5891
501.3894	1010.343
501.92169	1008.0631
502.45398	1015.0407
502.9863	1020.0515
503.51859	1013.3054
504.05087	1004.134
504.58319	1007.0418
505.11548	979.16473
505.64777	1016.0673
506.18008	1010.4882
506.71237	1011.4345
507.24469	1009.2829
507.77698	1010.02
508.30927	1023.9906
508.84158	1034.9253
509.37387	997.65619
509.90616	1020.5087
510.43848	1007.262
510.97076	1018.4941
511.50308	1017.088
512.03534	1011.8152
512.56769	1014.1309
513.09998	1020.4571
513.63226	1038.6106
514.16455	1017.5013
514.69684	1020.6654
515.22919	1026.4932
515.76147	1023.703
516.29376	1025.23
516.82605	1034.3793
517.35834	1039.8162
517.89063	1034.3455
518.42297	1033.4625
518.95526	1033.4543
519.48755	1036.4709
520.01984	1029.8298
520.55212	1028.5344
521.08447	1040.1318
521.61676	1041.6094
522.14905	1014.3262
522.68134	1034.8691
523.21362	1021.6627
523.74591	1030.8019
524.27826	1040.8867
524.81055	1034.9178
525.34283	1040.5975
525.87512	1057.0929
526.40741	1053.9816
526.93976	1043.1614
527.47205	1029.9497
528.00433	1056.4203
528.53662	1049.0707
529.06891	1031.0386
529.60126	1039.0082
530.13354	1057.4971
530.66583	1059.134
531.19812	1059.7173
531.73041	1068.2622
532.2627	1061.2109
532.79504	1050.2747
533.32733	1044.0732
533.85962	1047.2361
534.39191	1049.6733
534.92419	1046.4469
535.45654	1046.0397
535.98883	1055.4052
536.52112	1081.8458
537.05341	1077.5156
537.58569	1073.4841
538.11798	1071.1454
538.65033	1063.6157
539.18262	1058.1473
539.7149	1064.0327
540.24719	1071.9463
540.77948	1069.3525
541.31183	1072.0004
541.84412	1068.4438
542.3764	1075.8732
542.90869	1067.8705
543.44098	1050.5276
543.97327	1046.8341
544.50562	1063.4741
545.0379	1079.3909
545.57019	1056.4489
546.10248	1063.6901
546.63477	1070.3466
547.16711	1066.8337
547.6994	1072.5975
548.23169	1080.7861
548.76398	1071.6023
549.29626	1054.5273
549.82855	1068.2949
550.3609	1069.1761
550.89319	1070.8499
551.42548	1082.7466
551.95776	1083.7827
552.49005	1087.3619
553.0224	1094.9398
553.55469	1094.5769
554.08698	1101.0298
554.61926	1080.6769
555.15155	1094.9319
555.6839	1089.7477
556.21619	1110.0546
556.74847	1109.2186
557.28076	1104.694
557.81305	1114.0668
558.34534	1102.433
558.87769	1084.5623
559.40997	1089.8711
559.94226	1101.7804
560.47455	1120.5684
561.00684	1117.0618
561.53918	1120.3267
562.07147	1127.8904
562.60376	1121.1833
563.13605	1119.577
563.66833	1128.1895
564.20062	1128.1863
564.73297	1150.4089
565.26526	1136.4734
565.79755	1133.9611
566.32983	1136.4666
566.86212	1135.193
567.39447	1140.7286
567.92676	1142.5647
568.45905	1113.3225
568.99133	1124.6138
569.52362	1139.2009
570.05591	1137.9226
570.58826	1149.7241
571.12054	1158.3101
571.65283	1148.4547
572.18512	1141.7179
572.71741	1154.7709
573.24976	1140.5841
573.78204	1147.854
574.31433	1161.7897
574.84662	1152.2302
575.37891	1148.2654
575.91119	1150.4973
576.44354	1155.1139
576.97583	1171.3967
577.50812	1168.1729
578.04041	1169.0565
578.57269	1171.6188
579.10504	1142.3217
579.63733	1139.0836
580.16962	1145.5988
580.7019	1166.5648
581.23419	1190.7206
581.76654	1175.2297
582.29883	1181.4384
582.83112	1187.6591
583.3634	1154.9553
583.89569	1171.6775
584.42798	1165.392
584.96033	1169.7748
585.49261	1172.5624
586.0249	1158.7462
586.55719	1176.5881
587.08948	1172.8447
587.62183	1147.9341
588.15411	1179.6884
588.6864	1179.9569
589.21869	1199.7441
589.75098	1197.5273
590.28326	1173.0424
590.81561	1162.2399
591.3479	1163.3807
591.88019	1181.9816
592.41248	1181.0902
592.94476	1176.1039
593.47711	1170.0616
594.0094	1188.2622
594.54169	1185.5155
595.07397	1165.3818
595.60626	1159.1556
596.13855	1157.9874
596.6709	1181.7209
597.20319	1218.2267
597.73547	1179.0977
598.26776	1179.2344
598.80005	1172.7665
599.3324	1175.7911
599.86469	1185.2139
600.39697	1178.8413
600.92926	1162.7223
601.46155	1151.8575
601.99384	1167.8893
602.52618	1178.9143
603.05847	1193.199
603.59076	1176.5626
604.12305	1171.9711
604.65533	1178.599
605.18768	1182.8342
605.71997	1198.1371
606.25226	1175.6899
606.78455	1186.3822
607.31683	1198.7419
607.84918	1191.3763
608.38147	1184.1676
608.91376	1183.4709
609.44604	1184.1041
609.97833	1183.2136
610.51062	1182.5831
611.04297	1175.9498
611.57526	1165.2469
612.10754	1199.4335
612.63983	1195.083
613.17212	1195.1245
613.70447	1190.9874
614.23676	1186.7473
614.76904	1193.0183
615.30133	1201.9724
615.83362	1195.1887
616.36591	1197.8622
616.89825	1161.502
617.43054	1157.6503
617.96283	1209.5862
618.49512	1210.6121
619.0274	1182.7336
619.55975	1173.9468
620.09204	1180.7257
620.62433	1186.4279
621.15662	1165.0209
621.6889	1191.3082
622.22119	1174.8698
622.75354	1189.7195
623.28583	1176.4631
623.81812	1164.7838
624.3504	1166.251
624.88269	1165.0022
625.41504	1165.0807
625.94733	1155.1105
626.47961	1161.3397
627.0119	1160.1245
627.54419	1170.5901
628.07648	1163.4514
628.60883	1156.2184
629.14111	1162.0372
629.6734	1166.7133
630.20569	1160.8647
630.73798	1175.4186
631.27032	1159.4939
631.80261	1138.2028
632.3349	1162.5078
632.86719	1137.1461
633.39948	1127.0005
633.93182	1126.1215
634.46411	1127.4404
634.9964	1142.3655
635.52869	1145.5262
636.06097	1140.4188
636.59326	1120.8007
637.12561	1126.7814
637.6579	1120.2878
638.19019	1119.2113
638.72247	1120.9833
639.25476	1125.5945
639.78711	1122.7974
640.3194	1122.01
640.85168	1114.8312
641.38397	1112.1027
641.91626	1106.6732
642.44855	1114.2267
642.9809	1114.8965
643.51318	1104.2667
644.04547	1099.4269
644.57776	1098.5212
645.11005	1101.5255
645.6424	1114.5751
646.17468	1117.0798
646.70697	1104.3226
647.23926	1090.981
647.77155	1094.548
648.30383	1098.3073
648.83618	1099.2224
649.36847	1096.319
649.90076	1095.2356
650.43304	1101.4033
650.96533	1089.1725
651.49768	1083.6722
652.02997	1083.22
652.56226	1095.0907
653.09454	1083.4004
653.62683	1085.6257
654.15912	1093.4872
654.69147	1082.304
655.22375	1081.3949
655.75604	1089.137
656.28833	1084.3762
656.82062	1069.325
657.35297	1080.7559
657.88525	1079.0328
658.41754	1085.2303
658.94983	1089.1536
659.48212	1068.5518
660.01447	1071.3788
660.54675	1073.0607
661.07904	1070.4596
661.61133	1060.8829
662.14362	1053.8737
662.6759	1060.2853
663.20825	1066.1003
663.74054	1052.557
664.27283	1062.3546
664.80511	1063.0302
665.3374	1059.6455
665.86975	1060.5591
666.40204	1063.2568
666.93433	1053.0867
667.46661	1054.1873
667.9989	1063.6155
668.53119	1048.1783
669.06354	1053.0275
669.59583	1045.2952
670.12811	1048.7062
670.6604	1048.2233
671.19269	1043.7068
671.72504	1041.3323
672.25732	1039.2144
672.78961	1044.6887
673.3219	1046.9183
673.85419	1037.2152
674.38647	1036.1825
674.91882	1049.6395
675.45111	1050.4047
675.9834	1038.4116
676.51569	1022.3665
677.04797	1014.092
677.58032	1031.0883
678.11261	1049.3473
678.6449	1044.9924
679.17719	1031.218
679.70947	1030.6222
680.24176	1018.3172
680.77411	1004.4949
681.3064	1019.5797
681.83868	1043.4509
682.37097	1015.4902
682.90326	1040.1403
683.43561	1008.1058
683.9679	1024.1049
684.50018	1039.705
685.03247	1048.6381
685.56476	1036.391
686.09711	1023.9557
686.62939	1022.2991
687.16168	1003.7601
687.69397	1010.8854
688.22626	1031.4286
688.75854	1021.8937
689.29089	1005.2559
689.82318	1015.306
690.35547	1026.9225
690.88776	1025.708
691.42004	1026.5431
691.95239	1039.2655
692.48468	1034.6598
693.01697	1018.6486
693.54926	1027.6023
694.08154	1038.208
694.61383	1034.7545
695.14618	1019.4026
695.67847	1011.8849
696.21075	1013.4029
696.74304	1013.4727
697.27533	1025.5236
697.80768	1001.4737
698.33997	1023.8546
698.87225	1006.8893
699.40454	1010.4174
699.93683	1014.0624
700.46912	1021.0974
701.00146	1029.0031
701.53375	1021.232
702.06604	1005.3938
702.59833	1026.1503
703.13062	1009.2299
703.66296	1008.7501
704.19525	1002.5165
704.72754	1014.6449
705.25983	1021.0292
705.79211	1016.5026
706.3244	1009.483
706.85675	1000.7567
707.38904	1011.2704
707.92133	1000.594
708.45361	1005.4952
708.9859	998.74164
709.51825	1001.6186
710.05054	1008.26
710.58282	1018.0964
711.11511	1021.4665
711.6474	1011.5534
712.17975	1009.0858
712.71204	991.92365
713.24432	1005.3704
713.77661	998.63965
714.3089	1005.891
714.84119	1005.6235
715.37354	1001.3701
715.90582	1002.2075
716.43811	1011.847
716.9704	1021.3339
717.50269	996.16339
718.03503	1010.511
718.56732	994.72083
719.09961	995.16406
719.6319	1000.0918
720.16418	995.65961
720.69647	999.99066
721.22882	1010.9525
721.76111	1002.0289
722.2934	984.60876
722.82568	1006.406
723.35797	1005.5532
723.89032	1001.4349
724.42261	1002.6938
724.9549	989.61987
725.48718	996.75354
726.01947	1007.4801
726.55176	998.539
727.08411	994.04175
727.61639	989.10309
728.14868	1012.4612
728.68097	988.24445
729.21326	976.38702
729.74561	983.4079
730.27789	995.99231
730.81018	998.33063
731.34247	986.47632
731.87476	971.84076
732.40704	973.99377
732.93939	1004.3832
733.47168	990.06915
734.00397	974.90491
734.53625	974.58453
735.06854	983.0976
735.60089	990.12689
736.13318	985.51404
736.66547	976.85059
737.19775	979.63293
737.73004	986.72949
738.26239	987.61743
738.79468	986.76147
739.32697	980.9884
739.85925	984.07227
740.39154	985.81042
740.92383	980.20691
741.45618	979.8288
741.98846	986.93579
742.52075	988.22198
743.05304	992.1748
743.58533	984.9845
744.11768	967.06116
744.64996	985.15344
745.18225	984.59662
745.71454	993.57501
746.24683	995.81812
746.77911	986.76495
747.31146	986.91479
747.84375	998.29114
748.37604	988.08813
748.90833	974.64911
749.44061	982.50757
749.97296	991.42474
750.50525	979.21802
751.03754	983.15802
751.56982	981.51331
752.10211	980.51294
752.6344	986.6239
753.16675	969.59467
753.69904	987.25201
754.23132	991.79895
754.76361	995.45728
755.2959	982.74036
755.82825	974.95337
756.36053	973.64197
756.89282	974.10608
757.42511	978.29846
757.9574	979.34961
758.48969	969.73889
759.02203	995.04163
759.55432	992.38422
760.08661	991.48035
760.6189	985.17511
761.15118	998.36127
761.68353	997.96686
762.21582	989.65588
762.74811	989.2171
763.2804	991.08765
763.81268	983.56879
764.34503	977.64618
764.87732	965.96356
765.40961	965.77484
765.94189	971.29645
766.47418	975.5965
767.00647	975.1438
767.53882	978.31525
768.07111	977.17682
768.60339	970.91449
769.13568	977.49933
769.66797	974.74866
770.20032	971.18073
770.7326	974.7663
771.26489	968.86914
771.79718	966.57959
772.32947	986.04376
772.86176	993.86359
773.3941	989.20508
773.92639	992.2627
774.45868	993.60724
774.99097	980.92432
775.52325	967.66748
776.0556	976.72052
776.58789	976.02496
777.12018	973.54797
777.65247	982.00714
778.18475	983.09601
778.71704	972.90466
779.24939	973.65796
779.78168	989.61694
780.31396	981.55365
780.84625	978.81793
781.37854	974.35126
781.91089	988.33258
782.44318	985.18402
782.97546	988.95172
783.50775	984.52661
784.04004	975.9845
784.57233	981.40564
785.10468	993.23645
785.63696	984.52374
786.16925	985.02747
786.70154	979.64575
787.23383	966.42542
787.76617	969.94397
788.29846	979.01941
788.83075	969.82721
789.36304	966.48096
789.89532	979.30865
790.42767	986.8197
790.95996	979.19196
791.49225	977.42761
792.02454	982.84412
792.55682	979.2749
793.08911	974.07471
793.62146	971.5564
794.15375	974.13971
794.68604	984.49335
795.21832	979.18677
795.75061	962.82745
796.28296	970.64142
796.81525	989.37482
797.34753	977.94373
797.87982	971.65002
798.41211	955.91382
798.9444	971.73468
799.47675	977.44995
800.00903	970.03003
800.54132	978.40228
801.07361	982.10205
801.6059	965.91943
802.13824	973.39728
802.67053	980.10907
803.20282	974.81689
803.73511	991.15833
804.2674	970.00049
804.79968	974.96021
805.33203	965.75244
805.86432	961.14508
806.39661	974.06927
806.92889	981.53271
807.46118	973.07483
807.99353	979.11877
808.52582	978.35724
809.05811	966.59766
809.59039	970.62286
810.12268	979.8869
810.65497	968.56555
811.18732	967.12384
811.7196	963.40375
812.25189	967.84546
812.78418	979.48279
813.31647	972.92969
813.84882	984.6604
814.3811	957.79364
814.91339	962.36829
815.44568	979.66022
815.97797	976.70996
816.51031	981.39935
817.0426	981.41443
817.57489	978.87103
818.10718	980.44739
818.63947	976.56201
819.17175	961.59027
819.7041	965.84949
820.23639	980.98499
820.76868	974.67676
821.30096	960.09009
821.83325	968.25323
822.3656	967.09308
822.89789	968.14984
823.43018	977.30878
823.96246	981.42572
824.49475	971.44922
825.02704	962.12933
825.55939	977.29053
826.09167	965.54651
826.62396	978.29492
827.15625	975.53644
827.68854	968.13538
828.22089	967.6109
828.75317	965.48956
829.28546	966.39929
829.81775	973.71075
830.35004	979.95038
830.88232	981.85144
831.41467	975.21381
831.94696	957.09399
832.47925	986.9176
833.01154	988.45575
833.54382	975.10254
834.07617	972.0639
834.60846	976.45972
835.14075	977.44537
835.67303	975.65253
836.20532	980.6579
836.73761	990.04639
837.26996	981.29968
837.80225	1000.4585
838.33453	989.59521
838.86682	975.43475
839.39911	982.78308
839.93146	978.96313
840.46375	972.47089
840.99603	979.89465
841.52832	986.69269
842.06061	975.88239
842.59296	969.23541
843.12524	984.7757
843.65753	992.63452
844.18982	968.98993
844.72211	962.84509
845.25439	970.21063
845.78674	983.54364
846.31903	986.30957
846.85132	986.54095
847.38361	988.05481
847.91589	982.9859
848.44824	974.87909
848.98053	970.97571
849.51282	954.20947
850.0451	979.77844
850.57739	975.49121
851.10968	959.97308
851.64203	962.29846
852.17432	965.58789
852.7066	967.62274
853.23889	976.23517
853.77118	983.77997
854.30353	980.22345
854.83582	983.40686
855.3681	991.67206
855.90039	973.50677
856.43268	975.56488
856.96497	974.37756
857.49731	977.53326
858.0296	977.19397
858.56189	976.08942
859.09418	977.45966
859.62646	974.90863
860.15881	966.94684
860.6911	968.06244
861.22339	975.36609
861.75568	966.44757
862.28796	982.92035
862.82025	993.57166
863.3526	975.3653
863.88489	978.36884
864.41718	992.67529
864.94946	988.47247
865.48175	972.66742
866.0141	972.24829
866.54639	983.37964
867.07867	979.43835
867.61096	984.14587
868.14325	990.59363
868.6756	973.32306
869.20789	986.75397
869.74017	992.37695
870.27246	988.67969
870.80475	981.26215
871.33704	974.8642
871.86938	973.93457
872.40167	982.40271
872.93396	991.49756
873.46625	973.41638
873.99854	992.45074
874.53088	1000.7175
875.06317	1005.6158
875.59546	1001.1036
876.12775	988.00122
876.66003	991.92963
877.19232	991.49817
877.72467	983.33698
878.25696	986.30267
878.78925	996.67029
879.32153	1000.2118
879.85382	999.54462
880.38617	962.09369
880.91846	984.57678
881.45074	975.35052
881.98303	1000.9969
882.51532	993.29425
883.04761	990.28253
883.57996	991.66046
884.11224	990.49823
884.64453	996.03644
885.17682	993.91797
885.70911	975.15002
886.24146	986.51703
886.77374	990.2262
887.30603	1009.1534
887.83832	987.82849
888.37061	980.24609
888.90289	985.2616
889.43524	989.63312
889.96753	988.17554
890.49982	982.06763
891.0321	984.06628
891.56439	994.79559
892.09674	978.41943
892.62903	1000.2877
893.16132	993.00464
893.6936	996.41882
894.22589	998.5072
894.75824	995.30182
895.29053	1006.8463
895.82281	997.76617
896.3551	981.71625
896.88739	992.68781
897.41968	1012.3419
897.95203	1003.8926
898.48431	994.46466
899.0166	985.52673
899.54889	1003.929
900.08118	992.65918
900.61353	990.57556
901.14581	988.23218
901.6781	996.6026
902.21039	1012.9235
902.74268	1009.3643
903.27496	992.95367
903.80731	991.85071
904.3396	1000.6841
904.87189	999.28033
905.40417	991.22485
905.93646	984.83575
906.46881	997.6615
907.0011	1006.3973
907.53339	1001.9133
908.06567	1002.6575
908.59796	1008.7266
909.13025	1010.5376
909.6626	999.29138
910.19489	990.29181
910.72717	997.12616
911.25946	993.30713
911.79175	990.1972
912.3241	998.55817
912.85638	1009.6324
913.38867	1012.9726
913.92096	997.86023
914.45325	1030.4907
914.98553	1031.6899
915.51788	1020.4117
916.05017	1016.318
916.58246	1014.3989
917.11475	1006.4925
917.64703	993.81934
918.17938	1025.136
918.71167	1014.6439
919.24396	1011.9259
919.77625	1036.0907
920.30853	1030.7756
920.84088	1019.4079
921.37317	1019.3036
921.90546	1022.2166
922.43774	1021.1135
922.97003	1019.9855
923.50232	1027.9812
924.03467	1031.3507
924.56696	1006.5206
925.09924	1021.2131
925.63153	1020.399
926.16382	1022.282
926.69617	1006.8777
927.22845	1017.8354
927.76074	1039.1797
928.29303	1043.4296
928.82532	1028.4558
929.3576	1029.8639
929.88995	1033.1102
930.42224	1020.1738
930.95453	1027.5399
931.48682	1025.4174
932.0191	1018.7175
932.55145	1028.8927
933.08374	1031.703
933.61603	1037.0344
934.14832	1044.1437
934.6806	1026.8373
935.21289	1022.9741
935.74524	1023.496
936.27753	1020.7385
936.80981	1015.7346
937.3421	1010.6527
937.87439	1020.9434
938.40674	1038.9221
938.93903	1047.6323
939.47131	1036.589
940.0036	1021.0192
940.53589	1030.3602
941.06818	1036.3466
941.60052	1038.2889
942.13281	1019.993
942.6651	1027.1221
943.19739	1040.7006
943.72968	1040.5947
944.26202	1043.8298
944.79431	1029.6884
945.3266	1023.1622
945.85889	1030.8158
946.39117	1029.0085
946.92352	1036.3181
947.45581	1047.0962
947.9881	1049.87
948.52039	1051.5186
949.05267	1038.8612
949.58496	1028.6469
950.11731	1028.188
950.6496	1035.0013
951.18188	1042.8506
951.71417	1037.8169
952.24646	1034.697
952.77881	1047.0374
953.3111	1041.5288
953.84338	1034.1846
954.37567	1039.551
954.90796	1043.7488
955.44025	1045.3938
955.9726	1033.2981
956.50488	1033.4429
957.03717	1052.1125
957.56946	1056.3278
958.10175	1044.8
958.63409	1053.9137
959.16638	1061.2617
959.69867	1051.5553
960.23096	1038.2896
960.76324	1046.6627
961.29553	1049.7726
961.82788	1074.9175
962.36017	1048.6918
962.89246	1042.7744
963.42474	1039.42
963.95703	1037.8744
964.48938	1044.8263
965.02167	1049.8024
965.55396	1047.973
966.08624	1040.9143
966.61853	1043.9972
967.15082	1078.2666
967.68317	1057.0011
968.21545	1052.1423
968.74774	1047.5516
969.28003	1049.0769
969.81232	1055.3544
970.34467	1053.5421
970.87695	1041.1071
971.40924	1043.79
971.94153	1054.4
972.47382	1053.9835
973.00616	1058.3276
973.53845	1061.0836
974.07074	1067.7274
974.60303	1047.3983
975.13531	1053.0027
975.6676	1055.0591
976.19995	1067.5413
976.73224	1064.4358
977.26453	1047.6948
977.79681	1067.2826
978.3291	1089.1595
978.86145	1075.8423
979.39374	1057.092
979.92603	1061.7625
980.45831	1065.7258
980.9906	1063.8333
981.52289	1068.407
982.05524	1054.9567
982.58752	1064.314
983.11981	1065.7468
983.6521	1081.1984
984.18439	1060.7804
984.71674	1068.5096
985.24902	1081.7465
985.78131	1064.9242
986.3136	1061.2498
986.84589	1074.9166
987.37817	1071.3981
987.91052	1077.8684
988.44281	1060.288
988.9751	1060.2391
989.50739	1058.9521
990.03967	1038.5653
990.57202	1061.2091
991.10431	1061.2616
991.6366	1067.1763
992.16888	1060.9194
992.70117	1056.6223
993.23346	1060.8547
993.76581	1075.1617
994.2981	1077.3329
994.83038	1071.174
995.36267	1086.2751
995.89496	1065.3027
996.42731	1076.7028
996.95959	1074.3579
997.49188	1058.6039
998.02417	1058.9342
998.55646	1073.957
999.08881	1077.1239
999.62109	1079.2234
1000.1534	1069.7456
1000.6857	1072.0044
1001.218	1074.0266
1001.7502	1074.4558
1002.2826	1081.3473
1002.8149	1079.0289
1003.3472	1082.4509
1003.8795	1078.3688
1004.4117	1078.0337
1004.9441	1085.5455
1005.4764	1087.476
1006.0087	1091.9435
1006.541	1098.2291
1007.0732	1104.0686
1007.6055	1094.7466
1008.1379	1091.1639
1008.6702	1088.7614
1009.2025	1073.3553
1009.7347	1077.4156
1010.267	1103.3572
1010.7994	1090.402
1011.3317	1080.3715
1011.864	1074.7622
1012.3962	1096.8429
1012.9285	1088.4747
1013.4608	1097.2677
1013.9932	1098.2943
1014.5255	1101.4014
1015.0577	1112.851
1015.59	1106.6803
1016.1223	1101.0256
1016.6547	1099.0267
1017.187	1103.8232
1017.7192	1102.7388
1018.2515	1089.2142
1018.7838	1105.8641
1019.3161	1116.0717
1019.8484	1113.2285
1020.3807	1117.9534
1020.913	1123.5844
1021.4453	1115.8435
1021.9776	1121.5208
1022.5099	1132.8376
1023.0422	1109.0063
1023.5745	1117.0966
1024.1068	1123.4901
1024.6392	1108.7628
1025.1714	1100.3101
1025.7037	1099.9657
1026.236	1093.369
1026.7683	1098.6104
1027.3007	1117.9388
1027.8329	1090.7657
1028.3652	1095.9594
1028.8975	1140.7539
1029.4298	1111.9005
1029.9622	1127.7831
1030.4944	1120.0477
1031.0267	1123.6791
1031.559	1124.7583
1032.0913	1131.7416
1032.6237	1132.1737
1033.1559	1125.9149
1033.6882	1128.248
1034.2205	1131.6857
1034.7528	1128.4099
1035.2852	1132.4159
1035.8174	1127.7875
1036.3497	1110.8352
1036.882	1107.13
1037.4143	1123.7539
1037.9465	1151.8347
1038.4789	1126.85
1039.0112	1127.2883
1039.5435	1126.9656
1040.0758	1117.5214
1040.608	1119.3669
1041.1404	1130.6443
1041.6727	1138.1078
1042.205	1141.5439
1042.7373	1147.5018
1043.2695	1155.6248
1043.8019	1153.0736
1044.3342	1173.78
1044.8665	1135.2238
1045.3988	1152.0729
1045.931	1124.9204
1046.4634	1151.1387
1046.9957	1167.6898
1047.528	1155.338
1048.0603	1140.5647
1048.5925	1141.8558
1049.1249	1153.3372
1049.6571	1151.4247
1050.1895	1139.9534
1050.7218	1146.1589
1051.254	1168.4205
1051.7864	1183.4186
1052.3186	1174.1559
1052.851	1161.0193
1053.3833	1157.5459
1053.9155	1165.0641
1054.4479	1163.6853
1054.9801	1159.3561
1055.5125	1168.563
1056.0448	1180.0977
1056.577	1184.2825
1057.1094	1171.8792
1057.6416	1174.1752
1058.174	1193.9532
1058.7063	1193.2498
1059.2385	1176.8552
1059.7709	1178.0719
1060.3031	1178.678
1060.8354	1187.4672
1061.3678	1178.1173
1061.9	1169.7487
1062.4324	1192.3307
1062.9646	1195.8507
1063.4969	1192.8108
1064.0292	1192.2231
1064.5615	1210.3052
1065.0939	1229.8693
1065.6261	1204.5081
1066.1584	1194.1973
1066.6907	1205.8323
1067.223	1203.8571
1067.7554	1214.6993
1068.2876	1237.8801
1068.8199	1226.4177
1069.3522	1246.3649
1069.8845	1235.7981
1070.4169	1235.293
1070.9491	1210.895
1071.4814	1227.6427
1072.0137	1270.871
1072.546	1241.8203
1073.0784	1202.1831
1073.6106	1213.5627
1074.1429	1219.8335
1074.6752	1234.7963
1075.2075	1239.8538
1075.7397	1238.6416
1076.2721	1239.601
1076.8044	1237.6768
1077.3367	1253.9111
1077.869	1254.254
1078.4012	1228.8199
1078.9336	1259.7238
1079.4659	1237.827
1079.9982	1267.9808
1080.5305	1252.7856
1081.0627	1263.6917
1081.5951	1268.0255
1082.1274	1264.9
1082.6597	1265.7563
1083.192	1275.5658
1083.7242	1292.2217
1084.2566	1263.2893
1084.7889	1248.8021
1085.3212	1277.4673
1085.8535	1292.4152
1086.3857	1302.8235
1086.9181	1285.1797
1087.4504	1297.7367
1087.9827	1309.5945
1088.515	1337.4333
1089.0472	1324.2899
1089.5796	1346.6626
1090.1118	1341.2589
1090.6442	1343.5873
1091.1765	1336.7478
1091.7087	1354.1554
1092.2411	1379.3134
1092.7733	1364.2388
1093.3057	1350.1895
1093.838	1357.3209
1094.3702	1381.4159
1094.9026	1390.6376
1095.4348	1373.8883
1095.9672	1408.2209
1096.4995	1423.3093
1097.0317	1426.4475
1097.5641	1408.3499
1098.0963	1450.8604
1098.6287	1488.6154
1099.161	1439.0377
1099.6932	1449.3694
1100.2256	1456.8385
1100.7578	1467.0049
1101.2902	1461.2374
1101.8224	1479.1946
1102.3547	1506.5276
1102.8871	1536.406
1103.4193	1548.3064
1103.9517	1555.9602
1104.4839	1574.9569
1105.0162	1580.7137
1105.5486	1618.9143
1106.0808	1663.7249
1106.6132	1665.0271
1107.1454	1613.8362
1107.6777	1703.1785
1108.2101	1678.6855
1108.7423	1771.0156
1109.2747	1767.1281
1109.8069	1752.8558
1110.3392	1782.4772
1110.8716	1822.1089
1111.4038	1875.4719
1111.9362	1929.0055
1112.4684	1964.6414
1113.0007	1970.4918
1113.5331	1992.0839
1114.0653	2036.0292
1114.5977	2067.8687
1115.1299	2127.4795
1115.6622	2131.46
1116.1945	2161.0688
1116.7268	2193.8972
1117.2592	2240.5518
1117.7914	2244.3721
1118.3237	2241.707
1118.856	2337.7532
1119.3883	2367.1526
1119.9207	2435.124
1120.4529	2391.1133
1120.9852	2456.3342
1121.5175	2518.5417
1122.0498	2526.0151
1122.5822	2544.3208
1123.1144	2611.8218
1123.6467	2661.6277
1124.179	2667.7515
1124.7113	2706.0068
1125.2437	2715.052
1125.7759	2739.5803
1126.3082	2778.4868
1126.8405	2701.4194
1127.3728	2777.4221
1127.905	2820.9658
1128.4374	2842.5562
1128.9697	2898.1262
1129.502	2894.1108
1130.0343	2901.3318
1130.5665	2876.6729
1131.0989	2876.0393
1131.6312	2903.4133
1132.1635	2921.4614
1132.6958	2955.3303
1133.228	2968.4932
1133.7604	2973.6687
1134.2927	3020.0527
1134.825	3020.7703
1135.3573	2979.7402
1135.8895	2963.1309
1136.4219	3017.2056
1136.9542	2998.4614
1137.4865	3091.874
1138.0188	3089.064
1138.551	3050.5305
1139.0834	3115.5334
1139.6157	3089.8318
1140.1479	3055.7322
1140.6803	3137.1282
1141.2125	3117.8799
1141.7449	3072.1494
1142.2771	3113.0098
1142.8094	3147.1372
1143.3418	3128.9622
1143.874	3126.0176
1144.4064	3136.8132
1144.9386	3147.3843
1145.4709	3187.8997
1146.0033	3172.4409
1146.5355	3136.6833
1147.0679	3220.5813
1147.6001	3234.519
1148.1324	3252.9126
1148.6648	3227.365
1149.197	3204.5183
1149.7294	3203.8372
1150.2616	3206.4937
1150.7939	3170.1826
1151.3263	3102.6853
1151.8585	3151.5703
1152.3909	3177.4285
1152.9231	3133.6682
1153.4554	3144.0874
1153.9877	3123.7061
1154.52	3105.4424
1155.0524	3106.1604
1155.5846	3035.0996
1156.1169	3021.3545
1156.6492	2979.6599
1157.1815	2963.2261
1157.7139	2956.5581
1158.2461	2960.9175
1158.7784	2933.4365
1159.3107	2819.3813
1159.843	2866.7317
1160.3754	2801.6021
1160.9076	2825.9373
1161.4399	2874.9314
1161.9722	2794.8628
1162.5045	2803.9829
1163.0369	2790.6462
1163.5691	2792.9382
1164.1014	2737.4482
1164.6337	2720.6338
1165.166	2779.6443
1165.6984	2790.6011
1166.2306	2778.6223
1166.7629	2835.7156
1167.2952	2872.9138
1167.8275	2822.3508
1168.3597	2822.9976
1168.8921	2841.8103
1169.4244	2929.2634
1169.9567	2884.5007
1170.489	2840.5891
1171.0212	2940.0044
1171.5536	2873.054
1172.0859	2933.804
1172.6182	2972.8032
1173.1505	2949.3545
1173.6827	2975.0024
1174.2151	3027.2041
1174.7474	3005.0212
1175.2797	3008.4675
1175.812	3077.0381
1176.3442	3085.0505
1176.8766	3094.9902
1177.4089	3145.9016
1177.9412	3159.8018
1178.4735	3184.3428
1179.0057	3204.1348
1179.5381	3190.1765
1180.0703	3265.2915
1180.6027	3259.2578
1181.135	3249.9993
1181.6672	3323.0278
1182.1996	3404.6436
1182.7318	3377.1204
1183.2642	3416.6133
1183.7965	3447.2947
1184.3287	3457.2666
1184.8611	3467.325
1185.3933	3475.5952
1185.9257	3509.5791
1186.458	3576.8499
1186.9902	3588.2715
1187.5226	3580.7549
1188.0548	3614.0171
1188.5872	3635.6777
1189.1195	3666.0742
1189.6517	3647.4006
1190.1841	3714.0728
1190.7163	3808.8284
1191.2487	3765.4873
1191.781	3770.843
1192.3132	3774.9631
1192.8456	3855.5603
1193.3778	3857.4548
1193.9102	3816.7422
1194.4424	3829.6768
1194.9747	3868.3757
1195.5071	3882.2856
1196.0393	3887.2451
1196.5717	3935.3542
1197.1039	3942.6392
1197.6362	3954.1619
1198.1686	3891.3259
1198.7008	3903.78
1199.2332	3897.6023
1199.7654	3984.5854
1200.2977	3988.4082
1200.8301	3991.1873
1201.3623	4113.4438
1201.8947	4068.6855
1202.4269	4037.0369
1202.9592	4011.7334
1203.4916	4034.9868
1204.0238	4066.3821
1204.5562	4069.582
1205.0884	4084.8457
1205.6207	4071.1033
1206.153	4014.7722
1206.6853	4090.1868
1207.2177	4156.5181
1207.7499	4079.7742
1208.2822	4054.5857
1208.8145	4133.1396
1209.3468	4045.791
1209.8792	4100.8901
1210.4114	4083.321
1210.9437	4094.397
1211.476	4097.5991
1212.0083	4108.6353
1212.5406	4232.9238
1213.0729	4226.479
1213.6052	4183.0635
1214.1375	4202.9976
1214.6698	4270.707
1215.2021	4260.2212
1215.7344	4229.6138
1216.2667	4287.7217
1216.799	4344.9346
1217.3313	4416.1792
1217.8636	4376.6821
1218.3959	4389.1885
1218.9282	4442.0581
1219.4604	4429.7651
1219.9928	4376.458
1220.525	4578.0781
1221.0574	4576.4102
1221.5897	4595.9458
1222.1219	4718.3955
1222.6543	4753.2397
1223.1865	4838.2744
1223.7189	4833.6182
1224.2512	4842.834
1224.7834	4966.0264
1225.3158	5073.2603
1225.848	5052.3491
1226.3804	5023.9907
1226.9127	5136.46
1227.4449	5261.1348
1227.9773	5260.8555
1228.5095	5349.0347
1229.0419	5421.2939
1229.5742	5437.0889
1230.1064	5441.2056
1230.6388	5572.6851
1231.171	5647.9238
1231.7034	5504.8638
1232.2356	5622.9292
1232.7679	5747.2949
1233.3003	5780.9351
1233.8325	5733.6543
1234.3649	5824.3218
1234.8971	5859.6641
1235.4294	5877.3506
1235.9618	5907.3569
1236.494	5892.7021
1237.0264	5892.9058
1237.5586	5905.1299
1238.0909	5925.0894
1238.6233	5986.5737
1239.1555	5934.2246
1239.6879	6004.521
1240.2201	6057.2476
1240.7524	6067.7886
1241.2848	6006.5181
1241.817	6033.0972
1242.3494	6149.4194
1242.8816	6141.8408
1243.4139	6282.2979
1243.9463	6129.1875
1244.4785	6173.2446
1245.0109	6250.3965
1245.5431	6326.0815
1246.0754	6356.3291
1246.6077	6387.3022
1247.14	6439.3184
1247.6724	6615.2676
1248.2046	6715.4907
1248.7369	6689.5811
1249.2692	6760.4277
1249.8015	6805.8394
1250.3339	6811.9312
1250.8661	6918.7153
1251.3984	6995.7197
1251.9307	7037.8281
1252.463	7216.5596
1252.9954	7257.0527
1253.5276	7305.022
1254.0599	7512.1177
1254.5922	7574.5757
1255.1245	7755.9497
1255.6569	7900.4932
1256.1891	7807.8672
1256.7214	7877.0879
1257.2537	7982.9023
1257.786	8068.4771
1258.3182	8044.9595
1258.8506	8107.4512
1259.3829	8238.498
1259.9152	8314.0752
1260.4475	8322.6836
1260.9797	8364.3682
1261.5121	8492.9053
1262.0444	8533.3213
1262.5767	8618.9863
1263.109	8635.6152
1263.6412	8596.4854
1264.1736	8884.9775
1264.7059	8777.3076
1265.2382	8727.6133
1265.7705	8683.7031
1266.3027	8725.5898
1266.8351	8745.6035
1267.3674	8773.0801
1267.8997	8874.9053
1268.432	8961.8359
1268.9642	8869.002
1269.4966	8846.7148
1270.0289	8912.6406
1270.5612	8896.3975
1271.0935	8808.4248
1271.6257	8709.8447
1272.1581	8619.7012
1272.6903	8587.3398
1273.2227	8564.375
1273.755	8416.7549
1274.2872	8269.3252
1274.8196	8345.0332
1275.3518	8383.8311
1275.8842	8225.1279
1276.4165	8240.2295
1276.9487	7998.2393
1277.4811	8052.4741
1278.0133	7815.2749
1278.5457	7595.0801
1279.078	7598.894
1279.6102	7546.3359
1280.1426	7345.0254
1280.6748	7302.769
1281.2072	7178.3081
1281.7395	7117.1777
1282.2717	6944.3647
1282.8041	6852.2617
1283.3363	6792.9844
1283.8687	6674.3394
1284.4009	6608.5137
1284.9332	6533.0063
1285.4656	6436.3193
1285.9978	6391.8223
1286.5302	6278.1045
1287.0624	6170.5015
1287.5947	6103.1763
1288.1271	6087.4297
1288.6593	5977.1333
1289.1917	5908.5234
1289.7239	5790.542
1290.2562	5709.7759
1290.7886	5691.5415
1291.3208	5619.7944
1291.8531	5629.4155
1292.3854	5573.6733
1292.9177	5599.9282
1293.4501	5513.5386
1293.9823	5492.0332
1294.5146	5374.5679
1295.0469	5362.3193
1295.5792	5401.1729
1296.1116	5381.7046
1296.6438	5414.0303
1297.1761	5434.7485
1297.7084	5382.9707
1298.2407	5366.6348
1298.7729	5408.2764
1299.3053	5426.7212
1299.8376	5425.4966
1300.3699	5432.9429
1300.9022	5398.1592
1301.4344	5512.9033
1301.9668	5474.3647
1302.4991	5491.9761
1303.0314	5544.4443
1303.5637	5542.2256
1304.0959	5499.2832
1304.6283	5651.8379
1305.1606	5637.936
1305.6929	5657.2666
1306.2252	5759.0342
1306.7574	5626.6411
1307.2898	5582.0747
1307.8221	5704.1689
1308.3544	5757.7197
1308.8867	5748.5581
1309.4189	5751.98
1309.9513	5777.4248
1310.4835	5783.8301
1311.0159	5740.4067
1311.5482	5682.6431
1312.0804	5705.1226
1312.6128	5749.0381
1313.145	5731.4175
1313.6774	5727.5283
1314.2097	5742.3984
1314.7419	5828.6807
1315.2743	5772.292
1315.8065	5802.6963
1316.3389	5705.7974
1316.8712	5585.1934
1317.4034	5608.5903
1317.9358	5602.8682
1318.468	5407.8872
1319.0004	5446.8843
1319.5327	5409.0059
1320.0649	5286.8105
1320.5973	5233.5679
1321.1295	5296.709
1321.6619	5176.7285
1322.1942	5049.8662
1322.7264	5093.4888
1323.2588	5104.9082
1323.791	4998.708
1324.3234	4899.5117
1324.8556	4823.6138
1325.3879	4727.7959
1325.9203	4703.5762
1326.4525	4779.7544
1326.9849	4774.7246
1327.5171	4691.8975
1328.0494	4655.8467
1328.5818	4586.2275
1329.114	4551.2407
1329.6464	4481.3613
1330.1786	4484.9116
1330.7109	4486.5464
1331.2433	4579.8032
1331.7755	4477.0835
1332.3079	4543.0283
1332.8401	4438.4268
1333.3724	4368.9131
1333.9048	4503.6533
1334.437	4588.7402
1334.9694	4640.5229
1335.5016	4601.0547
1336.0339	4556.6479
1336.5662	4577.4448
1337.0985	4624.355
1337.6309	4659.4609
1338.1631	4648.7607
1338.6954	4710.354
1339.2277	4692.957
1339.76	4667.2734
1340.2924	4747.356
1340.8246	4781.6411
1341.3569	4781.8354
1341.8892	4787.627
1342.4215	4827.4331
1342.9539	4928.6768
1343.4861	4950.2319
1344.0184	4971.3921
1344.5507	5042.6362
1345.083	5068.873
1345.6154	5088.8696
1346.1476	5137.5186
1346.6799	5113.7197
1347.2122	5178.6089
1347.7445	5217.1274
1348.2769	5201.3169
1348.8091	5365.0352
1349.3414	5299.2695
1349.8737	5406.7358
1350.406	5529.1104
1350.9382	5537.1377
1351.4706	5495.521
1352.0029	5453.269
1352.5352	5515.8926
1353.0675	5657.1162
1353.5997	5721.5293
1354.1321	5725.6279
1354.6644	5714.5532
1355.1967	5690.4487
1355.729	5740.4355
1356.2612	5759.7554
1356.7936	5800.4097
1357.3259	5770.6851
1357.8582	5783.0898
1358.3905	5904.6748
1358.9227	5935.3003
1359.4551	5889.1226
1359.9874	5921.3267
1360.5197	6005.71
1361.052	5876.7705
1361.5842	5890.7979
1362.1166	6085.1743
1362.6488	6056.0854
1363.1812	5893.9727
1363.7135	5881.5601
1364.2457	5874.5703
1364.7781	5967.8096
1365.3103	5961.3101
1365.8427	5898.0483
1366.375	5894.1948
1366.9072	5848.6943
1367.4396	5898.8813
1367.9718	5891.4189
1368.5042	5835.0728
1369.0365	5954.458
1369.5687	5845.4014
1370.1011	5754.0259
1370.6333	5827.9858
1371.1656	5816.3926
1371.698	5791.7905
1372.2302	5698.1519
1372.7626	5742.2607
1373.2948	5761.8501
1373.8271	5688.8398
1374.3595	5643.1123
1374.8917	5692.8149
1375.4241	5700.4517
1375.9563	5640.1377
1376.4886	5622.9243
1377.0209	5586.1577
1377.5532	5550.4897
1378.0856	5573.1553
1378.6178	5541.2041
1379.1501	5533.5537
1379.6824	5535.1216
1380.2147	5500.1792
1380.7471	5419.8506
1381.2793	5409.5078
1381.8116	5438.7173
1382.3439	5377.9639
1382.8762	5352.7197
1383.4086	5385.147
1383.9408	5331.6118
1384.4731	5312.5947
1385.0054	5270.8735
1385.5377	5264.8398
1386.0701	5281.5879
1386.6023	5275.416
1387.1346	5298.5884
1387.6669	5266.6108
1388.1992	5256.6772
1388.7314	5247.8184
1389.2638	5230.3564
1389.7961	5291.1309
1390.3284	5242.0449
1390.8607	5203.1812
1391.3929	5210.8267
1391.9253	5161.6479
1392.4576	5150.8892
1392.9899	5169.6919
1393.5222	5164.0566
1394.0544	5145.48
1394.5868	5151.1978
1395.1191	5140.4688
1395.6514	5157.3735
1396.1837	5117.4688
1396.7159	5044.1973
1397.2483	5066.8496
1397.7806	5020.4961
1398.3129	5074.8877
1398.8452	5096.9141
1399.3774	5049.5859
1399.9098	5065.8901
1400.4421	5146.1074
1400.9744	5117.625
1401.5067	5038.6548
1402.0389	4940.2881
1402.5713	5087.7861
1403.1035	5034.9375
1403.6359	4990.5542
1404.1682	5055.9258
1404.7004	4920.1851
1405.2328	4982.7993
1405.765	4932.9985
1406.2974	5020.1992
1406.8297	4929.8931
1407.3619	4996.1821
1407.8943	5003.3042
1408.4265	4957.626
1408.9589	4957.0786
1409.4912	4957.6099
1410.0234	4982.6899
1410.5558	4939.7568
1411.088	4967.6533
1411.6204	4972.5273
1412.1527	4930.3931
1412.6849	4910.3115
1413.2173	4904.8208
1413.7495	4912.7466
1414.2819	5007.7412
1414.8141	4967.4585
1415.3464	4893.1948
1415.8788	4866.3579
1416.411	4848.0122
1416.9434	4836.457
1417.4756	4814.4814
1418.0079	4812.9058
1418.5403	4794.4883
1419.0725	4808.1514
1419.6049	4856.8696
1420.1371	4798.1455
1420.6694	4780.3145
1421.2018	4754.4043
1421.734	4678.916
1422.2664	4790.7974
1422.7986	4798.6479
1423.3309	4732.1714
1423.8633	4680.9858
1424.3955	4573.8086
1424.9279	4628.6948
1425.4601	4637.231
1425.9924	4521.6743
1426.5248	4690.2339
1427.057	4644.647
1427.5894	4531.4146
1428.1216	4631.9346
1428.6539	4594.896
1429.1862	4330.6421
1429.7185	4490.7466
1430.2509	4551.4639
1430.7831	4626.6421
1431.3154	4470.2573
1431.8477	4482.5635
1432.38	4482.8687
1432.9124	4478.8428
1433.4446	4500.2075
1433.9769	4456.188
1434.5092	4486.4736
1435.0415	4509.106
1435.5739	4483.1128
1436.1061	4419.0181
1436.6384	4396.0737
1437.1707	4430.3579
1437.703	4450.7871
1438.2354	4433.6685
1438.7676	4427.5068
1439.2999	4438.353
1439.8322	4404.7554
1440.3645	4416.1421
1440.8967	4455.1646
1441.4291	4474.1128
1441.9614	4462.7314
1442.4937	4441.2119
1443.026	4484.9521
1443.5582	4504.2056
1444.0906	4536.6851
1444.6229	4603.373
1445.1552	4559.377
1445.6875	4610.8418
1446.2197	4619.4067
1446.7521	4482.9746
1447.2844	4528.4888
1447.8167	4546.5977
1448.349	4462.2012
1448.8812	4542.938
1449.4136	4612.833
1449.9459	4668.4463
1450.4781	4618.7231
1451.0105	4701.8311
1451.5427	4591.4448
1452.0751	4584.4634
1452.6074	4636.5933
1453.1396	4572.3457
1453.672	4588.6968
1454.2042	4610.9248
1454.7366	4629.2139
1455.2688	4674.1694
1455.8011	4654.2163
1456.3335	4670.9639
1456.8657	4690.6543
1457.3981	4669.7451
1457.9303	4624.4346
1458.4626	4676.1582
1458.995	4740.5186
1459.5272	4693.1982
1460.0596	4761.1934
1460.5918	4720.2974
1461.1241	4813.895
1461.6565	4708.6841
1462.1887	4802.8701
1462.7211	4742.0483
1463.2533	4687.3652
1463.7856	4743.6729
1464.318	4797.293
1464.8502	4729.3394
1465.3826	4813.1963
1465.9148	4774.2896
1466.4471	4811.895
1466.9794	4873.1128
1467.5117	4852.7583
1468.0441	4805.4033
1468.5763	4775.7671
1469.1086	4736.9414
1469.6409	4823.8633
1470.1732	4811.7534
1470.7056	4779.999
1471.2378	4840.6118
1471.7701	4861.5928
1472.3024	4843.8262
1472.8347	4786.2178
1473.3671	4772.2192
1473.8993	4808.2515
1474.4316	4848.4795
1474.9639	4881.3325
1475.4962	4837.5874
1476.0286	4821.3965
1476.5608	4871.7832
1477.0931	4865.8418
1477.6254	4811.7646
1478.1577	4828.1387
1478.6901	4845.1221
1479.2223	4901.6382
1479.7546	4832.7505
1480.2869	4841.8643
1480.8192	4881.2104
1481.3514	4893.0254
1481.8838	4844.228
1482.4161	4884.1592
1482.9484	4925.6221
1483.4807	4926.6675
1484.0129	4929.0049
1484.5453	4981.0923
1485.0776	5058.3555
1485.6099	4944.7622
1486.1422	5037.999
1486.6744	5017.6445
1487.2068	5088.9849
1487.7391	5210.7002
1488.2714	5153.1426
1488.8037	5109.6929
1489.3359	5221.0488
1489.8683	5278.9282
1490.4006	5116.5088
1490.9329	5175.4878
1491.4652	5253.3281
1491.9974	5314.9248
1492.5298	5265.6196
1493.062	5258.7554
1493.5944	5289.0044
1494.1267	5346.8315
1494.6589	5469.9502
1495.1913	5316.2637
1495.7235	5476.3413
1496.2559	5522.1045
1496.7882	5533.1431
1497.3204	5522.3687
1497.8528	5571.5391
1498.385	5681.1138
1498.9174	5707.354
1499.4497	5691.292
1499.9819	5749.6436
1500.5143	5837.5542
1501.0465	5774.583
1501.5789	5799.3281
1502.1112	5872.4409
1502.6434	5923.7988
1503.1758	6025.1411
1503.708	6066.0288
1504.2404	6102.2769
1504.7727	6067.8896
1505.3049	6195.2471
1505.8373	6163.3823
1506.3695	6243.8799
1506.9019	6280.249
1507.4341	6259.3809
1507.9664	6408.2271
1508.4988	6446.083
1509.031	6425.8887
1509.5634	6484.8857
1510.0956	6544.1069
1510.6279	6514.9526
1511.1603	6579.2231
1511.6925	6606.0938
1512.2249	6543.2524
1512.7571	6549.7422
1513.2894	6721.646
1513.8218	6763.2686
1514.354	6725.4424
1514.8864	6715.7993
1515.4186	6773.562
1515.9509	6843.7241
1516.4833	6981.7339
1517.0155	7019.6807
1517.5479	6898.0415
1518.0801	6948.1392
1518.6124	7041.0542
1519.1447	7024.2114
1519.677	7008.8027
1520.2094	7013.7822
1520.7416	7079.542
1521.2739	7091.4443
1521.8062	7107.9932
1522.3385	7150.0444
1522.8708	7106.4111
1523.4031	7175.6016
1523.9354	7281.8398
1524.4677	7276.314
1525	7187.0044
1525.5323	7173.4204
1526.0646	7207.7388
1526.5969	7292.5913
1527.1292	7391.2051
1527.6615	7367.5142
1528.1938	7239.0698
1528.7261	7251.9951
1529.2584	7389.5313
1529.7906	7345.9614
1530.323	7363.4287
1530.8553	7303.4355
1531.3876	7249.0107
1531.9199	7246.1475
1532.4521	7303.2236
1532.9845	7323.6797
1533.5167	7250.1133
1534.0491	7286.9404
1534.5814	7330.3994
1535.1136	7331.3306
1535.646	7301.9189
1536.1782	7326.4653
1536.7106	7341.7178
1537.2429	7427.0923
1537.7751	7330.7563
1538.3075	7363.187
1538.8397	7339.9956
1539.3721	7373.2402
1539.9044	7328.127
1540.4366	7328.876
1540.969	7416.7031
1541.5012	7389.9199
1542.0336	7306.7949
1542.5659	7278.9741
1543.0981	7282.4126
1543.6305	7294.1733
1544.1627	7254.5903
1544.6951	7215.9985
1545.2273	7263.3374
1545.7596	7356.7241
1546.292	7268.4248
1546.8242	7121.7554
1547.3566	7199.0674
1547.8888	7206.9644
1548.4211	7167.3442
1548.9535	7161.6226
1549.4857	7179.9019
1550.0181	7220.792
1550.5503	7174.7012
1551.0826	7162.6558
1551.615	7126.9199
1552.1472	7281.2915
1552.6796	7250.3613
1553.2118	7158.6831
1553.7441	7109.3296
1554.2765	7034.4404
1554.8087	7131.3428
1555.3411	7005.2368
1555.8733	7108.2451
1556.4056	7136.7344
1556.938	7187.8491
1557.4702	7150.9653
1558.0026	7140.2334
1558.5348	7081.439
1559.0671	7029.7539
1559.5994	7049.5864
1560.1317	7133.8281
1560.6641	7071.7759
1561.1963	7011.8716
1561.7286	7074.9268
1562.2609	7038.416
1562.7932	7051.1704
1563.3256	7031.2246
1563.8578	7120.002
1564.3901	7118.46
1564.9224	6967.7627
1565.4547	6865.3496
1565.9871	6983.6626
1566.5193	7033.6904
1567.0516	7137.5537
1567.5839	7031.5283
1568.1162	7013.958
1568.6486	6923.3218
1569.1808	7034.3052
1569.7131	6881.5757
1570.2454	6897.0742
1570.7777	7065.3813
1571.3099	6911.9639
1571.8423	7038.7646
1572.3746	6919.3003
1572.9069	6890.1074
1573.4392	6926.9443
1573.9714	6954.9307
1574.5038	6751.9707
1575.0361	6706.3809
1575.5684	6795.394
1576.1007	6766.895
1576.6329	6663.0962
1577.1653	6887.209
1577.6976	6774.9277
1578.2299	6865.6147
1578.7622	6707.2808
1579.2944	6788.1968
1579.8268	6768.4692
1580.3591	6671.0298
1580.8914	6687.6641
1581.4237	6765.3105
1581.9559	6755.4644
1582.4883	6635.8247
1583.0206	6647.4917
1583.5529	6576.1733
1584.0852	6547.769
1584.6174	6524.8135
1585.1498	6493.3369
1585.682	6590.1616
1586.2144	6483.2905
1586.7467	6499.1963
1587.2789	6382.6938
1587.8113	6414.9434
1588.3435	6435.3662
1588.8759	6329.5044
1589.4082	6257.7051
1589.9404	6299.4854
1590.4728	6200.8496
1591.005	6225.8599
1591.5374	6277.7974
1592.0697	6121.8848
1592.6019	6245.8008
1593.1343	6039.3672
1593.6665	6129.0571
1594.1989	6044.8345
1594.7312	6035.1421
1595.2634	6087.4282
1595.7958	6054.8628
1596.328	5922.0493
1596.8604	5877.9937
1597.3926	5825.1563
1597.9249	5859.1079
1598.4573	5851.6968
1598.9895	5806.0063
1599.5219	5704.4707
1600.0541	5695.1982
1600.5864	5759.7222
1601.1188	5720.3848
1601.651	5670.4707
1602.1833	5624.5898
1602.7156	5593.6616
1603.2479	5567.5186
1603.7803	5566.1147
1604.3125	5512.5215
1604.8448	5486.6138
1605.3771	5321.8135
1605.9094	5249.6348
1606.4418	5212.438
1606.974	5273.7993
1607.5063	5185.4785
1608.0386	5166.9399
1608.5709	5167.3857
1609.1033	5110.9561
1609.6355	5116.0703
1610.1678	5079.1157
1610.7001	5104.4189
1611.2324	5016.7876
1611.7646	4944.6699
1612.297	4959.3203
1612.8293	4915.8506
1613.3616	4870.1616
1613.8939	4900.7383
1614.4261	4869.1392
1614.9585	4771.5059
1615.4908	4763.6797
1616.0231	4668.2603
1616.5554	4664.3247
1617.0876	4613.3755
1617.62	4603.4648
1618.1523	4550.4487
1618.6846	4513.6855
1619.2169	4566.5273
1619.7491	4495.5723
1620.2815	4460.0205
1620.8138	4434.7476
1621.3461	4415.9355
1621.8784	4455.5322
1622.4106	4442.1514
1622.943	4273.5708
1623.4752	4224.6963
1624.0076	4271.4023
1624.5399	4251.3711
1625.0721	4258.3486
1625.6045	4241.7681
1626.1367	4175.5371
1626.6691	4163.4229
1627.2014	4108.0259
1627.7336	4042.46
1628.266	4006.428
1628.7982	4008.6287
1629.3306	4048.7754
1629.8629	3974.2412
1630.3951	3951.0925
1630.9275	3940.9324
1631.4597	3957.7056
1631.9921	3958.0518
1632.5244	3946.5405
1633.0566	3889.8206
1633.589	3824.6636
1634.1212	3846.8193
1634.6536	3793.7656
1635.1859	3718.3203
1635.7181	3684.3904
1636.2505	3694.3357
1636.7827	3751.7444
1637.3151	3749.863
1637.8473	3711.0405
1638.3796	3665.9646
1638.912	3674.8298
1639.4442	3618.6074
1639.9766	3592.387
1640.5088	3614.0129
1641.0411	3603.1982
1641.5735	3603.198
1642.1057	3598.3564
1642.6381	3508.6335
1643.1703	3472.0217
1643.7026	3486.5085
1644.235	3447.0159
1644.7672	3453.3552
1645.2996	3418.4548
1645.8318	3425.6814
1646.3641	3464.4626
1646.8965	3411.3645
1647.4287	3500.4612
1647.9611	3378.2922
1648.4933	3317.2456
1649.0256	3394.3755
1649.5579	3405.1274
1650.0902	3391.4224
1650.6226	3247.7808
1651.1548	3298.0576
1651.6871	3281.3059
1652.2194	3267.6025
1652.7517	3197.8755
1653.2841	3187.0508
1653.8163	3218.1675
1654.3486	3237.1279
1654.8809	3179.2878
1655.4132	3082.0972
1655.9456	3104.8704
1656.4778	3188.7393
1657.0101	3079.4316
1657.5424	3142.4014
1658.0747	3147.1018
1658.6071	3058.5356
1659.1393	3121.3533
1659.6716	3069.8542
1660.2039	3043.0137
1660.7362	3026.6399
1661.2686	3026.1814
1661.8008	3026.532
1662.3331	3055.1008
1662.8654	2999.093
1663.3977	3054.2019
1663.9299	3046.2207
1664.4623	2981.3535
1664.9946	2951.3608
1665.5269	2958.502
1666.0592	2888.8831
1666.5914	2892.8301
1667.1238	2971.9167
1667.6561	2962.4363
1668.1884	2904.1868
1668.7207	2865.9932
1669.2529	2856.22
1669.7853	2820.5095
1670.3176	2868.011
1670.8499	2828.8616
1671.3822	2815.103
1671.9144	2815.9006
1672.4468	2814.7358
1672.9791	2792.3772
1673.5114	2750.3728
1674.0437	2713.3806
1674.5759	2710.2588
1675.1083	2707.7664
1675.6405	2729.4871
1676.1729	2743.1792
1676.7052	2729.8777
1677.2374	2717.3296
1677.7698	2665.2544
1678.302	2609.6228
1678.8344	2625.9727
1679.3667	2641.1719
1679.8989	2628.0122
1680.4313	2668.855
1680.9635	2601.0352
1681.4958	2550.79
1682.0282	2582.6204
1682.5604	2584.6741
1683.0928	2562.0193
1683.625	2537.9541
1684.1573	2499.9976
1684.6897	2516.835
1685.2219	2512.3452
1685.7543	2521.2666
1686.2865	2523.3999
1686.8188	2489.9639
1687.3512	2453.3464
1687.8834	2429.8604
1688.4158	2421.9834
1688.948	2418.3235
1689.4803	2385.1228
1690.0126	2412.6006
1690.5449	2411.1423
1691.0773	2390.5476
1691.6095	2373.2712
1692.1418	2358.2227
1692.6741	2339.0859
1693.2064	2354.0286
1693.7388	2368.0625
1694.271	2336.2646
1694.8033	2338.8176
1695.3356	2303.2878
1695.8679	2298.8997
1696.4003	2310.1235
1696.9325	2312.4348
1697.4648	2296.9856
1697.9971	2289.7781
1698.5294	2320.4919
1699.0618	2293.8621
1699.594	2251.8103
1700.1263	2226.5659
1700.6586	2242.3254
1701.1909	2215.4937
1701.7231	2265.5759
1702.2555	2281.396
1702.7878	2244.1575
1703.3201	2214.2898
1703.8524	2207.8081
1704.3846	2223.9546
1704.917	2213.1558
1705.4493	2189.6277
1705.9816	2165.7698
1706.5139	2158.814
1707.0461	2170.9651
1707.5785	2204.1238
1708.1108	2168.4199
1708.6431	2151.1226
1709.1754	2140.7964
1709.7076	2203.6279
1710.24	2176.7869
1710.7723	2135.9382
1711.3046	2145.2368
1711.8369	2080.9014
1712.3691	2089.8142
1712.9015	2098.5337
1713.4338	2114.7119
1713.9661	2134.6509
1714.4984	2076.0708
1715.0306	2037.2534
1715.563	2023.1085
1716.0952	2128.9441
1716.6276	2093.6921
1717.1599	2010.053
1717.6921	2068.6907
1718.2245	2089.9963
1718.7567	2027.0033
1719.2891	2070.0776
1719.8214	1982.3346
1720.3536	2064.8274
1720.886	2009.3247
1721.4182	2007.7932
1721.9506	2033.6274
1722.4829	2065.1877
1723.0151	2005.55
1723.5475	2057.0747
1724.0797	1988.3538
1724.6121	2031.2013
1725.1444	2031.4478
1725.6766	2054.8372
1726.209	1959.6649
1726.7412	2017.1697
1727.2736	2011.2675
1727.8058	2020.3315
1728.3381	2002.9524
1728.8705	1959.075
1729.4027	1958.6747
1729.9351	1980.2438
1730.4673	2001.4913
1730.9996	1987.9991
1731.532	2026.5079
1732.0642	1980.5276
1732.5966	1975.6669
1733.1288	1953.9738
1733.6611	1965.3923
1734.1935	1927.9183
1734.7257	1961.3759
1735.2581	1988.0181
1735.7903	1956.2434
1736.3226	1966.6086
1736.855	1965.2788
1737.3872	1965.9231
1737.9196	1967.2261
1738.4518	1989.8762
1738.9841	1967.2817
1739.5165	1968.6388
1740.0487	1943.9608
1740.5811	1944.6798
1741.1133	1944.9686
1741.6456	1933.7719
1742.1779	1948.653
1742.7102	1951.0394
1743.2426	1976.8728
1743.7748	1984.2404
1744.3071	1996.0614
1744.8394	2006.1226
1745.3717	1995.0376
1745.9041	1959.7649
1746.4363	1991.0956
1746.9686	1978.3135
1747.5009	1916.4386
1748.0332	1924.3944
1748.5656	1917.0171
1749.0978	1960.002
1749.6301	1945.4155
1750.1624	1913.817
1750.6947	1862.5173
1751.2271	1902.1949
1751.7593	1987.5282
1752.2916	1990.0021
1752.8239	1945.8408
1753.3562	1950.8983
1753.8884	1945.9525
1754.4208	1961.2115
1754.9531	1943.6245
1755.4854	1965.384
1756.0177	1955.5446
1756.5499	1950.8066
1757.0823	1928.5905
1757.6146	1959.5663
1758.1469	2025.3417
1758.6792	1944.0352
1759.2114	1909.8494
1759.7438	1933.8431
1760.2761	1962.9493
1760.8083	1965.8816
1761.3407	1933.9071
1761.8729	1980.1102
1762.4053	1942.4263
1762.9376	1960.4248
1763.4698	1920.1058
1764.0022	1912.0632
1764.5344	1926.2122
1765.0668	1914.1855
1765.5991	1970.533
1766.1313	1953.6151
1766.6637	1959.2362
1767.1959	1944.0234
1767.7283	1984.6031
1768.2605	1959.8724
1768.7928	1987.0253
1769.3252	1954.8951
1769.8574	1914.17
1770.3898	1925.2891
1770.922	1931.4285
1771.4543	1992.96
1771.9867	1950.5447
1772.5189	1938.9075
1773.0513	1935.0923
1773.5835	1945.9569
1774.1158	1944.5319
1774.6482	1969.5139
1775.1804	1978.8873
1775.7128	1963.1869
1776.245	1964.6682
1776.7773	1964.6987
1777.3097	1968.6377
1777.8419	1980.9802
1778.3743	1975.0933
1778.9065	1949.562
1779.4388	1932.9927
1779.9711	1929.9362
1780.5034	2028.5299
1781.0358	2033.6853
1781.568	1947.2833
1782.1003	1952.6149
1782.6326	2010.554
1783.1649	1992.6001
1783.6973	2009.4375
1784.2295	1973.4646
1784.7618	2004.5895
1785.2941	1951.146
1785.8264	2019.1117
1786.3588	1992.3768
1786.891	1986.0703
1787.4233	2055.1392
1787.9556	2020.7856
1788.4879	1978.1947
1789.0203	2005.2905
1789.5525	2024.6914
1790.0848	2042.6665
1790.6171	2036.7256
1791.1494	2050.158
1791.6818	2007.3951
1792.214	2042.917
1792.7463	2041.246
1793.2786	2030.5034
1793.8109	2007.7651
1794.3431	2027.1014
1794.8755	2041.1539
1795.4078	2056.5139
1795.9401	2061.9915
1796.4724	2049.9734
1797.0046	2035.1295
1797.537	2039.075
1798.0693	2052.302
1798.6016	2045.5194
1799.1339	2057.3293
1799.6661	2062.8462
1800.1985	2074.9622
1800.7308	2116.0051
1801.2631	2130.3821
1801.7954	2101.9697
1802.3276	2117.6682
1802.86	2142.6655
1803.3923	2131.6462
1803.9246	2119.9888
1804.4569	2130.6235
1804.9891	2089.1592
1805.5215	2096.5598
1806.0537	2116.6257
1806.5861	2174.7554
1807.1184	2183.3691
1807.6506	2221.6582
1808.183	2120.165
1808.7152	2158.7747
1809.2476	2143.9097
1809.7799	2188.7668
1810.3121	2171.3059
1810.8445	2147.7053
1811.3767	2145.3477
1811.9091	2176.4031
1812.4414	2185.2632
1812.9736	2172.8914
1813.506	2184.7954
1814.0382	2195.0933
1814.5706	2218.0554
1815.1029	2250.0779
1815.6351	2215.8145
1816.1675	2245.5681
1816.6997	2257.856
1817.2321	2230.6406
1817.7644	2298.0696
1818.2966	2287.823
1818.829	2255.9644
1819.3612	2234.8215
1819.8936	2256.1836
1820.4258	2257.7876
1820.9581	2305.3035
1821.4905	2337.3496
1822.0227	2330.1177
1822.5551	2294.2483
1823.0873	2277.6846
1823.6196	2316.5361
1824.152	2288.1621
1824.6842	2296.7024
1825.2166	2326.5154
1825.7488	2322.6218
1826.2811	2310.9543
1826.8135	2353.1118
1827.3457	2411.5293
1827.8781	2397.0378
1828.4103	2385.6055
1828.9426	2383.6682
1829.475	2377.2148
1830.0072	2345.177
1830.5396	2349.8379
1831.0718	2363.7913
1831.6041	2368.176
1832.1364	2412.2095
1832.6687	2386.405
1833.201	2448.5806
1833.7333	2481.8376
1834.2656	2510.4614
1834.7979	2522.6033
1835.3302	2438.7476
1835.8625	2459.8784
1836.3948	2520.4465
1836.9271	2531.1882
1837.4594	2542.5176
1837.9917	2557.9463
1838.524	2521.3127
1839.0563	2529.6643
1839.5886	2552.7969
1840.1208	2553.4668
1840.6532	2567.9121
1841.1855	2567.8962
1841.7178	2570.6279
1842.2501	2622.6172
1842.7823	2626.9812
1843.3147	2658.5549
1843.847	2693.2024
1844.3793	2611.3704
1844.9116	2614.0994
1845.4438	2663.0439
1845.9762	2698.1155
1846.5084	2724.26
1847.0408	2748.1028
1847.5731	2736.9414
1848.1053	2716.6138
1848.6377	2731.2827
1849.1699	2781.5391
1849.7023	2786.3611
1850.2346	2819.6831
1850.7668	2835.333
1851.2992	2787.1472
1851.8314	2840.0642
1852.3638	2903.1357
1852.8961	2903.0269
1853.4283	2875.98
1853.9607	2911.2593
1854.4929	2962.2766
1855.0253	2972.906
1855.5576	2988.1658
1856.0898	2992.3318
1856.6222	2997.7361
1857.1544	2998.261
1857.6868	3023.8401
1858.219	3063.4106
1858.7513	3086.5857
1859.2837	3082.3376
1859.8159	3090.5225
1860.3483	3108.8757
1860.8805	3125.6697
1861.4128	3186.2693
1861.9452	3164.7739
1862.4774	3169.6472
1863.0098	3199.1948
1863.542	3236.1843
1864.0743	3196.6172
1864.6067	3261.9001
1865.1389	3291.21
1865.6713	3332.5769
1866.2035	3373.0144
1866.7358	3376.7988
1867.2682	3379.0886
1867.8004	3452.4048
1868.3328	3448.6978
1868.865	3528.158
1869.3973	3485.7346
1869.9297	3527.6316
1870.4619	3563.6365
1870.9943	3604.5308
1871.5265	3663.0044
1872.0588	3680.0046
1872.5911	3708.6755
1873.1234	3725.7385
1873.6558	3830.3335
1874.188	3831.5046
1874.7203	3845.6221
1875.2526	3903.938
1875.7849	3969.7302
1876.3173	4007.1282
1876.8495	3994.0908
1877.3818	4032.7375
1877.9141	4103.7427
1878.4464	4137.5386
1878.9788	4206.4263
1879.511	4268.5996
1880.0433	4349.8037
1880.5756	4429.4067
1881.1079	4504.9863
1881.6403	4453.1509
1882.1725	4570.0879
1882.7048	4536.4658
1883.2371	4730.6704
1883.7694	4770.6943
1884.3016	4789.1323
1884.834	4886.2407
1885.3663	4964.5977
1885.8986	5090.5513
1886.4309	5251.5728
1886.9631	5298.6978
1887.4955	5345.9067
1888.0278	5447.2896
1888.5601	5569.4175
1889.0924	5668.7612
1889.6246	5851.9951
1890.157	6016.063
1890.6893	6101.7261
1891.2216	6154.0088
1891.7539	6275.1626
1892.2861	6403.5493
1892.8185	6616.5737
1893.3508	6706.4067
1893.8831	6923.7153
1894.4154	7085.3857
1894.9476	7248.1548
1895.48	7370.8496
1896.0123	7591.9316
1896.5446	7845.2407
1897.0769	7900.0737
1897.6091	8286.8877
1898.1415	8445.79
1898.6737	8711.0498
1899.2061	8963.2842
1899.7384	9097.209
1900.2706	9428.5645
1900.803	9700.0967
1901.3352	10010.051
1901.8676	10309.822
1902.3999	10521.12
1902.9321	10971.813
1903.4645	11371.821
1903.9967	11615.124
1904.5291	11943.868
1905.0614	12196.509
1905.5936	12504.625
1906.126	12981.772
1906.6582	13384.725
1907.1906	13772.894
1907.7229	14142.62
1908.2551	14471.859
1908.7875	14746.731
1909.3197	15280.24
1909.8521	15726.119
1910.3843	15939.243
1910.9166	16415.76
1911.449	16790.172
1911.9812	17415.895
1912.5135	17270.996
1913.0458	17886.695
1913.5781	18397.408
1914.1105	18595.66
1914.6427	19121.822
1915.175	19388.49
1915.7073	19645.805
1916.2396	20134.002
1916.772	20456.508
1917.3042	20834.623
1917.8365	21071.697
1918.3688	21232.375
1918.9011	21603.666
1919.4335	21709.781
1919.9657	22019.488
1920.498	22291.314
1921.0303	22428.184
1921.5626	22654.34
1922.095	22713.688
1922.6272	23074.521
1923.1595	23057.41
1923.6918	23197.572
1924.2241	23534.469
1924.7563	23342.773
1925.2887	23516.691
1925.821	23445.348
1926.3533	23518.459
1926.8856	23614.85
1927.4178	23524.447
1927.9502	23683.098
1928.4825	23808.186
1929.0148	23888.385
1929.5471	23842.121
1930.0793	23853.205
1930.6117	23797.465
1931.144	23870.365
1931.6763	23696.162
1932.2086	23585.938
1932.7408	23886.193
1933.2732	23818.779
1933.8055	23780.104
1934.3378	23821.014
1934.8701	23698.137
1935.4023	23458.787
1935.9347	23499.398
1936.4669	23431.822
1936.9993	23326.049
1937.5316	23378.496
1938.0638	23159.199
1938.5962	22847.217
1939.1284	22749.736
1939.6608	22760.76
1940.1931	22638.293
1940.7253	22386.678
1941.2577	22478.402
1941.7899	22427.666
1942.3223	22092.838
1942.8546	21885.586
1943.3868	21834.371
1943.9192	21679.594
1944.4514	21243.938
1944.9838	21136.795
1945.5161	20806.506
1946.0483	20865.41
1946.5807	20593.172
1947.1129	20647.719
1947.6453	20255.65
1948.1776	19972.119
1948.7098	20168.068
1949.2422	19949.912
1949.7744	19749.549
1950.3068	20002.779
1950.839	19625.635
1951.3713	19576.445
1951.9037	19447.922
1952.4359	19431.6
1952.9683	19378.537
1953.5005	19227.684
1954.0328	19348.543
1954.5652	19512.25
1955.0974	19488.227
1955.6298	19537.844
1956.162	19461.139
1956.6943	19879.424
1957.2267	19955.371
1957.7589	20064.6
1958.2913	20192.754
1958.8235	20461.064
1959.3558	20539.287
1959.8882	20713.725
1960.4204	20611.35
1960.9528	20911.805
1961.485	21214.178
1962.0173	21205.762
1962.5496	21147.266
1963.0819	21481.002
1963.6143	21707.422
1964.1465	21710.082
1964.6788	21856.305
1965.2111	22033.699
1965.7434	22069.777
1966.2758	22148.369
1966.808	22176.041
1967.3403	22419.682
1967.8726	22617.924
1968.4049	22601.451
1968.9373	22668.633
1969.4695	22572.527
1970.0018	22794.529
1970.5341	22670.186
1971.0664	22925.834
1971.5988	23056.885
1972.131	23458.848
1972.6633	23726.318
1973.1956	23470.25
1973.7279	23496.855
1974.2603	23786.729
1974.7925	23994.633
1975.3248	23971.215
1975.8571	24078.1
1976.3894	24475.957
1976.9216	24705.85
1977.454	24666.539
1977.9863	24989.746
1978.5186	25433.014
1979.0509	25640.844
1979.5831	25555.541
1980.1155	25720.512
1980.6478	26228.061
1981.1801	26329.504
1981.7124	26430.369
1982.2446	26847.73
1982.777	26884.883
1983.3093	27179.363
1983.8416	27123.461
1984.3739	27307.271
1984.9061	27590.797
1985.4385	27927.66
1985.9708	28089.02
1986.5031	28029.873
1987.0354	27997.324
1987.5676	28292.375
1988.1	28012.09
1988.6322	28204.736
1989.1646	28217.963
1989.6969	28436.496
1990.2291	28553.121
1990.7615	28349.441
1991.2937	28116.354
1991.826	28219.287
1992.3584	28118.605
1992.8906	27940.381
1993.423	27638.023
1993.9552	27552.725
1994.4875	27561.098
1995.0199	27191.146
1995.5521	26727.271
1996.0845	26429.133
1996.6167	26320.244
1997.149	26105.549
1997.6814	25668.086
1998.2136	25563.979
1998.746	24856.895
1999.2782	24543.994
1999.8105	23790.965
2000.3429	23642.836
2000.8751	23235.557
2001.4075	22867.059
2001.9397	22365.279
2002.472	21843.605
2003.0043	21197.637
2003.5366	21076.879
2004.069	20651.928
2004.6012	19995.406
2005.1335	19645.107
2005.6658	19488.881
2006.1981	19105.066
2006.7305	18523.373
2007.2627	18089.576
2007.795	17745.184
2008.3273	17768.389
2008.8596	17366.977
2009.392	17136.801
2009.9242	16799.43
2010.4565	16798.154
2010.9888	16539.045
2011.5211	16371.212
2012.0535	16338.009
2012.5857	16364.621
2013.118	16371.714
2013.6503	16180.372
2014.1826	16202.182
2014.7148	16278.714
2015.2472	16241.891
2015.7795	16297.499
2016.3118	16364.646
2016.8441	16634.852
2017.3763	16764.168
2017.9087	16726.205
2018.441	16640.518
2018.9733	16922.754
2019.5056	17253.918
2020.0378	17094.561
2020.5702	17328.965
2021.1025	17503.283
2021.6348	17727.529
2022.1671	17995.496
2022.6993	17927.092
2023.2317	18055.078
2023.764	18273.51
2024.2963	18506.086
2024.8286	18631.24
2025.3608	18652.953
2025.8932	18903.74
2026.4255	19026.717
2026.9578	18853.785
2027.4901	19102.01
2028.0223	19012.576
2028.5547	19437.391
2029.0869	19192.629
2029.6193	19024.611
2030.1516	19117.514
2030.6838	19361.588
2031.2162	19088.072
2031.7484	19087.078
2032.2808	19030.904
2032.8131	18852.643
2033.3453	19012.734
2033.8777	18894.533
2034.4099	18527.789
2034.9423	18773.959
2035.4746	18527.883
2036.0068	18276.672
2036.5392	18169.789
2037.0714	18078.342
2037.6038	18213.496
2038.1361	17925.275
2038.6683	17672.994
2039.2007	17347.074
2039.7329	17283.697
2040.2653	17170.271
2040.7975	16980.635
2041.3298	16833.402
2041.8622	16715.75
2042.3944	16577.66
2042.9268	16383.519
2043.459	16191.544
2043.9913	15991.876
2044.5237	15787.799
2045.0559	15436.556
2045.5883	15483.463
2046.1205	15277.396
2046.6528	15151.58
2047.1852	15095.883
2047.7174	14886.396
2048.2498	14579.657
2048.782	14541.339
2049.3142	14381.957
2049.8467	14184.046
2050.3789	13945.435
2050.9111	13761.662
2051.4436	13615.101
2051.9758	13451.929
2052.5081	13142.281
2053.0405	12914.499
2053.5728	12883.878
2054.105	12678.793
2054.6372	12707.979
2055.1697	12489.112
2055.7019	12298.906
2056.2341	12269.017
2056.7666	12068.631
2057.2988	11727.755
2057.8311	11663.271
2058.3635	11588.012
2058.8958	11591.699
2059.428	11572.915
2059.9602	11512.361
2060.4927	11278.019
2061.0249	11251.5
2061.5571	11148.864
2062.0896	11132.903
2062.6218	10938.921
2063.1541	10947.162
2063.6863	10980.779
2064.2188	10761.004
2064.751	10856.266
2065.2832	10686.558
2065.8157	10660.181
2066.3479	10712.096
2066.8801	10521.135
2067.4126	10413.475
2067.9448	10466.391
2068.4771	10476.782
2069.0093	10543.043
2069.5417	10499.793
2070.074	10469.331
2070.6062	10302.916
2071.1387	10425.729
2071.6709	10135.396
2072.2031	10223.241
2072.7356	10331.282
2073.2678	10202.834
2073.8	10318.055
2074.3323	10246.303
2074.8647	10196.178
2075.397	10315.04
2075.9292	10400.269
2076.4617	10316.511
2076.9939	10106.406
2077.5261	10128.056
2078.0583	10074.923
2078.5908	10097.249
2079.123	9924.1182
2079.6553	9972.7793
2080.1877	10011.333
2080.72	10148.024
2081.2522	10103.545
2081.7847	10035.566
2082.3169	9988.2373
2082.8491	9935.5928
2083.3813	10019.755
2083.9138	10002.75
2084.446	9984.4453
2084.9783	10019.186
2085.5107	10143.43
2086.043	10172.4
2086.5752	10183.952
2087.1074	10215.826
2087.6399	10222.198
2088.1721	10110.697
2088.7043	10195.342
2089.2368	10304.873
2089.769	10350.861
2090.3013	10433.329
2090.8337	10448.197
2091.366	10382.769
2091.8982	10474.434
2092.4304	10671.463
2092.9629	10580.34
2093.4951	10704.079
2094.0273	10666
2094.5598	10551.236
2095.092	11043.044
2095.6243	11026.931
2096.1567	11059.73
2096.689	11116.132
2097.2212	11116.443
2097.7534	11209.94
2098.2859	11351.941
2098.8181	11258.268
2099.3503	11180.39
2099.8828	11337.916
2100.415	11538.794
2100.9473	11420.488
2101.4795	11496.376
2102.012	11583.788
2102.5442	11534.598
2103.0764	11555.554
2103.6089	11559.729
2104.1411	11805.789
2104.6733	11880.145
2105.2058	11713.775
2105.738	11817.84
2106.2703	11877.146
2106.8025	11825.379
2107.335	11947.405
2107.8672	11994.094
2108.3994	12039.586
2108.9319	12065.606
2109.4641	12033.517
2109.9963	12147.535
2110.5288	12122.273
2111.061	12215.628
2111.5933	12223.402
2112.1255	12240.899
2112.658	12298.857
2113.1902	12434.621
2113.7224	12405.66
2114.2549	12571.359
2114.7871	12610.566
2115.3193	12793.893
2115.8516	12866.37
2116.384	12917.615
2116.9163	13068.896
2117.4485	13247.443
2117.981	13215.295
2118.5132	13450.787
2119.0454	13590.589
2119.5779	13768.456
2120.1101	13844.707
2120.6423	13886.743
2121.1746	14170.308
2121.707	14282.323
2122.2393	14514.651
2122.7715	14610.469
2123.304	14874.72
2123.8362	15064.992
2124.3684	15079.864
2124.9009	15250.471
2125.4331	15517.274
2125.9653	15636.734
2126.4976	15780.632
2127.03	16006.085
2127.5623	16282.568
2128.0945	16447.43
2128.627	16581.639
2129.1592	16584.719
2129.6914	16618.297
2130.2236	16817.912
2130.7561	16864.885
2131.2883	16804.34
2131.8206	17029.881
2132.353	17110.65
2132.8853	17220.779
2133.4175	17412.236
2133.95	17436.904
2134.4822	17447.662
2135.0144	17579.561
2135.5466	17710.896
2136.0791	17922.092
2136.6113	17544.367
2137.1436	17583.016
2137.676	17568.389
2138.2083	17868.686
2138.7405	17813.695
2139.2727	17802.367
2139.8052	17684.213
2140.3374	17808.475
2140.8696	17756.234
2141.4021	17641.006
2141.9343	17693.979
2142.4666	17450.084
2142.999	17607.607
2143.5313	17619.494
2144.0635	17604.549
2144.5957	17345.838
2145.1282	17533.699
2145.6604	17520.57
2146.1926	17476.066
2146.7251	17350.064
2147.2573	17235.428
2147.7896	17109.611
2148.322	17122.742
2148.8542	17042.83
2149.3865	16829.096
2149.9187	16683.211
2150.4512	16841.807
2150.9834	16828.666
2151.5156	16661.682
2152.0481	16504.66
2152.5803	16365.792
2153.1125	16310.565
2153.6448	16276.221
2154.1772	16190.042
2154.7095	16200.61
2155.2417	16010.447
2155.7742	15988.198
2156.3064	15984.851
2156.8386	15817.138
2157.3711	15832.883
2157.9033	15769.549
2158.4355	15888.681
2158.9678	15780.251
2159.5002	15737.719
2160.0325	15703.051
2160.5647	15853.675
2161.0972	15505.705
2161.6294	15684.84
2162.1616	15689.116
2162.6941	15601.11
2163.2263	15601.763
2163.7585	15644.328
2164.2908	15735.445
2164.8232	15671.18
2165.3555	15665.311
2165.8877	15614.163
2166.4202	15536.925
2166.9524	15581.198
2167.4846	15492.435
2168.0168	15613.051
2168.5493	15472.793
2169.0815	15462.412
2169.6138	15376.226
2170.1462	15220.445
2170.6785	15351.045
2171.2107	15160.122
2171.7432	14972.449
2172.2754	14871.928
2172.8076	14794.301
2173.3398	14713.912
2173.8723	14649.203
2174.4045	14458.447
2174.9368	14251.178
2175.4692	14199.184
2176.0015	14277.537
2176.5337	13908.945
2177.0662	13856.528
2177.5984	13774.245
2178.1306	13765.802
2178.6628	13553.186
2179.1953	13368.194
2179.7275	13273.684
2180.2598	12997.471
2180.7922	12889.437
2181.3245	12857.872
2181.8567	12644.281
2182.3889	12536.712
2182.9214	12508.218
2183.4536	12201.324
2183.9858	12225.738
2184.5183	12078.708
2185.0505	12164.758
2185.5828	12103.761
2186.1152	11826.869
2186.6475	11714.638
2187.1797	11731.734
2187.7119	11651.277
2188.2444	11688.043
2188.7766	11701.962
2189.3088	11518.647
2189.8413	11348.376
2190.3735	11326.014
2190.9058	11290.229
2191.438	11077.935
2191.9705	11130.461
2192.5027	11126.763
2193.0349	11058.188
2193.5674	10970.378
2194.0996	10958.885
2194.6318	10989.094
2195.1643	10962.756
2195.6965	10857.8
2196.2288	10843.008
2196.761	10826.74
2197.2935	10762.579
2197.8257	10814.465
2198.3579	10594.49
2198.8904	10672.021
2199.4226	10619.256
2199.9548	10671.443
2200.4873	10504.314
2201.0195	10513.994
2201.5518	10618.021
2202.084	10624.858
2202.6165	10518.518
2203.1487	10418.781
2203.6809	10455.476
2204.2134	10500.773
2204.7456	10377.15
2205.2778	10541.586
2205.8101	10408.858
2206.3425	10465.513
2206.8748	10387.937
2207.407	10374.057
2207.9395	10258.739
2208.4717	10163.906
2209.0039	10219.115
2209.5364	10318.782
2210.0686	10328.201
2210.6008	10240.72
2211.1331	10241.95
2211.6655	10106.104
2212.1978	10288.472
2212.73	10185.221
2213.2625	10263.037
2213.7947	10052.223
2214.3269	10135.243
2214.8594	10216.539
2215.3916	10183.171
2215.9238	10238.075
2216.4561	10284.435
2216.9885	10222.026
2217.5208	10185.227
2218.053	9997.7441
2218.5854	10170.764
2219.1177	10204.068
2219.6499	10107.903
2220.1821	10178.554
2220.7146	10152.035
2221.2468	10112.956
2221.7791	10157.879
2222.3115	10204.603
2222.8438	10256.741
2223.376	10322.391
2223.9084	10217.326
2224.4407	10243.289
2224.9729	10155.481
2225.5051	10083.806
2226.0376	10241.119
2226.5698	10213.248
2227.1021	10198.92
2227.6345	10321.229
2228.1667	10376.641
2228.699	10276.614
2229.2314	10154.565
2229.7637	10190.04
2230.2959	10304.522
2230.8281	10177.309
2231.3606	10301.537
2231.8928	10442.482
2232.425	10256.227
2232.9575	10410.395
2233.4897	10385.563
2234.022	10424.463
2234.5542	10444.035
2235.0867	10510.166
2235.6189	10627.372
2236.1511	10639.69
2236.6836	10553.183
2237.2158	10671.322
2237.748	10643.918
2238.2805	10689.618
2238.8127	10684.297
2239.345	10796.502
2239.8772	10761.436
2240.4097	10844.474
2240.9419	10900.324
2241.4741	10911.393
2242.0066	10920.007
2242.5388	11056.231
2243.071	11204.937
2243.6033	11115.647
2244.1357	11136.703
2244.668	11289.775
2245.2002	11371.581
2245.7327	11423.391
2246.2649	11363.828
2246.7971	11419.397
2247.3296	11411.052
2247.8618	11484.634
2248.394	11436.753
2248.9263	11526.906
2249.4587	11737.51
2249.991	11818.367
2250.5232	11867.081
2251.0557	12037.896
2251.5879	11953.677
2252.1201	11983.851
2252.6526	12067.388
2253.1848	12164.202
2253.717	12235.619
2254.2493	12275.495
2254.7817	12302.225
2255.314	12400.773
2255.8462	12588.831
2256.3787	12657.68
2256.9109	12638.126
2257.4431	12772.685
2257.9753	13063.637
2258.5078	12888.043
2259.04	12894.825
2259.5723	13116.993
2260.1047	13150.952
2260.637	13232.43
2261.1692	13247.914
2261.7017	13288.478
2262.2339	13288.763
2262.7661	13388.393
2263.2983	13557.789
2263.8308	13710.031
2264.363	13579.691
2264.8953	13661.948
2265.4277	13871.84
2265.96	13849.188
2266.4922	13917.16
2267.0247	14050.595
2267.5569	14256.479
2268.0891	14432.537
2268.6213	14472.282
2269.1538	14318.357
2269.686	14396.941
2270.2183	14653.006
2270.7507	14518.541
2271.283	14671.856
2271.8152	14711.182
2272.3474	14730.951
2272.8799	14863.703
2273.4121	14990.026
2273.9443	15132.966
2274.4768	15154.371
2275.009	15462.138
2275.5413	15355.553
2276.0737	15324.329
2276.606	15506.01
2277.1382	15638.086
2277.6704	15815.398
2278.2029	15811.867
2278.7351	15895.045
2279.2673	15965.259
2279.7998	16240.889
2280.332	16105.658
2280.8643	16063.079
2281.3967	16222.928
2281.929	16355.538
2282.4612	16176.79
2282.9934	16500.758
2283.5259	16570.777
2284.0581	16666.449
2284.5903	16700.037
2285.1228	16721.994
2285.655	16766.453
2286.1873	16842.695
2286.7195	17004.154
2287.252	17026.006
2287.7842	17174.482
2288.3164	17194.436
2288.8489	17109.625
2289.3811	17239.031
2289.9133	17368.002
2290.4458	17325.857
2290.978	17266.654
2291.5103	17284.748
2292.0425	17571.121
2292.575	17299.576
2293.1072	17327.43
2293.6394	17343.369
2294.1719	17498.789
2294.7041	17648.402
2295.2363	17691.334
2295.7686	17476.129
2296.301	17350.742
2296.8333	17388.016
2297.3655	17257.654
2297.8979	17455.396
2298.4302	17452.869
2298.9624	17223.227
2299.4949	17115.51
2300.0271	17321.496
2300.5593	17355.564
2301.0916	17130.057
2301.624	17232.262
2302.1563	17196.451
2302.6885	17039.227
2303.2209	16905.643
2303.7532	16879.855
2304.2854	16730.775
2304.8179	16818.516
2305.3501	16885.771
2305.8823	16577.857
2306.4146	16526.967
2306.947	16512.797
2307.4792	16404.328
2308.0115	16397.303
2308.5439	16175.484
2309.0762	15924.844
2309.6084	15894.966
2310.1406	16045.193
2310.6731	15856.738
2311.2053	15713.835
2311.7375	15635.195
2312.27	15431.586
2312.8022	15567.05
2313.3345	15455.502
2313.8669	15393.554
2314.3992	15386.271
2314.9314	15215.137
2315.4636	15120.743
2315.9961	14853.087
2316.5283	14845.44
2317.0605	14774.215
2317.593	14781.233
2318.1252	14606.001
2318.6575	14487.118
2319.1899	14446.198
2319.7222	14398.3
2320.2544	14350.11
2320.7866	14434.603
2321.3191	14226.368
2321.8513	14082.365
2322.3835	13911.59
2322.916	14056.217
2323.4482	13916.374
2323.9805	13844.726
2324.5127	13856.036
2325.0452	13738.265
2325.5774	13788.094
2326.1096	13714.489
2326.6421	13748.702
2327.1743	13678.649
2327.7065	13455.114
2328.239	13441.71
2328.7712	13403.384
2329.3035	13225.017
2329.8357	13209.773
2330.3682	13303.931
2330.9004	13069.302
2331.4326	13078.929
2331.9651	13057.164
2332.4973	12920.913
2333.0295	12937.545
2333.562	12575.202
2334.0942	12614.729
2334.6265	12615.227
2335.1587	12569.403
2335.6912	12451.061
2336.2234	12446.399
2336.7556	12343.169
2337.2881	12206.896
2337.8203	12235.677
2338.3525	12109.581
2338.8848	12096.002
2339.4172	12118.326
2339.9495	12041.199
2340.4817	11846.778
2341.0142	11834.046
2341.5464	11656.26
2342.0786	11769.369
2342.6111	11752.786
2343.1433	11639.711
2343.6755	11590.741
2344.2078	11535.774
2344.7402	11508.647
2345.2725	11407.382
2345.8047	11435.186
2346.3372	11322.686
2346.8694	11324.35
2347.4016	11298.784
2347.9338	11322.229
2348.4663	11034.226
2348.9985	11182.019
2349.5308	10963.701
2350.0632	11048.271
2350.5955	10976.911
2351.1277	11054.513
2351.6602	10871.296
2352.1924	10714.885
2352.7246	10763.509
2353.2568	10773.465
2353.7893	10681.259
2354.3215	10655.202
2354.8538	10620.534
2355.3862	10534.795
2355.9185	10490.855
2356.4507	10537.784
2356.9832	10389
2357.5154	10282.124
2358.0476	10206.204
2358.5798	10083.432
2359.1123	10299.818
2359.6445	10257.26
2360.1768	10137.482
2360.7092	10120.967
2361.2415	10083.786
2361.7737	9962.9248
2362.3059	9798.3428
2362.8384	9827.5186
2363.3706	9979.1641
2363.9028	9747.9326
2364.4353	9745.9707
2364.9675	9731.1387
2365.4998	9784.374
2366.0322	9674.2139
2366.5645	9674.4932
2367.0967	9663.1816
2367.6289	9633.6484
2368.1614	9546.6621
2368.6936	9563.6543
2369.2258	9464.1387
2369.7583	9470.6279
2370.2905	9483.0518
2370.8228	9401.2803
2371.3552	9422.999
2371.8875	9346.7119
2372.4197	9351.0615
2372.9519	9329.5029
2373.4844	9165.4482
2374.0166	9338.4004
2374.5488	9234.8145
2375.0813	9201.1416
2375.6135	9162.8818
2376.1458	9270.5713
2376.678	9193.6025
2377.2104	9204.5244
2377.7427	9039.4541
2378.2749	9031.6279
2378.8074	9056.5898
2379.3396	9026.8174
2379.8718	8906.5322
2380.4043	8860.2217
2380.9365	9032.207
2381.4688	8934.4629
2382.001	8861.2451
2382.5334	8949.7441
2383.0657	8927.6592
2383.5979	8792.3652
2384.1304	8839.6221
2384.6626	8804.5381
2385.1948	8754.7256
2385.7273	8848.4648
2386.2595	8788.3242
2386.7917	8797.1436
2387.324	8856.7461
2387.8564	8691.082
2388.3887	8680.2148
2388.9209	8843.582
2389.4534	8732.1963
2389.9856	8457.7979
2390.5178	8608.4375
2391.05	8671.5322
2391.5825	8696.8877
2392.1147	8562.7451
2392.647	8580.0781
2393.1794	8557.0137
2393.7117	8336.6807
2394.2439	8473.7656
2394.7764	8364.8721
2395.3086	8414.6475
2395.8408	8356.4727
2396.373	8372.9365
2396.9055	8309.5303
2397.4377	8373.5713
2397.97	8250.6455
2398.5024	8206.9893
2399.0347	8144.5806
2399.5669	8210.8457
2400.0991	8058.8311
2400.6316	8137.3643
2401.1638	8081.1714
2401.696	8108.7075
2402.2285	8003.0229
2402.7607	7913.3101
2403.293	8023.916
2403.8254	8098.4429
2404.3577	7821.6543
2404.8899	8005.0029
2405.4221	7813.207
2405.9546	7824.6431
2406.4868	7873.0801
2407.019	7737.4883
2407.5515	7785.5034
2408.0837	7748.9536
2408.616	7719.8223
2409.1484	7880.0605
2409.6807	7749.1958
2410.2129	7839.457
2410.7451	7766.6548
2411.2776	7738.6392
2411.8098	7659.9082
2412.342	7753.8813
2412.8745	7699.3765
2413.4067	7801.8745
2413.939	7654.1904
2414.4712	7674.2256
2415.0037	7711.9604
2415.5359	7575.6089
2416.0681	7585.7329
2416.6006	7628.5181
2417.1328	7636.1758
2417.665	7613.0332
2418.1975	7620.54
2418.7297	7522.3345
2419.262	7437.7764
2419.7942	7508.3726
2420.3267	7500.6738
2420.8589	7436.1284
2421.3911	7596.708
2421.9236	7610.377
2422.4558	7586.4839
2422.988	7500.8433
2423.5205	7544.0688
2424.0527	7538.5796
2424.585	7567.3135
2425.1172	7556.2393
2425.6497	7588.8408
2426.1819	7606.0898
2426.7141	7400.918
2427.2466	7408.1489
2427.7788	7485.0352
2428.311	7593.1499
2428.8433	7306.0342
2429.3757	7398.5771
2429.908	7362.2554
2430.4402	7388.126
2430.9727	7354.6191
2431.5049	7314.125
2432.0371	7379.4019
2432.5696	7133.9302
2433.1018	7224.4697
2433.634	7267.6538
2434.1663	7198.9336
2434.6987	7188.1499
2435.231	7254.314
2435.7632	7257.71
2436.2957	7111.9355
2436.8279	7116.5742
2437.3601	7142.6479
2437.8926	7145.8911
2438.4248	7135.2495
2438.957	7073.665
2439.4893	7134.3438
2440.0217	7138.9517
2440.554	7161
2441.0862	7087.8853
2441.6187	7035.4136
2442.1509	7204.4717
2442.6831	7176.4697
2443.2153	7299.0347
2443.7478	7412.5161
2444.28	7482.6279
2444.8123	7453.2007
2445.3447	7377.0361
2445.877	7538.7051
2446.4092	7603.1382
2446.9417	7579.4507
2447.4739	7678.5049
2448.0061	7752.9067
2448.5383	7773.0322
2449.0708	7805.1421
2449.603	7822.5112
2450.1353	7766.5723
2450.6677	7962.71
2451.2	7968.5005
2451.7322	7967.4868
2452.2644	8008.3174
2452.7969	7933.7114
2453.3291	7886.9634
2453.8613	7908.7778
2454.3938	7859.1763
2454.926	7813.0186
2455.4583	7773.6738
2455.9907	7874.8188
2456.5229	7655.1025
2457.0552	7598.0337
2457.5874	7497.1079
2458.1199	7545.6733
2458.6521	7507.7388
2459.1843	7457.8369
2459.7168	7229.4492
2460.249	7237.3535
2460.7813	7212.0762
2461.3137	6986.5337
2461.8459	6978.4575
2462.3782	6925.0015
2462.9104	6855.7363
2463.4429	6741.9819
2463.9751	6811.7563
2464.5073	6739.2939
2465.0398	6626.8462
2465.572	6542.0225
2466.1042	6572.9985
2466.6365	6528.7446
2467.1689	6420.2905
2467.7012	6434.269
2468.2334	6346.916
2468.7659	6245.5908
2469.2981	6277.5234
2469.8303	6242.7568
2470.3628	6273.0107
2470.895	6303.4004
2471.4272	6353.5146
2471.9595	6203.8623
2472.4919	6218.0537
2473.0242	6287.2031
2473.5564	6285.7227
2474.0889	6266.0615
2474.6211	6268.9805
2475.1533	6272.291
2475.6858	6344.9546
2476.218	6380.2427
2476.7502	6277.6367
2477.2825	6428.4595
2477.8149	6452.439
2478.3472	6386.8687
2478.8794	6478.7612
2479.4119	6496.0405
2479.9441	6555.9473
2480.4763	6603.5991
2481.0085	6629.583
2481.541	6533.5063
2482.0732	6650.415
2482.6055	6768.4507
2483.1379	6834.6499
2483.6702	6801.2231
2484.2024	6794.8926
2484.7349	6797.1201
2485.2671	6981.8374
2485.7993	7010.5073
2486.3315	6974.8687
2486.864	7045.7813
2487.3962	7095.5151
2487.9285	7184.5723
2488.4609	7225.9971
2488.9932	7296.2339
2489.5254	7316.2349
2490.0579	7558.7979
2490.5901	7468.3745
2491.1223	7653.0381
2491.6545	7573.0513
2492.187	7720.2949
2492.7192	7765.3545
2493.2515	7704.7515
2493.7839	7850.3296
2494.3162	7940.1719
2494.8484	8011.2031
2495.3806	8032.6494
2495.9131	8025.7231
2496.4453	8194.3662
2496.9775	8218.6875
2497.51	8192.8281
2498.0422	8192.1211
2498.5745	8282.6699
2499.1069	8340.4219
2499.6392	8345.9902
2500.1714	8310.1494
2500.7036	8426.6436
2501.2361	8504.8574
2501.7683	8424.7715
2502.3005	8369.1289
2502.833	8501.6982
2503.3652	8386.5566
2503.8975	8336.334
2504.4297	8384.4287
2504.9622	8386.7246
2505.4944	8395.5547
2506.0266	8341.0801
2506.5591	8339.2529
2507.0913	8425.2695
2507.6235	8411.0518
2508.156	8270.2744
2508.6882	8215.7793
2509.2205	8150.6265
2509.7527	8129.8984
2510.2852	8214.9463
2510.8174	8078.7202
2511.3496	8198.3223
2511.8821	8094.1187
2512.4143	8033.5005
2512.9465	8039.5366
2513.479	7890.8076
2514.0112	7856.2524
2514.5435	7811.5186
2515.0757	7670.8228
2515.6082	7694.7529
2516.1404	7704.3633
2516.6726	7553.5195
2517.2051	7421
2517.7373	7430.1899
2518.2695	7404.605
2518.8018	7209.6484
2519.3342	7282.1899
2519.8665	7052.8691
2520.3987	7001.8501
2520.9312	6904.5444
2521.4634	6785.377
2521.9956	6637.377
2522.5281	6564.5591
2523.0603	6455.8975
2523.5925	6307.9961
2524.1248	6347.8359
2524.6572	6136.6714
2525.1895	6070.9385
2525.7217	5848.1201
2526.2542	5800.6353
2526.7864	5818.0601
2527.3186	5648.0244
2527.8511	5525.5728
2528.3833	5482.8389
2528.9155	5339.8945
2529.4478	5284.5039
2529.9802	5233.5352
2530.5125	5262.2651
2531.0447	5146.769
2531.5771	4987.0073
2532.1094	5029.6499
2532.6416	5031.6978
2533.1738	4992.6382
2533.7063	4922.0728
2534.2385	4800.978
2534.7708	4808.563
2535.3032	4845.3286
2535.8354	4743.6934
2536.3677	4671.813
2536.9001	4758.9526
2537.4324	4743.8838
2537.9646	4663.8862
2538.4968	4713.4585
2539.0293	4712.1699
2539.5615	4646.5156
2540.0938	4661.1919
2540.6262	4662.0508
2541.1584	4608.9102
2541.6907	4566.2388
2542.2231	4659.23
2542.7554	4488.6035
2543.2876	4522.2393
2543.8198	4507.8823
2544.3523	4502.4561
2544.8845	4480.3066
2545.4167	4447.4756
2545.9492	4411.5098
2546.4814	4331.4639
2547.0137	4294.5278
2547.5459	4269.7451
2548.0784	4207.6367
2548.6106	4133.1968
2549.1428	4130.8716
2549.6753	4078.3328
2550.2075	4050.179
2550.7397	4121.9614
2551.2722	3984.2153
2551.8044	4068.3767
2552.3367	3980.5815
2552.8689	4030.5847
2553.4014	3968.457
2553.9336	3860.1335
2554.4658	3927.4165
2554.9983	3914.5649
2555.5305	3891.3816
2556.0627	3859.1584
2556.595	3859.582
2557.1274	3835.1548
2557.6597	3853.8418
2558.1919	3804.824
2558.7244	3737.7524
2559.2566	3746.6226
2559.7888	3792.7805
2560.3213	3731.7393
2560.8535	3714.3022
2561.3857	3662.3423
2561.918	3652.4099
2562.4504	3707.0127
2562.9827	3621.782
2563.5149	3598.1577
2564.0474	3643.2156
2564.5796	3628.752
2565.1118	3624.6431
2565.6443	3540.0298
2566.1765	3552.0964
2566.7087	3477.1609
2567.241	3524.5286
2567.7734	3495.156
2568.3057	3479.9429
2568.8379	3424.1436
2569.3704	3365.0256
2569.9026	3396.9739
2570.4348	3403.9639
2570.967	3414.5085
2571.4995	3324.3542
2572.0317	3324.4685
2572.564	3361.8018
2573.0964	3351.4795
2573.6287	3292.4211
2574.1609	3307.2837
2574.6934	3275.3945
2575.2256	3320.4077
2575.7578	3275.9885
2576.29	3225.145
2576.8225	3228.6575
2577.3547	3192.7625
2577.887	3215.53
2578.4194	3221.6294
2578.9517	3162.634
2579.4839	3180.1729
2580.0164	3189.1775
2580.5486	3168.3035
2581.0808	3128.7102
2581.613	3145.4421
2582.1455	3174.4446
2582.6777	3160.0107
2583.21	3137.6294
2583.7424	3143.9724
2584.2747	3136.105
2584.8069	3165.7026
2585.3391	3117.8232
2585.8716	3094.4277
2586.4038	3089.8704
2586.936	3072.2141
2587.4685	3054.9944
2588.0007	3018.9775
2588.533	3100.6426
2589.0654	3048.1587
2589.5977	3005.5127
2590.1299	3020.998
2590.6621	2983.0613
2591.1946	2984.272
2591.7268	3007.0593
2592.259	2972.5396
2592.7915	2941.6707
2593.3237	2945.2766
2593.856	2972.1399
2594.3884	2904.4626
2594.9207	2894.9333
2595.4529	2860.3145
2595.9851	2912.0383
2596.5176	2888.925
2597.0498	2871.6453
2597.582	2822.8418
2598.1145	2818.697
2598.6467	2744.3523
2599.179	2824.4731
2599.7112	2760.6204
2600.2437	2757.6965
2600.7759	2734.6799
2601.3081	2710.9927
2601.8406	2624.8396
2602.3728	2664.2373
2602.905	2684.5684
2603.4375	2646.5547
2603.9697	2606.4329
2604.502	2568.4534
2605.0342	2567.3752
2605.5667	2542.1621
2606.0989	2495.8271
2606.6311	2515.2705
2607.1636	2463.6624
2607.6958	2465.1006
2608.228	2448.2886
2608.7603	2427.655
2609.2927	2435.7896
2609.825	2402.0901
2610.3572	2368.0344
2610.8896	2333.7642
2611.4219	2356.2922
2611.9541	2312.2893
2612.4866	2297.7087
2613.0188	2263.5073
2613.551	2247.6465
2614.0833	2219.4341
2614.6157	2249.7278
2615.1479	2225.6838
2615.6802	2218.2869
2616.2126	2216.5564
2616.7449	2167.1633
2617.2771	2155.0591
2617.8096	2146.8879
2618.3418	2155.7971
2618.874	2086.7793
2619.4063	2140.0671
2619.9387	2116.9734
2620.4709	2088.2656
2621.0032	2087.3621
2621.5356	2096.8506
2622.0679	2129.2866
2622.6001	2078.1685
2623.1323	2066.8523
2623.6648	2072.9712
2624.197	2043.9659
2624.7292	2029.1451
2625.2617	2032.7327
2625.7939	2000.8358
2626.3262	2007.0601
2626.8586	1987.1796
2627.3909	2026.6545
2627.9231	2007.0438
2628.4553	2020.7338
2628.9878	1984.1066
2629.52	2028.5226
2630.0522	1951.7411
2630.5847	1999.9664
2631.1169	1960.0718
2631.6492	1966.1447
2632.1816	1979.7579
2632.7139	1956.0072
2633.2461	1977.7108
2633.7783	1923.7129
2634.3108	1953.7542
2634.843	1941.5668
2635.3752	1964.1868
2635.9077	1971.635
2636.4399	1974.4158
2636.9722	1943.6508
2637.5044	1913.7805
2638.0369	1944.9324
2638.5691	1881.8464
2639.1013	1927.7273
2639.6338	1901.9948
2640.166	1861.1561
2640.6982	1906.373
2641.2307	1921.8723
2641.7629	1855.2854
2642.2952	1892.5085
2642.8274	1873.2263
2643.3599	1872.8086
2643.8921	1879.4771
2644.4243	1895.3162
2644.9568	1818.6176
2645.489	1871.9913
2646.0212	1853.9213
2646.5537	1846.1404
2647.0859	1868.589
2647.6182	1853.2507
2648.1504	1810.4609
2648.6829	1838.04
2649.2151	1806.4601
2649.7473	1815.203
2650.2798	1822.217
2650.812	1805.2997
2651.3442	1782.2959
2651.8765	1809.5352
2652.4089	1815.5769
2652.9412	1802.4486
2653.4734	1772.8429
2654.0059	1771.8883
2654.5381	1799.8435
2655.0703	1781.787
2655.6028	1754.5564
2656.135	1820.4078
2656.6672	1750.8938
2657.1995	1773.7734
2657.7319	1734.422
2658.2642	1738.1954
2658.7964	1696.2223
2659.3289	1690.5769
2659.8611	1702.5952
2660.3933	1692.4314
2660.9255	1718.7343
2661.458	1705.6152
2661.9902	1684.3872
2662.5225	1691.6759
2663.0549	1709.4204
2663.5872	1671.4398
2664.1194	1663.1462
2664.6519	1657.0703
2665.1841	1663.6719
2665.7163	1620.4973
2666.2485	1678.7562
2666.781	1665.8467
2667.3132	1662.8326
2667.8455	1612.7533
2668.3779	1599.5271
2668.9102	1635.1265
2669.4424	1651.3975
2669.9749	1611.1808
2670.5071	1664.3969
2671.0393	1602.5726
2671.5715	1648.0487
2672.104	1607.8464
2672.6362	1635.4995
2673.1685	1625.5911
2673.7009	1607.5187
2674.2332	1583.8986
2674.7654	1582.5116
2675.2976	1602.1398
2675.8301	1592.7324
2676.3623	1617.1893
2676.8945	1614.3286
2677.427	1580.74
2677.9592	1578.6813
2678.4915	1547.2488
2679.0239	1536.0809
2679.5562	1557.7422
2680.0884	1545.1298
2680.6206	1520.046
2681.1531	1535.0106
2681.6853	1494.9863
2682.2175	1577.4067
2682.75	1565.0011
2683.2822	1535.3345
2683.8145	1544.9072
2684.3469	1507.3599
2684.8792	1467.1013
2685.4114	1508.3473
2685.9436	1500.9075
2686.4761	1505.9944
2687.0083	1487.567
2687.5405	1499.9966
2688.073	1516.604
2688.6052	1509.5677
2689.1375	1478.7708
2689.6697	1465.0515
2690.2021	1486.7938
2690.7344	1477.1079
2691.2666	1475.4244
2691.7991	1432.2975
2692.3313	1428.9629
2692.8635	1419.5496
2693.396	1451.895
2693.9282	1421.8209
2694.4604	1434.9678
2694.9927	1451.0557
2695.5251	1483.3873
2696.0574	1440.3159
2696.5896	1405.542
2697.1221	1457.5563
2697.6543	1463.0439
2698.1865	1407.1273
2698.719	1420.4884
2699.2512	1443.6974
2699.7834	1410.3004
2700.3157	1423.0627
2700.8481	1426.412
2701.3804	1423.5508
2701.9126	1392.931
2702.4451	1414.5348
2702.9773	1408.0835
2703.5095	1414.0951
2704.0417	1400.2504
2704.5742	1393.296
2705.1064	1389.6044
2705.6387	1381.6027
2706.1711	1364.3668
2706.7034	1385.7217
2707.2356	1368.7115
2707.7681	1385.7522
2708.3003	1377.4121
2708.8325	1385.4904
2709.3647	1385.4015
2709.8972	1387.4995
2710.4294	1398.4014
2710.9617	1392.8027
2711.4941	1384.083
2712.0264	1369.4723
2712.5586	1394.2003
2713.0908	1376.3441
2713.6233	1335.2278
2714.1555	1346.3679
2714.6877	1373.6309
2715.2202	1360.8419
2715.7524	1362.4236
2716.2847	1340.4635
2716.8171	1365.4102
2717.3494	1355.5708
2717.8816	1362.7058
2718.4138	1349.7427
2718.9463	1351.9607
2719.4785	1341.802
2720.0107	1309.8136
2720.5432	1339.2274
2721.0754	1344.4783
2721.6077	1351.6696
2722.1401	1340.3048
2722.6724	1318.7893
2723.2046	1346.5007
2723.7368	1343.7971
2724.2693	1359.5939
2724.8015	1380.548
2725.3337	1326.7783
2725.8662	1335.1826
2726.3984	1336.8007
2726.9307	1338.2135
2727.4629	1300.7847
2727.9954	1313.3761
2728.5276	1326.9313
2729.0598	1319.2963
2729.5923	1335.9387
2730.1245	1325.6051
2730.6567	1334.3458
2731.1892	1329.3132
2731.7214	1312.8274
2732.2537	1305.6998
2732.7859	1315.0897
2733.3184	1294.1239
2733.8506	1328.1399
2734.3828	1317.6409
2734.9153	1287.2474
2735.4475	1306.2433
2735.9797	1302.6873
2736.5122	1311.1908
2737.0444	1305.9396
2737.5767	1303.0995
2738.1089	1297.2086
2738.6414	1280.8124
2739.1736	1308.9653
2739.7058	1332.144
2740.2383	1307.8158
2740.7705	1310.5659
2741.3027	1272.0476
2741.835	1279.4935
2742.3674	1268.6434
2742.8997	1275.8591
2743.4319	1266.5287
2743.9644	1289.2406
2744.4966	1242.9979
2745.0288	1250.2235
2745.5613	1266.1213
2746.0935	1245.0741
2746.6257	1294.1249
2747.158	1313.7742
2747.6904	1277.168
2748.2227	1290.1265
2748.7549	1279.328
2749.2874	1271.798
2749.8196	1229.7213
2750.3518	1292.3163
2750.8843	1294.6708
2751.4165	1273.0031
2751.9487	1258.8003
2752.481	1267.6859
2753.0134	1280.4241
2753.5457	1248.348
2754.0779	1229.5
2754.6104	1241.5669
2755.1426	1232.2408
2755.6748	1251.4105
2756.207	1265.2626
2756.7395	1242.8751
2757.2717	1225.8062
2757.804	1260.6876
2758.3364	1273.5552
2758.8687	1247.598
2759.4009	1247.7493
2759.9333	1242.0801
2760.4656	1233.8876
2760.9978	1232.8213
2761.53	1221.9178
2762.0625	1246.675
2762.5947	1258.2002
2763.127	1209.0873
2763.6594	1264.5443
2764.1917	1233.4248
2764.7239	1230.7323
2765.2561	1219.7454
2765.7886	1228.0724
2766.3208	1226.0459
2766.853	1220.2067
2767.3855	1226.6978
2767.9177	1206.3116
2768.45	1247.3684
2768.9824	1232.2128
2769.5146	1199.7743
2770.0469	1228.6373
2770.5791	1227.1907
2771.1116	1205.1503
2771.6438	1180.4958
2772.176	1201.4473
2772.7085	1216.0276
2773.2407	1216.502
2773.7729	1217.3494
2774.3054	1197.2015
2774.8376	1221.6533
2775.3699	1206.2001
2775.9021	1183.2755
2776.4346	1212.2834
2776.9668	1231.8396
2777.499	1216.3813
2778.0315	1219.1763
2778.5637	1188.2974
2779.0959	1157.3158
2779.6282	1187.566
2780.1606	1202.3878
2780.6929	1216.7582
2781.2251	1203.5116
2781.7576	1170.9126
2782.2898	1184.0364
2782.822	1202.3143
2783.3545	1207.7542
2783.8867	1191.335
2784.4189	1188.5457
2784.9512	1200.255
2785.4836	1195.2493
2786.0159	1162.0266
2786.5481	1175.1857
2787.0806	1171.1599
2787.6128	1192.1482
2788.145	1210.9536
2788.6775	1173.493
2789.2097	1166.556
2789.7419	1196.6184
2790.2742	1202.1967
2790.8066	1172.8763
2791.3389	1179.8169
2791.8711	1186.1146
2792.4036	1175.3005
2792.9358	1185.8502
2793.468	1174.7169
2794.0002	1175.2568
2794.5327	1157.7266
2795.0649	1183.5077
2795.5972	1158.2041
2796.1296	1157.6337
2796.6619	1157.6912
2797.1941	1164.2556
2797.7266	1160.1973
2798.2588	1170.1478
2798.791	1170.5328
2799.3232	1167.4784
2799.8557	1157.6466
2800.3879	1140.1378
2800.9202	1150.2874
2801.4526	1137.464
2801.9849	1153.1414
2802.5171	1133.2214
2803.0496	1145.2917
2803.5818	1139.514
2804.114	1140.5171
2804.6462	1137.2714
2805.1787	1158.0588
2805.7109	1165.2197
2806.2432	1169.4757
2806.7756	1119.9497
2807.3079	1117.1184
2807.8401	1115.5458
2808.3723	1131.5
2808.9048	1124.7349
2809.437	1149.0326
2809.9692	1125.8148
2810.5017	1132.6761
2811.0339	1148.6913
2811.5662	1133.5623
2812.0986	1134.4319
2812.6309	1124.3894
2813.1631	1134.1865
2813.6953	1134.29
2814.2278	1143.3665
2814.76	1149.345
2815.2922	1136.6163
2815.8247	1121.4459
2816.3569	1130.79
2816.8892	1113.4479
2817.4214	1133.2579
2817.9539	1119.6914
2818.4861	1142.8578
2819.0183	1134.8259
2819.5508	1136.0427
2820.083	1112.3446
2820.6152	1093.1047
2821.1477	1115.1835
2821.6799	1144.2661
2822.2122	1133.0145
2822.7444	1113.6768
2823.2769	1103.2417
2823.8091	1100.4485
2824.3413	1112.7291
2824.8738	1094.7603
2825.406	1103.0659
2825.9382	1127.6237
2826.4707	1100.4269
2827.0029	1098.3842
2827.5352	1104.552
2828.0674	1110.0631
2828.5999	1103.5575
2829.1321	1090.0819
2829.6643	1109.417
2830.1968	1095.1375
2830.729	1100.1497
2831.2612	1103.1913
2831.7935	1100.5697
2832.3259	1102.6445
2832.8582	1123.0233
2833.3904	1110.1602
2833.9229	1128.8524
2834.4551	1098.4761
2834.9873	1102.5175
2835.5198	1105.1552
2836.052	1092.2925
2836.5842	1084.0149
2837.1165	1115.4453
2837.6489	1119.4614
2838.1812	1102.5551
2838.7134	1071.4935
2839.2458	1081.5767
2839.7781	1097.6371
2840.3103	1089.272
2840.8428	1081.6543
2841.375	1088.3232
2841.9072	1092.6335
2842.4395	1091.6003
2842.9719	1083.6298
2843.5042	1095.1083
2844.0364	1105.6366
2844.5688	1066.2379
2845.1011	1066.7941
2845.6333	1080.906
2846.1655	1060.6501
2846.698	1110.4211
2847.2302	1085.3308
2847.7625	1072.2921
2848.2949	1072.5667
2848.8271	1092.4557
2849.3594	1065.671
2849.8918	1083.6669
2850.4241	1072.2592
2850.9563	1074.3749
2851.4885	1074.0039
2852.021	1060.9662
2852.5532	1079.2539
2853.0854	1076.646
2853.6179	1074.2317
2854.1501	1067.9584
2854.6824	1070.261
2855.2148	1055.9777
2855.7471	1055.793
2856.2793	1054.5049
2856.8115	1062.507
2857.344	1072.9252
2857.8762	1063.4385
2858.4084	1069.2316
2858.9409	1043.4701
2859.4731	1057.7767
2860.0054	1079.4556
2860.5376	1087.6472
2861.0701	1093.7633
2861.6023	1061.4854
2862.1345	1065.0476
2862.667	1064.08
2863.1992	1065.5171
2863.7314	1063.7914
2864.2639	1058.7267
2864.7961	1069.3475
2865.3284	1064.5317
2865.8606	1073.3767
2866.3931	1057.325
2866.9253	1060.813
2867.4575	1060.7273
2867.99	1040.2317
2868.5222	1051.7041
2869.0544	1059.9199
2869.5867	1047.5789
2870.1191	1030.3176
2870.6514	1064.6106
2871.1836	1057.5765
2871.7161	1052.1176
2872.2483	1049.0808
2872.7805	1052.6858
2873.313	1042.8525
2873.8452	1051.3606
2874.3774	1058.1696
2874.9097	1042.2384
2875.4421	1058.1171
2875.9744	1061.36
2876.5066	1049.0468
2877.0391	1038.02
2877.5713	1024.7596
2878.1035	1047.5947
2878.636	1032.4338
2879.1682	1029.8346
2879.7004	1042.7843
2880.2327	1037.1407
2880.7651	1024.4008
2881.2974	1036.9664
2881.8296	1036.7676
2882.3621	1025.0215
2882.8943	1023.8705
2883.4265	1028.9479
2883.9587	1034.726
2884.4912	1038.2776
2885.0234	1031.0974
2885.5557	1041.8564
2886.0881	1048.1208
2886.6204	1042.7584
2887.1526	1037.3442
2887.6851	1044.1052
2888.2173	1030.5658
2888.7495	1031.1294
2889.2817	1021.9452
2889.8142	1020.1803
2890.3464	1038.8494
2890.8787	1033.6268
2891.4111	1021.5992
2891.9434	1036.2717
2892.4756	1017.244
2893.0081	1034.001
2893.5403	1022.3289
2894.0725	1025.6425
2894.6047	1024.2765
2895.1372	1034.9877
2895.6694	1020.1082
2896.2017	1031.7649
2896.7341	1015.0099
2897.2664	1016.9813
2897.7986	1021.8632
2898.3308	1036.0323
2898.8633	1006.5059
2899.3955	1021.734
2899.9277	1017.9172
2900.4602	1006.3876
2900.9924	1021.6587
2901.5247	1025.3538
2902.0571	1012.6575
2902.5894	1019.013
2903.1216	1027.6742
2903.6538	1034.6299
2904.1863	1033.1385
2904.7185	1016.4285
2905.2507	1003.6835
2905.7832	1016.9766
2906.3154	1017.6359
2906.8477	1027.4557
2907.3801	1020.6674
2907.9124	1015.241
2908.4446	999.53497
2908.9768	1031.5013
2909.5093	1016.0226
2910.0415	1023.2297
2910.5737	1017.9583
2911.1062	1010.7758
2911.6384	1011.1228
2912.1707	1017.3166
2912.7029	1023.8544
2913.2354	1022.1099
2913.7676	1013.9468
2914.2998	1013.838
2914.8323	1017.1298
2915.3645	993.7207
2915.8967	1009.092
2916.4292	1017.8427
2916.9614	1000.2224
2917.4937	1017.9043
2918.0259	1013.0338
2918.5583	1031.8969
2919.0906	1024.564
2919.6228	1000.2027
2920.1553	1005.8748
2920.6875	1005.793
2921.2197	999.18939
2921.752	1001.155
2922.2844	1017.2725
2922.8167	1009.6183
2923.3489	1005.1527
2923.8813	995.78381
2924.4136	1004.5364
2924.9458	1004.8666
2925.4783	995.71606
2926.0105	1008.8526
2926.5427	1005.7282
2927.075	981.22943
2927.6074	1007.7294
2928.1396	1006.4653
2928.6719	989.75775
2929.2043	997.33435
2929.7366	996.80353
2930.2688	1004.5322
2930.8013	1009.2609
2931.3335	1007.0862
2931.8657	1015.1119
2932.3979	998.48547
2932.9304	987.90387
2933.4626	992.94318
2933.9949	1010.1604
2934.5273	992.40881
2935.0596	991.1731
2935.5918	988.94031
2936.124	999.70764
2936.6565	1003.2742
2937.1887	988.76666
2937.7209	997.52795
2938.2534	995.49658
2938.7856	995.94086
2939.3179	984.46814
2939.8503	981.1228
2940.3826	996.04736
2940.9148	999.53003
2941.447	978.70319
2941.9795	1014.7225
2942.5117	998.73895
2943.0439	978.01678
2943.5764	1001.1884
2944.1086	994.42444
2944.6409	999.35773
2945.1733	998.30585
2945.7056	1010.7919
2946.2378	995.09534
2946.77	997.17975
2947.3025	990.16272
2947.8347	987.73529
2948.3669	983.62274
2948.8994	995.12689
2949.4316	999.37799
2949.9639	976.35181
2950.4961	977.42377
2951.0286	981.00134
2951.5608	982.27325
2952.093	980.29858
2952.6255	985.34332
2953.1577	984.58746
2953.6899	987.85284
2954.2224	990.04425
2954.7546	997.99152
2955.2869	983.45959
2955.8191	987.01447
2956.3516	992.4071
2956.8838	981.30225
2957.416	978.98151
2957.9485	993.37555
2958.4807	981.32306
2959.0129	984.37256
2959.5454	1000.0292
2960.0776	981.97931
2960.6099	993.98743
2961.1421	989.14844
2961.6746	979.27197
2962.2068	987.05865
2962.739	984.65472
2963.2715	983.40942
2963.8037	983.46967
2964.3359	970.34857
2964.8682	969.71887
2965.4006	985.2691
2965.9329	976.98346
2966.4651	980.69537
2966.9976	981.48218
2967.5298	978.9751
2968.062	975.66571
2968.5945	972.10522
2969.1267	974.66577
2969.6589	976.28687
2970.1912	985.05408
2970.7236	979.18152
2971.2559	962.23846
2971.7881	966.34851
2972.3206	967.52802
2972.8528	970.93817
2973.385	977.74567
2973.9172	980.83081
2974.4497	970.80084
2974.9819	966.89172
2975.5142	972.90967
2976.0466	970.41638
2976.5789	972.51947
2977.1111	979.04266
2977.6436	977.12732
2978.1758	998.86359
2978.708	970.5531
2979.2402	974.97137
2979.7727	976.64642
2980.3049	968.40375
2980.8372	976.17664
2981.3696	964.15594
2981.9019	967.06165
2982.4341	967.85968
2982.9666	976.99097
2983.4988	966.55127
2984.031	963.81964
2984.5632	967.56836
2985.0957	970.11804
2985.6279	953.10956
2986.1602	982.15668
2986.6926	973.18439
2987.2249	979.20148
2987.7571	967.28412
2988.2893	969.15399
2988.8218	974.27942
2989.354	965.42145
2989.8862	966.24805
2990.4187	959.23956
2990.9509	968.31366
2991.4832	966.43903
2992.0156	969.18408
2992.5479	964.1601
2993.0801	967.76556
2993.6123	969.00317
2994.1448	952.36426
2994.677	962.1076
2995.2092	972.06055
2995.7417	954.53589
2996.2739	954.84802
2996.8062	954.97742
2997.3386	952.67078
2997.8708	960.50482
2998.4031	962.83087
2998.9353	967.60962
2999.4678	970.83252
3000	966.52783
