P1064_mW,Signal_percent,Signal_std_percent
61.39999999999999,-34.3856879768482,9.87442638688486
67.0,-32.84089930226547,8.54859980733512
76.09090909090911,-44.21784580922158,10.814598035643376
